scenario,interval_begin,link,pos,interval_flow,interval_harmonicMeanSpeed,interval_id_combined
attack,0.0,E0,0,0.0,-1.0,E0_0m
attack,0.0,E0,100,3858.3999999999996,27.4895,E0_100m
attack,0.0,E0,200,3811.2,27.41833333333333,E0_200m
attack,0.0,E0,300,3759.6000000000004,27.262999999999995,E0_300m
attack,0.0,E0,400,3708.0,27.109,E0_400m
attack,0.0,E0,500,3658.0,26.98233333333333,E0_500m
attack,0.0,E0,600,3609.6000000000004,26.85833333333333,E0_600m
attack,0.0,E0,700,3558.3999999999996,26.750666666666664,E0_700m
attack,0.0,E0,800,3510.0,26.66033333333333,E0_800m
attack,0.0,E0,900,3461.6000000000004,26.581333333333333,E0_900m
attack,0.0,E0,1000,3408.4,26.509166666666665,E0_1000m
attack,0.0,E0,1100,3360.0,26.430333333333333,E0_1100m
attack,0.0,E0,1200,3308.0,26.37583333333333,E0_1200m
attack,0.0,E0,1300,3255.6000000000004,26.3165,E0_1300m
attack,0.0,E0,1400,3203.2,26.270666666666664,E0_1400m
attack,0.0,E0,1500,3152.0,26.220333333333336,E0_1500m
attack,0.0,E0,1600,3102.4,26.17533333333333,E0_1600m
attack,0.0,E0,1700,3051.2,26.142000000000003,E0_1700m
attack,0.0,E0,1800,2996.8,26.097333333333335,E0_1800m
attack,0.0,E0,1900,2942.4,26.07416666666667,E0_1900m
attack,0.0,E0,2000,2896.4,26.0715,E0_2000m
attack,0.0,E0,2100,2848.4,26.059499999999996,E0_2100m
attack,0.0,E0,2200,2808.0,26.030499999999996,E0_2200m
attack,0.0,E0,2300,2766.0,26.002499999999998,E0_2300m
attack,0.0,E0,2400,2726.4,25.98166666666667,E0_2400m
attack,0.0,E0,2500,2681.6,25.9475,E0_2500m
attack,0.0,E0,2600,2632.8,25.91783333333333,E0_2600m
attack,0.0,E0,2700,2576.0,25.913333333333327,E0_2700m
attack,0.0,E0,2800,2528.8,25.912,E0_2800m
attack,0.0,E0,2900,2478.0,25.9065,E0_2900m
attack,0.0,E0,3000,2424.0,25.878,E0_3000m
attack,0.0,E0,3100,2373.6000000000004,25.86716666666667,E0_3100m
attack,0.0,E0,3200,2315.6000000000004,25.873499999999993,E0_3200m
attack,0.0,E0,3300,2255.2,25.878999999999998,E0_3300m
attack,0.0,E0,3400,2199.2,25.889,E0_3400m
attack,0.0,E0,3500,2145.2,25.90083333333333,E0_3500m
attack,0.0,E0,3600,2092.4,25.915000000000006,E0_3600m
attack,0.0,E0,3700,2030.0,25.939166666666665,E0_3700m
attack,0.0,E0,3800,1972.4,25.95183333333333,E0_3800m
attack,0.0,E0,3900,1913.6,25.988666666666667,E0_3900m
attack,0.0,E0,4000,1862.0,26.036166666666666,E0_4000m
attack,0.0,E0,4100,1806.0,26.10216666666667,E0_4100m
attack,0.0,E0,4200,1759.2,26.15416666666667,E0_4200m
attack,0.0,E0,4300,1704.4,26.236666666666665,E0_4300m
attack,0.0,E0,4400,1650.4,26.273499999999995,E0_4400m
attack,0.0,E0,4500,1600.0,26.289499999999997,E0_4500m
attack,0.0,E0,4600,1556.0,26.32333333333333,E0_4600m
attack,0.0,E0,4700,1508.0,26.351666666666667,E0_4700m
attack,0.0,E0,4800,1466.0,26.369333333333334,E0_4800m
attack,0.0,E0,4900,1417.1999999999998,26.410999999999998,E0_4900m
attack,0.0,E0,5000,1372.8,26.457166666666666,E0_5000m
attack,300.0,E0,0,0.0,-1.0,E0_0m
attack,300.0,E0,100,4065.2,26.850499999999997,E0_100m
attack,300.0,E0,200,4063.2000000000003,26.969166666666666,E0_200m
attack,300.0,E0,300,4062.4,26.875833333333333,E0_300m
attack,300.0,E0,400,4061.6,26.747666666666667,E0_400m
attack,300.0,E0,500,4062.0,26.636333333333333,E0_500m
attack,300.0,E0,600,4058.8,26.526,E0_600m
attack,300.0,E0,700,4063.2000000000003,26.400833333333335,E0_700m
attack,300.0,E0,800,4057.2000000000003,26.295333333333332,E0_800m
attack,300.0,E0,900,4055.2,26.20716666666667,E0_900m
attack,300.0,E0,1000,4056.8,26.134833333333333,E0_1000m
attack,300.0,E0,1100,4056.7999999999997,26.034666666666666,E0_1100m
attack,300.0,E0,1200,4063.6000000000004,25.928,E0_1200m
attack,300.0,E0,1300,4062.0,25.843,E0_1300m
attack,300.0,E0,1400,4056.8,25.775,E0_1400m
attack,300.0,E0,1500,4058.8,25.71783333333333,E0_1500m
attack,300.0,E0,1600,4064.0,25.666833333333336,E0_1600m
attack,300.0,E0,1700,4066.0,25.627999999999997,E0_1700m
attack,300.0,E0,1800,4070.8,25.575,E0_1800m
attack,300.0,E0,1900,4068.4,25.51416666666667,E0_1900m
attack,300.0,E0,2000,4059.6000000000004,25.4545,E0_2000m
attack,300.0,E0,2100,4056.0,25.392333333333333,E0_2100m
attack,300.0,E0,2200,4050.0,25.35033333333333,E0_2200m
attack,300.0,E0,2300,4046.0,25.311833333333336,E0_2300m
attack,300.0,E0,2400,4037.6000000000004,25.2735,E0_2400m
attack,300.0,E0,2500,4037.6,25.244999999999997,E0_2500m
attack,300.0,E0,2600,4035.2,25.214166666666664,E0_2600m
attack,300.0,E0,2700,4036.0,25.173333333333332,E0_2700m
attack,300.0,E0,2800,4032.8,25.16116666666667,E0_2800m
attack,300.0,E0,2900,4035.6,25.152499999999996,E0_2900m
attack,300.0,E0,3000,4034.8,25.143166666666666,E0_3000m
attack,300.0,E0,3100,4029.6,25.12466666666667,E0_3100m
attack,300.0,E0,3200,4028.8,25.11783333333333,E0_3200m
attack,300.0,E0,3300,4031.2,25.10366666666667,E0_3300m
attack,300.0,E0,3400,4032.4,25.085499999999996,E0_3400m
attack,300.0,E0,3500,4032.3999999999996,25.0475,E0_3500m
attack,300.0,E0,3600,4030.3999999999996,25.0165,E0_3600m
attack,300.0,E0,3700,4033.6,25.006666666666664,E0_3700m
attack,300.0,E0,3800,4028.0,24.997,E0_3800m
attack,300.0,E0,3900,4027.6,24.970333333333336,E0_3900m
attack,300.0,E0,4000,4019.6,24.951,E0_4000m
attack,300.0,E0,4100,4020.0,24.93,E0_4100m
attack,300.0,E0,4200,4006.8,24.918333333333333,E0_4200m
attack,300.0,E0,4300,4003.2,24.911833333333334,E0_4300m
attack,300.0,E0,4400,4001.2000000000003,24.907666666666664,E0_4400m
attack,300.0,E0,4500,3994.0,24.898666666666664,E0_4500m
attack,300.0,E0,4600,3982.0,24.887666666666668,E0_4600m
attack,300.0,E0,4700,3969.2,24.90166666666667,E0_4700m
attack,300.0,E0,4800,3954.3999999999996,24.9395,E0_4800m
attack,300.0,E0,4900,3945.6000000000004,24.978833333333334,E0_4900m
attack,300.0,E0,5000,3928.4,25.020166666666668,E0_5000m
attack,600.0,E0,0,0.0,-1.0,E0_0m
attack,600.0,E0,100,4042.8,26.692833333333333,E0_100m
attack,600.0,E0,200,4041.2,26.826166666666666,E0_200m
attack,600.0,E0,300,4042.8,26.772,E0_300m
attack,600.0,E0,400,4042.4,26.6865,E0_400m
attack,600.0,E0,500,4044.0,26.59566666666667,E0_500m
attack,600.0,E0,600,4046.4,26.492,E0_600m
attack,600.0,E0,700,4044.4,26.37483333333333,E0_700m
attack,600.0,E0,800,4050.8,26.24416666666667,E0_800m
attack,600.0,E0,900,4050.0,26.146500000000003,E0_900m
attack,600.0,E0,1000,4047.2,26.037999999999997,E0_1000m
attack,600.0,E0,1100,4040.8,25.946333333333335,E0_1100m
attack,600.0,E0,1200,4036.0,25.842833333333335,E0_1200m
attack,600.0,E0,1300,4037.6000000000004,25.757166666666663,E0_1300m
attack,600.0,E0,1400,4047.2,25.67233333333333,E0_1400m
attack,600.0,E0,1500,4042.3999999999996,25.607499999999998,E0_1500m
attack,600.0,E0,1600,4036.0,25.544333333333327,E0_1600m
attack,600.0,E0,1700,4030.0,25.472166666666666,E0_1700m
attack,600.0,E0,1800,4027.6,25.40616666666667,E0_1800m
attack,600.0,E0,1900,4034.3999999999996,25.348,E0_1900m
attack,600.0,E0,2000,4041.6000000000004,25.307166666666667,E0_2000m
attack,600.0,E0,2100,4049.2,25.267333333333333,E0_2100m
attack,600.0,E0,2200,4045.6,25.223166666666664,E0_2200m
attack,600.0,E0,2300,4038.8,25.157666666666668,E0_2300m
attack,600.0,E0,2400,4033.2,25.079833333333333,E0_2400m
attack,600.0,E0,2500,4018.8,24.96183333333333,E0_2500m
attack,600.0,E0,2600,4014.3999999999996,24.784833333333335,E0_2600m
attack,600.0,E0,2700,4014.4,24.527833333333334,E0_2700m
attack,600.0,E0,2800,4006.4,24.127999999999997,E0_2800m
attack,600.0,E0,2900,3994.8,23.48383333333333,E0_2900m
attack,600.0,E0,3000,3983.6000000000004,22.425833333333337,E0_3000m
attack,600.0,E0,3100,3972.0,22.265666666666664,E0_3100m
attack,600.0,E0,3200,3967.2,22.357166666666664,E0_3200m
attack,600.0,E0,3300,3961.2,22.374666666666663,E0_3300m
attack,600.0,E0,3400,3944.8,22.37166666666667,E0_3400m
attack,600.0,E0,3500,3932.3999999999996,22.356166666666663,E0_3500m
attack,600.0,E0,3600,3924.8,22.343833333333333,E0_3600m
attack,600.0,E0,3700,3913.6,22.3275,E0_3700m
attack,600.0,E0,3800,3912.4,22.337666666666664,E0_3800m
attack,600.0,E0,3900,3906.3999999999996,22.496666666666666,E0_3900m
attack,600.0,E0,4000,3910.0,23.86316666666667,E0_4000m
attack,600.0,E0,4100,3911.2,26.416,E0_4100m
attack,600.0,E0,4200,3918.8,26.578499999999995,E0_4200m
attack,600.0,E0,4300,3922.0,26.49683333333333,E0_4300m
attack,600.0,E0,4400,3926.0,26.40383333333333,E0_4400m
attack,600.0,E0,4500,3932.8,26.32183333333333,E0_4500m
attack,600.0,E0,4600,3940.7999999999997,26.230666666666668,E0_4600m
attack,600.0,E0,4700,3953.6,26.144499999999997,E0_4700m
attack,600.0,E0,4800,3961.6,26.081333333333333,E0_4800m
attack,600.0,E0,4900,3968.0,26.026833333333336,E0_4900m
attack,600.0,E0,5000,3974.8,25.981,E0_5000m
attack,900.0,E0,0,0.0,-1.0,E0_0m
attack,900.0,E0,100,3964.0,26.62466666666667,E0_100m
attack,900.0,E0,200,3971.6000000000004,26.84583333333333,E0_200m
attack,900.0,E0,300,3976.4,26.819666666666663,E0_300m
attack,900.0,E0,400,3982.8,26.731,E0_400m
attack,900.0,E0,500,3982.0,26.599833333333336,E0_500m
attack,900.0,E0,600,3978.8,26.446999999999996,E0_600m
attack,900.0,E0,700,3977.6,26.316333333333333,E0_700m
attack,900.0,E0,800,3979.2,26.200499999999998,E0_800m
attack,900.0,E0,900,3981.6000000000004,26.087833333333332,E0_900m
attack,900.0,E0,1000,3983.6,25.99133333333333,E0_1000m
attack,900.0,E0,1100,3986.3999999999996,25.906666666666666,E0_1100m
attack,900.0,E0,1200,3985.2,25.821333333333328,E0_1200m
attack,900.0,E0,1300,3986.0,25.74166666666667,E0_1300m
attack,900.0,E0,1400,3982.0,25.643833333333333,E0_1400m
attack,900.0,E0,1500,3986.4,25.560666666666663,E0_1500m
attack,900.0,E0,1600,3985.2,25.499500000000005,E0_1600m
attack,900.0,E0,1700,3986.4,25.441166666666668,E0_1700m
attack,900.0,E0,1800,3989.2,25.386,E0_1800m
attack,900.0,E0,1900,3984.8,25.342000000000002,E0_1900m
attack,900.0,E0,2000,3983.2,25.294,E0_2000m
attack,900.0,E0,2100,3979.6000000000004,25.253500000000003,E0_2100m
attack,900.0,E0,2200,3978.0,25.205,E0_2200m
attack,900.0,E0,2300,3974.4,25.146166666666666,E0_2300m
attack,900.0,E0,2400,3971.2000000000003,25.060333333333332,E0_2400m
attack,900.0,E0,2500,3975.2,24.952666666666666,E0_2500m
attack,900.0,E0,2600,3977.6000000000004,24.801166666666674,E0_2600m
attack,900.0,E0,2700,3976.4,24.5565,E0_2700m
attack,900.0,E0,2800,3974.8,24.139333333333333,E0_2800m
attack,900.0,E0,2900,3972.8,23.4705,E0_2900m
attack,900.0,E0,3000,3973.6,22.42583333333333,E0_3000m
attack,900.0,E0,3100,3974.0,22.27583333333334,E0_3100m
attack,900.0,E0,3200,3972.8,22.365166666666674,E0_3200m
attack,900.0,E0,3300,3974.3999999999996,22.39083333333333,E0_3300m
attack,900.0,E0,3400,3986.0,22.377666666666663,E0_3400m
attack,900.0,E0,3500,3987.2000000000003,22.362333333333332,E0_3500m
attack,900.0,E0,3600,3990.0,22.352666666666664,E0_3600m
attack,900.0,E0,3700,4007.6,22.341500000000003,E0_3700m
attack,900.0,E0,3800,4016.8,22.33716666666666,E0_3800m
attack,900.0,E0,3900,4030.8,22.47233333333333,E0_3900m
attack,900.0,E0,4000,4032.4,23.687500000000007,E0_4000m
attack,900.0,E0,4100,4034.8,25.8885,E0_4100m
attack,900.0,E0,4200,4037.6000000000004,26.04633333333333,E0_4200m
attack,900.0,E0,4300,4043.2,26.00866666666667,E0_4300m
attack,900.0,E0,4400,4041.2,25.963166666666666,E0_4400m
attack,900.0,E0,4500,4040.7999999999997,25.896166666666666,E0_4500m
attack,900.0,E0,4600,4037.2,25.831,E0_4600m
attack,900.0,E0,4700,4035.2,25.771833333333333,E0_4700m
attack,900.0,E0,4800,4032.4,25.72033333333333,E0_4800m
attack,900.0,E0,4900,4032.0,25.694166666666668,E0_4900m
attack,900.0,E0,5000,4028.8,25.684,E0_5000m
attack,1200.0,E0,0,0.0,-1.0,E0_0m
attack,1200.0,E0,100,3982.4,26.745,E0_100m
attack,1200.0,E0,200,3974.4,26.950333333333333,E0_200m
attack,1200.0,E0,300,3967.6,26.9185,E0_300m
attack,1200.0,E0,400,3961.6000000000004,26.84133333333333,E0_400m
attack,1200.0,E0,500,3959.6,26.745833333333334,E0_500m
attack,1200.0,E0,600,3961.6,26.655166666666666,E0_600m
attack,1200.0,E0,700,3963.2,26.581333333333333,E0_700m
attack,1200.0,E0,800,3959.2,26.502666666666666,E0_800m
attack,1200.0,E0,900,3957.6000000000004,26.416499999999996,E0_900m
attack,1200.0,E0,1000,3954.3999999999996,26.348,E0_1000m
attack,1200.0,E0,1100,3954.3999999999996,26.27283333333333,E0_1100m
attack,1200.0,E0,1200,3953.2,26.2055,E0_1200m
attack,1200.0,E0,1300,3958.4,26.136499999999998,E0_1300m
attack,1200.0,E0,1400,3953.6000000000004,26.053833333333337,E0_1400m
attack,1200.0,E0,1500,3952.0,25.987000000000002,E0_1500m
attack,1200.0,E0,1600,3957.2,25.920499999999997,E0_1600m
attack,1200.0,E0,1700,3961.2,25.842166666666664,E0_1700m
attack,1200.0,E0,1800,3962.0,25.780166666666666,E0_1800m
attack,1200.0,E0,1900,3966.8,25.719,E0_1900m
attack,1200.0,E0,2000,3962.0,25.656166666666667,E0_2000m
attack,1200.0,E0,2100,3956.0,25.576500000000003,E0_2100m
attack,1200.0,E0,2200,3958.3999999999996,25.493166666666667,E0_2200m
attack,1200.0,E0,2300,3968.7999999999997,25.406499999999998,E0_2300m
attack,1200.0,E0,2400,3977.2000000000003,25.28,E0_2400m
attack,1200.0,E0,2500,3976.8,25.129,E0_2500m
attack,1200.0,E0,2600,3976.4,24.91433333333333,E0_2600m
attack,1200.0,E0,2700,3986.4,24.5985,E0_2700m
attack,1200.0,E0,2800,3994.7999999999997,24.12533333333333,E0_2800m
attack,1200.0,E0,2900,4005.6000000000004,23.43116666666667,E0_2900m
attack,1200.0,E0,3000,4013.2000000000003,22.415333333333336,E0_3000m
attack,1200.0,E0,3100,4018.3999999999996,22.27083333333333,E0_3100m
attack,1200.0,E0,3200,4018.8,22.333666666666666,E0_3200m
attack,1200.0,E0,3300,4022.0,22.321166666666667,E0_3300m
attack,1200.0,E0,3400,4023.6000000000004,22.311833333333333,E0_3400m
attack,1200.0,E0,3500,4026.3999999999996,22.28633333333333,E0_3500m
attack,1200.0,E0,3600,4026.4,22.27133333333333,E0_3600m
attack,1200.0,E0,3700,4020.0,22.2635,E0_3700m
attack,1200.0,E0,3800,4017.6000000000004,22.29733333333333,E0_3800m
attack,1200.0,E0,3900,4014.0,22.438499999999998,E0_3900m
attack,1200.0,E0,4000,4014.3999999999996,23.682833333333335,E0_4000m
attack,1200.0,E0,4100,4019.6000000000004,25.92366666666667,E0_4100m
attack,1200.0,E0,4200,4020.0,26.073166666666665,E0_4200m
attack,1200.0,E0,4300,4022.4,25.998666666666665,E0_4300m
attack,1200.0,E0,4400,4027.6000000000004,25.8975,E0_4400m
attack,1200.0,E0,4500,4027.2000000000003,25.80766666666667,E0_4500m
attack,1200.0,E0,4600,4026.0,25.719166666666666,E0_4600m
attack,1200.0,E0,4700,4024.4,25.661166666666663,E0_4700m
attack,1200.0,E0,4800,4022.0,25.607499999999998,E0_4800m
attack,1200.0,E0,4900,4024.0,25.57,E0_4900m
attack,1200.0,E0,5000,4021.6000000000004,25.540166666666664,E0_5000m
attack,1500.0,E0,0,0.0,-1.0,E0_0m
attack,1500.0,E0,100,4019.6000000000004,26.664333333333335,E0_100m
attack,1500.0,E0,200,4022.8,26.837000000000003,E0_200m
attack,1500.0,E0,300,4024.8,26.766,E0_300m
attack,1500.0,E0,400,4026.8,26.655,E0_400m
attack,1500.0,E0,500,4028.0,26.522666666666666,E0_500m
attack,1500.0,E0,600,4029.6000000000004,26.40183333333333,E0_600m
attack,1500.0,E0,700,4029.2,26.26533333333333,E0_700m
attack,1500.0,E0,800,4028.3999999999996,26.15316666666667,E0_800m
attack,1500.0,E0,900,4024.8,26.03666666666666,E0_900m
attack,1500.0,E0,1000,4032.4,25.926999999999996,E0_1000m
attack,1500.0,E0,1100,4037.6000000000004,25.82766666666667,E0_1100m
attack,1500.0,E0,1200,4038.0,25.7365,E0_1200m
attack,1500.0,E0,1300,4034.8,25.646,E0_1300m
attack,1500.0,E0,1400,4038.4,25.57333333333333,E0_1400m
attack,1500.0,E0,1500,4035.2,25.522166666666667,E0_1500m
attack,1500.0,E0,1600,4028.7999999999997,25.475,E0_1600m
attack,1500.0,E0,1700,4028.0,25.4435,E0_1700m
attack,1500.0,E0,1800,4021.6000000000004,25.4065,E0_1800m
attack,1500.0,E0,1900,4019.6,25.358333333333334,E0_1900m
attack,1500.0,E0,2000,4018.3999999999996,25.335666666666672,E0_2000m
attack,1500.0,E0,2100,4017.2,25.30133333333334,E0_2100m
attack,1500.0,E0,2200,4011.6000000000004,25.260999999999996,E0_2200m
attack,1500.0,E0,2300,4004.7999999999997,25.216833333333334,E0_2300m
attack,1500.0,E0,2400,3999.2,25.160666666666664,E0_2400m
attack,1500.0,E0,2500,4000.4,25.050666666666665,E0_2500m
attack,1500.0,E0,2600,4000.4,24.883666666666667,E0_2600m
attack,1500.0,E0,2700,4001.6,24.601666666666667,E0_2700m
attack,1500.0,E0,2800,3998.7999999999997,24.154333333333334,E0_2800m
attack,1500.0,E0,2900,3994.8,23.47533333333333,E0_2900m
attack,1500.0,E0,3000,3993.2,22.439333333333337,E0_3000m
attack,1500.0,E0,3100,3999.2,22.261166666666664,E0_3100m
attack,1500.0,E0,3200,4007.2,22.295666666666666,E0_3200m
attack,1500.0,E0,3300,4002.0,22.295833333333334,E0_3300m
attack,1500.0,E0,3400,3998.4,22.28283333333333,E0_3400m
attack,1500.0,E0,3500,4002.7999999999997,22.28283333333333,E0_3500m
attack,1500.0,E0,3600,4008.0,22.288999999999998,E0_3600m
attack,1500.0,E0,3700,4008.8,22.3005,E0_3700m
attack,1500.0,E0,3800,4004.4,22.320833333333333,E0_3800m
attack,1500.0,E0,3900,4000.0,22.471666666666668,E0_3900m
attack,1500.0,E0,4000,3993.2,23.81,E0_4000m
attack,1500.0,E0,4100,3980.8,26.2935,E0_4100m
attack,1500.0,E0,4200,3973.2000000000003,26.510333333333335,E0_4200m
attack,1500.0,E0,4300,3963.6000000000004,26.491666666666664,E0_4300m
attack,1500.0,E0,4400,3962.0,26.419166666666666,E0_4400m
attack,1500.0,E0,4500,3957.2,26.340666666666664,E0_4500m
attack,1500.0,E0,4600,3958.0,26.274833333333333,E0_4600m
attack,1500.0,E0,4700,3960.7999999999997,26.191,E0_4700m
attack,1500.0,E0,4800,3968.0,26.128666666666668,E0_4800m
attack,1500.0,E0,4900,3966.3999999999996,26.072000000000003,E0_4900m
attack,1500.0,E0,5000,3968.8,26.031333333333336,E0_5000m
attack,1800.0,E0,0,0.0,-1.0,E0_0m
attack,1800.0,E0,100,3924.3999999999996,26.787166666666664,E0_100m
attack,1800.0,E0,200,3923.2,26.961166666666664,E0_200m
attack,1800.0,E0,300,3923.6000000000004,26.882333333333335,E0_300m
attack,1800.0,E0,400,3922.4,26.787166666666664,E0_400m
attack,1800.0,E0,500,3923.6000000000004,26.69483333333333,E0_500m
attack,1800.0,E0,600,3921.2,26.5865,E0_600m
attack,1800.0,E0,700,3922.0,26.473666666666666,E0_700m
attack,1800.0,E0,800,3921.2,26.3275,E0_800m
attack,1800.0,E0,900,3928.3999999999996,26.183999999999997,E0_900m
attack,1800.0,E0,1000,3931.2000000000003,26.074666666666666,E0_1000m
attack,1800.0,E0,1100,3926.3999999999996,25.979833333333332,E0_1100m
attack,1800.0,E0,1200,3931.6,25.888333333333335,E0_1200m
attack,1800.0,E0,1300,3932.8,25.796666666666663,E0_1300m
attack,1800.0,E0,1400,3937.2000000000003,25.715000000000003,E0_1400m
attack,1800.0,E0,1500,3944.3999999999996,25.65966666666666,E0_1500m
attack,1800.0,E0,1600,3942.8,25.618666666666662,E0_1600m
attack,1800.0,E0,1700,3937.2,25.545166666666667,E0_1700m
attack,1800.0,E0,1800,3941.2,25.47066666666667,E0_1800m
attack,1800.0,E0,1900,3943.6,25.41433333333333,E0_1900m
attack,1800.0,E0,2000,3948.8,25.352666666666664,E0_2000m
attack,1800.0,E0,2100,3954.3999999999996,25.289666666666665,E0_2100m
attack,1800.0,E0,2200,3958.7999999999997,25.2205,E0_2200m
attack,1800.0,E0,2300,3964.7999999999997,25.136333333333333,E0_2300m
attack,1800.0,E0,2400,3966.4,25.042166666666667,E0_2400m
attack,1800.0,E0,2500,3963.6,24.92733333333333,E0_2500m
attack,1800.0,E0,2600,3961.6,24.7575,E0_2600m
attack,1800.0,E0,2700,3955.2000000000003,24.493999999999996,E0_2700m
attack,1800.0,E0,2800,3958.0,24.083666666666666,E0_2800m
attack,1800.0,E0,2900,3965.2,23.43283333333333,E0_2900m
attack,1800.0,E0,3000,3970.3999999999996,22.41133333333333,E0_3000m
attack,1800.0,E0,3100,3966.0,22.251833333333337,E0_3100m
attack,1800.0,E0,3200,3959.2,22.335166666666666,E0_3200m
attack,1800.0,E0,3300,3964.8,22.3325,E0_3300m
attack,1800.0,E0,3400,3972.8,22.315833333333334,E0_3400m
attack,1800.0,E0,3500,3972.0,22.304833333333338,E0_3500m
attack,1800.0,E0,3600,3960.8,22.30083333333334,E0_3600m
attack,1800.0,E0,3700,3958.4,22.291333333333334,E0_3700m
attack,1800.0,E0,3800,3960.4,22.297666666666668,E0_3800m
attack,1800.0,E0,3900,3965.6000000000004,22.447166666666668,E0_3900m
attack,1800.0,E0,4000,3971.6,23.659999999999997,E0_4000m
attack,1800.0,E0,4100,3981.2,25.92883333333333,E0_4100m
attack,1800.0,E0,4200,3990.4,26.115833333333335,E0_4200m
attack,1800.0,E0,4300,3996.0,26.063666666666663,E0_4300m
attack,1800.0,E0,4400,3996.0,25.989166666666662,E0_4400m
attack,1800.0,E0,4500,3998.0,25.92333333333334,E0_4500m
attack,1800.0,E0,4600,3992.0,25.86316666666667,E0_4600m
attack,1800.0,E0,4700,3986.0,25.827333333333335,E0_4700m
attack,1800.0,E0,4800,3988.8,25.78966666666667,E0_4800m
attack,1800.0,E0,4900,3998.7999999999997,25.765000000000004,E0_4900m
attack,1800.0,E0,5000,4008.4,25.752499999999998,E0_5000m
attack,2100.0,E0,0,0.0,-1.0,E0_0m
attack,2100.0,E0,100,3931.2,26.9005,E0_100m
attack,2100.0,E0,200,3936.0,27.086333333333336,E0_200m
attack,2100.0,E0,300,3936.8,27.013166666666667,E0_300m
attack,2100.0,E0,400,3936.4,26.88516666666667,E0_400m
attack,2100.0,E0,500,3934.0,26.7295,E0_500m
attack,2100.0,E0,600,3935.2,26.59016666666667,E0_600m
attack,2100.0,E0,700,3930.0,26.457,E0_700m
attack,2100.0,E0,800,3931.6,26.349333333333334,E0_800m
attack,2100.0,E0,900,3924.0,26.247,E0_900m
attack,2100.0,E0,1000,3920.3999999999996,26.150666666666666,E0_1000m
attack,2100.0,E0,1100,3924.0,26.09883333333333,E0_1100m
attack,2100.0,E0,1200,3922.8,26.06383333333334,E0_1200m
attack,2100.0,E0,1300,3920.4,26.010166666666667,E0_1300m
attack,2100.0,E0,1400,3921.6000000000004,25.94966666666667,E0_1400m
attack,2100.0,E0,1500,3921.6000000000004,25.881833333333333,E0_1500m
attack,2100.0,E0,1600,3921.6000000000004,25.817000000000007,E0_1600m
attack,2100.0,E0,1700,3927.6,25.752666666666666,E0_1700m
attack,2100.0,E0,1800,3923.2,25.69,E0_1800m
attack,2100.0,E0,1900,3918.0,25.63433333333333,E0_1900m
attack,2100.0,E0,2000,3917.6000000000004,25.5985,E0_2000m
attack,2100.0,E0,2100,3916.8,25.567,E0_2100m
attack,2100.0,E0,2200,3915.2,25.549166666666665,E0_2200m
attack,2100.0,E0,2300,3911.6,25.512999999999998,E0_2300m
attack,2100.0,E0,2400,3920.8,25.43883333333333,E0_2400m
attack,2100.0,E0,2500,3932.3999999999996,25.333666666666666,E0_2500m
attack,2100.0,E0,2600,3937.2,25.133166666666668,E0_2600m
attack,2100.0,E0,2700,3945.2,24.800833333333333,E0_2700m
attack,2100.0,E0,2800,3949.6000000000004,24.293166666666664,E0_2800m
attack,2100.0,E0,2900,3947.6000000000004,23.530833333333334,E0_2900m
attack,2100.0,E0,3000,3945.6,22.4,E0_3000m
attack,2100.0,E0,3100,3943.2,22.264166666666664,E0_3100m
attack,2100.0,E0,3200,3942.3999999999996,22.380833333333328,E0_3200m
attack,2100.0,E0,3300,3940.7999999999997,22.387999999999998,E0_3300m
attack,2100.0,E0,3400,3936.8,22.363166666666665,E0_3400m
attack,2100.0,E0,3500,3936.8,22.321333333333335,E0_3500m
attack,2100.0,E0,3600,3941.6,22.295666666666662,E0_3600m
attack,2100.0,E0,3700,3944.0,22.287,E0_3700m
attack,2100.0,E0,3800,3943.6,22.308166666666665,E0_3800m
attack,2100.0,E0,3900,3932.8,22.473333333333336,E0_3900m
attack,2100.0,E0,4000,3924.3999999999996,23.861333333333338,E0_4000m
attack,2100.0,E0,4100,3918.3999999999996,26.35116666666667,E0_4100m
attack,2100.0,E0,4200,3908.0,26.52616666666667,E0_4200m
attack,2100.0,E0,4300,3906.0,26.457500000000003,E0_4300m
attack,2100.0,E0,4400,3905.2,26.33683333333333,E0_4400m
attack,2100.0,E0,4500,3910.0,26.21933333333333,E0_4500m
attack,2100.0,E0,4600,3911.2,26.10666666666667,E0_4600m
attack,2100.0,E0,4700,3914.8,26.017333333333333,E0_4700m
attack,2100.0,E0,4800,3912.7999999999997,25.9755,E0_4800m
attack,2100.0,E0,4900,3904.4,25.953833333333332,E0_4900m
attack,2100.0,E0,5000,3894.0,25.93933333333333,E0_5000m
attack,2400.0,E0,0,0.0,-1.0,E0_0m
attack,2400.0,E0,100,4022.4,26.082,E0_100m
attack,2400.0,E0,200,4021.2,26.472166666666666,E0_200m
attack,2400.0,E0,300,4024.8,26.49683333333334,E0_300m
attack,2400.0,E0,400,4030.7999999999997,26.438333333333333,E0_400m
attack,2400.0,E0,500,4031.6000000000004,26.349999999999994,E0_500m
attack,2400.0,E0,600,4038.8,26.235999999999997,E0_600m
attack,2400.0,E0,700,4037.2,26.12466666666666,E0_700m
attack,2400.0,E0,800,4034.7999999999997,26.012666666666668,E0_800m
attack,2400.0,E0,900,4037.2,25.91166666666667,E0_900m
attack,2400.0,E0,1000,4034.0,25.812333333333335,E0_1000m
attack,2400.0,E0,1100,4030.3999999999996,25.70066666666667,E0_1100m
attack,2400.0,E0,1200,4025.6,25.608666666666668,E0_1200m
attack,2400.0,E0,1300,4023.2,25.534999999999997,E0_1300m
attack,2400.0,E0,1400,4013.6,25.443333333333335,E0_1400m
attack,2400.0,E0,1500,4006.0,25.37066666666667,E0_1500m
attack,2400.0,E0,1600,4006.4,25.29183333333333,E0_1600m
attack,2400.0,E0,1700,4000.4,25.240666666666666,E0_1700m
attack,2400.0,E0,1800,3996.8,25.195500000000003,E0_1800m
attack,2400.0,E0,1900,3995.2,25.128,E0_1900m
attack,2400.0,E0,2000,3990.0,25.0255,E0_2000m
attack,2400.0,E0,2100,3988.0,24.880166666666668,E0_2100m
attack,2400.0,E0,2200,3984.8,24.721,E0_2200m
attack,2400.0,E0,2300,3974.0,24.538,E0_2300m
attack,2400.0,E0,2400,3957.6,24.256999999999998,E0_2400m
attack,2400.0,E0,2500,3951.6,23.839,E0_2500m
attack,2400.0,E0,2600,3940.4,23.277166666666666,E0_2600m
attack,2400.0,E0,2700,3915.6,22.5065,E0_2700m
attack,2400.0,E0,2800,3897.2,21.439833333333333,E0_2800m
attack,2400.0,E0,2900,3878.0,20.015833333333333,E0_2900m
attack,2400.0,E0,3000,3862.8,18.273,E0_3000m
attack,2400.0,E0,3100,3848.4,18.022499999999997,E0_3100m
attack,2400.0,E0,3200,3838.0,18.069499999999998,E0_3200m
attack,2400.0,E0,3300,3824.8,18.052,E0_3300m
attack,2400.0,E0,3400,3807.2,18.014666666666663,E0_3400m
attack,2400.0,E0,3500,3791.2,17.981166666666667,E0_3500m
attack,2400.0,E0,3600,3776.0,17.970333333333336,E0_3600m
attack,2400.0,E0,3700,3762.8,17.95216666666667,E0_3700m
attack,2400.0,E0,3800,3748.0,17.96366666666667,E0_3800m
attack,2400.0,E0,3900,3738.8,18.1555,E0_3900m
attack,2400.0,E0,4000,3734.8,20.322499999999998,E0_4000m
attack,2400.0,E0,4100,3744.0,26.576,E0_4100m
attack,2400.0,E0,4200,3750.8,27.4345,E0_4200m
attack,2400.0,E0,4300,3755.2,27.41583333333333,E0_4300m
attack,2400.0,E0,4400,3758.0,27.29483333333333,E0_4400m
attack,2400.0,E0,4500,3761.2,27.167,E0_4500m
attack,2400.0,E0,4600,3774.0,27.032,E0_4600m
attack,2400.0,E0,4700,3770.0,26.916999999999998,E0_4700m
attack,2400.0,E0,4800,3768.8,26.827166666666667,E0_4800m
attack,2400.0,E0,4900,3770.0,26.738500000000002,E0_4900m
attack,2400.0,E0,5000,3770.4,26.659166666666664,E0_5000m
attack,2700.0,E0,0,0.0,-1.0,E0_0m
attack,2700.0,E0,100,4017.6000000000004,26.017499999999995,E0_100m
attack,2700.0,E0,200,4008.8,26.516999999999996,E0_200m
attack,2700.0,E0,300,4000.3999999999996,26.625999999999998,E0_300m
attack,2700.0,E0,400,3994.0,26.633833333333335,E0_400m
attack,2700.0,E0,500,3992.0,26.5935,E0_500m
attack,2700.0,E0,600,3983.2,26.5095,E0_600m
attack,2700.0,E0,700,3988.3999999999996,26.424833333333332,E0_700m
attack,2700.0,E0,800,3988.4,26.290166666666664,E0_800m
attack,2700.0,E0,900,3989.6000000000004,26.1485,E0_900m
attack,2700.0,E0,1000,3990.4,26.036166666666666,E0_1000m
attack,2700.0,E0,1100,3987.2,25.96033333333333,E0_1100m
attack,2700.0,E0,1200,3987.6,25.884666666666668,E0_1200m
attack,2700.0,E0,1300,3988.0,25.801666666666666,E0_1300m
attack,2700.0,E0,1400,3995.6,25.72316666666667,E0_1400m
attack,2700.0,E0,1500,4001.2,25.649333333333335,E0_1500m
attack,2700.0,E0,1600,4001.2,25.58416666666667,E0_1600m
attack,2700.0,E0,1700,4008.4,25.485,E0_1700m
attack,2700.0,E0,1800,4014.8,25.364000000000004,E0_1800m
attack,2700.0,E0,1900,4018.3999999999996,25.222833333333334,E0_1900m
attack,2700.0,E0,2000,4020.3999999999996,25.051000000000002,E0_2000m
attack,2700.0,E0,2100,4021.2000000000003,24.8495,E0_2100m
attack,2700.0,E0,2200,4023.2000000000003,24.590666666666664,E0_2200m
attack,2700.0,E0,2300,4032.0,24.282166666666672,E0_2300m
attack,2700.0,E0,2400,4044.8,23.877833333333335,E0_2400m
attack,2700.0,E0,2500,4043.6000000000004,23.3435,E0_2500m
attack,2700.0,E0,2600,4042.3999999999996,22.662166666666664,E0_2600m
attack,2700.0,E0,2700,4052.8,21.81366666666667,E0_2700m
attack,2700.0,E0,2800,4051.6000000000004,20.7965,E0_2800m
attack,2700.0,E0,2900,4057.2,19.579833333333333,E0_2900m
attack,2700.0,E0,3000,4060.0,18.162,E0_3000m
attack,2700.0,E0,3100,4060.3999999999996,17.9445,E0_3100m
attack,2700.0,E0,3200,4056.4,17.96066666666666,E0_3200m
attack,2700.0,E0,3300,4058.0,17.927833333333332,E0_3300m
attack,2700.0,E0,3400,4058.8,17.883166666666668,E0_3400m
attack,2700.0,E0,3500,4062.8,17.84433333333333,E0_3500m
attack,2700.0,E0,3600,4063.6,17.832166666666666,E0_3600m
attack,2700.0,E0,3700,4060.8,17.820999999999998,E0_3700m
attack,2700.0,E0,3800,4059.2000000000003,17.828,E0_3800m
attack,2700.0,E0,3900,4053.6000000000004,18.001499999999997,E0_3900m
attack,2700.0,E0,4000,4048.3999999999996,20.15866666666667,E0_4000m
attack,2700.0,E0,4100,4034.0,26.317500000000003,E0_4100m
attack,2700.0,E0,4200,4039.2,27.092833333333335,E0_4200m
attack,2700.0,E0,4300,4040.8,27.078833333333336,E0_4300m
attack,2700.0,E0,4400,4042.8,26.984666666666662,E0_4400m
attack,2700.0,E0,4500,4038.3999999999996,26.86483333333333,E0_4500m
attack,2700.0,E0,4600,4034.0,26.73016666666667,E0_4600m
attack,2700.0,E0,4700,4036.8,26.6045,E0_4700m
attack,2700.0,E0,4800,4030.7999999999997,26.505666666666666,E0_4800m
attack,2700.0,E0,4900,4027.2000000000003,26.404833333333336,E0_4900m
attack,2700.0,E0,5000,4020.3999999999996,26.310666666666663,E0_5000m
attack,3000.0,E0,0,0.0,-1.0,E0_0m
attack,3000.0,E0,100,4059.6,25.910333333333334,E0_100m
attack,3000.0,E0,200,4063.2,26.40016666666666,E0_200m
attack,3000.0,E0,300,4070.4,26.470000000000002,E0_300m
attack,3000.0,E0,400,4076.8,26.450666666666667,E0_400m
attack,3000.0,E0,500,4075.2,26.384999999999998,E0_500m
attack,3000.0,E0,600,4078.0,26.287499999999994,E0_600m
attack,3000.0,E0,700,4077.2,26.195500000000003,E0_700m
attack,3000.0,E0,800,4079.6000000000004,26.091166666666666,E0_800m
attack,3000.0,E0,900,4080.3999999999996,25.96333333333334,E0_900m
attack,3000.0,E0,1000,4076.0,25.836,E0_1000m
attack,3000.0,E0,1100,4078.8,25.73766666666667,E0_1100m
attack,3000.0,E0,1200,4082.4,25.65833333333333,E0_1200m
attack,3000.0,E0,1300,4085.2,25.588833333333334,E0_1300m
attack,3000.0,E0,1400,4084.4,25.507666666666665,E0_1400m
attack,3000.0,E0,1500,4082.8,25.42866666666667,E0_1500m
attack,3000.0,E0,1600,4087.2,25.337666666666667,E0_1600m
attack,3000.0,E0,1700,4080.8,25.245333333333335,E0_1700m
attack,3000.0,E0,1800,4077.6000000000004,25.134666666666668,E0_1800m
attack,3000.0,E0,1900,4073.2,25.0085,E0_1900m
attack,3000.0,E0,2000,4068.0,24.873833333333337,E0_2000m
attack,3000.0,E0,2100,4064.3999999999996,24.688833333333335,E0_2100m
attack,3000.0,E0,2200,4062.4,24.447833333333335,E0_2200m
attack,3000.0,E0,2300,4063.6,24.12733333333334,E0_2300m
attack,3000.0,E0,2400,4052.0,23.738500000000002,E0_2400m
attack,3000.0,E0,2500,4041.2,23.197499999999998,E0_2500m
attack,3000.0,E0,2600,4046.3999999999996,22.482333333333333,E0_2600m
attack,3000.0,E0,2700,4048.4,21.583666666666666,E0_2700m
attack,3000.0,E0,2800,4051.2,20.532333333333334,E0_2800m
attack,3000.0,E0,2900,4044.3999999999996,19.353166666666667,E0_2900m
attack,3000.0,E0,3000,4038.4,18.041833333333336,E0_3000m
attack,3000.0,E0,3100,4038.4,17.872,E0_3100m
attack,3000.0,E0,3200,4038.7999999999997,17.8945,E0_3200m
attack,3000.0,E0,3300,4038.8,17.884500000000003,E0_3300m
attack,3000.0,E0,3400,4038.3999999999996,17.858333333333334,E0_3400m
attack,3000.0,E0,3500,4032.8,17.82416666666667,E0_3500m
attack,3000.0,E0,3600,4032.0,17.815166666666666,E0_3600m
attack,3000.0,E0,3700,4032.0,17.810666666666666,E0_3700m
attack,3000.0,E0,3800,4030.8,17.836666666666666,E0_3800m
attack,3000.0,E0,3900,4030.4,17.990333333333332,E0_3900m
attack,3000.0,E0,4000,4030.3999999999996,20.118666666666666,E0_4000m
attack,3000.0,E0,4100,4034.4,26.167166666666667,E0_4100m
attack,3000.0,E0,4200,4026.8,26.827,E0_4200m
attack,3000.0,E0,4300,4021.2,26.773833333333336,E0_4300m
attack,3000.0,E0,4400,4016.7999999999997,26.637333333333338,E0_4400m
attack,3000.0,E0,4500,4018.0,26.504666666666665,E0_4500m
attack,3000.0,E0,4600,4017.6000000000004,26.39733333333333,E0_4600m
attack,3000.0,E0,4700,4020.4,26.295333333333335,E0_4700m
attack,3000.0,E0,4800,4019.6,26.195,E0_4800m
attack,3000.0,E0,4900,4016.0,26.120666666666665,E0_4900m
attack,3000.0,E0,5000,4013.6,26.044666666666664,E0_5000m
attack,3300.0,E0,0,0.0,-1.0,E0_0m
attack,3300.0,E0,100,4010.0,26.10283333333333,E0_100m
attack,3300.0,E0,200,4019.2000000000003,26.608166666666666,E0_200m
attack,3300.0,E0,300,4021.2,26.671833333333332,E0_300m
attack,3300.0,E0,400,4020.0,26.622000000000007,E0_400m
attack,3300.0,E0,500,4023.2,26.540666666666667,E0_500m
attack,3300.0,E0,600,4021.2,26.43933333333333,E0_600m
attack,3300.0,E0,700,4022.0,26.316166666666668,E0_700m
attack,3300.0,E0,800,4026.0,26.182000000000002,E0_800m
attack,3300.0,E0,900,4029.6000000000004,26.049,E0_900m
attack,3300.0,E0,1000,4034.3999999999996,25.939333333333337,E0_1000m
attack,3300.0,E0,1100,4037.2000000000003,25.8575,E0_1100m
attack,3300.0,E0,1200,4034.8,25.7795,E0_1200m
attack,3300.0,E0,1300,4034.4,25.6875,E0_1300m
attack,3300.0,E0,1400,4035.6,25.596500000000002,E0_1400m
attack,3300.0,E0,1500,4036.3999999999996,25.511666666666667,E0_1500m
attack,3300.0,E0,1600,4038.0,25.424,E0_1600m
attack,3300.0,E0,1700,4042.8,25.348,E0_1700m
attack,3300.0,E0,1800,4047.2,25.266333333333336,E0_1800m
attack,3300.0,E0,1900,4054.0,25.184833333333337,E0_1900m
attack,3300.0,E0,2000,4055.2000000000003,25.07733333333333,E0_2000m
attack,3300.0,E0,2100,4052.8,24.947666666666663,E0_2100m
attack,3300.0,E0,2200,4046.8,24.755833333333335,E0_2200m
attack,3300.0,E0,2300,4037.2,24.4665,E0_2300m
attack,3300.0,E0,2400,4033.2,24.064000000000004,E0_2400m
attack,3300.0,E0,2500,4036.8,23.540000000000006,E0_2500m
attack,3300.0,E0,2600,4028.8,22.848999999999997,E0_2600m
attack,3300.0,E0,2700,4024.8,21.968999999999998,E0_2700m
attack,3300.0,E0,2800,4020.0,20.865000000000002,E0_2800m
attack,3300.0,E0,2900,4023.2,19.5945,E0_2900m
attack,3300.0,E0,3000,4025.6,18.13716666666667,E0_3000m
attack,3300.0,E0,3100,4023.6000000000004,17.938333333333333,E0_3100m
attack,3300.0,E0,3200,4017.2,17.941499999999998,E0_3200m
attack,3300.0,E0,3300,4012.0,17.923,E0_3300m
attack,3300.0,E0,3400,4014.0,17.901833333333332,E0_3400m
attack,3300.0,E0,3500,4018.0,17.86116666666667,E0_3500m
attack,3300.0,E0,3600,4019.2,17.826333333333334,E0_3600m
attack,3300.0,E0,3700,4017.2,17.806833333333337,E0_3700m
attack,3300.0,E0,3800,4020.4,17.81816666666667,E0_3800m
attack,3300.0,E0,3900,4021.2,17.983,E0_3900m
attack,3300.0,E0,4000,4024.8,20.11883333333333,E0_4000m
attack,3300.0,E0,4100,4024.0,26.324166666666663,E0_4100m
attack,3300.0,E0,4200,4026.0,27.10366666666667,E0_4200m
attack,3300.0,E0,4300,4029.2,27.092333333333336,E0_4300m
attack,3300.0,E0,4400,4030.8,26.986166666666666,E0_4400m
attack,3300.0,E0,4500,4030.3999999999996,26.887333333333338,E0_4500m
attack,3300.0,E0,4600,4033.6,26.78783333333333,E0_4600m
attack,3300.0,E0,4700,4035.2,26.682333333333332,E0_4700m
attack,3300.0,E0,4800,4037.2,26.57933333333333,E0_4800m
attack,3300.0,E0,4900,4047.2000000000003,26.485166666666665,E0_4900m
attack,3300.0,E0,5000,4060.3999999999996,26.40483333333333,E0_5000m
attack,3600.0,E0,0,0.0,-1.0,E0_0m
attack,3600.0,E0,100,3961.2,26.385333333333335,E0_100m
attack,3600.0,E0,200,3951.6,26.896499999999996,E0_200m
attack,3600.0,E0,300,3946.3999999999996,26.97233333333333,E0_300m
attack,3600.0,E0,400,3944.0,26.940166666666666,E0_400m
attack,3600.0,E0,500,3943.2000000000003,26.866,E0_500m
attack,3600.0,E0,600,3950.4,26.77283333333333,E0_600m
attack,3600.0,E0,700,3950.0,26.656166666666667,E0_700m
attack,3600.0,E0,800,3946.4,26.547,E0_800m
attack,3600.0,E0,900,3942.8,26.455333333333332,E0_900m
attack,3600.0,E0,1000,3937.6,26.360999999999997,E0_1000m
attack,3600.0,E0,1100,3935.6,26.290499999999994,E0_1100m
attack,3600.0,E0,1200,3935.6,26.236000000000004,E0_1200m
attack,3600.0,E0,1300,3940.4,26.17,E0_1300m
attack,3600.0,E0,1400,3944.7999999999997,26.108999999999998,E0_1400m
attack,3600.0,E0,1500,3942.8,26.050666666666665,E0_1500m
attack,3600.0,E0,1600,3942.3999999999996,25.99183333333334,E0_1600m
attack,3600.0,E0,1700,3940.4,25.905,E0_1700m
attack,3600.0,E0,1800,3939.6000000000004,25.776333333333334,E0_1800m
attack,3600.0,E0,1900,3936.3999999999996,25.64933333333333,E0_1900m
attack,3600.0,E0,2000,3940.0,25.489666666666665,E0_2000m
attack,3600.0,E0,2100,3947.6000000000004,25.294166666666662,E0_2100m
attack,3600.0,E0,2200,3954.0,25.079166666666666,E0_2200m
attack,3600.0,E0,2300,3957.6,24.808500000000002,E0_2300m
attack,3600.0,E0,2400,3966.8,24.45433333333333,E0_2400m
attack,3600.0,E0,2500,3966.4,24.02083333333333,E0_2500m
attack,3600.0,E0,2600,3971.2,23.385,E0_2600m
attack,3600.0,E0,2700,3979.6,22.491500000000002,E0_2700m
attack,3600.0,E0,2800,3986.0,21.302166666666665,E0_2800m
attack,3600.0,E0,2900,3986.8,19.889166666666668,E0_2900m
attack,3600.0,E0,3000,3990.0,18.252166666666664,E0_3000m
attack,3600.0,E0,3100,3994.3999999999996,17.999166666666667,E0_3100m
attack,3600.0,E0,3200,4004.7999999999997,18.0045,E0_3200m
attack,3600.0,E0,3300,4006.8,17.98316666666667,E0_3300m
attack,3600.0,E0,3400,4004.4,17.952166666666663,E0_3400m
attack,3600.0,E0,3500,4000.8,17.914166666666667,E0_3500m
attack,3600.0,E0,3600,3999.6000000000004,17.888666666666666,E0_3600m
attack,3600.0,E0,3700,4000.8,17.866,E0_3700m
attack,3600.0,E0,3800,3998.7999999999997,17.871000000000002,E0_3800m
attack,3600.0,E0,3900,4006.0,18.055666666666667,E0_3900m
attack,3600.0,E0,4000,4007.6000000000004,20.22833333333333,E0_4000m
attack,3600.0,E0,4100,4007.2,26.43533333333334,E0_4100m
attack,3600.0,E0,4200,4008.8,27.21316666666667,E0_4200m
attack,3600.0,E0,4300,4010.0,27.202666666666666,E0_4300m
attack,3600.0,E0,4400,4007.2,27.099833333333336,E0_4400m
attack,3600.0,E0,4500,4010.0,26.969,E0_4500m
attack,3600.0,E0,4600,4004.4,26.85533333333333,E0_4600m
attack,3600.0,E0,4700,3999.6,26.753499999999995,E0_4700m
attack,3600.0,E0,4800,4000.3999999999996,26.647333333333336,E0_4800m
attack,3600.0,E0,4900,3994.3999999999996,26.542,E0_4900m
attack,3600.0,E0,5000,3986.4,26.438166666666667,E0_5000m
attack,3900.0,E0,0,0.0,-1.0,E0_0m
attack,3900.0,E0,100,3995.2,26.358999999999998,E0_100m
attack,3900.0,E0,200,3995.6000000000004,26.819499999999998,E0_200m
attack,3900.0,E0,300,4000.0,26.865333333333332,E0_300m
attack,3900.0,E0,400,3998.0,26.838833333333334,E0_400m
attack,3900.0,E0,500,3998.3999999999996,26.780833333333334,E0_500m
attack,3900.0,E0,600,3993.6000000000004,26.717166666666664,E0_600m
attack,3900.0,E0,700,3996.3999999999996,26.641666666666666,E0_700m
attack,3900.0,E0,800,3996.4,26.562666666666665,E0_800m
attack,3900.0,E0,900,4000.7999999999997,26.475166666666667,E0_900m
attack,3900.0,E0,1000,4010.4,26.379833333333337,E0_1000m
attack,3900.0,E0,1100,4012.7999999999997,26.298666666666666,E0_1100m
attack,3900.0,E0,1200,4010.8,26.22383333333333,E0_1200m
attack,3900.0,E0,1300,4006.8,26.142166666666668,E0_1300m
attack,3900.0,E0,1400,4004.4,26.0625,E0_1400m
attack,3900.0,E0,1500,4005.2000000000003,26.003499999999995,E0_1500m
attack,3900.0,E0,1600,4005.6000000000004,25.944333333333333,E0_1600m
attack,3900.0,E0,1700,4008.8,25.883833333333328,E0_1700m
attack,3900.0,E0,1800,4014.4,25.823666666666664,E0_1800m
attack,3900.0,E0,1900,4014.4,25.754,E0_1900m
attack,3900.0,E0,2000,4014.4,25.649500000000003,E0_2000m
attack,3900.0,E0,2100,4008.4,25.500999999999998,E0_2100m
attack,3900.0,E0,2200,4004.8,25.33,E0_2200m
attack,3900.0,E0,2300,4004.0,25.060000000000002,E0_2300m
attack,3900.0,E0,2400,4003.2,24.669333333333334,E0_2400m
attack,3900.0,E0,2500,4008.0,24.148333333333333,E0_2500m
attack,3900.0,E0,2600,4011.2000000000003,23.446166666666656,E0_2600m
attack,3900.0,E0,2700,4002.3999999999996,22.496166666666667,E0_2700m
attack,3900.0,E0,2800,4000.8,21.284833333333335,E0_2800m
attack,3900.0,E0,2900,3998.0,19.85066666666667,E0_2900m
attack,3900.0,E0,3000,4000.0,18.205333333333336,E0_3000m
attack,3900.0,E0,3100,4007.2,17.96216666666666,E0_3100m
attack,3900.0,E0,3200,4010.3999999999996,17.965333333333334,E0_3200m
attack,3900.0,E0,3300,4009.6,17.937166666666663,E0_3300m
attack,3900.0,E0,3400,4009.2,17.904666666666667,E0_3400m
attack,3900.0,E0,3500,4008.3999999999996,17.877,E0_3500m
attack,3900.0,E0,3600,4010.3999999999996,17.86133333333333,E0_3600m
attack,3900.0,E0,3700,4006.4,17.851166666666668,E0_3700m
attack,3900.0,E0,3800,4011.6000000000004,17.870166666666666,E0_3800m
attack,3900.0,E0,3900,4014.0,18.073166666666665,E0_3900m
attack,3900.0,E0,4000,4007.2,20.251166666666666,E0_4000m
attack,3900.0,E0,4100,4010.8,26.445333333333338,E0_4100m
attack,3900.0,E0,4200,4011.2000000000003,27.233166666666676,E0_4200m
attack,3900.0,E0,4300,4012.8,27.27316666666667,E0_4300m
attack,3900.0,E0,4400,4012.8,27.15683333333333,E0_4400m
attack,3900.0,E0,4500,4006.8,27.039499999999997,E0_4500m
attack,3900.0,E0,4600,4004.8,26.929333333333332,E0_4600m
attack,3900.0,E0,4700,4004.0,26.803166666666662,E0_4700m
attack,3900.0,E0,4800,4002.0,26.718000000000004,E0_4800m
attack,3900.0,E0,4900,3999.2000000000003,26.627833333333335,E0_4900m
attack,3900.0,E0,5000,3996.3999999999996,26.546666666666667,E0_5000m
attack,4200.0,E0,0,0.0,-1.0,E0_0m
attack,4200.0,E0,100,3995.6000000000004,25.767666666666663,E0_100m
attack,4200.0,E0,200,3995.2000000000003,26.672833333333333,E0_200m
attack,4200.0,E0,300,3989.2,26.864833333333337,E0_300m
attack,4200.0,E0,400,3982.4,26.887999999999998,E0_400m
attack,4200.0,E0,500,3976.4,26.848,E0_500m
attack,4200.0,E0,600,3969.6,26.79483333333333,E0_600m
attack,4200.0,E0,700,3962.7999999999997,26.730666666666668,E0_700m
attack,4200.0,E0,800,3959.6000000000004,26.669166666666662,E0_800m
attack,4200.0,E0,900,3953.2,26.6035,E0_900m
attack,4200.0,E0,1000,3946.3999999999996,26.531666666666666,E0_1000m
attack,4200.0,E0,1100,3940.7999999999997,26.443833333333338,E0_1100m
attack,4200.0,E0,1200,3937.6,26.37216666666667,E0_1200m
attack,4200.0,E0,1300,3932.0,26.291333333333327,E0_1300m
attack,4200.0,E0,1400,3930.0,26.231333333333332,E0_1400m
attack,4200.0,E0,1500,3930.0,26.159166666666664,E0_1500m
attack,4200.0,E0,1600,3929.2000000000003,26.069499999999998,E0_1600m
attack,4200.0,E0,1700,3934.0,25.983333333333334,E0_1700m
attack,4200.0,E0,1800,3930.8,25.869999999999997,E0_1800m
attack,4200.0,E0,1900,3939.2,25.723499999999994,E0_1900m
attack,4200.0,E0,2000,3944.8,25.523333333333333,E0_2000m
attack,4200.0,E0,2100,3943.6,25.251333333333328,E0_2100m
attack,4200.0,E0,2200,3942.4,24.826833333333333,E0_2200m
attack,4200.0,E0,2300,3940.8,24.153666666666673,E0_2300m
attack,4200.0,E0,2400,3933.2,23.1655,E0_2400m
attack,4200.0,E0,2500,3922.0,21.900999999999996,E0_2500m
attack,4200.0,E0,2600,3920.8,20.448666666666668,E0_2600m
attack,4200.0,E0,2700,3911.2,18.8795,E0_2700m
attack,4200.0,E0,2800,3904.0,17.352999999999994,E0_2800m
attack,4200.0,E0,2900,3890.3999999999996,15.893666666666665,E0_2900m
attack,4200.0,E0,3000,3868.8,14.067666666666664,E0_3000m
attack,4200.0,E0,3100,3840.0,13.650499999999997,E0_3100m
attack,4200.0,E0,3200,3815.2,13.549333333333333,E0_3200m
attack,4200.0,E0,3300,3792.0,13.509833333333333,E0_3300m
attack,4200.0,E0,3400,3774.8,13.484333333333336,E0_3400m
attack,4200.0,E0,3500,3757.2,13.474166666666665,E0_3500m
attack,4200.0,E0,3600,3727.6,13.466499999999996,E0_3600m
attack,4200.0,E0,3700,3708.8,13.458833333333338,E0_3700m
attack,4200.0,E0,3800,3680.0,13.461166666666667,E0_3800m
attack,4200.0,E0,3900,3651.2,13.577,E0_3900m
attack,4200.0,E0,4000,3642.4,15.998833333333334,E0_4000m
attack,4200.0,E0,4100,3636.8,25.570000000000004,E0_4100m
attack,4200.0,E0,4200,3641.2,27.878666666666668,E0_4200m
attack,4200.0,E0,4300,3644.8,28.066166666666668,E0_4300m
attack,4200.0,E0,4400,3654.4,27.993166666666667,E0_4400m
attack,4200.0,E0,4500,3657.6,27.872,E0_4500m
attack,4200.0,E0,4600,3661.2,27.763166666666663,E0_4600m
attack,4200.0,E0,4700,3668.3999999999996,27.6375,E0_4700m
attack,4200.0,E0,4800,3673.2,27.51933333333333,E0_4800m
attack,4200.0,E0,4900,3676.4,27.407499999999995,E0_4900m
attack,4200.0,E0,5000,3676.0,27.316166666666668,E0_5000m
attack,4500.0,E0,0,0.0,-1.0,E0_0m
attack,4500.0,E0,100,4027.2,25.149833333333333,E0_100m
attack,4500.0,E0,200,4023.2,26.0805,E0_200m
attack,4500.0,E0,300,4023.6000000000004,26.308666666666667,E0_300m
attack,4500.0,E0,400,4026.0,26.360666666666667,E0_400m
attack,4500.0,E0,500,4034.4,26.357333333333333,E0_500m
attack,4500.0,E0,600,4038.4,26.302999999999997,E0_600m
attack,4500.0,E0,700,4039.6000000000004,26.20216666666667,E0_700m
attack,4500.0,E0,800,4041.2000000000003,26.106166666666667,E0_800m
attack,4500.0,E0,900,4047.2,26.021166666666666,E0_900m
attack,4500.0,E0,1000,4050.0,25.930833333333332,E0_1000m
attack,4500.0,E0,1100,4052.0,25.835833333333333,E0_1100m
attack,4500.0,E0,1200,4060.4,25.749,E0_1200m
attack,4500.0,E0,1300,4064.4,25.665166666666668,E0_1300m
attack,4500.0,E0,1400,4065.6,25.584833333333336,E0_1400m
attack,4500.0,E0,1500,4064.3999999999996,25.499666666666663,E0_1500m
attack,4500.0,E0,1600,4062.4,25.410833333333336,E0_1600m
attack,4500.0,E0,1700,4054.0,25.2685,E0_1700m
attack,4500.0,E0,1800,4053.2000000000003,25.060333333333336,E0_1800m
attack,4500.0,E0,1900,4042.8,24.738500000000002,E0_1900m
attack,4500.0,E0,2000,4033.6,24.294166666666666,E0_2000m
attack,4500.0,E0,2100,4030.0,23.722499999999997,E0_2100m
attack,4500.0,E0,2200,4027.2,22.956000000000003,E0_2200m
attack,4500.0,E0,2300,4025.2,22.054166666666667,E0_2300m
attack,4500.0,E0,2400,4019.6000000000004,21.0445,E0_2400m
attack,4500.0,E0,2500,4014.0,19.956666666666663,E0_2500m
attack,4500.0,E0,2600,3995.6000000000004,18.82116666666667,E0_2600m
attack,4500.0,E0,2700,3993.6,17.672666666666665,E0_2700m
attack,4500.0,E0,2800,3986.8,16.540333333333333,E0_2800m
attack,4500.0,E0,2900,3980.3999999999996,15.3675,E0_2900m
attack,4500.0,E0,3000,3975.6000000000004,13.900000000000002,E0_3000m
attack,4500.0,E0,3100,3970.3999999999996,13.565833333333334,E0_3100m
attack,4500.0,E0,3200,3968.4,13.473166666666668,E0_3200m
attack,4500.0,E0,3300,3966.0,13.43766666666667,E0_3300m
attack,4500.0,E0,3400,3963.6,13.417666666666667,E0_3400m
attack,4500.0,E0,3500,3962.0,13.408333333333333,E0_3500m
attack,4500.0,E0,3600,3967.6000000000004,13.401166666666668,E0_3600m
attack,4500.0,E0,3700,3965.2,13.401666666666666,E0_3700m
attack,4500.0,E0,3800,3963.2,13.403500000000003,E0_3800m
attack,4500.0,E0,3900,3959.6,13.484666666666667,E0_3900m
attack,4500.0,E0,4000,3946.0,15.802166666666668,E0_4000m
attack,4500.0,E0,4100,3941.6,25.47566666666667,E0_4100m
attack,4500.0,E0,4200,3941.2,27.7595,E0_4200m
attack,4500.0,E0,4300,3935.6,27.889166666666664,E0_4300m
attack,4500.0,E0,4400,3928.0,27.75,E0_4400m
attack,4500.0,E0,4500,3928.4,27.617999999999995,E0_4500m
attack,4500.0,E0,4600,3925.6000000000004,27.488,E0_4600m
attack,4500.0,E0,4700,3928.8,27.3395,E0_4700m
attack,4500.0,E0,4800,3933.6000000000004,27.2245,E0_4800m
attack,4500.0,E0,4900,3934.0,27.118500000000004,E0_4900m
attack,4500.0,E0,5000,3934.0,27.036833333333334,E0_5000m
attack,4800.0,E0,0,0.0,-1.0,E0_0m
attack,4800.0,E0,100,4001.2,25.317166666666665,E0_100m
attack,4800.0,E0,200,4005.2,26.272000000000002,E0_200m
attack,4800.0,E0,300,4010.8,26.45666666666667,E0_300m
attack,4800.0,E0,400,4020.0,26.479000000000003,E0_400m
attack,4800.0,E0,500,4020.0,26.45216666666667,E0_500m
attack,4800.0,E0,600,4023.2,26.357666666666667,E0_600m
attack,4800.0,E0,700,4025.6,26.255833333333335,E0_700m
attack,4800.0,E0,800,4031.2,26.161,E0_800m
attack,4800.0,E0,900,4026.0,26.067666666666664,E0_900m
attack,4800.0,E0,1000,4018.4,25.9865,E0_1000m
attack,4800.0,E0,1100,4014.8,25.90983333333333,E0_1100m
attack,4800.0,E0,1200,4019.2,25.801333333333332,E0_1200m
attack,4800.0,E0,1300,4029.2000000000003,25.685166666666667,E0_1300m
attack,4800.0,E0,1400,4032.4,25.577166666666663,E0_1400m
attack,4800.0,E0,1500,4030.3999999999996,25.456166666666668,E0_1500m
attack,4800.0,E0,1600,4027.2,25.31466666666667,E0_1600m
attack,4800.0,E0,1700,4024.4,25.147666666666666,E0_1700m
attack,4800.0,E0,1800,4017.2,24.905000000000005,E0_1800m
attack,4800.0,E0,1900,4015.2000000000003,24.564166666666672,E0_1900m
attack,4800.0,E0,2000,4018.8,24.072166666666668,E0_2000m
attack,4800.0,E0,2100,4021.6000000000004,23.410999999999994,E0_2100m
attack,4800.0,E0,2200,4020.3999999999996,22.590833333333332,E0_2200m
attack,4800.0,E0,2300,4019.6000000000004,21.650833333333335,E0_2300m
attack,4800.0,E0,2400,4016.8,20.60483333333334,E0_2400m
attack,4800.0,E0,2500,4018.7999999999997,19.506500000000006,E0_2500m
attack,4800.0,E0,2600,4021.2,18.390666666666664,E0_2600m
attack,4800.0,E0,2700,4013.6,17.259333333333338,E0_2700m
attack,4800.0,E0,2800,4006.4,16.212333333333333,E0_2800m
attack,4800.0,E0,2900,4011.2,15.168166666666668,E0_2900m
attack,4800.0,E0,3000,4009.2,13.8595,E0_3000m
attack,4800.0,E0,3100,4011.2000000000003,13.544666666666668,E0_3100m
attack,4800.0,E0,3200,4005.6000000000004,13.464166666666667,E0_3200m
attack,4800.0,E0,3300,4005.6,13.429166666666665,E0_3300m
attack,4800.0,E0,3400,4003.2,13.417666666666666,E0_3400m
attack,4800.0,E0,3500,3999.6000000000004,13.408333333333335,E0_3500m
attack,4800.0,E0,3600,4002.0,13.398166666666668,E0_3600m
attack,4800.0,E0,3700,4009.2,13.393833333333337,E0_3700m
attack,4800.0,E0,3800,4009.2,13.395,E0_3800m
attack,4800.0,E0,3900,4012.8,13.493333333333332,E0_3900m
attack,4800.0,E0,4000,4017.6,15.872666666666667,E0_4000m
attack,4800.0,E0,4100,4018.0,25.3915,E0_4100m
attack,4800.0,E0,4200,4014.4,27.60216666666667,E0_4200m
attack,4800.0,E0,4300,4018.8,27.707666666666668,E0_4300m
attack,4800.0,E0,4400,4017.6,27.582166666666666,E0_4400m
attack,4800.0,E0,4500,4019.2000000000003,27.41583333333333,E0_4500m
attack,4800.0,E0,4600,4028.7999999999997,27.258166666666664,E0_4600m
attack,4800.0,E0,4700,4023.6000000000004,27.127166666666675,E0_4700m
attack,4800.0,E0,4800,4018.4,27.001833333333337,E0_4800m
attack,4800.0,E0,4900,4015.6,26.884333333333334,E0_4900m
attack,4800.0,E0,5000,4010.3999999999996,26.776000000000003,E0_5000m
attack,5100.0,E0,0,0.0,-1.0,E0_0m
attack,5100.0,E0,100,3958.4,25.3205,E0_100m
attack,5100.0,E0,200,3957.6,26.300666666666668,E0_200m
attack,5100.0,E0,300,3953.2000000000003,26.531666666666666,E0_300m
attack,5100.0,E0,400,3948.0,26.604833333333332,E0_400m
attack,5100.0,E0,500,3945.2000000000003,26.636833333333335,E0_500m
attack,5100.0,E0,600,3944.0,26.627166666666668,E0_600m
attack,5100.0,E0,700,3943.6000000000004,26.555499999999995,E0_700m
attack,5100.0,E0,800,3936.4,26.471999999999998,E0_800m
attack,5100.0,E0,900,3936.8,26.398666666666667,E0_900m
attack,5100.0,E0,1000,3940.0,26.332,E0_1000m
attack,5100.0,E0,1100,3940.3999999999996,26.262499999999996,E0_1100m
attack,5100.0,E0,1200,3937.2,26.188,E0_1200m
attack,5100.0,E0,1300,3929.6000000000004,26.111333333333334,E0_1300m
attack,5100.0,E0,1400,3923.6000000000004,26.006666666666664,E0_1400m
attack,5100.0,E0,1500,3920.0,25.88116666666667,E0_1500m
attack,5100.0,E0,1600,3922.4,25.703166666666668,E0_1600m
attack,5100.0,E0,1700,3928.3999999999996,25.448833333333333,E0_1700m
attack,5100.0,E0,1800,3938.3999999999996,25.110833333333332,E0_1800m
attack,5100.0,E0,1900,3948.0,24.63666666666667,E0_1900m
attack,5100.0,E0,2000,3946.8,24.012000000000004,E0_2000m
attack,5100.0,E0,2100,3948.4,23.22833333333333,E0_2100m
attack,5100.0,E0,2200,3952.3999999999996,22.332166666666666,E0_2200m
attack,5100.0,E0,2300,3952.0,21.331999999999994,E0_2300m
attack,5100.0,E0,2400,3964.4,20.30066666666667,E0_2400m
attack,5100.0,E0,2500,3968.3999999999996,19.23466666666667,E0_2500m
attack,5100.0,E0,2600,3974.0,18.206,E0_2600m
attack,5100.0,E0,2700,3977.6,17.186333333333334,E0_2700m
attack,5100.0,E0,2800,3984.3999999999996,16.214333333333332,E0_2800m
attack,5100.0,E0,2900,3984.4,15.186,E0_2900m
attack,5100.0,E0,3000,3989.6000000000004,13.845833333333335,E0_3000m
attack,5100.0,E0,3100,3992.3999999999996,13.545,E0_3100m
attack,5100.0,E0,3200,3996.3999999999996,13.466333333333335,E0_3200m
attack,5100.0,E0,3300,4002.8,13.4325,E0_3300m
attack,5100.0,E0,3400,4004.7999999999997,13.412333333333336,E0_3400m
attack,5100.0,E0,3500,4005.6000000000004,13.407333333333336,E0_3500m
attack,5100.0,E0,3600,4002.4,13.400333333333336,E0_3600m
attack,5100.0,E0,3700,3993.6,13.39766666666667,E0_3700m
attack,5100.0,E0,3800,3992.4,13.4045,E0_3800m
attack,5100.0,E0,3900,3991.2,13.503499999999999,E0_3900m
attack,5100.0,E0,4000,3991.6000000000004,15.854833333333334,E0_4000m
attack,5100.0,E0,4100,3990.8,25.380333333333336,E0_4100m
attack,5100.0,E0,4200,3994.4,27.569666666666663,E0_4200m
attack,5100.0,E0,4300,3996.0,27.68883333333333,E0_4300m
attack,5100.0,E0,4400,4004.8,27.58083333333333,E0_4400m
attack,5100.0,E0,4500,4005.2000000000003,27.458333333333332,E0_4500m
attack,5100.0,E0,4600,4000.0,27.341499999999996,E0_4600m
attack,5100.0,E0,4700,3997.6,27.220166666666664,E0_4700m
attack,5100.0,E0,4800,4000.7999999999997,27.105000000000004,E0_4800m
attack,5100.0,E0,4900,4016.0,26.996166666666667,E0_4900m
attack,5100.0,E0,5000,4018.3999999999996,26.903166666666667,E0_5000m
attack,5400.0,E0,0,0.0,-1.0,E0_0m
attack,5400.0,E0,100,4105.6,25.134999999999998,E0_100m
attack,5400.0,E0,200,4102.8,26.131333333333334,E0_200m
attack,5400.0,E0,300,4107.2,26.40116666666667,E0_300m
attack,5400.0,E0,400,4108.0,26.485499999999995,E0_400m
attack,5400.0,E0,500,4110.0,26.502,E0_500m
attack,5400.0,E0,600,4106.0,26.444,E0_600m
attack,5400.0,E0,700,4106.0,26.339333333333336,E0_700m
attack,5400.0,E0,800,4107.6,26.221166666666665,E0_800m
attack,5400.0,E0,900,4107.200000000001,26.109333333333332,E0_900m
attack,5400.0,E0,1000,4108.0,26.004833333333334,E0_1000m
attack,5400.0,E0,1100,4109.200000000001,25.902499999999996,E0_1100m
attack,5400.0,E0,1200,4099.2,25.785333333333334,E0_1200m
attack,5400.0,E0,1300,4091.6,25.663333333333334,E0_1300m
attack,5400.0,E0,1400,4091.6,25.50866666666667,E0_1400m
attack,5400.0,E0,1500,4092.4,25.307166666666667,E0_1500m
attack,5400.0,E0,1600,4082.8,25.076833333333337,E0_1600m
attack,5400.0,E0,1700,4072.4,24.797166666666666,E0_1700m
attack,5400.0,E0,1800,4058.0,24.466000000000008,E0_1800m
attack,5400.0,E0,1900,4043.2,24.096833333333336,E0_1900m
attack,5400.0,E0,2000,4038.4,23.63866666666667,E0_2000m
attack,5400.0,E0,2100,4036.0,23.08583333333333,E0_2100m
attack,5400.0,E0,2200,4034.0,22.371333333333332,E0_2200m
attack,5400.0,E0,2300,4036.4,21.491500000000002,E0_2300m
attack,5400.0,E0,2400,4028.0,20.469833333333334,E0_2400m
attack,5400.0,E0,2500,4030.3999999999996,19.408,E0_2500m
attack,5400.0,E0,2600,4023.2,18.343833333333336,E0_2600m
attack,5400.0,E0,2700,4018.0,17.299333333333333,E0_2700m
attack,5400.0,E0,2800,4007.2,16.293166666666664,E0_2800m
attack,5400.0,E0,2900,4000.3999999999996,15.260666666666665,E0_2900m
attack,5400.0,E0,3000,3996.8,13.875333333333332,E0_3000m
attack,5400.0,E0,3100,3994.0,13.5595,E0_3100m
attack,5400.0,E0,3200,3992.4,13.471,E0_3200m
attack,5400.0,E0,3300,3985.6000000000004,13.431833333333334,E0_3300m
attack,5400.0,E0,3400,3983.2,13.417333333333334,E0_3400m
attack,5400.0,E0,3500,3976.0,13.406833333333335,E0_3500m
attack,5400.0,E0,3600,3971.2,13.404500000000002,E0_3600m
attack,5400.0,E0,3700,3970.8,13.402666666666669,E0_3700m
attack,5400.0,E0,3800,3975.6,13.404833333333334,E0_3800m
attack,5400.0,E0,3900,3979.6,13.521166666666668,E0_3900m
attack,5400.0,E0,4000,3972.8,15.909666666666666,E0_4000m
attack,5400.0,E0,4100,3974.8,25.441,E0_4100m
attack,5400.0,E0,4200,3971.2000000000003,27.66683333333333,E0_4200m
attack,5400.0,E0,4300,3962.0,27.805500000000002,E0_4300m
attack,5400.0,E0,4400,3965.2,27.66616666666667,E0_4400m
attack,5400.0,E0,4500,3961.2000000000003,27.50633333333333,E0_4500m
attack,5400.0,E0,4600,3959.6,27.349666666666664,E0_4600m
attack,5400.0,E0,4700,3961.6,27.20733333333333,E0_4700m
attack,5400.0,E0,4800,3954.3999999999996,27.10833333333333,E0_4800m
attack,5400.0,E0,4900,3940.8,27.020166666666665,E0_4900m
attack,5400.0,E0,5000,3937.6,26.94916666666667,E0_5000m
attack,5700.0,E0,0,0.0,-1.0,E0_0m
attack,5700.0,E0,100,4018.4,25.1955,E0_100m
attack,5700.0,E0,200,4018.4,26.197333333333333,E0_200m
attack,5700.0,E0,300,4013.2,26.427833333333332,E0_300m
attack,5700.0,E0,400,4016.0,26.485333333333333,E0_400m
attack,5700.0,E0,500,4019.6,26.447000000000003,E0_500m
attack,5700.0,E0,600,4027.6000000000004,26.34833333333333,E0_600m
attack,5700.0,E0,700,4030.4,26.232333333333337,E0_700m
attack,5700.0,E0,800,4030.0,26.112166666666667,E0_800m
attack,5700.0,E0,900,4029.2,25.977000000000004,E0_900m
attack,5700.0,E0,1000,4031.2,25.85,E0_1000m
attack,5700.0,E0,1100,4030.0,25.744666666666674,E0_1100m
attack,5700.0,E0,1200,4032.0,25.636,E0_1200m
attack,5700.0,E0,1300,4034.0,25.504333333333335,E0_1300m
attack,5700.0,E0,1400,4024.8,25.32716666666667,E0_1400m
attack,5700.0,E0,1500,4023.6,25.12083333333333,E0_1500m
attack,5700.0,E0,1600,4034.0,24.868500000000004,E0_1600m
attack,5700.0,E0,1700,4037.6,24.537333333333336,E0_1700m
attack,5700.0,E0,1800,4042.0,24.103,E0_1800m
attack,5700.0,E0,1900,4042.8,23.573833333333333,E0_1900m
attack,5700.0,E0,2000,4042.8,22.913166666666672,E0_2000m
attack,5700.0,E0,2100,4036.0,22.130666666666663,E0_2100m
attack,5700.0,E0,2200,4036.0,21.28416666666667,E0_2200m
attack,5700.0,E0,2300,4030.8,20.41466666666667,E0_2300m
attack,5700.0,E0,2400,4026.3999999999996,19.504166666666666,E0_2400m
attack,5700.0,E0,2500,4016.7999999999997,18.543499999999995,E0_2500m
attack,5700.0,E0,2600,4016.8,17.583999999999996,E0_2600m
attack,5700.0,E0,2700,4027.2000000000003,16.685166666666667,E0_2700m
attack,5700.0,E0,2800,4036.3999999999996,15.822666666666665,E0_2800m
attack,5700.0,E0,2900,4036.0,14.966333333333331,E0_2900m
attack,5700.0,E0,3000,4034.0,13.800333333333333,E0_3000m
attack,5700.0,E0,3100,4033.6000000000004,13.525000000000002,E0_3100m
attack,5700.0,E0,3200,4031.2,13.4485,E0_3200m
attack,5700.0,E0,3300,4036.4,13.425,E0_3300m
attack,5700.0,E0,3400,4034.3999999999996,13.406,E0_3400m
attack,5700.0,E0,3500,4041.2,13.399333333333335,E0_3500m
attack,5700.0,E0,3600,4047.2,13.395000000000003,E0_3600m
attack,5700.0,E0,3700,4051.6,13.390666666666668,E0_3700m
attack,5700.0,E0,3800,4050.0,13.38966666666667,E0_3800m
attack,5700.0,E0,3900,4044.8,13.499833333333331,E0_3900m
attack,5700.0,E0,4000,4051.2,15.897499999999999,E0_4000m
attack,5700.0,E0,4100,4050.3999999999996,25.447666666666667,E0_4100m
attack,5700.0,E0,4200,4051.6,27.669999999999995,E0_4200m
attack,5700.0,E0,4300,4052.4,27.790499999999998,E0_4300m
attack,5700.0,E0,4400,4042.0,27.66733333333333,E0_4400m
attack,5700.0,E0,4500,4048.4,27.52733333333333,E0_4500m
attack,5700.0,E0,4600,4048.4,27.396500000000003,E0_4600m
attack,5700.0,E0,4700,4051.2,27.270666666666664,E0_4700m
attack,5700.0,E0,4800,4055.2,27.170666666666666,E0_4800m
attack,5700.0,E0,4900,4057.2,27.09016666666667,E0_4900m
attack,5700.0,E0,5000,4051.2,27.00933333333333,E0_5000m
attack,6000.0,E0,0,0.0,-1.0,E0_0m
attack,6000.0,E0,100,3922.0,23.4185,E0_100m
attack,6000.0,E0,200,3924.8,26.109833333333334,E0_200m
attack,6000.0,E0,300,3933.6,26.536166666666666,E0_300m
attack,6000.0,E0,400,3933.6,26.6055,E0_400m
attack,6000.0,E0,500,3934.8,26.5665,E0_500m
attack,6000.0,E0,600,3931.2,26.465666666666667,E0_600m
attack,6000.0,E0,700,3934.8,26.329499999999996,E0_700m
attack,6000.0,E0,800,3935.6000000000004,26.189999999999998,E0_800m
attack,6000.0,E0,900,3934.0,26.037166666666664,E0_900m
attack,6000.0,E0,1000,3931.2,25.879333333333335,E0_1000m
attack,6000.0,E0,1100,3932.4,25.71483333333333,E0_1100m
attack,6000.0,E0,1200,3934.3999999999996,25.47583333333333,E0_1200m
attack,6000.0,E0,1300,3931.2,25.161166666666666,E0_1300m
attack,6000.0,E0,1400,3929.6000000000004,24.69483333333333,E0_1400m
attack,6000.0,E0,1500,3920.0,24.01666666666667,E0_1500m
attack,6000.0,E0,1600,3897.6,23.07,E0_1600m
attack,6000.0,E0,1700,3867.2,21.77533333333333,E0_1700m
attack,6000.0,E0,1800,3827.6,19.993666666666666,E0_1800m
attack,6000.0,E0,1900,3768.3999999999996,18.00333333333333,E0_1900m
attack,6000.0,E0,2000,3684.4,15.808499999999999,E0_2000m
attack,6000.0,E0,2100,3585.2,13.682833333333333,E0_2100m
attack,6000.0,E0,2200,3465.6,11.794333333333334,E0_2200m
attack,6000.0,E0,2300,3344.3999999999996,10.279,E0_2300m
attack,6000.0,E0,2400,3222.0,9.007333333333332,E0_2400m
attack,6000.0,E0,2500,3103.2,7.961833333333333,E0_2500m
attack,6000.0,E0,2600,2988.3999999999996,7.052999999999999,E0_2600m
attack,6000.0,E0,2700,2872.0,6.323333333333332,E0_2700m
attack,6000.0,E0,2800,2762.8,5.714666666666667,E0_2800m
attack,6000.0,E0,2900,2668.8,5.233666666666666,E0_2900m
attack,6000.0,E0,3000,2578.0,5.159833333333333,E0_3000m
attack,6000.0,E0,3100,2529.6000000000004,6.288333333333333,E0_3100m
attack,6000.0,E0,3200,2494.4,6.119,E0_3200m
attack,6000.0,E0,3300,2448.0,5.946833333333334,E0_3300m
attack,6000.0,E0,3400,2408.3999999999996,5.813333333333333,E0_3400m
attack,6000.0,E0,3500,2368.8,6.512499999999999,E0_3500m
attack,6000.0,E0,3600,2397.6,12.207166666666666,E0_3600m
attack,6000.0,E0,3700,2423.2,13.302833333333329,E0_3700m
attack,6000.0,E0,3800,2472.3999999999996,13.531500000000001,E0_3800m
attack,6000.0,E0,3900,2511.2,13.846166666666665,E0_3900m
attack,6000.0,E0,4000,2550.0,15.367166666666664,E0_4000m
attack,6000.0,E0,4100,2577.2,24.177666666666664,E0_4100m
attack,6000.0,E0,4200,2598.0,25.897,E0_4200m
attack,6000.0,E0,4300,2625.6,25.633333333333336,E0_4300m
attack,6000.0,E0,4400,2646.8,25.087999999999997,E0_4400m
attack,6000.0,E0,4500,2660.0,25.2255,E0_4500m
attack,6000.0,E0,4600,2676.4,25.281666666666666,E0_4600m
attack,6000.0,E0,4700,2685.6,25.23416666666667,E0_4700m
attack,6000.0,E0,4800,2698.4,25.087000000000003,E0_4800m
attack,6000.0,E0,4900,2722.0,25.122666666666667,E0_4900m
attack,6000.0,E0,5000,2736.8,26.085500000000003,E0_5000m
attack,6300.0,E0,0,0.0,-1.0,E0_0m
attack,6300.0,E0,100,3950.0,21.79116666666667,E0_100m
attack,6300.0,E0,200,3941.6000000000004,26.044833333333337,E0_200m
attack,6300.0,E0,300,3929.2,26.08833333333334,E0_300m
attack,6300.0,E0,400,3914.0,25.419666666666668,E0_400m
attack,6300.0,E0,500,3886.4,24.487000000000002,E0_500m
attack,6300.0,E0,600,3854.8,23.281333333333336,E0_600m
attack,6300.0,E0,700,3800.0,21.683333333333337,E0_700m
attack,6300.0,E0,800,3736.0,19.637166666666666,E0_800m
attack,6300.0,E0,900,3652.3999999999996,17.34466666666667,E0_900m
attack,6300.0,E0,1000,3554.0,14.959166666666668,E0_1000m
attack,6300.0,E0,1100,3437.6000000000004,12.634333333333334,E0_1100m
attack,6300.0,E0,1200,3307.6,10.642666666666663,E0_1200m
attack,6300.0,E0,1300,3177.2,9.105833333333333,E0_1300m
attack,6300.0,E0,1400,3048.0,7.849666666666668,E0_1400m
attack,6300.0,E0,1500,2924.3999999999996,6.879833333333332,E0_1500m
attack,6300.0,E0,1600,2804.3999999999996,6.122666666666666,E0_1600m
attack,6300.0,E0,1700,2700.0,5.502333333333333,E0_1700m
attack,6300.0,E0,1800,2603.2,5.0200000000000005,E0_1800m
attack,6300.0,E0,1900,2530.0,4.695833333333333,E0_1900m
attack,6300.0,E0,2000,2484.0,4.474666666666666,E0_2000m
attack,6300.0,E0,2100,2455.6000000000004,4.3645,E0_2100m
attack,6300.0,E0,2200,2444.4,4.312999999999999,E0_2200m
attack,6300.0,E0,2300,2439.6000000000004,4.2860000000000005,E0_2300m
attack,6300.0,E0,2400,2441.2,4.281166666666667,E0_2400m
attack,6300.0,E0,2500,2440.8,4.2835,E0_2500m
attack,6300.0,E0,2600,2440.3999999999996,4.280166666666667,E0_2600m
attack,6300.0,E0,2700,2437.6,4.268333333333333,E0_2700m
attack,6300.0,E0,2800,2430.8,4.252833333333334,E0_2800m
attack,6300.0,E0,2900,2426.8,4.237,E0_2900m
attack,6300.0,E0,3000,2424.8,4.580333333333334,E0_3000m
attack,6300.0,E0,3100,2427.2,5.6626666666666665,E0_3100m
attack,6300.0,E0,3200,2424.0,5.652999999999999,E0_3200m
attack,6300.0,E0,3300,2422.3999999999996,5.665333333333335,E0_3300m
attack,6300.0,E0,3400,2424.0,5.649666666666667,E0_3400m
attack,6300.0,E0,3500,2414.0,6.439333333333334,E0_3500m
attack,6300.0,E0,3600,2414.0,12.782833333333333,E0_3600m
attack,6300.0,E0,3700,2419.6000000000004,14.276166666666668,E0_3700m
attack,6300.0,E0,3800,2417.2,14.308833333333332,E0_3800m
attack,6300.0,E0,3900,2425.6,14.315166666666666,E0_3900m
attack,6300.0,E0,4000,2421.2,15.879333333333333,E0_4000m
attack,6300.0,E0,4100,2411.6,25.2065,E0_4100m
attack,6300.0,E0,4200,2407.6000000000004,27.664,E0_4200m
attack,6300.0,E0,4300,2402.8,27.740333333333332,E0_4300m
attack,6300.0,E0,4400,2402.0,27.505833333333335,E0_4400m
attack,6300.0,E0,4500,2410.3999999999996,27.255333333333333,E0_4500m
attack,6300.0,E0,4600,2420.0,26.99066666666667,E0_4600m
attack,6300.0,E0,4700,2425.6,26.741666666666667,E0_4700m
attack,6300.0,E0,4800,2426.0,26.5895,E0_4800m
attack,6300.0,E0,4900,2419.2,26.587833333333336,E0_4900m
attack,6300.0,E0,5000,2411.6,26.965833333333332,E0_5000m
attack,6600.0,E0,0,0.0,-1.0,E0_0m
attack,6600.0,E0,100,3334.4,9.943666666666669,E0_100m
attack,6600.0,E0,200,3208.0,9.330166666666667,E0_200m
attack,6600.0,E0,300,3074.4,8.275166666666665,E0_300m
attack,6600.0,E0,400,2949.2,7.283833333333334,E0_400m
attack,6600.0,E0,500,2828.0,6.462333333333334,E0_500m
attack,6600.0,E0,600,2718.4,5.782166666666667,E0_600m
attack,6600.0,E0,700,2624.0,5.268333333333333,E0_700m
attack,6600.0,E0,800,2546.8,4.859833333333333,E0_800m
attack,6600.0,E0,900,2492.0,4.578833333333333,E0_900m
attack,6600.0,E0,1000,2454.4,4.374666666666667,E0_1000m
attack,6600.0,E0,1100,2433.6000000000004,4.2725,E0_1100m
attack,6600.0,E0,1200,2423.2,4.235833333333333,E0_1200m
attack,6600.0,E0,1300,2420.0,4.225333333333333,E0_1300m
attack,6600.0,E0,1400,2418.0,4.218,E0_1400m
attack,6600.0,E0,1500,2416.4,4.214666666666666,E0_1500m
attack,6600.0,E0,1600,2415.2,4.214333333333333,E0_1600m
attack,6600.0,E0,1700,2418.3999999999996,4.2123333333333335,E0_1700m
attack,6600.0,E0,1800,2418.0,4.209666666666667,E0_1800m
attack,6600.0,E0,1900,2420.8,4.21,E0_1900m
attack,6600.0,E0,2000,2419.2,4.209666666666666,E0_2000m
attack,6600.0,E0,2100,2420.4,4.213666666666667,E0_2100m
attack,6600.0,E0,2200,2423.6000000000004,4.220833333333333,E0_2200m
attack,6600.0,E0,2300,2427.2,4.231166666666668,E0_2300m
attack,6600.0,E0,2400,2430.8,4.2455,E0_2400m
attack,6600.0,E0,2500,2436.8,4.258166666666666,E0_2500m
attack,6600.0,E0,2600,2441.6000000000004,4.270333333333333,E0_2600m
attack,6600.0,E0,2700,2442.8,4.282833333333333,E0_2700m
attack,6600.0,E0,2800,2450.0,4.292999999999999,E0_2800m
attack,6600.0,E0,2900,2452.8,4.303333333333333,E0_2900m
attack,6600.0,E0,3000,2450.0,4.633666666666667,E0_3000m
attack,6600.0,E0,3100,2456.0,5.788833333333334,E0_3100m
attack,6600.0,E0,3200,2451.6,5.772,E0_3200m
attack,6600.0,E0,3300,2456.8,5.7506666666666675,E0_3300m
attack,6600.0,E0,3400,2448.8,5.7521666666666675,E0_3400m
attack,6600.0,E0,3500,2445.6000000000004,6.502333333333334,E0_3500m
attack,6600.0,E0,3600,2444.3999999999996,12.673000000000002,E0_3600m
attack,6600.0,E0,3700,2454.0,13.904499999999999,E0_3700m
attack,6600.0,E0,3800,2450.4,14.444666666666667,E0_3800m
attack,6600.0,E0,3900,2444.4,14.629500000000002,E0_3900m
attack,6600.0,E0,4000,2439.6000000000004,15.882666666666665,E0_4000m
attack,6600.0,E0,4100,2439.6000000000004,25.36116666666667,E0_4100m
attack,6600.0,E0,4200,2441.2,27.840833333333332,E0_4200m
attack,6600.0,E0,4300,2442.8,27.89783333333333,E0_4300m
attack,6600.0,E0,4400,2448.4,27.755333333333333,E0_4400m
attack,6600.0,E0,4500,2444.4,27.493333333333332,E0_4500m
attack,6600.0,E0,4600,2438.8,27.318999999999996,E0_4600m
attack,6600.0,E0,4700,2442.8,27.1205,E0_4700m
attack,6600.0,E0,4800,2454.0,26.91866666666667,E0_4800m
attack,6600.0,E0,4900,2453.2,26.882166666666663,E0_4900m
attack,6600.0,E0,5000,2448.8,27.138666666666666,E0_5000m
attack,6900.0,E0,0,0.0,-1.0,E0_0m
attack,6900.0,E0,100,2426.3999999999996,4.290166666666666,E0_100m
attack,6900.0,E0,200,2425.6,4.248333333333333,E0_200m
attack,6900.0,E0,300,2424.4,4.240166666666667,E0_300m
attack,6900.0,E0,400,2424.8,4.2405,E0_400m
attack,6900.0,E0,500,2430.0,4.2495,E0_500m
attack,6900.0,E0,600,2432.8,4.257666666666667,E0_600m
attack,6900.0,E0,700,2436.0,4.268999999999999,E0_700m
attack,6900.0,E0,800,2441.6,4.279166666666667,E0_800m
attack,6900.0,E0,900,2442.0,4.286333333333333,E0_900m
attack,6900.0,E0,1000,2447.2,4.292833333333333,E0_1000m
attack,6900.0,E0,1100,2446.8,4.298,E0_1100m
attack,6900.0,E0,1200,2450.8,4.300333333333333,E0_1200m
attack,6900.0,E0,1300,2448.8,4.300166666666667,E0_1300m
attack,6900.0,E0,1400,2449.2,4.300000000000001,E0_1400m
attack,6900.0,E0,1500,2448.0,4.298166666666667,E0_1500m
attack,6900.0,E0,1600,2448.0,4.293666666666666,E0_1600m
attack,6900.0,E0,1700,2441.6,4.2875,E0_1700m
attack,6900.0,E0,1800,2440.0,4.2843333333333335,E0_1800m
attack,6900.0,E0,1900,2438.0,4.2795000000000005,E0_1900m
attack,6900.0,E0,2000,2435.2,4.276666666666667,E0_2000m
attack,6900.0,E0,2100,2433.2,4.272333333333333,E0_2100m
attack,6900.0,E0,2200,2431.6000000000004,4.263833333333333,E0_2200m
attack,6900.0,E0,2300,2425.2,4.249166666666667,E0_2300m
attack,6900.0,E0,2400,2419.2,4.234000000000001,E0_2400m
attack,6900.0,E0,2500,2413.2,4.212999999999999,E0_2500m
attack,6900.0,E0,2600,2409.6000000000004,4.201833333333333,E0_2600m
attack,6900.0,E0,2700,2409.2,4.197666666666667,E0_2700m
attack,6900.0,E0,2800,2413.2,4.205166666666666,E0_2800m
attack,6900.0,E0,2900,2414.4,4.2115,E0_2900m
attack,6900.0,E0,3000,2421.6,4.566333333333333,E0_3000m
attack,6900.0,E0,3100,2420.8,5.6256666666666675,E0_3100m
attack,6900.0,E0,3200,2418.0,5.6240000000000006,E0_3200m
attack,6900.0,E0,3300,2412.0,5.627666666666668,E0_3300m
attack,6900.0,E0,3400,2416.3999999999996,5.6548333333333325,E0_3400m
attack,6900.0,E0,3500,2434.4,6.525499999999999,E0_3500m
attack,6900.0,E0,3600,2423.6,12.670500000000002,E0_3600m
attack,6900.0,E0,3700,2424.3999999999996,14.198,E0_3700m
attack,6900.0,E0,3800,2423.2,14.340833333333336,E0_3800m
attack,6900.0,E0,3900,2428.8,14.328666666666667,E0_3900m
attack,6900.0,E0,4000,2426.4,15.731333333333332,E0_4000m
attack,6900.0,E0,4100,2434.8,25.226166666666664,E0_4100m
attack,6900.0,E0,4200,2437.6,27.72633333333333,E0_4200m
attack,6900.0,E0,4300,2436.4,27.822499999999998,E0_4300m
attack,6900.0,E0,4400,2431.6,27.577666666666666,E0_4400m
attack,6900.0,E0,4500,2422.8,27.323333333333338,E0_4500m
attack,6900.0,E0,4600,2411.2,27.04266666666667,E0_4600m
attack,6900.0,E0,4700,2407.6,26.921166666666664,E0_4700m
attack,6900.0,E0,4800,2400.4,26.762500000000003,E0_4800m
attack,6900.0,E0,4900,2402.8,26.787833333333335,E0_4900m
attack,6900.0,E0,5000,2396.0,27.121833333333335,E0_5000m
attack,7200.0,E0,0,0.0,-1.0,E0_0m
attack,7200.0,E0,100,2437.2,4.297666666666667,E0_100m
attack,7200.0,E0,200,2432.0,4.259666666666667,E0_200m
attack,7200.0,E0,300,2428.0,4.25,E0_300m
attack,7200.0,E0,400,2426.0,4.241666666666667,E0_400m
attack,7200.0,E0,500,2421.2,4.233333333333333,E0_500m
attack,7200.0,E0,600,2418.3999999999996,4.224666666666667,E0_600m
attack,7200.0,E0,700,2419.6,4.2195,E0_700m
attack,7200.0,E0,800,2417.2,4.218,E0_800m
attack,7200.0,E0,900,2421.6000000000004,4.2170000000000005,E0_900m
attack,7200.0,E0,1000,2416.4,4.219833333333334,E0_1000m
attack,7200.0,E0,1100,2420.4,4.227333333333333,E0_1100m
attack,7200.0,E0,1200,2421.2,4.237,E0_1200m
attack,7200.0,E0,1300,2426.3999999999996,4.245833333333332,E0_1300m
attack,7200.0,E0,1400,2426.3999999999996,4.2521666666666675,E0_1400m
attack,7200.0,E0,1500,2431.6000000000004,4.262666666666666,E0_1500m
attack,7200.0,E0,1600,2434.8,4.271,E0_1600m
attack,7200.0,E0,1700,2434.8,4.276000000000001,E0_1700m
attack,7200.0,E0,1800,2440.0,4.279166666666667,E0_1800m
attack,7200.0,E0,1900,2440.4,4.283833333333333,E0_1900m
attack,7200.0,E0,2000,2442.0,4.2865,E0_2000m
attack,7200.0,E0,2100,2443.6000000000004,4.288833333333333,E0_2100m
attack,7200.0,E0,2200,2443.2,4.289999999999999,E0_2200m
attack,7200.0,E0,2300,2443.2,4.291833333333333,E0_2300m
attack,7200.0,E0,2400,2445.2,4.290166666666666,E0_2400m
attack,7200.0,E0,2500,2444.0,4.2905,E0_2500m
attack,7200.0,E0,2600,2440.8,4.280666666666667,E0_2600m
attack,7200.0,E0,2700,2434.3999999999996,4.2635000000000005,E0_2700m
attack,7200.0,E0,2800,2425.2,4.238833333333334,E0_2800m
attack,7200.0,E0,2900,2420.3999999999996,4.215333333333334,E0_2900m
attack,7200.0,E0,3000,2415.6000000000004,4.5568333333333335,E0_3000m
attack,7200.0,E0,3100,2413.6,5.6175000000000015,E0_3100m
attack,7200.0,E0,3200,2424.8,5.621333333333332,E0_3200m
attack,7200.0,E0,3300,2433.6,5.6146666666666665,E0_3300m
attack,7200.0,E0,3400,2440.8,5.641,E0_3400m
attack,7200.0,E0,3500,2428.0,6.389666666666666,E0_3500m
attack,7200.0,E0,3600,2440.0,12.665666666666663,E0_3600m
attack,7200.0,E0,3700,2439.6000000000004,14.223166666666668,E0_3700m
attack,7200.0,E0,3800,2435.2,14.384166666666667,E0_3800m
attack,7200.0,E0,3900,2422.3999999999996,14.556000000000001,E0_3900m
attack,7200.0,E0,4000,2425.2,15.828499999999998,E0_4000m
attack,7200.0,E0,4100,2416.4,25.35633333333333,E0_4100m
attack,7200.0,E0,4200,2407.2,28.008833333333335,E0_4200m
attack,7200.0,E0,4300,2398.0,28.177,E0_4300m
attack,7200.0,E0,4400,2389.6000000000004,28.03066666666667,E0_4400m
attack,7200.0,E0,4500,2393.2,27.828166666666664,E0_4500m
attack,7200.0,E0,4600,2406.8,27.508833333333335,E0_4600m
attack,7200.0,E0,4700,2404.8,27.251666666666665,E0_4700m
attack,7200.0,E0,4800,2407.2,26.972500000000004,E0_4800m
attack,7200.0,E0,4900,2410.0,26.940666666666665,E0_4900m
attack,7200.0,E0,5000,2402.8,27.176833333333335,E0_5000m
attack,7500.0,E0,0,0.0,-1.0,E0_0m
attack,7500.0,E0,100,2439.6000000000004,4.314166666666667,E0_100m
attack,7500.0,E0,200,2439.2,4.283833333333333,E0_200m
attack,7500.0,E0,300,2440.0,4.282833333333333,E0_300m
attack,7500.0,E0,400,2438.4,4.279333333333334,E0_400m
attack,7500.0,E0,500,2438.3999999999996,4.274500000000001,E0_500m
attack,7500.0,E0,600,2432.8,4.268666666666666,E0_600m
attack,7500.0,E0,700,2430.3999999999996,4.260000000000001,E0_700m
attack,7500.0,E0,800,2426.8,4.251166666666666,E0_800m
attack,7500.0,E0,900,2422.0,4.243833333333333,E0_900m
attack,7500.0,E0,1000,2424.8,4.238666666666668,E0_1000m
attack,7500.0,E0,1100,2424.3999999999996,4.234833333333333,E0_1100m
attack,7500.0,E0,1200,2424.3999999999996,4.235,E0_1200m
attack,7500.0,E0,1300,2423.6000000000004,4.236166666666667,E0_1300m
attack,7500.0,E0,1400,2428.8,4.242666666666667,E0_1400m
attack,7500.0,E0,1500,2429.6,4.248833333333334,E0_1500m
attack,7500.0,E0,1600,2432.8,4.260166666666667,E0_1600m
attack,7500.0,E0,1700,2438.3999999999996,4.2700000000000005,E0_1700m
attack,7500.0,E0,1800,2442.0,4.282499999999999,E0_1800m
attack,7500.0,E0,1900,2444.8,4.2935,E0_1900m
attack,7500.0,E0,2000,2448.0,4.304666666666666,E0_2000m
attack,7500.0,E0,2100,2448.0,4.310666666666666,E0_2100m
attack,7500.0,E0,2200,2450.8,4.3118333333333325,E0_2200m
attack,7500.0,E0,2300,2450.4,4.311,E0_2300m
attack,7500.0,E0,2400,2450.4,4.309833333333333,E0_2400m
attack,7500.0,E0,2500,2449.2,4.3135,E0_2500m
attack,7500.0,E0,2600,2446.0,4.312833333333333,E0_2600m
attack,7500.0,E0,2700,2446.4,4.309166666666666,E0_2700m
attack,7500.0,E0,2800,2444.4,4.302,E0_2800m
attack,7500.0,E0,2900,2444.0,4.293833333333334,E0_2900m
attack,7500.0,E0,3000,2440.8,4.634499999999999,E0_3000m
attack,7500.0,E0,3100,2440.8,5.7705,E0_3100m
attack,7500.0,E0,3200,2434.0,5.744833333333334,E0_3200m
attack,7500.0,E0,3300,2436.0,5.734833333333333,E0_3300m
attack,7500.0,E0,3400,2432.4,5.706833333333334,E0_3400m
attack,7500.0,E0,3500,2438.0,6.5335,E0_3500m
attack,7500.0,E0,3600,2437.6,12.806166666666666,E0_3600m
attack,7500.0,E0,3700,2438.3999999999996,14.036166666666666,E0_3700m
attack,7500.0,E0,3800,2433.2,14.54166666666667,E0_3800m
attack,7500.0,E0,3900,2437.6,14.607333333333333,E0_3900m
attack,7500.0,E0,4000,2440.8,15.894833333333334,E0_4000m
attack,7500.0,E0,4100,2450.8,25.342,E0_4100m
attack,7500.0,E0,4200,2449.2,27.922333333333334,E0_4200m
attack,7500.0,E0,4300,2455.6000000000004,27.993,E0_4300m
attack,7500.0,E0,4400,2460.0,27.86666666666667,E0_4400m
attack,7500.0,E0,4500,2462.8,27.655,E0_4500m
attack,7500.0,E0,4600,2464.0,27.42,E0_4600m
attack,7500.0,E0,4700,2464.0,27.178166666666662,E0_4700m
attack,7500.0,E0,4800,2468.8,27.0075,E0_4800m
attack,7500.0,E0,4900,2470.4,26.9415,E0_4900m
attack,7500.0,E0,5000,2464.0,27.207666666666668,E0_5000m
base,0.0,E0,0,0.0,-1.0,E0_0m
base,0.0,E0,100,3858.3999999999996,27.4895,E0_100m
base,0.0,E0,200,3811.2,27.418333333333333,E0_200m
base,0.0,E0,300,3759.6000000000004,27.262999999999998,E0_300m
base,0.0,E0,400,3708.0,27.108999999999998,E0_400m
base,0.0,E0,500,3658.0,26.982333333333337,E0_500m
base,0.0,E0,600,3609.6000000000004,26.858333333333334,E0_600m
base,0.0,E0,700,3558.3999999999996,26.750666666666664,E0_700m
base,0.0,E0,800,3510.0,26.660333333333334,E0_800m
base,0.0,E0,900,3461.6000000000004,26.581333333333333,E0_900m
base,0.0,E0,1000,3408.4,26.509166666666665,E0_1000m
base,0.0,E0,1100,3360.0,26.43033333333333,E0_1100m
base,0.0,E0,1200,3308.0,26.37583333333333,E0_1200m
base,0.0,E0,1300,3255.6000000000004,26.316499999999998,E0_1300m
base,0.0,E0,1400,3203.2,26.270666666666664,E0_1400m
base,0.0,E0,1500,3152.0,26.220333333333333,E0_1500m
base,0.0,E0,1600,3102.4,26.175333333333334,E0_1600m
base,0.0,E0,1700,3051.2,26.141999999999996,E0_1700m
base,0.0,E0,1800,2996.8,26.097333333333335,E0_1800m
base,0.0,E0,1900,2942.4,26.074166666666667,E0_1900m
base,0.0,E0,2000,2896.4,26.0715,E0_2000m
base,0.0,E0,2100,2848.4,26.0595,E0_2100m
base,0.0,E0,2200,2808.0,26.0305,E0_2200m
base,0.0,E0,2300,2766.0,26.002499999999998,E0_2300m
base,0.0,E0,2400,2726.4,25.981666666666666,E0_2400m
base,0.0,E0,2500,2681.6,25.947499999999998,E0_2500m
base,0.0,E0,2600,2632.8,25.917833333333334,E0_2600m
base,0.0,E0,2700,2576.0,25.91333333333333,E0_2700m
base,0.0,E0,2800,2528.8,25.912,E0_2800m
base,0.0,E0,2900,2478.0,25.9065,E0_2900m
base,0.0,E0,3000,2424.0,25.878,E0_3000m
base,0.0,E0,3100,2373.6000000000004,25.867166666666666,E0_3100m
base,0.0,E0,3200,2315.6000000000004,25.8735,E0_3200m
base,0.0,E0,3300,2255.2,25.878999999999998,E0_3300m
base,0.0,E0,3400,2199.2,25.889000000000003,E0_3400m
base,0.0,E0,3500,2145.2,25.90083333333333,E0_3500m
base,0.0,E0,3600,2092.4,25.915,E0_3600m
base,0.0,E0,3700,2030.0,25.939166666666665,E0_3700m
base,0.0,E0,3800,1972.4,25.951833333333333,E0_3800m
base,0.0,E0,3900,1913.6,25.988666666666667,E0_3900m
base,0.0,E0,4000,1862.0,26.03616666666667,E0_4000m
base,0.0,E0,4100,1806.0,26.10216666666667,E0_4100m
base,0.0,E0,4200,1759.2,26.15416666666667,E0_4200m
base,0.0,E0,4300,1704.4,26.23666666666667,E0_4300m
base,0.0,E0,4400,1650.4,26.2735,E0_4400m
base,0.0,E0,4500,1600.0,26.2895,E0_4500m
base,0.0,E0,4600,1556.0,26.32333333333333,E0_4600m
base,0.0,E0,4700,1508.0,26.35166666666667,E0_4700m
base,0.0,E0,4800,1466.0,26.369333333333334,E0_4800m
base,0.0,E0,4900,1417.1999999999998,26.410999999999998,E0_4900m
base,0.0,E0,5000,1372.8,26.457166666666666,E0_5000m
base,300.0,E0,0,0.0,-1.0,E0_0m
base,300.0,E0,100,4065.2,26.8505,E0_100m
base,300.0,E0,200,4063.2000000000003,26.969166666666666,E0_200m
base,300.0,E0,300,4062.4,26.875833333333333,E0_300m
base,300.0,E0,400,4061.6,26.747666666666667,E0_400m
base,300.0,E0,500,4062.0,26.636333333333333,E0_500m
base,300.0,E0,600,4058.8,26.526000000000003,E0_600m
base,300.0,E0,700,4063.2000000000003,26.40083333333333,E0_700m
base,300.0,E0,800,4057.2000000000003,26.295333333333332,E0_800m
base,300.0,E0,900,4055.2,26.207166666666666,E0_900m
base,300.0,E0,1000,4056.8,26.134833333333333,E0_1000m
base,300.0,E0,1100,4056.7999999999997,26.034666666666674,E0_1100m
base,300.0,E0,1200,4063.6000000000004,25.928,E0_1200m
base,300.0,E0,1300,4062.0,25.843000000000004,E0_1300m
base,300.0,E0,1400,4056.8,25.775000000000002,E0_1400m
base,300.0,E0,1500,4058.8,25.71783333333334,E0_1500m
base,300.0,E0,1600,4064.0,25.66683333333333,E0_1600m
base,300.0,E0,1700,4066.0,25.627999999999997,E0_1700m
base,300.0,E0,1800,4070.8,25.575000000000003,E0_1800m
base,300.0,E0,1900,4068.4,25.514166666666664,E0_1900m
base,300.0,E0,2000,4059.6000000000004,25.454500000000003,E0_2000m
base,300.0,E0,2100,4056.0,25.392333333333333,E0_2100m
base,300.0,E0,2200,4050.0,25.35033333333333,E0_2200m
base,300.0,E0,2300,4046.0,25.311833333333333,E0_2300m
base,300.0,E0,2400,4037.6000000000004,25.2735,E0_2400m
base,300.0,E0,2500,4037.6,25.245,E0_2500m
base,300.0,E0,2600,4035.2,25.214166666666667,E0_2600m
base,300.0,E0,2700,4036.0,25.17333333333333,E0_2700m
base,300.0,E0,2800,4032.8,25.161166666666666,E0_2800m
base,300.0,E0,2900,4035.6,25.152499999999996,E0_2900m
base,300.0,E0,3000,4034.8,25.143166666666666,E0_3000m
base,300.0,E0,3100,4029.6,25.124666666666666,E0_3100m
base,300.0,E0,3200,4028.8,25.117833333333333,E0_3200m
base,300.0,E0,3300,4031.2,25.103666666666665,E0_3300m
base,300.0,E0,3400,4032.4,25.085499999999996,E0_3400m
base,300.0,E0,3500,4032.3999999999996,25.0475,E0_3500m
base,300.0,E0,3600,4030.3999999999996,25.016499999999997,E0_3600m
base,300.0,E0,3700,4033.6,25.006666666666668,E0_3700m
base,300.0,E0,3800,4028.0,24.997,E0_3800m
base,300.0,E0,3900,4027.6,24.970333333333333,E0_3900m
base,300.0,E0,4000,4019.6,24.951,E0_4000m
base,300.0,E0,4100,4020.0,24.930000000000003,E0_4100m
base,300.0,E0,4200,4006.8,24.918333333333333,E0_4200m
base,300.0,E0,4300,4003.2,24.911833333333334,E0_4300m
base,300.0,E0,4400,4001.2000000000003,24.90766666666667,E0_4400m
base,300.0,E0,4500,3994.0,24.898666666666667,E0_4500m
base,300.0,E0,4600,3982.0,24.887666666666668,E0_4600m
base,300.0,E0,4700,3969.2,24.901666666666664,E0_4700m
base,300.0,E0,4800,3954.3999999999996,24.939499999999995,E0_4800m
base,300.0,E0,4900,3945.6000000000004,24.978833333333334,E0_4900m
base,300.0,E0,5000,3928.4,25.020166666666668,E0_5000m
base,600.0,E0,0,0.0,-1.0,E0_0m
base,600.0,E0,100,4042.4,26.91616666666667,E0_100m
base,600.0,E0,200,4040.0,26.9825,E0_200m
base,600.0,E0,300,4042.0,26.888166666666663,E0_300m
base,600.0,E0,400,4043.6000000000004,26.786166666666666,E0_400m
base,600.0,E0,500,4044.8,26.683833333333332,E0_500m
base,600.0,E0,600,4044.8,26.577,E0_600m
base,600.0,E0,700,4044.4,26.4715,E0_700m
base,600.0,E0,800,4050.4,26.344666666666665,E0_800m
base,600.0,E0,900,4050.0,26.2305,E0_900m
base,600.0,E0,1000,4047.2000000000003,26.121999999999996,E0_1000m
base,600.0,E0,1100,4040.8,26.02966666666667,E0_1100m
base,600.0,E0,1200,4034.4,25.94,E0_1200m
base,600.0,E0,1300,4035.6,25.8625,E0_1300m
base,600.0,E0,1400,4045.2,25.760166666666663,E0_1400m
base,600.0,E0,1500,4042.0,25.6825,E0_1500m
base,600.0,E0,1600,4036.0,25.613666666666667,E0_1600m
base,600.0,E0,1700,4030.7999999999997,25.538166666666665,E0_1700m
base,600.0,E0,1800,4030.0,25.455166666666667,E0_1800m
base,600.0,E0,1900,4037.6,25.386166666666664,E0_1900m
base,600.0,E0,2000,4046.0,25.345666666666666,E0_2000m
base,600.0,E0,2100,4050.4,25.311,E0_2100m
base,600.0,E0,2200,4043.6000000000004,25.266666666666666,E0_2200m
base,600.0,E0,2300,4038.8,25.232666666666667,E0_2300m
base,600.0,E0,2400,4038.0,25.218666666666664,E0_2400m
base,600.0,E0,2500,4025.2,25.193500000000004,E0_2500m
base,600.0,E0,2600,4022.4,25.157166666666665,E0_2600m
base,600.0,E0,2700,4023.2,25.142333333333333,E0_2700m
base,600.0,E0,2800,4019.6000000000004,25.143,E0_2800m
base,600.0,E0,2900,4008.4,25.1425,E0_2900m
base,600.0,E0,3000,4005.2,25.15233333333333,E0_3000m
base,600.0,E0,3100,4000.3999999999996,25.1435,E0_3100m
base,600.0,E0,3200,4000.0,25.123666666666665,E0_3200m
base,600.0,E0,3300,4001.6,25.107499999999998,E0_3300m
base,600.0,E0,3400,3997.2000000000003,25.091833333333334,E0_3400m
base,600.0,E0,3500,3984.7999999999997,25.082666666666668,E0_3500m
base,600.0,E0,3600,3980.0,25.073833333333333,E0_3600m
base,600.0,E0,3700,3978.3999999999996,25.056,E0_3700m
base,600.0,E0,3800,3981.2,25.039666666666662,E0_3800m
base,600.0,E0,3900,3975.6,25.02983333333333,E0_3900m
base,600.0,E0,4000,3973.2,25.021499999999996,E0_4000m
base,600.0,E0,4100,3975.2,25.015666666666668,E0_4100m
base,600.0,E0,4200,3982.0,25.011166666666668,E0_4200m
base,600.0,E0,4300,3990.8,25.016499999999997,E0_4300m
base,600.0,E0,4400,3990.3999999999996,25.03,E0_4400m
base,600.0,E0,4500,3992.4,25.039666666666665,E0_4500m
base,600.0,E0,4600,3996.8,25.045999999999996,E0_4600m
base,600.0,E0,4700,4003.6,25.070333333333338,E0_4700m
base,600.0,E0,4800,4010.0,25.10266666666666,E0_4800m
base,600.0,E0,4900,4010.4,25.141,E0_4900m
base,600.0,E0,5000,4016.0,25.186666666666667,E0_5000m
base,900.0,E0,0,0.0,-1.0,E0_0m
base,900.0,E0,100,3964.3999999999996,26.774,E0_100m
base,900.0,E0,200,3974.0,26.900666666666666,E0_200m
base,900.0,E0,300,3977.2,26.819333333333333,E0_300m
base,900.0,E0,400,3981.2,26.696000000000005,E0_400m
base,900.0,E0,500,3980.8,26.551833333333335,E0_500m
base,900.0,E0,600,3980.8,26.424499999999995,E0_600m
base,900.0,E0,700,3976.8,26.2875,E0_700m
base,900.0,E0,800,3977.6000000000004,26.151666666666664,E0_800m
base,900.0,E0,900,3976.8,26.043833333333332,E0_900m
base,900.0,E0,1000,3980.0,25.949999999999996,E0_1000m
base,900.0,E0,1100,3984.8,25.8525,E0_1100m
base,900.0,E0,1200,3984.4,25.747666666666667,E0_1200m
base,900.0,E0,1300,3985.6,25.6595,E0_1300m
base,900.0,E0,1400,3984.4,25.566000000000003,E0_1400m
base,900.0,E0,1500,3985.2,25.484833333333327,E0_1500m
base,900.0,E0,1600,3984.0,25.427166666666665,E0_1600m
base,900.0,E0,1700,3984.4,25.35,E0_1700m
base,900.0,E0,1800,3984.0,25.2895,E0_1800m
base,900.0,E0,1900,3979.6,25.235166666666665,E0_1900m
base,900.0,E0,2000,3976.3999999999996,25.1815,E0_2000m
base,900.0,E0,2100,3974.3999999999996,25.131666666666668,E0_2100m
base,900.0,E0,2200,3977.2,25.075666666666663,E0_2200m
base,900.0,E0,2300,3970.4,25.023166666666665,E0_2300m
base,900.0,E0,2400,3962.8,24.97783333333333,E0_2400m
base,900.0,E0,2500,3965.6,24.928833333333333,E0_2500m
base,900.0,E0,2600,3966.0,24.901833333333332,E0_2600m
base,900.0,E0,2700,3965.6,24.890166666666666,E0_2700m
base,900.0,E0,2800,3960.0,24.875833333333336,E0_2800m
base,900.0,E0,2900,3959.6,24.834999999999997,E0_2900m
base,900.0,E0,3000,3957.6,24.788166666666665,E0_3000m
base,900.0,E0,3100,3959.6,24.736833333333337,E0_3100m
base,900.0,E0,3200,3958.8,24.715666666666664,E0_3200m
base,900.0,E0,3300,3958.0,24.689666666666668,E0_3300m
base,900.0,E0,3400,3958.0,24.67066666666667,E0_3400m
base,900.0,E0,3500,3966.8,24.6575,E0_3500m
base,900.0,E0,3600,3976.3999999999996,24.650166666666664,E0_3600m
base,900.0,E0,3700,3978.3999999999996,24.636,E0_3700m
base,900.0,E0,3800,3989.2,24.616500000000002,E0_3800m
base,900.0,E0,3900,4005.2,24.594833333333334,E0_3900m
base,900.0,E0,4000,4017.6,24.581166666666668,E0_4000m
base,900.0,E0,4100,4025.6000000000004,24.579166666666666,E0_4100m
base,900.0,E0,4200,4030.0,24.581833333333336,E0_4200m
base,900.0,E0,4300,4028.0,24.594166666666666,E0_4300m
base,900.0,E0,4400,4028.4,24.60216666666667,E0_4400m
base,900.0,E0,4500,4024.0,24.62966666666667,E0_4500m
base,900.0,E0,4600,4019.6,24.66433333333333,E0_4600m
base,900.0,E0,4700,4021.2,24.694000000000003,E0_4700m
base,900.0,E0,4800,4018.4,24.737333333333332,E0_4800m
base,900.0,E0,4900,4022.4,24.782,E0_4900m
base,900.0,E0,5000,4017.2,24.83683333333333,E0_5000m
base,1200.0,E0,0,0.0,-1.0,E0_0m
base,1200.0,E0,100,3980.8,26.914,E0_100m
base,1200.0,E0,200,3972.0,27.019833333333338,E0_200m
base,1200.0,E0,300,3966.4,26.943000000000005,E0_300m
base,1200.0,E0,400,3963.2,26.852333333333334,E0_400m
base,1200.0,E0,500,3958.4,26.738999999999997,E0_500m
base,1200.0,E0,600,3960.3999999999996,26.636833333333335,E0_600m
base,1200.0,E0,700,3961.2,26.555666666666667,E0_700m
base,1200.0,E0,800,3959.2,26.460333333333335,E0_800m
base,1200.0,E0,900,3960.8,26.3735,E0_900m
base,1200.0,E0,1000,3955.2,26.301499999999997,E0_1000m
base,1200.0,E0,1100,3952.0,26.229166666666664,E0_1100m
base,1200.0,E0,1200,3952.3999999999996,26.157833333333336,E0_1200m
base,1200.0,E0,1300,3958.8,26.084333333333333,E0_1300m
base,1200.0,E0,1400,3949.6,25.989666666666672,E0_1400m
base,1200.0,E0,1500,3950.4,25.912166666666668,E0_1500m
base,1200.0,E0,1600,3956.0,25.832666666666668,E0_1600m
base,1200.0,E0,1700,3960.8,25.760333333333328,E0_1700m
base,1200.0,E0,1800,3965.2,25.69533333333333,E0_1800m
base,1200.0,E0,1900,3969.2,25.644,E0_1900m
base,1200.0,E0,2000,3964.8,25.58866666666667,E0_2000m
base,1200.0,E0,2100,3958.3999999999996,25.5385,E0_2100m
base,1200.0,E0,2200,3958.7999999999997,25.477833333333333,E0_2200m
base,1200.0,E0,2300,3972.0,25.41916666666667,E0_2300m
base,1200.0,E0,2400,3979.6000000000004,25.360666666666667,E0_2400m
base,1200.0,E0,2500,3980.4,25.313333333333333,E0_2500m
base,1200.0,E0,2600,3980.3999999999996,25.241166666666665,E0_2600m
base,1200.0,E0,2700,3989.6000000000004,25.177166666666665,E0_2700m
base,1200.0,E0,2800,4000.3999999999996,25.120333333333335,E0_2800m
base,1200.0,E0,2900,4013.2,25.067,E0_2900m
base,1200.0,E0,3000,4022.0,25.02166666666667,E0_3000m
base,1200.0,E0,3100,4025.6000000000004,24.983166666666666,E0_3100m
base,1200.0,E0,3200,4030.8,24.948500000000003,E0_3200m
base,1200.0,E0,3300,4034.4,24.917499999999997,E0_3300m
base,1200.0,E0,3400,4039.6000000000004,24.904000000000003,E0_3400m
base,1200.0,E0,3500,4041.6000000000004,24.896333333333335,E0_3500m
base,1200.0,E0,3600,4036.7999999999997,24.886166666666668,E0_3600m
base,1200.0,E0,3700,4042.0,24.865500000000004,E0_3700m
base,1200.0,E0,3800,4034.4,24.8285,E0_3800m
base,1200.0,E0,3900,4030.4,24.812333333333335,E0_3900m
base,1200.0,E0,4000,4028.8,24.788500000000006,E0_4000m
base,1200.0,E0,4100,4025.6,24.756333333333334,E0_4100m
base,1200.0,E0,4200,4029.2,24.738166666666665,E0_4200m
base,1200.0,E0,4300,4029.6,24.727833333333336,E0_4300m
base,1200.0,E0,4400,4024.4,24.7115,E0_4400m
base,1200.0,E0,4500,4026.4,24.72116666666667,E0_4500m
base,1200.0,E0,4600,4030.3999999999996,24.732666666666674,E0_4600m
base,1200.0,E0,4700,4029.6,24.773333333333333,E0_4700m
base,1200.0,E0,4800,4028.0,24.825333333333333,E0_4800m
base,1200.0,E0,4900,4025.2,24.88383333333333,E0_4900m
base,1200.0,E0,5000,4030.0,24.9375,E0_5000m
base,1500.0,E0,0,0.0,-1.0,E0_0m
base,1500.0,E0,100,4019.2,26.858333333333334,E0_100m
base,1500.0,E0,200,4021.6000000000004,26.940999999999995,E0_200m
base,1500.0,E0,300,4023.6000000000004,26.838833333333334,E0_300m
base,1500.0,E0,400,4023.2,26.6975,E0_400m
base,1500.0,E0,500,4027.6,26.548666666666662,E0_500m
base,1500.0,E0,600,4029.6,26.418833333333332,E0_600m
base,1500.0,E0,700,4031.6,26.286833333333327,E0_700m
base,1500.0,E0,800,4029.2,26.166333333333334,E0_800m
base,1500.0,E0,900,4026.0,26.058,E0_900m
base,1500.0,E0,1000,4034.0,25.954666666666668,E0_1000m
base,1500.0,E0,1100,4040.0,25.85183333333333,E0_1100m
base,1500.0,E0,1200,4040.4,25.761666666666667,E0_1200m
base,1500.0,E0,1300,4034.8,25.686999999999998,E0_1300m
base,1500.0,E0,1400,4039.6,25.62816666666666,E0_1400m
base,1500.0,E0,1500,4035.6000000000004,25.566833333333335,E0_1500m
base,1500.0,E0,1600,4028.0,25.518,E0_1600m
base,1500.0,E0,1700,4025.6000000000004,25.493666666666666,E0_1700m
base,1500.0,E0,1800,4018.0,25.470166666666668,E0_1800m
base,1500.0,E0,1900,4012.3999999999996,25.429000000000002,E0_1900m
base,1500.0,E0,2000,4012.8,25.393999999999995,E0_2000m
base,1500.0,E0,2100,4014.4,25.35966666666667,E0_2100m
base,1500.0,E0,2200,4009.2,25.339499999999994,E0_2200m
base,1500.0,E0,2300,4002.0,25.315666666666665,E0_2300m
base,1500.0,E0,2400,3998.4,25.29033333333333,E0_2400m
base,1500.0,E0,2500,4000.4,25.246000000000002,E0_2500m
base,1500.0,E0,2600,4000.8,25.211833333333328,E0_2600m
base,1500.0,E0,2700,4000.0,25.19733333333334,E0_2700m
base,1500.0,E0,2800,4000.8,25.183499999999995,E0_2800m
base,1500.0,E0,2900,3995.6,25.16616666666667,E0_2900m
base,1500.0,E0,3000,3994.0,25.139666666666663,E0_3000m
base,1500.0,E0,3100,3994.8,25.11733333333333,E0_3100m
base,1500.0,E0,3200,3992.8,25.096166666666665,E0_3200m
base,1500.0,E0,3300,3990.0,25.07566666666667,E0_3300m
base,1500.0,E0,3400,3984.8,25.061499999999995,E0_3400m
base,1500.0,E0,3500,3987.2,25.048499999999997,E0_3500m
base,1500.0,E0,3600,3992.8,25.020833333333336,E0_3600m
base,1500.0,E0,3700,3992.0,25.003,E0_3700m
base,1500.0,E0,3800,3993.6000000000004,24.99683333333333,E0_3800m
base,1500.0,E0,3900,3988.4,24.990166666666667,E0_3900m
base,1500.0,E0,4000,3980.0,24.977999999999994,E0_4000m
base,1500.0,E0,4100,3975.2,24.9705,E0_4100m
base,1500.0,E0,4200,3961.6000000000004,24.96516666666667,E0_4200m
base,1500.0,E0,4300,3960.0,24.964,E0_4300m
base,1500.0,E0,4400,3967.6,24.965000000000003,E0_4400m
base,1500.0,E0,4500,3969.6000000000004,24.959833333333336,E0_4500m
base,1500.0,E0,4600,3968.0,24.967499999999994,E0_4600m
base,1500.0,E0,4700,3970.0,24.994000000000003,E0_4700m
base,1500.0,E0,4800,3966.0,25.01733333333333,E0_4800m
base,1500.0,E0,4900,3971.2,25.051833333333335,E0_4900m
base,1500.0,E0,5000,3976.8,25.085166666666666,E0_5000m
base,1800.0,E0,0,0.0,-1.0,E0_0m
base,1800.0,E0,100,3925.2,26.910999999999994,E0_100m
base,1800.0,E0,200,3925.2,27.025333333333336,E0_200m
base,1800.0,E0,300,3924.0,26.92433333333333,E0_300m
base,1800.0,E0,400,3922.4,26.7905,E0_400m
base,1800.0,E0,500,3924.0,26.67833333333333,E0_500m
base,1800.0,E0,600,3920.8,26.575833333333332,E0_600m
base,1800.0,E0,700,3920.0,26.4645,E0_700m
base,1800.0,E0,800,3921.6,26.34733333333334,E0_800m
base,1800.0,E0,900,3925.6,26.208833333333335,E0_900m
base,1800.0,E0,1000,3927.6000000000004,26.100166666666667,E0_1000m
base,1800.0,E0,1100,3924.4,26.002000000000002,E0_1100m
base,1800.0,E0,1200,3927.6000000000004,25.906333333333336,E0_1200m
base,1800.0,E0,1300,3927.6,25.810666666666666,E0_1300m
base,1800.0,E0,1400,3934.4,25.740833333333327,E0_1400m
base,1800.0,E0,1500,3940.0,25.689499999999995,E0_1500m
base,1800.0,E0,1600,3938.8,25.628500000000003,E0_1600m
base,1800.0,E0,1700,3932.3999999999996,25.553166666666666,E0_1700m
base,1800.0,E0,1800,3939.2,25.47416666666667,E0_1800m
base,1800.0,E0,1900,3949.2000000000003,25.400333333333336,E0_1900m
base,1800.0,E0,2000,3953.2000000000003,25.332833333333333,E0_2000m
base,1800.0,E0,2100,3960.0,25.277,E0_2100m
base,1800.0,E0,2200,3968.0,25.225,E0_2200m
base,1800.0,E0,2300,3970.4,25.17233333333333,E0_2300m
base,1800.0,E0,2400,3968.0,25.116833333333332,E0_2400m
base,1800.0,E0,2500,3967.2,25.06133333333333,E0_2500m
base,1800.0,E0,2600,3967.2,25.010999999999996,E0_2600m
base,1800.0,E0,2700,3960.7999999999997,24.9605,E0_2700m
base,1800.0,E0,2800,3959.2000000000003,24.90083333333333,E0_2800m
base,1800.0,E0,2900,3967.6000000000004,24.843333333333334,E0_2900m
base,1800.0,E0,3000,3973.6,24.770166666666668,E0_3000m
base,1800.0,E0,3100,3977.2,24.711833333333335,E0_3100m
base,1800.0,E0,3200,3979.2,24.66983333333333,E0_3200m
base,1800.0,E0,3300,3978.3999999999996,24.642166666666665,E0_3300m
base,1800.0,E0,3400,3984.4,24.618666666666666,E0_3400m
base,1800.0,E0,3500,3990.4,24.6055,E0_3500m
base,1800.0,E0,3600,3984.8,24.596333333333334,E0_3600m
base,1800.0,E0,3700,3979.6000000000004,24.592666666666666,E0_3700m
base,1800.0,E0,3800,3978.3999999999996,24.604,E0_3800m
base,1800.0,E0,3900,3984.4,24.613166666666665,E0_3900m
base,1800.0,E0,4000,3990.4,24.600833333333327,E0_4000m
base,1800.0,E0,4100,3991.2,24.58616666666667,E0_4100m
base,1800.0,E0,4200,3997.6,24.580666666666666,E0_4200m
base,1800.0,E0,4300,4000.4,24.58833333333333,E0_4300m
base,1800.0,E0,4400,4003.6,24.58866666666667,E0_4400m
base,1800.0,E0,4500,4002.7999999999997,24.5915,E0_4500m
base,1800.0,E0,4600,3997.6,24.613666666666663,E0_4600m
base,1800.0,E0,4700,3990.4,24.640666666666668,E0_4700m
base,1800.0,E0,4800,4000.4,24.65833333333333,E0_4800m
base,1800.0,E0,4900,4002.8,24.681666666666665,E0_4900m
base,1800.0,E0,5000,4001.2,24.734333333333336,E0_5000m
base,2100.0,E0,0,0.0,-1.0,E0_0m
base,2100.0,E0,100,3933.2000000000003,27.086166666666664,E0_100m
base,2100.0,E0,200,3935.6000000000004,27.20816666666667,E0_200m
base,2100.0,E0,300,3939.6,27.102999999999998,E0_300m
base,2100.0,E0,400,3940.8,26.947666666666663,E0_400m
base,2100.0,E0,500,3938.0,26.793666666666663,E0_500m
base,2100.0,E0,600,3938.0,26.6565,E0_600m
base,2100.0,E0,700,3932.8,26.508666666666663,E0_700m
base,2100.0,E0,800,3934.7999999999997,26.394166666666663,E0_800m
base,2100.0,E0,900,3929.6000000000004,26.284333333333336,E0_900m
base,2100.0,E0,1000,3924.4,26.188500000000005,E0_1000m
base,2100.0,E0,1100,3928.0,26.120833333333337,E0_1100m
base,2100.0,E0,1200,3928.4,26.070833333333333,E0_1200m
base,2100.0,E0,1300,3926.7999999999997,26.0075,E0_1300m
base,2100.0,E0,1400,3926.3999999999996,25.94766666666667,E0_1400m
base,2100.0,E0,1500,3928.8,25.89516666666666,E0_1500m
base,2100.0,E0,1600,3928.0,25.819833333333335,E0_1600m
base,2100.0,E0,1700,3933.6,25.74,E0_1700m
base,2100.0,E0,1800,3926.8,25.678,E0_1800m
base,2100.0,E0,1900,3919.6,25.617833333333337,E0_1900m
base,2100.0,E0,2000,3919.2,25.574666666666666,E0_2000m
base,2100.0,E0,2100,3918.0,25.537166666666664,E0_2100m
base,2100.0,E0,2200,3910.7999999999997,25.514499999999998,E0_2200m
base,2100.0,E0,2300,3912.8,25.49966666666667,E0_2300m
base,2100.0,E0,2400,3923.2,25.476166666666664,E0_2400m
base,2100.0,E0,2500,3929.6000000000004,25.450833333333332,E0_2500m
base,2100.0,E0,2600,3936.4,25.422499999999996,E0_2600m
base,2100.0,E0,2700,3948.0,25.379000000000005,E0_2700m
base,2100.0,E0,2800,3952.0,25.339,E0_2800m
base,2100.0,E0,2900,3950.3999999999996,25.310000000000002,E0_2900m
base,2100.0,E0,3000,3944.8,25.273833333333336,E0_3000m
base,2100.0,E0,3100,3936.8,25.225166666666667,E0_3100m
base,2100.0,E0,3200,3933.2,25.183166666666665,E0_3200m
base,2100.0,E0,3300,3936.0,25.149333333333335,E0_3300m
base,2100.0,E0,3400,3939.6000000000004,25.116333333333333,E0_3400m
base,2100.0,E0,3500,3938.4,25.0795,E0_3500m
base,2100.0,E0,3600,3939.2,25.035833333333336,E0_3600m
base,2100.0,E0,3700,3952.0,24.997000000000003,E0_3700m
base,2100.0,E0,3800,3956.4,24.950833333333335,E0_3800m
base,2100.0,E0,3900,3956.0,24.903000000000006,E0_3900m
base,2100.0,E0,4000,3955.2,24.867166666666662,E0_4000m
base,2100.0,E0,4100,3953.6,24.83583333333333,E0_4100m
base,2100.0,E0,4200,3945.2,24.808999999999997,E0_4200m
base,2100.0,E0,4300,3937.2000000000003,24.789666666666665,E0_4300m
base,2100.0,E0,4400,3927.6,24.779833333333336,E0_4400m
base,2100.0,E0,4500,3927.6,24.768166666666666,E0_4500m
base,2100.0,E0,4600,3935.6000000000004,24.77566666666667,E0_4600m
base,2100.0,E0,4700,3937.2000000000003,24.786833333333334,E0_4700m
base,2100.0,E0,4800,3932.4,24.82483333333333,E0_4800m
base,2100.0,E0,4900,3928.4,24.884833333333333,E0_4900m
base,2100.0,E0,5000,3926.0,24.942666666666664,E0_5000m
base,2400.0,E0,0,0.0,-1.0,E0_0m
base,2400.0,E0,100,4018.0,26.824,E0_100m
base,2400.0,E0,200,4020.0,26.90683333333333,E0_200m
base,2400.0,E0,300,4021.2000000000003,26.806333333333335,E0_300m
base,2400.0,E0,400,4028.7999999999997,26.667166666666667,E0_400m
base,2400.0,E0,500,4029.6,26.512499999999996,E0_500m
base,2400.0,E0,600,4035.6000000000004,26.364,E0_600m
base,2400.0,E0,700,4036.4,26.22933333333333,E0_700m
base,2400.0,E0,800,4034.3999999999996,26.092,E0_800m
base,2400.0,E0,900,4034.8,25.961666666666673,E0_900m
base,2400.0,E0,1000,4035.2000000000003,25.856333333333332,E0_1000m
base,2400.0,E0,1100,4029.6000000000004,25.76033333333333,E0_1100m
base,2400.0,E0,1200,4025.2,25.663666666666668,E0_1200m
base,2400.0,E0,1300,4024.8,25.59583333333333,E0_1300m
base,2400.0,E0,1400,4016.4,25.535166666666665,E0_1400m
base,2400.0,E0,1500,4008.3999999999996,25.490666666666662,E0_1500m
base,2400.0,E0,1600,4008.4,25.442833333333333,E0_1600m
base,2400.0,E0,1700,4005.2,25.385166666666663,E0_1700m
base,2400.0,E0,1800,4000.4,25.345499999999998,E0_1800m
base,2400.0,E0,1900,3995.2000000000003,25.314666666666664,E0_1900m
base,2400.0,E0,2000,3989.2000000000003,25.27166666666667,E0_2000m
base,2400.0,E0,2100,3983.2,25.23183333333333,E0_2100m
base,2400.0,E0,2200,3984.8,25.193833333333334,E0_2200m
base,2400.0,E0,2300,3978.4,25.177999999999997,E0_2300m
base,2400.0,E0,2400,3967.2,25.156499999999998,E0_2400m
base,2400.0,E0,2500,3962.7999999999997,25.127166666666668,E0_2500m
base,2400.0,E0,2600,3953.6000000000004,25.116166666666672,E0_2600m
base,2400.0,E0,2700,3935.6000000000004,25.1265,E0_2700m
base,2400.0,E0,2800,3922.0,25.12083333333333,E0_2800m
base,2400.0,E0,2900,3910.3999999999996,25.11,E0_2900m
base,2400.0,E0,3000,3908.8,25.10366666666667,E0_3000m
base,2400.0,E0,3100,3910.8,25.0985,E0_3100m
base,2400.0,E0,3200,3914.0,25.072,E0_3200m
base,2400.0,E0,3300,3914.0,25.052,E0_3300m
base,2400.0,E0,3400,3914.4,25.038666666666668,E0_3400m
base,2400.0,E0,3500,3910.7999999999997,25.032000000000004,E0_3500m
base,2400.0,E0,3600,3908.4,25.026166666666665,E0_3600m
base,2400.0,E0,3700,3899.2,25.001833333333334,E0_3700m
base,2400.0,E0,3800,3898.7999999999997,24.980500000000003,E0_3800m
base,2400.0,E0,3900,3896.8,24.964666666666666,E0_3900m
base,2400.0,E0,4000,3897.2,24.968666666666667,E0_4000m
base,2400.0,E0,4100,3898.3999999999996,24.979666666666667,E0_4100m
base,2400.0,E0,4200,3908.3999999999996,24.99033333333334,E0_4200m
base,2400.0,E0,4300,3915.2,24.986666666666665,E0_4300m
base,2400.0,E0,4400,3926.4,24.9905,E0_4400m
base,2400.0,E0,4500,3929.6,24.996666666666663,E0_4500m
base,2400.0,E0,4600,3923.6,25.006499999999996,E0_4600m
base,2400.0,E0,4700,3923.2,25.02083333333333,E0_4700m
base,2400.0,E0,4800,3924.4,25.034166666666664,E0_4800m
base,2400.0,E0,4900,3922.3999999999996,25.060833333333335,E0_4900m
base,2400.0,E0,5000,3918.0,25.102666666666664,E0_5000m
base,2700.0,E0,0,0.0,-1.0,E0_0m
base,2700.0,E0,100,4014.3999999999996,26.761666666666667,E0_100m
base,2700.0,E0,200,4004.0,26.873666666666665,E0_200m
base,2700.0,E0,300,4001.2,26.820833333333333,E0_300m
base,2700.0,E0,400,3992.4,26.71816666666667,E0_400m
base,2700.0,E0,500,3993.2,26.63366666666667,E0_500m
base,2700.0,E0,600,3987.6,26.530000000000005,E0_600m
base,2700.0,E0,700,3989.6000000000004,26.408166666666666,E0_700m
base,2700.0,E0,800,3986.0,26.271499999999996,E0_800m
base,2700.0,E0,900,3991.6,26.138666666666666,E0_900m
base,2700.0,E0,1000,3995.2000000000003,26.0385,E0_1000m
base,2700.0,E0,1100,3994.0,25.936999999999998,E0_1100m
base,2700.0,E0,1200,3993.6,25.863666666666667,E0_1200m
base,2700.0,E0,1300,3990.0,25.793,E0_1300m
base,2700.0,E0,1400,3993.6,25.716833333333334,E0_1400m
base,2700.0,E0,1500,3998.0,25.643833333333333,E0_1500m
base,2700.0,E0,1600,4000.8,25.597166666666663,E0_1600m
base,2700.0,E0,1700,4010.8,25.5425,E0_1700m
base,2700.0,E0,1800,4017.2,25.493833333333335,E0_1800m
base,2700.0,E0,1900,4023.6,25.44133333333334,E0_1900m
base,2700.0,E0,2000,4027.6,25.390499999999996,E0_2000m
base,2700.0,E0,2100,4029.6,25.333666666666666,E0_2100m
base,2700.0,E0,2200,4028.0,25.296666666666667,E0_2200m
base,2700.0,E0,2300,4032.0,25.263166666666663,E0_2300m
base,2700.0,E0,2400,4041.6000000000004,25.2215,E0_2400m
base,2700.0,E0,2500,4044.0,25.16383333333333,E0_2500m
base,2700.0,E0,2600,4044.0,25.109166666666667,E0_2600m
base,2700.0,E0,2700,4048.0,25.077,E0_2700m
base,2700.0,E0,2800,4052.0,25.053166666666662,E0_2800m
base,2700.0,E0,2900,4058.4,25.023333333333333,E0_2900m
base,2700.0,E0,3000,4057.2000000000003,24.9775,E0_3000m
base,2700.0,E0,3100,4056.8,24.934333333333328,E0_3100m
base,2700.0,E0,3200,4060.7999999999997,24.887666666666668,E0_3200m
base,2700.0,E0,3300,4058.0,24.8465,E0_3300m
base,2700.0,E0,3400,4052.8,24.804000000000002,E0_3400m
base,2700.0,E0,3500,4052.8,24.764666666666667,E0_3500m
base,2700.0,E0,3600,4054.7999999999997,24.71666666666667,E0_3600m
base,2700.0,E0,3700,4057.2,24.694333333333333,E0_3700m
base,2700.0,E0,3800,4057.2000000000003,24.663166666666665,E0_3800m
base,2700.0,E0,3900,4058.3999999999996,24.628166666666665,E0_3900m
base,2700.0,E0,4000,4059.6000000000004,24.58616666666667,E0_4000m
base,2700.0,E0,4100,4061.6000000000004,24.566666666666663,E0_4100m
base,2700.0,E0,4200,4059.2000000000003,24.549666666666667,E0_4200m
base,2700.0,E0,4300,4058.3999999999996,24.556166666666662,E0_4300m
base,2700.0,E0,4400,4049.6000000000004,24.57033333333333,E0_4400m
base,2700.0,E0,4500,4044.7999999999997,24.589333333333336,E0_4500m
base,2700.0,E0,4600,4047.6,24.617333333333328,E0_4600m
base,2700.0,E0,4700,4051.2,24.642,E0_4700m
base,2700.0,E0,4800,4051.6,24.682999999999996,E0_4800m
base,2700.0,E0,4900,4048.0,24.724999999999998,E0_4900m
base,2700.0,E0,5000,4044.4,24.791666666666668,E0_5000m
base,3000.0,E0,0,0.0,-1.0,E0_0m
base,3000.0,E0,100,4064.0,26.71633333333333,E0_100m
base,3000.0,E0,200,4068.4,26.852666666666664,E0_200m
base,3000.0,E0,300,4070.4,26.788,E0_300m
base,3000.0,E0,400,4077.2,26.6795,E0_400m
base,3000.0,E0,500,4074.4,26.570166666666672,E0_500m
base,3000.0,E0,600,4076.3999999999996,26.47066666666667,E0_600m
base,3000.0,E0,700,4077.6000000000004,26.371166666666664,E0_700m
base,3000.0,E0,800,4080.3999999999996,26.261166666666668,E0_800m
base,3000.0,E0,900,4078.3999999999996,26.1575,E0_900m
base,3000.0,E0,1000,4071.2,26.06683333333333,E0_1000m
base,3000.0,E0,1100,4073.6,25.96783333333333,E0_1100m
base,3000.0,E0,1200,4080.3999999999996,25.867333333333335,E0_1200m
base,3000.0,E0,1300,4085.6000000000004,25.782833333333333,E0_1300m
base,3000.0,E0,1400,4087.6,25.696333333333328,E0_1400m
base,3000.0,E0,1500,4085.2,25.601166666666668,E0_1500m
base,3000.0,E0,1600,4093.2000000000003,25.50633333333333,E0_1600m
base,3000.0,E0,1700,4086.0,25.414166666666667,E0_1700m
base,3000.0,E0,1800,4086.0,25.335500000000003,E0_1800m
base,3000.0,E0,1900,4079.6,25.258833333333335,E0_1900m
base,3000.0,E0,2000,4074.0,25.202,E0_2000m
base,3000.0,E0,2100,4072.4,25.160333333333334,E0_2100m
base,3000.0,E0,2200,4072.7999999999997,25.094499999999996,E0_2200m
base,3000.0,E0,2300,4072.7999999999997,25.020833333333336,E0_2300m
base,3000.0,E0,2400,4062.0,24.958666666666666,E0_2400m
base,3000.0,E0,2500,4050.8,24.91116666666666,E0_2500m
base,3000.0,E0,2600,4056.8,24.858666666666668,E0_2600m
base,3000.0,E0,2700,4062.8,24.8285,E0_2700m
base,3000.0,E0,2800,4064.7999999999997,24.79,E0_2800m
base,3000.0,E0,2900,4064.4,24.736333333333338,E0_2900m
base,3000.0,E0,3000,4067.6,24.6915,E0_3000m
base,3000.0,E0,3100,4070.0,24.652166666666666,E0_3100m
base,3000.0,E0,3200,4064.3999999999996,24.609166666666667,E0_3200m
base,3000.0,E0,3300,4066.8,24.586,E0_3300m
base,3000.0,E0,3400,4064.0,24.562666666666672,E0_3400m
base,3000.0,E0,3500,4064.0,24.534000000000002,E0_3500m
base,3000.0,E0,3600,4065.6000000000004,24.516666666666666,E0_3600m
base,3000.0,E0,3700,4063.6,24.501166666666666,E0_3700m
base,3000.0,E0,3800,4058.8,24.492166666666662,E0_3800m
base,3000.0,E0,3900,4055.6,24.487500000000004,E0_3900m
base,3000.0,E0,4000,4054.4,24.495000000000005,E0_4000m
base,3000.0,E0,4100,4050.8,24.497500000000002,E0_4100m
base,3000.0,E0,4200,4049.6000000000004,24.503,E0_4200m
base,3000.0,E0,4300,4045.2000000000003,24.515666666666668,E0_4300m
base,3000.0,E0,4400,4045.6000000000004,24.543666666666667,E0_4400m
base,3000.0,E0,4500,4048.0,24.575833333333332,E0_4500m
base,3000.0,E0,4600,4047.2000000000003,24.604,E0_4600m
base,3000.0,E0,4700,4047.2,24.64933333333333,E0_4700m
base,3000.0,E0,4800,4044.4,24.696666666666665,E0_4800m
base,3000.0,E0,4900,4045.6,24.743833333333335,E0_4900m
base,3000.0,E0,5000,4046.4,24.803666666666665,E0_5000m
base,3300.0,E0,0,0.0,-1.0,E0_0m
base,3300.0,E0,100,4011.2,26.828000000000003,E0_100m
base,3300.0,E0,200,4018.8,26.923499999999997,E0_200m
base,3300.0,E0,300,4021.2,26.83083333333333,E0_300m
base,3300.0,E0,400,4021.2,26.706666666666667,E0_400m
base,3300.0,E0,500,4020.8,26.574666666666662,E0_500m
base,3300.0,E0,600,4017.2,26.44166666666667,E0_600m
base,3300.0,E0,700,4018.8,26.299166666666657,E0_700m
base,3300.0,E0,800,4024.4,26.138666666666666,E0_800m
base,3300.0,E0,900,4030.0,25.998333333333335,E0_900m
base,3300.0,E0,1000,4036.7999999999997,25.882666666666665,E0_1000m
base,3300.0,E0,1100,4037.6,25.793666666666667,E0_1100m
base,3300.0,E0,1200,4032.4,25.712833333333336,E0_1200m
base,3300.0,E0,1300,4033.6000000000004,25.639833333333332,E0_1300m
base,3300.0,E0,1400,4032.0,25.567499999999995,E0_1400m
base,3300.0,E0,1500,4028.7999999999997,25.50483333333333,E0_1500m
base,3300.0,E0,1600,4022.4,25.452333333333335,E0_1600m
base,3300.0,E0,1700,4024.4,25.413333333333334,E0_1700m
base,3300.0,E0,1800,4024.8,25.372,E0_1800m
base,3300.0,E0,1900,4034.0,25.339500000000008,E0_1900m
base,3300.0,E0,2000,4037.2,25.295166666666667,E0_2000m
base,3300.0,E0,2100,4036.4,25.267833333333336,E0_2100m
base,3300.0,E0,2200,4030.8,25.252,E0_2200m
base,3300.0,E0,2300,4024.3999999999996,25.232666666666667,E0_2300m
base,3300.0,E0,2400,4020.3999999999996,25.212666666666664,E0_2400m
base,3300.0,E0,2500,4017.6,25.188166666666675,E0_2500m
base,3300.0,E0,2600,4005.6,25.163000000000004,E0_2600m
base,3300.0,E0,2700,3998.8,25.153833333333335,E0_2700m
base,3300.0,E0,2800,3995.6,25.151666666666667,E0_2800m
base,3300.0,E0,2900,3995.2,25.143166666666673,E0_2900m
base,3300.0,E0,3000,3992.4,25.142666666666663,E0_3000m
base,3300.0,E0,3100,3992.3999999999996,25.1445,E0_3100m
base,3300.0,E0,3200,3996.7999999999997,25.131833333333333,E0_3200m
base,3300.0,E0,3300,3990.7999999999997,25.105500000000003,E0_3300m
base,3300.0,E0,3400,3988.0,25.083833333333338,E0_3400m
base,3300.0,E0,3500,3984.8,25.04483333333333,E0_3500m
base,3300.0,E0,3600,3983.6,25.013666666666666,E0_3600m
base,3300.0,E0,3700,3994.4,24.972999999999995,E0_3700m
base,3300.0,E0,3800,3997.2,24.941166666666668,E0_3800m
base,3300.0,E0,3900,3998.0,24.915166666666664,E0_3900m
base,3300.0,E0,4000,3996.8,24.899333333333335,E0_4000m
base,3300.0,E0,4100,3994.8,24.884166666666665,E0_4100m
base,3300.0,E0,4200,3990.8,24.873166666666666,E0_4200m
base,3300.0,E0,4300,3988.8,24.866166666666665,E0_4300m
base,3300.0,E0,4400,3985.6000000000004,24.873999999999995,E0_4400m
base,3300.0,E0,4500,3985.2,24.8875,E0_4500m
base,3300.0,E0,4600,3984.4,24.901833333333336,E0_4600m
base,3300.0,E0,4700,3985.2,24.93116666666667,E0_4700m
base,3300.0,E0,4800,3990.0,24.958666666666666,E0_4800m
base,3300.0,E0,4900,3994.8,25.002666666666663,E0_4900m
base,3300.0,E0,5000,3997.2,25.048833333333338,E0_5000m
base,3600.0,E0,0,0.0,-1.0,E0_0m
base,3600.0,E0,100,3958.3999999999996,27.049499999999995,E0_100m
base,3600.0,E0,200,3950.4,27.195833333333333,E0_200m
base,3600.0,E0,300,3946.8,27.101166666666664,E0_300m
base,3600.0,E0,400,3942.0,26.979833333333335,E0_400m
base,3600.0,E0,500,3943.6,26.860666666666667,E0_500m
base,3600.0,E0,600,3950.0,26.752333333333333,E0_600m
base,3600.0,E0,700,3949.6,26.649833333333333,E0_700m
base,3600.0,E0,800,3944.8,26.557499999999997,E0_800m
base,3600.0,E0,900,3941.6,26.46783333333333,E0_900m
base,3600.0,E0,1000,3931.2,26.363166666666665,E0_1000m
base,3600.0,E0,1100,3932.0,26.274333333333335,E0_1100m
base,3600.0,E0,1200,3932.4,26.19033333333333,E0_1200m
base,3600.0,E0,1300,3936.8,26.109333333333332,E0_1300m
base,3600.0,E0,1400,3941.2000000000003,26.039333333333328,E0_1400m
base,3600.0,E0,1500,3946.7999999999997,25.961166666666667,E0_1500m
base,3600.0,E0,1600,3948.4,25.90566666666667,E0_1600m
base,3600.0,E0,1700,3945.2,25.82483333333333,E0_1700m
base,3600.0,E0,1800,3952.0,25.75583333333333,E0_1800m
base,3600.0,E0,1900,3945.2000000000003,25.678833333333337,E0_1900m
base,3600.0,E0,2000,3945.6000000000004,25.6055,E0_2000m
base,3600.0,E0,2100,3952.0,25.554833333333335,E0_2100m
base,3600.0,E0,2200,3956.0,25.496499999999997,E0_2200m
base,3600.0,E0,2300,3958.0,25.453333333333326,E0_2300m
base,3600.0,E0,2400,3964.8,25.383000000000003,E0_2400m
base,3600.0,E0,2500,3971.2,25.336333333333336,E0_2500m
base,3600.0,E0,2600,3979.6000000000004,25.304499999999997,E0_2600m
base,3600.0,E0,2700,3988.8,25.262166666666662,E0_2700m
base,3600.0,E0,2800,3999.2,25.209833333333336,E0_2800m
base,3600.0,E0,2900,3996.3999999999996,25.159666666666666,E0_2900m
base,3600.0,E0,3000,4000.0,25.115000000000002,E0_3000m
base,3600.0,E0,3100,4000.7999999999997,25.074500000000004,E0_3100m
base,3600.0,E0,3200,4002.3999999999996,25.034333333333336,E0_3200m
base,3600.0,E0,3300,4006.0,25.000999999999998,E0_3300m
base,3600.0,E0,3400,4016.8,24.9775,E0_3400m
base,3600.0,E0,3500,4022.3999999999996,24.948166666666665,E0_3500m
base,3600.0,E0,3600,4025.2,24.901833333333336,E0_3600m
base,3600.0,E0,3700,4009.6,24.862166666666667,E0_3700m
base,3600.0,E0,3800,4003.2,24.831833333333336,E0_3800m
base,3600.0,E0,3900,4006.8,24.813166666666667,E0_3900m
base,3600.0,E0,4000,4008.4,24.778666666666666,E0_4000m
base,3600.0,E0,4100,4010.3999999999996,24.752833333333335,E0_4100m
base,3600.0,E0,4200,4008.0,24.732833333333332,E0_4200m
base,3600.0,E0,4300,4007.2,24.695833333333333,E0_4300m
base,3600.0,E0,4400,4017.2,24.6775,E0_4400m
base,3600.0,E0,4500,4017.6000000000004,24.66966666666667,E0_4500m
base,3600.0,E0,4600,4014.0,24.667166666666667,E0_4600m
base,3600.0,E0,4700,4007.2,24.691833333333335,E0_4700m
base,3600.0,E0,4800,4000.3999999999996,24.726166666666664,E0_4800m
base,3600.0,E0,4900,3994.3999999999996,24.777333333333335,E0_4900m
base,3600.0,E0,5000,3986.0,24.82466666666667,E0_5000m
base,3900.0,E0,0,0.0,-1.0,E0_0m
base,3900.0,E0,100,3998.8,27.131666666666668,E0_100m
base,3900.0,E0,200,3997.6,27.203333333333333,E0_200m
base,3900.0,E0,300,4002.8,27.110500000000002,E0_300m
base,3900.0,E0,400,4002.4,26.975499999999997,E0_400m
base,3900.0,E0,500,4002.3999999999996,26.83833333333333,E0_500m
base,3900.0,E0,600,4002.8,26.741166666666665,E0_600m
base,3900.0,E0,700,4002.8,26.65083333333333,E0_700m
base,3900.0,E0,800,4002.0,26.560166666666667,E0_800m
base,3900.0,E0,900,4005.2000000000003,26.461166666666664,E0_900m
base,3900.0,E0,1000,4014.8,26.361000000000004,E0_1000m
base,3900.0,E0,1100,4013.2,26.275333333333336,E0_1100m
base,3900.0,E0,1200,4013.6,26.208666666666666,E0_1200m
base,3900.0,E0,1300,4006.8,26.148833333333332,E0_1300m
base,3900.0,E0,1400,4008.4,26.1075,E0_1400m
base,3900.0,E0,1500,4004.8,26.062166666666663,E0_1500m
base,3900.0,E0,1600,4005.2,26.012,E0_1600m
base,3900.0,E0,1700,4008.4,25.956000000000003,E0_1700m
base,3900.0,E0,1800,4006.8,25.915499999999998,E0_1800m
base,3900.0,E0,1900,4012.3999999999996,25.890333333333334,E0_1900m
base,3900.0,E0,2000,4014.4,25.863166666666668,E0_2000m
base,3900.0,E0,2100,4007.6,25.826833333333333,E0_2100m
base,3900.0,E0,2200,4010.0,25.784666666666666,E0_2200m
base,3900.0,E0,2300,4006.7999999999997,25.761500000000005,E0_2300m
base,3900.0,E0,2400,4008.4,25.747666666666667,E0_2400m
base,3900.0,E0,2500,4016.4,25.71183333333333,E0_2500m
base,3900.0,E0,2600,4016.8,25.677333333333337,E0_2600m
base,3900.0,E0,2700,4006.4,25.652833333333334,E0_2700m
base,3900.0,E0,2800,4000.4,25.627166666666668,E0_2800m
base,3900.0,E0,2900,3994.0,25.60316666666666,E0_2900m
base,3900.0,E0,3000,3993.6000000000004,25.583499999999997,E0_3000m
base,3900.0,E0,3100,3996.4,25.578,E0_3100m
base,3900.0,E0,3200,3999.6,25.556666666666665,E0_3200m
base,3900.0,E0,3300,4013.2000000000003,25.53066666666667,E0_3300m
base,3900.0,E0,3400,4015.6000000000004,25.5015,E0_3400m
base,3900.0,E0,3500,4014.4,25.470833333333346,E0_3500m
base,3900.0,E0,3600,4008.0,25.445500000000006,E0_3600m
base,3900.0,E0,3700,4008.8,25.423833333333334,E0_3700m
base,3900.0,E0,3800,4013.2,25.396333333333338,E0_3800m
base,3900.0,E0,3900,4006.0,25.389166666666668,E0_3900m
base,3900.0,E0,4000,4007.6,25.392000000000003,E0_4000m
base,3900.0,E0,4100,4013.6,25.386999999999997,E0_4100m
base,3900.0,E0,4200,4021.6,25.36333333333333,E0_4200m
base,3900.0,E0,4300,4030.3999999999996,25.34283333333333,E0_4300m
base,3900.0,E0,4400,4034.7999999999997,25.330833333333338,E0_4400m
base,3900.0,E0,4500,4038.8,25.32183333333333,E0_4500m
base,3900.0,E0,4600,4045.2,25.310666666666663,E0_4600m
base,3900.0,E0,4700,4052.3999999999996,25.30383333333333,E0_4700m
base,3900.0,E0,4800,4059.2,25.28883333333333,E0_4800m
base,3900.0,E0,4900,4062.3999999999996,25.286833333333334,E0_4900m
base,3900.0,E0,5000,4065.2,25.30733333333334,E0_5000m
base,4200.0,E0,0,0.0,-1.0,E0_0m
base,4200.0,E0,100,3994.0,27.292666666666666,E0_100m
base,4200.0,E0,200,3995.2,27.375166666666665,E0_200m
base,4200.0,E0,300,3985.2000000000003,27.285666666666664,E0_300m
base,4200.0,E0,400,3981.2000000000003,27.147833333333338,E0_400m
base,4200.0,E0,500,3974.0,27.033999999999995,E0_500m
base,4200.0,E0,600,3964.0,26.920333333333332,E0_600m
base,4200.0,E0,700,3959.2,26.8245,E0_700m
base,4200.0,E0,800,3957.6000000000004,26.75466666666667,E0_800m
base,4200.0,E0,900,3952.0,26.682500000000005,E0_900m
base,4200.0,E0,1000,3947.2,26.63116666666667,E0_1000m
base,4200.0,E0,1100,3942.7999999999997,26.55683333333333,E0_1100m
base,4200.0,E0,1200,3934.8,26.491500000000002,E0_1200m
base,4200.0,E0,1300,3934.3999999999996,26.417166666666667,E0_1300m
base,4200.0,E0,1400,3932.8,26.353166666666663,E0_1400m
base,4200.0,E0,1500,3936.8,26.290833333333335,E0_1500m
base,4200.0,E0,1600,3938.0,26.240499999999997,E0_1600m
base,4200.0,E0,1700,3943.2000000000003,26.183833333333332,E0_1700m
base,4200.0,E0,1800,3939.6,26.119333333333334,E0_1800m
base,4200.0,E0,1900,3943.2,26.077166666666667,E0_1900m
base,4200.0,E0,2000,3941.6000000000004,26.043166666666664,E0_2000m
base,4200.0,E0,2100,3938.8,26.02433333333333,E0_2100m
base,4200.0,E0,2200,3932.0,26.001833333333337,E0_2200m
base,4200.0,E0,2300,3934.4,25.96883333333333,E0_2300m
base,4200.0,E0,2400,3928.8,25.942666666666664,E0_2400m
base,4200.0,E0,2500,3926.4,25.90833333333333,E0_2500m
base,4200.0,E0,2600,3934.0,25.869333333333337,E0_2600m
base,4200.0,E0,2700,3942.0,25.835333333333338,E0_2700m
base,4200.0,E0,2800,3949.6,25.795499999999997,E0_2800m
base,4200.0,E0,2900,3964.8,25.751333333333335,E0_2900m
base,4200.0,E0,3000,3970.4,25.7165,E0_3000m
base,4200.0,E0,3100,3970.0,25.694166666666668,E0_3100m
base,4200.0,E0,3200,3964.0,25.67083333333333,E0_3200m
base,4200.0,E0,3300,3952.4,25.631999999999998,E0_3300m
base,4200.0,E0,3400,3950.0,25.60216666666667,E0_3400m
base,4200.0,E0,3500,3952.3999999999996,25.565166666666663,E0_3500m
base,4200.0,E0,3600,3955.2000000000003,25.530333333333335,E0_3600m
base,4200.0,E0,3700,3966.7999999999997,25.504999999999995,E0_3700m
base,4200.0,E0,3800,3978.0,25.475833333333334,E0_3800m
base,4200.0,E0,3900,3989.6000000000004,25.438999999999997,E0_3900m
base,4200.0,E0,4000,3994.0,25.401833333333332,E0_4000m
base,4200.0,E0,4100,3989.6,25.3715,E0_4100m
base,4200.0,E0,4200,3987.2,25.33983333333333,E0_4200m
base,4200.0,E0,4300,3986.4,25.319833333333328,E0_4300m
base,4200.0,E0,4400,3982.0,25.322833333333335,E0_4400m
base,4200.0,E0,4500,3978.0,25.3165,E0_4500m
base,4200.0,E0,4600,3970.8,25.322833333333335,E0_4600m
base,4200.0,E0,4700,3966.0,25.319833333333328,E0_4700m
base,4200.0,E0,4800,3964.3999999999996,25.320666666666668,E0_4800m
base,4200.0,E0,4900,3971.6000000000004,25.31633333333334,E0_4900m
base,4200.0,E0,5000,3980.3999999999996,25.339666666666666,E0_5000m
base,4500.0,E0,0,0.0,-1.0,E0_0m
base,4500.0,E0,100,4020.8,26.743,E0_100m
base,4500.0,E0,200,4019.6000000000004,26.816333333333333,E0_200m
base,4500.0,E0,300,4025.2,26.698999999999998,E0_300m
base,4500.0,E0,400,4028.3999999999996,26.552166666666672,E0_400m
base,4500.0,E0,500,4032.0,26.4215,E0_500m
base,4500.0,E0,600,4036.8,26.305,E0_600m
base,4500.0,E0,700,4037.6,26.200833333333335,E0_700m
base,4500.0,E0,800,4038.8,26.09883333333333,E0_800m
base,4500.0,E0,900,4040.8,25.984000000000005,E0_900m
base,4500.0,E0,1000,4046.8,25.872833333333332,E0_1000m
base,4500.0,E0,1100,4053.6000000000004,25.774,E0_1100m
base,4500.0,E0,1200,4060.8,25.695,E0_1200m
base,4500.0,E0,1300,4065.2,25.624333333333333,E0_1300m
base,4500.0,E0,1400,4064.8,25.546,E0_1400m
base,4500.0,E0,1500,4066.7999999999997,25.47266666666666,E0_1500m
base,4500.0,E0,1600,4059.2,25.40266666666667,E0_1600m
base,4500.0,E0,1700,4051.6,25.347499999999997,E0_1700m
base,4500.0,E0,1800,4047.6,25.293333333333333,E0_1800m
base,4500.0,E0,1900,4036.8,25.233666666666664,E0_1900m
base,4500.0,E0,2000,4034.8,25.191500000000005,E0_2000m
base,4500.0,E0,2100,4041.2,25.165,E0_2100m
base,4500.0,E0,2200,4045.6000000000004,25.13366666666667,E0_2200m
base,4500.0,E0,2300,4048.0,25.09316666666667,E0_2300m
base,4500.0,E0,2400,4054.4,25.067166666666665,E0_2400m
base,4500.0,E0,2500,4052.0,25.061000000000007,E0_2500m
base,4500.0,E0,2600,4045.2000000000003,25.04266666666667,E0_2600m
base,4500.0,E0,2700,4043.6,25.010833333333334,E0_2700m
base,4500.0,E0,2800,4033.6,24.995666666666665,E0_2800m
base,4500.0,E0,2900,4024.8,24.9725,E0_2900m
base,4500.0,E0,3000,4018.8,24.966666666666665,E0_3000m
base,4500.0,E0,3100,4011.2000000000003,24.944166666666668,E0_3100m
base,4500.0,E0,3200,4004.3999999999996,24.934166666666666,E0_3200m
base,4500.0,E0,3300,4001.6000000000004,24.94483333333334,E0_3300m
base,4500.0,E0,3400,3992.4,24.95133333333333,E0_3400m
base,4500.0,E0,3500,3986.8,24.96616666666667,E0_3500m
base,4500.0,E0,3600,3985.6,24.98983333333333,E0_3600m
base,4500.0,E0,3700,3980.8,25.019666666666666,E0_3700m
base,4500.0,E0,3800,3966.0,25.034499999999994,E0_3800m
base,4500.0,E0,3900,3960.0,25.028333333333332,E0_3900m
base,4500.0,E0,4000,3955.6000000000004,25.024166666666666,E0_4000m
base,4500.0,E0,4100,3954.8,25.036499999999997,E0_4100m
base,4500.0,E0,4200,3955.6,25.0595,E0_4200m
base,4500.0,E0,4300,3948.0,25.066000000000003,E0_4300m
base,4500.0,E0,4400,3938.4,25.08566666666666,E0_4400m
base,4500.0,E0,4500,3937.2,25.09733333333333,E0_4500m
base,4500.0,E0,4600,3938.8,25.11583333333333,E0_4600m
base,4500.0,E0,4700,3941.2,25.133000000000003,E0_4700m
base,4500.0,E0,4800,3936.3999999999996,25.153166666666664,E0_4800m
base,4500.0,E0,4900,3928.0,25.179500000000004,E0_4900m
base,4500.0,E0,5000,3918.0,25.22516666666667,E0_5000m
base,4800.0,E0,0,0.0,-1.0,E0_0m
base,4800.0,E0,100,4009.2,26.825333333333333,E0_100m
base,4800.0,E0,200,4013.6,26.95683333333334,E0_200m
base,4800.0,E0,300,4014.7999999999997,26.866333333333337,E0_300m
base,4800.0,E0,400,4016.7999999999997,26.741,E0_400m
base,4800.0,E0,500,4026.0,26.609166666666667,E0_500m
base,4800.0,E0,600,4028.8,26.46216666666667,E0_600m
base,4800.0,E0,700,4034.3999999999996,26.308833333333336,E0_700m
base,4800.0,E0,800,4038.3999999999996,26.168666666666674,E0_800m
base,4800.0,E0,900,4035.2,26.044166666666662,E0_900m
base,4800.0,E0,1000,4027.2,25.952,E0_1000m
base,4800.0,E0,1100,4017.2,25.87966666666667,E0_1100m
base,4800.0,E0,1200,4024.4,25.80066666666666,E0_1200m
base,4800.0,E0,1300,4030.8,25.7195,E0_1300m
base,4800.0,E0,1400,4030.3999999999996,25.64733333333333,E0_1400m
base,4800.0,E0,1500,4024.7999999999997,25.585166666666673,E0_1500m
base,4800.0,E0,1600,4025.6,25.512999999999998,E0_1600m
base,4800.0,E0,1700,4023.6,25.451333333333334,E0_1700m
base,4800.0,E0,1800,4023.2,25.39766666666667,E0_1800m
base,4800.0,E0,1900,4030.4,25.333999999999996,E0_1900m
base,4800.0,E0,2000,4028.7999999999997,25.258666666666667,E0_2000m
base,4800.0,E0,2100,4027.6,25.183666666666667,E0_2100m
base,4800.0,E0,2200,4029.6,25.118833333333335,E0_2200m
base,4800.0,E0,2300,4031.2,25.067666666666668,E0_2300m
base,4800.0,E0,2400,4030.3999999999996,25.02883333333333,E0_2400m
base,4800.0,E0,2500,4028.4,24.972166666666663,E0_2500m
base,4800.0,E0,2600,4022.0,24.918,E0_2600m
base,4800.0,E0,2700,4012.8,24.876166666666666,E0_2700m
base,4800.0,E0,2800,4010.8,24.829333333333338,E0_2800m
base,4800.0,E0,2900,4015.2000000000003,24.772166666666664,E0_2900m
base,4800.0,E0,3000,4016.3999999999996,24.729999999999997,E0_3000m
base,4800.0,E0,3100,4018.4,24.706333333333333,E0_3100m
base,4800.0,E0,3200,4022.4,24.682166666666674,E0_3200m
base,4800.0,E0,3300,4026.0,24.64933333333333,E0_3300m
base,4800.0,E0,3400,4030.0,24.629333333333328,E0_3400m
base,4800.0,E0,3500,4028.3999999999996,24.602,E0_3500m
base,4800.0,E0,3600,4029.2000000000003,24.583,E0_3600m
base,4800.0,E0,3700,4028.8,24.563000000000002,E0_3700m
base,4800.0,E0,3800,4037.6,24.55083333333333,E0_3800m
base,4800.0,E0,3900,4034.8,24.531166666666664,E0_3900m
base,4800.0,E0,4000,4028.0,24.511499999999998,E0_4000m
base,4800.0,E0,4100,4027.2000000000003,24.499,E0_4100m
base,4800.0,E0,4200,4030.0,24.5035,E0_4200m
base,4800.0,E0,4300,4034.4,24.510333333333328,E0_4300m
base,4800.0,E0,4400,4042.4,24.520333333333333,E0_4400m
base,4800.0,E0,4500,4040.4,24.5335,E0_4500m
base,4800.0,E0,4600,4040.8,24.563166666666667,E0_4600m
base,4800.0,E0,4700,4036.3999999999996,24.587166666666665,E0_4700m
base,4800.0,E0,4800,4037.6,24.609833333333334,E0_4800m
base,4800.0,E0,4900,4036.0,24.667666666666666,E0_4900m
base,4800.0,E0,5000,4040.0,24.728833333333334,E0_5000m
base,5100.0,E0,0,0.0,-1.0,E0_0m
base,5100.0,E0,100,3958.4,27.016499999999994,E0_100m
base,5100.0,E0,200,3953.6,27.1365,E0_200m
base,5100.0,E0,300,3951.6,27.078166666666668,E0_300m
base,5100.0,E0,400,3950.0,26.983333333333338,E0_400m
base,5100.0,E0,500,3941.6000000000004,26.908333333333342,E0_500m
base,5100.0,E0,600,3941.6000000000004,26.854999999999997,E0_600m
base,5100.0,E0,700,3940.0,26.753333333333337,E0_700m
base,5100.0,E0,800,3934.3999999999996,26.637333333333338,E0_800m
base,5100.0,E0,900,3937.6,26.53583333333333,E0_900m
base,5100.0,E0,1000,3938.3999999999996,26.428333333333327,E0_1000m
base,5100.0,E0,1100,3942.7999999999997,26.340333333333334,E0_1100m
base,5100.0,E0,1200,3938.0,26.252333333333333,E0_1200m
base,5100.0,E0,1300,3932.3999999999996,26.178999999999995,E0_1300m
base,5100.0,E0,1400,3930.0,26.110166666666668,E0_1400m
base,5100.0,E0,1500,3930.8,26.034166666666664,E0_1500m
base,5100.0,E0,1600,3934.0,25.947333333333333,E0_1600m
base,5100.0,E0,1700,3938.8,25.874666666666663,E0_1700m
base,5100.0,E0,1800,3945.2,25.814666666666668,E0_1800m
base,5100.0,E0,1900,3946.8,25.752499999999998,E0_1900m
base,5100.0,E0,2000,3955.2,25.694000000000003,E0_2000m
base,5100.0,E0,2100,3952.8,25.631999999999998,E0_2100m
base,5100.0,E0,2200,3950.8,25.572166666666664,E0_2200m
base,5100.0,E0,2300,3942.7999999999997,25.510666666666665,E0_2300m
base,5100.0,E0,2400,3945.6,25.478833333333334,E0_2400m
base,5100.0,E0,2500,3948.4,25.42883333333333,E0_2500m
base,5100.0,E0,2600,3952.8,25.3825,E0_2600m
base,5100.0,E0,2700,3955.6000000000004,25.34733333333333,E0_2700m
base,5100.0,E0,2800,3953.2,25.3215,E0_2800m
base,5100.0,E0,2900,3950.8,25.2995,E0_2900m
base,5100.0,E0,3000,3954.7999999999997,25.269,E0_3000m
base,5100.0,E0,3100,3960.0,25.233999999999995,E0_3100m
base,5100.0,E0,3200,3961.6,25.204500000000003,E0_3200m
base,5100.0,E0,3300,3966.0,25.17816666666667,E0_3300m
base,5100.0,E0,3400,3969.6,25.16866666666667,E0_3400m
base,5100.0,E0,3500,3976.4,25.165,E0_3500m
base,5100.0,E0,3600,3985.2000000000003,25.151666666666664,E0_3600m
base,5100.0,E0,3700,3993.2000000000003,25.144333333333332,E0_3700m
base,5100.0,E0,3800,4005.2,25.138333333333335,E0_3800m
base,5100.0,E0,3900,4019.2,25.11966666666666,E0_3900m
base,5100.0,E0,4000,4029.2,25.104333333333336,E0_4000m
base,5100.0,E0,4100,4030.0,25.098,E0_4100m
base,5100.0,E0,4200,4031.6,25.09416666666666,E0_4200m
base,5100.0,E0,4300,4030.3999999999996,25.07866666666667,E0_4300m
base,5100.0,E0,4400,4028.4,25.073833333333333,E0_4400m
base,5100.0,E0,4500,4030.4,25.069666666666667,E0_4500m
base,5100.0,E0,4600,4029.2,25.075500000000005,E0_4600m
base,5100.0,E0,4700,4030.0,25.088,E0_4700m
base,5100.0,E0,4800,4021.6,25.116500000000002,E0_4800m
base,5100.0,E0,4900,4021.6000000000004,25.145833333333336,E0_4900m
base,5100.0,E0,5000,4014.0,25.18,E0_5000m
base,5400.0,E0,0,0.0,-1.0,E0_0m
base,5400.0,E0,100,4105.6,26.76233333333333,E0_100m
base,5400.0,E0,200,4104.0,26.877666666666666,E0_200m
base,5400.0,E0,300,4108.4,26.803833333333333,E0_300m
base,5400.0,E0,400,4109.2,26.690833333333334,E0_400m
base,5400.0,E0,500,4112.8,26.576833333333333,E0_500m
base,5400.0,E0,600,4108.0,26.461333333333336,E0_600m
base,5400.0,E0,700,4106.0,26.342666666666666,E0_700m
base,5400.0,E0,800,4110.0,26.22383333333333,E0_800m
base,5400.0,E0,900,4105.6,26.131666666666664,E0_900m
base,5400.0,E0,1000,4106.8,26.051833333333327,E0_1000m
base,5400.0,E0,1100,4106.0,25.97083333333333,E0_1100m
base,5400.0,E0,1200,4098.4,25.89666666666666,E0_1200m
base,5400.0,E0,1300,4091.6000000000004,25.836666666666666,E0_1300m
base,5400.0,E0,1400,4090.4,25.787666666666667,E0_1400m
base,5400.0,E0,1500,4087.6,25.748166666666663,E0_1500m
base,5400.0,E0,1600,4078.0,25.700000000000003,E0_1600m
base,5400.0,E0,1700,4068.0,25.648833333333332,E0_1700m
base,5400.0,E0,1800,4058.0,25.60433333333333,E0_1800m
base,5400.0,E0,1900,4049.6,25.566000000000003,E0_1900m
base,5400.0,E0,2000,4042.8,25.516166666666663,E0_2000m
base,5400.0,E0,2100,4049.2,25.474000000000004,E0_2100m
base,5400.0,E0,2200,4055.2,25.429833333333335,E0_2200m
base,5400.0,E0,2300,4068.8,25.391166666666674,E0_2300m
base,5400.0,E0,2400,4073.2000000000003,25.351333333333336,E0_2400m
base,5400.0,E0,2500,4076.0,25.321,E0_2500m
base,5400.0,E0,2600,4082.8,25.2995,E0_2600m
base,5400.0,E0,2700,4092.0,25.254333333333335,E0_2700m
base,5400.0,E0,2800,4100.0,25.200499999999998,E0_2800m
base,5400.0,E0,2900,4098.0,25.138833333333334,E0_2900m
base,5400.0,E0,3000,4088.4,25.088499999999996,E0_3000m
base,5400.0,E0,3100,4085.2,25.038333333333334,E0_3100m
base,5400.0,E0,3200,4087.2000000000003,24.999000000000002,E0_3200m
base,5400.0,E0,3300,4084.3999999999996,24.96666666666666,E0_3300m
base,5400.0,E0,3400,4080.8,24.923000000000002,E0_3400m
base,5400.0,E0,3500,4076.0,24.878166666666665,E0_3500m
base,5400.0,E0,3600,4063.6,24.852666666666668,E0_3600m
base,5400.0,E0,3700,4053.2000000000003,24.824166666666663,E0_3700m
base,5400.0,E0,3800,4036.0,24.786,E0_3800m
base,5400.0,E0,3900,4020.7999999999997,24.769499999999994,E0_3900m
base,5400.0,E0,4000,4010.3999999999996,24.752999999999997,E0_4000m
base,5400.0,E0,4100,4001.2,24.743166666666667,E0_4100m
base,5400.0,E0,4200,3990.4,24.750166666666665,E0_4200m
base,5400.0,E0,4300,3982.3999999999996,24.75333333333333,E0_4300m
base,5400.0,E0,4400,3974.0,24.767333333333333,E0_4400m
base,5400.0,E0,4500,3974.8,24.782666666666664,E0_4500m
base,5400.0,E0,4600,3975.6,24.802,E0_4600m
base,5400.0,E0,4700,3978.4,24.831999999999994,E0_4700m
base,5400.0,E0,4800,3990.0,24.880166666666664,E0_4800m
base,5400.0,E0,4900,3996.0,24.920833333333334,E0_4900m
base,5400.0,E0,5000,3997.6000000000004,24.960499999999996,E0_5000m
base,5700.0,E0,0,0.0,-1.0,E0_0m
base,5700.0,E0,100,4018.3999999999996,26.79783333333333,E0_100m
base,5700.0,E0,200,4023.2,26.878,E0_200m
base,5700.0,E0,300,4014.4,26.777,E0_300m
base,5700.0,E0,400,4016.0,26.665333333333333,E0_400m
base,5700.0,E0,500,4021.6,26.53816666666667,E0_500m
base,5700.0,E0,600,4030.3999999999996,26.414833333333338,E0_600m
base,5700.0,E0,700,4031.6000000000004,26.298166666666667,E0_700m
base,5700.0,E0,800,4031.6000000000004,26.191666666666666,E0_800m
base,5700.0,E0,900,4037.6,26.086666666666666,E0_900m
base,5700.0,E0,1000,4036.4,25.997666666666664,E0_1000m
base,5700.0,E0,1100,4036.4,25.914833333333334,E0_1100m
base,5700.0,E0,1200,4035.6000000000004,25.826,E0_1200m
base,5700.0,E0,1300,4030.8,25.737666666666666,E0_1300m
base,5700.0,E0,1400,4025.2,25.651333333333334,E0_1400m
base,5700.0,E0,1500,4022.0,25.577166666666663,E0_1500m
base,5700.0,E0,1600,4029.2,25.519333333333336,E0_1600m
base,5700.0,E0,1700,4038.0,25.459,E0_1700m
base,5700.0,E0,1800,4041.2,25.406999999999996,E0_1800m
base,5700.0,E0,1900,4039.2,25.354000000000003,E0_1900m
base,5700.0,E0,2000,4044.0,25.296833333333332,E0_2000m
base,5700.0,E0,2100,4035.6,25.254000000000005,E0_2100m
base,5700.0,E0,2200,4036.0,25.231499999999997,E0_2200m
base,5700.0,E0,2300,4030.3999999999996,25.238999999999997,E0_2300m
base,5700.0,E0,2400,4020.0,25.2275,E0_2400m
base,5700.0,E0,2500,4016.0,25.2115,E0_2500m
base,5700.0,E0,2600,4006.3999999999996,25.199166666666663,E0_2600m
base,5700.0,E0,2700,4002.7999999999997,25.173666666666666,E0_2700m
base,5700.0,E0,2800,4007.2,25.15416666666667,E0_2800m
base,5700.0,E0,2900,4005.2000000000003,25.15183333333333,E0_2900m
base,5700.0,E0,3000,4012.0,25.163333333333334,E0_3000m
base,5700.0,E0,3100,4017.2,25.164833333333334,E0_3100m
base,5700.0,E0,3200,4014.0,25.139666666666663,E0_3200m
base,5700.0,E0,3300,4011.6000000000004,25.119,E0_3300m
base,5700.0,E0,3400,4006.0,25.121166666666667,E0_3400m
base,5700.0,E0,3500,3999.6000000000004,25.12533333333333,E0_3500m
base,5700.0,E0,3600,4000.8,25.12316666666667,E0_3600m
base,5700.0,E0,3700,3998.8,25.126333333333335,E0_3700m
base,5700.0,E0,3800,3998.8,25.131666666666664,E0_3800m
base,5700.0,E0,3900,4002.0,25.14816666666667,E0_3900m
base,5700.0,E0,4000,4011.6,25.146666666666665,E0_4000m
base,5700.0,E0,4100,4020.3999999999996,25.136500000000005,E0_4100m
base,5700.0,E0,4200,4024.0,25.13066666666667,E0_4200m
base,5700.0,E0,4300,4037.2000000000003,25.118000000000002,E0_4300m
base,5700.0,E0,4400,4046.0,25.096333333333334,E0_4400m
base,5700.0,E0,4500,4054.3999999999996,25.09016666666667,E0_4500m
base,5700.0,E0,4600,4067.2,25.0775,E0_4600m
base,5700.0,E0,4700,4073.2,25.083,E0_4700m
base,5700.0,E0,4800,4076.3999999999996,25.10483333333334,E0_4800m
base,5700.0,E0,4900,4075.2,25.120833333333337,E0_4900m
base,5700.0,E0,5000,4084.4,25.144333333333336,E0_5000m
base,6000.0,E0,0,0.0,-1.0,E0_0m
base,6000.0,E0,100,3953.6000000000004,26.844500000000004,E0_100m
base,6000.0,E0,200,3948.4,26.949166666666663,E0_200m
base,6000.0,E0,300,3958.8,26.875999999999998,E0_300m
base,6000.0,E0,400,3963.2,26.782333333333334,E0_400m
base,6000.0,E0,500,3956.8,26.688166666666667,E0_500m
base,6000.0,E0,600,3952.8,26.577000000000005,E0_600m
base,6000.0,E0,700,3952.8,26.440499999999997,E0_700m
base,6000.0,E0,800,3954.4,26.317833333333333,E0_800m
base,6000.0,E0,900,3947.6,26.215000000000003,E0_900m
base,6000.0,E0,1000,3952.8,26.136166666666668,E0_1000m
base,6000.0,E0,1100,3954.8,26.047666666666665,E0_1100m
base,6000.0,E0,1200,3961.2000000000003,25.963833333333334,E0_1200m
base,6000.0,E0,1300,3967.6000000000004,25.89183333333333,E0_1300m
base,6000.0,E0,1400,3972.3999999999996,25.804999999999996,E0_1400m
base,6000.0,E0,1500,3980.0,25.706500000000005,E0_1500m
base,6000.0,E0,1600,3979.6,25.627499999999998,E0_1600m
base,6000.0,E0,1700,3977.6000000000004,25.577166666666663,E0_1700m
base,6000.0,E0,1800,3979.2000000000003,25.525166666666667,E0_1800m
base,6000.0,E0,1900,3983.2000000000003,25.458,E0_1900m
base,6000.0,E0,2000,3980.7999999999997,25.39183333333333,E0_2000m
base,6000.0,E0,2100,3986.0,25.310833333333335,E0_2100m
base,6000.0,E0,2200,3988.3999999999996,25.232999999999997,E0_2200m
base,6000.0,E0,2300,3989.2,25.166499999999996,E0_2300m
base,6000.0,E0,2400,3994.8,25.094666666666665,E0_2400m
base,6000.0,E0,2500,3994.4,25.038333333333334,E0_2500m
base,6000.0,E0,2600,4002.0,24.98783333333333,E0_2600m
base,6000.0,E0,2700,3998.0,24.948999999999998,E0_2700m
base,6000.0,E0,2800,3992.7999999999997,24.9095,E0_2800m
base,6000.0,E0,2900,3997.6,24.87316666666667,E0_2900m
base,6000.0,E0,3000,4000.3999999999996,24.8285,E0_3000m
base,6000.0,E0,3100,4004.0,24.787999999999997,E0_3100m
base,6000.0,E0,3200,4012.0,24.775000000000002,E0_3200m
base,6000.0,E0,3300,4015.2,24.76316666666667,E0_3300m
base,6000.0,E0,3400,4023.6,24.751,E0_3400m
base,6000.0,E0,3500,4025.2000000000003,24.73316666666667,E0_3500m
base,6000.0,E0,3600,4032.3999999999996,24.723,E0_3600m
base,6000.0,E0,3700,4035.6,24.717,E0_3700m
base,6000.0,E0,3800,4037.6,24.7095,E0_3800m
base,6000.0,E0,3900,4032.8,24.695833333333333,E0_3900m
base,6000.0,E0,4000,4023.2,24.6945,E0_4000m
base,6000.0,E0,4100,4019.6000000000004,24.68716666666667,E0_4100m
base,6000.0,E0,4200,4025.2000000000003,24.701833333333333,E0_4200m
base,6000.0,E0,4300,4022.8,24.715666666666664,E0_4300m
base,6000.0,E0,4400,4028.0,24.73916666666667,E0_4400m
base,6000.0,E0,4500,4023.2,24.760833333333338,E0_4500m
base,6000.0,E0,4600,4027.2000000000003,24.788,E0_4600m
base,6000.0,E0,4700,4027.2,24.802,E0_4700m
base,6000.0,E0,4800,4024.8,24.8325,E0_4800m
base,6000.0,E0,4900,4025.6,24.877000000000002,E0_4900m
base,6000.0,E0,5000,4022.3999999999996,24.921666666666667,E0_5000m
base,6300.0,E0,0,0.0,-1.0,E0_0m
base,6300.0,E0,100,3982.0,26.7705,E0_100m
base,6300.0,E0,200,3989.2,26.932499999999997,E0_200m
base,6300.0,E0,300,3977.2000000000003,26.84383333333333,E0_300m
base,6300.0,E0,400,3974.3999999999996,26.7035,E0_400m
base,6300.0,E0,500,3976.4,26.575333333333333,E0_500m
base,6300.0,E0,600,3973.6000000000004,26.440833333333337,E0_600m
base,6300.0,E0,700,3974.8,26.31566666666667,E0_700m
base,6300.0,E0,800,3970.0,26.195333333333334,E0_800m
base,6300.0,E0,900,3974.0,26.07883333333333,E0_900m
base,6300.0,E0,1000,3969.2,25.9715,E0_1000m
base,6300.0,E0,1100,3973.6,25.830166666666667,E0_1100m
base,6300.0,E0,1200,3971.2,25.706666666666663,E0_1200m
base,6300.0,E0,1300,3972.8,25.60633333333334,E0_1300m
base,6300.0,E0,1400,3976.3999999999996,25.513333333333332,E0_1400m
base,6300.0,E0,1500,3974.0,25.416833333333333,E0_1500m
base,6300.0,E0,1600,3976.3999999999996,25.326166666666666,E0_1600m
base,6300.0,E0,1700,3978.0,25.2535,E0_1700m
base,6300.0,E0,1800,3977.2,25.178,E0_1800m
base,6300.0,E0,1900,3979.6,25.115333333333332,E0_1900m
base,6300.0,E0,2000,3981.2,25.05033333333334,E0_2000m
base,6300.0,E0,2100,3982.4,24.989,E0_2100m
base,6300.0,E0,2200,3980.7999999999997,24.942,E0_2200m
base,6300.0,E0,2300,3975.6000000000004,24.899333333333335,E0_2300m
base,6300.0,E0,2400,3976.0,24.859166666666663,E0_2400m
base,6300.0,E0,2500,3978.0,24.822333333333333,E0_2500m
base,6300.0,E0,2600,3976.8,24.790666666666667,E0_2600m
base,6300.0,E0,2700,3985.2000000000003,24.760000000000005,E0_2700m
base,6300.0,E0,2800,3986.8,24.734833333333334,E0_2800m
base,6300.0,E0,2900,3984.8,24.694499999999998,E0_2900m
base,6300.0,E0,3000,3975.2,24.65,E0_3000m
base,6300.0,E0,3100,3968.0,24.609,E0_3100m
base,6300.0,E0,3200,3958.4,24.569666666666663,E0_3200m
base,6300.0,E0,3300,3956.0,24.557833333333335,E0_3300m
base,6300.0,E0,3400,3953.2,24.54683333333334,E0_3400m
base,6300.0,E0,3500,3961.6,24.528499999999994,E0_3500m
base,6300.0,E0,3600,3959.2,24.505999999999997,E0_3600m
base,6300.0,E0,3700,3956.8,24.487166666666667,E0_3700m
base,6300.0,E0,3800,3956.8,24.477666666666664,E0_3800m
base,6300.0,E0,3900,3959.2,24.483500000000006,E0_3900m
base,6300.0,E0,4000,3958.0,24.497999999999998,E0_4000m
base,6300.0,E0,4100,3960.0,24.504166666666663,E0_4100m
base,6300.0,E0,4200,3952.4,24.506666666666668,E0_4200m
base,6300.0,E0,4300,3946.8,24.514500000000005,E0_4300m
base,6300.0,E0,4400,3942.3999999999996,24.539,E0_4400m
base,6300.0,E0,4500,3939.6,24.571166666666667,E0_4500m
base,6300.0,E0,4600,3924.0,24.603499999999997,E0_4600m
base,6300.0,E0,4700,3914.4,24.636999999999997,E0_4700m
base,6300.0,E0,4800,3904.4,24.6755,E0_4800m
base,6300.0,E0,4900,3896.8,24.725,E0_4900m
base,6300.0,E0,5000,3886.0,24.791333333333334,E0_5000m
base,6600.0,E0,0,0.0,-1.0,E0_0m
base,6600.0,E0,100,4033.6000000000004,26.934333333333335,E0_100m
base,6600.0,E0,200,4029.6,27.073666666666664,E0_200m
base,6600.0,E0,300,4031.6000000000004,26.982166666666668,E0_300m
base,6600.0,E0,400,4030.4,26.860166666666668,E0_400m
base,6600.0,E0,500,4028.7999999999997,26.740833333333335,E0_500m
base,6600.0,E0,600,4032.8,26.623666666666665,E0_600m
base,6600.0,E0,700,4033.6000000000004,26.505499999999998,E0_700m
base,6600.0,E0,800,4037.6,26.395166666666668,E0_800m
base,6600.0,E0,900,4037.6,26.297833333333337,E0_900m
base,6600.0,E0,1000,4034.7999999999997,26.209000000000003,E0_1000m
base,6600.0,E0,1100,4029.2,26.121499999999997,E0_1100m
base,6600.0,E0,1200,4035.2000000000003,26.046,E0_1200m
base,6600.0,E0,1300,4032.4,25.971666666666664,E0_1300m
base,6600.0,E0,1400,4023.6,25.89633333333333,E0_1400m
base,6600.0,E0,1500,4026.0,25.826166666666666,E0_1500m
base,6600.0,E0,1600,4027.6,25.778333333333336,E0_1600m
base,6600.0,E0,1700,4024.3999999999996,25.74216666666667,E0_1700m
base,6600.0,E0,1800,4023.2,25.68883333333333,E0_1800m
base,6600.0,E0,1900,4017.2,25.620166666666663,E0_1900m
base,6600.0,E0,2000,4015.6000000000004,25.566666666666666,E0_2000m
base,6600.0,E0,2100,4019.6000000000004,25.518833333333333,E0_2100m
base,6600.0,E0,2200,4022.8,25.465833333333336,E0_2200m
base,6600.0,E0,2300,4033.6000000000004,25.425500000000003,E0_2300m
base,6600.0,E0,2400,4026.7999999999997,25.39333333333333,E0_2400m
base,6600.0,E0,2500,4023.2,25.373833333333334,E0_2500m
base,6600.0,E0,2600,4018.7999999999997,25.340833333333336,E0_2600m
base,6600.0,E0,2700,4016.0,25.307833333333335,E0_2700m
base,6600.0,E0,2800,4018.0,25.26816666666667,E0_2800m
base,6600.0,E0,2900,4012.8,25.22083333333333,E0_2900m
base,6600.0,E0,3000,4014.8,25.171166666666664,E0_3000m
base,6600.0,E0,3100,4011.6,25.145833333333336,E0_3100m
base,6600.0,E0,3200,4018.8,25.129,E0_3200m
base,6600.0,E0,3300,4022.0,25.115,E0_3300m
base,6600.0,E0,3400,4021.6,25.09016666666667,E0_3400m
base,6600.0,E0,3500,4017.6,25.061,E0_3500m
base,6600.0,E0,3600,4016.4,25.037,E0_3600m
base,6600.0,E0,3700,4020.8,25.015333333333334,E0_3700m
base,6600.0,E0,3800,4026.0,24.993000000000002,E0_3800m
base,6600.0,E0,3900,4035.2,24.9685,E0_3900m
base,6600.0,E0,4000,4050.4,24.941333333333336,E0_4000m
base,6600.0,E0,4100,4059.2,24.916166666666662,E0_4100m
base,6600.0,E0,4200,4070.0,24.914499999999997,E0_4200m
base,6600.0,E0,4300,4084.3999999999996,24.910666666666664,E0_4300m
base,6600.0,E0,4400,4089.6000000000004,24.894666666666673,E0_4400m
base,6600.0,E0,4500,4093.2,24.881833333333336,E0_4500m
base,6600.0,E0,4600,4108.8,24.889166666666675,E0_4600m
base,6600.0,E0,4700,4121.6,24.90583333333333,E0_4700m
base,6600.0,E0,4800,4130.799999999999,24.91133333333333,E0_4800m
base,6600.0,E0,4900,4139.6,24.92166666666667,E0_4900m
base,6600.0,E0,5000,4144.4,24.959833333333336,E0_5000m
base,6900.0,E0,0,0.0,-1.0,E0_0m
base,6900.0,E0,100,4027.2,26.812,E0_100m
base,6900.0,E0,200,4026.3999999999996,26.895333333333326,E0_200m
base,6900.0,E0,300,4031.2000000000003,26.824,E0_300m
base,6900.0,E0,400,4028.3999999999996,26.710833333333333,E0_400m
base,6900.0,E0,500,4029.2,26.599666666666668,E0_500m
base,6900.0,E0,600,4021.6,26.512,E0_600m
base,6900.0,E0,700,4018.0,26.44166666666667,E0_700m
base,6900.0,E0,800,4014.8,26.366333333333337,E0_800m
base,6900.0,E0,900,4004.8,26.292166666666667,E0_900m
base,6900.0,E0,1000,4008.7999999999997,26.220666666666666,E0_1000m
base,6900.0,E0,1100,4008.4,26.12216666666667,E0_1100m
base,6900.0,E0,1200,3999.6,26.0505,E0_1200m
base,6900.0,E0,1300,3999.6000000000004,25.986666666666665,E0_1300m
base,6900.0,E0,1400,4007.2,25.919666666666664,E0_1400m
base,6900.0,E0,1500,4000.3999999999996,25.858999999999998,E0_1500m
base,6900.0,E0,1600,3994.0,25.808333333333334,E0_1600m
base,6900.0,E0,1700,3996.3999999999996,25.7645,E0_1700m
base,6900.0,E0,1800,4002.0,25.703833333333336,E0_1800m
base,6900.0,E0,1900,4015.2,25.646000000000004,E0_1900m
base,6900.0,E0,2000,4022.3999999999996,25.60333333333333,E0_2000m
base,6900.0,E0,2100,4019.6,25.563499999999998,E0_2100m
base,6900.0,E0,2200,4014.7999999999997,25.516999999999996,E0_2200m
base,6900.0,E0,2300,4013.2,25.467666666666666,E0_2300m
base,6900.0,E0,2400,4020.0,25.408166666666666,E0_2400m
base,6900.0,E0,2500,4026.4,25.350666666666665,E0_2500m
base,6900.0,E0,2600,4031.2,25.305999999999997,E0_2600m
base,6900.0,E0,2700,4030.0,25.277166666666666,E0_2700m
base,6900.0,E0,2800,4022.8,25.256,E0_2800m
base,6900.0,E0,2900,4031.6,25.229999999999997,E0_2900m
base,6900.0,E0,3000,4033.6,25.2055,E0_3000m
base,6900.0,E0,3100,4035.6,25.19383333333333,E0_3100m
base,6900.0,E0,3200,4030.0,25.173666666666666,E0_3200m
base,6900.0,E0,3300,4030.8,25.144333333333336,E0_3300m
base,6900.0,E0,3400,4029.2,25.122666666666667,E0_3400m
base,6900.0,E0,3500,4027.6,25.096000000000004,E0_3500m
base,6900.0,E0,3600,4029.2,25.076166666666673,E0_3600m
base,6900.0,E0,3700,4032.3999999999996,25.042166666666667,E0_3700m
base,6900.0,E0,3800,4029.6,25.009833333333333,E0_3800m
base,6900.0,E0,3900,4025.2,24.988500000000002,E0_3900m
base,6900.0,E0,4000,4021.6000000000004,24.978833333333334,E0_4000m
base,6900.0,E0,4100,4019.6,24.96933333333333,E0_4100m
base,6900.0,E0,4200,4022.8,24.941833333333335,E0_4200m
base,6900.0,E0,4300,4015.6,24.91916666666667,E0_4300m
base,6900.0,E0,4400,4011.2,24.902666666666665,E0_4400m
base,6900.0,E0,4500,4004.8,24.888666666666666,E0_4500m
base,6900.0,E0,4600,3989.6,24.892500000000002,E0_4600m
base,6900.0,E0,4700,3980.8,24.89966666666667,E0_4700m
base,6900.0,E0,4800,3976.0,24.922833333333333,E0_4800m
base,6900.0,E0,4900,3965.6000000000004,24.959000000000003,E0_4900m
base,6900.0,E0,5000,3961.6,25.000166666666665,E0_5000m
base,7200.0,E0,0,0.0,-1.0,E0_0m
base,7200.0,E0,100,4069.2,26.68316666666667,E0_100m
base,7200.0,E0,200,4070.0,26.77883333333333,E0_200m
base,7200.0,E0,300,4068.0,26.71583333333333,E0_300m
base,7200.0,E0,400,4073.6,26.619500000000002,E0_400m
base,7200.0,E0,500,4071.6000000000004,26.523,E0_500m
base,7200.0,E0,600,4079.6000000000004,26.421166666666664,E0_600m
base,7200.0,E0,700,4080.4,26.30616666666667,E0_700m
base,7200.0,E0,800,4081.2,26.185999999999996,E0_800m
base,7200.0,E0,900,4092.4,26.07183333333333,E0_900m
base,7200.0,E0,1000,4090.0,25.931833333333334,E0_1000m
base,7200.0,E0,1100,4089.2000000000003,25.815500000000007,E0_1100m
base,7200.0,E0,1200,4091.2,25.694000000000003,E0_1200m
base,7200.0,E0,1300,4092.4,25.58183333333333,E0_1300m
base,7200.0,E0,1400,4095.2000000000003,25.46783333333333,E0_1400m
base,7200.0,E0,1500,4098.0,25.374166666666664,E0_1500m
base,7200.0,E0,1600,4106.0,25.307000000000002,E0_1600m
base,7200.0,E0,1700,4108.8,25.244000000000003,E0_1700m
base,7200.0,E0,1800,4108.8,25.178333333333335,E0_1800m
base,7200.0,E0,1900,4100.8,25.1285,E0_1900m
base,7200.0,E0,2000,4091.2000000000003,25.098666666666666,E0_2000m
base,7200.0,E0,2100,4085.2,25.05583333333333,E0_2100m
base,7200.0,E0,2200,4078.4,25.001833333333334,E0_2200m
base,7200.0,E0,2300,4069.2,24.97833333333333,E0_2300m
base,7200.0,E0,2400,4065.2,24.95733333333333,E0_2400m
base,7200.0,E0,2500,4062.0,24.932333333333332,E0_2500m
base,7200.0,E0,2600,4056.4,24.905,E0_2600m
base,7200.0,E0,2700,4050.8,24.894,E0_2700m
base,7200.0,E0,2800,4047.2000000000003,24.884,E0_2800m
base,7200.0,E0,2900,4040.8,24.8795,E0_2900m
base,7200.0,E0,3000,4040.7999999999997,24.874499999999998,E0_3000m
base,7200.0,E0,3100,4040.0,24.867999999999995,E0_3100m
base,7200.0,E0,3200,4045.2,24.842000000000002,E0_3200m
base,7200.0,E0,3300,4041.6,24.811,E0_3300m
base,7200.0,E0,3400,4048.0,24.780166666666666,E0_3400m
base,7200.0,E0,3500,4050.8,24.756833333333333,E0_3500m
base,7200.0,E0,3600,4046.8,24.74133333333333,E0_3600m
base,7200.0,E0,3700,4040.3999999999996,24.724333333333334,E0_3700m
base,7200.0,E0,3800,4034.4,24.707666666666665,E0_3800m
base,7200.0,E0,3900,4026.0,24.694333333333336,E0_3900m
base,7200.0,E0,4000,4021.6,24.69383333333333,E0_4000m
base,7200.0,E0,4100,4020.4,24.706000000000003,E0_4100m
base,7200.0,E0,4200,4015.2,24.704166666666666,E0_4200m
base,7200.0,E0,4300,4019.2,24.69599999999999,E0_4300m
base,7200.0,E0,4400,4018.0,24.685499999999998,E0_4400m
base,7200.0,E0,4500,4026.0,24.694333333333333,E0_4500m
base,7200.0,E0,4600,4028.3999999999996,24.717333333333336,E0_4600m
base,7200.0,E0,4700,4032.0,24.742166666666662,E0_4700m
base,7200.0,E0,4800,4036.8,24.752166666666668,E0_4800m
base,7200.0,E0,4900,4050.4,24.8,E0_4900m
base,7200.0,E0,5000,4049.6,24.850500000000007,E0_5000m
base,7500.0,E0,0,0.0,-1.0,E0_0m
base,7500.0,E0,100,4038.8,26.781999999999996,E0_100m
base,7500.0,E0,200,4039.6000000000004,26.899166666666666,E0_200m
base,7500.0,E0,300,4034.8,26.82433333333334,E0_300m
base,7500.0,E0,400,4029.6,26.702833333333334,E0_400m
base,7500.0,E0,500,4030.4,26.605166666666666,E0_500m
base,7500.0,E0,600,4024.8,26.500333333333337,E0_600m
base,7500.0,E0,700,4022.0,26.385666666666662,E0_700m
base,7500.0,E0,800,4021.6000000000004,26.273666666666667,E0_800m
base,7500.0,E0,900,4017.6000000000004,26.151333333333334,E0_900m
base,7500.0,E0,1000,4022.0,26.053166666666666,E0_1000m
base,7500.0,E0,1100,4020.8,25.962833333333336,E0_1100m
base,7500.0,E0,1200,4024.8,25.8765,E0_1200m
base,7500.0,E0,1300,4026.4,25.792166666666667,E0_1300m
base,7500.0,E0,1400,4022.4,25.721166666666665,E0_1400m
base,7500.0,E0,1500,4037.2000000000003,25.645833333333336,E0_1500m
base,7500.0,E0,1600,4032.0,25.57183333333333,E0_1600m
base,7500.0,E0,1700,4026.8,25.514999999999997,E0_1700m
base,7500.0,E0,1800,4029.2,25.459333333333333,E0_1800m
base,7500.0,E0,1900,4032.8,25.39766666666667,E0_1900m
base,7500.0,E0,2000,4041.6,25.355,E0_2000m
base,7500.0,E0,2100,4040.8,25.302166666666665,E0_2100m
base,7500.0,E0,2200,4046.4,25.253999999999998,E0_2200m
base,7500.0,E0,2300,4045.6000000000004,25.215999999999994,E0_2300m
base,7500.0,E0,2400,4048.3999999999996,25.171833333333336,E0_2400m
base,7500.0,E0,2500,4048.0,25.125166666666665,E0_2500m
base,7500.0,E0,2600,4053.6,25.077666666666666,E0_2600m
base,7500.0,E0,2700,4060.8,25.035333333333334,E0_2700m
base,7500.0,E0,2800,4071.6,25.004666666666665,E0_2800m
base,7500.0,E0,2900,4074.8,24.972,E0_2900m
base,7500.0,E0,3000,4068.8,24.935833333333335,E0_3000m
base,7500.0,E0,3100,4067.6,24.90416666666667,E0_3100m
base,7500.0,E0,3200,4058.0,24.880666666666666,E0_3200m
base,7500.0,E0,3300,4055.6,24.854166666666664,E0_3300m
base,7500.0,E0,3400,4047.2,24.82866666666667,E0_3400m
base,7500.0,E0,3500,4044.4,24.803333333333335,E0_3500m
base,7500.0,E0,3600,4046.4,24.779999999999998,E0_3600m
base,7500.0,E0,3700,4046.8,24.754000000000005,E0_3700m
base,7500.0,E0,3800,4048.0,24.7305,E0_3800m
base,7500.0,E0,3900,4053.2,24.714,E0_3900m
base,7500.0,E0,4000,4045.6,24.688666666666663,E0_4000m
base,7500.0,E0,4100,4034.8,24.6815,E0_4100m
base,7500.0,E0,4200,4027.2,24.678333333333335,E0_4200m
base,7500.0,E0,4300,4022.4,24.686666666666667,E0_4300m
base,7500.0,E0,4400,4023.6,24.685000000000002,E0_4400m
base,7500.0,E0,4500,4022.3999999999996,24.694499999999998,E0_4500m
base,7500.0,E0,4600,4021.2000000000003,24.71666666666666,E0_4600m
base,7500.0,E0,4700,4012.7999999999997,24.749000000000002,E0_4700m
base,7500.0,E0,4800,4010.3999999999996,24.78066666666667,E0_4800m
base,7500.0,E0,4900,3999.6,24.827333333333335,E0_4900m
base,7500.0,E0,5000,4002.0,24.889333333333333,E0_5000m
