interval_begin;interval_end;interval_flow;interval_harmonicMeanSpeed;interval_id;interval_length;interval_nVehContrib;interval_nVehEntered;interval_occupancy;interval_speed
0.00;300.00;0.00;-1.00;E0_0_0m;-1.00;0;0;0.00;-1.00
0.00;300.00;0.00;-1.00;E0_1_0m;-1.00;0;0;0.00;-1.00
0.00;300.00;1980.00;25.21;E0_0_100m;5.00;165;165;10.91;25.31
0.00;300.00;2208.00;27.35;E0_1_100m;5.00;184;184;11.21;27.52
0.00;300.00;1944.00;25.02;E0_0_200m;5.00;162;162;10.79;25.13
0.00;300.00;2172.00;27.38;E0_1_200m;5.00;181;181;11.02;27.61
0.00;300.00;1872.00;24.96;E0_0_300m;5.00;156;156;10.42;25.05
0.00;300.00;2184.00;27.10;E0_1_300m;5.00;182;182;11.20;27.32
0.00;300.00;1836.00;24.78;E0_0_400m;5.00;153;154;10.32;24.88
0.00;300.00;2160.00;26.85;E0_1_400m;5.00;180;180;11.17;27.06
0.00;300.00;1800.00;24.70;E0_0_500m;5.00;150;151;10.18;24.80
0.00;300.00;2124.00;26.67;E0_1_500m;5.00;177;177;11.06;26.88
0.00;300.00;1776.00;24.72;E0_0_600m;5.00;148;149;10.02;24.83
0.00;300.00;2088.00;26.47;E0_1_600m;5.00;174;174;10.95;26.67
0.00;300.00;1776.00;24.75;E0_0_700m;5.00;148;148;9.97;24.85
0.00;300.00;2040.00;26.35;E0_1_700m;5.00;170;170;10.75;26.54
0.00;300.00;1740.00;24.74;E0_0_800m;5.00;145;145;9.77;24.83
0.00;300.00;2016.00;26.26;E0_1_800m;5.00;168;168;10.66;26.46
0.00;300.00;1752.00;24.68;E0_0_900m;5.00;146;146;9.86;24.79
0.00;300.00;2004.00;26.12;E0_1_900m;5.00;167;167;10.66;26.33
0.00;300.00;1704.00;24.66;E0_0_1000m;5.00;142;142;9.60;24.76
0.00;300.00;1992.00;25.94;E0_1_1000m;5.00;166;166;10.67;26.14
0.00;300.00;1656.00;24.48;E0_0_1100m;5.00;138;138;9.40;24.56
0.00;300.00;1980.00;25.70;E0_1_1100m;5.00;165;165;10.70;25.87
0.00;300.00;1632.00;24.38;E0_0_1200m;5.00;136;136;9.30;24.47
0.00;300.00;1944.00;25.55;E0_1_1200m;5.00;162;162;10.57;25.72
0.00;300.00;1608.00;24.28;E0_0_1300m;5.00;134;134;9.20;24.41
0.00;300.00;1932.00;25.43;E0_1_1300m;5.00;161;162;10.60;25.59
0.00;300.00;1608.00;24.27;E0_0_1400m;5.00;134;134;9.20;24.38
0.00;300.00;1896.00;25.34;E0_1_1400m;5.00;158;158;10.39;25.50
0.00;300.00;1620.00;24.49;E0_0_1500m;5.00;135;135;9.19;24.60
0.00;300.00;1884.00;25.25;E0_1_1500m;5.00;157;157;10.36;25.40
0.00;300.00;1608.00;24.56;E0_0_1600m;5.00;134;134;9.09;24.70
0.00;300.00;1860.00;25.13;E0_1_1600m;5.00;155;155;10.28;25.23
0.00;300.00;1584.00;24.55;E0_0_1700m;5.00;132;132;8.96;24.69
0.00;300.00;1848.00;25.10;E0_1_1700m;5.00;154;154;10.23;25.21
0.00;300.00;1560.00;24.48;E0_0_1800m;5.00;130;131;8.90;24.62
0.00;300.00;1812.00;25.17;E0_1_1800m;5.00;151;151;10.00;25.29
0.00;300.00;1536.00;24.51;E0_0_1900m;5.00;128;128;8.71;24.64
0.00;300.00;1788.00;25.28;E0_1_1900m;5.00;149;149;9.82;25.42
0.00;300.00;1524.00;24.59;E0_0_2000m;5.00;127;127;8.61;24.73
0.00;300.00;1728.00;25.43;E0_1_2000m;5.00;144;145;9.47;25.64
0.00;300.00;1476.00;24.60;E0_0_2100m;5.00;123;123;8.33;24.74
0.00;300.00;1704.00;25.50;E0_1_2100m;5.00;142;142;9.28;25.72
0.00;300.00;1440.00;24.49;E0_0_2200m;5.00;120;121;8.20;24.64
0.00;300.00;1668.00;25.54;E0_1_2200m;5.00;139;139;9.07;25.78
0.00;300.00;1428.00;24.59;E0_0_2300m;5.00;119;119;8.07;24.74
0.00;300.00;1632.00;25.52;E0_1_2300m;5.00;136;136;8.88;25.77
0.00;300.00;1416.00;24.61;E0_0_2400m;5.00;118;118;7.99;24.77
0.00;300.00;1620.00;25.49;E0_1_2400m;5.00;135;135;8.83;25.72
0.00;300.00;1416.00;24.75;E0_0_2500m;5.00;118;118;7.95;24.90
0.00;300.00;1608.00;25.42;E0_1_2500m;5.00;134;134;8.79;25.64
0.00;300.00;1428.00;24.78;E0_0_2600m;5.00;119;119;8.00;24.93
0.00;300.00;1584.00;25.38;E0_1_2600m;5.00;132;132;8.67;25.59
0.00;300.00;1392.00;24.77;E0_0_2700m;5.00;116;116;7.80;24.93
0.00;300.00;1548.00;25.39;E0_1_2700m;5.00;129;129;8.47;25.60
0.00;300.00;1356.00;24.77;E0_0_2800m;5.00;113;113;7.60;24.92
0.00;300.00;1524.00;25.40;E0_1_2800m;5.00;127;127;8.33;25.61
0.00;300.00;1308.00;24.69;E0_0_2900m;5.00;109;109;7.36;24.85
0.00;300.00;1500.00;25.45;E0_1_2900m;5.00;125;125;8.19;25.67
0.00;300.00;1272.00;24.43;E0_0_3000m;5.00;106;106;7.23;24.61
0.00;300.00;1464.00;25.55;E0_1_3000m;5.00;122;122;7.96;25.79
0.00;300.00;1272.00;24.21;E0_0_3100m;5.00;106;107;7.33;24.44
0.00;300.00;1392.00;25.66;E0_1_3100m;5.00;116;117;7.56;25.95
0.00;300.00;1236.00;24.21;E0_0_3200m;5.00;103;103;7.09;24.44
0.00;300.00;1356.00;25.78;E0_1_3200m;5.00;113;113;7.31;26.08
0.00;300.00;1188.00;24.22;E0_0_3300m;5.00;99;99;6.81;24.46
0.00;300.00;1332.00;25.84;E0_1_3300m;5.00;111;111;7.16;26.15
0.00;300.00;1140.00;24.20;E0_0_3400m;5.00;95;95;6.54;24.45
0.00;300.00;1308.00;25.96;E0_1_3400m;5.00;109;109;7.00;26.28
0.00;300.00;1116.00;24.22;E0_0_3500m;5.00;93;93;6.40;24.49
0.00;300.00;1260.00;26.10;E0_1_3500m;5.00;105;105;6.70;26.42
0.00;300.00;1092.00;24.35;E0_0_3600m;5.00;91;91;6.23;24.62
0.00;300.00;1212.00;26.03;E0_1_3600m;5.00;101;101;6.47;26.36
0.00;300.00;1044.00;24.53;E0_0_3700m;5.00;87;87;5.91;24.79
0.00;300.00;1188.00;25.96;E0_1_3700m;5.00;99;99;6.35;26.31
0.00;300.00;1008.00;24.33;E0_0_3800m;5.00;84;84;5.75;24.62
0.00;300.00;1152.00;26.02;E0_1_3800m;5.00;96;96;6.15;26.36
0.00;300.00;960.00;24.53;E0_0_3900m;5.00;80;80;5.44;24.81
0.00;300.00;1128.00;26.00;E0_1_3900m;5.00;94;94;6.03;26.36
0.00;300.00;900.00;24.54;E0_0_4000m;5.00;75;75;5.09;24.84
0.00;300.00;1116.00;26.10;E0_1_4000m;5.00;93;93;5.94;26.47
0.00;300.00;864.00;24.57;E0_0_4100m;5.00;72;72;4.88;24.89
0.00;300.00;1080.00;26.19;E0_1_4100m;5.00;90;90;5.73;26.56
0.00;300.00;852.00;24.56;E0_0_4200m;5.00;71;71;4.82;24.89
0.00;300.00;1044.00;26.34;E0_1_4200m;5.00;87;87;5.51;26.74
0.00;300.00;804.00;24.63;E0_0_4300m;5.00;67;67;4.53;24.97
0.00;300.00;1020.00;26.47;E0_1_4300m;5.00;85;85;5.35;26.90
0.00;300.00;780.00;24.68;E0_0_4400m;5.00;65;65;4.39;25.03
0.00;300.00;972.00;26.61;E0_1_4400m;5.00;81;81;5.07;27.07
0.00;300.00;744.00;24.89;E0_0_4500m;5.00;62;63;4.18;25.29
0.00;300.00;936.00;26.56;E0_1_4500m;5.00;78;78;4.89;27.03
0.00;300.00;732.00;24.87;E0_0_4600m;5.00;61;61;4.09;25.27
0.00;300.00;900.00;26.73;E0_1_4600m;5.00;75;75;4.68;27.19
0.00;300.00;672.00;24.88;E0_0_4700m;5.00;56;56;3.75;25.32
0.00;300.00;888.00;26.89;E0_1_4700m;5.00;74;74;4.59;27.35
0.00;300.00;660.00;25.10;E0_0_4800m;5.00;55;55;3.65;25.59
0.00;300.00;828.00;27.19;E0_1_4800m;5.00;69;69;4.23;27.71
0.00;300.00;648.00;25.39;E0_0_4900m;5.00;54;54;3.54;25.91
0.00;300.00;780.00;27.38;E0_1_4900m;5.00;65;65;3.96;27.97
0.00;300.00;612.00;25.46;E0_0_5000m;5.00;51;51;3.34;26.01
0.00;300.00;744.00;27.60;E0_1_5000m;5.00;62;62;3.74;28.22
300.00;600.00;0.00;-1.00;E0_0_0m;-1.00;0;0;0.00;-1.00
300.00;600.00;0.00;-1.00;E0_1_0m;-1.00;0;0;0.00;-1.00
300.00;600.00;1920.00;25.68;E0_0_100m;5.00;160;160;10.39;25.85
300.00;600.00;2160.00;27.20;E0_1_100m;5.00;180;180;11.03;27.39
300.00;600.00;1884.00;25.88;E0_0_200m;5.00;157;157;10.11;26.06
300.00;600.00;2196.00;27.34;E0_1_200m;5.00;183;183;11.15;27.53
300.00;600.00;1872.00;25.76;E0_0_300m;5.00;156;156;10.09;25.92
300.00;600.00;2196.00;27.38;E0_1_300m;5.00;183;184;11.19;27.58
300.00;600.00;1848.00;25.57;E0_0_400m;5.00;154;153;10.01;25.71
300.00;600.00;2220.00;27.27;E0_1_400m;5.00;185;185;11.30;27.49
300.00;600.00;1860.00;25.33;E0_0_500m;5.00;155;154;10.14;25.47
300.00;600.00;2208.00;26.98;E0_1_500m;5.00;184;184;11.37;27.18
300.00;600.00;1884.00;25.10;E0_0_600m;5.00;157;156;10.39;25.25
300.00;600.00;2184.00;26.90;E0_1_600m;5.00;182;183;11.29;27.10
300.00;600.00;1860.00;24.99;E0_0_700m;5.00;155;155;10.34;25.16
300.00;600.00;2196.00;26.77;E0_1_700m;5.00;183;183;11.39;26.95
300.00;600.00;1860.00;24.91;E0_0_800m;5.00;155;155;10.37;25.07
300.00;600.00;2196.00;26.66;E0_1_800m;5.00;183;183;11.44;26.83
300.00;600.00;1812.00;24.83;E0_0_900m;5.00;151;152;10.20;24.97
300.00;600.00;2172.00;26.43;E0_1_900m;5.00;181;182;11.46;26.60
300.00;600.00;1824.00;24.64;E0_0_1000m;5.00;152;152;10.28;24.80
300.00;600.00;2160.00;26.22;E0_1_1000m;5.00;180;181;11.49;26.39
300.00;600.00;1836.00;24.46;E0_0_1100m;5.00;153;153;10.43;24.62
300.00;600.00;2184.00;26.06;E0_1_1100m;5.00;182;182;11.64;26.23
300.00;600.00;1848.00;24.17;E0_0_1200m;5.00;154;154;10.62;24.33
300.00;600.00;2232.00;25.98;E0_1_1200m;5.00;186;186;11.93;26.16
300.00;600.00;1800.00;23.94;E0_0_1300m;5.00;150;150;10.44;24.11
300.00;600.00;2268.00;25.95;E0_1_1300m;5.00;189;189;12.10;26.13
300.00;600.00;1776.00;23.77;E0_0_1400m;5.00;148;148;10.38;23.96
300.00;600.00;2268.00;25.97;E0_1_1400m;5.00;189;190;12.14;26.15
300.00;600.00;1788.00;23.69;E0_0_1500m;5.00;149;150;10.54;23.89
300.00;600.00;2232.00;25.97;E0_1_1500m;5.00;186;186;11.94;26.16
300.00;600.00;1788.00;23.61;E0_0_1600m;5.00;149;149;10.52;23.83
300.00;600.00;2268.00;25.81;E0_1_1600m;5.00;189;189;12.20;25.98
300.00;600.00;1800.00;23.54;E0_0_1700m;5.00;150;150;10.62;23.76
300.00;600.00;2268.00;25.71;E0_1_1700m;5.00;189;189;12.25;25.88
300.00;600.00;1836.00;23.39;E0_0_1800m;5.00;153;152;10.85;23.58
300.00;600.00;2232.00;25.60;E0_1_1800m;5.00;186;186;12.11;25.78
300.00;600.00;1824.00;23.30;E0_0_1900m;5.00;152;152;10.87;23.48
300.00;600.00;2232.00;25.53;E0_1_1900m;5.00;186;186;12.14;25.73
300.00;600.00;1872.00;23.28;E0_0_2000m;5.00;156;156;11.17;23.43
300.00;600.00;2220.00;25.46;E0_1_2000m;5.00;185;185;12.11;25.67
300.00;600.00;1848.00;23.16;E0_0_2100m;5.00;154;154;11.08;23.30
300.00;600.00;2256.00;25.35;E0_1_2100m;5.00;188;188;12.36;25.57
300.00;600.00;1860.00;22.89;E0_0_2200m;5.00;155;154;11.25;23.05
300.00;600.00;2244.00;25.30;E0_1_2200m;5.00;187;188;12.38;25.52
300.00;600.00;1836.00;22.68;E0_0_2300m;5.00;153;153;11.24;22.86
300.00;600.00;2256.00;25.22;E0_1_2300m;5.00;188;188;12.42;25.42
300.00;600.00;1812.00;22.56;E0_0_2400m;5.00;151;151;11.16;22.74
300.00;600.00;2256.00;25.10;E0_1_2400m;5.00;188;188;12.48;25.28
300.00;600.00;1824.00;22.49;E0_0_2500m;5.00;152;152;11.27;22.66
300.00;600.00;2232.00;25.03;E0_1_2500m;5.00;186;186;12.39;25.20
300.00;600.00;1800.00;22.47;E0_0_2600m;5.00;150;150;11.13;22.65
300.00;600.00;2220.00;25.01;E0_1_2600m;5.00;185;185;12.33;25.18
300.00;600.00;1776.00;22.43;E0_0_2700m;5.00;148;148;11.00;22.60
300.00;600.00;2232.00;24.95;E0_1_2700m;5.00;186;186;12.43;25.10
300.00;600.00;1764.00;22.43;E0_0_2800m;5.00;147;147;10.92;22.60
300.00;600.00;2232.00;24.88;E0_1_2800m;5.00;186;186;12.46;25.03
300.00;600.00;1752.00;22.58;E0_0_2900m;5.00;146;147;10.78;22.74
300.00;600.00;2232.00;24.89;E0_1_2900m;5.00;186;187;12.48;25.04
300.00;600.00;1776.00;22.76;E0_0_3000m;5.00;148;148;10.84;22.93
300.00;600.00;2220.00;24.83;E0_1_3000m;5.00;185;185;12.42;24.97
300.00;600.00;1776.00;22.85;E0_0_3100m;5.00;148;147;10.75;23.00
300.00;600.00;2208.00;24.68;E0_1_3100m;5.00;184;184;12.42;24.82
300.00;600.00;1764.00;22.86;E0_0_3200m;5.00;147;147;10.72;23.00
300.00;600.00;2220.00;24.56;E0_1_3200m;5.00;185;185;12.55;24.69
300.00;600.00;1764.00;22.87;E0_0_3300m;5.00;147;147;10.71;22.98
300.00;600.00;2208.00;24.48;E0_1_3300m;5.00;184;184;12.53;24.62
300.00;600.00;1764.00;22.80;E0_0_3400m;5.00;147;147;10.74;22.89
300.00;600.00;2208.00;24.36;E0_1_3400m;5.00;184;184;12.59;24.50
300.00;600.00;1764.00;22.68;E0_0_3500m;5.00;147;147;10.80;22.76
300.00;600.00;2208.00;24.27;E0_1_3500m;5.00;184;184;12.64;24.42
300.00;600.00;1776.00;22.81;E0_0_3600m;5.00;148;148;10.81;22.88
300.00;600.00;2196.00;24.14;E0_1_3600m;5.00;183;183;12.63;24.29
300.00;600.00;1764.00;22.99;E0_0_3700m;5.00;147;147;10.66;23.05
300.00;600.00;2196.00;24.04;E0_1_3700m;5.00;183;183;12.69;24.17
300.00;600.00;1764.00;23.18;E0_0_3800m;5.00;147;147;10.57;23.22
300.00;600.00;2196.00;23.94;E0_1_3800m;5.00;183;184;12.75;24.06
300.00;600.00;1764.00;23.38;E0_0_3900m;5.00;147;147;10.48;23.41
300.00;600.00;2208.00;23.87;E0_1_3900m;5.00;184;184;12.85;23.97
300.00;600.00;1800.00;23.44;E0_0_4000m;5.00;150;150;10.67;23.47
300.00;600.00;2220.00;23.78;E0_1_4000m;5.00;185;185;12.96;23.86
300.00;600.00;1824.00;23.37;E0_0_4100m;5.00;152;152;10.84;23.39
300.00;600.00;2232.00;23.67;E0_1_4100m;5.00;186;186;13.10;23.72
300.00;600.00;1848.00;23.31;E0_0_4200m;5.00;154;154;11.01;23.33
300.00;600.00;2220.00;23.57;E0_1_4200m;5.00;185;185;13.08;23.60
300.00;600.00;1872.00;23.28;E0_0_4300m;5.00;156;156;11.17;23.30
300.00;600.00;2220.00;23.52;E0_1_4300m;5.00;185;185;13.11;23.54
300.00;600.00;1872.00;23.25;E0_0_4400m;5.00;156;156;11.18;23.27
300.00;600.00;2268.00;23.58;E0_1_4400m;5.00;189;189;13.36;23.60
300.00;600.00;1920.00;23.36;E0_0_4500m;5.00;160;160;11.42;23.37
300.00;600.00;2280.00;23.61;E0_1_4500m;5.00;190;191;13.44;23.63
300.00;600.00;1920.00;23.41;E0_0_4600m;5.00;160;160;11.39;23.42
300.00;600.00;2292.00;23.67;E0_1_4600m;5.00;191;191;13.45;23.70
300.00;600.00;1944.00;23.50;E0_0_4700m;5.00;162;162;11.49;23.52
300.00;600.00;2292.00;23.76;E0_1_4700m;5.00;191;191;13.40;23.79
300.00;600.00;1944.00;23.59;E0_0_4800m;5.00;162;163;11.48;23.60
300.00;600.00;2292.00;23.85;E0_1_4800m;5.00;191;191;13.35;23.88
300.00;600.00;1932.00;23.71;E0_0_4900m;5.00;161;161;11.32;23.72
300.00;600.00;2292.00;23.97;E0_1_4900m;5.00;191;191;13.28;24.01
300.00;600.00;1944.00;23.79;E0_0_5000m;5.00;162;162;11.35;23.81
300.00;600.00;2292.00;24.11;E0_1_5000m;5.00;191;191;13.20;24.16
600.00;900.00;0.00;-1.00;E0_0_0m;-1.00;0;0;0.00;-1.00
600.00;900.00;0.00;-1.00;E0_1_0m;-1.00;0;0;0.00;-1.00
600.00;900.00;1740.00;25.58;E0_0_100m;5.00;145;145;9.45;25.71
600.00;900.00;2268.00;26.63;E0_1_100m;5.00;189;189;11.83;26.78
600.00;900.00;1752.00;25.18;E0_0_200m;5.00;146;146;9.66;25.32
600.00;900.00;2268.00;26.79;E0_1_200m;5.00;189;190;11.80;27.00
600.00;900.00;1752.00;25.18;E0_0_300m;5.00;146;147;9.69;25.30
600.00;900.00;2304.00;26.76;E0_1_300m;5.00;192;191;11.91;26.99
600.00;900.00;1764.00;25.14;E0_0_400m;5.00;147;148;9.77;25.26
600.00;900.00;2292.00;26.73;E0_1_400m;5.00;191;191;11.91;26.92
600.00;900.00;1776.00;25.04;E0_0_500m;5.00;148;149;9.89;25.16
600.00;900.00;2292.00;26.67;E0_1_500m;5.00;191;191;11.94;26.82
600.00;900.00;1800.00;24.95;E0_0_600m;5.00;150;150;10.02;25.05
600.00;900.00;2316.00;26.47;E0_1_600m;5.00;193;192;12.14;26.61
600.00;900.00;1848.00;24.85;E0_0_700m;5.00;154;154;10.33;24.95
600.00;900.00;2304.00;26.16;E0_1_700m;5.00;192;192;12.23;26.30
600.00;900.00;1872.00;24.75;E0_0_800m;5.00;156;156;10.50;24.82
600.00;900.00;2304.00;25.96;E0_1_800m;5.00;192;192;12.33;26.11
600.00;900.00;1848.00;24.55;E0_0_900m;5.00;154;153;10.40;24.63
600.00;900.00;2340.00;25.91;E0_1_900m;5.00;195;194;12.49;26.08
600.00;900.00;1824.00;24.51;E0_0_1000m;5.00;152;153;10.39;24.57
600.00;900.00;2340.00;25.79;E0_1_1000m;5.00;195;194;12.55;25.95
600.00;900.00;1812.00;24.45;E0_0_1100m;5.00;151;151;10.29;24.51
600.00;900.00;2316.00;25.79;E0_1_1100m;5.00;193;193;12.47;25.97
600.00;900.00;1788.00;24.31;E0_0_1200m;5.00;149;149;10.22;24.36
600.00;900.00;2268.00;25.90;E0_1_1200m;5.00;189;189;12.16;26.10
600.00;900.00;1788.00;24.46;E0_0_1300m;5.00;149;149;10.15;24.58
600.00;900.00;2232.00;26.07;E0_1_1300m;5.00;186;186;11.94;26.29
600.00;900.00;1764.00;24.43;E0_0_1400m;5.00;147;147;10.03;24.49
600.00;900.00;2244.00;26.11;E0_1_1400m;5.00;187;186;11.93;26.31
600.00;900.00;1740.00;24.43;E0_0_1500m;5.00;145;146;9.95;24.49
600.00;900.00;2220.00;26.15;E0_1_1500m;5.00;185;185;11.79;26.35
600.00;900.00;1752.00;24.37;E0_0_1600m;5.00;146;146;9.98;24.43
600.00;900.00;2172.00;26.19;E0_1_1600m;5.00;181;181;11.52;26.40
600.00;900.00;1740.00;24.41;E0_0_1700m;5.00;145;145;9.90;24.47
600.00;900.00;2208.00;26.10;E0_1_1700m;5.00;184;184;11.75;26.30
600.00;900.00;1740.00;24.37;E0_0_1800m;5.00;145;145;9.91;24.43
600.00;900.00;2256.00;26.12;E0_1_1800m;5.00;188;188;11.99;26.29
600.00;900.00;1776.00;24.26;E0_0_1900m;5.00;148;148;10.17;24.31
600.00;900.00;2280.00;26.06;E0_1_1900m;5.00;190;190;12.15;26.22
600.00;900.00;1776.00;24.27;E0_0_2000m;5.00;148;148;10.16;24.31
600.00;900.00;2256.00;25.95;E0_1_2000m;5.00;188;188;12.08;26.10
600.00;900.00;1764.00;24.22;E0_0_2100m;5.00;147;148;10.17;24.26
600.00;900.00;2256.00;25.78;E0_1_2100m;5.00;188;188;12.16;25.91
600.00;900.00;1776.00;24.13;E0_0_2200m;5.00;148;148;10.22;24.17
600.00;900.00;2268.00;25.55;E0_1_2200m;5.00;189;188;12.27;25.66
600.00;900.00;1776.00;23.90;E0_0_2300m;5.00;148;148;10.32;23.94
600.00;900.00;2268.00;25.36;E0_1_2300m;5.00;189;189;12.42;25.46
600.00;900.00;1740.00;23.72;E0_0_2400m;5.00;145;145;10.19;23.76
600.00;900.00;2280.00;25.15;E0_1_2400m;5.00;190;190;12.59;25.25
600.00;900.00;1728.00;23.72;E0_0_2500m;5.00;144;145;10.17;23.76
600.00;900.00;2244.00;24.92;E0_1_2500m;5.00;187;187;12.51;25.02
600.00;900.00;1728.00;23.57;E0_0_2600m;5.00;144;144;10.18;23.61
600.00;900.00;2232.00;24.60;E0_1_2600m;5.00;186;186;12.60;24.69
600.00;900.00;1752.00;23.21;E0_0_2700m;5.00;146;146;10.49;23.28
600.00;900.00;2268.00;24.24;E0_1_2700m;5.00;189;189;12.99;24.34
600.00;900.00;1776.00;22.80;E0_0_2800m;5.00;148;148;10.82;22.92
600.00;900.00;2256.00;23.84;E0_1_2800m;5.00;188;188;13.14;23.94
600.00;900.00;1776.00;22.04;E0_0_2900m;5.00;148;147;11.18;22.21
600.00;900.00;2268.00;23.21;E0_1_2900m;5.00;189;188;13.54;23.31
600.00;900.00;1764.00;21.14;E0_0_3000m;5.00;147;147;11.59;21.26
600.00;900.00;2268.00;22.33;E0_1_3000m;5.00;189;190;14.14;22.43
600.00;900.00;1788.00;21.36;E0_0_3100m;5.00;149;150;11.67;21.44
600.00;900.00;2232.00;22.49;E0_1_3100m;5.00;186;187;13.83;22.54
600.00;900.00;1884.00;21.64;E0_0_3200m;5.00;157;157;12.09;21.70
600.00;900.00;2136.00;22.72;E0_1_3200m;5.00;178;179;13.11;22.78
600.00;900.00;1884.00;21.66;E0_0_3300m;5.00;157;158;12.11;21.71
600.00;900.00;2148.00;22.62;E0_1_3300m;5.00;179;179;13.19;22.68
600.00;900.00;1872.00;21.60;E0_0_3400m;5.00;156;156;12.04;21.66
600.00;900.00;2172.00;22.53;E0_1_3400m;5.00;181;181;13.39;22.58
600.00;900.00;1884.00;21.64;E0_0_3500m;5.00;157;157;12.09;21.69
600.00;900.00;2172.00;22.51;E0_1_3500m;5.00;181;181;13.40;22.53
600.00;900.00;1920.00;21.68;E0_0_3600m;5.00;160;160;12.30;21.73
600.00;900.00;2172.00;22.48;E0_1_3600m;5.00;181;181;13.42;22.49
600.00;900.00;1944.00;21.59;E0_0_3700m;5.00;162;162;12.51;21.64
600.00;900.00;2184.00;22.49;E0_1_3700m;5.00;182;182;13.49;22.51
600.00;900.00;1968.00;21.71;E0_0_3800m;5.00;164;164;12.59;21.76
600.00;900.00;2172.00;22.50;E0_1_3800m;5.00;181;180;13.39;22.51
600.00;900.00;1968.00;21.99;E0_0_3900m;5.00;164;164;12.43;22.03
600.00;900.00;2160.00;22.73;E0_1_3900m;5.00;180;180;13.20;22.78
600.00;900.00;1896.00;23.39;E0_0_4000m;5.00;158;159;11.31;23.49
600.00;900.00;2184.00;24.51;E0_1_4000m;5.00;182;182;12.38;24.64
600.00;900.00;1848.00;24.97;E0_0_4100m;5.00;154;154;10.28;25.18
600.00;900.00;2196.00;27.46;E0_1_4100m;5.00;183;183;11.11;27.54
600.00;900.00;1824.00;24.59;E0_0_4200m;5.00;152;152;10.30;24.85
600.00;900.00;2208.00;27.69;E0_1_4200m;5.00;184;184;11.08;27.76
600.00;900.00;1812.00;24.28;E0_0_4300m;5.00;151;151;10.37;24.60
600.00;900.00;2208.00;27.71;E0_1_4300m;5.00;184;184;11.07;27.78
600.00;900.00;1788.00;23.99;E0_0_4400m;5.00;149;149;10.35;24.37
600.00;900.00;2208.00;27.71;E0_1_4400m;5.00;184;184;11.07;27.77
600.00;900.00;1764.00;23.81;E0_0_4500m;5.00;147;147;10.29;24.23
600.00;900.00;2196.00;27.72;E0_1_4500m;5.00;183;182;10.98;27.78
600.00;900.00;1752.00;23.58;E0_0_4600m;5.00;146;146;10.32;23.96
600.00;900.00;2196.00;27.77;E0_1_4600m;5.00;183;183;10.98;27.85
600.00;900.00;1788.00;23.54;E0_0_4700m;5.00;149;149;10.55;23.93
600.00;900.00;2160.00;27.72;E0_1_4700m;5.00;180;180;10.82;27.81
600.00;900.00;1788.00;23.45;E0_0_4800m;5.00;149;148;10.56;23.80
600.00;900.00;2184.00;27.64;E0_1_4800m;5.00;182;182;10.97;27.75
600.00;900.00;1788.00;23.25;E0_0_4900m;5.00;149;150;10.73;23.58
600.00;900.00;2208.00;27.58;E0_1_4900m;5.00;184;184;11.12;27.71
600.00;900.00;1776.00;22.98;E0_0_5000m;5.00;148;148;10.73;23.32
600.00;900.00;2208.00;27.54;E0_1_5000m;5.00;184;184;11.14;27.66
900.00;1200.00;0.00;-1.00;E0_0_0m;-1.00;0;0;0.00;-1.00
900.00;1200.00;0.00;-1.00;E0_1_0m;-1.00;0;0;0.00;-1.00
900.00;1200.00;1788.00;26.24;E0_0_100m;5.00;149;150;9.50;26.42
900.00;1200.00;2172.00;27.48;E0_1_100m;5.00;181;181;10.98;27.68
900.00;1200.00;1800.00;26.39;E0_0_200m;5.00;150;151;9.49;26.60
900.00;1200.00;2172.00;27.73;E0_1_200m;5.00;181;180;10.84;28.02
900.00;1200.00;1776.00;26.34;E0_0_300m;5.00;148;148;9.37;26.53
900.00;1200.00;2172.00;27.51;E0_1_300m;5.00;181;182;11.00;27.82
900.00;1200.00;1776.00;26.13;E0_0_400m;5.00;148;147;9.42;26.32
900.00;1200.00;2172.00;27.38;E0_1_400m;5.00;181;181;11.02;27.69
900.00;1200.00;1776.00;25.86;E0_0_500m;5.00;148;147;9.50;26.06
900.00;1200.00;2172.00;27.13;E0_1_500m;5.00;181;181;11.12;27.44
900.00;1200.00;1740.00;25.70;E0_0_600m;5.00;145;145;9.40;25.91
900.00;1200.00;2148.00;26.85;E0_1_600m;5.00;179;179;11.11;27.18
900.00;1200.00;1728.00;25.57;E0_0_700m;5.00;144;144;9.38;25.78
900.00;1200.00;2124.00;26.64;E0_1_700m;5.00;177;177;11.07;26.98
900.00;1200.00;1740.00;25.32;E0_0_800m;5.00;145;145;9.54;25.53
900.00;1200.00;2112.00;26.41;E0_1_800m;5.00;176;176;11.11;26.74
900.00;1200.00;1740.00;24.96;E0_0_900m;5.00;145;145;9.68;25.19
900.00;1200.00;2124.00;25.98;E0_1_900m;5.00;177;177;11.35;26.34
900.00;1200.00;1764.00;24.65;E0_0_1000m;5.00;147;146;9.89;24.84
900.00;1200.00;2112.00;25.67;E0_1_1000m;5.00;176;176;11.43;26.02
900.00;1200.00;1764.00;24.39;E0_0_1100m;5.00;147;147;10.05;24.55
900.00;1200.00;2148.00;25.51;E0_1_1100m;5.00;179;179;11.69;25.86
900.00;1200.00;1788.00;24.33;E0_0_1200m;5.00;149;149;10.21;24.47
900.00;1200.00;2160.00;25.38;E0_1_1200m;5.00;180;180;11.82;25.70
900.00;1200.00;1836.00;24.19;E0_0_1300m;5.00;153;153;10.54;24.32
900.00;1200.00;2172.00;25.22;E0_1_1300m;5.00;181;181;11.96;25.52
900.00;1200.00;1848.00;23.93;E0_0_1400m;5.00;154;154;10.72;24.07
900.00;1200.00;2220.00;24.97;E0_1_1400m;5.00;185;185;12.35;25.25
900.00;1200.00;1836.00;23.79;E0_0_1500m;5.00;153;153;10.68;23.93
900.00;1200.00;2244.00;24.79;E0_1_1500m;5.00;187;187;12.57;25.05
900.00;1200.00;1824.00;23.65;E0_0_1600m;5.00;152;152;10.71;23.79
900.00;1200.00;2232.00;24.57;E0_1_1600m;5.00;186;187;12.65;24.81
900.00;1200.00;1788.00;23.49;E0_0_1700m;5.00;149;149;10.57;23.66
900.00;1200.00;2196.00;24.41;E0_1_1700m;5.00;183;183;12.49;24.64
900.00;1200.00;1764.00;23.57;E0_0_1800m;5.00;147;147;10.39;23.72
900.00;1200.00;2160.00;24.28;E0_1_1800m;5.00;180;180;12.35;24.51
900.00;1200.00;1728.00;23.58;E0_0_1900m;5.00;144;144;10.18;23.71
900.00;1200.00;2124.00;24.23;E0_1_1900m;5.00;177;177;12.18;24.46
900.00;1200.00;1728.00;23.61;E0_0_2000m;5.00;144;144;10.16;23.74
900.00;1200.00;2112.00;24.16;E0_1_2000m;5.00;176;176;12.14;24.39
900.00;1200.00;1740.00;23.61;E0_0_2100m;5.00;145;144;10.18;23.74
900.00;1200.00;2100.00;24.02;E0_1_2100m;5.00;175;175;12.14;24.25
900.00;1200.00;1728.00;23.61;E0_0_2200m;5.00;144;144;10.17;23.74
900.00;1200.00;2088.00;24.00;E0_1_2200m;5.00;174;175;12.13;24.26
900.00;1200.00;1740.00;23.63;E0_0_2300m;5.00;145;146;10.26;23.76
900.00;1200.00;2076.00;24.04;E0_1_2300m;5.00;173;174;11.99;24.31
900.00;1200.00;1752.00;23.67;E0_0_2400m;5.00;146;146;10.28;23.81
900.00;1200.00;2076.00;24.14;E0_1_2400m;5.00;173;173;11.94;24.41
900.00;1200.00;1752.00;23.75;E0_0_2500m;5.00;146;145;10.20;23.88
900.00;1200.00;2076.00;24.27;E0_1_2500m;5.00;173;173;11.88;24.54
900.00;1200.00;1752.00;23.75;E0_0_2600m;5.00;146;146;10.25;23.90
900.00;1200.00;2076.00;24.37;E0_1_2600m;5.00;173;173;11.83;24.64
900.00;1200.00;1740.00;23.72;E0_0_2700m;5.00;145;145;10.19;23.86
900.00;1200.00;2028.00;24.29;E0_1_2700m;5.00;169;170;11.63;24.54
900.00;1200.00;1728.00;23.53;E0_0_2800m;5.00;144;144;10.20;23.64
900.00;1200.00;2028.00;23.97;E0_1_2800m;5.00;169;169;11.75;24.17
900.00;1200.00;1728.00;23.03;E0_0_2900m;5.00;144;145;10.45;23.10
900.00;1200.00;2028.00;23.49;E0_1_2900m;5.00;169;169;11.99;23.62
900.00;1200.00;1716.00;21.95;E0_0_3000m;5.00;143;143;10.86;21.99
900.00;1200.00;2052.00;22.77;E0_1_3000m;5.00;171;171;12.51;22.83
900.00;1200.00;1764.00;21.58;E0_0_3100m;5.00;147;146;11.31;21.63
900.00;1200.00;2028.00;22.64;E0_1_3100m;5.00;169;169;12.44;22.68
900.00;1200.00;1776.00;21.63;E0_0_3200m;5.00;148;149;11.46;21.68
900.00;1200.00;1992.00;22.57;E0_1_3200m;5.00;166;166;12.26;22.61
900.00;1200.00;1776.00;21.96;E0_0_3300m;5.00;148;148;11.23;21.98
900.00;1200.00;1992.00;22.50;E0_1_3300m;5.00;166;166;12.30;22.53
900.00;1200.00;1764.00;22.00;E0_0_3400m;5.00;147;147;11.14;22.02
900.00;1200.00;1992.00;22.47;E0_1_3400m;5.00;166;166;12.31;22.49
900.00;1200.00;1752.00;21.99;E0_0_3500m;5.00;146;146;11.07;22.01
900.00;1200.00;1992.00;22.45;E0_1_3500m;5.00;166;166;12.32;22.47
900.00;1200.00;1740.00;21.96;E0_0_3600m;5.00;145;145;11.01;21.99
900.00;1200.00;1968.00;22.44;E0_1_3600m;5.00;164;164;12.18;22.46
900.00;1200.00;1740.00;22.08;E0_0_3700m;5.00;145;145;10.95;22.09
900.00;1200.00;1944.00;22.44;E0_1_3700m;5.00;162;162;12.03;22.45
900.00;1200.00;1764.00;22.09;E0_0_3800m;5.00;147;147;11.09;22.10
900.00;1200.00;1944.00;22.44;E0_1_3800m;5.00;162;162;12.03;22.45
900.00;1200.00;1800.00;22.18;E0_0_3900m;5.00;150;150;11.27;22.19
900.00;1200.00;1980.00;22.59;E0_1_3900m;5.00;165;165;12.17;22.62
900.00;1200.00;1836.00;23.55;E0_0_4000m;5.00;153;153;10.83;23.64
900.00;1200.00;2016.00;24.19;E0_1_4000m;5.00;168;168;11.58;24.31
900.00;1200.00;1836.00;25.24;E0_0_4100m;5.00;153;154;10.14;25.34
900.00;1200.00;2088.00;26.86;E0_1_4100m;5.00;174;174;10.80;27.09
900.00;1200.00;1872.00;25.19;E0_0_4200m;5.00;156;156;10.32;25.29
900.00;1200.00;2100.00;26.65;E0_1_4200m;5.00;175;176;10.98;26.89
900.00;1200.00;1908.00;25.08;E0_0_4300m;5.00;159;159;10.57;25.16
900.00;1200.00;2124.00;26.37;E0_1_4300m;5.00;177;177;11.19;26.61
900.00;1200.00;1932.00;24.88;E0_0_4400m;5.00;161;161;10.78;24.97
900.00;1200.00;2148.00;26.21;E0_1_4400m;5.00;179;179;11.38;26.46
900.00;1200.00;1896.00;24.66;E0_0_4500m;5.00;158;159;10.72;24.74
900.00;1200.00;2172.00;26.02;E0_1_4500m;5.00;181;181;11.60;26.27
900.00;1200.00;1872.00;24.56;E0_0_4600m;5.00;156;156;10.59;24.65
900.00;1200.00;2184.00;25.80;E0_1_4600m;5.00;182;182;11.76;26.05
900.00;1200.00;1860.00;24.48;E0_0_4700m;5.00;155;155;10.55;24.57
900.00;1200.00;2184.00;25.68;E0_1_4700m;5.00;182;182;11.81;25.94
900.00;1200.00;1872.00;24.40;E0_0_4800m;5.00;156;156;10.66;24.48
900.00;1200.00;2172.00;25.59;E0_1_4800m;5.00;181;181;11.79;25.84
900.00;1200.00;1872.00;24.33;E0_0_4900m;5.00;156;156;10.69;24.41
900.00;1200.00;2160.00;25.49;E0_1_4900m;5.00;180;180;11.77;25.74
900.00;1200.00;1848.00;24.28;E0_0_5000m;5.00;154;154;10.57;24.37
900.00;1200.00;2184.00;25.47;E0_1_5000m;5.00;182;182;11.91;25.71
1200.00;1500.00;0.00;-1.00;E0_0_0m;-1.00;0;0;0.00;-1.00
1200.00;1500.00;0.00;-1.00;E0_1_0m;-1.00;0;0;0.00;-1.00
1200.00;1500.00;1728.00;25.92;E0_0_100m;5.00;144;145;9.30;26.10
1200.00;1500.00;2172.00;26.95;E0_1_100m;5.00;181;181;11.19;27.11
1200.00;1500.00;1776.00;25.91;E0_0_200m;5.00;148;147;9.50;26.15
1200.00;1500.00;2112.00;27.49;E0_1_200m;5.00;176;176;10.67;27.69
1200.00;1500.00;1776.00;25.94;E0_0_300m;5.00;148;148;9.51;26.14
1200.00;1500.00;2100.00;27.59;E0_1_300m;5.00;175;174;10.54;27.78
1200.00;1500.00;1740.00;25.81;E0_0_400m;5.00;145;145;9.36;26.00
1200.00;1500.00;2124.00;27.59;E0_1_400m;5.00;177;177;10.69;27.76
1200.00;1500.00;1764.00;25.63;E0_0_500m;5.00;147;147;9.56;25.81
1200.00;1500.00;2136.00;27.46;E0_1_500m;5.00;178;178;10.80;27.62
1200.00;1500.00;1776.00;25.48;E0_0_600m;5.00;148;148;9.68;25.66
1200.00;1500.00;2148.00;27.32;E0_1_600m;5.00;179;179;10.92;27.49
1200.00;1500.00;1728.00;25.48;E0_0_700m;5.00;144;145;9.46;25.67
1200.00;1500.00;2184.00;27.17;E0_1_700m;5.00;182;182;11.16;27.32
1200.00;1500.00;1752.00;25.47;E0_0_800m;5.00;146;146;9.55;25.70
1200.00;1500.00;2148.00;27.24;E0_1_800m;5.00;179;180;11.01;27.36
1200.00;1500.00;1740.00;25.37;E0_0_900m;5.00;145;145;9.52;25.56
1200.00;1500.00;2136.00;27.26;E0_1_900m;5.00;178;179;10.92;27.40
1200.00;1500.00;1788.00;25.41;E0_0_1000m;5.00;149;149;9.77;25.61
1200.00;1500.00;2112.00;27.25;E0_1_1000m;5.00;176;176;10.76;27.41
1200.00;1500.00;1764.00;25.33;E0_0_1100m;5.00;147;147;9.67;25.51
1200.00;1500.00;2124.00;27.17;E0_1_1100m;5.00;177;177;10.86;27.32
1200.00;1500.00;1704.00;25.31;E0_0_1200m;5.00;142;142;9.35;25.50
1200.00;1500.00;2148.00;27.24;E0_1_1200m;5.00;179;179;10.95;27.40
1200.00;1500.00;1704.00;25.23;E0_0_1300m;5.00;142;142;9.38;25.41
1200.00;1500.00;2172.00;27.23;E0_1_1300m;5.00;181;181;11.08;27.39
1200.00;1500.00;1692.00;25.16;E0_0_1400m;5.00;141;141;9.34;25.34
1200.00;1500.00;2136.00;27.19;E0_1_1400m;5.00;178;179;10.95;27.35
1200.00;1500.00;1704.00;25.09;E0_0_1500m;5.00;142;141;9.41;25.26
1200.00;1500.00;2148.00;27.23;E0_1_1500m;5.00;179;179;10.96;27.40
1200.00;1500.00;1692.00;24.96;E0_0_1600m;5.00;141;141;9.41;25.12
1200.00;1500.00;2148.00;27.33;E0_1_1600m;5.00;179;178;10.89;27.50
1200.00;1500.00;1704.00;24.80;E0_0_1700m;5.00;142;142;9.54;24.96
1200.00;1500.00;2184.00;27.23;E0_1_1700m;5.00;182;182;11.14;27.39
1200.00;1500.00;1704.00;24.66;E0_0_1800m;5.00;142;142;9.60;24.83
1200.00;1500.00;2208.00;27.02;E0_1_1800m;5.00;184;184;11.35;27.19
1200.00;1500.00;1716.00;24.50;E0_0_1900m;5.00;143;143;9.73;24.68
1200.00;1500.00;2220.00;26.90;E0_1_1900m;5.00;185;185;11.46;27.07
1200.00;1500.00;1728.00;24.39;E0_0_2000m;5.00;144;144;9.84;24.57
1200.00;1500.00;2220.00;26.78;E0_1_2000m;5.00;185;185;11.51;26.95
1200.00;1500.00;1752.00;24.24;E0_0_2100m;5.00;146;146;10.04;24.40
1200.00;1500.00;2196.00;26.60;E0_1_2100m;5.00;183;184;11.47;26.78
1200.00;1500.00;1776.00;24.19;E0_0_2200m;5.00;148;148;10.20;24.34
1200.00;1500.00;2184.00;26.42;E0_1_2200m;5.00;182;181;11.43;26.62
1200.00;1500.00;1740.00;24.18;E0_0_2300m;5.00;145;144;9.96;24.32
1200.00;1500.00;2208.00;26.25;E0_1_2300m;5.00;184;183;11.68;26.47
1200.00;1500.00;1752.00;24.08;E0_0_2400m;5.00;146;146;10.11;24.22
1200.00;1500.00;2208.00;26.11;E0_1_2400m;5.00;184;184;11.74;26.34
1200.00;1500.00;1752.00;23.99;E0_0_2500m;5.00;146;146;10.14;24.15
1200.00;1500.00;2196.00;25.78;E0_1_2500m;5.00;183;184;11.88;26.00
1200.00;1500.00;1740.00;23.78;E0_0_2600m;5.00;145;145;10.16;23.92
1200.00;1500.00;2208.00;25.38;E0_1_2600m;5.00;184;184;12.08;25.60
1200.00;1500.00;1752.00;23.36;E0_0_2700m;5.00;146;146;10.42;23.46
1200.00;1500.00;2268.00;24.86;E0_1_2700m;5.00;189;188;12.63;25.06
1200.00;1500.00;1824.00;22.92;E0_0_2800m;5.00;152;152;11.05;23.01
1200.00;1500.00;2268.00;24.26;E0_1_2800m;5.00;189;190;12.99;24.45
1200.00;1500.00;1848.00;22.51;E0_0_2900m;5.00;154;153;11.38;22.57
1200.00;1500.00;2316.00;23.66;E0_1_2900m;5.00;193;193;13.60;23.83
1200.00;1500.00;1896.00;21.85;E0_0_3000m;5.00;158;158;12.05;21.89
1200.00;1500.00;2304.00;22.81;E0_1_3000m;5.00;192;192;14.03;22.92
1200.00;1500.00;1932.00;21.76;E0_0_3100m;5.00;161;161;12.33;21.78
1200.00;1500.00;2304.00;22.51;E0_1_3100m;5.00;192;192;14.22;22.55
1200.00;1500.00;2004.00;21.74;E0_0_3200m;5.00;167;166;12.74;21.77
1200.00;1500.00;2292.00;22.38;E0_1_3200m;5.00;191;191;14.22;22.40
1200.00;1500.00;2040.00;21.65;E0_0_3300m;5.00;170;170;13.09;21.69
1200.00;1500.00;2304.00;22.32;E0_1_3300m;5.00;192;192;14.34;22.34
1200.00;1500.00;2064.00;21.69;E0_0_3400m;5.00;172;172;13.21;21.72
1200.00;1500.00;2328.00;22.23;E0_1_3400m;5.00;194;194;14.55;22.24
1200.00;1500.00;2076.00;21.65;E0_0_3500m;5.00;173;173;13.32;21.68
1200.00;1500.00;2328.00;22.15;E0_1_3500m;5.00;194;194;14.60;22.15
1200.00;1500.00;2088.00;21.54;E0_0_3600m;5.00;174;174;13.47;21.56
1200.00;1500.00;2328.00;22.09;E0_1_3600m;5.00;194;194;14.64;22.09
1200.00;1500.00;2076.00;21.32;E0_0_3700m;5.00;173;173;13.52;21.37
1200.00;1500.00;2364.00;22.04;E0_1_3700m;5.00;197;197;14.89;22.05
1200.00;1500.00;2052.00;21.58;E0_0_3800m;5.00;171;171;13.21;21.61
1200.00;1500.00;2352.00;22.06;E0_1_3800m;5.00;196;196;14.81;22.07
1200.00;1500.00;2016.00;21.70;E0_0_3900m;5.00;168;169;12.97;21.72
1200.00;1500.00;2316.00;22.26;E0_1_3900m;5.00;193;193;14.45;22.35
1200.00;1500.00;1992.00;22.24;E0_0_4000m;5.00;166;166;12.44;22.33
1200.00;1500.00;2256.00;23.01;E0_1_4000m;5.00;188;189;13.68;23.17
1200.00;1500.00;1956.00;22.87;E0_0_4100m;5.00;163;163;11.88;23.10
1200.00;1500.00;2232.00;23.83;E0_1_4100m;5.00;186;186;13.01;24.18
1200.00;1500.00;1908.00;22.96;E0_0_4200m;5.00;159;159;11.54;23.15
1200.00;1500.00;2220.00;23.69;E0_1_4200m;5.00;185;186;13.02;24.02
1200.00;1500.00;1872.00;22.90;E0_0_4300m;5.00;156;156;11.36;23.05
1200.00;1500.00;2208.00;23.55;E0_1_4300m;5.00;184;184;13.02;23.83
1200.00;1500.00;1836.00;22.90;E0_0_4400m;5.00;153;154;11.18;23.05
1200.00;1500.00;2196.00;23.46;E0_1_4400m;5.00;183;183;13.00;23.71
1200.00;1500.00;1848.00;22.92;E0_0_4500m;5.00;154;153;11.15;23.06
1200.00;1500.00;2184.00;23.47;E0_1_4500m;5.00;182;182;12.93;23.70
1200.00;1500.00;1848.00;22.99;E0_0_4600m;5.00;154;154;11.17;23.12
1200.00;1500.00;2184.00;23.61;E0_1_4600m;5.00;182;183;12.88;23.86
1200.00;1500.00;1848.00;23.11;E0_0_4700m;5.00;154;154;11.11;23.23
1200.00;1500.00;2184.00;23.75;E0_1_4700m;5.00;182;182;12.77;24.01
1200.00;1500.00;1836.00;23.09;E0_0_4800m;5.00;153;153;11.05;23.19
1200.00;1500.00;2172.00;23.81;E0_1_4800m;5.00;181;181;12.67;24.03
1200.00;1500.00;1812.00;23.17;E0_0_4900m;5.00;151;152;10.92;23.28
1200.00;1500.00;2184.00;23.91;E0_1_4900m;5.00;182;182;12.68;24.12
1200.00;1500.00;1824.00;23.22;E0_0_5000m;5.00;152;152;10.91;23.33
1200.00;1500.00;2184.00;24.02;E0_1_5000m;5.00;182;183;12.63;24.20
1500.00;1800.00;0.00;-1.00;E0_0_0m;-1.00;0;0;0.00;-1.00
1500.00;1800.00;0.00;-1.00;E0_1_0m;-1.00;0;0;0.00;-1.00
1500.00;1800.00;1812.00;25.89;E0_0_100m;5.00;151;150;9.68;26.07
1500.00;1800.00;2088.00;27.27;E0_1_100m;5.00;174;174;10.64;27.42
1500.00;1800.00;1836.00;25.86;E0_0_200m;5.00;153;153;9.86;26.06
1500.00;1800.00;2052.00;27.34;E0_1_200m;5.00;171;171;10.42;27.55
1500.00;1800.00;1836.00;25.84;E0_0_300m;5.00;153;153;9.87;26.05
1500.00;1800.00;2064.00;27.22;E0_1_300m;5.00;172;173;10.57;27.44
1500.00;1800.00;1836.00;25.83;E0_0_400m;5.00;153;153;9.87;26.00
1500.00;1800.00;2076.00;27.07;E0_1_400m;5.00;173;173;10.65;27.29
1500.00;1800.00;1788.00;25.70;E0_0_500m;5.00;149;149;9.66;25.82
1500.00;1800.00;2088.00;26.88;E0_1_500m;5.00;174;174;10.79;27.09
1500.00;1800.00;1752.00;25.72;E0_0_600m;5.00;146;146;9.46;25.83
1500.00;1800.00;2112.00;26.76;E0_1_600m;5.00;176;176;10.96;26.95
1500.00;1800.00;1764.00;25.68;E0_0_700m;5.00;147;147;9.54;25.79
1500.00;1800.00;2112.00;26.80;E0_1_700m;5.00;176;176;10.94;26.97
1500.00;1800.00;1752.00;25.58;E0_0_800m;5.00;146;146;9.51;25.68
1500.00;1800.00;2100.00;26.81;E0_1_800m;5.00;175;175;10.88;26.96
1500.00;1800.00;1764.00;25.50;E0_0_900m;5.00;147;147;9.61;25.61
1500.00;1800.00;2112.00;26.72;E0_1_900m;5.00;176;175;10.94;26.87
1500.00;1800.00;1740.00;25.13;E0_0_1000m;5.00;145;146;9.62;25.26
1500.00;1800.00;2112.00;26.68;E0_1_1000m;5.00;176;176;10.99;26.84
1500.00;1800.00;1692.00;25.02;E0_0_1100m;5.00;141;142;9.43;25.16
1500.00;1800.00;2124.00;26.62;E0_1_1100m;5.00;177;177;11.08;26.80
1500.00;1800.00;1692.00;25.12;E0_0_1200m;5.00;141;141;9.35;25.23
1500.00;1800.00;2136.00;26.69;E0_1_1200m;5.00;178;179;11.16;26.88
1500.00;1800.00;1644.00;25.22;E0_0_1300m;5.00;137;137;9.05;25.30
1500.00;1800.00;2124.00;26.66;E0_1_1300m;5.00;177;177;11.07;26.85
1500.00;1800.00;1632.00;25.31;E0_0_1400m;5.00;136;136;8.95;25.38
1500.00;1800.00;2184.00;26.66;E0_1_1400m;5.00;182;181;11.34;26.84
1500.00;1800.00;1632.00;25.35;E0_0_1500m;5.00;136;136;8.94;25.42
1500.00;1800.00;2208.00;26.78;E0_1_1500m;5.00;184;184;11.45;26.94
1500.00;1800.00;1668.00;25.23;E0_0_1600m;5.00;139;139;9.18;25.29
1500.00;1800.00;2196.00;26.82;E0_1_1600m;5.00;183;183;11.37;26.99
1500.00;1800.00;1668.00;25.22;E0_0_1700m;5.00;139;139;9.19;25.28
1500.00;1800.00;2160.00;26.70;E0_1_1700m;5.00;180;180;11.24;26.89
1500.00;1800.00;1644.00;25.19;E0_0_1800m;5.00;137;137;9.06;25.25
1500.00;1800.00;2172.00;26.58;E0_1_1800m;5.00;181;181;11.35;26.76
1500.00;1800.00;1632.00;25.14;E0_0_1900m;5.00;136;136;9.02;25.20
1500.00;1800.00;2172.00;26.44;E0_1_1900m;5.00;181;181;11.41;26.63
1500.00;1800.00;1620.00;25.04;E0_0_2000m;5.00;135;135;8.99;25.10
1500.00;1800.00;2196.00;26.34;E0_1_2000m;5.00;183;183;11.58;26.52
1500.00;1800.00;1632.00;24.88;E0_0_2100m;5.00;136;136;9.11;24.96
1500.00;1800.00;2232.00;26.29;E0_1_2100m;5.00;186;186;11.79;26.47
1500.00;1800.00;1608.00;24.89;E0_0_2200m;5.00;134;134;8.97;24.96
1500.00;1800.00;2244.00;26.25;E0_1_2200m;5.00;187;187;11.87;26.44
1500.00;1800.00;1632.00;24.86;E0_0_2300m;5.00;136;136;9.12;24.92
1500.00;1800.00;2220.00;26.08;E0_1_2300m;5.00;185;185;11.82;26.26
1500.00;1800.00;1620.00;24.80;E0_0_2400m;5.00;135;136;9.08;24.85
1500.00;1800.00;2220.00;25.82;E0_1_2400m;5.00;185;185;11.94;25.97
1500.00;1800.00;1632.00;24.69;E0_0_2500m;5.00;136;136;9.18;24.75
1500.00;1800.00;2232.00;25.57;E0_1_2500m;5.00;186;185;12.08;25.71
1500.00;1800.00;1680.00;24.54;E0_0_2600m;5.00;140;140;9.51;24.60
1500.00;1800.00;2220.00;25.32;E0_1_2600m;5.00;185;185;12.18;25.47
1500.00;1800.00;1680.00;24.25;E0_0_2700m;5.00;140;141;9.65;24.32
1500.00;1800.00;2208.00;25.00;E0_1_2700m;5.00;184;184;12.27;25.14
1500.00;1800.00;1668.00;23.94;E0_0_2800m;5.00;139;139;9.68;23.99
1500.00;1800.00;2172.00;24.49;E0_1_2800m;5.00;181;182;12.36;24.61
1500.00;1800.00;1644.00;23.47;E0_0_2900m;5.00;137;138;9.78;23.52
1500.00;1800.00;2124.00;23.88;E0_1_2900m;5.00;177;177;12.36;23.97
1500.00;1800.00;1632.00;22.32;E0_0_3000m;5.00;136;136;10.16;22.33
1500.00;1800.00;2100.00;22.88;E0_1_3000m;5.00;175;175;12.75;22.93
1500.00;1800.00;1668.00;22.13;E0_0_3100m;5.00;139;139;10.47;22.15
1500.00;1800.00;2076.00;22.70;E0_1_3100m;5.00;173;173;12.70;22.75
1500.00;1800.00;1728.00;22.18;E0_0_3200m;5.00;144;144;10.82;22.19
1500.00;1800.00;2052.00;22.68;E0_1_3200m;5.00;171;171;12.57;22.74
1500.00;1800.00;1728.00;22.23;E0_0_3300m;5.00;144;144;10.80;22.24
1500.00;1800.00;2052.00;22.58;E0_1_3300m;5.00;171;171;12.62;22.62
1500.00;1800.00;1716.00;22.28;E0_0_3400m;5.00;143;143;10.70;22.28
1500.00;1800.00;2040.00;22.49;E0_1_3400m;5.00;170;170;12.60;22.51
1500.00;1800.00;1752.00;22.11;E0_0_3500m;5.00;146;146;11.00;22.14
1500.00;1800.00;2016.00;22.44;E0_1_3500m;5.00;168;168;12.48;22.46
1500.00;1800.00;1752.00;22.08;E0_0_3600m;5.00;146;146;11.02;22.11
1500.00;1800.00;2028.00;22.41;E0_1_3600m;5.00;169;169;12.57;22.42
1500.00;1800.00;1764.00;22.14;E0_0_3700m;5.00;147;147;11.07;22.16
1500.00;1800.00;2016.00;22.42;E0_1_3700m;5.00;168;168;12.49;22.44
1500.00;1800.00;1764.00;22.24;E0_0_3800m;5.00;147;147;11.01;22.25
1500.00;1800.00;2040.00;22.42;E0_1_3800m;5.00;170;170;12.64;22.42
1500.00;1800.00;1800.00;22.27;E0_0_3900m;5.00;150;150;11.23;22.30
1500.00;1800.00;2028.00;22.57;E0_1_3900m;5.00;169;170;12.49;22.59
1500.00;1800.00;1848.00;23.30;E0_0_4000m;5.00;154;154;11.01;23.37
1500.00;1800.00;2004.00;23.90;E0_1_4000m;5.00;167;166;11.59;24.00
1500.00;1800.00;1788.00;25.45;E0_0_4100m;5.00;149;149;9.76;25.56
1500.00;1800.00;2076.00;26.42;E0_1_4100m;5.00;173;173;10.91;26.61
1500.00;1800.00;1800.00;25.58;E0_0_4200m;5.00;150;150;9.77;25.69
1500.00;1800.00;2052.00;26.80;E0_1_4200m;5.00;171;170;10.63;27.04
1500.00;1800.00;1788.00;25.50;E0_0_4300m;5.00;149;150;9.78;25.59
1500.00;1800.00;2064.00;26.83;E0_1_4300m;5.00;172;172;10.68;27.07
1500.00;1800.00;1788.00;25.49;E0_0_4400m;5.00;149;150;9.77;25.57
1500.00;1800.00;2064.00;26.70;E0_1_4400m;5.00;172;172;10.74;26.93
1500.00;1800.00;1776.00;25.42;E0_0_4500m;5.00;148;148;9.70;25.49
1500.00;1800.00;2064.00;26.65;E0_1_4500m;5.00;172;172;10.76;26.84
1500.00;1800.00;1824.00;25.35;E0_0_4600m;5.00;152;152;9.99;25.42
1500.00;1800.00;2016.00;26.51;E0_1_4600m;5.00;168;168;10.56;26.70
1500.00;1800.00;1812.00;25.21;E0_0_4700m;5.00;151;151;9.98;25.29
1500.00;1800.00;2052.00;26.43;E0_1_4700m;5.00;171;171;10.78;26.62
1500.00;1800.00;1860.00;25.22;E0_0_4800m;5.00;155;155;10.24;25.32
1500.00;1800.00;2076.00;26.40;E0_1_4800m;5.00;173;173;10.92;26.58
1500.00;1800.00;1884.00;25.38;E0_0_4900m;5.00;157;157;10.31;25.50
1500.00;1800.00;2064.00;26.37;E0_1_4900m;5.00;172;173;10.90;26.54
1500.00;1800.00;1860.00;25.27;E0_0_5000m;5.00;155;155;10.22;25.40
1500.00;1800.00;2100.00;26.40;E0_1_5000m;5.00;175;174;11.04;26.59
1800.00;2100.00;0.00;-1.00;E0_0_0m;-1.00;0;0;0.00;-1.00
1800.00;2100.00;0.00;-1.00;E0_1_0m;-1.00;0;0;0.00;-1.00
1800.00;2100.00;1788.00;25.77;E0_0_100m;5.00;149;149;9.64;25.91
1800.00;2100.00;2244.00;27.26;E0_1_100m;5.00;187;187;11.43;27.42
1800.00;2100.00;1812.00;25.83;E0_0_200m;5.00;151;152;9.76;25.96
1800.00;2100.00;2244.00;27.43;E0_1_200m;5.00;187;187;11.36;27.64
1800.00;2100.00;1824.00;25.97;E0_0_300m;5.00;152;152;9.75;26.09
1800.00;2100.00;2256.00;27.43;E0_1_300m;5.00;188;187;11.38;27.63
1800.00;2100.00;1848.00;25.92;E0_0_400m;5.00;154;155;9.92;26.04
1800.00;2100.00;2232.00;27.38;E0_1_400m;5.00;186;186;11.32;27.54
1800.00;2100.00;1872.00;25.67;E0_0_500m;5.00;156;156;10.13;25.79
1800.00;2100.00;2256.00;27.24;E0_1_500m;5.00;188;188;11.50;27.38
1800.00;2100.00;1872.00;25.37;E0_0_600m;5.00;156;157;10.29;25.49
1800.00;2100.00;2268.00;26.98;E0_1_600m;5.00;189;189;11.68;27.11
1800.00;2100.00;1884.00;25.32;E0_0_700m;5.00;157;157;10.33;25.44
1800.00;2100.00;2280.00;26.73;E0_1_700m;5.00;190;190;11.85;26.85
1800.00;2100.00;1908.00;25.15;E0_0_800m;5.00;159;159;10.54;25.26
1800.00;2100.00;2280.00;26.60;E0_1_800m;5.00;190;190;11.90;26.72
1800.00;2100.00;1908.00;24.95;E0_0_900m;5.00;159;159;10.62;25.07
1800.00;2100.00;2268.00;26.48;E0_1_900m;5.00;189;189;11.90;26.59
1800.00;2100.00;1920.00;24.92;E0_0_1000m;5.00;160;159;10.70;25.02
1800.00;2100.00;2316.00;26.39;E0_1_1000m;5.00;193;193;12.19;26.49
1800.00;2100.00;1956.00;24.99;E0_0_1100m;5.00;163;162;10.83;25.07
1800.00;2100.00;2328.00;26.34;E0_1_1100m;5.00;194;194;12.28;26.43
1800.00;2100.00;1944.00;24.84;E0_0_1200m;5.00;162;163;10.89;24.92
1800.00;2100.00;2352.00;26.27;E0_1_1200m;5.00;196;195;12.39;26.35
1800.00;2100.00;1968.00;24.77;E0_0_1300m;5.00;164;164;11.04;24.84
1800.00;2100.00;2352.00;26.21;E0_1_1300m;5.00;196;196;12.47;26.26
1800.00;2100.00;1944.00;24.68;E0_0_1400m;5.00;162;162;10.94;24.76
1800.00;2100.00;2328.00;26.25;E0_1_1400m;5.00;194;194;12.32;26.30
1800.00;2100.00;1944.00;24.57;E0_0_1500m;5.00;162;162;10.99;24.66
1800.00;2100.00;2304.00;26.35;E0_1_1500m;5.00;192;192;12.15;26.39
1800.00;2100.00;1944.00;24.54;E0_0_1600m;5.00;162;162;11.00;24.64
1800.00;2100.00;2292.00;26.48;E0_1_1600m;5.00;191;191;12.02;26.53
1800.00;2100.00;1956.00;24.54;E0_0_1700m;5.00;163;163;11.07;24.69
1800.00;2100.00;2328.00;26.52;E0_1_1700m;5.00;194;195;12.25;26.56
1800.00;2100.00;1956.00;24.38;E0_0_1800m;5.00;163;163;11.14;24.48
1800.00;2100.00;2316.00;26.52;E0_1_1800m;5.00;193;193;12.13;26.57
1800.00;2100.00;1968.00;24.43;E0_0_1900m;5.00;164;164;11.19;24.52
1800.00;2100.00;2304.00;26.47;E0_1_1900m;5.00;192;192;12.09;26.52
1800.00;2100.00;1992.00;24.50;E0_0_2000m;5.00;166;166;11.29;24.59
1800.00;2100.00;2304.00;26.44;E0_1_2000m;5.00;192;192;12.10;26.49
1800.00;2100.00;1992.00;24.52;E0_0_2100m;5.00;166;166;11.28;24.61
1800.00;2100.00;2292.00;26.36;E0_1_2100m;5.00;191;191;12.07;26.42
1800.00;2100.00;2028.00;24.62;E0_0_2200m;5.00;169;169;11.44;24.70
1800.00;2100.00;2280.00;26.26;E0_1_2200m;5.00;190;190;12.06;26.32
1800.00;2100.00;2028.00;24.59;E0_0_2300m;5.00;169;170;11.50;24.65
1800.00;2100.00;2280.00;26.05;E0_1_2300m;5.00;190;190;12.16;26.10
1800.00;2100.00;2016.00;24.40;E0_0_2400m;5.00;168;167;11.47;24.47
1800.00;2100.00;2292.00;25.84;E0_1_2400m;5.00;191;191;12.32;25.90
1800.00;2100.00;1992.00;24.22;E0_0_2500m;5.00;166;166;11.42;24.31
1800.00;2100.00;2304.00;25.56;E0_1_2500m;5.00;192;193;12.54;25.64
1800.00;2100.00;1980.00;23.92;E0_0_2600m;5.00;165;165;11.50;24.02
1800.00;2100.00;2292.00;25.13;E0_1_2600m;5.00;191;191;12.67;25.19
1800.00;2100.00;1980.00;23.48;E0_0_2700m;5.00;165;164;11.68;23.59
1800.00;2100.00;2256.00;24.54;E0_1_2700m;5.00;188;188;12.77;24.59
1800.00;2100.00;1968.00;22.89;E0_0_2800m;5.00;164;164;11.94;23.01
1800.00;2100.00;2256.00;23.88;E0_1_2800m;5.00;188;187;13.08;23.92
1800.00;2100.00;1968.00;22.19;E0_0_2900m;5.00;164;163;12.27;22.29
1800.00;2100.00;2280.00;23.19;E0_1_2900m;5.00;190;190;13.65;23.23
1800.00;2100.00;1956.00;21.63;E0_0_3000m;5.00;163;163;12.56;21.67
1800.00;2100.00;2304.00;22.46;E0_1_3000m;5.00;192;192;14.25;22.48
1800.00;2100.00;1944.00;21.66;E0_0_3100m;5.00;162;162;12.47;21.70
1800.00;2100.00;2268.00;22.45;E0_1_3100m;5.00;189;189;14.03;22.46
1800.00;2100.00;1968.00;21.88;E0_0_3200m;5.00;164;165;12.53;21.91
1800.00;2100.00;2172.00;22.42;E0_1_3200m;5.00;181;181;13.45;22.43
1800.00;2100.00;1992.00;21.94;E0_0_3300m;5.00;166;166;12.61;21.97
1800.00;2100.00;2172.00;22.42;E0_1_3300m;5.00;181;181;13.45;22.43
1800.00;2100.00;2004.00;22.06;E0_0_3400m;5.00;167;167;12.62;22.08
1800.00;2100.00;2208.00;22.41;E0_1_3400m;5.00;184;184;13.68;22.42
1800.00;2100.00;1992.00;22.12;E0_0_3500m;5.00;166;166;12.51;22.14
1800.00;2100.00;2208.00;22.42;E0_1_3500m;5.00;184;184;13.68;22.43
1800.00;2100.00;1980.00;22.06;E0_0_3600m;5.00;165;165;12.47;22.08
1800.00;2100.00;2208.00;22.38;E0_1_3600m;5.00;184;184;13.70;22.39
1800.00;2100.00;1968.00;22.06;E0_0_3700m;5.00;164;164;12.39;22.09
1800.00;2100.00;2196.00;22.37;E0_1_3700m;5.00;183;183;13.63;22.38
1800.00;2100.00;1944.00;22.03;E0_0_3800m;5.00;162;162;12.25;22.06
1800.00;2100.00;2196.00;22.39;E0_1_3800m;5.00;183;183;13.62;22.39
1800.00;2100.00;1896.00;22.15;E0_0_3900m;5.00;158;159;11.92;22.20
1800.00;2100.00;2196.00;22.63;E0_1_3900m;5.00;183;184;13.51;22.66
1800.00;2100.00;1932.00;23.42;E0_0_4000m;5.00;161;162;11.48;23.51
1800.00;2100.00;2148.00;24.47;E0_1_4000m;5.00;179;179;12.19;24.62
1800.00;2100.00;1896.00;25.87;E0_0_4100m;5.00;158;158;10.18;25.96
1800.00;2100.00;2172.00;27.38;E0_1_4100m;5.00;181;181;11.02;27.47
1800.00;2100.00;1932.00;25.94;E0_0_4200m;5.00;161;161;10.35;26.04
1800.00;2100.00;2148.00;27.71;E0_1_4200m;5.00;179;179;10.77;27.81
1800.00;2100.00;1932.00;25.69;E0_0_4300m;5.00;161;162;10.50;25.80
1800.00;2100.00;2124.00;27.75;E0_1_4300m;5.00;177;178;10.68;27.85
1800.00;2100.00;1932.00;25.50;E0_0_4400m;5.00;161;161;10.52;25.61
1800.00;2100.00;2124.00;27.78;E0_1_4400m;5.00;177;177;10.62;27.87
1800.00;2100.00;1896.00;25.28;E0_0_4500m;5.00;158;158;10.42;25.38
1800.00;2100.00;2160.00;27.92;E0_1_4500m;5.00;180;180;10.75;28.01
1800.00;2100.00;1932.00;25.18;E0_0_4600m;5.00;161;161;10.66;25.28
1800.00;2100.00;2112.00;28.09;E0_1_4600m;5.00;176;177;10.45;28.20
1800.00;2100.00;1920.00;25.33;E0_0_4700m;5.00;160;160;10.53;25.41
1800.00;2100.00;2088.00;28.03;E0_1_4700m;5.00;174;174;10.35;28.14
1800.00;2100.00;1908.00;25.34;E0_0_4800m;5.00;159;159;10.46;25.41
1800.00;2100.00;2040.00;27.88;E0_1_4800m;5.00;170;171;10.19;27.99
1800.00;2100.00;1848.00;25.30;E0_0_4900m;5.00;154;154;10.15;25.37
1800.00;2100.00;2100.00;27.70;E0_1_4900m;5.00;175;174;10.50;27.81
1800.00;2100.00;1824.00;25.20;E0_0_5000m;5.00;152;152;10.05;25.28
1800.00;2100.00;2100.00;27.61;E0_1_5000m;5.00;175;175;10.56;27.73
2100.00;2400.00;0.00;-1.00;E0_0_0m;-1.00;0;0;0.00;-1.00
2100.00;2400.00;0.00;-1.00;E0_1_0m;-1.00;0;0;0.00;-1.00
2100.00;2400.00;1740.00;26.00;E0_0_100m;5.00;145;145;9.29;26.16
2100.00;2400.00;2184.00;27.18;E0_1_100m;5.00;182;182;11.16;27.33
2100.00;2400.00;1752.00;25.95;E0_0_200m;5.00;146;146;9.38;26.12
2100.00;2400.00;2172.00;27.30;E0_1_200m;5.00;181;181;11.05;27.52
2100.00;2400.00;1740.00;25.81;E0_0_300m;5.00;145;145;9.36;25.98
2100.00;2400.00;2172.00;27.08;E0_1_300m;5.00;181;181;11.14;27.31
2100.00;2400.00;1740.00;25.73;E0_0_400m;5.00;145;144;9.37;25.90
2100.00;2400.00;2172.00;26.92;E0_1_400m;5.00;181;181;11.21;27.16
2100.00;2400.00;1692.00;25.60;E0_0_500m;5.00;141;143;9.28;25.77
2100.00;2400.00;2160.00;26.80;E0_1_500m;5.00;180;180;11.19;27.07
2100.00;2400.00;1728.00;25.40;E0_0_600m;5.00;144;143;9.40;25.59
2100.00;2400.00;2136.00;26.52;E0_1_600m;5.00;178;178;11.19;26.77
2100.00;2400.00;1740.00;25.25;E0_0_700m;5.00;145;145;9.57;25.46
2100.00;2400.00;2100.00;26.22;E0_1_700m;5.00;175;175;11.12;26.51
2100.00;2400.00;1728.00;25.18;E0_0_800m;5.00;144;144;9.53;25.40
2100.00;2400.00;2124.00;26.13;E0_1_800m;5.00;177;177;11.29;26.44
2100.00;2400.00;1752.00;24.98;E0_0_900m;5.00;146;146;9.74;25.18
2100.00;2400.00;2100.00;26.07;E0_1_900m;5.00;175;176;11.21;26.42
2100.00;2400.00;1752.00;24.83;E0_0_1000m;5.00;146;147;9.86;25.05
2100.00;2400.00;2052.00;25.76;E0_1_1000m;5.00;171;171;11.06;26.13
2100.00;2400.00;1752.00;24.76;E0_0_1100m;5.00;146;146;9.83;24.99
2100.00;2400.00;2040.00;25.63;E0_1_1100m;5.00;170;170;11.05;26.03
2100.00;2400.00;1728.00;24.59;E0_0_1200m;5.00;144;145;9.79;24.81
2100.00;2400.00;2052.00;25.47;E0_1_1200m;5.00;171;171;11.19;25.88
2100.00;2400.00;1716.00;24.41;E0_0_1300m;5.00;143;143;9.77;24.60
2100.00;2400.00;2040.00;25.34;E0_1_1300m;5.00;170;170;11.18;25.75
2100.00;2400.00;1692.00;24.30;E0_0_1400m;5.00;141;141;9.67;24.48
2100.00;2400.00;2052.00;25.24;E0_1_1400m;5.00;171;171;11.29;25.65
2100.00;2400.00;1692.00;24.24;E0_0_1500m;5.00;141;141;9.70;24.42
2100.00;2400.00;2028.00;25.03;E0_1_1500m;5.00;169;169;11.25;25.42
2100.00;2400.00;1680.00;24.12;E0_0_1600m;5.00;140;140;9.68;24.30
2100.00;2400.00;2064.00;24.88;E0_1_1600m;5.00;172;172;11.52;25.24
2100.00;2400.00;1632.00;24.00;E0_0_1700m;5.00;136;136;9.45;24.17
2100.00;2400.00;2064.00;24.73;E0_1_1700m;5.00;172;172;11.59;25.06
2100.00;2400.00;1656.00;23.92;E0_0_1800m;5.00;138;138;9.61;24.09
2100.00;2400.00;2064.00;24.59;E0_1_1800m;5.00;172;172;11.66;24.90
2100.00;2400.00;1632.00;23.76;E0_0_1900m;5.00;136;136;9.54;23.93
2100.00;2400.00;2100.00;24.52;E0_1_1900m;5.00;175;176;11.94;24.80
2100.00;2400.00;1608.00;23.78;E0_0_2000m;5.00;134;134;9.39;23.94
2100.00;2400.00;2088.00;24.40;E0_1_2000m;5.00;174;174;11.88;24.66
2100.00;2400.00;1620.00;23.74;E0_0_2100m;5.00;135;135;9.48;23.88
2100.00;2400.00;2088.00;24.26;E0_1_2100m;5.00;174;174;11.95;24.48
2100.00;2400.00;1632.00;23.70;E0_0_2200m;5.00;136;136;9.56;23.84
2100.00;2400.00;2100.00;24.11;E0_1_2200m;5.00;175;175;12.09;24.30
2100.00;2400.00;1656.00;23.76;E0_0_2300m;5.00;138;137;9.64;23.89
2100.00;2400.00;2124.00;24.08;E0_1_2300m;5.00;177;177;12.25;24.26
2100.00;2400.00;1680.00;23.77;E0_0_2400m;5.00;140;140;9.81;23.89
2100.00;2400.00;2148.00;24.02;E0_1_2400m;5.00;179;179;12.42;24.17
2100.00;2400.00;1716.00;23.76;E0_0_2500m;5.00;143;144;10.07;23.87
2100.00;2400.00;2160.00;23.89;E0_1_2500m;5.00;180;179;12.54;24.02
2100.00;2400.00;1704.00;23.65;E0_0_2600m;5.00;142;142;10.01;23.75
2100.00;2400.00;2172.00;23.75;E0_1_2600m;5.00;181;181;12.70;23.86
2100.00;2400.00;1716.00;23.45;E0_0_2700m;5.00;143;143;10.16;23.54
2100.00;2400.00;2172.00;23.62;E0_1_2700m;5.00;181;182;12.80;23.71
2100.00;2400.00;1716.00;23.21;E0_0_2800m;5.00;143;143;10.27;23.30
2100.00;2400.00;2172.00;23.50;E0_1_2800m;5.00;181;182;12.90;23.58
2100.00;2400.00;1704.00;22.86;E0_0_2900m;5.00;142;142;10.35;22.93
2100.00;2400.00;2160.00;23.24;E0_1_2900m;5.00;180;181;12.96;23.30
2100.00;2400.00;1716.00;22.04;E0_0_3000m;5.00;143;143;10.81;22.08
2100.00;2400.00;2136.00;22.74;E0_1_3000m;5.00;178;179;13.08;22.78
2100.00;2400.00;1716.00;22.03;E0_0_3100m;5.00;143;144;10.90;22.07
2100.00;2400.00;2136.00;22.83;E0_1_3100m;5.00;178;179;13.04;22.91
2100.00;2400.00;1788.00;22.22;E0_0_3200m;5.00;149;148;11.14;22.23
2100.00;2400.00;2064.00;23.04;E0_1_3200m;5.00;172;172;12.44;23.20
2100.00;2400.00;1752.00;22.34;E0_0_3300m;5.00;146;146;10.89;22.34
2100.00;2400.00;2040.00;23.08;E0_1_3300m;5.00;170;170;12.28;23.25
2100.00;2400.00;1740.00;22.36;E0_0_3400m;5.00;145;145;10.81;22.37
2100.00;2400.00;1980.00;23.10;E0_1_3400m;5.00;165;165;11.90;23.28
2100.00;2400.00;1716.00;22.33;E0_0_3500m;5.00;143;143;10.67;22.34
2100.00;2400.00;2004.00;23.03;E0_1_3500m;5.00;167;167;12.09;23.19
2100.00;2400.00;1704.00;22.34;E0_0_3600m;5.00;142;142;10.59;22.35
2100.00;2400.00;2004.00;23.03;E0_1_3600m;5.00;167;167;12.09;23.19
2100.00;2400.00;1728.00;22.27;E0_0_3700m;5.00;144;144;10.78;22.28
2100.00;2400.00;1992.00;23.01;E0_1_3700m;5.00;166;166;12.02;23.17
2100.00;2400.00;1728.00;22.21;E0_0_3800m;5.00;144;144;10.81;22.24
2100.00;2400.00;1992.00;23.05;E0_1_3800m;5.00;166;166;12.01;23.20
2100.00;2400.00;1728.00;22.27;E0_0_3900m;5.00;144;144;10.79;22.29
2100.00;2400.00;2016.00;23.22;E0_1_3900m;5.00;168;167;12.03;23.38
2100.00;2400.00;1752.00;23.21;E0_0_4000m;5.00;146;146;10.48;23.28
2100.00;2400.00;1980.00;24.48;E0_1_4000m;5.00;165;165;11.23;24.69
2100.00;2400.00;1716.00;25.17;E0_0_4100m;5.00;143;143;9.47;25.35
2100.00;2400.00;2016.00;26.43;E0_1_4100m;5.00;168;168;10.59;26.70
2100.00;2400.00;1716.00;25.42;E0_0_4200m;5.00;143;143;9.37;25.63
2100.00;2400.00;2004.00;26.78;E0_1_4200m;5.00;167;167;10.39;27.11
2100.00;2400.00;1728.00;25.41;E0_0_4300m;5.00;144;143;9.39;25.61
2100.00;2400.00;1992.00;26.91;E0_1_4300m;5.00;166;165;10.23;27.28
2100.00;2400.00;1704.00;25.34;E0_0_4400m;5.00;142;142;9.34;25.52
2100.00;2400.00;1980.00;27.05;E0_1_4400m;5.00;165;166;10.19;27.41
2100.00;2400.00;1692.00;25.34;E0_0_4500m;5.00;141;141;9.28;25.51
2100.00;2400.00;1992.00;27.08;E0_1_4500m;5.00;166;166;10.22;27.42
2100.00;2400.00;1680.00;25.42;E0_0_4600m;5.00;140;140;9.18;25.58
2100.00;2400.00;1992.00;27.02;E0_1_4600m;5.00;166;166;10.24;27.35
2100.00;2400.00;1728.00;25.36;E0_0_4700m;5.00;144;144;9.46;25.52
2100.00;2400.00;2004.00;26.89;E0_1_4700m;5.00;167;168;10.36;27.21
2100.00;2400.00;1752.00;25.37;E0_0_4800m;5.00;146;146;9.59;25.51
2100.00;2400.00;2040.00;26.75;E0_1_4800m;5.00;170;169;10.57;27.07
2100.00;2400.00;1740.00;25.36;E0_0_4900m;5.00;145;145;9.53;25.49
2100.00;2400.00;2052.00;26.73;E0_1_4900m;5.00;171;171;10.66;27.05
2100.00;2400.00;1740.00;25.35;E0_0_5000m;5.00;145;145;9.53;25.48
2100.00;2400.00;2040.00;26.75;E0_1_5000m;5.00;170;170;10.59;27.05
2400.00;2700.00;0.00;-1.00;E0_0_0m;-1.00;0;0;0.00;-1.00
2400.00;2700.00;0.00;-1.00;E0_1_0m;-1.00;0;0;0.00;-1.00
2400.00;2700.00;1788.00;23.79;E0_0_100m;5.00;149;149;10.44;24.15
2400.00;2700.00;2196.00;24.91;E0_1_100m;5.00;183;183;12.25;25.17
2400.00;2700.00;1764.00;23.98;E0_0_200m;5.00;147;147;10.22;24.38
2400.00;2700.00;2220.00;24.97;E0_1_200m;5.00;185;185;12.35;25.38
2400.00;2700.00;1764.00;24.11;E0_0_300m;5.00;147;147;10.16;24.53
2400.00;2700.00;2244.00;24.97;E0_1_300m;5.00;187;187;12.48;25.45
2400.00;2700.00;1776.00;24.08;E0_0_400m;5.00;148;148;10.24;24.51
2400.00;2700.00;2232.00;24.81;E0_1_400m;5.00;186;186;12.49;25.32
2400.00;2700.00;1800.00;23.98;E0_0_500m;5.00;150;149;10.37;24.42
2400.00;2700.00;2244.00;24.70;E0_1_500m;5.00;187;187;12.62;25.21
2400.00;2700.00;1812.00;23.75;E0_0_600m;5.00;151;152;10.61;24.19
2400.00;2700.00;2220.00;24.55;E0_1_600m;5.00;185;185;12.56;25.04
2400.00;2700.00;1800.00;23.75;E0_0_700m;5.00;150;150;10.52;24.16
2400.00;2700.00;2244.00;24.50;E0_1_700m;5.00;187;187;12.72;24.98
2400.00;2700.00;1836.00;23.81;E0_0_800m;5.00;153;153;10.71;24.19
2400.00;2700.00;2208.00;24.53;E0_1_800m;5.00;184;185;12.54;25.04
2400.00;2700.00;1836.00;23.69;E0_0_900m;5.00;153;153;10.76;24.07
2400.00;2700.00;2208.00;24.34;E0_1_900m;5.00;184;184;12.60;24.85
2400.00;2700.00;1836.00;23.52;E0_0_1000m;5.00;153;152;10.79;23.88
2400.00;2700.00;2208.00;24.18;E0_1_1000m;5.00;184;184;12.68;24.70
2400.00;2700.00;1848.00;23.40;E0_0_1100m;5.00;154;154;10.97;23.76
2400.00;2700.00;2172.00;24.04;E0_1_1100m;5.00;181;181;12.55;24.59
2400.00;2700.00;1848.00;23.33;E0_0_1200m;5.00;154;153;10.97;23.69
2400.00;2700.00;2184.00;24.01;E0_1_1200m;5.00;182;182;12.64;24.58
2400.00;2700.00;1848.00;23.27;E0_0_1300m;5.00;154;155;11.07;23.63
2400.00;2700.00;2196.00;24.08;E0_1_1300m;5.00;183;183;12.67;24.66
2400.00;2700.00;1848.00;23.24;E0_0_1400m;5.00;154;155;11.09;23.61
2400.00;2700.00;2208.00;24.13;E0_1_1400m;5.00;184;184;12.71;24.70
2400.00;2700.00;1860.00;23.25;E0_0_1500m;5.00;155;155;11.11;23.62
2400.00;2700.00;2196.00;24.22;E0_1_1500m;5.00;183;183;12.59;24.78
2400.00;2700.00;1836.00;23.36;E0_0_1600m;5.00;153;153;10.92;23.70
2400.00;2700.00;2184.00;24.30;E0_1_1600m;5.00;182;182;12.48;24.86
2400.00;2700.00;1812.00;23.45;E0_0_1700m;5.00;151;152;10.77;23.79
2400.00;2700.00;2184.00;24.41;E0_1_1700m;5.00;182;183;12.46;24.98
2400.00;2700.00;1800.00;23.52;E0_0_1800m;5.00;150;150;10.63;23.88
2400.00;2700.00;2160.00;24.52;E0_1_1800m;5.00;180;180;12.23;25.10
2400.00;2700.00;1836.00;23.65;E0_0_1900m;5.00;153;153;10.78;24.02
2400.00;2700.00;2112.00;24.53;E0_1_1900m;5.00;176;175;11.91;25.11
2400.00;2700.00;1836.00;23.61;E0_0_2000m;5.00;153;153;10.80;23.97
2400.00;2700.00;2100.00;24.59;E0_1_2000m;5.00;175;175;11.86;25.17
2400.00;2700.00;1800.00;23.59;E0_0_2100m;5.00;150;150;10.60;23.94
2400.00;2700.00;2076.00;24.68;E0_1_2100m;5.00;173;173;11.68;25.27
2400.00;2700.00;1776.00;23.56;E0_0_2200m;5.00;148;148;10.47;23.92
2400.00;2700.00;2052.00;24.73;E0_1_2200m;5.00;171;171;11.52;25.33
2400.00;2700.00;1752.00;23.57;E0_0_2300m;5.00;146;147;10.34;23.92
2400.00;2700.00;2004.00;24.75;E0_1_2300m;5.00;167;167;11.25;25.36
2400.00;2700.00;1752.00;23.50;E0_0_2400m;5.00;146;146;10.35;23.86
2400.00;2700.00;1944.00;24.62;E0_1_2400m;5.00;162;163;10.99;25.25
2400.00;2700.00;1728.00;23.33;E0_0_2500m;5.00;144;143;10.25;23.68
2400.00;2700.00;1908.00;24.48;E0_1_2500m;5.00;159;159;10.83;25.13
2400.00;2700.00;1704.00;22.98;E0_0_2600m;5.00;142;143;10.31;23.32
2400.00;2700.00;1896.00;23.95;E0_1_2600m;5.00;158;158;11.00;24.58
2400.00;2700.00;1644.00;22.30;E0_0_2700m;5.00;137;137;10.24;22.66
2400.00;2700.00;1920.00;23.11;E0_1_2700m;5.00;160;159;11.51;23.71
2400.00;2700.00;1620.00;21.31;E0_0_2800m;5.00;135;136;10.63;21.65
2400.00;2700.00;1908.00;22.05;E0_1_2800m;5.00;159;158;11.96;22.59
2400.00;2700.00;1572.00;19.99;E0_0_2900m;5.00;131;132;10.97;20.26
2400.00;2700.00;1956.00;20.85;E0_1_2900m;5.00;163;162;12.98;21.33
2400.00;2700.00;1548.00;18.08;E0_0_3000m;5.00;129;129;11.89;18.15
2400.00;2700.00;1956.00;19.34;E0_1_3000m;5.00;163;162;14.01;19.67
2400.00;2700.00;1656.00;17.77;E0_0_3100m;5.00;138;137;12.87;17.79
2400.00;2700.00;1848.00;18.75;E0_1_3100m;5.00;154;154;13.69;18.96
2400.00;2700.00;1656.00;17.68;E0_0_3200m;5.00;138;138;13.01;17.70
2400.00;2700.00;1836.00;18.74;E0_1_3200m;5.00;153;153;13.61;18.99
2400.00;2700.00;1620.00;17.74;E0_0_3300m;5.00;135;136;12.74;17.77
2400.00;2700.00;1836.00;18.58;E0_1_3300m;5.00;153;153;13.72;18.77
2400.00;2700.00;1632.00;17.74;E0_0_3400m;5.00;136;136;12.78;17.76
2400.00;2700.00;1812.00;18.56;E0_1_3400m;5.00;151;151;13.56;18.69
2400.00;2700.00;1632.00;17.76;E0_0_3500m;5.00;136;136;12.76;17.79
2400.00;2700.00;1788.00;18.38;E0_1_3500m;5.00;149;149;13.51;18.47
2400.00;2700.00;1632.00;17.83;E0_0_3600m;5.00;136;136;12.71;17.85
2400.00;2700.00;1764.00;18.20;E0_1_3600m;5.00;147;147;13.46;18.23
2400.00;2700.00;1596.00;17.84;E0_0_3700m;5.00;133;133;12.43;17.85
2400.00;2700.00;1776.00;18.23;E0_1_3700m;5.00;148;149;13.62;18.27
2400.00;2700.00;1572.00;17.81;E0_0_3800m;5.00;131;131;12.26;17.83
2400.00;2700.00;1788.00;18.44;E0_1_3800m;5.00;149;149;13.46;18.55
2400.00;2700.00;1584.00;17.92;E0_0_3900m;5.00;132;131;12.23;17.96
2400.00;2700.00;1764.00;19.03;E0_1_3900m;5.00;147;147;12.88;19.32
2400.00;2700.00;1632.00;19.80;E0_0_4000m;5.00;136;136;11.45;19.98
2400.00;2700.00;1728.00;21.66;E0_1_4000m;5.00;144;144;11.08;22.08
2400.00;2700.00;1572.00;25.78;E0_0_4100m;5.00;131;131;8.47;25.97
2400.00;2700.00;1836.00;27.28;E0_1_4100m;5.00;153;153;9.35;27.42
2400.00;2700.00;1596.00;26.20;E0_0_4200m;5.00;133;133;8.46;26.50
2400.00;2700.00;1884.00;27.99;E0_1_4200m;5.00;157;157;9.35;28.27
2400.00;2700.00;1644.00;25.97;E0_0_4300m;5.00;137;137;8.79;26.27
2400.00;2700.00;1896.00;27.88;E0_1_4300m;5.00;158;158;9.44;28.23
2400.00;2700.00;1644.00;25.50;E0_0_4400m;5.00;137;138;8.96;25.75
2400.00;2700.00;1932.00;27.43;E0_1_4400m;5.00;161;160;9.76;27.82
2400.00;2700.00;1668.00;25.27;E0_0_4500m;5.00;139;139;9.17;25.51
2400.00;2700.00;1980.00;27.24;E0_1_4500m;5.00;165;165;10.10;27.61
2400.00;2700.00;1716.00;25.06;E0_0_4600m;5.00;143;143;9.51;25.28
2400.00;2700.00;2004.00;27.00;E0_1_4600m;5.00;167;167;10.31;27.39
2400.00;2700.00;1716.00;24.94;E0_0_4700m;5.00;143;143;9.56;25.15
2400.00;2700.00;2016.00;26.82;E0_1_4700m;5.00;168;168;10.44;27.19
2400.00;2700.00;1740.00;24.97;E0_0_4800m;5.00;145;145;9.68;25.19
2400.00;2700.00;1992.00;26.66;E0_1_4800m;5.00;166;166;10.38;27.01
2400.00;2700.00;1740.00;24.92;E0_0_4900m;5.00;145;145;9.70;25.13
2400.00;2700.00;2040.00;26.58;E0_1_4900m;5.00;170;170;10.66;26.92
2400.00;2700.00;1752.00;25.02;E0_0_5000m;5.00;146;147;9.75;25.23
2400.00;2700.00;2100.00;26.44;E0_1_5000m;5.00;175;175;11.03;26.77
2700.00;3000.00;0.00;-1.00;E0_0_0m;-1.00;0;0;0.00;-1.00
2700.00;3000.00;0.00;-1.00;E0_1_0m;-1.00;0;0;0.00;-1.00
2700.00;3000.00;2100.00;24.91;E0_0_100m;5.00;175;175;11.71;25.11
2700.00;3000.00;2232.00;26.29;E0_1_100m;5.00;186;186;11.79;26.50
2700.00;3000.00;2052.00;25.44;E0_0_200m;5.00;171;171;11.20;25.62
2700.00;3000.00;2280.00;27.12;E0_1_200m;5.00;190;191;11.72;27.40
2700.00;3000.00;2052.00;25.60;E0_0_300m;5.00;171;171;11.13;25.78
2700.00;3000.00;2268.00;27.22;E0_1_300m;5.00;189;189;11.57;27.50
2700.00;3000.00;2040.00;25.48;E0_0_400m;5.00;170;170;11.12;25.67
2700.00;3000.00;2292.00;27.14;E0_1_400m;5.00;191;192;11.74;27.41
2700.00;3000.00;2016.00;25.28;E0_0_500m;5.00;168;169;11.09;25.47
2700.00;3000.00;2292.00;27.07;E0_1_500m;5.00;191;191;11.76;27.35
2700.00;3000.00;2028.00;25.06;E0_0_600m;5.00;169;168;11.23;25.26
2700.00;3000.00;2280.00;26.92;E0_1_600m;5.00;190;190;11.76;27.21
2700.00;3000.00;1992.00;24.68;E0_0_700m;5.00;166;166;11.21;24.86
2700.00;3000.00;2304.00;26.71;E0_1_700m;5.00;192;192;11.98;26.99
2700.00;3000.00;1968.00;24.37;E0_0_800m;5.00;164;164;11.21;24.54
2700.00;3000.00;2292.00;26.44;E0_1_800m;5.00;191;191;12.04;26.75
2700.00;3000.00;1968.00;24.17;E0_0_900m;5.00;164;164;11.31;24.34
2700.00;3000.00;2280.00;26.24;E0_1_900m;5.00;190;190;12.07;26.56
2700.00;3000.00;1968.00;24.04;E0_0_1000m;5.00;164;165;11.42;24.21
2700.00;3000.00;2268.00;26.19;E0_1_1000m;5.00;189;189;12.03;26.57
2700.00;3000.00;1956.00;23.90;E0_0_1100m;5.00;163;163;11.37;24.06
2700.00;3000.00;2268.00;26.02;E0_1_1100m;5.00;189;189;12.11;26.35
2700.00;3000.00;1944.00;23.73;E0_0_1200m;5.00;162;163;11.42;23.90
2700.00;3000.00;2256.00;25.82;E0_1_1200m;5.00;188;188;12.13;26.15
2700.00;3000.00;1932.00;23.57;E0_0_1300m;5.00;161;161;11.38;23.73
2700.00;3000.00;2268.00;25.51;E0_1_1300m;5.00;189;189;12.35;25.83
2700.00;3000.00;1908.00;23.26;E0_0_1400m;5.00;159;159;11.39;23.39
2700.00;3000.00;2268.00;25.12;E0_1_1400m;5.00;189;190;12.57;25.46
2700.00;3000.00;1908.00;23.00;E0_0_1500m;5.00;159;159;11.52;23.11
2700.00;3000.00;2268.00;24.77;E0_1_1500m;5.00;189;189;12.72;25.12
2700.00;3000.00;1896.00;22.66;E0_0_1600m;5.00;158;158;11.62;22.77
2700.00;3000.00;2280.00;24.48;E0_1_1600m;5.00;190;190;12.94;24.84
2700.00;3000.00;1920.00;22.25;E0_0_1700m;5.00;160;159;11.95;22.35
2700.00;3000.00;2268.00;23.98;E0_1_1700m;5.00;189;189;13.14;24.33
2700.00;3000.00;1920.00;21.97;E0_0_1800m;5.00;160;160;12.14;22.06
2700.00;3000.00;2280.00;23.44;E0_1_1800m;5.00;190;190;13.51;23.76
2700.00;3000.00;1896.00;21.62;E0_0_1900m;5.00;158;158;12.18;21.72
2700.00;3000.00;2268.00;22.97;E0_1_1900m;5.00;189;189;13.71;23.27
2700.00;3000.00;1908.00;21.08;E0_0_2000m;5.00;159;160;12.59;21.21
2700.00;3000.00;2268.00;22.46;E0_1_2000m;5.00;189;189;14.03;22.74
2700.00;3000.00;1908.00;20.66;E0_0_2100m;5.00;159;160;12.83;20.79
2700.00;3000.00;2280.00;21.89;E0_1_2100m;5.00;190;190;14.46;22.15
2700.00;3000.00;1920.00;20.25;E0_0_2200m;5.00;160;160;13.17;20.38
2700.00;3000.00;2280.00;21.28;E0_1_2200m;5.00;190;190;14.88;21.53
2700.00;3000.00;1944.00;19.89;E0_0_2300m;5.00;162;161;13.56;20.02
2700.00;3000.00;2316.00;20.76;E0_1_2300m;5.00;193;193;15.49;21.01
2700.00;3000.00;1968.00;19.56;E0_0_2400m;5.00;164;164;13.98;19.66
2700.00;3000.00;2364.00;20.34;E0_1_2400m;5.00;197;197;16.15;20.58
2700.00;3000.00;2040.00;19.23;E0_0_2500m;5.00;170;170;14.73;19.32
2700.00;3000.00;2376.00;19.77;E0_1_2500m;5.00;198;198;16.69;19.99
2700.00;3000.00;2052.00;18.88;E0_0_2600m;5.00;171;170;15.08;18.95
2700.00;3000.00;2376.00;19.13;E0_1_2600m;5.00;198;198;17.25;19.27
2700.00;3000.00;2052.00;18.53;E0_0_2700m;5.00;171;171;15.38;18.57
2700.00;3000.00;2388.00;18.64;E0_1_2700m;5.00;199;199;17.79;18.71
2700.00;3000.00;2052.00;18.21;E0_0_2800m;5.00;171;171;15.60;18.22
2700.00;3000.00;2388.00;18.28;E0_1_2800m;5.00;199;199;18.14;18.30
2700.00;3000.00;2052.00;17.92;E0_0_2900m;5.00;171;171;15.90;17.93
2700.00;3000.00;2388.00;18.05;E0_1_2900m;5.00;199;199;18.37;18.06
2700.00;3000.00;2052.00;17.50;E0_0_3000m;5.00;171;171;16.29;17.51
2700.00;3000.00;2388.00;17.92;E0_1_3000m;5.00;199;200;18.52;17.92
2700.00;3000.00;2088.00;17.51;E0_0_3100m;5.00;174;174;16.56;17.53
2700.00;3000.00;2364.00;17.89;E0_1_3100m;5.00;197;197;18.35;17.90
2700.00;3000.00;2100.00;17.61;E0_0_3200m;5.00;175;175;16.56;17.62
2700.00;3000.00;2352.00;17.88;E0_1_3200m;5.00;196;196;18.27;17.88
2700.00;3000.00;2100.00;17.56;E0_0_3300m;5.00;175;174;16.55;17.57
2700.00;3000.00;2364.00;17.88;E0_1_3300m;5.00;197;197;18.37;17.88
2700.00;3000.00;2088.00;17.50;E0_0_3400m;5.00;174;175;16.62;17.51
2700.00;3000.00;2364.00;17.87;E0_1_3400m;5.00;197;197;18.37;17.87
2700.00;3000.00;2112.00;17.50;E0_0_3500m;5.00;176;176;16.76;17.52
2700.00;3000.00;2340.00;17.88;E0_1_3500m;5.00;195;196;18.19;17.89
2700.00;3000.00;2100.00;17.60;E0_0_3600m;5.00;175;175;16.57;17.61
2700.00;3000.00;2364.00;17.91;E0_1_3600m;5.00;197;197;18.33;17.92
2700.00;3000.00;2088.00;17.62;E0_0_3700m;5.00;174;174;16.46;17.62
2700.00;3000.00;2364.00;17.89;E0_1_3700m;5.00;197;196;18.27;17.90
2700.00;3000.00;2088.00;17.58;E0_0_3800m;5.00;174;174;16.49;17.59
2700.00;3000.00;2352.00;17.87;E0_1_3800m;5.00;196;196;18.28;17.87
2700.00;3000.00;2064.00;17.61;E0_0_3900m;5.00;172;174;16.36;17.63
2700.00;3000.00;2364.00;17.97;E0_1_3900m;5.00;197;198;18.31;18.00
2700.00;3000.00;2088.00;19.19;E0_0_4000m;5.00;174;174;15.11;19.32
2700.00;3000.00;2364.00;20.17;E0_1_4000m;5.00;197;197;16.28;20.38
2700.00;3000.00;2004.00;23.84;E0_0_4100m;5.00;167;168;11.74;24.02
2700.00;3000.00;2376.00;25.29;E0_1_4100m;5.00;198;199;13.08;25.55
2700.00;3000.00;2004.00;24.12;E0_0_4200m;5.00;167;167;11.54;24.33
2700.00;3000.00;2316.00;25.35;E0_1_4200m;5.00;193;195;12.75;25.65
2700.00;3000.00;1956.00;24.10;E0_0_4300m;5.00;163;163;11.27;24.29
2700.00;3000.00;2316.00;25.07;E0_1_4300m;5.00;193;193;12.83;25.35
2700.00;3000.00;1980.00;24.17;E0_0_4400m;5.00;165;165;11.38;24.37
2700.00;3000.00;2304.00;24.80;E0_1_4400m;5.00;192;192;12.91;25.06
2700.00;3000.00;1956.00;23.94;E0_0_4500m;5.00;163;163;11.35;24.11
2700.00;3000.00;2280.00;24.51;E0_1_4500m;5.00;190;190;12.92;24.76
2700.00;3000.00;1944.00;23.73;E0_0_4600m;5.00;162;163;11.42;23.90
2700.00;3000.00;2256.00;24.28;E0_1_4600m;5.00;188;188;12.91;24.52
2700.00;3000.00;1932.00;23.54;E0_0_4700m;5.00;161;161;11.40;23.71
2700.00;3000.00;2220.00;24.06;E0_1_4700m;5.00;185;185;12.82;24.29
2700.00;3000.00;1896.00;23.41;E0_0_4800m;5.00;158;158;11.25;23.55
2700.00;3000.00;2196.00;23.90;E0_1_4800m;5.00;183;183;12.76;24.12
2700.00;3000.00;1896.00;23.35;E0_0_4900m;5.00;158;158;11.28;23.49
2700.00;3000.00;2160.00;23.81;E0_1_4900m;5.00;180;180;12.60;24.04
2700.00;3000.00;1884.00;23.39;E0_0_5000m;5.00;157;156;11.16;23.55
2700.00;3000.00;2124.00;23.76;E0_1_5000m;5.00;177;177;12.42;23.99
3000.00;3300.00;0.00;-1.00;E0_0_0m;-1.00;0;0;0.00;-1.00
3000.00;3300.00;0.00;-1.00;E0_1_0m;-1.00;0;0;0.00;-1.00
3000.00;3300.00;1740.00;25.85;E0_0_100m;5.00;145;145;9.35;26.01
3000.00;3300.00;2184.00;27.02;E0_1_100m;5.00;182;182;11.23;27.18
3000.00;3300.00;1776.00;26.16;E0_0_200m;5.00;148;148;9.43;26.35
3000.00;3300.00;2184.00;27.77;E0_1_200m;5.00;182;181;10.88;27.98
3000.00;3300.00;1800.00;26.18;E0_0_300m;5.00;150;150;9.55;26.38
3000.00;3300.00;2136.00;28.02;E0_1_300m;5.00;178;178;10.59;28.26
3000.00;3300.00;1800.00;26.29;E0_0_400m;5.00;150;150;9.51;26.46
3000.00;3300.00;2160.00;28.06;E0_1_400m;5.00;180;179;10.68;28.28
3000.00;3300.00;1764.00;26.33;E0_0_500m;5.00;147;147;9.34;26.48
3000.00;3300.00;2184.00;27.94;E0_1_500m;5.00;182;182;10.86;28.15
3000.00;3300.00;1776.00;26.04;E0_0_600m;5.00;148;148;9.47;26.18
3000.00;3300.00;2184.00;27.79;E0_1_600m;5.00;182;182;10.91;27.98
3000.00;3300.00;1764.00;25.82;E0_0_700m;5.00;147;147;9.49;25.94
3000.00;3300.00;2208.00;27.62;E0_1_700m;5.00;184;184;11.10;27.81
3000.00;3300.00;1764.00;25.60;E0_0_800m;5.00;147;147;9.57;25.72
3000.00;3300.00;2220.00;27.49;E0_1_800m;5.00;185;185;11.22;27.68
3000.00;3300.00;1764.00;25.50;E0_0_900m;5.00;147;148;9.64;25.62
3000.00;3300.00;2232.00;27.07;E0_1_900m;5.00;186;186;11.45;27.27
3000.00;3300.00;1764.00;25.33;E0_0_1000m;5.00;147;147;9.67;25.46
3000.00;3300.00;2244.00;26.72;E0_1_1000m;5.00;187;187;11.66;26.92
3000.00;3300.00;1788.00;25.10;E0_0_1100m;5.00;149;149;9.89;25.24
3000.00;3300.00;2292.00;26.45;E0_1_1100m;5.00;191;191;12.04;26.67
3000.00;3300.00;1848.00;24.94;E0_0_1200m;5.00;154;153;10.25;25.09
3000.00;3300.00;2268.00;26.19;E0_1_1200m;5.00;189;189;12.03;26.44
3000.00;3300.00;1848.00;24.69;E0_0_1300m;5.00;154;154;10.40;24.84
3000.00;3300.00;2268.00;25.89;E0_1_1300m;5.00;189;189;12.17;26.15
3000.00;3300.00;1848.00;24.35;E0_0_1400m;5.00;154;154;10.54;24.52
3000.00;3300.00;2280.00;25.52;E0_1_1400m;5.00;190;190;12.41;25.77
3000.00;3300.00;1824.00;24.17;E0_0_1500m;5.00;152;152;10.48;24.32
3000.00;3300.00;2304.00;25.20;E0_1_1500m;5.00;192;192;12.70;25.45
3000.00;3300.00;1824.00;24.08;E0_0_1600m;5.00;152;152;10.52;24.23
3000.00;3300.00;2304.00;25.07;E0_1_1600m;5.00;192;192;12.76;25.35
3000.00;3300.00;1848.00;23.99;E0_0_1700m;5.00;154;154;10.70;24.13
3000.00;3300.00;2280.00;24.94;E0_1_1700m;5.00;190;190;12.70;25.23
3000.00;3300.00;1836.00;23.74;E0_0_1800m;5.00;153;153;10.74;23.87
3000.00;3300.00;2292.00;24.80;E0_1_1800m;5.00;191;191;12.84;25.07
3000.00;3300.00;1860.00;23.54;E0_0_1900m;5.00;155;156;10.98;23.68
3000.00;3300.00;2316.00;24.62;E0_1_1900m;5.00;193;193;13.06;24.91
3000.00;3300.00;1872.00;23.41;E0_0_2000m;5.00;156;155;11.09;23.56
3000.00;3300.00;2292.00;24.52;E0_1_2000m;5.00;191;191;12.98;24.81
3000.00;3300.00;1872.00;23.27;E0_0_2100m;5.00;156;155;11.17;23.40
3000.00;3300.00;2292.00;24.09;E0_1_2100m;5.00;191;191;13.21;24.33
3000.00;3300.00;1872.00;22.93;E0_0_2200m;5.00;156;156;11.34;23.05
3000.00;3300.00;2280.00;23.61;E0_1_2200m;5.00;190;190;13.41;23.79
3000.00;3300.00;1848.00;22.49;E0_0_2300m;5.00;154;154;11.41;22.63
3000.00;3300.00;2268.00;23.17;E0_1_2300m;5.00;189;190;13.61;23.34
3000.00;3300.00;1824.00;22.14;E0_0_2400m;5.00;152;152;11.44;22.28
3000.00;3300.00;2220.00;22.80;E0_1_2400m;5.00;185;185;13.52;23.03
3000.00;3300.00;1776.00;21.61;E0_0_2500m;5.00;148;148;11.41;21.78
3000.00;3300.00;2184.00;22.31;E0_1_2500m;5.00;182;182;13.60;22.61
3000.00;3300.00;1776.00;21.03;E0_0_2600m;5.00;148;148;11.73;21.24
3000.00;3300.00;2184.00;21.66;E0_1_2600m;5.00;182;182;14.01;21.94
3000.00;3300.00;1800.00;20.34;E0_0_2700m;5.00;150;150;12.29;20.52
3000.00;3300.00;2160.00;20.85;E0_1_2700m;5.00;180;180;14.39;21.09
3000.00;3300.00;1812.00;19.49;E0_0_2800m;5.00;151;150;12.88;19.63
3000.00;3300.00;2172.00;19.87;E0_1_2800m;5.00;181;181;15.18;20.04
3000.00;3300.00;1836.00;18.63;E0_0_2900m;5.00;153;153;13.69;18.71
3000.00;3300.00;2172.00;18.92;E0_1_2900m;5.00;181;181;15.94;19.00
3000.00;3300.00;1836.00;17.67;E0_0_3000m;5.00;153;154;14.48;17.70
3000.00;3300.00;2184.00;18.16;E0_1_3000m;5.00;182;182;16.77;18.19
3000.00;3300.00;1884.00;17.56;E0_0_3100m;5.00;157;157;14.90;17.58
3000.00;3300.00;2124.00;18.07;E0_1_3100m;5.00;177;177;16.32;18.11
3000.00;3300.00;1896.00;17.66;E0_0_3200m;5.00;158;158;14.91;17.69
3000.00;3300.00;2100.00;18.13;E0_1_3200m;5.00;175;175;16.09;18.20
3000.00;3300.00;1920.00;17.73;E0_0_3300m;5.00;160;160;15.04;17.74
3000.00;3300.00;2112.00;18.05;E0_1_3300m;5.00;176;176;16.25;18.10
3000.00;3300.00;1944.00;17.75;E0_0_3400m;5.00;162;161;15.17;17.76
3000.00;3300.00;2100.00;17.97;E0_1_3400m;5.00;175;176;16.25;17.99
3000.00;3300.00;1956.00;17.77;E0_0_3500m;5.00;163;163;15.29;17.78
3000.00;3300.00;2100.00;17.93;E0_1_3500m;5.00;175;174;16.25;17.94
3000.00;3300.00;1944.00;17.75;E0_0_3600m;5.00;162;163;15.28;17.75
3000.00;3300.00;2100.00;17.91;E0_1_3600m;5.00;175;176;16.34;17.91
3000.00;3300.00;1956.00;17.72;E0_0_3700m;5.00;163;163;15.33;17.73
3000.00;3300.00;2112.00;17.92;E0_1_3700m;5.00;176;176;16.37;17.92
3000.00;3300.00;1980.00;17.76;E0_0_3800m;5.00;165;165;15.49;17.76
3000.00;3300.00;2100.00;17.92;E0_1_3800m;5.00;175;176;16.34;17.92
3000.00;3300.00;1968.00;17.85;E0_0_3900m;5.00;164;164;15.28;17.86
3000.00;3300.00;2124.00;18.07;E0_1_3900m;5.00;177;176;16.29;18.09
3000.00;3300.00;1944.00;19.56;E0_0_4000m;5.00;162;162;13.80;19.73
3000.00;3300.00;2136.00;20.65;E0_1_4000m;5.00;178;178;14.37;20.95
3000.00;3300.00;1884.00;25.92;E0_0_4100m;5.00;157;156;10.03;26.04
3000.00;3300.00;2232.00;27.42;E0_1_4100m;5.00;186;185;11.28;27.49
3000.00;3300.00;1884.00;26.55;E0_0_4200m;5.00;157;157;9.85;26.75
3000.00;3300.00;2232.00;28.74;E0_1_4200m;5.00;186;186;10.81;28.87
3000.00;3300.00;1896.00;26.46;E0_0_4300m;5.00;158;158;9.95;26.63
3000.00;3300.00;2280.00;28.82;E0_1_4300m;5.00;190;190;10.99;28.94
3000.00;3300.00;1896.00;26.29;E0_0_4400m;5.00;158;158;10.02;26.45
3000.00;3300.00;2316.00;28.83;E0_1_4400m;5.00;193;193;11.16;28.93
3000.00;3300.00;1944.00;25.95;E0_0_4500m;5.00;162;162;10.40;26.09
3000.00;3300.00;2316.00;28.81;E0_1_4500m;5.00;193;193;11.17;28.88
3000.00;3300.00;1944.00;25.72;E0_0_4600m;5.00;162;161;10.46;25.86
3000.00;3300.00;2352.00;28.63;E0_1_4600m;5.00;196;196;11.41;28.68
3000.00;3300.00;1968.00;25.50;E0_0_4700m;5.00;164;164;10.72;25.62
3000.00;3300.00;2364.00;28.46;E0_1_4700m;5.00;197;197;11.54;28.51
3000.00;3300.00;1968.00;25.24;E0_0_4800m;5.00;164;164;10.83;25.35
3000.00;3300.00;2388.00;28.36;E0_1_4800m;5.00;199;199;11.69;28.41
3000.00;3300.00;1956.00;24.95;E0_0_4900m;5.00;163;163;10.89;25.05
3000.00;3300.00;2376.00;28.32;E0_1_4900m;5.00;198;198;11.65;28.37
3000.00;3300.00;1968.00;24.75;E0_0_5000m;5.00;164;165;11.09;24.85
3000.00;3300.00;2364.00;28.32;E0_1_5000m;5.00;197;197;11.59;28.38
3300.00;3600.00;0.00;-1.00;E0_0_0m;-1.00;0;0;0.00;-1.00
3300.00;3600.00;0.00;-1.00;E0_1_0m;-1.00;0;0;0.00;-1.00
3300.00;3600.00;1716.00;25.43;E0_0_100m;5.00;143;144;9.40;25.59
3300.00;3600.00;2352.00;26.19;E0_1_100m;5.00;196;196;12.47;26.35
3300.00;3600.00;1692.00;25.63;E0_0_200m;5.00;141;141;9.17;25.80
3300.00;3600.00;2340.00;26.71;E0_1_200m;5.00;195;195;12.17;26.91
3300.00;3600.00;1704.00;25.61;E0_0_300m;5.00;142;142;9.24;25.79
3300.00;3600.00;2352.00;26.58;E0_1_300m;5.00;196;196;12.29;26.77
3300.00;3600.00;1692.00;25.46;E0_0_400m;5.00;141;141;9.23;25.63
3300.00;3600.00;2328.00;26.46;E0_1_400m;5.00;194;194;12.22;26.64
3300.00;3600.00;1692.00;25.37;E0_0_500m;5.00;141;140;9.20;25.53
3300.00;3600.00;2340.00;26.33;E0_1_500m;5.00;195;195;12.34;26.51
3300.00;3600.00;1704.00;25.16;E0_0_600m;5.00;142;142;9.41;25.29
3300.00;3600.00;2316.00;26.29;E0_1_600m;5.00;193;193;12.24;26.49
3300.00;3600.00;1728.00;24.93;E0_0_700m;5.00;144;144;9.63;25.06
3300.00;3600.00;2280.00;26.14;E0_1_700m;5.00;190;190;12.11;26.36
3300.00;3600.00;1716.00;24.61;E0_0_800m;5.00;143;143;9.68;24.75
3300.00;3600.00;2292.00;26.04;E0_1_800m;5.00;191;191;12.22;26.28
3300.00;3600.00;1740.00;24.53;E0_0_900m;5.00;145;145;9.85;24.67
3300.00;3600.00;2280.00;25.89;E0_1_900m;5.00;190;190;12.23;26.14
3300.00;3600.00;1728.00;24.47;E0_0_1000m;5.00;144;145;9.87;24.62
3300.00;3600.00;2280.00;25.75;E0_1_1000m;5.00;190;191;12.34;26.01
3300.00;3600.00;1692.00;24.41;E0_0_1100m;5.00;141;141;9.63;24.57
3300.00;3600.00;2256.00;25.62;E0_1_1100m;5.00;188;189;12.25;25.90
3300.00;3600.00;1680.00;24.42;E0_0_1200m;5.00;140;140;9.55;24.60
3300.00;3600.00;2256.00;25.63;E0_1_1200m;5.00;188;188;12.23;25.94
3300.00;3600.00;1656.00;24.36;E0_0_1300m;5.00;138;138;9.44;24.54
3300.00;3600.00;2256.00;25.65;E0_1_1300m;5.00;188;188;12.22;25.98
3300.00;3600.00;1656.00;24.36;E0_0_1400m;5.00;138;138;9.44;24.53
3300.00;3600.00;2268.00;25.62;E0_1_1400m;5.00;189;189;12.29;25.94
3300.00;3600.00;1656.00;24.28;E0_0_1500m;5.00;138;138;9.47;24.45
3300.00;3600.00;2268.00;25.66;E0_1_1500m;5.00;189;189;12.27;26.00
3300.00;3600.00;1716.00;24.35;E0_0_1600m;5.00;143;143;9.79;24.52
3300.00;3600.00;2220.00;25.74;E0_1_1600m;5.00;185;185;11.98;26.10
3300.00;3600.00;1740.00;24.23;E0_0_1700m;5.00;145;145;9.97;24.40
3300.00;3600.00;2208.00;25.72;E0_1_1700m;5.00;184;184;11.92;26.09
3300.00;3600.00;1752.00;24.18;E0_0_1800m;5.00;146;146;10.06;24.35
3300.00;3600.00;2220.00;25.61;E0_1_1800m;5.00;185;185;12.04;25.96
3300.00;3600.00;1716.00;24.20;E0_0_1900m;5.00;143;143;9.85;24.37
3300.00;3600.00;2244.00;25.49;E0_1_1900m;5.00;187;188;12.24;25.80
3300.00;3600.00;1704.00;24.17;E0_0_2000m;5.00;142;142;9.79;24.33
3300.00;3600.00;2256.00;25.38;E0_1_2000m;5.00;188;189;12.37;25.65
3300.00;3600.00;1692.00;24.11;E0_0_2100m;5.00;141;142;9.81;24.26
3300.00;3600.00;2256.00;25.26;E0_1_2100m;5.00;188;188;12.41;25.49
3300.00;3600.00;1680.00;23.92;E0_0_2200m;5.00;140;141;9.79;24.08
3300.00;3600.00;2268.00;25.10;E0_1_2200m;5.00;189;189;12.55;25.31
3300.00;3600.00;1692.00;23.70;E0_0_2300m;5.00;141;142;9.96;23.85
3300.00;3600.00;2268.00;24.86;E0_1_2300m;5.00;189;189;12.67;25.08
3300.00;3600.00;1680.00;23.31;E0_0_2400m;5.00;140;140;10.01;23.46
3300.00;3600.00;2268.00;24.48;E0_1_2400m;5.00;189;190;12.89;24.67
3300.00;3600.00;1704.00;22.52;E0_0_2500m;5.00;142;142;10.51;22.68
3300.00;3600.00;2268.00;23.95;E0_1_2500m;5.00;189;190;13.15;24.10
3300.00;3600.00;1740.00;21.74;E0_0_2600m;5.00;145;145;11.12;21.88
3300.00;3600.00;2220.00;22.97;E0_1_2600m;5.00;185;186;13.49;23.15
3300.00;3600.00;1740.00;20.82;E0_0_2700m;5.00;145;145;11.61;20.99
3300.00;3600.00;2232.00;21.91;E0_1_2700m;5.00;186;186;14.15;22.15
3300.00;3600.00;1764.00;19.74;E0_0_2800m;5.00;147;147;12.41;19.96
3300.00;3600.00;2208.00;20.81;E0_1_2800m;5.00;184;184;14.74;21.07
3300.00;3600.00;1752.00;18.72;E0_0_2900m;5.00;146;146;13.00;18.87
3300.00;3600.00;2208.00;19.64;E0_1_2900m;5.00;184;184;15.62;19.80
3300.00;3600.00;1740.00;17.58;E0_0_3000m;5.00;145;144;13.69;17.62
3300.00;3600.00;2196.00;18.33;E0_1_3000m;5.00;183;182;16.57;18.38
3300.00;3600.00;1788.00;17.58;E0_0_3100m;5.00;149;149;14.13;17.61
3300.00;3600.00;2124.00;18.23;E0_1_3100m;5.00;177;178;16.26;18.33
3300.00;3600.00;1788.00;17.81;E0_0_3200m;5.00;149;149;13.95;17.84
3300.00;3600.00;2136.00;18.20;E0_1_3200m;5.00;178;178;16.30;18.31
3300.00;3600.00;1788.00;17.85;E0_0_3300m;5.00;149;149;13.91;17.88
3300.00;3600.00;2100.00;18.24;E0_1_3300m;5.00;175;175;15.99;18.35
3300.00;3600.00;1788.00;17.82;E0_0_3400m;5.00;149;149;13.94;17.83
3300.00;3600.00;2160.00;18.23;E0_1_3400m;5.00;180;179;16.44;18.30
3300.00;3600.00;1812.00;17.73;E0_0_3500m;5.00;151;151;14.19;17.74
3300.00;3600.00;2184.00;18.06;E0_1_3500m;5.00;182;182;16.80;18.08
3300.00;3600.00;1848.00;17.64;E0_0_3600m;5.00;154;153;14.48;17.65
3300.00;3600.00;2196.00;17.96;E0_1_3600m;5.00;183;182;16.92;17.97
3300.00;3600.00;1848.00;17.50;E0_0_3700m;5.00;154;155;14.68;17.52
3300.00;3600.00;2172.00;17.94;E0_1_3700m;5.00;181;181;16.82;17.94
3300.00;3600.00;1896.00;17.52;E0_0_3800m;5.00;158;158;15.03;17.55
3300.00;3600.00;2160.00;17.98;E0_1_3800m;5.00;180;179;16.62;18.00
3300.00;3600.00;1908.00;17.72;E0_0_3900m;5.00;159;158;14.94;17.74
3300.00;3600.00;2148.00;18.24;E0_1_3900m;5.00;179;179;16.35;18.33
3300.00;3600.00;1908.00;19.35;E0_0_4000m;5.00;159;159;13.70;19.51
3300.00;3600.00;2148.00;20.70;E0_1_4000m;5.00;179;179;14.41;21.01
3300.00;3600.00;1812.00;26.05;E0_0_4100m;5.00;151;151;9.66;26.17
3300.00;3600.00;2196.00;27.11;E0_1_4100m;5.00;183;183;11.25;27.17
3300.00;3600.00;1788.00;26.44;E0_0_4200m;5.00;149;150;9.43;26.61
3300.00;3600.00;2244.00;27.96;E0_1_4200m;5.00;187;187;11.15;28.12
3300.00;3600.00;1812.00;26.38;E0_0_4300m;5.00;151;151;9.54;26.55
3300.00;3600.00;2208.00;28.06;E0_1_4300m;5.00;184;184;10.93;28.23
3300.00;3600.00;1800.00;26.29;E0_0_4400m;5.00;150;150;9.51;26.45
3300.00;3600.00;2172.00;27.91;E0_1_4400m;5.00;181;182;10.81;28.07
3300.00;3600.00;1788.00;26.16;E0_0_4500m;5.00;149;149;9.49;26.31
3300.00;3600.00;2148.00;27.89;E0_1_4500m;5.00;179;179;10.70;28.04
3300.00;3600.00;1788.00;25.98;E0_0_4600m;5.00;149;149;9.56;26.14
3300.00;3600.00;2100.00;27.95;E0_1_4600m;5.00;175;175;10.44;28.09
3300.00;3600.00;1752.00;25.68;E0_0_4700m;5.00;146;146;9.48;25.84
3300.00;3600.00;2112.00;27.92;E0_1_4700m;5.00;176;176;10.51;28.07
3300.00;3600.00;1752.00;25.52;E0_0_4800m;5.00;146;146;9.54;25.67
3300.00;3600.00;2100.00;27.79;E0_1_4800m;5.00;175;175;10.50;27.95
3300.00;3600.00;1740.00;25.48;E0_0_4900m;5.00;145;145;9.49;25.62
3300.00;3600.00;2124.00;27.57;E0_1_4900m;5.00;177;177;10.70;27.71
3300.00;3600.00;1752.00;25.22;E0_0_5000m;5.00;146;145;9.60;25.32
3300.00;3600.00;2136.00;27.34;E0_1_5000m;5.00;178;178;10.85;27.47
3600.00;3900.00;0.00;-1.00;E0_0_0m;-1.00;0;0;0.00;-1.00
3600.00;3900.00;0.00;-1.00;E0_1_0m;-1.00;0;0;0.00;-1.00
3600.00;3900.00;1668.00;25.00;E0_0_100m;5.00;139;139;9.27;25.21
3600.00;3900.00;2292.00;25.70;E0_1_100m;5.00;191;191;12.38;25.94
3600.00;3900.00;1680.00;25.15;E0_0_200m;5.00;140;140;9.28;25.38
3600.00;3900.00;2280.00;25.96;E0_1_200m;5.00;190;190;12.20;26.26
3600.00;3900.00;1692.00;24.90;E0_0_300m;5.00;141;142;9.49;25.10
3600.00;3900.00;2268.00;25.77;E0_1_300m;5.00;189;189;12.22;26.11
3600.00;3900.00;1728.00;24.68;E0_0_400m;5.00;144;144;9.73;24.88
3600.00;3900.00;2256.00;25.55;E0_1_400m;5.00;188;188;12.27;25.86
3600.00;3900.00;1716.00;24.44;E0_0_500m;5.00;143;143;9.75;24.64
3600.00;3900.00;2268.00;25.46;E0_1_500m;5.00;189;189;12.37;25.75
3600.00;3900.00;1740.00;24.36;E0_0_600m;5.00;145;145;9.92;24.54
3600.00;3900.00;2244.00;25.23;E0_1_600m;5.00;187;187;12.35;25.48
3600.00;3900.00;1776.00;24.36;E0_0_700m;5.00;148;148;10.13;24.53
3600.00;3900.00;2244.00;24.98;E0_1_700m;5.00;187;187;12.48;25.21
3600.00;3900.00;1764.00;24.31;E0_0_800m;5.00;147;148;10.10;24.45
3600.00;3900.00;2280.00;24.75;E0_1_800m;5.00;190;190;12.80;24.95
3600.00;3900.00;1752.00;24.17;E0_0_900m;5.00;146;146;10.07;24.30
3600.00;3900.00;2292.00;24.52;E0_1_900m;5.00;191;191;12.98;24.70
3600.00;3900.00;1764.00;24.09;E0_0_1000m;5.00;147;146;10.11;24.22
3600.00;3900.00;2304.00;24.30;E0_1_1000m;5.00;192;191;13.13;24.46
3600.00;3900.00;1788.00;24.02;E0_0_1100m;5.00;149;149;10.34;24.14
3600.00;3900.00;2316.00;24.22;E0_1_1100m;5.00;193;192;13.26;24.38
3600.00;3900.00;1812.00;23.95;E0_0_1200m;5.00;151;151;10.51;24.06
3600.00;3900.00;2292.00;24.26;E0_1_1200m;5.00;191;191;13.12;24.43
3600.00;3900.00;1824.00;23.75;E0_0_1300m;5.00;152;152;10.67;23.85
3600.00;3900.00;2292.00;24.01;E0_1_1300m;5.00;191;191;13.26;24.16
3600.00;3900.00;1836.00;23.69;E0_0_1400m;5.00;153;154;10.80;23.77
3600.00;3900.00;2292.00;23.86;E0_1_1400m;5.00;191;192;13.36;24.00
3600.00;3900.00;1812.00;23.59;E0_0_1500m;5.00;151;152;10.72;23.66
3600.00;3900.00;2304.00;23.77;E0_1_1500m;5.00;192;193;13.50;23.91
3600.00;3900.00;1812.00;23.50;E0_0_1600m;5.00;151;151;10.71;23.57
3600.00;3900.00;2304.00;23.64;E0_1_1600m;5.00;192;193;13.58;23.74
3600.00;3900.00;1812.00;23.40;E0_0_1700m;5.00;151;151;10.75;23.46
3600.00;3900.00;2304.00;23.49;E0_1_1700m;5.00;192;193;13.67;23.57
3600.00;3900.00;1824.00;23.27;E0_0_1800m;5.00;152;152;10.89;23.33
3600.00;3900.00;2292.00;23.31;E0_1_1800m;5.00;191;192;13.68;23.38
3600.00;3900.00;1812.00;23.09;E0_0_1900m;5.00;151;152;10.91;23.15
3600.00;3900.00;2292.00;23.09;E0_1_1900m;5.00;191;191;13.77;23.15
3600.00;3900.00;1812.00;22.84;E0_0_2000m;5.00;151;151;11.02;22.91
3600.00;3900.00;2292.00;22.86;E0_1_2000m;5.00;191;190;13.90;22.92
3600.00;3900.00;1824.00;22.62;E0_0_2100m;5.00;152;151;11.14;22.68
3600.00;3900.00;2292.00;22.62;E0_1_2100m;5.00;191;191;14.08;22.68
3600.00;3900.00;1836.00;22.25;E0_0_2200m;5.00;153;152;11.43;22.32
3600.00;3900.00;2280.00;22.31;E0_1_2200m;5.00;190;190;14.19;22.38
3600.00;3900.00;1836.00;21.84;E0_0_2300m;5.00;153;152;11.63;21.91
3600.00;3900.00;2268.00;21.96;E0_1_2300m;5.00;189;189;14.35;22.05
3600.00;3900.00;1836.00;21.28;E0_0_2400m;5.00;153;153;11.98;21.37
3600.00;3900.00;2280.00;21.51;E0_1_2400m;5.00;190;189;14.70;21.60
3600.00;3900.00;1824.00;20.79;E0_0_2500m;5.00;152;152;12.18;20.88
3600.00;3900.00;2268.00;20.98;E0_1_2500m;5.00;189;190;15.09;21.07
3600.00;3900.00;1812.00;20.25;E0_0_2600m;5.00;151;151;12.43;20.33
3600.00;3900.00;2280.00;20.40;E0_1_2600m;5.00;190;189;15.46;20.49
3600.00;3900.00;1824.00;19.70;E0_0_2700m;5.00;152;152;12.86;19.77
3600.00;3900.00;2268.00;19.81;E0_1_2700m;5.00;189;189;15.90;19.88
3600.00;3900.00;1812.00;19.03;E0_0_2800m;5.00;151;151;13.23;19.09
3600.00;3900.00;2268.00;19.21;E0_1_2800m;5.00;189;189;16.40;19.27
3600.00;3900.00;1788.00;18.40;E0_0_2900m;5.00;149;149;13.50;18.44
3600.00;3900.00;2256.00;18.67;E0_1_2900m;5.00;188;189;16.82;18.70
3600.00;3900.00;1800.00;17.49;E0_0_3000m;5.00;150;150;14.30;17.50
3600.00;3900.00;2256.00;18.13;E0_1_3000m;5.00;188;189;17.37;18.15
3600.00;3900.00;1884.00;17.34;E0_0_3100m;5.00;157;158;15.16;17.36
3600.00;3900.00;2184.00;18.08;E0_1_3100m;5.00;182;181;16.70;18.09
3600.00;3900.00;1944.00;17.45;E0_0_3200m;5.00;162;162;15.47;17.47
3600.00;3900.00;2124.00;18.10;E0_1_3200m;5.00;177;178;16.30;18.14
3600.00;3900.00;1956.00;17.55;E0_0_3300m;5.00;163;163;15.48;17.57
3600.00;3900.00;2124.00;18.12;E0_1_3300m;5.00;177;177;16.28;18.15
3600.00;3900.00;1944.00;17.56;E0_0_3400m;5.00;162;162;15.38;17.57
3600.00;3900.00;2064.00;18.07;E0_1_3400m;5.00;172;172;15.86;18.09
3600.00;3900.00;1932.00;17.46;E0_0_3500m;5.00;161;161;15.37;17.48
3600.00;3900.00;2016.00;18.05;E0_1_3500m;5.00;168;168;15.52;18.07
3600.00;3900.00;1908.00;17.47;E0_0_3600m;5.00;159;159;15.17;17.49
3600.00;3900.00;2016.00;18.07;E0_1_3600m;5.00;168;168;15.49;18.10
3600.00;3900.00;1944.00;17.60;E0_0_3700m;5.00;162;161;15.32;17.62
3600.00;3900.00;1992.00;18.09;E0_1_3700m;5.00;166;166;15.29;18.13
3600.00;3900.00;1908.00;17.74;E0_0_3800m;5.00;159;159;14.94;17.75
3600.00;3900.00;1992.00;18.03;E0_1_3800m;5.00;166;166;15.35;18.05
3600.00;3900.00;1884.00;17.76;E0_0_3900m;5.00;157;157;14.73;17.77
3600.00;3900.00;2028.00;18.12;E0_1_3900m;5.00;169;169;15.55;18.15
3600.00;3900.00;1860.00;19.41;E0_0_4000m;5.00;155;155;13.31;19.56
3600.00;3900.00;2052.00;20.51;E0_1_4000m;5.00;171;171;13.90;20.74
3600.00;3900.00;1812.00;25.48;E0_0_4100m;5.00;151;151;9.88;25.69
3600.00;3900.00;2124.00;26.59;E0_1_4100m;5.00;177;178;11.11;26.78
3600.00;3900.00;1836.00;25.84;E0_0_4200m;5.00;153;152;9.83;26.15
3600.00;3900.00;2088.00;27.72;E0_1_4200m;5.00;174;175;10.47;28.06
3600.00;3900.00;1788.00;25.65;E0_0_4300m;5.00;149;149;9.68;25.92
3600.00;3900.00;2088.00;27.62;E0_1_4300m;5.00;174;174;10.50;28.00
3600.00;3900.00;1776.00;25.40;E0_0_4400m;5.00;148;148;9.71;25.67
3600.00;3900.00;2100.00;27.44;E0_1_4400m;5.00;175;174;10.63;27.82
3600.00;3900.00;1764.00;25.17;E0_0_4500m;5.00;147;147;9.73;25.41
3600.00;3900.00;2100.00;27.30;E0_1_4500m;5.00;175;176;10.71;27.67
3600.00;3900.00;1716.00;25.19;E0_0_4600m;5.00;143;144;9.54;25.41
3600.00;3900.00;2124.00;27.28;E0_1_4600m;5.00;177;177;10.81;27.64
3600.00;3900.00;1704.00;25.06;E0_0_4700m;5.00;142;142;9.45;25.27
3600.00;3900.00;2100.00;27.33;E0_1_4700m;5.00;175;176;10.74;27.67
3600.00;3900.00;1704.00;24.97;E0_0_4800m;5.00;142;142;9.48;25.19
3600.00;3900.00;2076.00;27.45;E0_1_4800m;5.00;173;175;10.56;27.80
3600.00;3900.00;1668.00;25.08;E0_0_4900m;5.00;139;140;9.26;25.29
3600.00;3900.00;2100.00;27.57;E0_1_4900m;5.00;175;175;10.58;27.91
3600.00;3900.00;1644.00;25.21;E0_0_5000m;5.00;137;137;9.06;25.41
3600.00;3900.00;2088.00;27.69;E0_1_5000m;5.00;174;174;10.47;28.01
3900.00;4200.00;0.00;-1.00;E0_0_0m;-1.00;0;0;0.00;-1.00
3900.00;4200.00;0.00;-1.00;E0_1_0m;-1.00;0;0;0.00;-1.00
3900.00;4200.00;1920.00;25.53;E0_0_100m;5.00;160;162;10.54;25.65
3900.00;4200.00;2172.00;26.87;E0_1_100m;5.00;181;181;11.23;27.07
3900.00;4200.00;1932.00;26.03;E0_0_200m;5.00;161;161;10.31;26.13
3900.00;4200.00;2160.00;27.72;E0_1_200m;5.00;180;180;10.82;27.88
3900.00;4200.00;1896.00;26.21;E0_0_300m;5.00;158;158;10.05;26.30
3900.00;4200.00;2196.00;27.90;E0_1_300m;5.00;183;183;10.93;28.06
3900.00;4200.00;1884.00;26.16;E0_0_400m;5.00;157;157;10.00;26.23
3900.00;4200.00;2220.00;27.93;E0_1_400m;5.00;185;185;11.04;28.06
3900.00;4200.00;1884.00;26.16;E0_0_500m;5.00;157;157;10.00;26.23
3900.00;4200.00;2244.00;27.76;E0_1_500m;5.00;187;187;11.23;27.88
3900.00;4200.00;1896.00;25.98;E0_0_600m;5.00;158;158;10.13;26.07
3900.00;4200.00;2268.00;27.67;E0_1_600m;5.00;189;190;11.43;27.80
3900.00;4200.00;1920.00;25.84;E0_0_700m;5.00;160;160;10.32;25.93
3900.00;4200.00;2244.00;27.54;E0_1_700m;5.00;187;187;11.32;27.69
3900.00;4200.00;1908.00;25.85;E0_0_800m;5.00;159;159;10.28;25.94
3900.00;4200.00;2244.00;27.40;E0_1_800m;5.00;187;188;11.40;27.56
3900.00;4200.00;1896.00;25.76;E0_0_900m;5.00;158;158;10.22;25.85
3900.00;4200.00;2256.00;27.37;E0_1_900m;5.00;188;188;11.45;27.53
3900.00;4200.00;1896.00;25.55;E0_0_1000m;5.00;158;158;10.30;25.65
3900.00;4200.00;2256.00;27.36;E0_1_1000m;5.00;188;188;11.45;27.52
3900.00;4200.00;1872.00;25.48;E0_0_1100m;5.00;156;156;10.20;25.58
3900.00;4200.00;2244.00;27.32;E0_1_1100m;5.00;187;187;11.41;27.50
3900.00;4200.00;1848.00;25.38;E0_0_1200m;5.00;154;154;10.11;25.47
3900.00;4200.00;2256.00;27.21;E0_1_1200m;5.00;188;188;11.51;27.40
3900.00;4200.00;1848.00;25.18;E0_0_1300m;5.00;154;155;10.22;25.27
3900.00;4200.00;2256.00;26.97;E0_1_1300m;5.00;188;188;11.62;27.15
3900.00;4200.00;1872.00;24.98;E0_0_1400m;5.00;156;155;10.37;25.07
3900.00;4200.00;2244.00;26.55;E0_1_1400m;5.00;187;186;11.72;26.71
3900.00;4200.00;1884.00;24.68;E0_0_1500m;5.00;157;156;10.55;24.77
3900.00;4200.00;2256.00;26.13;E0_1_1500m;5.00;188;187;11.95;26.29
3900.00;4200.00;1860.00;24.52;E0_0_1600m;5.00;155;155;10.54;24.59
3900.00;4200.00;2268.00;25.83;E0_1_1600m;5.00;189;189;12.16;25.99
3900.00;4200.00;1896.00;24.39;E0_0_1700m;5.00;158;158;10.80;24.46
3900.00;4200.00;2268.00;25.57;E0_1_1700m;5.00;189;188;12.27;25.74
3900.00;4200.00;1896.00;24.29;E0_0_1800m;5.00;158;158;10.84;24.35
3900.00;4200.00;2268.00;25.36;E0_1_1800m;5.00;189;188;12.39;25.54
3900.00;4200.00;1932.00;24.13;E0_0_1900m;5.00;161;160;11.11;24.20
3900.00;4200.00;2244.00;25.14;E0_1_1900m;5.00;187;186;12.39;25.34
3900.00;4200.00;1932.00;23.79;E0_0_2000m;5.00;161;162;11.31;23.85
3900.00;4200.00;2256.00;24.83;E0_1_2000m;5.00;188;188;12.62;25.04
3900.00;4200.00;1932.00;23.42;E0_0_2100m;5.00;161;162;11.47;23.49
3900.00;4200.00;2256.00;24.35;E0_1_2100m;5.00;188;188;12.87;24.55
3900.00;4200.00;1920.00;23.00;E0_0_2200m;5.00;160;160;11.59;23.11
3900.00;4200.00;2268.00;23.79;E0_1_2200m;5.00;189;189;13.24;24.01
3900.00;4200.00;1920.00;22.59;E0_0_2300m;5.00;160;160;11.80;22.72
3900.00;4200.00;2268.00;23.19;E0_1_2300m;5.00;189;189;13.59;23.44
3900.00;4200.00;1932.00;21.95;E0_0_2400m;5.00;161;161;12.22;22.12
3900.00;4200.00;2256.00;22.48;E0_1_2400m;5.00;188;189;13.99;22.79
3900.00;4200.00;1932.00;21.30;E0_0_2500m;5.00;161;161;12.60;21.50
3900.00;4200.00;2268.00;21.66;E0_1_2500m;5.00;189;188;14.47;21.98
3900.00;4200.00;1920.00;20.62;E0_0_2600m;5.00;160;160;12.93;20.84
3900.00;4200.00;2280.00;20.88;E0_1_2600m;5.00;190;190;15.17;21.19
3900.00;4200.00;1908.00;19.92;E0_0_2700m;5.00;159;159;13.30;20.13
3900.00;4200.00;2280.00;20.10;E0_1_2700m;5.00;190;190;15.75;20.34
3900.00;4200.00;1920.00;19.18;E0_0_2800m;5.00;160;160;13.91;19.34
3900.00;4200.00;2268.00;19.39;E0_1_2800m;5.00;189;189;16.25;19.57
3900.00;4200.00;1920.00;18.47;E0_0_2900m;5.00;160;160;14.44;18.57
3900.00;4200.00;2280.00;18.78;E0_1_2900m;5.00;190;189;16.83;18.88
3900.00;4200.00;1908.00;17.67;E0_0_3000m;5.00;159;160;15.08;17.71
3900.00;4200.00;2280.00;18.25;E0_1_3000m;5.00;190;189;17.26;18.29
3900.00;4200.00;1980.00;17.56;E0_0_3100m;5.00;165;164;15.58;17.60
3900.00;4200.00;2208.00;18.16;E0_1_3100m;5.00;184;184;16.89;18.20
3900.00;4200.00;2016.00;17.65;E0_0_3200m;5.00;168;168;15.86;17.67
3900.00;4200.00;2184.00;18.13;E0_1_3200m;5.00;182;181;16.72;18.17
3900.00;4200.00;1980.00;17.74;E0_0_3300m;5.00;165;165;15.50;17.76
3900.00;4200.00;2208.00;18.14;E0_1_3300m;5.00;184;184;16.90;18.18
3900.00;4200.00;1992.00;17.70;E0_0_3400m;5.00;166;166;15.63;17.72
3900.00;4200.00;2220.00;18.16;E0_1_3400m;5.00;185;185;16.98;18.20
3900.00;4200.00;1980.00;17.66;E0_0_3500m;5.00;165;165;15.57;17.68
3900.00;4200.00;2220.00;18.07;E0_1_3500m;5.00;185;185;17.07;18.09
3900.00;4200.00;1968.00;17.59;E0_0_3600m;5.00;164;164;15.54;17.61
3900.00;4200.00;2220.00;18.04;E0_1_3600m;5.00;185;186;17.17;18.06
3900.00;4200.00;1968.00;17.62;E0_0_3700m;5.00;164;164;15.51;17.63
3900.00;4200.00;2220.00;18.06;E0_1_3700m;5.00;185;185;17.07;18.10
3900.00;4200.00;2004.00;17.63;E0_0_3800m;5.00;167;167;15.79;17.64
3900.00;4200.00;2244.00;18.15;E0_1_3800m;5.00;187;187;17.17;18.22
3900.00;4200.00;2052.00;17.69;E0_0_3900m;5.00;171;171;16.12;17.70
3900.00;4200.00;2268.00;18.46;E0_1_3900m;5.00;189;190;17.08;18.62
3900.00;4200.00;2016.00;19.43;E0_0_4000m;5.00;168;169;14.46;19.58
3900.00;4200.00;2304.00;21.00;E0_1_4000m;5.00;192;194;15.36;21.34
3900.00;4200.00;2004.00;25.97;E0_0_4100m;5.00;167;167;10.72;26.04
3900.00;4200.00;2340.00;27.08;E0_1_4100m;5.00;195;194;11.98;27.16
3900.00;4200.00;2016.00;26.52;E0_0_4200m;5.00;168;168;10.56;26.62
3900.00;4200.00;2328.00;27.88;E0_1_4200m;5.00;194;195;11.64;28.00
3900.00;4200.00;2052.00;26.38;E0_0_4300m;5.00;171;171;10.80;26.47
3900.00;4200.00;2352.00;27.91;E0_1_4300m;5.00;196;196;11.71;28.01
3900.00;4200.00;2052.00;26.25;E0_0_4400m;5.00;171;171;10.86;26.34
3900.00;4200.00;2352.00;27.84;E0_1_4400m;5.00;196;196;11.73;27.94
3900.00;4200.00;2052.00;26.06;E0_0_4500m;5.00;171;171;10.94;26.17
3900.00;4200.00;2340.00;27.74;E0_1_4500m;5.00;195;196;11.74;27.85
3900.00;4200.00;2040.00;25.84;E0_0_4600m;5.00;170;169;10.89;25.95
3900.00;4200.00;2376.00;27.57;E0_1_4600m;5.00;198;198;11.97;27.70
3900.00;4200.00;2052.00;25.65;E0_0_4700m;5.00;171;171;11.11;25.76
3900.00;4200.00;2364.00;27.39;E0_1_4700m;5.00;197;196;11.92;27.59
3900.00;4200.00;2088.00;25.51;E0_0_4800m;5.00;174;174;11.37;25.63
3900.00;4200.00;2328.00;27.16;E0_1_4800m;5.00;194;194;11.90;27.40
3900.00;4200.00;2052.00;25.18;E0_0_4900m;5.00;171;172;11.32;25.31
3900.00;4200.00;2400.00;26.93;E0_1_4900m;5.00;200;200;12.38;27.23
3900.00;4200.00;2076.00;24.96;E0_0_5000m;5.00;173;173;11.55;25.09
3900.00;4200.00;2376.00;26.84;E0_1_5000m;5.00;198;199;12.30;27.16
4200.00;4500.00;0.00;-1.00;E0_0_0m;-1.00;0;0;0.00;-1.00
4200.00;4500.00;0.00;-1.00;E0_1_0m;-1.00;0;0;0.00;-1.00
4200.00;4500.00;1776.00;24.94;E0_0_100m;5.00;148;149;9.92;25.13
4200.00;4500.00;1980.00;27.19;E0_1_100m;5.00;165;165;10.12;27.33
4200.00;4500.00;1776.00;25.66;E0_0_200m;5.00;148;149;9.62;25.90
4200.00;4500.00;2016.00;28.43;E0_1_200m;5.00;168;168;9.85;28.69
4200.00;4500.00;1824.00;25.64;E0_0_300m;5.00;152;152;9.88;25.86
4200.00;4500.00;1980.00;28.47;E0_1_300m;5.00;165;165;9.66;28.72
4200.00;4500.00;1776.00;25.46;E0_0_400m;5.00;148;148;9.69;25.67
4200.00;4500.00;1980.00;28.20;E0_1_400m;5.00;165;166;9.79;28.44
4200.00;4500.00;1740.00;25.27;E0_0_500m;5.00;145;146;9.59;25.47
4200.00;4500.00;2004.00;27.92;E0_1_500m;5.00;167;167;9.97;28.16
4200.00;4500.00;1704.00;25.19;E0_0_600m;5.00;142;142;9.39;25.39
4200.00;4500.00;1980.00;27.68;E0_1_600m;5.00;165;164;9.89;27.92
4200.00;4500.00;1680.00;25.09;E0_0_700m;5.00;140;140;9.30;25.28
4200.00;4500.00;1980.00;27.46;E0_1_700m;5.00;165;165;10.01;27.67
4200.00;4500.00;1620.00;25.01;E0_0_800m;5.00;135;135;9.00;25.20
4200.00;4500.00;2016.00;27.25;E0_1_800m;5.00;168;167;10.25;27.43
4200.00;4500.00;1608.00;24.99;E0_0_900m;5.00;134;134;8.94;25.16
4200.00;4500.00;2016.00;27.19;E0_1_900m;5.00;168;168;10.30;27.36
4200.00;4500.00;1584.00;24.95;E0_0_1000m;5.00;132;132;8.82;25.11
4200.00;4500.00;2016.00;27.01;E0_1_1000m;5.00;168;168;10.37;27.19
4200.00;4500.00;1548.00;24.91;E0_0_1100m;5.00;129;129;8.63;25.04
4200.00;4500.00;2052.00;26.87;E0_1_1100m;5.00;171;171;10.61;27.07
4200.00;4500.00;1572.00;24.90;E0_0_1200m;5.00;131;131;8.77;25.01
4200.00;4500.00;2016.00;26.83;E0_1_1200m;5.00;168;168;10.43;27.04
4200.00;4500.00;1596.00;24.92;E0_0_1300m;5.00;133;132;8.87;25.03
4200.00;4500.00;2016.00;26.72;E0_1_1300m;5.00;168;168;10.48;26.94
4200.00;4500.00;1632.00;25.00;E0_0_1400m;5.00;136;136;9.07;25.12
4200.00;4500.00;1992.00;26.79;E0_1_1400m;5.00;166;166;10.33;27.02
4200.00;4500.00;1608.00;25.13;E0_0_1500m;5.00;134;135;8.90;25.23
4200.00;4500.00;1992.00;26.85;E0_1_1500m;5.00;166;166;10.31;27.07
4200.00;4500.00;1620.00;25.07;E0_0_1600m;5.00;135;135;8.98;25.15
4200.00;4500.00;2016.00;26.86;E0_1_1600m;5.00;168;167;10.41;27.07
4200.00;4500.00;1632.00;25.07;E0_0_1700m;5.00;136;136;9.04;25.16
4200.00;4500.00;2004.00;26.88;E0_1_1700m;5.00;167;167;10.35;27.11
4200.00;4500.00;1620.00;25.06;E0_0_1800m;5.00;135;136;8.98;25.14
4200.00;4500.00;2040.00;26.79;E0_1_1800m;5.00;170;170;10.58;27.05
4200.00;4500.00;1644.00;24.89;E0_0_1900m;5.00;137;137;9.17;24.96
4200.00;4500.00;2028.00;26.71;E0_1_1900m;5.00;169;169;10.55;26.94
4200.00;4500.00;1632.00;24.80;E0_0_2000m;5.00;136;136;9.14;24.88
4200.00;4500.00;2028.00;26.37;E0_1_2000m;5.00;169;169;10.68;26.63
4200.00;4500.00;1620.00;24.61;E0_0_2100m;5.00;135;134;9.13;24.70
4200.00;4500.00;2064.00;25.85;E0_1_2100m;5.00;172;172;11.09;26.12
4200.00;4500.00;1596.00;24.17;E0_0_2200m;5.00;133;134;9.20;24.30
4200.00;4500.00;2088.00;25.29;E0_1_2200m;5.00;174;174;11.47;25.61
4200.00;4500.00;1572.00;23.71;E0_0_2300m;5.00;131;131;9.21;23.90
4200.00;4500.00;2124.00;24.63;E0_1_2300m;5.00;177;177;11.98;25.01
4200.00;4500.00;1560.00;22.85;E0_0_2400m;5.00;130;130;9.48;23.13
4200.00;4500.00;2148.00;23.81;E0_1_2400m;5.00;179;178;12.48;24.24
4200.00;4500.00;1596.00;21.72;E0_0_2500m;5.00;133;133;10.21;22.06
4200.00;4500.00;2148.00;22.50;E0_1_2500m;5.00;179;179;13.26;22.96
4200.00;4500.00;1668.00;20.34;E0_0_2600m;5.00;139;139;11.39;20.64
4200.00;4500.00;2160.00;20.86;E0_1_2600m;5.00;180;180;14.38;21.29
4200.00;4500.00;1740.00;18.83;E0_0_2700m;5.00;145;145;12.83;19.03
4200.00;4500.00;2160.00;19.20;E0_1_2700m;5.00;180;181;15.66;19.51
4200.00;4500.00;1824.00;17.38;E0_0_2800m;5.00;152;152;14.58;17.51
4200.00;4500.00;2160.00;17.31;E0_1_2800m;5.00;180;180;17.33;17.53
4200.00;4500.00;1860.00;16.28;E0_0_2900m;5.00;155;155;15.87;16.37
4200.00;4500.00;2112.00;15.52;E0_1_2900m;5.00;176;176;18.91;15.70
4200.00;4500.00;1872.00;14.16;E0_0_3000m;5.00;156;156;18.36;14.25
4200.00;4500.00;2088.00;13.90;E0_1_3000m;5.00;174;174;20.87;13.97
4200.00;4500.00;1920.00;13.70;E0_0_3100m;5.00;160;160;19.47;13.74
4200.00;4500.00;2016.00;13.61;E0_1_3100m;5.00;168;168;20.58;13.63
4200.00;4500.00;1920.00;13.58;E0_0_3200m;5.00;160;160;19.63;13.61
4200.00;4500.00;2004.00;13.48;E0_1_3200m;5.00;167;167;20.65;13.49
4200.00;4500.00;1896.00;13.50;E0_0_3300m;5.00;158;159;19.62;13.51
4200.00;4500.00;2004.00;13.50;E0_1_3300m;5.00;167;167;20.61;13.53
4200.00;4500.00;1908.00;13.52;E0_0_3400m;5.00;159;159;19.59;13.55
4200.00;4500.00;1980.00;13.47;E0_1_3400m;5.00;165;165;20.41;13.48
4200.00;4500.00;1908.00;13.49;E0_0_3500m;5.00;159;159;19.65;13.49
4200.00;4500.00;1980.00;13.43;E0_1_3500m;5.00;165;165;20.47;13.44
4200.00;4500.00;1908.00;13.44;E0_0_3600m;5.00;159;159;19.71;13.45
4200.00;4500.00;1956.00;13.46;E0_1_3600m;5.00;163;163;20.16;13.47
4200.00;4500.00;1896.00;13.45;E0_0_3700m;5.00;158;159;19.65;13.45
4200.00;4500.00;1944.00;13.45;E0_1_3700m;5.00;162;163;20.17;13.45
4200.00;4500.00;1884.00;13.43;E0_0_3800m;5.00;157;157;19.48;13.43
4200.00;4500.00;1884.00;13.47;E0_1_3800m;5.00;157;157;19.43;13.49
4200.00;4500.00;1824.00;13.53;E0_0_3900m;5.00;152;152;18.73;13.55
4200.00;4500.00;1848.00;13.55;E0_1_3900m;5.00;154;154;18.95;13.58
4200.00;4500.00;1764.00;15.06;E0_0_4000m;5.00;147;146;16.22;15.24
4200.00;4500.00;1932.00;16.59;E0_1_4000m;5.00;161;160;16.07;17.05
4200.00;4500.00;1716.00;24.99;E0_0_4100m;5.00;143;143;9.54;25.06
4200.00;4500.00;1956.00;25.72;E0_1_4100m;5.00;163;164;10.58;25.77
4200.00;4500.00;1644.00;26.76;E0_0_4200m;5.00;137;138;8.58;26.94
4200.00;4500.00;2016.00;28.14;E0_1_4200m;5.00;168;168;9.95;28.39
4200.00;4500.00;1620.00;26.92;E0_0_4300m;5.00;135;135;8.36;27.11
4200.00;4500.00;1980.00;28.23;E0_1_4300m;5.00;165;165;9.74;28.49
4200.00;4500.00;1668.00;26.77;E0_0_4400m;5.00;139;142;8.77;26.95
4200.00;4500.00;1932.00;28.04;E0_1_4400m;5.00;161;161;9.57;28.28
4200.00;4500.00;1668.00;26.43;E0_0_4500m;5.00;139;139;8.77;26.60
4200.00;4500.00;1944.00;27.81;E0_1_4500m;5.00;162;161;9.69;28.03
4200.00;4500.00;1656.00;26.11;E0_0_4600m;5.00;138;138;8.81;26.26
4200.00;4500.00;1968.00;27.66;E0_1_4600m;5.00;164;164;9.88;27.89
4200.00;4500.00;1656.00;25.97;E0_0_4700m;5.00;138;138;8.86;26.11
4200.00;4500.00;1980.00;27.58;E0_1_4700m;5.00;165;165;9.97;27.82
4200.00;4500.00;1680.00;25.79;E0_0_4800m;5.00;140;140;9.05;25.94
4200.00;4500.00;1980.00;27.57;E0_1_4800m;5.00;165;165;9.94;27.81
4200.00;4500.00;1680.00;25.68;E0_0_4900m;5.00;140;140;9.09;25.82
4200.00;4500.00;1944.00;27.58;E0_1_4900m;5.00;162;163;9.83;27.80
4200.00;4500.00;1692.00;25.70;E0_0_5000m;5.00;141;141;9.14;25.84
4200.00;4500.00;1932.00;27.57;E0_1_5000m;5.00;161;161;9.73;27.78
4500.00;4800.00;0.00;-1.00;E0_0_0m;-1.00;0;0;0.00;-1.00
4500.00;4800.00;0.00;-1.00;E0_1_0m;-1.00;0;0;0.00;-1.00
4500.00;4800.00;1704.00;24.41;E0_0_100m;5.00;142;142;9.70;24.60
4500.00;4800.00;2232.00;25.88;E0_1_100m;5.00;186;187;12.03;26.09
4500.00;4800.00;1752.00;25.36;E0_0_200m;5.00;146;145;9.59;25.56
4500.00;4800.00;2136.00;26.83;E0_1_200m;5.00;178;178;11.06;27.12
4500.00;4800.00;1728.00;25.47;E0_0_300m;5.00;144;144;9.42;25.65
4500.00;4800.00;2160.00;27.22;E0_1_300m;5.00;180;180;11.02;27.50
4500.00;4800.00;1776.00;25.57;E0_0_400m;5.00;148;149;9.69;25.72
4500.00;4800.00;2148.00;27.29;E0_1_400m;5.00;179;178;10.89;27.55
4500.00;4800.00;1812.00;25.58;E0_0_500m;5.00;151;150;9.81;25.73
4500.00;4800.00;2160.00;27.23;E0_1_500m;5.00;180;180;11.02;27.47
4500.00;4800.00;1824.00;25.59;E0_0_600m;5.00;152;152;9.90;25.74
4500.00;4800.00;2172.00;27.15;E0_1_600m;5.00;181;181;11.11;27.37
4500.00;4800.00;1812.00;25.41;E0_0_700m;5.00;151;151;9.90;25.57
4500.00;4800.00;2172.00;27.07;E0_1_700m;5.00;181;181;11.15;27.26
4500.00;4800.00;1848.00;25.30;E0_0_800m;5.00;154;154;10.14;25.48
4500.00;4800.00;2148.00;26.99;E0_1_800m;5.00;179;179;11.05;27.18
4500.00;4800.00;1836.00;25.15;E0_0_900m;5.00;153;153;10.14;25.34
4500.00;4800.00;2160.00;26.92;E0_1_900m;5.00;180;180;11.15;27.10
4500.00;4800.00;1860.00;24.95;E0_0_1000m;5.00;155;155;10.35;25.15
4500.00;4800.00;2172.00;26.89;E0_1_1000m;5.00;181;181;11.22;27.06
4500.00;4800.00;1872.00;24.62;E0_0_1100m;5.00;156;156;10.56;24.87
4500.00;4800.00;2184.00;26.82;E0_1_1100m;5.00;182;182;11.31;26.98
4500.00;4800.00;1920.00;24.55;E0_0_1200m;5.00;160;160;10.86;24.79
4500.00;4800.00;2196.00;26.78;E0_1_1200m;5.00;183;183;11.39;26.94
4500.00;4800.00;1896.00;24.62;E0_0_1300m;5.00;158;158;10.70;24.83
4500.00;4800.00;2208.00;26.86;E0_1_1300m;5.00;184;184;11.42;27.01
4500.00;4800.00;1884.00;24.63;E0_0_1400m;5.00;157;157;10.63;24.83
4500.00;4800.00;2184.00;26.90;E0_1_1400m;5.00;182;182;11.28;27.03
4500.00;4800.00;1896.00;24.64;E0_0_1500m;5.00;158;157;10.68;24.83
4500.00;4800.00;2160.00;26.96;E0_1_1500m;5.00;180;181;11.19;27.07
4500.00;4800.00;1860.00;24.76;E0_0_1600m;5.00;155;156;10.50;24.94
4500.00;4800.00;2148.00;27.03;E0_1_1600m;5.00;179;179;11.04;27.14
4500.00;4800.00;1848.00;24.81;E0_0_1700m;5.00;154;154;10.34;25.00
4500.00;4800.00;2124.00;27.14;E0_1_1700m;5.00;177;178;10.90;27.26
4500.00;4800.00;1800.00;24.91;E0_0_1800m;5.00;150;150;10.04;25.08
4500.00;4800.00;2124.00;27.26;E0_1_1800m;5.00;177;177;10.82;27.38
4500.00;4800.00;1800.00;24.96;E0_0_1900m;5.00;150;150;10.02;25.13
4500.00;4800.00;2112.00;27.47;E0_1_1900m;5.00;176;176;10.68;27.58
4500.00;4800.00;1776.00;24.94;E0_0_2000m;5.00;148;148;9.89;25.11
4500.00;4800.00;2136.00;27.56;E0_1_2000m;5.00;178;178;10.76;27.69
4500.00;4800.00;1800.00;24.89;E0_0_2100m;5.00;150;150;10.04;25.06
4500.00;4800.00;2100.00;27.68;E0_1_2100m;5.00;175;175;10.54;27.80
4500.00;4800.00;1836.00;24.82;E0_0_2200m;5.00;153;152;10.24;24.98
4500.00;4800.00;2112.00;27.51;E0_1_2200m;5.00;176;176;10.66;27.63
4500.00;4800.00;1848.00;24.44;E0_0_2300m;5.00;154;154;10.50;24.58
4500.00;4800.00;2160.00;27.01;E0_1_2300m;5.00;180;180;11.11;27.15
4500.00;4800.00;1848.00;23.54;E0_0_2400m;5.00;154;154;10.90;23.68
4500.00;4800.00;2172.00;26.09;E0_1_2400m;5.00;181;181;11.56;26.34
4500.00;4800.00;1824.00;22.10;E0_0_2500m;5.00;152;152;11.46;22.32
4500.00;4800.00;2172.00;24.41;E0_1_2500m;5.00;181;182;12.39;24.85
4500.00;4800.00;1800.00;20.09;E0_0_2600m;5.00;150;150;12.45;20.39
4500.00;4800.00;2148.00;21.92;E0_1_2600m;5.00;179;179;13.61;22.49
4500.00;4800.00;1800.00;18.31;E0_0_2700m;5.00;150;150;13.66;18.70
4500.00;4800.00;2148.00;19.58;E0_1_2700m;5.00;179;179;15.23;20.24
4500.00;4800.00;1800.00;17.23;E0_0_2800m;5.00;150;150;14.51;17.63
4500.00;4800.00;2100.00;17.47;E0_1_2800m;5.00;175;175;16.70;18.10
4500.00;4800.00;1836.00;15.89;E0_0_2900m;5.00;153;153;16.05;16.15
4500.00;4800.00;2076.00;15.64;E0_1_2900m;5.00;173;173;18.44;16.06
4500.00;4800.00;1896.00;14.10;E0_0_3000m;5.00;158;157;18.59;14.18
4500.00;4800.00;2040.00;14.01;E0_1_3000m;5.00;170;170;20.23;14.13
4500.00;4800.00;1920.00;13.62;E0_0_3100m;5.00;160;160;19.58;13.65
4500.00;4800.00;2016.00;13.70;E0_1_3100m;5.00;168;168;20.44;13.83
4500.00;4800.00;1884.00;13.47;E0_0_3200m;5.00;157;158;19.53;13.48
4500.00;4800.00;2028.00;13.66;E0_1_3200m;5.00;169;169;20.61;13.77
4500.00;4800.00;1908.00;13.42;E0_0_3300m;5.00;159;158;19.64;13.42
4500.00;4800.00;2040.00;13.55;E0_1_3300m;5.00;170;170;20.92;13.57
4500.00;4800.00;1908.00;13.42;E0_0_3400m;5.00;159;159;19.75;13.42
4500.00;4800.00;2016.00;13.48;E0_1_3400m;5.00;168;168;20.77;13.49
4500.00;4800.00;1944.00;13.44;E0_0_3500m;5.00;162;162;20.10;13.44
4500.00;4800.00;1992.00;13.48;E0_1_3500m;5.00;166;166;20.52;13.50
4500.00;4800.00;1956.00;13.41;E0_0_3600m;5.00;163;164;20.28;13.41
4500.00;4800.00;2004.00;13.43;E0_1_3600m;5.00;167;166;20.67;13.44
4500.00;4800.00;1980.00;13.41;E0_0_3700m;5.00;165;164;20.43;13.41
4500.00;4800.00;1980.00;13.42;E0_1_3700m;5.00;165;164;20.41;13.42
4500.00;4800.00;1980.00;13.41;E0_0_3800m;5.00;165;165;20.51;13.41
4500.00;4800.00;1980.00;13.39;E0_1_3800m;5.00;165;165;20.54;13.39
4500.00;4800.00;1956.00;13.39;E0_0_3900m;5.00;163;163;20.28;13.40
4500.00;4800.00;1980.00;13.59;E0_1_3900m;5.00;165;165;20.24;13.65
4500.00;4800.00;1884.00;15.57;E0_0_4000m;5.00;157;157;16.80;15.81
4500.00;4800.00;1992.00;16.82;E0_1_4000m;5.00;166;166;16.45;17.31
4500.00;4800.00;1836.00;25.01;E0_0_4100m;5.00;153;153;10.20;25.06
4500.00;4800.00;2052.00;26.08;E0_1_4100m;5.00;171;170;10.91;26.10
4500.00;4800.00;1788.00;26.74;E0_0_4200m;5.00;149;149;9.29;26.94
4500.00;4800.00;2124.00;29.06;E0_1_4200m;5.00;177;177;10.15;29.20
4500.00;4800.00;1740.00;26.75;E0_0_4300m;5.00;145;147;9.07;26.95
4500.00;4800.00;2148.00;29.43;E0_1_4300m;5.00;179;179;10.14;29.61
4500.00;4800.00;1740.00;26.40;E0_0_4400m;5.00;145;145;9.15;26.57
4500.00;4800.00;2148.00;29.40;E0_1_4400m;5.00;179;179;10.15;29.56
4500.00;4800.00;1728.00;26.09;E0_0_4500m;5.00;144;144;9.20;26.26
4500.00;4800.00;2148.00;29.38;E0_1_4500m;5.00;179;180;10.21;29.51
4500.00;4800.00;1788.00;25.90;E0_0_4600m;5.00;149;149;9.59;26.10
4500.00;4800.00;2100.00;29.25;E0_1_4600m;5.00;175;175;9.97;29.37
4500.00;4800.00;1740.00;25.73;E0_0_4700m;5.00;145;145;9.39;25.91
4500.00;4800.00;2160.00;29.12;E0_1_4700m;5.00;180;180;10.30;29.25
4500.00;4800.00;1740.00;25.72;E0_0_4800m;5.00;145;145;9.40;25.90
4500.00;4800.00;2160.00;28.96;E0_1_4800m;5.00;180;180;10.36;29.10
4500.00;4800.00;1692.00;25.56;E0_0_4900m;5.00;141;141;9.19;25.76
4500.00;4800.00;2208.00;28.61;E0_1_4900m;5.00;184;183;10.68;28.76
4500.00;4800.00;1656.00;25.40;E0_0_5000m;5.00;138;138;9.05;25.59
4500.00;4800.00;2232.00;28.38;E0_1_5000m;5.00;186;187;10.93;28.56
4800.00;5100.00;0.00;-1.00;E0_0_0m;-1.00;0;0;0.00;-1.00
4800.00;5100.00;0.00;-1.00;E0_1_0m;-1.00;0;0;0.00;-1.00
4800.00;5100.00;1680.00;25.22;E0_0_100m;5.00;140;142;9.33;25.43
4800.00;5100.00;2208.00;26.24;E0_1_100m;5.00;184;184;11.68;26.46
4800.00;5100.00;1692.00;25.75;E0_0_200m;5.00;141;142;9.17;25.96
4800.00;5100.00;2184.00;27.19;E0_1_200m;5.00;182;183;11.17;27.50
4800.00;5100.00;1704.00;25.78;E0_0_300m;5.00;142;142;9.18;25.94
4800.00;5100.00;2160.00;27.23;E0_1_300m;5.00;180;181;11.02;27.51
4800.00;5100.00;1704.00;25.86;E0_0_400m;5.00;142;141;9.11;25.99
4800.00;5100.00;2172.00;27.16;E0_1_400m;5.00;181;181;11.11;27.41
4800.00;5100.00;1692.00;25.75;E0_0_500m;5.00;141;141;9.12;25.88
4800.00;5100.00;2160.00;27.11;E0_1_500m;5.00;180;180;11.07;27.35
4800.00;5100.00;1716.00;25.68;E0_0_600m;5.00;143;143;9.28;25.80
4800.00;5100.00;2160.00;26.94;E0_1_600m;5.00;180;180;11.13;27.16
4800.00;5100.00;1692.00;25.65;E0_0_700m;5.00;141;141;9.16;25.77
4800.00;5100.00;2184.00;26.74;E0_1_700m;5.00;182;182;11.34;26.94
4800.00;5100.00;1716.00;25.58;E0_0_800m;5.00;143;143;9.32;25.70
4800.00;5100.00;2196.00;26.56;E0_1_800m;5.00;183;183;11.48;26.75
4800.00;5100.00;1752.00;25.46;E0_0_900m;5.00;146;146;9.56;25.56
4800.00;5100.00;2208.00;26.36;E0_1_900m;5.00;184;184;11.63;26.53
4800.00;5100.00;1752.00;25.31;E0_0_1000m;5.00;146;146;9.61;25.39
4800.00;5100.00;2184.00;26.18;E0_1_1000m;5.00;182;183;11.63;26.32
4800.00;5100.00;1764.00;25.32;E0_0_1100m;5.00;147;148;9.70;25.39
4800.00;5100.00;2160.00;26.12;E0_1_1100m;5.00;180;180;11.49;26.24
4800.00;5100.00;1740.00;25.23;E0_0_1200m;5.00;145;145;9.58;25.30
4800.00;5100.00;2148.00;25.94;E0_1_1200m;5.00;179;179;11.50;26.04
4800.00;5100.00;1752.00;24.96;E0_0_1300m;5.00;146;146;9.75;25.03
4800.00;5100.00;2136.00;25.69;E0_1_1300m;5.00;178;178;11.55;25.77
4800.00;5100.00;1752.00;24.74;E0_0_1400m;5.00;146;147;9.85;24.81
4800.00;5100.00;2136.00;25.49;E0_1_1400m;5.00;178;178;11.64;25.58
4800.00;5100.00;1764.00;24.52;E0_0_1500m;5.00;147;148;10.03;24.58
4800.00;5100.00;2136.00;25.26;E0_1_1500m;5.00;178;178;11.75;25.36
4800.00;5100.00;1800.00;24.32;E0_0_1600m;5.00;150;149;10.22;24.37
4800.00;5100.00;2136.00;24.96;E0_1_1600m;5.00;178;178;11.88;25.05
4800.00;5100.00;1764.00;24.18;E0_0_1700m;5.00;147;147;10.13;24.23
4800.00;5100.00;2160.00;24.79;E0_1_1700m;5.00;180;179;12.07;24.87
4800.00;5100.00;1764.00;24.18;E0_0_1800m;5.00;147;147;10.13;24.23
4800.00;5100.00;2160.00;24.70;E0_1_1800m;5.00;180;180;12.14;24.79
4800.00;5100.00;1764.00;24.13;E0_0_1900m;5.00;147;147;10.15;24.19
4800.00;5100.00;2148.00;24.59;E0_1_1900m;5.00;179;179;12.13;24.67
4800.00;5100.00;1764.00;24.09;E0_0_2000m;5.00;147;147;10.17;24.15
4800.00;5100.00;2148.00;24.50;E0_1_2000m;5.00;179;179;12.18;24.57
4800.00;5100.00;1740.00;24.05;E0_0_2100m;5.00;145;145;10.05;24.10
4800.00;5100.00;2160.00;24.44;E0_1_2100m;5.00;180;180;12.28;24.52
4800.00;5100.00;1728.00;23.92;E0_0_2200m;5.00;144;144;10.03;23.98
4800.00;5100.00;2124.00;24.42;E0_1_2200m;5.00;177;178;12.10;24.50
4800.00;5100.00;1716.00;23.69;E0_0_2300m;5.00;143;143;10.06;23.79
4800.00;5100.00;2076.00;24.38;E0_1_2300m;5.00;173;173;11.83;24.48
4800.00;5100.00;1680.00;23.57;E0_0_2400m;5.00;140;140;9.90;23.66
4800.00;5100.00;2088.00;24.14;E0_1_2400m;5.00;174;174;12.01;24.25
4800.00;5100.00;1668.00;23.24;E0_0_2500m;5.00;139;139;9.97;23.36
4800.00;5100.00;2076.00;23.70;E0_1_2500m;5.00;173;172;12.13;23.87
4800.00;5100.00;1644.00;22.40;E0_0_2600m;5.00;137;137;10.19;22.63
4800.00;5100.00;2064.00;23.02;E0_1_2600m;5.00;172;172;12.45;23.27
4800.00;5100.00;1608.00;21.13;E0_0_2700m;5.00;134;135;10.64;21.51
4800.00;5100.00;2016.00;21.81;E0_1_2700m;5.00;168;169;12.90;22.19
4800.00;5100.00;1584.00;19.54;E0_0_2800m;5.00;132;132;11.26;19.93
4800.00;5100.00;2004.00;19.86;E0_1_2800m;5.00;167;168;14.10;20.37
4800.00;5100.00;1572.00;17.52;E0_0_2900m;5.00;131;131;12.46;17.79
4800.00;5100.00;2004.00;17.27;E0_1_2900m;5.00;167;168;16.16;17.76
4800.00;5100.00;1632.00;14.87;E0_0_3000m;5.00;136;136;15.25;15.09
4800.00;5100.00;1932.00;14.29;E0_1_3000m;5.00;161;163;18.86;14.45
4800.00;5100.00;1692.00;13.89;E0_0_3100m;5.00;141;141;16.92;13.94
4800.00;5100.00;1896.00;13.65;E0_1_3100m;5.00;158;158;19.29;13.70
4800.00;5100.00;1740.00;13.59;E0_0_3200m;5.00;145;144;17.68;13.61
4800.00;5100.00;1860.00;13.57;E0_1_3200m;5.00;155;156;19.06;13.59
4800.00;5100.00;1740.00;13.48;E0_0_3300m;5.00;145;145;17.93;13.48
4800.00;5100.00;1836.00;13.49;E0_1_3300m;5.00;153;153;18.91;13.49
4800.00;5100.00;1752.00;13.44;E0_0_3400m;5.00;146;146;18.11;13.44
4800.00;5100.00;1836.00;13.46;E0_1_3400m;5.00;153;153;18.95;13.47
4800.00;5100.00;1752.00;13.41;E0_0_3500m;5.00;146;146;18.14;13.41
4800.00;5100.00;1836.00;13.42;E0_1_3500m;5.00;153;153;19.00;13.42
4800.00;5100.00;1788.00;13.41;E0_0_3600m;5.00;149;148;18.49;13.41
4800.00;5100.00;1884.00;13.42;E0_1_3600m;5.00;157;157;19.50;13.42
4800.00;5100.00;1800.00;13.41;E0_0_3700m;5.00;150;150;18.64;13.41
4800.00;5100.00;1884.00;13.41;E0_1_3700m;5.00;157;158;19.59;13.41
4800.00;5100.00;1812.00;13.42;E0_0_3800m;5.00;151;151;18.76;13.42
4800.00;5100.00;1872.00;13.40;E0_1_3800m;5.00;156;156;19.40;13.40
4800.00;5100.00;1812.00;13.52;E0_0_3900m;5.00;151;151;18.61;13.54
4800.00;5100.00;1920.00;13.54;E0_1_3900m;5.00;160;160;19.69;13.57
4800.00;5100.00;1872.00;15.53;E0_0_4000m;5.00;156;157;16.82;15.78
4800.00;5100.00;1884.00;16.58;E0_1_4000m;5.00;157;157;15.78;17.07
4800.00;5100.00;1836.00;25.15;E0_0_4100m;5.00;153;153;10.14;25.22
4800.00;5100.00;1908.00;25.58;E0_1_4100m;5.00;159;159;10.36;25.64
4800.00;5100.00;1776.00;27.01;E0_0_4200m;5.00;148;148;9.13;27.17
4800.00;5100.00;1956.00;28.46;E0_1_4200m;5.00;163;163;9.55;28.70
4800.00;5100.00;1800.00;27.03;E0_0_4300m;5.00;150;150;9.26;27.17
4800.00;5100.00;1980.00;28.86;E0_1_4300m;5.00;165;165;9.53;29.13
4800.00;5100.00;1800.00;26.88;E0_0_4400m;5.00;150;149;9.25;26.99
4800.00;5100.00;2028.00;28.88;E0_1_4400m;5.00;169;169;9.75;29.10
4800.00;5100.00;1824.00;26.83;E0_0_4500m;5.00;152;152;9.44;26.93
4800.00;5100.00;2004.00;28.73;E0_1_4500m;5.00;167;166;9.63;28.93
4800.00;5100.00;1800.00;26.68;E0_0_4600m;5.00;150;150;9.37;26.78
4800.00;5100.00;2004.00;28.51;E0_1_4600m;5.00;167;167;9.76;28.68
4800.00;5100.00;1776.00;26.49;E0_0_4700m;5.00;148;148;9.31;26.57
4800.00;5100.00;2028.00;28.36;E0_1_4700m;5.00;169;169;9.93;28.51
4800.00;5100.00;1776.00;26.34;E0_0_4800m;5.00;148;148;9.36;26.42
4800.00;5100.00;2016.00;28.22;E0_1_4800m;5.00;168;168;9.92;28.37
4800.00;5100.00;1788.00;26.22;E0_0_4900m;5.00;149;149;9.47;26.30
4800.00;5100.00;2028.00;28.01;E0_1_4900m;5.00;169;169;10.06;28.16
4800.00;5100.00;1800.00;26.15;E0_0_5000m;5.00;150;150;9.56;26.24
4800.00;5100.00;2016.00;27.71;E0_1_5000m;5.00;168;167;10.10;27.85
5100.00;5400.00;0.00;-1.00;E0_0_0m;-1.00;0;0;0.00;-1.00
5100.00;5400.00;0.00;-1.00;E0_1_0m;-1.00;0;0;0.00;-1.00
5100.00;5400.00;1560.00;24.76;E0_0_100m;5.00;130;132;8.82;25.01
5100.00;5400.00;2304.00;26.37;E0_1_100m;5.00;192;191;12.09;26.49
5100.00;5400.00;1608.00;25.56;E0_0_200m;5.00;134;134;8.72;25.85
5100.00;5400.00;2256.00;27.88;E0_1_200m;5.00;188;188;11.28;28.03
5100.00;5400.00;1632.00;25.78;E0_0_300m;5.00;136;136;8.79;26.04
5100.00;5400.00;2232.00;28.11;E0_1_300m;5.00;186;186;11.03;28.25
5100.00;5400.00;1644.00;25.74;E0_0_400m;5.00;137;137;8.87;25.98
5100.00;5400.00;2208.00;28.23;E0_1_400m;5.00;184;184;10.86;28.35
5100.00;5400.00;1668.00;25.80;E0_0_500m;5.00;139;139;8.98;26.05
5100.00;5400.00;2160.00;28.25;E0_1_500m;5.00;180;180;10.62;28.36
5100.00;5400.00;1680.00;25.85;E0_0_600m;5.00;140;140;9.03;26.11
5100.00;5400.00;2112.00;28.23;E0_1_600m;5.00;176;177;10.42;28.34
5100.00;5400.00;1668.00;25.70;E0_0_700m;5.00;139;139;9.01;25.97
5100.00;5400.00;2124.00;28.14;E0_1_700m;5.00;177;177;10.48;28.24
5100.00;5400.00;1668.00;25.57;E0_0_800m;5.00;139;139;9.06;25.83
5100.00;5400.00;2112.00;28.13;E0_1_800m;5.00;176;176;10.43;28.22
5100.00;5400.00;1716.00;25.49;E0_0_900m;5.00;143;143;9.35;25.75
5100.00;5400.00;2040.00;28.31;E0_1_900m;5.00;170;171;10.02;28.40
5100.00;5400.00;1692.00;25.55;E0_0_1000m;5.00;141;141;9.20;25.81
5100.00;5400.00;2052.00;28.47;E0_1_1000m;5.00;171;170;9.97;28.58
5100.00;5400.00;1668.00;25.61;E0_0_1100m;5.00;139;138;9.03;25.85
5100.00;5400.00;2052.00;28.61;E0_1_1100m;5.00;171;171;9.96;28.71
5100.00;5400.00;1632.00;25.49;E0_0_1200m;5.00;136;136;8.89;25.74
5100.00;5400.00;2076.00;28.60;E0_1_1200m;5.00;173;174;10.10;28.71
5100.00;5400.00;1644.00;25.50;E0_0_1300m;5.00;137;137;8.95;25.74
5100.00;5400.00;2100.00;28.52;E0_1_1300m;5.00;175;175;10.23;28.62
5100.00;5400.00;1668.00;25.58;E0_0_1400m;5.00;139;138;9.04;25.81
5100.00;5400.00;2100.00;28.41;E0_1_1400m;5.00;175;175;10.27;28.51
5100.00;5400.00;1632.00;25.44;E0_0_1500m;5.00;136;135;8.87;25.68
5100.00;5400.00;2148.00;28.27;E0_1_1500m;5.00;179;178;10.49;28.39
5100.00;5400.00;1644.00;25.28;E0_0_1600m;5.00;137;138;9.05;25.51
5100.00;5400.00;2136.00;28.14;E0_1_1600m;5.00;178;178;10.54;28.29
5100.00;5400.00;1644.00;25.16;E0_0_1700m;5.00;137;137;9.08;25.38
5100.00;5400.00;2160.00;27.92;E0_1_1700m;5.00;180;180;10.75;28.08
5100.00;5400.00;1692.00;25.03;E0_0_1800m;5.00;141;141;9.39;25.25
5100.00;5400.00;2136.00;27.62;E0_1_1800m;5.00;178;178;10.74;27.84
5100.00;5400.00;1692.00;24.56;E0_0_1900m;5.00;141;141;9.57;24.79
5100.00;5400.00;2148.00;27.22;E0_1_1900m;5.00;179;179;10.96;27.51
5100.00;5400.00;1704.00;23.92;E0_0_2000m;5.00;142;142;9.89;24.19
5100.00;5400.00;2148.00;26.73;E0_1_2000m;5.00;179;179;11.16;27.12
5100.00;5400.00;1728.00;22.97;E0_0_2100m;5.00;144;144;10.45;23.29
5100.00;5400.00;2136.00;25.72;E0_1_2100m;5.00;178;178;11.53;26.20
5100.00;5400.00;1764.00;21.81;E0_0_2200m;5.00;147;147;11.23;22.18
5100.00;5400.00;2136.00;24.10;E0_1_2200m;5.00;178;178;12.32;24.77
5100.00;5400.00;1764.00;20.49;E0_0_2300m;5.00;147;147;11.96;20.94
5100.00;5400.00;2172.00;22.42;E0_1_2300m;5.00;181;181;13.46;23.39
5100.00;5400.00;1812.00;19.18;E0_0_2400m;5.00;151;151;13.12;19.66
5100.00;5400.00;2184.00;20.81;E0_1_2400m;5.00;182;182;14.57;22.04
5100.00;5400.00;1824.00;18.07;E0_0_2500m;5.00;152;153;14.09;18.40
5100.00;5400.00;2172.00;18.89;E0_1_2500m;5.00;181;181;15.97;20.15
5100.00;5400.00;1836.00;17.50;E0_0_2600m;5.00;153;154;14.63;17.71
5100.00;5400.00;2184.00;17.33;E0_1_2600m;5.00;182;182;17.51;18.48
5100.00;5400.00;1884.00;17.03;E0_0_2700m;5.00;157;156;15.30;17.17
5100.00;5400.00;2148.00;16.21;E0_1_2700m;5.00;179;178;18.34;17.10
5100.00;5400.00;1920.00;16.71;E0_0_2800m;5.00;160;160;15.96;16.81
5100.00;5400.00;2136.00;15.07;E0_1_2800m;5.00;178;177;19.59;15.64
5100.00;5400.00;1932.00;15.58;E0_0_2900m;5.00;161;161;17.22;15.68
5100.00;5400.00;2124.00;14.29;E0_1_2900m;5.00;177;176;20.60;14.50
5100.00;5400.00;1932.00;13.81;E0_0_3000m;5.00;161;162;19.49;13.86
5100.00;5400.00;2112.00;13.57;E0_1_3000m;5.00;176;175;21.60;13.59
5100.00;5400.00;1968.00;13.49;E0_0_3100m;5.00;164;164;20.26;13.50
5100.00;5400.00;2064.00;13.44;E0_1_3100m;5.00;172;172;21.33;13.44
5100.00;5400.00;1956.00;13.43;E0_0_3200m;5.00;163;163;20.23;13.43
5100.00;5400.00;2076.00;13.40;E0_1_3200m;5.00;173;172;21.50;13.40
5100.00;5400.00;1968.00;13.42;E0_0_3300m;5.00;164;164;20.36;13.42
5100.00;5400.00;2064.00;13.38;E0_1_3300m;5.00;172;172;21.42;13.38
5100.00;5400.00;1980.00;13.39;E0_0_3400m;5.00;165;165;20.54;13.39
5100.00;5400.00;2076.00;13.36;E0_1_3400m;5.00;173;173;21.58;13.36
5100.00;5400.00;1980.00;13.41;E0_0_3500m;5.00;165;165;20.50;13.41
5100.00;5400.00;2076.00;13.34;E0_1_3500m;5.00;173;173;21.61;13.34
5100.00;5400.00;1932.00;13.41;E0_0_3600m;5.00;161;161;20.01;13.41
5100.00;5400.00;2028.00;13.33;E0_1_3600m;5.00;169;170;21.25;13.33
5100.00;5400.00;1932.00;13.41;E0_0_3700m;5.00;161;161;20.01;13.41
5100.00;5400.00;2028.00;13.32;E0_1_3700m;5.00;169;168;21.06;13.33
5100.00;5400.00;1932.00;13.41;E0_0_3800m;5.00;161;161;20.01;13.41
5100.00;5400.00;2028.00;13.33;E0_1_3800m;5.00;169;169;21.13;13.33
5100.00;5400.00;1908.00;13.42;E0_0_3900m;5.00;159;160;19.82;13.42
5100.00;5400.00;2016.00;13.50;E0_1_3900m;5.00;168;168;20.74;13.56
5100.00;5400.00;1896.00;15.25;E0_0_4000m;5.00;158;158;17.27;15.45
5100.00;5400.00;1992.00;16.14;E0_1_4000m;5.00;166;167;17.23;16.61
5100.00;5400.00;1812.00;25.00;E0_0_4100m;5.00;151;151;10.07;25.09
5100.00;5400.00;2076.00;25.73;E0_1_4100m;5.00;173;174;11.24;25.78
5100.00;5400.00;1788.00;27.01;E0_0_4200m;5.00;149;150;9.23;27.21
5100.00;5400.00;2112.00;28.45;E0_1_4200m;5.00;176;176;10.31;28.68
5100.00;5400.00;1764.00;26.96;E0_0_4300m;5.00;147;147;9.09;27.15
5100.00;5400.00;2136.00;28.82;E0_1_4300m;5.00;178;178;10.29;29.08
5100.00;5400.00;1788.00;26.92;E0_0_4400m;5.00;149;149;9.22;27.09
5100.00;5400.00;2088.00;28.76;E0_1_4400m;5.00;174;174;10.08;28.97
5100.00;5400.00;1788.00;26.92;E0_0_4500m;5.00;149;149;9.22;27.07
5100.00;5400.00;2112.00;28.61;E0_1_4500m;5.00;176;176;10.25;28.79
5100.00;5400.00;1788.00;26.65;E0_0_4600m;5.00;149;149;9.32;26.79
5100.00;5400.00;2136.00;28.39;E0_1_4600m;5.00;178;178;10.45;28.56
5100.00;5400.00;1764.00;26.28;E0_0_4700m;5.00;147;147;9.32;26.43
5100.00;5400.00;2136.00;28.22;E0_1_4700m;5.00;178;178;10.51;28.39
5100.00;5400.00;1788.00;26.26;E0_0_4800m;5.00;149;149;9.46;26.41
5100.00;5400.00;2136.00;28.11;E0_1_4800m;5.00;178;178;10.55;28.29
5100.00;5400.00;1812.00;26.15;E0_0_4900m;5.00;151;152;9.68;26.30
5100.00;5400.00;2112.00;28.02;E0_1_4900m;5.00;176;176;10.47;28.20
5100.00;5400.00;1812.00;25.95;E0_0_5000m;5.00;151;152;9.72;26.08
5100.00;5400.00;2112.00;27.85;E0_1_5000m;5.00;176;176;10.53;28.04
5400.00;5700.00;0.00;-1.00;E0_0_0m;-1.00;0;0;0.00;-1.00
5400.00;5700.00;0.00;-1.00;E0_1_0m;-1.00;0;0;0.00;-1.00
5400.00;5700.00;2028.00;23.73;E0_0_100m;5.00;169;168;11.82;24.00
5400.00;5700.00;2388.00;25.43;E0_1_100m;5.00;199;199;13.04;25.63
5400.00;5700.00;2040.00;24.54;E0_0_200m;5.00;170;169;11.51;24.82
5400.00;5700.00;2364.00;26.68;E0_1_200m;5.00;197;198;12.28;26.90
5400.00;5700.00;2028.00;25.14;E0_0_300m;5.00;169;169;11.20;25.32
5400.00;5700.00;2340.00;27.39;E0_1_300m;5.00;195;196;11.92;27.59
5400.00;5700.00;2028.00;25.43;E0_0_400m;5.00;169;169;11.07;25.59
5400.00;5700.00;2304.00;27.69;E0_1_400m;5.00;192;193;11.56;27.84
5400.00;5700.00;2016.00;25.46;E0_0_500m;5.00;168;168;11.00;25.60
5400.00;5700.00;2292.00;27.83;E0_1_500m;5.00;191;193;11.53;27.95
5400.00;5700.00;1980.00;25.43;E0_0_600m;5.00;165;166;10.88;25.57
5400.00;5700.00;2316.00;27.84;E0_1_600m;5.00;193;192;11.53;27.93
5400.00;5700.00;2004.00;25.30;E0_0_700m;5.00;167;167;11.00;25.44
5400.00;5700.00;2292.00;27.86;E0_1_700m;5.00;191;191;11.43;27.94
5400.00;5700.00;1980.00;25.17;E0_0_800m;5.00;165;165;10.93;25.31
5400.00;5700.00;2280.00;27.82;E0_1_800m;5.00;190;190;11.38;27.89
5400.00;5700.00;1932.00;25.15;E0_0_900m;5.00;161;161;10.67;25.30
5400.00;5700.00;2280.00;27.73;E0_1_900m;5.00;190;190;11.42;27.79
5400.00;5700.00;1932.00;25.09;E0_0_1000m;5.00;161;161;10.69;25.24
5400.00;5700.00;2280.00;27.65;E0_1_1000m;5.00;190;190;11.45;27.70
5400.00;5700.00;1944.00;25.14;E0_0_1100m;5.00;162;162;10.74;25.30
5400.00;5700.00;2268.00;27.62;E0_1_1100m;5.00;189;189;11.40;27.67
5400.00;5700.00;1920.00;25.16;E0_0_1200m;5.00;160;160;10.60;25.32
5400.00;5700.00;2292.00;27.60;E0_1_1200m;5.00;191;190;11.52;27.65
5400.00;5700.00;1860.00;25.26;E0_0_1300m;5.00;155;156;10.27;25.43
5400.00;5700.00;2304.00;27.62;E0_1_1300m;5.00;192;192;11.59;27.66
5400.00;5700.00;1860.00;25.33;E0_0_1400m;5.00;155;155;10.20;25.51
5400.00;5700.00;2280.00;27.68;E0_1_1400m;5.00;190;190;11.44;27.73
5400.00;5700.00;1872.00;25.31;E0_0_1500m;5.00;156;156;10.27;25.48
5400.00;5700.00;2292.00;27.68;E0_1_1500m;5.00;191;191;11.50;27.73
5400.00;5700.00;1860.00;25.30;E0_0_1600m;5.00;155;155;10.21;25.47
5400.00;5700.00;2280.00;27.61;E0_1_1600m;5.00;190;190;11.47;27.66
5400.00;5700.00;1848.00;25.27;E0_0_1700m;5.00;154;154;10.16;25.43
5400.00;5700.00;2292.00;27.60;E0_1_1700m;5.00;191;191;11.53;27.64
5400.00;5700.00;1872.00;25.26;E0_0_1800m;5.00;156;156;10.29;25.43
5400.00;5700.00;2280.00;27.61;E0_1_1800m;5.00;190;190;11.47;27.66
5400.00;5700.00;1884.00;25.17;E0_0_1900m;5.00;157;157;10.39;25.34
5400.00;5700.00;2268.00;27.61;E0_1_1900m;5.00;189;189;11.41;27.66
5400.00;5700.00;1884.00;25.02;E0_0_2000m;5.00;157;157;10.46;25.20
5400.00;5700.00;2256.00;27.50;E0_1_2000m;5.00;188;188;11.39;27.54
5400.00;5700.00;1920.00;24.65;E0_0_2100m;5.00;160;160;10.82;24.85
5400.00;5700.00;2268.00;27.14;E0_1_2100m;5.00;189;189;11.61;27.17
5400.00;5700.00;1908.00;23.98;E0_0_2200m;5.00;159;159;11.05;24.26
5400.00;5700.00;2304.00;26.33;E0_1_2200m;5.00;192;191;12.12;26.39
5400.00;5700.00;1932.00;23.07;E0_0_2300m;5.00;161;162;11.65;23.46
5400.00;5700.00;2256.00;25.20;E0_1_2300m;5.00;188;188;12.43;25.37
5400.00;5700.00;1884.00;21.61;E0_0_2400m;5.00;157;157;12.11;22.08
5400.00;5700.00;2256.00;23.54;E0_1_2400m;5.00;188;189;13.34;23.84
5400.00;5700.00;1896.00;20.09;E0_0_2500m;5.00;158;157;13.04;20.54
5400.00;5700.00;2268.00;21.66;E0_1_2500m;5.00;189;189;14.54;22.08
5400.00;5700.00;1920.00;18.64;E0_0_2600m;5.00;160;160;14.28;19.03
5400.00;5700.00;2220.00;19.56;E0_1_2600m;5.00;185;186;15.76;20.05
5400.00;5700.00;1956.00;17.41;E0_0_2700m;5.00;163;163;15.60;17.64
5400.00;5700.00;2184.00;17.54;E0_1_2700m;5.00;182;182;17.29;17.98
5400.00;5700.00;1944.00;16.50;E0_0_2800m;5.00;162;162;16.37;16.59
5400.00;5700.00;2160.00;15.71;E0_1_2800m;5.00;180;180;19.10;15.94
5400.00;5700.00;1956.00;15.56;E0_0_2900m;5.00;163;164;17.51;15.63
5400.00;5700.00;2124.00;14.50;E0_1_2900m;5.00;177;178;20.40;14.58
5400.00;5700.00;1980.00;13.96;E0_0_3000m;5.00;165;164;19.64;14.01
5400.00;5700.00;2112.00;13.59;E0_1_3000m;5.00;176;176;21.58;13.60
5400.00;5700.00;1980.00;13.55;E0_0_3100m;5.00;165;165;20.29;13.56
5400.00;5700.00;2112.00;13.44;E0_1_3100m;5.00;176;176;21.82;13.44
5400.00;5700.00;1980.00;13.46;E0_0_3200m;5.00;165;165;20.43;13.46
5400.00;5700.00;2088.00;13.42;E0_1_3200m;5.00;174;175;21.74;13.42
5400.00;5700.00;1980.00;13.42;E0_0_3300m;5.00;165;165;20.49;13.42
5400.00;5700.00;2088.00;13.41;E0_1_3300m;5.00;174;174;21.63;13.41
5400.00;5700.00;1956.00;13.41;E0_0_3400m;5.00;163;164;20.33;13.41
5400.00;5700.00;2064.00;13.40;E0_1_3400m;5.00;172;173;21.42;13.40
5400.00;5700.00;1956.00;13.41;E0_0_3500m;5.00;163;163;20.26;13.41
5400.00;5700.00;2052.00;13.40;E0_1_3500m;5.00;171;171;21.27;13.40
5400.00;5700.00;1944.00;13.41;E0_0_3600m;5.00;162;163;20.15;13.41
5400.00;5700.00;2040.00;13.40;E0_1_3600m;5.00;170;170;21.14;13.40
5400.00;5700.00;1944.00;13.41;E0_0_3700m;5.00;162;162;20.14;13.41
5400.00;5700.00;2040.00;13.40;E0_1_3700m;5.00;170;170;21.15;13.40
5400.00;5700.00;1944.00;13.41;E0_0_3800m;5.00;162;162;20.14;13.41
5400.00;5700.00;2040.00;13.40;E0_1_3800m;5.00;170;170;21.15;13.40
5400.00;5700.00;1956.00;13.43;E0_0_3900m;5.00;163;162;20.16;13.44
5400.00;5700.00;2040.00;13.40;E0_1_3900m;5.00;170;170;21.15;13.40
5400.00;5700.00;1908.00;15.37;E0_0_4000m;5.00;159;160;17.36;15.67
5400.00;5700.00;2076.00;16.04;E0_1_4000m;5.00;173;175;18.10;16.36
5400.00;5700.00;1836.00;24.94;E0_0_4100m;5.00;153;154;10.23;25.02
5400.00;5700.00;2172.00;25.86;E0_1_4100m;5.00;181;181;11.67;25.90
5400.00;5700.00;1848.00;26.61;E0_0_4200m;5.00;154;154;9.65;26.85
5400.00;5700.00;2136.00;28.99;E0_1_4200m;5.00;178;178;10.23;29.15
5400.00;5700.00;1836.00;26.62;E0_0_4300m;5.00;153;153;9.58;26.86
5400.00;5700.00;2136.00;29.15;E0_1_4300m;5.00;178;178;10.18;29.32
5400.00;5700.00;1812.00;26.33;E0_0_4400m;5.00;151;151;9.56;26.55
5400.00;5700.00;2148.00;29.02;E0_1_4400m;5.00;179;179;10.28;29.17
5400.00;5700.00;1788.00;26.16;E0_0_4500m;5.00;149;150;9.51;26.37
5400.00;5700.00;2148.00;28.63;E0_1_4500m;5.00;179;179;10.42;28.75
5400.00;5700.00;1824.00;25.94;E0_0_4600m;5.00;152;152;9.77;26.16
5400.00;5700.00;2112.00;28.41;E0_1_4600m;5.00;176;177;10.35;28.53
5400.00;5700.00;1824.00;25.67;E0_0_4700m;5.00;152;152;9.87;25.89
5400.00;5700.00;2136.00;28.19;E0_1_4700m;5.00;178;178;10.52;28.30
5400.00;5700.00;1788.00;25.63;E0_0_4800m;5.00;149;149;9.69;25.83
5400.00;5700.00;2148.00;28.02;E0_1_4800m;5.00;179;179;10.65;28.15
5400.00;5700.00;1788.00;25.34;E0_0_4900m;5.00;149;149;9.80;25.58
5400.00;5700.00;2148.00;28.00;E0_1_4900m;5.00;179;179;10.65;28.12
5400.00;5700.00;1800.00;25.21;E0_0_5000m;5.00;150;149;9.89;25.45
5400.00;5700.00;2148.00;27.99;E0_1_5000m;5.00;179;179;10.66;28.10
5700.00;6000.00;0.00;-1.00;E0_0_0m;-1.00;0;0;0.00;-1.00
5700.00;6000.00;0.00;-1.00;E0_1_0m;-1.00;0;0;0.00;-1.00
5700.00;6000.00;1764.00;24.29;E0_0_100m;5.00;147;147;10.09;24.52
5700.00;6000.00;2256.00;25.41;E0_1_100m;5.00;188;188;12.33;25.62
5700.00;6000.00;1776.00;24.97;E0_0_200m;5.00;148;148;9.88;25.21
5700.00;6000.00;2292.00;26.22;E0_1_200m;5.00;191;190;12.14;26.45
5700.00;6000.00;1812.00;25.06;E0_0_300m;5.00;151;151;10.04;25.29
5700.00;6000.00;2280.00;26.51;E0_1_300m;5.00;190;189;11.89;26.69
5700.00;6000.00;1824.00;24.87;E0_0_400m;5.00;152;152;10.19;25.07
5700.00;6000.00;2280.00;26.66;E0_1_400m;5.00;190;189;11.88;26.83
5700.00;6000.00;1824.00;24.80;E0_0_500m;5.00;152;152;10.22;24.97
5700.00;6000.00;2328.00;26.81;E0_1_500m;5.00;194;193;12.00;26.97
5700.00;6000.00;1872.00;24.79;E0_0_600m;5.00;156;155;10.42;24.95
5700.00;6000.00;2292.00;26.86;E0_1_600m;5.00;191;191;11.85;27.01
5700.00;6000.00;1860.00;24.82;E0_0_700m;5.00;155;155;10.41;24.98
5700.00;6000.00;2316.00;26.86;E0_1_700m;5.00;193;193;11.98;27.00
5700.00;6000.00;1872.00;24.70;E0_0_800m;5.00;156;156;10.53;24.85
5700.00;6000.00;2340.00;26.84;E0_1_800m;5.00;195;195;12.11;26.96
5700.00;6000.00;1884.00;24.65;E0_0_900m;5.00;157;157;10.61;24.80
5700.00;6000.00;2340.00;26.80;E0_1_900m;5.00;195;195;12.13;26.91
5700.00;6000.00;1896.00;24.53;E0_0_1000m;5.00;158;158;10.73;24.67
5700.00;6000.00;2340.00;26.76;E0_1_1000m;5.00;195;195;12.14;26.87
5700.00;6000.00;1908.00;24.45;E0_0_1100m;5.00;159;159;10.84;24.57
5700.00;6000.00;2352.00;26.67;E0_1_1100m;5.00;196;196;12.25;26.78
5700.00;6000.00;1920.00;24.32;E0_0_1200m;5.00;160;160;10.96;24.43
5700.00;6000.00;2352.00;26.55;E0_1_1200m;5.00;196;196;12.30;26.67
5700.00;6000.00;1920.00;24.21;E0_0_1300m;5.00;160;160;11.02;24.30
5700.00;6000.00;2364.00;26.37;E0_1_1300m;5.00;197;197;12.45;26.49
5700.00;6000.00;1944.00;24.08;E0_0_1400m;5.00;162;162;11.21;24.16
5700.00;6000.00;2340.00;26.27;E0_1_1400m;5.00;195;195;12.37;26.39
5700.00;6000.00;1932.00;24.08;E0_0_1500m;5.00;161;161;11.14;24.16
5700.00;6000.00;2340.00;26.19;E0_1_1500m;5.00;195;195;12.41;26.31
5700.00;6000.00;1932.00;24.11;E0_0_1600m;5.00;161;161;11.13;24.17
5700.00;6000.00;2352.00;26.16;E0_1_1600m;5.00;196;196;12.49;26.29
5700.00;6000.00;1896.00;24.18;E0_0_1700m;5.00;158;158;10.89;24.23
5700.00;6000.00;2364.00;26.05;E0_1_1700m;5.00;197;197;12.60;26.17
5700.00;6000.00;1920.00;24.12;E0_0_1800m;5.00;160;160;11.05;24.18
5700.00;6000.00;2352.00;25.97;E0_1_1800m;5.00;196;196;12.58;26.10
5700.00;6000.00;1980.00;23.95;E0_0_1900m;5.00;165;165;11.48;24.03
5700.00;6000.00;2304.00;25.73;E0_1_1900m;5.00;192;192;12.44;25.86
5700.00;6000.00;1992.00;23.50;E0_0_2000m;5.00;166;166;11.77;23.59
5700.00;6000.00;2316.00;25.20;E0_1_2000m;5.00;193;194;12.79;25.29
5700.00;6000.00;1944.00;22.89;E0_0_2100m;5.00;162;162;11.80;23.03
5700.00;6000.00;2316.00;24.51;E0_1_2100m;5.00;193;193;13.13;24.65
5700.00;6000.00;1920.00;22.35;E0_0_2200m;5.00;160;160;11.93;22.56
5700.00;6000.00;2280.00;23.64;E0_1_2200m;5.00;190;190;13.39;23.91
5700.00;6000.00;1908.00;21.38;E0_0_2300m;5.00;159;158;12.37;21.69
5700.00;6000.00;2256.00;22.48;E0_1_2300m;5.00;188;188;13.94;22.93
5700.00;6000.00;1896.00;20.18;E0_0_2400m;5.00;158;158;13.05;20.55
5700.00;6000.00;2244.00;20.98;E0_1_2400m;5.00;187;187;14.91;21.51
5700.00;6000.00;1884.00;18.80;E0_0_2500m;5.00;157;157;13.92;19.11
5700.00;6000.00;2232.00;19.26;E0_1_2500m;5.00;186;186;16.10;19.75
5700.00;6000.00;1932.00;17.50;E0_0_2600m;5.00;161;160;15.31;17.66
5700.00;6000.00;2196.00;17.38;E0_1_2600m;5.00;183;183;17.54;17.73
5700.00;6000.00;1956.00;16.46;E0_0_2700m;5.00;163;163;16.50;16.53
5700.00;6000.00;2172.00;15.70;E0_1_2700m;5.00;181;181;19.21;15.92
5700.00;6000.00;1980.00;15.66;E0_0_2800m;5.00;165;165;17.56;15.74
5700.00;6000.00;2160.00;14.46;E0_1_2800m;5.00;180;180;20.75;14.53
5700.00;6000.00;2028.00;14.90;E0_0_2900m;5.00;169;168;18.85;15.00
5700.00;6000.00;2136.00;13.85;E0_1_2900m;5.00;178;178;21.45;13.88
5700.00;6000.00;2040.00;13.77;E0_0_3000m;5.00;170;170;20.57;13.81
5700.00;6000.00;2136.00;13.46;E0_1_3000m;5.00;178;178;22.05;13.46
5700.00;6000.00;2052.00;13.45;E0_0_3100m;5.00;171;171;21.19;13.46
5700.00;6000.00;2100.00;13.46;E0_1_3100m;5.00;175;176;21.79;13.47
5700.00;6000.00;2064.00;13.42;E0_0_3200m;5.00;172;172;21.36;13.42
5700.00;6000.00;2112.00;13.41;E0_1_3200m;5.00;176;175;21.76;13.41
5700.00;6000.00;2052.00;13.41;E0_0_3300m;5.00;171;171;21.26;13.41
5700.00;6000.00;2112.00;13.40;E0_1_3300m;5.00;176;176;21.89;13.40
5700.00;6000.00;2064.00;13.40;E0_0_3400m;5.00;172;172;21.38;13.40
5700.00;6000.00;2112.00;13.39;E0_1_3400m;5.00;176;176;21.92;13.39
5700.00;6000.00;2076.00;13.41;E0_0_3500m;5.00;173;173;21.51;13.41
5700.00;6000.00;2112.00;13.39;E0_1_3500m;5.00;176;176;21.91;13.39
5700.00;6000.00;2076.00;13.40;E0_0_3600m;5.00;173;172;21.50;13.40
5700.00;6000.00;2124.00;13.39;E0_1_3600m;5.00;177;176;21.92;13.39
5700.00;6000.00;2064.00;13.41;E0_0_3700m;5.00;172;173;21.44;13.41
5700.00;6000.00;2112.00;13.40;E0_1_3700m;5.00;176;176;21.90;13.40
5700.00;6000.00;2076.00;13.41;E0_0_3800m;5.00;173;173;21.51;13.41
5700.00;6000.00;2112.00;13.39;E0_1_3800m;5.00;176;176;21.91;13.39
5700.00;6000.00;2064.00;13.44;E0_0_3900m;5.00;172;173;21.46;13.44
5700.00;6000.00;2100.00;13.46;E0_1_3900m;5.00;175;175;21.67;13.48
5700.00;6000.00;2076.00;15.37;E0_0_4000m;5.00;173;173;18.68;15.57
5700.00;6000.00;2124.00;16.08;E0_1_4000m;5.00;177;178;18.41;16.46
5700.00;6000.00;1956.00;24.96;E0_0_4100m;5.00;163;163;10.88;25.01
5700.00;6000.00;2220.00;25.69;E0_1_4100m;5.00;185;185;12.00;25.72
5700.00;6000.00;1944.00;26.39;E0_0_4200m;5.00;162;162;10.23;26.55
5700.00;6000.00;2244.00;28.16;E0_1_4200m;5.00;187;189;11.17;28.32
5700.00;6000.00;1956.00;26.28;E0_0_4300m;5.00;163;163;10.34;26.44
5700.00;6000.00;2232.00;28.42;E0_1_4300m;5.00;186;187;10.92;28.57
5700.00;6000.00;1968.00;26.35;E0_0_4400m;5.00;164;165;10.39;26.49
5700.00;6000.00;2184.00;28.43;E0_1_4400m;5.00;182;182;10.67;28.54
5700.00;6000.00;2016.00;26.03;E0_0_4500m;5.00;168;167;10.74;26.17
5700.00;6000.00;2148.00;28.47;E0_1_4500m;5.00;179;179;10.48;28.57
5700.00;6000.00;2004.00;25.87;E0_0_4600m;5.00;167;167;10.76;26.00
5700.00;6000.00;2160.00;28.43;E0_1_4600m;5.00;180;180;10.55;28.53
5700.00;6000.00;1992.00;25.71;E0_0_4700m;5.00;166;166;10.76;25.84
5700.00;6000.00;2208.00;28.25;E0_1_4700m;5.00;184;184;10.86;28.34
5700.00;6000.00;1992.00;25.66;E0_0_4800m;5.00;166;166;10.78;25.80
5700.00;6000.00;2232.00;28.08;E0_1_4800m;5.00;186;187;11.07;28.17
5700.00;6000.00;1980.00;25.54;E0_0_4900m;5.00;165;165;10.77;25.68
5700.00;6000.00;2220.00;28.02;E0_1_4900m;5.00;185;185;11.01;28.09
5700.00;6000.00;1980.00;25.46;E0_0_5000m;5.00;165;165;10.80;25.60
5700.00;6000.00;2220.00;27.95;E0_1_5000m;5.00;185;185;11.03;28.02
6000.00;6300.00;0.00;-1.00;E0_0_0m;-1.00;0;0;0.00;-1.00
6000.00;6300.00;0.00;-1.00;E0_1_0m;-1.00;0;0;0.00;-1.00
6000.00;6300.00;1464.00;23.19;E0_0_100m;5.00;122;122;8.77;23.33
6000.00;6300.00;1944.00;23.79;E0_1_100m;5.00;162;162;11.35;23.88
6000.00;6300.00;1464.00;25.71;E0_0_200m;5.00;122;122;7.91;26.00
6000.00;6300.00;1956.00;27.17;E0_1_200m;5.00;163;163;10.00;27.46
6000.00;6300.00;1536.00;26.09;E0_0_300m;5.00;128;128;8.18;26.37
6000.00;6300.00;1908.00;28.13;E0_1_300m;5.00;159;159;9.42;28.41
6000.00;6300.00;1560.00;26.40;E0_0_400m;5.00;130;130;8.21;26.62
6000.00;6300.00;1896.00;28.10;E0_1_400m;5.00;158;158;9.37;28.39
6000.00;6300.00;1536.00;26.52;E0_0_500m;5.00;128;128;8.04;26.68
6000.00;6300.00;1920.00;28.21;E0_1_500m;5.00;160;160;9.45;28.42
6000.00;6300.00;1512.00;26.25;E0_0_600m;5.00;126;126;8.00;26.40
6000.00;6300.00;1968.00;28.20;E0_1_600m;5.00;164;164;9.69;28.40
6000.00;6300.00;1500.00;26.08;E0_0_700m;5.00;125;125;7.99;26.23
6000.00;6300.00;2016.00;28.18;E0_1_700m;5.00;168;168;9.94;28.38
6000.00;6300.00;1524.00;25.92;E0_0_800m;5.00;127;128;8.23;26.07
6000.00;6300.00;2004.00;28.23;E0_1_800m;5.00;167;167;9.86;28.42
6000.00;6300.00;1536.00;25.90;E0_0_900m;5.00;128;128;8.24;26.05
6000.00;6300.00;2004.00;28.19;E0_1_900m;5.00;167;167;9.87;28.36
6000.00;6300.00;1548.00;25.75;E0_0_1000m;5.00;129;129;8.35;25.89
6000.00;6300.00;2052.00;27.98;E0_1_1000m;5.00;171;171;10.19;28.13
6000.00;6300.00;1536.00;25.73;E0_0_1100m;5.00;128;128;8.29;25.85
6000.00;6300.00;2052.00;27.89;E0_1_1100m;5.00;171;171;10.22;28.03
6000.00;6300.00;1536.00;25.66;E0_0_1200m;5.00;128;128;8.31;25.78
6000.00;6300.00;2040.00;27.70;E0_1_1200m;5.00;170;170;10.23;27.84
6000.00;6300.00;1536.00;25.54;E0_0_1300m;5.00;128;128;8.35;25.66
6000.00;6300.00;2052.00;27.60;E0_1_1300m;5.00;171;171;10.32;27.73
6000.00;6300.00;1548.00;25.55;E0_0_1400m;5.00;129;129;8.42;25.68
6000.00;6300.00;2076.00;27.65;E0_1_1400m;5.00;173;174;10.44;27.77
6000.00;6300.00;1560.00;25.57;E0_0_1500m;5.00;130;130;8.47;25.70
6000.00;6300.00;2064.00;27.75;E0_1_1500m;5.00;172;173;10.35;27.89
6000.00;6300.00;1548.00;25.32;E0_0_1600m;5.00;129;129;8.49;25.43
6000.00;6300.00;2064.00;27.73;E0_1_1600m;5.00;172;172;10.34;27.88
6000.00;6300.00;1548.00;24.81;E0_0_1700m;5.00;129;129;8.67;24.95
6000.00;6300.00;2100.00;27.07;E0_1_1700m;5.00;175;175;10.77;27.20
6000.00;6300.00;1524.00;23.86;E0_0_1800m;5.00;127;127;8.87;24.11
6000.00;6300.00;2100.00;25.61;E0_1_1800m;5.00;175;175;11.39;25.88
6000.00;6300.00;1512.00;22.59;E0_0_1900m;5.00;126;126;9.30;23.20
6000.00;6300.00;2100.00;23.56;E0_1_1900m;5.00;175;175;12.38;24.31
6000.00;6300.00;1584.00;21.17;E0_0_2000m;5.00;132;132;10.39;21.99
6000.00;6300.00;1980.00;20.57;E0_1_2000m;5.00;165;164;13.35;22.48
6000.00;6300.00;1620.00;18.09;E0_0_2100m;5.00;135;135;12.44;19.76
6000.00;6300.00;1872.00;15.64;E0_1_2100m;5.00;156;157;16.64;20.16
6000.00;6300.00;1596.00;13.52;E0_0_2200m;5.00;133;133;16.39;16.80
6000.00;6300.00;1788.00;12.04;E0_1_2200m;5.00;149;149;20.63;17.49
6000.00;6300.00;1608.00;10.70;E0_0_2300m;5.00;134;134;20.88;14.15
6000.00;6300.00;1656.00;9.27;E0_1_2300m;5.00;138;138;24.82;14.13
6000.00;6300.00;1548.00;8.66;E0_0_2400m;5.00;129;130;24.91;11.91
6000.00;6300.00;1584.00;7.44;E0_1_2400m;5.00;132;132;29.83;11.37
6000.00;6300.00;1548.00;7.28;E0_0_2500m;5.00;129;129;29.53;10.22
6000.00;6300.00;1476.00;6.30;E0_1_2500m;5.00;123;124;32.61;9.32
6000.00;6300.00;1476.00;6.49;E0_0_2600m;5.00;123;124;31.98;9.10
6000.00;6300.00;1404.00;5.57;E0_1_2600m;5.00;117;117;35.03;7.86
6000.00;6300.00;1416.00;5.89;E0_0_2700m;5.00;118;118;33.38;7.94
6000.00;6300.00;1356.00;5.17;E0_1_2700m;5.00;113;113;36.45;7.13
6000.00;6300.00;1368.00;5.46;E0_0_2800m;5.00;114;115;34.85;7.05
6000.00;6300.00;1296.00;4.82;E0_1_2800m;5.00;108;108;37.37;6.31
6000.00;6300.00;1320.00;5.13;E0_0_2900m;5.00;110;110;35.77;6.29
6000.00;6300.00;1260.00;4.53;E0_1_2900m;5.00;105;104;38.56;5.77
6000.00;6300.00;1236.00;5.14;E0_0_3000m;5.00;103;108;37.76;6.03
6000.00;6300.00;1236.00;4.91;E0_1_3000m;5.00;103;103;34.99;5.46
6000.00;6300.00;1200.00;6.05;E0_0_3100m;5.00;100;101;27.74;6.54
6000.00;6300.00;1236.00;6.01;E0_1_3100m;5.00;103;102;28.44;6.50
6000.00;6300.00;1164.00;5.88;E0_0_3200m;5.00;97;98;27.75;6.34
6000.00;6300.00;1212.00;5.85;E0_1_3200m;5.00;101;101;28.76;6.30
6000.00;6300.00;1152.00;5.72;E0_0_3300m;5.00;96;96;27.99;6.14
6000.00;6300.00;1176.00;5.64;E0_1_3300m;5.00;98;98;28.97;5.95
6000.00;6300.00;1104.00;5.46;E0_0_3400m;5.00;92;91;28.01;5.90
6000.00;6300.00;1152.00;5.39;E0_1_3400m;5.00;96;95;29.63;5.83
6000.00;6300.00;960.00;7.18;E0_0_3500m;5.00;80;94;24.46;8.22
6000.00;6300.00;1224.00;4.81;E0_1_3500m;5.00;102;105;35.75;7.26
6000.00;6300.00;912.00;12.31;E0_0_3600m;5.00;76;82;11.55;14.71
6000.00;6300.00;1344.00;9.59;E0_1_3600m;5.00;112;116;19.80;11.12
6000.00;6300.00;996.00;14.67;E0_0_3700m;5.00;83;83;10.48;15.92
6000.00;6300.00;1308.00;10.37;E0_1_3700m;5.00;109;114;18.21;11.53
6000.00;6300.00;960.00;13.30;E0_0_3800m;5.00;80;84;10.18;14.32
6000.00;6300.00;1416.00;11.43;E0_1_3800m;5.00;118;118;17.21;12.55
6000.00;6300.00;1020.00;15.76;E0_0_3900m;5.00;85;87;9.09;16.11
6000.00;6300.00;1416.00;12.71;E0_1_3900m;5.00;118;121;15.81;13.24
6000.00;6300.00;1044.00;16.43;E0_0_4000m;5.00;87;91;9.07;16.73
6000.00;6300.00;1416.00;14.11;E0_1_4000m;5.00;118;119;13.94;14.63
6000.00;6300.00;1008.00;21.62;E0_0_4100m;5.00;84;85;6.51;23.42
6000.00;6300.00;1476.00;21.98;E0_1_4100m;5.00;123;123;9.33;24.48
6000.00;6300.00;1008.00;25.17;E0_0_4200m;5.00;84;84;5.56;25.61
6000.00;6300.00;1524.00;26.88;E0_1_4200m;5.00;127;126;7.82;27.36
6000.00;6300.00;1068.00;24.68;E0_0_4300m;5.00;89;89;6.01;25.47
6000.00;6300.00;1488.00;26.37;E0_1_4300m;5.00;124;126;7.95;27.25
6000.00;6300.00;1044.00;23.34;E0_0_4400m;5.00;87;87;6.24;24.59
6000.00;6300.00;1560.00;23.87;E0_1_4400m;5.00;130;130;9.08;26.17
6000.00;6300.00;1020.00;23.82;E0_0_4500m;5.00;85;86;5.95;24.48
6000.00;6300.00;1572.00;23.99;E0_1_4500m;5.00;131;133;9.36;25.72
6000.00;6300.00;1008.00;23.79;E0_0_4600m;5.00;84;85;5.92;24.30
6000.00;6300.00;1596.00;25.20;E0_1_4600m;5.00;133;133;8.80;25.83
6000.00;6300.00;1032.00;23.03;E0_0_4700m;5.00;86;87;6.25;23.57
6000.00;6300.00;1548.00;24.88;E0_1_4700m;5.00;129;130;8.67;25.50
6000.00;6300.00;996.00;23.35;E0_0_4800m;5.00;83;83;5.93;23.78
6000.00;6300.00;1596.00;24.36;E0_1_4800m;5.00;133;133;9.10;24.98
6000.00;6300.00;1032.00;20.99;E0_0_4900m;5.00;86;87;6.85;23.37
6000.00;6300.00;1596.00;21.98;E0_1_4900m;5.00;133;135;10.11;24.51
6000.00;6300.00;996.00;23.87;E0_0_5000m;5.00;83;83;5.79;24.20
6000.00;6300.00;1644.00;25.16;E0_1_5000m;5.00;137;137;9.08;25.54
6300.00;6600.00;0.00;-1.00;E0_0_0m;-1.00;0;0;0.00;-1.00
6300.00;6600.00;0.00;-1.00;E0_1_0m;-1.00;0;0;0.00;-1.00
6300.00;6600.00;1908.00;22.12;E0_0_100m;5.00;159;161;12.03;22.17
6300.00;6600.00;2208.00;22.39;E0_1_100m;5.00;184;185;13.76;22.43
6300.00;6600.00;1836.00;26.19;E0_0_200m;5.00;153;153;9.74;26.29
6300.00;6600.00;2256.00;27.28;E0_1_200m;5.00;188;188;11.49;27.40
6300.00;6600.00;1824.00;26.05;E0_0_300m;5.00;152;152;9.72;26.19
6300.00;6600.00;2232.00;27.19;E0_1_300m;5.00;186;186;11.40;27.35
6300.00;6600.00;1788.00;25.77;E0_0_400m;5.00;149;150;9.69;25.91
6300.00;6600.00;2232.00;26.76;E0_1_400m;5.00;186;186;11.59;26.95
6300.00;6600.00;1764.00;25.45;E0_0_500m;5.00;147;147;9.63;25.63
6300.00;6600.00;2220.00;26.32;E0_1_500m;5.00;185;185;11.72;26.56
6300.00;6600.00;1740.00;25.15;E0_0_600m;5.00;145;145;9.61;25.41
6300.00;6600.00;2196.00;26.02;E0_1_600m;5.00;183;184;11.79;26.38
6300.00;6600.00;1716.00;24.58;E0_0_700m;5.00;143;143;9.70;25.01
6300.00;6600.00;2160.00;25.40;E0_1_700m;5.00;180;180;11.81;25.97
6300.00;6600.00;1692.00;24.10;E0_0_800m;5.00;141;140;9.69;24.67
6300.00;6600.00;2124.00;24.41;E0_1_800m;5.00;177;177;12.09;25.50
6300.00;6600.00;1692.00;23.73;E0_0_900m;5.00;141;141;9.90;24.41
6300.00;6600.00;2100.00;23.55;E0_1_900m;5.00;175;175;12.39;25.09
6300.00;6600.00;1632.00;22.75;E0_0_1000m;5.00;136;136;9.96;23.64
6300.00;6600.00;2052.00;22.23;E0_1_1000m;5.00;171;172;12.85;24.37
6300.00;6600.00;1632.00;20.84;E0_0_1100m;5.00;136;136;10.88;22.24
6300.00;6600.00;2004.00;19.52;E0_1_1100m;5.00;167;167;14.26;22.71
6300.00;6600.00;1608.00;18.14;E0_0_1200m;5.00;134;135;12.50;20.57
6300.00;6600.00;1920.00;16.39;E0_1_1200m;5.00;160;160;16.27;20.90
6300.00;6600.00;1584.00;14.92;E0_0_1300m;5.00;132;133;14.92;18.98
6300.00;6600.00;1800.00;13.07;E0_1_1300m;5.00;150;151;19.17;18.99
6300.00;6600.00;1536.00;12.36;E0_0_1400m;5.00;128;128;17.26;17.49
6300.00;6600.00;1680.00;10.82;E0_1_1400m;5.00;140;141;21.66;17.58
6300.00;6600.00;1488.00;10.49;E0_0_1500m;5.00;124;124;19.69;16.17
6300.00;6600.00;1584.00;8.99;E0_1_1500m;5.00;132;133;24.56;16.39
6300.00;6600.00;1464.00;8.86;E0_0_1600m;5.00;122;123;22.96;14.57
6300.00;6600.00;1488.00;7.67;E0_1_1600m;5.00;124;125;26.98;14.82
6300.00;6600.00;1416.00;7.58;E0_0_1700m;5.00;118;118;25.93;11.81
6300.00;6600.00;1392.00;6.59;E0_1_1700m;5.00;116;117;29.47;12.01
6300.00;6600.00;1332.00;6.39;E0_0_1800m;5.00;111;111;28.96;8.81
6300.00;6600.00;1344.00;5.60;E0_1_1800m;5.00;112;112;33.36;8.34
6300.00;6600.00;1320.00;5.60;E0_0_1900m;5.00;110;111;33.02;7.08
6300.00;6600.00;1224.00;4.58;E0_1_1900m;5.00;102;103;37.25;5.48
6300.00;6600.00;1284.00;4.85;E0_0_2000m;5.00;107;108;37.06;5.18
6300.00;6600.00;1164.00;4.03;E0_1_2000m;5.00;97;97;40.12;4.19
6300.00;6600.00;1260.00;4.50;E0_0_2100m;5.00;105;105;38.92;4.56
6300.00;6600.00;1140.00;3.86;E0_1_2100m;5.00;95;94;41.02;3.90
6300.00;6600.00;1248.00;4.39;E0_0_2200m;5.00;104;104;39.48;4.42
6300.00;6600.00;1140.00;3.87;E0_1_2200m;5.00;95;95;40.89;3.93
6300.00;6600.00;1248.00;4.38;E0_0_2300m;5.00;104;104;39.56;4.42
6300.00;6600.00;1152.00;3.92;E0_1_2300m;5.00;96;96;40.82;3.98
6300.00;6600.00;1260.00;4.39;E0_0_2400m;5.00;105;104;39.74;4.44
6300.00;6600.00;1164.00;3.96;E0_1_2400m;5.00;97;96;40.54;4.01
6300.00;6600.00;1260.00;4.43;E0_0_2500m;5.00;105;105;39.51;4.48
6300.00;6600.00;1152.00;3.99;E0_1_2500m;5.00;96;97;40.24;4.05
6300.00;6600.00;1272.00;4.44;E0_0_2600m;5.00;106;106;39.63;4.51
6300.00;6600.00;1164.00;4.01;E0_1_2600m;5.00;97;98;40.40;4.08
6300.00;6600.00;1272.00;4.46;E0_0_2700m;5.00;106;106;39.58;4.55
6300.00;6600.00;1164.00;4.01;E0_1_2700m;5.00;97;97;40.29;4.09
6300.00;6600.00;1272.00;4.46;E0_0_2800m;5.00;106;106;39.83;4.57
6300.00;6600.00;1164.00;4.01;E0_1_2800m;5.00;97;97;40.34;4.10
6300.00;6600.00;1272.00;4.44;E0_0_2900m;5.00;106;106;39.79;4.59
6300.00;6600.00;1164.00;4.00;E0_1_2900m;5.00;97;97;40.39;4.14
6300.00;6600.00;1260.00;4.21;E0_0_3000m;5.00;105;106;41.89;4.80
6300.00;6600.00;1164.00;4.80;E0_1_3000m;5.00;97;97;33.70;5.26
6300.00;6600.00;1248.00;5.58;E0_0_3100m;5.00;104;105;31.44;5.74
6300.00;6600.00;1212.00;5.55;E0_1_3100m;5.00;101;101;30.34;5.78
6300.00;6600.00;1260.00;5.55;E0_0_3200m;5.00;105;105;31.47;5.71
6300.00;6600.00;1200.00;5.54;E0_1_3200m;5.00;100;100;30.06;5.72
6300.00;6600.00;1248.00;5.51;E0_0_3300m;5.00;104;105;31.48;5.77
6300.00;6600.00;1212.00;5.48;E0_1_3300m;5.00;101;101;30.72;5.75
6300.00;6600.00;1284.00;5.50;E0_0_3400m;5.00;107;107;32.41;6.02
6300.00;6600.00;1236.00;5.62;E0_1_3400m;5.00;103;103;30.55;6.09
6300.00;6600.00;1152.00;8.02;E0_0_3500m;5.00;96;105;24.23;9.37
6300.00;6600.00;1392.00;5.46;E0_1_3500m;5.00;116;116;35.44;7.93
6300.00;6600.00;1164.00;13.36;E0_0_3600m;5.00;97;100;12.30;15.07
6300.00;6600.00;1344.00;10.77;E0_1_3600m;5.00;112;119;17.73;12.47
6300.00;6600.00;1080.00;15.35;E0_0_3700m;5.00;90;92;9.85;16.27
6300.00;6600.00;1392.00;12.40;E0_1_3700m;5.00;116;118;15.74;13.07
6300.00;6600.00;984.00;16.51;E0_0_3800m;5.00;82;84;8.41;16.63
6300.00;6600.00;1464.00;13.57;E0_1_3800m;5.00;122;125;15.13;13.85
6300.00;6600.00;984.00;16.67;E0_0_3900m;5.00;82;85;8.37;17.09
6300.00;6600.00;1476.00;13.33;E0_1_3900m;5.00;123;128;15.80;13.51
6300.00;6600.00;948.00;17.60;E0_0_4000m;5.00;79;82;7.62;17.83
6300.00;6600.00;1524.00;14.80;E0_1_4000m;5.00;127;130;14.52;15.15
6300.00;6600.00;888.00;24.99;E0_0_4100m;5.00;74;74;4.93;25.10
6300.00;6600.00;1596.00;25.67;E0_1_4100m;5.00;133;133;8.64;25.73
6300.00;6600.00;876.00;26.84;E0_0_4200m;5.00;73;73;4.53;27.14
6300.00;6600.00;1572.00;28.39;E0_1_4200m;5.00;131;131;7.69;28.53
6300.00;6600.00;888.00;26.92;E0_0_4300m;5.00;74;74;4.58;27.24
6300.00;6600.00;1572.00;28.54;E0_1_4300m;5.00;131;130;7.60;28.70
6300.00;6600.00;912.00;26.91;E0_0_4400m;5.00;76;76;4.71;27.22
6300.00;6600.00;1548.00;28.53;E0_1_4400m;5.00;129;130;7.56;28.68
6300.00;6600.00;888.00;26.71;E0_0_4500m;5.00;74;75;4.62;26.99
6300.00;6600.00;1584.00;28.40;E0_1_4500m;5.00;132;132;7.75;28.60
6300.00;6600.00;864.00;26.77;E0_0_4600m;5.00;72;74;4.59;27.12
6300.00;6600.00;1548.00;28.46;E0_1_4600m;5.00;129;131;7.62;28.63
6300.00;6600.00;840.00;26.17;E0_0_4700m;5.00;70;71;4.51;26.54
6300.00;6600.00;1536.00;28.33;E0_1_4700m;5.00;128;130;7.60;28.55
6300.00;6600.00;804.00;26.66;E0_0_4800m;5.00;67;68;4.26;26.94
6300.00;6600.00;1560.00;28.47;E0_1_4800m;5.00;130;132;7.67;28.65
6300.00;6600.00;792.00;25.79;E0_0_4900m;5.00;66;67;4.31;26.10
6300.00;6600.00;1572.00;28.08;E0_1_4900m;5.00;131;131;7.79;28.30
6300.00;6600.00;732.00;26.10;E0_0_5000m;5.00;61;61;3.90;26.28
6300.00;6600.00;1632.00;28.20;E0_1_5000m;5.00;136;137;8.08;28.38
6600.00;6900.00;0.00;-1.00;E0_0_0m;-1.00;0;0;0.00;-1.00
6600.00;6900.00;0.00;-1.00;E0_1_0m;-1.00;0;0;0.00;-1.00
6600.00;6900.00;1800.00;12.05;E0_0_100m;5.00;150;150;20.74;15.64
6600.00;6900.00;1776.00;11.03;E0_1_100m;5.00;148;147;22.29;15.62
6600.00;6900.00;1716.00;11.04;E0_0_200m;5.00;143;144;21.62;15.25
6600.00;6900.00;1716.00;9.76;E0_1_200m;5.00;143;145;24.46;15.55
6600.00;6900.00;1680.00;9.68;E0_0_300m;5.00;140;141;24.23;13.39
6600.00;6900.00;1620.00;8.35;E0_1_300m;5.00;135;135;26.96;13.18
6600.00;6900.00;1644.00;8.63;E0_0_400m;5.00;137;136;26.41;11.77
6600.00;6900.00;1548.00;7.17;E0_1_400m;5.00;129;129;30.01;10.71
6600.00;6900.00;1596.00;7.54;E0_0_500m;5.00;133;133;29.41;10.06
6600.00;6900.00;1476.00;6.33;E0_1_500m;5.00;123;123;32.38;8.91
6600.00;6900.00;1536.00;6.89;E0_0_600m;5.00;128;129;31.10;9.00
6600.00;6900.00;1428.00;5.81;E0_1_600m;5.00;119;118;34.06;7.71
6600.00;6900.00;1488.00;6.36;E0_0_700m;5.00;124;124;32.47;8.11
6600.00;6900.00;1368.00;5.34;E0_1_700m;5.00;114;114;35.60;6.64
6600.00;6900.00;1428.00;5.94;E0_0_800m;5.00;119;119;33.41;7.37
6600.00;6900.00;1308.00;4.96;E0_1_800m;5.00;109;110;36.83;5.83
6600.00;6900.00;1368.00;5.53;E0_0_900m;5.00;114;115;34.58;6.45
6600.00;6900.00;1260.00;4.62;E0_1_900m;5.00;105;105;37.85;5.16
6600.00;6900.00;1344.00;5.14;E0_0_1000m;5.00;112;112;36.29;5.51
6600.00;6900.00;1212.00;4.27;E0_1_1000m;5.00;101;100;39.36;4.42
6600.00;6900.00;1296.00;4.85;E0_0_1100m;5.00;108;109;37.33;4.96
6600.00;6900.00;1164.00;4.06;E0_1_1100m;5.00;97;98;39.95;4.08
6600.00;6900.00;1284.00;4.66;E0_0_1200m;5.00;107;106;38.06;4.68
6600.00;6900.00;1164.00;4.01;E0_1_1200m;5.00;97;97;40.27;4.03
6600.00;6900.00;1272.00;4.59;E0_0_1300m;5.00;106;105;38.34;4.59
6600.00;6900.00;1164.00;4.02;E0_1_1300m;5.00;97;97;40.24;4.04
6600.00;6900.00;1260.00;4.59;E0_0_1400m;5.00;105;105;38.17;4.59
6600.00;6900.00;1164.00;4.00;E0_1_1400m;5.00;97;97;40.53;4.02
6600.00;6900.00;1260.00;4.59;E0_0_1500m;5.00;105;105;38.13;4.60
6600.00;6900.00;1164.00;3.97;E0_1_1500m;5.00;97;97;40.69;4.00
6600.00;6900.00;1260.00;4.57;E0_0_1600m;5.00;105;104;38.28;4.58
6600.00;6900.00;1152.00;3.93;E0_1_1600m;5.00;96;96;40.95;3.97
6600.00;6900.00;1248.00;4.55;E0_0_1700m;5.00;104;105;38.45;4.56
6600.00;6900.00;1152.00;3.89;E0_1_1700m;5.00;96;95;40.99;3.92
6600.00;6900.00;1260.00;4.53;E0_0_1800m;5.00;105;105;38.63;4.54
6600.00;6900.00;1140.00;3.87;E0_1_1800m;5.00;95;95;40.90;3.90
6600.00;6900.00;1260.00;4.51;E0_0_1900m;5.00;105;104;38.53;4.52
6600.00;6900.00;1140.00;3.86;E0_1_1900m;5.00;95;94;40.81;3.89
6600.00;6900.00;1260.00;4.51;E0_0_2000m;5.00;105;104;38.54;4.52
6600.00;6900.00;1140.00;3.84;E0_1_2000m;5.00;95;95;41.23;3.87
6600.00;6900.00;1248.00;4.52;E0_0_2100m;5.00;104;105;38.41;4.53
6600.00;6900.00;1140.00;3.85;E0_1_2100m;5.00;95;95;41.12;3.88
6600.00;6900.00;1260.00;4.55;E0_0_2200m;5.00;105;105;38.45;4.57
6600.00;6900.00;1140.00;3.85;E0_1_2200m;5.00;95;95;41.15;3.88
6600.00;6900.00;1260.00;4.59;E0_0_2300m;5.00;105;106;38.37;4.61
6600.00;6900.00;1152.00;3.89;E0_1_2300m;5.00;96;96;41.15;3.94
6600.00;6900.00;1272.00;4.65;E0_0_2400m;5.00;106;106;38.02;4.67
6600.00;6900.00;1152.00;3.92;E0_1_2400m;5.00;96;96;40.85;3.98
6600.00;6900.00;1284.00;4.71;E0_0_2500m;5.00;107;107;37.87;4.74
6600.00;6900.00;1176.00;3.97;E0_1_2500m;5.00;98;97;41.00;4.06
6600.00;6900.00;1296.00;4.73;E0_0_2600m;5.00;108;108;37.88;4.78
6600.00;6900.00;1176.00;4.01;E0_1_2600m;5.00;98;98;40.76;4.11
6600.00;6900.00;1296.00;4.73;E0_0_2700m;5.00;108;108;38.09;4.78
6600.00;6900.00;1176.00;4.02;E0_1_2700m;5.00;98;98;40.64;4.13
6600.00;6900.00;1296.00;4.69;E0_0_2800m;5.00;108;107;38.07;4.76
6600.00;6900.00;1176.00;3.98;E0_1_2800m;5.00;98;98;41.04;4.12
6600.00;6900.00;1272.00;4.62;E0_0_2900m;5.00;106;106;38.28;4.73
6600.00;6900.00;1152.00;3.88;E0_1_2900m;5.00;96;96;41.19;4.11
6600.00;6900.00;1248.00;4.49;E0_0_3000m;5.00;104;104;39.36;4.99
6600.00;6900.00;1164.00;4.49;E0_1_3000m;5.00;97;97;36.00;4.80
6600.00;6900.00;1212.00;5.54;E0_0_3100m;5.00;101;100;30.10;5.60
6600.00;6900.00;1200.00;5.56;E0_1_3100m;5.00;100;100;29.95;5.62
6600.00;6900.00;1224.00;5.50;E0_0_3200m;5.00;102;101;30.74;5.58
6600.00;6900.00;1212.00;5.50;E0_1_3200m;5.00;101;101;30.59;5.58
6600.00;6900.00;1248.00;5.59;E0_0_3300m;5.00;104;103;31.02;5.71
6600.00;6900.00;1224.00;5.64;E0_1_3300m;5.00;102;102;30.17;5.76
6600.00;6900.00;1236.00;5.60;E0_0_3400m;5.00;103;104;30.73;5.89
6600.00;6900.00;1200.00;5.61;E0_1_3400m;5.00;100;101;29.79;5.87
6600.00;6900.00;1104.00;7.32;E0_0_3500m;5.00;92;102;25.87;8.67
6600.00;6900.00;1308.00;5.09;E0_1_3500m;5.00;109;111;35.85;7.93
6600.00;6900.00;1020.00;14.49;E0_0_3600m;5.00;85;88;11.02;15.40
6600.00;6900.00;1356.00;10.69;E0_1_3600m;5.00;113;115;17.97;11.83
6600.00;6900.00;1056.00;13.43;E0_0_3700m;5.00;88;89;10.98;15.59
6600.00;6900.00;1404.00;11.25;E0_1_3700m;5.00;117;117;17.25;12.69
6600.00;6900.00;984.00;16.44;E0_0_3800m;5.00;82;82;8.32;16.53
6600.00;6900.00;1452.00;13.02;E0_1_3800m;5.00;121;122;15.58;13.18
6600.00;6900.00;1020.00;15.57;E0_0_3900m;5.00;85;88;9.12;17.22
6600.00;6900.00;1368.00;12.72;E0_1_3900m;5.00;114;120;15.55;13.15
6600.00;6900.00;852.00;17.41;E0_0_4000m;5.00;71;79;7.15;17.67
6600.00;6900.00;1488.00;14.86;E0_1_4000m;5.00;124;128;14.10;15.43
6600.00;6900.00;780.00;25.27;E0_0_4100m;5.00;65;66;4.30;25.40
6600.00;6900.00;1548.00;25.74;E0_1_4100m;5.00;129;130;8.41;25.83
6600.00;6900.00;792.00;27.53;E0_0_4200m;5.00;66;66;4.00;27.76
6600.00;6900.00;1548.00;28.69;E0_1_4200m;5.00;129;129;7.49;28.87
6600.00;6900.00;804.00;27.31;E0_0_4300m;5.00;67;68;4.12;27.56
6600.00;6900.00;1548.00;28.67;E0_1_4300m;5.00;129;130;7.52;28.94
6600.00;6900.00;804.00;27.21;E0_0_4400m;5.00;67;67;4.10;27.44
6600.00;6900.00;1536.00;28.46;E0_1_4400m;5.00;128;128;7.50;28.76
6600.00;6900.00;792.00;26.66;E0_0_4500m;5.00;66;67;4.13;26.99
6600.00;6900.00;1572.00;28.07;E0_1_4500m;5.00;131;131;7.78;28.42
6600.00;6900.00;840.00;26.67;E0_0_4600m;5.00;70;69;4.32;26.94
6600.00;6900.00;1572.00;27.97;E0_1_4600m;5.00;131;132;7.83;28.30
6600.00;6900.00;900.00;26.79;E0_0_4700m;5.00;75;74;4.60;27.13
6600.00;6900.00;1572.00;27.57;E0_1_4700m;5.00;131;131;7.90;27.93
6600.00;6900.00;936.00;26.35;E0_0_4800m;5.00;78;78;4.93;26.65
6600.00;6900.00;1548.00;27.36;E0_1_4800m;5.00;129;129;7.86;27.76
6600.00;6900.00;924.00;26.64;E0_0_4900m;5.00;77;77;4.82;26.84
6600.00;6900.00;1560.00;27.52;E0_1_4900m;5.00;130;131;7.92;27.86
6600.00;6900.00;900.00;26.92;E0_0_5000m;5.00;75;75;4.64;27.10
6600.00;6900.00;1596.00;27.91;E0_1_5000m;5.00;133;132;7.90;28.13
6900.00;7200.00;0.00;-1.00;E0_0_0m;-1.00;0;0;0.00;-1.00
6900.00;7200.00;0.00;-1.00;E0_1_0m;-1.00;0;0;0.00;-1.00
6900.00;7200.00;1272.00;4.64;E0_0_100m;5.00;106;105;38.10;4.64
6900.00;7200.00;1140.00;3.89;E0_1_100m;5.00;95;95;40.67;3.91
6900.00;7200.00;1272.00;4.62;E0_0_200m;5.00;106;105;38.20;4.62
6900.00;7200.00;1140.00;3.89;E0_1_200m;5.00;95;95;40.74;3.90
6900.00;7200.00;1284.00;4.63;E0_0_300m;5.00;107;106;38.41;4.63
6900.00;7200.00;1140.00;3.89;E0_1_300m;5.00;95;96;40.96;3.90
6900.00;7200.00;1284.00;4.63;E0_0_400m;5.00;107;107;38.52;4.64
6900.00;7200.00;1140.00;3.90;E0_1_400m;5.00;95;96;40.97;3.92
6900.00;7200.00;1272.00;4.63;E0_0_500m;5.00;106;107;38.45;4.64
6900.00;7200.00;1152.00;3.92;E0_1_500m;5.00;96;96;40.86;3.94
6900.00;7200.00;1284.00;4.63;E0_0_600m;5.00;107;106;38.39;4.64
6900.00;7200.00;1152.00;3.93;E0_1_600m;5.00;96;96;40.67;3.96
6900.00;7200.00;1272.00;4.61;E0_0_700m;5.00;106;107;38.59;4.62
6900.00;7200.00;1152.00;3.96;E0_1_700m;5.00;96;96;40.38;3.99
6900.00;7200.00;1284.00;4.60;E0_0_800m;5.00;107;107;38.78;4.61
6900.00;7200.00;1164.00;3.95;E0_1_800m;5.00;97;96;40.73;3.98
6900.00;7200.00;1284.00;4.59;E0_0_900m;5.00;107;106;38.67;4.60
6900.00;7200.00;1152.00;3.95;E0_1_900m;5.00;96;97;40.64;3.99
6900.00;7200.00;1272.00;4.56;E0_0_1000m;5.00;106;106;38.70;4.58
6900.00;7200.00;1152.00;3.94;E0_1_1000m;5.00;96;96;40.63;3.98
6900.00;7200.00;1272.00;4.54;E0_0_1100m;5.00;106;105;38.66;4.56
6900.00;7200.00;1152.00;3.92;E0_1_1100m;5.00;96;96;40.89;3.96
6900.00;7200.00;1260.00;4.53;E0_0_1200m;5.00;105;105;38.66;4.54
6900.00;7200.00;1152.00;3.92;E0_1_1200m;5.00;96;97;41.06;3.96
6900.00;7200.00;1260.00;4.51;E0_0_1300m;5.00;105;105;38.77;4.53
6900.00;7200.00;1152.00;3.92;E0_1_1300m;5.00;96;96;40.82;3.97
6900.00;7200.00;1260.00;4.52;E0_0_1400m;5.00;105;106;39.03;4.54
6900.00;7200.00;1164.00;3.94;E0_1_1400m;5.00;97;96;40.85;3.99
6900.00;7200.00;1272.00;4.51;E0_0_1500m;5.00;106;106;39.13;4.54
6900.00;7200.00;1152.00;3.98;E0_1_1500m;5.00;96;97;40.49;4.03
6900.00;7200.00;1260.00;4.51;E0_0_1600m;5.00;105;106;38.91;4.54
6900.00;7200.00;1164.00;4.01;E0_1_1600m;5.00;97;97;40.10;4.06
6900.00;7200.00;1260.00;4.51;E0_0_1700m;5.00;105;104;38.47;4.53
6900.00;7200.00;1164.00;4.01;E0_1_1700m;5.00;97;97;40.31;4.06
6900.00;7200.00;1248.00;4.51;E0_0_1800m;5.00;104;104;38.47;4.54
6900.00;7200.00;1164.00;4.01;E0_1_1800m;5.00;97;97;40.36;4.06
6900.00;7200.00;1248.00;4.47;E0_0_1900m;5.00;104;104;38.81;4.50
6900.00;7200.00;1152.00;3.99;E0_1_1900m;5.00;96;97;40.38;4.06
6900.00;7200.00;1236.00;4.43;E0_0_2000m;5.00;103;104;39.05;4.48
6900.00;7200.00;1152.00;3.96;E0_1_2000m;5.00;96;96;40.42;4.02
6900.00;7200.00;1236.00;4.38;E0_0_2100m;5.00;103;102;39.16;4.44
6900.00;7200.00;1152.00;3.91;E0_1_2100m;5.00;96;96;40.91;3.98
6900.00;7200.00;1224.00;4.32;E0_0_2200m;5.00;102;102;39.39;4.38
6900.00;7200.00;1140.00;3.88;E0_1_2200m;5.00;95;96;41.11;3.96
6900.00;7200.00;1212.00;4.25;E0_0_2300m;5.00;101;101;39.74;4.32
6900.00;7200.00;1128.00;3.84;E0_1_2300m;5.00;94;95;40.90;3.91
6900.00;7200.00;1200.00;4.19;E0_0_2400m;5.00;100;101;40.21;4.25
6900.00;7200.00;1128.00;3.80;E0_1_2400m;5.00;94;94;41.27;3.86
6900.00;7200.00;1188.00;4.10;E0_0_2500m;5.00;99;100;40.52;4.15
6900.00;7200.00;1104.00;3.71;E0_1_2500m;5.00;92;93;41.64;3.78
6900.00;7200.00;1176.00;4.04;E0_0_2600m;5.00;98;98;40.43;4.09
6900.00;7200.00;1092.00;3.64;E0_1_2600m;5.00;91;91;42.02;3.71
6900.00;7200.00;1164.00;4.01;E0_0_2700m;5.00;97;97;40.30;4.06
6900.00;7200.00;1092.00;3.58;E0_1_2700m;5.00;91;91;42.31;3.67
6900.00;7200.00;1152.00;3.99;E0_0_2800m;5.00;96;97;40.62;4.06
6900.00;7200.00;1092.00;3.62;E0_1_2800m;5.00;91;91;41.91;3.73
6900.00;7200.00;1164.00;3.96;E0_0_2900m;5.00;97;97;40.79;4.07
6900.00;7200.00;1104.00;3.65;E0_1_2900m;5.00;92;92;41.98;3.79
6900.00;7200.00;1164.00;3.99;E0_0_3000m;5.00;97;98;41.34;4.39
6900.00;7200.00;1128.00;4.55;E0_1_3000m;5.00;94;94;34.40;4.69
6900.00;7200.00;1116.00;5.35;E0_0_3100m;5.00;93;93;29.00;5.41
6900.00;7200.00;1128.00;5.37;E0_1_3100m;5.00;94;94;29.19;5.44
6900.00;7200.00;1116.00;5.33;E0_0_3200m;5.00;93;94;29.33;5.41
6900.00;7200.00;1128.00;5.29;E0_1_3200m;5.00;94;94;29.63;5.37
6900.00;7200.00;1104.00;5.29;E0_0_3300m;5.00;92;92;28.99;5.41
6900.00;7200.00;1104.00;5.26;E0_1_3300m;5.00;92;92;29.13;5.39
6900.00;7200.00;1140.00;5.21;E0_0_3400m;5.00;95;94;30.32;5.45
6900.00;7200.00;1128.00;5.27;E0_1_3400m;5.00;94;93;29.63;5.48
6900.00;7200.00;996.00;7.05;E0_0_3500m;5.00;83;95;23.46;8.01
6900.00;7200.00;1260.00;4.52;E0_1_3500m;5.00;105;104;38.72;6.88
6900.00;7200.00;984.00;15.70;E0_0_3600m;5.00;82;87;11.04;15.97
6900.00;7200.00;1344.00;11.90;E0_1_3600m;5.00;112;115;16.05;12.46
6900.00;7200.00;972.00;15.24;E0_0_3700m;5.00;81;82;8.95;16.30
6900.00;7200.00;1320.00;12.49;E0_1_3700m;5.00;110;113;14.98;13.37
6900.00;7200.00;912.00;15.78;E0_0_3800m;5.00;76;78;8.12;16.03
6900.00;7200.00;1356.00;12.34;E0_1_3800m;5.00;113;113;15.26;13.08
6900.00;7200.00;948.00;15.57;E0_0_3900m;5.00;79;80;8.52;16.08
6900.00;7200.00;1344.00;12.64;E0_1_3900m;5.00;112;113;14.82;13.20
6900.00;7200.00;984.00;17.13;E0_0_4000m;5.00;82;85;8.17;17.24
6900.00;7200.00;1392.00;14.72;E0_1_4000m;5.00;116;118;13.24;15.32
6900.00;7200.00;840.00;24.98;E0_0_4100m;5.00;70;72;4.72;25.02
6900.00;7200.00;1536.00;25.68;E0_1_4100m;5.00;128;128;8.31;25.79
6900.00;7200.00;852.00;28.01;E0_0_4200m;5.00;71;71;4.22;28.19
6900.00;7200.00;1512.00;28.65;E0_1_4200m;5.00;126;128;7.41;28.83
6900.00;7200.00;876.00;28.10;E0_0_4300m;5.00;73;73;4.33;28.35
6900.00;7200.00;1464.00;29.04;E0_1_4300m;5.00;122;124;7.09;29.24
6900.00;7200.00;876.00;27.78;E0_0_4400m;5.00;73;73;4.38;27.97
6900.00;7200.00;1488.00;28.90;E0_1_4400m;5.00;124;125;7.18;29.14
6900.00;7200.00;876.00;27.88;E0_0_4500m;5.00;73;72;4.36;28.05
6900.00;7200.00;1488.00;28.81;E0_1_4500m;5.00;124;124;7.17;29.01
6900.00;7200.00;900.00;27.76;E0_0_4600m;5.00;75;76;4.53;28.07
6900.00;7200.00;1452.00;28.59;E0_1_4600m;5.00;121;123;7.14;28.86
6900.00;7200.00;876.00;27.55;E0_0_4700m;5.00;73;73;4.42;27.73
6900.00;7200.00;1476.00;28.67;E0_1_4700m;5.00;123;123;7.15;28.89
6900.00;7200.00;852.00;27.38;E0_0_4800m;5.00;71;71;4.32;27.59
6900.00;7200.00;1512.00;28.47;E0_1_4800m;5.00;126;126;7.38;28.72
6900.00;7200.00;828.00;27.40;E0_0_4900m;5.00;69;69;4.20;27.59
6900.00;7200.00;1560.00;28.22;E0_1_4900m;5.00;130;129;7.63;28.42
6900.00;7200.00;852.00;27.69;E0_0_5000m;5.00;71;71;4.27;27.84
6900.00;7200.00;1524.00;28.40;E0_1_5000m;5.00;127;128;7.49;28.55
7200.00;7500.00;0.00;-1.00;E0_0_0m;-1.00;0;0;0.00;-1.00
7200.00;7500.00;0.00;-1.00;E0_1_0m;-1.00;0;0;0.00;-1.00
7200.00;7500.00;1236.00;4.39;E0_0_100m;5.00;103;104;39.30;4.41
7200.00;7500.00;1164.00;3.96;E0_1_100m;5.00;97;98;41.20;3.98
7200.00;7500.00;1236.00;4.32;E0_0_200m;5.00;103;103;39.72;4.34
7200.00;7500.00;1164.00;3.88;E0_1_200m;5.00;97;97;41.68;3.90
7200.00;7500.00;1224.00;4.26;E0_0_300m;5.00;102;102;39.86;4.28
7200.00;7500.00;1164.00;3.85;E0_1_300m;5.00;97;96;41.75;3.87
7200.00;7500.00;1212.00;4.22;E0_0_400m;5.00;101;102;40.10;4.23
7200.00;7500.00;1152.00;3.82;E0_1_400m;5.00;96;96;41.69;3.84
7200.00;7500.00;1212.00;4.18;E0_0_500m;5.00;101;101;40.10;4.19
7200.00;7500.00;1140.00;3.79;E0_1_500m;5.00;95;95;41.74;3.80
7200.00;7500.00;1200.00;4.12;E0_0_600m;5.00;100;100;40.44;4.14
7200.00;7500.00;1128.00;3.75;E0_1_600m;5.00;94;94;41.78;3.76
7200.00;7500.00;1188.00;4.08;E0_0_700m;5.00;99;99;40.29;4.10
7200.00;7500.00;1116.00;3.70;E0_1_700m;5.00;93;93;41.85;3.71
7200.00;7500.00;1176.00;4.04;E0_0_800m;5.00;98;98;40.40;4.06
7200.00;7500.00;1104.00;3.68;E0_1_800m;5.00;92;93;42.11;3.68
7200.00;7500.00;1176.00;4.01;E0_0_900m;5.00;98;98;40.77;4.02
7200.00;7500.00;1116.00;3.67;E0_1_900m;5.00;93;92;42.11;3.67
7200.00;7500.00;1164.00;4.00;E0_0_1000m;5.00;97;97;40.40;4.01
7200.00;7500.00;1104.00;3.68;E0_1_1000m;5.00;92;93;41.78;3.68
7200.00;7500.00;1164.00;3.98;E0_0_1100m;5.00;97;97;40.60;3.99
7200.00;7500.00;1116.00;3.68;E0_1_1100m;5.00;93;92;41.88;3.69
7200.00;7500.00;1164.00;3.97;E0_0_1200m;5.00;97;97;40.73;3.98
7200.00;7500.00;1116.00;3.69;E0_1_1200m;5.00;93;92;41.81;3.70
7200.00;7500.00;1164.00;3.95;E0_0_1300m;5.00;97;97;40.89;3.96
7200.00;7500.00;1104.00;3.69;E0_1_1300m;5.00;92;93;41.71;3.70
7200.00;7500.00;1152.00;3.93;E0_0_1400m;5.00;96;96;40.77;3.94
7200.00;7500.00;1104.00;3.69;E0_1_1400m;5.00;92;92;41.52;3.70
7200.00;7500.00;1140.00;3.92;E0_0_1500m;5.00;95;96;40.48;3.93
7200.00;7500.00;1116.00;3.68;E0_1_1500m;5.00;93;92;41.85;3.69
7200.00;7500.00;1152.00;3.91;E0_0_1600m;5.00;96;96;40.83;3.92
7200.00;7500.00;1104.00;3.66;E0_1_1600m;5.00;92;92;41.99;3.67
7200.00;7500.00;1152.00;3.90;E0_0_1700m;5.00;96;97;41.08;3.91
7200.00;7500.00;1092.00;3.64;E0_1_1700m;5.00;91;92;42.00;3.65
7200.00;7500.00;1152.00;3.91;E0_0_1800m;5.00;96;97;41.00;3.91
7200.00;7500.00;1080.00;3.61;E0_1_1800m;5.00;90;91;41.83;3.63
7200.00;7500.00;1164.00;3.91;E0_0_1900m;5.00;97;97;41.30;3.92
7200.00;7500.00;1080.00;3.56;E0_1_1900m;5.00;90;90;42.22;3.58
7200.00;7500.00;1164.00;3.92;E0_0_2000m;5.00;97;96;40.90;3.93
7200.00;7500.00;1068.00;3.51;E0_1_2000m;5.00;89;90;42.65;3.54
7200.00;7500.00;1164.00;3.93;E0_0_2100m;5.00;97;97;41.18;3.94
7200.00;7500.00;1056.00;3.46;E0_1_2100m;5.00;88;89;42.75;3.50
7200.00;7500.00;1152.00;3.90;E0_0_2200m;5.00;96;97;41.11;3.91
7200.00;7500.00;1056.00;3.41;E0_1_2200m;5.00;88;88;42.73;3.46
7200.00;7500.00;1164.00;3.88;E0_0_2300m;5.00;97;96;41.26;3.90
7200.00;7500.00;1044.00;3.32;E0_1_2300m;5.00;87;86;43.53;3.39
7200.00;7500.00;1152.00;3.85;E0_0_2400m;5.00;96;96;41.30;3.88
7200.00;7500.00;1020.00;3.23;E0_1_2400m;5.00;85;86;44.05;3.32
7200.00;7500.00;1152.00;3.83;E0_0_2500m;5.00;96;95;41.50;3.85
7200.00;7500.00;1008.00;3.17;E0_1_2500m;5.00;84;84;44.05;3.27
7200.00;7500.00;1140.00;3.82;E0_0_2600m;5.00;95;95;41.75;3.85
7200.00;7500.00;1008.00;3.15;E0_1_2600m;5.00;84;83;43.87;3.28
7200.00;7500.00;1140.00;3.81;E0_0_2700m;5.00;95;96;41.52;3.85
7200.00;7500.00;996.00;3.14;E0_1_2700m;5.00;83;83;44.04;3.28
7200.00;7500.00;1152.00;3.82;E0_0_2800m;5.00;96;95;41.38;3.86
7200.00;7500.00;996.00;3.14;E0_1_2800m;5.00;83;83;44.08;3.30
7200.00;7500.00;1140.00;3.88;E0_0_2900m;5.00;95;96;41.07;3.93
7200.00;7500.00;1008.00;3.18;E0_1_2900m;5.00;84;84;43.98;3.40
7200.00;7500.00;1104.00;3.97;E0_0_3000m;5.00;92;96;42.11;4.49
7200.00;7500.00;1056.00;4.06;E0_1_3000m;5.00;88;89;36.28;4.42
7200.00;7500.00;1092.00;5.11;E0_0_3100m;5.00;91;92;29.81;5.27
7200.00;7500.00;1092.00;5.10;E0_1_3100m;5.00;91;91;29.71;5.26
7200.00;7500.00;1092.00;5.11;E0_0_3200m;5.00;91;90;29.48;5.30
7200.00;7500.00;1092.00;5.14;E0_1_3200m;5.00;91;91;29.49;5.35
7200.00;7500.00;1104.00;5.21;E0_0_3300m;5.00;92;92;29.46;5.48
7200.00;7500.00;1116.00;5.26;E0_1_3300m;5.00;93;93;29.48;5.54
7200.00;7500.00;1080.00;5.25;E0_0_3400m;5.00;90;91;28.71;5.78
7200.00;7500.00;1104.00;5.23;E0_1_3400m;5.00;92;93;29.41;5.76
7200.00;7500.00;984.00;7.05;E0_0_3500m;5.00;82;90;24.26;8.35
7200.00;7500.00;1236.00;5.25;E0_1_3500m;5.00;103;103;32.70;7.19
7200.00;7500.00;924.00;14.68;E0_0_3600m;5.00;77;80;9.92;16.00
7200.00;7500.00;1272.00;10.83;E0_1_3600m;5.00;106;110;16.71;11.89
7200.00;7500.00;888.00;15.54;E0_0_3700m;5.00;74;81;8.23;16.12
7200.00;7500.00;1344.00;12.68;E0_1_3700m;5.00;112;115;14.87;13.33
7200.00;7500.00;888.00;15.65;E0_0_3800m;5.00;74;76;8.04;16.37
7200.00;7500.00;1356.00;12.73;E0_1_3800m;5.00;113;115;14.97;13.63
7200.00;7500.00;864.00;16.06;E0_0_3900m;5.00;72;75;7.62;16.83
7200.00;7500.00;1356.00;12.64;E0_1_3900m;5.00;113;116;15.14;13.36
7200.00;7500.00;732.00;17.13;E0_0_4000m;5.00;61;68;6.32;17.25
7200.00;7500.00;1440.00;14.98;E0_1_4000m;5.00;120;124;13.49;15.67
7200.00;7500.00;744.00;25.40;E0_0_4100m;5.00;62;61;4.06;25.45
7200.00;7500.00;1440.00;26.13;E0_1_4100m;5.00;120;121;7.69;26.21
7200.00;7500.00;744.00;28.50;E0_0_4200m;5.00;62;63;3.64;28.64
7200.00;7500.00;1464.00;29.52;E0_1_4200m;5.00;122;121;6.84;29.71
7200.00;7500.00;768.00;28.51;E0_0_4300m;5.00;64;64;3.74;28.65
7200.00;7500.00;1428.00;30.27;E0_1_4300m;5.00;119;119;6.55;30.46
7200.00;7500.00;780.00;28.10;E0_0_4400m;5.00;65;65;3.86;28.25
7200.00;7500.00;1392.00;30.17;E0_1_4400m;5.00;116;117;6.44;30.39
7200.00;7500.00;720.00;28.24;E0_0_4500m;5.00;60;60;3.54;28.38
7200.00;7500.00;1428.00;30.05;E0_1_4500m;5.00;119;119;6.60;30.28
7200.00;7500.00;708.00;28.17;E0_0_4600m;5.00;59;61;3.56;28.32
7200.00;7500.00;1416.00;29.44;E0_1_4600m;5.00;118;120;6.76;29.71
7200.00;7500.00;696.00;27.88;E0_0_4700m;5.00;58;59;3.47;28.05
7200.00;7500.00;1416.00;29.36;E0_1_4700m;5.00;118;118;6.70;29.61
7200.00;7500.00;720.00;27.72;E0_0_4800m;5.00;60;63;3.72;27.92
7200.00;7500.00;1404.00;28.52;E0_1_4800m;5.00;117;117;6.84;28.99
7200.00;7500.00;720.00;27.82;E0_0_4900m;5.00;60;60;3.59;28.06
7200.00;7500.00;1380.00;28.70;E0_1_4900m;5.00;115;115;6.68;28.98
7200.00;7500.00;732.00;27.95;E0_0_5000m;5.00;61;61;3.64;28.15
7200.00;7500.00;1344.00;28.34;E0_1_5000m;5.00;112;113;6.63;28.78
7500.00;7800.00;0.00;-1.00;E0_0_0m;-1.00;0;0;0.00;-1.00
7500.00;7800.00;0.00;-1.00;E0_1_0m;-1.00;0;0;0.00;-1.00
7500.00;7800.00;1152.00;3.94;E0_0_100m;5.00;96;95;40.44;3.94
7500.00;7800.00;1080.00;3.49;E0_1_100m;5.00;90;89;42.56;3.52
7500.00;7800.00;1152.00;3.90;E0_0_200m;5.00;96;96;41.03;3.90
7500.00;7800.00;1056.00;3.44;E0_1_200m;5.00;88;88;43.23;3.46
7500.00;7800.00;1140.00;3.88;E0_0_300m;5.00;95;96;40.96;3.88
7500.00;7800.00;1044.00;3.38;E0_1_300m;5.00;87;88;43.06;3.41
7500.00;7800.00;1152.00;3.87;E0_0_400m;5.00;96;95;41.14;3.88
7500.00;7800.00;1044.00;3.31;E0_1_400m;5.00;87;86;43.50;3.36
7500.00;7800.00;1140.00;3.87;E0_0_500m;5.00;95;95;41.02;3.88
7500.00;7800.00;1020.00;3.26;E0_1_500m;5.00;85;86;43.78;3.31
7500.00;7800.00;1140.00;3.87;E0_0_600m;5.00;95;96;41.04;3.88
7500.00;7800.00;1020.00;3.23;E0_1_600m;5.00;85;85;43.88;3.28
7500.00;7800.00;1152.00;3.88;E0_0_700m;5.00;96;96;41.13;3.89
7500.00;7800.00;1020.00;3.19;E0_1_700m;5.00;85;85;44.34;3.25
7500.00;7800.00;1152.00;3.87;E0_0_800m;5.00;96;96;41.33;3.88
7500.00;7800.00;1020.00;3.18;E0_1_800m;5.00;85;85;44.28;3.24
7500.00;7800.00;1152.00;3.88;E0_0_900m;5.00;96;96;41.24;3.89
7500.00;7800.00;1020.00;3.18;E0_1_900m;5.00;85;85;44.53;3.24
7500.00;7800.00;1164.00;3.91;E0_0_1000m;5.00;97;97;41.37;3.92
7500.00;7800.00;1032.00;3.18;E0_1_1000m;5.00;86;85;44.93;3.24
7500.00;7800.00;1164.00;3.93;E0_0_1100m;5.00;97;98;41.32;3.94
7500.00;7800.00;1020.00;3.19;E0_1_1100m;5.00;85;86;44.69;3.26
7500.00;7800.00;1164.00;3.96;E0_0_1200m;5.00;97;98;40.97;3.98
7500.00;7800.00;1020.00;3.21;E0_1_1200m;5.00;85;86;44.30;3.28
7500.00;7800.00;1176.00;4.00;E0_0_1300m;5.00;98;98;40.82;4.03
7500.00;7800.00;1032.00;3.22;E0_1_1300m;5.00;86;86;44.47;3.30
7500.00;7800.00;1188.00;4.03;E0_0_1400m;5.00;99;98;40.59;4.07
7500.00;7800.00;1032.00;3.25;E0_1_1400m;5.00;86;87;44.34;3.34
7500.00;7800.00;1188.00;4.07;E0_0_1500m;5.00;99;99;40.76;4.11
7500.00;7800.00;1032.00;3.27;E0_1_1500m;5.00;86;87;43.91;3.39
7500.00;7800.00;1200.00;4.09;E0_0_1600m;5.00;100;99;40.73;4.13
7500.00;7800.00;1044.00;3.31;E0_1_1600m;5.00;87;86;43.67;3.43
7500.00;7800.00;1212.00;4.12;E0_0_1700m;5.00;101;100;40.83;4.17
7500.00;7800.00;1056.00;3.34;E0_1_1700m;5.00;88;87;43.59;3.49
7500.00;7800.00;1212.00;4.14;E0_0_1800m;5.00;101;100;40.63;4.20
7500.00;7800.00;1068.00;3.39;E0_1_1800m;5.00;89;88;43.43;3.54
7500.00;7800.00;1200.00;4.16;E0_0_1900m;5.00;100;100;40.03;4.22
7500.00;7800.00;1080.00;3.45;E0_1_1900m;5.00;90;89;43.12;3.61
7500.00;7800.00;1212.00;4.17;E0_0_2000m;5.00;101;101;40.33;4.23
7500.00;7800.00;1080.00;3.49;E0_1_2000m;5.00;90;89;42.70;3.64
7500.00;7800.00;1200.00;4.19;E0_0_2100m;5.00;100;101;39.93;4.25
7500.00;7800.00;1080.00;3.49;E0_1_2100m;5.00;90;89;42.66;3.65
7500.00;7800.00;1200.00;4.20;E0_0_2200m;5.00;100;100;40.08;4.26
7500.00;7800.00;1068.00;3.50;E0_1_2200m;5.00;89;89;42.88;3.67
7500.00;7800.00;1200.00;4.20;E0_0_2300m;5.00;100;101;39.74;4.26
7500.00;7800.00;1080.00;3.54;E0_1_2300m;5.00;90;90;42.43;3.70
7500.00;7800.00;1212.00;4.23;E0_0_2400m;5.00;101;101;39.99;4.29
7500.00;7800.00;1092.00;3.60;E0_1_2400m;5.00;91;90;41.93;3.75
7500.00;7800.00;1212.00;4.29;E0_0_2500m;5.00;101;102;39.37;4.34
7500.00;7800.00;1116.00;3.70;E0_1_2500m;5.00;93;93;41.72;3.83
7500.00;7800.00;1224.00;4.31;E0_0_2600m;5.00;102;102;39.18;4.37
7500.00;7800.00;1128.00;3.79;E0_1_2600m;5.00;94;95;41.32;3.92
7500.00;7800.00;1224.00;4.32;E0_0_2700m;5.00;102;101;39.38;4.38
7500.00;7800.00;1140.00;3.85;E0_1_2700m;5.00;95;95;41.11;3.99
7500.00;7800.00;1212.00;4.30;E0_0_2800m;5.00;101;102;39.37;4.39
7500.00;7800.00;1140.00;3.87;E0_1_2800m;5.00;95;95;40.93;4.05
7500.00;7800.00;1224.00;4.29;E0_0_2900m;5.00;102;102;39.45;4.41
7500.00;7800.00;1140.00;3.85;E0_1_2900m;5.00;95;95;41.07;4.09
7500.00;7800.00;1188.00;4.25;E0_0_3000m;5.00;99;102;41.11;4.74
7500.00;7800.00;1176.00;4.59;E0_1_3000m;5.00;98;98;35.57;4.92
7500.00;7800.00;1164.00;5.51;E0_0_3100m;5.00;97;97;29.44;5.65
7500.00;7800.00;1188.00;5.50;E0_1_3100m;5.00;99;99;30.01;5.67
7500.00;7800.00;1188.00;5.43;E0_0_3200m;5.00;99;99;30.36;5.61
7500.00;7800.00;1164.00;5.49;E0_1_3200m;5.00;97;98;29.45;5.66
7500.00;7800.00;1176.00;5.30;E0_0_3300m;5.00;98;98;30.80;5.53
7500.00;7800.00;1152.00;5.36;E0_1_3300m;5.00;96;96;29.84;5.59
7500.00;7800.00;1152.00;5.34;E0_0_3400m;5.00;96;96;30.05;5.76
7500.00;7800.00;1152.00;5.35;E0_1_3400m;5.00;96;95;29.81;5.74
7500.00;7800.00;1068.00;7.41;E0_0_3500m;5.00;89;97;23.93;8.84
7500.00;7800.00;1284.00;5.53;E0_1_3500m;5.00;107;108;32.41;7.69
7500.00;7800.00;936.00;14.59;E0_0_3600m;5.00;78;81;9.15;15.60
7500.00;7800.00;1404.00;11.88;E0_1_3600m;5.00;117;121;16.61;12.60
7500.00;7800.00;972.00;15.42;E0_0_3700m;5.00;81;84;8.87;16.32
7500.00;7800.00;1320.00;12.18;E0_1_3700m;5.00;110;113;15.35;12.98
7500.00;7800.00;936.00;16.59;E0_0_3800m;5.00;78;81;8.10;16.64
7500.00;7800.00;1332.00;13.49;E0_1_3800m;5.00;111;115;13.90;13.77
7500.00;7800.00;948.00;16.35;E0_0_3900m;5.00;79;80;8.79;16.75
7500.00;7800.00;1356.00;12.63;E0_1_3900m;5.00;113;116;15.11;13.23
7500.00;7800.00;828.00;17.42;E0_0_4000m;5.00;69;76;6.81;17.72
7500.00;7800.00;1488.00;14.80;E0_1_4000m;5.00;124;128;14.24;15.40
7500.00;7800.00;780.00;25.05;E0_0_4100m;5.00;65;65;4.32;25.31
7500.00;7800.00;1560.00;25.58;E0_1_4100m;5.00;130;131;8.54;25.71
7500.00;7800.00;792.00;27.35;E0_0_4200m;5.00;66;67;4.02;27.64
7500.00;7800.00;1536.00;28.28;E0_1_4200m;5.00;128;129;7.56;28.56
7500.00;7800.00;816.00;27.56;E0_0_4300m;5.00;68;68;4.11;27.84
7500.00;7800.00;1500.00;28.58;E0_1_4300m;5.00;125;126;7.31;28.86
7500.00;7800.00;840.00;27.46;E0_0_4400m;5.00;70;70;4.25;27.73
7500.00;7800.00;1476.00;28.57;E0_1_4400m;5.00;123;124;7.21;28.84
7500.00;7800.00;816.00;27.46;E0_0_4500m;5.00;68;69;4.13;27.73
7500.00;7800.00;1500.00;28.19;E0_1_4500m;5.00;125;125;7.39;28.49
7500.00;7800.00;840.00;27.19;E0_0_4600m;5.00;70;69;4.24;27.45
7500.00;7800.00;1548.00;27.75;E0_1_4600m;5.00;129;128;7.70;28.02
7500.00;7800.00;840.00;26.94;E0_0_4700m;5.00;70;72;4.41;27.24
7500.00;7800.00;1536.00;27.38;E0_1_4700m;5.00;128;128;7.79;27.74
7500.00;7800.00;852.00;27.05;E0_0_4800m;5.00;71;72;4.42;27.30
7500.00;7800.00;1488.00;27.33;E0_1_4800m;5.00;124;124;7.56;27.61
7500.00;7800.00;852.00;27.34;E0_0_4900m;5.00;71;71;4.33;27.54
7500.00;7800.00;1464.00;27.39;E0_1_4900m;5.00;122;122;7.42;27.70
7500.00;7800.00;852.00;27.52;E0_0_5000m;5.00;71;71;4.30;27.69
7500.00;7800.00;1488.00;28.18;E0_1_5000m;5.00;124;123;7.29;28.35
