interval_begin;interval_end;interval_flow;interval_harmonicMeanSpeed;interval_id;interval_length;interval_nVehContrib;interval_nVehEntered;interval_occupancy;interval_speed
0.00;300.00;0.00;-1.00;E0_0_0m;-1.00;0;0;0.00;-1.00
0.00;300.00;0.00;-1.00;E0_1_0m;-1.00;0;0;0.00;-1.00
0.00;300.00;1812.00;25.92;E0_0_100m;5.00;151;151;9.71;26.06
0.00;300.00;1968.00;27.89;E0_1_100m;5.00;164;164;9.80;28.08
0.00;300.00;1728.00;25.69;E0_0_200m;5.00;144;144;9.34;25.87
0.00;300.00;1980.00;27.79;E0_1_200m;5.00;165;166;9.92;28.02
0.00;300.00;1728.00;25.56;E0_0_300m;5.00;144;144;9.39;25.75
0.00;300.00;1944.00;27.40;E0_1_300m;5.00;162;162;9.85;27.64
0.00;300.00;1692.00;25.45;E0_0_400m;5.00;141;141;9.24;25.63
0.00;300.00;1956.00;27.11;E0_1_400m;5.00;163;163;10.02;27.33
0.00;300.00;1692.00;25.34;E0_0_500m;5.00;141;141;9.27;25.51
0.00;300.00;1956.00;26.83;E0_1_500m;5.00;163;163;10.13;27.06
0.00;300.00;1692.00;25.19;E0_0_600m;5.00;141;141;9.33;25.35
0.00;300.00;1920.00;26.56;E0_1_600m;5.00;160;160;10.04;26.81
0.00;300.00;1680.00;24.99;E0_0_700m;5.00;140;140;9.34;25.16
0.00;300.00;1884.00;26.28;E0_1_700m;5.00;157;157;9.96;26.52
0.00;300.00;1644.00;24.84;E0_0_800m;5.00;137;137;9.19;25.01
0.00;300.00;1884.00;26.05;E0_1_800m;5.00;157;157;10.05;26.28
0.00;300.00;1632.00;24.67;E0_0_900m;5.00;136;136;9.19;24.86
0.00;300.00;1884.00;25.87;E0_1_900m;5.00;157;158;10.15;26.08
0.00;300.00;1608.00;24.75;E0_0_1000m;5.00;134;134;9.03;24.90
0.00;300.00;1860.00;25.72;E0_1_1000m;5.00;155;155;10.04;25.92
0.00;300.00;1596.00;24.70;E0_0_1100m;5.00;133;134;9.02;24.84
0.00;300.00;1836.00;25.68;E0_1_1100m;5.00;153;153;9.93;25.88
0.00;300.00;1548.00;24.77;E0_0_1200m;5.00;129;130;8.73;24.91
0.00;300.00;1812.00;25.73;E0_1_1200m;5.00;151;151;9.78;25.95
0.00;300.00;1488.00;24.67;E0_0_1300m;5.00;124;124;8.38;24.80
0.00;300.00;1824.00;25.83;E0_1_1300m;5.00;152;152;9.81;26.07
0.00;300.00;1464.00;24.68;E0_0_1400m;5.00;122;122;8.24;24.81
0.00;300.00;1776.00;25.83;E0_1_1400m;5.00;148;148;9.55;26.05
0.00;300.00;1440.00;24.66;E0_0_1500m;5.00;120;120;8.11;24.80
0.00;300.00;1728.00;25.85;E0_1_1500m;5.00;144;144;9.28;26.06
0.00;300.00;1404.00;24.85;E0_0_1600m;5.00;117;118;7.88;24.99
0.00;300.00;1692.00;26.01;E0_1_1600m;5.00;141;141;9.03;26.24
0.00;300.00;1440.00;24.88;E0_0_1700m;5.00;120;120;8.04;25.00
0.00;300.00;1644.00;26.12;E0_1_1700m;5.00;137;137;8.74;26.37
0.00;300.00;1416.00;24.76;E0_0_1800m;5.00;118;118;7.94;24.88
0.00;300.00;1656.00;25.93;E0_1_1800m;5.00;138;138;8.87;26.16
0.00;300.00;1404.00;24.64;E0_0_1900m;5.00;117;117;7.91;24.75
0.00;300.00;1668.00;25.75;E0_1_1900m;5.00;139;139;9.00;25.97
0.00;300.00;1356.00;24.59;E0_0_2000m;5.00;113;113;7.66;24.70
0.00;300.00;1704.00;25.67;E0_1_2000m;5.00;142;142;9.22;25.88
0.00;300.00;1344.00;24.60;E0_0_2100m;5.00;112;112;7.59;24.71
0.00;300.00;1680.00;25.49;E0_1_2100m;5.00;140;140;9.15;25.69
0.00;300.00;1320.00;24.52;E0_0_2200m;5.00;110;110;7.48;24.62
0.00;300.00;1644.00;25.29;E0_1_2200m;5.00;137;137;9.03;25.47
0.00;300.00;1320.00;24.36;E0_0_2300m;5.00;110;110;7.52;24.46
0.00;300.00;1608.00;25.09;E0_1_2300m;5.00;134;134;8.90;25.23
0.00;300.00;1308.00;24.25;E0_0_2400m;5.00;109;109;7.49;24.34
0.00;300.00;1572.00;24.82;E0_1_2400m;5.00;131;131;8.80;24.92
0.00;300.00;1272.00;24.13;E0_0_2500m;5.00;106;106;7.32;24.21
0.00;300.00;1560.00;24.63;E0_1_2500m;5.00;130;130;8.80;24.72
0.00;300.00;1260.00;23.96;E0_0_2600m;5.00;105;105;7.30;24.03
0.00;300.00;1512.00;24.46;E0_1_2600m;5.00;126;126;8.58;24.53
0.00;300.00;1260.00;24.02;E0_0_2700m;5.00;105;105;7.28;24.10
0.00;300.00;1476.00;24.47;E0_1_2700m;5.00;123;123;8.38;24.56
0.00;300.00;1224.00;24.03;E0_0_2800m;5.00;102;102;7.07;24.11
0.00;300.00;1440.00;24.54;E0_1_2800m;5.00;120;120;8.15;24.64
0.00;300.00;1212.00;24.03;E0_0_2900m;5.00;101;101;7.01;24.11
0.00;300.00;1392.00;24.66;E0_1_2900m;5.00;116;116;7.84;24.78
0.00;300.00;1212.00;24.01;E0_0_3000m;5.00;101;101;7.01;24.10
0.00;300.00;1344.00;24.83;E0_1_3000m;5.00;112;112;7.52;24.99
0.00;300.00;1188.00;24.00;E0_0_3100m;5.00;99;99;6.88;24.09
0.00;300.00;1308.00;24.88;E0_1_3100m;5.00;109;109;7.30;25.05
0.00;300.00;1152.00;23.99;E0_0_3200m;5.00;96;96;6.67;24.09
0.00;300.00;1272.00;24.93;E0_1_3200m;5.00;106;106;7.09;25.11
0.00;300.00;1104.00;24.03;E0_0_3300m;5.00;92;92;6.38;24.12
0.00;300.00;1236.00;24.97;E0_1_3300m;5.00;103;104;6.88;25.15
0.00;300.00;1068.00;24.03;E0_0_3400m;5.00;89;89;6.17;24.12
0.00;300.00;1200.00;25.08;E0_1_3400m;5.00;100;100;6.64;25.26
0.00;300.00;1044.00;24.09;E0_0_3500m;5.00;87;87;6.02;24.20
0.00;300.00;1152.00;25.10;E0_1_3500m;5.00;96;96;6.38;25.27
0.00;300.00;984.00;24.15;E0_0_3600m;5.00;82;85;5.85;24.25
0.00;300.00;1140.00;25.34;E0_1_3600m;5.00;95;95;6.25;25.65
0.00;300.00;948.00;24.18;E0_0_3700m;5.00;79;80;5.48;24.29
0.00;300.00;1104.00;25.13;E0_1_3700m;5.00;92;92;6.10;25.28
0.00;300.00;924.00;24.20;E0_0_3800m;5.00;77;77;5.30;24.31
0.00;300.00;1068.00;25.09;E0_1_3800m;5.00;89;89;5.91;25.22
0.00;300.00;888.00;24.25;E0_0_3900m;5.00;74;74;5.09;24.36
0.00;300.00;1032.00;25.09;E0_1_3900m;5.00;86;86;5.71;25.21
0.00;300.00;852.00;24.24;E0_0_4000m;5.00;71;71;4.88;24.35
0.00;300.00;996.00;25.18;E0_1_4000m;5.00;83;83;5.49;25.30
0.00;300.00;816.00;24.26;E0_0_4100m;5.00;68;68;4.67;24.37
0.00;300.00;948.00;25.35;E0_1_4100m;5.00;79;80;5.25;25.47
0.00;300.00;792.00;24.24;E0_0_4200m;5.00;66;66;4.54;24.35
0.00;300.00;912.00;25.44;E0_1_4200m;5.00;76;76;4.98;25.56
0.00;300.00;756.00;24.19;E0_0_4300m;5.00;63;63;4.34;24.31
0.00;300.00;864.00;25.45;E0_1_4300m;5.00;72;73;4.78;25.55
0.00;300.00;732.00;24.40;E0_0_4400m;5.00;61;61;4.17;24.52
0.00;300.00;828.00;25.33;E0_1_4400m;5.00;69;70;4.57;25.39
0.00;300.00;708.00;24.43;E0_0_4500m;5.00;59;59;4.02;24.56
0.00;300.00;792.00;25.31;E0_1_4500m;5.00;66;66;4.35;25.35
0.00;300.00;672.00;24.45;E0_0_4600m;5.00;56;56;3.82;24.58
0.00;300.00;756.00;25.35;E0_1_4600m;5.00;63;63;4.14;25.39
0.00;300.00;636.00;24.54;E0_0_4700m;5.00;53;53;3.60;24.67
0.00;300.00;744.00;25.42;E0_1_4700m;5.00;62;62;4.07;25.45
0.00;300.00;624.00;24.53;E0_0_4800m;5.00;52;52;3.53;24.65
0.00;300.00;756.00;25.50;E0_1_4800m;5.00;63;63;4.12;25.56
0.00;300.00;624.00;24.49;E0_0_4900m;5.00;52;52;3.54;24.60
0.00;300.00;732.00;25.33;E0_1_4900m;5.00;61;61;4.01;25.37
0.00;300.00;624.00;24.45;E0_0_5000m;5.00;52;52;3.54;24.56
0.00;300.00;732.00;25.11;E0_1_5000m;5.00;61;61;4.05;25.14
300.00;600.00;0.00;-1.00;E0_0_0m;-1.00;0;0;0.00;-1.00
300.00;600.00;0.00;-1.00;E0_1_0m;-1.00;0;0;0.00;-1.00
300.00;600.00;2088.00;26.56;E0_0_100m;5.00;174;175;10.95;26.71
300.00;600.00;2052.00;28.18;E0_1_100m;5.00;171;171;10.11;28.33
300.00;600.00;2028.00;26.40;E0_0_200m;5.00;169;171;10.74;26.57
300.00;600.00;2112.00;28.54;E0_1_200m;5.00;176;176;10.28;28.75
300.00;600.00;2040.00;26.17;E0_0_300m;5.00;170;170;10.83;26.36
300.00;600.00;2076.00;28.36;E0_1_300m;5.00;173;173;10.17;28.56
300.00;600.00;1944.00;26.05;E0_0_400m;5.00;162;163;10.38;26.27
300.00;600.00;2136.00;28.11;E0_1_400m;5.00;178;178;10.55;28.31
300.00;600.00;1932.00;25.89;E0_0_500m;5.00;161;161;10.36;26.11
300.00;600.00;2100.00;27.96;E0_1_500m;5.00;175;175;10.43;28.17
300.00;600.00;1932.00;25.74;E0_0_600m;5.00;161;161;10.43;25.95
300.00;600.00;2088.00;27.70;E0_1_600m;5.00;174;174;10.47;27.89
300.00;600.00;1908.00;25.56;E0_0_700m;5.00;159;159;10.37;25.76
300.00;600.00;2112.00;27.57;E0_1_700m;5.00;176;176;10.64;27.77
300.00;600.00;1884.00;25.45;E0_0_800m;5.00;157;157;10.28;25.65
300.00;600.00;2100.00;27.40;E0_1_800m;5.00;175;175;10.64;27.60
300.00;600.00;1860.00;25.28;E0_0_900m;5.00;155;155;10.22;25.50
300.00;600.00;2088.00;27.29;E0_1_900m;5.00;174;174;10.63;27.48
300.00;600.00;1824.00;25.16;E0_0_1000m;5.00;152;152;10.07;25.36
300.00;600.00;2124.00;27.30;E0_1_1000m;5.00;177;178;10.84;27.50
300.00;600.00;1788.00;25.19;E0_0_1100m;5.00;149;149;9.84;25.38
300.00;600.00;2136.00;27.33;E0_1_1100m;5.00;178;178;10.85;27.53
300.00;600.00;1800.00;25.28;E0_0_1200m;5.00;150;149;9.83;25.45
300.00;600.00;2124.00;27.38;E0_1_1200m;5.00;177;177;10.77;27.58
300.00;600.00;1800.00;25.41;E0_0_1300m;5.00;150;150;9.84;25.57
300.00;600.00;2112.00;27.43;E0_1_1300m;5.00;176;176;10.69;27.65
300.00;600.00;1788.00;25.43;E0_0_1400m;5.00;149;150;9.77;25.57
300.00;600.00;2112.00;27.37;E0_1_1400m;5.00;176;176;10.72;27.61
300.00;600.00;1788.00;25.49;E0_0_1500m;5.00;149;149;9.74;25.61
300.00;600.00;2124.00;27.16;E0_1_1500m;5.00;177;177;10.86;27.38
300.00;600.00;1800.00;25.47;E0_0_1600m;5.00;150;149;9.79;25.59
300.00;600.00;2136.00;26.89;E0_1_1600m;5.00;178;178;11.03;27.10
300.00;600.00;1788.00;25.51;E0_0_1700m;5.00;149;149;9.73;25.63
300.00;600.00;2136.00;26.75;E0_1_1700m;5.00;178;178;11.09;26.96
300.00;600.00;1752.00;25.33;E0_0_1800m;5.00;146;146;9.61;25.43
300.00;600.00;2112.00;26.73;E0_1_1800m;5.00;176;176;10.97;26.93
300.00;600.00;1716.00;25.21;E0_0_1900m;5.00;143;143;9.45;25.32
300.00;600.00;2076.00;26.69;E0_1_1900m;5.00;173;173;10.80;26.89
300.00;600.00;1692.00;25.15;E0_0_2000m;5.00;141;141;9.34;25.25
300.00;600.00;2040.00;26.69;E0_1_2000m;5.00;170;170;10.62;26.89
300.00;600.00;1668.00;25.14;E0_0_2100m;5.00;139;139;9.22;25.24
300.00;600.00;2028.00;26.77;E0_1_2100m;5.00;169;169;10.52;26.98
300.00;600.00;1668.00;25.14;E0_0_2200m;5.00;139;139;9.22;25.25
300.00;600.00;2016.00;26.82;E0_1_2200m;5.00;168;168;10.44;27.03
300.00;600.00;1644.00;24.98;E0_0_2300m;5.00;137;137;9.14;25.10
300.00;600.00;2016.00;26.70;E0_1_2300m;5.00;168;168;10.49;26.90
300.00;600.00;1656.00;24.76;E0_0_2400m;5.00;138;138;9.29;24.90
300.00;600.00;2052.00;26.55;E0_1_2400m;5.00;171;171;10.73;26.75
300.00;600.00;1656.00;24.80;E0_0_2500m;5.00;138;138;9.27;24.95
300.00;600.00;2100.00;26.43;E0_1_2500m;5.00;175;175;11.04;26.62
300.00;600.00;1656.00;25.03;E0_0_2600m;5.00;138;138;9.19;25.15
300.00;600.00;2112.00;26.46;E0_1_2600m;5.00;176;176;11.09;26.65
300.00;600.00;1680.00;24.99;E0_0_2700m;5.00;140;140;9.34;25.11
300.00;600.00;2064.00;26.55;E0_1_2700m;5.00;172;172;10.80;26.76
300.00;600.00;1668.00;24.92;E0_0_2800m;5.00;139;140;9.33;25.03
300.00;600.00;2064.00;26.67;E0_1_2800m;5.00;172;172;10.75;26.89
300.00;600.00;1680.00;24.91;E0_0_2900m;5.00;140;141;9.39;25.02
300.00;600.00;2040.00;26.70;E0_1_2900m;5.00;170;170;10.61;26.91
300.00;600.00;1668.00;24.83;E0_0_3000m;5.00;139;139;9.33;24.93
300.00;600.00;2028.00;26.59;E0_1_3000m;5.00;169;169;10.59;26.80
300.00;600.00;1668.00;24.75;E0_0_3100m;5.00;139;139;9.36;24.84
300.00;600.00;2016.00;26.43;E0_1_3100m;5.00;168;168;10.60;26.64
300.00;600.00;1656.00;24.66;E0_0_3200m;5.00;138;138;9.33;24.75
300.00;600.00;2028.00;26.22;E0_1_3200m;5.00;169;169;10.74;26.42
300.00;600.00;1680.00;24.66;E0_0_3300m;5.00;140;140;9.46;24.75
300.00;600.00;2040.00;26.02;E0_1_3300m;5.00;170;169;10.89;26.21
300.00;600.00;1680.00;24.68;E0_0_3400m;5.00;140;140;9.45;24.78
300.00;600.00;2052.00;25.89;E0_1_3400m;5.00;171;171;11.01;26.08
300.00;600.00;1668.00;24.66;E0_0_3500m;5.00;139;139;9.39;24.76
300.00;600.00;2064.00;25.80;E0_1_3500m;5.00;172;172;11.11;26.00
300.00;600.00;1680.00;24.58;E0_0_3600m;5.00;140;139;9.44;24.68
300.00;600.00;2052.00;25.77;E0_1_3600m;5.00;171;171;11.06;25.97
300.00;600.00;1692.00;24.46;E0_0_3700m;5.00;141;140;9.57;24.56
300.00;600.00;2040.00;25.76;E0_1_3700m;5.00;170;170;11.00;25.97
300.00;600.00;1668.00;24.44;E0_0_3800m;5.00;139;139;9.48;24.53
300.00;600.00;2064.00;25.69;E0_1_3800m;5.00;172;172;11.16;25.89
300.00;600.00;1692.00;24.39;E0_0_3900m;5.00;141;141;9.63;24.49
300.00;600.00;2112.00;25.61;E0_1_3900m;5.00;176;176;11.45;25.82
300.00;600.00;1716.00;24.28;E0_0_4000m;5.00;143;143;9.81;24.38
300.00;600.00;2148.00;25.56;E0_1_4000m;5.00;179;179;11.67;25.77
300.00;600.00;1740.00;24.22;E0_0_4100m;5.00;145;145;9.98;24.31
300.00;600.00;2208.00;25.56;E0_1_4100m;5.00;184;183;11.94;25.79
300.00;600.00;1800.00;24.30;E0_0_4200m;5.00;150;150;10.29;24.40
300.00;600.00;2208.00;25.53;E0_1_4200m;5.00;184;184;12.01;25.76
300.00;600.00;1860.00;24.47;E0_0_4300m;5.00;155;155;10.56;24.60
300.00;600.00;2232.00;25.47;E0_1_4300m;5.00;186;185;12.11;25.71
300.00;600.00;1884.00;24.47;E0_0_4400m;5.00;157;157;10.69;24.60
300.00;600.00;2208.00;25.43;E0_1_4400m;5.00;184;183;12.03;25.66
300.00;600.00;1884.00;24.36;E0_0_4500m;5.00;157;157;10.74;24.47
300.00;600.00;2196.00;25.18;E0_1_4500m;5.00;183;184;12.17;25.37
300.00;600.00;1884.00;24.17;E0_0_4600m;5.00;157;157;10.82;24.27
300.00;600.00;2208.00;24.96;E0_1_4600m;5.00;184;184;12.28;25.13
300.00;600.00;1896.00;24.06;E0_0_4700m;5.00;158;158;10.94;24.15
300.00;600.00;2184.00;24.80;E0_1_4700m;5.00;182;182;12.23;24.95
300.00;600.00;1920.00;24.07;E0_0_4800m;5.00;160;160;11.08;24.16
300.00;600.00;2148.00;24.76;E0_1_4800m;5.00;179;179;12.05;24.94
300.00;600.00;1872.00;24.08;E0_0_4900m;5.00;156;156;10.80;24.16
300.00;600.00;2148.00;24.70;E0_1_4900m;5.00;179;179;12.08;24.87
300.00;600.00;1836.00;24.16;E0_0_5000m;5.00;153;153;10.55;24.25
300.00;600.00;2124.00;24.65;E0_1_5000m;5.00;177;177;11.97;24.81
600.00;900.00;0.00;-1.00;E0_0_0m;-1.00;0;0;0.00;-1.00
600.00;900.00;0.00;-1.00;E0_1_0m;-1.00;0;0;0.00;-1.00
600.00;900.00;1836.00;26.08;E0_0_100m;5.00;153;154;9.80;26.18
600.00;900.00;2484.00;27.60;E0_1_100m;5.00;207;207;12.50;27.68
600.00;900.00;1884.00;25.90;E0_0_200m;5.00;157;157;10.08;26.01
600.00;900.00;2460.00;27.79;E0_1_200m;5.00;205;206;12.32;27.87
600.00;900.00;1884.00;25.87;E0_0_300m;5.00;157;158;10.12;25.98
600.00;900.00;2460.00;27.73;E0_1_300m;5.00;205;205;12.32;27.81
600.00;900.00;1920.00;26.05;E0_0_400m;5.00;160;159;10.22;26.16
600.00;900.00;2436.00;27.80;E0_1_400m;5.00;203;204;12.21;27.88
600.00;900.00;1980.00;26.02;E0_0_500m;5.00;165;165;10.57;26.14
600.00;900.00;2388.00;27.94;E0_1_500m;5.00;199;199;11.87;28.03
600.00;900.00;1968.00;25.95;E0_0_600m;5.00;164;165;10.59;26.06
600.00;900.00;2376.00;27.91;E0_1_600m;5.00;198;198;11.82;27.98
600.00;900.00;1992.00;25.96;E0_0_700m;5.00;166;166;10.66;26.07
600.00;900.00;2388.00;27.84;E0_1_700m;5.00;199;199;11.91;27.91
600.00;900.00;1980.00;25.72;E0_0_800m;5.00;165;165;10.69;25.83
600.00;900.00;2412.00;27.80;E0_1_800m;5.00;201;201;12.05;27.87
600.00;900.00;1992.00;25.61;E0_0_900m;5.00;166;166;10.80;25.72
600.00;900.00;2388.00;27.74;E0_1_900m;5.00;199;200;12.00;27.82
600.00;900.00;1968.00;25.69;E0_0_1000m;5.00;164;164;10.64;25.79
600.00;900.00;2400.00;27.70;E0_1_1000m;5.00;200;199;11.99;27.78
600.00;900.00;1968.00;25.55;E0_0_1100m;5.00;164;163;10.67;25.65
600.00;900.00;2400.00;27.63;E0_1_1100m;5.00;200;200;12.07;27.70
600.00;900.00;1956.00;25.33;E0_0_1200m;5.00;163;163;10.72;25.45
600.00;900.00;2424.00;27.56;E0_1_1200m;5.00;202;202;12.21;27.63
600.00;900.00;1956.00;25.04;E0_0_1300m;5.00;163;163;10.85;25.18
600.00;900.00;2424.00;27.56;E0_1_1300m;5.00;202;202;12.22;27.62
600.00;900.00;1956.00;24.67;E0_0_1400m;5.00;163;162;11.01;24.82
600.00;900.00;2436.00;27.53;E0_1_1400m;5.00;203;203;12.29;27.60
600.00;900.00;1956.00;24.24;E0_0_1500m;5.00;163;163;11.21;24.39
600.00;900.00;2436.00;27.47;E0_1_1500m;5.00;203;203;12.31;27.54
600.00;900.00;1944.00;24.09;E0_0_1600m;5.00;162;162;11.21;24.22
600.00;900.00;2424.00;27.41;E0_1_1600m;5.00;202;203;12.33;27.47
600.00;900.00;1920.00;24.05;E0_0_1700m;5.00;160;160;11.09;24.20
600.00;900.00;2424.00;27.32;E0_1_1700m;5.00;202;203;12.37;27.39
600.00;900.00;1932.00;23.94;E0_0_1800m;5.00;161;161;11.21;24.07
600.00;900.00;2424.00;27.24;E0_1_1800m;5.00;202;202;12.36;27.32
600.00;900.00;1944.00;23.84;E0_0_1900m;5.00;162;162;11.33;23.96
600.00;900.00;2412.00;27.19;E0_1_1900m;5.00;201;201;12.32;27.28
600.00;900.00;1944.00;23.87;E0_0_2000m;5.00;162;162;11.31;24.00
600.00;900.00;2412.00;27.14;E0_1_2000m;5.00;201;201;12.34;27.24
600.00;900.00;1968.00;23.96;E0_0_2100m;5.00;164;164;11.41;24.08
600.00;900.00;2388.00;27.02;E0_1_2100m;5.00;199;200;12.28;27.13
600.00;900.00;1968.00;23.82;E0_0_2200m;5.00;164;164;11.48;23.94
600.00;900.00;2400.00;26.85;E0_1_2200m;5.00;200;200;12.42;26.96
600.00;900.00;1944.00;23.70;E0_0_2300m;5.00;162;162;11.39;23.82
600.00;900.00;2460.00;26.63;E0_1_2300m;5.00;205;205;12.83;26.74
600.00;900.00;1944.00;23.57;E0_0_2400m;5.00;162;162;11.45;23.69
600.00;900.00;2436.00;26.60;E0_1_2400m;5.00;203;203;12.72;26.71
600.00;900.00;1932.00;23.52;E0_0_2500m;5.00;161;161;11.41;23.64
600.00;900.00;2400.00;26.63;E0_1_2500m;5.00;200;200;12.52;26.74
600.00;900.00;1956.00;23.46;E0_0_2600m;5.00;163;163;11.58;23.60
600.00;900.00;2376.00;26.60;E0_1_2600m;5.00;198;198;12.41;26.72
600.00;900.00;1968.00;23.38;E0_0_2700m;5.00;164;165;11.70;23.52
600.00;900.00;2352.00;26.49;E0_1_2700m;5.00;196;196;12.33;26.61
600.00;900.00;1992.00;23.39;E0_0_2800m;5.00;166;165;11.80;23.53
600.00;900.00;2352.00;26.39;E0_1_2800m;5.00;196;196;12.38;26.51
600.00;900.00;2004.00;23.39;E0_0_2900m;5.00;167;166;11.88;23.54
600.00;900.00;2340.00;26.36;E0_1_2900m;5.00;195;195;12.33;26.49
600.00;900.00;2004.00;23.36;E0_0_3000m;5.00;167;168;11.92;23.50
600.00;900.00;2352.00;26.34;E0_1_3000m;5.00;196;196;12.40;26.47
600.00;900.00;2052.00;23.36;E0_0_3100m;5.00;171;171;12.20;23.50
600.00;900.00;2340.00;26.38;E0_1_3100m;5.00;195;195;12.32;26.52
600.00;900.00;2088.00;23.43;E0_0_3200m;5.00;174;174;12.38;23.56
600.00;900.00;2340.00;26.22;E0_1_3200m;5.00;195;195;12.39;26.37
600.00;900.00;2052.00;23.40;E0_0_3300m;5.00;171;171;12.18;23.52
600.00;900.00;2352.00;26.07;E0_1_3300m;5.00;196;196;12.53;26.20
600.00;900.00;2040.00;23.37;E0_0_3400m;5.00;170;170;12.12;23.49
600.00;900.00;2364.00;25.95;E0_1_3400m;5.00;197;197;12.65;26.06
600.00;900.00;2040.00;23.35;E0_0_3500m;5.00;170;170;12.13;23.47
600.00;900.00;2388.00;25.91;E0_1_3500m;5.00;199;199;12.80;26.03
600.00;900.00;2040.00;23.36;E0_0_3600m;5.00;170;170;12.13;23.49
600.00;900.00;2388.00;25.91;E0_1_3600m;5.00;199;199;12.80;26.04
600.00;900.00;2064.00;23.31;E0_0_3700m;5.00;172;172;12.30;23.42
600.00;900.00;2388.00;25.78;E0_1_3700m;5.00;199;199;12.87;25.89
600.00;900.00;2052.00;23.33;E0_0_3800m;5.00;171;172;12.23;23.44
600.00;900.00;2388.00;25.53;E0_1_3800m;5.00;199;200;13.01;25.65
600.00;900.00;2016.00;23.25;E0_0_3900m;5.00;168;168;12.04;23.35
600.00;900.00;2352.00;25.46;E0_1_3900m;5.00;196;196;12.83;25.54
600.00;900.00;1980.00;23.18;E0_0_4000m;5.00;165;166;11.88;23.28
600.00;900.00;2328.00;25.28;E0_1_4000m;5.00;194;194;12.79;25.36
600.00;900.00;1980.00;23.21;E0_0_4100m;5.00;165;165;11.85;23.40
600.00;900.00;2280.00;25.26;E0_1_4100m;5.00;190;191;12.60;25.33
600.00;900.00;1980.00;23.13;E0_0_4200m;5.00;165;165;11.89;23.24
600.00;900.00;2244.00;25.13;E0_1_4200m;5.00;187;188;12.45;25.19
600.00;900.00;1944.00;23.08;E0_0_4300m;5.00;162;162;11.70;23.19
600.00;900.00;2220.00;25.07;E0_1_4300m;5.00;185;185;12.30;25.12
600.00;900.00;1908.00;23.15;E0_0_4400m;5.00;159;159;11.45;23.26
600.00;900.00;2244.00;25.05;E0_1_4400m;5.00;187;187;12.44;25.10
600.00;900.00;1896.00;23.23;E0_0_4500m;5.00;158;158;11.34;23.35
600.00;900.00;2256.00;25.09;E0_1_4500m;5.00;188;187;12.43;25.14
600.00;900.00;1908.00;23.29;E0_0_4600m;5.00;159;159;11.38;23.42
600.00;900.00;2232.00;25.07;E0_1_4600m;5.00;186;186;12.37;25.12
600.00;900.00;1896.00;23.33;E0_0_4700m;5.00;158;158;11.29;23.47
600.00;900.00;2232.00;25.09;E0_1_4700m;5.00;186;186;12.36;25.15
600.00;900.00;1860.00;23.32;E0_0_4800m;5.00;155;155;11.08;23.46
600.00;900.00;2220.00;25.16;E0_1_4800m;5.00;185;185;12.25;25.23
600.00;900.00;1884.00;23.37;E0_0_4900m;5.00;157;157;11.20;23.51
600.00;900.00;2196.00;25.20;E0_1_4900m;5.00;183;183;12.10;25.27
600.00;900.00;1896.00;23.39;E0_0_5000m;5.00;158;158;11.26;23.53
600.00;900.00;2184.00;25.18;E0_1_5000m;5.00;182;182;12.04;25.25
900.00;1200.00;0.00;-1.00;E0_0_0m;-1.00;0;0;0.00;-1.00
900.00;1200.00;0.00;-1.00;E0_1_0m;-1.00;0;0;0.00;-1.00
900.00;1200.00;1812.00;26.35;E0_0_100m;5.00;151;151;9.55;26.50
900.00;1200.00;2148.00;27.81;E0_1_100m;5.00;179;179;10.73;27.94
900.00;1200.00;1896.00;26.27;E0_0_200m;5.00;158;157;10.01;26.45
900.00;1200.00;2076.00;28.20;E0_1_200m;5.00;173;173;10.23;28.37
900.00;1200.00;1872.00;26.00;E0_0_300m;5.00;156;156;10.00;26.16
900.00;1200.00;2112.00;28.20;E0_1_300m;5.00;176;177;10.42;28.40
900.00;1200.00;1872.00;25.85;E0_0_400m;5.00;156;156;10.06;26.01
900.00;1200.00;2160.00;28.06;E0_1_400m;5.00;180;180;10.69;28.24
900.00;1200.00;1860.00;25.68;E0_0_500m;5.00;155;155;10.06;25.85
900.00;1200.00;2172.00;27.93;E0_1_500m;5.00;181;181;10.80;28.09
900.00;1200.00;1884.00;25.58;E0_0_600m;5.00;157;156;10.18;25.75
900.00;1200.00;2172.00;27.86;E0_1_600m;5.00;181;181;10.83;27.99
900.00;1200.00;1860.00;25.40;E0_0_700m;5.00;155;155;10.17;25.58
900.00;1200.00;2148.00;27.67;E0_1_700m;5.00;179;180;10.80;27.80
900.00;1200.00;1872.00;25.26;E0_0_800m;5.00;156;156;10.29;25.42
900.00;1200.00;2148.00;27.52;E0_1_800m;5.00;179;179;10.84;27.64
900.00;1200.00;1836.00;25.16;E0_0_900m;5.00;153;154;10.15;25.32
900.00;1200.00;2172.00;27.41;E0_1_900m;5.00;181;180;10.96;27.52
900.00;1200.00;1836.00;25.12;E0_0_1000m;5.00;153;153;10.15;25.27
900.00;1200.00;2172.00;27.30;E0_1_1000m;5.00;181;181;11.05;27.41
900.00;1200.00;1860.00;25.09;E0_0_1100m;5.00;155;156;10.32;25.25
900.00;1200.00;2148.00;27.22;E0_1_1100m;5.00;179;180;10.99;27.35
900.00;1200.00;1836.00;25.05;E0_0_1200m;5.00;153;153;10.18;25.20
900.00;1200.00;2172.00;27.20;E0_1_1200m;5.00;181;182;11.15;27.33
900.00;1200.00;1848.00;24.91;E0_0_1300m;5.00;154;154;10.30;25.05
900.00;1200.00;2160.00;27.17;E0_1_1300m;5.00;180;180;11.04;27.30
900.00;1200.00;1848.00;24.78;E0_0_1400m;5.00;154;154;10.36;24.91
900.00;1200.00;2172.00;27.17;E0_1_1400m;5.00;181;181;11.10;27.31
900.00;1200.00;1872.00;24.69;E0_0_1500m;5.00;156;156;10.53;24.82
900.00;1200.00;2172.00;27.16;E0_1_1500m;5.00;181;182;11.14;27.30
900.00;1200.00;1836.00;24.68;E0_0_1600m;5.00;153;153;10.33;24.81
900.00;1200.00;2220.00;27.04;E0_1_1600m;5.00;185;184;11.36;27.18
900.00;1200.00;1812.00;24.62;E0_0_1700m;5.00;151;152;10.28;24.76
900.00;1200.00;2208.00;26.97;E0_1_1700m;5.00;184;184;11.37;27.10
900.00;1200.00;1812.00;24.53;E0_0_1800m;5.00;151;151;10.26;24.65
900.00;1200.00;2208.00;26.93;E0_1_1800m;5.00;184;185;11.41;27.05
900.00;1200.00;1788.00;24.55;E0_0_1900m;5.00;149;149;10.12;24.63
900.00;1200.00;2232.00;26.84;E0_1_1900m;5.00;186;186;11.55;26.97
900.00;1200.00;1788.00;24.52;E0_0_2000m;5.00;149;149;10.13;24.58
900.00;1200.00;2232.00;26.77;E0_1_2000m;5.00;186;186;11.58;26.89
900.00;1200.00;1776.00;24.33;E0_0_2100m;5.00;148;148;10.14;24.38
900.00;1200.00;2244.00;26.76;E0_1_2100m;5.00;187;187;11.64;26.89
900.00;1200.00;1764.00;24.27;E0_0_2200m;5.00;147;148;10.17;24.32
900.00;1200.00;2244.00;26.79;E0_1_2200m;5.00;187;187;11.63;26.93
900.00;1200.00;1788.00;24.33;E0_0_2300m;5.00;149;149;10.21;24.39
900.00;1200.00;2196.00;26.88;E0_1_2300m;5.00;183;183;11.35;27.05
900.00;1200.00;1764.00;24.27;E0_0_2400m;5.00;147;147;10.10;24.34
900.00;1200.00;2208.00;27.00;E0_1_2400m;5.00;184;185;11.36;27.19
900.00;1200.00;1788.00;24.19;E0_0_2500m;5.00;149;149;10.27;24.28
900.00;1200.00;2208.00;26.99;E0_1_2500m;5.00;184;184;11.36;27.17
900.00;1200.00;1764.00;24.20;E0_0_2600m;5.00;147;147;10.12;24.28
900.00;1200.00;2268.00;27.04;E0_1_2600m;5.00;189;189;11.65;27.21
900.00;1200.00;1812.00;24.27;E0_0_2700m;5.00;151;150;10.36;24.33
900.00;1200.00;2280.00;27.03;E0_1_2700m;5.00;190;190;11.71;27.20
900.00;1200.00;1824.00;24.27;E0_0_2800m;5.00;152;152;10.44;24.33
900.00;1200.00;2304.00;26.98;E0_1_2800m;5.00;192;192;11.86;27.14
900.00;1200.00;1860.00;24.20;E0_0_2900m;5.00;155;155;10.68;24.25
900.00;1200.00;2280.00;26.91;E0_1_2900m;5.00;190;190;11.77;27.08
900.00;1200.00;1872.00;24.12;E0_0_3000m;5.00;156;155;10.77;24.17
900.00;1200.00;2268.00;26.82;E0_1_3000m;5.00;189;189;11.75;26.98
900.00;1200.00;1848.00;24.12;E0_0_3100m;5.00;154;154;10.64;24.18
900.00;1200.00;2268.00;26.72;E0_1_3100m;5.00;189;189;11.79;26.88
900.00;1200.00;1836.00;24.08;E0_0_3200m;5.00;153;153;10.59;24.13
900.00;1200.00;2256.00;26.64;E0_1_3200m;5.00;188;188;11.76;26.78
900.00;1200.00;1872.00;23.97;E0_0_3300m;5.00;156;156;10.85;24.03
900.00;1200.00;2256.00;26.61;E0_1_3300m;5.00;188;188;11.78;26.74
900.00;1200.00;1884.00;24.02;E0_0_3400m;5.00;157;157;10.89;24.08
900.00;1200.00;2256.00;26.60;E0_1_3400m;5.00;188;188;11.78;26.74
900.00;1200.00;1884.00;24.11;E0_0_3500m;5.00;157;157;10.85;24.17
900.00;1200.00;2244.00;26.68;E0_1_3500m;5.00;187;187;11.68;26.84
900.00;1200.00;1896.00;24.14;E0_0_3600m;5.00;158;158;10.91;24.20
900.00;1200.00;2232.00;26.80;E0_1_3600m;5.00;186;186;11.57;26.96
900.00;1200.00;1872.00;24.18;E0_0_3700m;5.00;156;156;10.75;24.24
900.00;1200.00;2232.00;26.88;E0_1_3700m;5.00;186;186;11.53;27.06
900.00;1200.00;1884.00;24.15;E0_0_3800m;5.00;157;157;10.84;24.20
900.00;1200.00;2268.00;26.92;E0_1_3800m;5.00;189;189;11.70;27.10
900.00;1200.00;1920.00;24.14;E0_0_3900m;5.00;160;160;11.04;24.20
900.00;1200.00;2280.00;26.96;E0_1_3900m;5.00;190;190;11.75;27.15
900.00;1200.00;1920.00;24.15;E0_0_4000m;5.00;160;160;11.04;24.21
900.00;1200.00;2340.00;26.95;E0_1_4000m;5.00;195;195;12.06;27.14
900.00;1200.00;1872.00;24.17;E0_0_4100m;5.00;156;156;10.76;24.23
900.00;1200.00;2364.00;26.99;E0_1_4100m;5.00;197;197;12.16;27.19
900.00;1200.00;1848.00;24.15;E0_0_4200m;5.00;154;154;10.63;24.22
900.00;1200.00;2364.00;27.04;E0_1_4200m;5.00;197;196;12.09;27.24
900.00;1200.00;1848.00;24.19;E0_0_4300m;5.00;154;154;10.61;24.27
900.00;1200.00;2364.00;26.94;E0_1_4300m;5.00;197;198;12.20;27.12
900.00;1200.00;1860.00;24.15;E0_0_4400m;5.00;155;155;10.70;24.21
900.00;1200.00;2364.00;26.83;E0_1_4400m;5.00;197;197;12.24;26.99
900.00;1200.00;1896.00;24.22;E0_0_4500m;5.00;158;158;10.87;24.29
900.00;1200.00;2340.00;26.68;E0_1_4500m;5.00;195;195;12.18;26.83
900.00;1200.00;1896.00;24.32;E0_0_4600m;5.00;158;158;10.83;24.39
900.00;1200.00;2364.00;26.59;E0_1_4600m;5.00;197;197;12.35;26.73
900.00;1200.00;1932.00;24.31;E0_0_4700m;5.00;161;161;11.04;24.38
900.00;1200.00;2364.00;26.51;E0_1_4700m;5.00;197;198;12.40;26.63
900.00;1200.00;1956.00;24.33;E0_0_4800m;5.00;163;163;11.16;24.39
900.00;1200.00;2364.00;26.51;E0_1_4800m;5.00;197;197;12.39;26.64
900.00;1200.00;1992.00;24.42;E0_0_4900m;5.00;166;166;11.33;24.48
900.00;1200.00;2364.00;26.56;E0_1_4900m;5.00;197;198;12.40;26.70
900.00;1200.00;1980.00;24.43;E0_0_5000m;5.00;165;165;11.26;24.50
900.00;1200.00;2400.00;26.69;E0_1_5000m;5.00;200;200;12.49;26.85
1200.00;1500.00;0.00;-1.00;E0_0_0m;-1.00;0;0;0.00;-1.00
1200.00;1500.00;0.00;-1.00;E0_1_0m;-1.00;0;0;0.00;-1.00
1200.00;1500.00;1764.00;26.17;E0_0_100m;5.00;147;147;9.36;26.29
1200.00;1500.00;2280.00;26.83;E0_1_100m;5.00;190;191;11.82;26.96
1200.00;1500.00;1764.00;25.89;E0_0_200m;5.00;147;147;9.46;26.01
1200.00;1500.00;2280.00;26.95;E0_1_200m;5.00;190;190;11.75;27.08
1200.00;1500.00;1752.00;25.75;E0_0_300m;5.00;146;145;9.45;25.89
1200.00;1500.00;2292.00;26.81;E0_1_300m;5.00;191;191;11.87;26.95
1200.00;1500.00;1728.00;25.64;E0_0_400m;5.00;144;144;9.36;25.79
1200.00;1500.00;2256.00;26.69;E0_1_400m;5.00;188;189;11.78;26.84
1200.00;1500.00;1716.00;25.63;E0_0_500m;5.00;143;143;9.30;25.76
1200.00;1500.00;2268.00;26.57;E0_1_500m;5.00;189;189;11.86;26.72
1200.00;1500.00;1728.00;25.54;E0_0_600m;5.00;144;144;9.40;25.65
1200.00;1500.00;2244.00;26.49;E0_1_600m;5.00;187;187;11.77;26.64
1200.00;1500.00;1728.00;25.46;E0_0_700m;5.00;144;144;9.43;25.56
1200.00;1500.00;2232.00;26.41;E0_1_700m;5.00;186;186;11.74;26.56
1200.00;1500.00;1740.00;25.34;E0_0_800m;5.00;145;145;9.54;25.45
1200.00;1500.00;2196.00;26.33;E0_1_800m;5.00;183;183;11.58;26.48
1200.00;1500.00;1728.00;25.24;E0_0_900m;5.00;144;144;9.55;25.33
1200.00;1500.00;2220.00;26.22;E0_1_900m;5.00;185;185;11.76;26.38
1200.00;1500.00;1740.00;25.20;E0_0_1000m;5.00;145;145;9.59;25.29
1200.00;1500.00;2244.00;26.16;E0_1_1000m;5.00;187;187;11.91;26.31
1200.00;1500.00;1752.00;25.13;E0_0_1100m;5.00;146;145;9.66;25.21
1200.00;1500.00;2232.00;26.18;E0_1_1100m;5.00;186;185;11.81;26.33
1200.00;1500.00;1764.00;25.05;E0_0_1200m;5.00;147;147;9.78;25.13
1200.00;1500.00;2232.00;26.10;E0_1_1200m;5.00;186;185;11.82;26.24
1200.00;1500.00;1776.00;25.15;E0_0_1300m;5.00;148;148;9.81;25.24
1200.00;1500.00;2220.00;26.00;E0_1_1300m;5.00;185;185;11.86;26.12
1200.00;1500.00;1788.00;25.09;E0_0_1400m;5.00;149;150;9.96;25.20
1200.00;1500.00;2208.00;25.89;E0_1_1400m;5.00;184;185;11.89;26.01
1200.00;1500.00;1776.00;25.02;E0_0_1500m;5.00;148;148;9.86;25.10
1200.00;1500.00;2196.00;25.74;E0_1_1500m;5.00;183;182;11.81;25.86
1200.00;1500.00;1800.00;24.79;E0_0_1600m;5.00;150;151;10.12;24.88
1200.00;1500.00;2220.00;25.67;E0_1_1600m;5.00;185;185;12.01;25.80
1200.00;1500.00;1848.00;24.64;E0_0_1700m;5.00;154;153;10.35;24.72
1200.00;1500.00;2232.00;25.63;E0_1_1700m;5.00;186;186;12.09;25.76
1200.00;1500.00;1860.00;24.42;E0_0_1800m;5.00;155;155;10.58;24.52
1200.00;1500.00;2220.00;25.60;E0_1_1800m;5.00;185;185;12.04;25.73
1200.00;1500.00;1884.00;24.38;E0_0_1900m;5.00;157;157;10.73;24.47
1200.00;1500.00;2208.00;25.53;E0_1_1900m;5.00;184;184;12.01;25.65
1200.00;1500.00;1896.00;24.32;E0_0_2000m;5.00;158;158;10.83;24.42
1200.00;1500.00;2232.00;25.39;E0_1_2000m;5.00;186;186;12.21;25.51
1200.00;1500.00;1872.00;24.19;E0_0_2100m;5.00;156;156;10.75;24.28
1200.00;1500.00;2268.00;25.39;E0_1_2100m;5.00;189;188;12.40;25.52
1200.00;1500.00;1872.00;24.05;E0_0_2200m;5.00;156;155;10.74;24.13
1200.00;1500.00;2268.00;25.42;E0_1_2200m;5.00;189;189;12.39;25.55
1200.00;1500.00;1824.00;23.88;E0_0_2300m;5.00;152;152;10.61;23.95
1200.00;1500.00;2292.00;25.48;E0_1_2300m;5.00;191;191;12.49;25.61
1200.00;1500.00;1800.00;23.86;E0_0_2400m;5.00;150;151;10.49;23.94
1200.00;1500.00;2292.00;25.56;E0_1_2400m;5.00;191;190;12.45;25.70
1200.00;1500.00;1824.00;23.90;E0_0_2500m;5.00;152;152;10.60;23.98
1200.00;1500.00;2244.00;25.59;E0_1_2500m;5.00;187;188;12.18;25.73
1200.00;1500.00;1812.00;23.85;E0_0_2600m;5.00;151;151;10.55;23.92
1200.00;1500.00;2208.00;25.38;E0_1_2600m;5.00;184;185;12.14;25.50
1200.00;1500.00;1800.00;23.85;E0_0_2700m;5.00;150;150;10.48;23.92
1200.00;1500.00;2172.00;25.27;E0_1_2700m;5.00;181;181;11.94;25.41
1200.00;1500.00;1752.00;23.78;E0_0_2800m;5.00;146;146;10.23;23.86
1200.00;1500.00;2172.00;25.29;E0_1_2800m;5.00;181;181;11.93;25.46
1200.00;1500.00;1788.00;23.83;E0_0_2900m;5.00;149;149;10.42;23.92
1200.00;1500.00;2124.00;25.39;E0_1_2900m;5.00;177;177;11.62;25.61
1200.00;1500.00;1788.00;23.93;E0_0_3000m;5.00;149;149;10.38;24.02
1200.00;1500.00;2100.00;25.47;E0_1_3000m;5.00;175;176;11.48;25.70
1200.00;1500.00;1764.00;23.93;E0_0_3100m;5.00;147;147;10.24;24.02
1200.00;1500.00;2112.00;25.53;E0_1_3100m;5.00;176;177;11.49;25.76
1200.00;1500.00;1764.00;23.95;E0_0_3200m;5.00;147;147;10.23;24.04
1200.00;1500.00;2100.00;25.63;E0_1_3200m;5.00;175;175;11.38;25.85
1200.00;1500.00;1740.00;23.99;E0_0_3300m;5.00;145;145;10.07;24.08
1200.00;1500.00;2088.00;25.70;E0_1_3300m;5.00;174;174;11.29;25.90
1200.00;1500.00;1728.00;24.16;E0_0_3400m;5.00;144;144;9.93;24.24
1200.00;1500.00;2088.00;25.80;E0_1_3400m;5.00;174;174;11.24;26.00
1200.00;1500.00;1728.00;24.18;E0_0_3500m;5.00;144;144;9.93;24.27
1200.00;1500.00;2076.00;25.92;E0_1_3500m;5.00;173;173;11.12;26.10
1200.00;1500.00;1716.00;24.17;E0_0_3600m;5.00;143;143;9.86;24.27
1200.00;1500.00;2088.00;25.95;E0_1_3600m;5.00;174;174;11.18;26.12
1200.00;1500.00;1716.00;24.01;E0_0_3700m;5.00;143;143;9.93;24.09
1200.00;1500.00;2100.00;25.95;E0_1_3700m;5.00;175;175;11.24;26.10
1200.00;1500.00;1680.00;23.85;E0_0_3800m;5.00;140;141;9.79;23.93
1200.00;1500.00;2076.00;25.93;E0_1_3800m;5.00;173;174;11.12;26.11
1200.00;1500.00;1668.00;23.84;E0_0_3900m;5.00;139;139;9.72;23.93
1200.00;1500.00;2052.00;26.13;E0_1_3900m;5.00;171;171;10.91;26.29
1200.00;1500.00;1668.00;23.92;E0_0_4000m;5.00;139;139;9.68;24.03
1200.00;1500.00;1992.00;26.14;E0_1_4000m;5.00;166;166;10.58;26.30
1200.00;1500.00;1668.00;24.03;E0_0_4100m;5.00;139;140;9.70;24.14
1200.00;1500.00;1980.00;26.07;E0_1_4100m;5.00;165;165;10.55;26.23
1200.00;1500.00;1680.00;24.20;E0_0_4200m;5.00;140;140;9.64;24.30
1200.00;1500.00;1968.00;26.08;E0_1_4200m;5.00;164;164;10.48;26.23
1200.00;1500.00;1656.00;24.34;E0_0_4300m;5.00;138;138;9.45;24.45
1200.00;1500.00;1980.00;26.11;E0_1_4300m;5.00;165;164;10.52;26.25
1200.00;1500.00;1632.00;24.33;E0_0_4400m;5.00;136;136;9.31;24.44
1200.00;1500.00;1992.00;26.20;E0_1_4400m;5.00;166;166;10.56;26.34
1200.00;1500.00;1656.00;24.28;E0_0_4500m;5.00;138;138;9.47;24.38
1200.00;1500.00;1968.00;26.34;E0_1_4500m;5.00;164;165;10.44;26.48
1200.00;1500.00;1680.00;24.16;E0_0_4600m;5.00;140;140;9.66;24.27
1200.00;1500.00;1968.00;26.41;E0_1_4600m;5.00;164;164;10.35;26.55
1200.00;1500.00;1704.00;24.13;E0_0_4700m;5.00;142;142;9.81;24.22
1200.00;1500.00;1980.00;26.37;E0_1_4700m;5.00;165;164;10.41;26.53
1200.00;1500.00;1680.00;24.06;E0_0_4800m;5.00;140;140;9.70;24.15
1200.00;1500.00;2040.00;26.33;E0_1_4800m;5.00;170;170;10.76;26.48
1200.00;1500.00;1680.00;23.89;E0_0_4900m;5.00;140;140;9.77;23.99
1200.00;1500.00;2076.00;26.37;E0_1_4900m;5.00;173;172;10.90;26.54
1200.00;1500.00;1704.00;23.83;E0_0_5000m;5.00;142;142;9.93;23.95
1200.00;1500.00;2088.00;26.33;E0_1_5000m;5.00;174;174;11.01;26.51
1500.00;1800.00;0.00;-1.00;E0_0_0m;-1.00;0;0;0.00;-1.00
1500.00;1800.00;0.00;-1.00;E0_1_0m;-1.00;0;0;0.00;-1.00
1500.00;1800.00;1872.00;25.89;E0_0_100m;5.00;156;156;10.04;25.99
1500.00;1800.00;2376.00;27.15;E0_1_100m;5.00;198;197;12.13;27.26
1500.00;1800.00;1860.00;25.90;E0_0_200m;5.00;155;155;9.97;26.01
1500.00;1800.00;2364.00;27.28;E0_1_200m;5.00;197;197;12.03;27.41
1500.00;1800.00;1884.00;25.90;E0_0_300m;5.00;157;157;10.10;25.99
1500.00;1800.00;2316.00;27.22;E0_1_300m;5.00;193;194;11.85;27.34
1500.00;1800.00;1860.00;25.72;E0_0_400m;5.00;155;156;10.09;25.81
1500.00;1800.00;2340.00;27.03;E0_1_400m;5.00;195;194;11.98;27.15
1500.00;1800.00;1848.00;25.57;E0_0_500m;5.00;154;154;10.04;25.64
1500.00;1800.00;2340.00;26.78;E0_1_500m;5.00;195;195;12.13;26.90
1500.00;1800.00;1872.00;25.39;E0_0_600m;5.00;156;156;10.24;25.45
1500.00;1800.00;2340.00;26.47;E0_1_600m;5.00;195;195;12.28;26.55
1500.00;1800.00;1884.00;25.23;E0_0_700m;5.00;157;157;10.37;25.29
1500.00;1800.00;2328.00;26.20;E0_1_700m;5.00;194;194;12.34;26.28
1500.00;1800.00;1872.00;25.08;E0_0_800m;5.00;156;157;10.39;25.14
1500.00;1800.00;2340.00;26.05;E0_1_800m;5.00;195;195;12.48;26.15
1500.00;1800.00;1860.00;24.99;E0_0_900m;5.00;155;154;10.28;25.05
1500.00;1800.00;2340.00;25.96;E0_1_900m;5.00;195;195;12.52;26.09
1500.00;1800.00;1860.00;24.90;E0_0_1000m;5.00;155;155;10.37;24.97
1500.00;1800.00;2292.00;25.91;E0_1_1000m;5.00;191;191;12.29;26.05
1500.00;1800.00;1872.00;24.80;E0_0_1100m;5.00;156;157;10.49;24.87
1500.00;1800.00;2268.00;25.85;E0_1_1100m;5.00;189;189;12.18;26.00
1500.00;1800.00;1824.00;24.79;E0_0_1200m;5.00;152;152;10.22;24.86
1500.00;1800.00;2304.00;25.80;E0_1_1200m;5.00;192;192;12.40;25.95
1500.00;1800.00;1824.00;24.78;E0_0_1300m;5.00;152;152;10.22;24.85
1500.00;1800.00;2304.00;25.75;E0_1_1300m;5.00;192;192;12.42;25.89
1500.00;1800.00;1764.00;24.72;E0_0_1400m;5.00;147;146;9.85;24.79
1500.00;1800.00;2352.00;25.73;E0_1_1400m;5.00;196;196;12.70;25.86
1500.00;1800.00;1764.00;24.74;E0_0_1500m;5.00;147;147;9.90;24.81
1500.00;1800.00;2352.00;25.72;E0_1_1500m;5.00;196;196;12.70;25.84
1500.00;1800.00;1716.00;24.84;E0_0_1600m;5.00;143;143;9.60;24.90
1500.00;1800.00;2340.00;25.73;E0_1_1600m;5.00;195;195;12.63;25.85
1500.00;1800.00;1704.00;24.82;E0_0_1700m;5.00;142;142;9.54;24.88
1500.00;1800.00;2328.00;25.78;E0_1_1700m;5.00;194;194;12.54;25.89
1500.00;1800.00;1716.00;24.84;E0_0_1800m;5.00;143;143;9.60;24.90
1500.00;1800.00;2316.00;25.84;E0_1_1800m;5.00;193;193;12.45;25.95
1500.00;1800.00;1704.00;24.87;E0_0_1900m;5.00;142;143;9.53;24.93
1500.00;1800.00;2316.00;25.87;E0_1_1900m;5.00;193;193;12.43;25.97
1500.00;1800.00;1668.00;24.93;E0_0_2000m;5.00;139;140;9.33;25.00
1500.00;1800.00;2304.00;25.98;E0_1_2000m;5.00;192;192;12.32;26.08
1500.00;1800.00;1668.00;24.96;E0_0_2100m;5.00;139;139;9.28;25.03
1500.00;1800.00;2292.00;26.13;E0_1_2100m;5.00;191;191;12.18;26.22
1500.00;1800.00;1716.00;25.07;E0_0_2200m;5.00;143;144;9.58;25.12
1500.00;1800.00;2244.00;26.17;E0_1_2200m;5.00;187;187;11.91;26.25
1500.00;1800.00;1728.00;25.07;E0_0_2300m;5.00;144;144;9.57;25.11
1500.00;1800.00;2268.00;26.03;E0_1_2300m;5.00;189;189;12.10;26.07
1500.00;1800.00;1740.00;25.00;E0_0_2400m;5.00;145;144;9.66;25.05
1500.00;1800.00;2316.00;25.89;E0_1_2400m;5.00;193;193;12.42;25.92
1500.00;1800.00;1752.00;24.96;E0_0_2500m;5.00;146;146;9.75;25.00
1500.00;1800.00;2352.00;25.75;E0_1_2500m;5.00;196;195;12.68;25.77
1500.00;1800.00;1752.00;24.85;E0_0_2600m;5.00;146;146;9.79;24.90
1500.00;1800.00;2412.00;25.66;E0_1_2600m;5.00;201;200;13.00;25.70
1500.00;1800.00;1764.00;24.79;E0_0_2700m;5.00;147;147;9.88;24.83
1500.00;1800.00;2424.00;25.58;E0_1_2700m;5.00;202;202;13.16;25.62
1500.00;1800.00;1776.00;24.85;E0_0_2800m;5.00;148;148;9.93;24.90
1500.00;1800.00;2424.00;25.57;E0_1_2800m;5.00;202;202;13.17;25.62
1500.00;1800.00;1788.00;24.87;E0_0_2900m;5.00;149;149;9.98;24.93
1500.00;1800.00;2448.00;25.62;E0_1_2900m;5.00;204;204;13.27;25.68
1500.00;1800.00;1836.00;24.77;E0_0_3000m;5.00;153;153;10.29;24.82
1500.00;1800.00;2424.00;25.55;E0_1_3000m;5.00;202;201;13.15;25.64
1500.00;1800.00;1860.00;24.62;E0_0_3100m;5.00;155;155;10.49;24.67
1500.00;1800.00;2424.00;25.44;E0_1_3100m;5.00;202;201;13.23;25.51
1500.00;1800.00;1860.00;24.58;E0_0_3200m;5.00;155;156;10.57;24.63
1500.00;1800.00;2424.00;25.46;E0_1_3200m;5.00;202;203;13.24;25.53
1500.00;1800.00;1908.00;24.46;E0_0_3300m;5.00;159;159;10.83;24.51
1500.00;1800.00;2400.00;25.34;E0_1_3300m;5.00;200;200;13.16;25.41
1500.00;1800.00;1896.00;24.35;E0_0_3400m;5.00;158;158;10.81;24.41
1500.00;1800.00;2400.00;25.19;E0_1_3400m;5.00;200;200;13.23;25.26
1500.00;1800.00;1908.00;24.30;E0_0_3500m;5.00;159;159;10.91;24.35
1500.00;1800.00;2388.00;25.10;E0_1_3500m;5.00;199;199;13.21;25.17
1500.00;1800.00;1896.00;24.26;E0_0_3600m;5.00;158;158;10.86;24.30
1500.00;1800.00;2400.00;24.96;E0_1_3600m;5.00;200;200;13.35;25.02
1500.00;1800.00;1884.00;24.21;E0_0_3700m;5.00;157;157;10.81;24.25
1500.00;1800.00;2400.00;24.82;E0_1_3700m;5.00;200;200;13.43;24.87
1500.00;1800.00;1896.00;24.17;E0_0_3800m;5.00;158;158;10.90;24.20
1500.00;1800.00;2400.00;24.73;E0_1_3800m;5.00;200;200;13.48;24.79
1500.00;1800.00;1884.00;24.04;E0_0_3900m;5.00;157;157;10.88;24.08
1500.00;1800.00;2412.00;24.63;E0_1_3900m;5.00;201;201;13.60;24.69
1500.00;1800.00;1908.00;23.93;E0_0_4000m;5.00;159;159;11.07;23.97
1500.00;1800.00;2388.00;24.51;E0_1_4000m;5.00;199;200;13.55;24.57
1500.00;1800.00;1920.00;24.00;E0_0_4100m;5.00;160;159;11.05;24.03
1500.00;1800.00;2388.00;24.39;E0_1_4100m;5.00;199;199;13.60;24.45
1500.00;1800.00;1908.00;24.03;E0_0_4200m;5.00;159;159;11.03;24.05
1500.00;1800.00;2400.00;24.33;E0_1_4200m;5.00;200;200;13.70;24.38
1500.00;1800.00;1932.00;23.91;E0_0_4300m;5.00;161;161;11.22;23.94
1500.00;1800.00;2412.00;24.29;E0_1_4300m;5.00;201;201;13.79;24.32
1500.00;1800.00;1956.00;23.85;E0_0_4400m;5.00;163;163;11.39;23.87
1500.00;1800.00;2412.00;24.28;E0_1_4400m;5.00;201;201;13.80;24.32
1500.00;1800.00;1956.00;23.88;E0_0_4500m;5.00;163;164;11.39;23.91
1500.00;1800.00;2424.00;24.24;E0_1_4500m;5.00;202;201;13.83;24.27
1500.00;1800.00;1944.00;23.97;E0_0_4600m;5.00;162;162;11.27;23.99
1500.00;1800.00;2400.00;24.21;E0_1_4600m;5.00;200;200;13.77;24.24
1500.00;1800.00;1920.00;23.99;E0_0_4700m;5.00;160;160;11.12;24.01
1500.00;1800.00;2364.00;24.23;E0_1_4700m;5.00;197;197;13.55;24.26
1500.00;1800.00;1884.00;24.11;E0_0_4800m;5.00;157;157;10.85;24.14
1500.00;1800.00;2328.00;24.33;E0_1_4800m;5.00;194;194;13.29;24.38
1500.00;1800.00;1860.00;24.20;E0_0_4900m;5.00;155;155;10.68;24.23
1500.00;1800.00;2280.00;24.40;E0_1_4900m;5.00;190;190;12.98;24.44
1500.00;1800.00;1836.00;24.30;E0_0_5000m;5.00;153;153;10.50;24.33
1500.00;1800.00;2244.00;24.49;E0_1_5000m;5.00;187;187;12.73;24.52
1800.00;2100.00;0.00;-1.00;E0_0_0m;-1.00;0;0;0.00;-1.00
1800.00;2100.00;0.00;-1.00;E0_1_0m;-1.00;0;0;0.00;-1.00
1800.00;2100.00;1824.00;25.96;E0_0_100m;5.00;152;152;9.76;26.11
1800.00;2100.00;2232.00;26.96;E0_1_100m;5.00;186;186;11.50;27.11
1800.00;2100.00;1812.00;26.05;E0_0_200m;5.00;151;151;9.66;26.22
1800.00;2100.00;2232.00;27.21;E0_1_200m;5.00;186;186;11.39;27.37
1800.00;2100.00;1812.00;25.95;E0_0_300m;5.00;151;151;9.70;26.13
1800.00;2100.00;2244.00;27.08;E0_1_300m;5.00;187;187;11.53;27.23
1800.00;2100.00;1788.00;26.01;E0_0_400m;5.00;149;149;9.55;26.19
1800.00;2100.00;2280.00;26.97;E0_1_400m;5.00;190;190;11.74;27.11
1800.00;2100.00;1812.00;25.80;E0_0_500m;5.00;151;151;9.76;25.98
1800.00;2100.00;2256.00;26.91;E0_1_500m;5.00;188;189;11.64;27.07
1800.00;2100.00;1800.00;25.70;E0_0_600m;5.00;150;150;9.73;25.86
1800.00;2100.00;2280.00;26.82;E0_1_600m;5.00;190;190;11.81;26.98
1800.00;2100.00;1836.00;25.57;E0_0_700m;5.00;153;153;9.97;25.71
1800.00;2100.00;2268.00;26.71;E0_1_700m;5.00;189;189;11.79;26.86
1800.00;2100.00;1860.00;25.42;E0_0_800m;5.00;155;154;10.15;25.55
1800.00;2100.00;2280.00;26.54;E0_1_800m;5.00;190;190;11.93;26.67
1800.00;2100.00;1908.00;25.28;E0_0_900m;5.00;159;159;10.48;25.42
1800.00;2100.00;2280.00;26.37;E0_1_900m;5.00;190;190;12.01;26.48
1800.00;2100.00;1920.00;25.17;E0_0_1000m;5.00;160;160;10.59;25.31
1800.00;2100.00;2280.00;26.07;E0_1_1000m;5.00;190;190;12.15;26.18
1800.00;2100.00;1920.00;25.15;E0_0_1100m;5.00;160;159;10.60;25.26
1800.00;2100.00;2292.00;25.84;E0_1_1100m;5.00;191;191;12.32;25.95
1800.00;2100.00;1920.00;25.10;E0_0_1200m;5.00;160;160;10.62;25.21
1800.00;2100.00;2280.00;25.75;E0_1_1200m;5.00;190;190;12.30;25.89
1800.00;2100.00;1896.00;25.07;E0_0_1300m;5.00;158;158;10.51;25.18
1800.00;2100.00;2292.00;25.71;E0_1_1300m;5.00;191;191;12.38;25.86
1800.00;2100.00;1884.00;25.08;E0_0_1400m;5.00;157;157;10.43;25.20
1800.00;2100.00;2304.00;25.73;E0_1_1400m;5.00;192;192;12.44;25.89
1800.00;2100.00;1872.00;25.12;E0_0_1500m;5.00;156;156;10.35;25.24
1800.00;2100.00;2316.00;25.82;E0_1_1500m;5.00;193;193;12.46;25.99
1800.00;2100.00;1872.00;24.89;E0_0_1600m;5.00;156;156;10.45;25.00
1800.00;2100.00;2316.00;25.82;E0_1_1600m;5.00;193;194;12.51;26.00
1800.00;2100.00;1860.00;24.76;E0_0_1700m;5.00;155;156;10.50;24.88
1800.00;2100.00;2304.00;25.67;E0_1_1700m;5.00;192;193;12.51;25.86
1800.00;2100.00;1860.00;24.67;E0_0_1800m;5.00;155;155;10.47;24.79
1800.00;2100.00;2304.00;25.51;E0_1_1800m;5.00;192;192;12.55;25.70
1800.00;2100.00;1860.00;24.49;E0_0_1900m;5.00;155;155;10.56;24.61
1800.00;2100.00;2304.00;25.18;E0_1_1900m;5.00;192;192;12.71;25.39
1800.00;2100.00;1872.00;24.23;E0_0_2000m;5.00;156;155;10.70;24.35
1800.00;2100.00;2328.00;24.93;E0_1_2000m;5.00;194;194;12.97;25.15
1800.00;2100.00;1884.00;23.98;E0_0_2100m;5.00;157;157;10.91;24.09
1800.00;2100.00;2316.00;24.72;E0_1_2100m;5.00;193;193;13.01;24.94
1800.00;2100.00;1884.00;23.76;E0_0_2200m;5.00;157;156;10.94;23.86
1800.00;2100.00;2316.00;24.46;E0_1_2200m;5.00;193;193;13.15;24.68
1800.00;2100.00;1872.00;23.62;E0_0_2300m;5.00;156;156;11.01;23.71
1800.00;2100.00;2304.00;24.20;E0_1_2300m;5.00;192;192;13.22;24.40
1800.00;2100.00;1836.00;23.51;E0_0_2400m;5.00;153;153;10.85;23.58
1800.00;2100.00;2268.00;23.98;E0_1_2400m;5.00;189;189;13.14;24.15
1800.00;2100.00;1824.00;23.35;E0_0_2500m;5.00;152;152;10.85;23.40
1800.00;2100.00;2220.00;23.74;E0_1_2500m;5.00;185;185;12.99;23.88
1800.00;2100.00;1812.00;23.15;E0_0_2600m;5.00;151;151;10.87;23.19
1800.00;2100.00;2220.00;23.47;E0_1_2600m;5.00;185;185;13.14;23.57
1800.00;2100.00;1788.00;23.02;E0_0_2700m;5.00;149;149;10.79;23.05
1800.00;2100.00;2256.00;23.33;E0_1_2700m;5.00;188;189;13.47;23.43
1800.00;2100.00;1776.00;22.96;E0_0_2800m;5.00;148;148;10.74;22.99
1800.00;2100.00;2256.00;23.27;E0_1_2800m;5.00;188;189;13.50;23.36
1800.00;2100.00;1764.00;22.96;E0_0_2900m;5.00;147;147;10.67;22.99
1800.00;2100.00;2244.00;23.24;E0_1_2900m;5.00;187;188;13.43;23.34
1800.00;2100.00;1764.00;22.99;E0_0_3000m;5.00;147;147;10.66;23.03
1800.00;2100.00;2232.00;23.27;E0_1_3000m;5.00;186;186;13.32;23.38
1800.00;2100.00;1752.00;22.95;E0_0_3100m;5.00;146;146;10.60;22.99
1800.00;2100.00;2232.00;23.26;E0_1_3100m;5.00;186;186;13.33;23.35
1800.00;2100.00;1764.00;22.91;E0_0_3200m;5.00;147;146;10.64;22.95
1800.00;2100.00;2220.00;23.28;E0_1_3200m;5.00;185;184;13.23;23.38
1800.00;2100.00;1752.00;22.89;E0_0_3300m;5.00;146;146;10.63;22.93
1800.00;2100.00;2208.00;23.25;E0_1_3300m;5.00;184;184;13.19;23.37
1800.00;2100.00;1776.00;22.89;E0_0_3400m;5.00;148;148;10.78;22.93
1800.00;2100.00;2196.00;23.25;E0_1_3400m;5.00;183;184;13.19;23.39
1800.00;2100.00;1788.00;22.86;E0_0_3500m;5.00;149;149;10.86;22.90
1800.00;2100.00;2196.00;23.26;E0_1_3500m;5.00;183;184;13.15;23.40
1800.00;2100.00;1800.00;22.83;E0_0_3600m;5.00;150;150;10.95;22.86
1800.00;2100.00;2196.00;23.30;E0_1_3600m;5.00;183;184;13.10;23.46
1800.00;2100.00;1788.00;22.79;E0_0_3700m;5.00;149;149;10.90;22.81
1800.00;2100.00;2208.00;23.38;E0_1_3700m;5.00;184;184;13.12;23.55
1800.00;2100.00;1800.00;22.77;E0_0_3800m;5.00;150;150;10.98;22.79
1800.00;2100.00;2208.00;23.45;E0_1_3800m;5.00;184;183;13.07;23.64
1800.00;2100.00;1800.00;22.77;E0_0_3900m;5.00;150;150;10.98;22.78
1800.00;2100.00;2196.00;23.50;E0_1_3900m;5.00;183;183;12.98;23.70
1800.00;2100.00;1848.00;22.79;E0_0_4000m;5.00;154;154;11.26;22.81
1800.00;2100.00;2220.00;23.57;E0_1_4000m;5.00;185;185;13.08;23.78
1800.00;2100.00;1884.00;22.82;E0_0_4100m;5.00;157;157;11.47;22.83
1800.00;2100.00;2256.00;23.64;E0_1_4100m;5.00;188;188;13.25;23.86
1800.00;2100.00;1920.00;22.85;E0_0_4200m;5.00;160;160;11.67;22.87
1800.00;2100.00;2280.00;23.71;E0_1_4200m;5.00;190;190;13.35;23.93
1800.00;2100.00;1920.00;22.90;E0_0_4300m;5.00;160;160;11.65;22.91
1800.00;2100.00;2304.00;23.79;E0_1_4300m;5.00;192;192;13.45;24.01
1800.00;2100.00;1944.00;22.99;E0_0_4400m;5.00;162;162;11.74;23.01
1800.00;2100.00;2328.00;23.85;E0_1_4400m;5.00;194;194;13.56;24.05
1800.00;2100.00;1944.00;23.05;E0_0_4500m;5.00;162;161;11.70;23.07
1800.00;2100.00;2316.00;23.82;E0_1_4500m;5.00;193;193;13.50;23.98
1800.00;2100.00;1944.00;23.12;E0_0_4600m;5.00;162;163;11.71;23.14
1800.00;2100.00;2316.00;23.80;E0_1_4600m;5.00;193;193;13.52;23.92
1800.00;2100.00;1956.00;23.22;E0_0_4700m;5.00;163;163;11.70;23.25
1800.00;2100.00;2316.00;23.82;E0_1_4700m;5.00;193;193;13.50;23.91
1800.00;2100.00;1956.00;23.36;E0_0_4800m;5.00;163;163;11.63;23.39
1800.00;2100.00;2316.00;23.88;E0_1_4800m;5.00;193;193;13.47;23.96
1800.00;2100.00;1968.00;23.46;E0_0_4900m;5.00;164;164;11.65;23.49
1800.00;2100.00;2316.00;23.97;E0_1_4900m;5.00;193;193;13.42;24.05
1800.00;2100.00;1956.00;23.55;E0_0_5000m;5.00;163;163;11.53;23.59
1800.00;2100.00;2316.00;24.13;E0_1_5000m;5.00;193;193;13.33;24.22
2100.00;2400.00;0.00;-1.00;E0_0_0m;-1.00;0;0;0.00;-1.00
2100.00;2400.00;0.00;-1.00;E0_1_0m;-1.00;0;0;0.00;-1.00
2100.00;2400.00;1980.00;26.05;E0_0_100m;5.00;165;167;10.63;26.21
2100.00;2400.00;2136.00;28.21;E0_1_100m;5.00;178;179;10.56;28.41
2100.00;2400.00;1992.00;25.92;E0_0_200m;5.00;166;166;10.67;26.09
2100.00;2400.00;2160.00;28.63;E0_1_200m;5.00;180;180;10.48;28.82
2100.00;2400.00;1980.00;25.61;E0_0_300m;5.00;165;165;10.74;25.78
2100.00;2400.00;2196.00;28.51;E0_1_300m;5.00;183;182;10.64;28.69
2100.00;2400.00;1956.00;25.23;E0_0_400m;5.00;163;163;10.77;25.39
2100.00;2400.00;2220.00;28.32;E0_1_400m;5.00;185;185;10.89;28.48
2100.00;2400.00;1920.00;24.91;E0_0_500m;5.00;160;161;10.74;25.09
2100.00;2400.00;2256.00;28.14;E0_1_500m;5.00;188;187;11.13;28.30
2100.00;2400.00;1920.00;24.80;E0_0_600m;5.00;160;160;10.75;24.98
2100.00;2400.00;2244.00;27.96;E0_1_600m;5.00;187;187;11.15;28.12
2100.00;2400.00;1920.00;24.69;E0_0_700m;5.00;160;161;10.84;24.87
2100.00;2400.00;2256.00;27.73;E0_1_700m;5.00;188;188;11.30;27.89
2100.00;2400.00;1884.00;24.62;E0_0_800m;5.00;157;157;10.63;24.81
2100.00;2400.00;2280.00;27.58;E0_1_800m;5.00;190;190;11.48;27.75
2100.00;2400.00;1824.00;24.41;E0_0_900m;5.00;152;153;10.41;24.61
2100.00;2400.00;2304.00;27.47;E0_1_900m;5.00;192;194;11.71;27.66
2100.00;2400.00;1812.00;24.53;E0_0_1000m;5.00;151;151;10.26;24.71
2100.00;2400.00;2316.00;27.37;E0_1_1000m;5.00;193;194;11.76;27.55
2100.00;2400.00;1812.00;24.69;E0_0_1100m;5.00;151;151;10.19;24.84
2100.00;2400.00;2316.00;27.26;E0_1_1100m;5.00;193;194;11.83;27.44
2100.00;2400.00;1800.00;24.70;E0_0_1200m;5.00;150;151;10.17;24.84
2100.00;2400.00;2328.00;27.16;E0_1_1200m;5.00;194;194;11.90;27.36
2100.00;2400.00;1836.00;24.71;E0_0_1300m;5.00;153;153;10.32;24.83
2100.00;2400.00;2316.00;27.00;E0_1_1300m;5.00;193;193;11.92;27.20
2100.00;2400.00;1848.00;24.70;E0_0_1400m;5.00;154;155;10.44;24.81
2100.00;2400.00;2328.00;26.91;E0_1_1400m;5.00;194;194;12.01;27.11
2100.00;2400.00;1836.00;24.80;E0_0_1500m;5.00;153;153;10.28;24.90
2100.00;2400.00;2340.00;26.88;E0_1_1500m;5.00;195;195;12.09;27.08
2100.00;2400.00;1812.00;24.82;E0_0_1600m;5.00;151;151;10.14;24.91
2100.00;2400.00;2364.00;26.79;E0_1_1600m;5.00;197;196;12.21;26.99
2100.00;2400.00;1824.00;24.78;E0_0_1700m;5.00;152;151;10.16;24.87
2100.00;2400.00;2352.00;26.70;E0_1_1700m;5.00;196;195;12.19;26.90
2100.00;2400.00;1860.00;24.90;E0_0_1800m;5.00;155;155;10.38;24.97
2100.00;2400.00;2304.00;26.55;E0_1_1800m;5.00;192;192;12.05;26.74
2100.00;2400.00;1836.00;25.02;E0_0_1900m;5.00;153;153;10.18;25.08
2100.00;2400.00;2316.00;26.38;E0_1_1900m;5.00;193;194;12.21;26.56
2100.00;2400.00;1824.00;24.97;E0_0_2000m;5.00;152;152;10.14;25.02
2100.00;2400.00;2304.00;26.24;E0_1_2000m;5.00;192;193;12.24;26.42
2100.00;2400.00;1848.00;24.98;E0_0_2100m;5.00;154;154;10.27;25.03
2100.00;2400.00;2328.00;26.15;E0_1_2100m;5.00;194;194;12.36;26.33
2100.00;2400.00;1872.00;25.00;E0_0_2200m;5.00;156;156;10.40;25.04
2100.00;2400.00;2328.00;26.13;E0_1_2200m;5.00;194;194;12.38;26.31
2100.00;2400.00;1884.00;24.95;E0_0_2300m;5.00;157;158;10.49;24.99
2100.00;2400.00;2328.00;26.05;E0_1_2300m;5.00;194;194;12.41;26.23
2100.00;2400.00;1908.00;24.98;E0_0_2400m;5.00;159;159;10.61;25.03
2100.00;2400.00;2328.00;26.00;E0_1_2400m;5.00;194;194;12.44;26.19
2100.00;2400.00;1920.00;24.96;E0_0_2500m;5.00;160;160;10.68;25.01
2100.00;2400.00;2376.00;25.97;E0_1_2500m;5.00;198;198;12.71;26.15
2100.00;2400.00;1896.00;24.95;E0_0_2600m;5.00;158;158;10.55;25.01
2100.00;2400.00;2340.00;25.95;E0_1_2600m;5.00;195;195;12.53;26.14
2100.00;2400.00;1872.00;24.79;E0_0_2700m;5.00;156;156;10.49;24.86
2100.00;2400.00;2328.00;25.94;E0_1_2700m;5.00;194;193;12.42;26.14
2100.00;2400.00;1884.00;24.60;E0_0_2800m;5.00;157;157;10.63;24.69
2100.00;2400.00;2328.00;25.96;E0_1_2800m;5.00;194;194;12.42;26.13
2100.00;2400.00;1884.00;24.60;E0_0_2900m;5.00;157;158;10.65;24.67
2100.00;2400.00;2340.00;25.91;E0_1_2900m;5.00;195;194;12.52;26.08
2100.00;2400.00;1908.00;24.58;E0_0_3000m;5.00;159;160;10.79;24.65
2100.00;2400.00;2352.00;25.93;E0_1_3000m;5.00;196;196;12.60;26.10
2100.00;2400.00;1908.00;24.52;E0_0_3100m;5.00;159;159;10.81;24.58
2100.00;2400.00;2352.00;25.78;E0_1_3100m;5.00;196;196;12.67;25.96
2100.00;2400.00;1920.00;24.36;E0_0_3200m;5.00;160;160;10.95;24.43
2100.00;2400.00;2340.00;25.67;E0_1_3200m;5.00;195;195;12.66;25.85
2100.00;2400.00;1932.00;24.33;E0_0_3300m;5.00;161;161;11.03;24.40
2100.00;2400.00;2328.00;25.55;E0_1_3300m;5.00;194;194;12.66;25.74
2100.00;2400.00;1908.00;24.44;E0_0_3400m;5.00;159;160;10.88;24.52
2100.00;2400.00;2340.00;25.44;E0_1_3400m;5.00;195;194;12.70;25.63
2100.00;2400.00;1944.00;24.49;E0_0_3500m;5.00;162;162;11.02;24.57
2100.00;2400.00;2340.00;25.38;E0_1_3500m;5.00;195;194;12.76;25.58
2100.00;2400.00;1944.00;24.42;E0_0_3600m;5.00;162;162;11.06;24.50
2100.00;2400.00;2328.00;25.25;E0_1_3600m;5.00;194;193;12.79;25.42
2100.00;2400.00;1956.00;24.27;E0_0_3700m;5.00;163;163;11.20;24.34
2100.00;2400.00;2328.00;25.10;E0_1_3700m;5.00;194;194;12.88;25.25
2100.00;2400.00;1920.00;24.18;E0_0_3800m;5.00;160;160;11.03;24.25
2100.00;2400.00;2352.00;24.94;E0_1_3800m;5.00;196;196;13.10;25.07
2100.00;2400.00;1932.00;24.11;E0_0_3900m;5.00;161;161;11.13;24.17
2100.00;2400.00;2340.00;24.82;E0_1_3900m;5.00;195;196;13.11;24.95
2100.00;2400.00;1908.00;23.96;E0_0_4000m;5.00;159;159;11.06;24.02
2100.00;2400.00;2304.00;24.76;E0_1_4000m;5.00;192;192;12.92;24.88
2100.00;2400.00;1884.00;23.90;E0_0_4100m;5.00;157;157;10.95;23.96
2100.00;2400.00;2268.00;24.67;E0_1_4100m;5.00;189;189;12.77;24.78
2100.00;2400.00;1836.00;23.83;E0_0_4200m;5.00;153;153;10.70;23.88
2100.00;2400.00;2244.00;24.62;E0_1_4200m;5.00;187;187;12.66;24.73
2100.00;2400.00;1824.00;23.67;E0_0_4300m;5.00;152;152;10.70;23.74
2100.00;2400.00;2208.00;24.52;E0_1_4300m;5.00;184;184;12.51;24.63
2100.00;2400.00;1812.00;23.69;E0_0_4400m;5.00;151;151;10.63;23.74
2100.00;2400.00;2172.00;24.46;E0_1_4400m;5.00;181;181;12.33;24.57
2100.00;2400.00;1788.00;23.69;E0_0_4500m;5.00;149;150;10.54;23.73
2100.00;2400.00;2172.00;24.46;E0_1_4500m;5.00;181;181;12.33;24.58
2100.00;2400.00;1788.00;23.77;E0_0_4600m;5.00;149;148;10.42;23.81
2100.00;2400.00;2172.00;24.48;E0_1_4600m;5.00;181;181;12.32;24.60
2100.00;2400.00;1788.00;23.95;E0_0_4700m;5.00;149;149;10.37;24.00
2100.00;2400.00;2148.00;24.44;E0_1_4700m;5.00;179;179;12.21;24.54
2100.00;2400.00;1788.00;24.06;E0_0_4800m;5.00;149;149;10.32;24.11
2100.00;2400.00;2148.00;24.50;E0_1_4800m;5.00;179;179;12.18;24.61
2100.00;2400.00;1776.00;24.21;E0_0_4900m;5.00;148;149;10.25;24.27
2100.00;2400.00;2148.00;24.65;E0_1_4900m;5.00;179;179;12.10;24.78
2100.00;2400.00;1812.00;24.41;E0_0_5000m;5.00;151;151;10.31;24.48
2100.00;2400.00;2124.00;24.80;E0_1_5000m;5.00;177;177;11.90;24.94
2400.00;2700.00;0.00;-1.00;E0_0_0m;-1.00;0;0;0.00;-1.00
2400.00;2700.00;0.00;-1.00;E0_1_0m;-1.00;0;0;0.00;-1.00
2400.00;2700.00;1812.00;25.96;E0_0_100m;5.00;151;152;9.75;26.14
2400.00;2700.00;2148.00;27.69;E0_1_100m;5.00;179;178;10.73;27.86
2400.00;2700.00;1800.00;25.83;E0_0_200m;5.00;150;150;9.68;26.02
2400.00;2700.00;2160.00;27.66;E0_1_200m;5.00;180;180;10.85;27.92
2400.00;2700.00;1824.00;25.67;E0_0_300m;5.00;152;152;9.87;25.83
2400.00;2700.00;2148.00;27.31;E0_1_300m;5.00;179;180;10.95;27.60
2400.00;2700.00;1824.00;25.40;E0_0_400m;5.00;152;152;9.97;25.54
2400.00;2700.00;2172.00;26.99;E0_1_400m;5.00;181;181;11.18;27.28
2400.00;2700.00;1824.00;25.12;E0_0_500m;5.00;152;152;10.09;25.23
2400.00;2700.00;2208.00;26.71;E0_1_500m;5.00;184;184;11.48;27.00
2400.00;2700.00;1800.00;25.04;E0_0_600m;5.00;150;150;9.98;25.15
2400.00;2700.00;2256.00;26.56;E0_1_600m;5.00;188;188;11.80;26.84
2400.00;2700.00;1788.00;24.97;E0_0_700m;5.00;149;148;9.90;25.09
2400.00;2700.00;2268.00;26.43;E0_1_700m;5.00;189;189;11.92;26.71
2400.00;2700.00;1776.00;24.92;E0_0_800m;5.00;148;148;9.90;25.04
2400.00;2700.00;2280.00;26.30;E0_1_800m;5.00;190;190;12.04;26.57
2400.00;2700.00;1812.00;24.89;E0_0_900m;5.00;151;151;10.11;25.01
2400.00;2700.00;2280.00;26.18;E0_1_900m;5.00;190;189;12.05;26.45
2400.00;2700.00;1824.00;24.71;E0_0_1000m;5.00;152;153;10.30;24.84
2400.00;2700.00;2256.00;26.21;E0_1_1000m;5.00;188;188;11.96;26.47
2400.00;2700.00;1824.00;24.55;E0_0_1100m;5.00;152;154;10.40;24.69
2400.00;2700.00;2256.00;26.17;E0_1_1100m;5.00;188;188;11.97;26.43
2400.00;2700.00;1848.00;24.52;E0_0_1200m;5.00;154;154;10.47;24.65
2400.00;2700.00;2244.00;26.22;E0_1_1200m;5.00;187;187;11.89;26.47
2400.00;2700.00;1812.00;24.53;E0_0_1300m;5.00;151;151;10.26;24.66
2400.00;2700.00;2268.00;26.29;E0_1_1300m;5.00;189;189;11.98;26.54
2400.00;2700.00;1776.00;24.59;E0_0_1400m;5.00;148;148;10.02;24.72
2400.00;2700.00;2280.00;26.38;E0_1_1400m;5.00;190;190;12.00;26.62
2400.00;2700.00;1776.00;24.52;E0_0_1500m;5.00;148;149;10.08;24.64
2400.00;2700.00;2268.00;26.46;E0_1_1500m;5.00;189;189;11.91;26.69
2400.00;2700.00;1800.00;24.49;E0_0_1600m;5.00;150;150;10.21;24.62
2400.00;2700.00;2256.00;26.49;E0_1_1600m;5.00;188;188;11.83;26.72
2400.00;2700.00;1788.00;24.40;E0_0_1700m;5.00;149;149;10.18;24.53
2400.00;2700.00;2280.00;26.53;E0_1_1700m;5.00;190;190;11.94;26.75
2400.00;2700.00;1800.00;24.34;E0_0_1800m;5.00;150;150;10.27;24.48
2400.00;2700.00;2268.00;26.57;E0_1_1800m;5.00;189;189;11.86;26.78
2400.00;2700.00;1812.00;24.25;E0_0_1900m;5.00;151;150;10.37;24.38
2400.00;2700.00;2256.00;26.61;E0_1_1900m;5.00;188;188;11.80;26.81
2400.00;2700.00;1860.00;24.22;E0_0_2000m;5.00;155;155;10.66;24.37
2400.00;2700.00;2232.00;26.65;E0_1_2000m;5.00;186;185;11.59;26.83
2400.00;2700.00;1836.00;24.22;E0_0_2100m;5.00;153;153;10.53;24.36
2400.00;2700.00;2208.00;26.69;E0_1_2100m;5.00;184;184;11.49;26.85
2400.00;2700.00;1776.00;24.29;E0_0_2200m;5.00;148;148;10.16;24.43
2400.00;2700.00;2244.00;26.69;E0_1_2200m;5.00;187;187;11.68;26.84
2400.00;2700.00;1764.00;24.44;E0_0_2300m;5.00;147;146;10.02;24.60
2400.00;2700.00;2232.00;26.74;E0_1_2300m;5.00;186;186;11.59;26.87
2400.00;2700.00;1752.00;24.45;E0_0_2400m;5.00;146;146;9.95;24.61
2400.00;2700.00;2232.00;26.79;E0_1_2400m;5.00;186;186;11.57;26.91
2400.00;2700.00;1728.00;24.43;E0_0_2500m;5.00;144;144;9.82;24.59
2400.00;2700.00;2256.00;26.81;E0_1_2500m;5.00;188;188;11.69;26.94
2400.00;2700.00;1776.00;24.39;E0_0_2600m;5.00;148;148;10.12;24.54
2400.00;2700.00;2280.00;26.95;E0_1_2600m;5.00;190;191;11.77;27.09
2400.00;2700.00;1812.00;24.33;E0_0_2700m;5.00;151;151;10.34;24.46
2400.00;2700.00;2244.00;27.09;E0_1_2700m;5.00;187;187;11.50;27.23
2400.00;2700.00;1800.00;24.31;E0_0_2800m;5.00;150;150;10.28;24.45
2400.00;2700.00;2244.00;27.13;E0_1_2800m;5.00;187;187;11.49;27.26
2400.00;2700.00;1764.00;24.28;E0_0_2900m;5.00;147;146;10.07;24.41
2400.00;2700.00;2256.00;27.09;E0_1_2900m;5.00;188;188;11.57;27.21
2400.00;2700.00;1752.00;24.34;E0_0_3000m;5.00;146;145;9.98;24.48
2400.00;2700.00;2232.00;27.22;E0_1_3000m;5.00;186;186;11.39;27.33
2400.00;2700.00;1764.00;24.34;E0_0_3100m;5.00;147;147;10.06;24.49
2400.00;2700.00;2208.00;27.35;E0_1_3100m;5.00;184;184;11.21;27.45
2400.00;2700.00;1752.00;24.25;E0_0_3200m;5.00;146;146;10.03;24.40
2400.00;2700.00;2220.00;27.33;E0_1_3200m;5.00;185;185;11.28;27.42
2400.00;2700.00;1764.00;24.18;E0_0_3300m;5.00;147;147;10.13;24.33
2400.00;2700.00;2208.00;27.30;E0_1_3300m;5.00;184;184;11.23;27.37
2400.00;2700.00;1764.00;24.13;E0_0_3400m;5.00;147;146;10.12;24.27
2400.00;2700.00;2208.00;27.28;E0_1_3400m;5.00;184;184;11.24;27.36
2400.00;2700.00;1740.00;24.03;E0_0_3500m;5.00;145;145;10.06;24.15
2400.00;2700.00;2184.00;27.22;E0_1_3500m;5.00;182;182;11.14;27.30
2400.00;2700.00;1740.00;23.96;E0_0_3600m;5.00;145;145;10.08;24.08
2400.00;2700.00;2172.00;27.12;E0_1_3600m;5.00;181;182;11.16;27.20
2400.00;2700.00;1740.00;24.05;E0_0_3700m;5.00;145;145;10.05;24.16
2400.00;2700.00;2160.00;26.96;E0_1_3700m;5.00;180;181;11.18;27.05
2400.00;2700.00;1716.00;24.16;E0_0_3800m;5.00;143;143;9.86;24.26
2400.00;2700.00;2184.00;26.79;E0_1_3800m;5.00;182;183;11.32;26.90
2400.00;2700.00;1740.00;24.08;E0_0_3900m;5.00;145;145;10.03;24.18
2400.00;2700.00;2232.00;26.67;E0_1_3900m;5.00;186;185;11.60;26.79
2400.00;2700.00;1752.00;23.99;E0_0_4000m;5.00;146;146;10.14;24.08
2400.00;2700.00;2280.00;26.59;E0_1_4000m;5.00;190;190;11.91;26.72
2400.00;2700.00;1776.00;23.93;E0_0_4100m;5.00;148;148;10.31;24.02
2400.00;2700.00;2316.00;26.59;E0_1_4100m;5.00;193;193;12.10;26.73
2400.00;2700.00;1836.00;23.91;E0_0_4200m;5.00;153;153;10.66;24.01
2400.00;2700.00;2328.00;26.62;E0_1_4200m;5.00;194;194;12.14;26.78
2400.00;2700.00;1848.00;23.91;E0_0_4300m;5.00;154;154;10.74;24.01
2400.00;2700.00;2340.00;26.52;E0_1_4300m;5.00;195;196;12.28;26.69
2400.00;2700.00;1836.00;23.88;E0_0_4400m;5.00;153;153;10.68;23.99
2400.00;2700.00;2364.00;26.50;E0_1_4400m;5.00;197;197;12.39;26.68
2400.00;2700.00;1884.00;23.86;E0_0_4500m;5.00;157;156;10.91;23.97
2400.00;2700.00;2340.00;26.53;E0_1_4500m;5.00;195;195;12.25;26.70
2400.00;2700.00;1884.00;23.84;E0_0_4600m;5.00;157;157;10.97;23.94
2400.00;2700.00;2328.00;26.45;E0_1_4600m;5.00;194;194;12.22;26.63
2400.00;2700.00;1884.00;23.91;E0_0_4700m;5.00;157;157;10.94;24.00
2400.00;2700.00;2328.00;26.39;E0_1_4700m;5.00;194;194;12.25;26.56
2400.00;2700.00;1896.00;24.06;E0_0_4800m;5.00;158;158;10.95;24.14
2400.00;2700.00;2328.00;26.32;E0_1_4800m;5.00;194;194;12.29;26.48
2400.00;2700.00;1884.00;24.08;E0_0_4900m;5.00;157;157;10.87;24.16
2400.00;2700.00;2364.00;26.26;E0_1_4900m;5.00;197;197;12.51;26.40
2400.00;2700.00;1860.00;24.10;E0_0_5000m;5.00;155;155;10.72;24.19
2400.00;2700.00;2388.00;26.24;E0_1_5000m;5.00;199;199;12.64;26.37
2700.00;3000.00;0.00;-1.00;E0_0_0m;-1.00;0;0;0.00;-1.00
2700.00;3000.00;0.00;-1.00;E0_1_0m;-1.00;0;0;0.00;-1.00
2700.00;3000.00;1824.00;26.38;E0_0_100m;5.00;152;151;9.54;26.50
2700.00;3000.00;2328.00;28.08;E0_1_100m;5.00;194;194;11.51;28.14
2700.00;3000.00;1908.00;26.35;E0_0_200m;5.00;159;159;10.06;26.52
2700.00;3000.00;2244.00;28.27;E0_1_200m;5.00;187;188;11.08;28.35
2700.00;3000.00;1896.00;26.11;E0_0_300m;5.00;158;158;10.08;26.25
2700.00;3000.00;2220.00;28.34;E0_1_300m;5.00;185;185;10.93;28.42
2700.00;3000.00;1884.00;25.86;E0_0_400m;5.00;157;157;10.12;25.99
2700.00;3000.00;2220.00;28.20;E0_1_400m;5.00;185;185;10.93;28.27
2700.00;3000.00;1860.00;25.70;E0_0_500m;5.00;155;155;10.05;25.85
2700.00;3000.00;2208.00;28.09;E0_1_500m;5.00;184;184;10.92;28.16
2700.00;3000.00;1860.00;25.68;E0_0_600m;5.00;155;155;10.06;25.84
2700.00;3000.00;2172.00;27.97;E0_1_600m;5.00;181;181;10.79;28.03
2700.00;3000.00;1824.00;25.59;E0_0_700m;5.00;152;152;9.90;25.76
2700.00;3000.00;2196.00;27.99;E0_1_700m;5.00;183;183;10.90;28.05
2700.00;3000.00;1812.00;25.50;E0_0_800m;5.00;151;151;9.87;25.68
2700.00;3000.00;2244.00;28.11;E0_1_800m;5.00;187;187;11.09;28.17
2700.00;3000.00;1836.00;25.37;E0_0_900m;5.00;153;153;10.05;25.54
2700.00;3000.00;2220.00;28.17;E0_1_900m;5.00;185;185;10.95;28.24
2700.00;3000.00;1824.00;25.21;E0_0_1000m;5.00;152;152;10.05;25.37
2700.00;3000.00;2268.00;28.07;E0_1_1000m;5.00;189;189;11.22;28.14
2700.00;3000.00;1848.00;25.07;E0_0_1100m;5.00;154;153;10.18;25.22
2700.00;3000.00;2256.00;28.03;E0_1_1100m;5.00;188;188;11.18;28.13
2700.00;3000.00;1836.00;25.11;E0_0_1200m;5.00;153;153;10.16;25.27
2700.00;3000.00;2292.00;27.99;E0_1_1200m;5.00;191;191;11.37;28.11
2700.00;3000.00;1836.00;24.90;E0_0_1300m;5.00;153;153;10.24;25.05
2700.00;3000.00;2328.00;27.93;E0_1_1300m;5.00;194;194;11.58;28.03
2700.00;3000.00;1872.00;24.80;E0_0_1400m;5.00;156;155;10.44;24.95
2700.00;3000.00;2316.00;27.72;E0_1_1400m;5.00;193;194;11.62;27.84
2700.00;3000.00;1896.00;24.84;E0_0_1500m;5.00;158;157;10.59;24.98
2700.00;3000.00;2304.00;27.56;E0_1_1500m;5.00;192;192;11.61;27.70
2700.00;3000.00;1884.00;24.83;E0_0_1600m;5.00;157;158;10.60;24.98
2700.00;3000.00;2304.00;27.50;E0_1_1600m;5.00;192;192;11.64;27.71
2700.00;3000.00;1872.00;24.74;E0_0_1700m;5.00;156;156;10.51;24.88
2700.00;3000.00;2316.00;27.41;E0_1_1700m;5.00;193;193;11.73;27.61
2700.00;3000.00;1908.00;24.77;E0_0_1800m;5.00;159;159;10.70;24.91
2700.00;3000.00;2280.00;27.34;E0_1_1800m;5.00;190;190;11.58;27.55
2700.00;3000.00;1884.00;24.69;E0_0_1900m;5.00;157;157;10.60;24.82
2700.00;3000.00;2316.00;27.15;E0_1_1900m;5.00;193;192;11.81;27.38
2700.00;3000.00;1848.00;24.65;E0_0_2000m;5.00;154;154;10.41;24.76
2700.00;3000.00;2328.00;27.04;E0_1_2000m;5.00;194;194;11.96;27.28
2700.00;3000.00;1860.00;24.62;E0_0_2100m;5.00;155;155;10.49;24.74
2700.00;3000.00;2328.00;26.98;E0_1_2100m;5.00;194;194;11.99;27.22
2700.00;3000.00;1836.00;24.60;E0_0_2200m;5.00;153;155;10.49;24.71
2700.00;3000.00;2352.00;26.95;E0_1_2200m;5.00;196;196;12.12;27.21
2700.00;3000.00;1848.00;24.62;E0_0_2300m;5.00;154;155;10.44;24.72
2700.00;3000.00;2340.00;26.79;E0_1_2300m;5.00;195;196;12.15;27.01
2700.00;3000.00;1872.00;24.64;E0_0_2400m;5.00;156;156;10.55;24.74
2700.00;3000.00;2352.00;26.76;E0_1_2400m;5.00;196;196;12.21;26.96
2700.00;3000.00;1872.00;24.69;E0_0_2500m;5.00;156;156;10.53;24.78
2700.00;3000.00;2328.00;26.85;E0_1_2500m;5.00;194;194;12.04;27.03
2700.00;3000.00;1872.00;24.80;E0_0_2600m;5.00;156;156;10.48;24.90
2700.00;3000.00;2280.00;26.99;E0_1_2600m;5.00;190;190;11.73;27.17
2700.00;3000.00;1848.00;24.85;E0_0_2700m;5.00;154;154;10.33;24.94
2700.00;3000.00;2304.00;27.11;E0_1_2700m;5.00;192;192;11.80;27.27
2700.00;3000.00;1836.00;24.84;E0_0_2800m;5.00;153;153;10.26;24.94
2700.00;3000.00;2316.00;27.29;E0_1_2800m;5.00;193;193;11.79;27.42
2700.00;3000.00;1836.00;24.94;E0_0_2900m;5.00;153;153;10.22;25.04
2700.00;3000.00;2316.00;27.34;E0_1_2900m;5.00;193;193;11.77;27.48
2700.00;3000.00;1836.00;24.99;E0_0_3000m;5.00;153;153;10.20;25.09
2700.00;3000.00;2328.00;27.37;E0_1_3000m;5.00;194;194;11.81;27.52
2700.00;3000.00;1896.00;25.01;E0_0_3100m;5.00;158;158;10.53;25.12
2700.00;3000.00;2292.00;27.39;E0_1_3100m;5.00;191;192;11.66;27.56
2700.00;3000.00;1944.00;24.96;E0_0_3200m;5.00;162;162;10.82;25.06
2700.00;3000.00;2280.00;27.30;E0_1_3200m;5.00;190;190;11.60;27.48
2700.00;3000.00;1932.00;24.80;E0_0_3300m;5.00;161;161;10.82;24.90
2700.00;3000.00;2304.00;27.12;E0_1_3300m;5.00;192;192;11.80;27.29
2700.00;3000.00;1920.00;24.58;E0_0_3400m;5.00;160;161;10.88;24.68
2700.00;3000.00;2316.00;27.00;E0_1_3400m;5.00;193;193;11.91;27.17
2700.00;3000.00;1920.00;24.50;E0_0_3500m;5.00;160;160;10.88;24.60
2700.00;3000.00;2316.00;26.94;E0_1_3500m;5.00;193;194;11.94;27.10
2700.00;3000.00;1932.00;24.48;E0_0_3600m;5.00;161;161;10.96;24.56
2700.00;3000.00;2340.00;26.88;E0_1_3600m;5.00;195;194;12.05;27.04
2700.00;3000.00;1920.00;24.43;E0_0_3700m;5.00;160;160;10.92;24.51
2700.00;3000.00;2352.00;26.93;E0_1_3700m;5.00;196;195;12.08;27.07
2700.00;3000.00;1908.00;24.38;E0_0_3800m;5.00;159;159;10.87;24.48
2700.00;3000.00;2364.00;27.07;E0_1_3800m;5.00;197;197;12.15;27.21
2700.00;3000.00;1896.00;24.44;E0_0_3900m;5.00;158;158;10.78;24.53
2700.00;3000.00;2316.00;27.23;E0_1_3900m;5.00;193;193;11.81;27.35
2700.00;3000.00;1860.00;24.44;E0_0_4000m;5.00;155;155;10.57;24.54
2700.00;3000.00;2316.00;27.30;E0_1_4000m;5.00;193;193;11.78;27.42
2700.00;3000.00;1836.00;24.60;E0_0_4100m;5.00;153;153;10.37;24.69
2700.00;3000.00;2304.00;27.34;E0_1_4100m;5.00;192;192;11.71;27.45
2700.00;3000.00;1812.00;24.63;E0_0_4200m;5.00;151;151;10.22;24.72
2700.00;3000.00;2280.00;27.49;E0_1_4200m;5.00;190;190;11.52;27.60
2700.00;3000.00;1824.00;24.50;E0_0_4300m;5.00;152;152;10.34;24.59
2700.00;3000.00;2268.00;27.53;E0_1_4300m;5.00;189;188;11.42;27.64
2700.00;3000.00;1848.00;24.58;E0_0_4400m;5.00;154;154;10.44;24.66
2700.00;3000.00;2232.00;27.51;E0_1_4400m;5.00;186;186;11.27;27.63
2700.00;3000.00;1836.00;24.56;E0_0_4500m;5.00;153;153;10.38;24.64
2700.00;3000.00;2256.00;27.52;E0_1_4500m;5.00;188;188;11.39;27.63
2700.00;3000.00;1872.00;24.61;E0_0_4600m;5.00;156;156;10.56;24.70
2700.00;3000.00;2232.00;27.56;E0_1_4600m;5.00;186;186;11.25;27.67
2700.00;3000.00;1872.00;24.60;E0_0_4700m;5.00;156;157;10.57;24.69
2700.00;3000.00;2232.00;27.53;E0_1_4700m;5.00;186;187;11.29;27.65
2700.00;3000.00;1872.00;24.63;E0_0_4800m;5.00;156;156;10.55;24.72
2700.00;3000.00;2256.00;27.52;E0_1_4800m;5.00;188;188;11.39;27.64
2700.00;3000.00;1896.00;24.69;E0_0_4900m;5.00;158;158;10.67;24.78
2700.00;3000.00;2244.00;27.49;E0_1_4900m;5.00;187;187;11.34;27.61
2700.00;3000.00;1920.00;24.61;E0_0_5000m;5.00;160;160;10.83;24.71
2700.00;3000.00;2232.00;27.52;E0_1_5000m;5.00;186;187;11.29;27.62
3000.00;3300.00;0.00;-1.00;E0_0_0m;-1.00;0;0;0.00;-1.00
3000.00;3300.00;0.00;-1.00;E0_1_0m;-1.00;0;0;0.00;-1.00
3000.00;3300.00;1680.00;26.62;E0_0_100m;5.00;140;141;8.79;26.75
3000.00;3300.00;2268.00;27.49;E0_1_100m;5.00;189;189;11.46;27.60
3000.00;3300.00;1680.00;26.51;E0_0_200m;5.00;140;140;8.80;26.65
3000.00;3300.00;2268.00;27.59;E0_1_200m;5.00;189;189;11.42;27.72
3000.00;3300.00;1680.00;26.45;E0_0_300m;5.00;140;140;8.82;26.57
3000.00;3300.00;2292.00;27.38;E0_1_300m;5.00;191;190;11.56;27.52
3000.00;3300.00;1656.00;26.36;E0_0_400m;5.00;138;138;8.73;26.46
3000.00;3300.00;2328.00;27.22;E0_1_400m;5.00;194;194;11.88;27.36
3000.00;3300.00;1656.00;26.32;E0_0_500m;5.00;138;139;8.79;26.42
3000.00;3300.00;2304.00;27.29;E0_1_500m;5.00;192;194;11.77;27.43
3000.00;3300.00;1692.00;26.31;E0_0_600m;5.00;141;141;8.93;26.40
3000.00;3300.00;2256.00;27.47;E0_1_600m;5.00;188;188;11.41;27.61
3000.00;3300.00;1716.00;26.22;E0_0_700m;5.00;143;143;9.09;26.31
3000.00;3300.00;2208.00;27.55;E0_1_700m;5.00;184;184;11.13;27.69
3000.00;3300.00;1704.00;25.98;E0_0_800m;5.00;142;142;9.11;26.08
3000.00;3300.00;2184.00;27.53;E0_1_800m;5.00;182;183;11.06;27.65
3000.00;3300.00;1704.00;25.74;E0_0_900m;5.00;142;142;9.19;25.83
3000.00;3300.00;2208.00;27.46;E0_1_900m;5.00;184;184;11.17;27.59
3000.00;3300.00;1692.00;25.67;E0_0_1000m;5.00;141;141;9.15;25.78
3000.00;3300.00;2196.00;27.40;E0_1_1000m;5.00;183;183;11.13;27.54
3000.00;3300.00;1632.00;25.59;E0_0_1100m;5.00;136;136;8.86;25.70
3000.00;3300.00;2232.00;27.30;E0_1_1100m;5.00;186;186;11.36;27.44
3000.00;3300.00;1632.00;25.51;E0_0_1200m;5.00;136;137;8.94;25.62
3000.00;3300.00;2232.00;27.31;E0_1_1200m;5.00;186;186;11.35;27.44
3000.00;3300.00;1608.00;25.43;E0_0_1300m;5.00;134;134;8.78;25.55
3000.00;3300.00;2220.00;27.32;E0_1_1300m;5.00;185;186;11.33;27.44
3000.00;3300.00;1572.00;25.35;E0_0_1400m;5.00;131;131;8.61;25.48
3000.00;3300.00;2244.00;27.26;E0_1_1400m;5.00;187;187;11.43;27.38
3000.00;3300.00;1620.00;25.17;E0_0_1500m;5.00;135;135;8.94;25.28
3000.00;3300.00;2244.00;27.25;E0_1_1500m;5.00;187;187;11.44;27.39
3000.00;3300.00;1656.00;24.95;E0_0_1600m;5.00;138;138;9.22;25.05
3000.00;3300.00;2256.00;27.09;E0_1_1600m;5.00;188;188;11.57;27.24
3000.00;3300.00;1644.00;24.75;E0_0_1700m;5.00;137;137;9.22;24.85
3000.00;3300.00;2268.00;27.02;E0_1_1700m;5.00;189;189;11.66;27.20
3000.00;3300.00;1680.00;24.73;E0_0_1800m;5.00;140;140;9.43;24.83
3000.00;3300.00;2244.00;26.90;E0_1_1800m;5.00;187;187;11.59;27.09
3000.00;3300.00;1716.00;24.71;E0_0_1900m;5.00;143;143;9.65;24.80
3000.00;3300.00;2244.00;26.78;E0_1_1900m;5.00;187;187;11.64;26.97
3000.00;3300.00;1740.00;24.78;E0_0_2000m;5.00;145;145;9.75;24.86
3000.00;3300.00;2256.00;26.66;E0_1_2000m;5.00;188;188;11.75;26.85
3000.00;3300.00;1776.00;24.91;E0_0_2100m;5.00;148;148;9.90;24.99
3000.00;3300.00;2256.00;26.65;E0_1_2100m;5.00;188;188;11.76;26.82
3000.00;3300.00;1788.00;24.94;E0_0_2200m;5.00;149;148;9.90;25.01
3000.00;3300.00;2256.00;26.62;E0_1_2200m;5.00;188;188;11.77;26.78
3000.00;3300.00;1788.00;24.69;E0_0_2300m;5.00;149;149;10.06;24.76
3000.00;3300.00;2268.00;26.57;E0_1_2300m;5.00;189;188;11.84;26.73
3000.00;3300.00;1752.00;24.55;E0_0_2400m;5.00;146;147;9.94;24.62
3000.00;3300.00;2256.00;26.51;E0_1_2400m;5.00;188;188;11.82;26.67
3000.00;3300.00;1716.00;24.51;E0_0_2500m;5.00;143;144;9.74;24.58
3000.00;3300.00;2244.00;26.48;E0_1_2500m;5.00;187;188;11.81;26.63
3000.00;3300.00;1716.00;24.47;E0_0_2600m;5.00;143;143;9.74;24.55
3000.00;3300.00;2232.00;26.46;E0_1_2600m;5.00;186;186;11.72;26.61
3000.00;3300.00;1704.00;24.44;E0_0_2700m;5.00;142;142;9.68;24.52
3000.00;3300.00;2232.00;26.36;E0_1_2700m;5.00;186;186;11.76;26.50
3000.00;3300.00;1680.00;24.39;E0_0_2800m;5.00;140;141;9.61;24.47
3000.00;3300.00;2256.00;26.26;E0_1_2800m;5.00;188;188;11.93;26.37
3000.00;3300.00;1668.00;24.32;E0_0_2900m;5.00;139;139;9.53;24.39
3000.00;3300.00;2280.00;26.16;E0_1_2900m;5.00;190;190;12.11;26.27
3000.00;3300.00;1692.00;24.24;E0_0_3000m;5.00;141;141;9.69;24.32
3000.00;3300.00;2256.00;26.09;E0_1_3000m;5.00;188;188;12.01;26.20
3000.00;3300.00;1716.00;24.24;E0_0_3100m;5.00;143;143;9.83;24.32
3000.00;3300.00;2244.00;26.05;E0_1_3100m;5.00;187;187;11.97;26.17
3000.00;3300.00;1740.00;24.24;E0_0_3200m;5.00;145;145;9.97;24.32
3000.00;3300.00;2220.00;26.00;E0_1_3200m;5.00;185;185;11.86;26.12
3000.00;3300.00;1728.00;24.21;E0_0_3300m;5.00;144;144;9.91;24.29
3000.00;3300.00;2220.00;26.05;E0_1_3300m;5.00;185;185;11.84;26.18
3000.00;3300.00;1764.00;24.23;E0_0_3400m;5.00;147;147;10.11;24.30
3000.00;3300.00;2196.00;26.12;E0_1_3400m;5.00;183;183;11.68;26.27
3000.00;3300.00;1764.00;24.22;E0_0_3500m;5.00;147;147;10.11;24.29
3000.00;3300.00;2196.00;26.13;E0_1_3500m;5.00;183;182;11.67;26.28
3000.00;3300.00;1776.00;24.23;E0_0_3600m;5.00;148;148;10.18;24.29
3000.00;3300.00;2184.00;26.14;E0_1_3600m;5.00;182;182;11.60;26.31
3000.00;3300.00;1800.00;24.15;E0_0_3700m;5.00;150;150;10.35;24.20
3000.00;3300.00;2220.00;26.14;E0_1_3700m;5.00;185;185;11.79;26.30
3000.00;3300.00;1812.00;24.12;E0_0_3800m;5.00;151;151;10.44;24.17
3000.00;3300.00;2232.00;26.13;E0_1_3800m;5.00;186;185;11.84;26.29
3000.00;3300.00;1836.00;24.09;E0_0_3900m;5.00;153;153;10.59;24.14
3000.00;3300.00;2232.00;26.11;E0_1_3900m;5.00;186;186;11.87;26.27
3000.00;3300.00;1812.00;24.06;E0_0_4000m;5.00;151;151;10.46;24.12
3000.00;3300.00;2232.00;26.15;E0_1_4000m;5.00;186;186;11.85;26.31
3000.00;3300.00;1800.00;24.07;E0_0_4100m;5.00;150;150;10.39;24.13
3000.00;3300.00;2220.00;26.19;E0_1_4100m;5.00;185;185;11.77;26.34
3000.00;3300.00;1812.00;24.10;E0_0_4200m;5.00;151;151;10.44;24.16
3000.00;3300.00;2208.00;26.25;E0_1_4200m;5.00;184;185;11.69;26.41
3000.00;3300.00;1776.00;24.17;E0_0_4300m;5.00;148;148;10.20;24.24
3000.00;3300.00;2220.00;26.32;E0_1_4300m;5.00;185;185;11.71;26.48
3000.00;3300.00;1752.00;24.20;E0_0_4400m;5.00;146;146;10.06;24.26
3000.00;3300.00;2232.00;26.44;E0_1_4400m;5.00;186;187;11.74;26.60
3000.00;3300.00;1728.00;24.19;E0_0_4500m;5.00;144;145;9.97;24.25
3000.00;3300.00;2232.00;26.55;E0_1_4500m;5.00;186;187;11.72;26.71
3000.00;3300.00;1728.00;24.23;E0_0_4600m;5.00;144;144;9.91;24.29
3000.00;3300.00;2232.00;26.70;E0_1_4600m;5.00;186;187;11.63;26.88
3000.00;3300.00;1764.00;24.29;E0_0_4700m;5.00;147;146;10.08;24.37
3000.00;3300.00;2208.00;26.78;E0_1_4700m;5.00;184;184;11.47;26.97
3000.00;3300.00;1752.00;24.25;E0_0_4800m;5.00;146;146;10.03;24.33
3000.00;3300.00;2208.00;26.79;E0_1_4800m;5.00;184;184;11.45;26.97
3000.00;3300.00;1716.00;24.18;E0_0_4900m;5.00;143;143;9.86;24.25
3000.00;3300.00;2196.00;26.86;E0_1_4900m;5.00;183;184;11.41;27.04
3000.00;3300.00;1692.00;24.22;E0_0_5000m;5.00;141;141;9.70;24.29
3000.00;3300.00;2220.00;26.89;E0_1_5000m;5.00;185;184;11.44;27.06
3300.00;3600.00;0.00;-1.00;E0_0_0m;-1.00;0;0;0.00;-1.00
3300.00;3600.00;0.00;-1.00;E0_1_0m;-1.00;0;0;0.00;-1.00
3300.00;3600.00;1776.00;24.94;E0_0_100m;5.00;148;148;9.89;25.11
3300.00;3600.00;2280.00;27.17;E0_1_100m;5.00;190;190;11.66;27.35
3300.00;3600.00;1860.00;24.80;E0_0_200m;5.00;155;156;10.45;24.96
3300.00;3600.00;2208.00;27.67;E0_1_200m;5.00;184;184;11.08;27.87
3300.00;3600.00;1860.00;24.70;E0_0_300m;5.00;155;157;10.51;24.87
3300.00;3600.00;2196.00;27.65;E0_1_300m;5.00;183;183;11.03;27.88
3300.00;3600.00;1824.00;24.61;E0_0_400m;5.00;152;152;10.29;24.80
3300.00;3600.00;2196.00;27.55;E0_1_400m;5.00;183;183;11.07;27.77
3300.00;3600.00;1836.00;24.64;E0_0_500m;5.00;153;152;10.29;24.82
3300.00;3600.00;2208.00;27.40;E0_1_500m;5.00;184;184;11.19;27.62
3300.00;3600.00;1788.00;24.52;E0_0_600m;5.00;149;149;10.13;24.68
3300.00;3600.00;2280.00;27.21;E0_1_600m;5.00;190;190;11.64;27.42
3300.00;3600.00;1812.00;24.27;E0_0_700m;5.00;151;152;10.39;24.43
3300.00;3600.00;2292.00;27.11;E0_1_700m;5.00;191;191;11.74;27.31
3300.00;3600.00;1800.00;24.10;E0_0_800m;5.00;150;150;10.38;24.25
3300.00;3600.00;2304.00;26.88;E0_1_800m;5.00;192;192;11.90;27.08
3300.00;3600.00;1764.00;24.03;E0_0_900m;5.00;147;147;10.20;24.15
3300.00;3600.00;2280.00;26.60;E0_1_900m;5.00;190;190;11.90;26.78
3300.00;3600.00;1776.00;23.86;E0_0_1000m;5.00;148;148;10.34;23.98
3300.00;3600.00;2292.00;26.40;E0_1_1000m;5.00;191;191;12.06;26.57
3300.00;3600.00;1788.00;23.78;E0_0_1100m;5.00;149;149;10.44;23.90
3300.00;3600.00;2292.00;26.21;E0_1_1100m;5.00;191;191;12.15;26.37
3300.00;3600.00;1788.00;23.70;E0_0_1200m;5.00;149;148;10.42;23.82
3300.00;3600.00;2280.00;26.06;E0_1_1200m;5.00;190;190;12.15;26.21
3300.00;3600.00;1788.00;23.73;E0_0_1300m;5.00;149;149;10.47;23.84
3300.00;3600.00;2316.00;25.78;E0_1_1300m;5.00;193;192;12.44;25.92
3300.00;3600.00;1812.00;23.75;E0_0_1400m;5.00;151;151;10.60;23.85
3300.00;3600.00;2316.00;25.57;E0_1_1400m;5.00;193;193;12.58;25.70
3300.00;3600.00;1788.00;23.69;E0_0_1500m;5.00;149;149;10.48;23.79
3300.00;3600.00;2292.00;25.40;E0_1_1500m;5.00;191;191;12.53;25.52
3300.00;3600.00;1764.00;23.70;E0_0_1600m;5.00;147;147;10.34;23.80
3300.00;3600.00;2280.00;25.29;E0_1_1600m;5.00;190;191;12.55;25.40
3300.00;3600.00;1764.00;23.88;E0_0_1700m;5.00;147;147;10.26;23.97
3300.00;3600.00;2268.00;25.27;E0_1_1700m;5.00;189;189;12.47;25.37
3300.00;3600.00;1740.00;23.71;E0_0_1800m;5.00;145;145;10.19;23.79
3300.00;3600.00;2280.00;25.24;E0_1_1800m;5.00;190;190;12.54;25.36
3300.00;3600.00;1740.00;23.52;E0_0_1900m;5.00;145;145;10.28;23.61
3300.00;3600.00;2244.00;25.27;E0_1_1900m;5.00;187;188;12.36;25.42
3300.00;3600.00;1728.00;23.56;E0_0_2000m;5.00;144;144;10.19;23.65
3300.00;3600.00;2232.00;25.26;E0_1_2000m;5.00;186;186;12.27;25.41
3300.00;3600.00;1740.00;23.60;E0_0_2100m;5.00;145;145;10.24;23.67
3300.00;3600.00;2208.00;25.21;E0_1_2100m;5.00;184;184;12.16;25.35
3300.00;3600.00;1740.00;23.57;E0_0_2200m;5.00;145;145;10.25;23.64
3300.00;3600.00;2232.00;25.21;E0_1_2200m;5.00;186;186;12.30;25.33
3300.00;3600.00;1764.00;23.57;E0_0_2300m;5.00;147;146;10.38;23.64
3300.00;3600.00;2232.00;25.16;E0_1_2300m;5.00;186;186;12.32;25.27
3300.00;3600.00;1776.00;23.53;E0_0_2400m;5.00;148;147;10.45;23.59
3300.00;3600.00;2232.00;25.24;E0_1_2400m;5.00;186;186;12.28;25.36
3300.00;3600.00;1800.00;23.52;E0_0_2500m;5.00;150;150;10.65;23.58
3300.00;3600.00;2208.00;25.32;E0_1_2500m;5.00;184;183;12.07;25.48
3300.00;3600.00;1812.00;23.54;E0_0_2600m;5.00;151;152;10.75;23.60
3300.00;3600.00;2184.00;25.30;E0_1_2600m;5.00;182;182;11.99;25.45
3300.00;3600.00;1812.00;23.56;E0_0_2700m;5.00;151;151;10.68;23.61
3300.00;3600.00;2196.00;25.27;E0_1_2700m;5.00;183;183;12.07;25.39
3300.00;3600.00;1812.00;23.51;E0_0_2800m;5.00;151;151;10.71;23.63
3300.00;3600.00;2196.00;25.29;E0_1_2800m;5.00;183;184;12.12;25.42
3300.00;3600.00;1800.00;23.31;E0_0_2900m;5.00;150;150;10.73;23.35
3300.00;3600.00;2196.00;25.30;E0_1_2900m;5.00;183;183;12.06;25.42
3300.00;3600.00;1812.00;23.18;E0_0_3000m;5.00;151;151;10.86;23.23
3300.00;3600.00;2184.00;25.33;E0_1_3000m;5.00;182;182;11.98;25.46
3300.00;3600.00;1776.00;23.12;E0_0_3100m;5.00;148;148;10.67;23.17
3300.00;3600.00;2184.00;25.38;E0_1_3100m;5.00;182;182;11.95;25.52
3300.00;3600.00;1764.00;23.06;E0_0_3200m;5.00;147;147;10.63;23.19
3300.00;3600.00;2160.00;25.41;E0_1_3200m;5.00;180;181;11.87;25.57
3300.00;3600.00;1764.00;22.92;E0_0_3300m;5.00;147;147;10.69;22.99
3300.00;3600.00;2172.00;25.43;E0_1_3300m;5.00;181;181;11.86;25.60
3300.00;3600.00;1764.00;23.02;E0_0_3400m;5.00;147;147;10.64;23.11
3300.00;3600.00;2196.00;25.47;E0_1_3400m;5.00;183;184;12.03;25.64
3300.00;3600.00;1800.00;23.04;E0_0_3500m;5.00;150;150;10.85;23.10
3300.00;3600.00;2232.00;25.50;E0_1_3500m;5.00;186;186;12.16;25.67
3300.00;3600.00;1800.00;23.16;E0_0_3600m;5.00;150;150;10.80;23.21
3300.00;3600.00;2232.00;25.59;E0_1_3600m;5.00;186;186;12.12;25.77
3300.00;3600.00;1728.00;23.22;E0_0_3700m;5.00;144;144;10.34;23.26
3300.00;3600.00;2232.00;25.68;E0_1_3700m;5.00;186;186;12.07;25.87
3300.00;3600.00;1728.00;23.25;E0_0_3800m;5.00;144;144;10.32;23.30
3300.00;3600.00;2220.00;25.77;E0_1_3800m;5.00;185;185;11.97;25.96
3300.00;3600.00;1692.00;23.24;E0_0_3900m;5.00;141;141;10.11;23.29
3300.00;3600.00;2220.00;25.81;E0_1_3900m;5.00;185;185;11.95;26.00
3300.00;3600.00;1692.00;23.30;E0_0_4000m;5.00;141;141;10.09;23.36
3300.00;3600.00;2208.00;25.82;E0_1_4000m;5.00;184;184;11.88;26.02
3300.00;3600.00;1668.00;23.32;E0_0_4100m;5.00;139;140;9.98;23.38
3300.00;3600.00;2208.00;25.79;E0_1_4100m;5.00;184;184;11.89;25.99
3300.00;3600.00;1668.00;23.38;E0_0_4200m;5.00;139;139;9.91;23.44
3300.00;3600.00;2196.00;25.71;E0_1_4200m;5.00;183;183;11.86;25.91
3300.00;3600.00;1656.00;23.34;E0_0_4300m;5.00;138;138;9.85;23.40
3300.00;3600.00;2232.00;25.53;E0_1_4300m;5.00;186;186;12.14;25.71
3300.00;3600.00;1632.00;23.34;E0_0_4400m;5.00;136;137;9.75;23.40
3300.00;3600.00;2244.00;25.43;E0_1_4400m;5.00;187;186;12.24;25.59
3300.00;3600.00;1644.00;23.41;E0_0_4500m;5.00;137;136;9.70;23.47
3300.00;3600.00;2232.00;25.41;E0_1_4500m;5.00;186;185;12.15;25.57
3300.00;3600.00;1632.00;23.49;E0_0_4600m;5.00;136;136;9.65;23.53
3300.00;3600.00;2232.00;25.41;E0_1_4600m;5.00;186;185;12.18;25.58
3300.00;3600.00;1608.00;23.53;E0_0_4700m;5.00;134;134;9.49;23.59
3300.00;3600.00;2232.00;25.41;E0_1_4700m;5.00;186;185;12.15;25.59
3300.00;3600.00;1596.00;23.53;E0_0_4800m;5.00;133;133;9.42;23.58
3300.00;3600.00;2208.00;25.39;E0_1_4800m;5.00;184;185;12.13;25.58
3300.00;3600.00;1620.00;23.68;E0_0_4900m;5.00;135;135;9.50;23.73
3300.00;3600.00;2196.00;25.39;E0_1_4900m;5.00;183;182;11.95;25.60
3300.00;3600.00;1632.00;23.83;E0_0_5000m;5.00;136;136;9.51;23.90
3300.00;3600.00;2160.00;25.38;E0_1_5000m;5.00;180;180;11.82;25.59
3600.00;3900.00;0.00;-1.00;E0_0_0m;-1.00;0;0;0.00;-1.00
3600.00;3900.00;0.00;-1.00;E0_1_0m;-1.00;0;0;0.00;-1.00
3600.00;3900.00;2004.00;25.39;E0_0_100m;5.00;167;169;11.02;25.51
3600.00;3900.00;2160.00;27.53;E0_1_100m;5.00;180;181;10.90;27.72
3600.00;3900.00;2040.00;25.62;E0_0_200m;5.00;170;170;11.06;25.83
3600.00;3900.00;2100.00;27.72;E0_1_200m;5.00;175;176;10.58;27.94
3600.00;3900.00;2040.00;25.73;E0_0_300m;5.00;170;169;10.98;25.87
3600.00;3900.00;2076.00;27.60;E0_1_300m;5.00;173;173;10.45;27.84
3600.00;3900.00;2040.00;25.75;E0_0_400m;5.00;170;170;11.00;25.90
3600.00;3900.00;2076.00;27.46;E0_1_400m;5.00;173;173;10.50;27.70
3600.00;3900.00;2016.00;25.76;E0_0_500m;5.00;168;168;10.87;25.91
3600.00;3900.00;2088.00;27.20;E0_1_500m;5.00;174;175;10.68;27.43
3600.00;3900.00;1992.00;25.71;E0_0_600m;5.00;166;166;10.76;25.87
3600.00;3900.00;2124.00;26.99;E0_1_600m;5.00;177;177;10.93;27.21
3600.00;3900.00;1956.00;25.59;E0_0_700m;5.00;163;162;10.60;25.76
3600.00;3900.00;2124.00;26.82;E0_1_700m;5.00;177;177;11.00;27.05
3600.00;3900.00;1932.00;25.54;E0_0_800m;5.00;161;162;10.51;25.69
3600.00;3900.00;2124.00;26.71;E0_1_800m;5.00;177;178;11.08;26.95
3600.00;3900.00;1896.00;25.51;E0_0_900m;5.00;158;158;10.32;25.66
3600.00;3900.00;2172.00;26.65;E0_1_900m;5.00;181;181;11.32;26.89
3600.00;3900.00;1884.00;25.41;E0_0_1000m;5.00;157;157;10.30;25.56
3600.00;3900.00;2148.00;26.58;E0_1_1000m;5.00;179;179;11.22;26.83
3600.00;3900.00;1848.00;25.39;E0_0_1100m;5.00;154;154;10.11;25.54
3600.00;3900.00;2172.00;26.56;E0_1_1100m;5.00;181;181;11.36;26.81
3600.00;3900.00;1824.00;25.24;E0_0_1200m;5.00;152;152;10.04;25.39
3600.00;3900.00;2172.00;26.53;E0_1_1200m;5.00;181;181;11.37;26.78
3600.00;3900.00;1836.00;25.18;E0_0_1300m;5.00;153;153;10.13;25.33
3600.00;3900.00;2172.00;26.56;E0_1_1300m;5.00;181;181;11.36;26.83
3600.00;3900.00;1824.00;25.10;E0_0_1400m;5.00;152;153;10.17;25.26
3600.00;3900.00;2208.00;26.50;E0_1_1400m;5.00;184;184;11.57;26.78
3600.00;3900.00;1812.00;24.96;E0_0_1500m;5.00;151;151;10.08;25.10
3600.00;3900.00;2208.00;26.47;E0_1_1500m;5.00;184;184;11.59;26.75
3600.00;3900.00;1836.00;24.72;E0_0_1600m;5.00;153;153;10.31;24.88
3600.00;3900.00;2232.00;26.42;E0_1_1600m;5.00;186;185;11.70;26.72
3600.00;3900.00;1896.00;24.62;E0_0_1700m;5.00;158;158;10.70;24.78
3600.00;3900.00;2208.00;26.35;E0_1_1700m;5.00;184;184;11.64;26.65
3600.00;3900.00;1920.00;24.49;E0_0_1800m;5.00;160;160;10.89;24.66
3600.00;3900.00;2232.00;26.21;E0_1_1800m;5.00;186;186;11.83;26.51
3600.00;3900.00;1956.00;24.28;E0_0_1900m;5.00;163;163;11.19;24.45
3600.00;3900.00;2232.00;26.03;E0_1_1900m;5.00;186;185;11.89;26.30
3600.00;3900.00;1980.00;24.04;E0_0_2000m;5.00;165;165;11.44;24.21
3600.00;3900.00;2244.00;25.90;E0_1_2000m;5.00;187;187;12.03;26.17
3600.00;3900.00;1968.00;24.12;E0_0_2100m;5.00;164;164;11.33;24.27
3600.00;3900.00;2292.00;25.87;E0_1_2100m;5.00;191;191;12.31;26.13
3600.00;3900.00;1956.00;24.15;E0_0_2200m;5.00;163;163;11.25;24.29
3600.00;3900.00;2316.00;25.75;E0_1_2200m;5.00;193;193;12.49;26.00
3600.00;3900.00;1944.00;24.11;E0_0_2300m;5.00;162;162;11.20;24.25
3600.00;3900.00;2328.00;25.66;E0_1_2300m;5.00;194;194;12.60;25.90
3600.00;3900.00;1932.00;24.07;E0_0_2400m;5.00;161;162;11.17;24.20
3600.00;3900.00;2328.00;25.61;E0_1_2400m;5.00;194;194;12.62;25.84
3600.00;3900.00;1980.00;24.11;E0_0_2500m;5.00;165;165;11.38;24.25
3600.00;3900.00;2292.00;25.54;E0_1_2500m;5.00;191;191;12.47;25.76
3600.00;3900.00;1992.00;24.16;E0_0_2600m;5.00;166;165;11.39;24.31
3600.00;3900.00;2292.00;25.50;E0_1_2600m;5.00;191;191;12.48;25.73
3600.00;3900.00;1968.00;24.13;E0_0_2700m;5.00;164;165;11.34;24.28
3600.00;3900.00;2304.00;25.46;E0_1_2700m;5.00;192;192;12.57;25.69
3600.00;3900.00;1968.00;24.03;E0_0_2800m;5.00;164;164;11.38;24.17
3600.00;3900.00;2304.00;25.41;E0_1_2800m;5.00;192;192;12.60;25.63
3600.00;3900.00;1968.00;23.98;E0_0_2900m;5.00;164;164;11.40;24.11
3600.00;3900.00;2304.00;25.37;E0_1_2900m;5.00;192;192;12.61;25.59
3600.00;3900.00;1956.00;23.93;E0_0_3000m;5.00;163;163;11.35;24.06
3600.00;3900.00;2304.00;25.40;E0_1_3000m;5.00;192;192;12.60;25.63
3600.00;3900.00;1968.00;23.92;E0_0_3100m;5.00;164;164;11.43;24.04
3600.00;3900.00;2292.00;25.39;E0_1_3100m;5.00;191;191;12.54;25.61
3600.00;3900.00;1968.00;23.91;E0_0_3200m;5.00;164;164;11.43;24.03
3600.00;3900.00;2292.00;25.35;E0_1_3200m;5.00;191;191;12.56;25.56
3600.00;3900.00;1956.00;23.91;E0_0_3300m;5.00;163;163;11.36;24.03
3600.00;3900.00;2292.00;25.36;E0_1_3300m;5.00;191;191;12.55;25.56
3600.00;3900.00;1944.00;23.90;E0_0_3400m;5.00;162;162;11.30;24.02
3600.00;3900.00;2256.00;25.40;E0_1_3400m;5.00;188;189;12.38;25.61
3600.00;3900.00;1896.00;23.86;E0_0_3500m;5.00;158;158;11.04;23.97
3600.00;3900.00;2232.00;25.45;E0_1_3500m;5.00;186;187;12.21;25.67
3600.00;3900.00;1908.00;23.88;E0_0_3600m;5.00;159;159;11.10;24.00
3600.00;3900.00;2208.00;25.52;E0_1_3600m;5.00;184;184;12.02;25.75
3600.00;3900.00;1920.00;23.81;E0_0_3700m;5.00;160;160;11.20;23.94
3600.00;3900.00;2208.00;25.59;E0_1_3700m;5.00;184;184;11.98;25.83
3600.00;3900.00;1908.00;23.72;E0_0_3800m;5.00;159;159;11.17;23.85
3600.00;3900.00;2208.00;25.60;E0_1_3800m;5.00;184;184;11.98;25.84
3600.00;3900.00;1920.00;23.66;E0_0_3900m;5.00;160;160;11.27;23.78
3600.00;3900.00;2208.00;25.66;E0_1_3900m;5.00;184;184;11.95;25.90
3600.00;3900.00;1896.00;23.61;E0_0_4000m;5.00;158;159;11.19;23.73
3600.00;3900.00;2220.00;25.77;E0_1_4000m;5.00;185;185;11.96;26.02
3600.00;3900.00;1932.00;23.56;E0_0_4100m;5.00;161;160;11.34;23.68
3600.00;3900.00;2208.00;25.90;E0_1_4100m;5.00;184;184;11.84;26.16
3600.00;3900.00;1932.00;23.53;E0_0_4200m;5.00;161;161;11.41;23.65
3600.00;3900.00;2208.00;25.99;E0_1_4200m;5.00;184;184;11.80;26.25
3600.00;3900.00;1908.00;23.55;E0_0_4300m;5.00;159;159;11.25;23.68
3600.00;3900.00;2196.00;26.07;E0_1_4300m;5.00;183;183;11.70;26.34
3600.00;3900.00;1908.00;23.59;E0_0_4400m;5.00;159;159;11.23;23.72
3600.00;3900.00;2196.00;26.00;E0_1_4400m;5.00;183;183;11.73;26.24
3600.00;3900.00;1896.00;23.48;E0_0_4500m;5.00;158;159;11.28;23.60
3600.00;3900.00;2196.00;25.90;E0_1_4500m;5.00;183;184;11.83;26.10
3600.00;3900.00;1908.00;23.43;E0_0_4600m;5.00;159;159;11.31;23.55
3600.00;3900.00;2208.00;25.85;E0_1_4600m;5.00;184;184;11.86;26.03
3600.00;3900.00;1908.00;23.43;E0_0_4700m;5.00;159;160;11.37;23.56
3600.00;3900.00;2208.00;25.90;E0_1_4700m;5.00;184;184;11.84;26.08
3600.00;3900.00;1908.00;23.48;E0_0_4800m;5.00;159;159;11.29;23.60
3600.00;3900.00;2232.00;26.01;E0_1_4800m;5.00;186;185;11.87;26.19
3600.00;3900.00;1896.00;23.55;E0_0_4900m;5.00;158;159;11.20;23.67
3600.00;3900.00;2232.00;26.17;E0_1_4900m;5.00;186;186;11.85;26.36
3600.00;3900.00;1896.00;23.47;E0_0_5000m;5.00;158;158;11.22;23.58
3600.00;3900.00;2244.00;26.33;E0_1_5000m;5.00;187;187;11.84;26.51
3900.00;4200.00;0.00;-1.00;E0_0_0m;-1.00;0;0;0.00;-1.00
3900.00;4200.00;0.00;-1.00;E0_1_0m;-1.00;0;0;0.00;-1.00
3900.00;4200.00;1836.00;26.28;E0_0_100m;5.00;153;153;9.70;26.42
3900.00;4200.00;2280.00;27.82;E0_1_100m;5.00;190;189;11.38;27.97
3900.00;4200.00;1884.00;26.38;E0_0_200m;5.00;157;157;9.92;26.49
3900.00;4200.00;2244.00;28.33;E0_1_200m;5.00;187;187;11.00;28.50
3900.00;4200.00;1860.00;26.47;E0_0_300m;5.00;155;155;9.76;26.57
3900.00;4200.00;2292.00;28.50;E0_1_300m;5.00;191;191;11.17;28.65
3900.00;4200.00;1860.00;26.41;E0_0_400m;5.00;155;155;9.78;26.50
3900.00;4200.00;2292.00;28.31;E0_1_400m;5.00;191;191;11.24;28.48
3900.00;4200.00;1860.00;26.37;E0_0_500m;5.00;155;155;9.80;26.47
3900.00;4200.00;2280.00;28.08;E0_1_500m;5.00;190;189;11.26;28.28
3900.00;4200.00;1848.00;26.39;E0_0_600m;5.00;154;154;9.73;26.48
3900.00;4200.00;2244.00;27.91;E0_1_600m;5.00;187;188;11.22;28.12
3900.00;4200.00;1884.00;26.22;E0_0_700m;5.00;157;157;9.98;26.33
3900.00;4200.00;2244.00;27.75;E0_1_700m;5.00;187;187;11.23;27.95
3900.00;4200.00;1896.00;26.24;E0_0_800m;5.00;158;157;10.03;26.33
3900.00;4200.00;2244.00;27.55;E0_1_800m;5.00;187;187;11.32;27.72
3900.00;4200.00;1872.00;26.23;E0_0_900m;5.00;156;156;9.91;26.31
3900.00;4200.00;2256.00;27.34;E0_1_900m;5.00;188;188;11.46;27.46
3900.00;4200.00;1884.00;26.03;E0_0_1000m;5.00;157;158;10.05;26.11
3900.00;4200.00;2244.00;27.18;E0_1_1000m;5.00;187;187;11.47;27.31
3900.00;4200.00;1824.00;25.82;E0_0_1100m;5.00;152;153;9.88;25.89
3900.00;4200.00;2328.00;27.09;E0_1_1100m;5.00;194;194;11.94;27.25
3900.00;4200.00;1836.00;25.51;E0_0_1200m;5.00;153;153;10.00;25.59
3900.00;4200.00;2328.00;26.91;E0_1_1200m;5.00;194;194;12.02;27.04
3900.00;4200.00;1800.00;25.37;E0_0_1300m;5.00;150;150;9.86;25.45
3900.00;4200.00;2304.00;26.86;E0_1_1300m;5.00;192;192;11.91;26.99
3900.00;4200.00;1836.00;25.26;E0_0_1400m;5.00;153;152;10.02;25.34
3900.00;4200.00;2268.00;26.82;E0_1_1400m;5.00;189;189;11.74;26.95
3900.00;4200.00;1824.00;25.11;E0_0_1500m;5.00;152;152;10.09;25.19
3900.00;4200.00;2280.00;26.78;E0_1_1500m;5.00;190;191;11.85;26.90
3900.00;4200.00;1788.00;25.06;E0_0_1600m;5.00;149;149;9.91;25.14
3900.00;4200.00;2268.00;26.78;E0_1_1600m;5.00;189;189;11.76;26.90
3900.00;4200.00;1776.00;25.12;E0_0_1700m;5.00;148;148;9.82;25.20
3900.00;4200.00;2256.00;26.75;E0_1_1700m;5.00;188;188;11.71;26.87
3900.00;4200.00;1764.00;25.13;E0_0_1800m;5.00;147;148;9.77;25.21
3900.00;4200.00;2256.00;26.58;E0_1_1800m;5.00;188;188;11.79;26.68
3900.00;4200.00;1752.00;25.01;E0_0_1900m;5.00;146;146;9.73;25.11
3900.00;4200.00;2292.00;26.58;E0_1_1900m;5.00;191;191;11.98;26.68
3900.00;4200.00;1752.00;24.93;E0_0_2000m;5.00;146;147;9.80;25.03
3900.00;4200.00;2292.00;26.55;E0_1_2000m;5.00;191;191;11.99;26.66
3900.00;4200.00;1728.00;24.95;E0_0_2100m;5.00;144;144;9.62;25.04
3900.00;4200.00;2268.00;26.51;E0_1_2100m;5.00;189;189;11.88;26.61
3900.00;4200.00;1740.00;25.02;E0_0_2200m;5.00;145;145;9.66;25.11
3900.00;4200.00;2232.00;26.44;E0_1_2200m;5.00;186;186;11.72;26.55
3900.00;4200.00;1740.00;25.05;E0_0_2300m;5.00;145;145;9.65;25.13
3900.00;4200.00;2208.00;26.34;E0_1_2300m;5.00;184;185;11.65;26.45
3900.00;4200.00;1776.00;25.03;E0_0_2400m;5.00;148;147;9.83;25.10
3900.00;4200.00;2208.00;26.25;E0_1_2400m;5.00;184;184;11.68;26.36
3900.00;4200.00;1752.00;24.96;E0_0_2500m;5.00;146;145;9.75;25.04
3900.00;4200.00;2232.00;26.18;E0_1_2500m;5.00;186;187;11.85;26.30
3900.00;4200.00;1788.00;24.98;E0_0_2600m;5.00;149;149;9.94;25.06
3900.00;4200.00;2220.00;26.16;E0_1_2600m;5.00;185;185;11.79;26.30
3900.00;4200.00;1800.00;24.93;E0_0_2700m;5.00;150;150;10.07;25.02
3900.00;4200.00;2208.00;26.11;E0_1_2700m;5.00;184;184;11.75;26.26
3900.00;4200.00;1836.00;24.78;E0_0_2800m;5.00;153;153;10.29;24.88
3900.00;4200.00;2196.00;26.02;E0_1_2800m;5.00;183;183;11.72;26.18
3900.00;4200.00;1848.00;24.55;E0_0_2900m;5.00;154;154;10.45;24.67
3900.00;4200.00;2208.00;25.88;E0_1_2900m;5.00;184;185;11.89;26.02
3900.00;4200.00;1860.00;24.33;E0_0_3000m;5.00;155;155;10.62;24.45
3900.00;4200.00;2220.00;25.72;E0_1_3000m;5.00;185;185;11.99;25.83
3900.00;4200.00;1860.00;24.20;E0_0_3100m;5.00;155;155;10.68;24.33
3900.00;4200.00;2220.00;25.66;E0_1_3100m;5.00;185;185;12.02;25.76
3900.00;4200.00;1872.00;24.07;E0_0_3200m;5.00;156;156;10.80;24.21
3900.00;4200.00;2220.00;25.67;E0_1_3200m;5.00;185;185;12.01;25.78
3900.00;4200.00;1896.00;24.02;E0_0_3300m;5.00;158;159;10.97;24.18
3900.00;4200.00;2196.00;25.68;E0_1_3300m;5.00;183;184;11.89;25.81
3900.00;4200.00;1896.00;24.00;E0_0_3400m;5.00;158;158;10.97;24.16
3900.00;4200.00;2220.00;25.71;E0_1_3400m;5.00;185;184;11.95;25.84
3900.00;4200.00;1920.00;24.00;E0_0_3500m;5.00;160;160;11.11;24.15
3900.00;4200.00;2196.00;25.76;E0_1_3500m;5.00;183;182;11.81;25.90
3900.00;4200.00;1932.00;23.88;E0_0_3600m;5.00;161;161;11.24;24.02
3900.00;4200.00;2184.00;25.66;E0_1_3600m;5.00;182;182;11.82;25.80
3900.00;4200.00;1932.00;23.70;E0_0_3700m;5.00;161;161;11.32;23.82
3900.00;4200.00;2184.00;25.52;E0_1_3700m;5.00;182;183;11.93;25.66
3900.00;4200.00;1956.00;23.57;E0_0_3800m;5.00;163;163;11.53;23.67
3900.00;4200.00;2208.00;25.44;E0_1_3800m;5.00;184;184;12.05;25.57
3900.00;4200.00;1980.00;23.68;E0_0_3900m;5.00;165;166;11.66;23.78
3900.00;4200.00;2244.00;25.40;E0_1_3900m;5.00;187;187;12.27;25.54
3900.00;4200.00;2028.00;23.73;E0_0_4000m;5.00;169;168;11.83;23.80
3900.00;4200.00;2280.00;25.34;E0_1_4000m;5.00;190;190;12.50;25.47
3900.00;4200.00;2040.00;23.71;E0_0_4100m;5.00;170;170;11.95;23.77
3900.00;4200.00;2328.00;25.30;E0_1_4100m;5.00;194;194;12.78;25.43
3900.00;4200.00;2028.00;23.55;E0_0_4200m;5.00;169;169;11.96;23.59
3900.00;4200.00;2364.00;25.27;E0_1_4200m;5.00;197;198;13.03;25.40
3900.00;4200.00;2064.00;23.54;E0_0_4300m;5.00;172;172;12.18;23.59
3900.00;4200.00;2352.00;25.21;E0_1_4300m;5.00;196;196;12.96;25.35
3900.00;4200.00;2088.00;23.40;E0_0_4400m;5.00;174;174;12.40;23.46
3900.00;4200.00;2352.00;25.20;E0_1_4400m;5.00;196;196;12.96;25.34
3900.00;4200.00;2088.00;23.25;E0_0_4500m;5.00;174;173;12.41;23.32
3900.00;4200.00;2364.00;25.15;E0_1_4500m;5.00;197;196;13.00;25.28
3900.00;4200.00;2052.00;23.07;E0_0_4600m;5.00;171;171;12.35;23.16
3900.00;4200.00;2376.00;25.11;E0_1_4600m;5.00;198;199;13.14;25.23
3900.00;4200.00;2088.00;22.96;E0_0_4700m;5.00;174;173;12.57;23.07
3900.00;4200.00;2376.00;25.07;E0_1_4700m;5.00;198;198;13.17;25.18
3900.00;4200.00;2088.00;22.89;E0_0_4800m;5.00;174;174;12.67;23.02
3900.00;4200.00;2388.00;25.03;E0_1_4800m;5.00;199;199;13.25;25.14
3900.00;4200.00;2136.00;22.87;E0_0_4900m;5.00;178;177;12.95;23.02
3900.00;4200.00;2376.00;25.04;E0_1_4900m;5.00;198;198;13.18;25.15
3900.00;4200.00;2124.00;22.87;E0_0_5000m;5.00;177;177;12.90;23.03
3900.00;4200.00;2376.00;25.06;E0_1_5000m;5.00;198;198;13.17;25.16
4200.00;4500.00;0.00;-1.00;E0_0_0m;-1.00;0;0;0.00;-1.00
4200.00;4500.00;0.00;-1.00;E0_1_0m;-1.00;0;0;0.00;-1.00
4200.00;4500.00;1536.00;26.77;E0_0_100m;5.00;128;129;8.01;26.87
4200.00;4500.00;1920.00;28.54;E0_1_100m;5.00;160;160;9.34;28.68
4200.00;4500.00;1596.00;26.86;E0_0_200m;5.00;133;133;8.25;26.98
4200.00;4500.00;1848.00;28.58;E0_1_200m;5.00;154;154;8.98;28.77
4200.00;4500.00;1596.00;26.71;E0_0_300m;5.00;133;133;8.30;26.82
4200.00;4500.00;1872.00;28.37;E0_1_300m;5.00;156;156;9.17;28.57
4200.00;4500.00;1548.00;26.56;E0_0_400m;5.00;129;130;8.13;26.67
4200.00;4500.00;1956.00;28.17;E0_1_400m;5.00;163;163;9.64;28.37
4200.00;4500.00;1512.00;26.23;E0_0_500m;5.00;126;126;8.01;26.34
4200.00;4500.00;2016.00;28.21;E0_1_500m;5.00;168;168;9.93;28.39
4200.00;4500.00;1548.00;26.14;E0_0_600m;5.00;129;129;8.22;26.25
4200.00;4500.00;2004.00;28.12;E0_1_600m;5.00;167;166;9.85;28.31
4200.00;4500.00;1500.00;26.14;E0_0_700m;5.00;125;125;7.97;26.24
4200.00;4500.00;2016.00;27.98;E0_1_700m;5.00;168;168;10.01;28.16
4200.00;4500.00;1536.00;26.19;E0_0_800m;5.00;128;128;8.15;26.29
4200.00;4500.00;2004.00;27.83;E0_1_800m;5.00;167;166;9.95;28.01
4200.00;4500.00;1524.00;26.19;E0_0_900m;5.00;127;127;8.08;26.30
4200.00;4500.00;2004.00;27.75;E0_1_900m;5.00;167;168;10.08;27.95
4200.00;4500.00;1524.00;26.24;E0_0_1000m;5.00;127;127;8.09;26.34
4200.00;4500.00;2016.00;27.73;E0_1_1000m;5.00;168;168;10.10;27.94
4200.00;4500.00;1548.00;26.13;E0_0_1100m;5.00;129;129;8.23;26.23
4200.00;4500.00;1992.00;27.77;E0_1_1100m;5.00;166;166;9.96;27.99
4200.00;4500.00;1548.00;26.04;E0_0_1200m;5.00;129;129;8.26;26.13
4200.00;4500.00;1980.00;27.68;E0_1_1200m;5.00;165;165;9.94;27.89
4200.00;4500.00;1560.00;25.95;E0_0_1300m;5.00;130;130;8.35;26.04
4200.00;4500.00;1980.00;27.56;E0_1_1300m;5.00;165;165;9.98;27.75
4200.00;4500.00;1512.00;25.88;E0_0_1400m;5.00;126;126;8.11;25.97
4200.00;4500.00;1968.00;27.52;E0_1_1400m;5.00;164;164;9.93;27.71
4200.00;4500.00;1548.00;25.87;E0_0_1500m;5.00;129;129;8.31;25.98
4200.00;4500.00;1980.00;27.33;E0_1_1500m;5.00;165;164;10.04;27.51
4200.00;4500.00;1560.00;25.76;E0_0_1600m;5.00;130;130;8.41;25.87
4200.00;4500.00;2016.00;27.20;E0_1_1600m;5.00;168;168;10.29;27.38
4200.00;4500.00;1608.00;25.75;E0_0_1700m;5.00;134;134;8.67;25.87
4200.00;4500.00;2028.00;27.08;E0_1_1700m;5.00;169;169;10.40;27.26
4200.00;4500.00;1608.00;25.68;E0_0_1800m;5.00;134;134;8.70;25.77
4200.00;4500.00;2016.00;27.02;E0_1_1800m;5.00;168;168;10.36;27.20
4200.00;4500.00;1608.00;25.62;E0_0_1900m;5.00;134;135;8.77;25.71
4200.00;4500.00;1992.00;27.09;E0_1_1900m;5.00;166;166;10.21;27.28
4200.00;4500.00;1620.00;25.62;E0_0_2000m;5.00;135;134;8.74;25.71
4200.00;4500.00;1968.00;26.91;E0_1_2000m;5.00;164;164;10.16;27.07
4200.00;4500.00;1596.00;25.58;E0_0_2100m;5.00;133;134;8.72;25.67
4200.00;4500.00;1992.00;26.91;E0_1_2100m;5.00;166;167;10.30;27.10
4200.00;4500.00;1608.00;25.71;E0_0_2200m;5.00;134;134;8.69;25.88
4200.00;4500.00;1992.00;26.86;E0_1_2200m;5.00;166;167;10.36;27.02
4200.00;4500.00;1608.00;25.63;E0_0_2300m;5.00;134;134;8.71;25.73
4200.00;4500.00;1992.00;26.89;E0_1_2300m;5.00;166;165;10.28;27.04
4200.00;4500.00;1596.00;25.61;E0_0_2400m;5.00;133;133;8.65;25.70
4200.00;4500.00;2028.00;26.83;E0_1_2400m;5.00;169;169;10.50;26.98
4200.00;4500.00;1632.00;25.47;E0_0_2500m;5.00;136;136;8.90;25.57
4200.00;4500.00;2040.00;26.71;E0_1_2500m;5.00;170;169;10.60;26.84
4200.00;4500.00;1620.00;25.44;E0_0_2600m;5.00;135;136;8.91;25.52
4200.00;4500.00;2076.00;26.71;E0_1_2600m;5.00;173;174;10.83;26.87
4200.00;4500.00;1632.00;25.51;E0_0_2700m;5.00;136;135;8.83;25.58
4200.00;4500.00;2100.00;26.62;E0_1_2700m;5.00;175;175;10.96;26.76
4200.00;4500.00;1632.00;25.49;E0_0_2800m;5.00;136;136;8.89;25.57
4200.00;4500.00;2124.00;26.56;E0_1_2800m;5.00;177;177;11.11;26.69
4200.00;4500.00;1644.00;25.46;E0_0_2900m;5.00;137;137;8.97;25.54
4200.00;4500.00;2124.00;26.44;E0_1_2900m;5.00;177;176;11.12;26.55
4200.00;4500.00;1656.00;25.38;E0_0_3000m;5.00;138;138;9.06;25.44
4200.00;4500.00;2136.00;26.34;E0_1_3000m;5.00;178;178;11.26;26.42
4200.00;4500.00;1668.00;25.38;E0_0_3100m;5.00;139;139;9.13;25.44
4200.00;4500.00;2148.00;26.30;E0_1_3100m;5.00;179;179;11.34;26.38
4200.00;4500.00;1668.00;25.37;E0_0_3200m;5.00;139;139;9.13;25.43
4200.00;4500.00;2136.00;26.26;E0_1_3200m;5.00;178;178;11.30;26.34
4200.00;4500.00;1692.00;25.34;E0_0_3300m;5.00;141;140;9.27;25.40
4200.00;4500.00;2148.00;26.26;E0_1_3300m;5.00;179;179;11.36;26.35
4200.00;4500.00;1716.00;25.35;E0_0_3400m;5.00;143;143;9.40;25.40
4200.00;4500.00;2136.00;26.29;E0_1_3400m;5.00;178;178;11.28;26.38
4200.00;4500.00;1704.00;25.36;E0_0_3500m;5.00;142;142;9.33;25.40
4200.00;4500.00;2172.00;26.33;E0_1_3500m;5.00;181;181;11.46;26.42
4200.00;4500.00;1692.00;25.35;E0_0_3600m;5.00;141;142;9.31;25.40
4200.00;4500.00;2172.00;26.34;E0_1_3600m;5.00;181;181;11.45;26.42
4200.00;4500.00;1716.00;25.38;E0_0_3700m;5.00;143;143;9.39;25.43
4200.00;4500.00;2184.00;26.31;E0_1_3700m;5.00;182;181;11.49;26.39
4200.00;4500.00;1692.00;25.26;E0_0_3800m;5.00;141;141;9.30;25.29
4200.00;4500.00;2184.00;26.31;E0_1_3800m;5.00;182;182;11.53;26.39
4200.00;4500.00;1668.00;25.16;E0_0_3900m;5.00;139;140;9.22;25.19
4200.00;4500.00;2148.00;26.26;E0_1_3900m;5.00;179;179;11.36;26.35
4200.00;4500.00;1668.00;25.13;E0_0_4000m;5.00;139;139;9.22;25.17
4200.00;4500.00;2112.00;26.26;E0_1_4000m;5.00;176;176;11.17;26.35
4200.00;4500.00;1656.00;25.08;E0_0_4100m;5.00;138;138;9.17;25.11
4200.00;4500.00;2076.00;26.17;E0_1_4100m;5.00;173;173;11.02;26.26
4200.00;4500.00;1680.00;25.11;E0_0_4200m;5.00;140;140;9.29;25.15
4200.00;4500.00;2052.00;26.12;E0_1_4200m;5.00;171;170;10.87;26.21
4200.00;4500.00;1680.00;25.14;E0_0_4300m;5.00;140;140;9.28;25.17
4200.00;4500.00;2088.00;26.18;E0_1_4300m;5.00;174;174;11.08;26.27
4200.00;4500.00;1716.00;25.16;E0_0_4400m;5.00;143;143;9.47;25.20
4200.00;4500.00;2088.00;26.20;E0_1_4400m;5.00;174;174;11.07;26.30
4200.00;4500.00;1728.00;25.15;E0_0_4500m;5.00;144;144;9.54;25.18
4200.00;4500.00;2112.00;26.28;E0_1_4500m;5.00;176;176;11.16;26.38
4200.00;4500.00;1716.00;25.14;E0_0_4600m;5.00;143;143;9.48;25.17
4200.00;4500.00;2124.00;26.39;E0_1_4600m;5.00;177;176;11.18;26.49
4200.00;4500.00;1716.00;25.15;E0_0_4700m;5.00;143;143;9.48;25.18
4200.00;4500.00;2100.00;26.45;E0_1_4700m;5.00;175;175;11.03;26.55
4200.00;4500.00;1740.00;25.15;E0_0_4800m;5.00;145;145;9.61;25.19
4200.00;4500.00;2076.00;26.54;E0_1_4800m;5.00;173;173;10.87;26.63
4200.00;4500.00;1728.00;25.09;E0_0_4900m;5.00;144;144;9.57;25.11
4200.00;4500.00;2076.00;26.60;E0_1_4900m;5.00;173;173;10.84;26.68
4200.00;4500.00;1740.00;25.04;E0_0_5000m;5.00;145;146;9.68;25.07
4200.00;4500.00;2064.00;26.60;E0_1_5000m;5.00;172;172;10.78;26.68
4500.00;4800.00;0.00;-1.00;E0_0_0m;-1.00;0;0;0.00;-1.00
4500.00;4800.00;0.00;-1.00;E0_1_0m;-1.00;0;0;0.00;-1.00
4500.00;4800.00;1740.00;26.91;E0_0_100m;5.00;145;146;9.04;27.07
4500.00;4800.00;2088.00;28.48;E0_1_100m;5.00;174;174;10.18;28.64
4500.00;4800.00;1752.00;26.50;E0_0_200m;5.00;146;147;9.25;26.74
4500.00;4800.00;2064.00;28.36;E0_1_200m;5.00;172;172;10.11;28.52
4500.00;4800.00;1740.00;26.41;E0_0_300m;5.00;145;145;9.15;26.66
4500.00;4800.00;2040.00;28.17;E0_1_300m;5.00;170;170;10.06;28.34
4500.00;4800.00;1716.00;26.54;E0_0_400m;5.00;143;143;8.98;26.76
4500.00;4800.00;2016.00;27.98;E0_1_400m;5.00;168;168;10.01;28.17
4500.00;4800.00;1680.00;26.50;E0_0_500m;5.00;140;140;8.80;26.71
4500.00;4800.00;2028.00;27.88;E0_1_500m;5.00;169;169;10.10;28.09
4500.00;4800.00;1668.00;26.51;E0_0_600m;5.00;139;140;8.80;26.70
4500.00;4800.00;2004.00;27.82;E0_1_600m;5.00;167;168;10.02;28.02
4500.00;4800.00;1680.00;26.51;E0_0_700m;5.00;140;140;8.80;26.68
4500.00;4800.00;2016.00;27.77;E0_1_700m;5.00;168;168;10.08;27.98
4500.00;4800.00;1680.00;26.58;E0_0_800m;5.00;140;140;8.78;26.75
4500.00;4800.00;1968.00;27.81;E0_1_800m;5.00;164;165;9.87;28.00
4500.00;4800.00;1656.00;26.62;E0_0_900m;5.00;138;139;8.71;26.77
4500.00;4800.00;1980.00;27.88;E0_1_900m;5.00;165;165;9.85;28.06
4500.00;4800.00;1644.00;26.67;E0_0_1000m;5.00;137;137;8.56;26.79
4500.00;4800.00;1980.00;27.90;E0_1_1000m;5.00;165;166;9.86;28.06
4500.00;4800.00;1632.00;26.71;E0_0_1100m;5.00;136;137;8.52;26.82
4500.00;4800.00;1968.00;27.96;E0_1_1100m;5.00;164;164;9.77;28.09
4500.00;4800.00;1620.00;26.76;E0_0_1200m;5.00;135;135;8.41;26.88
4500.00;4800.00;1992.00;28.00;E0_1_1200m;5.00;166;167;9.89;28.11
4500.00;4800.00;1632.00;26.73;E0_0_1300m;5.00;136;136;8.48;26.83
4500.00;4800.00;2040.00;27.97;E0_1_1300m;5.00;170;170;10.13;28.11
4500.00;4800.00;1644.00;26.63;E0_0_1400m;5.00;137;137;8.58;26.72
4500.00;4800.00;2088.00;27.98;E0_1_1400m;5.00;174;174;10.36;28.12
4500.00;4800.00;1656.00;26.59;E0_0_1500m;5.00;138;138;8.65;26.68
4500.00;4800.00;2076.00;28.06;E0_1_1500m;5.00;173;173;10.27;28.21
4500.00;4800.00;1668.00;26.58;E0_0_1600m;5.00;139;139;8.72;26.66
4500.00;4800.00;2040.00;28.13;E0_1_1600m;5.00;170;171;10.08;28.27
4500.00;4800.00;1608.00;26.52;E0_0_1700m;5.00;134;134;8.42;26.61
4500.00;4800.00;2040.00;28.20;E0_1_1700m;5.00;170;170;10.05;28.34
4500.00;4800.00;1620.00;26.52;E0_0_1800m;5.00;135;136;8.51;26.62
4500.00;4800.00;2004.00;28.27;E0_1_1800m;5.00;167;167;9.84;28.42
4500.00;4800.00;1596.00;26.56;E0_0_1900m;5.00;133;134;8.40;26.66
4500.00;4800.00;1992.00;28.21;E0_1_1900m;5.00;166;167;9.83;28.36
4500.00;4800.00;1572.00;26.63;E0_0_2000m;5.00;131;131;8.20;26.74
4500.00;4800.00;2004.00;28.21;E0_1_2000m;5.00;167;167;9.87;28.37
4500.00;4800.00;1572.00;26.66;E0_0_2100m;5.00;131;131;8.19;26.78
4500.00;4800.00;2004.00;28.30;E0_1_2100m;5.00;167;166;9.82;28.47
4500.00;4800.00;1548.00;26.59;E0_0_2200m;5.00;129;129;8.09;26.70
4500.00;4800.00;1992.00;28.32;E0_1_2200m;5.00;166;166;9.77;28.50
4500.00;4800.00;1548.00;26.53;E0_0_2300m;5.00;129;129;8.10;26.65
4500.00;4800.00;2004.00;28.29;E0_1_2300m;5.00;167;167;9.84;28.48
4500.00;4800.00;1536.00;26.65;E0_0_2400m;5.00;128;128;8.00;26.76
4500.00;4800.00;1980.00;28.40;E0_1_2400m;5.00;165;165;9.68;28.59
4500.00;4800.00;1524.00;26.67;E0_0_2500m;5.00;127;128;7.94;26.77
4500.00;4800.00;1932.00;28.47;E0_1_2500m;5.00;161;161;9.42;28.65
4500.00;4800.00;1488.00;26.69;E0_0_2600m;5.00;124;124;7.74;26.78
4500.00;4800.00;1920.00;28.51;E0_1_2600m;5.00;160;159;9.31;28.68
4500.00;4800.00;1488.00;26.71;E0_0_2700m;5.00;124;124;7.74;26.80
4500.00;4800.00;1896.00;28.56;E0_1_2700m;5.00;158;158;9.22;28.73
4500.00;4800.00;1452.00;26.68;E0_0_2800m;5.00;121;121;7.56;26.76
4500.00;4800.00;1884.00;28.64;E0_1_2800m;5.00;157;157;9.14;28.81
4500.00;4800.00;1452.00;26.58;E0_0_2900m;5.00;121;121;7.59;26.67
4500.00;4800.00;1908.00;28.67;E0_1_2900m;5.00;159;159;9.24;28.82
4500.00;4800.00;1476.00;26.56;E0_0_3000m;5.00;123;123;7.72;26.66
4500.00;4800.00;1908.00;28.56;E0_1_3000m;5.00;159;159;9.28;28.70
4500.00;4800.00;1512.00;26.46;E0_0_3100m;5.00;126;126;7.94;26.58
4500.00;4800.00;1920.00;28.45;E0_1_3100m;5.00;160;161;9.41;28.60
4500.00;4800.00;1524.00;26.45;E0_0_3200m;5.00;127;127;8.00;26.57
4500.00;4800.00;1932.00;28.45;E0_1_3200m;5.00;161;161;9.43;28.61
4500.00;4800.00;1512.00;26.51;E0_0_3300m;5.00;126;126;7.92;26.62
4500.00;4800.00;1932.00;28.36;E0_1_3300m;5.00;161;161;9.46;28.51
4500.00;4800.00;1512.00;26.39;E0_0_3400m;5.00;126;126;7.96;26.48
4500.00;4800.00;1944.00;28.26;E0_1_3400m;5.00;162;162;9.56;28.39
4500.00;4800.00;1536.00;26.34;E0_0_3500m;5.00;128;128;8.10;26.42
4500.00;4800.00;1968.00;28.26;E0_1_3500m;5.00;164;164;9.67;28.38
4500.00;4800.00;1572.00;26.30;E0_0_3600m;5.00;131;130;8.26;26.38
4500.00;4800.00;1980.00;28.26;E0_1_3600m;5.00;165;165;9.73;28.38
4500.00;4800.00;1572.00;26.25;E0_0_3700m;5.00;131;131;8.32;26.33
4500.00;4800.00;2016.00;28.31;E0_1_3700m;5.00;168;168;9.89;28.42
4500.00;4800.00;1584.00;26.19;E0_0_3800m;5.00;132;132;8.40;26.27
4500.00;4800.00;1992.00;28.41;E0_1_3800m;5.00;166;166;9.74;28.52
4500.00;4800.00;1608.00;26.13;E0_0_3900m;5.00;134;133;8.53;26.22
4500.00;4800.00;1956.00;28.45;E0_1_3900m;5.00;163;163;9.55;28.56
4500.00;4800.00;1656.00;26.14;E0_0_4000m;5.00;138;138;8.80;26.24
4500.00;4800.00;1908.00;28.36;E0_1_4000m;5.00;159;159;9.34;28.48
4500.00;4800.00;1632.00;26.20;E0_0_4100m;5.00;136;136;8.65;26.29
4500.00;4800.00;1944.00;28.23;E0_1_4100m;5.00;162;162;9.57;28.34
4500.00;4800.00;1632.00;26.23;E0_0_4200m;5.00;136;136;8.64;26.33
4500.00;4800.00;1932.00;28.12;E0_1_4200m;5.00;161;162;9.56;28.23
4500.00;4800.00;1644.00;26.31;E0_0_4300m;5.00;137;137;8.68;26.40
4500.00;4800.00;1884.00;28.08;E0_1_4300m;5.00;157;157;9.32;28.21
4500.00;4800.00;1632.00;26.40;E0_0_4400m;5.00;136;136;8.59;26.49
4500.00;4800.00;1896.00;28.09;E0_1_4400m;5.00;158;158;9.37;28.23
4500.00;4800.00;1620.00;26.36;E0_0_4500m;5.00;135;136;8.58;26.45
4500.00;4800.00;1944.00;28.17;E0_1_4500m;5.00;162;162;9.58;28.31
4500.00;4800.00;1644.00;26.33;E0_0_4600m;5.00;137;137;8.67;26.42
4500.00;4800.00;1944.00;28.15;E0_1_4600m;5.00;162;162;9.59;28.28
4500.00;4800.00;1632.00;26.32;E0_0_4700m;5.00;136;136;8.61;26.41
4500.00;4800.00;1968.00;28.06;E0_1_4700m;5.00;164;164;9.74;28.18
4500.00;4800.00;1644.00;26.23;E0_0_4800m;5.00;137;137;8.71;26.31
4500.00;4800.00;1944.00;27.93;E0_1_4800m;5.00;162;162;9.67;28.06
4500.00;4800.00;1644.00;25.99;E0_0_4900m;5.00;137;137;8.78;26.08
4500.00;4800.00;1932.00;27.68;E0_1_4900m;5.00;161;161;9.69;27.82
4500.00;4800.00;1656.00;25.96;E0_0_5000m;5.00;138;137;8.83;26.04
4500.00;4800.00;1932.00;27.53;E0_1_5000m;5.00;161;161;9.75;27.67
4800.00;5100.00;0.00;-1.00;E0_0_0m;-1.00;0;0;0.00;-1.00
4800.00;5100.00;0.00;-1.00;E0_1_0m;-1.00;0;0;0.00;-1.00
4800.00;5100.00;1872.00;26.46;E0_0_100m;5.00;156;156;9.83;26.62
4800.00;5100.00;2160.00;27.71;E0_1_100m;5.00;180;180;10.83;27.89
4800.00;5100.00;1860.00;26.51;E0_0_200m;5.00;155;154;9.68;26.69
4800.00;5100.00;2184.00;28.28;E0_1_200m;5.00;182;183;10.76;28.47
4800.00;5100.00;1836.00;26.35;E0_0_300m;5.00;153;153;9.68;26.51
4800.00;5100.00;2208.00;28.08;E0_1_300m;5.00;184;184;10.92;28.26
4800.00;5100.00;1836.00;26.16;E0_0_400m;5.00;153;153;9.75;26.31
4800.00;5100.00;2232.00;27.73;E0_1_400m;5.00;186;186;11.18;27.89
4800.00;5100.00;1836.00;25.93;E0_0_500m;5.00;153;153;9.83;26.10
4800.00;5100.00;2244.00;27.45;E0_1_500m;5.00;187;187;11.35;27.62
4800.00;5100.00;1884.00;25.71;E0_0_600m;5.00;157;156;10.12;25.91
4800.00;5100.00;2244.00;27.26;E0_1_600m;5.00;187;187;11.43;27.43
4800.00;5100.00;1884.00;25.68;E0_0_700m;5.00;157;157;10.19;25.87
4800.00;5100.00;2256.00;26.95;E0_1_700m;5.00;188;188;11.63;27.11
4800.00;5100.00;1908.00;25.42;E0_0_800m;5.00;159;160;10.46;25.61
4800.00;5100.00;2280.00;26.79;E0_1_800m;5.00;190;190;11.81;26.97
4800.00;5100.00;1896.00;25.00;E0_0_900m;5.00;158;157;10.47;25.21
4800.00;5100.00;2316.00;26.54;E0_1_900m;5.00;193;192;12.08;26.73
4800.00;5100.00;1908.00;24.81;E0_0_1000m;5.00;159;159;10.68;25.05
4800.00;5100.00;2316.00;26.41;E0_1_1000m;5.00;193;192;12.18;26.62
4800.00;5100.00;1908.00;24.70;E0_0_1100m;5.00;159;158;10.69;24.93
4800.00;5100.00;2340.00;26.31;E0_1_1100m;5.00;195;195;12.35;26.55
4800.00;5100.00;1908.00;24.52;E0_0_1200m;5.00;159;160;10.85;24.73
4800.00;5100.00;2328.00;26.18;E0_1_1200m;5.00;194;194;12.35;26.44
4800.00;5100.00;1908.00;24.40;E0_0_1300m;5.00;159;159;10.86;24.60
4800.00;5100.00;2316.00;26.04;E0_1_1300m;5.00;193;193;12.35;26.31
4800.00;5100.00;1884.00;24.25;E0_0_1400m;5.00;157;157;10.79;24.45
4800.00;5100.00;2280.00;25.91;E0_1_1400m;5.00;190;190;12.22;26.20
4800.00;5100.00;1884.00;24.16;E0_0_1500m;5.00;157;158;10.89;24.37
4800.00;5100.00;2256.00;25.79;E0_1_1500m;5.00;188;188;12.15;26.08
4800.00;5100.00;1848.00;24.13;E0_0_1600m;5.00;154;154;10.63;24.35
4800.00;5100.00;2268.00;25.81;E0_1_1600m;5.00;189;188;12.20;26.11
4800.00;5100.00;1848.00;24.22;E0_0_1700m;5.00;154;154;10.60;24.42
4800.00;5100.00;2268.00;25.81;E0_1_1700m;5.00;189;189;12.20;26.12
4800.00;5100.00;1860.00;24.27;E0_0_1800m;5.00;155;154;10.62;24.45
4800.00;5100.00;2256.00;25.82;E0_1_1800m;5.00;188;188;12.14;26.12
4800.00;5100.00;1860.00;24.31;E0_0_1900m;5.00;155;154;10.57;24.48
4800.00;5100.00;2256.00;25.66;E0_1_1900m;5.00;188;187;12.19;25.95
4800.00;5100.00;1848.00;24.36;E0_0_2000m;5.00;154;154;10.54;24.51
4800.00;5100.00;2244.00;25.44;E0_1_2000m;5.00;187;187;12.25;25.72
4800.00;5100.00;1836.00;24.34;E0_0_2100m;5.00;153;153;10.48;24.49
4800.00;5100.00;2232.00;25.17;E0_1_2100m;5.00;186;186;12.32;25.42
4800.00;5100.00;1824.00;24.38;E0_0_2200m;5.00;152;153;10.44;24.52
4800.00;5100.00;2232.00;24.86;E0_1_2200m;5.00;186;187;12.51;25.06
4800.00;5100.00;1848.00;24.23;E0_0_2300m;5.00;154;154;10.59;24.35
4800.00;5100.00;2232.00;24.57;E0_1_2300m;5.00;186;186;12.62;24.74
4800.00;5100.00;1824.00;24.10;E0_0_2400m;5.00;152;153;10.57;24.21
4800.00;5100.00;2280.00;24.37;E0_1_2400m;5.00;190;190;13.00;24.52
4800.00;5100.00;1872.00;23.96;E0_0_2500m;5.00;156;155;10.85;24.06
4800.00;5100.00;2268.00;24.15;E0_1_2500m;5.00;189;189;13.04;24.29
4800.00;5100.00;1896.00;23.85;E0_0_2600m;5.00;158;158;11.04;23.95
4800.00;5100.00;2280.00;23.99;E0_1_2600m;5.00;190;190;13.20;24.11
4800.00;5100.00;1908.00;23.65;E0_0_2700m;5.00;159;159;11.20;23.75
4800.00;5100.00;2316.00;23.92;E0_1_2700m;5.00;193;193;13.45;24.02
4800.00;5100.00;1920.00;23.66;E0_0_2800m;5.00;160;160;11.27;23.73
4800.00;5100.00;2352.00;23.84;E0_1_2800m;5.00;196;197;13.74;23.92
4800.00;5100.00;1908.00;23.53;E0_0_2900m;5.00;159;159;11.26;23.60
4800.00;5100.00;2340.00;23.74;E0_1_2900m;5.00;195;195;13.69;23.81
4800.00;5100.00;1920.00;23.33;E0_0_3000m;5.00;160;160;11.43;23.42
4800.00;5100.00;2292.00;23.64;E0_1_3000m;5.00;191;191;13.47;23.70
4800.00;5100.00;1896.00;23.19;E0_0_3100m;5.00;158;158;11.36;23.27
4800.00;5100.00;2256.00;23.45;E0_1_3100m;5.00;188;188;13.36;23.50
4800.00;5100.00;1884.00;23.21;E0_0_3200m;5.00;157;157;11.27;23.27
4800.00;5100.00;2244.00;23.40;E0_1_3200m;5.00;187;187;13.32;23.45
4800.00;5100.00;1872.00;23.18;E0_0_3300m;5.00;156;156;11.22;23.24
4800.00;5100.00;2232.00;23.36;E0_1_3300m;5.00;186;186;13.27;23.43
4800.00;5100.00;1848.00;23.18;E0_0_3400m;5.00;154;154;11.07;23.23
4800.00;5100.00;2220.00;23.34;E0_1_3400m;5.00;185;186;13.23;23.44
4800.00;5100.00;1800.00;23.10;E0_0_3500m;5.00;150;150;10.82;23.14
4800.00;5100.00;2196.00;23.26;E0_1_3500m;5.00;183;183;13.11;23.37
4800.00;5100.00;1776.00;23.07;E0_0_3600m;5.00;148;148;10.69;23.12
4800.00;5100.00;2172.00;23.22;E0_1_3600m;5.00;181;181;12.99;23.34
4800.00;5100.00;1764.00;23.06;E0_0_3700m;5.00;147;147;10.62;23.12
4800.00;5100.00;2136.00;23.16;E0_1_3700m;5.00;178;178;12.81;23.26
4800.00;5100.00;1764.00;23.07;E0_0_3800m;5.00;147;147;10.62;23.14
4800.00;5100.00;2136.00;23.21;E0_1_3800m;5.00;178;178;12.78;23.35
4800.00;5100.00;1764.00;23.12;E0_0_3900m;5.00;147;147;10.60;23.19
4800.00;5100.00;2136.00;23.32;E0_1_3900m;5.00;178;178;12.72;23.49
4800.00;5100.00;1764.00;23.14;E0_0_4000m;5.00;147;147;10.59;23.23
4800.00;5100.00;2100.00;23.34;E0_1_4000m;5.00;175;176;12.50;23.52
4800.00;5100.00;1740.00;23.25;E0_0_4100m;5.00;145;145;10.39;23.35
4800.00;5100.00;2088.00;23.41;E0_1_4100m;5.00;174;174;12.39;23.61
4800.00;5100.00;1740.00;23.29;E0_0_4200m;5.00;145;145;10.38;23.38
4800.00;5100.00;2088.00;23.50;E0_1_4200m;5.00;174;173;12.32;23.71
4800.00;5100.00;1716.00;23.32;E0_0_4300m;5.00;143;143;10.22;23.44
4800.00;5100.00;2088.00;23.57;E0_1_4300m;5.00;174;174;12.30;23.77
4800.00;5100.00;1680.00;23.43;E0_0_4400m;5.00;140;141;9.97;23.55
4800.00;5100.00;2052.00;23.65;E0_1_4400m;5.00;171;171;12.05;23.85
4800.00;5100.00;1656.00;23.47;E0_0_4500m;5.00;138;138;9.80;23.58
4800.00;5100.00;2016.00;23.69;E0_1_4500m;5.00;168;168;11.82;23.89
4800.00;5100.00;1644.00;23.58;E0_0_4600m;5.00;137;137;9.68;23.69
4800.00;5100.00;2016.00;23.83;E0_1_4600m;5.00;168;168;11.75;24.03
4800.00;5100.00;1644.00;23.70;E0_0_4700m;5.00;137;137;9.64;23.81
4800.00;5100.00;2004.00;24.01;E0_1_4700m;5.00;167;167;11.59;24.24
4800.00;5100.00;1644.00;23.80;E0_0_4800m;5.00;137;137;9.59;23.92
4800.00;5100.00;1992.00;24.22;E0_1_4800m;5.00;166;166;11.42;24.47
4800.00;5100.00;1632.00;23.85;E0_0_4900m;5.00;136;136;9.50;23.97
4800.00;5100.00;2004.00;24.45;E0_1_4900m;5.00;167;168;11.38;24.71
4800.00;5100.00;1656.00;23.96;E0_0_5000m;5.00;138;139;9.63;24.07
4800.00;5100.00;1992.00;24.65;E0_1_5000m;5.00;166;166;11.22;24.93
5100.00;5400.00;0.00;-1.00;E0_0_0m;-1.00;0;0;0.00;-1.00
5100.00;5400.00;0.00;-1.00;E0_1_0m;-1.00;0;0;0.00;-1.00
5100.00;5400.00;1620.00;27.43;E0_0_100m;5.00;135;135;8.20;27.52
5100.00;5400.00;2028.00;28.89;E0_1_100m;5.00;169;169;9.75;29.00
5100.00;5400.00;1608.00;27.58;E0_0_200m;5.00;134;134;8.10;27.68
5100.00;5400.00;2016.00;29.06;E0_1_200m;5.00;168;168;9.63;29.18
5100.00;5400.00;1644.00;27.66;E0_0_300m;5.00;137;137;8.25;27.77
5100.00;5400.00;2016.00;29.13;E0_1_300m;5.00;168;168;9.61;29.23
5100.00;5400.00;1656.00;27.67;E0_0_400m;5.00;138;138;8.31;27.78
5100.00;5400.00;1992.00;29.21;E0_1_400m;5.00;166;166;9.47;29.32
5100.00;5400.00;1644.00;27.44;E0_0_500m;5.00;137;137;8.32;27.56
5100.00;5400.00;2028.00;29.22;E0_1_500m;5.00;169;169;9.64;29.34
5100.00;5400.00;1656.00;27.21;E0_0_600m;5.00;138;139;8.52;27.35
5100.00;5400.00;2016.00;29.15;E0_1_600m;5.00;168;168;9.61;29.27
5100.00;5400.00;1632.00;27.03;E0_0_700m;5.00;136;136;8.39;27.19
5100.00;5400.00;2040.00;29.09;E0_1_700m;5.00;170;170;9.74;29.20
5100.00;5400.00;1644.00;26.88;E0_0_800m;5.00;137;137;8.49;27.06
5100.00;5400.00;2016.00;29.11;E0_1_800m;5.00;168;167;9.60;29.22
5100.00;5400.00;1680.00;26.91;E0_0_900m;5.00;140;141;8.71;27.09
5100.00;5400.00;2028.00;29.00;E0_1_900m;5.00;169;169;9.71;29.13
5100.00;5400.00;1680.00;27.04;E0_0_1000m;5.00;140;140;8.63;27.21
5100.00;5400.00;2040.00;28.93;E0_1_1000m;5.00;170;170;9.80;29.05
5100.00;5400.00;1680.00;27.06;E0_0_1100m;5.00;140;140;8.62;27.21
5100.00;5400.00;2028.00;28.88;E0_1_1100m;5.00;169;170;9.78;29.01
5100.00;5400.00;1716.00;26.93;E0_0_1200m;5.00;143;142;8.81;27.09
5100.00;5400.00;2040.00;28.76;E0_1_1200m;5.00;170;170;9.85;28.91
5100.00;5400.00;1668.00;26.89;E0_0_1300m;5.00;139;139;8.61;27.07
5100.00;5400.00;2052.00;28.79;E0_1_1300m;5.00;171;171;9.90;28.94
5100.00;5400.00;1644.00;26.80;E0_0_1400m;5.00;137;138;8.53;26.96
5100.00;5400.00;2088.00;28.77;E0_1_1400m;5.00;174;174;10.08;28.92
5100.00;5400.00;1668.00;26.72;E0_0_1500m;5.00;139;138;8.61;26.88
5100.00;5400.00;2064.00;28.69;E0_1_1500m;5.00;172;172;9.99;28.84
5100.00;5400.00;1680.00;26.53;E0_0_1600m;5.00;140;140;8.79;26.70
5100.00;5400.00;2112.00;28.55;E0_1_1600m;5.00;176;176;10.28;28.69
5100.00;5400.00;1704.00;26.33;E0_0_1700m;5.00;142;142;8.99;26.51
5100.00;5400.00;2124.00;28.39;E0_1_1700m;5.00;177;177;10.39;28.52
5100.00;5400.00;1704.00;26.04;E0_0_1800m;5.00;142;142;9.09;26.26
5100.00;5400.00;2184.00;28.29;E0_1_1800m;5.00;182;182;10.72;28.42
5100.00;5400.00;1740.00;25.73;E0_0_1900m;5.00;145;145;9.39;25.99
5100.00;5400.00;2172.00;28.26;E0_1_1900m;5.00;181;181;10.67;28.39
5100.00;5400.00;1788.00;25.49;E0_0_2000m;5.00;149;149;9.74;25.74
5100.00;5400.00;2160.00;28.20;E0_1_2000m;5.00;180;181;10.66;28.33
5100.00;5400.00;1824.00;25.41;E0_0_2100m;5.00;152;152;9.97;25.65
5100.00;5400.00;2184.00;28.11;E0_1_2100m;5.00;182;182;10.79;28.22
5100.00;5400.00;1848.00;25.33;E0_0_2200m;5.00;154;153;10.08;25.57
5100.00;5400.00;2196.00;27.94;E0_1_2200m;5.00;183;182;10.88;28.04
5100.00;5400.00;1824.00;25.14;E0_0_2300m;5.00;152;152;10.08;25.37
5100.00;5400.00;2196.00;27.87;E0_1_2300m;5.00;183;183;10.94;27.97
5100.00;5400.00;1812.00;25.08;E0_0_2400m;5.00;151;150;9.98;25.32
5100.00;5400.00;2160.00;27.87;E0_1_2400m;5.00;180;180;10.77;27.96
5100.00;5400.00;1776.00;25.02;E0_0_2500m;5.00;148;148;9.86;25.26
5100.00;5400.00;2160.00;27.95;E0_1_2500m;5.00;180;180;10.74;28.02
5100.00;5400.00;1776.00;25.19;E0_0_2600m;5.00;148;148;9.79;25.41
5100.00;5400.00;2124.00;28.09;E0_1_2600m;5.00;177;177;10.50;28.16
5100.00;5400.00;1752.00;25.20;E0_0_2700m;5.00;146;146;9.65;25.42
5100.00;5400.00;2088.00;28.14;E0_1_2700m;5.00;174;174;10.31;28.20
5100.00;5400.00;1764.00;25.02;E0_0_2800m;5.00;147;147;9.79;25.25
5100.00;5400.00;2040.00;28.18;E0_1_2800m;5.00;170;171;10.05;28.25
5100.00;5400.00;1752.00;24.87;E0_0_2900m;5.00;146;146;9.78;25.09
5100.00;5400.00;2040.00;28.16;E0_1_2900m;5.00;170;170;10.06;28.22
5100.00;5400.00;1764.00;24.72;E0_0_3000m;5.00;147;147;9.91;24.94
5100.00;5400.00;2064.00;28.08;E0_1_3000m;5.00;172;172;10.21;28.14
5100.00;5400.00;1776.00;24.66;E0_0_3100m;5.00;148;148;10.00;24.86
5100.00;5400.00;2100.00;27.95;E0_1_3100m;5.00;175;175;10.44;28.01
5100.00;5400.00;1776.00;24.76;E0_0_3200m;5.00;148;148;9.96;24.97
5100.00;5400.00;2100.00;27.78;E0_1_3200m;5.00;175;175;10.50;27.87
5100.00;5400.00;1776.00;24.61;E0_0_3300m;5.00;148;148;10.02;24.87
5100.00;5400.00;2112.00;27.65;E0_1_3300m;5.00;176;177;10.66;27.76
5100.00;5400.00;1788.00;24.44;E0_0_3400m;5.00;149;149;10.16;24.65
5100.00;5400.00;2112.00;27.49;E0_1_3400m;5.00;176;175;10.66;27.61
5100.00;5400.00;1812.00;24.42;E0_0_3500m;5.00;151;151;10.30;24.61
5100.00;5400.00;2124.00;27.46;E0_1_3500m;5.00;177;177;10.74;27.61
5100.00;5400.00;1872.00;24.59;E0_0_3600m;5.00;156;156;10.57;24.76
5100.00;5400.00;2088.00;27.39;E0_1_3600m;5.00;174;174;10.59;27.59
5100.00;5400.00;1824.00;24.76;E0_0_3700m;5.00;152;152;10.23;24.90
5100.00;5400.00;2112.00;27.34;E0_1_3700m;5.00;176;176;10.73;27.57
5100.00;5400.00;1860.00;24.79;E0_0_3800m;5.00;155;155;10.42;24.92
5100.00;5400.00;2124.00;27.32;E0_1_3800m;5.00;177;177;10.80;27.56
5100.00;5400.00;1872.00;24.55;E0_0_3900m;5.00;156;156;10.59;24.70
5100.00;5400.00;2184.00;27.30;E0_1_3900m;5.00;182;182;11.11;27.54
5100.00;5400.00;1896.00;24.35;E0_0_4000m;5.00;158;158;10.82;24.49
5100.00;5400.00;2184.00;27.30;E0_1_4000m;5.00;182;182;11.11;27.54
5100.00;5400.00;1896.00;24.19;E0_0_4100m;5.00;158;158;10.88;24.33
5100.00;5400.00;2184.00;27.27;E0_1_4100m;5.00;182;182;11.12;27.50
5100.00;5400.00;1848.00;24.14;E0_0_4200m;5.00;154;154;10.63;24.28
5100.00;5400.00;2220.00;27.24;E0_1_4200m;5.00;185;185;11.32;27.45
5100.00;5400.00;1872.00;24.10;E0_0_4300m;5.00;156;156;10.79;24.22
5100.00;5400.00;2220.00;27.24;E0_1_4300m;5.00;185;185;11.32;27.44
5100.00;5400.00;1872.00;24.07;E0_0_4400m;5.00;156;155;10.79;24.18
5100.00;5400.00;2304.00;27.18;E0_1_4400m;5.00;192;192;11.77;27.36
5100.00;5400.00;1860.00;23.94;E0_0_4500m;5.00;155;155;10.79;24.05
5100.00;5400.00;2364.00;27.14;E0_1_4500m;5.00;197;197;12.10;27.29
5100.00;5400.00;1884.00;23.95;E0_0_4600m;5.00;157;157;10.93;24.06
5100.00;5400.00;2400.00;27.10;E0_1_4600m;5.00;200;200;12.30;27.23
5100.00;5400.00;1920.00;24.03;E0_0_4700m;5.00;160;160;11.10;24.14
5100.00;5400.00;2388.00;27.05;E0_1_4700m;5.00;199;199;12.26;27.18
5100.00;5400.00;1932.00;24.14;E0_0_4800m;5.00;161;161;11.12;24.24
5100.00;5400.00;2388.00;27.08;E0_1_4800m;5.00;199;199;12.25;27.21
5100.00;5400.00;1920.00;24.31;E0_0_4900m;5.00;160;160;10.97;24.41
5100.00;5400.00;2424.00;27.11;E0_1_4900m;5.00;202;201;12.42;27.25
5100.00;5400.00;1920.00;24.29;E0_0_5000m;5.00;160;159;10.95;24.40
5100.00;5400.00;2400.00;27.26;E0_1_5000m;5.00;200;201;12.28;27.42
5400.00;5700.00;0.00;-1.00;E0_0_0m;-1.00;0;0;0.00;-1.00
5400.00;5700.00;0.00;-1.00;E0_1_0m;-1.00;0;0;0.00;-1.00
5400.00;5700.00;1764.00;26.82;E0_0_100m;5.00;147;147;9.14;26.95
5400.00;5700.00;2268.00;28.25;E0_1_100m;5.00;189;189;11.15;28.36
5400.00;5700.00;1920.00;26.73;E0_0_200m;5.00;160;160;9.98;26.88
5400.00;5700.00;2148.00;28.47;E0_1_200m;5.00;179;179;10.48;28.64
5400.00;5700.00;1932.00;26.64;E0_0_300m;5.00;161;161;10.07;26.78
5400.00;5700.00;2136.00;28.32;E0_1_300m;5.00;178;180;10.50;28.50
5400.00;5700.00;1944.00;26.57;E0_0_400m;5.00;162;162;10.16;26.68
5400.00;5700.00;2160.00;28.12;E0_1_400m;5.00;180;180;10.67;28.29
5400.00;5700.00;1908.00;26.43;E0_0_500m;5.00;159;159;10.03;26.54
5400.00;5700.00;2172.00;27.95;E0_1_500m;5.00;181;181;10.79;28.14
5400.00;5700.00;1884.00;26.26;E0_0_600m;5.00;157;156;9.90;26.37
5400.00;5700.00;2184.00;27.78;E0_1_600m;5.00;182;182;10.92;27.96
5400.00;5700.00;1824.00;26.07;E0_0_700m;5.00;152;152;9.72;26.18
5400.00;5700.00;2208.00;27.58;E0_1_700m;5.00;184;184;11.12;27.75
5400.00;5700.00;1800.00;25.88;E0_0_800m;5.00;150;151;9.70;25.98
5400.00;5700.00;2208.00;27.35;E0_1_800m;5.00;184;184;11.21;27.52
5400.00;5700.00;1800.00;25.85;E0_0_900m;5.00;150;149;9.63;25.94
5400.00;5700.00;2172.00;27.18;E0_1_900m;5.00;181;182;11.13;27.35
5400.00;5700.00;1752.00;25.79;E0_0_1000m;5.00;146;147;9.47;25.89
5400.00;5700.00;2208.00;27.07;E0_1_1000m;5.00;184;184;11.33;27.24
5400.00;5700.00;1752.00;25.81;E0_0_1100m;5.00;146;146;9.43;25.91
5400.00;5700.00;2196.00;26.99;E0_1_1100m;5.00;183;183;11.34;27.17
5400.00;5700.00;1752.00;25.79;E0_0_1200m;5.00;146;146;9.44;25.90
5400.00;5700.00;2172.00;26.92;E0_1_1200m;5.00;181;182;11.24;27.10
5400.00;5700.00;1716.00;25.49;E0_0_1300m;5.00;143;144;9.35;25.59
5400.00;5700.00;2184.00;26.82;E0_1_1300m;5.00;182;183;11.31;26.99
5400.00;5700.00;1716.00;25.27;E0_0_1400m;5.00;143;142;9.42;25.37
5400.00;5700.00;2172.00;26.61;E0_1_1400m;5.00;181;182;11.39;26.78
5400.00;5700.00;1716.00;25.22;E0_0_1500m;5.00;143;143;9.45;25.32
5400.00;5700.00;2172.00;26.53;E0_1_1500m;5.00;181;181;11.37;26.69
5400.00;5700.00;1704.00;25.31;E0_0_1600m;5.00;142;142;9.35;25.40
5400.00;5700.00;2136.00;26.53;E0_1_1600m;5.00;178;178;11.18;26.69
5400.00;5700.00;1728.00;25.42;E0_0_1700m;5.00;144;144;9.44;25.49
5400.00;5700.00;2076.00;26.47;E0_1_1700m;5.00;173;173;10.89;26.63
5400.00;5700.00;1692.00;25.47;E0_0_1800m;5.00;141;141;9.23;25.55
5400.00;5700.00;2064.00;26.34;E0_1_1800m;5.00;172;172;10.88;26.51
5400.00;5700.00;1680.00;25.43;E0_0_1900m;5.00;140;141;9.23;25.52
5400.00;5700.00;2052.00;26.32;E0_1_1900m;5.00;171;172;10.88;26.51
5400.00;5700.00;1680.00;25.34;E0_0_2000m;5.00;140;141;9.25;25.42
5400.00;5700.00;2052.00;26.39;E0_1_2000m;5.00;171;171;10.80;26.61
5400.00;5700.00;1668.00;25.36;E0_0_2100m;5.00;139;139;9.14;25.45
5400.00;5700.00;2016.00;26.42;E0_1_2100m;5.00;168;168;10.60;26.66
5400.00;5700.00;1644.00;25.47;E0_0_2200m;5.00;137;137;8.96;25.56
5400.00;5700.00;2016.00;26.49;E0_1_2200m;5.00;168;169;10.61;26.72
5400.00;5700.00;1656.00;25.59;E0_0_2300m;5.00;138;138;8.99;25.68
5400.00;5700.00;2052.00;26.51;E0_1_2300m;5.00;171;171;10.75;26.72
5400.00;5700.00;1668.00;25.44;E0_0_2400m;5.00;139;139;9.11;25.57
5400.00;5700.00;2100.00;26.55;E0_1_2400m;5.00;175;175;10.99;26.75
5400.00;5700.00;1668.00;25.31;E0_0_2500m;5.00;139;139;9.15;25.42
5400.00;5700.00;2112.00;26.42;E0_1_2500m;5.00;176;176;11.10;26.64
5400.00;5700.00;1704.00;25.21;E0_0_2600m;5.00;142;142;9.39;25.35
5400.00;5700.00;2076.00;26.33;E0_1_2600m;5.00;173;173;10.95;26.58
5400.00;5700.00;1704.00;25.26;E0_0_2700m;5.00;142;142;9.37;25.40
5400.00;5700.00;2076.00;26.29;E0_1_2700m;5.00;173;173;10.97;26.57
5400.00;5700.00;1728.00;25.30;E0_0_2800m;5.00;144;144;9.49;25.43
5400.00;5700.00;2052.00;26.29;E0_1_2800m;5.00;171;171;10.84;26.57
5400.00;5700.00;1680.00;25.20;E0_0_2900m;5.00;140;141;9.31;25.30
5400.00;5700.00;2064.00;26.26;E0_1_2900m;5.00;172;172;10.92;26.53
5400.00;5700.00;1656.00;25.15;E0_0_3000m;5.00;138;138;9.14;25.26
5400.00;5700.00;2016.00;26.33;E0_1_3000m;5.00;168;169;10.69;26.60
5400.00;5700.00;1656.00;25.17;E0_0_3100m;5.00;138;138;9.14;25.27
5400.00;5700.00;1968.00;26.35;E0_1_3100m;5.00;164;165;10.40;26.63
5400.00;5700.00;1668.00;25.14;E0_0_3200m;5.00;139;140;9.27;25.24
5400.00;5700.00;1980.00;26.47;E0_1_3200m;5.00;165;166;10.46;26.77
5400.00;5700.00;1668.00;25.10;E0_0_3300m;5.00;139;139;9.23;25.20
5400.00;5700.00;1968.00;26.52;E0_1_3300m;5.00;164;165;10.35;26.79
5400.00;5700.00;1680.00;25.16;E0_0_3400m;5.00;140;140;9.28;25.27
5400.00;5700.00;1944.00;26.66;E0_1_3400m;5.00;162;162;10.13;26.96
5400.00;5700.00;1644.00;25.22;E0_0_3500m;5.00;137;137;9.05;25.33
5400.00;5700.00;1944.00;26.80;E0_1_3500m;5.00;162;162;10.07;27.12
5400.00;5700.00;1620.00;25.29;E0_0_3600m;5.00;135;135;8.90;25.42
5400.00;5700.00;1944.00;26.97;E0_1_3600m;5.00;162;162;10.01;27.29
5400.00;5700.00;1632.00;25.37;E0_0_3700m;5.00;136;136;8.93;25.49
5400.00;5700.00;1932.00;27.08;E0_1_3700m;5.00;161;161;9.91;27.40
5400.00;5700.00;1584.00;25.38;E0_0_3800m;5.00;132;132;8.67;25.49
5400.00;5700.00;1920.00;27.16;E0_1_3800m;5.00;160;160;9.82;27.46
5400.00;5700.00;1560.00;25.45;E0_0_3900m;5.00;130;130;8.51;25.56
5400.00;5700.00;1872.00;27.23;E0_1_3900m;5.00;156;156;9.55;27.53
5400.00;5700.00;1524.00;25.51;E0_0_4000m;5.00;127;127;8.30;25.62
5400.00;5700.00;1884.00;27.26;E0_1_4000m;5.00;157;157;9.60;27.53
5400.00;5700.00;1548.00;25.58;E0_0_4100m;5.00;129;129;8.40;25.69
5400.00;5700.00;1860.00;27.32;E0_1_4100m;5.00;155;155;9.46;27.57
5400.00;5700.00;1548.00;25.69;E0_0_4200m;5.00;129;129;8.37;25.80
5400.00;5700.00;1836.00;27.42;E0_1_4200m;5.00;153;154;9.31;27.65
5400.00;5700.00;1524.00;25.71;E0_0_4300m;5.00;127;127;8.23;25.81
5400.00;5700.00;1848.00;27.53;E0_1_4300m;5.00;154;154;9.32;27.75
5400.00;5700.00;1500.00;25.74;E0_0_4400m;5.00;125;125;8.09;25.83
5400.00;5700.00;1812.00;27.61;E0_1_4400m;5.00;151;151;9.11;27.81
5400.00;5700.00;1476.00;25.79;E0_0_4500m;5.00;123;123;7.95;25.87
5400.00;5700.00;1776.00;27.68;E0_1_4500m;5.00;148;148;8.91;27.87
5400.00;5700.00;1428.00;25.78;E0_0_4600m;5.00;119;119;7.69;25.86
5400.00;5700.00;1764.00;27.72;E0_1_4600m;5.00;147;147;8.84;27.89
5400.00;5700.00;1440.00;25.79;E0_0_4700m;5.00;120;120;7.76;25.86
5400.00;5700.00;1800.00;27.75;E0_1_4700m;5.00;150;150;9.01;27.90
5400.00;5700.00;1476.00;25.78;E0_0_4800m;5.00;123;123;7.95;25.85
5400.00;5700.00;1824.00;27.82;E0_1_4800m;5.00;152;152;9.11;27.98
5400.00;5700.00;1488.00;25.80;E0_0_4900m;5.00;124;124;8.01;25.87
5400.00;5700.00;1860.00;27.85;E0_1_4900m;5.00;155;155;9.28;28.01
5400.00;5700.00;1524.00;25.74;E0_0_5000m;5.00;127;127;8.22;25.80
5400.00;5700.00;1896.00;27.77;E0_1_5000m;5.00;158;157;9.44;27.91
5700.00;6000.00;0.00;-1.00;E0_0_0m;-1.00;0;0;0.00;-1.00
5700.00;6000.00;0.00;-1.00;E0_1_0m;-1.00;0;0;0.00;-1.00
5700.00;6000.00;1608.00;27.28;E0_0_100m;5.00;134;134;8.19;27.43
5700.00;6000.00;1944.00;28.09;E0_1_100m;5.00;162;162;9.61;28.23
5700.00;6000.00;1548.00;27.26;E0_0_200m;5.00;129;129;7.89;27.42
5700.00;6000.00;1980.00;28.70;E0_1_200m;5.00;165;165;9.58;28.92
5700.00;6000.00;1548.00;27.19;E0_0_300m;5.00;129;129;7.91;27.36
5700.00;6000.00;1944.00;28.67;E0_1_300m;5.00;162;161;9.41;28.93
5700.00;6000.00;1536.00;27.03;E0_0_400m;5.00;128;128;7.89;27.19
5700.00;6000.00;1944.00;28.54;E0_1_400m;5.00;162;162;9.46;28.82
5700.00;6000.00;1572.00;26.75;E0_0_500m;5.00;131;131;8.16;26.89
5700.00;6000.00;1956.00;28.32;E0_1_500m;5.00;163;163;9.59;28.57
5700.00;6000.00;1572.00;26.53;E0_0_600m;5.00;131;131;8.23;26.67
5700.00;6000.00;1980.00;28.05;E0_1_600m;5.00;165;165;9.80;28.28
5700.00;6000.00;1548.00;26.21;E0_0_700m;5.00;129;129;8.20;26.33
5700.00;6000.00;2028.00;27.86;E0_1_700m;5.00;169;169;10.11;28.09
5700.00;6000.00;1560.00;26.00;E0_0_800m;5.00;130;129;8.29;26.11
5700.00;6000.00;2052.00;27.50;E0_1_800m;5.00;171;171;10.36;27.75
5700.00;6000.00;1560.00;25.73;E0_0_900m;5.00;130;130;8.42;25.86
5700.00;6000.00;2052.00;27.34;E0_1_900m;5.00;171;170;10.40;27.61
5700.00;6000.00;1596.00;25.69;E0_0_1000m;5.00;133;132;8.59;25.82
5700.00;6000.00;2040.00;27.15;E0_1_1000m;5.00;170;170;10.44;27.45
5700.00;6000.00;1584.00;25.60;E0_0_1100m;5.00;132;132;8.59;25.73
5700.00;6000.00;2088.00;26.95;E0_1_1100m;5.00;174;173;10.70;27.27
5700.00;6000.00;1584.00;25.58;E0_0_1200m;5.00;132;132;8.60;25.72
5700.00;6000.00;2076.00;26.83;E0_1_1200m;5.00;173;173;10.75;27.16
5700.00;6000.00;1596.00;25.52;E0_0_1300m;5.00;133;132;8.69;25.64
5700.00;6000.00;2088.00;26.67;E0_1_1300m;5.00;174;173;10.87;26.98
5700.00;6000.00;1608.00;25.37;E0_0_1400m;5.00;134;134;8.80;25.51
5700.00;6000.00;2112.00;26.52;E0_1_1400m;5.00;176;175;11.01;26.83
5700.00;6000.00;1608.00;25.33;E0_0_1500m;5.00;134;135;8.87;25.46
5700.00;6000.00;2112.00;26.42;E0_1_1500m;5.00;176;176;11.10;26.71
5700.00;6000.00;1632.00;25.26;E0_0_1600m;5.00;136;136;8.97;25.38
5700.00;6000.00;2136.00;26.35;E0_1_1600m;5.00;178;178;11.26;26.63
5700.00;6000.00;1668.00;25.21;E0_0_1700m;5.00;139;139;9.19;25.32
5700.00;6000.00;2148.00;26.23;E0_1_1700m;5.00;179;179;11.37;26.48
5700.00;6000.00;1704.00;25.19;E0_0_1800m;5.00;142;142;9.40;25.30
5700.00;6000.00;2124.00;26.10;E0_1_1800m;5.00;177;177;11.30;26.33
5700.00;6000.00;1692.00;25.16;E0_0_1900m;5.00;141;140;9.28;25.27
5700.00;6000.00;2148.00;25.99;E0_1_1900m;5.00;179;178;11.43;26.21
5700.00;6000.00;1656.00;25.22;E0_0_2000m;5.00;138;137;9.08;25.33
5700.00;6000.00;2148.00;25.91;E0_1_2000m;5.00;179;179;11.51;26.12
5700.00;6000.00;1680.00;25.22;E0_0_2100m;5.00;140;140;9.25;25.32
5700.00;6000.00;2160.00;25.87;E0_1_2100m;5.00;180;180;11.60;26.07
5700.00;6000.00;1716.00;25.22;E0_0_2200m;5.00;143;143;9.45;25.32
5700.00;6000.00;2148.00;25.80;E0_1_2200m;5.00;179;178;11.52;25.99
5700.00;6000.00;1680.00;25.16;E0_0_2300m;5.00;140;140;9.28;25.25
5700.00;6000.00;2124.00;25.80;E0_1_2300m;5.00;177;177;11.44;25.99
5700.00;6000.00;1680.00;25.14;E0_0_2400m;5.00;140;140;9.28;25.24
5700.00;6000.00;2076.00;25.79;E0_1_2400m;5.00;173;173;11.18;25.99
5700.00;6000.00;1680.00;24.98;E0_0_2500m;5.00;140;140;9.34;25.11
5700.00;6000.00;2076.00;25.73;E0_1_2500m;5.00;173;173;11.21;25.93
5700.00;6000.00;1644.00;24.74;E0_0_2600m;5.00;137;137;9.23;24.92
5700.00;6000.00;2100.00;25.65;E0_1_2600m;5.00;175;175;11.37;25.86
5700.00;6000.00;1632.00;24.75;E0_0_2700m;5.00;136;137;9.16;24.92
5700.00;6000.00;2112.00;25.51;E0_1_2700m;5.00;176;176;11.50;25.72
5700.00;6000.00;1620.00;24.77;E0_0_2800m;5.00;135;135;9.08;24.91
5700.00;6000.00;2112.00;25.53;E0_1_2800m;5.00;176;177;11.50;25.71
5700.00;6000.00;1644.00;24.83;E0_0_2900m;5.00;137;136;9.15;24.95
5700.00;6000.00;2112.00;25.55;E0_1_2900m;5.00;176;177;11.49;25.74
5700.00;6000.00;1668.00;24.91;E0_0_3000m;5.00;139;139;9.30;25.02
5700.00;6000.00;2136.00;25.49;E0_1_3000m;5.00;178;177;11.59;25.67
5700.00;6000.00;1656.00;24.91;E0_0_3100m;5.00;138;139;9.29;25.01
5700.00;6000.00;2196.00;25.54;E0_1_3100m;5.00;183;183;11.96;25.75
5700.00;6000.00;1644.00;24.80;E0_0_3200m;5.00;137;137;9.21;24.92
5700.00;6000.00;2184.00;25.53;E0_1_3200m;5.00;182;182;11.86;25.69
5700.00;6000.00;1668.00;24.61;E0_0_3300m;5.00;139;139;9.41;24.75
5700.00;6000.00;2172.00;25.55;E0_1_3300m;5.00;181;180;11.76;25.73
5700.00;6000.00;1692.00;24.74;E0_0_3400m;5.00;141;142;9.56;24.88
5700.00;6000.00;2124.00;25.48;E0_1_3400m;5.00;177;179;11.63;25.66
5700.00;6000.00;1692.00;24.84;E0_0_3500m;5.00;141;141;9.46;24.99
5700.00;6000.00;2136.00;25.41;E0_1_3500m;5.00;178;179;11.69;25.61
5700.00;6000.00;1692.00;24.89;E0_0_3600m;5.00;141;141;9.44;25.03
5700.00;6000.00;2136.00;25.36;E0_1_3600m;5.00;178;178;11.70;25.55
5700.00;6000.00;1668.00;24.92;E0_0_3700m;5.00;139;141;9.36;25.06
5700.00;6000.00;2148.00;25.33;E0_1_3700m;5.00;179;179;11.78;25.52
5700.00;6000.00;1668.00;24.87;E0_0_3800m;5.00;139;139;9.32;25.00
5700.00;6000.00;2160.00;25.31;E0_1_3800m;5.00;180;180;11.85;25.48
5700.00;6000.00;1668.00;24.87;E0_0_3900m;5.00;139;139;9.32;25.00
5700.00;6000.00;2160.00;25.28;E0_1_3900m;5.00;180;180;11.87;25.44
5700.00;6000.00;1680.00;24.84;E0_0_4000m;5.00;140;140;9.39;24.97
5700.00;6000.00;2160.00;25.21;E0_1_4000m;5.00;180;180;11.90;25.36
5700.00;6000.00;1680.00;24.81;E0_0_4100m;5.00;140;140;9.41;24.93
5700.00;6000.00;2160.00;25.12;E0_1_4100m;5.00;180;180;11.94;25.27
5700.00;6000.00;1680.00;24.76;E0_0_4200m;5.00;140;141;9.43;24.88
5700.00;6000.00;2172.00;25.02;E0_1_4200m;5.00;181;180;12.05;25.17
5700.00;6000.00;1668.00;24.68;E0_0_4300m;5.00;139;139;9.39;24.80
5700.00;6000.00;2172.00;24.96;E0_1_4300m;5.00;181;182;12.12;25.09
5700.00;6000.00;1668.00;24.65;E0_0_4400m;5.00;139;139;9.40;24.76
5700.00;6000.00;2184.00;24.86;E0_1_4400m;5.00;182;182;12.20;24.99
5700.00;6000.00;1704.00;24.60;E0_0_4500m;5.00;142;142;9.62;24.71
5700.00;6000.00;2220.00;24.80;E0_1_4500m;5.00;185;185;12.43;24.93
5700.00;6000.00;1716.00;24.56;E0_0_4600m;5.00;143;143;9.71;24.66
5700.00;6000.00;2268.00;24.83;E0_1_4600m;5.00;189;189;12.68;24.96
5700.00;6000.00;1740.00;24.58;E0_0_4700m;5.00;145;145;9.83;24.69
5700.00;6000.00;2244.00;24.83;E0_1_4700m;5.00;187;187;12.55;24.95
5700.00;6000.00;1764.00;24.63;E0_0_4800m;5.00;147;147;9.95;24.74
5700.00;6000.00;2220.00;24.80;E0_1_4800m;5.00;185;185;12.43;24.91
5700.00;6000.00;1752.00;24.64;E0_0_4900m;5.00;146;146;9.88;24.74
5700.00;6000.00;2232.00;24.83;E0_1_4900m;5.00;186;186;12.49;24.94
5700.00;6000.00;1752.00;24.73;E0_0_5000m;5.00;146;146;9.84;24.83
5700.00;6000.00;2232.00;24.87;E0_1_5000m;5.00;186;186;12.46;24.97
6000.00;6300.00;0.00;-1.00;E0_0_0m;-1.00;0;0;0.00;-1.00
6000.00;6300.00;0.00;-1.00;E0_1_0m;-1.00;0;0;0.00;-1.00
6000.00;6300.00;2004.00;25.48;E0_0_100m;5.00;167;167;10.92;25.62
6000.00;6300.00;2196.00;27.25;E0_1_100m;5.00;183;183;11.19;27.37
6000.00;6300.00;1980.00;25.62;E0_0_200m;5.00;165;166;10.74;25.79
6000.00;6300.00;2220.00;27.26;E0_1_200m;5.00;185;185;11.31;27.43
6000.00;6300.00;1944.00;25.49;E0_0_300m;5.00;162;162;10.59;25.64
6000.00;6300.00;2280.00;27.31;E0_1_300m;5.00;190;190;11.60;27.50
6000.00;6300.00;1932.00;25.37;E0_0_400m;5.00;161;161;10.58;25.51
6000.00;6300.00;2304.00;27.22;E0_1_400m;5.00;192;192;11.76;27.40
6000.00;6300.00;1944.00;25.19;E0_0_500m;5.00;162;162;10.72;25.36
6000.00;6300.00;2304.00;27.27;E0_1_500m;5.00;192;192;11.74;27.44
6000.00;6300.00;1908.00;25.04;E0_0_600m;5.00;159;159;10.58;25.22
6000.00;6300.00;2328.00;27.22;E0_1_600m;5.00;194;194;11.88;27.41
6000.00;6300.00;1908.00;25.01;E0_0_700m;5.00;159;159;10.59;25.20
6000.00;6300.00;2316.00;27.12;E0_1_700m;5.00;193;193;11.86;27.30
6000.00;6300.00;1896.00;25.01;E0_0_800m;5.00;158;158;10.53;25.17
6000.00;6300.00;2340.00;26.95;E0_1_800m;5.00;195;195;12.06;27.11
6000.00;6300.00;1896.00;24.82;E0_0_900m;5.00;158;158;10.61;25.00
6000.00;6300.00;2340.00;26.85;E0_1_900m;5.00;195;195;12.10;27.01
6000.00;6300.00;1872.00;24.54;E0_0_1000m;5.00;156;156;10.60;24.74
6000.00;6300.00;2340.00;26.79;E0_1_1000m;5.00;195;195;12.13;26.94
6000.00;6300.00;1836.00;24.27;E0_0_1100m;5.00;153;153;10.51;24.50
6000.00;6300.00;2352.00;26.78;E0_1_1100m;5.00;196;196;12.20;26.93
6000.00;6300.00;1812.00;23.98;E0_0_1200m;5.00;151;151;10.50;24.29
6000.00;6300.00;2364.00;26.85;E0_1_1200m;5.00;197;197;12.23;27.00
6000.00;6300.00;1824.00;23.63;E0_0_1300m;5.00;152;152;10.72;23.99
6000.00;6300.00;2340.00;26.95;E0_1_1300m;5.00;195;195;12.06;27.11
6000.00;6300.00;1800.00;23.24;E0_0_1400m;5.00;150;150;10.76;23.62
6000.00;6300.00;2328.00;27.16;E0_1_1400m;5.00;194;194;11.90;27.32
6000.00;6300.00;1824.00;23.22;E0_0_1500m;5.00;152;152;10.87;23.64
6000.00;6300.00;2280.00;27.21;E0_1_1500m;5.00;190;191;11.67;27.42
6000.00;6300.00;1812.00;23.17;E0_0_1600m;5.00;151;151;10.86;23.61
6000.00;6300.00;2232.00;27.35;E0_1_1600m;5.00;186;186;11.34;27.56
6000.00;6300.00;1764.00;23.10;E0_0_1700m;5.00;147;147;10.60;23.52
6000.00;6300.00;2220.00;27.36;E0_1_1700m;5.00;185;185;11.27;27.58
6000.00;6300.00;1776.00;23.15;E0_0_1800m;5.00;148;148;10.65;23.56
6000.00;6300.00;2196.00;27.33;E0_1_1800m;5.00;183;183;11.16;27.55
6000.00;6300.00;1800.00;23.16;E0_0_1900m;5.00;150;150;10.79;23.53
6000.00;6300.00;2208.00;27.25;E0_1_1900m;5.00;184;185;11.28;27.45
6000.00;6300.00;1800.00;23.11;E0_0_2000m;5.00;150;151;10.86;23.47
6000.00;6300.00;2256.00;27.14;E0_1_2000m;5.00;188;188;11.54;27.34
6000.00;6300.00;1788.00;22.96;E0_0_2100m;5.00;149;149;10.82;23.32
6000.00;6300.00;2256.00;27.06;E0_1_2100m;5.00;188;188;11.58;27.24
6000.00;6300.00;1800.00;22.85;E0_0_2200m;5.00;150;150;10.94;23.18
6000.00;6300.00;2268.00;26.97;E0_1_2200m;5.00;189;189;11.68;27.15
6000.00;6300.00;1800.00;22.71;E0_0_2300m;5.00;150;150;11.01;23.00
6000.00;6300.00;2268.00;26.85;E0_1_2300m;5.00;189;190;11.79;27.02
6000.00;6300.00;1788.00;22.56;E0_0_2400m;5.00;149;149;11.01;22.81
6000.00;6300.00;2280.00;26.64;E0_1_2400m;5.00;190;190;11.89;26.79
6000.00;6300.00;1788.00;22.71;E0_0_2500m;5.00;149;149;10.94;22.96
6000.00;6300.00;2268.00;26.48;E0_1_2500m;5.00;189;189;11.90;26.63
6000.00;6300.00;1764.00;22.81;E0_0_2600m;5.00;147;148;10.79;23.05
6000.00;6300.00;2280.00;26.42;E0_1_2600m;5.00;190;190;11.99;26.56
6000.00;6300.00;1800.00;22.83;E0_0_2700m;5.00;150;150;10.95;23.08
6000.00;6300.00;2244.00;26.44;E0_1_2700m;5.00;187;187;11.79;26.58
6000.00;6300.00;1800.00;22.85;E0_0_2800m;5.00;150;150;10.94;23.09
6000.00;6300.00;2244.00;26.36;E0_1_2800m;5.00;187;186;11.82;26.51
6000.00;6300.00;1776.00;22.91;E0_0_2900m;5.00;148;149;10.81;23.16
6000.00;6300.00;2244.00;26.37;E0_1_2900m;5.00;187;186;11.81;26.54
6000.00;6300.00;1752.00;22.96;E0_0_3000m;5.00;146;147;10.63;23.23
6000.00;6300.00;2232.00;26.51;E0_1_3000m;5.00;186;186;11.69;26.72
6000.00;6300.00;1716.00;22.88;E0_0_3100m;5.00;143;144;10.45;23.15
6000.00;6300.00;2196.00;26.66;E0_1_3100m;5.00;183;182;11.39;26.89
6000.00;6300.00;1740.00;22.93;E0_0_3200m;5.00;145;145;10.54;23.24
6000.00;6300.00;2172.00;26.73;E0_1_3200m;5.00;181;180;11.24;26.96
6000.00;6300.00;1704.00;22.93;E0_0_3300m;5.00;142;143;10.32;23.26
6000.00;6300.00;2184.00;26.86;E0_1_3300m;5.00;182;182;11.29;27.09
6000.00;6300.00;1728.00;22.90;E0_0_3400m;5.00;144;143;10.42;23.22
6000.00;6300.00;2184.00;26.96;E0_1_3400m;5.00;182;181;11.22;27.19
6000.00;6300.00;1704.00;22.99;E0_0_3500m;5.00;142;143;10.32;23.30
6000.00;6300.00;2184.00;26.83;E0_1_3500m;5.00;182;181;11.29;27.08
6000.00;6300.00;1704.00;23.11;E0_0_3600m;5.00;142;142;10.24;23.41
6000.00;6300.00;2184.00;26.76;E0_1_3600m;5.00;182;182;11.34;27.02
6000.00;6300.00;1704.00;23.25;E0_0_3700m;5.00;142;142;10.21;23.52
6000.00;6300.00;2196.00;26.69;E0_1_3700m;5.00;183;183;11.43;26.97
6000.00;6300.00;1716.00;23.38;E0_0_3800m;5.00;143;143;10.19;23.64
6000.00;6300.00;2172.00;26.64;E0_1_3800m;5.00;181;181;11.32;26.95
6000.00;6300.00;1704.00;23.44;E0_0_3900m;5.00;142;142;10.10;23.67
6000.00;6300.00;2184.00;26.61;E0_1_3900m;5.00;182;182;11.40;26.93
6000.00;6300.00;1680.00;23.59;E0_0_4000m;5.00;140;140;9.89;23.79
6000.00;6300.00;2184.00;26.60;E0_1_4000m;5.00;182;182;11.40;26.95
6000.00;6300.00;1680.00;23.57;E0_0_4100m;5.00;140;140;9.90;23.76
6000.00;6300.00;2184.00;26.61;E0_1_4100m;5.00;182;182;11.40;26.97
6000.00;6300.00;1680.00;23.64;E0_0_4200m;5.00;140;139;9.87;23.80
6000.00;6300.00;2196.00;26.68;E0_1_4200m;5.00;183;183;11.43;27.04
6000.00;6300.00;1656.00;23.74;E0_0_4300m;5.00;138;138;9.69;23.88
6000.00;6300.00;2208.00;26.66;E0_1_4300m;5.00;184;184;11.49;27.04
6000.00;6300.00;1680.00;23.87;E0_0_4400m;5.00;140;140;9.78;23.99
6000.00;6300.00;2172.00;26.61;E0_1_4400m;5.00;181;181;11.33;27.00
6000.00;6300.00;1644.00;24.08;E0_0_4500m;5.00;137;138;9.52;24.19
6000.00;6300.00;2124.00;26.46;E0_1_4500m;5.00;177;177;11.15;26.84
6000.00;6300.00;1632.00;24.10;E0_0_4600m;5.00;136;136;9.40;24.21
6000.00;6300.00;2088.00;26.15;E0_1_4600m;5.00;174;175;11.11;26.52
6000.00;6300.00;1632.00;24.07;E0_0_4700m;5.00;136;136;9.42;24.17
6000.00;6300.00;2064.00;25.94;E0_1_4700m;5.00;172;172;11.05;26.27
6000.00;6300.00;1656.00;23.97;E0_0_4800m;5.00;138;138;9.60;24.06
6000.00;6300.00;2004.00;25.70;E0_1_4800m;5.00;167;168;10.84;26.01
6000.00;6300.00;1668.00;24.12;E0_0_4900m;5.00;139;139;9.61;24.23
6000.00;6300.00;1956.00;25.53;E0_1_4900m;5.00;163;163;10.64;25.84
6000.00;6300.00;1656.00;24.08;E0_0_5000m;5.00;138;138;9.55;24.18
6000.00;6300.00;1956.00;25.46;E0_1_5000m;5.00;163;163;10.67;25.77
6300.00;6600.00;0.00;-1.00;E0_0_0m;-1.00;0;0;0.00;-1.00
6300.00;6600.00;0.00;-1.00;E0_1_0m;-1.00;0;0;0.00;-1.00
6300.00;6600.00;1836.00;26.16;E0_0_100m;5.00;153;153;9.75;26.32
6300.00;6600.00;2172.00;27.47;E0_1_100m;5.00;181;181;10.98;27.62
6300.00;6600.00;1836.00;26.27;E0_0_200m;5.00;153;152;9.70;26.45
6300.00;6600.00;2184.00;27.69;E0_1_200m;5.00;182;182;10.96;27.89
6300.00;6600.00;1800.00;26.28;E0_0_300m;5.00;150;150;9.51;26.44
6300.00;6600.00;2184.00;27.68;E0_1_300m;5.00;182;183;10.97;27.87
6300.00;6600.00;1752.00;26.23;E0_0_400m;5.00;146;146;9.28;26.35
6300.00;6600.00;2196.00;27.61;E0_1_400m;5.00;183;183;11.05;27.79
6300.00;6600.00;1704.00;26.03;E0_0_500m;5.00;142;142;9.09;26.15
6300.00;6600.00;2184.00;27.45;E0_1_500m;5.00;182;182;11.05;27.63
6300.00;6600.00;1680.00;25.86;E0_0_600m;5.00;140;141;9.05;25.98
6300.00;6600.00;2172.00;27.31;E0_1_600m;5.00;181;182;11.07;27.49
6300.00;6600.00;1656.00;25.86;E0_0_700m;5.00;138;138;8.89;25.97
6300.00;6600.00;2196.00;27.22;E0_1_700m;5.00;183;183;11.21;27.40
6300.00;6600.00;1644.00;25.88;E0_0_800m;5.00;137;137;8.82;25.98
6300.00;6600.00;2172.00;27.10;E0_1_800m;5.00;181;181;11.13;27.29
6300.00;6600.00;1644.00;25.86;E0_0_900m;5.00;137;137;8.83;25.95
6300.00;6600.00;2172.00;26.98;E0_1_900m;5.00;181;182;11.21;27.16
6300.00;6600.00;1644.00;25.69;E0_0_1000m;5.00;137;137;8.89;25.78
6300.00;6600.00;2160.00;26.87;E0_1_1000m;5.00;180;181;11.22;27.05
6300.00;6600.00;1644.00;25.56;E0_0_1100m;5.00;137;138;8.97;25.66
6300.00;6600.00;2172.00;26.72;E0_1_1100m;5.00;181;181;11.29;26.89
6300.00;6600.00;1668.00;25.60;E0_0_1200m;5.00;139;139;9.05;25.72
6300.00;6600.00;2160.00;26.61;E0_1_1200m;5.00;180;180;11.27;26.78
6300.00;6600.00;1668.00;25.43;E0_0_1300m;5.00;139;139;9.11;25.51
6300.00;6600.00;2148.00;26.49;E0_1_1300m;5.00;179;179;11.26;26.66
6300.00;6600.00;1680.00;25.07;E0_0_1400m;5.00;140;140;9.31;25.16
6300.00;6600.00;2136.00;26.11;E0_1_1400m;5.00;178;178;11.36;26.25
6300.00;6600.00;1680.00;24.82;E0_0_1500m;5.00;140;141;9.42;24.91
6300.00;6600.00;2136.00;25.81;E0_1_1500m;5.00;178;177;11.46;25.93
6300.00;6600.00;1692.00;24.49;E0_0_1600m;5.00;141;141;9.59;24.60
6300.00;6600.00;2124.00;25.63;E0_1_1600m;5.00;177;177;11.51;25.75
6300.00;6600.00;1704.00;24.26;E0_0_1700m;5.00;142;142;9.75;24.39
6300.00;6600.00;2124.00;25.52;E0_1_1700m;5.00;177;177;11.56;25.66
6300.00;6600.00;1704.00;24.06;E0_0_1800m;5.00;142;142;9.84;24.19
6300.00;6600.00;2124.00;25.45;E0_1_1800m;5.00;177;177;11.59;25.59
6300.00;6600.00;1716.00;23.86;E0_0_1900m;5.00;143;143;9.99;24.01
6300.00;6600.00;2136.00;25.41;E0_1_1900m;5.00;178;177;11.65;25.55
6300.00;6600.00;1728.00;23.76;E0_0_2000m;5.00;144;143;10.06;23.92
6300.00;6600.00;2148.00;25.45;E0_1_2000m;5.00;179;179;11.72;25.60
6300.00;6600.00;1728.00;23.83;E0_0_2100m;5.00;144;144;10.07;23.98
6300.00;6600.00;2184.00;25.52;E0_1_2100m;5.00;182;182;11.89;25.68
6300.00;6600.00;1728.00;23.77;E0_0_2200m;5.00;144;144;10.10;23.91
6300.00;6600.00;2172.00;25.45;E0_1_2200m;5.00;181;181;11.85;25.62
6300.00;6600.00;1728.00;23.66;E0_0_2300m;5.00;144;145;10.15;23.80
6300.00;6600.00;2172.00;25.38;E0_1_2300m;5.00;181;180;11.83;25.56
6300.00;6600.00;1752.00;23.68;E0_0_2400m;5.00;146;146;10.28;23.82
6300.00;6600.00;2172.00;25.38;E0_1_2400m;5.00;181;181;11.88;25.57
6300.00;6600.00;1776.00;23.56;E0_0_2500m;5.00;148;148;10.47;23.70
6300.00;6600.00;2208.00;25.39;E0_1_2500m;5.00;184;184;12.08;25.57
6300.00;6600.00;1788.00;23.38;E0_0_2600m;5.00;149;148;10.57;23.52
6300.00;6600.00;2220.00;25.27;E0_1_2600m;5.00;185;185;12.20;25.44
6300.00;6600.00;1788.00;23.20;E0_0_2700m;5.00;149;150;10.72;23.34
6300.00;6600.00;2220.00;25.18;E0_1_2700m;5.00;185;185;12.24;25.33
6300.00;6600.00;1800.00;23.09;E0_0_2800m;5.00;150;150;10.83;23.24
6300.00;6600.00;2232.00;25.18;E0_1_2800m;5.00;186;187;12.32;25.33
6300.00;6600.00;1824.00;22.87;E0_0_2900m;5.00;152;151;11.03;23.03
6300.00;6600.00;2232.00;25.13;E0_1_2900m;5.00;186;186;12.34;25.27
6300.00;6600.00;1800.00;22.70;E0_0_3000m;5.00;150;150;11.01;22.87
6300.00;6600.00;2244.00;25.10;E0_1_3000m;5.00;187;187;12.42;25.24
6300.00;6600.00;1800.00;22.57;E0_0_3100m;5.00;150;149;11.04;22.74
6300.00;6600.00;2256.00;25.11;E0_1_3100m;5.00;188;188;12.48;25.25
6300.00;6600.00;1800.00;22.53;E0_0_3200m;5.00;150;150;11.09;22.71
6300.00;6600.00;2256.00;25.10;E0_1_3200m;5.00;188;188;12.48;25.26
6300.00;6600.00;1824.00;22.44;E0_0_3300m;5.00;152;151;11.29;22.61
6300.00;6600.00;2256.00;25.12;E0_1_3300m;5.00;188;188;12.47;25.27
6300.00;6600.00;1824.00;22.39;E0_0_3400m;5.00;152;152;11.31;22.56
6300.00;6600.00;2256.00;25.14;E0_1_3400m;5.00;188;188;12.46;25.29
6300.00;6600.00;1860.00;22.35;E0_0_3500m;5.00;155;155;11.56;22.53
6300.00;6600.00;2256.00;25.11;E0_1_3500m;5.00;188;189;12.48;25.25
6300.00;6600.00;1872.00;22.30;E0_0_3600m;5.00;156;156;11.66;22.46
6300.00;6600.00;2256.00;25.08;E0_1_3600m;5.00;188;188;12.49;25.21
6300.00;6600.00;1896.00;22.26;E0_0_3700m;5.00;158;157;11.77;22.41
6300.00;6600.00;2244.00;25.11;E0_1_3700m;5.00;187;187;12.41;25.24
6300.00;6600.00;1896.00;22.25;E0_0_3800m;5.00;158;158;11.84;22.40
6300.00;6600.00;2244.00;25.17;E0_1_3800m;5.00;187;188;12.39;25.32
6300.00;6600.00;1896.00;22.19;E0_0_3900m;5.00;158;158;11.87;22.33
6300.00;6600.00;2244.00;25.17;E0_1_3900m;5.00;187;188;12.40;25.31
6300.00;6600.00;1908.00;22.16;E0_0_4000m;5.00;159;159;11.96;22.29
6300.00;6600.00;2256.00;25.20;E0_1_4000m;5.00;188;189;12.47;25.35
6300.00;6600.00;1932.00;22.14;E0_0_4100m;5.00;161;161;12.12;22.27
6300.00;6600.00;2244.00;25.23;E0_1_4100m;5.00;187;188;12.41;25.39
6300.00;6600.00;1944.00;22.18;E0_0_4200m;5.00;162;162;12.17;22.32
6300.00;6600.00;2256.00;25.25;E0_1_4200m;5.00;188;188;12.41;25.40
6300.00;6600.00;1980.00;22.20;E0_0_4300m;5.00;165;165;12.39;22.33
6300.00;6600.00;2304.00;25.28;E0_1_4300m;5.00;192;191;12.64;25.44
6300.00;6600.00;2004.00;22.23;E0_0_4400m;5.00;167;167;12.52;22.35
6300.00;6600.00;2340.00;25.31;E0_1_4400m;5.00;195;195;12.84;25.47
6300.00;6600.00;2028.00;22.13;E0_0_4500m;5.00;169;169;12.73;22.25
6300.00;6600.00;2340.00;25.34;E0_1_4500m;5.00;195;195;12.83;25.48
6300.00;6600.00;1992.00;22.18;E0_0_4600m;5.00;166;166;12.47;22.29
6300.00;6600.00;2352.00;25.34;E0_1_4600m;5.00;196;195;12.87;25.46
6300.00;6600.00;1944.00;22.20;E0_0_4700m;5.00;162;162;12.16;22.31
6300.00;6600.00;2364.00;25.37;E0_1_4700m;5.00;197;197;12.94;25.49
6300.00;6600.00;1896.00;21.99;E0_0_4800m;5.00;158;159;12.03;22.11
6300.00;6600.00;2376.00;25.47;E0_1_4800m;5.00;198;198;12.96;25.60
6300.00;6600.00;1896.00;21.89;E0_0_4900m;5.00;158;158;12.03;22.03
6300.00;6600.00;2352.00;25.57;E0_1_4900m;5.00;196;196;12.78;25.71
6300.00;6600.00;1896.00;21.94;E0_0_5000m;5.00;158;158;12.00;22.10
6300.00;6600.00;2292.00;25.70;E0_1_5000m;5.00;191;192;12.45;25.85
6600.00;6900.00;0.00;-1.00;E0_0_0m;-1.00;0;0;0.00;-1.00
6600.00;6900.00;0.00;-1.00;E0_1_0m;-1.00;0;0;0.00;-1.00
6600.00;6900.00;2016.00;25.72;E0_0_100m;5.00;168;168;10.89;25.85
6600.00;6900.00;2208.00;27.62;E0_1_100m;5.00;184;184;11.10;27.80
6600.00;6900.00;2004.00;25.67;E0_0_200m;5.00;167;168;10.87;25.79
6600.00;6900.00;2208.00;27.55;E0_1_200m;5.00;184;184;11.13;27.76
6600.00;6900.00;2004.00;25.54;E0_0_300m;5.00;167;169;10.95;25.64
6600.00;6900.00;2232.00;27.43;E0_1_300m;5.00;186;186;11.30;27.61
6600.00;6900.00;1980.00;25.41;E0_0_400m;5.00;165;165;10.82;25.51
6600.00;6900.00;2256.00;27.24;E0_1_400m;5.00;188;188;11.50;27.40
6600.00;6900.00;1932.00;25.26;E0_0_500m;5.00;161;161;10.62;25.36
6600.00;6900.00;2304.00;27.00;E0_1_500m;5.00;192;192;11.85;27.14
6600.00;6900.00;1932.00;25.08;E0_0_600m;5.00;161;161;10.70;25.18
6600.00;6900.00;2328.00;26.74;E0_1_600m;5.00;194;193;12.07;26.87
6600.00;6900.00;1932.00;25.00;E0_0_700m;5.00;161;161;10.74;25.09
6600.00;6900.00;2328.00;26.55;E0_1_700m;5.00;194;194;12.18;26.67
6600.00;6900.00;1920.00;25.04;E0_0_800m;5.00;160;160;10.65;25.14
6600.00;6900.00;2352.00;26.42;E0_1_800m;5.00;196;196;12.36;26.54
6600.00;6900.00;1932.00;25.00;E0_0_900m;5.00;161;161;10.73;25.10
6600.00;6900.00;2352.00;26.39;E0_1_900m;5.00;196;195;12.35;26.50
6600.00;6900.00;1944.00;24.82;E0_0_1000m;5.00;162;163;10.88;24.92
6600.00;6900.00;2352.00;26.23;E0_1_1000m;5.00;196;195;12.39;26.33
6600.00;6900.00;1944.00;24.88;E0_0_1100m;5.00;162;161;10.81;24.96
6600.00;6900.00;2352.00;26.05;E0_1_1100m;5.00;196;196;12.54;26.14
6600.00;6900.00;1932.00;24.81;E0_0_1200m;5.00;161;161;10.81;24.87
6600.00;6900.00;2352.00;25.92;E0_1_1200m;5.00;196;196;12.60;25.99
6600.00;6900.00;1944.00;24.75;E0_0_1300m;5.00;162;162;10.91;24.81
6600.00;6900.00;2352.00;25.82;E0_1_1300m;5.00;196;196;12.65;25.89
6600.00;6900.00;1932.00;24.87;E0_0_1400m;5.00;161;161;10.79;24.92
6600.00;6900.00;2364.00;25.77;E0_1_1400m;5.00;197;198;12.79;25.84
6600.00;6900.00;1968.00;24.99;E0_0_1500m;5.00;164;163;10.91;25.03
6600.00;6900.00;2364.00;25.75;E0_1_1500m;5.00;197;197;12.75;25.82
6600.00;6900.00;1956.00;24.96;E0_0_1600m;5.00;163;163;10.88;25.00
6600.00;6900.00;2400.00;25.74;E0_1_1600m;5.00;200;200;12.95;25.81
6600.00;6900.00;1944.00;24.83;E0_0_1700m;5.00;162;162;10.88;24.88
6600.00;6900.00;2400.00;25.71;E0_1_1700m;5.00;200;200;12.97;25.77
6600.00;6900.00;1956.00;24.70;E0_0_1800m;5.00;163;163;11.00;24.76
6600.00;6900.00;2388.00;25.68;E0_1_1800m;5.00;199;199;12.91;25.74
6600.00;6900.00;1932.00;24.57;E0_0_1900m;5.00;161;162;10.94;24.63
6600.00;6900.00;2352.00;25.65;E0_1_1900m;5.00;196;196;12.74;25.70
6600.00;6900.00;1932.00;24.44;E0_0_2000m;5.00;161;161;10.98;24.50
6600.00;6900.00;2304.00;25.62;E0_1_2000m;5.00;192;192;12.49;25.67
6600.00;6900.00;1932.00;24.29;E0_0_2100m;5.00;161;161;11.05;24.35
6600.00;6900.00;2280.00;25.62;E0_1_2100m;5.00;190;190;12.36;25.68
6600.00;6900.00;1956.00;24.24;E0_0_2200m;5.00;163;163;11.21;24.31
6600.00;6900.00;2292.00;25.69;E0_1_2200m;5.00;191;191;12.39;25.76
6600.00;6900.00;1968.00;24.24;E0_0_2300m;5.00;164;163;11.27;24.31
6600.00;6900.00;2292.00;25.82;E0_1_2300m;5.00;191;191;12.33;25.91
6600.00;6900.00;1944.00;24.43;E0_0_2400m;5.00;162;162;11.05;24.50
6600.00;6900.00;2292.00;25.83;E0_1_2400m;5.00;191;191;12.32;25.94
6600.00;6900.00;1932.00;24.57;E0_0_2500m;5.00;161;162;10.96;24.64
6600.00;6900.00;2256.00;25.81;E0_1_2500m;5.00;188;188;12.14;25.93
6600.00;6900.00;1920.00;24.59;E0_0_2600m;5.00;160;161;10.87;24.65
6600.00;6900.00;2256.00;25.83;E0_1_2600m;5.00;188;188;12.13;25.95
6600.00;6900.00;1920.00;24.52;E0_0_2700m;5.00;160;159;10.85;24.57
6600.00;6900.00;2268.00;25.84;E0_1_2700m;5.00;189;189;12.19;25.96
6600.00;6900.00;1932.00;24.50;E0_0_2800m;5.00;161;161;10.95;24.56
6600.00;6900.00;2256.00;25.88;E0_1_2800m;5.00;188;188;12.12;25.99
6600.00;6900.00;1908.00;24.55;E0_0_2900m;5.00;159;160;10.86;24.61
6600.00;6900.00;2256.00;25.85;E0_1_2900m;5.00;188;189;12.18;25.97
6600.00;6900.00;1944.00;24.45;E0_0_3000m;5.00;162;162;11.04;24.52
6600.00;6900.00;2244.00;25.82;E0_1_3000m;5.00;187;188;12.11;25.93
6600.00;6900.00;1956.00;24.32;E0_0_3100m;5.00;163;163;11.17;24.41
6600.00;6900.00;2280.00;25.77;E0_1_3100m;5.00;190;190;12.29;25.87
6600.00;6900.00;2016.00;24.31;E0_0_3200m;5.00;168;168;11.52;24.40
6600.00;6900.00;2292.00;25.74;E0_1_3200m;5.00;191;191;12.37;25.84
6600.00;6900.00;2004.00;24.38;E0_0_3300m;5.00;167;167;11.42;24.47
6600.00;6900.00;2316.00;25.75;E0_1_3300m;5.00;193;193;12.49;25.86
6600.00;6900.00;2004.00;24.41;E0_0_3400m;5.00;167;167;11.40;24.49
6600.00;6900.00;2316.00;25.67;E0_1_3400m;5.00;193;193;12.53;25.79
6600.00;6900.00;2004.00;24.40;E0_0_3500m;5.00;167;167;11.41;24.49
6600.00;6900.00;2340.00;25.62;E0_1_3500m;5.00;195;195;12.69;25.74
6600.00;6900.00;1992.00;24.47;E0_0_3600m;5.00;166;166;11.30;24.56
6600.00;6900.00;2340.00;25.63;E0_1_3600m;5.00;195;195;12.68;25.75
6600.00;6900.00;1980.00;24.44;E0_0_3700m;5.00;165;165;11.25;24.52
6600.00;6900.00;2352.00;25.67;E0_1_3700m;5.00;196;197;12.74;25.79
6600.00;6900.00;1992.00;24.41;E0_0_3800m;5.00;166;166;11.33;24.51
6600.00;6900.00;2352.00;25.72;E0_1_3800m;5.00;196;195;12.70;25.83
6600.00;6900.00;1992.00;24.42;E0_0_3900m;5.00;166;166;11.33;24.51
6600.00;6900.00;2364.00;25.81;E0_1_3900m;5.00;197;196;12.70;25.92
6600.00;6900.00;1992.00;24.47;E0_0_4000m;5.00;166;166;11.31;24.56
6600.00;6900.00;2352.00;25.84;E0_1_4000m;5.00;196;195;12.61;25.94
6600.00;6900.00;1992.00;24.50;E0_0_4100m;5.00;166;166;11.29;24.59
6600.00;6900.00;2352.00;25.80;E0_1_4100m;5.00;196;195;12.60;25.90
6600.00;6900.00;1980.00;24.37;E0_0_4200m;5.00;165;165;11.29;24.44
6600.00;6900.00;2328.00;25.74;E0_1_4200m;5.00;194;194;12.56;25.83
6600.00;6900.00;1956.00;24.23;E0_0_4300m;5.00;163;163;11.21;24.30
6600.00;6900.00;2292.00;25.64;E0_1_4300m;5.00;191;191;12.42;25.72
6600.00;6900.00;1920.00;24.15;E0_0_4400m;5.00;160;160;11.04;24.23
6600.00;6900.00;2256.00;25.57;E0_1_4400m;5.00;188;188;12.25;25.66
6600.00;6900.00;1908.00;24.08;E0_0_4500m;5.00;159;159;11.01;24.15
6600.00;6900.00;2256.00;25.50;E0_1_4500m;5.00;188;188;12.29;25.59
6600.00;6900.00;1908.00;24.07;E0_0_4600m;5.00;159;159;11.01;24.15
6600.00;6900.00;2256.00;25.46;E0_1_4600m;5.00;188;188;12.31;25.55
6600.00;6900.00;1896.00;24.08;E0_0_4700m;5.00;158;158;10.94;24.15
6600.00;6900.00;2256.00;25.40;E0_1_4700m;5.00;188;188;12.33;25.50
6600.00;6900.00;1884.00;24.05;E0_0_4800m;5.00;157;156;10.82;24.12
6600.00;6900.00;2268.00;25.36;E0_1_4800m;5.00;189;189;12.42;25.46
6600.00;6900.00;1860.00;24.02;E0_0_4900m;5.00;155;155;10.75;24.08
6600.00;6900.00;2280.00;25.36;E0_1_4900m;5.00;190;190;12.49;25.47
6600.00;6900.00;1848.00;24.06;E0_0_5000m;5.00;154;154;10.67;24.12
6600.00;6900.00;2292.00;25.37;E0_1_5000m;5.00;191;190;12.48;25.47
6900.00;7200.00;0.00;-1.00;E0_0_0m;-1.00;0;0;0.00;-1.00
6900.00;7200.00;0.00;-1.00;E0_1_0m;-1.00;0;0;0.00;-1.00
6900.00;7200.00;1920.00;25.96;E0_0_100m;5.00;160;160;10.27;26.08
6900.00;7200.00;2316.00;26.89;E0_1_100m;5.00;193;193;11.96;27.04
6900.00;7200.00;1980.00;25.77;E0_0_200m;5.00;165;166;10.68;25.89
6900.00;7200.00;2280.00;27.04;E0_1_200m;5.00;190;190;11.71;27.24
6900.00;7200.00;2028.00;25.65;E0_0_300m;5.00;169;168;10.95;25.78
6900.00;7200.00;2268.00;26.92;E0_1_300m;5.00;189;189;11.70;27.11
6900.00;7200.00;2016.00;25.72;E0_0_400m;5.00;168;168;10.89;25.82
6900.00;7200.00;2304.00;26.73;E0_1_400m;5.00;192;192;11.97;26.90
6900.00;7200.00;2016.00;25.76;E0_0_500m;5.00;168;168;10.87;25.83
6900.00;7200.00;2352.00;26.69;E0_1_500m;5.00;196;196;12.24;26.83
6900.00;7200.00;2040.00;25.57;E0_0_600m;5.00;170;170;11.08;25.62
6900.00;7200.00;2328.00;26.57;E0_1_600m;5.00;194;194;12.17;26.69
6900.00;7200.00;2076.00;25.43;E0_0_700m;5.00;173;173;11.34;25.49
6900.00;7200.00;2328.00;26.53;E0_1_700m;5.00;194;195;12.22;26.65
6900.00;7200.00;2076.00;25.27;E0_0_800m;5.00;173;173;11.41;25.34
6900.00;7200.00;2352.00;26.44;E0_1_800m;5.00;196;196;12.36;26.56
6900.00;7200.00;2076.00;25.12;E0_0_900m;5.00;173;173;11.48;25.19
6900.00;7200.00;2340.00;26.25;E0_1_900m;5.00;195;196;12.43;26.37
6900.00;7200.00;2076.00;25.01;E0_0_1000m;5.00;173;172;11.53;25.07
6900.00;7200.00;2352.00;26.21;E0_1_1000m;5.00;196;196;12.47;26.32
6900.00;7200.00;2124.00;24.92;E0_0_1100m;5.00;177;177;11.84;24.99
6900.00;7200.00;2304.00;26.19;E0_1_1100m;5.00;192;192;12.22;26.32
6900.00;7200.00;2124.00;25.01;E0_0_1200m;5.00;177;177;11.79;25.07
6900.00;7200.00;2304.00;26.05;E0_1_1200m;5.00;192;192;12.29;26.18
6900.00;7200.00;2112.00;24.84;E0_0_1300m;5.00;176;177;11.88;24.92
6900.00;7200.00;2304.00;25.90;E0_1_1300m;5.00;192;192;12.36;26.03
6900.00;7200.00;2100.00;24.64;E0_0_1400m;5.00;175;176;11.89;24.74
6900.00;7200.00;2328.00;25.84;E0_1_1400m;5.00;194;194;12.51;26.01
6900.00;7200.00;2100.00;24.53;E0_0_1500m;5.00;175;175;11.89;24.64
6900.00;7200.00;2304.00;25.75;E0_1_1500m;5.00;192;193;12.50;25.91
6900.00;7200.00;2088.00;24.60;E0_0_1600m;5.00;174;174;11.79;24.69
6900.00;7200.00;2304.00;25.76;E0_1_1600m;5.00;192;192;12.42;25.94
6900.00;7200.00;2076.00;24.79;E0_0_1700m;5.00;173;173;11.63;24.87
6900.00;7200.00;2316.00;25.73;E0_1_1700m;5.00;193;193;12.50;25.90
6900.00;7200.00;2076.00;24.95;E0_0_1800m;5.00;173;173;11.56;25.01
6900.00;7200.00;2316.00;25.70;E0_1_1800m;5.00;193;193;12.52;25.85
6900.00;7200.00;2064.00;25.07;E0_0_1900m;5.00;172;171;11.42;25.12
6900.00;7200.00;2304.00;25.71;E0_1_1900m;5.00;192;193;12.52;25.85
6900.00;7200.00;2040.00;25.13;E0_0_2000m;5.00;170;170;11.28;25.18
6900.00;7200.00;2304.00;25.76;E0_1_2000m;5.00;192;193;12.46;25.90
6900.00;7200.00;2040.00;25.15;E0_0_2100m;5.00;170;170;11.27;25.19
6900.00;7200.00;2256.00;25.79;E0_1_2100m;5.00;188;188;12.15;25.96
6900.00;7200.00;1980.00;25.15;E0_0_2200m;5.00;165;165;10.93;25.21
6900.00;7200.00;2244.00;25.82;E0_1_2200m;5.00;187;187;12.07;25.99
6900.00;7200.00;1968.00;25.15;E0_0_2300m;5.00;164;164;10.87;25.21
6900.00;7200.00;2244.00;25.82;E0_1_2300m;5.00;187;187;12.07;25.97
6900.00;7200.00;1992.00;25.13;E0_0_2400m;5.00;166;166;11.01;25.17
6900.00;7200.00;2280.00;25.68;E0_1_2400m;5.00;190;190;12.33;25.81
6900.00;7200.00;2016.00;25.08;E0_0_2500m;5.00;168;168;11.16;25.11
6900.00;7200.00;2316.00;25.55;E0_1_2500m;5.00;193;193;12.59;25.67
6900.00;7200.00;2064.00;25.09;E0_0_2600m;5.00;172;172;11.42;25.12
6900.00;7200.00;2340.00;25.42;E0_1_2600m;5.00;195;195;12.78;25.52
6900.00;7200.00;2052.00;25.05;E0_0_2700m;5.00;171;172;11.39;25.07
6900.00;7200.00;2388.00;25.32;E0_1_2700m;5.00;199;199;13.10;25.39
6900.00;7200.00;2052.00;24.96;E0_0_2800m;5.00;171;171;11.42;24.98
6900.00;7200.00;2424.00;25.24;E0_1_2800m;5.00;202;201;13.32;25.30
6900.00;7200.00;2088.00;24.94;E0_0_2900m;5.00;174;173;11.56;24.96
6900.00;7200.00;2448.00;25.16;E0_1_2900m;5.00;204;204;13.48;25.19
6900.00;7200.00;2088.00;24.92;E0_0_3000m;5.00;174;174;11.64;24.93
6900.00;7200.00;2460.00;25.06;E0_1_3000m;5.00;205;204;13.59;25.08
6900.00;7200.00;2100.00;24.89;E0_0_3100m;5.00;175;175;11.72;24.90
6900.00;7200.00;2448.00;24.99;E0_1_3100m;5.00;204;204;13.61;25.00
6900.00;7200.00;2076.00;24.89;E0_0_3200m;5.00;173;173;11.58;24.90
6900.00;7200.00;2424.00;24.94;E0_1_3200m;5.00;202;202;13.50;24.94
6900.00;7200.00;2076.00;24.90;E0_0_3300m;5.00;173;173;11.58;24.91
6900.00;7200.00;2412.00;24.94;E0_1_3300m;5.00;201;201;13.43;24.95
6900.00;7200.00;2076.00;24.91;E0_0_3400m;5.00;173;173;11.57;24.92
6900.00;7200.00;2412.00;24.97;E0_1_3400m;5.00;201;201;13.42;24.98
6900.00;7200.00;2064.00;24.89;E0_0_3500m;5.00;172;172;11.52;24.90
6900.00;7200.00;2388.00;24.97;E0_1_3500m;5.00;199;199;13.28;24.98
6900.00;7200.00;2100.00;24.89;E0_0_3600m;5.00;175;175;11.72;24.89
6900.00;7200.00;2376.00;24.96;E0_1_3600m;5.00;198;198;13.22;24.97
6900.00;7200.00;2100.00;24.90;E0_0_3700m;5.00;175;175;11.71;24.91
6900.00;7200.00;2376.00;24.97;E0_1_3700m;5.00;198;197;13.20;24.98
6900.00;7200.00;2100.00;24.92;E0_0_3800m;5.00;175;175;11.71;24.92
6900.00;7200.00;2364.00;24.98;E0_1_3800m;5.00;197;197;13.14;24.99
6900.00;7200.00;2088.00;24.95;E0_0_3900m;5.00;174;174;11.62;24.96
6900.00;7200.00;2364.00;25.00;E0_1_3900m;5.00;197;197;13.13;25.01
6900.00;7200.00;2064.00;24.96;E0_0_4000m;5.00;172;172;11.48;24.98
6900.00;7200.00;2388.00;25.04;E0_1_4000m;5.00;199;199;13.24;25.06
6900.00;7200.00;2064.00;24.95;E0_0_4100m;5.00;172;172;11.49;24.97
6900.00;7200.00;2376.00;25.07;E0_1_4100m;5.00;198;198;13.16;25.10
6900.00;7200.00;2064.00;24.93;E0_0_4200m;5.00;172;172;11.50;24.94
6900.00;7200.00;2376.00;25.04;E0_1_4200m;5.00;198;198;13.18;25.06
6900.00;7200.00;2064.00;24.91;E0_0_4300m;5.00;172;172;11.51;24.92
6900.00;7200.00;2376.00;24.99;E0_1_4300m;5.00;198;198;13.21;25.00
6900.00;7200.00;2064.00;24.88;E0_0_4400m;5.00;172;172;11.52;24.89
6900.00;7200.00;2376.00;24.93;E0_1_4400m;5.00;198;198;13.24;24.94
6900.00;7200.00;2064.00;24.86;E0_0_4500m;5.00;172;172;11.53;24.86
6900.00;7200.00;2376.00;24.89;E0_1_4500m;5.00;198;199;13.28;24.90
6900.00;7200.00;2064.00;24.84;E0_0_4600m;5.00;172;172;11.54;24.85
6900.00;7200.00;2376.00;24.87;E0_1_4600m;5.00;198;198;13.27;24.88
6900.00;7200.00;2064.00;24.82;E0_0_4700m;5.00;172;172;11.55;24.83
6900.00;7200.00;2376.00;24.85;E0_1_4700m;5.00;198;199;13.30;24.86
6900.00;7200.00;2076.00;24.81;E0_0_4800m;5.00;173;173;11.62;24.82
6900.00;7200.00;2376.00;24.84;E0_1_4800m;5.00;198;198;13.29;24.85
6900.00;7200.00;2076.00;24.81;E0_0_4900m;5.00;173;173;11.62;24.82
6900.00;7200.00;2376.00;24.83;E0_1_4900m;5.00;198;199;13.31;24.84
6900.00;7200.00;2076.00;24.81;E0_0_5000m;5.00;173;173;11.62;24.82
6900.00;7200.00;2376.00;24.83;E0_1_5000m;5.00;198;198;13.29;24.84
7200.00;7500.00;0.00;-1.00;E0_0_0m;-1.00;0;0;0.00;-1.00
7200.00;7500.00;0.00;-1.00;E0_1_0m;-1.00;0;0;0.00;-1.00
7200.00;7500.00;1608.00;26.86;E0_0_100m;5.00;134;134;8.32;26.97
7200.00;7500.00;1992.00;27.94;E0_1_100m;5.00;166;166;9.90;28.11
7200.00;7500.00;1620.00;26.85;E0_0_200m;5.00;135;134;8.37;26.98
7200.00;7500.00;1968.00;28.59;E0_1_200m;5.00;164;164;9.56;28.77
7200.00;7500.00;1596.00;26.81;E0_0_300m;5.00;133;133;8.27;26.92
7200.00;7500.00;1956.00;28.62;E0_1_300m;5.00;163;164;9.52;28.79
7200.00;7500.00;1524.00;26.90;E0_0_400m;5.00;127;128;7.87;27.02
7200.00;7500.00;2004.00;28.48;E0_1_400m;5.00;167;168;9.81;28.64
7200.00;7500.00;1560.00;26.92;E0_0_500m;5.00;130;130;8.05;27.05
7200.00;7500.00;1944.00;28.44;E0_1_500m;5.00;162;162;9.50;28.60
7200.00;7500.00;1584.00;26.82;E0_0_600m;5.00;132;132;8.20;26.94
7200.00;7500.00;1932.00;28.41;E0_1_600m;5.00;161;161;9.45;28.56
7200.00;7500.00;1572.00;26.69;E0_0_700m;5.00;131;131;8.18;26.80
7200.00;7500.00;1920.00;28.22;E0_1_700m;5.00;160;160;9.45;28.37
7200.00;7500.00;1524.00;26.58;E0_0_800m;5.00;127;127;7.96;26.69
7200.00;7500.00;1944.00;28.13;E0_1_800m;5.00;162;162;9.60;28.27
7200.00;7500.00;1524.00;26.48;E0_0_900m;5.00;127;127;7.99;26.59
7200.00;7500.00;1944.00;28.02;E0_1_900m;5.00;162;161;9.59;28.15
7200.00;7500.00;1524.00;26.38;E0_0_1000m;5.00;127;127;8.02;26.50
7200.00;7500.00;1944.00;27.88;E0_1_1000m;5.00;162;162;9.69;28.01
7200.00;7500.00;1536.00;26.29;E0_0_1100m;5.00;128;128;8.11;26.40
7200.00;7500.00;1932.00;27.71;E0_1_1100m;5.00;161;161;9.68;27.85
7200.00;7500.00;1536.00;26.09;E0_0_1200m;5.00;128;128;8.18;26.20
7200.00;7500.00;1932.00;27.58;E0_1_1200m;5.00;161;161;9.73;27.73
7200.00;7500.00;1584.00;25.90;E0_0_1300m;5.00;132;131;8.43;25.99
7200.00;7500.00;1932.00;27.49;E0_1_1300m;5.00;161;161;9.76;27.63
7200.00;7500.00;1608.00;25.71;E0_0_1400m;5.00;134;135;8.74;25.81
7200.00;7500.00;1932.00;27.30;E0_1_1400m;5.00;161;160;9.79;27.43
7200.00;7500.00;1608.00;25.55;E0_0_1500m;5.00;134;134;8.74;25.64
7200.00;7500.00;1980.00;27.05;E0_1_1500m;5.00;165;164;10.10;27.20
7200.00;7500.00;1620.00;25.31;E0_0_1600m;5.00;135;135;8.89;25.39
7200.00;7500.00;2004.00;26.95;E0_1_1600m;5.00;167;167;10.33;27.10
7200.00;7500.00;1644.00;25.09;E0_0_1700m;5.00;137;137;9.10;25.17
7200.00;7500.00;2016.00;26.72;E0_1_1700m;5.00;168;168;10.48;26.88
7200.00;7500.00;1644.00;24.93;E0_0_1800m;5.00;137;137;9.16;25.01
7200.00;7500.00;2064.00;26.49;E0_1_1800m;5.00;172;172;10.82;26.66
7200.00;7500.00;1644.00;24.93;E0_0_1900m;5.00;137;137;9.16;25.02
7200.00;7500.00;2112.00;26.18;E0_1_1900m;5.00;176;175;11.13;26.34
7200.00;7500.00;1656.00;24.85;E0_0_2000m;5.00;138;138;9.25;24.95
7200.00;7500.00;2124.00;25.97;E0_1_2000m;5.00;177;176;11.33;26.13
7200.00;7500.00;1656.00;24.75;E0_0_2100m;5.00;138;138;9.29;24.84
7200.00;7500.00;2124.00;25.77;E0_1_2100m;5.00;177;177;11.45;25.95
7200.00;7500.00;1668.00;24.67;E0_0_2200m;5.00;139;139;9.39;24.77
7200.00;7500.00;2124.00;25.64;E0_1_2200m;5.00;177;177;11.51;25.83
7200.00;7500.00;1656.00;24.64;E0_0_2300m;5.00;138;138;9.34;24.72
7200.00;7500.00;2124.00;25.45;E0_1_2300m;5.00;177;177;11.59;25.63
7200.00;7500.00;1596.00;24.57;E0_0_2400m;5.00;133;133;9.02;24.65
7200.00;7500.00;2112.00;25.35;E0_1_2400m;5.00;176;176;11.57;25.53
7200.00;7500.00;1596.00;24.58;E0_0_2500m;5.00;133;133;9.02;24.67
7200.00;7500.00;2064.00;25.26;E0_1_2500m;5.00;172;172;11.35;25.44
7200.00;7500.00;1584.00;24.51;E0_0_2600m;5.00;132;132;8.98;24.61
7200.00;7500.00;2052.00;25.32;E0_1_2600m;5.00;171;171;11.26;25.49
7200.00;7500.00;1596.00;24.50;E0_0_2700m;5.00;133;132;9.03;24.58
7200.00;7500.00;2028.00;25.29;E0_1_2700m;5.00;169;169;11.14;25.46
7200.00;7500.00;1620.00;24.49;E0_0_2800m;5.00;135;135;9.19;24.58
7200.00;7500.00;2016.00;25.28;E0_1_2800m;5.00;168;168;11.08;25.46
7200.00;7500.00;1608.00;24.53;E0_0_2900m;5.00;134;134;9.11;24.62
7200.00;7500.00;2052.00;25.29;E0_1_2900m;5.00;171;170;11.25;25.47
7200.00;7500.00;1608.00;24.67;E0_0_3000m;5.00;134;134;9.05;24.78
7200.00;7500.00;2076.00;25.31;E0_1_3000m;5.00;173;173;11.39;25.50
7200.00;7500.00;1620.00;24.69;E0_0_3100m;5.00;135;135;9.11;24.80
7200.00;7500.00;2088.00;25.27;E0_1_3100m;5.00;174;174;11.48;25.46
7200.00;7500.00;1620.00;24.59;E0_0_3200m;5.00;135;135;9.15;24.68
7200.00;7500.00;2088.00;25.10;E0_1_3200m;5.00;174;174;11.56;25.25
7200.00;7500.00;1644.00;24.51;E0_0_3300m;5.00;137;137;9.32;24.58
7200.00;7500.00;2064.00;24.85;E0_1_3300m;5.00;172;173;11.55;24.98
7200.00;7500.00;1680.00;24.58;E0_0_3400m;5.00;140;140;9.49;24.74
7200.00;7500.00;2040.00;24.75;E0_1_3400m;5.00;170;171;11.51;24.90
7200.00;7500.00;1668.00;24.48;E0_0_3500m;5.00;139;139;9.46;24.56
7200.00;7500.00;2052.00;24.58;E0_1_3500m;5.00;171;171;11.60;24.69
7200.00;7500.00;1656.00;24.44;E0_0_3600m;5.00;138;139;9.41;24.51
7200.00;7500.00;2088.00;24.50;E0_1_3600m;5.00;174;174;11.84;24.59
7200.00;7500.00;1656.00;24.41;E0_0_3700m;5.00;138;138;9.42;24.48
7200.00;7500.00;2100.00;24.49;E0_1_3700m;5.00;175;175;11.91;24.57
7200.00;7500.00;1680.00;24.39;E0_0_3800m;5.00;140;140;9.57;24.46
7200.00;7500.00;2088.00;24.49;E0_1_3800m;5.00;174;175;11.86;24.57
7200.00;7500.00;1692.00;24.42;E0_0_3900m;5.00;141;141;9.62;24.49
7200.00;7500.00;2100.00;24.56;E0_1_3900m;5.00;175;175;11.88;24.65
7200.00;7500.00;1740.00;24.34;E0_0_4000m;5.00;145;145;9.93;24.40
7200.00;7500.00;2124.00;24.52;E0_1_4000m;5.00;177;177;12.03;24.60
7200.00;7500.00;1788.00;24.21;E0_0_4100m;5.00;149;149;10.26;24.26
7200.00;7500.00;2148.00;24.37;E0_1_4100m;5.00;179;179;12.24;24.44
7200.00;7500.00;1812.00;24.18;E0_0_4200m;5.00;151;151;10.41;24.22
7200.00;7500.00;2160.00;24.27;E0_1_4200m;5.00;180;180;12.36;24.32
7200.00;7500.00;1800.00;24.18;E0_0_4300m;5.00;150;150;10.34;24.21
7200.00;7500.00;2172.00;24.25;E0_1_4300m;5.00;181;182;12.48;24.30
7200.00;7500.00;1800.00;24.19;E0_0_4400m;5.00;150;151;10.35;24.22
7200.00;7500.00;2184.00;24.25;E0_1_4400m;5.00;182;182;12.51;24.30
7200.00;7500.00;1824.00;24.18;E0_0_4500m;5.00;152;152;10.47;24.22
7200.00;7500.00;2160.00;24.29;E0_1_4500m;5.00;180;180;12.39;24.34
7200.00;7500.00;1836.00;24.18;E0_0_4600m;5.00;153;154;10.58;24.22
7200.00;7500.00;2172.00;24.21;E0_1_4600m;5.00;181;181;12.46;24.24
7200.00;7500.00;1848.00;24.18;E0_0_4700m;5.00;154;154;10.62;24.21
7200.00;7500.00;2172.00;24.15;E0_1_4700m;5.00;181;180;12.48;24.18
7200.00;7500.00;1836.00;24.17;E0_0_4800m;5.00;153;153;10.55;24.20
7200.00;7500.00;2172.00;24.15;E0_1_4800m;5.00;181;181;12.49;24.18
7200.00;7500.00;1872.00;24.21;E0_0_4900m;5.00;156;156;10.74;24.25
7200.00;7500.00;2172.00;24.15;E0_1_4900m;5.00;181;180;12.47;24.18
7200.00;7500.00;1872.00;24.26;E0_0_5000m;5.00;156;156;10.72;24.29
7200.00;7500.00;2172.00;24.20;E0_1_5000m;5.00;181;181;12.46;24.24
7500.00;7800.00;0.00;-1.00;E0_0_0m;-1.00;0;0;0.00;-1.00
7500.00;7800.00;0.00;-1.00;E0_1_0m;-1.00;0;0;0.00;-1.00
7500.00;7800.00;1548.00;27.33;E0_0_100m;5.00;129;129;7.87;27.45
7500.00;7800.00;2052.00;28.46;E0_1_100m;5.00;171;171;10.02;28.62
7500.00;7800.00;1572.00;27.28;E0_0_200m;5.00;131;131;8.00;27.42
7500.00;7800.00;2052.00;28.91;E0_1_200m;5.00;171;171;9.86;29.12
7500.00;7800.00;1620.00;27.31;E0_0_300m;5.00;135;135;8.24;27.44
7500.00;7800.00;2004.00;29.09;E0_1_300m;5.00;167;166;9.54;29.27
7500.00;7800.00;1608.00;27.17;E0_0_400m;5.00;134;133;8.21;27.29
7500.00;7800.00;2016.00;29.10;E0_1_400m;5.00;168;167;9.58;29.27
7500.00;7800.00;1596.00;26.96;E0_0_500m;5.00;133;133;8.22;27.05
7500.00;7800.00;2028.00;28.99;E0_1_500m;5.00;169;169;9.72;29.14
7500.00;7800.00;1584.00;26.71;E0_0_600m;5.00;132;132;8.24;26.80
7500.00;7800.00;2028.00;28.85;E0_1_600m;5.00;169;169;9.76;28.98
7500.00;7800.00;1620.00;26.55;E0_0_700m;5.00;135;135;8.48;26.64
7500.00;7800.00;2028.00;28.71;E0_1_700m;5.00;169;169;9.81;28.83
7500.00;7800.00;1584.00;26.58;E0_0_800m;5.00;132;133;8.28;26.68
7500.00;7800.00;2052.00;28.46;E0_1_800m;5.00;171;171;10.01;28.59
7500.00;7800.00;1596.00;26.44;E0_0_900m;5.00;133;133;8.38;26.54
7500.00;7800.00;2040.00;28.29;E0_1_900m;5.00;170;170;10.01;28.44
7500.00;7800.00;1596.00;26.24;E0_0_1000m;5.00;133;133;8.45;26.32
7500.00;7800.00;2028.00;28.12;E0_1_1000m;5.00;169;169;10.02;28.26
7500.00;7800.00;1584.00;26.13;E0_0_1100m;5.00;132;132;8.42;26.20
7500.00;7800.00;2028.00;27.92;E0_1_1100m;5.00;169;169;10.09;28.06
7500.00;7800.00;1608.00;26.01;E0_0_1200m;5.00;134;134;8.59;26.08
7500.00;7800.00;2076.00;27.72;E0_1_1200m;5.00;173;173;10.40;27.86
7500.00;7800.00;1584.00;25.78;E0_0_1300m;5.00;132;133;8.54;25.85
7500.00;7800.00;2076.00;27.40;E0_1_1300m;5.00;173;173;10.52;27.55
7500.00;7800.00;1620.00;25.75;E0_0_1400m;5.00;135;134;8.69;25.81
7500.00;7800.00;2076.00;27.31;E0_1_1400m;5.00;173;174;10.58;27.45
7500.00;7800.00;1608.00;25.85;E0_0_1500m;5.00;134;134;8.64;25.90
7500.00;7800.00;2088.00;27.23;E0_1_1500m;5.00;174;174;10.65;27.37
7500.00;7800.00;1596.00;25.89;E0_0_1600m;5.00;133;134;8.60;25.94
7500.00;7800.00;2064.00;27.10;E0_1_1600m;5.00;172;172;10.58;27.23
7500.00;7800.00;1608.00;25.85;E0_0_1700m;5.00;134;134;8.64;25.91
7500.00;7800.00;2040.00;26.93;E0_1_1700m;5.00;170;170;10.52;27.06
7500.00;7800.00;1560.00;25.74;E0_0_1800m;5.00;130;130;8.42;25.80
7500.00;7800.00;2040.00;26.82;E0_1_1800m;5.00;170;170;10.56;26.95
7500.00;7800.00;1548.00;25.73;E0_0_1900m;5.00;129;129;8.36;25.79
7500.00;7800.00;2016.00;26.79;E0_1_1900m;5.00;168;168;10.45;26.93
7500.00;7800.00;1548.00;25.66;E0_0_2000m;5.00;129;129;8.38;25.72
7500.00;7800.00;2004.00;26.77;E0_1_2000m;5.00;167;167;10.40;26.92
7500.00;7800.00;1536.00;25.51;E0_0_2100m;5.00;128;128;8.36;25.57
7500.00;7800.00;2028.00;26.70;E0_1_2100m;5.00;169;169;10.55;26.86
7500.00;7800.00;1560.00;25.51;E0_0_2200m;5.00;130;130;8.49;25.59
7500.00;7800.00;1992.00;26.70;E0_1_2200m;5.00;166;166;10.36;26.87
7500.00;7800.00;1560.00;25.48;E0_0_2300m;5.00;130;130;8.50;25.56
7500.00;7800.00;1992.00;26.69;E0_1_2300m;5.00;166;167;10.38;26.84
7500.00;7800.00;1596.00;25.39;E0_0_2400m;5.00;133;133;8.73;25.47
7500.00;7800.00;2004.00;26.64;E0_1_2400m;5.00;167;168;10.48;26.77
7500.00;7800.00;1620.00;25.30;E0_0_2500m;5.00;135;135;8.89;25.38
7500.00;7800.00;2004.00;26.47;E0_1_2500m;5.00;167;167;10.52;26.58
7500.00;7800.00;1620.00;25.23;E0_0_2600m;5.00;135;135;8.92;25.31
7500.00;7800.00;1992.00;26.32;E0_1_2600m;5.00;166;166;10.51;26.43
7500.00;7800.00;1596.00;25.24;E0_0_2700m;5.00;133;133;8.78;25.32
7500.00;7800.00;2028.00;26.29;E0_1_2700m;5.00;169;169;10.72;26.40
7500.00;7800.00;1584.00;25.18;E0_0_2800m;5.00;132;132;8.74;25.26
7500.00;7800.00;2004.00;26.24;E0_1_2800m;5.00;167;167;10.61;26.36
7500.00;7800.00;1572.00;25.07;E0_0_2900m;5.00;131;131;8.71;25.15
7500.00;7800.00;1968.00;26.17;E0_1_2900m;5.00;164;164;10.44;26.28
7500.00;7800.00;1548.00;25.17;E0_0_3000m;5.00;129;129;8.54;25.23
7500.00;7800.00;1956.00;26.09;E0_1_3000m;5.00;163;163;10.41;26.21
7500.00;7800.00;1536.00;25.15;E0_0_3100m;5.00;128;128;8.48;25.21
7500.00;7800.00;1956.00;26.11;E0_1_3100m;5.00;163;163;10.40;26.24
7500.00;7800.00;1536.00;25.13;E0_0_3200m;5.00;128;128;8.49;25.19
7500.00;7800.00;1968.00;26.10;E0_1_3200m;5.00;164;164;10.47;26.22
7500.00;7800.00;1560.00;25.15;E0_0_3300m;5.00;130;130;8.62;25.22
7500.00;7800.00;1968.00;26.04;E0_1_3300m;5.00;164;163;10.49;26.14
7500.00;7800.00;1572.00;25.15;E0_0_3400m;5.00;131;131;8.68;25.22
7500.00;7800.00;1956.00;25.98;E0_1_3400m;5.00;163;164;10.52;26.07
7500.00;7800.00;1560.00;25.19;E0_0_3500m;5.00;130;130;8.60;25.26
7500.00;7800.00;1968.00;26.03;E0_1_3500m;5.00;164;164;10.50;26.14
7500.00;7800.00;1560.00;25.15;E0_0_3600m;5.00;130;129;8.61;25.22
7500.00;7800.00;1920.00;26.09;E0_1_3600m;5.00;160;160;10.22;26.21
7500.00;7800.00;1536.00;25.10;E0_0_3700m;5.00;128;128;8.50;25.16
7500.00;7800.00;1932.00;26.19;E0_1_3700m;5.00;161;161;10.25;26.31
7500.00;7800.00;1548.00;25.11;E0_0_3800m;5.00;129;129;8.56;25.17
7500.00;7800.00;1944.00;26.32;E0_1_3800m;5.00;162;161;10.24;26.44
7500.00;7800.00;1536.00;25.22;E0_0_3900m;5.00;128;128;8.46;25.29
7500.00;7800.00;1944.00;26.44;E0_1_3900m;5.00;162;162;10.21;26.58
7500.00;7800.00;1512.00;25.18;E0_0_4000m;5.00;126;126;8.34;25.25
7500.00;7800.00;1908.00;26.40;E0_1_4000m;5.00;159;159;10.04;26.53
7500.00;7800.00;1464.00;25.08;E0_0_4100m;5.00;122;122;8.11;25.14
7500.00;7800.00;1884.00;26.36;E0_1_4100m;5.00;157;158;9.95;26.49
7500.00;7800.00;1452.00;25.02;E0_0_4200m;5.00;121;121;8.06;25.08
7500.00;7800.00;1872.00;26.29;E0_1_4200m;5.00;156;156;9.89;26.43
7500.00;7800.00;1452.00;24.99;E0_0_4300m;5.00;121;121;8.07;25.04
7500.00;7800.00;1872.00;26.16;E0_1_4300m;5.00;156;155;9.91;26.28
7500.00;7800.00;1452.00;24.97;E0_0_4400m;5.00;121;120;8.06;25.03
7500.00;7800.00;1860.00;26.10;E0_1_4400m;5.00;155;155;9.90;26.23
7500.00;7800.00;1428.00;24.99;E0_0_4500m;5.00;119;119;7.94;25.04
7500.00;7800.00;1896.00;26.07;E0_1_4500m;5.00;158;157;10.04;26.19
7500.00;7800.00;1440.00;25.08;E0_0_4600m;5.00;120;119;7.94;25.13
7500.00;7800.00;1872.00;26.07;E0_1_4600m;5.00;156;156;9.97;26.18
7500.00;7800.00;1428.00;25.25;E0_0_4700m;5.00;119;120;7.90;25.30
7500.00;7800.00;1884.00;26.12;E0_1_4700m;5.00;157;157;10.02;26.23
7500.00;7800.00;1440.00;25.29;E0_0_4800m;5.00;120;120;7.91;25.35
7500.00;7800.00;1884.00;26.25;E0_1_4800m;5.00;157;157;9.97;26.36
7500.00;7800.00;1440.00;25.30;E0_0_4900m;5.00;120;120;7.91;25.36
7500.00;7800.00;1848.00;26.36;E0_1_4900m;5.00;154;154;9.74;26.49
7500.00;7800.00;1500.00;25.30;E0_0_5000m;5.00;125;125;8.23;25.37
7500.00;7800.00;1812.00;26.39;E0_1_5000m;5.00;151;151;9.54;26.53
