interval_begin;interval_end;interval_flow;interval_harmonicMeanSpeed;interval_id;interval_length;interval_nVehContrib;interval_nVehEntered;interval_occupancy;interval_speed
0.00;300.00;0.00;-1.00;E0_0_0m;-1.00;0;0;0.00;-1.00
0.00;300.00;0.00;-1.00;E0_1_0m;-1.00;0;0;0.00;-1.00
0.00;300.00;1692.00;27.01;E0_0_100m;5.00;141;141;8.70;27.09
0.00;300.00;2004.00;28.38;E0_1_100m;5.00;167;168;9.86;28.51
0.00;300.00;1680.00;26.83;E0_0_200m;5.00;140;140;8.70;26.92
0.00;300.00;1980.00;28.49;E0_1_200m;5.00;165;165;9.65;28.65
0.00;300.00;1656.00;26.78;E0_0_300m;5.00;138;139;8.59;26.86
0.00;300.00;1992.00;28.22;E0_1_300m;5.00;166;166;9.81;28.42
0.00;300.00;1608.00;26.66;E0_0_400m;5.00;134;134;8.38;26.74
0.00;300.00;1992.00;28.11;E0_1_400m;5.00;166;166;9.84;28.29
0.00;300.00;1572.00;26.52;E0_0_500m;5.00;131;131;8.23;26.60
0.00;300.00;1980.00;27.97;E0_1_500m;5.00;165;165;9.83;28.16
0.00;300.00;1560.00;26.44;E0_0_600m;5.00;130;130;8.19;26.54
0.00;300.00;1944.00;27.91;E0_1_600m;5.00;162;163;9.70;28.08
0.00;300.00;1524.00;26.31;E0_0_700m;5.00;127;127;8.05;26.40
0.00;300.00;1944.00;27.77;E0_1_700m;5.00;162;162;9.72;27.94
0.00;300.00;1500.00;26.22;E0_0_800m;5.00;125;125;7.94;26.32
0.00;300.00;1896.00;27.65;E0_1_800m;5.00;158;158;9.52;27.81
0.00;300.00;1476.00;26.11;E0_0_900m;5.00;123;123;7.85;26.21
0.00;300.00;1908.00;27.58;E0_1_900m;5.00;159;159;9.61;27.76
0.00;300.00;1440.00;25.92;E0_0_1000m;5.00;120;120;7.72;26.02
0.00;300.00;1884.00;27.39;E0_1_1000m;5.00;157;157;9.55;27.57
0.00;300.00;1404.00;25.75;E0_0_1100m;5.00;117;117;7.57;25.86
0.00;300.00;1860.00;27.16;E0_1_1100m;5.00;155;155;9.51;27.34
0.00;300.00;1368.00;25.70;E0_0_1200m;5.00;114;114;7.39;25.80
0.00;300.00;1848.00;26.93;E0_1_1200m;5.00;154;154;9.53;27.09
0.00;300.00;1344.00;25.57;E0_0_1300m;5.00;112;112;7.30;25.64
0.00;300.00;1812.00;26.66;E0_1_1300m;5.00;151;151;9.44;26.81
0.00;300.00;1356.00;25.42;E0_0_1400m;5.00;113;113;7.41;25.49
0.00;300.00;1788.00;26.39;E0_1_1400m;5.00;149;149;9.41;26.53
0.00;300.00;1356.00;25.23;E0_0_1500m;5.00;113;113;7.46;25.29
0.00;300.00;1752.00;26.14;E0_1_1500m;5.00;146;146;9.31;26.28
0.00;300.00;1332.00;25.22;E0_0_1600m;5.00;111;111;7.33;25.34
0.00;300.00;1704.00;25.83;E0_1_1600m;5.00;142;142;9.16;25.94
0.00;300.00;1308.00;25.34;E0_0_1700m;5.00;109;109;7.17;25.46
0.00;300.00;1680.00;25.72;E0_1_1700m;5.00;140;140;9.07;25.85
0.00;300.00;1296.00;25.25;E0_0_1800m;5.00;108;108;7.13;25.38
0.00;300.00;1644.00;25.71;E0_1_1800m;5.00;137;137;8.88;25.86
0.00;300.00;1272.00;25.24;E0_0_1900m;5.00;106;106;7.00;25.37
0.00;300.00;1608.00;25.76;E0_1_1900m;5.00;134;134;8.67;25.93
0.00;300.00;1260.00;25.15;E0_0_2000m;5.00;105;105;6.96;25.28
0.00;300.00;1572.00;25.77;E0_1_2000m;5.00;131;131;8.47;25.93
0.00;300.00;1236.00;25.11;E0_0_2100m;5.00;103;103;6.84;25.24
0.00;300.00;1524.00;25.74;E0_1_2100m;5.00;127;127;8.22;25.89
0.00;300.00;1248.00;25.10;E0_0_2200m;5.00;104;104;6.90;25.24
0.00;300.00;1512.00;25.55;E0_1_2200m;5.00;126;126;8.22;25.66
0.00;300.00;1248.00;25.06;E0_0_2300m;5.00;104;104;6.92;25.22
0.00;300.00;1512.00;25.46;E0_1_2300m;5.00;126;126;8.25;25.57
0.00;300.00;1236.00;24.87;E0_0_2400m;5.00;103;103;6.90;25.03
0.00;300.00;1512.00;25.46;E0_1_2400m;5.00;126;126;8.25;25.56
0.00;300.00;1236.00;24.69;E0_0_2500m;5.00;103;103;6.95;24.83
0.00;300.00;1476.00;25.41;E0_1_2500m;5.00;123;123;8.07;25.52
0.00;300.00;1212.00;24.65;E0_0_2600m;5.00;101;101;6.83;24.80
0.00;300.00;1440.00;25.24;E0_1_2600m;5.00;120;120;7.92;25.35
0.00;300.00;1176.00;24.75;E0_0_2700m;5.00;98;98;6.60;24.88
0.00;300.00;1404.00;25.18;E0_1_2700m;5.00;117;117;7.74;25.30
0.00;300.00;1152.00;24.78;E0_0_2800m;5.00;96;96;6.46;24.92
0.00;300.00;1368.00;25.16;E0_1_2800m;5.00;114;114;7.55;25.28
0.00;300.00;1128.00;24.70;E0_0_2900m;5.00;94;94;6.34;24.83
0.00;300.00;1332.00;25.15;E0_1_2900m;5.00;111;111;7.36;25.27
0.00;300.00;1092.00;24.63;E0_0_3000m;5.00;91;91;6.16;24.76
0.00;300.00;1308.00;25.15;E0_1_3000m;5.00;109;109;7.22;25.27
0.00;300.00;1080.00;24.63;E0_0_3100m;5.00;90;90;6.09;24.78
0.00;300.00;1260.00;25.12;E0_1_3100m;5.00;105;105;6.97;25.24
0.00;300.00;1068.00;24.64;E0_0_3200m;5.00;89;89;6.02;24.79
0.00;300.00;1212.00;25.11;E0_1_3200m;5.00;101;101;6.70;25.23
0.00;300.00;1032.00;24.58;E0_0_3300m;5.00;86;87;5.89;24.73
0.00;300.00;1176.00;25.10;E0_1_3300m;5.00;98;98;6.51;25.21
0.00;300.00;1020.00;24.74;E0_0_3400m;5.00;85;85;5.73;24.90
0.00;300.00;1140.00;25.11;E0_1_3400m;5.00;95;95;6.30;25.22
0.00;300.00;984.00;24.86;E0_0_3500m;5.00;82;82;5.50;25.03
0.00;300.00;1104.00;25.13;E0_1_3500m;5.00;92;92;6.10;25.24
0.00;300.00;948.00;24.91;E0_0_3600m;5.00;79;79;5.28;25.09
0.00;300.00;1068.00;25.17;E0_1_3600m;5.00;89;89;5.89;25.27
0.00;300.00;900.00;25.11;E0_0_3700m;5.00;75;75;4.98;25.26
0.00;300.00;1044.00;25.23;E0_1_3700m;5.00;87;87;5.75;25.33
0.00;300.00;864.00;25.13;E0_0_3800m;5.00;72;72;4.77;25.29
0.00;300.00;1008.00;25.30;E0_1_3800m;5.00;84;84;5.53;25.40
0.00;300.00;828.00;25.03;E0_0_3900m;5.00;69;69;4.59;25.20
0.00;300.00;972.00;25.38;E0_1_3900m;5.00;81;81;5.32;25.48
0.00;300.00;792.00;25.29;E0_0_4000m;5.00;66;67;4.36;25.46
0.00;300.00;936.00;25.49;E0_1_4000m;5.00;78;78;5.10;25.60
0.00;300.00;780.00;25.43;E0_0_4100m;5.00;65;66;4.29;25.59
0.00;300.00;888.00;25.67;E0_1_4100m;5.00;74;75;4.85;25.77
0.00;300.00;768.00;25.64;E0_0_4200m;5.00;64;64;4.16;25.79
0.00;300.00;852.00;25.86;E0_1_4200m;5.00;71;72;4.60;25.96
0.00;300.00;720.00;25.92;E0_0_4300m;5.00;60;61;3.93;26.08
0.00;300.00;816.00;26.08;E0_1_4300m;5.00;68;69;4.35;26.18
0.00;300.00;708.00;25.98;E0_0_4400m;5.00;59;59;3.79;26.13
0.00;300.00;768.00;26.31;E0_1_4400m;5.00;64;64;4.05;26.40
0.00;300.00;684.00;25.93;E0_0_4500m;5.00;57;57;3.66;26.09
0.00;300.00;720.00;26.64;E0_1_4500m;5.00;60;60;3.75;26.72
0.00;300.00;636.00;26.08;E0_0_4600m;5.00;53;54;3.45;26.23
0.00;300.00;696.00;26.80;E0_1_4600m;5.00;58;58;3.61;26.86
0.00;300.00;636.00;26.00;E0_0_4700m;5.00;53;53;3.40;26.15
0.00;300.00;684.00;26.74;E0_1_4700m;5.00;57;57;3.55;26.79
0.00;300.00;636.00;25.93;E0_0_4800m;5.00;53;53;3.41;26.08
0.00;300.00;684.00;26.66;E0_1_4800m;5.00;57;57;3.56;26.71
0.00;300.00;636.00;25.80;E0_0_4900m;5.00;53;53;3.42;25.96
0.00;300.00;684.00;26.61;E0_1_4900m;5.00;57;57;3.57;26.66
0.00;300.00;648.00;25.80;E0_0_5000m;5.00;54;54;3.49;25.95
0.00;300.00;672.00;26.57;E0_1_5000m;5.00;56;56;3.51;26.62
300.00;600.00;0.00;-1.00;E0_0_0m;-1.00;0;0;0.00;-1.00
300.00;600.00;0.00;-1.00;E0_1_0m;-1.00;0;0;0.00;-1.00
300.00;600.00;1728.00;27.12;E0_0_100m;5.00;144;145;8.89;27.25
300.00;600.00;2052.00;28.66;E0_1_100m;5.00;171;170;9.89;28.82
300.00;600.00;1728.00;27.18;E0_0_200m;5.00;144;144;8.83;27.32
300.00;600.00;2052.00;28.85;E0_1_200m;5.00;171;171;9.88;29.03
300.00;600.00;1704.00;27.13;E0_0_300m;5.00;142;142;8.72;27.26
300.00;600.00;2028.00;28.82;E0_1_300m;5.00;169;169;9.77;28.98
300.00;600.00;1692.00;27.06;E0_0_400m;5.00;141;141;8.69;27.19
300.00;600.00;2040.00;28.79;E0_1_400m;5.00;170;170;9.84;28.96
300.00;600.00;1704.00;27.03;E0_0_500m;5.00;142;142;8.76;27.15
300.00;600.00;2028.00;28.64;E0_1_500m;5.00;169;169;9.83;28.81
300.00;600.00;1692.00;26.80;E0_0_600m;5.00;141;141;8.77;26.91
300.00;600.00;2052.00;28.46;E0_1_600m;5.00;171;171;10.01;28.62
300.00;600.00;1704.00;26.78;E0_0_700m;5.00;142;142;8.84;26.88
300.00;600.00;2040.00;28.40;E0_1_700m;5.00;170;170;9.98;28.55
300.00;600.00;1704.00;26.70;E0_0_800m;5.00;142;143;8.89;26.82
300.00;600.00;2076.00;28.33;E0_1_800m;5.00;173;173;10.18;28.47
300.00;600.00;1680.00;26.65;E0_0_900m;5.00;140;140;8.76;26.76
300.00;600.00;2100.00;28.21;E0_1_900m;5.00;175;175;10.34;28.35
300.00;600.00;1680.00;26.63;E0_0_1000m;5.00;140;140;8.76;26.74
300.00;600.00;2112.00;28.11;E0_1_1000m;5.00;176;176;10.44;28.25
300.00;600.00;1716.00;26.55;E0_0_1100m;5.00;143;144;9.01;26.69
300.00;600.00;2076.00;28.01;E0_1_1100m;5.00;173;173;10.29;28.15
300.00;600.00;1752.00;26.50;E0_0_1200m;5.00;146;146;9.18;26.63
300.00;600.00;2064.00;27.95;E0_1_1200m;5.00;172;172;10.26;28.09
300.00;600.00;1728.00;26.34;E0_0_1300m;5.00;144;144;9.11;26.48
300.00;600.00;2100.00;27.90;E0_1_1300m;5.00;175;175;10.45;28.04
300.00;600.00;1692.00;26.28;E0_0_1400m;5.00;141;141;8.94;26.43
300.00;600.00;2076.00;27.91;E0_1_1400m;5.00;173;173;10.33;28.06
300.00;600.00;1656.00;26.28;E0_0_1500m;5.00;138;138;8.75;26.41
300.00;600.00;2088.00;27.97;E0_1_1500m;5.00;174;174;10.37;28.13
300.00;600.00;1692.00;26.24;E0_0_1600m;5.00;141;141;8.95;26.37
300.00;600.00;2112.00;27.92;E0_1_1600m;5.00;176;176;10.51;28.08
300.00;600.00;1716.00;26.22;E0_0_1700m;5.00;143;143;9.09;26.34
300.00;600.00;2088.00;27.88;E0_1_1700m;5.00;174;174;10.40;28.04
300.00;600.00;1692.00;26.18;E0_0_1800m;5.00;141;141;8.98;26.29
300.00;600.00;2088.00;27.82;E0_1_1800m;5.00;174;175;10.45;27.99
300.00;600.00;1692.00;26.08;E0_0_1900m;5.00;141;142;9.01;26.18
300.00;600.00;2112.00;27.74;E0_1_1900m;5.00;176;176;10.57;27.91
300.00;600.00;1668.00;26.03;E0_0_2000m;5.00;139;139;8.90;26.13
300.00;600.00;2136.00;27.58;E0_1_2000m;5.00;178;178;10.76;27.75
300.00;600.00;1728.00;26.02;E0_0_2100m;5.00;144;144;9.22;26.13
300.00;600.00;2136.00;27.56;E0_1_2100m;5.00;178;179;10.77;27.74
300.00;600.00;1752.00;26.13;E0_0_2200m;5.00;146;146;9.31;26.24
300.00;600.00;2100.00;27.53;E0_1_2200m;5.00;175;175;10.59;27.72
300.00;600.00;1752.00;26.16;E0_0_2300m;5.00;146;146;9.30;26.27
300.00;600.00;2064.00;27.50;E0_1_2300m;5.00;172;172;10.42;27.68
300.00;600.00;1728.00;26.10;E0_0_2400m;5.00;144;144;9.20;26.20
300.00;600.00;2064.00;27.42;E0_1_2400m;5.00;172;172;10.45;27.58
300.00;600.00;1704.00;25.96;E0_0_2500m;5.00;142;143;9.13;26.05
300.00;600.00;2112.00;27.32;E0_1_2500m;5.00;176;176;10.74;27.47
300.00;600.00;1728.00;25.94;E0_0_2600m;5.00;144;144;9.25;26.02
300.00;600.00;2136.00;27.27;E0_1_2600m;5.00;178;178;10.88;27.42
300.00;600.00;1740.00;25.99;E0_0_2700m;5.00;145;145;9.30;26.07
300.00;600.00;2148.00;27.10;E0_1_2700m;5.00;179;179;11.01;27.24
300.00;600.00;1728.00;25.87;E0_0_2800m;5.00;144;144;9.28;25.94
300.00;600.00;2196.00;27.04;E0_1_2800m;5.00;183;183;11.28;27.18
300.00;600.00;1776.00;25.84;E0_0_2900m;5.00;148;148;9.55;25.92
300.00;600.00;2196.00;26.92;E0_1_2900m;5.00;183;183;11.33;27.07
300.00;600.00;1764.00;25.67;E0_0_3000m;5.00;147;147;9.54;25.74
300.00;600.00;2208.00;26.73;E0_1_3000m;5.00;184;184;11.47;26.88
300.00;600.00;1764.00;25.57;E0_0_3100m;5.00;147;147;9.58;25.64
300.00;600.00;2220.00;26.53;E0_1_3100m;5.00;185;185;11.62;26.65
300.00;600.00;1752.00;25.51;E0_0_3200m;5.00;146;146;9.54;25.57
300.00;600.00;2256.00;26.34;E0_1_3200m;5.00;188;188;11.89;26.45
300.00;600.00;1764.00;25.40;E0_0_3300m;5.00;147;146;9.59;25.46
300.00;600.00;2256.00;26.22;E0_1_3300m;5.00;188;188;11.95;26.33
300.00;600.00;1764.00;25.33;E0_0_3400m;5.00;147;147;9.67;25.39
300.00;600.00;2256.00;26.14;E0_1_3400m;5.00;188;188;11.99;26.26
300.00;600.00;1776.00;25.23;E0_0_3500m;5.00;148;148;9.78;25.29
300.00;600.00;2256.00;26.09;E0_1_3500m;5.00;188;189;12.03;26.22
300.00;600.00;1824.00;25.21;E0_0_3600m;5.00;152;153;10.06;25.29
300.00;600.00;2220.00;25.98;E0_1_3600m;5.00;185;187;11.94;26.10
300.00;600.00;1836.00;25.12;E0_0_3700m;5.00;153;153;10.15;25.18
300.00;600.00;2220.00;25.89;E0_1_3700m;5.00;185;186;11.92;26.02
300.00;600.00;1848.00;25.00;E0_0_3800m;5.00;154;154;10.27;25.06
300.00;600.00;2244.00;25.85;E0_1_3800m;5.00;187;187;12.06;25.98
300.00;600.00;1848.00;24.95;E0_0_3900m;5.00;154;154;10.29;25.02
300.00;600.00;2244.00;25.81;E0_1_3900m;5.00;187;187;12.08;25.94
300.00;600.00;1860.00;25.01;E0_0_4000m;5.00;155;154;10.31;25.08
300.00;600.00;2244.00;25.77;E0_1_4000m;5.00;187;187;12.10;25.90
300.00;600.00;1824.00;25.00;E0_0_4100m;5.00;152;151;10.10;25.07
300.00;600.00;2268.00;25.77;E0_1_4100m;5.00;189;188;12.18;25.92
300.00;600.00;1812.00;25.00;E0_0_4200m;5.00;151;152;10.09;25.07
300.00;600.00;2256.00;25.76;E0_1_4200m;5.00;188;187;12.14;25.92
300.00;600.00;1848.00;24.96;E0_0_4300m;5.00;154;153;10.21;25.04
300.00;600.00;2244.00;25.75;E0_1_4300m;5.00;187;186;12.10;25.92
300.00;600.00;1848.00;25.00;E0_0_4400m;5.00;154;154;10.27;25.08
300.00;600.00;2232.00;25.75;E0_1_4400m;5.00;186;186;12.04;25.92
300.00;600.00;1836.00;24.99;E0_0_4500m;5.00;153;153;10.20;25.08
300.00;600.00;2244.00;25.77;E0_1_4500m;5.00;187;187;12.09;25.95
300.00;600.00;1836.00;24.98;E0_0_4600m;5.00;153;152;10.15;25.07
300.00;600.00;2244.00;25.83;E0_1_4600m;5.00;187;187;12.07;26.01
300.00;600.00;1812.00;24.92;E0_0_4700m;5.00;151;151;10.10;25.00
300.00;600.00;2208.00;25.78;E0_1_4700m;5.00;184;184;11.89;25.97
300.00;600.00;1764.00;24.85;E0_0_4800m;5.00;147;147;9.86;24.92
300.00;600.00;2184.00;25.75;E0_1_4800m;5.00;182;182;11.78;25.93
300.00;600.00;1740.00;24.88;E0_0_4900m;5.00;145;146;9.72;24.95
300.00;600.00;2136.00;25.78;E0_1_4900m;5.00;178;178;11.51;25.96
300.00;600.00;1716.00;24.89;E0_0_5000m;5.00;143;144;9.63;24.96
300.00;600.00;2088.00;25.82;E0_1_5000m;5.00;174;174;11.23;26.00
600.00;900.00;0.00;-1.00;E0_0_0m;-1.00;0;0;0.00;-1.00
600.00;900.00;0.00;-1.00;E0_1_0m;-1.00;0;0;0.00;-1.00
600.00;900.00;1968.00;25.38;E0_0_100m;5.00;164;163;10.73;25.54
600.00;900.00;2184.00;27.32;E0_1_100m;5.00;182;182;11.10;27.50
600.00;900.00;1992.00;25.22;E0_0_200m;5.00;166;166;10.97;25.40
600.00;900.00;2160.00;27.51;E0_1_200m;5.00;180;180;10.91;27.76
600.00;900.00;1992.00;25.24;E0_0_300m;5.00;166;166;10.96;25.41
600.00;900.00;2148.00;27.50;E0_1_300m;5.00;179;179;10.85;27.78
600.00;900.00;1956.00;25.37;E0_0_400m;5.00;163;163;10.71;25.54
600.00;900.00;2160.00;27.48;E0_1_400m;5.00;180;180;10.92;27.75
600.00;900.00;1920.00;25.55;E0_0_500m;5.00;160;160;10.44;25.70
600.00;900.00;2184.00;27.49;E0_1_500m;5.00;182;182;11.04;27.73
600.00;900.00;1884.00;25.72;E0_0_600m;5.00;157;157;10.17;25.87
600.00;900.00;2232.00;27.44;E0_1_600m;5.00;186;185;11.28;27.64
600.00;900.00;1848.00;25.62;E0_0_700m;5.00;154;154;10.02;25.77
600.00;900.00;2292.00;27.40;E0_1_700m;5.00;191;191;11.62;27.55
600.00;900.00;1848.00;25.50;E0_0_800m;5.00;154;154;10.06;25.65
600.00;900.00;2292.00;27.28;E0_1_800m;5.00;191;191;11.67;27.40
600.00;900.00;1848.00;25.40;E0_0_900m;5.00;154;154;10.10;25.54
600.00;900.00;2256.00;27.04;E0_1_900m;5.00;188;188;11.59;27.15
600.00;900.00;1836.00;25.20;E0_0_1000m;5.00;153;154;10.16;25.34
600.00;900.00;2268.00;26.84;E0_1_1000m;5.00;189;189;11.74;26.92
600.00;900.00;1860.00;25.18;E0_0_1100m;5.00;155;154;10.22;25.33
600.00;900.00;2292.00;26.70;E0_1_1100m;5.00;191;191;11.92;26.78
600.00;900.00;1836.00;25.05;E0_0_1200m;5.00;153;153;10.18;25.20
600.00;900.00;2304.00;26.71;E0_1_1200m;5.00;192;192;11.98;26.81
600.00;900.00;1824.00;24.87;E0_0_1300m;5.00;152;153;10.23;25.03
600.00;900.00;2304.00;26.74;E0_1_1300m;5.00;192;192;11.97;26.86
600.00;900.00;1848.00;24.91;E0_0_1400m;5.00;154;154;10.30;25.04
600.00;900.00;2292.00;26.71;E0_1_1400m;5.00;191;192;11.95;26.83
600.00;900.00;1848.00;25.06;E0_0_1500m;5.00;154;154;10.24;25.18
600.00;900.00;2328.00;26.65;E0_1_1500m;5.00;194;194;12.13;26.77
600.00;900.00;1836.00;25.02;E0_0_1600m;5.00;153;153;10.19;25.14
600.00;900.00;2280.00;26.65;E0_1_1600m;5.00;190;190;11.88;26.77
600.00;900.00;1812.00;24.94;E0_0_1700m;5.00;151;151;10.09;25.05
600.00;900.00;2316.00;26.55;E0_1_1700m;5.00;193;193;12.12;26.66
600.00;900.00;1800.00;24.85;E0_0_1800m;5.00;150;150;10.06;24.96
600.00;900.00;2340.00;26.49;E0_1_1800m;5.00;195;194;12.24;26.58
600.00;900.00;1788.00;24.88;E0_0_1900m;5.00;149;148;9.98;24.99
600.00;900.00;2340.00;26.50;E0_1_1900m;5.00;195;195;12.27;26.60
600.00;900.00;1800.00;24.88;E0_0_2000m;5.00;150;150;10.05;24.98
600.00;900.00;2316.00;26.54;E0_1_2000m;5.00;193;193;12.12;26.64
600.00;900.00;1800.00;24.77;E0_0_2100m;5.00;150;150;10.09;24.86
600.00;900.00;2316.00;26.55;E0_1_2100m;5.00;193;193;12.12;26.66
600.00;900.00;1788.00;24.66;E0_0_2200m;5.00;149;149;10.07;24.75
600.00;900.00;2316.00;26.53;E0_1_2200m;5.00;193;193;12.12;26.63
600.00;900.00;1764.00;24.53;E0_0_2300m;5.00;147;147;9.99;24.62
600.00;900.00;2328.00;26.48;E0_1_2300m;5.00;194;194;12.21;26.57
600.00;900.00;1752.00;24.31;E0_0_2400m;5.00;146;146;10.01;24.42
600.00;900.00;2304.00;26.45;E0_1_2400m;5.00;192;192;12.10;26.52
600.00;900.00;1752.00;24.25;E0_0_2500m;5.00;146;146;10.03;24.40
600.00;900.00;2256.00;26.45;E0_1_2500m;5.00;188;189;11.89;26.54
600.00;900.00;1728.00;24.35;E0_0_2600m;5.00;144;144;9.86;24.48
600.00;900.00;2208.00;26.29;E0_1_2600m;5.00;184;184;11.67;26.38
600.00;900.00;1728.00;24.37;E0_0_2700m;5.00;144;144;9.85;24.52
600.00;900.00;2196.00;26.11;E0_1_2700m;5.00;183;183;11.68;26.23
600.00;900.00;1704.00;24.21;E0_0_2800m;5.00;142;142;9.78;24.39
600.00;900.00;2172.00;25.76;E0_1_2800m;5.00;181;181;11.71;25.92
600.00;900.00;1668.00;23.65;E0_0_2900m;5.00;139;139;9.79;23.86
600.00;900.00;2148.00;25.14;E0_1_2900m;5.00;179;179;11.87;25.34
600.00;900.00;1644.00;22.40;E0_0_3000m;5.00;137;138;10.20;22.53
600.00;900.00;2148.00;23.59;E0_1_3000m;5.00;179;179;12.65;23.77
600.00;900.00;1728.00;22.37;E0_0_3100m;5.00;144;144;10.73;22.45
600.00;900.00;2028.00;23.29;E0_1_3100m;5.00;169;170;12.15;23.46
600.00;900.00;1764.00;22.50;E0_0_3200m;5.00;147;147;10.89;22.54
600.00;900.00;1956.00;23.38;E0_1_3200m;5.00;163;163;11.62;23.59
600.00;900.00;1740.00;22.47;E0_0_3300m;5.00;145;145;10.76;22.49
600.00;900.00;1968.00;23.20;E0_1_3300m;5.00;164;164;11.78;23.38
600.00;900.00;1728.00;22.44;E0_0_3400m;5.00;144;144;10.70;22.45
600.00;900.00;1956.00;23.14;E0_1_3400m;5.00;163;163;11.74;23.28
600.00;900.00;1716.00;22.39;E0_0_3500m;5.00;143;143;10.64;22.41
600.00;900.00;1956.00;23.12;E0_1_3500m;5.00;163;162;11.73;23.25
600.00;900.00;1716.00;22.40;E0_0_3600m;5.00;143;142;10.62;22.41
600.00;900.00;1944.00;23.19;E0_1_3600m;5.00;162;161;11.61;23.36
600.00;900.00;1692.00;22.32;E0_0_3700m;5.00;141;141;10.53;22.34
600.00;900.00;1956.00;23.26;E0_1_3700m;5.00;163;162;11.67;23.46
600.00;900.00;1692.00;22.33;E0_0_3800m;5.00;141;141;10.52;22.34
600.00;900.00;1920.00;23.28;E0_1_3800m;5.00;160;160;11.46;23.47
600.00;900.00;1692.00;22.47;E0_0_3900m;5.00;141;142;10.53;22.49
600.00;900.00;1908.00;23.58;E0_1_3900m;5.00;159;159;11.24;23.83
600.00;900.00;1692.00;23.59;E0_0_4000m;5.00;141;141;9.96;23.66
600.00;900.00;1920.00;24.99;E0_1_4000m;5.00;160;160;10.67;25.16
600.00;900.00;1716.00;26.10;E0_0_4100m;5.00;143;143;9.13;26.22
600.00;900.00;1956.00;27.69;E0_1_4100m;5.00;163;163;9.81;27.80
600.00;900.00;1716.00;26.04;E0_0_4200m;5.00;143;142;9.13;26.16
600.00;900.00;1968.00;27.79;E0_1_4200m;5.00;164;164;9.84;27.95
600.00;900.00;1704.00;25.95;E0_0_4300m;5.00;142;142;9.12;26.06
600.00;900.00;1980.00;27.60;E0_1_4300m;5.00;165;165;9.96;27.78
600.00;900.00;1716.00;26.00;E0_0_4400m;5.00;143;143;9.17;26.10
600.00;900.00;1992.00;27.42;E0_1_4400m;5.00;166;167;10.10;27.60
600.00;900.00;1704.00;25.93;E0_0_4500m;5.00;142;143;9.18;26.02
600.00;900.00;2016.00;27.30;E0_1_4500m;5.00;168;169;10.30;27.48
600.00;900.00;1704.00;25.77;E0_0_4600m;5.00;142;142;9.18;25.87
600.00;900.00;2028.00;27.19;E0_1_4600m;5.00;169;170;10.38;27.36
600.00;900.00;1716.00;25.68;E0_0_4700m;5.00;143;143;9.28;25.77
600.00;900.00;2040.00;27.15;E0_1_4700m;5.00;170;170;10.44;27.32
600.00;900.00;1752.00;25.72;E0_0_4800m;5.00;146;146;9.46;25.82
600.00;900.00;2040.00;27.13;E0_1_4800m;5.00;170;170;10.44;27.31
600.00;900.00;1740.00;25.75;E0_0_4900m;5.00;145;144;9.38;25.84
600.00;900.00;2076.00;27.08;E0_1_4900m;5.00;173;173;10.65;27.27
600.00;900.00;1764.00;25.61;E0_0_5000m;5.00;147;146;9.51;25.71
600.00;900.00;2088.00;27.09;E0_1_5000m;5.00;174;174;10.70;27.28
900.00;1200.00;0.00;-1.00;E0_0_0m;-1.00;0;0;0.00;-1.00
900.00;1200.00;0.00;-1.00;E0_1_0m;-1.00;0;0;0.00;-1.00
900.00;1200.00;1644.00;26.71;E0_0_100m;5.00;137;139;8.65;26.87
900.00;1200.00;1908.00;28.15;E0_1_100m;5.00;159;159;9.41;28.37
900.00;1200.00;1656.00;26.58;E0_0_200m;5.00;138;140;8.71;26.74
900.00;1200.00;1896.00;28.93;E0_1_200m;5.00;158;158;9.10;29.13
900.00;1200.00;1668.00;26.30;E0_0_300m;5.00;139;139;8.81;26.48
900.00;1200.00;1920.00;28.89;E0_1_300m;5.00;160;160;9.23;29.08
900.00;1200.00;1704.00;26.11;E0_0_400m;5.00;142;142;9.07;26.29
900.00;1200.00;1920.00;28.73;E0_1_400m;5.00;160;160;9.28;28.92
900.00;1200.00;1668.00;26.01;E0_0_500m;5.00;139;139;8.91;26.20
900.00;1200.00;1968.00;28.60;E0_1_500m;5.00;164;164;9.56;28.79
900.00;1200.00;1620.00;25.88;E0_0_600m;5.00;135;135;8.69;26.05
900.00;1200.00;2028.00;28.34;E0_1_600m;5.00;169;169;9.94;28.52
900.00;1200.00;1584.00;25.78;E0_0_700m;5.00;132;132;8.53;25.96
900.00;1200.00;2028.00;28.13;E0_1_700m;5.00;169;169;10.01;28.31
900.00;1200.00;1572.00;25.70;E0_0_800m;5.00;131;131;8.49;25.88
900.00;1200.00;2052.00;28.03;E0_1_800m;5.00;171;171;10.17;28.21
900.00;1200.00;1548.00;25.61;E0_0_900m;5.00;129;129;8.39;25.80
900.00;1200.00;2064.00;27.95;E0_1_900m;5.00;172;172;10.26;28.12
900.00;1200.00;1524.00;25.56;E0_0_1000m;5.00;127;126;8.24;25.75
900.00;1200.00;2064.00;27.85;E0_1_1000m;5.00;172;172;10.29;28.02
900.00;1200.00;1500.00;25.67;E0_0_1100m;5.00;125;125;8.12;25.83
900.00;1200.00;2028.00;27.79;E0_1_1100m;5.00;169;169;10.13;27.96
900.00;1200.00;1476.00;25.68;E0_0_1200m;5.00;123;123;7.98;25.83
900.00;1200.00;2028.00;27.66;E0_1_1200m;5.00;169;169;10.18;27.82
900.00;1200.00;1440.00;25.73;E0_0_1300m;5.00;120;120;7.77;25.86
900.00;1200.00;2052.00;27.57;E0_1_1300m;5.00;171;171;10.34;27.72
900.00;1200.00;1440.00;25.97;E0_0_1400m;5.00;120;121;7.72;26.09
900.00;1200.00;2028.00;27.55;E0_1_1400m;5.00;169;170;10.27;27.72
900.00;1200.00;1464.00;25.93;E0_0_1500m;5.00;122;122;7.84;26.05
900.00;1200.00;2004.00;27.41;E0_1_1500m;5.00;167;167;10.15;27.57
900.00;1200.00;1488.00;25.91;E0_0_1600m;5.00;124;124;7.98;26.04
900.00;1200.00;2004.00;27.30;E0_1_1600m;5.00;167;168;10.24;27.47
900.00;1200.00;1500.00;25.81;E0_0_1700m;5.00;125;125;8.07;25.93
900.00;1200.00;1992.00;27.23;E0_1_1700m;5.00;166;166;10.16;27.42
900.00;1200.00;1500.00;25.75;E0_0_1800m;5.00;125;126;8.11;25.87
900.00;1200.00;1980.00;27.18;E0_1_1800m;5.00;165;165;10.12;27.38
900.00;1200.00;1512.00;25.77;E0_0_1900m;5.00;126;126;8.15;25.88
900.00;1200.00;1956.00;27.17;E0_1_1900m;5.00;163;163;10.00;27.37
900.00;1200.00;1500.00;25.74;E0_0_2000m;5.00;125;125;8.09;25.86
900.00;1200.00;1956.00;27.16;E0_1_2000m;5.00;163;163;10.00;27.38
900.00;1200.00;1500.00;25.71;E0_0_2100m;5.00;125;125;8.10;25.83
900.00;1200.00;1968.00;27.15;E0_1_2100m;5.00;164;164;10.07;27.36
900.00;1200.00;1512.00;25.63;E0_0_2200m;5.00;126;126;8.19;25.74
900.00;1200.00;1980.00;27.17;E0_1_2200m;5.00;165;165;10.12;27.39
900.00;1200.00;1488.00;25.58;E0_0_2300m;5.00;124;125;8.08;25.69
900.00;1200.00;2028.00;27.23;E0_1_2300m;5.00;169;169;10.34;27.45
900.00;1200.00;1572.00;25.58;E0_0_2400m;5.00;131;131;8.54;25.69
900.00;1200.00;2004.00;27.37;E0_1_2400m;5.00;167;167;10.17;27.60
900.00;1200.00;1572.00;25.46;E0_0_2500m;5.00;131;131;8.58;25.57
900.00;1200.00;2004.00;27.27;E0_1_2500m;5.00;167;167;10.21;27.51
900.00;1200.00;1596.00;25.16;E0_0_2600m;5.00;133;133;8.81;25.28
900.00;1200.00;2004.00;26.99;E0_1_2600m;5.00;167;167;10.31;27.27
900.00;1200.00;1608.00;25.01;E0_0_2700m;5.00;134;134;8.93;25.14
900.00;1200.00;1992.00;26.55;E0_1_2700m;5.00;166;167;10.48;26.84
900.00;1200.00;1596.00;24.41;E0_0_2800m;5.00;133;133;9.08;24.57
900.00;1200.00;2016.00;26.06;E0_1_2800m;5.00;168;168;10.75;26.36
900.00;1200.00;1608.00;23.59;E0_0_2900m;5.00;134;134;9.47;23.77
900.00;1200.00;2004.00;25.13;E0_1_2900m;5.00;167;167;11.08;25.40
900.00;1200.00;1620.00;22.34;E0_0_3000m;5.00;135;136;10.07;22.47
900.00;1200.00;2004.00;23.30;E0_1_3000m;5.00;167;167;11.95;23.43
900.00;1200.00;1668.00;22.18;E0_0_3100m;5.00;139;139;10.44;22.35
900.00;1200.00;1980.00;22.79;E0_1_3100m;5.00;165;165;12.09;22.83
900.00;1200.00;1692.00;22.33;E0_0_3200m;5.00;141;141;10.52;22.36
900.00;1200.00;1956.00;22.75;E0_1_3200m;5.00;163;163;11.94;22.82
900.00;1200.00;1704.00;22.37;E0_0_3300m;5.00;142;142;10.58;22.40
900.00;1200.00;1944.00;22.76;E0_1_3300m;5.00;162;162;11.87;22.83
900.00;1200.00;1752.00;22.40;E0_0_3400m;5.00;146;146;10.86;22.42
900.00;1200.00;1956.00;22.65;E0_1_3400m;5.00;163;163;11.99;22.70
900.00;1200.00;1764.00;22.40;E0_0_3500m;5.00;147;147;10.94;22.42
900.00;1200.00;1968.00;22.60;E0_1_3500m;5.00;164;164;12.09;22.65
900.00;1200.00;1800.00;22.39;E0_0_3600m;5.00;150;150;11.17;22.40
900.00;1200.00;1992.00;22.67;E0_1_3600m;5.00;166;166;12.20;22.74
900.00;1200.00;1824.00;22.26;E0_0_3700m;5.00;152;152;11.38;22.27
900.00;1200.00;2040.00;22.67;E0_1_3700m;5.00;170;170;12.50;22.76
900.00;1200.00;1860.00;22.09;E0_0_3800m;5.00;155;155;11.70;22.11
900.00;1200.00;2064.00;22.62;E0_1_3800m;5.00;172;172;12.67;22.70
900.00;1200.00;1872.00;22.17;E0_0_3900m;5.00;156;156;11.73;22.19
900.00;1200.00;2088.00;22.76;E0_1_3900m;5.00;174;174;12.74;22.85
900.00;1200.00;1932.00;23.23;E0_0_4000m;5.00;161;161;11.55;23.31
900.00;1200.00;2052.00;24.74;E0_1_4000m;5.00;171;172;11.55;24.89
900.00;1200.00;1956.00;25.63;E0_0_4100m;5.00;163;163;10.60;25.76
900.00;1200.00;1980.00;27.76;E0_1_4100m;5.00;165;166;9.93;27.88
900.00;1200.00;1908.00;25.59;E0_0_4200m;5.00;159;159;10.35;25.73
900.00;1200.00;2040.00;27.89;E0_1_4200m;5.00;170;170;10.16;28.05
900.00;1200.00;1908.00;25.46;E0_0_4300m;5.00;159;159;10.41;25.62
900.00;1200.00;2028.00;27.76;E0_1_4300m;5.00;169;169;10.15;27.93
900.00;1200.00;1896.00;25.40;E0_0_4400m;5.00;158;158;10.37;25.57
900.00;1200.00;2052.00;27.59;E0_1_4400m;5.00;171;171;10.34;27.76
900.00;1200.00;1896.00;25.26;E0_0_4500m;5.00;158;158;10.42;25.42
900.00;1200.00;2064.00;27.37;E0_1_4500m;5.00;172;171;10.43;27.51
900.00;1200.00;1908.00;25.08;E0_0_4600m;5.00;159;159;10.57;25.22
900.00;1200.00;2052.00;27.26;E0_1_4600m;5.00;171;171;10.45;27.40
900.00;1200.00;1896.00;25.02;E0_0_4700m;5.00;158;158;10.52;25.16
900.00;1200.00;2052.00;27.14;E0_1_4700m;5.00;171;172;10.56;27.29
900.00;1200.00;1872.00;25.02;E0_0_4800m;5.00;156;156;10.39;25.15
900.00;1200.00;2064.00;27.10;E0_1_4800m;5.00;172;172;10.58;27.25
900.00;1200.00;1860.00;24.92;E0_0_4900m;5.00;155;155;10.37;25.04
900.00;1200.00;2064.00;27.09;E0_1_4900m;5.00;172;172;10.58;27.25
900.00;1200.00;1860.00;24.79;E0_0_5000m;5.00;155;155;10.42;24.91
900.00;1200.00;2040.00;27.06;E0_1_5000m;5.00;170;170;10.47;27.22
1200.00;1500.00;0.00;-1.00;E0_0_0m;-1.00;0;0;0.00;-1.00
1200.00;1500.00;0.00;-1.00;E0_1_0m;-1.00;0;0;0.00;-1.00
1200.00;1500.00;1632.00;26.12;E0_0_100m;5.00;136;135;8.63;26.27
1200.00;1500.00;2100.00;27.67;E0_1_100m;5.00;175;175;10.54;27.81
1200.00;1500.00;1680.00;26.16;E0_0_200m;5.00;140;140;8.92;26.31
1200.00;1500.00;2052.00;28.00;E0_1_200m;5.00;171;171;10.18;28.22
1200.00;1500.00;1692.00;26.16;E0_0_300m;5.00;141;141;8.98;26.30
1200.00;1500.00;2040.00;27.82;E0_1_300m;5.00;170;170;10.18;28.04
1200.00;1500.00;1692.00;26.00;E0_0_400m;5.00;141;141;9.04;26.13
1200.00;1500.00;2052.00;27.63;E0_1_400m;5.00;171;171;10.32;27.83
1200.00;1500.00;1668.00;25.77;E0_0_500m;5.00;139;140;9.00;25.92
1200.00;1500.00;2076.00;27.42;E0_1_500m;5.00;173;173;10.51;27.62
1200.00;1500.00;1656.00;25.58;E0_0_600m;5.00;138;138;8.99;25.72
1200.00;1500.00;2076.00;27.30;E0_1_600m;5.00;173;173;10.56;27.47
1200.00;1500.00;1680.00;25.48;E0_0_700m;5.00;140;140;9.16;25.60
1200.00;1500.00;2064.00;27.20;E0_1_700m;5.00;172;173;10.57;27.37
1200.00;1500.00;1668.00;25.33;E0_0_800m;5.00;139;139;9.15;25.45
1200.00;1500.00;2076.00;27.05;E0_1_800m;5.00;173;173;10.66;27.21
1200.00;1500.00;1620.00;25.17;E0_0_900m;5.00;135;135;8.94;25.31
1200.00;1500.00;2124.00;26.95;E0_1_900m;5.00;177;177;10.95;27.09
1200.00;1500.00;1668.00;25.10;E0_0_1000m;5.00;139;139;9.23;25.24
1200.00;1500.00;2112.00;26.96;E0_1_1000m;5.00;176;176;10.88;27.09
1200.00;1500.00;1704.00;24.97;E0_0_1100m;5.00;142;142;9.48;25.12
1200.00;1500.00;2100.00;26.99;E0_1_1100m;5.00;175;175;10.81;27.12
1200.00;1500.00;1692.00;24.78;E0_0_1200m;5.00;141;141;9.48;24.92
1200.00;1500.00;2112.00;26.89;E0_1_1200m;5.00;176;176;10.91;27.02
1200.00;1500.00;1692.00;24.67;E0_0_1300m;5.00;141;141;9.52;24.82
1200.00;1500.00;2124.00;26.79;E0_1_1300m;5.00;177;177;11.01;26.92
1200.00;1500.00;1716.00;24.58;E0_0_1400m;5.00;143;142;9.68;24.73
1200.00;1500.00;2112.00;26.73;E0_1_1400m;5.00;176;175;10.92;26.86
1200.00;1500.00;1692.00;24.53;E0_0_1500m;5.00;141;141;9.58;24.68
1200.00;1500.00;2100.00;26.69;E0_1_1500m;5.00;175;175;10.93;26.83
1200.00;1500.00;1692.00;24.46;E0_0_1600m;5.00;141;141;9.61;24.62
1200.00;1500.00;2124.00;26.69;E0_1_1600m;5.00;177;177;11.05;26.82
1200.00;1500.00;1740.00;24.59;E0_0_1700m;5.00;145;145;9.83;24.73
1200.00;1500.00;2112.00;26.65;E0_1_1700m;5.00;176;176;11.01;26.78
1200.00;1500.00;1752.00;24.65;E0_0_1800m;5.00;146;146;9.87;24.77
1200.00;1500.00;2100.00;26.71;E0_1_1800m;5.00;175;175;10.92;26.84
1200.00;1500.00;1728.00;24.57;E0_0_1900m;5.00;144;144;9.77;24.69
1200.00;1500.00;2112.00;26.65;E0_1_1900m;5.00;176;177;11.06;26.76
1200.00;1500.00;1716.00;24.58;E0_0_2000m;5.00;143;143;9.70;24.70
1200.00;1500.00;2136.00;26.66;E0_1_2000m;5.00;178;178;11.13;26.77
1200.00;1500.00;1692.00;24.54;E0_0_2100m;5.00;141;141;9.57;24.66
1200.00;1500.00;2088.00;26.69;E0_1_2100m;5.00;174;174;10.87;26.80
1200.00;1500.00;1656.00;24.53;E0_0_2200m;5.00;138;138;9.37;24.66
1200.00;1500.00;2052.00;26.75;E0_1_2200m;5.00;171;171;10.65;26.88
1200.00;1500.00;1656.00;24.62;E0_0_2300m;5.00;138;137;9.34;24.75
1200.00;1500.00;2004.00;26.81;E0_1_2300m;5.00;167;168;10.40;26.95
1200.00;1500.00;1620.00;24.61;E0_0_2400m;5.00;135;135;9.14;24.73
1200.00;1500.00;2004.00;26.82;E0_1_2400m;5.00;167;168;10.40;26.96
1200.00;1500.00;1644.00;24.66;E0_0_2500m;5.00;137;137;9.26;24.78
1200.00;1500.00;1992.00;26.85;E0_1_2500m;5.00;166;167;10.35;26.98
1200.00;1500.00;1620.00;24.61;E0_0_2600m;5.00;135;135;9.14;24.73
1200.00;1500.00;2052.00;26.66;E0_1_2600m;5.00;171;171;10.69;26.79
1200.00;1500.00;1608.00;24.41;E0_0_2700m;5.00;134;134;9.15;24.53
1200.00;1500.00;2112.00;26.16;E0_1_2700m;5.00;176;175;11.16;26.28
1200.00;1500.00;1632.00;24.04;E0_0_2800m;5.00;136;136;9.43;24.13
1200.00;1500.00;2136.00;25.43;E0_1_2800m;5.00;178;178;11.67;25.56
1200.00;1500.00;1644.00;23.39;E0_0_2900m;5.00;137;137;9.76;23.45
1200.00;1500.00;2148.00;24.39;E0_1_2900m;5.00;179;179;12.23;24.48
1200.00;1500.00;1644.00;22.28;E0_0_3000m;5.00;137;136;10.25;22.33
1200.00;1500.00;2124.00;23.15;E0_1_3000m;5.00;177;178;12.81;23.21
1200.00;1500.00;1728.00;22.28;E0_0_3100m;5.00;144;144;10.77;22.33
1200.00;1500.00;2028.00;23.13;E0_1_3100m;5.00;169;172;12.29;23.22
1200.00;1500.00;1776.00;22.27;E0_0_3200m;5.00;148;149;11.08;22.30
1200.00;1500.00;1980.00;23.22;E0_1_3200m;5.00;165;165;11.84;23.39
1200.00;1500.00;1800.00;22.28;E0_0_3300m;5.00;150;150;11.22;22.31
1200.00;1500.00;1968.00;23.16;E0_1_3300m;5.00;164;164;11.80;23.33
1200.00;1500.00;1752.00;22.32;E0_0_3400m;5.00;146;146;10.90;22.35
1200.00;1500.00;1956.00;23.08;E0_1_3400m;5.00;163;163;11.77;23.23
1200.00;1500.00;1752.00;22.37;E0_0_3500m;5.00;146;146;10.88;22.39
1200.00;1500.00;1956.00;22.99;E0_1_3500m;5.00;163;163;11.82;23.12
1200.00;1500.00;1728.00;22.42;E0_0_3600m;5.00;144;144;10.70;22.44
1200.00;1500.00;1932.00;22.85;E0_1_3600m;5.00;161;161;11.74;22.95
1200.00;1500.00;1692.00;22.39;E0_0_3700m;5.00;141;141;10.50;22.41
1200.00;1500.00;1908.00;22.82;E0_1_3700m;5.00;159;159;11.61;22.91
1200.00;1500.00;1692.00;22.37;E0_0_3800m;5.00;141;141;10.51;22.41
1200.00;1500.00;1848.00;22.96;E0_1_3800m;5.00;154;155;11.18;23.07
1200.00;1500.00;1656.00;22.51;E0_0_3900m;5.00;138;138;10.22;22.55
1200.00;1500.00;1884.00;23.22;E0_1_3900m;5.00;157;157;11.27;23.34
1200.00;1500.00;1680.00;23.46;E0_0_4000m;5.00;140;140;9.95;23.56
1200.00;1500.00;1824.00;24.91;E0_1_4000m;5.00;152;154;10.22;25.06
1200.00;1500.00;1644.00;25.96;E0_0_4100m;5.00;137;137;8.80;26.10
1200.00;1500.00;1848.00;27.22;E0_1_4100m;5.00;154;155;9.45;27.37
1200.00;1500.00;1608.00;26.12;E0_0_4200m;5.00;134;135;8.58;26.28
1200.00;1500.00;1860.00;27.56;E0_1_4200m;5.00;155;155;9.37;27.74
1200.00;1500.00;1620.00;26.07;E0_0_4300m;5.00;135;135;8.63;26.29
1200.00;1500.00;1872.00;27.72;E0_1_4300m;5.00;156;157;9.44;27.93
1200.00;1500.00;1608.00;25.94;E0_0_4400m;5.00;134;134;8.61;26.09
1200.00;1500.00;1860.00;27.72;E0_1_4400m;5.00;155;154;9.29;27.93
1200.00;1500.00;1620.00;25.89;E0_0_4500m;5.00;135;135;8.69;26.00
1200.00;1500.00;1848.00;27.68;E0_1_4500m;5.00;154;154;9.27;27.88
1200.00;1500.00;1632.00;25.48;E0_0_4600m;5.00;136;136;8.89;25.58
1200.00;1500.00;1860.00;27.64;E0_1_4600m;5.00;155;155;9.35;27.84
1200.00;1500.00;1632.00;25.21;E0_0_4700m;5.00;136;136;8.99;25.31
1200.00;1500.00;1860.00;27.54;E0_1_4700m;5.00;155;154;9.33;27.74
1200.00;1500.00;1620.00;25.16;E0_0_4800m;5.00;135;135;8.94;25.25
1200.00;1500.00;1860.00;27.35;E0_1_4800m;5.00;155;155;9.45;27.54
1200.00;1500.00;1620.00;25.20;E0_0_4900m;5.00;135;135;8.93;25.27
1200.00;1500.00;1860.00;27.21;E0_1_4900m;5.00;155;155;9.49;27.40
1200.00;1500.00;1596.00;25.22;E0_0_5000m;5.00;133;133;8.79;25.30
1200.00;1500.00;1884.00;26.96;E0_1_5000m;5.00;157;157;9.70;27.14
1500.00;1800.00;0.00;-1.00;E0_0_0m;-1.00;0;0;0.00;-1.00
1500.00;1800.00;0.00;-1.00;E0_1_0m;-1.00;0;0;0.00;-1.00
1500.00;1800.00;1980.00;25.94;E0_0_100m;5.00;165;165;10.60;26.03
1500.00;1800.00;2340.00;27.55;E0_1_100m;5.00;195;195;11.80;27.64
1500.00;1800.00;2004.00;26.08;E0_0_200m;5.00;167;167;10.67;26.20
1500.00;1800.00;2280.00;27.73;E0_1_200m;5.00;190;191;11.47;27.84
1500.00;1800.00;2004.00;26.04;E0_0_300m;5.00;167;167;10.69;26.16
1500.00;1800.00;2244.00;27.68;E0_1_300m;5.00;187;188;11.31;27.81
1500.00;1800.00;1968.00;25.94;E0_0_400m;5.00;164;164;10.54;26.08
1500.00;1800.00;2256.00;27.60;E0_1_400m;5.00;188;188;11.35;27.74
1500.00;1800.00;1968.00;25.89;E0_0_500m;5.00;164;163;10.54;26.04
1500.00;1800.00;2232.00;27.57;E0_1_500m;5.00;186;186;11.25;27.72
1500.00;1800.00;1956.00;25.90;E0_0_600m;5.00;163;163;10.49;26.05
1500.00;1800.00;2208.00;27.55;E0_1_600m;5.00;184;184;11.13;27.73
1500.00;1800.00;1896.00;26.02;E0_0_700m;5.00;158;158;10.12;26.14
1500.00;1800.00;2232.00;27.45;E0_1_700m;5.00;186;185;11.26;27.62
1500.00;1800.00;1872.00;26.01;E0_0_800m;5.00;156;156;10.00;26.13
1500.00;1800.00;2208.00;27.39;E0_1_800m;5.00;184;184;11.20;27.57
1500.00;1800.00;1848.00;25.93;E0_0_900m;5.00;154;156;9.98;26.04
1500.00;1800.00;2220.00;27.39;E0_1_900m;5.00;185;185;11.26;27.58
1500.00;1800.00;1848.00;25.81;E0_0_1000m;5.00;154;154;9.94;25.94
1500.00;1800.00;2232.00;27.32;E0_1_1000m;5.00;186;186;11.35;27.50
1500.00;1800.00;1824.00;25.78;E0_0_1100m;5.00;152;152;9.83;25.91
1500.00;1800.00;2244.00;27.17;E0_1_1100m;5.00;187;187;11.47;27.34
1500.00;1800.00;1824.00;25.78;E0_0_1200m;5.00;152;152;9.83;25.89
1500.00;1800.00;2244.00;27.05;E0_1_1200m;5.00;187;187;11.52;27.20
1500.00;1800.00;1812.00;25.84;E0_0_1300m;5.00;151;151;9.74;25.95
1500.00;1800.00;2256.00;26.92;E0_1_1300m;5.00;188;188;11.64;27.07
1500.00;1800.00;1824.00;25.74;E0_0_1400m;5.00;152;152;9.84;25.84
1500.00;1800.00;2280.00;26.82;E0_1_1400m;5.00;190;190;11.81;26.96
1500.00;1800.00;1824.00;25.68;E0_0_1500m;5.00;152;152;9.87;25.78
1500.00;1800.00;2268.00;26.67;E0_1_1500m;5.00;189;190;11.84;26.80
1500.00;1800.00;1812.00;25.79;E0_0_1600m;5.00;151;151;9.76;25.88
1500.00;1800.00;2244.00;26.55;E0_1_1600m;5.00;187;187;11.74;26.68
1500.00;1800.00;1800.00;25.74;E0_0_1700m;5.00;150;150;9.71;25.82
1500.00;1800.00;2208.00;26.42;E0_1_1700m;5.00;184;184;11.61;26.55
1500.00;1800.00;1812.00;25.53;E0_0_1800m;5.00;151;151;9.86;25.60
1500.00;1800.00;2244.00;26.29;E0_1_1800m;5.00;187;187;11.85;26.41
1500.00;1800.00;1812.00;25.42;E0_0_1900m;5.00;151;152;9.94;25.49
1500.00;1800.00;2292.00;26.21;E0_1_1900m;5.00;191;190;12.09;26.31
1500.00;1800.00;1824.00;25.36;E0_0_2000m;5.00;152;152;9.99;25.43
1500.00;1800.00;2280.00;26.21;E0_1_2000m;5.00;190;191;12.12;26.32
1500.00;1800.00;1848.00;25.25;E0_0_2100m;5.00;154;154;10.17;25.34
1500.00;1800.00;2292.00;26.23;E0_1_2100m;5.00;191;191;12.14;26.34
1500.00;1800.00;1848.00;25.11;E0_0_2200m;5.00;154;154;10.22;25.21
1500.00;1800.00;2316.00;26.27;E0_1_2200m;5.00;193;193;12.24;26.40
1500.00;1800.00;1884.00;24.90;E0_0_2300m;5.00;157;157;10.51;25.03
1500.00;1800.00;2292.00;26.26;E0_1_2300m;5.00;191;191;12.11;26.40
1500.00;1800.00;1872.00;25.00;E0_0_2400m;5.00;156;156;10.40;25.12
1500.00;1800.00;2292.00;26.09;E0_1_2400m;5.00;191;190;12.18;26.24
1500.00;1800.00;1848.00;24.93;E0_0_2500m;5.00;154;155;10.30;25.06
1500.00;1800.00;2292.00;25.91;E0_1_2500m;5.00;191;190;12.24;26.06
1500.00;1800.00;1824.00;24.79;E0_0_2600m;5.00;152;153;10.24;24.92
1500.00;1800.00;2268.00;25.76;E0_1_2600m;5.00;189;190;12.25;25.91
1500.00;1800.00;1836.00;24.56;E0_0_2700m;5.00;153;153;10.38;24.70
1500.00;1800.00;2220.00;25.58;E0_1_2700m;5.00;185;185;12.05;25.74
1500.00;1800.00;1800.00;24.21;E0_0_2800m;5.00;150;150;10.33;24.35
1500.00;1800.00;2196.00;25.23;E0_1_2800m;5.00;183;183;12.09;25.41
1500.00;1800.00;1776.00;23.45;E0_0_2900m;5.00;148;148;10.52;23.57
1500.00;1800.00;2196.00;24.44;E0_1_2900m;5.00;183;183;12.48;24.61
1500.00;1800.00;1776.00;22.26;E0_0_3000m;5.00;148;149;11.08;22.33
1500.00;1800.00;2220.00;23.08;E0_1_3000m;5.00;185;184;13.29;23.19
1500.00;1800.00;1800.00;22.09;E0_0_3100m;5.00;150;150;11.32;22.13
1500.00;1800.00;2196.00;22.81;E0_1_3100m;5.00;183;182;13.36;22.86
1500.00;1800.00;1884.00;22.23;E0_0_3200m;5.00;157;156;11.77;22.24
1500.00;1800.00;2124.00;22.75;E0_1_3200m;5.00;177;177;12.97;22.80
1500.00;1800.00;1872.00;22.29;E0_0_3300m;5.00;156;157;11.74;22.30
1500.00;1800.00;2100.00;22.69;E0_1_3300m;5.00;175;176;12.86;22.73
1500.00;1800.00;1860.00;22.34;E0_0_3400m;5.00;155;155;11.56;22.35
1500.00;1800.00;2112.00;22.62;E0_1_3400m;5.00;176;177;12.98;22.65
1500.00;1800.00;1860.00;22.26;E0_0_3500m;5.00;155;155;11.60;22.27
1500.00;1800.00;2088.00;22.53;E0_1_3500m;5.00;174;174;12.87;22.54
1500.00;1800.00;1872.00;22.14;E0_0_3600m;5.00;156;156;11.75;22.16
1500.00;1800.00;2064.00;22.57;E0_1_3600m;5.00;172;172;12.70;22.59
1500.00;1800.00;1836.00;22.16;E0_0_3700m;5.00;153;154;11.53;22.18
1500.00;1800.00;2088.00;22.66;E0_1_3700m;5.00;174;174;12.80;22.69
1500.00;1800.00;1860.00;22.27;E0_0_3800m;5.00;155;155;11.60;22.28
1500.00;1800.00;2064.00;22.77;E0_1_3800m;5.00;172;172;12.59;22.85
1500.00;1800.00;1836.00;22.37;E0_0_3900m;5.00;153;153;11.40;22.38
1500.00;1800.00;2064.00;23.10;E0_1_3900m;5.00;172;172;12.41;23.22
1500.00;1800.00;1836.00;23.33;E0_0_4000m;5.00;153;153;10.93;23.40
1500.00;1800.00;2040.00;24.58;E0_1_4000m;5.00;170;171;11.56;24.73
1500.00;1800.00;1788.00;25.76;E0_0_4100m;5.00;149;149;9.64;25.88
1500.00;1800.00;2088.00;27.33;E0_1_4100m;5.00;174;173;10.59;27.43
1500.00;1800.00;1788.00;25.74;E0_0_4200m;5.00;149;148;9.62;25.88
1500.00;1800.00;2088.00;27.65;E0_1_4200m;5.00;174;175;10.49;27.77
1500.00;1800.00;1788.00;25.72;E0_0_4300m;5.00;149;149;9.66;25.88
1500.00;1800.00;2076.00;27.60;E0_1_4300m;5.00;173;174;10.50;27.72
1500.00;1800.00;1764.00;25.57;E0_0_4400m;5.00;147;147;9.58;25.71
1500.00;1800.00;2100.00;27.61;E0_1_4400m;5.00;175;175;10.57;27.72
1500.00;1800.00;1788.00;25.57;E0_0_4500m;5.00;149;149;9.71;25.71
1500.00;1800.00;2112.00;27.60;E0_1_4500m;5.00;176;176;10.63;27.71
1500.00;1800.00;1776.00;25.56;E0_0_4600m;5.00;148;149;9.67;25.72
1500.00;1800.00;2100.00;27.53;E0_1_4600m;5.00;175;176;10.63;27.61
1500.00;1800.00;1788.00;25.52;E0_0_4700m;5.00;149;149;9.73;25.66
1500.00;1800.00;2124.00;27.41;E0_1_4700m;5.00;177;177;10.76;27.50
1500.00;1800.00;1812.00;25.43;E0_0_4800m;5.00;151;151;9.90;25.56
1500.00;1800.00;2136.00;27.43;E0_1_4800m;5.00;178;178;10.81;27.52
1500.00;1800.00;1824.00;25.39;E0_0_4900m;5.00;152;152;9.98;25.52
1500.00;1800.00;2172.00;27.46;E0_1_4900m;5.00;181;181;10.99;27.54
1500.00;1800.00;1860.00;25.50;E0_0_5000m;5.00;155;155;10.13;25.63
1500.00;1800.00;2160.00;27.44;E0_1_5000m;5.00;180;180;10.93;27.55
1800.00;2100.00;0.00;-1.00;E0_0_0m;-1.00;0;0;0.00;-1.00
1800.00;2100.00;0.00;-1.00;E0_1_0m;-1.00;0;0;0.00;-1.00
1800.00;2100.00;1668.00;26.10;E0_0_100m;5.00;139;140;8.90;26.34
1800.00;2100.00;2196.00;27.47;E0_1_100m;5.00;183;183;11.10;27.63
1800.00;2100.00;1740.00;26.10;E0_0_200m;5.00;145;145;9.26;26.33
1800.00;2100.00;2160.00;28.08;E0_1_200m;5.00;180;180;10.68;28.29
1800.00;2100.00;1752.00;26.15;E0_0_300m;5.00;146;147;9.31;26.35
1800.00;2100.00;2172.00;28.07;E0_1_300m;5.00;181;180;10.70;28.33
1800.00;2100.00;1740.00;26.11;E0_0_400m;5.00;145;145;9.25;26.32
1800.00;2100.00;2160.00;28.08;E0_1_400m;5.00;180;180;10.68;28.32
1800.00;2100.00;1740.00;25.98;E0_0_500m;5.00;145;146;9.34;26.19
1800.00;2100.00;2184.00;27.95;E0_1_500m;5.00;182;182;10.85;28.20
1800.00;2100.00;1764.00;25.96;E0_0_600m;5.00;147;147;9.44;26.15
1800.00;2100.00;2160.00;27.79;E0_1_600m;5.00;180;180;10.80;28.06
1800.00;2100.00;1788.00;25.91;E0_0_700m;5.00;149;149;9.59;26.08
1800.00;2100.00;2172.00;27.58;E0_1_700m;5.00;181;181;10.94;27.85
1800.00;2100.00;1800.00;25.76;E0_0_800m;5.00;150;150;9.70;25.92
1800.00;2100.00;2172.00;27.49;E0_1_800m;5.00;181;182;11.00;27.76
1800.00;2100.00;1836.00;25.67;E0_0_900m;5.00;153;153;9.94;25.83
1800.00;2100.00;2208.00;27.27;E0_1_900m;5.00;184;184;11.25;27.55
1800.00;2100.00;1812.00;25.52;E0_0_1000m;5.00;151;151;9.86;25.68
1800.00;2100.00;2220.00;27.07;E0_1_1000m;5.00;185;185;11.39;27.36
1800.00;2100.00;1800.00;25.27;E0_0_1100m;5.00;150;151;9.90;25.43
1800.00;2100.00;2244.00;26.90;E0_1_1100m;5.00;187;187;11.59;27.19
1800.00;2100.00;1836.00;25.21;E0_0_1200m;5.00;153;154;10.12;25.36
1800.00;2100.00;2244.00;26.76;E0_1_1200m;5.00;187;187;11.65;27.03
1800.00;2100.00;1860.00;25.11;E0_0_1300m;5.00;155;155;10.29;25.25
1800.00;2100.00;2244.00;26.49;E0_1_1300m;5.00;187;187;11.76;26.76
1800.00;2100.00;1860.00;25.09;E0_0_1400m;5.00;155;155;10.30;25.24
1800.00;2100.00;2256.00;26.29;E0_1_1400m;5.00;188;188;11.92;26.56
1800.00;2100.00;1872.00;25.02;E0_0_1500m;5.00;156;156;10.39;25.17
1800.00;2100.00;2268.00;26.22;E0_1_1500m;5.00;189;189;12.02;26.51
1800.00;2100.00;1884.00;24.96;E0_0_1600m;5.00;157;157;10.48;25.11
1800.00;2100.00;2256.00;26.15;E0_1_1600m;5.00;188;188;11.98;26.45
1800.00;2100.00;1884.00;24.82;E0_0_1700m;5.00;157;157;10.54;24.97
1800.00;2100.00;2232.00;26.14;E0_1_1700m;5.00;186;186;11.86;26.46
1800.00;2100.00;1860.00;24.78;E0_0_1800m;5.00;155;155;10.42;24.93
1800.00;2100.00;2220.00;26.09;E0_1_1800m;5.00;185;185;11.82;26.43
1800.00;2100.00;1848.00;24.75;E0_0_1900m;5.00;154;153;10.33;24.90
1800.00;2100.00;2196.00;26.05;E0_1_1900m;5.00;183;184;11.76;26.40
1800.00;2100.00;1848.00;24.67;E0_0_2000m;5.00;154;154;10.40;24.81
1800.00;2100.00;2220.00;25.99;E0_1_2000m;5.00;185;184;11.82;26.33
1800.00;2100.00;1860.00;24.59;E0_0_2100m;5.00;155;155;10.50;24.73
1800.00;2100.00;2232.00;25.94;E0_1_2100m;5.00;186;187;11.99;26.27
1800.00;2100.00;1872.00;24.58;E0_0_2200m;5.00;156;156;10.58;24.71
1800.00;2100.00;2220.00;25.76;E0_1_2200m;5.00;185;185;11.97;26.08
1800.00;2100.00;1836.00;24.43;E0_0_2300m;5.00;153;153;10.44;24.56
1800.00;2100.00;2244.00;25.50;E0_1_2300m;5.00;187;188;12.27;25.78
1800.00;2100.00;1848.00;24.31;E0_0_2400m;5.00;154;154;10.56;24.43
1800.00;2100.00;2280.00;25.28;E0_1_2400m;5.00;190;190;12.53;25.55
1800.00;2100.00;1884.00;24.17;E0_0_2500m;5.00;157;156;10.82;24.28
1800.00;2100.00;2304.00;25.14;E0_1_2500m;5.00;192;192;12.73;25.43
1800.00;2100.00;1920.00;24.02;E0_0_2600m;5.00;160;160;11.10;24.13
1800.00;2100.00;2316.00;24.85;E0_1_2600m;5.00;193;192;12.92;25.12
1800.00;2100.00;1932.00;23.83;E0_0_2700m;5.00;161;161;11.26;23.92
1800.00;2100.00;2316.00;24.38;E0_1_2700m;5.00;193;193;13.20;24.58
1800.00;2100.00;1932.00;23.38;E0_0_2800m;5.00;161;161;11.48;23.44
1800.00;2100.00;2316.00;23.79;E0_1_2800m;5.00;193;193;13.52;23.91
1800.00;2100.00;1932.00;22.71;E0_0_2900m;5.00;161;162;11.84;22.77
1800.00;2100.00;2316.00;23.25;E0_1_2900m;5.00;193;193;13.84;23.32
1800.00;2100.00;1932.00;21.89;E0_0_3000m;5.00;161;162;12.33;21.95
1800.00;2100.00;2328.00;22.72;E0_1_3000m;5.00;194;194;14.23;22.83
1800.00;2100.00;1944.00;21.80;E0_0_3100m;5.00;162;162;12.38;21.86
1800.00;2100.00;2316.00;22.55;E0_1_3100m;5.00;193;193;14.27;22.56
1800.00;2100.00;1956.00;21.95;E0_0_3200m;5.00;163;163;12.38;21.98
1800.00;2100.00;2280.00;22.50;E0_1_3200m;5.00;190;190;14.07;22.51
1800.00;2100.00;1968.00;21.83;E0_0_3300m;5.00;164;163;12.44;21.86
1800.00;2100.00;2292.00;22.42;E0_1_3300m;5.00;191;190;14.19;22.42
1800.00;2100.00;1968.00;21.82;E0_0_3400m;5.00;164;164;12.53;21.85
1800.00;2100.00;2292.00;22.38;E0_1_3400m;5.00;191;190;14.21;22.38
1800.00;2100.00;1968.00;21.89;E0_0_3500m;5.00;164;165;12.54;21.92
1800.00;2100.00;2292.00;22.40;E0_1_3500m;5.00;191;191;14.21;22.42
1800.00;2100.00;1956.00;21.97;E0_0_3600m;5.00;163;163;12.36;22.00
1800.00;2100.00;2304.00;22.38;E0_1_3600m;5.00;192;192;14.30;22.38
1800.00;2100.00;1956.00;22.11;E0_0_3700m;5.00;163;163;12.29;22.17
1800.00;2100.00;2304.00;22.35;E0_1_3700m;5.00;192;193;14.38;22.35
1800.00;2100.00;2004.00;22.16;E0_0_3800m;5.00;167;167;12.56;22.17
1800.00;2100.00;2292.00;22.42;E0_1_3800m;5.00;191;191;14.20;22.43
1800.00;2100.00;2004.00;22.26;E0_0_3900m;5.00;167;167;12.51;22.27
1800.00;2100.00;2340.00;22.55;E0_1_3900m;5.00;195;195;14.41;22.58
1800.00;2100.00;2016.00;22.97;E0_0_4000m;5.00;168;168;12.19;23.03
1800.00;2100.00;2340.00;23.32;E0_1_4000m;5.00;195;195;13.94;23.39
1800.00;2100.00;2016.00;24.20;E0_0_4100m;5.00;168;168;11.57;24.36
1800.00;2100.00;2352.00;24.59;E0_1_4100m;5.00;196;196;13.29;24.76
1800.00;2100.00;2028.00;24.33;E0_0_4200m;5.00;169;170;11.61;24.50
1800.00;2100.00;2340.00;24.67;E0_1_4200m;5.00;195;194;13.17;24.88
1800.00;2100.00;2040.00;24.37;E0_0_4300m;5.00;170;170;11.63;24.54
1800.00;2100.00;2352.00;24.71;E0_1_4300m;5.00;196;196;13.23;24.92
1800.00;2100.00;2052.00;24.36;E0_0_4400m;5.00;171;171;11.70;24.50
1800.00;2100.00;2352.00;24.68;E0_1_4400m;5.00;196;196;13.24;24.88
1800.00;2100.00;2028.00;24.32;E0_0_4500m;5.00;169;169;11.58;24.44
1800.00;2100.00;2316.00;24.67;E0_1_4500m;5.00;193;194;13.11;24.86
1800.00;2100.00;2004.00;24.27;E0_0_4600m;5.00;167;166;11.45;24.38
1800.00;2100.00;2340.00;24.66;E0_1_4600m;5.00;195;195;13.18;24.84
1800.00;2100.00;1956.00;24.27;E0_0_4700m;5.00;163;163;11.19;24.37
1800.00;2100.00;2316.00;24.72;E0_1_4700m;5.00;193;193;13.01;24.90
1800.00;2100.00;1920.00;24.31;E0_0_4800m;5.00;160;160;10.97;24.40
1800.00;2100.00;2304.00;24.77;E0_1_4800m;5.00;192;192;12.92;24.94
1800.00;2100.00;1896.00;24.38;E0_0_4900m;5.00;158;159;10.81;24.48
1800.00;2100.00;2268.00;24.81;E0_1_4900m;5.00;189;189;12.69;25.01
1800.00;2100.00;1872.00;24.43;E0_0_5000m;5.00;156;156;10.64;24.54
1800.00;2100.00;2268.00;24.92;E0_1_5000m;5.00;189;189;12.64;25.11
2100.00;2400.00;0.00;-1.00;E0_0_0m;-1.00;0;0;0.00;-1.00
2100.00;2400.00;0.00;-1.00;E0_1_0m;-1.00;0;0;0.00;-1.00
2100.00;2400.00;1980.00;25.96;E0_0_100m;5.00;165;165;10.59;26.13
2100.00;2400.00;2124.00;27.62;E0_1_100m;5.00;177;177;10.68;27.78
2100.00;2400.00;1992.00;25.84;E0_0_200m;5.00;166;166;10.71;26.03
2100.00;2400.00;2100.00;28.01;E0_1_200m;5.00;175;176;10.48;28.23
2100.00;2400.00;1956.00;25.64;E0_0_300m;5.00;163;164;10.62;25.84
2100.00;2400.00;2124.00;27.80;E0_1_300m;5.00;177;177;10.61;28.01
2100.00;2400.00;1956.00;25.54;E0_0_400m;5.00;163;163;10.64;25.72
2100.00;2400.00;2148.00;27.52;E0_1_400m;5.00;179;179;10.84;27.72
2100.00;2400.00;1956.00;25.47;E0_0_500m;5.00;163;162;10.63;25.65
2100.00;2400.00;2160.00;27.28;E0_1_500m;5.00;180;180;11.00;27.47
2100.00;2400.00;1944.00;25.40;E0_0_600m;5.00;162;164;10.69;25.56
2100.00;2400.00;2172.00;27.14;E0_1_600m;5.00;181;181;11.12;27.33
2100.00;2400.00;1896.00;25.26;E0_0_700m;5.00;158;158;10.42;25.43
2100.00;2400.00;2208.00;27.13;E0_1_700m;5.00;184;184;11.31;27.29
2100.00;2400.00;1848.00;25.32;E0_0_800m;5.00;154;154;10.14;25.49
2100.00;2400.00;2256.00;27.11;E0_1_800m;5.00;188;187;11.53;27.26
2100.00;2400.00;1812.00;25.34;E0_0_900m;5.00;151;152;9.94;25.52
2100.00;2400.00;2220.00;27.13;E0_1_900m;5.00;185;186;11.42;27.27
2100.00;2400.00;1788.00;25.31;E0_0_1000m;5.00;149;150;9.84;25.48
2100.00;2400.00;2232.00;27.06;E0_1_1000m;5.00;186;186;11.46;27.22
2100.00;2400.00;1776.00;25.24;E0_0_1100m;5.00;148;147;9.77;25.41
2100.00;2400.00;2220.00;27.18;E0_1_1100m;5.00;185;185;11.34;27.35
2100.00;2400.00;1764.00;25.20;E0_0_1200m;5.00;147;146;9.72;25.37
2100.00;2400.00;2196.00;27.25;E0_1_1200m;5.00;183;183;11.19;27.42
2100.00;2400.00;1740.00;25.23;E0_0_1300m;5.00;145;145;9.58;25.38
2100.00;2400.00;2232.00;27.30;E0_1_1300m;5.00;186;186;11.35;27.45
2100.00;2400.00;1728.00;25.13;E0_0_1400m;5.00;144;144;9.55;25.27
2100.00;2400.00;2208.00;27.38;E0_1_1400m;5.00;184;184;11.20;27.51
2100.00;2400.00;1752.00;25.09;E0_0_1500m;5.00;146;147;9.70;25.23
2100.00;2400.00;2184.00;27.35;E0_1_1500m;5.00;182;182;11.09;27.47
2100.00;2400.00;1740.00;25.04;E0_0_1600m;5.00;145;145;9.65;25.18
2100.00;2400.00;2208.00;27.24;E0_1_1600m;5.00;184;185;11.28;27.34
2100.00;2400.00;1716.00;25.06;E0_0_1700m;5.00;143;143;9.51;25.20
2100.00;2400.00;2256.00;27.14;E0_1_1700m;5.00;188;188;11.54;27.23
2100.00;2400.00;1740.00;25.05;E0_0_1800m;5.00;145;146;9.70;25.19
2100.00;2400.00;2244.00;27.22;E0_1_1800m;5.00;187;187;11.45;27.36
2100.00;2400.00;1776.00;25.03;E0_0_1900m;5.00;148;148;9.85;25.17
2100.00;2400.00;2232.00;27.14;E0_1_1900m;5.00;186;185;11.37;27.23
2100.00;2400.00;1812.00;24.99;E0_0_2000m;5.00;151;152;10.11;25.12
2100.00;2400.00;2172.00;27.05;E0_1_2000m;5.00;181;181;11.15;27.14
2100.00;2400.00;1812.00;24.90;E0_0_2100m;5.00;151;151;10.11;25.04
2100.00;2400.00;2136.00;26.88;E0_1_2100m;5.00;178;178;11.04;26.96
2100.00;2400.00;1800.00;24.80;E0_0_2200m;5.00;150;150;10.08;24.94
2100.00;2400.00;2160.00;26.74;E0_1_2200m;5.00;180;180;11.22;26.82
2100.00;2400.00;1836.00;24.74;E0_0_2300m;5.00;153;153;10.31;24.87
2100.00;2400.00;2136.00;26.66;E0_1_2300m;5.00;178;178;11.10;26.75
2100.00;2400.00;1812.00;24.75;E0_0_2400m;5.00;151;152;10.23;24.87
2100.00;2400.00;2100.00;26.50;E0_1_2400m;5.00;175;176;11.06;26.59
2100.00;2400.00;1788.00;24.78;E0_0_2500m;5.00;149;149;10.02;24.88
2100.00;2400.00;2088.00;26.26;E0_1_2500m;5.00;174;174;11.04;26.35
2100.00;2400.00;1764.00;24.55;E0_0_2600m;5.00;147;147;9.98;24.67
2100.00;2400.00;2064.00;26.01;E0_1_2600m;5.00;172;172;11.02;26.11
2100.00;2400.00;1752.00;24.21;E0_0_2700m;5.00;146;146;10.05;24.34
2100.00;2400.00;2100.00;25.61;E0_1_2700m;5.00;175;175;11.39;25.72
2100.00;2400.00;1764.00;23.83;E0_0_2800m;5.00;147;147;10.28;23.95
2100.00;2400.00;2148.00;25.05;E0_1_2800m;5.00;179;179;11.91;25.16
2100.00;2400.00;1800.00;23.17;E0_0_2900m;5.00;150;149;10.77;23.28
2100.00;2400.00;2160.00;24.27;E0_1_2900m;5.00;180;180;12.36;24.40
2100.00;2400.00;1788.00;22.03;E0_0_3000m;5.00;149;149;11.27;22.12
2100.00;2400.00;2160.00;23.21;E0_1_3000m;5.00;180;180;12.93;23.30
2100.00;2400.00;1788.00;21.97;E0_0_3100m;5.00;149;151;11.37;22.03
2100.00;2400.00;2136.00;22.85;E0_1_3100m;5.00;178;179;13.04;22.92
2100.00;2400.00;1812.00;22.20;E0_0_3200m;5.00;151;151;11.34;22.22
2100.00;2400.00;2124.00;22.88;E0_1_3200m;5.00;177;177;12.89;22.98
2100.00;2400.00;1848.00;22.27;E0_0_3300m;5.00;154;154;11.53;22.28
2100.00;2400.00;2088.00;22.93;E0_1_3300m;5.00;174;174;12.65;23.05
2100.00;2400.00;1848.00;22.30;E0_0_3400m;5.00;154;154;11.51;22.31
2100.00;2400.00;2088.00;22.83;E0_1_3400m;5.00;174;174;12.70;22.92
2100.00;2400.00;1848.00;22.26;E0_0_3500m;5.00;154;154;11.53;22.27
2100.00;2400.00;2100.00;22.73;E0_1_3500m;5.00;175;175;12.83;22.80
2100.00;2400.00;1872.00;22.20;E0_0_3600m;5.00;156;156;11.71;22.22
2100.00;2400.00;2100.00;22.66;E0_1_3600m;5.00;175;175;12.87;22.71
2100.00;2400.00;1872.00;22.16;E0_0_3700m;5.00;156;157;11.77;22.18
2100.00;2400.00;2100.00;22.64;E0_1_3700m;5.00;175;175;12.88;22.70
2100.00;2400.00;1872.00;22.17;E0_0_3800m;5.00;156;157;11.79;22.19
2100.00;2400.00;2052.00;22.65;E0_1_3800m;5.00;171;172;12.61;22.70
2100.00;2400.00;1848.00;22.14;E0_0_3900m;5.00;154;154;11.59;22.18
2100.00;2400.00;2028.00;22.86;E0_1_3900m;5.00;169;169;12.32;22.94
2100.00;2400.00;1800.00;23.73;E0_0_4000m;5.00;150;151;10.58;23.85
2100.00;2400.00;2076.00;24.91;E0_1_4000m;5.00;173;172;11.54;25.07
2100.00;2400.00;1740.00;26.40;E0_0_4100m;5.00;145;146;9.17;26.58
2100.00;2400.00;2124.00;28.20;E0_1_4100m;5.00;177;177;10.46;28.31
2100.00;2400.00;1680.00;26.41;E0_0_4200m;5.00;140;140;8.81;26.61
2100.00;2400.00;2184.00;28.45;E0_1_4200m;5.00;182;182;10.66;28.60
2100.00;2400.00;1704.00;26.28;E0_0_4300m;5.00;142;142;9.01;26.47
2100.00;2400.00;2136.00;28.30;E0_1_4300m;5.00;178;177;10.42;28.48
2100.00;2400.00;1668.00;26.07;E0_0_4400m;5.00;139;139;8.89;26.26
2100.00;2400.00;2172.00;28.01;E0_1_4400m;5.00;181;181;10.77;28.23
2100.00;2400.00;1644.00;25.98;E0_0_4500m;5.00;137;138;8.85;26.15
2100.00;2400.00;2184.00;27.59;E0_1_4500m;5.00;182;181;10.92;27.84
2100.00;2400.00;1656.00;25.84;E0_0_4600m;5.00;138;138;8.90;26.01
2100.00;2400.00;2172.00;27.38;E0_1_4600m;5.00;181;181;11.02;27.62
2100.00;2400.00;1728.00;25.74;E0_0_4700m;5.00;144;144;9.32;25.90
2100.00;2400.00;2160.00;27.17;E0_1_4700m;5.00;180;180;11.04;27.42
2100.00;2400.00;1752.00;25.61;E0_0_4800m;5.00;146;146;9.50;25.76
2100.00;2400.00;2184.00;27.10;E0_1_4800m;5.00;182;182;11.19;27.35
2100.00;2400.00;1764.00;25.57;E0_0_4900m;5.00;147;147;9.61;25.72
2100.00;2400.00;2220.00;27.10;E0_1_4900m;5.00;185;186;11.39;27.33
2100.00;2400.00;1776.00;25.65;E0_0_5000m;5.00;148;148;9.62;25.79
2100.00;2400.00;2244.00;27.11;E0_1_5000m;5.00;187;187;11.50;27.31
2400.00;2700.00;0.00;-1.00;E0_0_0m;-1.00;0;0;0.00;-1.00
2400.00;2700.00;0.00;-1.00;E0_1_0m;-1.00;0;0;0.00;-1.00
2400.00;2700.00;2064.00;24.67;E0_0_100m;5.00;172;173;11.67;24.85
2400.00;2700.00;2412.00;26.42;E0_1_100m;5.00;201;202;12.74;26.56
2400.00;2700.00;2028.00;24.96;E0_0_200m;5.00;169;170;11.29;25.16
2400.00;2700.00;2448.00;26.55;E0_1_200m;5.00;204;203;12.74;26.71
2400.00;2700.00;1992.00;24.81;E0_0_300m;5.00;166;166;11.15;24.99
2400.00;2700.00;2472.00;26.37;E0_1_300m;5.00;206;206;13.02;26.49
2400.00;2700.00;1944.00;24.72;E0_0_400m;5.00;162;162;10.92;24.89
2400.00;2700.00;2508.00;26.18;E0_1_400m;5.00;209;209;13.30;26.30
2400.00;2700.00;1968.00;24.77;E0_0_500m;5.00;164;164;11.03;24.95
2400.00;2700.00;2472.00;26.13;E0_1_500m;5.00;206;207;13.19;26.24
2400.00;2700.00;2004.00;24.64;E0_0_600m;5.00;167;167;11.30;24.81
2400.00;2700.00;2460.00;26.00;E0_1_600m;5.00;205;205;13.14;26.12
2400.00;2700.00;2004.00;24.52;E0_0_700m;5.00;167;167;11.35;24.69
2400.00;2700.00;2448.00;25.94;E0_1_700m;5.00;204;204;13.11;26.06
2400.00;2700.00;2016.00;24.63;E0_0_800m;5.00;168;168;11.37;24.77
2400.00;2700.00;2448.00;25.85;E0_1_800m;5.00;204;204;13.15;25.99
2400.00;2700.00;2040.00;24.57;E0_0_900m;5.00;170;169;11.52;24.70
2400.00;2700.00;2448.00;25.81;E0_1_900m;5.00;204;203;13.12;25.96
2400.00;2700.00;2016.00;24.66;E0_0_1000m;5.00;168;168;11.35;24.79
2400.00;2700.00;2448.00;25.74;E0_1_1000m;5.00;204;204;13.21;25.90
2400.00;2700.00;2028.00;24.63;E0_0_1100m;5.00;169;169;11.44;24.75
2400.00;2700.00;2436.00;25.70;E0_1_1100m;5.00;203;203;13.16;25.86
2400.00;2700.00;2028.00;24.59;E0_0_1200m;5.00;169;169;11.46;24.69
2400.00;2700.00;2436.00;25.54;E0_1_1200m;5.00;203;203;13.25;25.68
2400.00;2700.00;2016.00;24.41;E0_0_1300m;5.00;168;168;11.47;24.52
2400.00;2700.00;2400.00;25.48;E0_1_1300m;5.00;200;200;13.08;25.60
2400.00;2700.00;2016.00;24.36;E0_0_1400m;5.00;168;168;11.50;24.48
2400.00;2700.00;2388.00;25.51;E0_1_1400m;5.00;199;199;13.00;25.64
2400.00;2700.00;1992.00;24.42;E0_0_1500m;5.00;166;166;11.33;24.54
2400.00;2700.00;2388.00;25.48;E0_1_1500m;5.00;199;199;13.02;25.59
2400.00;2700.00;1968.00;24.33;E0_0_1600m;5.00;164;164;11.24;24.45
2400.00;2700.00;2388.00;25.48;E0_1_1600m;5.00;199;198;12.99;25.58
2400.00;2700.00;1944.00;24.14;E0_0_1700m;5.00;162;163;11.19;24.28
2400.00;2700.00;2388.00;25.53;E0_1_1700m;5.00;199;199;12.99;25.63
2400.00;2700.00;1944.00;24.22;E0_0_1800m;5.00;162;163;11.20;24.36
2400.00;2700.00;2364.00;25.64;E0_1_1800m;5.00;197;197;12.81;25.73
2400.00;2700.00;1920.00;24.35;E0_0_1900m;5.00;160;160;10.95;24.47
2400.00;2700.00;2352.00;25.72;E0_1_1900m;5.00;196;196;12.70;25.81
2400.00;2700.00;1896.00;24.46;E0_0_2000m;5.00;158;157;10.73;24.58
2400.00;2700.00;2364.00;25.74;E0_1_2000m;5.00;197;197;12.76;25.82
2400.00;2700.00;1872.00;24.31;E0_0_2100m;5.00;156;156;10.70;24.43
2400.00;2700.00;2364.00;25.62;E0_1_2100m;5.00;197;196;12.77;25.69
2400.00;2700.00;1872.00;24.18;E0_0_2200m;5.00;156;156;10.75;24.32
2400.00;2700.00;2328.00;25.34;E0_1_2200m;5.00;194;194;12.76;25.43
2400.00;2700.00;1884.00;23.98;E0_0_2300m;5.00;157;157;10.91;24.14
2400.00;2700.00;2304.00;24.93;E0_1_2300m;5.00;192;192;12.83;25.06
2400.00;2700.00;1872.00;23.60;E0_0_2400m;5.00;156;155;10.96;23.80
2400.00;2700.00;2316.00;24.43;E0_1_2400m;5.00;193;192;13.11;24.61
2400.00;2700.00;1848.00;23.24;E0_0_2500m;5.00;154;155;11.10;23.49
2400.00;2700.00;2304.00;23.87;E0_1_2500m;5.00;192;192;13.40;24.13
2400.00;2700.00;1848.00;22.80;E0_0_2600m;5.00;154;154;11.26;23.11
2400.00;2700.00;2304.00;23.32;E0_1_2600m;5.00;192;192;13.72;23.65
2400.00;2700.00;1824.00;22.06;E0_0_2700m;5.00;152;153;11.50;22.40
2400.00;2700.00;2256.00;22.50;E0_1_2700m;5.00;188;189;13.97;22.87
2400.00;2700.00;1788.00;20.82;E0_0_2800m;5.00;149;149;11.93;21.10
2400.00;2700.00;2232.00;21.29;E0_1_2800m;5.00;186;186;14.56;21.62
2400.00;2700.00;1740.00;19.27;E0_0_2900m;5.00;145;145;12.54;19.44
2400.00;2700.00;2232.00;19.76;E0_1_2900m;5.00;186;186;15.69;19.99
2400.00;2700.00;1740.00;17.76;E0_0_3000m;5.00;145;146;13.62;17.94
2400.00;2700.00;2208.00;18.24;E0_1_3000m;5.00;184;185;16.91;18.33
2400.00;2700.00;1812.00;17.60;E0_0_3100m;5.00;151;150;14.27;17.62
2400.00;2700.00;2148.00;18.16;E0_1_3100m;5.00;179;178;16.37;18.21
2400.00;2700.00;1848.00;17.71;E0_0_3200m;5.00;154;154;14.50;17.72
2400.00;2700.00;2112.00;18.14;E0_1_3200m;5.00;176;176;16.17;18.18
2400.00;2700.00;1872.00;17.74;E0_0_3300m;5.00;156;156;14.66;17.74
2400.00;2700.00;2124.00;18.08;E0_1_3300m;5.00;177;177;16.31;18.11
2400.00;2700.00;1896.00;17.75;E0_0_3400m;5.00;158;158;14.83;17.77
2400.00;2700.00;2100.00;18.08;E0_1_3400m;5.00;175;175;16.13;18.12
2400.00;2700.00;1872.00;17.74;E0_0_3500m;5.00;156;156;14.66;17.75
2400.00;2700.00;2124.00;17.99;E0_1_3500m;5.00;177;177;16.40;18.00
2400.00;2700.00;1836.00;17.77;E0_0_3600m;5.00;153;153;14.35;17.77
2400.00;2700.00;2124.00;17.94;E0_1_3600m;5.00;177;177;16.44;17.94
2400.00;2700.00;1848.00;17.83;E0_0_3700m;5.00;154;153;14.36;17.84
2400.00;2700.00;2124.00;17.90;E0_1_3700m;5.00;177;177;16.48;17.90
2400.00;2700.00;1848.00;17.80;E0_0_3800m;5.00;154;153;14.36;17.81
2400.00;2700.00;2124.00;17.96;E0_1_3800m;5.00;177;177;16.46;17.97
2400.00;2700.00;1860.00;17.79;E0_0_3900m;5.00;155;155;14.52;17.81
2400.00;2700.00;2112.00;18.39;E0_1_3900m;5.00;176;176;15.95;18.47
2400.00;2700.00;1812.00;19.52;E0_0_4000m;5.00;151;151;12.89;19.70
2400.00;2700.00;2136.00;21.21;E0_1_4000m;5.00;178;178;13.98;21.55
2400.00;2700.00;1752.00;25.96;E0_0_4100m;5.00;146;147;9.44;26.08
2400.00;2700.00;2208.00;26.84;E0_1_4100m;5.00;184;184;11.42;26.95
2400.00;2700.00;1776.00;26.55;E0_0_4200m;5.00;148;147;9.29;26.73
2400.00;2700.00;2184.00;27.80;E0_1_4200m;5.00;182;182;10.91;27.97
2400.00;2700.00;1800.00;26.18;E0_0_4300m;5.00;150;150;9.55;26.36
2400.00;2700.00;2184.00;27.79;E0_1_4300m;5.00;182;183;10.92;27.98
2400.00;2700.00;1824.00;25.98;E0_0_4400m;5.00;152;152;9.75;26.15
2400.00;2700.00;2148.00;27.61;E0_1_4400m;5.00;179;179;10.81;27.80
2400.00;2700.00;1812.00;25.86;E0_0_4500m;5.00;151;150;9.68;26.01
2400.00;2700.00;2196.00;27.45;E0_1_4500m;5.00;183;183;11.11;27.64
2400.00;2700.00;1824.00;25.49;E0_0_4600m;5.00;152;152;9.94;25.65
2400.00;2700.00;2196.00;27.41;E0_1_4600m;5.00;183;183;11.13;27.60
2400.00;2700.00;1800.00;25.39;E0_0_4700m;5.00;150;150;9.85;25.53
2400.00;2700.00;2196.00;27.25;E0_1_4700m;5.00;183;183;11.19;27.43
2400.00;2700.00;1776.00;25.52;E0_0_4800m;5.00;148;148;9.67;25.63
2400.00;2700.00;2184.00;27.20;E0_1_4800m;5.00;182;182;11.15;27.38
2400.00;2700.00;1764.00;25.55;E0_0_4900m;5.00;147;147;9.59;25.65
2400.00;2700.00;2160.00;27.21;E0_1_4900m;5.00;180;179;11.01;27.39
2400.00;2700.00;1704.00;25.49;E0_0_5000m;5.00;142;143;9.29;25.58
2400.00;2700.00;2160.00;27.27;E0_1_5000m;5.00;180;180;11.00;27.46
2700.00;3000.00;0.00;-1.00;E0_0_0m;-1.00;0;0;0.00;-1.00
2700.00;3000.00;0.00;-1.00;E0_1_0m;-1.00;0;0;0.00;-1.00
2700.00;3000.00;1860.00;23.14;E0_0_100m;5.00;155;157;11.28;23.55
2700.00;3000.00;2268.00;24.78;E0_1_100m;5.00;189;188;12.66;25.12
2700.00;3000.00;1872.00;23.22;E0_0_200m;5.00;156;155;11.19;23.77
2700.00;3000.00;2244.00;25.08;E0_1_200m;5.00;187;187;12.43;25.57
2700.00;3000.00;1824.00;23.15;E0_0_300m;5.00;152;153;11.03;23.65
2700.00;3000.00;2268.00;25.15;E0_1_300m;5.00;189;190;12.54;25.69
2700.00;3000.00;1824.00;23.23;E0_0_400m;5.00;152;152;10.91;23.68
2700.00;3000.00;2256.00;25.08;E0_1_400m;5.00;188;188;12.49;25.63
2700.00;3000.00;1788.00;23.32;E0_0_500m;5.00;149;149;10.65;23.78
2700.00;3000.00;2268.00;25.02;E0_1_500m;5.00;189;189;12.59;25.56
2700.00;3000.00;1728.00;23.45;E0_0_600m;5.00;144;144;10.23;23.92
2700.00;3000.00;2268.00;25.10;E0_1_600m;5.00;189;190;12.56;25.62
2700.00;3000.00;1764.00;23.40;E0_0_700m;5.00;147;147;10.47;23.92
2700.00;3000.00;2220.00;25.15;E0_1_700m;5.00;185;185;12.26;25.69
2700.00;3000.00;1740.00;23.51;E0_0_800m;5.00;145;146;10.35;23.97
2700.00;3000.00;2208.00;25.19;E0_1_800m;5.00;184;184;12.17;25.70
2700.00;3000.00;1752.00;23.77;E0_0_900m;5.00;146;146;10.24;24.14
2700.00;3000.00;2160.00;25.17;E0_1_900m;5.00;180;180;11.92;25.63
2700.00;3000.00;1740.00;23.84;E0_0_1000m;5.00;145;145;10.14;24.17
2700.00;3000.00;2172.00;25.21;E0_1_1000m;5.00;181;181;11.96;25.65
2700.00;3000.00;1740.00;23.87;E0_0_1100m;5.00;145;146;10.19;24.19
2700.00;3000.00;2148.00;25.33;E0_1_1100m;5.00;179;180;11.83;25.75
2700.00;3000.00;1752.00;23.95;E0_0_1200m;5.00;146;146;10.16;24.24
2700.00;3000.00;2124.00;25.30;E0_1_1200m;5.00;177;177;11.66;25.69
2700.00;3000.00;1752.00;24.01;E0_0_1300m;5.00;146;146;10.13;24.27
2700.00;3000.00;2124.00;25.37;E0_1_1300m;5.00;177;177;11.63;25.72
2700.00;3000.00;1776.00;24.16;E0_0_1400m;5.00;148;148;10.21;24.39
2700.00;3000.00;2100.00;25.41;E0_1_1400m;5.00;175;175;11.48;25.74
2700.00;3000.00;1776.00;24.17;E0_0_1500m;5.00;148;147;10.20;24.36
2700.00;3000.00;2088.00;25.46;E0_1_1500m;5.00;174;175;11.45;25.76
2700.00;3000.00;1788.00;24.05;E0_0_1600m;5.00;149;150;10.39;24.22
2700.00;3000.00;2076.00;25.28;E0_1_1600m;5.00;173;173;11.41;25.54
2700.00;3000.00;1788.00;23.76;E0_0_1700m;5.00;149;148;10.45;23.92
2700.00;3000.00;2076.00;25.13;E0_1_1700m;5.00;173;173;11.47;25.39
2700.00;3000.00;1776.00;23.60;E0_0_1800m;5.00;148;148;10.46;23.76
2700.00;3000.00;2064.00;25.01;E0_1_1800m;5.00;172;173;11.48;25.28
2700.00;3000.00;1764.00;23.44;E0_0_1900m;5.00;147;147;10.45;23.60
2700.00;3000.00;2076.00;24.84;E0_1_1900m;5.00;173;173;11.61;25.14
2700.00;3000.00;1764.00;23.13;E0_0_2000m;5.00;147;147;10.59;23.30
2700.00;3000.00;2064.00;24.63;E0_1_2000m;5.00;172;173;11.65;24.97
2700.00;3000.00;1800.00;22.73;E0_0_2100m;5.00;150;150;11.00;22.94
2700.00;3000.00;2100.00;24.23;E0_1_2100m;5.00;175;175;12.04;24.62
2700.00;3000.00;1812.00;22.30;E0_0_2200m;5.00;151;151;11.29;22.54
2700.00;3000.00;2160.00;23.72;E0_1_2200m;5.00;180;180;12.65;24.12
2700.00;3000.00;1836.00;22.05;E0_0_2300m;5.00;153;153;11.57;22.34
2700.00;3000.00;2208.00;23.20;E0_1_2300m;5.00;184;184;13.22;23.61
2700.00;3000.00;1872.00;21.64;E0_0_2400m;5.00;156;156;12.02;21.95
2700.00;3000.00;2244.00;22.62;E0_1_2400m;5.00;187;188;13.80;22.97
2700.00;3000.00;1896.00;21.01;E0_0_2500m;5.00;158;157;12.48;21.25
2700.00;3000.00;2232.00;21.77;E0_1_2500m;5.00;186;186;14.24;22.04
2700.00;3000.00;1920.00;20.37;E0_0_2600m;5.00;160;160;13.09;20.57
2700.00;3000.00;2232.00;20.88;E0_1_2600m;5.00;186;186;14.85;21.13
2700.00;3000.00;1956.00;19.71;E0_0_2700m;5.00;163;163;13.78;19.88
2700.00;3000.00;2280.00;20.15;E0_1_2700m;5.00;190;189;15.67;20.38
2700.00;3000.00;1992.00;19.04;E0_0_2800m;5.00;166;166;14.53;19.17
2700.00;3000.00;2316.00;19.46;E0_1_2800m;5.00;193;193;16.53;19.66
2700.00;3000.00;2004.00;18.36;E0_0_2900m;5.00;167;168;15.16;18.43
2700.00;3000.00;2304.00;18.70;E0_1_2900m;5.00;192;192;17.11;18.79
2700.00;3000.00;2016.00;17.63;E0_0_3000m;5.00;168;168;15.88;17.64
2700.00;3000.00;2316.00;18.04;E0_1_3000m;5.00;193;193;17.83;18.06
2700.00;3000.00;2028.00;17.42;E0_0_3100m;5.00;169;169;16.17;17.44
2700.00;3000.00;2292.00;17.99;E0_1_3100m;5.00;191;191;17.69;18.01
2700.00;3000.00;2040.00;17.45;E0_0_3200m;5.00;170;170;16.23;17.50
2700.00;3000.00;2256.00;17.97;E0_1_3200m;5.00;188;189;17.51;17.98
2700.00;3000.00;2016.00;17.34;E0_0_3300m;5.00;168;168;16.14;17.36
2700.00;3000.00;2256.00;17.93;E0_1_3300m;5.00;188;188;17.48;17.93
2700.00;3000.00;1992.00;17.30;E0_0_3400m;5.00;166;167;16.05;17.32
2700.00;3000.00;2256.00;17.90;E0_1_3400m;5.00;188;188;17.51;17.90
2700.00;3000.00;1992.00;17.41;E0_0_3500m;5.00;166;166;15.90;17.42
2700.00;3000.00;2232.00;17.88;E0_1_3500m;5.00;186;186;17.34;17.88
2700.00;3000.00;1980.00;17.53;E0_0_3600m;5.00;165;165;15.68;17.54
2700.00;3000.00;2256.00;17.87;E0_1_3600m;5.00;188;188;17.54;17.87
2700.00;3000.00;1968.00;17.58;E0_0_3700m;5.00;164;164;15.54;17.59
2700.00;3000.00;2244.00;17.86;E0_1_3700m;5.00;187;187;17.45;17.86
2700.00;3000.00;1956.00;17.54;E0_0_3800m;5.00;163;163;15.49;17.55
2700.00;3000.00;2244.00;17.87;E0_1_3800m;5.00;187;186;17.38;17.87
2700.00;3000.00;1956.00;17.49;E0_0_3900m;5.00;163;163;15.54;17.51
2700.00;3000.00;2244.00;18.09;E0_1_3900m;5.00;187;187;17.23;18.13
2700.00;3000.00;1944.00;19.13;E0_0_4000m;5.00;162;162;14.11;19.29
2700.00;3000.00;2268.00;20.50;E0_1_4000m;5.00;189;190;15.39;20.81
2700.00;3000.00;1920.00;25.70;E0_0_4100m;5.00;160;160;10.33;25.82
2700.00;3000.00;2328.00;26.83;E0_1_4100m;5.00;194;194;12.05;26.91
2700.00;3000.00;1932.00;26.26;E0_0_4200m;5.00;161;161;10.22;26.38
2700.00;3000.00;2328.00;27.73;E0_1_4200m;5.00;194;195;11.68;27.83
2700.00;3000.00;1920.00;26.18;E0_0_4300m;5.00;160;160;10.19;26.30
2700.00;3000.00;2340.00;27.60;E0_1_4300m;5.00;195;195;11.77;27.68
2700.00;3000.00;1896.00;26.11;E0_0_4400m;5.00;158;158;10.08;26.23
2700.00;3000.00;2364.00;27.49;E0_1_4400m;5.00;197;197;11.94;27.55
2700.00;3000.00;1896.00;25.83;E0_0_4500m;5.00;158;158;10.19;25.96
2700.00;3000.00;2352.00;27.43;E0_1_4500m;5.00;196;196;11.91;27.49
2700.00;3000.00;1896.00;25.49;E0_0_4600m;5.00;158;158;10.33;25.63
2700.00;3000.00;2352.00;27.39;E0_1_4600m;5.00;196;196;11.93;27.46
2700.00;3000.00;1920.00;25.33;E0_0_4700m;5.00;160;160;10.53;25.49
2700.00;3000.00;2328.00;27.29;E0_1_4700m;5.00;194;194;11.85;27.36
2700.00;3000.00;1944.00;25.16;E0_0_4800m;5.00;162;162;10.73;25.32
2700.00;3000.00;2364.00;27.12;E0_1_4800m;5.00;197;197;12.10;27.19
2700.00;3000.00;1956.00;25.03;E0_0_4900m;5.00;163;163;10.85;25.18
2700.00;3000.00;2400.00;26.95;E0_1_4900m;5.00;200;201;12.38;27.02
2700.00;3000.00;1968.00;24.76;E0_0_5000m;5.00;164;165;11.06;24.92
2700.00;3000.00;2400.00;26.83;E0_1_5000m;5.00;200;200;12.42;26.89
3000.00;3300.00;0.00;-1.00;E0_0_0m;-1.00;0;0;0.00;-1.00
3000.00;3300.00;0.00;-1.00;E0_1_0m;-1.00;0;0;0.00;-1.00
3000.00;3300.00;1980.00;21.36;E0_0_100m;5.00;165;164;12.80;21.54
3000.00;3300.00;2532.00;22.45;E0_1_100m;5.00;211;211;15.67;22.57
3000.00;3300.00;1992.00;21.61;E0_0_200m;5.00;166;166;12.80;21.79
3000.00;3300.00;2532.00;22.61;E0_1_200m;5.00;211;211;15.55;22.74
3000.00;3300.00;2028.00;21.42;E0_0_300m;5.00;169;168;13.07;21.60
3000.00;3300.00;2520.00;22.50;E0_1_300m;5.00;210;209;15.55;22.63
3000.00;3300.00;2088.00;21.08;E0_0_400m;5.00;174;174;13.75;21.25
3000.00;3300.00;2472.00;22.13;E0_1_400m;5.00;206;206;15.51;22.24
3000.00;3300.00;2088.00;20.84;E0_0_500m;5.00;174;174;13.91;20.92
3000.00;3300.00;2472.00;21.57;E0_1_500m;5.00;206;206;15.91;21.63
3000.00;3300.00;2100.00;20.54;E0_0_600m;5.00;175;175;14.20;20.59
3000.00;3300.00;2472.00;21.15;E0_1_600m;5.00;206;206;16.24;21.17
3000.00;3300.00;2112.00;20.26;E0_0_700m;5.00;176;176;14.48;20.31
3000.00;3300.00;2472.00;20.82;E0_1_700m;5.00;206;206;16.49;20.83
3000.00;3300.00;2124.00;19.90;E0_0_800m;5.00;177;176;14.76;19.95
3000.00;3300.00;2472.00;20.59;E0_1_800m;5.00;206;206;16.67;20.60
3000.00;3300.00;2124.00;19.55;E0_0_900m;5.00;177;177;15.09;19.61
3000.00;3300.00;2484.00;20.43;E0_1_900m;5.00;207;207;16.88;20.44
3000.00;3300.00;2124.00;19.42;E0_0_1000m;5.00;177;177;15.19;19.48
3000.00;3300.00;2472.00;20.33;E0_1_1000m;5.00;206;207;16.91;20.34
3000.00;3300.00;2148.00;19.59;E0_0_1100m;5.00;179;178;15.16;19.64
3000.00;3300.00;2484.00;20.28;E0_1_1100m;5.00;207;206;16.96;20.29
3000.00;3300.00;2172.00;19.73;E0_0_1200m;5.00;181;181;15.29;19.76
3000.00;3300.00;2472.00;20.17;E0_1_1200m;5.00;206;206;17.02;20.18
3000.00;3300.00;2172.00;19.65;E0_0_1300m;5.00;181;181;15.35;19.67
3000.00;3300.00;2472.00;20.05;E0_1_1300m;5.00;206;207;17.15;20.06
3000.00;3300.00;2172.00;19.53;E0_0_1400m;5.00;181;181;15.45;19.56
3000.00;3300.00;2472.00;19.98;E0_1_1400m;5.00;206;206;17.19;19.99
3000.00;3300.00;2184.00;19.33;E0_0_1500m;5.00;182;182;15.69;19.38
3000.00;3300.00;2472.00;19.91;E0_1_1500m;5.00;206;205;17.18;19.94
3000.00;3300.00;2196.00;19.17;E0_0_1600m;5.00;183;182;15.84;19.23
3000.00;3300.00;2460.00;19.84;E0_1_1600m;5.00;205;205;17.22;19.88
3000.00;3300.00;2184.00;19.35;E0_0_1700m;5.00;182;182;15.68;19.39
3000.00;3300.00;2448.00;19.69;E0_1_1700m;5.00;204;204;17.27;19.72
3000.00;3300.00;2208.00;19.35;E0_0_1800m;5.00;184;183;15.79;19.40
3000.00;3300.00;2448.00;19.56;E0_1_1800m;5.00;204;203;17.37;19.59
3000.00;3300.00;2208.00;19.24;E0_0_1900m;5.00;184;184;15.94;19.29
3000.00;3300.00;2448.00;19.41;E0_1_1900m;5.00;204;204;17.52;19.44
3000.00;3300.00;2208.00;19.11;E0_0_2000m;5.00;184;184;16.05;19.18
3000.00;3300.00;2448.00;19.31;E0_1_2000m;5.00;204;203;17.59;19.36
3000.00;3300.00;2160.00;18.96;E0_0_2100m;5.00;180;181;15.85;19.04
3000.00;3300.00;2400.00;19.21;E0_1_2100m;5.00;200;201;17.37;19.27
3000.00;3300.00;2136.00;18.66;E0_0_2200m;5.00;178;178;15.90;18.72
3000.00;3300.00;2364.00;19.11;E0_1_2200m;5.00;197;197;17.18;19.17
3000.00;3300.00;2112.00;18.30;E0_0_2300m;5.00;176;176;16.03;18.36
3000.00;3300.00;2304.00;18.96;E0_1_2300m;5.00;192;192;16.88;19.02
3000.00;3300.00;2076.00;18.11;E0_0_2400m;5.00;173;173;15.92;18.17
3000.00;3300.00;2256.00;18.80;E0_1_2400m;5.00;188;188;16.67;18.84
3000.00;3300.00;2064.00;18.15;E0_0_2500m;5.00;172;172;15.80;18.23
3000.00;3300.00;2256.00;18.70;E0_1_2500m;5.00;188;188;16.75;18.76
3000.00;3300.00;2040.00;18.22;E0_0_2600m;5.00;170;171;15.60;18.31
3000.00;3300.00;2232.00;18.60;E0_1_2600m;5.00;186;186;16.67;18.66
3000.00;3300.00;1992.00;18.20;E0_0_2700m;5.00;166;167;15.25;18.28
3000.00;3300.00;2184.00;18.46;E0_1_2700m;5.00;182;182;16.43;18.52
3000.00;3300.00;1956.00;18.17;E0_0_2800m;5.00;163;163;14.95;18.24
3000.00;3300.00;2136.00;18.33;E0_1_2800m;5.00;178;179;16.22;18.39
3000.00;3300.00;1956.00;18.01;E0_0_2900m;5.00;163;162;15.08;18.07
3000.00;3300.00;2136.00;18.19;E0_1_2900m;5.00;178;178;16.31;18.24
3000.00;3300.00;1956.00;17.41;E0_0_3000m;5.00;163;163;15.60;17.45
3000.00;3300.00;2124.00;18.02;E0_1_3000m;5.00;177;177;16.37;18.06
3000.00;3300.00;1968.00;17.35;E0_0_3100m;5.00;164;164;15.75;17.37
3000.00;3300.00;2112.00;17.96;E0_1_3100m;5.00;176;176;16.33;17.99
3000.00;3300.00;1968.00;17.47;E0_0_3200m;5.00;164;165;15.66;17.49
3000.00;3300.00;2124.00;18.01;E0_1_3200m;5.00;177;177;16.38;18.06
3000.00;3300.00;1968.00;17.40;E0_0_3300m;5.00;164;165;15.80;17.43
3000.00;3300.00;2100.00;18.03;E0_1_3300m;5.00;175;175;16.17;18.13
3000.00;3300.00;1992.00;17.39;E0_0_3400m;5.00;166;165;15.85;17.42
3000.00;3300.00;2088.00;18.04;E0_1_3400m;5.00;174;174;16.07;18.14
3000.00;3300.00;1980.00;17.44;E0_0_3500m;5.00;165;166;15.79;17.46
3000.00;3300.00;2088.00;18.01;E0_1_3500m;5.00;174;174;16.10;18.06
3000.00;3300.00;1992.00;17.52;E0_0_3600m;5.00;166;166;15.79;17.53
3000.00;3300.00;2076.00;17.95;E0_1_3600m;5.00;173;173;16.06;17.97
3000.00;3300.00;1968.00;17.56;E0_0_3700m;5.00;164;164;15.57;17.57
3000.00;3300.00;2088.00;17.90;E0_1_3700m;5.00;174;174;16.20;17.91
3000.00;3300.00;1980.00;17.46;E0_0_3800m;5.00;165;166;15.79;17.48
3000.00;3300.00;2076.00;17.90;E0_1_3800m;5.00;173;174;16.13;17.91
3000.00;3300.00;1992.00;17.52;E0_0_3900m;5.00;166;166;15.79;17.55
3000.00;3300.00;2064.00;18.07;E0_1_3900m;5.00;172;172;15.86;18.10
3000.00;3300.00;1944.00;19.52;E0_0_4000m;5.00;162;162;13.83;19.65
3000.00;3300.00;2100.00;20.48;E0_1_4000m;5.00;175;175;14.24;20.70
3000.00;3300.00;1896.00;25.15;E0_0_4100m;5.00;158;158;10.47;25.28
3000.00;3300.00;2124.00;25.97;E0_1_4100m;5.00;177;177;11.36;26.11
3000.00;3300.00;1848.00;25.07;E0_0_4200m;5.00;154;154;10.24;25.16
3000.00;3300.00;2184.00;26.30;E0_1_4200m;5.00;182;181;11.52;26.47
3000.00;3300.00;1836.00;25.01;E0_0_4300m;5.00;153;153;10.19;25.08
3000.00;3300.00;2160.00;26.15;E0_1_4300m;5.00;180;181;11.50;26.27
3000.00;3300.00;1836.00;24.87;E0_0_4400m;5.00;153;153;10.25;24.92
3000.00;3300.00;2172.00;26.07;E0_1_4400m;5.00;181;181;11.57;26.19
3000.00;3300.00;1812.00;24.72;E0_0_4500m;5.00;151;151;10.18;24.77
3000.00;3300.00;2196.00;26.02;E0_1_4500m;5.00;183;183;11.72;26.12
3000.00;3300.00;1788.00;24.61;E0_0_4600m;5.00;149;149;10.09;24.68
3000.00;3300.00;2196.00;26.01;E0_1_4600m;5.00;183;183;11.73;26.11
3000.00;3300.00;1764.00;24.60;E0_0_4700m;5.00;147;147;9.96;24.69
3000.00;3300.00;2220.00;26.02;E0_1_4700m;5.00;185;186;11.85;26.12
3000.00;3300.00;1740.00;24.88;E0_0_4800m;5.00;145;145;9.71;25.02
3000.00;3300.00;2184.00;25.99;E0_1_4800m;5.00;182;182;11.67;26.07
3000.00;3300.00;1752.00;25.03;E0_0_4900m;5.00;146;146;9.72;25.25
3000.00;3300.00;2112.00;26.13;E0_1_4900m;5.00;176;176;11.28;26.22
3000.00;3300.00;1716.00;24.90;E0_0_5000m;5.00;143;142;9.55;25.03
3000.00;3300.00;2148.00;26.09;E0_1_5000m;5.00;179;179;11.44;26.18
3300.00;3600.00;0.00;-1.00;E0_0_0m;-1.00;0;0;0.00;-1.00
3300.00;3600.00;0.00;-1.00;E0_1_0m;-1.00;0;0;0.00;-1.00
3300.00;3600.00;1728.00;25.59;E0_0_100m;5.00;144;144;9.38;25.79
3300.00;3600.00;2244.00;26.16;E0_1_100m;5.00;187;187;11.91;26.36
3300.00;3600.00;1728.00;26.19;E0_0_200m;5.00;144;145;9.17;26.38
3300.00;3600.00;2232.00;27.26;E0_1_200m;5.00;186;186;11.37;27.50
3300.00;3600.00;1788.00;25.93;E0_0_300m;5.00;149;149;9.58;26.07
3300.00;3600.00;2208.00;27.37;E0_1_300m;5.00;184;184;11.20;27.59
3300.00;3600.00;1788.00;25.64;E0_0_400m;5.00;149;149;9.69;25.77
3300.00;3600.00;2232.00;27.12;E0_1_400m;5.00;186;186;11.43;27.33
3300.00;3600.00;1812.00;25.41;E0_0_500m;5.00;151;151;9.90;25.57
3300.00;3600.00;2256.00;26.91;E0_1_500m;5.00;188;189;11.68;27.11
3300.00;3600.00;1848.00;25.06;E0_0_600m;5.00;154;154;10.24;25.23
3300.00;3600.00;2256.00;26.47;E0_1_600m;5.00;188;188;11.86;26.71
3300.00;3600.00;1836.00;24.67;E0_0_700m;5.00;153;153;10.34;24.85
3300.00;3600.00;2280.00;25.93;E0_1_700m;5.00;190;190;12.21;26.19
3300.00;3600.00;1848.00;24.26;E0_0_800m;5.00;154;154;10.58;24.45
3300.00;3600.00;2280.00;25.22;E0_1_800m;5.00;190;190;12.56;25.50
3300.00;3600.00;1848.00;23.86;E0_0_900m;5.00;154;155;10.80;24.09
3300.00;3600.00;2280.00;24.54;E0_1_900m;5.00;190;190;12.90;24.85
3300.00;3600.00;1848.00;23.34;E0_0_1000m;5.00;154;154;11.00;23.62
3300.00;3600.00;2316.00;23.99;E0_1_1000m;5.00;193;192;13.39;24.35
3300.00;3600.00;1848.00;22.97;E0_0_1100m;5.00;154;154;11.17;23.26
3300.00;3600.00;2304.00;23.49;E0_1_1100m;5.00;192;192;13.62;23.89
3300.00;3600.00;1836.00;22.59;E0_0_1200m;5.00;153;153;11.29;22.90
3300.00;3600.00;2316.00;23.06;E0_1_1200m;5.00;193;193;13.95;23.50
3300.00;3600.00;1824.00;22.32;E0_0_1300m;5.00;152;152;11.35;22.66
3300.00;3600.00;2340.00;22.63;E0_1_1300m;5.00;195;194;14.34;23.05
3300.00;3600.00;1824.00;21.97;E0_0_1400m;5.00;152;152;11.53;22.32
3300.00;3600.00;2352.00;22.19;E0_1_1400m;5.00;196;196;14.72;22.61
3300.00;3600.00;1800.00;21.38;E0_0_1500m;5.00;150;151;11.76;21.67
3300.00;3600.00;2376.00;21.77;E0_1_1500m;5.00;198;198;15.16;22.19
3300.00;3600.00;1812.00;20.80;E0_0_1600m;5.00;151;151;12.10;21.02
3300.00;3600.00;2376.00;21.27;E0_1_1600m;5.00;198;198;15.52;21.55
3300.00;3600.00;1872.00;20.44;E0_0_1700m;5.00;156;156;12.72;20.60
3300.00;3600.00;2364.00;20.72;E0_1_1700m;5.00;197;198;15.85;20.92
3300.00;3600.00;1884.00;19.91;E0_0_1800m;5.00;157;157;13.14;20.04
3300.00;3600.00;2376.00;20.06;E0_1_1800m;5.00;198;198;16.45;20.20
3300.00;3600.00;1896.00;19.43;E0_0_1900m;5.00;158;158;13.56;19.54
3300.00;3600.00;2364.00;19.53;E0_1_1900m;5.00;197;198;16.83;19.66
3300.00;3600.00;1908.00;19.05;E0_0_2000m;5.00;159;159;13.91;19.16
3300.00;3600.00;2376.00;19.10;E0_1_2000m;5.00;198;198;17.28;19.21
3300.00;3600.00;1932.00;18.71;E0_0_2100m;5.00;161;160;14.32;18.79
3300.00;3600.00;2376.00;18.76;E0_1_2100m;5.00;198;197;17.57;18.85
3300.00;3600.00;1932.00;18.43;E0_0_2200m;5.00;161;161;14.56;18.50
3300.00;3600.00;2376.00;18.49;E0_1_2200m;5.00;198;198;17.85;18.57
3300.00;3600.00;1932.00;18.22;E0_0_2300m;5.00;161;161;14.73;18.28
3300.00;3600.00;2388.00;18.29;E0_1_2300m;5.00;199;199;18.14;18.34
3300.00;3600.00;1944.00;18.05;E0_0_2400m;5.00;162;162;14.96;18.08
3300.00;3600.00;2388.00;18.11;E0_1_2400m;5.00;199;199;18.32;18.13
3300.00;3600.00;1956.00;17.94;E0_0_2500m;5.00;163;163;15.14;17.95
3300.00;3600.00;2388.00;17.98;E0_1_2500m;5.00;199;199;18.45;17.99
3300.00;3600.00;1968.00;17.86;E0_0_2600m;5.00;164;163;15.25;17.87
3300.00;3600.00;2388.00;17.91;E0_1_2600m;5.00;199;200;18.59;17.91
3300.00;3600.00;1980.00;17.83;E0_0_2700m;5.00;165;164;15.38;17.83
3300.00;3600.00;2400.00;17.88;E0_1_2700m;5.00;200;200;18.64;17.88
3300.00;3600.00;1968.00;17.79;E0_0_2800m;5.00;164;165;15.38;17.80
3300.00;3600.00;2400.00;17.87;E0_1_2800m;5.00;200;199;18.62;17.87
3300.00;3600.00;1980.00;17.76;E0_0_2900m;5.00;165;165;15.49;17.76
3300.00;3600.00;2388.00;17.87;E0_1_2900m;5.00;199;200;18.64;17.87
3300.00;3600.00;1980.00;17.40;E0_0_3000m;5.00;165;165;15.80;17.41
3300.00;3600.00;2400.00;17.87;E0_1_3000m;5.00;200;200;18.66;17.87
3300.00;3600.00;2016.00;17.37;E0_0_3100m;5.00;168;168;16.12;17.39
3300.00;3600.00;2364.00;17.88;E0_1_3100m;5.00;197;197;18.36;17.89
3300.00;3600.00;2004.00;17.51;E0_0_3200m;5.00;167;167;15.92;17.52
3300.00;3600.00;2376.00;17.88;E0_1_3200m;5.00;198;198;18.45;17.89
3300.00;3600.00;2004.00;17.55;E0_0_3300m;5.00;167;166;15.76;17.56
3300.00;3600.00;2376.00;17.88;E0_1_3300m;5.00;198;198;18.46;17.88
3300.00;3600.00;2004.00;17.48;E0_0_3400m;5.00;167;167;15.92;17.49
3300.00;3600.00;2376.00;17.88;E0_1_3400m;5.00;198;198;18.46;17.88
3300.00;3600.00;2016.00;17.37;E0_0_3500m;5.00;168;167;16.11;17.38
3300.00;3600.00;2376.00;17.87;E0_1_3500m;5.00;198;198;18.47;17.87
3300.00;3600.00;2004.00;17.34;E0_0_3600m;5.00;167;167;16.05;17.36
3300.00;3600.00;2364.00;17.87;E0_1_3600m;5.00;197;198;18.46;17.87
3300.00;3600.00;2016.00;17.41;E0_0_3700m;5.00;168;168;16.09;17.42
3300.00;3600.00;2376.00;17.87;E0_1_3700m;5.00;198;198;18.47;17.87
3300.00;3600.00;2040.00;17.53;E0_0_3800m;5.00;170;169;16.12;17.54
3300.00;3600.00;2364.00;17.90;E0_1_3800m;5.00;197;196;18.31;17.91
3300.00;3600.00;2040.00;17.69;E0_0_3900m;5.00;170;170;16.02;17.70
3300.00;3600.00;2352.00;17.99;E0_1_3900m;5.00;196;196;18.16;18.00
3300.00;3600.00;2064.00;19.36;E0_0_4000m;5.00;172;172;14.81;19.48
3300.00;3600.00;2364.00;20.35;E0_1_4000m;5.00;197;198;16.15;20.58
3300.00;3600.00;1992.00;25.20;E0_0_4100m;5.00;166;167;11.04;25.33
3300.00;3600.00;2424.00;26.42;E0_1_4100m;5.00;202;202;12.74;26.56
3300.00;3600.00;1992.00;25.59;E0_0_4200m;5.00;166;167;10.85;25.68
3300.00;3600.00;2412.00;26.81;E0_1_4200m;5.00;201;201;12.49;26.93
3300.00;3600.00;1992.00;25.49;E0_0_4300m;5.00;166;166;10.85;25.56
3300.00;3600.00;2436.00;26.75;E0_1_4300m;5.00;203;202;12.62;26.84
3300.00;3600.00;1980.00;25.44;E0_0_4400m;5.00;165;165;10.81;25.51
3300.00;3600.00;2424.00;26.82;E0_1_4400m;5.00;202;202;12.55;26.91
3300.00;3600.00;2004.00;25.41;E0_0_4500m;5.00;167;167;10.95;25.48
3300.00;3600.00;2412.00;26.83;E0_1_4500m;5.00;201;201;12.48;26.92
3300.00;3600.00;1992.00;25.43;E0_0_4600m;5.00;166;166;10.88;25.49
3300.00;3600.00;2424.00;26.74;E0_1_4600m;5.00;202;202;12.59;26.80
3300.00;3600.00;1992.00;25.34;E0_0_4700m;5.00;166;166;10.92;25.41
3300.00;3600.00;2436.00;26.76;E0_1_4700m;5.00;203;202;12.64;26.82
3300.00;3600.00;2028.00;25.21;E0_0_4800m;5.00;169;169;11.17;25.27
3300.00;3600.00;2424.00;26.78;E0_1_4800m;5.00;202;203;12.61;26.86
3300.00;3600.00;2052.00;25.07;E0_0_4900m;5.00;171;172;11.41;25.14
3300.00;3600.00;2424.00;26.84;E0_1_4900m;5.00;202;202;12.54;26.93
3300.00;3600.00;2076.00;25.05;E0_0_5000m;5.00;173;173;11.51;25.11
3300.00;3600.00;2436.00;26.86;E0_1_5000m;5.00;203;203;12.60;26.95
3600.00;3900.00;0.00;-1.00;E0_0_0m;-1.00;0;0;0.00;-1.00
3600.00;3900.00;0.00;-1.00;E0_1_0m;-1.00;0;0;0.00;-1.00
3600.00;3900.00;1824.00;25.39;E0_0_100m;5.00;152;153;9.99;25.57
3600.00;3900.00;2124.00;26.57;E0_1_100m;5.00;177;177;11.10;26.79
3600.00;3900.00;1872.00;26.07;E0_0_200m;5.00;156;156;10.00;26.27
3600.00;3900.00;2076.00;27.46;E0_1_200m;5.00;173;174;10.55;27.77
3600.00;3900.00;1836.00;26.27;E0_0_300m;5.00;153;153;9.71;26.44
3600.00;3900.00;2100.00;27.77;E0_1_300m;5.00;175;175;10.50;28.05
3600.00;3900.00;1800.00;26.36;E0_0_400m;5.00;150;151;9.51;26.52
3600.00;3900.00;2100.00;27.95;E0_1_400m;5.00;175;175;10.43;28.19
3600.00;3900.00;1752.00;26.34;E0_0_500m;5.00;146;146;9.24;26.51
3600.00;3900.00;2112.00;28.29;E0_1_500m;5.00;176;176;10.37;28.51
3600.00;3900.00;1764.00;26.18;E0_0_600m;5.00;147;147;9.36;26.35
3600.00;3900.00;2088.00;28.25;E0_1_600m;5.00;174;173;10.22;28.47
3600.00;3900.00;1752.00;26.19;E0_0_700m;5.00;146;146;9.29;26.37
3600.00;3900.00;2100.00;28.09;E0_1_700m;5.00;175;175;10.38;28.30
3600.00;3900.00;1800.00;26.11;E0_0_800m;5.00;150;150;9.57;26.28
3600.00;3900.00;2064.00;28.11;E0_1_800m;5.00;172;172;10.20;28.32
3600.00;3900.00;1824.00;26.03;E0_0_900m;5.00;152;151;9.69;26.18
3600.00;3900.00;2064.00;28.01;E0_1_900m;5.00;172;172;10.23;28.22
3600.00;3900.00;1824.00;25.96;E0_0_1000m;5.00;152;152;9.76;26.11
3600.00;3900.00;2040.00;27.98;E0_1_1000m;5.00;170;171;10.16;28.19
3600.00;3900.00;1812.00;25.91;E0_0_1100m;5.00;151;151;9.71;26.05
3600.00;3900.00;2064.00;27.99;E0_1_1100m;5.00;172;172;10.24;28.20
3600.00;3900.00;1812.00;25.84;E0_0_1200m;5.00;151;151;9.74;25.98
3600.00;3900.00;2064.00;28.13;E0_1_1200m;5.00;172;172;10.19;28.33
3600.00;3900.00;1824.00;25.70;E0_0_1300m;5.00;152;152;9.86;25.85
3600.00;3900.00;2040.00;28.18;E0_1_1300m;5.00;170;170;10.05;28.36
3600.00;3900.00;1812.00;25.53;E0_0_1400m;5.00;151;151;9.86;25.68
3600.00;3900.00;2064.00;27.97;E0_1_1400m;5.00;172;172;10.25;28.12
3600.00;3900.00;1824.00;25.29;E0_0_1500m;5.00;152;153;10.03;25.43
3600.00;3900.00;2088.00;27.66;E0_1_1500m;5.00;174;174;10.48;27.79
3600.00;3900.00;1836.00;25.10;E0_0_1600m;5.00;153;153;10.16;25.24
3600.00;3900.00;2112.00;27.28;E0_1_1600m;5.00;176;176;10.75;27.42
3600.00;3900.00;1812.00;24.77;E0_0_1700m;5.00;151;151;10.16;24.91
3600.00;3900.00;2112.00;26.84;E0_1_1700m;5.00;176;175;10.93;26.99
3600.00;3900.00;1812.00;24.39;E0_0_1800m;5.00;151;151;10.32;24.55
3600.00;3900.00;2100.00;26.23;E0_1_1800m;5.00;175;176;11.13;26.40
3600.00;3900.00;1836.00;23.91;E0_0_1900m;5.00;153;153;10.66;24.14
3600.00;3900.00;2112.00;25.67;E0_1_1900m;5.00;176;176;11.43;25.91
3600.00;3900.00;1836.00;23.52;E0_0_2000m;5.00;153;153;10.84;23.77
3600.00;3900.00;2100.00;25.05;E0_1_2000m;5.00;175;176;11.69;25.38
3600.00;3900.00;1812.00;23.05;E0_0_2100m;5.00;151;151;10.92;23.32
3600.00;3900.00;2136.00;24.59;E0_1_2100m;5.00;178;179;12.08;25.00
3600.00;3900.00;1788.00;22.89;E0_0_2200m;5.00;149;149;10.85;23.16
3600.00;3900.00;2160.00;24.18;E0_1_2200m;5.00;180;180;12.41;24.64
3600.00;3900.00;1800.00;22.57;E0_0_2300m;5.00;150;150;11.08;22.85
3600.00;3900.00;2172.00;23.67;E0_1_2300m;5.00;181;181;12.75;24.14
3600.00;3900.00;1788.00;22.07;E0_0_2400m;5.00;149;149;11.25;22.34
3600.00;3900.00;2184.00;22.89;E0_1_2400m;5.00;182;182;13.25;23.32
3600.00;3900.00;1788.00;21.39;E0_0_2500m;5.00;149;149;11.61;21.66
3600.00;3900.00;2184.00;22.18;E0_1_2500m;5.00;182;182;13.67;22.55
3600.00;3900.00;1788.00;20.72;E0_0_2600m;5.00;149;149;11.99;20.93
3600.00;3900.00;2196.00;21.47;E0_1_2600m;5.00;183;182;14.14;21.75
3600.00;3900.00;1788.00;19.98;E0_0_2700m;5.00;149;150;12.49;20.15
3600.00;3900.00;2184.00;20.50;E0_1_2700m;5.00;182;182;14.79;20.70
3600.00;3900.00;1800.00;19.25;E0_0_2800m;5.00;150;149;12.97;19.38
3600.00;3900.00;2196.00;19.61;E0_1_2800m;5.00;183;183;15.55;19.73
3600.00;3900.00;1800.00;18.58;E0_0_2900m;5.00;150;150;13.45;18.66
3600.00;3900.00;2196.00;18.92;E0_1_2900m;5.00;183;182;16.04;18.99
3600.00;3900.00;1812.00;17.58;E0_0_3000m;5.00;151;152;14.37;17.60
3600.00;3900.00;2160.00;18.25;E0_1_3000m;5.00;180;181;16.47;18.31
3600.00;3900.00;1872.00;17.53;E0_0_3100m;5.00;156;157;14.85;17.54
3600.00;3900.00;2136.00;18.10;E0_1_3100m;5.00;178;178;16.39;18.16
3600.00;3900.00;1896.00;17.67;E0_0_3200m;5.00;158;157;14.86;17.68
3600.00;3900.00;2136.00;18.06;E0_1_3200m;5.00;178;178;16.43;18.09
3600.00;3900.00;1908.00;17.73;E0_0_3300m;5.00;159;159;14.95;17.73
3600.00;3900.00;2136.00;17.99;E0_1_3300m;5.00;178;178;16.49;18.01
3600.00;3900.00;1944.00;17.71;E0_0_3400m;5.00;162;162;15.24;17.72
3600.00;3900.00;2112.00;17.98;E0_1_3400m;5.00;176;176;16.31;18.00
3600.00;3900.00;1920.00;17.67;E0_0_3500m;5.00;160;160;15.09;17.69
3600.00;3900.00;2124.00;17.92;E0_1_3500m;5.00;177;177;16.46;17.92
3600.00;3900.00;1932.00;17.66;E0_0_3600m;5.00;161;161;15.20;17.67
3600.00;3900.00;2136.00;17.88;E0_1_3600m;5.00;178;178;16.54;17.88
3600.00;3900.00;1944.00;17.61;E0_0_3700m;5.00;162;162;15.33;17.64
3600.00;3900.00;2124.00;17.89;E0_1_3700m;5.00;177;177;16.49;17.89
3600.00;3900.00;1944.00;17.74;E0_0_3800m;5.00;162;162;15.22;17.75
3600.00;3900.00;2112.00;17.90;E0_1_3800m;5.00;176;176;16.39;17.90
3600.00;3900.00;1932.00;17.79;E0_0_3900m;5.00;161;161;15.08;17.80
3600.00;3900.00;2124.00;18.01;E0_1_3900m;5.00;177;177;16.38;18.03
3600.00;3900.00;1920.00;19.52;E0_0_4000m;5.00;160;161;13.69;19.66
3600.00;3900.00;2124.00;20.40;E0_1_4000m;5.00;177;178;14.46;20.63
3600.00;3900.00;1896.00;25.03;E0_0_4100m;5.00;158;158;10.52;25.14
3600.00;3900.00;2160.00;25.71;E0_1_4100m;5.00;180;180;11.67;25.84
3600.00;3900.00;1884.00;25.44;E0_0_4200m;5.00;157;156;10.25;25.55
3600.00;3900.00;2160.00;26.07;E0_1_4200m;5.00;180;180;11.51;26.23
3600.00;3900.00;1908.00;25.34;E0_0_4300m;5.00;159;159;10.46;25.43
3600.00;3900.00;2148.00;26.08;E0_1_4300m;5.00;179;179;11.44;26.22
3600.00;3900.00;1884.00;25.26;E0_0_4400m;5.00;157;157;10.36;25.35
3600.00;3900.00;2172.00;25.90;E0_1_4400m;5.00;181;181;11.65;26.04
3600.00;3900.00;1872.00;25.14;E0_0_4500m;5.00;156;156;10.34;25.23
3600.00;3900.00;2184.00;25.71;E0_1_4500m;5.00;182;182;11.80;25.85
3600.00;3900.00;1884.00;25.02;E0_0_4600m;5.00;157;157;10.46;25.11
3600.00;3900.00;2184.00;25.54;E0_1_4600m;5.00;182;182;11.88;25.68
3600.00;3900.00;1884.00;24.94;E0_0_4700m;5.00;157;157;10.49;25.04
3600.00;3900.00;2184.00;25.50;E0_1_4700m;5.00;182;182;11.89;25.66
3600.00;3900.00;1860.00;24.84;E0_0_4800m;5.00;155;155;10.40;24.94
3600.00;3900.00;2184.00;25.50;E0_1_4800m;5.00;182;181;11.85;25.69
3600.00;3900.00;1860.00;24.77;E0_0_4900m;5.00;155;154;10.38;24.88
3600.00;3900.00;2172.00;25.42;E0_1_4900m;5.00;181;181;11.87;25.60
3600.00;3900.00;1848.00;24.77;E0_0_5000m;5.00;154;154;10.36;24.87
3600.00;3900.00;2136.00;25.36;E0_1_5000m;5.00;178;178;11.70;25.55
3900.00;4200.00;0.00;-1.00;E0_0_0m;-1.00;0;0;0.00;-1.00
3900.00;4200.00;0.00;-1.00;E0_1_0m;-1.00;0;0;0.00;-1.00
3900.00;4200.00;1572.00;26.47;E0_0_100m;5.00;131;132;8.30;26.61
3900.00;4200.00;2196.00;27.90;E0_1_100m;5.00;183;183;10.93;28.03
3900.00;4200.00;1656.00;26.87;E0_0_200m;5.00;138;137;8.53;27.06
3900.00;4200.00;2112.00;28.58;E0_1_200m;5.00;176;177;10.30;28.75
3900.00;4200.00;1692.00;26.74;E0_0_300m;5.00;141;141;8.79;26.84
3900.00;4200.00;2076.00;28.65;E0_1_300m;5.00;173;173;10.06;28.82
3900.00;4200.00;1704.00;26.63;E0_0_400m;5.00;142;142;8.89;26.74
3900.00;4200.00;2088.00;28.52;E0_1_400m;5.00;174;175;10.19;28.69
3900.00;4200.00;1704.00;26.59;E0_0_500m;5.00;142;142;8.90;26.69
3900.00;4200.00;2112.00;28.29;E0_1_500m;5.00;176;176;10.37;28.47
3900.00;4200.00;1692.00;26.49;E0_0_600m;5.00;141;141;8.87;26.57
3900.00;4200.00;2136.00;28.22;E0_1_600m;5.00;178;178;10.51;28.40
3900.00;4200.00;1680.00;26.41;E0_0_700m;5.00;140;140;8.84;26.48
3900.00;4200.00;2160.00;28.14;E0_1_700m;5.00;180;181;10.69;28.31
3900.00;4200.00;1680.00;26.18;E0_0_800m;5.00;140;140;8.91;26.26
3900.00;4200.00;2148.00;27.89;E0_1_800m;5.00;179;179;10.70;28.08
3900.00;4200.00;1680.00;25.98;E0_0_900m;5.00;140;140;8.98;26.08
3900.00;4200.00;2136.00;27.65;E0_1_900m;5.00;178;178;10.73;27.86
3900.00;4200.00;1728.00;25.98;E0_0_1000m;5.00;144;144;9.24;26.09
3900.00;4200.00;2136.00;27.56;E0_1_1000m;5.00;178;178;10.74;27.77
3900.00;4200.00;1728.00;25.93;E0_0_1100m;5.00;144;144;9.25;26.04
3900.00;4200.00;2172.00;27.55;E0_1_1100m;5.00;181;181;10.95;27.76
3900.00;4200.00;1740.00;25.85;E0_0_1200m;5.00;145;146;9.37;25.96
3900.00;4200.00;2160.00;27.55;E0_1_1200m;5.00;180;180;10.89;27.76
3900.00;4200.00;1752.00;25.71;E0_0_1300m;5.00;146;146;9.47;25.82
3900.00;4200.00;2172.00;27.58;E0_1_1300m;5.00;181;181;10.94;27.79
3900.00;4200.00;1740.00;25.68;E0_0_1400m;5.00;145;145;9.41;25.79
3900.00;4200.00;2184.00;27.60;E0_1_1400m;5.00;182;182;10.99;27.84
3900.00;4200.00;1740.00;25.76;E0_0_1500m;5.00;145;144;9.37;25.86
3900.00;4200.00;2208.00;27.60;E0_1_1500m;5.00;184;184;11.11;27.85
3900.00;4200.00;1764.00;25.76;E0_0_1600m;5.00;147;147;9.51;25.86
3900.00;4200.00;2184.00;27.52;E0_1_1600m;5.00;182;182;11.02;27.78
3900.00;4200.00;1776.00;25.82;E0_0_1700m;5.00;148;149;9.56;25.93
3900.00;4200.00;2184.00;27.41;E0_1_1700m;5.00;182;182;11.07;27.66
3900.00;4200.00;1740.00;25.89;E0_0_1800m;5.00;145;145;9.33;26.00
3900.00;4200.00;2232.00;27.43;E0_1_1800m;5.00;186;185;11.29;27.68
3900.00;4200.00;1704.00;25.88;E0_0_1900m;5.00;142;142;9.14;25.98
3900.00;4200.00;2232.00;27.57;E0_1_1900m;5.00;186;186;11.24;27.79
3900.00;4200.00;1752.00;25.86;E0_0_2000m;5.00;146;146;9.41;25.96
3900.00;4200.00;2208.00;27.62;E0_1_2000m;5.00;184;183;11.05;27.84
3900.00;4200.00;1752.00;25.83;E0_0_2100m;5.00;146;146;9.42;25.92
3900.00;4200.00;2208.00;27.61;E0_1_2100m;5.00;184;183;11.10;27.82
3900.00;4200.00;1764.00;25.79;E0_0_2200m;5.00;147;147;9.50;25.88
3900.00;4200.00;2196.00;27.54;E0_1_2200m;5.00;183;183;11.07;27.74
3900.00;4200.00;1752.00;25.57;E0_0_2300m;5.00;146;147;9.55;25.67
3900.00;4200.00;2172.00;27.22;E0_1_2300m;5.00;181;181;11.08;27.38
3900.00;4200.00;1740.00;25.04;E0_0_2400m;5.00;145;145;9.65;25.17
3900.00;4200.00;2184.00;26.61;E0_1_2400m;5.00;182;182;11.40;26.79
3900.00;4200.00;1764.00;24.26;E0_0_2500m;5.00;147;147;10.10;24.46
3900.00;4200.00;2160.00;25.86;E0_1_2500m;5.00;180;180;11.60;26.11
3900.00;4200.00;1776.00;23.61;E0_0_2600m;5.00;148;148;10.45;23.91
3900.00;4200.00;2148.00;25.03;E0_1_2600m;5.00;179;179;11.92;25.42
3900.00;4200.00;1776.00;22.88;E0_0_2700m;5.00;148;147;10.72;23.19
3900.00;4200.00;2160.00;23.96;E0_1_2700m;5.00;180;180;12.52;24.45
3900.00;4200.00;1812.00;21.67;E0_0_2800m;5.00;151;151;11.61;21.99
3900.00;4200.00;2148.00;22.65;E0_1_2800m;5.00;179;179;13.17;23.14
3900.00;4200.00;1812.00;19.89;E0_0_2900m;5.00;151;151;12.65;20.14
3900.00;4200.00;2148.00;20.87;E0_1_2900m;5.00;179;179;14.30;21.23
3900.00;4200.00;1884.00;17.87;E0_0_3000m;5.00;157;156;14.59;17.96
3900.00;4200.00;2160.00;18.72;E0_1_3000m;5.00;180;179;16.00;18.83
3900.00;4200.00;1992.00;17.67;E0_0_3100m;5.00;166;166;15.66;17.71
3900.00;4200.00;2112.00;18.33;E0_1_3100m;5.00;176;177;16.06;18.38
3900.00;4200.00;1980.00;17.74;E0_0_3200m;5.00;165;165;15.51;17.75
3900.00;4200.00;2148.00;18.33;E0_1_3200m;5.00;179;179;16.27;18.43
3900.00;4200.00;1968.00;17.77;E0_0_3300m;5.00;164;165;15.45;17.78
3900.00;4200.00;2148.00;18.36;E0_1_3300m;5.00;179;179;16.25;18.50
3900.00;4200.00;1956.00;17.81;E0_0_3400m;5.00;163;164;15.34;17.82
3900.00;4200.00;2136.00;18.30;E0_1_3400m;5.00;178;178;16.21;18.39
3900.00;4200.00;1980.00;17.79;E0_0_3500m;5.00;165;165;15.46;17.80
3900.00;4200.00;2124.00;18.12;E0_1_3500m;5.00;177;177;16.28;18.16
3900.00;4200.00;1968.00;17.78;E0_0_3600m;5.00;164;164;15.37;17.79
3900.00;4200.00;2124.00;18.05;E0_1_3600m;5.00;177;177;16.37;18.07
3900.00;4200.00;1968.00;17.77;E0_0_3700m;5.00;164;164;15.38;17.78
3900.00;4200.00;2124.00;18.06;E0_1_3700m;5.00;177;177;16.34;18.09
3900.00;4200.00;1980.00;17.73;E0_0_3800m;5.00;165;165;15.51;17.73
3900.00;4200.00;2124.00;18.16;E0_1_3800m;5.00;177;177;16.24;18.28
3900.00;4200.00;1980.00;17.81;E0_0_3900m;5.00;165;166;15.53;17.83
3900.00;4200.00;2184.00;18.64;E0_1_3900m;5.00;182;182;16.27;18.91
3900.00;4200.00;1992.00;19.74;E0_0_4000m;5.00;166;166;14.01;19.96
3900.00;4200.00;2196.00;21.52;E0_1_4000m;5.00;183;185;14.29;21.88
3900.00;4200.00;1884.00;26.41;E0_0_4100m;5.00;157;157;9.91;26.48
3900.00;4200.00;2304.00;27.19;E0_1_4100m;5.00;192;192;11.77;27.29
3900.00;4200.00;1872.00;27.15;E0_0_4200m;5.00;156;157;9.59;27.24
3900.00;4200.00;2340.00;28.37;E0_1_4200m;5.00;195;195;11.45;28.56
3900.00;4200.00;1896.00;27.16;E0_0_4300m;5.00;158;158;9.70;27.26
3900.00;4200.00;2304.00;28.62;E0_1_4300m;5.00;192;192;11.18;28.76
3900.00;4200.00;1908.00;27.05;E0_0_4400m;5.00;159;159;9.80;27.15
3900.00;4200.00;2328.00;28.61;E0_1_4400m;5.00;194;194;11.30;28.71
3900.00;4200.00;1896.00;26.74;E0_0_4500m;5.00;158;159;9.87;26.82
3900.00;4200.00;2364.00;28.47;E0_1_4500m;5.00;197;197;11.53;28.57
3900.00;4200.00;1896.00;26.53;E0_0_4600m;5.00;158;158;9.92;26.63
3900.00;4200.00;2376.00;28.41;E0_1_4600m;5.00;198;198;11.62;28.51
3900.00;4200.00;1884.00;26.37;E0_0_4700m;5.00;157;157;9.92;26.46
3900.00;4200.00;2376.00;28.29;E0_1_4700m;5.00;198;198;11.66;28.40
3900.00;4200.00;1896.00;26.19;E0_0_4800m;5.00;158;158;10.06;26.28
3900.00;4200.00;2388.00;28.13;E0_1_4800m;5.00;199;199;11.79;28.23
3900.00;4200.00;1908.00;25.94;E0_0_4900m;5.00;159;159;10.22;26.03
3900.00;4200.00;2388.00;27.92;E0_1_4900m;5.00;199;199;11.88;28.02
3900.00;4200.00;1896.00;25.75;E0_0_5000m;5.00;158;160;10.29;25.85
3900.00;4200.00;2412.00;27.68;E0_1_5000m;5.00;201;201;12.10;27.79
4200.00;4500.00;0.00;-1.00;E0_0_0m;-1.00;0;0;0.00;-1.00
4200.00;4500.00;0.00;-1.00;E0_1_0m;-1.00;0;0;0.00;-1.00
4200.00;4500.00;2016.00;24.50;E0_0_100m;5.00;168;167;11.37;24.69
4200.00;4500.00;2280.00;25.83;E0_1_100m;5.00;190;190;12.26;26.01
4200.00;4500.00;1956.00;25.11;E0_0_200m;5.00;163;163;10.82;25.34
4200.00;4500.00;2352.00;27.00;E0_1_200m;5.00;196;195;12.07;27.22
4200.00;4500.00;1992.00;25.31;E0_0_300m;5.00;166;166;10.93;25.51
4200.00;4500.00;2304.00;27.44;E0_1_300m;5.00;192;192;11.66;27.65
4200.00;4500.00;1992.00;25.42;E0_0_400m;5.00;166;166;10.89;25.57
4200.00;4500.00;2292.00;27.50;E0_1_400m;5.00;191;190;11.56;27.70
4200.00;4500.00;1944.00;25.43;E0_0_500m;5.00;162;162;10.62;25.55
4200.00;4500.00;2304.00;27.39;E0_1_500m;5.00;192;193;11.71;27.58
4200.00;4500.00;1908.00;25.50;E0_0_600m;5.00;159;160;10.44;25.62
4200.00;4500.00;2304.00;27.39;E0_1_600m;5.00;192;192;11.68;27.58
4200.00;4500.00;1896.00;25.54;E0_0_700m;5.00;158;158;10.31;25.64
4200.00;4500.00;2304.00;27.26;E0_1_700m;5.00;192;192;11.74;27.46
4200.00;4500.00;1908.00;25.56;E0_0_800m;5.00;159;159;10.37;25.66
4200.00;4500.00;2316.00;27.17;E0_1_800m;5.00;193;193;11.84;27.36
4200.00;4500.00;1932.00;25.52;E0_0_900m;5.00;161;161;10.51;25.62
4200.00;4500.00;2316.00;27.01;E0_1_900m;5.00;193;194;11.92;27.20
4200.00;4500.00;1920.00;25.46;E0_0_1000m;5.00;160;160;10.47;25.55
4200.00;4500.00;2304.00;26.88;E0_1_1000m;5.00;192;191;11.90;27.07
4200.00;4500.00;1920.00;25.38;E0_0_1100m;5.00;160;160;10.51;25.47
4200.00;4500.00;2292.00;26.81;E0_1_1100m;5.00;191;191;11.87;27.00
4200.00;4500.00;1896.00;25.31;E0_0_1200m;5.00;158;157;10.38;25.41
4200.00;4500.00;2304.00;26.73;E0_1_1200m;5.00;192;192;11.97;26.92
4200.00;4500.00;1908.00;25.29;E0_0_1300m;5.00;159;159;10.48;25.39
4200.00;4500.00;2292.00;26.68;E0_1_1300m;5.00;191;191;11.93;26.88
4200.00;4500.00;1896.00;25.27;E0_0_1400m;5.00;158;159;10.46;25.37
4200.00;4500.00;2292.00;26.64;E0_1_1400m;5.00;191;191;11.95;26.84
4200.00;4500.00;1848.00;25.21;E0_0_1500m;5.00;154;154;10.18;25.31
4200.00;4500.00;2292.00;26.52;E0_1_1500m;5.00;191;191;12.01;26.72
4200.00;4500.00;1836.00;25.04;E0_0_1600m;5.00;153;153;10.18;25.15
4200.00;4500.00;2268.00;26.42;E0_1_1600m;5.00;189;189;11.92;26.66
4200.00;4500.00;1812.00;24.93;E0_0_1700m;5.00;151;150;10.09;25.05
4200.00;4500.00;2280.00;26.37;E0_1_1700m;5.00;190;190;12.01;26.63
4200.00;4500.00;1860.00;24.99;E0_0_1800m;5.00;155;155;10.34;25.12
4200.00;4500.00;2232.00;26.37;E0_1_1800m;5.00;186;186;11.75;26.65
4200.00;4500.00;1896.00;25.06;E0_0_1900m;5.00;158;158;10.51;25.19
4200.00;4500.00;2220.00;26.34;E0_1_1900m;5.00;185;185;11.70;26.64
4200.00;4500.00;1848.00;24.91;E0_0_2000m;5.00;154;154;10.30;25.02
4200.00;4500.00;2244.00;26.22;E0_1_2000m;5.00;187;187;11.88;26.52
4200.00;4500.00;1860.00;24.56;E0_0_2100m;5.00;155;155;10.52;24.67
4200.00;4500.00;2232.00;25.92;E0_1_2100m;5.00;186;186;11.96;26.20
4200.00;4500.00;1836.00;24.00;E0_0_2200m;5.00;153;153;10.63;24.15
4200.00;4500.00;2244.00;25.12;E0_1_2200m;5.00;187;187;12.41;25.38
4200.00;4500.00;1848.00;23.15;E0_0_2300m;5.00;154;153;11.05;23.37
4200.00;4500.00;2256.00;23.84;E0_1_2300m;5.00;188;189;13.14;24.07
4200.00;4500.00;1836.00;21.89;E0_0_2400m;5.00;153;153;11.65;22.13
4200.00;4500.00;2268.00;22.35;E0_1_2400m;5.00;189;189;14.10;22.61
4200.00;4500.00;1848.00;20.15;E0_0_2500m;5.00;154;154;12.74;20.40
4200.00;4500.00;2244.00;20.36;E0_1_2500m;5.00;187;188;15.39;20.63
4200.00;4500.00;1848.00;18.74;E0_0_2600m;5.00;154;154;13.70;18.99
4200.00;4500.00;2244.00;18.52;E0_1_2600m;5.00;187;187;16.82;18.85
4200.00;4500.00;1860.00;17.78;E0_0_2700m;5.00;155;155;14.53;18.00
4200.00;4500.00;2220.00;17.05;E0_1_2700m;5.00;185;185;18.09;17.43
4200.00;4500.00;1884.00;17.03;E0_0_2800m;5.00;157;157;15.37;17.16
4200.00;4500.00;2172.00;15.60;E0_1_2800m;5.00;181;182;19.37;15.94
4200.00;4500.00;1884.00;16.64;E0_0_2900m;5.00;157;157;15.72;16.71
4200.00;4500.00;2148.00;14.48;E0_1_2900m;5.00;179;179;20.60;14.71
4200.00;4500.00;1836.00;14.34;E0_0_3000m;5.00;153;154;17.87;14.42
4200.00;4500.00;2112.00;13.69;E0_1_3000m;5.00;176;176;21.42;13.80
4200.00;4500.00;1824.00;13.66;E0_0_3100m;5.00;152;152;18.54;13.70
4200.00;4500.00;2040.00;13.57;E0_1_3100m;5.00;170;170;20.89;13.67
4200.00;4500.00;1800.00;13.49;E0_0_3200m;5.00;150;150;18.53;13.53
4200.00;4500.00;1992.00;13.62;E0_1_3200m;5.00;166;166;20.31;13.76
4200.00;4500.00;1788.00;13.47;E0_0_3300m;5.00;149;150;18.49;13.50
4200.00;4500.00;1980.00;13.70;E0_1_3300m;5.00;165;165;20.08;13.86
4200.00;4500.00;1800.00;13.50;E0_0_3400m;5.00;150;149;18.43;13.53
4200.00;4500.00;2004.00;13.66;E0_1_3400m;5.00;167;168;20.39;13.79
4200.00;4500.00;1812.00;13.49;E0_0_3500m;5.00;151;151;18.66;13.50
4200.00;4500.00;1980.00;13.60;E0_1_3500m;5.00;165;166;20.26;13.67
4200.00;4500.00;1800.00;13.45;E0_0_3600m;5.00;150;150;18.59;13.45
4200.00;4500.00;1968.00;13.52;E0_1_3600m;5.00;164;163;20.16;13.54
4200.00;4500.00;1776.00;13.45;E0_0_3700m;5.00;148;149;18.40;13.46
4200.00;4500.00;1956.00;13.49;E0_1_3700m;5.00;163;163;20.14;13.50
4200.00;4500.00;1776.00;13.45;E0_0_3800m;5.00;148;148;18.34;13.46
4200.00;4500.00;1932.00;13.50;E0_1_3800m;5.00;161;161;19.87;13.53
4200.00;4500.00;1764.00;13.45;E0_0_3900m;5.00;147;147;18.21;13.46
4200.00;4500.00;1872.00;13.76;E0_1_3900m;5.00;156;156;18.89;13.92
4200.00;4500.00;1788.00;15.61;E0_0_4000m;5.00;149;151;15.94;16.10
4200.00;4500.00;1812.00;16.63;E0_1_4000m;5.00;151;153;15.33;17.29
4200.00;4500.00;1620.00;25.02;E0_0_4100m;5.00;135;135;8.99;25.08
4200.00;4500.00;1944.00;25.87;E0_1_4100m;5.00;162;162;10.44;25.93
4200.00;4500.00;1572.00;26.93;E0_0_4200m;5.00;131;131;8.11;27.15
4200.00;4500.00;1980.00;28.44;E0_1_4200m;5.00;165;165;9.67;28.65
4200.00;4500.00;1620.00;27.04;E0_0_4300m;5.00;135;135;8.32;27.25
4200.00;4500.00;1944.00;28.91;E0_1_4300m;5.00;162;162;9.34;29.17
4200.00;4500.00;1608.00;26.87;E0_0_4400m;5.00;134;134;8.31;27.04
4200.00;4500.00;1956.00;28.76;E0_1_4400m;5.00;163;163;9.44;29.03
4200.00;4500.00;1584.00;26.75;E0_0_4500m;5.00;132;132;8.22;26.89
4200.00;4500.00;1956.00;28.72;E0_1_4500m;5.00;163;163;9.46;28.97
4200.00;4500.00;1584.00;26.63;E0_0_4600m;5.00;132;132;8.26;26.77
4200.00;4500.00;1944.00;28.65;E0_1_4600m;5.00;162;162;9.43;28.88
4200.00;4500.00;1596.00;26.58;E0_0_4700m;5.00;133;133;8.34;26.71
4200.00;4500.00;1932.00;28.57;E0_1_4700m;5.00;161;161;9.39;28.79
4200.00;4500.00;1536.00;26.60;E0_0_4800m;5.00;128;128;8.02;26.74
4200.00;4500.00;1956.00;28.56;E0_1_4800m;5.00;163;163;9.51;28.77
4200.00;4500.00;1536.00;26.64;E0_0_4900m;5.00;128;128;8.01;26.78
4200.00;4500.00;1944.00;28.59;E0_1_4900m;5.00;162;162;9.44;28.80
4200.00;4500.00;1536.00;26.62;E0_0_5000m;5.00;128;127;7.98;26.75
4200.00;4500.00;1932.00;28.59;E0_1_5000m;5.00;161;161;9.39;28.78
4500.00;4800.00;0.00;-1.00;E0_0_0m;-1.00;0;0;0.00;-1.00
4500.00;4800.00;0.00;-1.00;E0_1_0m;-1.00;0;0;0.00;-1.00
4500.00;4800.00;1668.00;24.43;E0_0_100m;5.00;139;140;9.50;24.58
4500.00;4800.00;2256.00;24.97;E0_1_100m;5.00;188;188;12.55;25.14
4500.00;4800.00;1692.00;25.12;E0_0_200m;5.00;141;141;9.35;25.30
4500.00;4800.00;2208.00;25.81;E0_1_200m;5.00;184;184;11.88;26.01
4500.00;4800.00;1716.00;25.18;E0_0_300m;5.00;143;143;9.46;25.32
4500.00;4800.00;2244.00;25.82;E0_1_300m;5.00;187;187;12.07;26.01
4500.00;4800.00;1728.00;24.92;E0_0_400m;5.00;144;145;9.66;25.04
4500.00;4800.00;2244.00;25.67;E0_1_400m;5.00;187;187;12.14;25.85
4500.00;4800.00;1740.00;24.82;E0_0_500m;5.00;145;145;9.74;24.96
4500.00;4800.00;2256.00;25.53;E0_1_500m;5.00;188;188;12.27;25.69
4500.00;4800.00;1776.00;24.55;E0_0_600m;5.00;148;147;10.00;24.70
4500.00;4800.00;2268.00;25.53;E0_1_600m;5.00;189;189;12.34;25.68
4500.00;4800.00;1788.00;24.29;E0_0_700m;5.00;149;149;10.23;24.45
4500.00;4800.00;2256.00;25.55;E0_1_700m;5.00;188;188;12.26;25.69
4500.00;4800.00;1764.00;24.15;E0_0_800m;5.00;147;147;10.15;24.32
4500.00;4800.00;2244.00;25.62;E0_1_800m;5.00;187;187;12.16;25.76
4500.00;4800.00;1716.00;24.06;E0_0_900m;5.00;143;143;9.91;24.22
4500.00;4800.00;2256.00;25.66;E0_1_900m;5.00;188;187;12.19;25.79
4500.00;4800.00;1740.00;24.06;E0_0_1000m;5.00;145;145;10.04;24.22
4500.00;4800.00;2244.00;25.78;E0_1_1000m;5.00;187;187;12.09;25.91
4500.00;4800.00;1764.00;24.18;E0_0_1100m;5.00;147;147;10.13;24.32
4500.00;4800.00;2232.00;25.77;E0_1_1100m;5.00;186;186;12.03;25.91
4500.00;4800.00;1764.00;24.13;E0_0_1200m;5.00;147;147;10.15;24.26
4500.00;4800.00;2232.00;25.56;E0_1_1200m;5.00;186;186;12.13;25.67
4500.00;4800.00;1740.00;23.98;E0_0_1300m;5.00;145;145;10.08;24.13
4500.00;4800.00;2232.00;25.47;E0_1_1300m;5.00;186;186;12.17;25.59
4500.00;4800.00;1752.00;23.95;E0_0_1400m;5.00;146;146;10.16;24.08
4500.00;4800.00;2280.00;25.44;E0_1_1400m;5.00;190;190;12.45;25.56
4500.00;4800.00;1776.00;23.98;E0_0_1500m;5.00;148;149;10.31;24.11
4500.00;4800.00;2304.00;25.49;E0_1_1500m;5.00;192;192;12.56;25.62
4500.00;4800.00;1788.00;23.90;E0_0_1600m;5.00;149;149;10.39;24.04
4500.00;4800.00;2352.00;25.45;E0_1_1600m;5.00;196;196;12.84;25.57
4500.00;4800.00;1800.00;23.74;E0_0_1700m;5.00;150;151;10.54;23.89
4500.00;4800.00;2352.00;25.15;E0_1_1700m;5.00;196;196;12.99;25.25
4500.00;4800.00;1800.00;23.54;E0_0_1800m;5.00;150;150;10.62;23.67
4500.00;4800.00;2352.00;24.79;E0_1_1800m;5.00;196;196;13.18;24.88
4500.00;4800.00;1800.00;23.22;E0_0_1900m;5.00;150;150;10.77;23.34
4500.00;4800.00;2340.00;24.41;E0_1_1900m;5.00;195;195;13.31;24.50
4500.00;4800.00;1812.00;22.69;E0_0_2000m;5.00;151;151;11.09;22.80
4500.00;4800.00;2328.00;23.93;E0_1_2000m;5.00;194;195;13.54;24.03
4500.00;4800.00;1824.00;22.17;E0_0_2100m;5.00;152;152;11.43;22.25
4500.00;4800.00;2316.00;23.35;E0_1_2100m;5.00;193;193;13.78;23.46
4500.00;4800.00;1836.00;21.20;E0_0_2200m;5.00;153;154;12.07;21.26
4500.00;4800.00;2304.00;22.56;E0_1_2200m;5.00;192;192;14.19;22.70
4500.00;4800.00;1860.00;20.22;E0_0_2300m;5.00;155;155;12.78;20.31
4500.00;4800.00;2280.00;21.22;E0_1_2300m;5.00;190;189;14.92;21.39
4500.00;4800.00;1848.00;19.19;E0_0_2400m;5.00;154;155;13.45;19.33
4500.00;4800.00;2268.00;19.76;E0_1_2400m;5.00;189;190;15.99;19.98
4500.00;4800.00;1872.00;18.23;E0_0_2500m;5.00;156;156;14.27;18.37
4500.00;4800.00;2256.00;18.39;E0_1_2500m;5.00;188;187;16.96;18.64
4500.00;4800.00;1872.00;17.51;E0_0_2600m;5.00;156;157;14.85;17.64
4500.00;4800.00;2232.00;17.07;E0_1_2600m;5.00;186;186;18.16;17.34
4500.00;4800.00;1884.00;17.00;E0_0_2700m;5.00;157;158;15.48;17.10
4500.00;4800.00;2208.00;15.93;E0_1_2700m;5.00;184;184;19.25;16.20
4500.00;4800.00;1896.00;16.65;E0_0_2800m;5.00;158;158;15.81;16.72
4500.00;4800.00;2196.00;14.99;E0_1_2800m;5.00;183;182;20.32;15.21
4500.00;4800.00;1932.00;15.70;E0_0_2900m;5.00;161;161;17.10;15.78
4500.00;4800.00;2172.00;14.30;E0_1_2900m;5.00;181;181;21.09;14.43
4500.00;4800.00;1992.00;13.92;E0_0_3000m;5.00;166;165;19.78;13.98
4500.00;4800.00;2124.00;13.64;E0_1_3000m;5.00;177;177;21.63;13.66
4500.00;4800.00;1980.00;13.51;E0_0_3100m;5.00;165;165;20.35;13.54
4500.00;4800.00;2124.00;13.55;E0_1_3100m;5.00;177;177;21.78;13.57
4500.00;4800.00;2016.00;13.43;E0_0_3200m;5.00;168;168;20.85;13.44
4500.00;4800.00;2088.00;13.49;E0_1_3200m;5.00;174;174;21.50;13.50
4500.00;4800.00;2016.00;13.43;E0_0_3300m;5.00;168;168;20.92;13.43
4500.00;4800.00;2088.00;13.43;E0_1_3300m;5.00;174;174;21.60;13.43
4500.00;4800.00;2004.00;13.42;E0_0_3400m;5.00;167;167;20.74;13.42
4500.00;4800.00;2052.00;13.41;E0_1_3400m;5.00;171;170;21.24;13.41
4500.00;4800.00;2004.00;13.41;E0_0_3500m;5.00;167;167;20.76;13.41
4500.00;4800.00;2052.00;13.40;E0_1_3500m;5.00;171;171;21.27;13.40
4500.00;4800.00;1992.00;13.41;E0_0_3600m;5.00;166;167;20.72;13.41
4500.00;4800.00;2052.00;13.40;E0_1_3600m;5.00;171;171;21.27;13.40
4500.00;4800.00;2004.00;13.41;E0_0_3700m;5.00;167;166;20.69;13.41
4500.00;4800.00;2052.00;13.40;E0_1_3700m;5.00;171;171;21.26;13.40
4500.00;4800.00;1992.00;13.41;E0_0_3800m;5.00;166;167;20.65;13.41
4500.00;4800.00;2052.00;13.44;E0_1_3800m;5.00;171;172;21.27;13.45
4500.00;4800.00;1956.00;13.44;E0_0_3900m;5.00;163;163;20.21;13.45
4500.00;4800.00;2088.00;13.88;E0_1_3900m;5.00;174;174;20.89;14.03
4500.00;4800.00;1872.00;15.38;E0_0_4000m;5.00;156;157;16.91;15.60
4500.00;4800.00;2160.00;17.03;E0_1_4000m;5.00;180;180;17.61;17.61
4500.00;4800.00;1824.00;24.54;E0_0_4100m;5.00;152;153;10.39;24.64
4500.00;4800.00;2220.00;25.68;E0_1_4100m;5.00;185;185;12.01;25.74
4500.00;4800.00;1800.00;25.95;E0_0_4200m;5.00;150;150;9.64;26.12
4500.00;4800.00;2256.00;27.75;E0_1_4200m;5.00;188;188;11.29;27.94
4500.00;4800.00;1776.00;26.02;E0_0_4300m;5.00;148;148;9.48;26.20
4500.00;4800.00;2292.00;28.00;E0_1_4300m;5.00;191;191;11.37;28.21
4500.00;4800.00;1764.00;25.79;E0_0_4400m;5.00;147;148;9.53;25.96
4500.00;4800.00;2280.00;27.94;E0_1_4400m;5.00;190;191;11.34;28.13
4500.00;4800.00;1776.00;25.62;E0_0_4500m;5.00;148;148;9.63;25.75
4500.00;4800.00;2256.00;27.68;E0_1_4500m;5.00;188;189;11.38;27.84
4500.00;4800.00;1776.00;25.38;E0_0_4600m;5.00;148;148;9.72;25.52
4500.00;4800.00;2280.00;27.36;E0_1_4600m;5.00;190;190;11.57;27.49
4500.00;4800.00;1776.00;25.17;E0_0_4700m;5.00;148;148;9.80;25.32
4500.00;4800.00;2280.00;27.15;E0_1_4700m;5.00;190;190;11.66;27.26
4500.00;4800.00;1764.00;25.12;E0_0_4800m;5.00;147;147;9.76;25.28
4500.00;4800.00;2292.00;27.01;E0_1_4800m;5.00;191;191;11.78;27.13
4500.00;4800.00;1776.00;25.04;E0_0_4900m;5.00;148;148;9.85;25.23
4500.00;4800.00;2268.00;26.93;E0_1_4900m;5.00;189;189;11.70;27.06
4500.00;4800.00;1776.00;24.95;E0_0_5000m;5.00;148;149;9.91;25.14
4500.00;4800.00;2256.00;26.98;E0_1_5000m;5.00;188;188;11.61;27.11
4800.00;5100.00;0.00;-1.00;E0_0_0m;-1.00;0;0;0.00;-1.00
4800.00;5100.00;0.00;-1.00;E0_1_0m;-1.00;0;0;0.00;-1.00
4800.00;5100.00;1860.00;24.16;E0_0_100m;5.00;155;155;10.69;24.42
4800.00;5100.00;2304.00;25.35;E0_1_100m;5.00;192;192;12.62;25.54
4800.00;5100.00;1884.00;25.02;E0_0_200m;5.00;157;157;10.46;25.23
4800.00;5100.00;2328.00;26.32;E0_1_200m;5.00;194;195;12.31;26.52
4800.00;5100.00;1908.00;25.40;E0_0_300m;5.00;159;159;10.43;25.57
4800.00;5100.00;2292.00;26.54;E0_1_300m;5.00;191;191;12.00;26.71
4800.00;5100.00;1908.00;25.52;E0_0_400m;5.00;159;158;10.35;25.68
4800.00;5100.00;2292.00;26.66;E0_1_400m;5.00;191;191;11.94;26.84
4800.00;5100.00;1896.00;25.46;E0_0_500m;5.00;158;159;10.37;25.59
4800.00;5100.00;2292.00;26.67;E0_1_500m;5.00;191;191;11.94;26.84
4800.00;5100.00;1896.00;25.47;E0_0_600m;5.00;158;158;10.34;25.58
4800.00;5100.00;2292.00;26.63;E0_1_600m;5.00;191;191;11.96;26.80
4800.00;5100.00;1896.00;25.43;E0_0_700m;5.00;158;158;10.36;25.52
4800.00;5100.00;2292.00;26.42;E0_1_700m;5.00;191;191;12.05;26.59
4800.00;5100.00;1944.00;25.19;E0_0_800m;5.00;162;162;10.72;25.29
4800.00;5100.00;2304.00;26.15;E0_1_800m;5.00;192;192;12.24;26.32
4800.00;5100.00;1932.00;24.99;E0_0_900m;5.00;161;161;10.74;25.08
4800.00;5100.00;2340.00;25.93;E0_1_900m;5.00;195;195;12.53;26.09
4800.00;5100.00;1920.00;24.92;E0_0_1000m;5.00;160;160;10.70;25.00
4800.00;5100.00;2352.00;25.72;E0_1_1000m;5.00;196;196;12.70;25.85
4800.00;5100.00;1908.00;24.77;E0_0_1100m;5.00;159;159;10.70;24.84
4800.00;5100.00;2340.00;25.52;E0_1_1100m;5.00;195;195;12.73;25.63
4800.00;5100.00;1920.00;24.47;E0_0_1200m;5.00;160;160;10.90;24.54
4800.00;5100.00;2340.00;25.38;E0_1_1200m;5.00;195;195;12.81;25.47
4800.00;5100.00;1932.00;24.40;E0_0_1300m;5.00;161;161;11.00;24.47
4800.00;5100.00;2352.00;25.30;E0_1_1300m;5.00;196;196;12.91;25.39
4800.00;5100.00;1884.00;24.33;E0_0_1400m;5.00;157;157;10.76;24.40
4800.00;5100.00;2340.00;25.26;E0_1_1400m;5.00;195;195;12.86;25.35
4800.00;5100.00;1872.00;24.39;E0_0_1500m;5.00;156;155;10.63;24.46
4800.00;5100.00;2292.00;25.25;E0_1_1500m;5.00;191;191;12.61;25.34
4800.00;5100.00;1848.00;24.51;E0_0_1600m;5.00;154;154;10.47;24.56
4800.00;5100.00;2256.00;25.27;E0_1_1600m;5.00;188;188;12.40;25.37
4800.00;5100.00;1848.00;24.55;E0_0_1700m;5.00;154;153;10.45;24.60
4800.00;5100.00;2244.00;25.35;E0_1_1700m;5.00;187;187;12.29;25.45
4800.00;5100.00;1812.00;24.42;E0_0_1800m;5.00;151;151;10.31;24.46
4800.00;5100.00;2256.00;25.49;E0_1_1800m;5.00;188;188;12.29;25.62
4800.00;5100.00;1824.00;24.26;E0_0_1900m;5.00;152;152;10.44;24.30
4800.00;5100.00;2232.00;25.51;E0_1_1900m;5.00;186;186;12.15;25.65
4800.00;5100.00;1848.00;23.88;E0_0_2000m;5.00;154;155;10.75;23.92
4800.00;5100.00;2208.00;25.26;E0_1_2000m;5.00;184;183;12.11;25.41
4800.00;5100.00;1860.00;23.35;E0_0_2100m;5.00;155;155;11.06;23.41
4800.00;5100.00;2196.00;24.53;E0_1_2100m;5.00;183;183;12.43;24.68
4800.00;5100.00;1872.00;22.58;E0_0_2200m;5.00;156;156;11.51;22.69
4800.00;5100.00;2196.00;23.60;E0_1_2200m;5.00;183;183;12.92;23.76
4800.00;5100.00;1848.00;21.78;E0_0_2300m;5.00;154;154;11.78;21.96
4800.00;5100.00;2208.00;22.49;E0_1_2300m;5.00;184;184;13.64;22.69
4800.00;5100.00;1860.00;20.87;E0_0_2400m;5.00;155;154;12.30;21.14
4800.00;5100.00;2208.00;21.28;E0_1_2400m;5.00;184;184;14.44;21.55
4800.00;5100.00;1860.00;19.75;E0_0_2500m;5.00;155;155;13.08;20.04
4800.00;5100.00;2208.00;20.05;E0_1_2500m;5.00;184;184;15.30;20.36
4800.00;5100.00;1872.00;18.58;E0_0_2600m;5.00;156;155;13.99;18.87
4800.00;5100.00;2220.00;18.71;E0_1_2600m;5.00;185;185;16.48;19.04
4800.00;5100.00;1896.00;17.59;E0_0_2700m;5.00;158;157;14.88;17.80
4800.00;5100.00;2196.00;17.24;E0_1_2700m;5.00;183;183;17.69;17.57
4800.00;5100.00;1884.00;16.91;E0_0_2800m;5.00;157;158;15.54;17.04
4800.00;5100.00;2184.00;15.94;E0_1_2800m;5.00;182;183;19.13;16.20
4800.00;5100.00;1920.00;15.58;E0_0_2900m;5.00;160;160;17.11;15.66
4800.00;5100.00;2160.00;14.74;E0_1_2900m;5.00;180;180;20.36;14.86
4800.00;5100.00;1944.00;13.96;E0_0_3000m;5.00;162;162;19.33;14.02
4800.00;5100.00;2112.00;13.67;E0_1_3000m;5.00;176;176;21.45;13.70
4800.00;5100.00;1956.00;13.53;E0_0_3100m;5.00;163;163;20.07;13.55
4800.00;5100.00;2088.00;13.51;E0_1_3100m;5.00;174;175;21.48;13.53
4800.00;5100.00;1956.00;13.44;E0_0_3200m;5.00;163;164;20.31;13.44
4800.00;5100.00;2088.00;13.44;E0_1_3200m;5.00;174;174;21.59;13.44
4800.00;5100.00;1968.00;13.42;E0_0_3300m;5.00;164;164;20.29;13.42
4800.00;5100.00;2088.00;13.40;E0_1_3300m;5.00;174;175;21.71;13.40
4800.00;5100.00;1980.00;13.41;E0_0_3400m;5.00;165;165;20.51;13.41
4800.00;5100.00;2100.00;13.40;E0_1_3400m;5.00;175;175;21.77;13.40
4800.00;5100.00;2004.00;13.41;E0_0_3500m;5.00;167;167;20.76;13.41
4800.00;5100.00;2100.00;13.40;E0_1_3500m;5.00;175;175;21.77;13.40
4800.00;5100.00;2004.00;13.41;E0_0_3600m;5.00;167;167;20.72;13.41
4800.00;5100.00;2100.00;13.37;E0_1_3600m;5.00;175;175;21.81;13.38
4800.00;5100.00;2004.00;13.41;E0_0_3700m;5.00;167;167;20.76;13.41
4800.00;5100.00;2100.00;13.38;E0_1_3700m;5.00;175;175;21.80;13.38
4800.00;5100.00;2004.00;13.41;E0_0_3800m;5.00;167;166;20.74;13.41
4800.00;5100.00;2100.00;13.35;E0_1_3800m;5.00;175;175;21.81;13.35
4800.00;5100.00;1992.00;13.42;E0_0_3900m;5.00;166;167;20.72;13.42
4800.00;5100.00;2100.00;13.38;E0_1_3900m;5.00;175;175;21.80;13.39
4800.00;5100.00;1944.00;15.34;E0_0_4000m;5.00;162;164;17.78;15.58
4800.00;5100.00;2148.00;16.27;E0_1_4000m;5.00;179;181;18.35;16.76
4800.00;5100.00;1932.00;24.83;E0_0_4100m;5.00;161;162;10.85;24.89
4800.00;5100.00;2172.00;25.70;E0_1_4100m;5.00;181;181;11.74;25.75
4800.00;5100.00;1884.00;26.39;E0_0_4200m;5.00;157;158;9.95;26.55
4800.00;5100.00;2232.00;27.79;E0_1_4200m;5.00;186;186;11.16;27.97
4800.00;5100.00;1872.00;26.34;E0_0_4300m;5.00;156;156;9.87;26.50
4800.00;5100.00;2220.00;27.75;E0_1_4300m;5.00;185;185;11.11;27.92
4800.00;5100.00;1896.00;26.20;E0_0_4400m;5.00;158;158;10.05;26.35
4800.00;5100.00;2220.00;27.45;E0_1_4400m;5.00;185;185;11.23;27.59
4800.00;5100.00;1896.00;26.05;E0_0_4500m;5.00;158;158;10.11;26.19
4800.00;5100.00;2232.00;27.16;E0_1_4500m;5.00;186;185;11.36;27.31
4800.00;5100.00;1860.00;25.83;E0_0_4600m;5.00;155;155;10.00;25.95
4800.00;5100.00;2256.00;26.85;E0_1_4600m;5.00;188;188;11.67;27.00
4800.00;5100.00;1836.00;25.45;E0_0_4700m;5.00;153;153;10.02;25.54
4800.00;5100.00;2280.00;26.37;E0_1_4700m;5.00;190;190;12.01;26.49
4800.00;5100.00;1872.00;25.13;E0_0_4800m;5.00;156;157;10.35;25.21
4800.00;5100.00;2292.00;26.00;E0_1_4800m;5.00;191;191;12.25;26.11
4800.00;5100.00;1872.00;24.75;E0_0_4900m;5.00;156;157;10.57;24.81
4800.00;5100.00;2304.00;25.76;E0_1_4900m;5.00;192;192;12.42;25.87
4800.00;5100.00;1884.00;24.47;E0_0_5000m;5.00;157;156;10.67;24.55
4800.00;5100.00;2316.00;25.58;E0_1_5000m;5.00;193;193;12.57;25.71
5100.00;5400.00;0.00;-1.00;E0_0_0m;-1.00;0;0;0.00;-1.00
5100.00;5400.00;0.00;-1.00;E0_1_0m;-1.00;0;0;0.00;-1.00
5100.00;5400.00;1404.00;25.94;E0_0_100m;5.00;117;117;7.52;26.10
5100.00;5400.00;1872.00;26.96;E0_1_100m;5.00;156;156;9.64;27.10
5100.00;5400.00;1392.00;26.77;E0_0_200m;5.00;116;116;7.22;27.01
5100.00;5400.00;1884.00;28.60;E0_1_200m;5.00;157;157;9.15;28.81
5100.00;5400.00;1404.00;27.00;E0_0_300m;5.00;117;117;7.22;27.21
5100.00;5400.00;1812.00;29.08;E0_1_300m;5.00;151;151;8.65;29.30
5100.00;5400.00;1440.00;27.03;E0_0_400m;5.00;120;120;7.40;27.21
5100.00;5400.00;1776.00;29.09;E0_1_400m;5.00;148;148;8.48;29.33
5100.00;5400.00;1440.00;26.88;E0_0_500m;5.00;120;119;7.41;27.06
5100.00;5400.00;1788.00;28.97;E0_1_500m;5.00;149;149;8.57;29.21
5100.00;5400.00;1380.00;26.77;E0_0_600m;5.00;115;116;7.18;26.92
5100.00;5400.00;1848.00;28.74;E0_1_600m;5.00;154;154;8.93;28.95
5100.00;5400.00;1392.00;26.61;E0_0_700m;5.00;116;117;7.29;26.74
5100.00;5400.00;1848.00;28.60;E0_1_700m;5.00;154;154;8.97;28.80
5100.00;5400.00;1404.00;26.48;E0_0_800m;5.00;117;118;7.42;26.62
5100.00;5400.00;1812.00;28.52;E0_1_800m;5.00;151;151;8.83;28.71
5100.00;5400.00;1392.00;26.44;E0_0_900m;5.00;116;116;7.31;26.58
5100.00;5400.00;1836.00;28.52;E0_1_900m;5.00;153;153;8.94;28.71
5100.00;5400.00;1392.00;26.57;E0_0_1000m;5.00;116;116;7.28;26.69
5100.00;5400.00;1836.00;28.57;E0_1_1000m;5.00;153;153;8.93;28.76
5100.00;5400.00;1440.00;26.49;E0_0_1100m;5.00;120;120;7.55;26.63
5100.00;5400.00;1812.00;28.59;E0_1_1100m;5.00;151;152;8.81;28.78
5100.00;5400.00;1428.00;26.48;E0_0_1200m;5.00;119;119;7.49;26.60
5100.00;5400.00;1848.00;28.28;E0_1_1200m;5.00;154;154;9.08;28.49
5100.00;5400.00;1416.00;26.31;E0_0_1300m;5.00;118;118;7.48;26.41
5100.00;5400.00;1848.00;28.07;E0_1_1300m;5.00;154;154;9.14;28.29
5100.00;5400.00;1416.00;26.13;E0_0_1400m;5.00;118;119;7.59;26.23
5100.00;5400.00;1872.00;28.01;E0_1_1400m;5.00;156;156;9.28;28.28
5100.00;5400.00;1440.00;26.01;E0_0_1500m;5.00;120;120;7.69;26.11
5100.00;5400.00;1860.00;27.88;E0_1_1500m;5.00;155;155;9.26;28.11
5100.00;5400.00;1416.00;25.96;E0_0_1600m;5.00;118;118;7.58;26.06
5100.00;5400.00;1884.00;27.78;E0_1_1600m;5.00;157;157;9.42;28.01
5100.00;5400.00;1440.00;25.80;E0_0_1700m;5.00;120;120;7.75;25.91
5100.00;5400.00;1872.00;27.60;E0_1_1700m;5.00;156;156;9.42;27.84
5100.00;5400.00;1476.00;25.57;E0_0_1800m;5.00;123;123;8.02;25.69
5100.00;5400.00;1872.00;27.31;E0_1_1800m;5.00;156;156;9.52;27.57
5100.00;5400.00;1524.00;25.28;E0_0_1900m;5.00;127;127;8.37;25.41
5100.00;5400.00;1896.00;26.89;E0_1_1900m;5.00;158;158;9.79;27.20
5100.00;5400.00;1572.00;24.93;E0_0_2000m;5.00;131;130;8.75;25.11
5100.00;5400.00;1896.00;26.40;E0_1_2000m;5.00;158;158;9.98;26.79
5100.00;5400.00;1560.00;24.54;E0_0_2100m;5.00;130;131;8.86;24.80
5100.00;5400.00;1884.00;25.80;E0_1_2100m;5.00;157;157;10.14;26.28
5100.00;5400.00;1560.00;23.74;E0_0_2200m;5.00;130;130;9.13;24.15
5100.00;5400.00;1884.00;25.15;E0_1_2200m;5.00;157;157;10.40;25.75
5100.00;5400.00;1536.00;22.70;E0_0_2300m;5.00;128;128;9.40;23.34
5100.00;5400.00;1908.00;24.04;E0_1_2300m;5.00;159;159;11.02;24.95
5100.00;5400.00;1572.00;21.72;E0_0_2400m;5.00;131;131;10.05;22.49
5100.00;5400.00;1920.00;22.85;E0_1_2400m;5.00;160;159;11.59;24.02
5100.00;5400.00;1608.00;20.70;E0_0_2500m;5.00;134;134;10.79;21.52
5100.00;5400.00;1944.00;21.40;E0_1_2500m;5.00;162;162;12.61;22.71
5100.00;5400.00;1680.00;19.65;E0_0_2600m;5.00;140;140;11.87;20.51
5100.00;5400.00;1944.00;19.68;E0_1_2600m;5.00;162;162;13.72;20.97
5100.00;5400.00;1716.00;18.59;E0_0_2700m;5.00;143;143;12.82;19.28
5100.00;5400.00;1992.00;18.08;E0_1_2700m;5.00;166;166;15.30;19.25
5100.00;5400.00;1740.00;17.84;E0_0_2800m;5.00;145;144;13.48;18.28
5100.00;5400.00;2052.00;16.67;E0_1_2800m;5.00;171;171;17.05;17.61
5100.00;5400.00;1800.00;16.24;E0_0_2900m;5.00;150;150;15.39;16.54
5100.00;5400.00;2052.00;15.33;E0_1_2900m;5.00;171;171;18.59;15.86
5100.00;5400.00;1860.00;14.23;E0_0_3000m;5.00;155;155;18.16;14.32
5100.00;5400.00;2040.00;13.86;E0_1_3000m;5.00;170;170;20.44;13.99
5100.00;5400.00;1920.00;13.60;E0_0_3100m;5.00;160;160;19.60;13.62
5100.00;5400.00;2016.00;13.67;E0_1_3100m;5.00;168;168;20.48;13.79
5100.00;5400.00;1944.00;13.46;E0_0_3200m;5.00;162;161;19.97;13.46
5100.00;5400.00;2004.00;13.57;E0_1_3200m;5.00;167;167;20.51;13.65
5100.00;5400.00;1944.00;13.43;E0_0_3300m;5.00;162;161;20.06;13.43
5100.00;5400.00;1992.00;13.46;E0_1_3300m;5.00;166;166;20.58;13.48
5100.00;5400.00;1956.00;13.41;E0_0_3400m;5.00;163;163;20.25;13.42
5100.00;5400.00;2040.00;13.41;E0_1_3400m;5.00;170;170;21.12;13.42
5100.00;5400.00;1968.00;13.42;E0_0_3500m;5.00;164;164;20.37;13.42
5100.00;5400.00;2052.00;13.37;E0_1_3500m;5.00;171;171;21.31;13.37
5100.00;5400.00;1980.00;13.41;E0_0_3600m;5.00;165;165;20.48;13.41
5100.00;5400.00;2064.00;13.36;E0_1_3600m;5.00;172;172;21.46;13.36
5100.00;5400.00;1992.00;13.41;E0_0_3700m;5.00;166;166;20.63;13.41
5100.00;5400.00;2088.00;13.36;E0_1_3700m;5.00;174;174;21.71;13.36
5100.00;5400.00;2004.00;13.42;E0_0_3800m;5.00;167;167;20.75;13.42
5100.00;5400.00;2088.00;13.35;E0_1_3800m;5.00;174;173;21.68;13.35
5100.00;5400.00;2028.00;13.58;E0_0_3900m;5.00;169;169;20.69;13.60
5100.00;5400.00;2076.00;13.37;E0_1_3900m;5.00;173;173;21.57;13.37
5100.00;5400.00;1980.00;15.56;E0_0_4000m;5.00;165;166;17.63;15.75
5100.00;5400.00;2124.00;15.71;E0_1_4000m;5.00;177;177;18.78;16.03
5100.00;5400.00;1896.00;25.11;E0_0_4100m;5.00;158;158;10.49;25.15
5100.00;5400.00;2196.00;25.67;E0_1_4100m;5.00;183;183;11.88;25.71
5100.00;5400.00;1884.00;26.64;E0_0_4200m;5.00;157;156;9.79;26.74
5100.00;5400.00;2220.00;28.55;E0_1_4200m;5.00;185;185;10.80;28.72
5100.00;5400.00;1908.00;26.58;E0_0_4300m;5.00;159;159;9.97;26.69
5100.00;5400.00;2184.00;28.86;E0_1_4300m;5.00;182;183;10.54;29.03
5100.00;5400.00;1908.00;26.47;E0_0_4400m;5.00;159;160;10.07;26.61
5100.00;5400.00;2196.00;28.70;E0_1_4400m;5.00;183;183;10.63;28.90
5100.00;5400.00;1896.00;26.38;E0_0_4500m;5.00;158;158;9.98;26.50
5100.00;5400.00;2196.00;28.54;E0_1_4500m;5.00;183;183;10.69;28.69
5100.00;5400.00;1932.00;26.27;E0_0_4600m;5.00;161;161;10.21;26.38
5100.00;5400.00;2172.00;28.43;E0_1_4600m;5.00;181;181;10.61;28.58
5100.00;5400.00;1920.00;26.11;E0_0_4700m;5.00;160;160;10.21;26.19
5100.00;5400.00;2184.00;28.21;E0_1_4700m;5.00;182;182;10.75;28.35
5100.00;5400.00;1920.00;25.92;E0_0_4800m;5.00;160;160;10.29;26.01
5100.00;5400.00;2172.00;27.94;E0_1_4800m;5.00;181;182;10.80;28.08
5100.00;5400.00;1920.00;25.97;E0_0_4900m;5.00;160;160;10.25;26.04
5100.00;5400.00;2172.00;27.74;E0_1_4900m;5.00;181;181;10.88;27.87
5100.00;5400.00;1896.00;25.92;E0_0_5000m;5.00;158;158;10.16;25.97
5100.00;5400.00;2184.00;27.48;E0_1_5000m;5.00;182;183;11.06;27.61
5400.00;5700.00;0.00;-1.00;E0_0_0m;-1.00;0;0;0.00;-1.00
5400.00;5700.00;0.00;-1.00;E0_1_0m;-1.00;0;0;0.00;-1.00
5400.00;5700.00;1572.00;26.20;E0_0_100m;5.00;131;132;8.34;26.34
5400.00;5700.00;2076.00;27.04;E0_1_100m;5.00;173;173;10.66;27.18
5400.00;5700.00;1560.00;26.81;E0_0_200m;5.00;130;130;8.08;26.95
5400.00;5700.00;2064.00;28.28;E0_1_200m;5.00;172;172;10.14;28.49
5400.00;5700.00;1572.00;26.87;E0_0_300m;5.00;131;131;8.13;27.01
5400.00;5700.00;2076.00;28.51;E0_1_300m;5.00;173;173;10.11;28.71
5400.00;5700.00;1584.00;26.82;E0_0_400m;5.00;132;134;8.25;26.95
5400.00;5700.00;2064.00;28.48;E0_1_400m;5.00;172;172;10.07;28.69
5400.00;5700.00;1584.00;26.84;E0_0_500m;5.00;132;132;8.20;26.94
5400.00;5700.00;2064.00;28.59;E0_1_500m;5.00;172;172;10.03;28.75
5400.00;5700.00;1548.00;26.76;E0_0_600m;5.00;129;129;8.03;26.86
5400.00;5700.00;2076.00;28.52;E0_1_600m;5.00;173;173;10.11;28.67
5400.00;5700.00;1548.00;26.59;E0_0_700m;5.00;129;128;8.06;26.68
5400.00;5700.00;2076.00;28.33;E0_1_700m;5.00;173;173;10.18;28.46
5400.00;5700.00;1548.00;26.50;E0_0_800m;5.00;129;128;8.06;26.59
5400.00;5700.00;2088.00;28.13;E0_1_800m;5.00;174;174;10.31;28.26
5400.00;5700.00;1548.00;26.45;E0_0_900m;5.00;129;129;8.13;26.53
5400.00;5700.00;2100.00;27.97;E0_1_900m;5.00;175;175;10.43;28.10
5400.00;5700.00;1548.00;26.39;E0_0_1000m;5.00;129;129;8.15;26.47
5400.00;5700.00;2100.00;27.92;E0_1_1000m;5.00;175;175;10.45;28.04
5400.00;5700.00;1548.00;26.27;E0_0_1100m;5.00;129;129;8.18;26.36
5400.00;5700.00;2076.00;27.90;E0_1_1100m;5.00;173;173;10.33;28.02
5400.00;5700.00;1536.00;26.24;E0_0_1200m;5.00;128;128;8.13;26.32
5400.00;5700.00;2064.00;27.82;E0_1_1200m;5.00;172;173;10.32;27.97
5400.00;5700.00;1584.00;26.09;E0_0_1300m;5.00;132;132;8.43;26.20
5400.00;5700.00;2052.00;27.83;E0_1_1300m;5.00;171;172;10.24;28.00
5400.00;5700.00;1572.00;26.07;E0_0_1400m;5.00;131;131;8.37;26.15
5400.00;5700.00;2088.00;27.71;E0_1_1400m;5.00;174;174;10.47;27.89
5400.00;5700.00;1572.00;25.87;E0_0_1500m;5.00;131;132;8.46;25.95
5400.00;5700.00;2088.00;27.62;E0_1_1500m;5.00;174;174;10.50;27.80
5400.00;5700.00;1572.00;25.77;E0_0_1600m;5.00;131;131;8.47;25.85
5400.00;5700.00;2088.00;27.49;E0_1_1600m;5.00;174;174;10.55;27.66
5400.00;5700.00;1560.00;25.63;E0_0_1700m;5.00;130;130;8.45;25.69
5400.00;5700.00;2100.00;27.43;E0_1_1700m;5.00;175;175;10.63;27.60
5400.00;5700.00;1512.00;25.54;E0_0_1800m;5.00;126;126;8.22;25.60
5400.00;5700.00;2112.00;27.40;E0_1_1800m;5.00;176;176;10.70;27.56
5400.00;5700.00;1476.00;25.49;E0_0_1900m;5.00;123;123;8.04;25.55
5400.00;5700.00;2112.00;27.34;E0_1_1900m;5.00;176;176;10.73;27.50
5400.00;5700.00;1476.00;25.43;E0_0_2000m;5.00;123;123;8.06;25.50
5400.00;5700.00;2064.00;27.31;E0_1_2000m;5.00;172;172;10.50;27.48
5400.00;5700.00;1548.00;25.35;E0_0_2100m;5.00;129;128;8.45;25.42
5400.00;5700.00;2052.00;27.13;E0_1_2100m;5.00;171;171;10.51;27.29
5400.00;5700.00;1536.00;25.23;E0_0_2200m;5.00;128;128;8.46;25.29
5400.00;5700.00;2076.00;26.84;E0_1_2200m;5.00;173;173;10.74;26.99
5400.00;5700.00;1560.00;25.14;E0_0_2300m;5.00;130;130;8.62;25.19
5400.00;5700.00;2088.00;26.51;E0_1_2300m;5.00;174;174;10.94;26.64
5400.00;5700.00;1584.00;24.92;E0_0_2400m;5.00;132;132;8.83;24.97
5400.00;5700.00;2076.00;26.22;E0_1_2400m;5.00;173;173;11.00;26.36
5400.00;5700.00;1584.00;24.42;E0_0_2500m;5.00;132;132;9.01;24.49
5400.00;5700.00;2076.00;25.66;E0_1_2500m;5.00;173;173;11.24;25.83
5400.00;5700.00;1572.00;23.66;E0_0_2600m;5.00;131;131;9.23;23.83
5400.00;5700.00;2028.00;24.73;E0_1_2600m;5.00;169;169;11.39;24.95
5400.00;5700.00;1560.00;22.35;E0_0_2700m;5.00;130;130;9.70;22.69
5400.00;5700.00;1968.00;23.37;E0_1_2700m;5.00;164;164;11.70;23.73
5400.00;5700.00;1584.00;20.05;E0_0_2800m;5.00;132;132;10.97;20.55
5400.00;5700.00;1896.00;20.97;E0_1_2800m;5.00;158;157;12.51;21.47
5400.00;5700.00;1548.00;17.66;E0_0_2900m;5.00;129;129;12.18;18.06
5400.00;5700.00;1860.00;17.68;E0_1_2900m;5.00;155;155;14.61;18.25
5400.00;5700.00;1560.00;14.59;E0_0_3000m;5.00;130;130;14.85;14.76
5400.00;5700.00;1824.00;14.33;E0_1_3000m;5.00;152;152;17.68;14.53
5400.00;5700.00;1596.00;13.72;E0_0_3100m;5.00;133;134;16.24;13.77
5400.00;5700.00;1752.00;13.81;E0_1_3100m;5.00;146;146;17.61;13.95
5400.00;5700.00;1608.00;13.52;E0_0_3200m;5.00;134;134;16.52;13.53
5400.00;5700.00;1740.00;13.57;E0_1_3200m;5.00;145;145;17.81;13.58
5400.00;5700.00;1608.00;13.46;E0_0_3300m;5.00;134;134;16.59;13.46
5400.00;5700.00;1752.00;13.45;E0_1_3300m;5.00;146;145;17.99;13.45
5400.00;5700.00;1608.00;13.42;E0_0_3400m;5.00;134;134;16.64;13.43
5400.00;5700.00;1680.00;13.42;E0_1_3400m;5.00;140;140;17.39;13.42
5400.00;5700.00;1584.00;13.41;E0_0_3500m;5.00;132;132;16.40;13.41
5400.00;5700.00;1656.00;13.43;E0_1_3500m;5.00;138;138;17.13;13.43
5400.00;5700.00;1572.00;13.41;E0_0_3600m;5.00;131;130;16.26;13.41
5400.00;5700.00;1656.00;13.42;E0_1_3600m;5.00;138;138;17.14;13.42
5400.00;5700.00;1560.00;13.41;E0_0_3700m;5.00;130;130;16.16;13.41
5400.00;5700.00;1632.00;13.41;E0_1_3700m;5.00;136;136;16.90;13.41
5400.00;5700.00;1608.00;13.41;E0_0_3800m;5.00;134;134;16.65;13.41
5400.00;5700.00;1680.00;13.41;E0_1_3800m;5.00;140;140;17.40;13.41
5400.00;5700.00;1656.00;13.39;E0_0_3900m;5.00;138;137;17.14;13.39
5400.00;5700.00;1692.00;13.52;E0_1_3900m;5.00;141;142;17.42;13.55
5400.00;5700.00;1668.00;15.06;E0_0_4000m;5.00;139;139;15.39;15.28
5400.00;5700.00;1704.00;16.37;E0_1_4000m;5.00;142;142;14.46;16.83
5400.00;5700.00;1704.00;25.25;E0_0_4100m;5.00;142;143;9.38;25.29
5400.00;5700.00;1692.00;26.00;E0_1_4100m;5.00;141;141;9.04;26.07
5400.00;5700.00;1668.00;27.21;E0_0_4200m;5.00;139;140;8.54;27.42
5400.00;5700.00;1704.00;28.92;E0_1_4200m;5.00;142;142;8.18;29.18
5400.00;5700.00;1608.00;27.13;E0_0_4300m;5.00;134;135;8.27;27.35
5400.00;5700.00;1776.00;29.17;E0_1_4300m;5.00;148;147;8.43;29.45
5400.00;5700.00;1608.00;26.97;E0_0_4400m;5.00;134;135;8.33;27.18
5400.00;5700.00;1764.00;29.28;E0_1_4400m;5.00;147;147;8.37;29.60
5400.00;5700.00;1608.00;26.84;E0_0_4500m;5.00;134;134;8.32;27.05
5400.00;5700.00;1764.00;29.17;E0_1_4500m;5.00;147;148;8.42;29.44
5400.00;5700.00;1584.00;26.76;E0_0_4600m;5.00;132;132;8.22;26.95
5400.00;5700.00;1776.00;28.97;E0_1_4600m;5.00;148;148;8.51;29.23
5400.00;5700.00;1548.00;26.60;E0_0_4700m;5.00;129;129;8.08;26.77
5400.00;5700.00;1836.00;28.71;E0_1_4700m;5.00;153;154;8.89;28.96
5400.00;5700.00;1548.00;26.40;E0_0_4800m;5.00;129;129;8.14;26.55
5400.00;5700.00;1824.00;28.67;E0_1_4800m;5.00;152;152;8.84;28.90
5400.00;5700.00;1548.00;26.29;E0_0_4900m;5.00;129;129;8.18;26.46
5400.00;5700.00;1824.00;28.56;E0_1_4900m;5.00;152;152;8.87;28.80
5400.00;5700.00;1488.00;26.21;E0_0_5000m;5.00;124;124;7.88;26.37
5400.00;5700.00;1872.00;28.49;E0_1_5000m;5.00;156;156;9.13;28.74
5700.00;6000.00;0.00;-1.00;E0_0_0m;-1.00;0;0;0.00;-1.00
5700.00;6000.00;0.00;-1.00;E0_1_0m;-1.00;0;0;0.00;-1.00
5700.00;6000.00;2064.00;24.76;E0_0_100m;5.00;172;172;11.58;24.92
5700.00;6000.00;2232.00;26.61;E0_1_100m;5.00;186;186;11.65;26.76
5700.00;6000.00;2040.00;25.23;E0_0_200m;5.00;170;171;11.27;25.42
5700.00;6000.00;2244.00;27.71;E0_1_200m;5.00;187;188;11.28;27.87
5700.00;6000.00;2016.00;25.08;E0_0_300m;5.00;168;169;11.19;25.29
5700.00;6000.00;2244.00;27.86;E0_1_300m;5.00;187;187;11.19;28.03
5700.00;6000.00;2004.00;25.04;E0_0_400m;5.00;167;168;11.16;25.26
5700.00;6000.00;2232.00;27.93;E0_1_400m;5.00;186;186;11.10;28.13
5700.00;6000.00;1980.00;25.04;E0_0_500m;5.00;165;165;10.98;25.29
5700.00;6000.00;2244.00;27.86;E0_1_500m;5.00;187;187;11.19;28.04
5700.00;6000.00;1956.00;25.05;E0_0_600m;5.00;163;163;10.85;25.28
5700.00;6000.00;2256.00;27.73;E0_1_600m;5.00;188;188;11.30;27.91
5700.00;6000.00;1920.00;25.02;E0_0_700m;5.00;160;161;10.67;25.24
5700.00;6000.00;2256.00;27.65;E0_1_700m;5.00;188;188;11.33;27.83
5700.00;6000.00;1908.00;25.00;E0_0_800m;5.00;159;159;10.60;25.21
5700.00;6000.00;2220.00;27.53;E0_1_800m;5.00;185;185;11.20;27.71
5700.00;6000.00;1860.00;25.24;E0_0_900m;5.00;155;156;10.25;25.40
5700.00;6000.00;2220.00;27.38;E0_1_900m;5.00;185;185;11.26;27.57
5700.00;6000.00;1884.00;25.22;E0_0_1000m;5.00;157;157;10.37;25.40
5700.00;6000.00;2208.00;27.26;E0_1_1000m;5.00;184;184;11.25;27.45
5700.00;6000.00;1848.00;25.44;E0_0_1100m;5.00;154;154;10.09;25.59
5700.00;6000.00;2220.00;27.19;E0_1_1100m;5.00;185;185;11.34;27.40
5700.00;6000.00;1884.00;25.53;E0_0_1200m;5.00;157;157;10.25;25.66
5700.00;6000.00;2208.00;27.17;E0_1_1200m;5.00;184;183;11.27;27.38
5700.00;6000.00;1860.00;25.61;E0_0_1300m;5.00;155;155;10.09;25.74
5700.00;6000.00;2196.00;27.14;E0_1_1300m;5.00;183;183;11.24;27.35
5700.00;6000.00;1824.00;25.59;E0_0_1400m;5.00;152;152;9.90;25.72
5700.00;6000.00;2160.00;27.16;E0_1_1400m;5.00;180;181;11.08;27.37
5700.00;6000.00;1824.00;25.70;E0_0_1500m;5.00;152;152;9.90;25.83
5700.00;6000.00;2136.00;27.19;E0_1_1500m;5.00;178;179;10.95;27.38
5700.00;6000.00;1812.00;25.74;E0_0_1600m;5.00;151;151;9.78;25.86
5700.00;6000.00;2148.00;27.26;E0_1_1600m;5.00;179;179;10.94;27.46
5700.00;6000.00;1800.00;25.78;E0_0_1700m;5.00;150;150;9.70;25.91
5700.00;6000.00;2148.00;27.31;E0_1_1700m;5.00;179;179;10.92;27.50
5700.00;6000.00;1812.00;25.80;E0_0_1800m;5.00;151;151;9.75;25.92
5700.00;6000.00;2136.00;27.37;E0_1_1800m;5.00;178;178;10.84;27.54
5700.00;6000.00;1776.00;25.83;E0_0_1900m;5.00;148;148;9.55;25.94
5700.00;6000.00;2136.00;27.43;E0_1_1900m;5.00;178;178;10.82;27.60
5700.00;6000.00;1764.00;25.81;E0_0_2000m;5.00;147;147;9.49;25.91
5700.00;6000.00;2160.00;27.51;E0_1_2000m;5.00;180;180;10.90;27.67
5700.00;6000.00;1716.00;25.88;E0_0_2100m;5.00;143;143;9.21;26.00
5700.00;6000.00;2148.00;27.56;E0_1_2100m;5.00;179;180;10.87;27.71
5700.00;6000.00;1716.00;25.80;E0_0_2200m;5.00;143;143;9.24;25.90
5700.00;6000.00;2136.00;27.50;E0_1_2200m;5.00;178;178;10.79;27.65
5700.00;6000.00;1680.00;25.69;E0_0_2300m;5.00;140;141;9.12;25.79
5700.00;6000.00;2136.00;27.39;E0_1_2300m;5.00;178;178;10.83;27.54
5700.00;6000.00;1644.00;25.33;E0_0_2400m;5.00;137;137;9.01;25.45
5700.00;6000.00;2124.00;26.92;E0_1_2400m;5.00;177;177;10.96;27.11
5700.00;6000.00;1620.00;24.30;E0_0_2500m;5.00;135;135;9.26;24.49
5700.00;6000.00;2088.00;25.79;E0_1_2500m;5.00;174;174;11.25;26.06
5700.00;6000.00;1620.00;22.79;E0_0_2600m;5.00;135;135;9.87;23.08
5700.00;6000.00;2136.00;23.64;E0_1_2600m;5.00;178;178;12.55;24.02
5700.00;6000.00;1656.00;20.68;E0_0_2700m;5.00;138;138;11.12;21.01
5700.00;6000.00;2184.00;21.29;E0_1_2700m;5.00;182;182;14.25;21.74
5700.00;6000.00;1704.00;18.12;E0_0_2800m;5.00;142;142;13.06;18.33
5700.00;6000.00;2172.00;18.64;E0_1_2800m;5.00;181;181;16.18;18.89
5700.00;6000.00;1752.00;16.34;E0_0_2900m;5.00;146;146;14.89;16.40
5700.00;6000.00;2112.00;15.94;E0_1_2900m;5.00;176;177;18.50;16.04
5700.00;6000.00;1764.00;14.60;E0_0_3000m;5.00;147;147;16.78;14.70
5700.00;6000.00;2088.00;13.83;E0_1_3000m;5.00;174;174;20.96;13.86
5700.00;6000.00;1800.00;13.85;E0_0_3100m;5.00;150;150;18.05;13.91
5700.00;6000.00;2052.00;13.57;E0_1_3100m;5.00;171;172;21.03;13.59
5700.00;6000.00;1788.00;13.55;E0_0_3200m;5.00;149;150;18.34;13.58
5700.00;6000.00;2052.00;13.55;E0_1_3200m;5.00;171;171;21.04;13.57
5700.00;6000.00;1848.00;13.50;E0_0_3300m;5.00;154;154;19.01;13.51
5700.00;6000.00;1980.00;13.49;E0_1_3300m;5.00;165;166;20.42;13.50
5700.00;6000.00;1848.00;13.43;E0_0_3400m;5.00;154;154;19.11;13.44
5700.00;6000.00;1980.00;13.49;E0_1_3400m;5.00;165;165;20.39;13.50
5700.00;6000.00;1836.00;13.42;E0_0_3500m;5.00;153;154;19.10;13.42
5700.00;6000.00;1980.00;13.45;E0_1_3500m;5.00;165;165;20.45;13.45
5700.00;6000.00;1848.00;13.42;E0_0_3600m;5.00;154;155;19.14;13.42
5700.00;6000.00;1980.00;13.42;E0_1_3600m;5.00;165;165;20.49;13.42
5700.00;6000.00;1848.00;13.41;E0_0_3700m;5.00;154;154;19.14;13.41
5700.00;6000.00;1980.00;13.41;E0_1_3700m;5.00;165;165;20.51;13.41
5700.00;6000.00;1812.00;13.41;E0_0_3800m;5.00;151;151;18.77;13.41
5700.00;6000.00;1968.00;13.41;E0_1_3800m;5.00;164;164;20.38;13.41
5700.00;6000.00;1788.00;13.58;E0_0_3900m;5.00;149;149;18.29;13.60
5700.00;6000.00;1920.00;13.71;E0_1_3900m;5.00;160;160;19.47;13.78
5700.00;6000.00;1764.00;15.66;E0_0_4000m;5.00;147;147;15.64;15.85
5700.00;6000.00;1920.00;16.56;E0_1_4000m;5.00;160;161;16.12;17.18
5700.00;6000.00;1692.00;25.07;E0_0_4100m;5.00;141;140;9.37;25.13
5700.00;6000.00;1956.00;26.11;E0_1_4100m;5.00;163;164;10.45;26.16
5700.00;6000.00;1632.00;27.20;E0_0_4200m;5.00;136;136;8.33;27.35
5700.00;6000.00;2040.00;29.05;E0_1_4200m;5.00;170;170;9.75;29.20
5700.00;6000.00;1668.00;27.25;E0_0_4300m;5.00;139;139;8.50;27.37
5700.00;6000.00;2004.00;29.41;E0_1_4300m;5.00;167;167;9.46;29.60
5700.00;6000.00;1668.00;27.08;E0_0_4400m;5.00;139;139;8.55;27.19
5700.00;6000.00;2016.00;29.34;E0_1_4400m;5.00;168;168;9.54;29.51
5700.00;6000.00;1680.00;26.93;E0_0_4500m;5.00;140;140;8.66;27.04
5700.00;6000.00;2004.00;29.19;E0_1_4500m;5.00;167;166;9.51;29.35
5700.00;6000.00;1692.00;26.70;E0_0_4600m;5.00;141;141;8.80;26.79
5700.00;6000.00;1992.00;29.05;E0_1_4600m;5.00;166;166;9.52;29.22
5700.00;6000.00;1656.00;26.61;E0_0_4700m;5.00;138;140;8.67;26.72
5700.00;6000.00;2016.00;28.77;E0_1_4700m;5.00;168;167;9.73;28.97
5700.00;6000.00;1680.00;26.59;E0_0_4800m;5.00;140;140;8.77;26.73
5700.00;6000.00;1992.00;28.79;E0_1_4800m;5.00;166;168;9.68;28.96
5700.00;6000.00;1692.00;26.49;E0_0_4900m;5.00;141;141;8.87;26.61
5700.00;6000.00;1980.00;28.70;E0_1_4900m;5.00;165;165;9.58;28.88
5700.00;6000.00;1704.00;26.36;E0_0_5000m;5.00;142;142;8.98;26.46
5700.00;6000.00;1956.00;28.64;E0_1_5000m;5.00;163;164;9.52;28.81
6000.00;6300.00;0.00;-1.00;E0_0_0m;-1.00;0;0;0.00;-1.00
6000.00;6300.00;0.00;-1.00;E0_1_0m;-1.00;0;0;0.00;-1.00
6000.00;6300.00;1680.00;22.63;E0_0_100m;5.00;140;141;10.34;22.74
6000.00;6300.00;2112.00;23.83;E0_1_100m;5.00;176;176;12.31;23.94
6000.00;6300.00;1608.00;25.70;E0_0_200m;5.00;134;134;8.69;26.03
6000.00;6300.00;2184.00;27.44;E0_1_200m;5.00;182;182;11.05;27.60
6000.00;6300.00;1656.00;26.01;E0_0_300m;5.00;138;138;8.84;26.35
6000.00;6300.00;2160.00;28.15;E0_1_300m;5.00;180;181;10.68;28.31
6000.00;6300.00;1704.00;26.12;E0_0_400m;5.00;142;141;9.03;26.43
6000.00;6300.00;2124.00;28.29;E0_1_400m;5.00;177;177;10.43;28.46
6000.00;6300.00;1692.00;25.91;E0_0_500m;5.00;141;142;9.09;26.20
6000.00;6300.00;2160.00;28.22;E0_1_500m;5.00;180;180;10.63;28.39
6000.00;6300.00;1728.00;25.69;E0_0_600m;5.00;144;144;9.34;26.02
6000.00;6300.00;2160.00;28.08;E0_1_600m;5.00;180;180;10.68;28.28
6000.00;6300.00;1776.00;25.27;E0_0_700m;5.00;148;147;9.75;25.64
6000.00;6300.00;2124.00;27.94;E0_1_700m;5.00;177;178;10.60;28.15
6000.00;6300.00;1776.00;24.80;E0_0_800m;5.00;148;148;9.95;25.15
6000.00;6300.00;2148.00;27.81;E0_1_800m;5.00;179;179;10.73;28.01
6000.00;6300.00;1800.00;24.47;E0_0_900m;5.00;150;149;10.20;24.79
6000.00;6300.00;2148.00;27.72;E0_1_900m;5.00;179;179;10.76;27.92
6000.00;6300.00;1740.00;24.32;E0_0_1000m;5.00;145;145;9.94;24.67
6000.00;6300.00;2160.00;27.53;E0_1_1000m;5.00;180;182;10.95;27.72
6000.00;6300.00;1752.00;23.98;E0_0_1100m;5.00;146;146;10.15;24.28
6000.00;6300.00;2172.00;27.34;E0_1_1100m;5.00;181;182;11.07;27.53
6000.00;6300.00;1704.00;23.60;E0_0_1200m;5.00;142;143;10.05;23.87
6000.00;6300.00;2196.00;27.22;E0_1_1200m;5.00;183;183;11.20;27.43
6000.00;6300.00;1740.00;23.48;E0_0_1300m;5.00;145;145;10.29;23.74
6000.00;6300.00;2172.00;26.99;E0_1_1300m;5.00;181;181;11.18;27.21
6000.00;6300.00;1764.00;23.19;E0_0_1400m;5.00;147;147;10.56;23.45
6000.00;6300.00;2220.00;26.73;E0_1_1400m;5.00;185;184;11.50;26.99
6000.00;6300.00;1788.00;22.87;E0_0_1500m;5.00;149;148;10.79;23.15
6000.00;6300.00;2208.00;26.30;E0_1_1500m;5.00;184;184;11.69;26.62
6000.00;6300.00;1788.00;22.27;E0_0_1600m;5.00;149;149;11.15;22.61
6000.00;6300.00;2208.00;25.34;E0_1_1600m;5.00;184;184;12.10;25.67
6000.00;6300.00;1776.00;20.93;E0_0_1700m;5.00;148;148;11.79;21.25
6000.00;6300.00;2208.00;23.44;E0_1_1700m;5.00;184;185;13.14;23.81
6000.00;6300.00;1788.00;19.00;E0_0_1800m;5.00;149;150;13.13;19.38
6000.00;6300.00;2172.00;20.30;E0_1_1800m;5.00;181;182;14.88;21.17
6000.00;6300.00;1836.00;17.05;E0_0_1900m;5.00;153;153;14.96;18.00
6000.00;6300.00;2076.00;15.63;E0_1_1900m;5.00;173;174;18.51;18.32
6000.00;6300.00;1884.00;13.43;E0_0_2000m;5.00;157;157;19.49;15.96
6000.00;6300.00;1908.00;11.37;E0_1_2000m;5.00;159;160;23.61;16.50
6000.00;6300.00;1848.00;10.62;E0_0_2100m;5.00;154;154;24.16;14.37
6000.00;6300.00;1836.00;9.57;E0_1_2100m;5.00;153;153;26.64;15.37
6000.00;6300.00;1776.00;9.56;E0_0_2200m;5.00;148;148;25.81;13.65
6000.00;6300.00;1764.00;8.72;E0_1_2200m;5.00;147;147;28.09;14.49
6000.00;6300.00;1716.00;8.90;E0_0_2300m;5.00;143;143;26.78;13.20
6000.00;6300.00;1692.00;7.99;E0_1_2300m;5.00;141;142;29.42;13.53
6000.00;6300.00;1656.00;8.25;E0_0_2400m;5.00;138;138;27.88;12.61
6000.00;6300.00;1632.00;7.31;E0_1_2400m;5.00;136;136;31.02;12.57
6000.00;6300.00;1608.00;7.71;E0_0_2500m;5.00;134;134;28.98;12.05
6000.00;6300.00;1560.00;6.67;E0_1_2500m;5.00;130;130;32.49;11.53
6000.00;6300.00;1512.00;7.02;E0_0_2600m;5.00;126;126;29.90;11.14
6000.00;6300.00;1476.00;6.10;E0_1_2600m;5.00;123;123;33.61;10.50
6000.00;6300.00;1440.00;6.24;E0_0_2700m;5.00;120;120;32.07;9.47
6000.00;6300.00;1356.00;5.39;E0_1_2700m;5.00;113;113;34.93;8.95
6000.00;6300.00;1344.00;5.56;E0_0_2800m;5.00;112;113;33.62;8.05
6000.00;6300.00;1260.00;4.85;E0_1_2800m;5.00;105;106;36.53;7.60
6000.00;6300.00;1296.00;5.06;E0_0_2900m;5.00;108;108;35.60;6.69
6000.00;6300.00;1212.00;4.46;E0_1_2900m;5.00;101;101;37.90;6.32
6000.00;6300.00;1224.00;4.66;E0_0_3000m;5.00;102;105;38.26;5.61
6000.00;6300.00;1188.00;4.90;E0_1_3000m;5.00;99;99;33.70;5.40
6000.00;6300.00;1152.00;5.77;E0_0_3100m;5.00;96;97;27.98;6.12
6000.00;6300.00;1188.00;5.74;E0_1_3100m;5.00;99;100;29.02;6.05
6000.00;6300.00;1140.00;5.64;E0_0_3200m;5.00;95;95;28.29;5.94
6000.00;6300.00;1164.00;5.60;E0_1_3200m;5.00;97;98;29.09;5.86
6000.00;6300.00;1116.00;5.30;E0_0_3300m;5.00;93;93;29.25;5.69
6000.00;6300.00;1152.00;5.36;E0_1_3300m;5.00;96;96;29.98;5.75
6000.00;6300.00;1080.00;5.22;E0_0_3400m;5.00;90;90;28.72;5.75
6000.00;6300.00;1116.00;5.20;E0_1_3400m;5.00;93;93;29.84;5.72
6000.00;6300.00;936.00;7.08;E0_0_3500m;5.00;78;90;23.63;8.43
6000.00;6300.00;1248.00;4.84;E0_1_3500m;5.00;104;106;36.15;7.57
6000.00;6300.00;828.00;15.17;E0_0_3600m;5.00;69;69;7.64;15.63
6000.00;6300.00;1368.00;10.62;E0_1_3600m;5.00;114;115;17.92;11.84
6000.00;6300.00;924.00;14.33;E0_0_3700m;5.00;77;80;9.11;15.22
6000.00;6300.00;1272.00;11.06;E0_1_3700m;5.00;106;109;16.32;11.95
6000.00;6300.00;984.00;14.43;E0_0_3800m;5.00;82;83;9.47;15.77
6000.00;6300.00;1248.00;10.18;E0_1_3800m;5.00;104;107;17.47;12.28
6000.00;6300.00;936.00;16.25;E0_0_3900m;5.00;78;81;8.20;16.50
6000.00;6300.00;1356.00;12.64;E0_1_3900m;5.00;113;116;15.03;12.97
6000.00;6300.00;864.00;17.56;E0_0_4000m;5.00;72;72;6.83;17.82
6000.00;6300.00;1476.00;14.76;E0_1_4000m;5.00;123;123;13.89;15.25
6000.00;6300.00;840.00;24.09;E0_0_4100m;5.00;70;70;4.84;24.39
6000.00;6300.00;1560.00;25.63;E0_1_4100m;5.00;130;131;8.50;25.76
6000.00;6300.00;816.00;26.08;E0_0_4200m;5.00;68;68;4.35;26.57
6000.00;6300.00;1584.00;27.91;E0_1_4200m;5.00;132;132;7.88;28.22
6000.00;6300.00;828.00;26.10;E0_0_4300m;5.00;69;70;4.42;26.56
6000.00;6300.00;1608.00;27.26;E0_1_4300m;5.00;134;134;8.19;27.89
6000.00;6300.00;828.00;25.86;E0_0_4400m;5.00;69;69;4.45;26.40
6000.00;6300.00;1596.00;27.16;E0_1_4400m;5.00;133;133;8.16;27.77
6000.00;6300.00;912.00;25.43;E0_0_4500m;5.00;76;76;4.98;26.20
6000.00;6300.00;1572.00;26.72;E0_1_4500m;5.00;131;134;8.28;27.49
6000.00;6300.00;900.00;24.06;E0_0_4600m;5.00;75;75;5.20;25.10
6000.00;6300.00;1620.00;24.71;E0_1_4600m;5.00;135;135;9.10;26.52
6000.00;6300.00;876.00;24.12;E0_0_4700m;5.00;73;73;5.04;25.36
6000.00;6300.00;1632.00;24.58;E0_1_4700m;5.00;136;137;9.25;26.16
6000.00;6300.00;900.00;25.08;E0_0_4800m;5.00;75;75;4.98;25.63
6000.00;6300.00;1596.00;26.00;E0_1_4800m;5.00;133;135;8.58;26.68
6000.00;6300.00;900.00;24.23;E0_0_4900m;5.00;75;76;6.38;26.01
6000.00;6300.00;1656.00;23.51;E0_1_4900m;5.00;138;139;9.84;26.54
6000.00;6300.00;924.00;26.26;E0_0_5000m;5.00;77;77;4.89;26.58
6000.00;6300.00;1704.00;26.79;E0_1_5000m;5.00;142;141;8.80;27.18
6300.00;6600.00;0.00;-1.00;E0_0_0m;-1.00;0;0;0.00;-1.00
6300.00;6600.00;0.00;-1.00;E0_1_0m;-1.00;0;0;0.00;-1.00
6300.00;6600.00;1728.00;21.36;E0_0_100m;5.00;144;145;11.29;21.43
6300.00;6600.00;2172.00;21.94;E0_1_100m;5.00;181;181;13.75;21.97
6300.00;6600.00;1692.00;24.57;E0_0_200m;5.00;141;141;9.56;24.89
6300.00;6600.00;2208.00;26.23;E0_1_200m;5.00;184;186;11.78;26.47
6300.00;6600.00;1692.00;24.53;E0_0_300m;5.00;141;141;9.58;24.89
6300.00;6600.00;2196.00;26.37;E0_1_300m;5.00;183;183;11.57;26.66
6300.00;6600.00;1740.00;24.33;E0_0_400m;5.00;145;145;9.93;24.69
6300.00;6600.00;2136.00;25.96;E0_1_400m;5.00;178;178;11.43;26.38
6300.00;6600.00;1716.00;23.85;E0_0_500m;5.00;143;144;10.11;24.33
6300.00;6600.00;2112.00;25.46;E0_1_500m;5.00;176;177;11.55;26.09
6300.00;6600.00;1752.00;23.40;E0_0_600m;5.00;146;146;10.40;24.01
6300.00;6600.00;2064.00;24.52;E0_1_600m;5.00;172;172;11.69;25.54
6300.00;6600.00;1692.00;23.15;E0_0_700m;5.00;141;141;10.15;23.84
6300.00;6600.00;2076.00;23.73;E0_1_700m;5.00;173;173;12.11;25.19
6300.00;6600.00;1656.00;22.62;E0_0_800m;5.00;138;139;10.23;23.41
6300.00;6600.00;2052.00;22.34;E0_1_800m;5.00;171;171;12.76;24.62
6300.00;6600.00;1644.00;19.82;E0_0_900m;5.00;137;137;11.52;21.64
6300.00;6600.00;1980.00;20.23;E0_1_900m;5.00;165;167;13.71;23.39
6300.00;6600.00;1620.00;15.92;E0_0_1000m;5.00;135;135;14.14;19.63
6300.00;6600.00;1896.00;16.41;E0_1_1000m;5.00;158;159;16.44;21.22
6300.00;6600.00;1608.00;12.58;E0_0_1100m;5.00;134;135;17.80;17.22
6300.00;6600.00;1740.00;11.78;E0_1_1100m;5.00;145;147;20.99;18.50
6300.00;6600.00;1584.00;9.68;E0_0_1200m;5.00;132;132;22.76;15.12
6300.00;6600.00;1632.00;8.91;E0_1_1200m;5.00;136;137;25.60;15.73
6300.00;6600.00;1500.00;8.05;E0_0_1300m;5.00;125;125;25.89;12.93
6300.00;6600.00;1560.00;7.41;E0_1_1300m;5.00;130;131;29.58;13.28
6300.00;6600.00;1416.00;6.96;E0_0_1400m;5.00;118;119;28.31;11.06
6300.00;6600.00;1464.00;6.37;E0_1_1400m;5.00;122;123;31.91;10.83
6300.00;6600.00;1380.00;6.12;E0_0_1500m;5.00;115;115;31.30;8.90
6300.00;6600.00;1368.00;5.54;E0_1_1500m;5.00;114;114;34.52;8.64
6300.00;6600.00;1332.00;5.38;E0_0_1600m;5.00;111;112;34.48;7.08
6300.00;6600.00;1284.00;4.84;E0_1_1600m;5.00;107;108;36.87;6.61
6300.00;6600.00;1284.00;4.91;E0_0_1700m;5.00;107;107;36.32;5.95
6300.00;6600.00;1224.00;4.37;E0_1_1700m;5.00;102;101;38.80;5.24
6300.00;6600.00;1248.00;4.53;E0_0_1800m;5.00;104;103;38.18;4.88
6300.00;6600.00;1152.00;3.97;E0_1_1800m;5.00;96;97;40.52;4.18
6300.00;6600.00;1200.00;4.26;E0_0_1900m;5.00;100;100;39.11;4.34
6300.00;6600.00;1128.00;3.77;E0_1_1900m;5.00;94;94;41.59;3.79
6300.00;6600.00;1200.00;4.17;E0_0_2000m;5.00;100;100;39.99;4.19
6300.00;6600.00;1128.00;3.74;E0_1_2000m;5.00;94;93;41.60;3.75
6300.00;6600.00;1200.00;4.18;E0_0_2100m;5.00;100;100;39.90;4.20
6300.00;6600.00;1128.00;3.79;E0_1_2100m;5.00;94;95;41.42;3.81
6300.00;6600.00;1212.00;4.21;E0_0_2200m;5.00;101;101;39.96;4.25
6300.00;6600.00;1140.00;3.85;E0_1_2200m;5.00;95;96;41.37;3.88
6300.00;6600.00;1224.00;4.25;E0_0_2300m;5.00;102;102;40.01;4.30
6300.00;6600.00;1164.00;3.91;E0_1_2300m;5.00;97;96;41.31;3.96
6300.00;6600.00;1224.00;4.30;E0_0_2400m;5.00;102;103;39.74;4.36
6300.00;6600.00;1176.00;3.98;E0_1_2400m;5.00;98;98;41.00;4.05
6300.00;6600.00;1236.00;4.37;E0_0_2500m;5.00;103;103;39.32;4.44
6300.00;6600.00;1176.00;4.02;E0_1_2500m;5.00;98;99;40.69;4.10
6300.00;6600.00;1248.00;4.43;E0_0_2600m;5.00;104;104;39.11;4.52
6300.00;6600.00;1188.00;4.08;E0_1_2600m;5.00;99;99;40.46;4.18
6300.00;6600.00;1260.00;4.52;E0_0_2700m;5.00;105;105;38.75;4.64
6300.00;6600.00;1200.00;4.12;E0_1_2700m;5.00;100;100;40.42;4.24
6300.00;6600.00;1284.00;4.61;E0_0_2800m;5.00;107;106;38.62;4.75
6300.00;6600.00;1212.00;4.17;E0_1_2800m;5.00;101;100;39.96;4.31
6300.00;6600.00;1296.00;4.68;E0_0_2900m;5.00;108;108;38.42;4.86
6300.00;6600.00;1212.00;4.19;E0_1_2900m;5.00;101;100;39.95;4.37
6300.00;6600.00;1296.00;4.75;E0_0_3000m;5.00;108;109;39.09;5.29
6300.00;6600.00;1224.00;4.79;E0_1_3000m;5.00;102;102;35.47;4.97
6300.00;6600.00;1296.00;5.80;E0_0_3100m;5.00;108;107;30.77;6.02
6300.00;6600.00;1284.00;5.84;E0_1_3100m;5.00;107;106;30.28;6.06
6300.00;6600.00;1308.00;5.96;E0_0_3200m;5.00;109;109;30.37;6.19
6300.00;6600.00;1284.00;5.96;E0_1_3200m;5.00;107;107;29.80;6.21
6300.00;6600.00;1296.00;6.09;E0_0_3300m;5.00;108;109;29.66;6.35
6300.00;6600.00;1296.00;6.03;E0_1_3300m;5.00;108;107;29.67;6.31
6300.00;6600.00;1308.00;6.12;E0_0_3400m;5.00;109;110;29.83;6.53
6300.00;6600.00;1308.00;6.12;E0_1_3400m;5.00;109;109;29.67;6.55
6300.00;6600.00;1212.00;7.88;E0_0_3500m;5.00;101;108;23.11;9.27
6300.00;6600.00;1392.00;5.51;E0_1_3500m;5.00;116;116;35.12;7.97
6300.00;6600.00;1092.00;15.34;E0_0_3600m;5.00;91;92;9.99;16.60
6300.00;6600.00;1500.00;11.32;E0_1_3600m;5.00;125;129;18.95;12.31
6300.00;6600.00;1140.00;14.93;E0_0_3700m;5.00;95;96;10.67;15.82
6300.00;6600.00;1452.00;12.47;E0_1_3700m;5.00;121;123;16.25;12.96
6300.00;6600.00;1116.00;16.56;E0_0_3800m;5.00;93;95;9.43;16.75
6300.00;6600.00;1476.00;13.39;E0_1_3800m;5.00;123;125;15.49;13.60
6300.00;6600.00;1068.00;16.19;E0_0_3900m;5.00;89;94;9.56;16.38
6300.00;6600.00;1536.00;13.35;E0_1_3900m;5.00;128;132;16.13;13.79
6300.00;6600.00;1032.00;17.41;E0_0_4000m;5.00;86;90;8.47;17.72
6300.00;6600.00;1560.00;14.85;E0_1_4000m;5.00;130;134;14.74;15.31
6300.00;6600.00;960.00;25.15;E0_0_4100m;5.00;80;80;5.30;25.24
6300.00;6600.00;1584.00;25.62;E0_1_4100m;5.00;132;132;8.59;25.73
6300.00;6600.00;984.00;27.39;E0_0_4200m;5.00;82;82;4.99;27.55
6300.00;6600.00;1548.00;28.32;E0_1_4200m;5.00;129;129;7.59;28.67
6300.00;6600.00;996.00;27.12;E0_0_4300m;5.00;83;83;5.10;27.35
6300.00;6600.00;1548.00;28.08;E0_1_4300m;5.00;129;129;7.66;28.60
6300.00;6600.00;996.00;26.39;E0_0_4400m;5.00;83;83;5.24;26.93
6300.00;6600.00;1548.00;27.18;E0_1_4400m;5.00;129;129;7.91;28.09
6300.00;6600.00;960.00;26.53;E0_0_4500m;5.00;80;80;5.03;27.00
6300.00;6600.00;1512.00;26.76;E0_1_4500m;5.00;126;127;7.93;27.78
6300.00;6600.00;936.00;26.15;E0_0_4600m;5.00;78;78;4.97;26.69
6300.00;6600.00;1536.00;26.43;E0_1_4600m;5.00;128;128;8.07;27.44
6300.00;6600.00;948.00;26.10;E0_0_4700m;5.00;79;80;5.15;26.57
6300.00;6600.00;1536.00;25.99;E0_1_4700m;5.00;128;129;8.24;27.10
6300.00;6600.00;960.00;25.74;E0_0_4800m;5.00;80;80;5.18;26.24
6300.00;6600.00;1560.00;26.57;E0_1_4800m;5.00;130;129;8.12;27.30
6300.00;6600.00;972.00;26.38;E0_0_4900m;5.00;81;82;5.15;26.59
6300.00;6600.00;1536.00;26.87;E0_1_4900m;5.00;128;128;7.94;27.37
6300.00;6600.00;972.00;26.86;E0_0_5000m;5.00;81;81;5.03;27.05
6300.00;6600.00;1512.00;27.68;E0_1_5000m;5.00;126;126;7.59;27.95
6600.00;6900.00;0.00;-1.00;E0_0_0m;-1.00;0;0;0.00;-1.00
6600.00;6900.00;0.00;-1.00;E0_1_0m;-1.00;0;0;0.00;-1.00
6600.00;6900.00;1644.00;9.12;E0_0_100m;5.00;137;136;24.99;12.93
6600.00;6900.00;1620.00;8.28;E0_1_100m;5.00;135;136;27.30;12.86
6600.00;6900.00;1536.00;8.57;E0_0_200m;5.00;128;128;24.89;12.89
6600.00;6900.00;1608.00;7.92;E0_1_200m;5.00;134;133;28.13;13.28
6600.00;6900.00;1500.00;7.93;E0_0_300m;5.00;125;125;26.27;11.71
6600.00;6900.00;1524.00;7.11;E0_1_300m;5.00;127;127;29.76;11.37
6600.00;6900.00;1476.00;7.23;E0_0_400m;5.00;123;123;28.36;10.05
6600.00;6900.00;1440.00;6.23;E0_1_400m;5.00;120;120;32.09;9.18
6600.00;6900.00;1452.00;6.55;E0_0_500m;5.00;121;121;30.94;8.82
6600.00;6900.00;1356.00;5.56;E0_1_500m;5.00;113;113;34.11;7.25
6600.00;6900.00;1392.00;5.75;E0_0_600m;5.00;116;117;33.72;6.96
6600.00;6900.00;1296.00;4.91;E0_1_600m;5.00;108;108;36.67;5.63
6600.00;6900.00;1368.00;5.37;E0_0_700m;5.00;114;114;35.39;6.11
6600.00;6900.00;1248.00;4.59;E0_1_700m;5.00;104;103;37.77;4.97
6600.00;6900.00;1332.00;5.03;E0_0_800m;5.00;111;110;36.72;5.30
6600.00;6900.00;1212.00;4.31;E0_1_800m;5.00;101;102;39.12;4.42
6600.00;6900.00;1296.00;4.77;E0_0_900m;5.00;108;108;37.72;4.84
6600.00;6900.00;1212.00;4.21;E0_1_900m;5.00;101;100;39.90;4.25
6600.00;6900.00;1284.00;4.72;E0_0_1000m;5.00;107;108;38.03;4.79
6600.00;6900.00;1212.00;4.20;E0_1_1000m;5.00;101;100;39.78;4.25
6600.00;6900.00;1308.00;4.78;E0_0_1100m;5.00;109;108;37.97;4.84
6600.00;6900.00;1224.00;4.22;E0_1_1100m;5.00;102;102;40.04;4.27
6600.00;6900.00;1308.00;4.85;E0_0_1200m;5.00;109;109;37.63;4.91
6600.00;6900.00;1224.00;4.25;E0_1_1200m;5.00;102;103;40.02;4.29
6600.00;6900.00;1320.00;4.90;E0_0_1300m;5.00;110;110;37.42;4.95
6600.00;6900.00;1236.00;4.27;E0_1_1300m;5.00;103;102;39.88;4.31
6600.00;6900.00;1320.00;4.93;E0_0_1400m;5.00;110;110;37.22;4.97
6600.00;6900.00;1224.00;4.27;E0_1_1400m;5.00;102;103;40.06;4.31
6600.00;6900.00;1320.00;4.95;E0_0_1500m;5.00;110;111;37.19;5.00
6600.00;6900.00;1236.00;4.26;E0_1_1500m;5.00;103;102;40.01;4.31
6600.00;6900.00;1320.00;4.95;E0_0_1600m;5.00;110;110;37.20;4.99
6600.00;6900.00;1224.00;4.24;E0_1_1600m;5.00;102;102;40.50;4.29
6600.00;6900.00;1332.00;4.92;E0_0_1700m;5.00;111;111;37.56;4.97
6600.00;6900.00;1224.00;4.23;E0_1_1700m;5.00;102;103;40.22;4.29
6600.00;6900.00;1332.00;4.92;E0_0_1800m;5.00;111;111;37.63;4.97
6600.00;6900.00;1236.00;4.23;E0_1_1800m;5.00;103;102;40.37;4.29
6600.00;6900.00;1332.00;4.92;E0_0_1900m;5.00;111;111;37.60;4.98
6600.00;6900.00;1236.00;4.23;E0_1_1900m;5.00;103;103;40.57;4.29
6600.00;6900.00;1320.00;4.88;E0_0_2000m;5.00;110;110;37.54;4.95
6600.00;6900.00;1236.00;4.22;E0_1_2000m;5.00;103;103;40.68;4.29
6600.00;6900.00;1320.00;4.88;E0_0_2100m;5.00;110;111;37.81;4.95
6600.00;6900.00;1224.00;4.22;E0_1_2100m;5.00;102;102;40.42;4.29
6600.00;6900.00;1320.00;4.86;E0_0_2200m;5.00;110;110;37.72;4.93
6600.00;6900.00;1224.00;4.18;E0_1_2200m;5.00;102;102;40.47;4.25
6600.00;6900.00;1308.00;4.84;E0_0_2300m;5.00;109;110;37.61;4.91
6600.00;6900.00;1200.00;4.12;E0_1_2300m;5.00;100;101;40.71;4.19
6600.00;6900.00;1308.00;4.79;E0_0_2400m;5.00;109;109;37.73;4.87
6600.00;6900.00;1188.00;4.05;E0_1_2400m;5.00;99;99;40.74;4.11
6600.00;6900.00;1296.00;4.74;E0_0_2500m;5.00;108;108;37.99;4.81
6600.00;6900.00;1176.00;3.99;E0_1_2500m;5.00;98;98;41.34;4.04
6600.00;6900.00;1284.00;4.67;E0_0_2600m;5.00;107;108;38.32;4.75
6600.00;6900.00;1164.00;3.92;E0_1_2600m;5.00;97;97;41.27;3.97
6600.00;6900.00;1272.00;4.59;E0_0_2700m;5.00;106;107;38.66;4.66
6600.00;6900.00;1140.00;3.87;E0_1_2700m;5.00;95;96;41.20;3.91
6600.00;6900.00;1272.00;4.52;E0_0_2800m;5.00;106;106;39.08;4.59
6600.00;6900.00;1140.00;3.84;E0_1_2800m;5.00;95;96;41.68;3.88
6600.00;6900.00;1248.00;4.45;E0_0_2900m;5.00;104;105;39.23;4.53
6600.00;6900.00;1140.00;3.79;E0_1_2900m;5.00;95;95;41.80;3.85
6600.00;6900.00;1236.00;4.40;E0_0_3000m;5.00;103;105;39.91;4.95
6600.00;6900.00;1140.00;4.47;E0_1_3000m;5.00;95;95;35.41;4.66
6600.00;6900.00;1200.00;5.51;E0_0_3100m;5.00;100;100;30.23;5.57
6600.00;6900.00;1176.00;5.50;E0_1_3100m;5.00;98;98;29.72;5.55
6600.00;6900.00;1200.00;5.50;E0_0_3200m;5.00;100;100;30.19;5.59
6600.00;6900.00;1188.00;5.50;E0_1_3200m;5.00;99;98;29.87;5.59
6600.00;6900.00;1200.00;5.42;E0_0_3300m;5.00;100;99;30.66;5.58
6600.00;6900.00;1152.00;5.45;E0_1_3300m;5.00;96;97;29.62;5.60
6600.00;6900.00;1176.00;5.47;E0_0_3400m;5.00;98;98;29.76;5.86
6600.00;6900.00;1152.00;5.53;E0_1_3400m;5.00;96;96;28.92;5.90
6600.00;6900.00;1056.00;7.75;E0_0_3500m;5.00;88;97;23.59;8.86
6600.00;6900.00;1296.00;5.38;E0_1_3500m;5.00;108;109;33.51;7.69
6600.00;6900.00;1008.00;14.56;E0_0_3600m;5.00;84;84;10.68;15.48
6600.00;6900.00;1344.00;11.28;E0_1_3600m;5.00;112;114;16.67;11.90
6600.00;6900.00;1032.00;16.28;E0_0_3700m;5.00;86;88;8.97;16.51
6600.00;6900.00;1344.00;12.97;E0_1_3700m;5.00;112;116;14.73;13.52
6600.00;6900.00;996.00;16.11;E0_0_3800m;5.00;83;87;9.61;16.25
6600.00;6900.00;1392.00;12.77;E0_1_3800m;5.00;116;117;15.17;13.34
6600.00;6900.00;960.00;16.26;E0_0_3900m;5.00;80;82;8.33;17.04
6600.00;6900.00;1392.00;13.16;E0_1_3900m;5.00;116;120;14.98;13.46
6600.00;6900.00;912.00;17.38;E0_0_4000m;5.00;76;78;7.35;17.50
6600.00;6900.00;1416.00;14.94;E0_1_4000m;5.00;118;118;13.16;15.58
6600.00;6900.00;864.00;24.78;E0_0_4100m;5.00;72;73;4.86;24.94
6600.00;6900.00;1464.00;25.51;E0_1_4100m;5.00;122;123;8.04;25.69
6600.00;6900.00;864.00;26.44;E0_0_4200m;5.00;72;73;4.60;26.80
6600.00;6900.00;1440.00;28.05;E0_1_4200m;5.00;120;120;7.13;28.37
6600.00;6900.00;852.00;26.34;E0_0_4300m;5.00;71;71;4.49;26.70
6600.00;6900.00;1404.00;28.13;E0_1_4300m;5.00;117;117;6.93;28.55
6600.00;6900.00;852.00;26.06;E0_0_4400m;5.00;71;71;4.54;26.48
6600.00;6900.00;1428.00;27.94;E0_1_4400m;5.00;119;120;7.15;28.35
6600.00;6900.00;864.00;25.60;E0_0_4500m;5.00;72;72;4.69;26.07
6600.00;6900.00;1488.00;27.71;E0_1_4500m;5.00;124;124;7.46;28.14
6600.00;6900.00;816.00;25.59;E0_0_4600m;5.00;68;68;4.43;26.04
6600.00;6900.00;1512.00;27.54;E0_1_4600m;5.00;126;126;7.63;27.92
6600.00;6900.00;852.00;25.84;E0_0_4700m;5.00;71;71;4.58;26.24
6600.00;6900.00;1488.00;27.44;E0_1_4700m;5.00;124;125;7.58;27.86
6600.00;6900.00;828.00;25.73;E0_0_4800m;5.00;69;69;4.47;26.20
6600.00;6900.00;1536.00;27.03;E0_1_4800m;5.00;128;128;7.89;27.55
6600.00;6900.00;816.00;26.13;E0_0_4900m;5.00;68;68;4.34;26.43
6600.00;6900.00;1524.00;27.42;E0_1_4900m;5.00;127;127;7.72;27.82
6600.00;6900.00;828.00;26.10;E0_0_5000m;5.00;69;69;4.41;26.35
6600.00;6900.00;1512.00;27.84;E0_1_5000m;5.00;126;126;7.54;28.16
6900.00;7200.00;0.00;-1.00;E0_0_0m;-1.00;0;0;0.00;-1.00
6900.00;7200.00;0.00;-1.00;E0_1_0m;-1.00;0;0;0.00;-1.00
6900.00;7200.00;1296.00;4.86;E0_0_100m;5.00;108;109;37.29;4.89
6900.00;7200.00;1212.00;4.21;E0_1_100m;5.00;101;100;39.87;4.24
6900.00;7200.00;1308.00;4.82;E0_0_200m;5.00;109;109;37.68;4.86
6900.00;7200.00;1188.00;4.13;E0_1_200m;5.00;99;100;40.38;4.16
6900.00;7200.00;1296.00;4.79;E0_0_300m;5.00;108;108;37.56;4.83
6900.00;7200.00;1188.00;4.09;E0_1_300m;5.00;99;100;40.42;4.12
6900.00;7200.00;1284.00;4.76;E0_0_400m;5.00;107;108;37.59;4.80
6900.00;7200.00;1188.00;4.04;E0_1_400m;5.00;99;99;40.80;4.07
6900.00;7200.00;1296.00;4.71;E0_0_500m;5.00;108;107;37.99;4.75
6900.00;7200.00;1188.00;4.01;E0_1_500m;5.00;99;98;40.93;4.03
6900.00;7200.00;1284.00;4.68;E0_0_600m;5.00;107;106;37.98;4.72
6900.00;7200.00;1164.00;3.96;E0_1_600m;5.00;97;98;41.03;3.98
6900.00;7200.00;1272.00;4.64;E0_0_700m;5.00;106;107;38.11;4.67
6900.00;7200.00;1164.00;3.93;E0_1_700m;5.00;97;98;41.35;3.95
6900.00;7200.00;1272.00;4.61;E0_0_800m;5.00;106;106;38.35;4.63
6900.00;7200.00;1164.00;3.90;E0_1_800m;5.00;97;96;41.31;3.92
6900.00;7200.00;1260.00;4.58;E0_0_900m;5.00;105;105;38.21;4.60
6900.00;7200.00;1140.00;3.88;E0_1_900m;5.00;95;96;41.17;3.89
6900.00;7200.00;1272.00;4.56;E0_0_1000m;5.00;106;105;38.49;4.57
6900.00;7200.00;1140.00;3.85;E0_1_1000m;5.00;95;96;41.29;3.86
6900.00;7200.00;1260.00;4.52;E0_0_1100m;5.00;105;105;38.70;4.53
6900.00;7200.00;1140.00;3.84;E0_1_1100m;5.00;95;95;41.42;3.84
6900.00;7200.00;1260.00;4.51;E0_0_1200m;5.00;105;105;38.63;4.52
6900.00;7200.00;1140.00;3.84;E0_1_1200m;5.00;95;95;41.50;3.85
6900.00;7200.00;1260.00;4.51;E0_0_1300m;5.00;105;105;38.84;4.52
6900.00;7200.00;1140.00;3.86;E0_1_1300m;5.00;95;96;41.16;3.87
6900.00;7200.00;1260.00;4.53;E0_0_1400m;5.00;105;105;38.96;4.54
6900.00;7200.00;1152.00;3.89;E0_1_1400m;5.00;96;95;40.90;3.90
6900.00;7200.00;1272.00;4.55;E0_0_1500m;5.00;106;105;38.62;4.57
6900.00;7200.00;1152.00;3.94;E0_1_1500m;5.00;96;96;40.66;3.94
6900.00;7200.00;1272.00;4.57;E0_0_1600m;5.00;106;106;38.52;4.59
6900.00;7200.00;1164.00;3.95;E0_1_1600m;5.00;97;96;40.50;3.96
6900.00;7200.00;1272.00;4.62;E0_0_1700m;5.00;106;106;38.22;4.63
6900.00;7200.00;1164.00;3.97;E0_1_1700m;5.00;97;96;40.71;3.98
6900.00;7200.00;1272.00;4.66;E0_0_1800m;5.00;106;107;38.00;4.67
6900.00;7200.00;1164.00;3.99;E0_1_1800m;5.00;97;97;40.56;3.99
6900.00;7200.00;1284.00;4.68;E0_0_1900m;5.00;107;107;38.07;4.70
6900.00;7200.00;1164.00;4.01;E0_1_1900m;5.00;97;97;40.36;4.02
6900.00;7200.00;1284.00;4.70;E0_0_2000m;5.00;107;108;38.11;4.71
6900.00;7200.00;1164.00;4.01;E0_1_2000m;5.00;97;97;40.31;4.02
6900.00;7200.00;1296.00;4.71;E0_0_2100m;5.00;108;107;37.94;4.73
6900.00;7200.00;1176.00;4.04;E0_1_2100m;5.00;98;98;40.37;4.05
6900.00;7200.00;1296.00;4.73;E0_0_2200m;5.00;108;108;38.05;4.75
6900.00;7200.00;1188.00;4.05;E0_1_2200m;5.00;99;98;40.70;4.07
6900.00;7200.00;1296.00;4.75;E0_0_2300m;5.00;108;108;37.99;4.78
6900.00;7200.00;1188.00;4.06;E0_1_2300m;5.00;99;99;40.72;4.08
6900.00;7200.00;1308.00;4.78;E0_0_2400m;5.00;109;108;38.00;4.80
6900.00;7200.00;1188.00;4.07;E0_1_2400m;5.00;99;99;40.56;4.09
6900.00;7200.00;1308.00;4.82;E0_0_2500m;5.00;109;109;37.71;4.84
6900.00;7200.00;1188.00;4.06;E0_1_2500m;5.00;99;99;40.63;4.09
6900.00;7200.00;1308.00;4.86;E0_0_2600m;5.00;109;109;37.59;4.88
6900.00;7200.00;1188.00;4.05;E0_1_2600m;5.00;99;100;40.85;4.08
6900.00;7200.00;1320.00;4.89;E0_0_2700m;5.00;110;109;37.36;4.91
6900.00;7200.00;1200.00;4.05;E0_1_2700m;5.00;100;99;40.93;4.09
6900.00;7200.00;1320.00;4.93;E0_0_2800m;5.00;110;110;37.20;4.96
6900.00;7200.00;1200.00;4.07;E0_1_2800m;5.00;100;100;40.75;4.12
6900.00;7200.00;1344.00;4.98;E0_0_2900m;5.00;112;111;37.23;5.04
6900.00;7200.00;1212.00;4.14;E0_1_2900m;5.00;101;101;40.66;4.23
6900.00;7200.00;1308.00;5.17;E0_0_3000m;5.00;109;111;37.01;5.51
6900.00;7200.00;1260.00;4.63;E0_1_3000m;5.00;105;105;37.76;4.94
6900.00;7200.00;1284.00;6.01;E0_0_3100m;5.00;107;107;29.65;6.08
6900.00;7200.00;1272.00;6.02;E0_1_3100m;5.00;106;107;29.49;6.08
6900.00;7200.00;1272.00;6.10;E0_0_3200m;5.00;106;106;29.02;6.21
6900.00;7200.00;1272.00;6.12;E0_1_3200m;5.00;106;106;28.88;6.23
6900.00;7200.00;1296.00;6.17;E0_0_3300m;5.00;108;109;29.19;6.35
6900.00;7200.00;1308.00;6.14;E0_1_3300m;5.00;109;108;29.29;6.33
6900.00;7200.00;1320.00;6.17;E0_0_3400m;5.00;110;110;29.70;6.56
6900.00;7200.00;1320.00;6.19;E0_1_3400m;5.00;110;110;29.61;6.60
6900.00;7200.00;1200.00;8.28;E0_0_3500m;5.00;100;109;23.34;9.62
6900.00;7200.00;1428.00;6.55;E0_1_3500m;5.00;119;119;30.27;8.26
6900.00;7200.00;1164.00;15.06;E0_0_3600m;5.00;97;99;11.48;15.70
6900.00;7200.00;1476.00;10.98;E0_1_3600m;5.00;123;123;18.79;12.13
6900.00;7200.00;1152.00;16.18;E0_0_3700m;5.00;96;98;9.99;16.32
6900.00;7200.00;1500.00;13.07;E0_1_3700m;5.00;125;126;15.97;13.21
6900.00;7200.00;1104.00;16.25;E0_0_3800m;5.00;92;95;9.55;16.41
6900.00;7200.00;1536.00;12.63;E0_1_3800m;5.00;128;129;16.97;13.26
6900.00;7200.00;1128.00;16.45;E0_0_3900m;5.00;94;96;9.61;16.48
6900.00;7200.00;1536.00;12.29;E0_1_3900m;5.00;128;129;17.42;13.04
6900.00;7200.00;1128.00;17.39;E0_0_4000m;5.00;94;97;9.24;17.52
6900.00;7200.00;1536.00;14.74;E0_1_4000m;5.00;128;131;14.54;15.05
6900.00;7200.00;1080.00;24.90;E0_0_4100m;5.00;90;90;6.02;25.00
6900.00;7200.00;1620.00;25.52;E0_1_4100m;5.00;135;135;8.78;25.58
6900.00;7200.00;1056.00;26.52;E0_0_4200m;5.00;88;88;5.53;26.81
6900.00;7200.00;1632.00;28.00;E0_1_4200m;5.00;136;136;8.09;28.26
6900.00;7200.00;1092.00;26.35;E0_0_4300m;5.00;91;91;5.75;26.64
6900.00;7200.00;1608.00;28.02;E0_1_4300m;5.00;134;134;7.97;28.38
6900.00;7200.00;1056.00;26.24;E0_0_4400m;5.00;88;88;5.59;26.54
6900.00;7200.00;1608.00;28.01;E0_1_4400m;5.00;134;133;7.92;28.38
6900.00;7200.00;1068.00;25.94;E0_0_4500m;5.00;89;89;5.72;26.26
6900.00;7200.00;1584.00;27.78;E0_1_4500m;5.00;132;133;7.93;28.15
6900.00;7200.00;1020.00;25.84;E0_0_4600m;5.00;85;85;5.48;26.14
6900.00;7200.00;1620.00;27.61;E0_1_4600m;5.00;135;135;8.15;27.98
6900.00;7200.00;1020.00;25.62;E0_0_4700m;5.00;85;86;5.59;25.92
6900.00;7200.00;1584.00;27.39;E0_1_4700m;5.00;132;132;8.03;27.81
6900.00;7200.00;984.00;25.31;E0_0_4800m;5.00;82;84;5.43;25.71
6900.00;7200.00;1584.00;26.97;E0_1_4800m;5.00;132;132;8.16;27.37
6900.00;7200.00;972.00;25.60;E0_0_4900m;5.00;81;81;5.27;25.91
6900.00;7200.00;1620.00;27.10;E0_1_4900m;5.00;135;135;8.30;27.42
6900.00;7200.00;936.00;25.81;E0_0_5000m;5.00;78;78;5.04;26.06
6900.00;7200.00;1620.00;27.30;E0_1_5000m;5.00;135;135;8.24;27.55
7200.00;7500.00;0.00;-1.00;E0_0_0m;-1.00;0;0;0.00;-1.00
7200.00;7500.00;0.00;-1.00;E0_1_0m;-1.00;0;0;0.00;-1.00
7200.00;7500.00;1296.00;4.75;E0_0_100m;5.00;108;108;37.88;4.75
7200.00;7500.00;1176.00;4.05;E0_1_100m;5.00;98;98;40.29;4.06
7200.00;7500.00;1296.00;4.75;E0_0_200m;5.00;108;108;37.89;4.76
7200.00;7500.00;1188.00;4.03;E0_1_200m;5.00;99;98;40.56;4.03
7200.00;7500.00;1296.00;4.77;E0_0_300m;5.00;108;109;38.08;4.77
7200.00;7500.00;1188.00;4.04;E0_1_300m;5.00;99;98;40.74;4.04
7200.00;7500.00;1308.00;4.80;E0_0_400m;5.00;109;109;37.74;4.80
7200.00;7500.00;1188.00;4.06;E0_1_400m;5.00;99;99;40.64;4.06
7200.00;7500.00;1296.00;4.83;E0_0_500m;5.00;108;109;37.59;4.83
7200.00;7500.00;1188.00;4.07;E0_1_500m;5.00;99;99;40.52;4.08
7200.00;7500.00;1308.00;4.84;E0_0_600m;5.00;109;110;37.54;4.84
7200.00;7500.00;1188.00;4.08;E0_1_600m;5.00;99;99;40.60;4.08
7200.00;7500.00;1320.00;4.87;E0_0_700m;5.00;110;109;37.59;4.87
7200.00;7500.00;1188.00;4.09;E0_1_700m;5.00;99;99;40.44;4.09
7200.00;7500.00;1320.00;4.89;E0_0_800m;5.00;110;110;37.48;4.89
7200.00;7500.00;1188.00;4.10;E0_1_800m;5.00;99;100;40.34;4.11
7200.00;7500.00;1320.00;4.92;E0_0_900m;5.00;110;110;37.29;4.92
7200.00;7500.00;1212.00;4.14;E0_1_900m;5.00;101;100;40.37;4.14
7200.00;7500.00;1320.00;4.95;E0_0_1000m;5.00;110;110;37.07;4.95
7200.00;7500.00;1212.00;4.17;E0_1_1000m;5.00;101;101;40.31;4.18
7200.00;7500.00;1320.00;4.97;E0_0_1100m;5.00;110;111;37.10;4.98
7200.00;7500.00;1224.00;4.21;E0_1_1100m;5.00;102;101;40.11;4.22
7200.00;7500.00;1332.00;5.01;E0_0_1200m;5.00;111;111;37.07;5.01
7200.00;7500.00;1224.00;4.24;E0_1_1200m;5.00;102;101;39.78;4.26
7200.00;7500.00;1332.00;5.04;E0_0_1300m;5.00;111;112;36.77;5.05
7200.00;7500.00;1236.00;4.28;E0_1_1300m;5.00;103;102;39.96;4.31
7200.00;7500.00;1344.00;5.05;E0_0_1400m;5.00;112;111;36.61;5.06
7200.00;7500.00;1236.00;4.32;E0_1_1400m;5.00;103;104;39.77;4.35
7200.00;7500.00;1344.00;5.08;E0_0_1500m;5.00;112;112;36.72;5.10
7200.00;7500.00;1236.00;4.36;E0_1_1500m;5.00;103;104;39.71;4.39
7200.00;7500.00;1344.00;5.08;E0_0_1600m;5.00;112;112;36.75;5.09
7200.00;7500.00;1248.00;4.39;E0_1_1600m;5.00;104;104;39.50;4.43
7200.00;7500.00;1344.00;5.05;E0_0_1700m;5.00;112;112;36.96;5.07
7200.00;7500.00;1248.00;4.40;E0_1_1700m;5.00;104;104;39.40;4.44
7200.00;7500.00;1344.00;5.00;E0_0_1800m;5.00;112;111;37.24;5.03
7200.00;7500.00;1248.00;4.40;E0_1_1800m;5.00;104;104;39.38;4.45
7200.00;7500.00;1320.00;4.98;E0_0_1900m;5.00;110;111;37.15;5.03
7200.00;7500.00;1236.00;4.39;E0_1_1900m;5.00;103;104;39.37;4.44
7200.00;7500.00;1320.00;4.93;E0_0_2000m;5.00;110;110;37.28;4.99
7200.00;7500.00;1236.00;4.34;E0_1_2000m;5.00;103;104;39.83;4.40
7200.00;7500.00;1308.00;4.87;E0_0_2100m;5.00;109;110;37.54;4.94
7200.00;7500.00;1236.00;4.33;E0_1_2100m;5.00;103;103;39.74;4.39
7200.00;7500.00;1308.00;4.83;E0_0_2200m;5.00;109;109;37.61;4.90
7200.00;7500.00;1224.00;4.34;E0_1_2200m;5.00;102;102;39.22;4.41
7200.00;7500.00;1308.00;4.80;E0_0_2300m;5.00;109;108;37.71;4.87
7200.00;7500.00;1236.00;4.34;E0_1_2300m;5.00;103;102;39.22;4.41
7200.00;7500.00;1296.00;4.78;E0_0_2400m;5.00;108;109;37.77;4.86
7200.00;7500.00;1236.00;4.35;E0_1_2400m;5.00;103;103;39.42;4.43
7200.00;7500.00;1308.00;4.77;E0_0_2500m;5.00;109;109;38.06;4.86
7200.00;7500.00;1248.00;4.37;E0_1_2500m;5.00;104;103;39.24;4.45
7200.00;7500.00;1308.00;4.75;E0_0_2600m;5.00;109;108;37.91;4.85
7200.00;7500.00;1236.00;4.42;E0_1_2600m;5.00;103;103;39.15;4.50
7200.00;7500.00;1284.00;4.71;E0_0_2700m;5.00;107;108;38.29;4.81
7200.00;7500.00;1236.00;4.42;E0_1_2700m;5.00;103;104;38.89;4.52
7200.00;7500.00;1272.00;4.64;E0_0_2800m;5.00;106;107;38.23;4.78
7200.00;7500.00;1236.00;4.35;E0_1_2800m;5.00;103;102;39.32;4.48
7200.00;7500.00;1260.00;4.54;E0_0_2900m;5.00;105;105;38.52;4.71
7200.00;7500.00;1212.00;4.26;E0_1_2900m;5.00;101;101;39.52;4.44
7200.00;7500.00;1236.00;4.43;E0_0_3000m;5.00;103;104;39.43;4.84
7200.00;7500.00;1188.00;4.63;E0_1_3000m;5.00;99;100;35.79;4.98
7200.00;7500.00;1200.00;5.47;E0_0_3100m;5.00;100;100;30.49;5.73
7200.00;7500.00;1212.00;5.51;E0_1_3100m;5.00;101;100;30.44;5.79
7200.00;7500.00;1188.00;5.41;E0_0_3200m;5.00;99;99;30.67;5.68
7200.00;7500.00;1188.00;5.42;E0_1_3200m;5.00;99;99;30.45;5.69
7200.00;7500.00;1176.00;5.28;E0_0_3300m;5.00;98;97;30.88;5.58
7200.00;7500.00;1164.00;5.28;E0_1_3300m;5.00;97;97;30.65;5.56
7200.00;7500.00;1152.00;5.18;E0_0_3400m;5.00;96;96;31.22;5.62
7200.00;7500.00;1140.00;5.21;E0_1_3400m;5.00;95;96;30.57;5.63
7200.00;7500.00;1044.00;6.78;E0_0_3500m;5.00;87;95;25.61;7.96
7200.00;7500.00;1236.00;4.93;E0_1_3500m;5.00;103;104;34.95;6.96
7200.00;7500.00;1068.00;14.33;E0_0_3600m;5.00;89;91;10.48;15.32
7200.00;7500.00;1224.00;10.60;E0_1_3600m;5.00;102;107;16.39;12.00
7200.00;7500.00;1032.00;16.53;E0_0_3700m;5.00;86;90;8.86;16.66
7200.00;7500.00;1308.00;13.34;E0_1_3700m;5.00;109;111;13.77;13.54
7200.00;7500.00;948.00;16.38;E0_0_3800m;5.00;79;83;8.26;17.10
7200.00;7500.00;1356.00;13.12;E0_1_3800m;5.00;113;118;14.82;13.57
7200.00;7500.00;912.00;15.87;E0_0_3900m;5.00;76;79;8.22;16.15
7200.00;7500.00;1380.00;12.64;E0_1_3900m;5.00;115;118;15.36;13.44
7200.00;7500.00;840.00;16.85;E0_0_4000m;5.00;70;71;6.94;17.03
7200.00;7500.00;1500.00;14.63;E0_1_4000m;5.00;125;124;14.20;15.13
7200.00;7500.00;828.00;25.10;E0_0_4100m;5.00;69;69;4.58;25.18
7200.00;7500.00;1500.00;25.94;E0_1_4100m;5.00;125;126;8.07;26.02
7200.00;7500.00;840.00;27.98;E0_0_4200m;5.00;70;71;4.24;28.12
7200.00;7500.00;1536.00;28.91;E0_1_4200m;5.00;128;130;7.43;29.12
7200.00;7500.00;864.00;28.10;E0_0_4300m;5.00;72;73;4.34;28.26
7200.00;7500.00;1500.00;29.40;E0_1_4300m;5.00;125;127;7.14;29.58
7200.00;7500.00;888.00;28.05;E0_0_4400m;5.00;74;74;4.40;28.19
7200.00;7500.00;1488.00;29.12;E0_1_4400m;5.00;124;124;7.10;29.30
7200.00;7500.00;900.00;27.93;E0_0_4500m;5.00;75;76;4.54;28.07
7200.00;7500.00;1488.00;29.09;E0_1_4500m;5.00;124;125;7.11;29.31
7200.00;7500.00;924.00;27.81;E0_0_4600m;5.00;77;77;4.62;27.92
7200.00;7500.00;1476.00;28.82;E0_1_4600m;5.00;123;123;7.11;29.00
7200.00;7500.00;936.00;27.64;E0_0_4700m;5.00;78;78;4.70;27.76
7200.00;7500.00;1476.00;28.63;E0_1_4700m;5.00;123;123;7.16;28.77
7200.00;7500.00;936.00;27.44;E0_0_4800m;5.00;78;78;4.74;27.58
7200.00;7500.00;1500.00;28.53;E0_1_4800m;5.00;125;125;7.30;28.67
7200.00;7500.00;936.00;27.37;E0_0_4900m;5.00;78;79;4.77;27.48
7200.00;7500.00;1488.00;28.27;E0_1_4900m;5.00;124;125;7.34;28.41
7200.00;7500.00;924.00;27.60;E0_0_5000m;5.00;77;77;4.65;27.69
7200.00;7500.00;1548.00;28.51;E0_1_5000m;5.00;129;129;7.54;28.62
7500.00;7800.00;0.00;-1.00;E0_0_0m;-1.00;0;0;0.00;-1.00
7500.00;7800.00;0.00;-1.00;E0_1_0m;-1.00;0;0;0.00;-1.00
7500.00;7800.00;1320.00;4.91;E0_0_100m;5.00;110;109;37.12;4.93
7500.00;7800.00;1236.00;4.39;E0_1_100m;5.00;103;103;39.13;4.40
7500.00;7800.00;1308.00;4.88;E0_0_200m;5.00;109;110;37.35;4.91
7500.00;7800.00;1236.00;4.37;E0_1_200m;5.00;103;103;39.27;4.39
7500.00;7800.00;1308.00;4.84;E0_0_300m;5.00;109;109;37.28;4.87
7500.00;7800.00;1236.00;4.36;E0_1_300m;5.00;103;103;39.37;4.38
7500.00;7800.00;1308.00;4.83;E0_0_400m;5.00;109;108;37.63;4.86
7500.00;7800.00;1224.00;4.36;E0_1_400m;5.00;102;103;39.30;4.38
7500.00;7800.00;1308.00;4.78;E0_0_500m;5.00;109;108;37.72;4.81
7500.00;7800.00;1224.00;4.36;E0_1_500m;5.00;102;103;39.08;4.38
7500.00;7800.00;1296.00;4.73;E0_0_600m;5.00;108;107;38.02;4.77
7500.00;7800.00;1236.00;4.34;E0_1_600m;5.00;103;102;39.22;4.36
7500.00;7800.00;1284.00;4.69;E0_0_700m;5.00;107;107;38.04;4.73
7500.00;7800.00;1224.00;4.33;E0_1_700m;5.00;102;102;39.38;4.36
7500.00;7800.00;1272.00;4.62;E0_0_800m;5.00;106;106;38.26;4.66
7500.00;7800.00;1224.00;4.30;E0_1_800m;5.00;102;101;39.41;4.34
7500.00;7800.00;1272.00;4.56;E0_0_900m;5.00;106;106;38.71;4.62
7500.00;7800.00;1200.00;4.23;E0_1_900m;5.00;100;101;39.52;4.28
7500.00;7800.00;1248.00;4.49;E0_0_1000m;5.00;104;105;38.99;4.54
7500.00;7800.00;1188.00;4.16;E0_1_1000m;5.00;99;99;40.13;4.22
7500.00;7800.00;1248.00;4.41;E0_0_1100m;5.00;104;103;39.08;4.47
7500.00;7800.00;1164.00;4.05;E0_1_1100m;5.00;97;98;40.26;4.13
7500.00;7800.00;1236.00;4.31;E0_0_1200m;5.00;103;102;39.69;4.35
7500.00;7800.00;1152.00;3.95;E0_1_1200m;5.00;96;97;40.89;4.04
7500.00;7800.00;1212.00;4.23;E0_0_1300m;5.00;101;101;39.85;4.28
7500.00;7800.00;1128.00;3.84;E0_1_1300m;5.00;94;95;41.35;3.93
7500.00;7800.00;1200.00;4.14;E0_0_1400m;5.00;100;100;40.30;4.17
7500.00;7800.00;1116.00;3.73;E0_1_1400m;5.00;93;93;41.81;3.82
7500.00;7800.00;1176.00;4.06;E0_0_1500m;5.00;98;99;40.28;4.09
7500.00;7800.00;1116.00;3.62;E0_1_1500m;5.00;93;92;42.50;3.71
7500.00;7800.00;1176.00;4.00;E0_0_1600m;5.00;98;97;40.76;4.02
7500.00;7800.00;1080.00;3.54;E0_1_1600m;5.00;90;91;42.41;3.62
7500.00;7800.00;1152.00;3.95;E0_0_1700m;5.00;96;97;40.87;3.98
7500.00;7800.00;1068.00;3.47;E0_1_1700m;5.00;89;90;43.02;3.55
7500.00;7800.00;1152.00;3.94;E0_0_1800m;5.00;96;96;40.56;3.98
7500.00;7800.00;1056.00;3.44;E0_1_1800m;5.00;88;89;42.94;3.51
7500.00;7800.00;1164.00;3.95;E0_0_1900m;5.00;97;96;40.52;3.99
7500.00;7800.00;1068.00;3.42;E0_1_1900m;5.00;89;88;43.16;3.49
7500.00;7800.00;1164.00;3.97;E0_0_2000m;5.00;97;97;40.61;4.01
7500.00;7800.00;1068.00;3.41;E0_1_2000m;5.00;89;88;43.18;3.49
7500.00;7800.00;1176.00;4.00;E0_0_2100m;5.00;98;97;40.51;4.05
7500.00;7800.00;1068.00;3.41;E0_1_2100m;5.00;89;88;43.30;3.49
7500.00;7800.00;1164.00;4.01;E0_0_2200m;5.00;97;97;40.34;4.06
7500.00;7800.00;1068.00;3.41;E0_1_2200m;5.00;89;89;43.45;3.49
7500.00;7800.00;1164.00;4.01;E0_0_2300m;5.00;97;97;40.29;4.07
7500.00;7800.00;1068.00;3.42;E0_1_2300m;5.00;89;89;43.37;3.51
7500.00;7800.00;1164.00;3.99;E0_0_2400m;5.00;97;96;40.42;4.05
7500.00;7800.00;1068.00;3.42;E0_1_2400m;5.00;89;89;43.41;3.51
7500.00;7800.00;1152.00;3.99;E0_0_2500m;5.00;96;97;40.35;4.05
7500.00;7800.00;1068.00;3.44;E0_1_2500m;5.00;89;89;43.16;3.54
7500.00;7800.00;1164.00;4.00;E0_0_2600m;5.00;97;98;40.43;4.08
7500.00;7800.00;1080.00;3.47;E0_1_2600m;5.00;90;89;42.92;3.59
7500.00;7800.00;1188.00;4.06;E0_0_2700m;5.00;99;98;40.20;4.16
7500.00;7800.00;1092.00;3.52;E0_1_2700m;5.00;91;90;43.01;3.68
7500.00;7800.00;1200.00;4.14;E0_0_2800m;5.00;100;99;40.07;4.27
7500.00;7800.00;1092.00;3.58;E0_1_2800m;5.00;91;91;42.38;3.78
7500.00;7800.00;1200.00;4.20;E0_0_2900m;5.00;100;101;39.86;4.38
7500.00;7800.00;1116.00;3.67;E0_1_2900m;5.00;93;93;42.23;3.94
7500.00;7800.00;1188.00;4.23;E0_0_3000m;5.00;99;102;41.18;4.90
7500.00;7800.00;1176.00;4.69;E0_1_3000m;5.00;98;98;34.69;4.96
7500.00;7800.00;1164.00;5.81;E0_0_3100m;5.00;97;97;27.81;5.99
7500.00;7800.00;1188.00;5.82;E0_1_3100m;5.00;99;99;28.35;5.99
7500.00;7800.00;1176.00;5.85;E0_0_3200m;5.00;98;98;27.78;6.09
7500.00;7800.00;1200.00;5.83;E0_1_3200m;5.00;100;100;28.58;6.06
7500.00;7800.00;1188.00;5.81;E0_0_3300m;5.00;99;99;28.38;6.12
7500.00;7800.00;1212.00;5.85;E0_1_3300m;5.00;101;101;28.76;6.16
7500.00;7800.00;1200.00;5.79;E0_0_3400m;5.00;100;99;28.39;6.32
7500.00;7800.00;1212.00;5.90;E0_1_3400m;5.00;101;100;28.36;6.42
7500.00;7800.00;1080.00;7.71;E0_0_3500m;5.00;90;99;23.00;9.03
7500.00;7800.00;1320.00;5.51;E0_1_3500m;5.00;110;109;33.13;8.48
7500.00;7800.00;1008.00;14.77;E0_0_3600m;5.00;84;86;9.61;15.75
7500.00;7800.00;1404.00;12.23;E0_1_3600m;5.00;117;121;16.19;12.85
7500.00;7800.00;1032.00;13.33;E0_0_3700m;5.00;86;91;11.05;14.97
7500.00;7800.00;1368.00;12.02;E0_1_3700m;5.00;114;119;16.06;13.04
7500.00;7800.00;1008.00;16.11;E0_0_3800m;5.00;84;89;8.95;16.19
7500.00;7800.00;1368.00;13.11;E0_1_3800m;5.00;114;117;14.56;13.25
7500.00;7800.00;984.00;16.26;E0_0_3900m;5.00;82;84;8.53;16.52
7500.00;7800.00;1404.00;13.48;E0_1_3900m;5.00;117;119;14.59;14.00
7500.00;7800.00;924.00;17.61;E0_0_4000m;5.00;77;78;7.39;17.95
7500.00;7800.00;1476.00;15.10;E0_1_4000m;5.00;123;125;13.69;15.68
7500.00;7800.00;852.00;25.33;E0_0_4100m;5.00;71;71;4.67;25.41
7500.00;7800.00;1548.00;25.64;E0_1_4100m;5.00;129;129;8.39;25.80
7500.00;7800.00;852.00;27.90;E0_0_4200m;5.00;71;71;4.24;28.20
7500.00;7800.00;1536.00;28.64;E0_1_4200m;5.00;128;129;7.49;28.91
7500.00;7800.00;876.00;27.68;E0_0_4300m;5.00;73;74;4.40;27.92
7500.00;7800.00;1536.00;28.64;E0_1_4300m;5.00;128;129;7.48;29.01
7500.00;7800.00;864.00;27.61;E0_0_4400m;5.00;72;75;4.41;27.84
7500.00;7800.00;1572.00;28.52;E0_1_4400m;5.00;131;132;7.71;28.83
7500.00;7800.00;864.00;27.16;E0_0_4500m;5.00;72;72;4.42;27.41
7500.00;7800.00;1548.00;28.20;E0_1_4500m;5.00;129;131;7.69;28.60
7500.00;7800.00;852.00;27.13;E0_0_4600m;5.00;71;71;4.36;27.36
7500.00;7800.00;1584.00;27.82;E0_1_4600m;5.00;132;132;7.91;28.20
7500.00;7800.00;852.00;26.74;E0_0_4700m;5.00;71;72;4.43;27.02
7500.00;7800.00;1608.00;27.20;E0_1_4700m;5.00;134;134;8.21;27.61
7500.00;7800.00;900.00;26.80;E0_0_4800m;5.00;75;75;4.66;27.00
7500.00;7800.00;1548.00;27.16;E0_1_4800m;5.00;129;129;7.92;27.47
7500.00;7800.00;924.00;26.87;E0_0_4900m;5.00;77;77;4.78;27.07
7500.00;7800.00;1512.00;26.86;E0_1_4900m;5.00;126;126;7.82;27.19
7500.00;7800.00;900.00;26.98;E0_0_5000m;5.00;75;75;4.63;27.15
7500.00;7800.00;1500.00;27.26;E0_1_5000m;5.00;125;125;7.64;27.50
