interval_begin;interval_end;interval_flow;interval_harmonicMeanSpeed;interval_id;interval_length;interval_nVehContrib;interval_nVehEntered;interval_occupancy;interval_speed
0.00;300.00;0.00;-1.00;E0_0_0m;-1.00;0;0;0.00;-1.00
0.00;300.00;0.00;-1.00;E0_1_0m;-1.00;0;0;0.00;-1.00
0.00;300.00;1656.00;26.53;E0_0_100m;5.00;138;139;8.69;26.67
0.00;300.00;2136.00;28.04;E0_1_100m;5.00;178;178;10.58;28.18
0.00;300.00;1704.00;26.43;E0_0_200m;5.00;142;142;8.95;26.58
0.00;300.00;2064.00;28.24;E0_1_200m;5.00;172;172;10.15;28.44
0.00;300.00;1644.00;26.37;E0_0_300m;5.00;137;137;8.66;26.51
0.00;300.00;2064.00;28.18;E0_1_300m;5.00;172;172;10.17;28.39
0.00;300.00;1668.00;26.21;E0_0_400m;5.00;139;139;8.84;26.35
0.00;300.00;2004.00;28.10;E0_1_400m;5.00;167;167;9.90;28.31
0.00;300.00;1656.00;26.09;E0_0_500m;5.00;138;138;8.81;26.23
0.00;300.00;1956.00;27.97;E0_1_500m;5.00;163;164;9.74;28.17
0.00;300.00;1644.00;25.99;E0_0_600m;5.00;137;137;8.79;26.13
0.00;300.00;1920.00;28.02;E0_1_600m;5.00;160;161;9.56;28.22
0.00;300.00;1572.00;25.73;E0_0_700m;5.00;131;131;8.49;25.86
0.00;300.00;1932.00;27.90;E0_1_700m;5.00;161;161;9.62;28.10
0.00;300.00;1572.00;25.59;E0_0_800m;5.00;131;131;8.53;25.72
0.00;300.00;1920.00;27.79;E0_1_800m;5.00;160;160;9.60;27.98
0.00;300.00;1536.00;25.46;E0_0_900m;5.00;128;129;8.39;25.59
0.00;300.00;1896.00;27.65;E0_1_900m;5.00;158;158;9.52;27.85
0.00;300.00;1500.00;25.44;E0_0_1000m;5.00;125;125;8.19;25.61
0.00;300.00;1884.00;27.53;E0_1_1000m;5.00;157;157;9.51;27.72
0.00;300.00;1500.00;25.42;E0_0_1100m;5.00;125;126;8.22;25.62
0.00;300.00;1812.00;27.51;E0_1_1100m;5.00;151;151;9.15;27.73
0.00;300.00;1428.00;25.52;E0_0_1200m;5.00;119;119;7.77;25.71
0.00;300.00;1824.00;27.43;E0_1_1200m;5.00;152;152;9.24;27.66
0.00;300.00;1380.00;25.39;E0_0_1300m;5.00;115;115;7.55;25.58
0.00;300.00;1824.00;27.44;E0_1_1300m;5.00;152;152;9.23;27.68
0.00;300.00;1368.00;25.42;E0_0_1400m;5.00;114;114;7.47;25.61
0.00;300.00;1764.00;27.47;E0_1_1400m;5.00;147;148;8.96;27.72
0.00;300.00;1344.00;25.47;E0_0_1500m;5.00;112;112;7.33;25.66
0.00;300.00;1728.00;27.36;E0_1_1500m;5.00;144;144;8.77;27.63
0.00;300.00;1308.00;25.45;E0_0_1600m;5.00;109;109;7.14;25.64
0.00;300.00;1692.00;27.27;E0_1_1600m;5.00;141;141;8.62;27.54
0.00;300.00;1320.00;25.45;E0_0_1700m;5.00;110;110;7.20;25.65
0.00;300.00;1656.00;27.21;E0_1_1700m;5.00;138;138;8.45;27.49
0.00;300.00;1308.00;25.43;E0_0_1800m;5.00;109;109;7.14;25.62
0.00;300.00;1632.00;27.16;E0_1_1800m;5.00;136;136;8.34;27.44
0.00;300.00;1296.00;25.46;E0_0_1900m;5.00;108;109;7.11;25.66
0.00;300.00;1584.00;27.28;E0_1_1900m;5.00;132;133;8.12;27.58
0.00;300.00;1284.00;25.43;E0_0_2000m;5.00;107;107;7.01;25.64
0.00;300.00;1548.00;27.26;E0_1_2000m;5.00;129;129;7.89;27.56
0.00;300.00;1284.00;25.43;E0_0_2100m;5.00;107;107;7.01;25.65
0.00;300.00;1548.00;27.04;E0_1_2100m;5.00;129;129;7.95;27.29
0.00;300.00;1284.00;25.36;E0_0_2200m;5.00;107;107;7.03;25.57
0.00;300.00;1536.00;26.92;E0_1_2200m;5.00;128;128;7.92;27.16
0.00;300.00;1248.00;25.18;E0_0_2300m;5.00;104;105;6.92;25.36
0.00;300.00;1512.00;26.83;E0_1_2300m;5.00;126;126;7.83;27.09
0.00;300.00;1224.00;25.01;E0_0_2400m;5.00;102;102;6.80;25.19
0.00;300.00;1500.00;26.76;E0_1_2400m;5.00;125;125;7.79;27.01
0.00;300.00;1200.00;25.08;E0_0_2500m;5.00;100;100;6.65;25.26
0.00;300.00;1464.00;26.59;E0_1_2500m;5.00;122;123;7.66;26.83
0.00;300.00;1176.00;25.16;E0_0_2600m;5.00;98;98;6.49;25.35
0.00;300.00;1428.00;26.53;E0_1_2600m;5.00;119;119;7.47;26.77
0.00;300.00;1128.00;25.16;E0_0_2700m;5.00;94;94;6.23;25.33
0.00;300.00;1404.00;26.42;E0_1_2700m;5.00;117;117;7.38;26.65
0.00;300.00;1080.00;25.22;E0_0_2800m;5.00;90;90;5.95;25.38
0.00;300.00;1404.00;26.20;E0_1_2800m;5.00;117;117;7.44;26.41
0.00;300.00;1056.00;25.27;E0_0_2900m;5.00;88;88;5.80;25.41
0.00;300.00;1380.00;26.07;E0_1_2900m;5.00;115;115;7.35;26.27
0.00;300.00;1068.00;25.24;E0_0_3000m;5.00;89;89;5.88;25.39
0.00;300.00;1344.00;25.95;E0_1_3000m;5.00;112;112;7.19;26.15
0.00;300.00;1068.00;25.17;E0_0_3100m;5.00;89;89;5.89;25.33
0.00;300.00;1320.00;25.87;E0_1_3100m;5.00;110;110;7.09;26.06
0.00;300.00;1044.00;25.06;E0_0_3200m;5.00;87;87;5.79;25.23
0.00;300.00;1296.00;25.81;E0_1_3200m;5.00;108;108;6.97;25.99
0.00;300.00;1008.00;25.10;E0_0_3300m;5.00;84;84;5.58;25.29
0.00;300.00;1284.00;25.87;E0_1_3300m;5.00;107;107;6.89;26.04
0.00;300.00;972.00;25.18;E0_0_3400m;5.00;81;81;5.36;25.37
0.00;300.00;1260.00;25.99;E0_1_3400m;5.00;105;105;6.73;26.16
0.00;300.00;960.00;25.15;E0_0_3500m;5.00;80;80;5.30;25.34
0.00;300.00;1224.00;26.15;E0_1_3500m;5.00;102;102;6.50;26.31
0.00;300.00;972.00;25.13;E0_0_3600m;5.00;81;81;5.37;25.36
0.00;300.00;1188.00;26.34;E0_1_3600m;5.00;99;99;6.26;26.48
0.00;300.00;996.00;25.11;E0_0_3700m;5.00;83;83;5.51;25.34
0.00;300.00;1128.00;26.62;E0_1_3700m;5.00;94;94;5.88;26.78
0.00;300.00;972.00;25.01;E0_0_3800m;5.00;81;81;5.40;25.24
0.00;300.00;1104.00;26.63;E0_1_3800m;5.00;92;92;5.76;26.79
0.00;300.00;948.00;25.03;E0_0_3900m;5.00;79;79;5.26;25.28
0.00;300.00;1068.00;26.50;E0_1_3900m;5.00;89;90;5.63;26.67
0.00;300.00;912.00;24.96;E0_0_4000m;5.00;76;76;5.07;25.22
0.00;300.00;1044.00;26.40;E0_1_4000m;5.00;87;87;5.49;26.57
0.00;300.00;876.00;25.07;E0_0_4100m;5.00;73;73;4.85;25.33
0.00;300.00;1008.00;26.23;E0_1_4100m;5.00;84;84;5.34;26.38
0.00;300.00;864.00;25.35;E0_0_4200m;5.00;72;72;4.73;25.62
0.00;300.00;948.00;25.95;E0_1_4200m;5.00;79;79;5.07;26.09
0.00;300.00;828.00;25.47;E0_0_4300m;5.00;69;69;4.51;25.74
0.00;300.00;924.00;25.76;E0_1_4300m;5.00;77;77;4.98;25.89
0.00;300.00;780.00;25.64;E0_0_4400m;5.00;65;66;4.27;25.90
0.00;300.00;888.00;25.63;E0_1_4400m;5.00;74;74;4.81;25.76
0.00;300.00;744.00;25.78;E0_0_4500m;5.00;62;63;4.02;26.04
0.00;300.00;852.00;25.55;E0_1_4500m;5.00;71;71;4.63;25.68
0.00;300.00;720.00;25.88;E0_0_4600m;5.00;60;60;3.86;26.14
0.00;300.00;816.00;25.50;E0_1_4600m;5.00;68;68;4.44;25.64
0.00;300.00;708.00;25.89;E0_0_4700m;5.00;59;59;3.80;26.16
0.00;300.00;780.00;25.48;E0_1_4700m;5.00;65;65;4.25;25.63
0.00;300.00;708.00;25.90;E0_0_4800m;5.00;59;59;3.80;26.16
0.00;300.00;744.00;25.48;E0_1_4800m;5.00;62;63;4.11;25.64
0.00;300.00;696.00;25.90;E0_0_4900m;5.00;58;58;3.73;26.17
0.00;300.00;720.00;25.47;E0_1_4900m;5.00;60;60;3.93;25.63
0.00;300.00;684.00;25.91;E0_0_5000m;5.00;57;57;3.67;26.19
0.00;300.00;684.00;25.49;E0_1_5000m;5.00;57;57;3.73;25.65
300.00;600.00;0.00;-1.00;E0_0_0m;-1.00;0;0;0.00;-1.00
300.00;600.00;0.00;-1.00;E0_1_0m;-1.00;0;0;0.00;-1.00
300.00;600.00;1884.00;26.15;E0_0_100m;5.00;157;158;10.01;26.31
300.00;600.00;2244.00;27.29;E0_1_100m;5.00;187;187;11.42;27.46
300.00;600.00;1896.00;26.26;E0_0_200m;5.00;158;158;10.03;26.44
300.00;600.00;2208.00;27.63;E0_1_200m;5.00;184;184;11.10;27.84
300.00;600.00;1932.00;26.40;E0_0_300m;5.00;161;161;10.16;26.57
300.00;600.00;2160.00;27.66;E0_1_300m;5.00;180;180;10.85;27.87
300.00;600.00;1872.00;26.27;E0_0_400m;5.00;156;157;9.94;26.42
300.00;600.00;2172.00;27.64;E0_1_400m;5.00;181;181;10.91;27.85
300.00;600.00;1836.00;26.18;E0_0_500m;5.00;153;153;9.74;26.31
300.00;600.00;2196.00;27.46;E0_1_500m;5.00;183;183;11.11;27.65
300.00;600.00;1824.00;26.22;E0_0_600m;5.00;152;152;9.66;26.35
300.00;600.00;2208.00;27.30;E0_1_600m;5.00;184;183;11.19;27.49
300.00;600.00;1836.00;26.18;E0_0_700m;5.00;153;153;9.74;26.32
300.00;600.00;2196.00;27.03;E0_1_700m;5.00;183;183;11.28;27.22
300.00;600.00;1812.00;26.09;E0_0_800m;5.00;151;151;9.65;26.23
300.00;600.00;2160.00;26.74;E0_1_800m;5.00;180;180;11.22;26.93
300.00;600.00;1776.00;26.05;E0_0_900m;5.00;148;148;9.46;26.20
300.00;600.00;2196.00;26.58;E0_1_900m;5.00;183;183;11.48;26.78
300.00;600.00;1800.00;26.01;E0_0_1000m;5.00;150;150;9.61;26.16
300.00;600.00;2172.00;26.42;E0_1_1000m;5.00;181;181;11.42;26.64
300.00;600.00;1812.00;25.85;E0_0_1100m;5.00;151;150;9.71;26.00
300.00;600.00;2172.00;26.24;E0_1_1100m;5.00;181;181;11.50;26.45
300.00;600.00;1800.00;25.64;E0_0_1200m;5.00;150;150;9.75;25.77
300.00;600.00;2184.00;26.00;E0_1_1200m;5.00;182;182;11.67;26.20
300.00;600.00;1812.00;25.54;E0_0_1300m;5.00;151;151;9.85;25.66
300.00;600.00;2172.00;25.85;E0_1_1300m;5.00;181;181;11.67;26.03
300.00;600.00;1788.00;25.51;E0_0_1400m;5.00;149;149;9.73;25.62
300.00;600.00;2196.00;25.89;E0_1_1400m;5.00;183;182;11.74;26.05
300.00;600.00;1800.00;25.36;E0_0_1500m;5.00;150;150;9.86;25.47
300.00;600.00;2172.00;25.91;E0_1_1500m;5.00;181;181;11.64;26.07
300.00;600.00;1800.00;25.12;E0_0_1600m;5.00;150;150;9.95;25.23
300.00;600.00;2172.00;25.87;E0_1_1600m;5.00;181;181;11.66;26.05
300.00;600.00;1800.00;25.01;E0_0_1700m;5.00;150;150;10.00;25.11
300.00;600.00;2148.00;25.75;E0_1_1700m;5.00;179;179;11.59;25.94
300.00;600.00;1800.00;24.85;E0_0_1800m;5.00;150;150;10.06;24.95
300.00;600.00;2124.00;25.70;E0_1_1800m;5.00;177;177;11.48;25.92
300.00;600.00;1800.00;24.72;E0_0_1900m;5.00;150;150;10.11;24.82
300.00;600.00;2124.00;25.62;E0_1_1900m;5.00;177;176;11.46;25.85
300.00;600.00;1788.00;24.66;E0_0_2000m;5.00;149;149;10.07;24.76
300.00;600.00;2112.00;25.49;E0_1_2000m;5.00;176;176;11.51;25.70
300.00;600.00;1740.00;24.67;E0_0_2100m;5.00;145;146;9.86;24.79
300.00;600.00;2088.00;25.33;E0_1_2100m;5.00;174;174;11.45;25.52
300.00;600.00;1740.00;24.68;E0_0_2200m;5.00;145;145;9.79;24.79
300.00;600.00;2040.00;25.23;E0_1_2200m;5.00;170;170;11.23;25.43
300.00;600.00;1752.00;24.70;E0_0_2300m;5.00;146;146;9.88;24.83
300.00;600.00;2016.00;25.21;E0_1_2300m;5.00;168;168;11.11;25.44
300.00;600.00;1728.00;24.66;E0_0_2400m;5.00;144;144;9.73;24.81
300.00;600.00;2016.00;25.20;E0_1_2400m;5.00;168;168;11.11;25.44
300.00;600.00;1752.00;24.54;E0_0_2500m;5.00;146;146;9.92;24.67
300.00;600.00;2052.00;25.21;E0_1_2500m;5.00;171;170;11.29;25.46
300.00;600.00;1752.00;24.36;E0_0_2600m;5.00;146;146;9.99;24.46
300.00;600.00;2076.00;25.27;E0_1_2600m;5.00;173;173;11.41;25.53
300.00;600.00;1752.00;24.20;E0_0_2700m;5.00;146;146;10.05;24.29
300.00;600.00;2076.00;25.31;E0_1_2700m;5.00;173;173;11.39;25.59
300.00;600.00;1788.00;24.22;E0_0_2800m;5.00;149;149;10.25;24.31
300.00;600.00;2076.00;25.30;E0_1_2800m;5.00;173;173;11.40;25.60
300.00;600.00;1800.00;24.18;E0_0_2900m;5.00;150;150;10.34;24.27
300.00;600.00;2100.00;25.27;E0_1_2900m;5.00;175;175;11.54;25.58
300.00;600.00;1788.00;24.19;E0_0_3000m;5.00;149;149;10.27;24.29
300.00;600.00;2100.00;25.24;E0_1_3000m;5.00;175;175;11.56;25.55
300.00;600.00;1728.00;24.06;E0_0_3100m;5.00;144;144;9.97;24.16
300.00;600.00;2112.00;25.25;E0_1_3100m;5.00;176;177;11.66;25.57
300.00;600.00;1740.00;24.03;E0_0_3200m;5.00;145;145;10.06;24.15
300.00;600.00;2100.00;25.25;E0_1_3200m;5.00;175;175;11.55;25.59
300.00;600.00;1764.00;24.01;E0_0_3300m;5.00;147;147;10.21;24.12
300.00;600.00;2064.00;25.21;E0_1_3300m;5.00;172;172;11.37;25.56
300.00;600.00;1776.00;24.02;E0_0_3400m;5.00;148;148;10.27;24.13
300.00;600.00;2052.00;25.24;E0_1_3400m;5.00;171;171;11.29;25.61
300.00;600.00;1776.00;24.05;E0_0_3500m;5.00;148;149;10.26;24.16
300.00;600.00;2088.00;25.28;E0_1_3500m;5.00;174;174;11.47;25.65
300.00;600.00;1752.00;24.10;E0_0_3600m;5.00;146;146;10.10;24.20
300.00;600.00;2064.00;25.34;E0_1_3600m;5.00;172;173;11.35;25.71
300.00;600.00;1716.00;24.23;E0_0_3700m;5.00;143;143;9.84;24.35
300.00;600.00;2064.00;25.37;E0_1_3700m;5.00;172;173;11.31;25.74
300.00;600.00;1692.00;24.06;E0_0_3800m;5.00;141;141;9.77;24.18
300.00;600.00;2064.00;25.48;E0_1_3800m;5.00;172;172;11.25;25.86
300.00;600.00;1692.00;24.02;E0_0_3900m;5.00;141;141;9.78;24.14
300.00;600.00;2052.00;25.53;E0_1_3900m;5.00;171;170;11.13;25.91
300.00;600.00;1680.00;24.04;E0_0_4000m;5.00;140;140;9.71;24.13
300.00;600.00;2052.00;25.59;E0_1_4000m;5.00;171;171;11.14;25.96
300.00;600.00;1656.00;23.92;E0_0_4100m;5.00;138;138;9.61;24.01
300.00;600.00;2076.00;25.70;E0_1_4100m;5.00;173;173;11.22;26.07
300.00;600.00;1680.00;23.93;E0_0_4200m;5.00;140;140;9.75;24.02
300.00;600.00;2064.00;25.74;E0_1_4200m;5.00;172;172;11.14;26.10
300.00;600.00;1668.00;23.86;E0_0_4300m;5.00;139;139;9.71;23.95
300.00;600.00;2064.00;25.79;E0_1_4300m;5.00;172;172;11.11;26.15
300.00;600.00;1716.00;23.89;E0_0_4400m;5.00;143;143;9.98;23.99
300.00;600.00;2028.00;25.85;E0_1_4400m;5.00;169;169;10.90;26.20
300.00;600.00;1740.00;23.86;E0_0_4500m;5.00;145;144;10.12;23.97
300.00;600.00;2016.00;25.92;E0_1_4500m;5.00;168;168;10.80;26.25
300.00;600.00;1728.00;23.79;E0_0_4600m;5.00;144;144;10.09;23.90
300.00;600.00;2004.00;26.06;E0_1_4600m;5.00;167;168;10.75;26.38
300.00;600.00;1740.00;23.85;E0_0_4700m;5.00;145;145;10.13;23.96
300.00;600.00;1980.00;26.24;E0_1_4700m;5.00;165;165;10.48;26.57
300.00;600.00;1716.00;23.83;E0_0_4800m;5.00;143;143;10.00;23.93
300.00;600.00;1980.00;26.41;E0_1_4800m;5.00;165;164;10.36;26.74
300.00;600.00;1668.00;23.79;E0_0_4900m;5.00;139;140;9.75;23.89
300.00;600.00;1992.00;26.49;E0_1_4900m;5.00;166;166;10.44;26.84
300.00;600.00;1644.00;23.76;E0_0_5000m;5.00;137;138;9.61;23.84
300.00;600.00;1992.00;26.59;E0_1_5000m;5.00;166;166;10.41;26.91
600.00;900.00;0.00;-1.00;E0_0_0m;-1.00;0;0;0.00;-1.00
600.00;900.00;0.00;-1.00;E0_1_0m;-1.00;0;0;0.00;-1.00
600.00;900.00;1740.00;25.22;E0_0_100m;5.00;145;145;9.62;25.38
600.00;900.00;2136.00;26.56;E0_1_100m;5.00;178;178;11.17;26.74
600.00;900.00;1740.00;25.36;E0_0_200m;5.00;145;145;9.53;25.53
600.00;900.00;2112.00;26.75;E0_1_200m;5.00;176;176;10.96;27.00
600.00;900.00;1776.00;25.25;E0_0_300m;5.00;148;148;9.77;25.42
600.00;900.00;2100.00;26.91;E0_1_300m;5.00;175;175;10.84;27.18
600.00;900.00;1788.00;25.17;E0_0_400m;5.00;149;148;9.82;25.35
600.00;900.00;2136.00;26.86;E0_1_400m;5.00;178;178;11.04;27.15
600.00;900.00;1800.00;25.20;E0_0_500m;5.00;150;150;9.92;25.40
600.00;900.00;2172.00;26.82;E0_1_500m;5.00;181;182;11.26;27.10
600.00;900.00;1764.00;24.98;E0_0_600m;5.00;147;147;9.81;25.16
600.00;900.00;2208.00;26.73;E0_1_600m;5.00;184;184;11.47;26.98
600.00;900.00;1800.00;24.53;E0_0_700m;5.00;150;150;10.19;24.69
600.00;900.00;2208.00;26.47;E0_1_700m;5.00;184;184;11.59;26.73
600.00;900.00;1824.00;24.17;E0_0_800m;5.00;152;152;10.48;24.31
600.00;900.00;2232.00;25.99;E0_1_800m;5.00;186;186;11.93;26.25
600.00;900.00;1836.00;23.86;E0_0_900m;5.00;153;152;10.68;23.98
600.00;900.00;2220.00;25.71;E0_1_900m;5.00;185;185;11.99;25.97
600.00;900.00;1776.00;23.70;E0_0_1000m;5.00;148;148;10.41;23.81
600.00;900.00;2268.00;25.49;E0_1_1000m;5.00;189;189;12.36;25.76
600.00;900.00;1776.00;23.58;E0_0_1100m;5.00;148;148;10.46;23.71
600.00;900.00;2268.00;25.34;E0_1_1100m;5.00;189;189;12.43;25.60
600.00;900.00;1788.00;23.38;E0_0_1200m;5.00;149;149;10.62;23.49
600.00;900.00;2268.00;25.27;E0_1_1200m;5.00;189;189;12.46;25.54
600.00;900.00;1788.00;23.27;E0_0_1300m;5.00;149;149;10.67;23.38
600.00;900.00;2256.00;25.24;E0_1_1300m;5.00;188;188;12.41;25.51
600.00;900.00;1800.00;23.24;E0_0_1400m;5.00;150;151;10.77;23.35
600.00;900.00;2256.00;25.22;E0_1_1400m;5.00;188;188;12.42;25.51
600.00;900.00;1812.00;23.22;E0_0_1500m;5.00;151;152;10.86;23.33
600.00;900.00;2232.00;25.22;E0_1_1500m;5.00;186;187;12.31;25.50
600.00;900.00;1848.00;23.17;E0_0_1600m;5.00;154;154;11.08;23.26
600.00;900.00;2208.00;25.14;E0_1_1600m;5.00;184;185;12.21;25.41
600.00;900.00;1824.00;23.01;E0_0_1700m;5.00;152;152;11.01;23.09
600.00;900.00;2208.00;25.00;E0_1_1700m;5.00;184;184;12.27;25.25
600.00;900.00;1860.00;23.06;E0_0_1800m;5.00;155;155;11.20;23.13
600.00;900.00;2232.00;24.84;E0_1_1800m;5.00;186;186;12.48;25.10
600.00;900.00;1884.00;22.98;E0_0_1900m;5.00;157;157;11.39;23.05
600.00;900.00;2268.00;24.65;E0_1_1900m;5.00;189;189;12.78;24.89
600.00;900.00;1920.00;22.91;E0_0_2000m;5.00;160;160;11.64;22.99
600.00;900.00;2304.00;24.46;E0_1_2000m;5.00;192;192;13.08;24.67
600.00;900.00;1944.00;22.95;E0_0_2100m;5.00;162;161;11.70;23.04
600.00;900.00;2352.00;24.31;E0_1_2100m;5.00;196;196;13.44;24.49
600.00;900.00;1932.00;22.99;E0_0_2200m;5.00;161;162;11.69;23.08
600.00;900.00;2352.00;24.23;E0_1_2200m;5.00;196;197;13.50;24.39
600.00;900.00;1944.00;23.01;E0_0_2300m;5.00;162;161;11.67;23.11
600.00;900.00;2340.00;24.18;E0_1_2300m;5.00;195;196;13.46;24.34
600.00;900.00;1932.00;22.97;E0_0_2400m;5.00;161;161;11.68;23.05
600.00;900.00;2340.00;24.00;E0_1_2400m;5.00;195;195;13.54;24.15
600.00;900.00;1896.00;22.85;E0_0_2500m;5.00;158;158;11.53;22.93
600.00;900.00;2304.00;23.82;E0_1_2500m;5.00;192;192;13.43;23.95
600.00;900.00;1848.00;22.79;E0_0_2600m;5.00;154;155;11.30;22.86
600.00;900.00;2304.00;23.69;E0_1_2600m;5.00;192;192;13.51;23.82
600.00;900.00;1860.00;22.73;E0_0_2700m;5.00;155;155;11.36;22.80
600.00;900.00;2292.00;23.51;E0_1_2700m;5.00;191;191;13.54;23.62
600.00;900.00;1836.00;22.48;E0_0_2800m;5.00;153;153;11.35;22.56
600.00;900.00;2256.00;23.27;E0_1_2800m;5.00;188;189;13.48;23.36
600.00;900.00;1812.00;22.31;E0_0_2900m;5.00;151;151;11.28;22.38
600.00;900.00;2208.00;22.97;E0_1_2900m;5.00;184;185;13.36;23.05
600.00;900.00;1776.00;21.59;E0_0_3000m;5.00;148;148;11.42;21.65
600.00;900.00;2208.00;22.57;E0_1_3000m;5.00;184;185;13.60;22.62
600.00;900.00;1800.00;21.50;E0_0_3100m;5.00;150;151;11.66;21.54
600.00;900.00;2196.00;22.58;E0_1_3100m;5.00;183;183;13.49;22.63
600.00;900.00;1860.00;22.02;E0_0_3200m;5.00;155;155;11.73;22.04
600.00;900.00;2124.00;22.66;E0_1_3200m;5.00;177;177;13.02;22.74
600.00;900.00;1860.00;22.10;E0_0_3300m;5.00;155;155;11.69;22.12
600.00;900.00;2136.00;22.73;E0_1_3300m;5.00;178;178;13.05;22.82
600.00;900.00;1860.00;21.98;E0_0_3400m;5.00;155;155;11.75;22.02
600.00;900.00;2136.00;22.78;E0_1_3400m;5.00;178;178;13.03;22.87
600.00;900.00;1824.00;21.93;E0_0_3500m;5.00;152;152;11.62;21.97
600.00;900.00;2088.00;22.76;E0_1_3500m;5.00;174;175;12.81;22.85
600.00;900.00;1824.00;21.88;E0_0_3600m;5.00;152;152;11.58;21.93
600.00;900.00;2112.00;22.73;E0_1_3600m;5.00;176;176;12.89;22.81
600.00;900.00;1824.00;22.00;E0_0_3700m;5.00;152;152;11.52;22.03
600.00;900.00;2112.00;22.69;E0_1_3700m;5.00;176;175;12.92;22.76
600.00;900.00;1824.00;22.15;E0_0_3800m;5.00;152;152;11.44;22.17
600.00;900.00;2112.00;22.63;E0_1_3800m;5.00;176;176;12.96;22.69
600.00;900.00;1824.00;22.20;E0_0_3900m;5.00;152;152;11.41;22.22
600.00;900.00;2112.00;22.68;E0_1_3900m;5.00;176;176;12.94;22.73
600.00;900.00;1824.00;23.33;E0_0_4000m;5.00;152;152;10.86;23.40
600.00;900.00;2112.00;23.74;E0_1_4000m;5.00;176;176;12.35;23.85
600.00;900.00;1812.00;25.18;E0_0_4100m;5.00;151;151;9.99;25.33
600.00;900.00;2124.00;25.86;E0_1_4100m;5.00;177;177;11.41;26.05
600.00;900.00;1776.00;25.34;E0_0_4200m;5.00;148;149;9.81;25.49
600.00;900.00;2124.00;26.15;E0_1_4200m;5.00;177;178;11.34;26.38
600.00;900.00;1776.00;25.31;E0_0_4300m;5.00;148;148;9.75;25.46
600.00;900.00;2136.00;26.14;E0_1_4300m;5.00;178;179;11.37;26.36
600.00;900.00;1788.00;25.16;E0_0_4400m;5.00;149;149;9.84;25.30
600.00;900.00;2136.00;26.11;E0_1_4400m;5.00;178;179;11.38;26.33
600.00;900.00;1776.00;25.06;E0_0_4500m;5.00;148;148;9.84;25.19
600.00;900.00;2148.00;26.10;E0_1_4500m;5.00;179;179;11.43;26.31
600.00;900.00;1788.00;24.95;E0_0_4600m;5.00;149;149;9.95;25.08
600.00;900.00;2160.00;26.09;E0_1_4600m;5.00;180;179;11.43;26.29
600.00;900.00;1776.00;24.92;E0_0_4700m;5.00;148;148;9.90;25.04
600.00;900.00;2160.00;26.14;E0_1_4700m;5.00;180;181;11.50;26.35
600.00;900.00;1800.00;24.92;E0_0_4800m;5.00;150;150;10.03;25.03
600.00;900.00;2124.00;26.21;E0_1_4800m;5.00;177;177;11.25;26.42
600.00;900.00;1800.00;24.96;E0_0_4900m;5.00;150;151;10.07;25.05
600.00;900.00;2112.00;26.24;E0_1_4900m;5.00;176;176;11.18;26.41
600.00;900.00;1824.00;25.03;E0_0_5000m;5.00;152;151;10.12;25.12
600.00;900.00;2100.00;26.34;E0_1_5000m;5.00;175;175;11.07;26.49
900.00;1200.00;0.00;-1.00;E0_0_0m;-1.00;0;0;0.00;-1.00
900.00;1200.00;0.00;-1.00;E0_1_0m;-1.00;0;0;0.00;-1.00
900.00;1200.00;1680.00;26.05;E0_0_100m;5.00;140;142;9.02;26.22
900.00;1200.00;2280.00;27.64;E0_1_100m;5.00;190;190;11.46;27.81
900.00;1200.00;1680.00;26.14;E0_0_200m;5.00;140;140;8.93;26.32
900.00;1200.00;2280.00;28.01;E0_1_200m;5.00;190;190;11.31;28.13
900.00;1200.00;1716.00;26.06;E0_0_300m;5.00;143;143;9.15;26.22
900.00;1200.00;2244.00;28.21;E0_1_300m;5.00;187;187;11.05;28.32
900.00;1200.00;1728.00;25.92;E0_0_400m;5.00;144;145;9.30;26.06
900.00;1200.00;2244.00;28.26;E0_1_400m;5.00;187;187;11.03;28.36
900.00;1200.00;1704.00;25.85;E0_0_500m;5.00;142;142;9.16;25.99
900.00;1200.00;2256.00;28.13;E0_1_500m;5.00;188;187;11.12;28.23
900.00;1200.00;1704.00;25.75;E0_0_600m;5.00;142;142;9.19;25.90
900.00;1200.00;2256.00;28.02;E0_1_600m;5.00;188;188;11.18;28.11
900.00;1200.00;1692.00;25.67;E0_0_700m;5.00;141;142;9.19;25.81
900.00;1200.00;2244.00;27.96;E0_1_700m;5.00;187;187;11.14;28.05
900.00;1200.00;1668.00;25.56;E0_0_800m;5.00;139;139;9.06;25.71
900.00;1200.00;2244.00;27.95;E0_1_800m;5.00;187;187;11.15;28.02
900.00;1200.00;1692.00;25.43;E0_0_900m;5.00;141;141;9.24;25.58
900.00;1200.00;2244.00;27.92;E0_1_900m;5.00;187;187;11.16;28.00
900.00;1200.00;1704.00;25.27;E0_0_1000m;5.00;142;143;9.38;25.40
900.00;1200.00;2220.00;27.76;E0_1_1000m;5.00;185;185;11.11;27.86
900.00;1200.00;1716.00;25.24;E0_0_1100m;5.00;143;144;9.47;25.35
900.00;1200.00;2220.00;27.61;E0_1_1100m;5.00;185;185;11.17;27.72
900.00;1200.00;1716.00;25.21;E0_0_1200m;5.00;143;143;9.46;25.30
900.00;1200.00;2208.00;27.49;E0_1_1200m;5.00;184;184;11.16;27.61
900.00;1200.00;1704.00;25.20;E0_0_1300m;5.00;142;142;9.39;25.29
900.00;1200.00;2256.00;27.37;E0_1_1300m;5.00;188;188;11.45;27.50
900.00;1200.00;1704.00;25.03;E0_0_1400m;5.00;142;141;9.44;25.12
900.00;1200.00;2268.00;27.32;E0_1_1400m;5.00;189;190;11.54;27.46
900.00;1200.00;1716.00;24.88;E0_0_1500m;5.00;143;142;9.55;24.96
900.00;1200.00;2292.00;27.19;E0_1_1500m;5.00;191;190;11.69;27.34
900.00;1200.00;1692.00;24.81;E0_0_1600m;5.00;141;141;9.47;24.91
900.00;1200.00;2304.00;27.14;E0_1_1600m;5.00;192;191;11.78;27.30
900.00;1200.00;1680.00;24.84;E0_0_1700m;5.00;140;141;9.44;25.01
900.00;1200.00;2304.00;27.23;E0_1_1700m;5.00;192;194;11.81;27.41
900.00;1200.00;1680.00;24.77;E0_0_1800m;5.00;140;140;9.42;24.90
900.00;1200.00;2256.00;27.41;E0_1_1800m;5.00;188;188;11.43;27.60
900.00;1200.00;1656.00;24.78;E0_0_1900m;5.00;138;139;9.32;24.92
900.00;1200.00;2196.00;27.58;E0_1_1900m;5.00;183;183;11.06;27.77
900.00;1200.00;1620.00;24.81;E0_0_2000m;5.00;135;135;9.07;24.95
900.00;1200.00;2160.00;27.68;E0_1_2000m;5.00;180;181;10.85;27.87
900.00;1200.00;1596.00;24.88;E0_0_2100m;5.00;133;133;8.91;25.01
900.00;1200.00;2124.00;27.77;E0_1_2100m;5.00;177;177;10.62;27.96
900.00;1200.00;1608.00;24.80;E0_0_2200m;5.00;134;133;8.98;24.94
900.00;1200.00;2112.00;27.75;E0_1_2200m;5.00;176;176;10.55;27.96
900.00;1200.00;1608.00;24.91;E0_0_2300m;5.00;134;135;9.03;25.06
900.00;1200.00;2112.00;27.64;E0_1_2300m;5.00;176;175;10.60;27.90
900.00;1200.00;1584.00;24.80;E0_0_2400m;5.00;132;132;8.87;24.95
900.00;1200.00;2148.00;27.25;E0_1_2400m;5.00;179;179;10.95;27.51
900.00;1200.00;1572.00;24.66;E0_0_2500m;5.00;131;131;8.85;24.80
900.00;1200.00;2148.00;26.88;E0_1_2500m;5.00;179;179;11.10;27.15
900.00;1200.00;1608.00;24.53;E0_0_2600m;5.00;134;133;9.07;24.66
900.00;1200.00;2124.00;26.49;E0_1_2600m;5.00;177;178;11.19;26.78
900.00;1200.00;1596.00;24.37;E0_0_2700m;5.00;133;133;9.09;24.49
900.00;1200.00;2148.00;25.99;E0_1_2700m;5.00;179;179;11.48;26.30
900.00;1200.00;1632.00;23.97;E0_0_2800m;5.00;136;136;9.46;24.06
900.00;1200.00;2148.00;25.38;E0_1_2800m;5.00;179;179;11.76;25.68
900.00;1200.00;1656.00;23.28;E0_0_2900m;5.00;138;138;9.88;23.35
900.00;1200.00;2184.00;24.49;E0_1_2900m;5.00;182;181;12.38;24.74
900.00;1200.00;1668.00;22.00;E0_0_3000m;5.00;139;139;10.53;22.06
900.00;1200.00;2220.00;23.00;E0_1_3000m;5.00;185;184;13.39;23.11
900.00;1200.00;1740.00;21.84;E0_0_3100m;5.00;145;144;11.03;21.88
900.00;1200.00;2160.00;22.83;E0_1_3100m;5.00;180;179;13.11;22.92
900.00;1200.00;1812.00;21.82;E0_0_3200m;5.00;151;151;11.53;21.85
900.00;1200.00;2112.00;22.94;E0_1_3200m;5.00;176;177;12.80;23.05
900.00;1200.00;1836.00;21.93;E0_0_3300m;5.00;153;154;11.67;21.97
900.00;1200.00;2052.00;22.91;E0_1_3300m;5.00;171;172;12.45;23.03
900.00;1200.00;1812.00;21.98;E0_0_3400m;5.00;151;151;11.45;22.02
900.00;1200.00;2076.00;22.85;E0_1_3400m;5.00;173;173;12.62;22.96
900.00;1200.00;1800.00;22.14;E0_0_3500m;5.00;150;149;11.22;22.15
900.00;1200.00;2112.00;22.84;E0_1_3500m;5.00;176;175;12.78;22.94
900.00;1200.00;1836.00;22.19;E0_0_3600m;5.00;153;153;11.49;22.21
900.00;1200.00;2076.00;22.91;E0_1_3600m;5.00;173;172;12.57;23.02
900.00;1200.00;1860.00;22.21;E0_0_3700m;5.00;155;155;11.63;22.22
900.00;1200.00;2064.00;22.83;E0_1_3700m;5.00;172;172;12.56;22.92
900.00;1200.00;1872.00;22.25;E0_0_3800m;5.00;156;156;11.69;22.25
900.00;1200.00;2100.00;22.78;E0_1_3800m;5.00;175;175;12.81;22.86
900.00;1200.00;1884.00;22.24;E0_0_3900m;5.00;157;157;11.77;22.25
900.00;1200.00;2148.00;22.93;E0_1_3900m;5.00;179;179;13.01;23.03
900.00;1200.00;1908.00;23.02;E0_0_4000m;5.00;159;159;11.51;23.10
900.00;1200.00;2148.00;24.21;E0_1_4000m;5.00;179;180;12.34;24.37
900.00;1200.00;1896.00;24.48;E0_0_4100m;5.00;158;159;10.76;24.69
900.00;1200.00;2184.00;26.08;E0_1_4100m;5.00;182;182;11.63;26.42
900.00;1200.00;1896.00;24.57;E0_0_4200m;5.00;158;157;10.65;24.75
900.00;1200.00;2220.00;26.11;E0_1_4200m;5.00;185;184;11.75;26.50
900.00;1200.00;1896.00;24.55;E0_0_4300m;5.00;158;158;10.73;24.73
900.00;1200.00;2256.00;25.98;E0_1_4300m;5.00;188;187;12.04;26.38
900.00;1200.00;1872.00;24.48;E0_0_4400m;5.00;156;155;10.60;24.65
900.00;1200.00;2280.00;25.86;E0_1_4400m;5.00;190;189;12.23;26.25
900.00;1200.00;1836.00;24.39;E0_0_4500m;5.00;153;153;10.46;24.53
900.00;1200.00;2316.00;25.70;E0_1_4500m;5.00;193;193;12.51;26.08
900.00;1200.00;1848.00;24.25;E0_0_4600m;5.00;154;154;10.59;24.39
900.00;1200.00;2340.00;25.57;E0_1_4600m;5.00;195;195;12.71;25.92
900.00;1200.00;1884.00;24.11;E0_0_4700m;5.00;157;157;10.85;24.29
900.00;1200.00;2328.00;25.37;E0_1_4700m;5.00;194;194;12.75;25.66
900.00;1200.00;1872.00;23.95;E0_0_4800m;5.00;156;156;10.86;24.11
900.00;1200.00;2340.00;25.31;E0_1_4800m;5.00;195;195;12.84;25.60
900.00;1200.00;1920.00;23.80;E0_0_4900m;5.00;160;159;11.15;23.96
900.00;1200.00;2316.00;25.28;E0_1_4900m;5.00;193;194;12.75;25.57
900.00;1200.00;1920.00;23.66;E0_0_5000m;5.00;160;160;11.27;23.80
900.00;1200.00;2340.00;25.21;E0_1_5000m;5.00;195;195;12.89;25.49
1200.00;1500.00;0.00;-1.00;E0_0_0m;-1.00;0;0;0.00;-1.00
1200.00;1500.00;0.00;-1.00;E0_1_0m;-1.00;0;0;0.00;-1.00
1200.00;1500.00;1884.00;25.77;E0_0_100m;5.00;157;159;10.26;25.92
1200.00;1500.00;2196.00;27.96;E0_1_100m;5.00;183;183;10.91;28.12
1200.00;1500.00;1920.00;25.82;E0_0_200m;5.00;160;161;10.36;25.99
1200.00;1500.00;2184.00;28.23;E0_1_200m;5.00;182;182;10.74;28.37
1200.00;1500.00;1860.00;25.74;E0_0_300m;5.00;155;155;10.04;25.90
1200.00;1500.00;2220.00;28.14;E0_1_300m;5.00;185;185;10.96;28.28
1200.00;1500.00;1836.00;25.61;E0_0_400m;5.00;153;153;9.96;25.78
1200.00;1500.00;2196.00;28.13;E0_1_400m;5.00;183;184;10.89;28.27
1200.00;1500.00;1812.00;25.55;E0_0_500m;5.00;151;151;9.85;25.72
1200.00;1500.00;2196.00;28.08;E0_1_500m;5.00;183;183;10.86;28.21
1200.00;1500.00;1776.00;25.49;E0_0_600m;5.00;148;148;9.68;25.66
1200.00;1500.00;2208.00;28.13;E0_1_600m;5.00;184;184;10.90;28.26
1200.00;1500.00;1740.00;25.42;E0_0_700m;5.00;145;145;9.51;25.56
1200.00;1500.00;2220.00;28.13;E0_1_700m;5.00;185;185;10.96;28.26
1200.00;1500.00;1728.00;25.38;E0_0_800m;5.00;144;144;9.46;25.54
1200.00;1500.00;2232.00;28.04;E0_1_800m;5.00;186;186;11.06;28.15
1200.00;1500.00;1704.00;25.29;E0_0_900m;5.00;142;142;9.36;25.47
1200.00;1500.00;2232.00;27.98;E0_1_900m;5.00;186;186;11.08;28.10
1200.00;1500.00;1704.00;25.25;E0_0_1000m;5.00;142;141;9.36;25.41
1200.00;1500.00;2244.00;27.99;E0_1_1000m;5.00;187;187;11.14;28.10
1200.00;1500.00;1740.00;25.24;E0_0_1100m;5.00;145;144;9.55;25.42
1200.00;1500.00;2196.00;28.05;E0_1_1100m;5.00;183;183;10.87;28.16
1200.00;1500.00;1680.00;25.23;E0_0_1200m;5.00;140;141;9.29;25.43
1200.00;1500.00;2244.00;28.09;E0_1_1200m;5.00;187;187;11.09;28.20
1200.00;1500.00;1680.00;25.22;E0_0_1300m;5.00;140;140;9.25;25.42
1200.00;1500.00;2208.00;28.15;E0_1_1300m;5.00;184;184;10.89;28.24
1200.00;1500.00;1692.00;25.22;E0_0_1400m;5.00;141;141;9.32;25.40
1200.00;1500.00;2220.00;28.16;E0_1_1400m;5.00;185;184;10.94;28.26
1200.00;1500.00;1692.00;25.21;E0_0_1500m;5.00;141;141;9.32;25.36
1200.00;1500.00;2220.00;28.10;E0_1_1500m;5.00;185;186;11.03;28.21
1200.00;1500.00;1680.00;24.99;E0_0_1600m;5.00;140;140;9.34;25.14
1200.00;1500.00;2256.00;28.05;E0_1_1600m;5.00;188;188;11.17;28.15
1200.00;1500.00;1692.00;24.77;E0_0_1700m;5.00;141;140;9.44;24.93
1200.00;1500.00;2268.00;28.06;E0_1_1700m;5.00;189;188;11.22;28.15
1200.00;1500.00;1668.00;24.64;E0_0_1800m;5.00;139;140;9.46;24.82
1200.00;1500.00;2268.00;28.17;E0_1_1800m;5.00;189;189;11.18;28.27
1200.00;1500.00;1728.00;24.60;E0_0_1900m;5.00;144;143;9.71;24.81
1200.00;1500.00;2232.00;28.29;E0_1_1900m;5.00;186;186;10.96;28.39
1200.00;1500.00;1728.00;24.49;E0_0_2000m;5.00;144;145;9.80;24.70
1200.00;1500.00;2244.00;28.25;E0_1_2000m;5.00;187;186;11.02;28.37
1200.00;1500.00;1764.00;24.30;E0_0_2100m;5.00;147;147;10.08;24.53
1200.00;1500.00;2208.00;28.38;E0_1_2100m;5.00;184;184;10.80;28.46
1200.00;1500.00;1788.00;24.13;E0_0_2200m;5.00;149;149;10.29;24.36
1200.00;1500.00;2208.00;28.37;E0_1_2200m;5.00;184;185;10.84;28.45
1200.00;1500.00;1836.00;23.97;E0_0_2300m;5.00;153;153;10.64;24.20
1200.00;1500.00;2232.00;28.38;E0_1_2300m;5.00;186;186;10.93;28.46
1200.00;1500.00;1836.00;23.62;E0_0_2400m;5.00;153;153;10.80;23.84
1200.00;1500.00;2244.00;28.31;E0_1_2400m;5.00;187;187;11.01;28.41
1200.00;1500.00;1860.00;23.33;E0_0_2500m;5.00;155;156;11.13;23.56
1200.00;1500.00;2232.00;28.21;E0_1_2500m;5.00;186;186;10.99;28.30
1200.00;1500.00;1896.00;23.16;E0_0_2600m;5.00;158;158;11.37;23.41
1200.00;1500.00;2232.00;27.96;E0_1_2600m;5.00;186;185;11.03;28.08
1200.00;1500.00;1896.00;22.89;E0_0_2700m;5.00;158;158;11.50;23.14
1200.00;1500.00;2244.00;27.45;E0_1_2700m;5.00;187;187;11.36;27.59
1200.00;1500.00;1860.00;22.43;E0_0_2800m;5.00;155;156;11.52;22.64
1200.00;1500.00;2256.00;26.59;E0_1_2800m;5.00;188;188;11.78;26.78
1200.00;1500.00;1848.00;21.86;E0_0_2900m;5.00;154;154;11.74;22.03
1200.00;1500.00;2244.00;25.38;E0_1_2900m;5.00;187;187;12.28;25.61
1200.00;1500.00;1812.00;21.23;E0_0_3000m;5.00;151;151;11.85;21.37
1200.00;1500.00;2256.00;23.66;E0_1_3000m;5.00;188;188;13.25;23.84
1200.00;1500.00;1824.00;21.33;E0_0_3100m;5.00;152;152;11.87;21.46
1200.00;1500.00;2232.00;23.31;E0_1_3100m;5.00;186;186;13.30;23.47
1200.00;1500.00;1896.00;21.56;E0_0_3200m;5.00;158;158;12.21;21.65
1200.00;1500.00;2112.00;23.43;E0_1_3200m;5.00;176;177;12.54;23.66
1200.00;1500.00;1920.00;21.77;E0_0_3300m;5.00;160;160;12.28;21.82
1200.00;1500.00;2088.00;23.37;E0_1_3300m;5.00;174;174;12.41;23.57
1200.00;1500.00;1920.00;21.80;E0_0_3400m;5.00;160;160;12.23;21.87
1200.00;1500.00;2076.00;23.22;E0_1_3400m;5.00;173;173;12.42;23.40
1200.00;1500.00;1944.00;21.88;E0_0_3500m;5.00;162;162;12.34;21.94
1200.00;1500.00;2052.00;23.09;E0_1_3500m;5.00;171;171;12.34;23.24
1200.00;1500.00;1920.00;22.04;E0_0_3600m;5.00;160;160;12.10;22.08
1200.00;1500.00;2040.00;22.95;E0_1_3600m;5.00;170;170;12.35;23.08
1200.00;1500.00;1908.00;22.16;E0_0_3700m;5.00;159;159;11.96;22.18
1200.00;1500.00;2040.00;22.95;E0_1_3700m;5.00;170;170;12.34;23.09
1200.00;1500.00;1884.00;22.28;E0_0_3800m;5.00;157;157;11.74;22.30
1200.00;1500.00;2004.00;22.99;E0_1_3800m;5.00;167;167;12.11;23.12
1200.00;1500.00;1848.00;22.43;E0_0_3900m;5.00;154;154;11.44;22.44
1200.00;1500.00;2028.00;23.25;E0_1_3900m;5.00;169;169;12.11;23.40
1200.00;1500.00;1836.00;23.65;E0_0_4000m;5.00;153;153;10.78;23.72
1200.00;1500.00;2064.00;25.00;E0_1_4000m;5.00;172;172;11.47;25.17
1200.00;1500.00;1800.00;26.58;E0_0_4100m;5.00;150;150;9.41;26.69
1200.00;1500.00;2124.00;28.15;E0_1_4100m;5.00;177;177;10.48;28.23
1200.00;1500.00;1812.00;26.34;E0_0_4200m;5.00;151;151;9.55;26.47
1200.00;1500.00;2124.00;28.63;E0_1_4200m;5.00;177;177;10.30;28.74
1200.00;1500.00;1800.00;25.91;E0_0_4300m;5.00;150;150;9.65;26.05
1200.00;1500.00;2148.00;28.68;E0_1_4300m;5.00;179;180;10.43;28.78
1200.00;1500.00;1812.00;25.50;E0_0_4400m;5.00;151;152;9.92;25.63
1200.00;1500.00;2184.00;28.71;E0_1_4400m;5.00;182;182;10.56;28.84
1200.00;1500.00;1848.00;25.20;E0_0_4500m;5.00;154;154;10.18;25.33
1200.00;1500.00;2184.00;28.64;E0_1_4500m;5.00;182;182;10.59;28.74
1200.00;1500.00;1812.00;25.01;E0_0_4600m;5.00;151;151;10.06;25.15
1200.00;1500.00;2196.00;28.55;E0_1_4600m;5.00;183;183;10.68;28.65
1200.00;1500.00;1800.00;25.02;E0_0_4700m;5.00;150;150;9.99;25.16
1200.00;1500.00;2184.00;28.47;E0_1_4700m;5.00;182;182;10.66;28.57
1200.00;1500.00;1836.00;25.09;E0_0_4800m;5.00;153;154;10.18;25.25
1200.00;1500.00;2172.00;28.35;E0_1_4800m;5.00;181;181;10.64;28.48
1200.00;1500.00;1860.00;25.08;E0_0_4900m;5.00;155;155;10.30;25.23
1200.00;1500.00;2184.00;28.39;E0_1_4900m;5.00;182;181;10.66;28.49
1200.00;1500.00;1872.00;24.94;E0_0_5000m;5.00;156;156;10.42;25.10
1200.00;1500.00;2208.00;28.36;E0_1_5000m;5.00;184;184;10.81;28.47
1500.00;1800.00;0.00;-1.00;E0_0_0m;-1.00;0;0;0.00;-1.00
1500.00;1800.00;0.00;-1.00;E0_1_0m;-1.00;0;0;0.00;-1.00
1500.00;1800.00;1920.00;25.51;E0_0_100m;5.00;160;159;10.40;25.64
1500.00;1800.00;2352.00;26.55;E0_1_100m;5.00;196;196;12.30;26.69
1500.00;1800.00;1944.00;25.49;E0_0_200m;5.00;162;162;10.59;25.63
1500.00;1800.00;2352.00;26.72;E0_1_200m;5.00;196;196;12.23;26.89
1500.00;1800.00;1956.00;25.37;E0_0_300m;5.00;163;163;10.71;25.50
1500.00;1800.00;2352.00;26.61;E0_1_300m;5.00;196;196;12.28;26.76
1500.00;1800.00;1980.00;25.29;E0_0_400m;5.00;165;165;10.88;25.40
1500.00;1800.00;2352.00;26.48;E0_1_400m;5.00;196;195;12.29;26.62
1500.00;1800.00;2016.00;25.17;E0_0_500m;5.00;168;168;11.12;25.27
1500.00;1800.00;2340.00;26.20;E0_1_500m;5.00;195;195;12.40;26.36
1500.00;1800.00;2028.00;25.12;E0_0_600m;5.00;169;169;11.21;25.21
1500.00;1800.00;2340.00;25.96;E0_1_600m;5.00;195;195;12.52;26.10
1500.00;1800.00;2040.00;24.95;E0_0_700m;5.00;170;170;11.35;25.05
1500.00;1800.00;2352.00;25.79;E0_1_700m;5.00;196;196;12.67;25.93
1500.00;1800.00;2016.00;24.86;E0_0_800m;5.00;168;169;11.30;24.95
1500.00;1800.00;2352.00;25.73;E0_1_800m;5.00;196;197;12.72;25.85
1500.00;1800.00;2064.00;24.77;E0_0_900m;5.00;172;172;11.57;24.86
1500.00;1800.00;2316.00;25.78;E0_1_900m;5.00;193;193;12.48;25.90
1500.00;1800.00;2076.00;24.78;E0_0_1000m;5.00;173;173;11.64;24.85
1500.00;1800.00;2316.00;25.78;E0_1_1000m;5.00;193;193;12.48;25.89
1500.00;1800.00;2088.00;24.86;E0_0_1100m;5.00;174;174;11.67;24.92
1500.00;1800.00;2340.00;25.72;E0_1_1100m;5.00;195;195;12.64;25.82
1500.00;1800.00;2100.00;24.77;E0_0_1200m;5.00;175;175;11.77;24.85
1500.00;1800.00;2328.00;25.71;E0_1_1200m;5.00;194;196;12.59;25.80
1500.00;1800.00;2100.00;24.70;E0_0_1300m;5.00;175;176;11.84;24.77
1500.00;1800.00;2328.00;25.59;E0_1_1300m;5.00;194;195;12.67;25.68
1500.00;1800.00;2088.00;24.70;E0_0_1400m;5.00;174;174;11.74;24.76
1500.00;1800.00;2316.00;25.49;E0_1_1400m;5.00;193;193;12.62;25.59
1500.00;1800.00;2064.00;24.86;E0_0_1500m;5.00;172;172;11.53;24.92
1500.00;1800.00;2340.00;25.53;E0_1_1500m;5.00;195;194;12.67;25.63
1500.00;1800.00;2088.00;24.88;E0_0_1600m;5.00;174;174;11.65;24.94
1500.00;1800.00;2340.00;25.61;E0_1_1600m;5.00;195;195;12.69;25.73
1500.00;1800.00;2088.00;24.83;E0_0_1700m;5.00;174;174;11.68;24.88
1500.00;1800.00;2388.00;25.55;E0_1_1700m;5.00;199;199;12.98;25.67
1500.00;1800.00;2136.00;24.81;E0_0_1800m;5.00;178;177;11.91;24.86
1500.00;1800.00;2400.00;25.47;E0_1_1800m;5.00;200;200;13.09;25.59
1500.00;1800.00;2148.00;24.77;E0_0_1900m;5.00;179;179;12.04;24.82
1500.00;1800.00;2412.00;25.39;E0_1_1900m;5.00;201;202;13.24;25.49
1500.00;1800.00;2136.00;24.73;E0_0_2000m;5.00;178;178;12.00;24.78
1500.00;1800.00;2424.00;25.33;E0_1_2000m;5.00;202;202;13.29;25.43
1500.00;1800.00;2124.00;24.66;E0_0_2100m;5.00;177;177;11.96;24.72
1500.00;1800.00;2424.00;25.28;E0_1_2100m;5.00;202;202;13.32;25.38
1500.00;1800.00;2124.00;24.68;E0_0_2200m;5.00;177;177;11.95;24.73
1500.00;1800.00;2424.00;25.26;E0_1_2200m;5.00;202;201;13.30;25.36
1500.00;1800.00;2076.00;24.68;E0_0_2300m;5.00;173;173;11.68;24.74
1500.00;1800.00;2400.00;25.21;E0_1_2300m;5.00;200;201;13.28;25.31
1500.00;1800.00;2064.00;24.66;E0_0_2400m;5.00;172;172;11.63;24.71
1500.00;1800.00;2400.00;25.18;E0_1_2400m;5.00;200;200;13.24;25.27
1500.00;1800.00;2076.00;24.58;E0_0_2500m;5.00;173;172;11.67;24.63
1500.00;1800.00;2388.00;25.06;E0_1_2500m;5.00;199;199;13.24;25.13
1500.00;1800.00;2052.00;24.45;E0_0_2600m;5.00;171;171;11.66;24.50
1500.00;1800.00;2376.00;24.87;E0_1_2600m;5.00;198;198;13.27;24.94
1500.00;1800.00;2064.00;24.14;E0_0_2700m;5.00;172;172;11.87;24.20
1500.00;1800.00;2352.00;24.59;E0_1_2700m;5.00;196;196;13.28;24.66
1500.00;1800.00;2076.00;23.71;E0_0_2800m;5.00;173;172;12.16;23.76
1500.00;1800.00;2352.00;24.24;E0_1_2800m;5.00;196;196;13.48;24.31
1500.00;1800.00;2052.00;22.97;E0_0_2900m;5.00;171;172;12.47;23.03
1500.00;1800.00;2364.00;23.92;E0_1_2900m;5.00;197;197;13.73;24.05
1500.00;1800.00;2064.00;21.95;E0_0_3000m;5.00;172;172;13.06;21.98
1500.00;1800.00;2328.00;23.00;E0_1_3000m;5.00;194;194;14.06;23.08
1500.00;1800.00;2112.00;21.81;E0_0_3100m;5.00;176;177;13.47;21.84
1500.00;1800.00;2268.00;22.80;E0_1_3100m;5.00;189;190;13.83;22.88
1500.00;1800.00;2136.00;21.77;E0_0_3200m;5.00;178;179;13.65;21.80
1500.00;1800.00;2268.00;22.72;E0_1_3200m;5.00;189;188;13.84;22.80
1500.00;1800.00;2160.00;21.55;E0_0_3300m;5.00;180;179;13.84;21.60
1500.00;1800.00;2268.00;22.63;E0_1_3300m;5.00;189;189;13.92;22.68
1500.00;1800.00;2136.00;21.40;E0_0_3400m;5.00;178;179;13.94;21.46
1500.00;1800.00;2280.00;22.60;E0_1_3400m;5.00;190;190;14.01;22.64
1500.00;1800.00;2136.00;21.37;E0_0_3500m;5.00;178;178;13.88;21.43
1500.00;1800.00;2280.00;22.59;E0_1_3500m;5.00;190;190;14.02;22.63
1500.00;1800.00;2124.00;21.61;E0_0_3600m;5.00;177;177;13.65;21.65
1500.00;1800.00;2304.00;22.63;E0_1_3600m;5.00;192;192;14.14;22.69
1500.00;1800.00;2124.00;21.73;E0_0_3700m;5.00;177;177;13.58;21.77
1500.00;1800.00;2304.00;22.62;E0_1_3700m;5.00;192;192;14.15;22.68
1500.00;1800.00;2136.00;21.86;E0_0_3800m;5.00;178;178;13.57;21.89
1500.00;1800.00;2292.00;22.60;E0_1_3800m;5.00;191;191;14.08;22.67
1500.00;1800.00;2100.00;21.95;E0_0_3900m;5.00;175;175;13.28;21.99
1500.00;1800.00;2280.00;22.86;E0_1_3900m;5.00;190;190;13.85;22.94
1500.00;1800.00;2076.00;23.00;E0_0_4000m;5.00;173;173;12.54;23.11
1500.00;1800.00;2256.00;24.43;E0_1_4000m;5.00;188;188;12.83;24.56
1500.00;1800.00;2064.00;24.87;E0_0_4100m;5.00;172;172;11.52;25.16
1500.00;1800.00;2232.00;27.19;E0_1_4100m;5.00;186;187;11.44;27.30
1500.00;1800.00;2040.00;24.92;E0_0_4200m;5.00;170;170;11.37;25.27
1500.00;1800.00;2244.00;27.74;E0_1_4200m;5.00;187;187;11.24;27.87
1500.00;1800.00;1992.00;24.91;E0_0_4300m;5.00;166;167;11.15;25.29
1500.00;1800.00;2232.00;27.87;E0_1_4300m;5.00;186;186;11.12;28.00
1500.00;1800.00;1968.00;24.86;E0_0_4400m;5.00;164;164;11.00;25.20
1500.00;1800.00;2220.00;27.91;E0_1_4400m;5.00;185;185;11.05;28.04
1500.00;1800.00;1932.00;24.96;E0_0_4500m;5.00;161;161;10.75;25.27
1500.00;1800.00;2208.00;27.94;E0_1_4500m;5.00;184;184;10.97;28.07
1500.00;1800.00;1980.00;24.83;E0_0_4600m;5.00;165;166;11.10;25.13
1500.00;1800.00;2172.00;27.87;E0_1_4600m;5.00;181;181;10.82;28.02
1500.00;1800.00;1980.00;24.40;E0_0_4700m;5.00;165;165;11.27;24.73
1500.00;1800.00;2196.00;27.86;E0_1_4700m;5.00;183;183;10.95;28.01
1500.00;1800.00;1956.00;24.30;E0_0_4800m;5.00;163;163;11.18;24.63
1500.00;1800.00;2208.00;27.90;E0_1_4800m;5.00;184;185;11.01;28.03
1500.00;1800.00;1968.00;24.32;E0_0_4900m;5.00;164;164;11.24;24.62
1500.00;1800.00;2184.00;27.85;E0_1_4900m;5.00;182;182;10.89;27.98
1500.00;1800.00;1968.00;24.45;E0_0_5000m;5.00;164;164;11.18;24.71
1500.00;1800.00;2124.00;27.78;E0_1_5000m;5.00;177;177;10.62;27.91
1800.00;2100.00;0.00;-1.00;E0_0_0m;-1.00;0;0;0.00;-1.00
1800.00;2100.00;0.00;-1.00;E0_1_0m;-1.00;0;0;0.00;-1.00
1800.00;2100.00;1560.00;26.30;E0_0_100m;5.00;130;131;8.31;26.51
1800.00;2100.00;1992.00;27.93;E0_1_100m;5.00;166;167;9.91;28.12
1800.00;2100.00;1596.00;26.25;E0_0_200m;5.00;133;133;8.45;26.48
1800.00;2100.00;1932.00;28.56;E0_1_200m;5.00;161;162;9.44;28.79
1800.00;2100.00;1596.00;26.10;E0_0_300m;5.00;133;133;8.49;26.33
1800.00;2100.00;1920.00;28.38;E0_1_300m;5.00;160;162;9.48;28.62
1800.00;2100.00;1584.00;25.87;E0_0_400m;5.00;132;132;8.51;26.08
1800.00;2100.00;1932.00;28.17;E0_1_400m;5.00;161;161;9.53;28.41
1800.00;2100.00;1572.00;25.63;E0_0_500m;5.00;131;131;8.52;25.85
1800.00;2100.00;1932.00;27.96;E0_1_500m;5.00;161;161;9.60;28.19
1800.00;2100.00;1536.00;25.54;E0_0_600m;5.00;128;128;8.35;25.76
1800.00;2100.00;1956.00;27.76;E0_1_600m;5.00;163;163;9.79;28.00
1800.00;2100.00;1548.00;25.53;E0_0_700m;5.00;129;129;8.42;25.77
1800.00;2100.00;1956.00;27.61;E0_1_700m;5.00;163;163;9.84;27.87
1800.00;2100.00;1548.00;25.28;E0_0_800m;5.00;129;129;8.51;25.50
1800.00;2100.00;2004.00;27.28;E0_1_800m;5.00;167;166;10.18;27.56
1800.00;2100.00;1536.00;25.01;E0_0_900m;5.00;128;128;8.53;25.23
1800.00;2100.00;2004.00;26.96;E0_1_900m;5.00;167;167;10.32;27.25
1800.00;2100.00;1512.00;24.89;E0_0_1000m;5.00;126;126;8.44;25.09
1800.00;2100.00;2040.00;26.74;E0_1_1000m;5.00;170;170;10.59;27.04
1800.00;2100.00;1500.00;24.61;E0_0_1100m;5.00;125;125;8.46;24.81
1800.00;2100.00;2016.00;26.60;E0_1_1100m;5.00;168;168;10.53;26.90
1800.00;2100.00;1512.00;24.54;E0_0_1200m;5.00;126;126;8.56;24.72
1800.00;2100.00;2028.00;26.46;E0_1_1200m;5.00;169;169;10.70;26.76
1800.00;2100.00;1512.00;24.45;E0_0_1300m;5.00;126;126;8.59;24.64
1800.00;2100.00;2052.00;26.37;E0_1_1300m;5.00;171;170;10.77;26.68
1800.00;2100.00;1536.00;24.47;E0_0_1400m;5.00;128;128;8.72;24.65
1800.00;2100.00;2040.00;26.36;E0_1_1400m;5.00;170;171;10.77;26.66
1800.00;2100.00;1584.00;24.42;E0_0_1500m;5.00;132;132;9.01;24.59
1800.00;2100.00;2040.00;26.27;E0_1_1500m;5.00;170;170;10.78;26.57
1800.00;2100.00;1584.00;24.45;E0_0_1600m;5.00;132;132;9.00;24.63
1800.00;2100.00;2016.00;26.23;E0_1_1600m;5.00;168;168;10.68;26.51
1800.00;2100.00;1560.00;24.36;E0_0_1700m;5.00;130;130;8.89;24.54
1800.00;2100.00;1992.00;26.11;E0_1_1700m;5.00;166;166;10.60;26.37
1800.00;2100.00;1536.00;24.28;E0_0_1800m;5.00;128;128;8.79;24.45
1800.00;2100.00;1956.00;26.05;E0_1_1800m;5.00;163;163;10.43;26.28
1800.00;2100.00;1512.00;24.28;E0_0_1900m;5.00;126;126;8.65;24.43
1800.00;2100.00;1944.00;26.14;E0_1_1900m;5.00;162;161;10.29;26.36
1800.00;2100.00;1524.00;24.36;E0_0_2000m;5.00;127;127;8.69;24.50
1800.00;2100.00;1920.00;26.32;E0_1_2000m;5.00;160;160;10.13;26.55
1800.00;2100.00;1548.00;24.53;E0_0_2100m;5.00;129;130;8.78;24.67
1800.00;2100.00;1908.00;26.41;E0_1_2100m;5.00;159;159;10.03;26.67
1800.00;2100.00;1596.00;24.63;E0_0_2200m;5.00;133;133;9.00;24.77
1800.00;2100.00;1908.00;26.70;E0_1_2200m;5.00;159;159;9.93;26.91
1800.00;2100.00;1620.00;24.59;E0_0_2300m;5.00;135;135;9.15;24.74
1800.00;2100.00;1956.00;26.63;E0_1_2300m;5.00;163;162;10.14;26.86
1800.00;2100.00;1632.00;24.54;E0_0_2400m;5.00;136;136;9.24;24.68
1800.00;2100.00;1944.00;26.60;E0_1_2400m;5.00;162;162;10.15;26.84
1800.00;2100.00;1644.00;24.48;E0_0_2500m;5.00;137;137;9.33;24.61
1800.00;2100.00;1944.00;26.56;E0_1_2500m;5.00;162;162;10.17;26.80
1800.00;2100.00;1608.00;24.47;E0_0_2600m;5.00;134;134;9.13;24.59
1800.00;2100.00;1980.00;26.39;E0_1_2600m;5.00;165;165;10.42;26.64
1800.00;2100.00;1608.00;24.24;E0_0_2700m;5.00;134;135;9.23;24.38
1800.00;2100.00;1980.00;26.15;E0_1_2700m;5.00;165;166;10.55;26.42
1800.00;2100.00;1608.00;23.85;E0_0_2800m;5.00;134;134;9.37;23.98
1800.00;2100.00;1968.00;25.63;E0_1_2800m;5.00;164;165;10.68;25.89
1800.00;2100.00;1608.00;23.11;E0_0_2900m;5.00;134;134;9.67;23.21
1800.00;2100.00;1968.00;24.66;E0_1_2900m;5.00;164;165;11.14;24.88
1800.00;2100.00;1620.00;22.10;E0_0_3000m;5.00;135;135;10.18;22.18
1800.00;2100.00;2004.00;23.30;E0_1_3000m;5.00;167;167;11.94;23.41
1800.00;2100.00;1668.00;21.94;E0_0_3100m;5.00;139;138;10.54;21.99
1800.00;2100.00;2028.00;23.03;E0_1_3100m;5.00;169;169;12.23;23.12
1800.00;2100.00;1728.00;22.11;E0_0_3200m;5.00;144;143;10.84;22.14
1800.00;2100.00;1980.00;23.06;E0_1_3200m;5.00;165;165;11.92;23.20
1800.00;2100.00;1728.00;22.12;E0_0_3300m;5.00;144;144;10.85;22.15
1800.00;2100.00;1968.00;23.05;E0_1_3300m;5.00;164;164;11.86;23.19
1800.00;2100.00;1740.00;22.12;E0_0_3400m;5.00;145;144;10.85;22.15
1800.00;2100.00;1968.00;22.98;E0_1_3400m;5.00;164;164;11.89;23.13
1800.00;2100.00;1740.00;22.09;E0_0_3500m;5.00;145;145;10.94;22.12
1800.00;2100.00;1968.00;22.91;E0_1_3500m;5.00;164;164;11.93;23.05
1800.00;2100.00;1740.00;21.94;E0_0_3600m;5.00;145;145;11.01;21.99
1800.00;2100.00;1956.00;22.88;E0_1_3600m;5.00;163;165;11.96;23.02
1800.00;2100.00;1740.00;21.99;E0_0_3700m;5.00;145;145;10.99;22.03
1800.00;2100.00;1980.00;22.91;E0_1_3700m;5.00;165;165;12.00;23.06
1800.00;2100.00;1764.00;22.19;E0_0_3800m;5.00;147;147;11.04;22.21
1800.00;2100.00;1992.00;23.01;E0_1_3800m;5.00;166;166;12.02;23.20
1800.00;2100.00;1800.00;22.32;E0_0_3900m;5.00;150;150;11.20;22.34
1800.00;2100.00;2016.00;23.22;E0_1_3900m;5.00;168;168;12.06;23.45
1800.00;2100.00;1812.00;23.44;E0_0_4000m;5.00;151;151;10.74;23.52
1800.00;2100.00;2052.00;25.06;E0_1_4000m;5.00;171;171;11.37;25.31
1800.00;2100.00;1776.00;26.16;E0_0_4100m;5.00;148;148;9.43;26.29
1800.00;2100.00;2136.00;28.30;E0_1_4100m;5.00;178;177;10.44;28.43
1800.00;2100.00;1824.00;26.04;E0_0_4200m;5.00;152;152;9.73;26.23
1800.00;2100.00;2148.00;28.60;E0_1_4200m;5.00;179;179;10.43;28.73
1800.00;2100.00;1848.00;25.92;E0_0_4300m;5.00;154;154;9.90;26.10
1800.00;2100.00;2148.00;28.50;E0_1_4300m;5.00;179;179;10.47;28.61
1800.00;2100.00;1836.00;25.81;E0_0_4400m;5.00;153;153;9.88;25.96
1800.00;2100.00;2148.00;28.37;E0_1_4400m;5.00;179;180;10.54;28.48
1800.00;2100.00;1848.00;25.70;E0_0_4500m;5.00;154;154;9.99;25.83
1800.00;2100.00;2148.00;28.28;E0_1_4500m;5.00;179;179;10.55;28.39
1800.00;2100.00;1824.00;25.60;E0_0_4600m;5.00;152;151;9.87;25.70
1800.00;2100.00;2136.00;28.24;E0_1_4600m;5.00;178;178;10.51;28.34
1800.00;2100.00;1800.00;25.82;E0_0_4700m;5.00;150;151;9.69;25.90
1800.00;2100.00;2124.00;28.18;E0_1_4700m;5.00;177;177;10.47;28.28
1800.00;2100.00;1800.00;25.69;E0_0_4800m;5.00;150;150;9.73;25.77
1800.00;2100.00;2172.00;28.18;E0_1_4800m;5.00;181;180;10.68;28.28
1800.00;2100.00;1812.00;25.70;E0_0_4900m;5.00;151;151;9.79;25.78
1800.00;2100.00;2196.00;28.22;E0_1_4900m;5.00;183;183;10.81;28.32
1800.00;2100.00;1836.00;25.66;E0_0_5000m;5.00;153;153;9.94;25.75
1800.00;2100.00;2220.00;28.25;E0_1_5000m;5.00;185;185;10.91;28.35
2100.00;2400.00;0.00;-1.00;E0_0_0m;-1.00;0;0;0.00;-1.00
2100.00;2400.00;0.00;-1.00;E0_1_0m;-1.00;0;0;0.00;-1.00
2100.00;2400.00;1800.00;26.10;E0_0_100m;5.00;150;149;9.51;26.24
2100.00;2400.00;2124.00;28.14;E0_1_100m;5.00;177;177;10.51;28.31
2100.00;2400.00;1872.00;26.08;E0_0_200m;5.00;156;156;9.97;26.23
2100.00;2400.00;2064.00;28.33;E0_1_200m;5.00;172;172;10.12;28.55
2100.00;2400.00;1872.00;26.00;E0_0_300m;5.00;156;156;10.00;26.16
2100.00;2400.00;2088.00;28.14;E0_1_300m;5.00;174;174;10.31;28.36
2100.00;2400.00;1884.00;25.85;E0_0_400m;5.00;157;157;10.12;26.01
2100.00;2400.00;2076.00;27.99;E0_1_400m;5.00;173;173;10.30;28.20
2100.00;2400.00;1824.00;25.81;E0_0_500m;5.00;152;152;9.81;25.98
2100.00;2400.00;2112.00;27.71;E0_1_500m;5.00;176;177;10.60;27.91
2100.00;2400.00;1812.00;25.82;E0_0_600m;5.00;151;151;9.75;25.95
2100.00;2400.00;2148.00;27.47;E0_1_600m;5.00;179;180;10.92;27.65
2100.00;2400.00;1788.00;25.73;E0_0_700m;5.00;149;149;9.65;25.85
2100.00;2400.00;2160.00;27.26;E0_1_700m;5.00;180;180;11.01;27.43
2100.00;2400.00;1776.00;25.75;E0_0_800m;5.00;148;148;9.58;25.88
2100.00;2400.00;2136.00;27.05;E0_1_800m;5.00;178;178;10.97;27.20
2100.00;2400.00;1776.00;25.71;E0_0_900m;5.00;148;148;9.59;25.82
2100.00;2400.00;2124.00;26.92;E0_1_900m;5.00;177;177;10.96;27.06
2100.00;2400.00;1728.00;25.49;E0_0_1000m;5.00;144;144;9.41;25.61
2100.00;2400.00;2148.00;26.87;E0_1_1000m;5.00;179;180;11.14;27.01
2100.00;2400.00;1716.00;25.23;E0_0_1100m;5.00;143;143;9.45;25.35
2100.00;2400.00;2160.00;26.82;E0_1_1100m;5.00;180;180;11.18;26.97
2100.00;2400.00;1716.00;25.23;E0_0_1200m;5.00;143;143;9.45;25.35
2100.00;2400.00;2136.00;26.73;E0_1_1200m;5.00;178;177;11.05;26.88
2100.00;2400.00;1704.00;25.16;E0_0_1300m;5.00;142;143;9.42;25.27
2100.00;2400.00;2112.00;26.67;E0_1_1300m;5.00;176;176;11.00;26.83
2100.00;2400.00;1692.00;25.08;E0_0_1400m;5.00;141;141;9.37;25.19
2100.00;2400.00;2148.00;26.64;E0_1_1400m;5.00;179;178;11.18;26.80
2100.00;2400.00;1692.00;25.03;E0_0_1500m;5.00;141;141;9.39;25.14
2100.00;2400.00;2148.00;26.60;E0_1_1500m;5.00;179;179;11.22;26.75
2100.00;2400.00;1728.00;24.95;E0_0_1600m;5.00;144;144;9.62;25.06
2100.00;2400.00;2136.00;26.48;E0_1_1600m;5.00;178;179;11.24;26.63
2100.00;2400.00;1728.00;24.91;E0_0_1700m;5.00;144;144;9.63;25.01
2100.00;2400.00;2148.00;26.30;E0_1_1700m;5.00;179;179;11.34;26.45
2100.00;2400.00;1692.00;24.89;E0_0_1800m;5.00;141;142;9.48;24.99
2100.00;2400.00;2184.00;26.09;E0_1_1800m;5.00;182;182;11.63;26.23
2100.00;2400.00;1668.00;24.79;E0_0_1900m;5.00;139;139;9.34;24.89
2100.00;2400.00;2208.00;25.96;E0_1_1900m;5.00;184;185;11.85;26.10
2100.00;2400.00;1692.00;24.76;E0_0_2000m;5.00;141;141;9.49;24.85
2100.00;2400.00;2208.00;25.85;E0_1_2000m;5.00;184;184;11.86;25.99
2100.00;2400.00;1692.00;24.77;E0_0_2100m;5.00;141;141;9.49;24.85
2100.00;2400.00;2220.00;25.71;E0_1_2100m;5.00;185;186;12.00;25.83
2100.00;2400.00;1692.00;24.72;E0_0_2200m;5.00;141;141;9.51;24.80
2100.00;2400.00;2184.00;25.68;E0_1_2200m;5.00;182;182;11.81;25.79
2100.00;2400.00;1704.00;24.74;E0_0_2300m;5.00;142;142;9.57;24.82
2100.00;2400.00;2160.00;25.62;E0_1_2300m;5.00;180;180;11.71;25.72
2100.00;2400.00;1728.00;24.71;E0_0_2400m;5.00;144;144;9.71;24.79
2100.00;2400.00;2184.00;25.49;E0_1_2400m;5.00;182;182;11.90;25.58
2100.00;2400.00;1728.00;24.60;E0_0_2500m;5.00;144;144;9.76;24.66
2100.00;2400.00;2208.00;25.33;E0_1_2500m;5.00;184;184;12.11;25.42
2100.00;2400.00;1776.00;24.41;E0_0_2600m;5.00;148;148;10.10;24.46
2100.00;2400.00;2196.00;25.19;E0_1_2600m;5.00;183;183;12.11;25.27
2100.00;2400.00;1764.00;24.20;E0_0_2700m;5.00;147;147;10.13;24.24
2100.00;2400.00;2232.00;24.91;E0_1_2700m;5.00;186;186;12.45;24.97
2100.00;2400.00;1764.00;23.86;E0_0_2800m;5.00;147;147;10.27;23.90
2100.00;2400.00;2232.00;24.53;E0_1_2800m;5.00;186;185;12.62;24.61
2100.00;2400.00;1788.00;23.31;E0_0_2900m;5.00;149;149;10.65;23.35
2100.00;2400.00;2208.00;23.89;E0_1_2900m;5.00;184;183;12.79;23.96
2100.00;2400.00;1776.00;22.26;E0_0_3000m;5.00;148;149;11.09;22.28
2100.00;2400.00;2196.00;22.95;E0_1_3000m;5.00;183;183;13.29;23.00
2100.00;2400.00;1776.00;22.01;E0_0_3100m;5.00;148;148;11.21;22.03
2100.00;2400.00;2124.00;22.78;E0_1_3100m;5.00;177;177;12.95;22.81
2100.00;2400.00;1812.00;22.19;E0_0_3200m;5.00;151;151;11.34;22.20
2100.00;2400.00;2064.00;22.81;E0_1_3200m;5.00;172;172;12.57;22.85
2100.00;2400.00;1836.00;22.31;E0_0_3300m;5.00;153;153;11.43;22.32
2100.00;2400.00;2040.00;22.91;E0_1_3300m;5.00;170;170;12.37;23.00
2100.00;2400.00;1872.00;22.32;E0_0_3400m;5.00;156;156;11.65;22.33
2100.00;2400.00;2028.00;22.80;E0_1_3400m;5.00;169;169;12.36;22.87
2100.00;2400.00;1860.00;22.26;E0_0_3500m;5.00;155;155;11.61;22.27
2100.00;2400.00;2040.00;22.75;E0_1_3500m;5.00;170;170;12.45;22.82
2100.00;2400.00;1860.00;22.26;E0_0_3600m;5.00;155;155;11.61;22.27
2100.00;2400.00;2052.00;22.68;E0_1_3600m;5.00;171;170;12.49;22.76
2100.00;2400.00;1860.00;22.24;E0_0_3700m;5.00;155;155;11.62;22.25
2100.00;2400.00;2040.00;22.65;E0_1_3700m;5.00;170;170;12.51;22.72
2100.00;2400.00;1836.00;22.19;E0_0_3800m;5.00;153;154;11.55;22.20
2100.00;2400.00;2028.00;22.66;E0_1_3800m;5.00;169;169;12.43;22.74
2100.00;2400.00;1812.00;22.21;E0_0_3900m;5.00;151;152;11.37;22.23
2100.00;2400.00;1980.00;23.03;E0_1_3900m;5.00;165;166;11.97;23.13
2100.00;2400.00;1764.00;23.48;E0_0_4000m;5.00;147;148;10.45;23.56
2100.00;2400.00;1992.00;24.94;E0_1_4000m;5.00;166;166;11.09;25.10
2100.00;2400.00;1680.00;25.73;E0_0_4100m;5.00;140;141;9.11;25.84
2100.00;2400.00;2040.00;27.52;E0_1_4100m;5.00;170;170;10.29;27.67
2100.00;2400.00;1608.00;25.80;E0_0_4200m;5.00;134;134;8.66;25.92
2100.00;2400.00;2040.00;27.94;E0_1_4200m;5.00;170;170;10.14;28.09
2100.00;2400.00;1632.00;25.77;E0_0_4300m;5.00;136;136;8.80;25.91
2100.00;2400.00;1992.00;28.09;E0_1_4300m;5.00;166;166;9.85;28.25
2100.00;2400.00;1692.00;25.66;E0_0_4400m;5.00;141;141;9.16;25.81
2100.00;2400.00;1980.00;28.21;E0_1_4400m;5.00;165;164;9.73;28.38
2100.00;2400.00;1692.00;25.60;E0_0_4500m;5.00;141;141;9.18;25.73
2100.00;2400.00;2028.00;28.15;E0_1_4500m;5.00;169;169;10.01;28.32
2100.00;2400.00;1680.00;25.45;E0_0_4600m;5.00;140;141;9.21;25.60
2100.00;2400.00;2052.00;28.23;E0_1_4600m;5.00;171;171;10.10;28.40
2100.00;2400.00;1704.00;25.27;E0_0_4700m;5.00;142;141;9.36;25.44
2100.00;2400.00;2052.00;28.30;E0_1_4700m;5.00;171;172;10.08;28.47
2100.00;2400.00;1704.00;25.29;E0_0_4800m;5.00;142;142;9.36;25.45
2100.00;2400.00;2028.00;28.38;E0_1_4800m;5.00;169;169;9.93;28.55
2100.00;2400.00;1680.00;25.35;E0_0_4900m;5.00;140;140;9.21;25.48
2100.00;2400.00;2040.00;28.42;E0_1_4900m;5.00;170;170;9.97;28.61
2100.00;2400.00;1644.00;25.33;E0_0_5000m;5.00;137;137;9.01;25.46
2100.00;2400.00;2040.00;28.42;E0_1_5000m;5.00;170;170;9.97;28.60
2400.00;2700.00;0.00;-1.00;E0_0_0m;-1.00;0;0;0.00;-1.00
2400.00;2700.00;0.00;-1.00;E0_1_0m;-1.00;0;0;0.00;-1.00
2400.00;2700.00;1812.00;24.89;E0_0_100m;5.00;151;152;10.15;25.05
2400.00;2700.00;2304.00;26.26;E0_1_100m;5.00;192;191;12.16;26.46
2400.00;2700.00;1812.00;25.42;E0_0_200m;5.00;151;151;9.90;25.57
2400.00;2700.00;2280.00;26.76;E0_1_200m;5.00;190;190;11.83;27.02
2400.00;2700.00;1812.00;25.71;E0_0_300m;5.00;151;152;9.85;25.80
2400.00;2700.00;2256.00;27.09;E0_1_300m;5.00;188;188;11.57;27.32
2400.00;2700.00;1836.00;25.81;E0_0_400m;5.00;153;154;9.93;25.90
2400.00;2700.00;2208.00;27.15;E0_1_400m;5.00;184;185;11.33;27.34
2400.00;2700.00;1896.00;25.88;E0_0_500m;5.00;158;159;10.22;25.98
2400.00;2700.00;2148.00;27.17;E0_1_500m;5.00;179;178;10.96;27.35
2400.00;2700.00;1884.00;25.79;E0_0_600m;5.00;157;157;10.15;25.88
2400.00;2700.00;2196.00;27.06;E0_1_600m;5.00;183;182;11.21;27.23
2400.00;2700.00;1872.00;25.53;E0_0_700m;5.00;156;156;10.18;25.62
2400.00;2700.00;2196.00;26.93;E0_1_700m;5.00;183;183;11.33;27.04
2400.00;2700.00;1884.00;25.42;E0_0_800m;5.00;157;157;10.29;25.52
2400.00;2700.00;2196.00;26.62;E0_1_800m;5.00;183;183;11.46;26.77
2400.00;2700.00;1896.00;25.20;E0_0_900m;5.00;158;158;10.45;25.32
2400.00;2700.00;2196.00;26.42;E0_1_900m;5.00;183;183;11.54;26.61
2400.00;2700.00;1896.00;25.01;E0_0_1000m;5.00;158;158;10.53;25.14
2400.00;2700.00;2184.00;26.21;E0_1_1000m;5.00;182;181;11.53;26.42
2400.00;2700.00;1896.00;24.83;E0_0_1100m;5.00;158;158;10.60;24.97
2400.00;2700.00;2172.00;26.01;E0_1_1100m;5.00;181;181;11.60;26.23
2400.00;2700.00;1884.00;24.76;E0_0_1200m;5.00;157;158;10.59;24.90
2400.00;2700.00;2196.00;25.79;E0_1_1200m;5.00;183;183;11.83;26.00
2400.00;2700.00;1908.00;24.63;E0_0_1300m;5.00;159;158;10.75;24.78
2400.00;2700.00;2208.00;25.62;E0_1_1300m;5.00;184;184;11.97;25.84
2400.00;2700.00;1872.00;24.33;E0_0_1400m;5.00;156;156;10.69;24.52
2400.00;2700.00;2196.00;25.43;E0_1_1400m;5.00;183;183;11.99;25.65
2400.00;2700.00;1848.00;24.19;E0_0_1500m;5.00;154;154;10.61;24.43
2400.00;2700.00;2160.00;25.27;E0_1_1500m;5.00;180;180;11.87;25.51
2400.00;2700.00;1824.00;24.24;E0_0_1600m;5.00;152;152;10.45;24.48
2400.00;2700.00;2148.00;25.14;E0_1_1600m;5.00;179;178;11.83;25.39
2400.00;2700.00;1824.00;24.42;E0_0_1700m;5.00;152;152;10.37;24.63
2400.00;2700.00;2172.00;25.09;E0_1_1700m;5.00;181;181;12.02;25.34
2400.00;2700.00;1836.00;24.45;E0_0_1800m;5.00;153;153;10.43;24.63
2400.00;2700.00;2172.00;25.00;E0_1_1800m;5.00;181;181;12.07;25.24
2400.00;2700.00;1836.00;24.33;E0_0_1900m;5.00;153;153;10.48;24.51
2400.00;2700.00;2184.00;24.92;E0_1_1900m;5.00;182;181;12.13;25.15
2400.00;2700.00;1836.00;24.24;E0_0_2000m;5.00;153;153;10.52;24.41
2400.00;2700.00;2208.00;24.82;E0_1_2000m;5.00;184;184;12.35;25.03
2400.00;2700.00;1836.00;24.01;E0_0_2100m;5.00;153;153;10.62;24.18
2400.00;2700.00;2232.00;24.69;E0_1_2100m;5.00;186;185;12.54;24.91
2400.00;2700.00;1848.00;23.85;E0_0_2200m;5.00;154;154;10.76;24.00
2400.00;2700.00;2256.00;24.46;E0_1_2200m;5.00;188;188;12.81;24.70
2400.00;2700.00;1824.00;23.56;E0_0_2300m;5.00;152;153;10.76;23.72
2400.00;2700.00;2244.00;24.14;E0_1_2300m;5.00;187;187;12.91;24.42
2400.00;2700.00;1800.00;23.12;E0_0_2400m;5.00;150;151;10.81;23.34
2400.00;2700.00;2208.00;23.77;E0_1_2400m;5.00;184;184;12.90;24.10
2400.00;2700.00;1788.00;22.57;E0_0_2500m;5.00;149;149;11.00;22.82
2400.00;2700.00;2196.00;23.28;E0_1_2500m;5.00;183;183;13.10;23.67
2400.00;2700.00;1764.00;22.09;E0_0_2600m;5.00;147;147;11.09;22.39
2400.00;2700.00;2184.00;22.82;E0_1_2600m;5.00;182;182;13.30;23.29
2400.00;2700.00;1764.00;21.51;E0_0_2700m;5.00;147;147;11.39;21.82
2400.00;2700.00;2148.00;22.17;E0_1_2700m;5.00;179;179;13.46;22.69
2400.00;2700.00;1764.00;20.72;E0_0_2800m;5.00;147;147;11.82;21.01
2400.00;2700.00;2136.00;21.30;E0_1_2800m;5.00;178;178;13.93;21.77
2400.00;2700.00;1764.00;19.43;E0_0_2900m;5.00;147;147;12.61;19.64
2400.00;2700.00;2124.00;20.13;E0_1_2900m;5.00;177;177;14.66;20.44
2400.00;2700.00;1752.00;17.77;E0_0_3000m;5.00;146;146;13.69;17.86
2400.00;2700.00;2100.00;18.76;E0_1_3000m;5.00;175;176;15.58;18.91
2400.00;2700.00;1824.00;17.62;E0_0_3100m;5.00;152;152;14.38;17.70
2400.00;2700.00;2016.00;18.46;E0_1_3100m;5.00;168;169;15.17;18.58
2400.00;2700.00;1848.00;17.82;E0_0_3200m;5.00;154;155;14.41;17.85
2400.00;2700.00;1968.00;18.40;E0_1_3200m;5.00;164;164;14.85;18.53
2400.00;2700.00;1836.00;17.85;E0_0_3300m;5.00;153;154;14.34;17.87
2400.00;2700.00;1956.00;18.22;E0_1_3300m;5.00;163;163;14.91;18.30
2400.00;2700.00;1836.00;17.77;E0_0_3400m;5.00;153;154;14.35;17.79
2400.00;2700.00;1932.00;18.09;E0_1_3400m;5.00;161;161;14.83;18.14
2400.00;2700.00;1836.00;17.75;E0_0_3500m;5.00;153;153;14.37;17.77
2400.00;2700.00;1920.00;18.07;E0_1_3500m;5.00;160;160;14.75;18.10
2400.00;2700.00;1836.00;17.78;E0_0_3600m;5.00;153;153;14.34;17.79
2400.00;2700.00;1920.00;18.06;E0_1_3600m;5.00;160;160;14.76;18.09
2400.00;2700.00;1812.00;17.79;E0_0_3700m;5.00;151;151;14.15;17.80
2400.00;2700.00;1920.00;17.98;E0_1_3700m;5.00;160;160;14.83;17.99
2400.00;2700.00;1836.00;17.80;E0_0_3800m;5.00;153;152;14.27;17.82
2400.00;2700.00;1896.00;18.00;E0_1_3800m;5.00;158;158;14.63;18.02
2400.00;2700.00;1848.00;17.80;E0_0_3900m;5.00;154;153;14.39;17.82
2400.00;2700.00;1884.00;18.24;E0_1_3900m;5.00;157;156;14.32;18.32
2400.00;2700.00;1776.00;19.43;E0_0_4000m;5.00;148;147;12.68;19.58
2400.00;2700.00;1932.00;21.04;E0_1_4000m;5.00;161;161;12.75;21.39
2400.00;2700.00;1644.00;26.01;E0_0_4100m;5.00;137;137;8.78;26.11
2400.00;2700.00;2040.00;27.58;E0_1_4100m;5.00;170;170;10.27;27.65
2400.00;2700.00;1692.00;26.76;E0_0_4200m;5.00;141;142;8.81;26.91
2400.00;2700.00;2004.00;28.65;E0_1_4200m;5.00;167;167;9.72;28.81
2400.00;2700.00;1704.00;26.82;E0_0_4300m;5.00;142;142;8.83;26.97
2400.00;2700.00;2016.00;28.74;E0_1_4300m;5.00;168;168;9.74;28.91
2400.00;2700.00;1704.00;26.82;E0_0_4400m;5.00;142;142;8.82;26.97
2400.00;2700.00;1968.00;28.81;E0_1_4400m;5.00;164;164;9.49;28.98
2400.00;2700.00;1668.00;26.77;E0_0_4500m;5.00;139;140;8.69;26.92
2400.00;2700.00;1968.00;28.70;E0_1_4500m;5.00;164;164;9.52;28.87
2400.00;2700.00;1668.00;26.62;E0_0_4600m;5.00;139;138;8.67;26.74
2400.00;2700.00;1980.00;28.55;E0_1_4600m;5.00;165;165;9.63;28.73
2400.00;2700.00;1656.00;26.49;E0_0_4700m;5.00;138;139;8.72;26.62
2400.00;2700.00;1980.00;28.41;E0_1_4700m;5.00;165;164;9.67;28.59
2400.00;2700.00;1680.00;26.27;E0_0_4800m;5.00;140;140;8.88;26.42
2400.00;2700.00;1968.00;28.29;E0_1_4800m;5.00;164;164;9.66;28.47
2400.00;2700.00;1644.00;26.11;E0_0_4900m;5.00;137;137;8.75;26.25
2400.00;2700.00;1956.00;28.20;E0_1_4900m;5.00;163;163;9.63;28.37
2400.00;2700.00;1584.00;25.99;E0_0_5000m;5.00;132;132;8.46;26.13
2400.00;2700.00;2016.00;28.15;E0_1_5000m;5.00;168;168;9.95;28.34
2700.00;3000.00;0.00;-1.00;E0_0_0m;-1.00;0;0;0.00;-1.00
2700.00;3000.00;0.00;-1.00;E0_1_0m;-1.00;0;0;0.00;-1.00
2700.00;3000.00;1920.00;25.74;E0_0_100m;5.00;160;161;10.41;25.90
2700.00;3000.00;2232.00;26.86;E0_1_100m;5.00;186;186;11.54;27.06
2700.00;3000.00;1884.00;26.28;E0_0_200m;5.00;157;157;9.96;26.46
2700.00;3000.00;2256.00;27.77;E0_1_200m;5.00;188;188;11.28;28.00
2700.00;3000.00;1932.00;26.29;E0_0_300m;5.00;161;160;10.14;26.45
2700.00;3000.00;2256.00;27.94;E0_1_300m;5.00;188;188;11.22;28.14
2700.00;3000.00;1908.00;26.06;E0_0_400m;5.00;159;158;10.12;26.23
2700.00;3000.00;2292.00;27.98;E0_1_400m;5.00;191;191;11.38;28.16
2700.00;3000.00;1920.00;26.01;E0_0_500m;5.00;160;159;10.20;26.17
2700.00;3000.00;2292.00;27.94;E0_1_500m;5.00;191;192;11.42;28.14
2700.00;3000.00;1908.00;25.87;E0_0_600m;5.00;159;159;10.24;26.03
2700.00;3000.00;2256.00;27.94;E0_1_600m;5.00;188;188;11.21;28.14
2700.00;3000.00;1944.00;25.64;E0_0_700m;5.00;162;162;10.53;25.77
2700.00;3000.00;2232.00;27.92;E0_1_700m;5.00;186;186;11.10;28.13
2700.00;3000.00;1920.00;25.45;E0_0_800m;5.00;160;160;10.48;25.56
2700.00;3000.00;2268.00;27.65;E0_1_800m;5.00;189;190;11.43;27.85
2700.00;3000.00;1932.00;25.16;E0_0_900m;5.00;161;161;10.67;25.26
2700.00;3000.00;2268.00;27.39;E0_1_900m;5.00;189;189;11.50;27.60
2700.00;3000.00;1920.00;25.01;E0_0_1000m;5.00;160;161;10.70;25.12
2700.00;3000.00;2304.00;27.18;E0_1_1000m;5.00;192;193;11.79;27.40
2700.00;3000.00;1932.00;24.83;E0_0_1100m;5.00;161;161;10.81;24.93
2700.00;3000.00;2316.00;27.01;E0_1_1100m;5.00;193;193;11.91;27.24
2700.00;3000.00;1944.00;24.60;E0_0_1200m;5.00;162;162;10.98;24.70
2700.00;3000.00;2304.00;26.76;E0_1_1200m;5.00;192;192;11.96;26.99
2700.00;3000.00;1908.00;24.46;E0_0_1300m;5.00;159;159;10.84;24.55
2700.00;3000.00;2316.00;26.58;E0_1_1300m;5.00;193;193;12.10;26.81
2700.00;3000.00;1908.00;24.34;E0_0_1400m;5.00;159;159;10.89;24.42
2700.00;3000.00;2328.00;26.49;E0_1_1400m;5.00;194;194;12.21;26.71
2700.00;3000.00;1896.00;24.25;E0_0_1500m;5.00;158;158;10.86;24.32
2700.00;3000.00;2340.00;26.32;E0_1_1500m;5.00;195;195;12.35;26.52
2700.00;3000.00;1908.00;24.11;E0_0_1600m;5.00;159;159;10.99;24.18
2700.00;3000.00;2352.00;26.16;E0_1_1600m;5.00;196;196;12.49;26.35
2700.00;3000.00;1896.00;24.07;E0_0_1700m;5.00;158;159;10.99;24.13
2700.00;3000.00;2328.00;25.92;E0_1_1700m;5.00;194;194;12.47;26.10
2700.00;3000.00;1884.00;24.10;E0_0_1800m;5.00;157;157;10.86;24.17
2700.00;3000.00;2328.00;25.63;E0_1_1800m;5.00;194;194;12.61;25.78
2700.00;3000.00;1872.00;24.05;E0_0_1900m;5.00;156;156;10.81;24.12
2700.00;3000.00;2340.00;25.37;E0_1_1900m;5.00;195;195;12.81;25.51
2700.00;3000.00;1836.00;23.89;E0_0_2000m;5.00;153;153;10.67;23.97
2700.00;3000.00;2328.00;25.05;E0_1_2000m;5.00;194;194;12.91;25.20
2700.00;3000.00;1860.00;23.80;E0_0_2100m;5.00;155;155;10.85;23.88
2700.00;3000.00;2304.00;24.75;E0_1_2100m;5.00;192;192;12.93;24.91
2700.00;3000.00;1872.00;23.46;E0_0_2200m;5.00;156;156;11.08;23.58
2700.00;3000.00;2256.00;24.44;E0_1_2200m;5.00;188;188;12.82;24.60
2700.00;3000.00;1884.00;23.20;E0_0_2300m;5.00;157;156;11.28;23.33
2700.00;3000.00;2268.00;23.99;E0_1_2300m;5.00;189;189;13.13;24.17
2700.00;3000.00;1908.00;22.88;E0_0_2400m;5.00;159;158;11.58;23.02
2700.00;3000.00;2280.00;23.50;E0_1_2400m;5.00;190;190;13.48;23.71
2700.00;3000.00;1860.00;22.28;E0_0_2500m;5.00;155;156;11.66;22.46
2700.00;3000.00;2304.00;22.89;E0_1_2500m;5.00;192;192;13.98;23.14
2700.00;3000.00;1872.00;21.40;E0_0_2600m;5.00;156;157;12.18;21.61
2700.00;3000.00;2292.00;22.10;E0_1_2600m;5.00;191;191;14.41;22.36
2700.00;3000.00;1884.00;20.49;E0_0_2700m;5.00;157;157;12.77;20.69
2700.00;3000.00;2292.00;20.96;E0_1_2700m;5.00;191;191;15.19;21.16
2700.00;3000.00;1908.00;19.58;E0_0_2800m;5.00;159;159;13.53;19.75
2700.00;3000.00;2292.00;19.88;E0_1_2800m;5.00;191;191;16.01;20.03
2700.00;3000.00;1908.00;18.72;E0_0_2900m;5.00;159;159;14.16;18.81
2700.00;3000.00;2292.00;18.96;E0_1_2900m;5.00;191;191;16.79;19.05
2700.00;3000.00;1908.00;17.67;E0_0_3000m;5.00;159;159;14.99;17.70
2700.00;3000.00;2316.00;18.17;E0_1_3000m;5.00;193;192;17.67;18.19
2700.00;3000.00;1968.00;17.55;E0_0_3100m;5.00;164;164;15.58;17.58
2700.00;3000.00;2256.00;18.07;E0_1_3100m;5.00;188;189;17.39;18.10
2700.00;3000.00;1980.00;17.55;E0_0_3200m;5.00;165;165;15.68;17.57
2700.00;3000.00;2256.00;17.97;E0_1_3200m;5.00;188;188;17.44;17.98
2700.00;3000.00;1992.00;17.63;E0_0_3300m;5.00;166;165;15.64;17.65
2700.00;3000.00;2268.00;17.97;E0_1_3300m;5.00;189;189;17.53;17.98
2700.00;3000.00;2004.00;17.71;E0_0_3400m;5.00;167;166;15.72;17.71
2700.00;3000.00;2232.00;17.97;E0_1_3400m;5.00;186;186;17.25;17.99
2700.00;3000.00;1992.00;17.77;E0_0_3500m;5.00;166;166;15.57;17.78
2700.00;3000.00;2244.00;17.93;E0_1_3500m;5.00;187;188;17.41;17.93
2700.00;3000.00;1980.00;17.81;E0_0_3600m;5.00;165;166;15.52;17.81
2700.00;3000.00;2232.00;17.90;E0_1_3600m;5.00;186;187;17.39;17.90
2700.00;3000.00;1992.00;17.77;E0_0_3700m;5.00;166;166;15.57;17.78
2700.00;3000.00;2232.00;17.89;E0_1_3700m;5.00;186;186;17.33;17.89
2700.00;3000.00;1992.00;17.72;E0_0_3800m;5.00;166;166;15.61;17.73
2700.00;3000.00;2232.00;17.88;E0_1_3800m;5.00;186;186;17.34;17.88
2700.00;3000.00;1968.00;17.68;E0_0_3900m;5.00;164;165;15.51;17.70
2700.00;3000.00;2256.00;18.22;E0_1_3900m;5.00;188;188;17.20;18.28
2700.00;3000.00;1956.00;19.29;E0_0_4000m;5.00;163;163;14.08;19.44
2700.00;3000.00;2268.00;20.88;E0_1_4000m;5.00;189;189;15.09;21.15
2700.00;3000.00;1848.00;25.33;E0_0_4100m;5.00;154;155;10.17;25.44
2700.00;3000.00;2376.00;26.21;E0_1_4100m;5.00;198;198;12.59;26.35
2700.00;3000.00;1896.00;25.62;E0_0_4200m;5.00;158;157;10.25;25.75
2700.00;3000.00;2316.00;27.03;E0_1_4200m;5.00;193;194;11.95;27.29
2700.00;3000.00;1908.00;25.69;E0_0_4300m;5.00;159;159;10.32;25.79
2700.00;3000.00;2316.00;26.84;E0_1_4300m;5.00;193;193;11.98;27.05
2700.00;3000.00;1932.00;25.69;E0_0_4400m;5.00;161;161;10.44;25.77
2700.00;3000.00;2316.00;26.64;E0_1_4400m;5.00;193;193;12.08;26.82
2700.00;3000.00;1920.00;25.52;E0_0_4500m;5.00;160;160;10.45;25.59
2700.00;3000.00;2316.00;26.36;E0_1_4500m;5.00;193;193;12.20;26.51
2700.00;3000.00;1908.00;25.52;E0_0_4600m;5.00;159;159;10.39;25.58
2700.00;3000.00;2316.00;26.22;E0_1_4600m;5.00;193;193;12.27;26.36
2700.00;3000.00;1884.00;25.44;E0_0_4700m;5.00;157;156;10.25;25.51
2700.00;3000.00;2340.00;26.14;E0_1_4700m;5.00;195;195;12.43;26.27
2700.00;3000.00;1860.00;25.33;E0_0_4800m;5.00;155;155;10.20;25.40
2700.00;3000.00;2340.00;26.09;E0_1_4800m;5.00;195;195;12.46;26.21
2700.00;3000.00;1860.00;25.27;E0_0_4900m;5.00;155;155;10.22;25.33
2700.00;3000.00;2328.00;26.09;E0_1_4900m;5.00;194;194;12.39;26.22
2700.00;3000.00;1872.00;25.23;E0_0_5000m;5.00;156;156;10.30;25.30
2700.00;3000.00;2304.00;26.00;E0_1_5000m;5.00;192;192;12.31;26.13
3000.00;3300.00;0.00;-1.00;E0_0_0m;-1.00;0;0;0.00;-1.00
3000.00;3300.00;0.00;-1.00;E0_1_0m;-1.00;0;0;0.00;-1.00
3000.00;3300.00;1764.00;25.81;E0_0_100m;5.00;147;147;9.49;26.04
3000.00;3300.00;2100.00;27.71;E0_1_100m;5.00;175;175;10.53;27.87
3000.00;3300.00;1776.00;25.92;E0_0_200m;5.00;148;148;9.51;26.15
3000.00;3300.00;2088.00;28.14;E0_1_200m;5.00;174;174;10.31;28.37
3000.00;3300.00;1752.00;25.84;E0_0_300m;5.00;146;146;9.42;26.07
3000.00;3300.00;2088.00;27.93;E0_1_300m;5.00;174;175;10.44;28.15
3000.00;3300.00;1728.00;25.91;E0_0_400m;5.00;144;144;9.26;26.07
3000.00;3300.00;2124.00;27.72;E0_1_400m;5.00;177;177;10.64;27.95
3000.00;3300.00;1716.00;25.84;E0_0_500m;5.00;143;143;9.22;25.99
3000.00;3300.00;2148.00;27.58;E0_1_500m;5.00;179;179;10.82;27.82
3000.00;3300.00;1716.00;25.67;E0_0_600m;5.00;143;143;9.29;25.81
3000.00;3300.00;2184.00;27.48;E0_1_600m;5.00;182;182;11.04;27.74
3000.00;3300.00;1704.00;25.78;E0_0_700m;5.00;142;142;9.18;25.94
3000.00;3300.00;2196.00;27.28;E0_1_700m;5.00;183;183;11.18;27.57
3000.00;3300.00;1704.00;25.68;E0_0_800m;5.00;142;142;9.21;25.86
3000.00;3300.00;2208.00;27.20;E0_1_800m;5.00;184;183;11.24;27.50
3000.00;3300.00;1716.00;25.62;E0_0_900m;5.00;143;143;9.30;25.78
3000.00;3300.00;2220.00;27.10;E0_1_900m;5.00;185;186;11.41;27.39
3000.00;3300.00;1668.00;25.49;E0_0_1000m;5.00;139;139;9.09;25.66
3000.00;3300.00;2256.00;26.97;E0_1_1000m;5.00;188;187;11.61;27.27
3000.00;3300.00;1668.00;25.25;E0_0_1100m;5.00;139;139;9.17;25.44
3000.00;3300.00;2280.00;26.82;E0_1_1100m;5.00;190;190;11.81;27.12
3000.00;3300.00;1680.00;24.95;E0_0_1200m;5.00;140;140;9.35;25.15
3000.00;3300.00;2280.00;26.68;E0_1_1200m;5.00;190;191;11.91;26.98
3000.00;3300.00;1692.00;24.95;E0_0_1300m;5.00;141;141;9.42;25.12
3000.00;3300.00;2280.00;26.57;E0_1_1300m;5.00;190;190;11.92;26.86
3000.00;3300.00;1704.00;25.00;E0_0_1400m;5.00;142;142;9.47;25.14
3000.00;3300.00;2280.00;26.53;E0_1_1400m;5.00;190;190;11.93;26.84
3000.00;3300.00;1692.00;25.00;E0_0_1500m;5.00;141;141;9.40;25.13
3000.00;3300.00;2280.00;26.52;E0_1_1500m;5.00;190;190;11.94;26.83
3000.00;3300.00;1692.00;24.89;E0_0_1600m;5.00;141;141;9.44;25.03
3000.00;3300.00;2256.00;26.38;E0_1_1600m;5.00;188;188;11.88;26.67
3000.00;3300.00;1704.00;24.76;E0_0_1700m;5.00;142;141;9.52;24.89
3000.00;3300.00;2232.00;26.21;E0_1_1700m;5.00;186;186;11.83;26.48
3000.00;3300.00;1704.00;24.66;E0_0_1800m;5.00;142;142;9.60;24.77
3000.00;3300.00;2232.00;26.07;E0_1_1800m;5.00;186;186;11.89;26.34
3000.00;3300.00;1704.00;24.52;E0_0_1900m;5.00;142;142;9.65;24.64
3000.00;3300.00;2220.00;25.86;E0_1_1900m;5.00;185;185;11.92;26.10
3000.00;3300.00;1728.00;24.46;E0_0_2000m;5.00;144;144;9.81;24.57
3000.00;3300.00;2268.00;25.59;E0_1_2000m;5.00;189;189;12.31;25.78
3000.00;3300.00;1716.00;24.24;E0_0_2100m;5.00;143;143;9.83;24.33
3000.00;3300.00;2280.00;25.30;E0_1_2100m;5.00;190;190;12.52;25.47
3000.00;3300.00;1704.00;23.95;E0_0_2200m;5.00;142;142;9.88;24.02
3000.00;3300.00;2268.00;25.02;E0_1_2200m;5.00;189;189;12.59;25.20
3000.00;3300.00;1704.00;23.62;E0_0_2300m;5.00;142;142;10.02;23.69
3000.00;3300.00;2232.00;24.73;E0_1_2300m;5.00;186;186;12.54;24.92
3000.00;3300.00;1704.00;23.18;E0_0_2400m;5.00;142;143;10.23;23.25
3000.00;3300.00;2196.00;24.21;E0_1_2400m;5.00;183;184;12.61;24.43
3000.00;3300.00;1728.00;22.44;E0_0_2500m;5.00;144;143;10.63;22.52
3000.00;3300.00;2208.00;23.48;E0_1_2500m;5.00;184;184;13.06;23.69
3000.00;3300.00;1752.00;21.68;E0_0_2600m;5.00;146;145;11.20;21.75
3000.00;3300.00;2184.00;22.58;E0_1_2600m;5.00;182;182;13.43;22.78
3000.00;3300.00;1740.00;20.67;E0_0_2700m;5.00;145;146;11.74;20.78
3000.00;3300.00;2172.00;21.50;E0_1_2700m;5.00;181;181;14.03;21.71
3000.00;3300.00;1728.00;19.63;E0_0_2800m;5.00;144;144;12.23;19.74
3000.00;3300.00;2148.00;20.36;E0_1_2800m;5.00;179;180;14.69;20.53
3000.00;3300.00;1716.00;18.73;E0_0_2900m;5.00;143;143;12.73;18.81
3000.00;3300.00;2160.00;19.30;E0_1_2900m;5.00;180;180;15.55;19.41
3000.00;3300.00;1704.00;17.73;E0_0_3000m;5.00;142;143;13.41;17.77
3000.00;3300.00;2136.00;18.30;E0_1_3000m;5.00;178;179;16.23;18.35
3000.00;3300.00;1788.00;17.78;E0_0_3100m;5.00;149;149;13.97;17.84
3000.00;3300.00;2064.00;18.44;E0_1_3100m;5.00;172;173;15.60;18.55
3000.00;3300.00;1776.00;17.88;E0_0_3200m;5.00;148;147;13.78;17.90
3000.00;3300.00;2076.00;18.40;E0_1_3200m;5.00;173;173;15.67;18.49
3000.00;3300.00;1776.00;17.89;E0_0_3300m;5.00;148;148;13.79;17.90
3000.00;3300.00;2064.00;18.22;E0_1_3300m;5.00;172;172;15.74;18.26
3000.00;3300.00;1776.00;17.88;E0_0_3400m;5.00;148;148;13.79;17.90
3000.00;3300.00;2088.00;18.08;E0_1_3400m;5.00;174;174;16.04;18.10
3000.00;3300.00;1788.00;17.90;E0_0_3500m;5.00;149;150;13.90;17.93
3000.00;3300.00;2064.00;17.98;E0_1_3500m;5.00;172;171;15.93;18.00
3000.00;3300.00;1812.00;17.83;E0_0_3600m;5.00;151;150;14.03;17.86
3000.00;3300.00;2088.00;17.97;E0_1_3600m;5.00;174;173;16.07;18.02
3000.00;3300.00;1836.00;17.81;E0_0_3700m;5.00;153;153;14.31;17.84
3000.00;3300.00;2136.00;17.97;E0_1_3700m;5.00;178;178;16.51;18.01
3000.00;3300.00;1848.00;17.77;E0_0_3800m;5.00;154;154;14.45;17.77
3000.00;3300.00;2184.00;18.04;E0_1_3800m;5.00;182;182;16.82;18.07
3000.00;3300.00;1860.00;17.82;E0_0_3900m;5.00;155;155;14.49;17.83
3000.00;3300.00;2196.00;18.40;E0_1_3900m;5.00;183;184;16.61;18.52
3000.00;3300.00;1872.00;19.53;E0_0_4000m;5.00;156;157;13.33;19.72
3000.00;3300.00;2196.00;21.42;E0_1_4000m;5.00;183;186;14.33;21.76
3000.00;3300.00;1812.00;26.57;E0_0_4100m;5.00;151;151;9.47;26.64
3000.00;3300.00;2280.00;27.49;E0_1_4100m;5.00;190;190;11.52;27.57
3000.00;3300.00;1812.00;26.97;E0_0_4200m;5.00;151;151;9.33;27.11
3000.00;3300.00;2304.00;28.32;E0_1_4200m;5.00;192;191;11.25;28.46
3000.00;3300.00;1800.00;26.74;E0_0_4300m;5.00;150;150;9.35;26.87
3000.00;3300.00;2316.00;28.07;E0_1_4300m;5.00;193;193;11.46;28.20
3000.00;3300.00;1800.00;26.47;E0_0_4400m;5.00;150;150;9.44;26.59
3000.00;3300.00;2292.00;27.88;E0_1_4400m;5.00;191;191;11.42;28.00
3000.00;3300.00;1836.00;26.19;E0_0_4500m;5.00;153;153;9.74;26.32
3000.00;3300.00;2280.00;27.77;E0_1_4500m;5.00;190;191;11.43;27.88
3000.00;3300.00;1848.00;26.06;E0_0_4600m;5.00;154;154;9.85;26.20
3000.00;3300.00;2268.00;27.75;E0_1_4600m;5.00;189;190;11.38;27.87
3000.00;3300.00;1860.00;25.90;E0_0_4700m;5.00;155;155;9.97;26.05
3000.00;3300.00;2280.00;27.69;E0_1_4700m;5.00;190;190;11.44;27.79
3000.00;3300.00;1884.00;25.66;E0_0_4800m;5.00;157;157;10.20;25.80
3000.00;3300.00;2268.00;27.71;E0_1_4800m;5.00;189;189;11.37;27.80
3000.00;3300.00;1908.00;25.38;E0_0_4900m;5.00;159;159;10.44;25.52
3000.00;3300.00;2280.00;27.68;E0_1_4900m;5.00;190;190;11.44;27.78
3000.00;3300.00;1908.00;25.15;E0_0_5000m;5.00;159;159;10.54;25.28
3000.00;3300.00;2280.00;27.62;E0_1_5000m;5.00;190;190;11.47;27.71
3300.00;3600.00;0.00;-1.00;E0_0_0m;-1.00;0;0;0.00;-1.00
3300.00;3600.00;0.00;-1.00;E0_1_0m;-1.00;0;0;0.00;-1.00
3300.00;3600.00;2112.00;23.54;E0_0_100m;5.00;176;176;12.46;23.69
3300.00;3600.00;2496.00;25.03;E0_1_100m;5.00;208;208;13.85;25.23
3300.00;3600.00;2088.00;23.82;E0_0_200m;5.00;174;174;12.17;23.98
3300.00;3600.00;2532.00;25.16;E0_1_200m;5.00;211;211;13.98;25.40
3300.00;3600.00;2088.00;23.88;E0_0_300m;5.00;174;174;12.14;24.05
3300.00;3600.00;2508.00;25.14;E0_1_300m;5.00;209;209;13.85;25.39
3300.00;3600.00;2088.00;23.94;E0_0_400m;5.00;174;174;12.11;24.13
3300.00;3600.00;2484.00;24.96;E0_1_400m;5.00;207;208;13.86;25.21
3300.00;3600.00;2064.00;23.88;E0_0_500m;5.00;172;172;12.01;24.09
3300.00;3600.00;2496.00;24.86;E0_1_500m;5.00;208;207;13.92;25.13
3300.00;3600.00;2052.00;23.75;E0_0_600m;5.00;171;171;12.00;23.99
3300.00;3600.00;2484.00;24.66;E0_1_600m;5.00;207;207;13.99;24.98
3300.00;3600.00;2064.00;23.74;E0_0_700m;5.00;172;172;12.07;24.01
3300.00;3600.00;2460.00;24.45;E0_1_700m;5.00;205;205;13.97;24.79
3300.00;3600.00;2040.00;23.62;E0_0_800m;5.00;170;170;12.00;23.89
3300.00;3600.00;2436.00;24.30;E0_1_800m;5.00;203;203;13.92;24.67
3300.00;3600.00;2040.00;23.48;E0_0_900m;5.00;170;170;12.07;23.75
3300.00;3600.00;2400.00;24.19;E0_1_900m;5.00;200;201;13.79;24.59
3300.00;3600.00;2040.00;23.45;E0_0_1000m;5.00;170;170;12.08;23.74
3300.00;3600.00;2388.00;24.17;E0_1_1000m;5.00;199;199;13.72;24.56
3300.00;3600.00;1992.00;23.48;E0_0_1100m;5.00;166;166;11.78;23.78
3300.00;3600.00;2388.00;24.19;E0_1_1100m;5.00;199;199;13.71;24.59
3300.00;3600.00;1956.00;23.52;E0_0_1200m;5.00;163;164;11.62;23.81
3300.00;3600.00;2388.00;24.29;E0_1_1200m;5.00;199;198;13.61;24.73
3300.00;3600.00;1956.00;23.49;E0_0_1300m;5.00;163;164;11.58;23.77
3300.00;3600.00;2352.00;24.38;E0_1_1300m;5.00;196;197;13.45;24.83
3300.00;3600.00;1956.00;23.62;E0_0_1400m;5.00;163;163;11.50;23.91
3300.00;3600.00;2328.00;24.38;E0_1_1400m;5.00;194;194;13.26;24.80
3300.00;3600.00;1944.00;23.74;E0_0_1500m;5.00;162;162;11.37;24.04
3300.00;3600.00;2340.00;24.43;E0_1_1500m;5.00;195;195;13.30;24.82
3300.00;3600.00;1956.00;23.76;E0_0_1600m;5.00;163;163;11.43;24.05
3300.00;3600.00;2328.00;24.52;E0_1_1600m;5.00;194;194;13.19;24.90
3300.00;3600.00;1968.00;23.76;E0_0_1700m;5.00;164;164;11.51;24.03
3300.00;3600.00;2316.00;24.58;E0_1_1700m;5.00;193;193;13.09;24.94
3300.00;3600.00;1956.00;23.69;E0_0_1800m;5.00;163;163;11.47;23.93
3300.00;3600.00;2328.00;24.56;E0_1_1800m;5.00;194;194;13.16;24.91
3300.00;3600.00;1968.00;23.58;E0_0_1900m;5.00;164;164;11.59;23.79
3300.00;3600.00;2316.00;24.60;E0_1_1900m;5.00;193;194;13.13;24.93
3300.00;3600.00;1932.00;23.41;E0_0_2000m;5.00;161;161;11.46;23.60
3300.00;3600.00;2280.00;24.56;E0_1_2000m;5.00;190;190;12.89;24.88
3300.00;3600.00;1908.00;23.41;E0_0_2100m;5.00;159;159;11.32;23.59
3300.00;3600.00;2244.00;24.35;E0_1_2100m;5.00;187;187;12.80;24.65
3300.00;3600.00;1884.00;23.19;E0_0_2200m;5.00;157;157;11.29;23.37
3300.00;3600.00;2244.00;24.06;E0_1_2200m;5.00;187;188;13.03;24.33
3300.00;3600.00;1872.00;22.80;E0_0_2300m;5.00;156;157;11.46;22.99
3300.00;3600.00;2244.00;23.62;E0_1_2300m;5.00;187;188;13.20;23.86
3300.00;3600.00;1860.00;22.43;E0_0_2400m;5.00;155;154;11.50;22.60
3300.00;3600.00;2256.00;22.95;E0_1_2400m;5.00;188;187;13.64;23.13
3300.00;3600.00;1836.00;21.99;E0_0_2500m;5.00;153;154;11.63;22.14
3300.00;3600.00;2256.00;22.30;E0_1_2500m;5.00;188;188;14.05;22.45
3300.00;3600.00;1860.00;21.25;E0_0_2600m;5.00;155;155;12.15;21.43
3300.00;3600.00;2232.00;21.55;E0_1_2600m;5.00;186;186;14.38;21.72
3300.00;3600.00;1896.00;20.43;E0_0_2700m;5.00;158;157;12.84;20.62
3300.00;3600.00;2208.00;20.70;E0_1_2700m;5.00;184;184;14.81;20.89
3300.00;3600.00;1884.00;19.61;E0_0_2800m;5.00;157;157;13.34;19.74
3300.00;3600.00;2220.00;19.87;E0_1_2800m;5.00;185;184;15.48;20.02
3300.00;3600.00;1884.00;18.71;E0_0_2900m;5.00;157;157;13.98;18.79
3300.00;3600.00;2208.00;19.09;E0_1_2900m;5.00;184;184;16.06;19.18
3300.00;3600.00;1932.00;17.59;E0_0_3000m;5.00;161;160;15.20;17.62
3300.00;3600.00;2184.00;18.41;E0_1_3000m;5.00;182;182;16.48;18.50
3300.00;3600.00;1932.00;17.50;E0_0_3100m;5.00;161;161;15.34;17.52
3300.00;3600.00;2160.00;18.34;E0_1_3100m;5.00;180;180;16.36;18.48
3300.00;3600.00;1944.00;17.62;E0_0_3200m;5.00;162;162;15.32;17.64
3300.00;3600.00;2136.00;18.39;E0_1_3200m;5.00;178;178;16.13;18.58
3300.00;3600.00;1944.00;17.63;E0_0_3300m;5.00;162;162;15.31;17.65
3300.00;3600.00;2136.00;18.31;E0_1_3300m;5.00;178;179;16.27;18.50
3300.00;3600.00;1956.00;17.59;E0_0_3400m;5.00;163;163;15.45;17.60
3300.00;3600.00;2172.00;18.25;E0_1_3400m;5.00;181;181;16.53;18.43
3300.00;3600.00;1980.00;17.64;E0_0_3500m;5.00;165;164;15.57;17.65
3300.00;3600.00;2172.00;18.11;E0_1_3500m;5.00;181;182;16.71;18.23
3300.00;3600.00;2004.00;17.70;E0_0_3600m;5.00;167;167;15.72;17.71
3300.00;3600.00;2160.00;18.04;E0_1_3600m;5.00;180;180;16.63;18.12
3300.00;3600.00;2004.00;17.80;E0_0_3700m;5.00;167;167;15.64;17.80
3300.00;3600.00;2124.00;17.91;E0_1_3700m;5.00;177;177;16.47;17.93
3300.00;3600.00;2004.00;17.80;E0_0_3800m;5.00;167;167;15.64;17.82
3300.00;3600.00;2088.00;17.88;E0_1_3800m;5.00;174;174;16.22;17.88
3300.00;3600.00;2004.00;17.62;E0_0_3900m;5.00;167;168;15.83;17.65
3300.00;3600.00;2064.00;18.08;E0_1_3900m;5.00;172;172;15.85;18.11
3300.00;3600.00;1992.00;19.27;E0_0_4000m;5.00;166;167;14.39;19.42
3300.00;3600.00;2076.00;20.54;E0_1_4000m;5.00;173;172;13.96;20.82
3300.00;3600.00;1920.00;26.04;E0_0_4100m;5.00;160;161;10.25;26.11
3300.00;3600.00;2136.00;27.01;E0_1_4100m;5.00;178;178;10.98;27.12
3300.00;3600.00;1932.00;26.73;E0_0_4200m;5.00;161;161;10.04;26.83
3300.00;3600.00;2136.00;28.11;E0_1_4200m;5.00;178;178;10.55;28.26
3300.00;3600.00;1944.00;26.79;E0_0_4300m;5.00;162;163;10.08;26.89
3300.00;3600.00;2088.00;28.13;E0_1_4300m;5.00;174;174;10.31;28.30
3300.00;3600.00;1968.00;26.66;E0_0_4400m;5.00;164;164;10.25;26.75
3300.00;3600.00;2076.00;28.18;E0_1_4400m;5.00;173;174;10.26;28.36
3300.00;3600.00;1920.00;26.47;E0_0_4500m;5.00;160;160;10.07;26.56
3300.00;3600.00;2112.00;28.11;E0_1_4500m;5.00;176;175;10.41;28.28
3300.00;3600.00;1908.00;26.28;E0_0_4600m;5.00;159;159;10.08;26.35
3300.00;3600.00;2124.00;27.93;E0_1_4600m;5.00;177;176;10.53;28.08
3300.00;3600.00;1896.00;26.04;E0_0_4700m;5.00;158;159;10.14;26.09
3300.00;3600.00;2136.00;27.73;E0_1_4700m;5.00;178;178;10.70;27.89
3300.00;3600.00;1896.00;25.92;E0_0_4800m;5.00;158;159;10.21;25.98
3300.00;3600.00;2112.00;27.59;E0_1_4800m;5.00;176;176;10.63;27.76
3300.00;3600.00;1860.00;25.85;E0_0_4900m;5.00;155;155;9.99;25.90
3300.00;3600.00;2124.00;27.45;E0_1_4900m;5.00;177;178;10.78;27.61
3300.00;3600.00;1836.00;25.80;E0_0_5000m;5.00;153;153;9.88;25.87
3300.00;3600.00;2160.00;27.43;E0_1_5000m;5.00;180;180;10.94;27.59
3600.00;3900.00;0.00;-1.00;E0_0_0m;-1.00;0;0;0.00;-1.00
3600.00;3900.00;0.00;-1.00;E0_1_0m;-1.00;0;0;0.00;-1.00
3600.00;3900.00;1764.00;25.74;E0_0_100m;5.00;147;147;9.52;25.89
3600.00;3900.00;2100.00;26.95;E0_1_100m;5.00;175;175;10.82;27.11
3600.00;3900.00;1788.00;26.30;E0_0_200m;5.00;149;150;9.45;26.49
3600.00;3900.00;2076.00;27.64;E0_1_200m;5.00;173;173;10.43;27.85
3600.00;3900.00;1812.00;26.46;E0_0_300m;5.00;151;151;9.51;26.63
3600.00;3900.00;2064.00;27.82;E0_1_300m;5.00;172;172;10.30;28.04
3600.00;3900.00;1824.00;26.51;E0_0_400m;5.00;152;152;9.56;26.68
3600.00;3900.00;2100.00;27.75;E0_1_400m;5.00;175;174;10.48;27.95
3600.00;3900.00;1872.00;26.39;E0_0_500m;5.00;156;156;9.85;26.55
3600.00;3900.00;2076.00;27.66;E0_1_500m;5.00;173;173;10.42;27.85
3600.00;3900.00;1860.00;26.16;E0_0_600m;5.00;155;155;9.88;26.32
3600.00;3900.00;2112.00;27.44;E0_1_600m;5.00;176;176;10.69;27.61
3600.00;3900.00;1860.00;25.85;E0_0_700m;5.00;155;155;9.99;26.04
3600.00;3900.00;2112.00;27.21;E0_1_700m;5.00;176;176;10.78;27.41
3600.00;3900.00;1836.00;25.60;E0_0_800m;5.00;153;153;9.96;25.78
3600.00;3900.00;2148.00;26.83;E0_1_800m;5.00;179;179;11.12;27.05
3600.00;3900.00;1836.00;25.41;E0_0_900m;5.00;153;153;10.03;25.60
3600.00;3900.00;2172.00;26.38;E0_1_900m;5.00;181;180;11.43;26.64
3600.00;3900.00;1848.00;25.17;E0_0_1000m;5.00;154;154;10.20;25.39
3600.00;3900.00;2172.00;25.99;E0_1_1000m;5.00;181;181;11.61;26.28
3600.00;3900.00;1848.00;24.89;E0_0_1100m;5.00;154;154;10.31;25.13
3600.00;3900.00;2184.00;25.72;E0_1_1100m;5.00;182;182;11.79;26.05
3600.00;3900.00;1884.00;24.61;E0_0_1200m;5.00;157;156;10.56;24.88
3600.00;3900.00;2184.00;25.44;E0_1_1200m;5.00;182;182;11.92;25.79
3600.00;3900.00;1872.00;24.19;E0_0_1300m;5.00;156;155;10.73;24.46
3600.00;3900.00;2220.00;25.19;E0_1_1300m;5.00;185;185;12.23;25.56
3600.00;3900.00;1884.00;23.96;E0_0_1400m;5.00;157;157;10.92;24.21
3600.00;3900.00;2220.00;25.00;E0_1_1400m;5.00;185;185;12.33;25.38
3600.00;3900.00;1896.00;23.81;E0_0_1500m;5.00;158;159;11.08;24.06
3600.00;3900.00;2220.00;24.66;E0_1_1500m;5.00;185;185;12.50;25.01
3600.00;3900.00;1908.00;23.70;E0_0_1600m;5.00;159;159;11.18;23.94
3600.00;3900.00;2244.00;24.32;E0_1_1600m;5.00;187;187;12.81;24.64
3600.00;3900.00;1932.00;23.54;E0_0_1700m;5.00;161;161;11.40;23.80
3600.00;3900.00;2256.00;23.95;E0_1_1700m;5.00;188;189;13.12;24.27
3600.00;3900.00;1944.00;23.25;E0_0_1800m;5.00;162;163;11.63;23.51
3600.00;3900.00;2280.00;23.58;E0_1_1800m;5.00;190;190;13.43;23.89
3600.00;3900.00;1920.00;22.76;E0_0_1900m;5.00;160;160;11.72;23.06
3600.00;3900.00;2316.00;23.26;E0_1_1900m;5.00;193;193;13.79;23.60
3600.00;3900.00;1944.00;22.27;E0_0_2000m;5.00;162;162;12.12;22.56
3600.00;3900.00;2316.00;22.77;E0_1_2000m;5.00;193;193;14.13;23.14
3600.00;3900.00;1980.00;21.77;E0_0_2100m;5.00;165;165;12.63;22.06
3600.00;3900.00;2316.00;22.24;E0_1_2100m;5.00;193;193;14.47;22.65
3600.00;3900.00;1992.00;21.31;E0_0_2200m;5.00;166;167;12.99;21.64
3600.00;3900.00;2316.00;21.67;E0_1_2200m;5.00;193;192;14.77;22.12
3600.00;3900.00;2004.00;20.92;E0_0_2300m;5.00;167;167;13.30;21.27
3600.00;3900.00;2316.00;21.23;E0_1_2300m;5.00;193;192;15.14;21.69
3600.00;3900.00;2004.00;20.49;E0_0_2400m;5.00;167;167;13.58;20.82
3600.00;3900.00;2316.00;20.80;E0_1_2400m;5.00;193;193;15.46;21.25
3600.00;3900.00;2016.00;20.08;E0_0_2500m;5.00;168;167;13.92;20.36
3600.00;3900.00;2376.00;20.44;E0_1_2500m;5.00;198;198;16.15;20.84
3600.00;3900.00;2016.00;19.57;E0_0_2600m;5.00;168;168;14.31;19.78
3600.00;3900.00;2376.00;19.93;E0_1_2600m;5.00;198;198;16.56;20.23
3600.00;3900.00;1992.00;19.02;E0_0_2700m;5.00;166;166;14.55;19.14
3600.00;3900.00;2376.00;19.32;E0_1_2700m;5.00;198;199;17.08;19.49
3600.00;3900.00;2004.00;18.55;E0_0_2800m;5.00;167;167;15.01;18.59
3600.00;3900.00;2376.00;18.79;E0_1_2800m;5.00;198;198;17.56;18.87
3600.00;3900.00;1992.00;18.15;E0_0_2900m;5.00;166;166;15.24;18.18
3600.00;3900.00;2388.00;18.37;E0_1_2900m;5.00;199;199;18.06;18.40
3600.00;3900.00;1992.00;17.45;E0_0_3000m;5.00;166;166;15.86;17.46
3600.00;3900.00;2364.00;18.00;E0_1_3000m;5.00;197;197;18.24;18.00
3600.00;3900.00;2028.00;17.51;E0_0_3100m;5.00;169;169;16.09;17.52
3600.00;3900.00;2352.00;17.95;E0_1_3100m;5.00;196;196;18.20;17.96
3600.00;3900.00;2052.00;17.57;E0_0_3200m;5.00;171;171;16.22;17.59
3600.00;3900.00;2340.00;17.92;E0_1_3200m;5.00;195;196;18.14;17.92
3600.00;3900.00;2040.00;17.60;E0_0_3300m;5.00;170;171;16.13;17.61
3600.00;3900.00;2352.00;17.90;E0_1_3300m;5.00;196;196;18.25;17.90
3600.00;3900.00;2028.00;17.55;E0_0_3400m;5.00;169;169;16.05;17.56
3600.00;3900.00;2316.00;17.88;E0_1_3400m;5.00;193;193;17.99;17.88
3600.00;3900.00;2040.00;17.62;E0_0_3500m;5.00;170;170;16.08;17.63
3600.00;3900.00;2304.00;17.96;E0_1_3500m;5.00;192;191;17.76;18.00
3600.00;3900.00;2004.00;17.73;E0_0_3600m;5.00;167;168;15.74;17.73
3600.00;3900.00;2280.00;18.00;E0_1_3600m;5.00;190;191;17.63;18.04
3600.00;3900.00;1980.00;17.72;E0_0_3700m;5.00;165;165;15.52;17.73
3600.00;3900.00;2280.00;18.04;E0_1_3700m;5.00;190;190;17.55;18.09
3600.00;3900.00;1968.00;17.65;E0_0_3800m;5.00;164;165;15.57;17.67
3600.00;3900.00;2256.00;18.07;E0_1_3800m;5.00;188;188;17.34;18.12
3600.00;3900.00;1980.00;17.56;E0_0_3900m;5.00;165;164;15.63;17.58
3600.00;3900.00;2244.00;18.21;E0_1_3900m;5.00;187;186;17.09;18.31
3600.00;3900.00;2016.00;19.38;E0_0_4000m;5.00;168;167;14.42;19.54
3600.00;3900.00;2208.00;20.44;E0_1_4000m;5.00;184;185;15.01;20.74
3600.00;3900.00;1956.00;25.61;E0_0_4100m;5.00;163;163;10.61;25.72
3600.00;3900.00;2256.00;27.12;E0_1_4100m;5.00;188;188;11.55;27.21
3600.00;3900.00;1968.00;26.11;E0_0_4200m;5.00;164;165;10.54;26.24
3600.00;3900.00;2232.00;28.29;E0_1_4200m;5.00;186;186;10.96;28.43
3600.00;3900.00;1992.00;26.22;E0_0_4300m;5.00;166;165;10.55;26.34
3600.00;3900.00;2256.00;28.28;E0_1_4300m;5.00;188;189;11.09;28.40
3600.00;3900.00;1980.00;26.22;E0_0_4400m;5.00;165;166;10.54;26.35
3600.00;3900.00;2268.00;28.36;E0_1_4400m;5.00;189;188;11.08;28.49
3600.00;3900.00;1956.00;26.02;E0_0_4500m;5.00;163;163;10.44;26.13
3600.00;3900.00;2268.00;28.23;E0_1_4500m;5.00;189;189;11.16;28.35
3600.00;3900.00;1944.00;25.88;E0_0_4600m;5.00;162;162;10.43;25.97
3600.00;3900.00;2280.00;28.15;E0_1_4600m;5.00;190;190;11.25;28.28
3600.00;3900.00;1920.00;25.80;E0_0_4700m;5.00;160;159;10.31;25.90
3600.00;3900.00;2304.00;28.09;E0_1_4700m;5.00;192;192;11.39;28.20
3600.00;3900.00;1944.00;25.75;E0_0_4800m;5.00;162;161;10.44;25.83
3600.00;3900.00;2328.00;27.96;E0_1_4800m;5.00;194;194;11.56;28.06
3600.00;3900.00;1908.00;25.64;E0_0_4900m;5.00;159;159;10.34;25.71
3600.00;3900.00;2364.00;27.77;E0_1_4900m;5.00;197;196;11.79;27.86
3600.00;3900.00;1884.00;25.49;E0_0_5000m;5.00;157;157;10.26;25.58
3600.00;3900.00;2364.00;27.67;E0_1_5000m;5.00;197;198;11.91;27.76
3900.00;4200.00;0.00;-1.00;E0_0_0m;-1.00;0;0;0.00;-1.00
3900.00;4200.00;0.00;-1.00;E0_1_0m;-1.00;0;0;0.00;-1.00
3900.00;4200.00;1656.00;26.01;E0_0_100m;5.00;138;138;8.84;26.23
3900.00;4200.00;2124.00;27.07;E0_1_100m;5.00;177;178;10.94;27.26
3900.00;4200.00;1632.00;25.92;E0_0_200m;5.00;136;135;8.73;26.14
3900.00;4200.00;2148.00;27.56;E0_1_200m;5.00;179;179;10.82;27.86
3900.00;4200.00;1656.00;25.86;E0_0_300m;5.00;138;138;8.90;26.05
3900.00;4200.00;2148.00;27.61;E0_1_300m;5.00;179;179;10.81;27.88
3900.00;4200.00;1644.00;25.73;E0_0_400m;5.00;137;137;8.87;25.94
3900.00;4200.00;2172.00;27.48;E0_1_400m;5.00;181;181;10.98;27.74
3900.00;4200.00;1608.00;25.70;E0_0_500m;5.00;134;134;8.69;25.95
3900.00;4200.00;2220.00;27.27;E0_1_500m;5.00;185;185;11.31;27.53
3900.00;4200.00;1596.00;25.52;E0_0_600m;5.00;133;133;8.69;25.78
3900.00;4200.00;2220.00;27.10;E0_1_600m;5.00;185;185;11.38;27.38
3900.00;4200.00;1596.00;25.35;E0_0_700m;5.00;133;133;8.74;25.60
3900.00;4200.00;2220.00;26.84;E0_1_700m;5.00;185;185;11.49;27.13
3900.00;4200.00;1584.00;25.15;E0_0_800m;5.00;132;133;8.77;25.40
3900.00;4200.00;2232.00;26.61;E0_1_800m;5.00;186;186;11.65;26.91
3900.00;4200.00;1620.00;25.01;E0_0_900m;5.00;135;135;9.00;25.25
3900.00;4200.00;2196.00;26.31;E0_1_900m;5.00;183;183;11.59;26.61
3900.00;4200.00;1632.00;24.84;E0_0_1000m;5.00;136;136;9.12;25.10
3900.00;4200.00;2196.00;26.12;E0_1_1000m;5.00;183;183;11.68;26.45
3900.00;4200.00;1692.00;24.71;E0_0_1100m;5.00;141;141;9.51;25.02
3900.00;4200.00;2160.00;26.04;E0_1_1100m;5.00;180;180;11.52;26.38
3900.00;4200.00;1692.00;24.87;E0_0_1200m;5.00;141;141;9.45;25.17
3900.00;4200.00;2148.00;26.14;E0_1_1200m;5.00;179;179;11.41;26.51
3900.00;4200.00;1716.00;24.99;E0_0_1300m;5.00;143;143;9.54;25.29
3900.00;4200.00;2100.00;26.28;E0_1_1300m;5.00;175;175;11.13;26.65
3900.00;4200.00;1728.00;25.13;E0_0_1400m;5.00;144;144;9.55;25.43
3900.00;4200.00;2064.00;26.31;E0_1_1400m;5.00;172;172;10.89;26.68
3900.00;4200.00;1704.00;25.16;E0_0_1500m;5.00;142;142;9.42;25.45
3900.00;4200.00;2076.00;26.47;E0_1_1500m;5.00;173;173;10.89;26.82
3900.00;4200.00;1728.00;25.21;E0_0_1600m;5.00;144;144;9.52;25.47
3900.00;4200.00;2004.00;26.54;E0_1_1600m;5.00;167;167;10.49;26.88
3900.00;4200.00;1704.00;25.24;E0_0_1700m;5.00;142;142;9.38;25.47
3900.00;4200.00;1980.00;26.67;E0_1_1700m;5.00;165;166;10.35;26.99
3900.00;4200.00;1680.00;25.30;E0_0_1800m;5.00;140;139;9.21;25.53
3900.00;4200.00;1980.00;26.80;E0_1_1800m;5.00;165;165;10.26;27.08
3900.00;4200.00;1668.00;25.35;E0_0_1900m;5.00;139;139;9.14;25.55
3900.00;4200.00;1980.00;26.95;E0_1_1900m;5.00;165;165;10.20;27.21
3900.00;4200.00;1656.00;25.43;E0_0_2000m;5.00;138;138;9.04;25.62
3900.00;4200.00;1956.00;27.16;E0_1_2000m;5.00;163;163;10.00;27.41
3900.00;4200.00;1620.00;25.50;E0_0_2100m;5.00;135;135;8.82;25.67
3900.00;4200.00;1968.00;27.27;E0_1_2100m;5.00;164;164;10.02;27.49
3900.00;4200.00;1644.00;25.57;E0_0_2200m;5.00;137;136;8.92;25.72
3900.00;4200.00;1944.00;27.46;E0_1_2200m;5.00;162;162;9.83;27.65
3900.00;4200.00;1632.00;25.70;E0_0_2300m;5.00;136;136;8.82;25.82
3900.00;4200.00;1932.00;27.66;E0_1_2300m;5.00;161;162;9.76;27.83
3900.00;4200.00;1620.00;25.82;E0_0_2400m;5.00;135;135;8.71;25.92
3900.00;4200.00;1944.00;27.67;E0_1_2400m;5.00;162;162;9.76;27.79
3900.00;4200.00;1596.00;25.71;E0_0_2500m;5.00;133;133;8.62;25.80
3900.00;4200.00;1968.00;27.53;E0_1_2500m;5.00;164;164;9.93;27.66
3900.00;4200.00;1620.00;25.12;E0_0_2600m;5.00;135;135;8.96;25.24
3900.00;4200.00;2004.00;26.92;E0_1_2600m;5.00;167;167;10.34;27.10
3900.00;4200.00;1656.00;23.90;E0_0_2700m;5.00;138;138;9.62;24.11
3900.00;4200.00;2064.00;25.51;E0_1_2700m;5.00;172;171;11.23;25.78
3900.00;4200.00;1704.00;22.22;E0_0_2800m;5.00;142;142;10.65;22.52
3900.00;4200.00;2076.00;23.67;E0_1_2800m;5.00;173;173;12.18;24.00
3900.00;4200.00;1716.00;20.04;E0_0_2900m;5.00;143;143;11.89;20.29
3900.00;4200.00;2100.00;21.53;E0_1_2900m;5.00;175;175;13.54;21.80
3900.00;4200.00;1776.00;17.85;E0_0_3000m;5.00;148;148;13.82;17.92
3900.00;4200.00;2136.00;19.39;E0_1_3000m;5.00;178;178;15.30;19.59
3900.00;4200.00;1872.00;17.48;E0_0_3100m;5.00;156;156;14.87;17.63
3900.00;4200.00;2112.00;18.82;E0_1_3100m;5.00;176;177;15.67;18.97
3900.00;4200.00;1908.00;17.58;E0_0_3200m;5.00;159;159;15.07;17.62
3900.00;4200.00;2148.00;18.66;E0_1_3200m;5.00;179;179;15.98;18.81
3900.00;4200.00;1944.00;17.79;E0_0_3300m;5.00;162;161;15.14;17.88
3900.00;4200.00;2136.00;18.41;E0_1_3300m;5.00;178;178;16.14;18.48
3900.00;4200.00;1932.00;17.68;E0_0_3400m;5.00;161;161;15.18;17.69
3900.00;4200.00;2124.00;18.14;E0_1_3400m;5.00;177;177;16.26;18.17
3900.00;4200.00;1908.00;17.61;E0_0_3500m;5.00;159;159;15.05;17.62
3900.00;4200.00;2124.00;18.00;E0_1_3500m;5.00;177;178;16.42;18.00
3900.00;4200.00;1908.00;17.57;E0_0_3600m;5.00;159;159;15.09;17.59
3900.00;4200.00;2148.00;17.93;E0_1_3600m;5.00;179;178;16.60;17.94
3900.00;4200.00;1908.00;17.66;E0_0_3700m;5.00;159;159;15.00;17.67
3900.00;4200.00;2136.00;17.97;E0_1_3700m;5.00;178;178;16.51;17.98
3900.00;4200.00;1908.00;17.76;E0_0_3800m;5.00;159;158;14.83;17.77
3900.00;4200.00;2160.00;18.11;E0_1_3800m;5.00;180;180;16.56;18.15
3900.00;4200.00;1908.00;17.87;E0_0_3900m;5.00;159;159;14.83;17.88
3900.00;4200.00;2184.00;18.61;E0_1_3900m;5.00;182;182;16.30;18.74
3900.00;4200.00;1896.00;19.62;E0_0_4000m;5.00;158;159;13.49;19.78
3900.00;4200.00;2172.00;21.28;E0_1_4000m;5.00;181;181;14.18;21.57
3900.00;4200.00;1860.00;25.85;E0_0_4100m;5.00;155;155;9.99;25.97
3900.00;4200.00;2220.00;26.82;E0_1_4100m;5.00;185;185;11.49;26.94
3900.00;4200.00;1836.00;26.45;E0_0_4200m;5.00;153;152;9.57;26.59
3900.00;4200.00;2256.00;27.77;E0_1_4200m;5.00;188;189;11.31;27.93
3900.00;4200.00;1812.00;26.47;E0_0_4300m;5.00;151;151;9.51;26.60
3900.00;4200.00;2244.00;27.85;E0_1_4300m;5.00;187;187;11.20;27.99
3900.00;4200.00;1824.00;26.37;E0_0_4400m;5.00;152;152;9.61;26.49
3900.00;4200.00;2232.00;27.79;E0_1_4400m;5.00;186;186;11.15;27.92
3900.00;4200.00;1860.00;26.05;E0_0_4500m;5.00;155;155;9.92;26.17
3900.00;4200.00;2232.00;27.81;E0_1_4500m;5.00;186;186;11.15;27.93
3900.00;4200.00;1836.00;25.95;E0_0_4600m;5.00;153;154;9.87;26.07
3900.00;4200.00;2280.00;27.67;E0_1_4600m;5.00;190;190;11.44;27.79
3900.00;4200.00;1824.00;25.85;E0_0_4700m;5.00;152;152;9.80;25.97
3900.00;4200.00;2268.00;27.62;E0_1_4700m;5.00;189;189;11.41;27.72
3900.00;4200.00;1800.00;25.95;E0_0_4800m;5.00;150;150;9.63;26.07
3900.00;4200.00;2244.00;27.58;E0_1_4800m;5.00;187;187;11.30;27.67
3900.00;4200.00;1788.00;26.08;E0_0_4900m;5.00;149;149;9.52;26.20
3900.00;4200.00;2244.00;27.52;E0_1_4900m;5.00;187;187;11.33;27.61
3900.00;4200.00;1800.00;26.08;E0_0_5000m;5.00;150;150;9.58;26.20
3900.00;4200.00;2220.00;27.53;E0_1_5000m;5.00;185;185;11.20;27.62
4200.00;4500.00;0.00;-1.00;E0_0_0m;-1.00;0;0;0.00;-1.00
4200.00;4500.00;0.00;-1.00;E0_1_0m;-1.00;0;0;0.00;-1.00
4200.00;4500.00;1980.00;25.01;E0_0_100m;5.00;165;168;11.02;25.21
4200.00;4500.00;2232.00;25.87;E0_1_100m;5.00;186;185;11.94;26.14
4200.00;4500.00;1908.00;25.72;E0_0_200m;5.00;159;160;10.32;25.92
4200.00;4500.00;2304.00;27.29;E0_1_200m;5.00;192;192;11.73;27.56
4200.00;4500.00;1896.00;25.90;E0_0_300m;5.00;158;158;10.17;26.03
4200.00;4500.00;2304.00;27.69;E0_1_300m;5.00;192;192;11.56;27.91
4200.00;4500.00;1860.00;25.92;E0_0_400m;5.00;155;155;9.97;26.03
4200.00;4500.00;2292.00;27.85;E0_1_400m;5.00;191;191;11.43;28.02
4200.00;4500.00;1860.00;25.87;E0_0_500m;5.00;155;155;9.99;25.96
4200.00;4500.00;2280.00;27.93;E0_1_500m;5.00;190;190;11.34;28.08
4200.00;4500.00;1848.00;25.94;E0_0_600m;5.00;154;154;9.89;26.04
4200.00;4500.00;2292.00;27.87;E0_1_600m;5.00;191;191;11.42;27.99
4200.00;4500.00;1872.00;25.97;E0_0_700m;5.00;156;156;10.01;26.06
4200.00;4500.00;2304.00;27.78;E0_1_700m;5.00;192;192;11.52;27.88
4200.00;4500.00;1884.00;25.80;E0_0_800m;5.00;157;156;10.12;25.89
4200.00;4500.00;2292.00;27.79;E0_1_800m;5.00;191;191;11.45;27.90
4200.00;4500.00;1860.00;25.58;E0_0_900m;5.00;155;155;10.10;25.67
4200.00;4500.00;2280.00;27.65;E0_1_900m;5.00;190;190;11.45;27.76
4200.00;4500.00;1872.00;25.35;E0_0_1000m;5.00;156;156;10.26;25.44
4200.00;4500.00;2280.00;27.43;E0_1_1000m;5.00;190;190;11.55;27.54
4200.00;4500.00;1860.00;25.32;E0_0_1100m;5.00;155;155;10.20;25.42
4200.00;4500.00;2268.00;27.24;E0_1_1100m;5.00;189;189;11.56;27.36
4200.00;4500.00;1860.00;25.23;E0_0_1200m;5.00;155;155;10.24;25.33
4200.00;4500.00;2256.00;26.93;E0_1_1200m;5.00;188;188;11.63;27.07
4200.00;4500.00;1848.00;25.03;E0_0_1300m;5.00;154;154;10.25;25.13
4200.00;4500.00;2280.00;26.55;E0_1_1300m;5.00;190;190;11.88;26.70
4200.00;4500.00;1848.00;24.86;E0_0_1400m;5.00;154;154;10.33;24.97
4200.00;4500.00;2292.00;26.20;E0_1_1400m;5.00;191;191;12.15;26.38
4200.00;4500.00;1860.00;24.63;E0_0_1500m;5.00;155;155;10.49;24.76
4200.00;4500.00;2292.00;25.93;E0_1_1500m;5.00;191;191;12.27;26.15
4200.00;4500.00;1896.00;24.52;E0_0_1600m;5.00;158;158;10.74;24.68
4200.00;4500.00;2256.00;25.62;E0_1_1600m;5.00;188;188;12.23;25.85
4200.00;4500.00;1908.00;24.39;E0_0_1700m;5.00;159;159;10.86;24.56
4200.00;4500.00;2268.00;25.33;E0_1_1700m;5.00;189;188;12.39;25.57
4200.00;4500.00;1920.00;24.17;E0_0_1800m;5.00;160;160;11.03;24.34
4200.00;4500.00;2268.00;25.07;E0_1_1800m;5.00;189;189;12.56;25.33
4200.00;4500.00;1908.00;23.84;E0_0_1900m;5.00;159;159;11.12;24.00
4200.00;4500.00;2280.00;24.65;E0_1_1900m;5.00;190;190;12.85;24.90
4200.00;4500.00;1908.00;23.29;E0_0_2000m;5.00;159;160;11.40;23.42
4200.00;4500.00;2292.00;23.97;E0_1_2000m;5.00;191;192;13.30;24.21
4200.00;4500.00;1920.00;22.55;E0_0_2100m;5.00;160;160;11.83;22.67
4200.00;4500.00;2292.00;23.02;E0_1_2100m;5.00;191;191;13.83;23.23
4200.00;4500.00;1920.00;21.43;E0_0_2200m;5.00;160;160;12.44;21.57
4200.00;4500.00;2292.00;21.81;E0_1_2200m;5.00;191;191;14.59;22.00
4200.00;4500.00;1932.00;20.11;E0_0_2300m;5.00;161;161;13.34;20.30
4200.00;4500.00;2292.00;20.39;E0_1_2300m;5.00;191;191;15.57;20.59
4200.00;4500.00;1932.00;18.88;E0_0_2400m;5.00;161;161;14.22;19.08
4200.00;4500.00;2304.00;18.95;E0_1_2400m;5.00;192;192;16.88;19.19
4200.00;4500.00;1920.00;17.93;E0_0_2500m;5.00;160;161;14.94;18.11
4200.00;4500.00;2256.00;17.66;E0_1_2500m;5.00;188;189;17.82;17.96
4200.00;4500.00;1932.00;17.35;E0_0_2600m;5.00;161;161;15.46;17.49
4200.00;4500.00;2196.00;16.57;E0_1_2600m;5.00;183;183;18.41;16.86
4200.00;4500.00;1896.00;17.02;E0_0_2700m;5.00;158;159;15.51;17.12
4200.00;4500.00;2136.00;15.56;E0_1_2700m;5.00;178;178;19.07;15.80
4200.00;4500.00;1884.00;16.80;E0_0_2800m;5.00;157;157;15.58;16.88
4200.00;4500.00;2076.00;14.87;E0_1_2800m;5.00;173;174;19.50;15.10
4200.00;4500.00;1872.00;16.13;E0_0_2900m;5.00;156;156;16.12;16.25
4200.00;4500.00;2040.00;14.34;E0_1_2900m;5.00;170;170;19.76;14.56
4200.00;4500.00;1848.00;13.98;E0_0_3000m;5.00;154;155;18.47;14.07
4200.00;4500.00;1980.00;13.63;E0_1_3000m;5.00;165;165;20.18;13.72
4200.00;4500.00;1824.00;13.57;E0_0_3100m;5.00;152;152;18.67;13.62
4200.00;4500.00;1896.00;13.42;E0_1_3100m;5.00;158;159;19.65;13.42
4200.00;4500.00;1776.00;13.50;E0_0_3200m;5.00;148;149;18.38;13.54
4200.00;4500.00;1848.00;13.40;E0_1_3200m;5.00;154;154;19.15;13.40
4200.00;4500.00;1740.00;13.46;E0_0_3300m;5.00;145;145;17.96;13.49
4200.00;4500.00;1836.00;13.51;E0_1_3300m;5.00;153;153;18.87;13.57
4200.00;4500.00;1740.00;13.48;E0_0_3400m;5.00;145;145;17.93;13.52
4200.00;4500.00;1836.00;13.62;E0_1_3400m;5.00;153;153;18.72;13.72
4200.00;4500.00;1716.00;13.43;E0_0_3500m;5.00;143;143;17.74;13.43
4200.00;4500.00;1848.00;13.75;E0_1_3500m;5.00;154;153;18.64;13.88
4200.00;4500.00;1692.00;13.44;E0_0_3600m;5.00;141;141;17.51;13.45
4200.00;4500.00;1836.00;13.77;E0_1_3600m;5.00;153;153;18.51;13.90
4200.00;4500.00;1692.00;13.41;E0_0_3700m;5.00;141;141;17.52;13.41
4200.00;4500.00;1812.00;13.75;E0_1_3700m;5.00;151;151;18.30;13.85
4200.00;4500.00;1644.00;13.42;E0_0_3800m;5.00;137;137;17.02;13.42
4200.00;4500.00;1824.00;13.75;E0_1_3800m;5.00;152;152;18.42;13.86
4200.00;4500.00;1632.00;13.43;E0_0_3900m;5.00;136;136;16.87;13.44
4200.00;4500.00;1800.00;14.07;E0_1_3900m;5.00;150;151;17.85;14.33
4200.00;4500.00;1584.00;15.29;E0_0_4000m;5.00;132;131;14.31;15.54
4200.00;4500.00;1848.00;17.31;E0_1_4000m;5.00;154;154;14.83;18.07
4200.00;4500.00;1560.00;25.36;E0_0_4100m;5.00;130;130;8.54;25.40
4200.00;4500.00;1860.00;26.34;E0_1_4100m;5.00;155;155;9.81;26.38
4200.00;4500.00;1548.00;27.31;E0_0_4200m;5.00;129;129;7.87;27.49
4200.00;4500.00;1872.00;29.41;E0_1_4200m;5.00;156;155;8.82;29.54
4200.00;4500.00;1584.00;27.44;E0_0_4300m;5.00;132;133;8.07;27.63
4200.00;4500.00;1836.00;29.96;E0_1_4300m;5.00;153;153;8.51;30.09
4200.00;4500.00;1584.00;27.53;E0_0_4400m;5.00;132;132;7.99;27.69
4200.00;4500.00;1836.00;30.08;E0_1_4400m;5.00;153;153;8.48;30.19
4200.00;4500.00;1596.00;27.56;E0_0_4500m;5.00;133;133;8.04;27.70
4200.00;4500.00;1848.00;30.07;E0_1_4500m;5.00;154;154;8.53;30.20
4200.00;4500.00;1608.00;27.39;E0_0_4600m;5.00;134;133;8.11;27.52
4200.00;4500.00;1812.00;30.03;E0_1_4600m;5.00;151;151;8.38;30.16
4200.00;4500.00;1620.00;27.31;E0_0_4700m;5.00;135;135;8.24;27.43
4200.00;4500.00;1824.00;29.96;E0_1_4700m;5.00;152;152;8.46;30.10
4200.00;4500.00;1596.00;27.22;E0_0_4800m;5.00;133;133;8.14;27.35
4200.00;4500.00;1848.00;29.87;E0_1_4800m;5.00;154;154;8.59;30.00
4200.00;4500.00;1596.00;27.02;E0_0_4900m;5.00;133;134;8.24;27.16
4200.00;4500.00;1860.00;29.74;E0_1_4900m;5.00;155;155;8.69;29.87
4200.00;4500.00;1632.00;26.77;E0_0_5000m;5.00;136;136;8.47;26.90
4200.00;4500.00;1848.00;29.60;E0_1_5000m;5.00;154;155;8.70;29.73
4500.00;4800.00;0.00;-1.00;E0_0_0m;-1.00;0;0;0.00;-1.00
4500.00;4800.00;0.00;-1.00;E0_1_0m;-1.00;0;0;0.00;-1.00
4500.00;4800.00;1860.00;24.72;E0_0_100m;5.00;155;154;10.43;24.90
4500.00;4800.00;2208.00;25.96;E0_1_100m;5.00;184;184;11.81;26.10
4500.00;4800.00;1896.00;25.81;E0_0_200m;5.00;158;158;10.20;26.04
4500.00;4800.00;2196.00;27.44;E0_1_200m;5.00;183;183;11.11;27.68
4500.00;4800.00;1920.00;25.94;E0_0_300m;5.00;160;160;10.28;26.12
4500.00;4800.00;2172.00;27.77;E0_1_300m;5.00;181;181;10.86;27.99
4500.00;4800.00;1872.00;25.86;E0_0_400m;5.00;156;157;10.08;26.04
4500.00;4800.00;2208.00;28.02;E0_1_400m;5.00;184;184;10.95;28.21
4500.00;4800.00;1860.00;25.91;E0_0_500m;5.00;155;155;9.97;26.06
4500.00;4800.00;2220.00;28.27;E0_1_500m;5.00;185;185;10.91;28.45
4500.00;4800.00;1848.00;25.89;E0_0_600m;5.00;154;154;9.91;26.02
4500.00;4800.00;2196.00;28.21;E0_1_600m;5.00;183;183;10.81;28.40
4500.00;4800.00;1824.00;25.83;E0_0_700m;5.00;152;152;9.81;25.96
4500.00;4800.00;2196.00;28.11;E0_1_700m;5.00;183;183;10.85;28.29
4500.00;4800.00;1812.00;25.79;E0_0_800m;5.00;151;151;9.76;25.90
4500.00;4800.00;2208.00;28.02;E0_1_800m;5.00;184;184;10.94;28.19
4500.00;4800.00;1824.00;25.73;E0_0_900m;5.00;152;152;9.85;25.83
4500.00;4800.00;2232.00;27.95;E0_1_900m;5.00;186;186;11.09;28.11
4500.00;4800.00;1800.00;25.57;E0_0_1000m;5.00;150;150;9.78;25.67
4500.00;4800.00;2232.00;27.88;E0_1_1000m;5.00;186;186;11.12;28.04
4500.00;4800.00;1800.00;25.36;E0_0_1100m;5.00;150;150;9.86;25.46
4500.00;4800.00;2232.00;27.80;E0_1_1100m;5.00;186;186;11.15;27.96
4500.00;4800.00;1812.00;25.24;E0_0_1200m;5.00;151;151;9.97;25.34
4500.00;4800.00;2280.00;27.67;E0_1_1200m;5.00;190;190;11.45;27.82
4500.00;4800.00;1836.00;25.14;E0_0_1300m;5.00;153;153;10.14;25.23
4500.00;4800.00;2292.00;27.50;E0_1_1300m;5.00;191;190;11.55;27.65
4500.00;4800.00;1860.00;25.06;E0_0_1400m;5.00;155;155;10.31;25.14
4500.00;4800.00;2304.00;27.33;E0_1_1400m;5.00;192;192;11.71;27.49
4500.00;4800.00;1872.00;24.85;E0_0_1500m;5.00;156;156;10.46;24.93
4500.00;4800.00;2316.00;27.02;E0_1_1500m;5.00;193;193;11.90;27.17
4500.00;4800.00;1884.00;24.75;E0_0_1600m;5.00;157;158;10.63;24.86
4500.00;4800.00;2292.00;26.42;E0_1_1600m;5.00;191;192;12.09;26.57
4500.00;4800.00;1908.00;24.21;E0_0_1700m;5.00;159;159;10.94;24.38
4500.00;4800.00;2280.00;25.54;E0_1_1700m;5.00;190;190;12.40;25.69
4500.00;4800.00;1884.00;23.29;E0_0_1800m;5.00;157;157;11.24;23.50
4500.00;4800.00;2328.00;24.24;E0_1_1800m;5.00;194;194;13.34;24.45
4500.00;4800.00;1944.00;21.95;E0_0_1900m;5.00;162;162;12.30;22.25
4500.00;4800.00;2316.00;22.68;E0_1_1900m;5.00;193;193;14.18;23.00
4500.00;4800.00;1968.00;20.44;E0_0_2000m;5.00;164;163;13.36;20.83
4500.00;4800.00;2316.00;20.81;E0_1_2000m;5.00;193;193;15.46;21.27
4500.00;4800.00;1992.00;19.08;E0_0_2100m;5.00;166;166;14.50;19.43
4500.00;4800.00;2280.00;19.15;E0_1_2100m;5.00;190;190;16.54;19.69
4500.00;4800.00;1992.00;18.10;E0_0_2200m;5.00;166;166;15.28;18.32
4500.00;4800.00;2268.00;17.60;E0_1_2200m;5.00;189;189;17.90;18.14
4500.00;4800.00;2004.00;17.41;E0_0_2300m;5.00;167;167;15.99;17.52
4500.00;4800.00;2256.00;16.48;E0_1_2300m;5.00;188;187;19.00;16.89
4500.00;4800.00;2028.00;17.02;E0_0_2400m;5.00;169;169;16.55;17.08
4500.00;4800.00;2208.00;15.50;E0_1_2400m;5.00;184;184;19.78;15.79
4500.00;4800.00;2004.00;16.65;E0_0_2500m;5.00;167;166;16.64;16.67
4500.00;4800.00;2196.00;14.78;E0_1_2500m;5.00;183;182;20.55;14.95
4500.00;4800.00;1992.00;16.51;E0_0_2600m;5.00;166;166;16.76;16.51
4500.00;4800.00;2160.00;14.25;E0_1_2600m;5.00;180;180;21.05;14.36
4500.00;4800.00;2004.00;16.49;E0_0_2700m;5.00;167;166;16.84;16.49
4500.00;4800.00;2160.00;13.89;E0_1_2700m;5.00;180;180;21.60;13.93
4500.00;4800.00;1980.00;16.30;E0_0_2800m;5.00;165;166;16.88;16.31
4500.00;4800.00;2172.00;13.71;E0_1_2800m;5.00;181;180;21.89;13.73
4500.00;4800.00;2016.00;15.50;E0_0_2900m;5.00;168;168;18.07;15.57
4500.00;4800.00;2136.00;13.62;E0_1_2900m;5.00;178;180;21.86;13.65
4500.00;4800.00;2016.00;13.91;E0_0_3000m;5.00;168;167;20.02;13.96
4500.00;4800.00;2136.00;13.42;E0_1_3000m;5.00;178;178;22.10;13.42
4500.00;4800.00;2016.00;13.57;E0_0_3100m;5.00;168;168;20.64;13.59
4500.00;4800.00;2136.00;13.41;E0_1_3100m;5.00;178;177;22.10;13.41
4500.00;4800.00;2028.00;13.45;E0_0_3200m;5.00;169;168;20.84;13.45
4500.00;4800.00;2136.00;13.41;E0_1_3200m;5.00;178;178;22.13;13.41
4500.00;4800.00;2016.00;13.42;E0_0_3300m;5.00;168;169;20.92;13.42
4500.00;4800.00;2136.00;13.41;E0_1_3300m;5.00;178;179;22.21;13.41
4500.00;4800.00;2028.00;13.41;E0_0_3400m;5.00;169;169;21.00;13.41
4500.00;4800.00;2124.00;13.45;E0_1_3400m;5.00;177;177;21.93;13.46
4500.00;4800.00;2040.00;13.41;E0_0_3500m;5.00;170;170;21.13;13.41
4500.00;4800.00;2124.00;13.43;E0_1_3500m;5.00;177;177;21.97;13.43
4500.00;4800.00;2052.00;13.41;E0_0_3600m;5.00;171;170;21.18;13.41
4500.00;4800.00;2112.00;13.40;E0_1_3600m;5.00;176;176;21.89;13.40
4500.00;4800.00;2040.00;13.41;E0_0_3700m;5.00;170;171;21.17;13.41
4500.00;4800.00;2124.00;13.40;E0_1_3700m;5.00;177;177;22.02;13.40
4500.00;4800.00;2064.00;13.42;E0_0_3800m;5.00;172;172;21.37;13.42
4500.00;4800.00;2112.00;13.39;E0_1_3800m;5.00;176;176;21.90;13.39
4500.00;4800.00;2040.00;13.55;E0_0_3900m;5.00;170;171;20.96;13.57
4500.00;4800.00;2112.00;13.47;E0_1_3900m;5.00;176;176;21.82;13.49
4500.00;4800.00;2004.00;15.28;E0_0_4000m;5.00;167;167;18.21;15.52
4500.00;4800.00;2148.00;16.12;E0_1_4000m;5.00;179;179;18.50;16.50
4500.00;4800.00;1956.00;25.00;E0_0_4100m;5.00;163;163;10.87;25.06
4500.00;4800.00;2196.00;25.66;E0_1_4100m;5.00;183;183;11.89;25.70
4500.00;4800.00;1908.00;26.71;E0_0_4200m;5.00;159;159;9.92;26.88
4500.00;4800.00;2232.00;28.35;E0_1_4200m;5.00;186;186;10.94;28.53
4500.00;4800.00;1944.00;26.68;E0_0_4300m;5.00;162;161;10.06;26.83
4500.00;4800.00;2220.00;28.66;E0_1_4300m;5.00;185;185;10.76;28.84
4500.00;4800.00;1956.00;26.41;E0_0_4400m;5.00;163;163;10.29;26.53
4500.00;4800.00;2196.00;28.58;E0_1_4400m;5.00;183;183;10.67;28.75
4500.00;4800.00;1896.00;26.29;E0_0_4500m;5.00;158;158;10.02;26.42
4500.00;4800.00;2220.00;28.55;E0_1_4500m;5.00;185;185;10.80;28.70
4500.00;4800.00;1896.00;26.35;E0_0_4600m;5.00;158;159;10.00;26.47
4500.00;4800.00;2232.00;28.45;E0_1_4600m;5.00;186;186;10.90;28.59
4500.00;4800.00;1872.00;26.26;E0_0_4700m;5.00;156;156;9.90;26.38
4500.00;4800.00;2268.00;28.36;E0_1_4700m;5.00;189;189;11.11;28.49
4500.00;4800.00;1872.00;26.33;E0_0_4800m;5.00;156;156;9.87;26.44
4500.00;4800.00;2280.00;28.24;E0_1_4800m;5.00;190;190;11.21;28.36
4500.00;4800.00;1848.00;26.15;E0_0_4900m;5.00;154;154;9.81;26.25
4500.00;4800.00;2304.00;28.06;E0_1_4900m;5.00;192;192;11.40;28.18
4500.00;4800.00;1836.00;26.05;E0_0_5000m;5.00;153;153;9.79;26.14
4500.00;4800.00;2304.00;27.93;E0_1_5000m;5.00;192;192;11.46;28.04
4800.00;5100.00;0.00;-1.00;E0_0_0m;-1.00;0;0;0.00;-1.00
4800.00;5100.00;0.00;-1.00;E0_1_0m;-1.00;0;0;0.00;-1.00
4800.00;5100.00;1788.00;23.99;E0_0_100m;5.00;149;150;10.36;24.14
4800.00;5100.00;2400.00;25.35;E0_1_100m;5.00;200;200;13.15;25.47
4800.00;5100.00;1812.00;24.79;E0_0_200m;5.00;151;151;10.15;24.94
4800.00;5100.00;2364.00;27.05;E0_1_200m;5.00;197;197;12.14;27.24
4800.00;5100.00;1812.00;24.82;E0_0_300m;5.00;151;151;10.14;24.94
4800.00;5100.00;2352.00;27.60;E0_1_300m;5.00;196;196;11.83;27.77
4800.00;5100.00;1872.00;24.95;E0_0_400m;5.00;156;156;10.42;25.07
4800.00;5100.00;2316.00;27.63;E0_1_400m;5.00;193;193;11.64;27.77
4800.00;5100.00;1848.00;24.94;E0_0_500m;5.00;154;154;10.29;25.06
4800.00;5100.00;2316.00;27.62;E0_1_500m;5.00;193;193;11.65;27.74
4800.00;5100.00;1860.00;24.90;E0_0_600m;5.00;155;155;10.37;25.02
4800.00;5100.00;2316.00;27.64;E0_1_600m;5.00;193;193;11.64;27.75
4800.00;5100.00;1896.00;24.82;E0_0_700m;5.00;158;158;10.61;24.95
4800.00;5100.00;2280.00;27.67;E0_1_700m;5.00;190;190;11.44;27.79
4800.00;5100.00;1872.00;24.83;E0_0_800m;5.00;156;156;10.47;24.95
4800.00;5100.00;2304.00;27.61;E0_1_800m;5.00;192;192;11.59;27.71
4800.00;5100.00;1848.00;24.83;E0_0_900m;5.00;154;154;10.34;24.95
4800.00;5100.00;2292.00;27.59;E0_1_900m;5.00;191;191;11.54;27.69
4800.00;5100.00;1860.00;24.85;E0_0_1000m;5.00;155;155;10.39;24.97
4800.00;5100.00;2280.00;27.59;E0_1_1000m;5.00;190;190;11.48;27.71
4800.00;5100.00;1872.00;24.90;E0_0_1100m;5.00;156;156;10.44;25.02
4800.00;5100.00;2268.00;27.60;E0_1_1100m;5.00;189;189;11.41;27.71
4800.00;5100.00;1848.00;24.91;E0_0_1200m;5.00;154;155;10.33;25.02
4800.00;5100.00;2304.00;27.48;E0_1_1200m;5.00;192;192;11.64;27.58
4800.00;5100.00;1836.00;24.84;E0_0_1300m;5.00;153;153;10.27;24.96
4800.00;5100.00;2316.00;27.45;E0_1_1300m;5.00;193;194;11.75;27.55
4800.00;5100.00;1848.00;24.74;E0_0_1400m;5.00;154;154;10.37;24.85
4800.00;5100.00;2292.00;27.37;E0_1_1400m;5.00;191;191;11.63;27.47
4800.00;5100.00;1812.00;24.55;E0_0_1500m;5.00;151;151;10.25;24.66
4800.00;5100.00;2316.00;27.11;E0_1_1500m;5.00;193;193;11.86;27.20
4800.00;5100.00;1836.00;24.25;E0_0_1600m;5.00;153;152;10.46;24.37
4800.00;5100.00;2316.00;26.87;E0_1_1600m;5.00;193;193;11.96;26.96
4800.00;5100.00;1836.00;23.86;E0_0_1700m;5.00;153;153;10.69;23.98
4800.00;5100.00;2304.00;26.62;E0_1_1700m;5.00;192;192;12.02;26.74
4800.00;5100.00;1836.00;23.65;E0_0_1800m;5.00;153;153;10.78;23.79
4800.00;5100.00;2280.00;26.19;E0_1_1800m;5.00;190;190;12.09;26.35
4800.00;5100.00;1812.00;23.26;E0_0_1900m;5.00;151;151;10.82;23.46
4800.00;5100.00;2304.00;25.53;E0_1_1900m;5.00;192;192;12.54;25.72
4800.00;5100.00;1836.00;22.50;E0_0_2000m;5.00;153;153;11.34;22.78
4800.00;5100.00;2292.00;24.52;E0_1_2000m;5.00;191;191;12.99;24.79
4800.00;5100.00;1872.00;21.28;E0_0_2100m;5.00;156;156;12.22;21.59
4800.00;5100.00;2268.00;22.93;E0_1_2100m;5.00;189;190;13.75;23.30
4800.00;5100.00;1860.00;19.84;E0_0_2200m;5.00;155;155;13.02;20.14
4800.00;5100.00;2268.00;20.85;E0_1_2200m;5.00;189;189;15.11;21.30
4800.00;5100.00;1860.00;18.63;E0_0_2300m;5.00;155;155;13.86;18.87
4800.00;5100.00;2244.00;18.84;E0_1_2300m;5.00;187;187;16.54;19.28
4800.00;5100.00;1860.00;17.64;E0_0_2400m;5.00;155;156;14.73;17.76
4800.00;5100.00;2232.00;17.30;E0_1_2400m;5.00;186;187;17.94;17.61
4800.00;5100.00;1896.00;16.96;E0_0_2500m;5.00;158;158;15.52;17.07
4800.00;5100.00;2208.00;16.18;E0_1_2500m;5.00;184;185;19.05;16.34
4800.00;5100.00;1896.00;16.59;E0_0_2600m;5.00;158;158;15.87;16.59
4800.00;5100.00;2220.00;15.20;E0_1_2600m;5.00;185;185;20.29;15.26
4800.00;5100.00;1896.00;16.50;E0_0_2700m;5.00;158;159;16.01;16.51
4800.00;5100.00;2196.00;14.62;E0_1_2700m;5.00;183;183;20.86;14.68
4800.00;5100.00;1956.00;16.32;E0_0_2800m;5.00;163;162;16.64;16.34
4800.00;5100.00;2148.00;14.23;E0_1_2800m;5.00;179;180;21.02;14.33
4800.00;5100.00;1956.00;15.83;E0_0_2900m;5.00;163;163;17.17;15.88
4800.00;5100.00;2136.00;13.63;E0_1_2900m;5.00;178;178;21.75;13.64
4800.00;5100.00;1944.00;14.15;E0_0_3000m;5.00;162;162;19.08;14.21
4800.00;5100.00;2136.00;13.39;E0_1_3000m;5.00;178;178;22.16;13.39
4800.00;5100.00;1968.00;13.56;E0_0_3100m;5.00;164;164;20.16;13.58
4800.00;5100.00;2112.00;13.37;E0_1_3100m;5.00;176;177;21.99;13.38
4800.00;5100.00;1980.00;13.45;E0_0_3200m;5.00;165;165;20.44;13.45
4800.00;5100.00;2100.00;13.42;E0_1_3200m;5.00;175;175;21.74;13.42
4800.00;5100.00;1980.00;13.42;E0_0_3300m;5.00;165;165;20.49;13.42
4800.00;5100.00;2100.00;13.41;E0_1_3300m;5.00;175;175;21.75;13.41
4800.00;5100.00;1980.00;13.41;E0_0_3400m;5.00;165;165;20.51;13.41
4800.00;5100.00;2100.00;13.40;E0_1_3400m;5.00;175;175;21.76;13.40
4800.00;5100.00;1968.00;13.41;E0_0_3500m;5.00;164;165;20.45;13.41
4800.00;5100.00;2100.00;13.40;E0_1_3500m;5.00;175;175;21.76;13.40
4800.00;5100.00;1968.00;13.41;E0_0_3600m;5.00;164;164;20.38;13.41
4800.00;5100.00;2100.00;13.41;E0_1_3600m;5.00;175;175;21.76;13.41
4800.00;5100.00;1968.00;13.41;E0_0_3700m;5.00;164;163;20.34;13.41
4800.00;5100.00;2100.00;13.41;E0_1_3700m;5.00;175;175;21.76;13.41
4800.00;5100.00;1944.00;13.41;E0_0_3800m;5.00;162;163;20.25;13.41
4800.00;5100.00;2100.00;13.40;E0_1_3800m;5.00;175;175;21.76;13.40
4800.00;5100.00;1956.00;13.43;E0_0_3900m;5.00;163;162;20.18;13.44
4800.00;5100.00;2112.00;13.42;E0_1_3900m;5.00;176;175;21.73;13.43
4800.00;5100.00;1956.00;15.44;E0_0_4000m;5.00;163;163;17.59;15.65
4800.00;5100.00;2124.00;15.93;E0_1_4000m;5.00;177;177;18.52;16.27
4800.00;5100.00;1932.00;24.87;E0_0_4100m;5.00;161;162;10.83;24.95
4800.00;5100.00;2160.00;25.94;E0_1_4100m;5.00;180;180;11.57;25.98
4800.00;5100.00;1884.00;26.51;E0_0_4200m;5.00;157;157;9.87;26.69
4800.00;5100.00;2208.00;28.87;E0_1_4200m;5.00;184;184;10.62;29.03
4800.00;5100.00;1884.00;26.37;E0_0_4300m;5.00;157;157;9.92;26.53
4800.00;5100.00;2196.00;29.03;E0_1_4300m;5.00;183;183;10.50;29.20
4800.00;5100.00;1872.00;26.19;E0_0_4400m;5.00;156;156;9.93;26.36
4800.00;5100.00;2208.00;28.97;E0_1_4400m;5.00;184;184;10.59;29.16
4800.00;5100.00;1860.00;26.20;E0_0_4500m;5.00;155;155;9.86;26.36
4800.00;5100.00;2208.00;28.92;E0_1_4500m;5.00;184;184;10.61;29.11
4800.00;5100.00;1872.00;26.16;E0_0_4600m;5.00;156;156;9.96;26.32
4800.00;5100.00;2220.00;28.66;E0_1_4600m;5.00;185;185;10.76;28.83
4800.00;5100.00;1848.00;26.07;E0_0_4700m;5.00;154;154;9.85;26.23
4800.00;5100.00;2220.00;28.57;E0_1_4700m;5.00;185;185;10.79;28.72
4800.00;5100.00;1872.00;25.86;E0_0_4800m;5.00;156;157;10.11;26.02
4800.00;5100.00;2232.00;28.58;E0_1_4800m;5.00;186;186;10.85;28.75
4800.00;5100.00;1884.00;25.78;E0_0_4900m;5.00;157;156;10.12;25.96
4800.00;5100.00;2232.00;28.53;E0_1_4900m;5.00;186;186;10.87;28.68
4800.00;5100.00;1848.00;25.63;E0_0_5000m;5.00;154;154;10.01;25.81
4800.00;5100.00;2256.00;28.50;E0_1_5000m;5.00;188;187;10.96;28.66
5100.00;5400.00;0.00;-1.00;E0_0_0m;-1.00;0;0;0.00;-1.00
5100.00;5400.00;0.00;-1.00;E0_1_0m;-1.00;0;0;0.00;-1.00
5100.00;5400.00;1632.00;24.75;E0_0_100m;5.00;136;137;9.24;24.89
5100.00;5400.00;2136.00;26.23;E0_1_100m;5.00;178;178;11.31;26.41
5100.00;5400.00;1704.00;25.35;E0_0_200m;5.00;142;142;9.34;25.50
5100.00;5400.00;2052.00;27.62;E0_1_200m;5.00;171;173;10.35;27.81
5100.00;5400.00;1692.00;25.70;E0_0_300m;5.00;141;141;9.15;25.81
5100.00;5400.00;2064.00;27.94;E0_1_300m;5.00;172;172;10.26;28.13
5100.00;5400.00;1644.00;25.88;E0_0_400m;5.00;137;137;8.82;25.98
5100.00;5400.00;2100.00;27.96;E0_1_400m;5.00;175;175;10.43;28.12
5100.00;5400.00;1644.00;26.10;E0_0_500m;5.00;137;138;8.79;26.20
5100.00;5400.00;2100.00;28.10;E0_1_500m;5.00;175;175;10.38;28.21
5100.00;5400.00;1632.00;26.11;E0_0_600m;5.00;136;137;8.74;26.23
5100.00;5400.00;2136.00;28.33;E0_1_600m;5.00;178;179;10.50;28.45
5100.00;5400.00;1632.00;25.99;E0_0_700m;5.00;136;136;8.72;26.10
5100.00;5400.00;2124.00;28.28;E0_1_700m;5.00;177;178;10.43;28.37
5100.00;5400.00;1632.00;25.97;E0_0_800m;5.00;136;136;8.73;26.07
5100.00;5400.00;2148.00;28.11;E0_1_800m;5.00;179;179;10.61;28.18
5100.00;5400.00;1608.00;25.96;E0_0_900m;5.00;134;134;8.60;26.04
5100.00;5400.00;2172.00;28.04;E0_1_900m;5.00;181;182;10.77;28.11
5100.00;5400.00;1608.00;25.92;E0_0_1000m;5.00;134;134;8.62;26.00
5100.00;5400.00;2172.00;28.00;E0_1_1000m;5.00;181;181;10.78;28.06
5100.00;5400.00;1596.00;25.88;E0_0_1100m;5.00;133;133;8.57;25.96
5100.00;5400.00;2172.00;27.99;E0_1_1100m;5.00;181;181;10.78;28.07
5100.00;5400.00;1596.00;26.00;E0_0_1200m;5.00;133;133;8.53;26.10
5100.00;5400.00;2112.00;27.97;E0_1_1200m;5.00;176;177;10.53;28.05
5100.00;5400.00;1548.00;26.01;E0_0_1300m;5.00;129;129;8.27;26.09
5100.00;5400.00;2136.00;27.93;E0_1_1300m;5.00;178;177;10.59;28.02
5100.00;5400.00;1560.00;26.01;E0_0_1400m;5.00;130;130;8.33;26.10
5100.00;5400.00;2124.00;27.88;E0_1_1400m;5.00;177;177;10.58;27.97
5100.00;5400.00;1560.00;26.01;E0_0_1500m;5.00;130;130;8.33;26.10
5100.00;5400.00;2124.00;27.85;E0_1_1500m;5.00;177;177;10.59;27.94
5100.00;5400.00;1572.00;25.97;E0_0_1600m;5.00;131;132;8.43;26.05
5100.00;5400.00;2124.00;27.83;E0_1_1600m;5.00;177;177;10.59;27.92
5100.00;5400.00;1608.00;25.85;E0_0_1700m;5.00;134;135;8.69;25.94
5100.00;5400.00;2124.00;27.87;E0_1_1700m;5.00;177;177;10.59;27.97
5100.00;5400.00;1620.00;25.71;E0_0_1800m;5.00;135;135;8.75;25.78
5100.00;5400.00;2148.00;27.74;E0_1_1800m;5.00;179;179;10.75;27.86
5100.00;5400.00;1632.00;25.47;E0_0_1900m;5.00;136;136;8.90;25.55
5100.00;5400.00;2160.00;27.34;E0_1_1900m;5.00;180;180;10.97;27.48
5100.00;5400.00;1596.00;24.98;E0_0_2000m;5.00;133;133;8.87;25.12
5100.00;5400.00;2208.00;26.59;E0_1_2000m;5.00;184;184;11.53;26.83
5100.00;5400.00;1632.00;24.10;E0_0_2100m;5.00;136;136;9.41;24.41
5100.00;5400.00;2232.00;25.63;E0_1_2100m;5.00;186;186;12.09;26.06
5100.00;5400.00;1668.00;22.63;E0_0_2200m;5.00;139;139;10.24;23.21
5100.00;5400.00;2244.00;24.12;E0_1_2200m;5.00;187;187;12.92;24.75
5100.00;5400.00;1716.00;21.05;E0_0_2300m;5.00;143;143;11.32;21.68
5100.00;5400.00;2232.00;21.93;E0_1_2300m;5.00;186;186;14.14;22.66
5100.00;5400.00;1752.00;19.70;E0_0_2400m;5.00;146;145;12.27;20.19
5100.00;5400.00;2244.00;19.78;E0_1_2400m;5.00;187;186;15.74;20.48
5100.00;5400.00;1752.00;18.45;E0_0_2500m;5.00;146;146;13.19;18.75
5100.00;5400.00;2244.00;18.08;E0_1_2500m;5.00;187;187;17.24;18.64
5100.00;5400.00;1812.00;17.57;E0_0_2600m;5.00;151;151;14.32;17.71
5100.00;5400.00;2220.00;16.85;E0_1_2600m;5.00;185;185;18.30;17.26
5100.00;5400.00;1860.00;16.85;E0_0_2700m;5.00;155;154;15.28;16.91
5100.00;5400.00;2196.00;15.61;E0_1_2700m;5.00;183;184;19.61;15.88
5100.00;5400.00;1884.00;16.22;E0_0_2800m;5.00;157;157;16.14;16.26
5100.00;5400.00;2172.00;14.58;E0_1_2800m;5.00;181;181;20.69;14.70
5100.00;5400.00;1920.00;15.62;E0_0_2900m;5.00;160;160;17.07;15.70
5100.00;5400.00;2148.00;13.97;E0_1_2900m;5.00;179;178;21.33;14.01
5100.00;5400.00;1944.00;14.07;E0_0_3000m;5.00;162;162;19.19;14.15
5100.00;5400.00;2136.00;13.49;E0_1_3000m;5.00;178;179;22.09;13.49
5100.00;5400.00;1992.00;13.54;E0_0_3100m;5.00;166;166;20.43;13.55
5100.00;5400.00;2112.00;13.50;E0_1_3100m;5.00;176;176;21.77;13.53
5100.00;5400.00;1992.00;13.44;E0_0_3200m;5.00;166;167;20.66;13.45
5100.00;5400.00;2100.00;13.42;E0_1_3200m;5.00;175;175;21.74;13.42
5100.00;5400.00;2016.00;13.41;E0_0_3300m;5.00;168;167;20.82;13.41
5100.00;5400.00;2124.00;13.38;E0_1_3300m;5.00;177;176;21.97;13.38
5100.00;5400.00;2004.00;13.41;E0_0_3400m;5.00;167;167;20.76;13.41
5100.00;5400.00;2112.00;13.36;E0_1_3400m;5.00;176;176;21.95;13.36
5100.00;5400.00;2016.00;13.41;E0_0_3500m;5.00;168;167;20.82;13.41
5100.00;5400.00;2112.00;13.36;E0_1_3500m;5.00;176;176;21.96;13.36
5100.00;5400.00;2016.00;13.41;E0_0_3600m;5.00;168;168;20.88;13.41
5100.00;5400.00;2124.00;13.35;E0_1_3600m;5.00;177;177;22.10;13.35
5100.00;5400.00;2016.00;13.40;E0_0_3700m;5.00;168;168;20.89;13.40
5100.00;5400.00;2112.00;13.34;E0_1_3700m;5.00;176;176;22.00;13.34
5100.00;5400.00;2028.00;13.39;E0_0_3800m;5.00;169;168;20.91;13.39
5100.00;5400.00;2124.00;13.34;E0_1_3800m;5.00;177;177;22.12;13.34
5100.00;5400.00;2040.00;13.41;E0_0_3900m;5.00;170;170;21.12;13.42
5100.00;5400.00;2112.00;13.47;E0_1_3900m;5.00;176;176;21.77;13.52
5100.00;5400.00;2040.00;15.56;E0_0_4000m;5.00;170;171;18.26;15.79
5100.00;5400.00;2088.00;16.37;E0_1_4000m;5.00;174;175;17.75;16.82
5100.00;5400.00;1896.00;25.00;E0_0_4100m;5.00;158;159;10.59;25.06
5100.00;5400.00;2244.00;25.83;E0_1_4100m;5.00;187;187;12.07;25.90
5100.00;5400.00;1884.00;26.66;E0_0_4200m;5.00;157;157;9.81;26.83
5100.00;5400.00;2244.00;28.18;E0_1_4200m;5.00;187;187;11.06;28.34
5100.00;5400.00;1908.00;26.63;E0_0_4300m;5.00;159;159;9.95;26.78
5100.00;5400.00;2232.00;28.40;E0_1_4300m;5.00;186;186;10.92;28.56
5100.00;5400.00;1944.00;26.30;E0_0_4400m;5.00;162;162;10.26;26.44
5100.00;5400.00;2220.00;28.26;E0_1_4400m;5.00;185;185;10.91;28.41
5100.00;5400.00;1944.00;25.91;E0_0_4500m;5.00;162;162;10.42;26.04
5100.00;5400.00;2232.00;28.16;E0_1_4500m;5.00;186;186;11.01;28.31
5100.00;5400.00;1908.00;25.71;E0_0_4600m;5.00;159;159;10.31;25.83
5100.00;5400.00;2232.00;28.14;E0_1_4600m;5.00;186;186;11.01;28.30
5100.00;5400.00;1932.00;25.54;E0_0_4700m;5.00;161;161;10.51;25.69
5100.00;5400.00;2220.00;28.28;E0_1_4700m;5.00;185;185;10.90;28.44
5100.00;5400.00;1956.00;25.48;E0_0_4800m;5.00;163;163;10.66;25.63
5100.00;5400.00;2184.00;28.36;E0_1_4800m;5.00;182;182;10.70;28.51
5100.00;5400.00;1932.00;25.48;E0_0_4900m;5.00;161;161;10.53;25.59
5100.00;5400.00;2208.00;28.35;E0_1_4900m;5.00;184;184;10.82;28.50
5100.00;5400.00;1908.00;25.46;E0_0_5000m;5.00;159;160;10.43;25.57
5100.00;5400.00;2232.00;28.52;E0_1_5000m;5.00;186;186;10.87;28.64
5400.00;5700.00;0.00;-1.00;E0_0_0m;-1.00;0;0;0.00;-1.00
5400.00;5700.00;0.00;-1.00;E0_1_0m;-1.00;0;0;0.00;-1.00
5400.00;5700.00;2004.00;23.98;E0_0_100m;5.00;167;167;11.61;24.16
5400.00;5700.00;2340.00;25.17;E0_1_100m;5.00;195;195;12.91;25.35
5400.00;5700.00;1992.00;24.60;E0_0_200m;5.00;166;166;11.25;24.77
5400.00;5700.00;2340.00;25.95;E0_1_200m;5.00;195;196;12.55;26.19
5400.00;5700.00;1992.00;24.91;E0_0_300m;5.00;166;166;11.11;25.03
5400.00;5700.00;2340.00;26.14;E0_1_300m;5.00;195;195;12.43;26.35
5400.00;5700.00;1968.00;25.03;E0_0_400m;5.00;164;164;10.92;25.12
5400.00;5700.00;2352.00;26.17;E0_1_400m;5.00;196;196;12.48;26.36
5400.00;5700.00;1968.00;25.05;E0_0_500m;5.00;164;163;10.87;25.13
5400.00;5700.00;2352.00;26.18;E0_1_500m;5.00;196;196;12.48;26.36
5400.00;5700.00;1956.00;24.92;E0_0_600m;5.00;163;163;10.90;25.01
5400.00;5700.00;2352.00;26.09;E0_1_600m;5.00;196;196;12.52;26.27
5400.00;5700.00;1920.00;24.92;E0_0_700m;5.00;160;162;10.76;25.01
5400.00;5700.00;2376.00;26.13;E0_1_700m;5.00;198;197;12.63;26.35
5400.00;5700.00;1920.00;24.84;E0_0_800m;5.00;160;160;10.73;24.93
5400.00;5700.00;2352.00;26.08;E0_1_800m;5.00;196;196;12.53;26.28
5400.00;5700.00;1944.00;24.74;E0_0_900m;5.00;162;162;10.91;24.82
5400.00;5700.00;2364.00;26.00;E0_1_900m;5.00;197;196;12.62;26.19
5400.00;5700.00;1968.00;24.73;E0_0_1000m;5.00;164;164;11.05;24.81
5400.00;5700.00;2352.00;25.83;E0_1_1000m;5.00;196;197;12.68;26.03
5400.00;5700.00;1944.00;24.76;E0_0_1100m;5.00;162;162;10.90;24.85
5400.00;5700.00;2388.00;25.73;E0_1_1100m;5.00;199;199;12.89;25.92
5400.00;5700.00;1968.00;24.70;E0_0_1200m;5.00;164;164;11.07;24.78
5400.00;5700.00;2364.00;25.63;E0_1_1200m;5.00;197;198;12.85;25.81
5400.00;5700.00;1944.00;24.61;E0_0_1300m;5.00;162;162;10.97;24.69
5400.00;5700.00;2388.00;25.52;E0_1_1300m;5.00;199;199;13.00;25.68
5400.00;5700.00;1896.00;24.54;E0_0_1400m;5.00;158;158;10.73;24.62
5400.00;5700.00;2400.00;25.46;E0_1_1400m;5.00;200;200;13.09;25.63
5400.00;5700.00;1872.00;24.46;E0_0_1500m;5.00;156;157;10.65;24.53
5400.00;5700.00;2400.00;25.44;E0_1_1500m;5.00;200;200;13.10;25.62
5400.00;5700.00;1872.00;24.38;E0_0_1600m;5.00;156;155;10.65;24.45
5400.00;5700.00;2388.00;25.45;E0_1_1600m;5.00;199;198;13.02;25.65
5400.00;5700.00;1872.00;24.29;E0_0_1700m;5.00;156;156;10.67;24.37
5400.00;5700.00;2340.00;25.25;E0_1_1700m;5.00;195;195;12.87;25.45
5400.00;5700.00;1836.00;24.13;E0_0_1800m;5.00;153;153;10.57;24.21
5400.00;5700.00;2328.00;24.95;E0_1_1800m;5.00;194;194;12.96;25.14
5400.00;5700.00;1788.00;23.75;E0_0_1900m;5.00;149;150;10.50;23.85
5400.00;5700.00;2292.00;24.52;E0_1_1900m;5.00;191;191;12.99;24.72
5400.00;5700.00;1788.00;23.25;E0_0_2000m;5.00;149;149;10.68;23.39
5400.00;5700.00;2256.00;23.84;E0_1_2000m;5.00;188;188;13.14;24.10
5400.00;5700.00;1788.00;22.74;E0_0_2100m;5.00;149;149;10.92;22.95
5400.00;5700.00;2256.00;23.18;E0_1_2100m;5.00;188;188;13.52;23.52
5400.00;5700.00;1800.00;22.06;E0_0_2200m;5.00;150;150;11.33;22.35
5400.00;5700.00;2232.00;22.53;E0_1_2200m;5.00;186;186;13.76;22.99
5400.00;5700.00;1788.00;21.27;E0_0_2300m;5.00;149;149;11.67;21.64
5400.00;5700.00;2232.00;21.77;E0_1_2300m;5.00;186;186;14.24;22.33
5400.00;5700.00;1776.00;20.55;E0_0_2400m;5.00;148;148;12.00;21.03
5400.00;5700.00;2208.00;21.02;E0_1_2400m;5.00;184;184;14.59;21.69
5400.00;5700.00;1800.00;19.66;E0_0_2500m;5.00;150;150;12.71;20.25
5400.00;5700.00;2184.00;20.23;E0_1_2500m;5.00;182;182;15.00;20.98
5400.00;5700.00;1788.00;18.81;E0_0_2600m;5.00;149;149;13.20;19.37
5400.00;5700.00;2160.00;18.95;E0_1_2600m;5.00;180;180;15.83;19.82
5400.00;5700.00;1800.00;18.14;E0_0_2700m;5.00;150;150;13.78;18.52
5400.00;5700.00;2148.00;17.39;E0_1_2700m;5.00;179;179;17.15;18.24
5400.00;5700.00;1812.00;17.31;E0_0_2800m;5.00;151;151;14.54;17.50
5400.00;5700.00;2124.00;16.03;E0_1_2800m;5.00;177;178;18.45;16.67
5400.00;5700.00;1836.00;16.38;E0_0_2900m;5.00;153;153;15.57;16.52
5400.00;5700.00;2100.00;14.85;E0_1_2900m;5.00;175;176;19.70;15.23
5400.00;5700.00;1860.00;14.26;E0_0_3000m;5.00;155;155;18.12;14.34
5400.00;5700.00;2076.00;13.75;E0_1_3000m;5.00;173;173;20.97;13.85
5400.00;5700.00;1884.00;13.67;E0_0_3100m;5.00;157;157;19.14;13.71
5400.00;5700.00;2040.00;13.65;E0_1_3100m;5.00;170;170;20.68;13.71
5400.00;5700.00;1932.00;13.51;E0_0_3200m;5.00;161;160;19.78;13.53
5400.00;5700.00;2004.00;13.58;E0_1_3200m;5.00;167;167;20.49;13.61
5400.00;5700.00;1920.00;13.45;E0_0_3300m;5.00;160;160;19.82;13.45
5400.00;5700.00;1992.00;13.46;E0_1_3300m;5.00;166;166;20.55;13.47
5400.00;5700.00;1932.00;13.47;E0_0_3400m;5.00;161;161;19.93;13.47
5400.00;5700.00;2004.00;13.42;E0_1_3400m;5.00;167;167;20.74;13.42
5400.00;5700.00;1932.00;13.41;E0_0_3500m;5.00;161;162;20.03;13.41
5400.00;5700.00;1992.00;13.41;E0_1_3500m;5.00;166;167;20.63;13.41
5400.00;5700.00;1932.00;13.42;E0_0_3600m;5.00;161;161;19.99;13.42
5400.00;5700.00;1980.00;13.41;E0_1_3600m;5.00;165;165;20.51;13.41
5400.00;5700.00;1920.00;13.41;E0_0_3700m;5.00;160;161;20.00;13.41
5400.00;5700.00;1992.00;13.41;E0_1_3700m;5.00;166;166;20.64;13.41
5400.00;5700.00;1920.00;13.40;E0_0_3800m;5.00;160;160;19.89;13.40
5400.00;5700.00;1980.00;13.40;E0_1_3800m;5.00;165;165;20.52;13.40
5400.00;5700.00;1920.00;13.54;E0_0_3900m;5.00;160;160;19.69;13.56
5400.00;5700.00;1980.00;13.51;E0_1_3900m;5.00;165;165;20.36;13.53
5400.00;5700.00;1884.00;15.33;E0_0_4000m;5.00;157;157;17.06;15.57
5400.00;5700.00;2016.00;16.64;E0_1_4000m;5.00;168;169;16.84;17.12
5400.00;5700.00;1812.00;25.05;E0_0_4100m;5.00;151;151;10.05;25.11
5400.00;5700.00;2076.00;25.97;E0_1_4100m;5.00;173;173;11.10;26.01
5400.00;5700.00;1728.00;26.80;E0_0_4200m;5.00;144;145;8.97;26.93
5400.00;5700.00;2148.00;28.25;E0_1_4200m;5.00;179;179;10.56;28.43
5400.00;5700.00;1728.00;26.89;E0_0_4300m;5.00;144;144;8.93;27.02
5400.00;5700.00;2148.00;28.49;E0_1_4300m;5.00;179;179;10.47;28.69
5400.00;5700.00;1716.00;26.73;E0_0_4400m;5.00;143;144;8.98;26.85
5400.00;5700.00;2184.00;28.42;E0_1_4400m;5.00;182;182;10.67;28.65
5400.00;5700.00;1716.00;26.56;E0_0_4500m;5.00;143;144;8.98;26.67
5400.00;5700.00;2160.00;28.12;E0_1_4500m;5.00;180;180;10.67;28.30
5400.00;5700.00;1740.00;26.33;E0_0_4600m;5.00;145;145;9.18;26.44
5400.00;5700.00;2136.00;27.76;E0_1_4600m;5.00;178;178;10.69;27.93
5400.00;5700.00;1740.00;26.06;E0_0_4700m;5.00;145;145;9.27;26.16
5400.00;5700.00;2136.00;27.39;E0_1_4700m;5.00;178;178;10.83;27.57
5400.00;5700.00;1716.00;25.85;E0_0_4800m;5.00;143;143;9.22;25.94
5400.00;5700.00;2112.00;27.09;E0_1_4800m;5.00;176;176;10.83;27.26
5400.00;5700.00;1704.00;25.65;E0_0_4900m;5.00;142;143;9.25;25.74
5400.00;5700.00;2136.00;26.92;E0_1_4900m;5.00;178;178;11.02;27.10
5400.00;5700.00;1704.00;25.62;E0_0_5000m;5.00;142;143;9.26;25.70
5400.00;5700.00;2136.00;26.87;E0_1_5000m;5.00;178;179;11.05;27.06
5700.00;6000.00;0.00;-1.00;E0_0_0m;-1.00;0;0;0.00;-1.00
5700.00;6000.00;0.00;-1.00;E0_1_0m;-1.00;0;0;0.00;-1.00
5700.00;6000.00;1740.00;24.60;E0_0_100m;5.00;145;147;9.92;24.75
5700.00;6000.00;2268.00;26.15;E0_1_100m;5.00;189;189;12.05;26.33
5700.00;6000.00;1740.00;25.60;E0_0_200m;5.00;145;145;9.44;25.77
5700.00;6000.00;2316.00;27.53;E0_1_200m;5.00;193;193;11.67;27.71
5700.00;6000.00;1728.00;25.60;E0_0_300m;5.00;144;144;9.38;25.77
5700.00;6000.00;2340.00;27.76;E0_1_300m;5.00;195;195;11.71;27.90
5700.00;6000.00;1776.00;25.61;E0_0_400m;5.00;148;148;9.63;25.81
5700.00;6000.00;2304.00;27.72;E0_1_400m;5.00;192;192;11.55;27.83
5700.00;6000.00;1776.00;25.59;E0_0_500m;5.00;148;148;9.64;25.79
5700.00;6000.00;2304.00;27.64;E0_1_500m;5.00;192;192;11.58;27.75
5700.00;6000.00;1836.00;25.68;E0_0_600m;5.00;153;153;9.93;25.88
5700.00;6000.00;2256.00;27.50;E0_1_600m;5.00;188;188;11.39;27.61
5700.00;6000.00;1848.00;25.62;E0_0_700m;5.00;154;153;10.01;25.83
5700.00;6000.00;2268.00;27.41;E0_1_700m;5.00;189;189;11.49;27.54
5700.00;6000.00;1836.00;25.61;E0_0_800m;5.00;153;153;9.96;25.79
5700.00;6000.00;2280.00;27.41;E0_1_800m;5.00;190;190;11.55;27.52
5700.00;6000.00;1860.00;25.57;E0_0_900m;5.00;155;155;10.10;25.75
5700.00;6000.00;2232.00;27.44;E0_1_900m;5.00;186;186;11.30;27.55
5700.00;6000.00;1848.00;25.51;E0_0_1000m;5.00;154;154;10.06;25.67
5700.00;6000.00;2244.00;27.35;E0_1_1000m;5.00;187;186;11.37;27.45
5700.00;6000.00;1860.00;25.45;E0_0_1100m;5.00;155;155;10.15;25.61
5700.00;6000.00;2232.00;27.26;E0_1_1100m;5.00;186;186;11.37;27.36
5700.00;6000.00;1872.00;25.29;E0_0_1200m;5.00;156;156;10.28;25.45
5700.00;6000.00;2232.00;27.14;E0_1_1200m;5.00;186;187;11.47;27.24
5700.00;6000.00;1872.00;25.21;E0_0_1300m;5.00;156;156;10.31;25.36
5700.00;6000.00;2244.00;27.01;E0_1_1300m;5.00;187;187;11.54;27.11
5700.00;6000.00;1860.00;25.17;E0_0_1400m;5.00;155;155;10.26;25.36
5700.00;6000.00;2268.00;26.90;E0_1_1400m;5.00;189;190;11.77;27.00
5700.00;6000.00;1860.00;24.91;E0_0_1500m;5.00;155;155;10.40;25.05
5700.00;6000.00;2268.00;26.70;E0_1_1500m;5.00;189;189;11.80;26.82
5700.00;6000.00;1872.00;24.72;E0_0_1600m;5.00;156;156;10.52;24.86
5700.00;6000.00;2304.00;26.33;E0_1_1600m;5.00;192;192;12.15;26.45
5700.00;6000.00;1932.00;24.08;E0_0_1700m;5.00;161;160;11.12;24.21
5700.00;6000.00;2280.00;25.58;E0_1_1700m;5.00;190;190;12.38;25.72
5700.00;6000.00;1944.00;23.22;E0_0_1800m;5.00;162;163;11.69;23.39
5700.00;6000.00;2304.00;24.38;E0_1_1800m;5.00;192;192;13.12;24.58
5700.00;6000.00;1956.00;22.10;E0_0_1900m;5.00;163;162;12.24;22.33
5700.00;6000.00;2328.00;23.03;E0_1_1900m;5.00;194;194;14.04;23.28
5700.00;6000.00;1980.00;20.70;E0_0_2000m;5.00;165;165;13.29;20.91
5700.00;6000.00;2316.00;21.52;E0_1_2000m;5.00;193;193;14.95;21.78
5700.00;6000.00;1944.00;19.15;E0_0_2100m;5.00;162;162;14.10;19.34
5700.00;6000.00;2268.00;19.68;E0_1_2100m;5.00;189;189;16.00;19.88
5700.00;6000.00;1932.00;17.81;E0_0_2200m;5.00;161;161;15.07;17.96
5700.00;6000.00;2244.00;17.94;E0_1_2200m;5.00;187;188;17.39;18.11
5700.00;6000.00;1944.00;17.07;E0_0_2300m;5.00;162;162;15.81;17.16
5700.00;6000.00;2232.00;16.60;E0_1_2300m;5.00;186;186;18.67;16.77
5700.00;6000.00;1992.00;16.60;E0_0_2400m;5.00;166;167;16.70;16.63
5700.00;6000.00;2196.00;15.36;E0_1_2400m;5.00;183;183;19.85;15.46
5700.00;6000.00;1992.00;16.47;E0_0_2500m;5.00;166;166;16.80;16.47
5700.00;6000.00;2184.00;14.58;E0_1_2500m;5.00;182;183;20.81;14.63
5700.00;6000.00;2016.00;16.50;E0_0_2600m;5.00;168;168;16.97;16.50
5700.00;6000.00;2172.00;14.12;E0_1_2600m;5.00;181;181;21.36;14.15
5700.00;6000.00;2016.00;16.37;E0_0_2700m;5.00;168;168;17.11;16.38
5700.00;6000.00;2160.00;13.80;E0_1_2700m;5.00;180;180;21.74;13.82
5700.00;6000.00;2016.00;15.92;E0_0_2800m;5.00;168;168;17.59;15.97
5700.00;6000.00;2160.00;13.66;E0_1_2800m;5.00;180;179;21.92;13.67
5700.00;6000.00;2028.00;15.19;E0_0_2900m;5.00;169;169;18.55;15.26
5700.00;6000.00;2148.00;13.57;E0_1_2900m;5.00;179;179;21.99;13.58
5700.00;6000.00;2016.00;13.66;E0_0_3000m;5.00;168;168;20.50;13.68
5700.00;6000.00;2136.00;13.43;E0_1_3000m;5.00;178;179;22.12;13.43
5700.00;6000.00;2016.00;13.42;E0_0_3100m;5.00;168;168;20.87;13.42
5700.00;6000.00;2136.00;13.41;E0_1_3100m;5.00;178;177;22.11;13.41
5700.00;6000.00;2004.00;13.41;E0_0_3200m;5.00;167;167;20.75;13.41
5700.00;6000.00;2136.00;13.40;E0_1_3200m;5.00;178;178;22.14;13.40
5700.00;6000.00;2016.00;13.41;E0_0_3300m;5.00;168;168;20.89;13.41
5700.00;6000.00;2124.00;13.39;E0_1_3300m;5.00;177;177;22.03;13.39
5700.00;6000.00;1992.00;13.40;E0_0_3400m;5.00;166;167;20.75;13.40
5700.00;6000.00;2136.00;13.38;E0_1_3400m;5.00;178;178;22.16;13.39
5700.00;6000.00;2004.00;13.41;E0_0_3500m;5.00;167;166;20.75;13.41
5700.00;6000.00;2124.00;13.39;E0_1_3500m;5.00;177;177;22.03;13.39
5700.00;6000.00;2004.00;13.40;E0_0_3600m;5.00;167;167;20.77;13.40
5700.00;6000.00;2124.00;13.39;E0_1_3600m;5.00;177;178;22.08;13.39
5700.00;6000.00;2028.00;13.40;E0_0_3700m;5.00;169;168;20.90;13.41
5700.00;6000.00;2112.00;13.40;E0_1_3700m;5.00;176;177;21.95;13.40
5700.00;6000.00;2028.00;13.40;E0_0_3800m;5.00;169;169;21.02;13.40
5700.00;6000.00;2124.00;13.43;E0_1_3800m;5.00;177;177;21.97;13.43
5700.00;6000.00;2016.00;13.43;E0_0_3900m;5.00;168;168;20.85;13.43
5700.00;6000.00;2124.00;13.65;E0_1_3900m;5.00;177;177;21.61;13.73
5700.00;6000.00;1968.00;15.20;E0_0_4000m;5.00;164;166;18.03;15.38
5700.00;6000.00;2172.00;16.44;E0_1_4000m;5.00;181;181;18.37;16.91
5700.00;6000.00;1896.00;24.93;E0_0_4100m;5.00;158;158;10.56;24.99
5700.00;6000.00;2244.00;25.50;E0_1_4100m;5.00;187;187;12.22;25.55
5700.00;6000.00;1896.00;26.46;E0_0_4200m;5.00;158;157;9.93;26.62
5700.00;6000.00;2256.00;27.84;E0_1_4200m;5.00;188;190;11.33;28.05
5700.00;6000.00;1908.00;26.51;E0_0_4300m;5.00;159;159;10.00;26.65
5700.00;6000.00;2220.00;28.13;E0_1_4300m;5.00;185;185;10.96;28.32
5700.00;6000.00;1920.00;26.43;E0_0_4400m;5.00;160;160;10.09;26.56
5700.00;6000.00;2172.00;28.17;E0_1_4400m;5.00;181;181;10.71;28.33
5700.00;6000.00;1896.00;26.31;E0_0_4500m;5.00;158;157;10.00;26.43
5700.00;6000.00;2208.00;28.12;E0_1_4500m;5.00;184;184;10.90;28.25
5700.00;6000.00;1908.00;26.22;E0_0_4600m;5.00;159;159;10.11;26.34
5700.00;6000.00;2208.00;28.09;E0_1_4600m;5.00;184;184;10.92;28.21
5700.00;6000.00;1896.00;25.97;E0_0_4700m;5.00;158;158;10.14;26.09
5700.00;6000.00;2208.00;28.09;E0_1_4700m;5.00;184;184;10.92;28.21
5700.00;6000.00;1896.00;25.98;E0_0_4800m;5.00;158;158;10.14;26.10
5700.00;6000.00;2244.00;28.02;E0_1_4800m;5.00;187;187;11.12;28.15
5700.00;6000.00;1872.00;26.07;E0_0_4900m;5.00;156;155;9.95;26.18
5700.00;6000.00;2268.00;27.98;E0_1_4900m;5.00;189;189;11.26;28.10
5700.00;6000.00;1860.00;25.92;E0_0_5000m;5.00;155;155;10.00;26.02
5700.00;6000.00;2268.00;27.97;E0_1_5000m;5.00;189;188;11.25;28.10
6000.00;6300.00;0.00;-1.00;E0_0_0m;-1.00;0;0;0.00;-1.00
6000.00;6300.00;0.00;-1.00;E0_1_0m;-1.00;0;0;0.00;-1.00
6000.00;6300.00;1752.00;23.00;E0_0_100m;5.00;146;147;10.62;23.14
6000.00;6300.00;2076.00;23.47;E0_1_100m;5.00;173;173;12.29;23.61
6000.00;6300.00;1668.00;25.41;E0_0_200m;5.00;139;139;9.12;25.64
6000.00;6300.00;2136.00;26.38;E0_1_200m;5.00;178;177;11.23;26.67
6000.00;6300.00;1668.00;25.87;E0_0_300m;5.00;139;139;8.95;26.06
6000.00;6300.00;2124.00;26.86;E0_1_300m;5.00;177;177;10.98;27.17
6000.00;6300.00;1668.00;26.07;E0_0_400m;5.00;139;139;8.89;26.23
6000.00;6300.00;2112.00;27.08;E0_1_400m;5.00;176;176;10.83;27.36
6000.00;6300.00;1692.00;25.98;E0_0_500m;5.00;141;141;9.05;26.14
6000.00;6300.00;2100.00;27.05;E0_1_500m;5.00;175;175;10.78;27.31
6000.00;6300.00;1680.00;25.90;E0_0_600m;5.00;140;140;9.01;26.04
6000.00;6300.00;2124.00;26.82;E0_1_600m;5.00;177;177;11.00;27.06
6000.00;6300.00;1716.00;25.83;E0_0_700m;5.00;143;143;9.23;25.95
6000.00;6300.00;2124.00;26.64;E0_1_700m;5.00;177;177;11.07;26.88
6000.00;6300.00;1752.00;25.76;E0_0_800m;5.00;146;147;9.49;25.90
6000.00;6300.00;2112.00;26.52;E0_1_800m;5.00;176;177;11.11;26.73
6000.00;6300.00;1740.00;25.66;E0_0_900m;5.00;145;145;9.42;25.78
6000.00;6300.00;2148.00;26.44;E0_1_900m;5.00;179;179;11.28;26.64
6000.00;6300.00;1740.00;25.62;E0_0_1000m;5.00;145;145;9.43;25.75
6000.00;6300.00;2124.00;26.39;E0_1_1000m;5.00;177;177;11.18;26.59
6000.00;6300.00;1728.00;25.45;E0_0_1100m;5.00;144;144;9.43;25.61
6000.00;6300.00;2136.00;26.28;E0_1_1100m;5.00;178;178;11.29;26.48
6000.00;6300.00;1728.00;25.24;E0_0_1200m;5.00;144;144;9.51;25.43
6000.00;6300.00;2184.00;26.13;E0_1_1200m;5.00;182;181;11.56;26.33
6000.00;6300.00;1728.00;25.26;E0_0_1300m;5.00;144;144;9.50;25.41
6000.00;6300.00;2184.00;25.98;E0_1_1300m;5.00;182;182;11.67;26.17
6000.00;6300.00;1728.00;25.24;E0_0_1400m;5.00;144;144;9.51;25.37
6000.00;6300.00;2196.00;25.88;E0_1_1400m;5.00;183;183;11.79;26.08
6000.00;6300.00;1740.00;24.64;E0_0_1500m;5.00;145;144;9.76;24.77
6000.00;6300.00;2196.00;25.13;E0_1_1500m;5.00;183;184;12.16;25.31
6000.00;6300.00;1728.00;23.09;E0_0_1600m;5.00;144;144;10.39;23.42
6000.00;6300.00;2172.00;23.52;E0_1_1600m;5.00;181;181;12.83;23.88
6000.00;6300.00;1728.00;21.41;E0_0_1700m;5.00;144;144;11.21;22.10
6000.00;6300.00;2136.00;21.18;E0_1_1700m;5.00;178;178;14.01;22.24
6000.00;6300.00;1800.00;19.67;E0_0_1800m;5.00;150;149;12.66;20.84
6000.00;6300.00;1992.00;18.23;E0_1_1800m;5.00;166;166;15.17;20.76
6000.00;6300.00;1752.00;17.06;E0_0_1900m;5.00;146;146;14.27;19.54
6000.00;6300.00;1944.00;14.77;E0_1_1900m;5.00;162;162;18.28;19.18
6000.00;6300.00;1704.00;14.03;E0_0_2000m;5.00;142;142;16.86;17.53
6000.00;6300.00;1860.00;12.46;E0_1_2000m;5.00;155;155;20.73;17.57
6000.00;6300.00;1668.00;12.09;E0_0_2100m;5.00;139;139;19.16;15.80
6000.00;6300.00;1800.00;10.78;E0_1_2100m;5.00;150;151;23.24;15.64
6000.00;6300.00;1668.00;10.59;E0_0_2200m;5.00;139;140;22.17;13.81
6000.00;6300.00;1704.00;9.26;E0_1_2200m;5.00;142;143;25.90;13.42
6000.00;6300.00;1644.00;9.30;E0_0_2300m;5.00;137;137;24.55;12.14
6000.00;6300.00;1644.00;8.06;E0_1_2300m;5.00;137;137;28.35;11.13
6000.00;6300.00;1608.00;8.30;E0_0_2400m;5.00;134;134;27.11;10.65
6000.00;6300.00;1572.00;7.17;E0_1_2400m;5.00;131;131;30.46;9.49
6000.00;6300.00;1572.00;7.41;E0_0_2500m;5.00;131;131;29.46;9.28
6000.00;6300.00;1524.00;6.46;E0_1_2500m;5.00;127;126;32.75;8.21
6000.00;6300.00;1524.00;6.79;E0_0_2600m;5.00;127;127;31.16;8.55
6000.00;6300.00;1452.00;5.89;E0_1_2600m;5.00;121;122;34.34;7.43
6000.00;6300.00;1488.00;6.36;E0_0_2700m;5.00;124;124;32.52;7.90
6000.00;6300.00;1380.00;5.33;E0_1_2700m;5.00;115;115;35.96;6.56
6000.00;6300.00;1440.00;5.90;E0_0_2800m;5.00;120;120;33.89;7.01
6000.00;6300.00;1320.00;4.93;E0_1_2800m;5.00;110;111;37.28;5.90
6000.00;6300.00;1392.00;5.50;E0_0_2900m;5.00;116;117;35.16;6.23
6000.00;6300.00;1260.00;4.57;E0_1_2900m;5.00;105;106;38.64;5.26
6000.00;6300.00;1296.00;5.33;E0_0_3000m;5.00;108;112;36.88;5.90
6000.00;6300.00;1248.00;4.81;E0_1_3000m;5.00;104;103;36.01;5.31
6000.00;6300.00;1272.00;6.26;E0_0_3100m;5.00;106;106;28.20;6.53
6000.00;6300.00;1272.00;6.28;E0_1_3100m;5.00;106;106;28.15;6.55
6000.00;6300.00;1272.00;6.16;E0_0_3200m;5.00;106;107;28.88;6.41
6000.00;6300.00;1248.00;6.14;E0_1_3200m;5.00;104;105;28.43;6.36
6000.00;6300.00;1248.00;6.09;E0_0_3300m;5.00;104;104;28.47;6.31
6000.00;6300.00;1248.00;6.19;E0_1_3300m;5.00;104;105;28.10;6.45
6000.00;6300.00;1260.00;6.19;E0_0_3400m;5.00;105;104;28.18;6.61
6000.00;6300.00;1236.00;6.00;E0_1_3400m;5.00;103;103;28.60;6.40
6000.00;6300.00;1140.00;8.00;E0_0_3500m;5.00;95;102;21.81;8.96
6000.00;6300.00;1320.00;5.06;E0_1_3500m;5.00;110;111;36.71;7.72
6000.00;6300.00;1068.00;14.09;E0_0_3600m;5.00;89;91;11.63;15.28
6000.00;6300.00;1452.00;10.36;E0_1_3600m;5.00;121;122;19.62;11.87
6000.00;6300.00;1080.00;15.57;E0_0_3700m;5.00;90;93;9.84;16.12
6000.00;6300.00;1452.00;12.09;E0_1_3700m;5.00;121;123;16.77;12.83
6000.00;6300.00;1068.00;15.86;E0_0_3800m;5.00;89;91;9.46;16.25
6000.00;6300.00;1512.00;11.95;E0_1_3800m;5.00;126;127;17.63;13.08
6000.00;6300.00;1092.00;16.14;E0_0_3900m;5.00;91;92;9.41;16.30
6000.00;6300.00;1512.00;11.57;E0_1_3900m;5.00;126;128;18.20;12.72
6000.00;6300.00;1056.00;17.18;E0_0_4000m;5.00;88;88;8.53;17.48
6000.00;6300.00;1572.00;14.27;E0_1_4000m;5.00;131;132;15.42;14.72
6000.00;6300.00;948.00;25.02;E0_0_4100m;5.00;79;79;5.26;25.10
6000.00;6300.00;1692.00;25.60;E0_1_4100m;5.00;141;141;9.18;25.69
6000.00;6300.00;936.00;27.07;E0_0_4200m;5.00;78;79;4.87;27.56
6000.00;6300.00;1704.00;28.46;E0_1_4200m;5.00;142;145;8.45;28.72
6000.00;6300.00;960.00;25.44;E0_0_4300m;5.00;80;80;5.24;26.34
6000.00;6300.00;1704.00;27.22;E0_1_4300m;5.00;142;143;8.75;28.12
6000.00;6300.00;936.00;25.55;E0_0_4400m;5.00;78;79;5.13;26.34
6000.00;6300.00;1740.00;26.27;E0_1_4400m;5.00;145;145;9.20;27.71
6000.00;6300.00;924.00;24.70;E0_0_4500m;5.00;77;78;5.22;25.94
6000.00;6300.00;1764.00;24.53;E0_1_4500m;5.00;147;148;10.03;27.07
6000.00;6300.00;936.00;24.08;E0_0_4600m;5.00;78;78;5.40;25.99
6000.00;6300.00;1764.00;25.05;E0_1_4600m;5.00;147;148;9.83;27.55
6000.00;6300.00;948.00;25.85;E0_0_4700m;5.00;79;79;5.09;26.44
6000.00;6300.00;1788.00;27.10;E0_1_4700m;5.00;149;149;9.16;27.89
6000.00;6300.00;948.00;26.03;E0_0_4800m;5.00;79;79;5.06;26.49
6000.00;6300.00;1776.00;26.98;E0_1_4800m;5.00;148;148;9.14;27.67
6000.00;6300.00;948.00;26.79;E0_0_4900m;5.00;79;79;4.91;26.91
6000.00;6300.00;1764.00;28.03;E0_1_4900m;5.00;147;147;8.74;28.24
6000.00;6300.00;996.00;27.11;E0_0_5000m;5.00;83;82;5.04;27.22
6000.00;6300.00;1776.00;28.26;E0_1_5000m;5.00;148;148;8.73;28.44
6300.00;6600.00;0.00;-1.00;E0_0_0m;-1.00;0;0;0.00;-1.00
6300.00;6600.00;0.00;-1.00;E0_1_0m;-1.00;0;0;0.00;-1.00
6300.00;6600.00;1860.00;21.63;E0_0_100m;5.00;155;156;12.00;21.68
6300.00;6600.00;2112.00;22.07;E0_1_100m;5.00;176;176;13.29;22.13
6300.00;6600.00;1752.00;26.41;E0_0_200m;5.00;146;146;9.21;26.57
6300.00;6600.00;2196.00;27.92;E0_1_200m;5.00;183;184;10.95;28.01
6300.00;6600.00;1824.00;26.46;E0_0_300m;5.00;152;152;9.58;26.62
6300.00;6600.00;2124.00;28.80;E0_1_300m;5.00;177;177;10.24;28.92
6300.00;6600.00;1836.00;26.07;E0_0_400m;5.00;153;153;9.78;26.25
6300.00;6600.00;2112.00;28.38;E0_1_400m;5.00;176;176;10.34;28.55
6300.00;6600.00;1812.00;25.43;E0_0_500m;5.00;151;151;9.90;25.71
6300.00;6600.00;2112.00;27.69;E0_1_500m;5.00;176;176;10.59;27.99
6300.00;6600.00;1764.00;24.53;E0_0_600m;5.00;147;147;9.99;25.00
6300.00;6600.00;2112.00;26.89;E0_1_600m;5.00;176;176;10.91;27.46
6300.00;6600.00;1752.00;23.70;E0_0_700m;5.00;146;147;10.35;24.34
6300.00;6600.00;2028.00;25.89;E0_1_700m;5.00;169;170;11.01;26.87
6300.00;6600.00;1728.00;22.60;E0_0_800m;5.00;144;143;10.58;23.44
6300.00;6600.00;2004.00;23.86;E0_1_800m;5.00;167;167;11.66;25.75
6300.00;6600.00;1668.00;20.95;E0_0_900m;5.00;139;140;11.16;22.26
6300.00;6600.00;1968.00;21.49;E0_1_900m;5.00;164;165;12.82;24.37
6300.00;6600.00;1644.00;19.02;E0_0_1000m;5.00;137;137;12.00;21.11
6300.00;6600.00;1932.00;18.62;E0_1_1000m;5.00;161;161;14.41;22.92
6300.00;6600.00;1620.00;15.48;E0_0_1100m;5.00;135;135;14.54;19.21
6300.00;6600.00;1848.00;14.59;E0_1_1100m;5.00;154;155;17.67;21.22
6300.00;6600.00;1572.00;13.35;E0_0_1200m;5.00;131;131;16.35;17.83
6300.00;6600.00;1716.00;11.79;E0_1_1200m;5.00;143;144;20.42;18.94
6300.00;6600.00;1488.00;11.19;E0_0_1300m;5.00;124;124;18.47;15.76
6300.00;6600.00;1668.00;10.03;E0_1_1300m;5.00;139;139;23.10;16.40
6300.00;6600.00;1428.00;9.63;E0_0_1400m;5.00;119;120;20.78;14.24
6300.00;6600.00;1584.00;8.38;E0_1_1400m;5.00;132;133;26.40;13.96
6300.00;6600.00;1416.00;8.03;E0_0_1500m;5.00;118;118;24.49;11.66
6300.00;6600.00;1476.00;6.95;E0_1_1500m;5.00;123;122;29.46;11.22
6300.00;6600.00;1404.00;6.78;E0_0_1600m;5.00;117;118;28.80;9.22
6300.00;6600.00;1344.00;5.67;E0_1_1600m;5.00;112;114;33.20;8.01
6300.00;6600.00;1392.00;5.95;E0_0_1700m;5.00;116;117;32.73;7.33
6300.00;6600.00;1236.00;4.59;E0_1_1700m;5.00;103;103;37.43;5.15
6300.00;6600.00;1332.00;5.16;E0_0_1800m;5.00;111;112;35.99;5.47
6300.00;6600.00;1200.00;4.12;E0_1_1800m;5.00;100;100;40.45;4.20
6300.00;6600.00;1296.00;4.79;E0_0_1900m;5.00;108;108;37.55;4.86
6300.00;6600.00;1176.00;3.99;E0_1_1900m;5.00;98;98;40.91;4.05
6300.00;6600.00;1284.00;4.65;E0_0_2000m;5.00;107;107;38.34;4.69
6300.00;6600.00;1164.00;3.93;E0_1_2000m;5.00;97;98;41.22;4.00
6300.00;6600.00;1272.00;4.56;E0_0_2100m;5.00;106;106;38.72;4.61
6300.00;6600.00;1152.00;3.86;E0_1_2100m;5.00;96;95;41.44;3.95
6300.00;6600.00;1260.00;4.48;E0_0_2200m;5.00;105;104;38.82;4.52
6300.00;6600.00;1128.00;3.77;E0_1_2200m;5.00;94;94;41.56;3.88
6300.00;6600.00;1224.00;4.36;E0_0_2300m;5.00;102;103;39.34;4.41
6300.00;6600.00;1104.00;3.68;E0_1_2300m;5.00;92;93;41.94;3.80
6300.00;6600.00;1212.00;4.26;E0_0_2400m;5.00;101;101;39.50;4.31
6300.00;6600.00;1080.00;3.58;E0_1_2400m;5.00;90;91;42.27;3.69
6300.00;6600.00;1200.00;4.15;E0_0_2500m;5.00;100;100;40.14;4.22
6300.00;6600.00;1080.00;3.52;E0_1_2500m;5.00;90;90;42.59;3.64
6300.00;6600.00;1188.00;4.10;E0_0_2600m;5.00;99;99;40.22;4.18
6300.00;6600.00;1080.00;3.53;E0_1_2600m;5.00;90;90;42.36;3.66
6300.00;6600.00;1176.00;4.06;E0_0_2700m;5.00;98;98;40.22;4.15
6300.00;6600.00;1092.00;3.56;E0_1_2700m;5.00;91;91;42.55;3.70
6300.00;6600.00;1164.00;4.02;E0_0_2800m;5.00;97;98;40.63;4.14
6300.00;6600.00;1092.00;3.58;E0_1_2800m;5.00;91;90;42.31;3.74
6300.00;6600.00;1164.00;3.97;E0_0_2900m;5.00;97;97;40.95;4.13
6300.00;6600.00;1092.00;3.56;E0_1_2900m;5.00;91;90;42.28;3.77
6300.00;6600.00;1140.00;3.90;E0_0_3000m;5.00;95;98;42.63;4.51
6300.00;6600.00;1128.00;4.55;E0_1_3000m;5.00;94;95;34.69;4.79
6300.00;6600.00;1104.00;5.07;E0_0_3100m;5.00;92;92;30.27;5.30
6300.00;6600.00;1140.00;5.09;E0_1_3100m;5.00;95;95;31.12;5.33
6300.00;6600.00;1104.00;5.15;E0_0_3200m;5.00;92;91;29.60;5.37
6300.00;6600.00;1152.00;5.14;E0_1_3200m;5.00;96;95;30.91;5.37
6300.00;6600.00;1104.00;5.01;E0_0_3300m;5.00;92;92;30.60;5.29
6300.00;6600.00;1140.00;5.06;E0_1_3300m;5.00;95;94;31.17;5.33
6300.00;6600.00;1080.00;4.87;E0_0_3400m;5.00;90;90;30.77;5.30
6300.00;6600.00;1128.00;4.90;E0_1_3400m;5.00;94;94;31.97;5.33
6300.00;6600.00;984.00;6.74;E0_0_3500m;5.00;82;88;23.52;7.94
6300.00;6600.00;1188.00;4.71;E0_1_3500m;5.00;99;99;34.86;7.20
6300.00;6600.00;828.00;15.50;E0_0_3600m;5.00;69;71;9.67;15.90
6300.00;6600.00;1332.00;11.26;E0_1_3600m;5.00;111;112;16.51;11.90
6300.00;6600.00;852.00;15.99;E0_0_3700m;5.00;71;72;8.54;16.73
6300.00;6600.00;1332.00;12.16;E0_1_3700m;5.00;111;115;15.60;12.97
6300.00;6600.00;792.00;16.60;E0_0_3800m;5.00;66;67;6.69;17.27
6300.00;6600.00;1404.00;12.71;E0_1_3800m;5.00;117;123;15.86;13.09
6300.00;6600.00;744.00;15.13;E0_0_3900m;5.00;62;66;7.87;15.84
6300.00;6600.00;1476.00;12.53;E0_1_3900m;5.00;123;125;16.58;13.36
6300.00;6600.00;780.00;16.83;E0_0_4000m;5.00;65;67;6.58;17.04
6300.00;6600.00;1476.00;13.96;E0_1_4000m;5.00;123;125;14.83;15.22
6300.00;6600.00;744.00;24.75;E0_0_4100m;5.00;62;62;4.17;24.86
6300.00;6600.00;1524.00;25.58;E0_1_4100m;5.00;127;127;8.27;25.71
6300.00;6600.00;756.00;27.21;E0_0_4200m;5.00;63;63;3.86;27.53
6300.00;6600.00;1512.00;28.28;E0_1_4200m;5.00;126;127;7.48;28.52
6300.00;6600.00;756.00;27.16;E0_0_4300m;5.00;63;63;3.87;27.46
6300.00;6600.00;1512.00;28.17;E0_1_4300m;5.00;126;127;7.49;28.47
6300.00;6600.00;744.00;26.90;E0_0_4400m;5.00;62;62;3.84;27.13
6300.00;6600.00;1512.00;27.93;E0_1_4400m;5.00;126;126;7.52;28.24
6300.00;6600.00;792.00;26.64;E0_0_4500m;5.00;66;66;4.13;26.94
6300.00;6600.00;1488.00;27.61;E0_1_4500m;5.00;124;124;7.48;27.98
6300.00;6600.00;804.00;26.40;E0_0_4600m;5.00;67;68;4.26;26.80
6300.00;6600.00;1500.00;27.41;E0_1_4600m;5.00;125;126;7.61;27.82
6300.00;6600.00;792.00;25.99;E0_0_4700m;5.00;66;67;4.30;26.43
6300.00;6600.00;1536.00;26.93;E0_1_4700m;5.00;128;129;7.92;27.47
6300.00;6600.00;804.00;26.02;E0_0_4800m;5.00;67;67;4.29;26.39
6300.00;6600.00;1536.00;27.08;E0_1_4800m;5.00;128;128;7.88;27.52
6300.00;6600.00;804.00;26.52;E0_0_4900m;5.00;67;67;4.21;26.73
6300.00;6600.00;1536.00;27.32;E0_1_4900m;5.00;128;128;7.81;27.68
6300.00;6600.00;804.00;27.01;E0_0_5000m;5.00;67;67;4.13;27.16
6300.00;6600.00;1500.00;27.75;E0_1_5000m;5.00;125;125;7.51;27.98
6600.00;6900.00;0.00;-1.00;E0_0_0m;-1.00;0;0;0.00;-1.00
6600.00;6900.00;0.00;-1.00;E0_1_0m;-1.00;0;0;0.00;-1.00
6600.00;6900.00;1752.00;9.11;E0_0_100m;5.00;146;146;26.72;13.02
6600.00;6900.00;1632.00;7.92;E0_1_100m;5.00;136;136;28.61;12.48
6600.00;6900.00;1668.00;8.40;E0_0_200m;5.00;139;140;27.75;12.41
6600.00;6900.00;1572.00;7.29;E0_1_200m;5.00;131;131;29.96;12.42
6600.00;6900.00;1620.00;7.48;E0_0_300m;5.00;135;135;30.08;10.79
6600.00;6900.00;1476.00;6.36;E0_1_300m;5.00;123;123;32.21;10.37
6600.00;6900.00;1548.00;6.72;E0_0_400m;5.00;129;129;32.02;9.43
6600.00;6900.00;1404.00;5.67;E0_1_400m;5.00;117;117;34.42;8.62
6600.00;6900.00;1488.00;6.05;E0_0_500m;5.00;124;124;34.16;8.25
6600.00;6900.00;1332.00;5.11;E0_1_500m;5.00;111;112;36.57;7.17
6600.00;6900.00;1416.00;5.57;E0_0_600m;5.00;118;118;35.29;7.39
6600.00;6900.00;1272.00;4.63;E0_1_600m;5.00;106;106;38.17;5.95
6600.00;6900.00;1356.00;5.17;E0_0_700m;5.00;113;113;36.41;6.54
6600.00;6900.00;1224.00;4.29;E0_1_700m;5.00;102;101;39.47;5.10
6600.00;6900.00;1296.00;4.73;E0_0_800m;5.00;108;108;38.02;5.46
6600.00;6900.00;1164.00;3.97;E0_1_800m;5.00;97;98;40.97;4.34
6600.00;6900.00;1248.00;4.45;E0_0_900m;5.00;104;104;39.07;4.82
6600.00;6900.00;1140.00;3.75;E0_1_900m;5.00;95;94;42.13;3.90
6600.00;6900.00;1212.00;4.19;E0_0_1000m;5.00;101;101;40.13;4.35
6600.00;6900.00;1104.00;3.60;E0_1_1000m;5.00;92;92;42.56;3.65
6600.00;6900.00;1188.00;4.04;E0_0_1100m;5.00;99;99;40.79;4.10
6600.00;6900.00;1092.00;3.56;E0_1_1100m;5.00;91;91;42.68;3.61
6600.00;6900.00;1164.00;3.98;E0_0_1200m;5.00;97;98;41.08;4.02
6600.00;6900.00;1092.00;3.53;E0_1_1200m;5.00;91;90;42.72;3.58
6600.00;6900.00;1164.00;3.95;E0_0_1300m;5.00;97;97;40.97;3.98
6600.00;6900.00;1068.00;3.50;E0_1_1300m;5.00;89;89;42.36;3.54
6600.00;6900.00;1152.00;3.90;E0_0_1400m;5.00;96;96;41.25;3.93
6600.00;6900.00;1056.00;3.45;E0_1_1400m;5.00;88;89;42.82;3.48
6600.00;6900.00;1140.00;3.87;E0_0_1500m;5.00;95;95;40.95;3.89
6600.00;6900.00;1044.00;3.39;E0_1_1500m;5.00;87;88;43.06;3.42
6600.00;6900.00;1140.00;3.82;E0_0_1600m;5.00;95;94;41.45;3.84
6600.00;6900.00;1032.00;3.33;E0_1_1600m;5.00;86;87;43.22;3.35
6600.00;6900.00;1128.00;3.79;E0_0_1700m;5.00;94;93;41.14;3.80
6600.00;6900.00;1020.00;3.27;E0_1_1700m;5.00;85;86;43.57;3.29
6600.00;6900.00;1128.00;3.76;E0_0_1800m;5.00;94;94;41.62;3.77
6600.00;6900.00;1008.00;3.23;E0_1_1800m;5.00;84;84;43.38;3.25
6600.00;6900.00;1128.00;3.75;E0_0_1900m;5.00;94;94;41.79;3.77
6600.00;6900.00;1008.00;3.21;E0_1_1900m;5.00;84;84;43.66;3.23
6600.00;6900.00;1128.00;3.76;E0_0_2000m;5.00;94;94;41.64;3.78
6600.00;6900.00;1008.00;3.21;E0_1_2000m;5.00;84;83;43.64;3.23
6600.00;6900.00;1128.00;3.79;E0_0_2100m;5.00;94;94;41.30;3.82
6600.00;6900.00;1020.00;3.24;E0_1_2100m;5.00;85;85;43.71;3.27
6600.00;6900.00;1152.00;3.84;E0_0_2200m;5.00;96;96;41.65;3.89
6600.00;6900.00;1032.00;3.28;E0_1_2200m;5.00;86;86;43.61;3.31
6600.00;6900.00;1164.00;3.90;E0_0_2300m;5.00;97;96;41.09;3.95
6600.00;6900.00;1044.00;3.34;E0_1_2300m;5.00;87;87;43.56;3.38
6600.00;6900.00;1176.00;3.96;E0_0_2400m;5.00;98;97;41.03;4.02
6600.00;6900.00;1056.00;3.38;E0_1_2400m;5.00;88;88;43.47;3.43
6600.00;6900.00;1176.00;4.02;E0_0_2500m;5.00;98;99;40.66;4.07
6600.00;6900.00;1056.00;3.41;E0_1_2500m;5.00;88;89;43.25;3.47
6600.00;6900.00;1200.00;4.09;E0_0_2600m;5.00;100;100;40.79;4.15
6600.00;6900.00;1068.00;3.46;E0_1_2600m;5.00;89;89;43.15;3.54
6600.00;6900.00;1224.00;4.18;E0_0_2700m;5.00;102;102;40.66;4.30
6600.00;6900.00;1080.00;3.54;E0_1_2700m;5.00;90;91;42.58;3.69
6600.00;6900.00;1260.00;4.35;E0_0_2800m;5.00;105;104;39.81;4.58
6600.00;6900.00;1128.00;3.70;E0_1_2800m;5.00;94;94;42.39;3.99
6600.00;6900.00;1296.00;4.55;E0_0_2900m;5.00;108;107;39.38;4.96
6600.00;6900.00;1164.00;3.89;E0_1_2900m;5.00;97;97;41.56;4.40
6600.00;6900.00;1296.00;4.75;E0_0_3000m;5.00;108;109;39.40;5.61
6600.00;6900.00;1224.00;4.92;E0_1_3000m;5.00;102;101;34.34;5.47
6600.00;6900.00;1260.00;5.99;E0_0_3100m;5.00;105;106;29.24;6.43
6600.00;6900.00;1248.00;6.01;E0_1_3100m;5.00;104;104;28.82;6.47
6600.00;6900.00;1248.00;6.08;E0_0_3200m;5.00;104;104;28.52;6.58
6600.00;6900.00;1236.00;6.07;E0_1_3200m;5.00;103;103;28.27;6.57
6600.00;6900.00;1224.00;6.18;E0_0_3300m;5.00;102;103;27.80;6.77
6600.00;6900.00;1236.00;6.16;E0_1_3300m;5.00;103;103;27.87;6.73
6600.00;6900.00;1212.00;6.13;E0_0_3400m;5.00;101;101;27.46;7.08
6600.00;6900.00;1212.00;6.11;E0_1_3400m;5.00;101;102;27.84;6.98
6600.00;6900.00;1080.00;8.57;E0_0_3500m;5.00;90;100;22.37;9.94
6600.00;6900.00;1380.00;5.65;E0_1_3500m;5.00;115;116;33.97;8.10
6600.00;6900.00;960.00;15.93;E0_0_3600m;5.00;80;85;10.78;16.13
6600.00;6900.00;1500.00;12.09;E0_1_3600m;5.00;125;129;17.51;12.86
6600.00;6900.00;1092.00;15.54;E0_0_3700m;5.00;91;93;9.89;15.93
6600.00;6900.00;1404.00;12.76;E0_1_3700m;5.00;117;119;15.38;13.34
6600.00;6900.00;1068.00;16.63;E0_0_3800m;5.00;89;90;8.93;16.93
6600.00;6900.00;1404.00;13.29;E0_1_3800m;5.00;117;120;15.04;13.41
6600.00;6900.00;984.00;16.44;E0_0_3900m;5.00;82;86;8.58;16.56
6600.00;6900.00;1488.00;13.47;E0_1_3900m;5.00;124;129;15.68;14.03
6600.00;6900.00;864.00;16.93;E0_0_4000m;5.00;72;77;7.26;17.26
6600.00;6900.00;1584.00;14.90;E0_1_4000m;5.00;132;133;14.81;15.47
6600.00;6900.00;864.00;25.45;E0_0_4100m;5.00;72;72;4.71;25.69
6600.00;6900.00;1584.00;25.60;E0_1_4100m;5.00;132;133;8.66;25.68
6600.00;6900.00;888.00;27.41;E0_0_4200m;5.00;74;74;4.50;27.54
6600.00;6900.00;1608.00;28.37;E0_1_4200m;5.00;134;134;7.87;28.55
6600.00;6900.00;936.00;27.28;E0_0_4300m;5.00;78;78;4.76;27.41
6600.00;6900.00;1596.00;28.48;E0_1_4300m;5.00;133;133;7.78;28.72
6600.00;6900.00;936.00;27.22;E0_0_4400m;5.00;78;79;4.83;27.33
6600.00;6900.00;1632.00;28.38;E0_1_4400m;5.00;136;136;7.99;28.65
6600.00;6900.00;924.00;27.09;E0_0_4500m;5.00;77;78;4.77;27.18
6600.00;6900.00;1620.00;27.94;E0_1_4500m;5.00;135;135;8.05;28.17
6600.00;6900.00;900.00;27.09;E0_0_4600m;5.00;75;75;4.61;27.26
6600.00;6900.00;1596.00;27.93;E0_1_4600m;5.00;133;134;7.99;28.13
6600.00;6900.00;864.00;26.81;E0_0_4700m;5.00;72;72;4.48;26.89
6600.00;6900.00;1560.00;27.65;E0_1_4700m;5.00;130;131;7.87;27.86
6600.00;6900.00;828.00;26.62;E0_0_4800m;5.00;69;70;4.33;26.73
6600.00;6900.00;1572.00;27.43;E0_1_4800m;5.00;131;131;7.96;27.66
6600.00;6900.00;828.00;26.73;E0_0_4900m;5.00;69;70;4.34;26.85
6600.00;6900.00;1572.00;27.25;E0_1_4900m;5.00;131;131;8.01;27.48
6600.00;6900.00;864.00;26.95;E0_0_5000m;5.00;72;72;4.45;27.03
6600.00;6900.00;1584.00;27.41;E0_1_5000m;5.00;132;132;8.03;27.60
6900.00;7200.00;0.00;-1.00;E0_0_0m;-1.00;0;0;0.00;-1.00
6900.00;7200.00;0.00;-1.00;E0_1_0m;-1.00;0;0;0.00;-1.00
6900.00;7200.00;1140.00;3.87;E0_0_100m;5.00;95;96;41.07;3.88
6900.00;7200.00;1044.00;3.30;E0_1_100m;5.00;87;87;44.00;3.30
6900.00;7200.00;1164.00;3.87;E0_0_200m;5.00;97;96;41.56;3.89
6900.00;7200.00;1044.00;3.29;E0_1_200m;5.00;87;87;44.02;3.30
6900.00;7200.00;1164.00;3.92;E0_0_300m;5.00;97;97;41.29;3.94
6900.00;7200.00;1044.00;3.32;E0_1_300m;5.00;87;88;43.99;3.33
6900.00;7200.00;1176.00;3.98;E0_0_400m;5.00;98;99;41.39;4.01
6900.00;7200.00;1068.00;3.37;E0_1_400m;5.00;89;89;43.95;3.40
6900.00;7200.00;1188.00;4.07;E0_0_500m;5.00;99;100;40.59;4.11
6900.00;7200.00;1080.00;3.43;E0_1_500m;5.00;90;89;43.43;3.46
6900.00;7200.00;1212.00;4.15;E0_0_600m;5.00;101;101;40.58;4.20
6900.00;7200.00;1080.00;3.49;E0_1_600m;5.00;90;90;42.99;3.55
6900.00;7200.00;1224.00;4.23;E0_0_700m;5.00;102;102;40.24;4.30
6900.00;7200.00;1104.00;3.57;E0_1_700m;5.00;92;92;42.90;3.67
6900.00;7200.00;1236.00;4.33;E0_0_800m;5.00;103;104;39.67;4.43
6900.00;7200.00;1116.00;3.65;E0_1_800m;5.00;93;92;42.16;3.79
6900.00;7200.00;1272.00;4.44;E0_0_900m;5.00;106;105;39.60;4.57
6900.00;7200.00;1128.00;3.75;E0_1_900m;5.00;94;94;41.73;3.93
6900.00;7200.00;1284.00;4.55;E0_0_1000m;5.00;107;107;39.21;4.70
6900.00;7200.00;1152.00;3.86;E0_1_1000m;5.00;96;96;41.40;4.08
6900.00;7200.00;1296.00;4.64;E0_0_1100m;5.00;108;108;38.78;4.81
6900.00;7200.00;1176.00;3.96;E0_1_1100m;5.00;98;97;41.10;4.21
6900.00;7200.00;1320.00;4.74;E0_0_1200m;5.00;110;110;38.29;4.93
6900.00;7200.00;1188.00;4.06;E0_1_1200m;5.00;99;99;40.63;4.34
6900.00;7200.00;1332.00;4.82;E0_0_1300m;5.00;111;112;38.48;5.00
6900.00;7200.00;1200.00;4.13;E0_1_1300m;5.00;100;101;40.66;4.42
6900.00;7200.00;1356.00;4.92;E0_0_1400m;5.00;113;112;37.86;5.10
6900.00;7200.00;1224.00;4.21;E0_1_1400m;5.00;102;101;40.17;4.49
6900.00;7200.00;1356.00;5.00;E0_0_1500m;5.00;113;114;37.93;5.17
6900.00;7200.00;1224.00;4.28;E0_1_1500m;5.00;102;102;39.75;4.56
6900.00;7200.00;1368.00;5.05;E0_0_1600m;5.00;114;114;37.64;5.20
6900.00;7200.00;1236.00;4.33;E0_1_1600m;5.00;103;103;39.54;4.59
6900.00;7200.00;1380.00;5.09;E0_0_1700m;5.00;115;115;37.69;5.23
6900.00;7200.00;1248.00;4.38;E0_1_1700m;5.00;104;103;39.30;4.62
6900.00;7200.00;1380.00;5.12;E0_0_1800m;5.00;115;114;37.36;5.26
6900.00;7200.00;1260.00;4.43;E0_1_1800m;5.00;105;105;39.54;4.66
6900.00;7200.00;1380.00;5.16;E0_0_1900m;5.00;115;116;37.23;5.30
6900.00;7200.00;1260.00;4.47;E0_1_1900m;5.00;105;106;39.15;4.69
6900.00;7200.00;1380.00;5.17;E0_0_2000m;5.00;115;115;37.10;5.30
6900.00;7200.00;1272.00;4.49;E0_1_2000m;5.00;106;106;39.36;4.70
6900.00;7200.00;1380.00;5.19;E0_0_2100m;5.00;115;115;36.95;5.35
6900.00;7200.00;1260.00;4.52;E0_1_2100m;5.00;105;106;38.98;4.75
6900.00;7200.00;1368.00;5.18;E0_0_2200m;5.00;114;115;36.82;5.36
6900.00;7200.00;1272.00;4.55;E0_1_2200m;5.00;106;105;38.52;4.80
6900.00;7200.00;1368.00;5.19;E0_0_2300m;5.00;114;115;36.81;5.40
6900.00;7200.00;1272.00;4.54;E0_1_2300m;5.00;106;105;38.57;4.80
6900.00;7200.00;1368.00;5.20;E0_0_2400m;5.00;114;115;36.88;5.41
6900.00;7200.00;1272.00;4.54;E0_1_2400m;5.00;106;105;38.52;4.80
6900.00;7200.00;1380.00;5.21;E0_0_2500m;5.00;115;114;36.71;5.44
6900.00;7200.00;1272.00;4.59;E0_1_2500m;5.00;106;105;38.22;4.90
6900.00;7200.00;1368.00;5.18;E0_0_2600m;5.00;114;114;36.69;5.41
6900.00;7200.00;1272.00;4.59;E0_1_2600m;5.00;106;105;38.28;4.91
6900.00;7200.00;1356.00;5.11;E0_0_2700m;5.00;113;113;36.83;5.38
6900.00;7200.00;1260.00;4.50;E0_1_2700m;5.00;105;104;38.67;4.83
6900.00;7200.00;1332.00;4.96;E0_0_2800m;5.00;111;111;37.27;5.23
6900.00;7200.00;1212.00;4.37;E0_1_2800m;5.00;101;102;38.81;4.71
6900.00;7200.00;1284.00;4.80;E0_0_2900m;5.00;107;107;37.17;5.04
6900.00;7200.00;1188.00;4.22;E0_1_2900m;5.00;99;100;39.13;4.53
6900.00;7200.00;1248.00;4.55;E0_0_3000m;5.00;104;105;39.01;4.99
6900.00;7200.00;1176.00;4.69;E0_1_3000m;5.00;98;98;34.81;4.92
6900.00;7200.00;1188.00;5.45;E0_0_3100m;5.00;99;98;30.25;5.58
6900.00;7200.00;1176.00;5.47;E0_1_3100m;5.00;98;99;29.93;5.60
6900.00;7200.00;1164.00;5.29;E0_0_3200m;5.00;97;98;30.82;5.42
6900.00;7200.00;1164.00;5.31;E0_1_3200m;5.00;97;97;30.43;5.46
6900.00;7200.00;1164.00;5.23;E0_0_3300m;5.00;97;97;30.89;5.42
6900.00;7200.00;1152.00;5.24;E0_1_3300m;5.00;96;96;30.53;5.43
6900.00;7200.00;1164.00;5.32;E0_0_3400m;5.00;97;97;30.37;5.63
6900.00;7200.00;1164.00;5.32;E0_1_3400m;5.00;97;96;30.13;5.68
6900.00;7200.00;1020.00;7.13;E0_0_3500m;5.00;85;92;23.59;8.42
6900.00;7200.00;1308.00;4.85;E0_1_3500m;5.00;109;109;37.48;7.12
6900.00;7200.00;996.00;13.01;E0_0_3600m;5.00;83;84;10.66;15.08
6900.00;7200.00;1308.00;9.47;E0_1_3600m;5.00;109;112;19.48;11.17
6900.00;7200.00;960.00;16.40;E0_0_3700m;5.00;80;84;8.40;16.48
6900.00;7200.00;1308.00;13.42;E0_1_3700m;5.00;109;114;13.81;13.85
6900.00;7200.00;960.00;14.94;E0_0_3800m;5.00;80;82;9.09;16.13
6900.00;7200.00;1320.00;11.72;E0_1_3800m;5.00;110;112;15.82;13.33
6900.00;7200.00;912.00;16.39;E0_0_3900m;5.00;76;77;7.80;16.82
6900.00;7200.00;1356.00;13.04;E0_1_3900m;5.00;113;116;14.62;13.31
6900.00;7200.00;924.00;17.07;E0_0_4000m;5.00;77;82;8.93;17.45
6900.00;7200.00;1392.00;12.59;E0_1_4000m;5.00;116;120;15.54;14.62
6900.00;7200.00;840.00;24.90;E0_0_4100m;5.00;70;70;4.68;25.04
6900.00;7200.00;1512.00;25.67;E0_1_4100m;5.00;126;127;8.23;25.81
6900.00;7200.00;864.00;27.89;E0_0_4200m;5.00;72;73;4.35;28.11
6900.00;7200.00;1476.00;28.81;E0_1_4200m;5.00;123;123;7.11;29.06
6900.00;7200.00;876.00;27.65;E0_0_4300m;5.00;73;74;4.48;27.89
6900.00;7200.00;1464.00;28.85;E0_1_4300m;5.00;122;122;7.05;29.25
6900.00;7200.00;852.00;27.13;E0_0_4400m;5.00;71;71;4.36;27.39
6900.00;7200.00;1476.00;28.64;E0_1_4400m;5.00;123;123;7.16;29.07
6900.00;7200.00;876.00;26.79;E0_0_4500m;5.00;73;73;4.54;27.08
6900.00;7200.00;1488.00;28.33;E0_1_4500m;5.00;124;124;7.29;28.80
6900.00;7200.00;876.00;26.18;E0_0_4600m;5.00;73;73;4.65;26.60
6900.00;7200.00;1500.00;27.76;E0_1_4600m;5.00;125;126;7.56;28.39
6900.00;7200.00;912.00;26.08;E0_0_4700m;5.00;76;76;4.86;26.43
6900.00;7200.00;1512.00;27.52;E0_1_4700m;5.00;126;127;7.63;28.03
6900.00;7200.00;936.00;25.83;E0_0_4800m;5.00;78;79;5.06;26.16
6900.00;7200.00;1512.00;27.29;E0_1_4800m;5.00;126;127;7.73;27.84
6900.00;7200.00;960.00;26.13;E0_0_4900m;5.00;80;80;5.10;26.45
6900.00;7200.00;1512.00;27.36;E0_1_4900m;5.00;126;127;7.74;27.87
6900.00;7200.00;960.00;26.17;E0_0_5000m;5.00;80;80;5.09;26.46
6900.00;7200.00;1500.00;27.84;E0_1_5000m;5.00;125;125;7.48;28.17
7200.00;7500.00;0.00;-1.00;E0_0_0m;-1.00;0;0;0.00;-1.00
7200.00;7500.00;0.00;-1.00;E0_1_0m;-1.00;0;0;0.00;-1.00
7200.00;7500.00;1356.00;5.18;E0_0_100m;5.00;113;112;36.20;5.23
7200.00;7500.00;1248.00;4.54;E0_1_100m;5.00;104;105;38.37;4.63
7200.00;7500.00;1344.00;5.15;E0_0_200m;5.00;112;112;36.27;5.20
7200.00;7500.00;1260.00;4.52;E0_1_200m;5.00;105;105;38.68;4.61
7200.00;7500.00;1344.00;5.16;E0_0_300m;5.00;112;112;36.21;5.22
7200.00;7500.00;1272.00;4.51;E0_1_300m;5.00;106;105;38.84;4.60
7200.00;7500.00;1356.00;5.11;E0_0_400m;5.00;113;112;36.49;5.18
7200.00;7500.00;1260.00;4.51;E0_1_400m;5.00;105;105;38.79;4.60
7200.00;7500.00;1344.00;5.08;E0_0_500m;5.00;112;111;36.66;5.16
7200.00;7500.00;1260.00;4.50;E0_1_500m;5.00;105;105;38.85;4.60
7200.00;7500.00;1332.00;5.03;E0_0_600m;5.00;111;112;36.88;5.11
7200.00;7500.00;1260.00;4.46;E0_1_600m;5.00;105;105;39.27;4.56
7200.00;7500.00;1344.00;4.97;E0_0_700m;5.00;112;111;37.45;5.05
7200.00;7500.00;1248.00;4.39;E0_1_700m;5.00;104;104;39.49;4.50
7200.00;7500.00;1332.00;4.89;E0_0_800m;5.00;111;110;37.79;4.98
7200.00;7500.00;1236.00;4.33;E0_1_800m;5.00;103;104;39.83;4.43
7200.00;7500.00;1296.00;4.79;E0_0_900m;5.00;108;109;37.84;4.87
7200.00;7500.00;1224.00;4.25;E0_1_900m;5.00;102;102;39.96;4.34
7200.00;7500.00;1284.00;4.67;E0_0_1000m;5.00;107;107;38.18;4.74
7200.00;7500.00;1200.00;4.15;E0_1_1000m;5.00;100;101;40.52;4.22
7200.00;7500.00;1272.00;4.54;E0_0_1100m;5.00;106;106;38.94;4.60
7200.00;7500.00;1188.00;4.04;E0_1_1100m;5.00;99;99;40.86;4.09
7200.00;7500.00;1260.00;4.45;E0_0_1200m;5.00;105;104;39.34;4.50
7200.00;7500.00;1164.00;3.93;E0_1_1200m;5.00;97;98;41.19;3.96
7200.00;7500.00;1248.00;4.36;E0_0_1300m;5.00;104;103;39.63;4.40
7200.00;7500.00;1164.00;3.86;E0_1_1300m;5.00;97;96;41.59;3.88
7200.00;7500.00;1224.00;4.30;E0_0_1400m;5.00;102;103;39.91;4.33
7200.00;7500.00;1140.00;3.79;E0_1_1400m;5.00;95;95;41.78;3.81
7200.00;7500.00;1224.00;4.26;E0_0_1500m;5.00;102;102;40.04;4.28
7200.00;7500.00;1152.00;3.76;E0_1_1500m;5.00;96;95;42.19;3.78
7200.00;7500.00;1224.00;4.24;E0_0_1600m;5.00;102;102;40.08;4.26
7200.00;7500.00;1140.00;3.77;E0_1_1600m;5.00;95;94;41.96;3.79
7200.00;7500.00;1224.00;4.23;E0_0_1700m;5.00;102;102;40.20;4.25
7200.00;7500.00;1140.00;3.77;E0_1_1700m;5.00;95;96;41.97;3.80
7200.00;7500.00;1224.00;4.22;E0_0_1800m;5.00;102;102;40.28;4.25
7200.00;7500.00;1140.00;3.79;E0_1_1800m;5.00;95;95;41.83;3.81
7200.00;7500.00;1224.00;4.22;E0_0_1900m;5.00;102;101;40.25;4.24
7200.00;7500.00;1140.00;3.77;E0_1_1900m;5.00;95;95;41.95;3.80
7200.00;7500.00;1224.00;4.22;E0_0_2000m;5.00;102;102;40.31;4.24
7200.00;7500.00;1128.00;3.77;E0_1_2000m;5.00;94;95;41.67;3.79
7200.00;7500.00;1224.00;4.22;E0_0_2100m;5.00;102;102;40.32;4.25
7200.00;7500.00;1140.00;3.77;E0_1_2100m;5.00;95;94;41.75;3.80
7200.00;7500.00;1224.00;4.24;E0_0_2200m;5.00;102;102;40.11;4.28
7200.00;7500.00;1128.00;3.77;E0_1_2200m;5.00;94;95;42.01;3.80
7200.00;7500.00;1236.00;4.26;E0_0_2300m;5.00;103;102;40.11;4.30
7200.00;7500.00;1128.00;3.76;E0_1_2300m;5.00;94;95;41.68;3.80
7200.00;7500.00;1236.00;4.25;E0_0_2400m;5.00;103;102;40.05;4.30
7200.00;7500.00;1128.00;3.75;E0_1_2400m;5.00;94;95;42.17;3.79
7200.00;7500.00;1224.00;4.23;E0_0_2500m;5.00;102;103;40.42;4.29
7200.00;7500.00;1128.00;3.73;E0_1_2500m;5.00;94;95;42.04;3.77
7200.00;7500.00;1224.00;4.23;E0_0_2600m;5.00;102;103;40.38;4.30
7200.00;7500.00;1128.00;3.73;E0_1_2600m;5.00;94;94;42.01;3.77
7200.00;7500.00;1236.00;4.25;E0_0_2700m;5.00;103;103;40.35;4.35
7200.00;7500.00;1128.00;3.75;E0_1_2700m;5.00;94;94;41.77;3.81
7200.00;7500.00;1236.00;4.28;E0_0_2800m;5.00;103;104;40.16;4.42
7200.00;7500.00;1140.00;3.76;E0_1_2800m;5.00;95;95;41.83;3.84
7200.00;7500.00;1248.00;4.32;E0_0_2900m;5.00;104;105;40.30;4.51
7200.00;7500.00;1140.00;3.76;E0_1_2900m;5.00;95;94;42.10;3.87
7200.00;7500.00;1236.00;4.25;E0_0_3000m;5.00;103;105;41.97;4.94
7200.00;7500.00;1164.00;4.52;E0_1_3000m;5.00;97;97;35.75;4.67
7200.00;7500.00;1224.00;5.22;E0_0_3100m;5.00;102;102;32.54;5.28
7200.00;7500.00;1212.00;5.22;E0_1_3100m;5.00;101;100;32.22;5.28
7200.00;7500.00;1260.00;5.37;E0_0_3200m;5.00;105;104;32.36;5.44
7200.00;7500.00;1212.00;5.36;E0_1_3200m;5.00;101;101;31.38;5.43
7200.00;7500.00;1272.00;5.51;E0_0_3300m;5.00;106;105;31.81;5.65
7200.00;7500.00;1236.00;5.48;E0_1_3300m;5.00;103;103;31.33;5.62
7200.00;7500.00;1284.00;5.63;E0_0_3400m;5.00;107;107;31.69;5.95
7200.00;7500.00;1248.00;5.60;E0_1_3400m;5.00;104;104;30.94;5.96
7200.00;7500.00;1176.00;7.80;E0_0_3500m;5.00;98;103;23.80;8.99
7200.00;7500.00;1332.00;5.35;E0_1_3500m;5.00;111;112;34.68;7.52
7200.00;7500.00;1116.00;12.95;E0_0_3600m;5.00;93;98;12.23;14.38
7200.00;7500.00;1440.00;10.01;E0_1_3600m;5.00;120;122;20.08;11.47
7200.00;7500.00;1224.00;16.34;E0_0_3700m;5.00;102;103;10.47;16.53
7200.00;7500.00;1344.00;13.10;E0_1_3700m;5.00;112;115;14.45;13.27
7200.00;7500.00;1128.00;14.73;E0_0_3800m;5.00;94;95;10.67;15.83
7200.00;7500.00;1404.00;11.82;E0_1_3800m;5.00;117;119;16.61;13.02
7200.00;7500.00;1068.00;15.15;E0_0_3900m;5.00;89;90;9.87;15.78
7200.00;7500.00;1416.00;12.46;E0_1_3900m;5.00;118;119;15.86;12.93
7200.00;7500.00;996.00;15.64;E0_0_4000m;5.00;83;87;9.18;16.70
7200.00;7500.00;1440.00;13.76;E0_1_4000m;5.00;120;125;14.85;15.04
7200.00;7500.00;900.00;24.54;E0_0_4100m;5.00;75;76;5.10;24.67
7200.00;7500.00;1464.00;25.18;E0_1_4100m;5.00;122;122;8.07;25.35
7200.00;7500.00;864.00;27.47;E0_0_4200m;5.00;72;73;4.41;27.73
7200.00;7500.00;1464.00;28.55;E0_1_4200m;5.00;122;122;7.12;28.84
7200.00;7500.00;888.00;27.56;E0_0_4300m;5.00;74;75;4.52;27.85
7200.00;7500.00;1428.00;28.87;E0_1_4300m;5.00;119;119;6.87;29.20
7200.00;7500.00;924.00;27.57;E0_0_4400m;5.00;77;78;4.68;27.84
7200.00;7500.00;1404.00;28.67;E0_1_4400m;5.00;117;117;6.80;29.02
7200.00;7500.00;852.00;27.28;E0_0_4500m;5.00;71;73;4.38;27.51
7200.00;7500.00;1452.00;28.48;E0_1_4500m;5.00;121;121;7.08;28.84
7200.00;7500.00;900.00;26.71;E0_0_4600m;5.00;75;76;4.75;27.11
7200.00;7500.00;1428.00;28.21;E0_1_4600m;5.00;119;119;6.99;28.58
7200.00;7500.00;912.00;26.71;E0_0_4700m;5.00;76;77;4.77;27.02
7200.00;7500.00;1404.00;27.50;E0_1_4700m;5.00;117;117;7.09;27.83
7200.00;7500.00;924.00;26.48;E0_0_4800m;5.00;77;77;4.85;26.84
7200.00;7500.00;1428.00;27.09;E0_1_4800m;5.00;119;119;7.33;27.56
7200.00;7500.00;912.00;26.29;E0_0_4900m;5.00;76;76;4.82;26.58
7200.00;7500.00;1428.00;26.98;E0_1_4900m;5.00;119;119;7.35;27.40
7200.00;7500.00;876.00;26.33;E0_0_5000m;5.00;73;73;4.62;26.59
7200.00;7500.00;1404.00;26.75;E0_1_5000m;5.00;117;117;7.29;27.13
7500.00;7800.00;0.00;-1.00;E0_0_0m;-1.00;0;0;0.00;-1.00
7500.00;7800.00;0.00;-1.00;E0_1_0m;-1.00;0;0;0.00;-1.00
7500.00;7800.00;1224.00;4.29;E0_0_100m;5.00;102;103;39.87;4.29
7500.00;7800.00;1116.00;3.79;E0_1_100m;5.00;93;93;41.01;3.80
7500.00;7800.00;1236.00;4.25;E0_0_200m;5.00;103;103;40.36;4.26
7500.00;7800.00;1116.00;3.76;E0_1_200m;5.00;93;94;41.57;3.77
7500.00;7800.00;1236.00;4.27;E0_0_300m;5.00;103;103;40.22;4.28
7500.00;7800.00;1116.00;3.76;E0_1_300m;5.00;93;94;41.40;3.77
7500.00;7800.00;1224.00;4.27;E0_0_400m;5.00;102;102;39.78;4.29
7500.00;7800.00;1116.00;3.76;E0_1_400m;5.00;93;94;41.48;3.77
7500.00;7800.00;1224.00;4.29;E0_0_500m;5.00;102;103;39.89;4.31
7500.00;7800.00;1116.00;3.77;E0_1_500m;5.00;93;94;41.30;3.77
7500.00;7800.00;1224.00;4.30;E0_0_600m;5.00;102;102;39.61;4.33
7500.00;7800.00;1116.00;3.77;E0_1_600m;5.00;93;94;41.23;3.78
7500.00;7800.00;1224.00;4.32;E0_0_700m;5.00;102;102;39.37;4.34
7500.00;7800.00;1116.00;3.77;E0_1_700m;5.00;93;93;41.09;3.78
7500.00;7800.00;1224.00;4.35;E0_0_800m;5.00;102;103;39.23;4.38
7500.00;7800.00;1128.00;3.78;E0_1_800m;5.00;94;93;41.26;3.79
7500.00;7800.00;1248.00;4.38;E0_0_900m;5.00;104;103;39.35;4.41
7500.00;7800.00;1128.00;3.82;E0_1_900m;5.00;94;95;41.29;3.84
7500.00;7800.00;1248.00;4.44;E0_0_1000m;5.00;104;105;39.20;4.46
7500.00;7800.00;1152.00;3.87;E0_1_1000m;5.00;96;95;41.03;3.89
7500.00;7800.00;1260.00;4.50;E0_0_1100m;5.00;105;105;38.91;4.52
7500.00;7800.00;1152.00;3.93;E0_1_1100m;5.00;96;97;40.76;3.97
7500.00;7800.00;1260.00;4.55;E0_0_1200m;5.00;105;106;38.48;4.57
7500.00;7800.00;1176.00;4.00;E0_1_1200m;5.00;98;97;40.84;4.03
7500.00;7800.00;1260.00;4.61;E0_0_1300m;5.00;105;106;38.04;4.63
7500.00;7800.00;1176.00;4.05;E0_1_1300m;5.00;98;98;40.31;4.08
7500.00;7800.00;1284.00;4.66;E0_0_1400m;5.00;107;106;37.94;4.67
7500.00;7800.00;1188.00;4.10;E0_1_1400m;5.00;99;99;40.25;4.13
7500.00;7800.00;1284.00;4.70;E0_0_1500m;5.00;107;107;37.91;4.71
7500.00;7800.00;1188.00;4.14;E0_1_1500m;5.00;99;100;39.97;4.17
7500.00;7800.00;1284.00;4.75;E0_0_1600m;5.00;107;107;37.57;4.76
7500.00;7800.00;1200.00;4.14;E0_1_1600m;5.00;100;101;40.32;4.16
7500.00;7800.00;1296.00;4.80;E0_0_1700m;5.00;108;108;37.50;4.81
7500.00;7800.00;1200.00;4.14;E0_1_1700m;5.00;100;99;40.25;4.17
7500.00;7800.00;1308.00;4.85;E0_0_1800m;5.00;109;109;37.45;4.86
7500.00;7800.00;1200.00;4.16;E0_1_1800m;5.00;100;100;40.10;4.19
7500.00;7800.00;1308.00;4.88;E0_0_1900m;5.00;109;110;37.42;4.89
7500.00;7800.00;1212.00;4.18;E0_1_1900m;5.00;101;101;40.32;4.20
7500.00;7800.00;1320.00;4.92;E0_0_2000m;5.00;110;111;37.49;4.94
7500.00;7800.00;1224.00;4.21;E0_1_2000m;5.00;102;101;40.27;4.24
7500.00;7800.00;1332.00;4.95;E0_0_2100m;5.00;111;112;37.65;4.96
7500.00;7800.00;1224.00;4.26;E0_1_2100m;5.00;102;103;39.88;4.29
7500.00;7800.00;1344.00;4.96;E0_0_2200m;5.00;112;111;37.41;4.98
7500.00;7800.00;1248.00;4.31;E0_1_2200m;5.00;104;103;39.84;4.34
7500.00;7800.00;1332.00;4.96;E0_0_2300m;5.00;111;111;37.30;4.98
7500.00;7800.00;1248.00;4.35;E0_1_2300m;5.00;104;104;40.00;4.39
7500.00;7800.00;1344.00;4.96;E0_0_2400m;5.00;112;112;37.60;4.98
7500.00;7800.00;1260.00;4.38;E0_1_2400m;5.00;105;104;39.54;4.43
7500.00;7800.00;1344.00;4.98;E0_0_2500m;5.00;112;111;37.21;5.00
7500.00;7800.00;1260.00;4.42;E0_1_2500m;5.00;105;104;39.57;4.47
7500.00;7800.00;1344.00;4.99;E0_0_2600m;5.00;112;112;37.30;5.01
7500.00;7800.00;1248.00;4.40;E0_1_2600m;5.00;104;105;39.85;4.47
7500.00;7800.00;1344.00;4.96;E0_0_2700m;5.00;112;112;37.62;5.00
7500.00;7800.00;1248.00;4.32;E0_1_2700m;5.00;104;104;40.08;4.43
7500.00;7800.00;1344.00;4.95;E0_0_2800m;5.00;112;111;37.65;5.00
7500.00;7800.00;1236.00;4.31;E0_1_2800m;5.00;103;103;39.90;4.46
7500.00;7800.00;1344.00;4.99;E0_0_2900m;5.00;112;112;37.46;5.08
7500.00;7800.00;1248.00;4.37;E0_1_2900m;5.00;104;104;39.64;4.59
7500.00;7800.00;1308.00;5.05;E0_0_3000m;5.00;109;112;38.17;5.44
7500.00;7800.00;1284.00;5.03;E0_1_3000m;5.00;107;107;35.47;5.25
7500.00;7800.00;1284.00;6.14;E0_0_3100m;5.00;107;108;29.30;6.21
7500.00;7800.00;1308.00;6.17;E0_1_3100m;5.00;109;109;29.43;6.25
7500.00;7800.00;1272.00;6.05;E0_0_3200m;5.00;106;106;29.18;6.16
7500.00;7800.00;1308.00;6.09;E0_1_3200m;5.00;109;109;29.85;6.20
7500.00;7800.00;1284.00;6.12;E0_0_3300m;5.00;107;107;29.14;6.27
7500.00;7800.00;1296.00;6.03;E0_1_3300m;5.00;108;109;29.87;6.20
7500.00;7800.00;1308.00;5.99;E0_0_3400m;5.00;109;109;30.35;6.34
7500.00;7800.00;1320.00;5.87;E0_1_3400m;5.00;110;110;31.21;6.28
7500.00;7800.00;1284.00;7.83;E0_0_3500m;5.00;107;111;25.31;9.23
7500.00;7800.00;1404.00;5.65;E0_1_3500m;5.00;117;116;34.41;7.75
7500.00;7800.00;1200.00;15.74;E0_0_3600m;5.00;100;101;10.63;15.84
7500.00;7800.00;1464.00;12.36;E0_1_3600m;5.00;122;123;16.48;12.53
7500.00;7800.00;1140.00;16.03;E0_0_3700m;5.00;95;98;10.08;16.18
7500.00;7800.00;1476.00;13.08;E0_1_3700m;5.00;123;125;15.76;13.41
7500.00;7800.00;1092.00;15.47;E0_0_3800m;5.00;91;94;10.02;16.00
7500.00;7800.00;1500.00;12.41;E0_1_3800m;5.00;125;127;16.87;13.16
7500.00;7800.00;1092.00;15.84;E0_0_3900m;5.00;91;93;9.62;16.07
7500.00;7800.00;1524.00;13.05;E0_1_3900m;5.00;127;128;16.27;13.41
7500.00;7800.00;1104.00;17.18;E0_0_4000m;5.00;92;95;9.04;17.32
7500.00;7800.00;1548.00;15.07;E0_1_4000m;5.00;129;130;14.35;15.64
7500.00;7800.00;1092.00;24.63;E0_0_4100m;5.00;91;92;6.19;24.75
7500.00;7800.00;1596.00;25.25;E0_1_4100m;5.00;133;133;8.78;25.37
7500.00;7800.00;1092.00;26.37;E0_0_4200m;5.00;91;92;5.78;26.59
7500.00;7800.00;1620.00;27.50;E0_1_4200m;5.00;135;136;8.20;27.83
7500.00;7800.00;1092.00;26.48;E0_0_4300m;5.00;91;91;5.73;26.70
7500.00;7800.00;1596.00;27.71;E0_1_4300m;5.00;133;134;8.02;27.97
7500.00;7800.00;1092.00;26.34;E0_0_4400m;5.00;91;91;5.76;26.55
7500.00;7800.00;1596.00;27.38;E0_1_4400m;5.00;133;134;8.13;27.65
7500.00;7800.00;1092.00;26.20;E0_0_4500m;5.00;91;91;5.79;26.42
7500.00;7800.00;1608.00;27.07;E0_1_4500m;5.00;134;134;8.25;27.33
7500.00;7800.00;1092.00;25.82;E0_0_4600m;5.00;91;91;5.87;26.08
7500.00;7800.00;1596.00;26.68;E0_1_4600m;5.00;133;134;8.36;26.95
7500.00;7800.00;1092.00;25.55;E0_0_4700m;5.00;91;91;5.94;25.82
7500.00;7800.00;1632.00;26.62;E0_1_4700m;5.00;136;137;8.53;26.85
7500.00;7800.00;1092.00;25.01;E0_0_4800m;5.00;91;92;6.10;25.28
7500.00;7800.00;1584.00;26.10;E0_1_4800m;5.00;132;132;8.43;26.30
7500.00;7800.00;1080.00;25.50;E0_0_4900m;5.00;90;90;5.88;25.69
7500.00;7800.00;1596.00;26.41;E0_1_4900m;5.00;133;133;8.39;26.59
7500.00;7800.00;1092.00;26.23;E0_0_5000m;5.00;91;91;5.78;26.41
7500.00;7800.00;1584.00;27.09;E0_1_5000m;5.00;132;132;8.12;27.27
