interval_begin;interval_end;interval_flow;interval_harmonicMeanSpeed;interval_id;interval_length;interval_nVehContrib;interval_nVehEntered;interval_occupancy;interval_speed
0.00;300.00;0.00;-1.00;E0_0_0m;-1.00;0;0;0.00;-1.00
0.00;300.00;0.00;-1.00;E0_1_0m;-1.00;0;0;0.00;-1.00
0.00;300.00;1608.00;27.28;E0_0_100m;5.00;134;134;8.19;27.45
0.00;300.00;2076.00;28.62;E0_1_100m;5.00;173;173;10.07;28.80
0.00;300.00;1644.00;26.88;E0_0_200m;5.00;137;137;8.50;27.06
0.00;300.00;1980.00;28.37;E0_1_200m;5.00;165;166;9.73;28.62
0.00;300.00;1572.00;26.66;E0_0_300m;5.00;131;131;8.19;26.85
0.00;300.00;1980.00;28.15;E0_1_300m;5.00;165;165;9.77;28.42
0.00;300.00;1536.00;26.56;E0_0_400m;5.00;128;129;8.09;26.76
0.00;300.00;1944.00;27.96;E0_1_400m;5.00;162;164;9.72;28.23
0.00;300.00;1488.00;26.54;E0_0_500m;5.00;124;124;7.79;26.71
0.00;300.00;1944.00;27.96;E0_1_500m;5.00;162;162;9.66;28.21
0.00;300.00;1464.00;26.64;E0_0_600m;5.00;122;122;7.63;26.80
0.00;300.00;1908.00;28.05;E0_1_600m;5.00;159;159;9.45;28.28
0.00;300.00;1452.00;26.68;E0_0_700m;5.00;121;121;7.56;26.84
0.00;300.00;1848.00;28.24;E0_1_700m;5.00;154;155;9.12;28.45
0.00;300.00;1416.00;26.74;E0_0_800m;5.00;118;119;7.40;26.90
0.00;300.00;1812.00;28.37;E0_1_800m;5.00;151;151;8.87;28.57
0.00;300.00;1392.00;26.81;E0_0_900m;5.00;116;116;7.21;26.95
0.00;300.00;1764.00;28.52;E0_1_900m;5.00;147;147;8.59;28.71
0.00;300.00;1344.00;26.86;E0_0_1000m;5.00;112;112;6.95;26.99
0.00;300.00;1740.00;28.59;E0_1_1000m;5.00;145;145;8.45;28.75
0.00;300.00;1344.00;26.72;E0_0_1100m;5.00;112;112;6.99;26.85
0.00;300.00;1728.00;28.54;E0_1_1100m;5.00;144;144;8.41;28.69
0.00;300.00;1320.00;26.49;E0_0_1200m;5.00;110;112;7.01;26.61
0.00;300.00;1752.00;28.54;E0_1_1200m;5.00;146;146;8.53;28.71
0.00;300.00;1320.00;26.33;E0_0_1300m;5.00;110;110;6.96;26.44
0.00;300.00;1728.00;28.43;E0_1_1300m;5.00;144;144;8.44;28.58
0.00;300.00;1308.00;26.51;E0_0_1400m;5.00;109;109;6.85;26.63
0.00;300.00;1740.00;28.33;E0_1_1400m;5.00;145;145;8.53;28.49
0.00;300.00;1296.00;26.38;E0_0_1500m;5.00;108;108;6.82;26.49
0.00;300.00;1716.00;28.22;E0_1_1500m;5.00;143;143;8.45;28.37
0.00;300.00;1260.00;26.37;E0_0_1600m;5.00;105;106;6.64;26.48
0.00;300.00;1692.00;27.93;E0_1_1600m;5.00;141;141;8.41;28.13
0.00;300.00;1224.00;26.27;E0_0_1700m;5.00;102;102;6.47;26.38
0.00;300.00;1680.00;27.94;E0_1_1700m;5.00;140;140;8.35;28.10
0.00;300.00;1188.00;26.09;E0_0_1800m;5.00;99;99;6.33;26.19
0.00;300.00;1644.00;27.89;E0_1_1800m;5.00;137;137;8.19;28.06
0.00;300.00;1164.00;25.89;E0_0_1900m;5.00;97;97;6.25;26.00
0.00;300.00;1620.00;27.88;E0_1_1900m;5.00;135;136;8.11;28.06
0.00;300.00;1152.00;25.92;E0_0_2000m;5.00;96;96;6.17;26.04
0.00;300.00;1608.00;27.86;E0_1_2000m;5.00;134;134;8.02;28.05
0.00;300.00;1188.00;25.91;E0_0_2100m;5.00;99;99;6.37;26.06
0.00;300.00;1560.00;27.88;E0_1_2100m;5.00;130;131;7.78;28.09
0.00;300.00;1176.00;26.03;E0_0_2200m;5.00;98;98;6.28;26.16
0.00;300.00;1560.00;27.87;E0_1_2200m;5.00;130;130;7.77;28.09
0.00;300.00;1164.00;26.11;E0_0_2300m;5.00;97;97;6.19;26.25
0.00;300.00;1524.00;27.73;E0_1_2300m;5.00;127;127;7.63;27.93
0.00;300.00;1140.00;26.19;E0_0_2400m;5.00;95;95;6.05;26.32
0.00;300.00;1488.00;27.62;E0_1_2400m;5.00;124;124;7.48;27.80
0.00;300.00;1104.00;26.39;E0_0_2500m;5.00;92;92;5.81;26.53
0.00;300.00;1464.00;27.53;E0_1_2500m;5.00;122;123;7.43;27.70
0.00;300.00;1080.00;26.42;E0_0_2600m;5.00;90;90;5.68;26.56
0.00;300.00;1440.00;27.58;E0_1_2600m;5.00;120;120;7.25;27.74
0.00;300.00;1116.00;26.36;E0_0_2700m;5.00;93;93;5.88;26.49
0.00;300.00;1380.00;27.74;E0_1_2700m;5.00;115;115;6.91;27.91
0.00;300.00;1092.00;26.32;E0_0_2800m;5.00;91;91;5.76;26.45
0.00;300.00;1356.00;27.72;E0_1_2800m;5.00;113;113;6.79;27.89
0.00;300.00;1080.00;26.35;E0_0_2900m;5.00;90;90;5.69;26.48
0.00;300.00;1344.00;27.63;E0_1_2900m;5.00;112;112;6.76;27.82
0.00;300.00;1044.00;26.38;E0_0_3000m;5.00;87;87;5.50;26.51
0.00;300.00;1344.00;27.64;E0_1_3000m;5.00;112;112;6.75;27.83
0.00;300.00;1032.00;26.34;E0_0_3100m;5.00;86;86;5.44;26.47
0.00;300.00;1308.00;27.59;E0_1_3100m;5.00;109;109;6.58;27.78
0.00;300.00;1020.00;26.39;E0_0_3200m;5.00;85;85;5.37;26.53
0.00;300.00;1260.00;27.51;E0_1_3200m;5.00;105;106;6.37;27.68
0.00;300.00;984.00;26.23;E0_0_3300m;5.00;82;82;5.21;26.36
0.00;300.00;1248.00;27.40;E0_1_3300m;5.00;104;104;6.33;27.56
0.00;300.00;948.00;26.23;E0_0_3400m;5.00;79;79;5.02;26.36
0.00;300.00;1224.00;27.31;E0_1_3400m;5.00;102;102;6.23;27.45
0.00;300.00;924.00;26.22;E0_0_3500m;5.00;77;77;4.89;26.37
0.00;300.00;1188.00;27.22;E0_1_3500m;5.00;99;99;6.06;27.34
0.00;300.00;900.00;26.20;E0_0_3600m;5.00;75;75;4.77;26.35
0.00;300.00;1152.00;27.20;E0_1_3600m;5.00;96;96;5.88;27.31
0.00;300.00;852.00;26.22;E0_0_3700m;5.00;71;71;4.51;26.37
0.00;300.00;1128.00;27.19;E0_1_3700m;5.00;94;94;5.76;27.29
0.00;300.00;840.00;26.37;E0_0_3800m;5.00;70;70;4.42;26.53
0.00;300.00;1080.00;27.31;E0_1_3800m;5.00;90;90;5.49;27.42
0.00;300.00;840.00;26.49;E0_0_3900m;5.00;70;70;4.40;26.66
0.00;300.00;1032.00;27.39;E0_1_3900m;5.00;86;86;5.23;27.52
0.00;300.00;816.00;26.40;E0_0_4000m;5.00;68;68;4.29;26.55
0.00;300.00;996.00;27.58;E0_1_4000m;5.00;83;83;5.02;27.74
0.00;300.00;816.00;26.29;E0_0_4100m;5.00;68;68;4.31;26.45
0.00;300.00;972.00;27.70;E0_1_4100m;5.00;81;82;4.90;27.87
0.00;300.00;828.00;26.19;E0_0_4200m;5.00;69;69;4.39;26.36
0.00;300.00;960.00;27.90;E0_1_4200m;5.00;80;80;4.78;28.07
0.00;300.00;840.00;26.15;E0_0_4300m;5.00;70;71;4.48;26.32
0.00;300.00;936.00;28.01;E0_1_4300m;5.00;78;78;4.64;28.19
0.00;300.00;816.00;26.02;E0_0_4400m;5.00;68;68;4.36;26.18
0.00;300.00;924.00;28.03;E0_1_4400m;5.00;77;77;4.58;28.20
0.00;300.00;804.00;26.00;E0_0_4500m;5.00;67;67;4.29;26.17
0.00;300.00;900.00;28.11;E0_1_4500m;5.00;75;75;4.45;28.27
0.00;300.00;780.00;25.89;E0_0_4600m;5.00;65;65;4.19;26.04
0.00;300.00;864.00;28.36;E0_1_4600m;5.00;72;72;4.23;28.53
0.00;300.00;768.00;25.85;E0_0_4700m;5.00;64;64;4.13;26.01
0.00;300.00;816.00;28.53;E0_1_4700m;5.00;68;68;3.97;28.72
0.00;300.00;732.00;25.83;E0_0_4800m;5.00;61;61;3.94;26.00
0.00;300.00;780.00;28.52;E0_1_4800m;5.00;65;65;3.80;28.71
0.00;300.00;708.00;25.85;E0_0_4900m;5.00;59;59;3.80;26.02
0.00;300.00;756.00;28.53;E0_1_4900m;5.00;63;63;3.68;28.74
0.00;300.00;672.00;26.03;E0_0_5000m;5.00;56;56;3.59;26.21
0.00;300.00;720.00;28.49;E0_1_5000m;5.00;60;60;3.51;28.75
300.00;600.00;0.00;-1.00;E0_0_0m;-1.00;0;0;0.00;-1.00
300.00;600.00;0.00;-1.00;E0_1_0m;-1.00;0;0;0.00;-1.00
300.00;600.00;1860.00;25.63;E0_0_100m;5.00;155;157;10.13;25.78
300.00;600.00;2448.00;26.97;E0_1_100m;5.00;204;204;12.61;27.11
300.00;600.00;1932.00;25.58;E0_0_200m;5.00;161;161;10.49;25.73
300.00;600.00;2388.00;27.69;E0_1_200m;5.00;199;199;11.98;27.89
300.00;600.00;1932.00;25.55;E0_0_300m;5.00;161;161;10.50;25.69
300.00;600.00;2400.00;27.65;E0_1_300m;5.00;200;200;12.06;27.82
300.00;600.00;1932.00;25.48;E0_0_400m;5.00;161;160;10.47;25.64
300.00;600.00;2424.00;27.52;E0_1_400m;5.00;202;201;12.18;27.67
300.00;600.00;1944.00;25.40;E0_0_500m;5.00;162;162;10.63;25.56
300.00;600.00;2388.00;27.41;E0_1_500m;5.00;199;200;12.10;27.55
300.00;600.00;1920.00;25.27;E0_0_600m;5.00;160;160;10.55;25.42
300.00;600.00;2400.00;27.24;E0_1_600m;5.00;200;200;12.24;27.39
300.00;600.00;1932.00;25.12;E0_0_700m;5.00;161;162;10.72;25.22
300.00;600.00;2388.00;27.04;E0_1_700m;5.00;199;199;12.26;27.21
300.00;600.00;1920.00;24.81;E0_0_800m;5.00;160;160;10.75;24.91
300.00;600.00;2412.00;26.83;E0_1_800m;5.00;201;201;12.49;27.02
300.00;600.00;1944.00;24.44;E0_0_900m;5.00;162;162;11.05;24.53
300.00;600.00;2412.00;26.47;E0_1_900m;5.00;201;201;12.66;26.68
300.00;600.00;1944.00;24.06;E0_0_1000m;5.00;162;163;11.29;24.16
300.00;600.00;2412.00;26.09;E0_1_1000m;5.00;201;201;12.84;26.32
300.00;600.00;1896.00;23.91;E0_0_1100m;5.00;158;159;11.08;24.02
300.00;600.00;2400.00;25.79;E0_1_1100m;5.00;200;200;12.92;26.04
300.00;600.00;1872.00;23.78;E0_0_1200m;5.00;156;156;10.93;23.89
300.00;600.00;2364.00;25.53;E0_1_1200m;5.00;197;197;12.86;25.80
300.00;600.00;1848.00;23.84;E0_0_1300m;5.00;154;154;10.77;23.95
300.00;600.00;2328.00;25.35;E0_1_1300m;5.00;194;194;12.75;25.64
300.00;600.00;1800.00;23.80;E0_0_1400m;5.00;150;150;10.51;23.89
300.00;600.00;2304.00;25.22;E0_1_1400m;5.00;192;192;12.69;25.52
300.00;600.00;1788.00;23.81;E0_0_1500m;5.00;149;149;10.43;23.90
300.00;600.00;2292.00;25.11;E0_1_1500m;5.00;191;191;12.68;25.44
300.00;600.00;1776.00;23.85;E0_0_1600m;5.00;148;148;10.34;23.95
300.00;600.00;2304.00;25.06;E0_1_1600m;5.00;192;192;12.77;25.38
300.00;600.00;1824.00;23.89;E0_0_1700m;5.00;152;152;10.61;24.00
300.00;600.00;2292.00;25.01;E0_1_1700m;5.00;191;191;12.73;25.32
300.00;600.00;1860.00;23.94;E0_0_1800m;5.00;155;156;10.83;24.04
300.00;600.00;2292.00;24.87;E0_1_1800m;5.00;191;191;12.80;25.15
300.00;600.00;1860.00;23.87;E0_0_1900m;5.00;155;155;10.82;23.97
300.00;600.00;2304.00;24.74;E0_1_1900m;5.00;192;191;12.89;25.00
300.00;600.00;1836.00;23.71;E0_0_2000m;5.00;153;153;10.75;23.82
300.00;600.00;2304.00;24.60;E0_1_2000m;5.00;192;192;13.01;24.83
300.00;600.00;1836.00;23.47;E0_0_2100m;5.00;153;153;10.86;23.60
300.00;600.00;2268.00;24.43;E0_1_2100m;5.00;189;189;12.90;24.64
300.00;600.00;1824.00;23.41;E0_0_2200m;5.00;152;152;10.82;23.54
300.00;600.00;2268.00;24.31;E0_1_2200m;5.00;189;189;12.96;24.50
300.00;600.00;1860.00;23.51;E0_0_2300m;5.00;155;155;10.99;23.62
300.00;600.00;2256.00;24.21;E0_1_2300m;5.00;188;188;12.94;24.41
300.00;600.00;1896.00;23.60;E0_0_2400m;5.00;158;158;11.16;23.69
300.00;600.00;2244.00;24.07;E0_1_2400m;5.00;187;187;12.95;24.24
300.00;600.00;1932.00;23.48;E0_0_2500m;5.00;161;161;11.43;23.56
300.00;600.00;2256.00;24.04;E0_1_2500m;5.00;188;187;12.98;24.22
300.00;600.00;1944.00;23.32;E0_0_2600m;5.00;162;162;11.58;23.40
300.00;600.00;2256.00;23.97;E0_1_2600m;5.00;188;188;13.07;24.15
300.00;600.00;1908.00;23.13;E0_0_2700m;5.00;159;159;11.46;23.22
300.00;600.00;2256.00;23.97;E0_1_2700m;5.00;188;188;13.07;24.15
300.00;600.00;1884.00;23.10;E0_0_2800m;5.00;157;158;11.35;23.21
300.00;600.00;2244.00;23.94;E0_1_2800m;5.00;187;187;13.02;24.13
300.00;600.00;1848.00;23.34;E0_0_2900m;5.00;154;155;11.04;23.43
300.00;600.00;2232.00;23.89;E0_1_2900m;5.00;186;186;12.98;24.07
300.00;600.00;1836.00;23.46;E0_0_3000m;5.00;153;154;10.93;23.54
300.00;600.00;2208.00;23.92;E0_1_3000m;5.00;184;184;12.82;24.11
300.00;600.00;1836.00;23.57;E0_0_3100m;5.00;153;154;10.89;23.66
300.00;600.00;2184.00;23.96;E0_1_3100m;5.00;182;183;12.67;24.17
300.00;600.00;1848.00;23.66;E0_0_3200m;5.00;154;155;10.85;23.78
300.00;600.00;2160.00;23.98;E0_1_3200m;5.00;180;180;12.55;24.20
300.00;600.00;1848.00;23.78;E0_0_3300m;5.00;154;154;10.79;23.90
300.00;600.00;2172.00;24.03;E0_1_3300m;5.00;181;181;12.55;24.25
300.00;600.00;1824.00;23.82;E0_0_3400m;5.00;152;154;10.73;23.94
300.00;600.00;2184.00;24.18;E0_1_3400m;5.00;182;182;12.54;24.47
300.00;600.00;1836.00;23.78;E0_0_3500m;5.00;153;153;10.72;23.90
300.00;600.00;2160.00;24.20;E0_1_3500m;5.00;180;181;12.46;24.42
300.00;600.00;1824.00;23.81;E0_0_3600m;5.00;152;153;10.69;23.93
300.00;600.00;2148.00;24.17;E0_1_3600m;5.00;179;180;12.39;24.39
300.00;600.00;1836.00;23.77;E0_0_3700m;5.00;153;153;10.73;23.88
300.00;600.00;2148.00;24.11;E0_1_3700m;5.00;179;180;12.40;24.32
300.00;600.00;1800.00;23.61;E0_0_3800m;5.00;150;150;10.59;23.72
300.00;600.00;2172.00;24.10;E0_1_3800m;5.00;181;181;12.52;24.29
300.00;600.00;1776.00;23.42;E0_0_3900m;5.00;148;148;10.53;23.56
300.00;600.00;2172.00;24.06;E0_1_3900m;5.00;181;181;12.54;24.24
300.00;600.00;1776.00;23.33;E0_0_4000m;5.00;148;148;10.57;23.46
300.00;600.00;2184.00;24.03;E0_1_4000m;5.00;182;182;12.62;24.19
300.00;600.00;1776.00;23.28;E0_0_4100m;5.00;148;148;10.60;23.42
300.00;600.00;2160.00;24.03;E0_1_4100m;5.00;180;180;12.48;24.18
300.00;600.00;1752.00;23.41;E0_0_4200m;5.00;146;146;10.39;23.54
300.00;600.00;2124.00;24.03;E0_1_4200m;5.00;177;177;12.28;24.17
300.00;600.00;1740.00;23.70;E0_0_4300m;5.00;145;144;10.18;23.80
300.00;600.00;2076.00;24.00;E0_1_4300m;5.00;173;173;12.01;24.14
300.00;600.00;1704.00;23.79;E0_0_4400m;5.00;142;142;9.95;23.89
300.00;600.00;2076.00;24.09;E0_1_4400m;5.00;173;173;11.97;24.23
300.00;600.00;1668.00;23.90;E0_0_4500m;5.00;139;139;9.69;24.00
300.00;600.00;2076.00;24.18;E0_1_4500m;5.00;173;173;11.93;24.32
300.00;600.00;1680.00;24.00;E0_0_4600m;5.00;140;140;9.72;24.10
300.00;600.00;2076.00;24.28;E0_1_4600m;5.00;173;173;11.87;24.43
300.00;600.00;1668.00;24.07;E0_0_4700m;5.00;139;139;9.62;24.17
300.00;600.00;2064.00;24.36;E0_1_4700m;5.00;172;173;11.80;24.50
300.00;600.00;1680.00;24.12;E0_0_4800m;5.00;140;140;9.67;24.22
300.00;600.00;2064.00;24.47;E0_1_4800m;5.00;172;173;11.75;24.62
300.00;600.00;1692.00;24.12;E0_0_4900m;5.00;141;141;9.74;24.21
300.00;600.00;2052.00;24.58;E0_1_4900m;5.00;171;171;11.59;24.73
300.00;600.00;1704.00;24.05;E0_0_5000m;5.00;142;142;9.84;24.14
300.00;600.00;2052.00;24.75;E0_1_5000m;5.00;171;171;11.52;24.91
600.00;900.00;0.00;-1.00;E0_0_0m;-1.00;0;0;0.00;-1.00
600.00;900.00;0.00;-1.00;E0_1_0m;-1.00;0;0;0.00;-1.00
600.00;900.00;1812.00;26.72;E0_0_100m;5.00;151;150;9.37;26.85
600.00;900.00;1908.00;28.91;E0_1_100m;5.00;159;159;9.17;29.05
600.00;900.00;1836.00;26.74;E0_0_200m;5.00;153;153;9.54;26.88
600.00;900.00;1896.00;29.17;E0_1_200m;5.00;158;158;9.03;29.36
600.00;900.00;1812.00;26.51;E0_0_300m;5.00;151;151;9.49;26.64
600.00;900.00;1920.00;28.90;E0_1_300m;5.00;160;160;9.23;29.09
600.00;900.00;1752.00;26.36;E0_0_400m;5.00;146;146;9.23;26.50
600.00;900.00;1980.00;28.57;E0_1_400m;5.00;165;165;9.62;28.74
600.00;900.00;1776.00;26.20;E0_0_500m;5.00;148;148;9.41;26.36
600.00;900.00;1980.00;28.47;E0_1_500m;5.00;165;165;9.66;28.64
600.00;900.00;1728.00;25.95;E0_0_600m;5.00;144;144;9.25;26.11
600.00;900.00;2040.00;28.37;E0_1_600m;5.00;170;170;9.99;28.54
600.00;900.00;1692.00;25.85;E0_0_700m;5.00;141;141;9.09;26.02
600.00;900.00;2076.00;28.36;E0_1_700m;5.00;173;173;10.17;28.52
600.00;900.00;1680.00;25.74;E0_0_800m;5.00;140;140;9.06;25.91
600.00;900.00;2076.00;28.40;E0_1_800m;5.00;173;173;10.15;28.53
600.00;900.00;1680.00;25.59;E0_0_900m;5.00;140;140;9.12;25.75
600.00;900.00;2064.00;28.52;E0_1_900m;5.00;172;172;10.05;28.64
600.00;900.00;1680.00;25.59;E0_0_1000m;5.00;140;139;9.06;25.75
600.00;900.00;2100.00;28.49;E0_1_1000m;5.00;175;175;10.24;28.61
600.00;900.00;1680.00;25.54;E0_0_1100m;5.00;140;139;9.07;25.70
600.00;900.00;2172.00;28.39;E0_1_1100m;5.00;181;181;10.63;28.50
600.00;900.00;1668.00;25.37;E0_0_1200m;5.00;139;139;9.13;25.53
600.00;900.00;2196.00;28.37;E0_1_1200m;5.00;183;183;10.75;28.47
600.00;900.00;1668.00;25.28;E0_0_1300m;5.00;139;139;9.16;25.45
600.00;900.00;2244.00;28.30;E0_1_1300m;5.00;187;187;11.01;28.40
600.00;900.00;1680.00;25.15;E0_0_1400m;5.00;140;141;9.31;25.33
600.00;900.00;2268.00;28.27;E0_1_1400m;5.00;189;189;11.14;28.37
600.00;900.00;1692.00;25.02;E0_0_1500m;5.00;141;141;9.39;25.18
600.00;900.00;2268.00;28.24;E0_1_1500m;5.00;189;189;11.16;28.33
600.00;900.00;1668.00;24.96;E0_0_1600m;5.00;139;139;9.28;25.12
600.00;900.00;2292.00;28.22;E0_1_1600m;5.00;191;191;11.28;28.31
600.00;900.00;1656.00;24.92;E0_0_1700m;5.00;138;138;9.23;25.09
600.00;900.00;2268.00;28.24;E0_1_1700m;5.00;189;189;11.16;28.32
600.00;900.00;1668.00;24.94;E0_0_1800m;5.00;139;138;9.25;25.10
600.00;900.00;2244.00;28.28;E0_1_1800m;5.00;187;188;11.05;28.36
600.00;900.00;1644.00;25.00;E0_0_1900m;5.00;137;137;9.13;25.16
600.00;900.00;2256.00;28.27;E0_1_1900m;5.00;188;188;11.08;28.33
600.00;900.00;1680.00;25.07;E0_0_2000m;5.00;140;140;9.31;25.23
600.00;900.00;2232.00;28.30;E0_1_2000m;5.00;186;186;10.96;28.35
600.00;900.00;1716.00;25.25;E0_0_2100m;5.00;143;143;9.44;25.43
600.00;900.00;2208.00;28.29;E0_1_2100m;5.00;184;184;10.84;28.34
600.00;900.00;1704.00;25.27;E0_0_2200m;5.00;142;142;9.37;25.45
600.00;900.00;2208.00;28.22;E0_1_2200m;5.00;184;184;10.87;28.28
600.00;900.00;1704.00;25.07;E0_0_2300m;5.00;142;142;9.44;25.24
600.00;900.00;2184.00;28.16;E0_1_2300m;5.00;182;183;10.79;28.21
600.00;900.00;1692.00;25.03;E0_0_2400m;5.00;141;141;9.39;25.19
600.00;900.00;2196.00;28.10;E0_1_2400m;5.00;183;183;10.85;28.15
600.00;900.00;1680.00;24.93;E0_0_2500m;5.00;140;140;9.36;25.09
600.00;900.00;2148.00;28.04;E0_1_2500m;5.00;179;179;10.64;28.10
600.00;900.00;1644.00;24.94;E0_0_2600m;5.00;137;137;9.16;25.09
600.00;900.00;2148.00;28.05;E0_1_2600m;5.00;179;179;10.64;28.10
600.00;900.00;1656.00;25.02;E0_0_2700m;5.00;138;138;9.19;25.19
600.00;900.00;2124.00;28.15;E0_1_2700m;5.00;177;178;10.52;28.21
600.00;900.00;1692.00;24.91;E0_0_2800m;5.00;141;140;9.41;25.07
600.00;900.00;2112.00;28.21;E0_1_2800m;5.00;176;176;10.40;28.27
600.00;900.00;1728.00;24.92;E0_0_2900m;5.00;144;144;9.63;25.08
600.00;900.00;2088.00;28.24;E0_1_2900m;5.00;174;174;10.27;28.33
600.00;900.00;1776.00;24.96;E0_0_3000m;5.00;148;147;9.82;25.12
600.00;900.00;2064.00;28.17;E0_1_3000m;5.00;172;173;10.23;28.28
600.00;900.00;1776.00;24.72;E0_0_3100m;5.00;148;147;9.91;24.89
600.00;900.00;2088.00;27.98;E0_1_3100m;5.00;174;173;10.36;28.11
600.00;900.00;1788.00;24.58;E0_0_3200m;5.00;149;148;10.10;24.75
600.00;900.00;2100.00;27.80;E0_1_3200m;5.00;175;174;10.45;27.95
600.00;900.00;1800.00;24.53;E0_0_3300m;5.00;150;150;10.19;24.67
600.00;900.00;2124.00;27.71;E0_1_3300m;5.00;177;177;10.65;27.88
600.00;900.00;1800.00;24.44;E0_0_3400m;5.00;150;149;10.20;24.57
600.00;900.00;2184.00;27.66;E0_1_3400m;5.00;182;182;10.97;27.85
600.00;900.00;1812.00;24.39;E0_0_3500m;5.00;151;152;10.33;24.52
600.00;900.00;2196.00;27.61;E0_1_3500m;5.00;183;182;10.98;27.82
600.00;900.00;1848.00;24.37;E0_0_3600m;5.00;154;153;10.48;24.50
600.00;900.00;2196.00;27.47;E0_1_3600m;5.00;183;182;11.06;27.68
600.00;900.00;1836.00;24.40;E0_0_3700m;5.00;153;153;10.45;24.54
600.00;900.00;2208.00;27.33;E0_1_3700m;5.00;184;183;11.19;27.55
600.00;900.00;1836.00;24.44;E0_0_3800m;5.00;153;153;10.43;24.57
600.00;900.00;2220.00;27.19;E0_1_3800m;5.00;185;185;11.34;27.40
600.00;900.00;1824.00;24.54;E0_0_3900m;5.00;152;152;10.32;24.65
600.00;900.00;2280.00;27.02;E0_1_3900m;5.00;190;190;11.72;27.22
600.00;900.00;1824.00;24.63;E0_0_4000m;5.00;152;152;10.29;24.73
600.00;900.00;2304.00;26.87;E0_1_4000m;5.00;192;192;11.91;27.03
600.00;900.00;1824.00;24.65;E0_0_4100m;5.00;152;152;10.28;24.75
600.00;900.00;2316.00;26.79;E0_1_4100m;5.00;193;193;12.01;26.94
600.00;900.00;1800.00;24.66;E0_0_4200m;5.00;150;150;10.14;24.76
600.00;900.00;2340.00;26.73;E0_1_4200m;5.00;195;195;12.16;26.85
600.00;900.00;1812.00;24.65;E0_0_4300m;5.00;151;151;10.21;24.76
600.00;900.00;2340.00;26.75;E0_1_4300m;5.00;195;195;12.15;26.85
600.00;900.00;1824.00;24.59;E0_0_4400m;5.00;152;152;10.30;24.68
600.00;900.00;2352.00;26.80;E0_1_4400m;5.00;196;196;12.19;26.90
600.00;900.00;1836.00;24.55;E0_0_4500m;5.00;153;153;10.39;24.64
600.00;900.00;2364.00;26.90;E0_1_4500m;5.00;197;197;12.21;26.98
600.00;900.00;1824.00;24.50;E0_0_4600m;5.00;152;152;10.34;24.60
600.00;900.00;2352.00;27.01;E0_1_4600m;5.00;196;196;12.09;27.09
600.00;900.00;1800.00;24.47;E0_0_4700m;5.00;150;150;10.22;24.57
600.00;900.00;2400.00;27.04;E0_1_4700m;5.00;200;199;12.29;27.10
600.00;900.00;1812.00;24.47;E0_0_4800m;5.00;151;152;10.34;24.57
600.00;900.00;2388.00;27.09;E0_1_4800m;5.00;199;198;12.20;27.15
600.00;900.00;1824.00;24.46;E0_0_4900m;5.00;152;152;10.36;24.55
600.00;900.00;2364.00;27.15;E0_1_4900m;5.00;197;197;12.09;27.21
600.00;900.00;1848.00;24.44;E0_0_5000m;5.00;154;154;10.50;24.53
600.00;900.00;2364.00;27.16;E0_1_5000m;5.00;197;198;12.14;27.21
900.00;1200.00;0.00;-1.00;E0_0_0m;-1.00;0;0;0.00;-1.00
900.00;1200.00;0.00;-1.00;E0_1_0m;-1.00;0;0;0.00;-1.00
900.00;1200.00;1920.00;26.20;E0_0_100m;5.00;160;161;10.20;26.36
900.00;1200.00;2064.00;27.35;E0_1_100m;5.00;172;172;10.48;27.58
900.00;1200.00;1872.00;26.04;E0_0_200m;5.00;156;156;9.98;26.21
900.00;1200.00;2088.00;27.35;E0_1_200m;5.00;174;174;10.60;27.65
900.00;1200.00;1872.00;25.79;E0_0_300m;5.00;156;156;10.08;25.96
900.00;1200.00;2112.00;27.11;E0_1_300m;5.00;176;176;10.82;27.42
900.00;1200.00;1848.00;25.67;E0_0_400m;5.00;154;154;10.00;25.84
900.00;1200.00;2148.00;26.99;E0_1_400m;5.00;179;179;11.05;27.30
900.00;1200.00;1884.00;25.28;E0_0_500m;5.00;157;157;10.35;25.45
900.00;1200.00;2112.00;26.81;E0_1_500m;5.00;176;176;10.94;27.12
900.00;1200.00;1872.00;24.94;E0_0_600m;5.00;156;157;10.48;25.11
900.00;1200.00;2112.00;26.58;E0_1_600m;5.00;176;176;11.04;26.88
900.00;1200.00;1860.00;24.86;E0_0_700m;5.00;155;155;10.39;25.04
900.00;1200.00;2136.00;26.41;E0_1_700m;5.00;178;179;11.31;26.71
900.00;1200.00;1860.00;24.81;E0_0_800m;5.00;155;155;10.41;24.98
900.00;1200.00;2148.00;26.19;E0_1_800m;5.00;179;179;11.39;26.46
900.00;1200.00;1836.00;24.69;E0_0_900m;5.00;153;154;10.38;24.85
900.00;1200.00;2160.00;25.97;E0_1_900m;5.00;180;180;11.55;26.22
900.00;1200.00;1800.00;24.56;E0_0_1000m;5.00;150;150;10.18;24.73
900.00;1200.00;2196.00;25.80;E0_1_1000m;5.00;183;183;11.82;26.03
900.00;1200.00;1800.00;24.45;E0_0_1100m;5.00;150;150;10.22;24.63
900.00;1200.00;2196.00;25.72;E0_1_1100m;5.00;183;183;11.86;25.96
900.00;1200.00;1788.00;24.40;E0_0_1200m;5.00;149;149;10.18;24.59
900.00;1200.00;2196.00;25.62;E0_1_1200m;5.00;183;183;11.91;25.84
900.00;1200.00;1764.00;24.35;E0_0_1300m;5.00;147;147;10.06;24.54
900.00;1200.00;2196.00;25.47;E0_1_1300m;5.00;183;183;11.98;25.68
900.00;1200.00;1788.00;24.30;E0_0_1400m;5.00;149;148;10.19;24.51
900.00;1200.00;2136.00;25.31;E0_1_1400m;5.00;178;178;11.72;25.52
900.00;1200.00;1788.00;24.14;E0_0_1500m;5.00;149;149;10.29;24.38
900.00;1200.00;2124.00;25.22;E0_1_1500m;5.00;177;178;11.75;25.43
900.00;1200.00;1800.00;24.21;E0_0_1600m;5.00;150;150;10.33;24.43
900.00;1200.00;2112.00;25.09;E0_1_1600m;5.00;176;176;11.69;25.28
900.00;1200.00;1800.00;24.11;E0_0_1700m;5.00;150;150;10.37;24.32
900.00;1200.00;2112.00;25.04;E0_1_1700m;5.00;176;176;11.71;25.23
900.00;1200.00;1776.00;24.11;E0_0_1800m;5.00;148;148;10.23;24.33
900.00;1200.00;2112.00;25.05;E0_1_1800m;5.00;176;175;11.68;25.25
900.00;1200.00;1764.00;24.45;E0_0_1900m;5.00;147;147;10.02;24.62
900.00;1200.00;2100.00;25.10;E0_1_1900m;5.00;175;175;11.62;25.31
900.00;1200.00;1716.00;24.59;E0_0_2000m;5.00;143;143;9.69;24.73
900.00;1200.00;2100.00;25.20;E0_1_2000m;5.00;175;176;11.61;25.44
900.00;1200.00;1668.00;24.59;E0_0_2100m;5.00;139;139;9.42;24.71
900.00;1200.00;2112.00;25.29;E0_1_2100m;5.00;176;176;11.60;25.52
900.00;1200.00;1668.00;24.63;E0_0_2200m;5.00;139;139;9.41;24.75
900.00;1200.00;2088.00;25.28;E0_1_2200m;5.00;174;174;11.47;25.50
900.00;1200.00;1656.00;24.67;E0_0_2300m;5.00;138;138;9.32;24.79
900.00;1200.00;2076.00;25.31;E0_1_2300m;5.00;173;173;11.39;25.53
900.00;1200.00;1620.00;24.65;E0_0_2400m;5.00;135;135;9.13;24.76
900.00;1200.00;2064.00;25.32;E0_1_2400m;5.00;172;173;11.33;25.52
900.00;1200.00;1620.00;24.71;E0_0_2500m;5.00;135;135;9.11;24.83
900.00;1200.00;2064.00;25.37;E0_1_2500m;5.00;172;172;11.30;25.57
900.00;1200.00;1632.00;24.69;E0_0_2600m;5.00;136;136;9.18;24.81
900.00;1200.00;2052.00;25.47;E0_1_2600m;5.00;171;171;11.19;25.69
900.00;1200.00;1644.00;24.79;E0_0_2700m;5.00;137;138;9.27;24.91
900.00;1200.00;2040.00;25.54;E0_1_2700m;5.00;170;169;11.05;25.77
900.00;1200.00;1656.00;24.83;E0_0_2800m;5.00;138;139;9.30;24.94
900.00;1200.00;2016.00;25.52;E0_1_2800m;5.00;168;168;10.97;25.72
900.00;1200.00;1644.00;24.79;E0_0_2900m;5.00;137;138;9.27;24.90
900.00;1200.00;2028.00;25.54;E0_1_2900m;5.00;169;169;11.03;25.75
900.00;1200.00;1620.00;24.71;E0_0_3000m;5.00;135;135;9.11;24.81
900.00;1200.00;2028.00;25.42;E0_1_3000m;5.00;169;168;11.03;25.58
900.00;1200.00;1620.00;24.66;E0_0_3100m;5.00;135;135;9.13;24.75
900.00;1200.00;2004.00;25.31;E0_1_3100m;5.00;167;167;11.00;25.46
900.00;1200.00;1584.00;24.73;E0_0_3200m;5.00;132;132;8.89;24.84
900.00;1200.00;2016.00;25.32;E0_1_3200m;5.00;168;168;11.06;25.48
900.00;1200.00;1548.00;24.78;E0_0_3300m;5.00;129;130;8.75;24.89
900.00;1200.00;1968.00;25.25;E0_1_3300m;5.00;164;165;10.83;25.39
900.00;1200.00;1536.00;24.83;E0_0_3400m;5.00;128;128;8.59;24.96
900.00;1200.00;1920.00;25.25;E0_1_3400m;5.00;160;160;10.56;25.40
900.00;1200.00;1560.00;24.75;E0_0_3500m;5.00;130;129;8.75;24.90
900.00;1200.00;1908.00;25.31;E0_1_3500m;5.00;159;159;10.47;25.50
900.00;1200.00;1572.00;24.63;E0_0_3600m;5.00;131;131;8.86;24.79
900.00;1200.00;1944.00;25.36;E0_1_3600m;5.00;162;162;10.65;25.56
900.00;1200.00;1620.00;24.70;E0_0_3700m;5.00;135;135;9.11;24.83
900.00;1200.00;1956.00;25.42;E0_1_3700m;5.00;163;163;10.69;25.64
900.00;1200.00;1620.00;24.67;E0_0_3800m;5.00;135;135;9.12;24.78
900.00;1200.00;1992.00;25.45;E0_1_3800m;5.00;166;167;10.90;25.68
900.00;1200.00;1632.00;24.63;E0_0_3900m;5.00;136;136;9.20;24.74
900.00;1200.00;2004.00;25.49;E0_1_3900m;5.00;167;167;10.92;25.71
900.00;1200.00;1632.00;24.65;E0_0_4000m;5.00;136;136;9.20;24.76
900.00;1200.00;2028.00;25.53;E0_1_4000m;5.00;169;169;11.03;25.78
900.00;1200.00;1632.00;24.73;E0_0_4100m;5.00;136;136;9.16;24.85
900.00;1200.00;2052.00;25.58;E0_1_4100m;5.00;171;171;11.14;25.82
900.00;1200.00;1632.00;24.80;E0_0_4200m;5.00;136;137;9.18;24.93
900.00;1200.00;2040.00;25.59;E0_1_4200m;5.00;170;170;11.07;25.83
900.00;1200.00;1644.00;24.85;E0_0_4300m;5.00;137;137;9.19;24.99
900.00;1200.00;2076.00;25.63;E0_1_4300m;5.00;173;173;11.25;25.89
900.00;1200.00;1668.00;24.86;E0_0_4400m;5.00;139;139;9.32;25.01
900.00;1200.00;2076.00;25.66;E0_1_4400m;5.00;173;173;11.24;25.92
900.00;1200.00;1644.00;24.74;E0_0_4500m;5.00;137;138;9.25;24.87
900.00;1200.00;2076.00;25.63;E0_1_4500m;5.00;173;174;11.25;25.90
900.00;1200.00;1656.00;24.70;E0_0_4600m;5.00;138;138;9.31;24.83
900.00;1200.00;2100.00;25.69;E0_1_4600m;5.00;175;175;11.35;25.95
900.00;1200.00;1668.00;24.76;E0_0_4700m;5.00;139;139;9.36;24.88
900.00;1200.00;2088.00;25.70;E0_1_4700m;5.00;174;174;11.29;25.95
900.00;1200.00;1680.00;24.85;E0_0_4800m;5.00;140;139;9.33;24.96
900.00;1200.00;2076.00;25.74;E0_1_4800m;5.00;173;174;11.20;25.98
900.00;1200.00;1668.00;24.89;E0_0_4900m;5.00;139;139;9.31;24.99
900.00;1200.00;2088.00;25.83;E0_1_4900m;5.00;174;174;11.23;26.05
900.00;1200.00;1644.00;24.97;E0_0_5000m;5.00;137;137;9.15;25.07
900.00;1200.00;2124.00;25.96;E0_1_5000m;5.00;177;176;11.31;26.17
1200.00;1500.00;0.00;-1.00;E0_0_0m;-1.00;0;0;0.00;-1.00
1200.00;1500.00;0.00;-1.00;E0_1_0m;-1.00;0;0;0.00;-1.00
1200.00;1500.00;1632.00;26.36;E0_0_100m;5.00;136;136;8.61;26.56
1200.00;1500.00;1992.00;27.18;E0_1_100m;5.00;166;167;10.23;27.45
1200.00;1500.00;1608.00;26.44;E0_0_200m;5.00;134;134;8.45;26.68
1200.00;1500.00;2016.00;27.77;E0_1_200m;5.00;168;168;10.08;28.17
1200.00;1500.00;1560.00;26.44;E0_0_300m;5.00;130;130;8.19;26.67
1200.00;1500.00;2028.00;27.76;E0_1_300m;5.00;169;169;10.15;28.14
1200.00;1500.00;1548.00;26.57;E0_0_400m;5.00;129;129;8.09;26.75
1200.00;1500.00;2004.00;27.62;E0_1_400m;5.00;167;167;10.08;27.98
1200.00;1500.00;1572.00;26.48;E0_0_500m;5.00;131;131;8.25;26.66
1200.00;1500.00;1968.00;27.48;E0_1_500m;5.00;164;165;9.96;27.84
1200.00;1500.00;1560.00;26.52;E0_0_600m;5.00;130;129;8.12;26.69
1200.00;1500.00;1980.00;27.33;E0_1_600m;5.00;165;165;10.06;27.69
1200.00;1500.00;1560.00;26.34;E0_0_700m;5.00;130;130;8.23;26.53
1200.00;1500.00;1980.00;27.32;E0_1_700m;5.00;165;164;9.99;27.72
1200.00;1500.00;1560.00;25.98;E0_0_800m;5.00;130;130;8.34;26.16
1200.00;1500.00;1992.00;27.12;E0_1_800m;5.00;166;166;10.20;27.54
1200.00;1500.00;1560.00;25.62;E0_0_900m;5.00;130;130;8.42;25.82
1200.00;1500.00;1992.00;26.85;E0_1_900m;5.00;166;166;10.30;27.29
1200.00;1500.00;1536.00;25.40;E0_0_1000m;5.00;128;128;8.40;25.60
1200.00;1500.00;1980.00;26.68;E0_1_1000m;5.00;165;166;10.35;27.13
1200.00;1500.00;1524.00;25.17;E0_0_1100m;5.00;127;127;8.41;25.36
1200.00;1500.00;1968.00;26.51;E0_1_1100m;5.00;164;164;10.31;26.93
1200.00;1500.00;1512.00;24.90;E0_0_1200m;5.00;126;126;8.43;25.07
1200.00;1500.00;2004.00;26.26;E0_1_1200m;5.00;167;167;10.60;26.63
1200.00;1500.00;1560.00;24.73;E0_0_1300m;5.00;130;130;8.76;24.89
1200.00;1500.00;2004.00;26.06;E0_1_1300m;5.00;167;167;10.68;26.41
1200.00;1500.00;1548.00;24.48;E0_0_1400m;5.00;129;129;8.78;24.64
1200.00;1500.00;2028.00;25.81;E0_1_1400m;5.00;169;169;10.91;26.09
1200.00;1500.00;1548.00;24.26;E0_0_1500m;5.00;129;129;8.86;24.43
1200.00;1500.00;2064.00;25.73;E0_1_1500m;5.00;172;171;11.09;26.00
1200.00;1500.00;1596.00;24.10;E0_0_1600m;5.00;133;133;9.20;24.26
1200.00;1500.00;2064.00;25.61;E0_1_1600m;5.00;172;172;11.19;25.88
1200.00;1500.00;1572.00;24.04;E0_0_1700m;5.00;131;131;9.08;24.21
1200.00;1500.00;2088.00;25.41;E0_1_1700m;5.00;174;174;11.41;25.69
1200.00;1500.00;1596.00;24.06;E0_0_1800m;5.00;133;134;9.27;24.25
1200.00;1500.00;2064.00;25.20;E0_1_1800m;5.00;172;172;11.37;25.50
1200.00;1500.00;1596.00;24.11;E0_0_1900m;5.00;133;133;9.19;24.30
1200.00;1500.00;2064.00;25.08;E0_1_1900m;5.00;172;172;11.43;25.33
1200.00;1500.00;1644.00;24.14;E0_0_2000m;5.00;137;137;9.46;24.31
1200.00;1500.00;2052.00;25.03;E0_1_2000m;5.00;171;172;11.41;25.26
1200.00;1500.00;1656.00;23.99;E0_0_2100m;5.00;138;138;9.59;24.14
1200.00;1500.00;2076.00;24.88;E0_1_2100m;5.00;173;173;11.59;25.11
1200.00;1500.00;1680.00;23.88;E0_0_2200m;5.00;140;140;9.77;24.04
1200.00;1500.00;2064.00;24.65;E0_1_2200m;5.00;172;173;11.68;24.88
1200.00;1500.00;1704.00;23.93;E0_0_2300m;5.00;142;142;9.89;24.08
1200.00;1500.00;2076.00;24.45;E0_1_2300m;5.00;173;173;11.79;24.65
1200.00;1500.00;1704.00;23.77;E0_0_2400m;5.00;142;143;9.97;23.93
1200.00;1500.00;2088.00;24.30;E0_1_2400m;5.00;174;173;11.93;24.50
1200.00;1500.00;1740.00;23.73;E0_0_2500m;5.00;145;146;10.25;23.87
1200.00;1500.00;2124.00;24.32;E0_1_2500m;5.00;177;177;12.13;24.54
1200.00;1500.00;1764.00;23.54;E0_0_2600m;5.00;147;147;10.41;23.66
1200.00;1500.00;2124.00;24.18;E0_1_2600m;5.00;177;177;12.20;24.35
1200.00;1500.00;1800.00;23.35;E0_0_2700m;5.00;150;149;10.64;23.46
1200.00;1500.00;2148.00;24.05;E0_1_2700m;5.00;179;179;12.41;24.19
1200.00;1500.00;1836.00;23.19;E0_0_2800m;5.00;153;152;10.96;23.29
1200.00;1500.00;2172.00;23.87;E0_1_2800m;5.00;181;181;12.64;23.99
1200.00;1500.00;1860.00;23.29;E0_0_2900m;5.00;155;155;11.09;23.37
1200.00;1500.00;2208.00;23.61;E0_1_2900m;5.00;184;184;12.99;23.72
1200.00;1500.00;1872.00;23.14;E0_0_3000m;5.00;156;156;11.24;23.21
1200.00;1500.00;2220.00;23.38;E0_1_3000m;5.00;185;185;13.19;23.48
1200.00;1500.00;1860.00;23.01;E0_0_3100m;5.00;155;155;11.23;23.06
1200.00;1500.00;2244.00;23.29;E0_1_3100m;5.00;187;187;13.38;23.41
1200.00;1500.00;1860.00;22.88;E0_0_3200m;5.00;155;155;11.29;22.93
1200.00;1500.00;2256.00;23.20;E0_1_3200m;5.00;188;188;13.51;23.34
1200.00;1500.00;1908.00;22.88;E0_0_3300m;5.00;159;158;11.52;22.93
1200.00;1500.00;2280.00;23.17;E0_1_3300m;5.00;190;189;13.67;23.29
1200.00;1500.00;1956.00;22.89;E0_0_3400m;5.00;163;163;11.87;22.93
1200.00;1500.00;2304.00;23.08;E0_1_3400m;5.00;192;192;13.86;23.18
1200.00;1500.00;1956.00;22.85;E0_0_3500m;5.00;163;164;11.91;22.89
1200.00;1500.00;2328.00;23.01;E0_1_3500m;5.00;194;194;14.05;23.11
1200.00;1500.00;1932.00;22.80;E0_0_3600m;5.00;161;161;11.77;22.83
1200.00;1500.00;2316.00;22.96;E0_1_3600m;5.00;193;193;14.01;23.04
1200.00;1500.00;1896.00;22.73;E0_0_3700m;5.00;158;158;11.59;22.76
1200.00;1500.00;2280.00;22.87;E0_1_3700m;5.00;190;190;13.84;22.94
1200.00;1500.00;1872.00;22.66;E0_0_3800m;5.00;156;156;11.47;22.69
1200.00;1500.00;2256.00;22.84;E0_1_3800m;5.00;188;187;13.70;22.89
1200.00;1500.00;1860.00;22.60;E0_0_3900m;5.00;155;155;11.43;22.63
1200.00;1500.00;2220.00;22.83;E0_1_3900m;5.00;185;185;13.50;22.89
1200.00;1500.00;1848.00;22.56;E0_0_4000m;5.00;154;154;11.38;22.59
1200.00;1500.00;2172.00;22.76;E0_1_4000m;5.00;181;182;13.31;22.80
1200.00;1500.00;1812.00;22.44;E0_0_4100m;5.00;151;151;11.21;22.46
1200.00;1500.00;2160.00;22.68;E0_1_4100m;5.00;180;180;13.23;22.71
1200.00;1500.00;1824.00;22.51;E0_0_4200m;5.00;152;151;11.22;22.55
1200.00;1500.00;2172.00;22.67;E0_1_4200m;5.00;181;181;13.30;22.70
1200.00;1500.00;1812.00;22.63;E0_0_4300m;5.00;151;151;11.12;22.66
1200.00;1500.00;2148.00;22.68;E0_1_4300m;5.00;179;179;13.16;22.71
1200.00;1500.00;1800.00;22.68;E0_0_4400m;5.00;150;150;11.02;22.72
1200.00;1500.00;2124.00;22.70;E0_1_4400m;5.00;177;177;12.99;22.74
1200.00;1500.00;1800.00;22.75;E0_0_4500m;5.00;150;150;10.99;22.79
1200.00;1500.00;2124.00;22.79;E0_1_4500m;5.00;177;176;12.94;22.84
1200.00;1500.00;1788.00;22.74;E0_0_4600m;5.00;149;149;10.92;22.80
1200.00;1500.00;2100.00;22.82;E0_1_4600m;5.00;175;175;12.78;22.88
1200.00;1500.00;1776.00;22.87;E0_0_4700m;5.00;148;148;10.79;22.93
1200.00;1500.00;2100.00;22.90;E0_1_4700m;5.00;175;175;12.74;22.98
1200.00;1500.00;1752.00;22.93;E0_0_4800m;5.00;146;146;10.61;23.00
1200.00;1500.00;2112.00;23.01;E0_1_4800m;5.00;176;175;12.74;23.11
1200.00;1500.00;1752.00;23.02;E0_0_4900m;5.00;146;146;10.57;23.11
1200.00;1500.00;2088.00;23.10;E0_1_4900m;5.00;174;174;12.55;23.21
1200.00;1500.00;1728.00;23.08;E0_0_5000m;5.00;144;144;10.40;23.17
1200.00;1500.00;2064.00;23.19;E0_1_5000m;5.00;172;172;12.36;23.30
1500.00;1800.00;0.00;-1.00;E0_0_0m;-1.00;0;0;0.00;-1.00
1500.00;1800.00;0.00;-1.00;E0_1_0m;-1.00;0;0;0.00;-1.00
1500.00;1800.00;1908.00;26.12;E0_0_100m;5.00;159;159;10.15;26.26
1500.00;1800.00;2280.00;27.65;E0_1_100m;5.00;190;189;11.41;27.79
1500.00;1800.00;1944.00;25.90;E0_0_200m;5.00;162;162;10.42;26.05
1500.00;1800.00;2292.00;27.61;E0_1_200m;5.00;191;191;11.53;27.77
1500.00;1800.00;1956.00;25.66;E0_0_300m;5.00;163;163;10.59;25.81
1500.00;1800.00;2316.00;27.50;E0_1_300m;5.00;193;193;11.70;27.65
1500.00;1800.00;1992.00;25.72;E0_0_400m;5.00;166;166;10.76;25.86
1500.00;1800.00;2316.00;27.40;E0_1_400m;5.00;193;193;11.74;27.57
1500.00;1800.00;2004.00;25.68;E0_0_500m;5.00;167;167;10.84;25.79
1500.00;1800.00;2328.00;27.25;E0_1_500m;5.00;194;194;11.86;27.40
1500.00;1800.00;2040.00;25.65;E0_0_600m;5.00;170;170;11.05;25.74
1500.00;1800.00;2340.00;27.10;E0_1_600m;5.00;195;195;11.99;27.23
1500.00;1800.00;2016.00;25.59;E0_0_700m;5.00;168;169;10.97;25.66
1500.00;1800.00;2364.00;26.90;E0_1_700m;5.00;197;197;12.21;27.00
1500.00;1800.00;2016.00;25.56;E0_0_800m;5.00;168;168;10.95;25.64
1500.00;1800.00;2352.00;26.71;E0_1_800m;5.00;196;196;12.23;26.80
1500.00;1800.00;2004.00;25.53;E0_0_900m;5.00;167;167;10.90;25.60
1500.00;1800.00;2364.00;26.55;E0_1_900m;5.00;197;197;12.37;26.62
1500.00;1800.00;2028.00;25.50;E0_0_1000m;5.00;169;169;11.04;25.57
1500.00;1800.00;2340.00;26.41;E0_1_1000m;5.00;195;194;12.26;26.48
1500.00;1800.00;2004.00;25.39;E0_0_1100m;5.00;167;167;10.96;25.47
1500.00;1800.00;2316.00;26.32;E0_1_1100m;5.00;193;194;12.25;26.40
1500.00;1800.00;1980.00;25.38;E0_0_1200m;5.00;165;165;10.83;25.45
1500.00;1800.00;2316.00;26.29;E0_1_1200m;5.00;193;193;12.23;26.37
1500.00;1800.00;1968.00;25.48;E0_0_1300m;5.00;164;164;10.73;25.55
1500.00;1800.00;2268.00;26.31;E0_1_1300m;5.00;189;189;11.97;26.40
1500.00;1800.00;1992.00;25.57;E0_0_1400m;5.00;166;167;10.83;25.64
1500.00;1800.00;2256.00;26.42;E0_1_1400m;5.00;188;188;11.86;26.54
1500.00;1800.00;1992.00;25.64;E0_0_1500m;5.00;166;167;10.85;25.70
1500.00;1800.00;2220.00;26.40;E0_1_1500m;5.00;185;185;11.68;26.53
1500.00;1800.00;1968.00;25.63;E0_0_1600m;5.00;164;164;10.67;25.67
1500.00;1800.00;2196.00;26.37;E0_1_1600m;5.00;183;183;11.56;26.51
1500.00;1800.00;1944.00;25.66;E0_0_1700m;5.00;162;162;10.52;25.72
1500.00;1800.00;2196.00;26.36;E0_1_1700m;5.00;183;183;11.57;26.49
1500.00;1800.00;1968.00;25.56;E0_0_1800m;5.00;164;164;10.70;25.63
1500.00;1800.00;2172.00;26.41;E0_1_1800m;5.00;181;181;11.42;26.54
1500.00;1800.00;1944.00;25.42;E0_0_1900m;5.00;162;163;10.64;25.50
1500.00;1800.00;2220.00;26.36;E0_1_1900m;5.00;185;185;11.70;26.50
1500.00;1800.00;1908.00;25.32;E0_0_2000m;5.00;159;159;10.47;25.39
1500.00;1800.00;2232.00;26.39;E0_1_2000m;5.00;186;186;11.77;26.52
1500.00;1800.00;1908.00;25.29;E0_0_2100m;5.00;159;159;10.48;25.36
1500.00;1800.00;2220.00;26.36;E0_1_2100m;5.00;185;186;11.76;26.50
1500.00;1800.00;1908.00;25.28;E0_0_2200m;5.00;159;159;10.48;25.35
1500.00;1800.00;2244.00;26.33;E0_1_2200m;5.00;187;186;11.78;26.46
1500.00;1800.00;1932.00;25.25;E0_0_2300m;5.00;161;161;10.63;25.33
1500.00;1800.00;2256.00;26.34;E0_1_2300m;5.00;188;188;11.89;26.48
1500.00;1800.00;1920.00;25.30;E0_0_2400m;5.00;160;159;10.52;25.38
1500.00;1800.00;2268.00;26.36;E0_1_2400m;5.00;189;190;11.96;26.51
1500.00;1800.00;1908.00;25.32;E0_0_2500m;5.00;159;159;10.47;25.41
1500.00;1800.00;2220.00;26.34;E0_1_2500m;5.00;185;185;11.70;26.50
1500.00;1800.00;1896.00;25.26;E0_0_2600m;5.00;158;158;10.42;25.36
1500.00;1800.00;2208.00;26.32;E0_1_2600m;5.00;184;185;11.67;26.48
1500.00;1800.00;1872.00;25.26;E0_0_2700m;5.00;156;156;10.29;25.36
1500.00;1800.00;2184.00;26.27;E0_1_2700m;5.00;182;183;11.58;26.43
1500.00;1800.00;1896.00;25.22;E0_0_2800m;5.00;158;158;10.44;25.32
1500.00;1800.00;2160.00;26.21;E0_1_2800m;5.00;180;180;11.44;26.38
1500.00;1800.00;1848.00;25.13;E0_0_2900m;5.00;154;154;10.21;25.21
1500.00;1800.00;2148.00;26.19;E0_1_2900m;5.00;179;179;11.39;26.34
1500.00;1800.00;1812.00;25.15;E0_0_3000m;5.00;151;151;10.01;25.23
1500.00;1800.00;2172.00;26.20;E0_1_3000m;5.00;181;181;11.52;26.33
1500.00;1800.00;1788.00;25.19;E0_0_3100m;5.00;149;149;9.86;25.25
1500.00;1800.00;2184.00;26.20;E0_1_3100m;5.00;182;182;11.58;26.32
1500.00;1800.00;1776.00;25.17;E0_0_3200m;5.00;148;148;9.80;25.23
1500.00;1800.00;2184.00;26.21;E0_1_3200m;5.00;182;182;11.57;26.33
1500.00;1800.00;1764.00;25.20;E0_0_3300m;5.00;147;147;9.72;25.27
1500.00;1800.00;2136.00;26.22;E0_1_3300m;5.00;178;178;11.32;26.33
1500.00;1800.00;1728.00;25.21;E0_0_3400m;5.00;144;144;9.52;25.28
1500.00;1800.00;2112.00;26.24;E0_1_3400m;5.00;176;176;11.18;26.35
1500.00;1800.00;1716.00;25.40;E0_0_3500m;5.00;143;142;9.37;25.47
1500.00;1800.00;2064.00;26.20;E0_1_3500m;5.00;172;172;10.94;26.31
1500.00;1800.00;1728.00;25.41;E0_0_3600m;5.00;144;144;9.45;25.48
1500.00;1800.00;2052.00;26.30;E0_1_3600m;5.00;171;171;10.84;26.41
1500.00;1800.00;1740.00;25.46;E0_0_3700m;5.00;145;146;9.52;25.53
1500.00;1800.00;2040.00;26.37;E0_1_3700m;5.00;170;170;10.74;26.48
1500.00;1800.00;1740.00;25.40;E0_0_3800m;5.00;145;145;9.52;25.46
1500.00;1800.00;2040.00;26.41;E0_1_3800m;5.00;170;170;10.73;26.51
1500.00;1800.00;1704.00;25.42;E0_0_3900m;5.00;142;143;9.36;25.49
1500.00;1800.00;2052.00;26.52;E0_1_3900m;5.00;171;171;10.75;26.63
1500.00;1800.00;1692.00;25.53;E0_0_4000m;5.00;141;141;9.21;25.58
1500.00;1800.00;2052.00;26.54;E0_1_4000m;5.00;171;170;10.69;26.63
1500.00;1800.00;1728.00;25.48;E0_0_4100m;5.00;144;144;9.42;25.54
1500.00;1800.00;2016.00;26.63;E0_1_4100m;5.00;168;168;10.52;26.72
1500.00;1800.00;1716.00;25.48;E0_0_4200m;5.00;143;143;9.35;25.53
1500.00;1800.00;2004.00;26.59;E0_1_4200m;5.00;167;167;10.47;26.67
1500.00;1800.00;1692.00;25.43;E0_0_4300m;5.00;141;141;9.24;25.49
1500.00;1800.00;2004.00;26.38;E0_1_4300m;5.00;167;167;10.55;26.47
1500.00;1800.00;1704.00;25.30;E0_0_4400m;5.00;142;143;9.37;25.38
1500.00;1800.00;1980.00;26.21;E0_1_4400m;5.00;165;165;10.49;26.32
1500.00;1800.00;1752.00;25.24;E0_0_4500m;5.00;146;146;9.64;25.33
1500.00;1800.00;1980.00;26.03;E0_1_4500m;5.00;165;166;10.59;26.17
1500.00;1800.00;1764.00;25.13;E0_0_4600m;5.00;147;147;9.75;25.23
1500.00;1800.00;2040.00;25.94;E0_1_4600m;5.00;170;170;10.92;26.09
1500.00;1800.00;1776.00;25.05;E0_0_4700m;5.00;148;148;9.85;25.15
1500.00;1800.00;2088.00;25.88;E0_1_4700m;5.00;174;174;11.21;26.04
1500.00;1800.00;1788.00;24.98;E0_0_4800m;5.00;149;149;9.94;25.08
1500.00;1800.00;2076.00;25.82;E0_1_4800m;5.00;173;173;11.17;25.98
1500.00;1800.00;1812.00;24.97;E0_0_4900m;5.00;151;151;10.08;25.07
1500.00;1800.00;2064.00;25.74;E0_1_4900m;5.00;172;172;11.14;25.89
1500.00;1800.00;1800.00;25.08;E0_0_5000m;5.00;150;150;9.97;25.17
1500.00;1800.00;2076.00;25.76;E0_1_5000m;5.00;173;173;11.19;25.89
1800.00;2100.00;0.00;-1.00;E0_0_0m;-1.00;0;0;0.00;-1.00
1800.00;2100.00;0.00;-1.00;E0_1_0m;-1.00;0;0;0.00;-1.00
1800.00;2100.00;1980.00;25.94;E0_0_100m;5.00;165;167;10.65;26.02
1800.00;2100.00;2340.00;26.90;E0_1_100m;5.00;195;195;12.08;27.05
1800.00;2100.00;1980.00;25.79;E0_0_200m;5.00;165;166;10.72;25.88
1800.00;2100.00;2316.00;27.07;E0_1_200m;5.00;193;193;11.88;27.29
1800.00;2100.00;1932.00;25.69;E0_0_300m;5.00;161;161;10.45;25.77
1800.00;2100.00;2340.00;27.02;E0_1_300m;5.00;195;195;12.03;27.24
1800.00;2100.00;1920.00;25.57;E0_0_400m;5.00;160;161;10.48;25.65
1800.00;2100.00;2340.00;26.98;E0_1_400m;5.00;195;196;12.07;27.22
1800.00;2100.00;1896.00;25.51;E0_0_500m;5.00;158;159;10.38;25.60
1800.00;2100.00;2340.00;26.99;E0_1_500m;5.00;195;195;12.04;27.22
1800.00;2100.00;1896.00;25.50;E0_0_600m;5.00;158;159;10.39;25.58
1800.00;2100.00;2304.00;27.02;E0_1_600m;5.00;192;193;11.85;27.25
1800.00;2100.00;1884.00;25.45;E0_0_700m;5.00;157;158;10.30;25.54
1800.00;2100.00;2316.00;26.93;E0_1_700m;5.00;193;194;11.97;27.16
1800.00;2100.00;1848.00;25.42;E0_0_800m;5.00;154;154;10.10;25.50
1800.00;2100.00;2352.00;26.92;E0_1_800m;5.00;196;196;12.14;27.13
1800.00;2100.00;1860.00;25.37;E0_0_900m;5.00;155;155;10.18;25.46
1800.00;2100.00;2340.00;26.90;E0_1_900m;5.00;195;195;12.08;27.11
1800.00;2100.00;1872.00;25.26;E0_0_1000m;5.00;156;156;10.29;25.36
1800.00;2100.00;2340.00;26.85;E0_1_1000m;5.00;195;195;12.10;27.04
1800.00;2100.00;1848.00;25.23;E0_0_1100m;5.00;154;155;10.18;25.33
1800.00;2100.00;2364.00;26.78;E0_1_1100m;5.00;197;196;12.23;26.94
1800.00;2100.00;1848.00;25.17;E0_0_1200m;5.00;154;154;10.20;25.28
1800.00;2100.00;2352.00;26.76;E0_1_1200m;5.00;196;196;12.21;26.90
1800.00;2100.00;1836.00;25.14;E0_0_1300m;5.00;153;153;10.14;25.24
1800.00;2100.00;2364.00;26.75;E0_1_1300m;5.00;197;197;12.28;26.87
1800.00;2100.00;1812.00;25.08;E0_0_1400m;5.00;151;150;10.02;25.18
1800.00;2100.00;2376.00;26.81;E0_1_1400m;5.00;198;198;12.31;26.92
1800.00;2100.00;1788.00;25.17;E0_0_1500m;5.00;149;148;9.80;25.26
1800.00;2100.00;2376.00;26.96;E0_1_1500m;5.00;198;198;12.24;27.07
1800.00;2100.00;1764.00;25.28;E0_0_1600m;5.00;147;147;9.69;25.37
1800.00;2100.00;2388.00;27.04;E0_1_1600m;5.00;199;199;12.27;27.13
1800.00;2100.00;1800.00;25.32;E0_0_1700m;5.00;150;150;9.87;25.40
1800.00;2100.00;2388.00;27.12;E0_1_1700m;5.00;199;199;12.23;27.21
1800.00;2100.00;1848.00;25.33;E0_0_1800m;5.00;154;153;10.07;25.41
1800.00;2100.00;2412.00;27.21;E0_1_1800m;5.00;201;201;12.31;27.31
1800.00;2100.00;1884.00;25.35;E0_0_1900m;5.00;157;157;10.32;25.44
1800.00;2100.00;2424.00;27.32;E0_1_1900m;5.00;202;202;12.32;27.43
1800.00;2100.00;1932.00;25.27;E0_0_2000m;5.00;161;162;10.64;25.36
1800.00;2100.00;2412.00;27.31;E0_1_2000m;5.00;201;200;12.22;27.42
1800.00;2100.00;1908.00;25.22;E0_0_2100m;5.00;159;159;10.51;25.31
1800.00;2100.00;2412.00;27.17;E0_1_2100m;5.00;201;201;12.29;27.28
1800.00;2100.00;1908.00;25.19;E0_0_2200m;5.00;159;159;10.52;25.27
1800.00;2100.00;2412.00;27.05;E0_1_2200m;5.00;201;201;12.39;27.14
1800.00;2100.00;1932.00;25.24;E0_0_2300m;5.00;161;161;10.63;25.32
1800.00;2100.00;2340.00;26.84;E0_1_2300m;5.00;195;195;12.11;26.92
1800.00;2100.00;1920.00;25.14;E0_0_2400m;5.00;160;160;10.61;25.21
1800.00;2100.00;2364.00;26.75;E0_1_2400m;5.00;197;196;12.27;26.82
1800.00;2100.00;1896.00;25.03;E0_0_2500m;5.00;158;158;10.52;25.10
1800.00;2100.00;2388.00;26.71;E0_1_2500m;5.00;199;199;12.42;26.78
1800.00;2100.00;1908.00;24.96;E0_0_2600m;5.00;159;159;10.61;25.03
1800.00;2100.00;2400.00;26.71;E0_1_2600m;5.00;200;200;12.48;26.77
1800.00;2100.00;1944.00;24.88;E0_0_2700m;5.00;162;162;10.85;24.95
1800.00;2100.00;2388.00;26.73;E0_1_2700m;5.00;199;198;12.37;26.79
1800.00;2100.00;1944.00;24.80;E0_0_2800m;5.00;162;162;10.89;24.86
1800.00;2100.00;2352.00;26.70;E0_1_2800m;5.00;196;196;12.23;26.76
1800.00;2100.00;1980.00;24.69;E0_0_2900m;5.00;165;165;11.14;24.76
1800.00;2100.00;2352.00;26.53;E0_1_2900m;5.00;196;197;12.32;26.59
1800.00;2100.00;1968.00;24.79;E0_0_3000m;5.00;164;164;11.03;24.85
1800.00;2100.00;2352.00;26.40;E0_1_3000m;5.00;196;196;12.37;26.46
1800.00;2100.00;1956.00;24.87;E0_0_3100m;5.00;163;163;10.92;24.94
1800.00;2100.00;2376.00;26.33;E0_1_3100m;5.00;198;198;12.53;26.39
1800.00;2100.00;1968.00;24.94;E0_0_3200m;5.00;164;164;10.96;25.01
1800.00;2100.00;2364.00;26.24;E0_1_3200m;5.00;197;197;12.51;26.32
1800.00;2100.00;1956.00;24.93;E0_0_3300m;5.00;163;163;10.90;25.00
1800.00;2100.00;2376.00;26.14;E0_1_3300m;5.00;198;198;12.62;26.21
1800.00;2100.00;1956.00;24.88;E0_0_3400m;5.00;163;163;10.92;24.94
1800.00;2100.00;2388.00;26.13;E0_1_3400m;5.00;199;199;12.69;26.22
1800.00;2100.00;2004.00;24.76;E0_0_3500m;5.00;167;167;11.24;24.81
1800.00;2100.00;2412.00;26.07;E0_1_3500m;5.00;201;201;12.85;26.14
1800.00;2100.00;1992.00;24.67;E0_0_3600m;5.00;166;166;11.21;24.72
1800.00;2100.00;2460.00;25.94;E0_1_3600m;5.00;205;205;13.17;26.01
1800.00;2100.00;2004.00;24.64;E0_0_3700m;5.00;167;166;11.27;24.68
1800.00;2100.00;2484.00;25.78;E0_1_3700m;5.00;207;207;13.38;25.84
1800.00;2100.00;2016.00;24.48;E0_0_3800m;5.00;168;168;11.44;24.52
1800.00;2100.00;2496.00;25.65;E0_1_3800m;5.00;208;208;13.51;25.70
1800.00;2100.00;2040.00;24.36;E0_0_3900m;5.00;170;170;11.63;24.40
1800.00;2100.00;2484.00;25.57;E0_1_3900m;5.00;207;207;13.49;25.61
1800.00;2100.00;2040.00;24.28;E0_0_4000m;5.00;170;170;11.67;24.32
1800.00;2100.00;2496.00;25.53;E0_1_4000m;5.00;208;208;13.58;25.58
1800.00;2100.00;2028.00;24.34;E0_0_4100m;5.00;169;169;11.57;24.37
1800.00;2100.00;2496.00;25.53;E0_1_4100m;5.00;208;208;13.58;25.58
1800.00;2100.00;2028.00;24.38;E0_0_4200m;5.00;169;169;11.55;24.41
1800.00;2100.00;2496.00;25.58;E0_1_4200m;5.00;208;208;13.55;25.65
1800.00;2100.00;2028.00;24.39;E0_0_4300m;5.00;169;169;11.55;24.43
1800.00;2100.00;2508.00;25.62;E0_1_4300m;5.00;209;209;13.60;25.69
1800.00;2100.00;2040.00;24.44;E0_0_4400m;5.00;170;169;11.58;24.47
1800.00;2100.00;2496.00;25.55;E0_1_4400m;5.00;208;208;13.57;25.63
1800.00;2100.00;2016.00;24.42;E0_0_4500m;5.00;168;168;11.46;24.46
1800.00;2100.00;2472.00;25.50;E0_1_4500m;5.00;206;206;13.46;25.56
1800.00;2100.00;1980.00;24.37;E0_0_4600m;5.00;165;165;11.29;24.40
1800.00;2100.00;2436.00;25.47;E0_1_4600m;5.00;203;204;13.31;25.53
1800.00;2100.00;1956.00;24.35;E0_0_4700m;5.00;163;163;11.16;24.39
1800.00;2100.00;2412.00;25.45;E0_1_4700m;5.00;201;201;13.16;25.52
1800.00;2100.00;1968.00;24.47;E0_0_4800m;5.00;164;164;11.17;24.50
1800.00;2100.00;2400.00;25.39;E0_1_4800m;5.00;200;200;13.13;25.46
1800.00;2100.00;1956.00;24.51;E0_0_4900m;5.00;163;163;11.08;24.55
1800.00;2100.00;2412.00;25.38;E0_1_4900m;5.00;201;201;13.20;25.45
1800.00;2100.00;1980.00;24.58;E0_0_5000m;5.00;165;165;11.19;24.61
1800.00;2100.00;2412.00;25.39;E0_1_5000m;5.00;201;201;13.20;25.45
2100.00;2400.00;0.00;-1.00;E0_0_0m;-1.00;0;0;0.00;-1.00
2100.00;2400.00;0.00;-1.00;E0_1_0m;-1.00;0;0;0.00;-1.00
2100.00;2400.00;1728.00;26.82;E0_0_100m;5.00;144;144;8.95;26.94
2100.00;2400.00;1992.00;27.78;E0_1_100m;5.00;166;166;9.96;27.93
2100.00;2400.00;1728.00;27.02;E0_0_200m;5.00;144;144;8.88;27.19
2100.00;2400.00;1956.00;28.39;E0_1_200m;5.00;163;164;9.63;28.56
2100.00;2400.00;1644.00;26.87;E0_0_300m;5.00;137;138;8.52;26.99
2100.00;2400.00;2040.00;28.35;E0_1_300m;5.00;170;170;10.00;28.52
2100.00;2400.00;1632.00;26.68;E0_0_400m;5.00;136;135;8.45;26.80
2100.00;2400.00;2052.00;28.14;E0_1_400m;5.00;171;171;10.13;28.31
2100.00;2400.00;1632.00;26.51;E0_0_500m;5.00;136;135;8.49;26.63
2100.00;2400.00;2052.00;27.84;E0_1_500m;5.00;171;171;10.24;28.05
2100.00;2400.00;1644.00;26.48;E0_0_600m;5.00;137;136;8.56;26.62
2100.00;2400.00;2052.00;27.73;E0_1_600m;5.00;171;170;10.27;27.98
2100.00;2400.00;1668.00;26.34;E0_0_700m;5.00;139;140;8.82;26.47
2100.00;2400.00;2040.00;27.76;E0_1_700m;5.00;170;169;10.18;28.01
2100.00;2400.00;1728.00;26.17;E0_0_800m;5.00;144;144;9.17;26.30
2100.00;2400.00;2016.00;27.83;E0_1_800m;5.00;168;169;10.10;28.08
2100.00;2400.00;1752.00;25.98;E0_0_900m;5.00;146;146;9.37;26.12
2100.00;2400.00;2016.00;27.51;E0_1_900m;5.00;168;168;10.18;27.78
2100.00;2400.00;1692.00;25.69;E0_0_1000m;5.00;141;141;9.15;25.81
2100.00;2400.00;2076.00;27.36;E0_1_1000m;5.00;173;173;10.54;27.64
2100.00;2400.00;1680.00;25.58;E0_0_1100m;5.00;140;139;9.12;25.72
2100.00;2400.00;2100.00;27.31;E0_1_1100m;5.00;175;175;10.68;27.62
2100.00;2400.00;1728.00;25.53;E0_0_1200m;5.00;144;144;9.40;25.68
2100.00;2400.00;2064.00;27.21;E0_1_1200m;5.00;172;173;10.56;27.53
2100.00;2400.00;1728.00;25.43;E0_0_1300m;5.00;144;145;9.44;25.57
2100.00;2400.00;2088.00;26.94;E0_1_1300m;5.00;174;174;10.77;27.28
2100.00;2400.00;1728.00;25.20;E0_0_1400m;5.00;144;144;9.52;25.34
2100.00;2400.00;2088.00;26.83;E0_1_1400m;5.00;174;174;10.81;27.14
2100.00;2400.00;1740.00;25.04;E0_0_1500m;5.00;145;145;9.65;25.17
2100.00;2400.00;2100.00;26.62;E0_1_1500m;5.00;175;175;10.95;26.94
2100.00;2400.00;1752.00;24.95;E0_0_1600m;5.00;146;146;9.75;25.07
2100.00;2400.00;2100.00;26.48;E0_1_1600m;5.00;175;175;11.01;26.80
2100.00;2400.00;1716.00;24.94;E0_0_1700m;5.00;143;143;9.56;25.06
2100.00;2400.00;2100.00;26.39;E0_1_1700m;5.00;175;175;11.05;26.71
2100.00;2400.00;1692.00;24.88;E0_0_1800m;5.00;141;141;9.45;25.00
2100.00;2400.00;2100.00;26.35;E0_1_1800m;5.00;175;175;11.07;26.67
2100.00;2400.00;1668.00;24.74;E0_0_1900m;5.00;139;139;9.36;24.87
2100.00;2400.00;2064.00;26.20;E0_1_1900m;5.00;172;173;10.97;26.51
2100.00;2400.00;1680.00;24.78;E0_0_2000m;5.00;140;139;9.39;24.90
2100.00;2400.00;2076.00;26.19;E0_1_2000m;5.00;173;173;11.01;26.51
2100.00;2400.00;1716.00;24.92;E0_0_2100m;5.00;143;143;9.56;25.06
2100.00;2400.00;2076.00;26.28;E0_1_2100m;5.00;173;173;11.00;26.61
2100.00;2400.00;1692.00;24.82;E0_0_2200m;5.00;141;142;9.48;24.94
2100.00;2400.00;2124.00;26.09;E0_1_2200m;5.00;177;177;11.31;26.43
2100.00;2400.00;1668.00;24.79;E0_0_2300m;5.00;139;139;9.35;24.91
2100.00;2400.00;2184.00;26.14;E0_1_2300m;5.00;182;182;11.60;26.46
2100.00;2400.00;1668.00;24.77;E0_0_2400m;5.00;139;139;9.35;24.90
2100.00;2400.00;2184.00;26.08;E0_1_2400m;5.00;182;182;11.63;26.40
2100.00;2400.00;1704.00;24.71;E0_0_2500m;5.00;142;142;9.58;24.84
2100.00;2400.00;2172.00;26.01;E0_1_2500m;5.00;181;181;11.60;26.34
2100.00;2400.00;1728.00;24.61;E0_0_2600m;5.00;144;144;9.75;24.73
2100.00;2400.00;2160.00;25.88;E0_1_2600m;5.00;180;181;11.63;26.19
2100.00;2400.00;1704.00;24.53;E0_0_2700m;5.00;142;142;9.65;24.63
2100.00;2400.00;2172.00;25.80;E0_1_2700m;5.00;181;181;11.69;26.09
2100.00;2400.00;1680.00;24.48;E0_0_2800m;5.00;140;140;9.53;24.59
2100.00;2400.00;2208.00;25.78;E0_1_2800m;5.00;184;184;11.89;26.06
2100.00;2400.00;1644.00;24.46;E0_0_2900m;5.00;137;137;9.33;24.57
2100.00;2400.00;2196.00;25.74;E0_1_2900m;5.00;183;183;11.85;26.02
2100.00;2400.00;1644.00;24.47;E0_0_3000m;5.00;137;137;9.33;24.60
2100.00;2400.00;2208.00;25.80;E0_1_3000m;5.00;184;185;11.93;26.09
2100.00;2400.00;1656.00;24.38;E0_0_3100m;5.00;138;138;9.44;24.47
2100.00;2400.00;2196.00;25.86;E0_1_3100m;5.00;183;183;11.79;26.17
2100.00;2400.00;1704.00;24.42;E0_0_3200m;5.00;142;142;9.69;24.52
2100.00;2400.00;2172.00;25.82;E0_1_3200m;5.00;181;181;11.68;26.14
2100.00;2400.00;1716.00;24.35;E0_0_3300m;5.00;143;143;9.79;24.44
2100.00;2400.00;2172.00;25.80;E0_1_3300m;5.00;181;181;11.69;26.12
2100.00;2400.00;1704.00;24.29;E0_0_3400m;5.00;142;142;9.74;24.38
2100.00;2400.00;2172.00;25.62;E0_1_3400m;5.00;181;181;11.77;25.94
2100.00;2400.00;1668.00;24.21;E0_0_3500m;5.00;139;139;9.57;24.30
2100.00;2400.00;2136.00;25.53;E0_1_3500m;5.00;178;178;11.62;25.85
2100.00;2400.00;1656.00;24.10;E0_0_3600m;5.00;138;138;9.54;24.17
2100.00;2400.00;2112.00;25.47;E0_1_3600m;5.00;176;176;11.52;25.80
2100.00;2400.00;1668.00;24.04;E0_0_3700m;5.00;139;139;9.64;24.11
2100.00;2400.00;2136.00;25.47;E0_1_3700m;5.00;178;178;11.65;25.80
2100.00;2400.00;1692.00;24.02;E0_0_3800m;5.00;141;141;9.78;24.10
2100.00;2400.00;2136.00;25.43;E0_1_3800m;5.00;178;178;11.67;25.76
2100.00;2400.00;1680.00;23.97;E0_0_3900m;5.00;140;140;9.73;24.05
2100.00;2400.00;2148.00;25.38;E0_1_3900m;5.00;179;179;11.75;25.71
2100.00;2400.00;1704.00;23.93;E0_0_4000m;5.00;142;142;9.89;23.99
2100.00;2400.00;2148.00;25.34;E0_1_4000m;5.00;179;179;11.77;25.65
2100.00;2400.00;1740.00;23.92;E0_0_4100m;5.00;145;145;10.10;23.98
2100.00;2400.00;2184.00;25.34;E0_1_4100m;5.00;182;182;11.97;25.62
2100.00;2400.00;1740.00;23.88;E0_0_4200m;5.00;145;145;10.12;23.92
2100.00;2400.00;2184.00;25.33;E0_1_4200m;5.00;182;183;12.00;25.60
2100.00;2400.00;1716.00;23.78;E0_0_4300m;5.00;143;143;10.02;23.82
2100.00;2400.00;2208.00;25.33;E0_1_4300m;5.00;184;184;12.11;25.61
2100.00;2400.00;1716.00;23.76;E0_0_4400m;5.00;143;143;10.03;23.81
2100.00;2400.00;2208.00;25.35;E0_1_4400m;5.00;184;184;12.10;25.64
2100.00;2400.00;1716.00;23.75;E0_0_4500m;5.00;143;144;10.08;23.79
2100.00;2400.00;2196.00;25.39;E0_1_4500m;5.00;183;183;12.01;25.70
2100.00;2400.00;1704.00;23.71;E0_0_4600m;5.00;142;142;9.98;23.76
2100.00;2400.00;2220.00;25.38;E0_1_4600m;5.00;185;184;12.13;25.67
2100.00;2400.00;1716.00;23.71;E0_0_4700m;5.00;143;143;10.05;23.75
2100.00;2400.00;2208.00;25.34;E0_1_4700m;5.00;184;184;12.10;25.64
2100.00;2400.00;1728.00;23.68;E0_0_4800m;5.00;144;145;10.16;23.72
2100.00;2400.00;2208.00;25.40;E0_1_4800m;5.00;184;184;12.07;25.70
2100.00;2400.00;1776.00;23.74;E0_0_4900m;5.00;148;148;10.39;23.79
2100.00;2400.00;2184.00;25.42;E0_1_4900m;5.00;182;183;11.94;25.73
2100.00;2400.00;1764.00;23.76;E0_0_5000m;5.00;147;147;10.31;23.83
2100.00;2400.00;2184.00;25.44;E0_1_5000m;5.00;182;183;11.94;25.74
2400.00;2700.00;0.00;-1.00;E0_0_0m;-1.00;0;0;0.00;-1.00
2400.00;2700.00;0.00;-1.00;E0_1_0m;-1.00;0;0;0.00;-1.00
2400.00;2700.00;1908.00;26.85;E0_0_100m;5.00;159;159;9.87;26.95
2400.00;2700.00;2220.00;28.15;E0_1_100m;5.00;185;185;10.95;28.22
2400.00;2700.00;1908.00;26.64;E0_0_200m;5.00;159;159;9.95;26.75
2400.00;2700.00;2244.00;28.27;E0_1_200m;5.00;187;188;11.06;28.38
2400.00;2700.00;1908.00;26.71;E0_0_300m;5.00;159;159;9.92;26.81
2400.00;2700.00;2256.00;28.13;E0_1_300m;5.00;188;188;11.14;28.23
2400.00;2700.00;1908.00;26.71;E0_0_400m;5.00;159;159;9.92;26.82
2400.00;2700.00;2244.00;27.96;E0_1_400m;5.00;187;187;11.15;28.04
2400.00;2700.00;1908.00;26.69;E0_0_500m;5.00;159;159;9.93;26.81
2400.00;2700.00;2256.00;27.86;E0_1_500m;5.00;188;188;11.25;27.93
2400.00;2700.00;1872.00;26.79;E0_0_600m;5.00;156;157;9.74;26.90
2400.00;2700.00;2256.00;27.78;E0_1_600m;5.00;188;188;11.28;27.86
2400.00;2700.00;1896.00;26.82;E0_0_700m;5.00;158;157;9.79;26.93
2400.00;2700.00;2220.00;27.74;E0_1_700m;5.00;185;186;11.14;27.82
2400.00;2700.00;1872.00;26.82;E0_0_800m;5.00;156;156;9.69;26.92
2400.00;2700.00;2208.00;27.65;E0_1_800m;5.00;184;184;11.09;27.73
2400.00;2700.00;1860.00;26.76;E0_0_900m;5.00;155;155;9.65;26.85
2400.00;2700.00;2196.00;27.57;E0_1_900m;5.00;183;183;11.06;27.65
2400.00;2700.00;1848.00;26.65;E0_0_1000m;5.00;154;154;9.63;26.73
2400.00;2700.00;2196.00;27.47;E0_1_1000m;5.00;183;183;11.10;27.54
2400.00;2700.00;1860.00;26.45;E0_0_1100m;5.00;155;155;9.77;26.54
2400.00;2700.00;2208.00;27.40;E0_1_1100m;5.00;184;185;11.24;27.49
2400.00;2700.00;1896.00;26.29;E0_0_1200m;5.00;158;158;10.02;26.38
2400.00;2700.00;2208.00;27.32;E0_1_1200m;5.00;184;183;11.20;27.41
2400.00;2700.00;1908.00;26.25;E0_0_1300m;5.00;159;159;10.10;26.34
2400.00;2700.00;2196.00;27.23;E0_1_1300m;5.00;183;183;11.20;27.32
2400.00;2700.00;1920.00;26.20;E0_0_1400m;5.00;160;161;10.19;26.30
2400.00;2700.00;2172.00;27.20;E0_1_1400m;5.00;181;181;11.09;27.28
2400.00;2700.00;1908.00;26.18;E0_0_1500m;5.00;159;159;10.12;26.27
2400.00;2700.00;2184.00;27.14;E0_1_1500m;5.00;182;182;11.18;27.23
2400.00;2700.00;1884.00;26.13;E0_0_1600m;5.00;157;157;10.01;26.21
2400.00;2700.00;2196.00;27.14;E0_1_1600m;5.00;183;183;11.24;27.22
2400.00;2700.00;1896.00;26.09;E0_0_1700m;5.00;158;158;10.09;26.17
2400.00;2700.00;2196.00;27.11;E0_1_1700m;5.00;183;183;11.25;27.19
2400.00;2700.00;1872.00;26.18;E0_0_1800m;5.00;156;156;9.93;26.24
2400.00;2700.00;2184.00;27.11;E0_1_1800m;5.00;182;182;11.19;27.19
2400.00;2700.00;1872.00;26.27;E0_0_1900m;5.00;156;156;9.90;26.32
2400.00;2700.00;2196.00;27.07;E0_1_1900m;5.00;183;183;11.27;27.14
2400.00;2700.00;1872.00;26.18;E0_0_2000m;5.00;156;157;9.94;26.23
2400.00;2700.00;2208.00;26.98;E0_1_2000m;5.00;184;184;11.37;27.08
2400.00;2700.00;1872.00;26.11;E0_0_2100m;5.00;156;156;9.96;26.17
2400.00;2700.00;2244.00;26.99;E0_1_2100m;5.00;187;187;11.55;27.07
2400.00;2700.00;1824.00;26.11;E0_0_2200m;5.00;152;152;9.70;26.19
2400.00;2700.00;2232.00;27.00;E0_1_2200m;5.00;186;187;11.48;27.08
2400.00;2700.00;1812.00;26.07;E0_0_2300m;5.00;151;151;9.65;26.14
2400.00;2700.00;2196.00;27.04;E0_1_2300m;5.00;183;183;11.28;27.12
2400.00;2700.00;1800.00;25.93;E0_0_2400m;5.00;150;151;9.70;26.00
2400.00;2700.00;2196.00;26.99;E0_1_2400m;5.00;183;183;11.30;27.06
2400.00;2700.00;1788.00;25.83;E0_0_2500m;5.00;149;149;9.62;25.89
2400.00;2700.00;2184.00;26.89;E0_1_2500m;5.00;182;182;11.28;26.96
2400.00;2700.00;1812.00;25.83;E0_0_2600m;5.00;151;151;9.74;25.91
2400.00;2700.00;2160.00;26.86;E0_1_2600m;5.00;180;179;11.13;26.94
2400.00;2700.00;1836.00;25.91;E0_0_2700m;5.00;153;154;9.87;25.99
2400.00;2700.00;2148.00;26.87;E0_1_2700m;5.00;179;179;11.10;26.98
2400.00;2700.00;1848.00;25.96;E0_0_2800m;5.00;154;154;9.89;26.05
2400.00;2700.00;2112.00;26.85;E0_1_2800m;5.00;176;176;10.92;26.96
2400.00;2700.00;1848.00;25.90;E0_0_2900m;5.00;154;154;9.91;25.98
2400.00;2700.00;2112.00;26.81;E0_1_2900m;5.00;176;176;10.94;26.93
2400.00;2700.00;1860.00;25.90;E0_0_3000m;5.00;155;155;9.97;25.98
2400.00;2700.00;2100.00;26.80;E0_1_3000m;5.00;175;175;10.88;26.92
2400.00;2700.00;1848.00;25.91;E0_0_3100m;5.00;154;154;9.90;26.00
2400.00;2700.00;2124.00;26.73;E0_1_3100m;5.00;177;177;11.04;26.84
2400.00;2700.00;1836.00;25.86;E0_0_3200m;5.00;153;154;9.90;25.92
2400.00;2700.00;2136.00;26.74;E0_1_3200m;5.00;178;178;11.09;26.85
2400.00;2700.00;1860.00;25.84;E0_0_3300m;5.00;155;155;10.00;25.90
2400.00;2700.00;2124.00;26.79;E0_1_3300m;5.00;177;177;11.01;26.91
2400.00;2700.00;1860.00;25.82;E0_0_3400m;5.00;155;155;10.00;25.88
2400.00;2700.00;2112.00;26.87;E0_1_3400m;5.00;176;177;10.93;27.00
2400.00;2700.00;1860.00;25.82;E0_0_3500m;5.00;155;155;10.00;25.89
2400.00;2700.00;2124.00;26.95;E0_1_3500m;5.00;177;177;10.95;27.08
2400.00;2700.00;1848.00;25.80;E0_0_3600m;5.00;154;154;9.95;25.87
2400.00;2700.00;2112.00;27.03;E0_1_3600m;5.00;176;176;10.85;27.16
2400.00;2700.00;1824.00;25.73;E0_0_3700m;5.00;152;152;9.84;25.80
2400.00;2700.00;2076.00;27.10;E0_1_3700m;5.00;173;173;10.64;27.22
2400.00;2700.00;1812.00;25.75;E0_0_3800m;5.00;151;151;9.77;25.81
2400.00;2700.00;2088.00;27.25;E0_1_3800m;5.00;174;174;10.64;27.36
2400.00;2700.00;1800.00;25.76;E0_0_3900m;5.00;150;151;9.72;25.81
2400.00;2700.00;2160.00;27.27;E0_1_3900m;5.00;180;180;11.00;27.41
2400.00;2700.00;1836.00;25.59;E0_0_4000m;5.00;153;153;9.96;25.65
2400.00;2700.00;2160.00;27.39;E0_1_4000m;5.00;180;180;10.95;27.51
2400.00;2700.00;1824.00;25.44;E0_0_4100m;5.00;152;152;9.96;25.50
2400.00;2700.00;2124.00;27.41;E0_1_4100m;5.00;177;177;10.76;27.55
2400.00;2700.00;1848.00;25.33;E0_0_4200m;5.00;154;154;10.13;25.40
2400.00;2700.00;2160.00;27.41;E0_1_4200m;5.00;180;179;10.92;27.54
2400.00;2700.00;1872.00;25.21;E0_0_4300m;5.00;156;156;10.31;25.28
2400.00;2700.00;2160.00;27.38;E0_1_4300m;5.00;180;180;10.96;27.51
2400.00;2700.00;1884.00;25.09;E0_0_4400m;5.00;157;157;10.43;25.16
2400.00;2700.00;2172.00;27.32;E0_1_4400m;5.00;181;181;11.04;27.44
2400.00;2700.00;1896.00;24.93;E0_0_4500m;5.00;158;158;10.56;24.99
2400.00;2700.00;2172.00;27.27;E0_1_4500m;5.00;181;181;11.06;27.39
2400.00;2700.00;1908.00;24.87;E0_0_4600m;5.00;159;159;10.66;24.94
2400.00;2700.00;2160.00;27.16;E0_1_4600m;5.00;180;180;11.04;27.27
2400.00;2700.00;1896.00;24.84;E0_0_4700m;5.00;158;158;10.60;24.91
2400.00;2700.00;2172.00;27.09;E0_1_4700m;5.00;181;181;11.14;27.20
2400.00;2700.00;1848.00;24.81;E0_0_4800m;5.00;154;154;10.35;24.89
2400.00;2700.00;2208.00;27.03;E0_1_4800m;5.00;184;184;11.35;27.14
2400.00;2700.00;1824.00;24.77;E0_0_4900m;5.00;152;153;10.25;24.84
2400.00;2700.00;2208.00;27.01;E0_1_4900m;5.00;184;183;11.34;27.13
2400.00;2700.00;1848.00;24.95;E0_0_5000m;5.00;154;154;10.29;25.02
2400.00;2700.00;2184.00;26.97;E0_1_5000m;5.00;182;181;11.24;27.10
2700.00;3000.00;0.00;-1.00;E0_0_0m;-1.00;0;0;0.00;-1.00
2700.00;3000.00;0.00;-1.00;E0_1_0m;-1.00;0;0;0.00;-1.00
2700.00;3000.00;2100.00;26.12;E0_0_100m;5.00;175;175;11.17;26.26
2700.00;3000.00;2316.00;27.68;E0_1_100m;5.00;193;193;11.62;27.78
2700.00;3000.00;2016.00;25.92;E0_0_200m;5.00;168;168;10.80;26.12
2700.00;3000.00;2388.00;27.70;E0_1_200m;5.00;199;198;11.94;27.85
2700.00;3000.00;2016.00;25.78;E0_0_300m;5.00;168;168;10.86;25.97
2700.00;3000.00;2376.00;27.48;E0_1_300m;5.00;198;198;12.01;27.63
2700.00;3000.00;2016.00;25.80;E0_0_400m;5.00;168;168;10.85;26.01
2700.00;3000.00;2376.00;27.39;E0_1_400m;5.00;198;198;12.05;27.54
2700.00;3000.00;2004.00;25.66;E0_0_500m;5.00;167;167;10.85;25.87
2700.00;3000.00;2364.00;27.45;E0_1_500m;5.00;197;197;11.96;27.61
2700.00;3000.00;2016.00;25.64;E0_0_600m;5.00;168;167;10.88;25.82
2700.00;3000.00;2376.00;27.52;E0_1_600m;5.00;198;198;11.99;27.69
2700.00;3000.00;2052.00;25.63;E0_0_700m;5.00;171;171;11.12;25.80
2700.00;3000.00;2364.00;27.49;E0_1_700m;5.00;197;196;11.92;27.66
2700.00;3000.00;2076.00;25.55;E0_0_800m;5.00;173;173;11.28;25.72
2700.00;3000.00;2340.00;27.39;E0_1_800m;5.00;195;196;11.87;27.57
2700.00;3000.00;2076.00;25.41;E0_0_900m;5.00;173;174;11.36;25.57
2700.00;3000.00;2364.00;27.27;E0_1_900m;5.00;197;197;12.04;27.43
2700.00;3000.00;2088.00;25.21;E0_0_1000m;5.00;174;174;11.50;25.37
2700.00;3000.00;2376.00;27.16;E0_1_1000m;5.00;198;198;12.15;27.31
2700.00;3000.00;2028.00;25.13;E0_0_1100m;5.00;169;169;11.21;25.29
2700.00;3000.00;2400.00;27.04;E0_1_1100m;5.00;200;199;12.28;27.18
2700.00;3000.00;1980.00;25.13;E0_0_1200m;5.00;165;165;10.94;25.27
2700.00;3000.00;2400.00;26.91;E0_1_1200m;5.00;200;200;12.39;27.03
2700.00;3000.00;1968.00;25.17;E0_0_1300m;5.00;164;165;10.92;25.30
2700.00;3000.00;2400.00;26.82;E0_1_1300m;5.00;200;200;12.43;26.93
2700.00;3000.00;2004.00;25.12;E0_0_1400m;5.00;167;166;11.07;25.24
2700.00;3000.00;2400.00;26.69;E0_1_1400m;5.00;200;200;12.49;26.79
2700.00;3000.00;2016.00;25.04;E0_0_1500m;5.00;168;170;11.26;25.16
2700.00;3000.00;2388.00;26.60;E0_1_1500m;5.00;199;199;12.47;26.72
2700.00;3000.00;2040.00;24.83;E0_0_1600m;5.00;170;171;11.42;24.93
2700.00;3000.00;2412.00;26.40;E0_1_1600m;5.00;201;201;12.69;26.52
2700.00;3000.00;2040.00;24.73;E0_0_1700m;5.00;170;170;11.46;24.83
2700.00;3000.00;2460.00;26.24;E0_1_1700m;5.00;205;205;13.02;26.35
2700.00;3000.00;2052.00;24.65;E0_0_1800m;5.00;171;171;11.56;24.77
2700.00;3000.00;2472.00;26.19;E0_1_1800m;5.00;206;206;13.11;26.32
2700.00;3000.00;2040.00;24.72;E0_0_1900m;5.00;170;170;11.46;24.86
2700.00;3000.00;2484.00;26.22;E0_1_1900m;5.00;207;207;13.16;26.38
2700.00;3000.00;2016.00;24.87;E0_0_2000m;5.00;168;168;11.26;25.00
2700.00;3000.00;2436.00;26.22;E0_1_2000m;5.00;203;203;12.90;26.39
2700.00;3000.00;2004.00;24.88;E0_0_2100m;5.00;167;167;11.19;24.99
2700.00;3000.00;2376.00;26.22;E0_1_2100m;5.00;198;198;12.59;26.42
2700.00;3000.00;1992.00;24.71;E0_0_2200m;5.00;166;166;11.19;24.82
2700.00;3000.00;2388.00;26.24;E0_1_2200m;5.00;199;198;12.64;26.43
2700.00;3000.00;2016.00;24.66;E0_0_2300m;5.00;168;169;11.38;24.75
2700.00;3000.00;2364.00;26.28;E0_1_2300m;5.00;197;197;12.49;26.48
2700.00;3000.00;2004.00;24.76;E0_0_2400m;5.00;167;166;11.18;24.88
2700.00;3000.00;2376.00;26.35;E0_1_2400m;5.00;198;198;12.52;26.55
2700.00;3000.00;2016.00;24.78;E0_0_2500m;5.00;168;168;11.30;24.90
2700.00;3000.00;2364.00;26.38;E0_1_2500m;5.00;197;197;12.45;26.56
2700.00;3000.00;1968.00;24.71;E0_0_2600m;5.00;164;164;11.06;24.83
2700.00;3000.00;2376.00;26.43;E0_1_2600m;5.00;198;198;12.49;26.61
2700.00;3000.00;1944.00;24.69;E0_0_2700m;5.00;162;162;10.94;24.80
2700.00;3000.00;2364.00;26.47;E0_1_2700m;5.00;197;197;12.41;26.64
2700.00;3000.00;1932.00;24.76;E0_0_2800m;5.00;161;161;10.84;24.86
2700.00;3000.00;2364.00;26.48;E0_1_2800m;5.00;197;197;12.40;26.65
2700.00;3000.00;1944.00;24.73;E0_0_2900m;5.00;162;162;10.92;24.83
2700.00;3000.00;2340.00;26.51;E0_1_2900m;5.00;195;195;12.26;26.68
2700.00;3000.00;1956.00;24.72;E0_0_3000m;5.00;163;163;10.99;24.82
2700.00;3000.00;2328.00;26.53;E0_1_3000m;5.00;194;194;12.19;26.68
2700.00;3000.00;1956.00;24.80;E0_0_3100m;5.00;163;163;10.95;24.90
2700.00;3000.00;2304.00;26.54;E0_1_3100m;5.00;192;192;12.06;26.68
2700.00;3000.00;1932.00;24.90;E0_0_3200m;5.00;161;161;10.80;25.00
2700.00;3000.00;2292.00;26.50;E0_1_3200m;5.00;191;191;12.01;26.64
2700.00;3000.00;1908.00;24.80;E0_0_3300m;5.00;159;160;10.75;24.88
2700.00;3000.00;2292.00;26.52;E0_1_3300m;5.00;191;191;12.00;26.65
2700.00;3000.00;1932.00;24.53;E0_0_3400m;5.00;161;161;10.94;24.62
2700.00;3000.00;2280.00;26.46;E0_1_3400m;5.00;190;189;11.96;26.58
2700.00;3000.00;1956.00;24.51;E0_0_3500m;5.00;163;163;11.08;24.59
2700.00;3000.00;2256.00;26.39;E0_1_3500m;5.00;188;188;11.87;26.51
2700.00;3000.00;1944.00;24.51;E0_0_3600m;5.00;162;162;11.01;24.59
2700.00;3000.00;2256.00;26.32;E0_1_3600m;5.00;188;188;11.90;26.44
2700.00;3000.00;1920.00;24.65;E0_0_3700m;5.00;160;160;10.82;24.74
2700.00;3000.00;2268.00;26.24;E0_1_3700m;5.00;189;189;12.01;26.35
2700.00;3000.00;1896.00;24.70;E0_0_3800m;5.00;158;158;10.66;24.81
2700.00;3000.00;2256.00;26.19;E0_1_3800m;5.00;188;188;11.96;26.31
2700.00;3000.00;1860.00;24.65;E0_0_3900m;5.00;155;155;10.48;24.76
2700.00;3000.00;2232.00;26.17;E0_1_3900m;5.00;186;186;11.85;26.29
2700.00;3000.00;1848.00;24.74;E0_0_4000m;5.00;154;154;10.37;24.85
2700.00;3000.00;2244.00;26.14;E0_1_4000m;5.00;187;187;11.92;26.26
2700.00;3000.00;1860.00;24.80;E0_0_4100m;5.00;155;155;10.42;24.90
2700.00;3000.00;2280.00;26.11;E0_1_4100m;5.00;190;190;12.13;26.22
2700.00;3000.00;1884.00;24.68;E0_0_4200m;5.00;157;157;10.60;24.78
2700.00;3000.00;2268.00;26.08;E0_1_4200m;5.00;189;189;12.08;26.19
2700.00;3000.00;1872.00;24.74;E0_0_4300m;5.00;156;156;10.51;24.84
2700.00;3000.00;2268.00;26.12;E0_1_4300m;5.00;189;189;12.06;26.23
2700.00;3000.00;1848.00;24.84;E0_0_4400m;5.00;154;154;10.33;24.95
2700.00;3000.00;2268.00;26.16;E0_1_4400m;5.00;189;189;12.04;26.27
2700.00;3000.00;1848.00;24.69;E0_0_4500m;5.00;154;154;10.36;24.80
2700.00;3000.00;2268.00;26.22;E0_1_4500m;5.00;189;189;12.01;26.33
2700.00;3000.00;1836.00;24.61;E0_0_4600m;5.00;153;154;10.42;24.70
2700.00;3000.00;2268.00;26.33;E0_1_4600m;5.00;189;189;11.96;26.44
2700.00;3000.00;1872.00;24.52;E0_0_4700m;5.00;156;156;10.60;24.62
2700.00;3000.00;2244.00;26.40;E0_1_4700m;5.00;187;187;11.80;26.52
2700.00;3000.00;1896.00;24.53;E0_0_4800m;5.00;158;157;10.71;24.63
2700.00;3000.00;2220.00;26.31;E0_1_4800m;5.00;185;186;11.76;26.41
2700.00;3000.00;1884.00;24.50;E0_0_4900m;5.00;157;156;10.66;24.60
2700.00;3000.00;2244.00;26.29;E0_1_4900m;5.00;187;188;11.88;26.39
2700.00;3000.00;1896.00;24.50;E0_0_5000m;5.00;158;158;10.75;24.60
2700.00;3000.00;2280.00;26.34;E0_1_5000m;5.00;190;190;12.02;26.42
3000.00;3300.00;0.00;-1.00;E0_0_0m;-1.00;0;0;0.00;-1.00
3000.00;3300.00;0.00;-1.00;E0_1_0m;-1.00;0;0;0.00;-1.00
3000.00;3300.00;2016.00;25.76;E0_0_100m;5.00;168;168;10.87;25.87
3000.00;3300.00;2328.00;27.65;E0_1_100m;5.00;194;194;11.70;27.77
3000.00;3300.00;2016.00;25.83;E0_0_200m;5.00;168;168;10.84;25.92
3000.00;3300.00;2316.00;27.63;E0_1_200m;5.00;193;193;11.64;27.75
3000.00;3300.00;2016.00;25.58;E0_0_300m;5.00;168;168;10.95;25.68
3000.00;3300.00;2316.00;27.46;E0_1_300m;5.00;193;194;11.77;27.58
3000.00;3300.00;1992.00;25.31;E0_0_400m;5.00;166;166;10.93;25.44
3000.00;3300.00;2340.00;27.18;E0_1_400m;5.00;195;195;11.96;27.29
3000.00;3300.00;1992.00;25.08;E0_0_500m;5.00;166;166;11.03;25.21
3000.00;3300.00;2352.00;26.95;E0_1_500m;5.00;196;196;12.12;27.06
3000.00;3300.00;1980.00;24.91;E0_0_600m;5.00;165;166;11.10;25.03
3000.00;3300.00;2364.00;26.84;E0_1_600m;5.00;197;197;12.23;26.95
3000.00;3300.00;1944.00;24.89;E0_0_700m;5.00;162;162;10.85;25.01
3000.00;3300.00;2376.00;26.85;E0_1_700m;5.00;198;198;12.29;26.96
3000.00;3300.00;1956.00;25.00;E0_0_800m;5.00;163;163;10.87;25.13
3000.00;3300.00;2352.00;27.01;E0_1_800m;5.00;196;195;12.09;27.12
3000.00;3300.00;1944.00;24.96;E0_0_900m;5.00;162;161;10.80;25.07
3000.00;3300.00;2340.00;27.03;E0_1_900m;5.00;195;195;12.02;27.14
3000.00;3300.00;1896.00;24.77;E0_0_1000m;5.00;158;158;10.63;24.87
3000.00;3300.00;2364.00;26.99;E0_1_1000m;5.00;197;197;12.17;27.08
3000.00;3300.00;1920.00;24.61;E0_0_1100m;5.00;160;160;10.84;24.71
3000.00;3300.00;2340.00;27.01;E0_1_1100m;5.00;195;195;12.03;27.10
3000.00;3300.00;1968.00;24.58;E0_0_1200m;5.00;164;164;11.12;24.67
3000.00;3300.00;2352.00;26.90;E0_1_1200m;5.00;196;196;12.14;26.98
3000.00;3300.00;1992.00;24.57;E0_0_1300m;5.00;166;165;11.20;24.65
3000.00;3300.00;2376.00;26.84;E0_1_1300m;5.00;198;198;12.30;26.93
3000.00;3300.00;1956.00;24.62;E0_0_1400m;5.00;163;163;11.03;24.70
3000.00;3300.00;2388.00;26.85;E0_1_1400m;5.00;199;199;12.35;26.94
3000.00;3300.00;1956.00;24.71;E0_0_1500m;5.00;163;162;10.97;24.80
3000.00;3300.00;2388.00;26.82;E0_1_1500m;5.00;199;199;12.37;26.92
3000.00;3300.00;1932.00;24.70;E0_0_1600m;5.00;161;162;10.88;24.78
3000.00;3300.00;2376.00;26.70;E0_1_1600m;5.00;198;198;12.36;26.80
3000.00;3300.00;1932.00;24.57;E0_0_1700m;5.00;161;161;10.92;24.65
3000.00;3300.00;2352.00;26.68;E0_1_1700m;5.00;196;196;12.24;26.77
3000.00;3300.00;1956.00;24.55;E0_0_1800m;5.00;163;163;11.07;24.63
3000.00;3300.00;2328.00;26.69;E0_1_1800m;5.00;194;194;12.11;26.77
3000.00;3300.00;1944.00;24.47;E0_0_1900m;5.00;162;163;11.07;24.56
3000.00;3300.00;2328.00;26.56;E0_1_1900m;5.00;194;194;12.17;26.64
3000.00;3300.00;1944.00;24.49;E0_0_2000m;5.00;162;162;11.02;24.58
3000.00;3300.00;2340.00;26.43;E0_1_2000m;5.00;195;195;12.29;26.50
3000.00;3300.00;1920.00;24.51;E0_0_2100m;5.00;160;160;10.88;24.58
3000.00;3300.00;2388.00;26.30;E0_1_2100m;5.00;199;199;12.61;26.36
3000.00;3300.00;1908.00;24.41;E0_0_2200m;5.00;159;159;10.85;24.48
3000.00;3300.00;2388.00;26.23;E0_1_2200m;5.00;199;199;12.65;26.29
3000.00;3300.00;1932.00;24.34;E0_0_2300m;5.00;161;160;11.00;24.41
3000.00;3300.00;2424.00;26.17;E0_1_2300m;5.00;202;202;12.86;26.23
3000.00;3300.00;1932.00;24.42;E0_0_2400m;5.00;161;162;11.03;24.50
3000.00;3300.00;2448.00;26.18;E0_1_2400m;5.00;204;204;12.99;26.26
3000.00;3300.00;1932.00;24.46;E0_0_2500m;5.00;161;161;10.97;24.54
3000.00;3300.00;2448.00;26.30;E0_1_2500m;5.00;204;204;12.93;26.39
3000.00;3300.00;1932.00;24.29;E0_0_2600m;5.00;161;161;11.05;24.37
3000.00;3300.00;2448.00;26.34;E0_1_2600m;5.00;204;204;12.91;26.44
3000.00;3300.00;1944.00;24.24;E0_0_2700m;5.00;162;162;11.14;24.33
3000.00;3300.00;2448.00;26.35;E0_1_2700m;5.00;204;205;12.96;26.45
3000.00;3300.00;1968.00;24.21;E0_0_2800m;5.00;164;164;11.29;24.31
3000.00;3300.00;2436.00;26.36;E0_1_2800m;5.00;203;203;12.83;26.47
3000.00;3300.00;1992.00;24.18;E0_0_2900m;5.00;166;166;11.44;24.26
3000.00;3300.00;2436.00;26.39;E0_1_2900m;5.00;203;203;12.82;26.52
3000.00;3300.00;1980.00;24.25;E0_0_3000m;5.00;165;165;11.34;24.33
3000.00;3300.00;2436.00;26.42;E0_1_3000m;5.00;203;203;12.81;26.58
3000.00;3300.00;1980.00;24.14;E0_0_3100m;5.00;165;165;11.39;24.24
3000.00;3300.00;2436.00;26.41;E0_1_3100m;5.00;203;204;12.81;26.59
3000.00;3300.00;1980.00;24.17;E0_0_3200m;5.00;165;164;11.32;24.27
3000.00;3300.00;2448.00;26.42;E0_1_3200m;5.00;204;204;12.87;26.60
3000.00;3300.00;1980.00;24.12;E0_0_3300m;5.00;165;164;11.34;24.24
3000.00;3300.00;2460.00;26.47;E0_1_3300m;5.00;205;205;12.91;26.66
3000.00;3300.00;1992.00;24.07;E0_0_3400m;5.00;166;166;11.49;24.18
3000.00;3300.00;2436.00;26.38;E0_1_3400m;5.00;203;203;12.83;26.55
3000.00;3300.00;1980.00;23.99;E0_0_3500m;5.00;165;165;11.46;24.10
3000.00;3300.00;2460.00;26.25;E0_1_3500m;5.00;205;205;13.02;26.39
3000.00;3300.00;2004.00;23.96;E0_0_3600m;5.00;167;167;11.61;24.07
3000.00;3300.00;2460.00;26.19;E0_1_3600m;5.00;205;205;13.05;26.33
3000.00;3300.00;2040.00;24.02;E0_0_3700m;5.00;170;170;11.80;24.12
3000.00;3300.00;2448.00;26.08;E0_1_3700m;5.00;204;204;13.04;26.22
3000.00;3300.00;2064.00;24.10;E0_0_3800m;5.00;172;172;11.89;24.20
3000.00;3300.00;2436.00;25.93;E0_1_3800m;5.00;203;204;13.05;26.07
3000.00;3300.00;2040.00;24.05;E0_0_3900m;5.00;170;170;11.78;24.12
3000.00;3300.00;2448.00;25.80;E0_1_3900m;5.00;204;205;13.20;25.94
3000.00;3300.00;2016.00;23.94;E0_0_4000m;5.00;168;169;11.76;24.01
3000.00;3300.00;2400.00;25.75;E0_1_4000m;5.00;200;201;12.99;25.91
3000.00;3300.00;1992.00;23.86;E0_0_4100m;5.00;166;166;11.60;23.92
3000.00;3300.00;2376.00;25.70;E0_1_4100m;5.00;198;198;12.84;25.86
3000.00;3300.00;1944.00;23.77;E0_0_4200m;5.00;162;163;11.36;23.82
3000.00;3300.00;2352.00;25.63;E0_1_4200m;5.00;196;196;12.75;25.77
3000.00;3300.00;1944.00;23.66;E0_0_4300m;5.00;162;162;11.41;23.71
3000.00;3300.00;2340.00;25.54;E0_1_4300m;5.00;195;195;12.72;25.68
3000.00;3300.00;1968.00;23.67;E0_0_4400m;5.00;164;164;11.55;23.73
3000.00;3300.00;2364.00;25.49;E0_1_4400m;5.00;197;197;12.88;25.62
3000.00;3300.00;1992.00;23.66;E0_0_4500m;5.00;166;165;11.68;23.71
3000.00;3300.00;2388.00;25.45;E0_1_4500m;5.00;199;199;13.03;25.58
3000.00;3300.00;2004.00;23.64;E0_0_4600m;5.00;167;166;11.72;23.67
3000.00;3300.00;2412.00;25.48;E0_1_4600m;5.00;201;201;13.15;25.60
3000.00;3300.00;2004.00;23.72;E0_0_4700m;5.00;167;168;11.79;23.75
3000.00;3300.00;2448.00;25.55;E0_1_4700m;5.00;204;204;13.31;25.68
3000.00;3300.00;2004.00;23.72;E0_0_4800m;5.00;167;167;11.73;23.76
3000.00;3300.00;2472.00;25.69;E0_1_4800m;5.00;206;205;13.32;25.83
3000.00;3300.00;2016.00;23.61;E0_0_4900m;5.00;168;168;11.86;23.65
3000.00;3300.00;2448.00;25.80;E0_1_4900m;5.00;204;203;13.15;25.93
3000.00;3300.00;1980.00;23.49;E0_0_5000m;5.00;165;165;11.71;23.55
3000.00;3300.00;2436.00;25.91;E0_1_5000m;5.00;203;203;13.06;26.04
3300.00;3600.00;0.00;-1.00;E0_0_0m;-1.00;0;0;0.00;-1.00
3300.00;3600.00;0.00;-1.00;E0_1_0m;-1.00;0;0;0.00;-1.00
3300.00;3600.00;2112.00;25.12;E0_0_100m;5.00;176;176;11.68;25.22
3300.00;3600.00;2328.00;26.54;E0_1_100m;5.00;194;195;12.19;26.66
3300.00;3600.00;2160.00;25.03;E0_0_200m;5.00;180;180;11.99;25.13
3300.00;3600.00;2292.00;26.83;E0_1_200m;5.00;191;192;11.87;26.96
3300.00;3600.00;2160.00;25.00;E0_0_300m;5.00;180;180;12.00;25.09
3300.00;3600.00;2328.00;26.60;E0_1_300m;5.00;194;193;12.10;26.71
3300.00;3600.00;2124.00;24.99;E0_0_400m;5.00;177;177;11.80;25.07
3300.00;3600.00;2364.00;26.44;E0_1_400m;5.00;197;197;12.42;26.54
3300.00;3600.00;2124.00;25.10;E0_0_500m;5.00;177;177;11.75;25.18
3300.00;3600.00;2352.00;26.39;E0_1_500m;5.00;196;196;12.38;26.49
3300.00;3600.00;2124.00;25.06;E0_0_600m;5.00;177;177;11.75;25.13
3300.00;3600.00;2340.00;26.20;E0_1_600m;5.00;195;195;12.40;26.31
3300.00;3600.00;2124.00;24.66;E0_0_700m;5.00;177;177;11.96;24.75
3300.00;3600.00;2340.00;25.85;E0_1_700m;5.00;195;195;12.57;25.95
3300.00;3600.00;2100.00;24.58;E0_0_800m;5.00;175;175;11.86;24.67
3300.00;3600.00;2364.00;25.42;E0_1_800m;5.00;197;198;12.92;25.51
3300.00;3600.00;2112.00;24.42;E0_0_900m;5.00;176;176;12.01;24.51
3300.00;3600.00;2364.00;25.12;E0_1_900m;5.00;197;197;13.07;25.22
3300.00;3600.00;2124.00;24.32;E0_0_1000m;5.00;177;177;12.13;24.40
3300.00;3600.00;2364.00;24.83;E0_1_1000m;5.00;197;197;13.22;24.93
3300.00;3600.00;2136.00;24.20;E0_0_1100m;5.00;178;178;12.26;24.28
3300.00;3600.00;2352.00;24.58;E0_1_1100m;5.00;196;196;13.29;24.66
3300.00;3600.00;2112.00;24.16;E0_0_1200m;5.00;176;176;12.14;24.22
3300.00;3600.00;2328.00;24.38;E0_1_1200m;5.00;194;194;13.26;24.47
3300.00;3600.00;2064.00;24.07;E0_0_1300m;5.00;172;172;11.91;24.14
3300.00;3600.00;2316.00;24.26;E0_1_1300m;5.00;193;193;13.26;24.35
3300.00;3600.00;2064.00;23.96;E0_0_1400m;5.00;172;172;11.96;24.01
3300.00;3600.00;2328.00;24.20;E0_1_1400m;5.00;194;194;13.36;24.28
3300.00;3600.00;2052.00;23.76;E0_0_1500m;5.00;171;171;11.99;23.80
3300.00;3600.00;2340.00;24.08;E0_1_1500m;5.00;195;195;13.50;24.15
3300.00;3600.00;2040.00;23.66;E0_0_1600m;5.00;170;171;12.01;23.70
3300.00;3600.00;2340.00;23.93;E0_1_1600m;5.00;195;195;13.58;23.99
3300.00;3600.00;2040.00;23.64;E0_0_1700m;5.00;170;170;11.99;23.68
3300.00;3600.00;2316.00;23.87;E0_1_1700m;5.00;193;193;13.48;23.91
3300.00;3600.00;2004.00;23.62;E0_0_1800m;5.00;167;167;11.78;23.66
3300.00;3600.00;2340.00;23.87;E0_1_1800m;5.00;195;195;13.61;23.93
3300.00;3600.00;2016.00;23.67;E0_0_1900m;5.00;168;168;11.83;23.71
3300.00;3600.00;2328.00;23.95;E0_1_1900m;5.00;194;194;13.50;24.01
3300.00;3600.00;2016.00;23.65;E0_0_2000m;5.00;168;168;11.84;23.68
3300.00;3600.00;2316.00;23.92;E0_1_2000m;5.00;193;193;13.45;23.97
3300.00;3600.00;1992.00;23.59;E0_0_2100m;5.00;166;166;11.73;23.62
3300.00;3600.00;2316.00;23.89;E0_1_2100m;5.00;193;193;13.46;23.94
3300.00;3600.00;1992.00;23.50;E0_0_2200m;5.00;166;166;11.77;23.55
3300.00;3600.00;2316.00;23.91;E0_1_2200m;5.00;193;193;13.45;23.97
3300.00;3600.00;1968.00;23.42;E0_0_2300m;5.00;164;165;11.70;23.48
3300.00;3600.00;2268.00;23.89;E0_1_2300m;5.00;189;189;13.18;23.96
3300.00;3600.00;1956.00;23.37;E0_0_2400m;5.00;163;164;11.64;23.43
3300.00;3600.00;2244.00;23.84;E0_1_2400m;5.00;187;188;13.09;23.89
3300.00;3600.00;1968.00;23.34;E0_0_2500m;5.00;164;164;11.71;23.40
3300.00;3600.00;2232.00;23.83;E0_1_2500m;5.00;186;186;13.01;23.88
3300.00;3600.00;1968.00;23.46;E0_0_2600m;5.00;164;164;11.65;23.50
3300.00;3600.00;2232.00;23.87;E0_1_2600m;5.00;186;186;12.99;23.92
3300.00;3600.00;1956.00;23.55;E0_0_2700m;5.00;163;163;11.54;23.58
3300.00;3600.00;2256.00;23.91;E0_1_2700m;5.00;188;187;13.05;23.96
3300.00;3600.00;1968.00;23.60;E0_0_2800m;5.00;164;164;11.58;23.63
3300.00;3600.00;2292.00;23.98;E0_1_2800m;5.00;191;191;13.28;24.04
3300.00;3600.00;2016.00;23.61;E0_0_2900m;5.00;168;168;11.86;23.65
3300.00;3600.00;2280.00;24.05;E0_1_2900m;5.00;190;190;13.17;24.14
3300.00;3600.00;2004.00;23.71;E0_0_3000m;5.00;167;167;11.74;23.74
3300.00;3600.00;2280.00;24.14;E0_1_3000m;5.00;190;191;13.14;24.24
3300.00;3600.00;2004.00;23.75;E0_0_3100m;5.00;167;167;11.72;23.78
3300.00;3600.00;2292.00;24.23;E0_1_3100m;5.00;191;191;13.14;24.35
3300.00;3600.00;2040.00;23.75;E0_0_3200m;5.00;170;170;11.93;23.78
3300.00;3600.00;2316.00;24.33;E0_1_3200m;5.00;193;193;13.22;24.45
3300.00;3600.00;2076.00;23.72;E0_0_3300m;5.00;173;173;12.16;23.75
3300.00;3600.00;2340.00;24.42;E0_1_3300m;5.00;195;195;13.31;24.54
3300.00;3600.00;2076.00;23.66;E0_0_3400m;5.00;173;173;12.18;23.70
3300.00;3600.00;2364.00;24.55;E0_1_3400m;5.00;197;198;13.42;24.68
3300.00;3600.00;2100.00;23.64;E0_0_3500m;5.00;175;175;12.34;23.68
3300.00;3600.00;2340.00;24.56;E0_1_3500m;5.00;195;195;13.23;24.70
3300.00;3600.00;2064.00;23.77;E0_0_3600m;5.00;172;172;12.06;23.81
3300.00;3600.00;2352.00;24.51;E0_1_3600m;5.00;196;196;13.33;24.64
3300.00;3600.00;2028.00;23.75;E0_0_3700m;5.00;169;169;11.86;23.80
3300.00;3600.00;2364.00;24.47;E0_1_3700m;5.00;197;197;13.42;24.60
3300.00;3600.00;2016.00;23.72;E0_0_3800m;5.00;168;168;11.80;23.77
3300.00;3600.00;2352.00;24.41;E0_1_3800m;5.00;196;195;13.38;24.53
3300.00;3600.00;2016.00;23.72;E0_0_3900m;5.00;168;168;11.81;23.76
3300.00;3600.00;2352.00;24.32;E0_1_3900m;5.00;196;195;13.41;24.43
3300.00;3600.00;2028.00;23.71;E0_0_4000m;5.00;169;168;11.82;23.74
3300.00;3600.00;2340.00;24.26;E0_1_4000m;5.00;195;194;13.35;24.35
3300.00;3600.00;2016.00;23.73;E0_0_4100m;5.00;168;168;11.80;23.77
3300.00;3600.00;2328.00;24.24;E0_1_4100m;5.00;194;195;13.35;24.33
3300.00;3600.00;2004.00;23.85;E0_0_4200m;5.00;167;166;11.67;23.89
3300.00;3600.00;2340.00;24.25;E0_1_4200m;5.00;195;196;13.45;24.34
3300.00;3600.00;1992.00;23.88;E0_0_4300m;5.00;166;166;11.59;23.93
3300.00;3600.00;2340.00;24.28;E0_1_4300m;5.00;195;196;13.39;24.37
3300.00;3600.00;1956.00;23.88;E0_0_4400m;5.00;163;163;11.37;23.94
3300.00;3600.00;2340.00;24.32;E0_1_4400m;5.00;195;196;13.38;24.42
3300.00;3600.00;1944.00;23.95;E0_0_4500m;5.00;162;163;11.31;24.01
3300.00;3600.00;2304.00;24.37;E0_1_4500m;5.00;192;192;13.13;24.48
3300.00;3600.00;1932.00;24.01;E0_0_4600m;5.00;161;161;11.18;24.07
3300.00;3600.00;2280.00;24.35;E0_1_4600m;5.00;190;190;13.00;24.46
3300.00;3600.00;1920.00;24.00;E0_0_4700m;5.00;160;159;11.06;24.07
3300.00;3600.00;2244.00;24.32;E0_1_4700m;5.00;187;187;12.82;24.41
3300.00;3600.00;1920.00;24.01;E0_0_4800m;5.00;160;160;11.11;24.07
3300.00;3600.00;2232.00;24.35;E0_1_4800m;5.00;186;186;12.73;24.44
3300.00;3600.00;1920.00;24.07;E0_0_4900m;5.00;160;160;11.08;24.13
3300.00;3600.00;2232.00;24.47;E0_1_4900m;5.00;186;186;12.67;24.58
3300.00;3600.00;1896.00;24.16;E0_0_5000m;5.00;158;158;10.90;24.22
3300.00;3600.00;2244.00;24.61;E0_1_5000m;5.00;187;187;12.66;24.74
3600.00;3900.00;0.00;-1.00;E0_0_0m;-1.00;0;0;0.00;-1.00
3600.00;3900.00;0.00;-1.00;E0_1_0m;-1.00;0;0;0.00;-1.00
3600.00;3900.00;1872.00;25.55;E0_0_100m;5.00;156;156;10.18;25.71
3600.00;3900.00;2184.00;26.74;E0_1_100m;5.00;182;181;11.34;26.92
3600.00;3900.00;1896.00;25.83;E0_0_200m;5.00;158;158;10.19;26.05
3600.00;3900.00;2184.00;27.07;E0_1_200m;5.00;182;182;11.25;27.32
3600.00;3900.00;1908.00;25.62;E0_0_300m;5.00;159;159;10.34;25.79
3600.00;3900.00;2196.00;26.96;E0_1_300m;5.00;183;183;11.31;27.21
3600.00;3900.00;1920.00;25.40;E0_0_400m;5.00;160;161;10.51;25.57
3600.00;3900.00;2208.00;26.76;E0_1_400m;5.00;184;185;11.48;27.02
3600.00;3900.00;1944.00;25.11;E0_0_500m;5.00;162;162;10.75;25.28
3600.00;3900.00;2208.00;26.63;E0_1_500m;5.00;184;184;11.51;26.87
3600.00;3900.00;1956.00;24.77;E0_0_600m;5.00;163;162;10.93;24.91
3600.00;3900.00;2244.00;26.45;E0_1_600m;5.00;187;188;11.81;26.68
3600.00;3900.00;1956.00;24.48;E0_0_700m;5.00;163;163;11.10;24.62
3600.00;3900.00;2244.00;26.22;E0_1_700m;5.00;187;187;11.88;26.43
3600.00;3900.00;1968.00;24.33;E0_0_800m;5.00;164;164;11.23;24.45
3600.00;3900.00;2256.00;26.02;E0_1_800m;5.00;188;187;12.03;26.22
3600.00;3900.00;1980.00;24.10;E0_0_900m;5.00;165;165;11.41;24.18
3600.00;3900.00;2268.00;25.76;E0_1_900m;5.00;189;189;12.23;25.94
3600.00;3900.00;1980.00;23.92;E0_0_1000m;5.00;165;165;11.50;23.98
3600.00;3900.00;2280.00;25.39;E0_1_1000m;5.00;190;190;12.47;25.55
3600.00;3900.00;2004.00;23.78;E0_0_1100m;5.00;167;167;11.70;23.85
3600.00;3900.00;2328.00;25.15;E0_1_1100m;5.00;194;194;12.86;25.30
3600.00;3900.00;1992.00;23.63;E0_0_1200m;5.00;166;167;11.74;23.69
3600.00;3900.00;2340.00;24.90;E0_1_1200m;5.00;195;195;13.05;25.05
3600.00;3900.00;2004.00;23.49;E0_0_1300m;5.00;167;167;11.85;23.56
3600.00;3900.00;2340.00;24.69;E0_1_1300m;5.00;195;195;13.16;24.84
3600.00;3900.00;2016.00;23.32;E0_0_1400m;5.00;168;168;12.01;23.37
3600.00;3900.00;2352.00;24.56;E0_1_1400m;5.00;196;196;13.30;24.70
3600.00;3900.00;2016.00;23.23;E0_0_1500m;5.00;168;168;12.05;23.29
3600.00;3900.00;2376.00;24.51;E0_1_1500m;5.00;198;198;13.46;24.68
3600.00;3900.00;1980.00;23.30;E0_0_1600m;5.00;165;164;11.76;23.37
3600.00;3900.00;2412.00;24.50;E0_1_1600m;5.00;201;201;13.68;24.67
3600.00;3900.00;1992.00;23.26;E0_0_1700m;5.00;166;166;11.89;23.35
3600.00;3900.00;2412.00;24.48;E0_1_1700m;5.00;201;201;13.68;24.66
3600.00;3900.00;2028.00;23.19;E0_0_1800m;5.00;169;169;12.14;23.27
3600.00;3900.00;2424.00;24.38;E0_1_1800m;5.00;202;202;13.81;24.54
3600.00;3900.00;2064.00;23.15;E0_0_1900m;5.00;172;172;12.38;23.20
3600.00;3900.00;2424.00;24.10;E0_1_1900m;5.00;202;202;13.97;24.23
3600.00;3900.00;2100.00;23.12;E0_0_2000m;5.00;175;175;12.61;23.16
3600.00;3900.00;2424.00;23.88;E0_1_2000m;5.00;202;203;14.12;23.99
3600.00;3900.00;2088.00;23.05;E0_0_2100m;5.00;174;174;12.58;23.09
3600.00;3900.00;2448.00;23.73;E0_1_2100m;5.00;204;205;14.33;23.82
3600.00;3900.00;2100.00;22.96;E0_0_2200m;5.00;175;175;12.70;22.98
3600.00;3900.00;2448.00;23.64;E0_1_2200m;5.00;204;205;14.43;23.72
3600.00;3900.00;2100.00;22.91;E0_0_2300m;5.00;175;174;12.70;22.93
3600.00;3900.00;2448.00;23.58;E0_1_2300m;5.00;204;204;14.42;23.65
3600.00;3900.00;2112.00;22.90;E0_0_2400m;5.00;176;175;12.79;22.91
3600.00;3900.00;2448.00;23.55;E0_1_2400m;5.00;204;203;14.41;23.61
3600.00;3900.00;2100.00;22.93;E0_0_2500m;5.00;175;175;12.72;22.95
3600.00;3900.00;2448.00;23.50;E0_1_2500m;5.00;204;204;14.47;23.55
3600.00;3900.00;2112.00;22.96;E0_0_2600m;5.00;176;176;12.77;22.98
3600.00;3900.00;2448.00;23.44;E0_1_2600m;5.00;204;204;14.51;23.48
3600.00;3900.00;2112.00;22.92;E0_0_2700m;5.00;176;176;12.80;22.93
3600.00;3900.00;2436.00;23.42;E0_1_2700m;5.00;203;203;14.45;23.46
3600.00;3900.00;2100.00;22.88;E0_0_2800m;5.00;175;175;12.75;22.89
3600.00;3900.00;2388.00;23.43;E0_1_2800m;5.00;199;200;14.17;23.47
3600.00;3900.00;2088.00;22.84;E0_0_2900m;5.00;174;175;12.77;22.85
3600.00;3900.00;2352.00;23.46;E0_1_2900m;5.00;196;197;13.99;23.50
3600.00;3900.00;2112.00;22.79;E0_0_3000m;5.00;176;176;12.87;22.80
3600.00;3900.00;2352.00;23.38;E0_1_3000m;5.00;196;196;13.99;23.42
3600.00;3900.00;2088.00;22.77;E0_0_3100m;5.00;174;175;12.75;22.78
3600.00;3900.00;2352.00;23.30;E0_1_3100m;5.00;196;196;14.02;23.32
3600.00;3900.00;2064.00;22.77;E0_0_3200m;5.00;172;172;12.59;22.78
3600.00;3900.00;2328.00;23.28;E0_1_3200m;5.00;194;194;13.89;23.30
3600.00;3900.00;2028.00;22.73;E0_0_3300m;5.00;169;169;12.39;22.75
3600.00;3900.00;2292.00;23.29;E0_1_3300m;5.00;191;191;13.67;23.31
3600.00;3900.00;2004.00;22.79;E0_0_3400m;5.00;167;168;12.24;22.81
3600.00;3900.00;2280.00;23.33;E0_1_3400m;5.00;190;189;13.53;23.35
3600.00;3900.00;1992.00;22.86;E0_0_3500m;5.00;166;166;12.10;22.88
3600.00;3900.00;2268.00;23.38;E0_1_3500m;5.00;189;189;13.47;23.41
3600.00;3900.00;2004.00;22.90;E0_0_3600m;5.00;167;167;12.15;22.92
3600.00;3900.00;2256.00;23.42;E0_1_3600m;5.00;188;188;13.38;23.45
3600.00;3900.00;2004.00;22.89;E0_0_3700m;5.00;167;167;12.16;22.91
3600.00;3900.00;2244.00;23.39;E0_1_3700m;5.00;187;188;13.33;23.41
3600.00;3900.00;2004.00;23.01;E0_0_3800m;5.00;167;167;12.10;23.02
3600.00;3900.00;2244.00;23.36;E0_1_3800m;5.00;187;187;13.34;23.38
3600.00;3900.00;2004.00;23.07;E0_0_3900m;5.00;167;167;12.06;23.08
3600.00;3900.00;2244.00;23.35;E0_1_3900m;5.00;187;187;13.35;23.37
3600.00;3900.00;2004.00;22.99;E0_0_4000m;5.00;167;167;12.11;23.01
3600.00;3900.00;2256.00;23.36;E0_1_4000m;5.00;188;188;13.41;23.37
3600.00;3900.00;2004.00;22.91;E0_0_4100m;5.00;167;167;12.15;22.95
3600.00;3900.00;2244.00;23.38;E0_1_4100m;5.00;187;186;13.32;23.39
3600.00;3900.00;2016.00;22.99;E0_0_4200m;5.00;168;168;12.18;23.02
3600.00;3900.00;2244.00;23.40;E0_1_4200m;5.00;187;186;13.27;23.41
3600.00;3900.00;2028.00;23.13;E0_0_4300m;5.00;169;169;12.18;23.16
3600.00;3900.00;2256.00;23.43;E0_1_4300m;5.00;188;187;13.37;23.44
3600.00;3900.00;2052.00;23.22;E0_0_4400m;5.00;171;171;12.27;23.24
3600.00;3900.00;2292.00;23.45;E0_1_4400m;5.00;191;190;13.56;23.46
3600.00;3900.00;2088.00;23.21;E0_0_4500m;5.00;174;173;12.46;23.23
3600.00;3900.00;2328.00;23.49;E0_1_4500m;5.00;194;194;13.76;23.50
3600.00;3900.00;2100.00;23.23;E0_0_4600m;5.00;175;175;12.56;23.25
3600.00;3900.00;2328.00;23.55;E0_1_4600m;5.00;194;194;13.73;23.56
3600.00;3900.00;2088.00;23.31;E0_0_4700m;5.00;174;174;12.44;23.33
3600.00;3900.00;2328.00;23.62;E0_1_4700m;5.00;194;194;13.69;23.63
3600.00;3900.00;2076.00;23.37;E0_0_4800m;5.00;173;173;12.34;23.38
3600.00;3900.00;2328.00;23.70;E0_1_4800m;5.00;194;194;13.64;23.71
3600.00;3900.00;2076.00;23.44;E0_0_4900m;5.00;173;173;12.30;23.46
3600.00;3900.00;2328.00;23.80;E0_1_4900m;5.00;194;194;13.59;23.81
3600.00;3900.00;2064.00;23.45;E0_0_5000m;5.00;172;172;12.22;23.47
3600.00;3900.00;2340.00;23.91;E0_1_5000m;5.00;195;195;13.59;23.93
3900.00;4200.00;0.00;-1.00;E0_0_0m;-1.00;0;0;0.00;-1.00
3900.00;4200.00;0.00;-1.00;E0_1_0m;-1.00;0;0;0.00;-1.00
3900.00;4200.00;1824.00;26.09;E0_0_100m;5.00;152;152;9.71;26.25
3900.00;4200.00;2208.00;27.37;E0_1_100m;5.00;184;185;11.22;27.51
3900.00;4200.00;1836.00;26.32;E0_0_200m;5.00;153;153;9.69;26.48
3900.00;4200.00;2184.00;27.53;E0_1_200m;5.00;182;182;11.02;27.70
3900.00;4200.00;1860.00;26.17;E0_0_300m;5.00;155;155;9.87;26.32
3900.00;4200.00;2124.00;27.51;E0_1_300m;5.00;177;177;10.72;27.67
3900.00;4200.00;1848.00;26.07;E0_0_400m;5.00;154;154;9.84;26.24
3900.00;4200.00;2112.00;27.46;E0_1_400m;5.00;176;175;10.67;27.61
3900.00;4200.00;1836.00;25.99;E0_0_500m;5.00;153;153;9.81;26.15
3900.00;4200.00;2124.00;27.42;E0_1_500m;5.00;177;177;10.76;27.56
3900.00;4200.00;1812.00;25.95;E0_0_600m;5.00;151;151;9.70;26.10
3900.00;4200.00;2100.00;27.41;E0_1_600m;5.00;175;174;10.61;27.54
3900.00;4200.00;1776.00;25.96;E0_0_700m;5.00;148;148;9.50;26.09
3900.00;4200.00;2124.00;27.38;E0_1_700m;5.00;177;177;10.77;27.52
3900.00;4200.00;1788.00;26.01;E0_0_800m;5.00;149;149;9.55;26.11
3900.00;4200.00;2124.00;27.31;E0_1_800m;5.00;177;177;10.80;27.44
3900.00;4200.00;1800.00;25.84;E0_0_900m;5.00;150;150;9.68;25.94
3900.00;4200.00;2136.00;27.23;E0_1_900m;5.00;178;178;10.89;27.35
3900.00;4200.00;1800.00;25.74;E0_0_1000m;5.00;150;150;9.71;25.86
3900.00;4200.00;2148.00;27.15;E0_1_1000m;5.00;179;179;10.99;27.26
3900.00;4200.00;1776.00;25.61;E0_0_1100m;5.00;148;148;9.63;25.74
3900.00;4200.00;2112.00;27.02;E0_1_1100m;5.00;176;176;10.85;27.13
3900.00;4200.00;1776.00;25.45;E0_0_1200m;5.00;148;147;9.66;25.58
3900.00;4200.00;2100.00;27.05;E0_1_1200m;5.00;175;175;10.78;27.16
3900.00;4200.00;1764.00;25.34;E0_0_1300m;5.00;147;147;9.67;25.48
3900.00;4200.00;2160.00;27.03;E0_1_1300m;5.00;180;180;11.10;27.14
3900.00;4200.00;1776.00;25.35;E0_0_1400m;5.00;148;148;9.73;25.50
3900.00;4200.00;2160.00;27.05;E0_1_1400m;5.00;180;180;11.09;27.17
3900.00;4200.00;1752.00;25.59;E0_0_1500m;5.00;146;146;9.51;25.73
3900.00;4200.00;2160.00;27.11;E0_1_1500m;5.00;180;181;11.10;27.23
3900.00;4200.00;1788.00;25.53;E0_0_1600m;5.00;149;149;9.73;25.65
3900.00;4200.00;2160.00;27.20;E0_1_1600m;5.00;180;180;11.03;27.33
3900.00;4200.00;1824.00;25.39;E0_0_1700m;5.00;152;152;9.98;25.51
3900.00;4200.00;2136.00;27.23;E0_1_1700m;5.00;178;178;10.90;27.35
3900.00;4200.00;1848.00;25.21;E0_0_1800m;5.00;154;154;10.18;25.34
3900.00;4200.00;2112.00;27.24;E0_1_1800m;5.00;176;176;10.77;27.35
3900.00;4200.00;1848.00;25.11;E0_0_1900m;5.00;154;154;10.22;25.23
3900.00;4200.00;2100.00;27.20;E0_1_1900m;5.00;175;175;10.72;27.31
3900.00;4200.00;1788.00;25.02;E0_0_2000m;5.00;149;149;9.92;25.14
3900.00;4200.00;2148.00;27.12;E0_1_2000m;5.00;179;178;10.97;27.23
3900.00;4200.00;1776.00;24.85;E0_0_2100m;5.00;148;148;9.93;24.96
3900.00;4200.00;2148.00;26.99;E0_1_2100m;5.00;179;178;11.05;27.10
3900.00;4200.00;1776.00;24.73;E0_0_2200m;5.00;148;148;9.97;24.84
3900.00;4200.00;2160.00;26.87;E0_1_2200m;5.00;180;179;11.12;26.99
3900.00;4200.00;1800.00;24.61;E0_0_2300m;5.00;150;150;10.16;24.72
3900.00;4200.00;2148.00;26.81;E0_1_2300m;5.00;179;179;11.13;26.95
3900.00;4200.00;1788.00;24.65;E0_0_2400m;5.00;149;149;10.08;24.75
3900.00;4200.00;2196.00;26.79;E0_1_2400m;5.00;183;183;11.38;26.93
3900.00;4200.00;1788.00;24.61;E0_0_2500m;5.00;149;149;10.09;24.71
3900.00;4200.00;2196.00;26.81;E0_1_2500m;5.00;183;183;11.38;26.95
3900.00;4200.00;1776.00;24.57;E0_0_2600m;5.00;148;148;10.04;24.67
3900.00;4200.00;2196.00;26.79;E0_1_2600m;5.00;183;183;11.39;26.94
3900.00;4200.00;1776.00;24.53;E0_0_2700m;5.00;148;149;10.09;24.62
3900.00;4200.00;2184.00;26.70;E0_1_2700m;5.00;182;182;11.36;26.85
3900.00;4200.00;1752.00;24.46;E0_0_2800m;5.00;146;146;9.95;24.56
3900.00;4200.00;2220.00;26.56;E0_1_2800m;5.00;185;185;11.60;26.72
3900.00;4200.00;1740.00;24.39;E0_0_2900m;5.00;145;144;9.84;24.50
3900.00;4200.00;2232.00;26.36;E0_1_2900m;5.00;186;186;11.73;26.51
3900.00;4200.00;1716.00;24.17;E0_0_3000m;5.00;143;143;9.86;24.29
3900.00;4200.00;2244.00;26.13;E0_1_3000m;5.00;187;188;11.96;26.30
3900.00;4200.00;1728.00;24.12;E0_0_3100m;5.00;144;143;9.93;24.23
3900.00;4200.00;2256.00;25.99;E0_1_3100m;5.00;188;188;12.06;26.19
3900.00;4200.00;1716.00;24.05;E0_0_3200m;5.00;143;143;9.91;24.17
3900.00;4200.00;2256.00;25.87;E0_1_3200m;5.00;188;189;12.14;26.10
3900.00;4200.00;1740.00;23.92;E0_0_3300m;5.00;145;145;10.11;24.05
3900.00;4200.00;2256.00;25.87;E0_1_3300m;5.00;188;188;12.11;26.12
3900.00;4200.00;1800.00;23.78;E0_0_3400m;5.00;150;149;10.48;23.91
3900.00;4200.00;2220.00;25.79;E0_1_3400m;5.00;185;186;11.96;26.07
3900.00;4200.00;1800.00;23.72;E0_0_3500m;5.00;150;150;10.54;23.83
3900.00;4200.00;2220.00;25.51;E0_1_3500m;5.00;185;185;12.09;25.77
3900.00;4200.00;1824.00;23.62;E0_0_3600m;5.00;152;152;10.73;23.74
3900.00;4200.00;2208.00;25.30;E0_1_3600m;5.00;184;184;12.12;25.57
3900.00;4200.00;1836.00;23.44;E0_0_3700m;5.00;153;153;10.88;23.56
3900.00;4200.00;2220.00;25.13;E0_1_3700m;5.00;185;185;12.31;25.41
3900.00;4200.00;1824.00;23.33;E0_0_3800m;5.00;152;152;10.86;23.45
3900.00;4200.00;2244.00;25.01;E0_1_3800m;5.00;187;187;12.46;25.29
3900.00;4200.00;1800.00;23.14;E0_0_3900m;5.00;150;150;10.80;23.28
3900.00;4200.00;2268.00;24.93;E0_1_3900m;5.00;189;189;12.64;25.22
3900.00;4200.00;1800.00;23.14;E0_0_4000m;5.00;150;150;10.80;23.26
3900.00;4200.00;2268.00;24.83;E0_1_4000m;5.00;189;189;12.69;25.13
3900.00;4200.00;1836.00;23.15;E0_0_4100m;5.00;153;153;11.02;23.25
3900.00;4200.00;2316.00;24.69;E0_1_4100m;5.00;193;193;13.03;24.99
3900.00;4200.00;1860.00;23.20;E0_0_4200m;5.00;155;155;11.14;23.31
3900.00;4200.00;2352.00;24.58;E0_1_4200m;5.00;196;196;13.29;24.87
3900.00;4200.00;1872.00;23.18;E0_0_4300m;5.00;156;156;11.22;23.29
3900.00;4200.00;2340.00;24.50;E0_1_4300m;5.00;195;195;13.27;24.79
3900.00;4200.00;1872.00;23.13;E0_0_4400m;5.00;156;156;11.24;23.24
3900.00;4200.00;2316.00;24.52;E0_1_4400m;5.00;193;193;13.12;24.83
3900.00;4200.00;1860.00;23.17;E0_0_4500m;5.00;155;155;11.15;23.28
3900.00;4200.00;2256.00;24.49;E0_1_4500m;5.00;188;188;12.79;24.80
3900.00;4200.00;1848.00;23.19;E0_0_4600m;5.00;154;154;11.07;23.29
3900.00;4200.00;2256.00;24.44;E0_1_4600m;5.00;188;189;12.85;24.73
3900.00;4200.00;1848.00;23.25;E0_0_4700m;5.00;154;154;11.04;23.36
3900.00;4200.00;2268.00;24.42;E0_1_4700m;5.00;189;189;12.90;24.69
3900.00;4200.00;1848.00;23.36;E0_0_4800m;5.00;154;154;10.99;23.47
3900.00;4200.00;2268.00;24.42;E0_1_4800m;5.00;189;189;12.90;24.68
3900.00;4200.00;1836.00;23.49;E0_0_4900m;5.00;153;154;10.89;23.60
3900.00;4200.00;2268.00;24.47;E0_1_4900m;5.00;189;189;12.87;24.71
3900.00;4200.00;1824.00;23.69;E0_0_5000m;5.00;152;152;10.69;23.81
3900.00;4200.00;2280.00;24.55;E0_1_5000m;5.00;190;190;12.90;24.78
4200.00;4500.00;0.00;-1.00;E0_0_0m;-1.00;0;0;0.00;-1.00
4200.00;4500.00;0.00;-1.00;E0_1_0m;-1.00;0;0;0.00;-1.00
4200.00;4500.00;1884.00;25.96;E0_0_100m;5.00;157;157;10.08;26.03
4200.00;4500.00;2280.00;27.16;E0_1_100m;5.00;190;189;11.65;27.25
4200.00;4500.00;1884.00;25.96;E0_0_200m;5.00;157;159;10.08;26.03
4200.00;4500.00;2280.00;27.15;E0_1_200m;5.00;190;190;11.66;27.30
4200.00;4500.00;1848.00;26.12;E0_0_300m;5.00;154;154;9.83;26.20
4200.00;4500.00;2292.00;27.23;E0_1_300m;5.00;191;191;11.69;27.32
4200.00;4500.00;1836.00;26.23;E0_0_400m;5.00;153;153;9.72;26.30
4200.00;4500.00;2304.00;27.16;E0_1_400m;5.00;192;192;11.78;27.24
4200.00;4500.00;1848.00;26.22;E0_0_500m;5.00;154;154;9.79;26.27
4200.00;4500.00;2292.00;27.07;E0_1_500m;5.00;191;191;11.76;27.14
4200.00;4500.00;1824.00;26.20;E0_0_600m;5.00;152;153;9.67;26.24
4200.00;4500.00;2328.00;26.87;E0_1_600m;5.00;194;194;12.04;26.94
4200.00;4500.00;1848.00;26.17;E0_0_700m;5.00;154;154;9.81;26.21
4200.00;4500.00;2316.00;26.91;E0_1_700m;5.00;193;193;11.96;26.95
4200.00;4500.00;1872.00;26.10;E0_0_800m;5.00;156;156;9.96;26.15
4200.00;4500.00;2292.00;26.95;E0_1_800m;5.00;191;191;11.81;27.01
4200.00;4500.00;1872.00;26.01;E0_0_900m;5.00;156;156;9.99;26.08
4200.00;4500.00;2256.00;27.05;E0_1_900m;5.00;188;188;11.58;27.13
4200.00;4500.00;1860.00;25.92;E0_0_1000m;5.00;155;156;10.01;25.99
4200.00;4500.00;2232.00;26.95;E0_1_1000m;5.00;186;187;11.54;27.03
4200.00;4500.00;1872.00;25.86;E0_0_1100m;5.00;156;156;10.06;25.92
4200.00;4500.00;2232.00;26.83;E0_1_1100m;5.00;186;186;11.56;26.91
4200.00;4500.00;1884.00;25.76;E0_0_1200m;5.00;157;157;10.16;25.81
4200.00;4500.00;2244.00;26.65;E0_1_1200m;5.00;187;188;11.71;26.72
4200.00;4500.00;1860.00;25.61;E0_0_1300m;5.00;155;155;10.09;25.65
4200.00;4500.00;2232.00;26.52;E0_1_1300m;5.00;186;186;11.69;26.58
4200.00;4500.00;1836.00;25.52;E0_0_1400m;5.00;153;153;9.99;25.56
4200.00;4500.00;2220.00;26.45;E0_1_1400m;5.00;185;185;11.66;26.50
4200.00;4500.00;1836.00;25.36;E0_0_1500m;5.00;153;153;10.06;25.41
4200.00;4500.00;2220.00;26.43;E0_1_1500m;5.00;185;185;11.67;26.48
4200.00;4500.00;1812.00;25.39;E0_0_1600m;5.00;151;151;9.91;25.45
4200.00;4500.00;2268.00;26.50;E0_1_1600m;5.00;189;189;11.89;26.56
4200.00;4500.00;1812.00;25.37;E0_0_1700m;5.00;151;151;9.92;25.43
4200.00;4500.00;2244.00;26.60;E0_1_1700m;5.00;187;187;11.72;26.67
4200.00;4500.00;1800.00;25.33;E0_0_1800m;5.00;150;150;9.87;25.39
4200.00;4500.00;2184.00;26.58;E0_1_1800m;5.00;182;183;11.43;26.67
4200.00;4500.00;1788.00;25.34;E0_0_1900m;5.00;149;149;9.80;25.40
4200.00;4500.00;2184.00;26.52;E0_1_1900m;5.00;182;182;11.44;26.60
4200.00;4500.00;1752.00;25.41;E0_0_2000m;5.00;146;147;9.58;25.47
4200.00;4500.00;2196.00;26.49;E0_1_2000m;5.00;183;183;11.51;26.57
4200.00;4500.00;1788.00;25.56;E0_0_2100m;5.00;149;149;9.72;25.62
4200.00;4500.00;2172.00;26.52;E0_1_2100m;5.00;181;182;11.40;26.61
4200.00;4500.00;1764.00;25.67;E0_0_2200m;5.00;147;147;9.54;25.73
4200.00;4500.00;2184.00;26.51;E0_1_2200m;5.00;182;182;11.44;26.60
4200.00;4500.00;1752.00;25.65;E0_0_2300m;5.00;146;146;9.49;25.71
4200.00;4500.00;2196.00;26.49;E0_1_2300m;5.00;183;183;11.51;26.57
4200.00;4500.00;1740.00;25.58;E0_0_2400m;5.00;145;145;9.45;25.64
4200.00;4500.00;2172.00;26.46;E0_1_2400m;5.00;181;181;11.40;26.53
4200.00;4500.00;1728.00;25.52;E0_0_2500m;5.00;144;144;9.41;25.56
4200.00;4500.00;2184.00;26.44;E0_1_2500m;5.00;182;182;11.47;26.51
4200.00;4500.00;1776.00;25.37;E0_0_2600m;5.00;148;148;9.72;25.41
4200.00;4500.00;2184.00;26.46;E0_1_2600m;5.00;182;182;11.46;26.54
4200.00;4500.00;1812.00;25.30;E0_0_2700m;5.00;151;150;9.92;25.33
4200.00;4500.00;2172.00;26.51;E0_1_2700m;5.00;181;181;11.38;26.60
4200.00;4500.00;1824.00;25.19;E0_0_2800m;5.00;152;152;10.06;25.22
4200.00;4500.00;2184.00;26.43;E0_1_2800m;5.00;182;181;11.47;26.52
4200.00;4500.00;1860.00;25.19;E0_0_2900m;5.00;155;155;10.26;25.22
4200.00;4500.00;2220.00;26.35;E0_1_2900m;5.00;185;184;11.67;26.43
4200.00;4500.00;1884.00;25.18;E0_0_3000m;5.00;157;157;10.39;25.22
4200.00;4500.00;2220.00;26.25;E0_1_3000m;5.00;185;184;11.69;26.33
4200.00;4500.00;1908.00;25.16;E0_0_3100m;5.00;159;159;10.53;25.20
4200.00;4500.00;2196.00;26.21;E0_1_3100m;5.00;183;184;11.64;26.29
4200.00;4500.00;1908.00;25.19;E0_0_3200m;5.00;159;159;10.52;25.23
4200.00;4500.00;2196.00;26.14;E0_1_3200m;5.00;183;184;11.69;26.22
4200.00;4500.00;1908.00;25.22;E0_0_3300m;5.00;159;159;10.51;25.25
4200.00;4500.00;2196.00;26.10;E0_1_3300m;5.00;183;184;11.73;26.18
4200.00;4500.00;1896.00;25.22;E0_0_3400m;5.00;158;158;10.44;25.25
4200.00;4500.00;2208.00;26.06;E0_1_3400m;5.00;184;184;11.77;26.14
4200.00;4500.00;1908.00;25.27;E0_0_3500m;5.00;159;159;10.49;25.30
4200.00;4500.00;2208.00;25.98;E0_1_3500m;5.00;184;184;11.80;26.06
4200.00;4500.00;1908.00;25.26;E0_0_3600m;5.00;159;160;10.53;25.29
4200.00;4500.00;2196.00;25.94;E0_1_3600m;5.00;183;183;11.76;26.02
4200.00;4500.00;1884.00;25.33;E0_0_3700m;5.00;157;157;10.33;25.37
4200.00;4500.00;2220.00;25.90;E0_1_3700m;5.00;185;184;11.85;25.98
4200.00;4500.00;1884.00;25.33;E0_0_3800m;5.00;157;157;10.33;25.38
4200.00;4500.00;2208.00;25.89;E0_1_3800m;5.00;184;184;11.84;25.97
4200.00;4500.00;1896.00;25.29;E0_0_3900m;5.00;158;158;10.41;25.33
4200.00;4500.00;2196.00;25.82;E0_1_3900m;5.00;183;184;11.84;25.90
4200.00;4500.00;1872.00;25.18;E0_0_4000m;5.00;156;156;10.32;25.22
4200.00;4500.00;2232.00;25.75;E0_1_4000m;5.00;186;187;12.05;25.81
4200.00;4500.00;1812.00;25.05;E0_0_4100m;5.00;151;151;10.05;25.09
4200.00;4500.00;2232.00;25.77;E0_1_4100m;5.00;186;186;12.03;25.83
4200.00;4500.00;1836.00;25.00;E0_0_4200m;5.00;153;153;10.20;25.04
4200.00;4500.00;2160.00;25.79;E0_1_4200m;5.00;180;180;11.63;25.85
4200.00;4500.00;1848.00;25.07;E0_0_4300m;5.00;154;154;10.24;25.10
4200.00;4500.00;2148.00;25.81;E0_1_4300m;5.00;179;179;11.56;25.88
4200.00;4500.00;1812.00;25.06;E0_0_4400m;5.00;151;151;10.04;25.09
4200.00;4500.00;2136.00;25.81;E0_1_4400m;5.00;178;178;11.49;25.87
4200.00;4500.00;1788.00;24.98;E0_0_4500m;5.00;149;149;9.94;25.01
4200.00;4500.00;2172.00;25.87;E0_1_4500m;5.00;181;181;11.66;25.94
4200.00;4500.00;1812.00;24.97;E0_0_4600m;5.00;151;151;10.08;25.01
4200.00;4500.00;2148.00;25.92;E0_1_4600m;5.00;179;178;11.48;25.99
4200.00;4500.00;1812.00;24.84;E0_0_4700m;5.00;151;151;10.13;24.88
4200.00;4500.00;2136.00;25.85;E0_1_4700m;5.00;178;178;11.48;25.91
4200.00;4500.00;1824.00;24.78;E0_0_4800m;5.00;152;153;10.23;24.81
4200.00;4500.00;2124.00;25.82;E0_1_4800m;5.00;177;177;11.42;25.88
4200.00;4500.00;1836.00;24.72;E0_0_4900m;5.00;153;152;10.29;24.75
4200.00;4500.00;2136.00;25.86;E0_1_4900m;5.00;178;178;11.47;25.92
4200.00;4500.00;1884.00;24.68;E0_0_5000m;5.00;157;157;10.60;24.72
4200.00;4500.00;2124.00;25.96;E0_1_5000m;5.00;177;177;11.36;26.04
4500.00;4800.00;0.00;-1.00;E0_0_0m;-1.00;0;0;0.00;-1.00
4500.00;4800.00;0.00;-1.00;E0_1_0m;-1.00;0;0;0.00;-1.00
4500.00;4800.00;1812.00;26.48;E0_0_100m;5.00;151;151;9.50;26.62
4500.00;4800.00;2124.00;27.75;E0_1_100m;5.00;177;177;10.63;27.88
4500.00;4800.00;1824.00;26.37;E0_0_200m;5.00;152;152;9.61;26.54
4500.00;4800.00;2088.00;28.14;E0_1_200m;5.00;174;174;10.31;28.32
4500.00;4800.00;1800.00;26.47;E0_0_300m;5.00;150;150;9.44;26.61
4500.00;4800.00;2124.00;28.00;E0_1_300m;5.00;177;177;10.53;28.20
4500.00;4800.00;1800.00;26.39;E0_0_400m;5.00;150;151;9.50;26.51
4500.00;4800.00;2112.00;27.91;E0_1_400m;5.00;176;176;10.51;28.11
4500.00;4800.00;1788.00;26.32;E0_0_500m;5.00;149;150;9.49;26.44
4500.00;4800.00;2100.00;27.83;E0_1_500m;5.00;175;175;10.48;28.02
4500.00;4800.00;1788.00;26.22;E0_0_600m;5.00;149;149;9.47;26.34
4500.00;4800.00;2112.00;27.71;E0_1_600m;5.00;176;176;10.58;27.89
4500.00;4800.00;1764.00;26.27;E0_0_700m;5.00;147;148;9.38;26.38
4500.00;4800.00;2124.00;27.71;E0_1_700m;5.00;177;177;10.65;27.90
4500.00;4800.00;1740.00;26.30;E0_0_800m;5.00;145;146;9.19;26.40
4500.00;4800.00;2112.00;27.44;E0_1_800m;5.00;176;177;10.73;27.64
4500.00;4800.00;1752.00;26.30;E0_0_900m;5.00;146;146;9.25;26.39
4500.00;4800.00;2136.00;27.34;E0_1_900m;5.00;178;178;10.85;27.48
4500.00;4800.00;1764.00;26.18;E0_0_1000m;5.00;147;146;9.31;26.27
4500.00;4800.00;2172.00;27.18;E0_1_1000m;5.00;181;180;11.06;27.31
4500.00;4800.00;1764.00;26.08;E0_0_1100m;5.00;147;147;9.39;26.17
4500.00;4800.00;2184.00;27.04;E0_1_1100m;5.00;182;182;11.22;27.17
4500.00;4800.00;1764.00;26.00;E0_0_1200m;5.00;147;147;9.42;26.09
4500.00;4800.00;2196.00;26.92;E0_1_1200m;5.00;183;182;11.31;27.04
4500.00;4800.00;1788.00;26.06;E0_0_1300m;5.00;149;149;9.53;26.15
4500.00;4800.00;2184.00;26.85;E0_1_1300m;5.00;182;182;11.30;26.96
4500.00;4800.00;1788.00;26.01;E0_0_1400m;5.00;149;149;9.55;26.10
4500.00;4800.00;2172.00;26.83;E0_1_1400m;5.00;181;181;11.25;26.93
4500.00;4800.00;1800.00;25.96;E0_0_1500m;5.00;150;150;9.63;26.06
4500.00;4800.00;2172.00;26.72;E0_1_1500m;5.00;181;181;11.29;26.82
4500.00;4800.00;1776.00;25.78;E0_0_1600m;5.00;148;148;9.57;25.89
4500.00;4800.00;2148.00;26.73;E0_1_1600m;5.00;179;180;11.17;26.84
4500.00;4800.00;1788.00;25.81;E0_0_1700m;5.00;149;149;9.62;25.91
4500.00;4800.00;2136.00;26.74;E0_1_1700m;5.00;178;179;11.11;26.87
4500.00;4800.00;1800.00;25.80;E0_0_1800m;5.00;150;150;9.69;25.90
4500.00;4800.00;2136.00;26.75;E0_1_1800m;5.00;178;178;11.09;26.90
4500.00;4800.00;1812.00;25.80;E0_0_1900m;5.00;151;151;9.76;25.90
4500.00;4800.00;2136.00;26.73;E0_1_1900m;5.00;178;178;11.10;26.88
4500.00;4800.00;1860.00;25.74;E0_0_2000m;5.00;155;154;10.04;25.83
4500.00;4800.00;2160.00;26.68;E0_1_2000m;5.00;180;180;11.24;26.83
4500.00;4800.00;1860.00;25.66;E0_0_2100m;5.00;155;155;10.07;25.76
4500.00;4800.00;2184.00;26.62;E0_1_2100m;5.00;182;181;11.37;26.77
4500.00;4800.00;1860.00;25.58;E0_0_2200m;5.00;155;155;10.10;25.68
4500.00;4800.00;2196.00;26.57;E0_1_2200m;5.00;183;183;11.48;26.73
4500.00;4800.00;1860.00;25.47;E0_0_2300m;5.00;155;155;10.14;25.57
4500.00;4800.00;2196.00;26.54;E0_1_2300m;5.00;183;183;11.49;26.70
4500.00;4800.00;1872.00;25.36;E0_0_2400m;5.00;156;156;10.25;25.45
4500.00;4800.00;2208.00;26.50;E0_1_2400m;5.00;184;184;11.57;26.65
4500.00;4800.00;1896.00;25.29;E0_0_2500m;5.00;158;158;10.41;25.39
4500.00;4800.00;2208.00;26.45;E0_1_2500m;5.00;184;184;11.59;26.59
4500.00;4800.00;1848.00;25.28;E0_0_2600m;5.00;154;154;10.15;25.37
4500.00;4800.00;2208.00;26.38;E0_1_2600m;5.00;184;185;11.69;26.50
4500.00;4800.00;1824.00;25.30;E0_0_2700m;5.00;152;152;10.01;25.38
4500.00;4800.00;2220.00;26.40;E0_1_2700m;5.00;185;185;11.68;26.52
4500.00;4800.00;1812.00;25.50;E0_0_2800m;5.00;151;151;9.87;25.57
4500.00;4800.00;2220.00;26.44;E0_1_2800m;5.00;185;186;11.70;26.56
4500.00;4800.00;1824.00;25.51;E0_0_2900m;5.00;152;152;9.93;25.59
4500.00;4800.00;2160.00;26.42;E0_1_2900m;5.00;180;180;11.35;26.54
4500.00;4800.00;1812.00;25.46;E0_0_3000m;5.00;151;151;9.88;25.53
4500.00;4800.00;2148.00;26.32;E0_1_3000m;5.00;179;179;11.34;26.42
4500.00;4800.00;1824.00;25.39;E0_0_3100m;5.00;152;152;9.98;25.46
4500.00;4800.00;2136.00;26.27;E0_1_3100m;5.00;178;177;11.29;26.38
4500.00;4800.00;1824.00;25.49;E0_0_3200m;5.00;152;153;9.97;25.55
4500.00;4800.00;2160.00;26.20;E0_1_3200m;5.00;180;179;11.43;26.30
4500.00;4800.00;1800.00;25.35;E0_0_3300m;5.00;150;150;9.86;25.41
4500.00;4800.00;2172.00;26.28;E0_1_3300m;5.00;181;180;11.44;26.38
4500.00;4800.00;1812.00;25.28;E0_0_3400m;5.00;151;151;9.95;25.34
4500.00;4800.00;2148.00;26.34;E0_1_3400m;5.00;179;179;11.32;26.45
4500.00;4800.00;1800.00;25.24;E0_0_3500m;5.00;150;150;9.90;25.29
4500.00;4800.00;2160.00;26.29;E0_1_3500m;5.00;180;180;11.41;26.37
4500.00;4800.00;1788.00;25.13;E0_0_3600m;5.00;149;148;9.84;25.18
4500.00;4800.00;2172.00;26.28;E0_1_3600m;5.00;181;181;11.48;26.36
4500.00;4800.00;1776.00;25.08;E0_0_3700m;5.00;148;149;9.85;25.14
4500.00;4800.00;2172.00;26.33;E0_1_3700m;5.00;181;181;11.46;26.41
4500.00;4800.00;1788.00;25.05;E0_0_3800m;5.00;149;149;9.91;25.12
4500.00;4800.00;2172.00;26.40;E0_1_3800m;5.00;181;181;11.43;26.50
4500.00;4800.00;1800.00;25.01;E0_0_3900m;5.00;150;150;10.00;25.08
4500.00;4800.00;2172.00;26.45;E0_1_3900m;5.00;181;180;11.37;26.55
4500.00;4800.00;1788.00;24.91;E0_0_4000m;5.00;149;149;9.97;24.98
4500.00;4800.00;2160.00;26.51;E0_1_4000m;5.00;180;179;11.30;26.61
4500.00;4800.00;1788.00;24.79;E0_0_4100m;5.00;149;149;10.02;24.87
4500.00;4800.00;2148.00;26.65;E0_1_4100m;5.00;179;179;11.20;26.75
4500.00;4800.00;1776.00;24.71;E0_0_4200m;5.00;148;148;9.98;24.79
4500.00;4800.00;2136.00;26.81;E0_1_4200m;5.00;178;178;11.07;26.90
4500.00;4800.00;1764.00;24.62;E0_0_4300m;5.00;147;147;9.95;24.71
4500.00;4800.00;2124.00;26.96;E0_1_4300m;5.00;177;177;10.94;27.04
4500.00;4800.00;1776.00;24.63;E0_0_4400m;5.00;148;148;10.01;24.72
4500.00;4800.00;2124.00;27.01;E0_1_4400m;5.00;177;177;10.92;27.07
4500.00;4800.00;1764.00;24.71;E0_0_4500m;5.00;147;147;9.92;24.80
4500.00;4800.00;2124.00;27.04;E0_1_4500m;5.00;177;177;10.91;27.09
4500.00;4800.00;1788.00;24.75;E0_0_4600m;5.00;149;149;10.03;24.84
4500.00;4800.00;2124.00;26.97;E0_1_4600m;5.00;177;177;10.94;27.01
4500.00;4800.00;1836.00;24.71;E0_0_4700m;5.00;153;153;10.32;24.79
4500.00;4800.00;2148.00;26.84;E0_1_4700m;5.00;179;179;11.12;26.87
4500.00;4800.00;1848.00;24.63;E0_0_4800m;5.00;154;154;10.42;24.72
4500.00;4800.00;2208.00;26.66;E0_1_4800m;5.00;184;184;11.50;26.71
4500.00;4800.00;1884.00;24.72;E0_0_4900m;5.00;157;157;10.59;24.81
4500.00;4800.00;2232.00;26.68;E0_1_4900m;5.00;186;186;11.62;26.70
4500.00;4800.00;1896.00;24.83;E0_0_5000m;5.00;158;158;10.61;24.92
4500.00;4800.00;2256.00;26.64;E0_1_5000m;5.00;188;188;11.76;26.67
4800.00;5100.00;0.00;-1.00;E0_0_0m;-1.00;0;0;0.00;-1.00
4800.00;5100.00;0.00;-1.00;E0_1_0m;-1.00;0;0;0.00;-1.00
4800.00;5100.00;1944.00;25.62;E0_0_100m;5.00;162;162;10.54;25.75
4800.00;5100.00;2112.00;28.06;E0_1_100m;5.00;176;176;10.45;28.20
4800.00;5100.00;1980.00;25.50;E0_0_200m;5.00;165;165;10.78;25.66
4800.00;5100.00;2124.00;28.50;E0_1_200m;5.00;177;177;10.35;28.68
4800.00;5100.00;2004.00;25.40;E0_0_300m;5.00;167;167;10.96;25.52
4800.00;5100.00;2112.00;28.34;E0_1_300m;5.00;176;176;10.35;28.49
4800.00;5100.00;2004.00;25.49;E0_0_400m;5.00;167;167;10.92;25.61
4800.00;5100.00;2136.00;28.01;E0_1_400m;5.00;178;178;10.59;28.15
4800.00;5100.00;1968.00;25.33;E0_0_500m;5.00;164;163;10.74;25.45
4800.00;5100.00;2196.00;27.61;E0_1_500m;5.00;183;183;11.05;27.75
4800.00;5100.00;1968.00;25.09;E0_0_600m;5.00;164;164;10.89;25.21
4800.00;5100.00;2196.00;27.17;E0_1_600m;5.00;183;183;11.22;27.32
4800.00;5100.00;1956.00;24.83;E0_0_700m;5.00;163;163;10.94;24.94
4800.00;5100.00;2256.00;26.80;E0_1_700m;5.00;188;188;11.69;26.95
4800.00;5100.00;1968.00;24.61;E0_0_800m;5.00;164;164;11.11;24.71
4800.00;5100.00;2280.00;26.51;E0_1_800m;5.00;190;189;11.91;26.65
4800.00;5100.00;1944.00;24.39;E0_0_900m;5.00;162;162;11.07;24.48
4800.00;5100.00;2256.00;26.37;E0_1_900m;5.00;188;188;11.88;26.53
4800.00;5100.00;1932.00;24.34;E0_0_1000m;5.00;161;161;11.02;24.45
4800.00;5100.00;2220.00;26.21;E0_1_1000m;5.00;185;186;11.77;26.40
4800.00;5100.00;1920.00;24.33;E0_0_1100m;5.00;160;160;10.96;24.44
4800.00;5100.00;2220.00;26.02;E0_1_1100m;5.00;185;185;11.85;26.22
4800.00;5100.00;1896.00;24.28;E0_0_1200m;5.00;158;158;10.85;24.39
4800.00;5100.00;2232.00;25.91;E0_1_1200m;5.00;186;186;11.97;26.12
4800.00;5100.00;1884.00;24.31;E0_0_1300m;5.00;157;157;10.76;24.44
4800.00;5100.00;2232.00;25.91;E0_1_1300m;5.00;186;186;11.97;26.13
4800.00;5100.00;1896.00;24.25;E0_0_1400m;5.00;158;158;10.86;24.39
4800.00;5100.00;2244.00;26.05;E0_1_1400m;5.00;187;187;11.96;26.28
4800.00;5100.00;1896.00;24.31;E0_0_1500m;5.00;158;158;10.83;24.44
4800.00;5100.00;2232.00;25.98;E0_1_1500m;5.00;186;186;11.93;26.22
4800.00;5100.00;1896.00;24.22;E0_0_1600m;5.00;158;158;10.87;24.34
4800.00;5100.00;2220.00;25.93;E0_1_1600m;5.00;185;186;11.92;26.19
4800.00;5100.00;1908.00;24.17;E0_0_1700m;5.00;159;160;11.00;24.27
4800.00;5100.00;2208.00;25.78;E0_1_1700m;5.00;184;183;11.88;26.06
4800.00;5100.00;1884.00;24.08;E0_0_1800m;5.00;157;157;10.87;24.17
4800.00;5100.00;2232.00;25.63;E0_1_1800m;5.00;186;186;12.09;25.93
4800.00;5100.00;1872.00;23.98;E0_0_1900m;5.00;156;156;10.84;24.08
4800.00;5100.00;2208.00;25.51;E0_1_1900m;5.00;184;184;12.02;25.82
4800.00;5100.00;1836.00;23.91;E0_0_2000m;5.00;153;153;10.66;24.02
4800.00;5100.00;2184.00;25.42;E0_1_2000m;5.00;182;182;11.93;25.74
4800.00;5100.00;1836.00;23.89;E0_0_2100m;5.00;153;154;10.71;23.99
4800.00;5100.00;2196.00;25.39;E0_1_2100m;5.00;183;183;12.01;25.71
4800.00;5100.00;1848.00;23.94;E0_0_2200m;5.00;154;154;10.72;24.05
4800.00;5100.00;2184.00;25.31;E0_1_2200m;5.00;182;182;11.98;25.64
4800.00;5100.00;1872.00;23.99;E0_0_2300m;5.00;156;156;10.84;24.11
4800.00;5100.00;2196.00;25.25;E0_1_2300m;5.00;183;183;12.08;25.55
4800.00;5100.00;1884.00;24.13;E0_0_2400m;5.00;157;157;10.85;24.25
4800.00;5100.00;2208.00;25.20;E0_1_2400m;5.00;184;184;12.17;25.49
4800.00;5100.00;1872.00;24.04;E0_0_2500m;5.00;156;156;10.82;24.15
4800.00;5100.00;2208.00;25.15;E0_1_2500m;5.00;184;184;12.19;25.43
4800.00;5100.00;1872.00;23.93;E0_0_2600m;5.00;156;156;10.86;24.03
4800.00;5100.00;2232.00;25.13;E0_1_2600m;5.00;186;185;12.27;25.40
4800.00;5100.00;1872.00;23.87;E0_0_2700m;5.00;156;157;10.91;23.97
4800.00;5100.00;2220.00;25.12;E0_1_2700m;5.00;185;185;12.28;25.39
4800.00;5100.00;1848.00;23.82;E0_0_2800m;5.00;154;154;10.77;23.92
4800.00;5100.00;2220.00;25.10;E0_1_2800m;5.00;185;185;12.28;25.38
4800.00;5100.00;1812.00;23.78;E0_0_2900m;5.00;151;152;10.63;23.87
4800.00;5100.00;2232.00;25.10;E0_1_2900m;5.00;186;186;12.35;25.37
4800.00;5100.00;1812.00;23.85;E0_0_3000m;5.00;151;152;10.59;23.95
4800.00;5100.00;2232.00;25.17;E0_1_3000m;5.00;186;186;12.32;25.45
4800.00;5100.00;1812.00;23.99;E0_0_3100m;5.00;151;151;10.49;24.10
4800.00;5100.00;2232.00;25.27;E0_1_3100m;5.00;186;187;12.30;25.58
4800.00;5100.00;1848.00;24.06;E0_0_3200m;5.00;154;154;10.67;24.18
4800.00;5100.00;2184.00;25.24;E0_1_3200m;5.00;182;182;12.02;25.56
4800.00;5100.00;1848.00;23.95;E0_0_3300m;5.00;154;154;10.72;24.07
4800.00;5100.00;2172.00;25.14;E0_1_3300m;5.00;181;181;12.00;25.45
4800.00;5100.00;1848.00;23.89;E0_0_3400m;5.00;154;154;10.75;24.00
4800.00;5100.00;2196.00;25.02;E0_1_3400m;5.00;183;183;12.19;25.32
4800.00;5100.00;1848.00;23.85;E0_0_3500m;5.00;154;154;10.76;23.95
4800.00;5100.00;2184.00;24.97;E0_1_3500m;5.00;182;182;12.15;25.24
4800.00;5100.00;1848.00;23.80;E0_0_3600m;5.00;154;154;10.78;23.90
4800.00;5100.00;2184.00;24.92;E0_1_3600m;5.00;182;182;12.17;25.17
4800.00;5100.00;1860.00;23.77;E0_0_3700m;5.00;155;154;10.86;23.86
4800.00;5100.00;2184.00;24.90;E0_1_3700m;5.00;182;182;12.18;25.14
4800.00;5100.00;1872.00;23.75;E0_0_3800m;5.00;156;156;10.95;23.84
4800.00;5100.00;2172.00;24.87;E0_1_3800m;5.00;181;181;12.13;25.10
4800.00;5100.00;1872.00;23.75;E0_0_3900m;5.00;156;156;10.95;23.84
4800.00;5100.00;2160.00;24.90;E0_1_3900m;5.00;180;180;12.05;25.11
4800.00;5100.00;1872.00;23.76;E0_0_4000m;5.00;156;156;10.94;23.85
4800.00;5100.00;2172.00;24.94;E0_1_4000m;5.00;181;181;12.09;25.16
4800.00;5100.00;1884.00;23.80;E0_0_4100m;5.00;157;157;11.00;23.89
4800.00;5100.00;2160.00;25.01;E0_1_4100m;5.00;180;180;12.00;25.24
4800.00;5100.00;1896.00;23.81;E0_0_4200m;5.00;158;158;11.06;23.90
4800.00;5100.00;2160.00;25.04;E0_1_4200m;5.00;180;180;11.98;25.26
4800.00;5100.00;1884.00;23.81;E0_0_4300m;5.00;157;157;10.99;23.90
4800.00;5100.00;2172.00;25.12;E0_1_4300m;5.00;181;182;12.07;25.35
4800.00;5100.00;1872.00;23.81;E0_0_4400m;5.00;156;156;10.92;23.89
4800.00;5100.00;2172.00;25.24;E0_1_4400m;5.00;181;181;11.95;25.47
4800.00;5100.00;1848.00;23.88;E0_0_4500m;5.00;154;155;10.77;23.95
4800.00;5100.00;2184.00;25.37;E0_1_4500m;5.00;182;182;11.96;25.61
4800.00;5100.00;1836.00;23.91;E0_0_4600m;5.00;153;154;10.69;23.98
4800.00;5100.00;2172.00;25.48;E0_1_4600m;5.00;181;181;11.84;25.74
4800.00;5100.00;1824.00;23.93;E0_0_4700m;5.00;152;152;10.59;24.00
4800.00;5100.00;2124.00;25.59;E0_1_4700m;5.00;177;177;11.53;25.85
4800.00;5100.00;1764.00;23.93;E0_0_4800m;5.00;147;148;10.30;23.99
4800.00;5100.00;2100.00;25.70;E0_1_4800m;5.00;175;175;11.35;25.95
4800.00;5100.00;1728.00;24.03;E0_0_4900m;5.00;144;144;9.99;24.10
4800.00;5100.00;2052.00;25.92;E0_1_4900m;5.00;171;171;10.99;26.18
4800.00;5100.00;1680.00;24.16;E0_0_5000m;5.00;140;140;9.66;24.24
4800.00;5100.00;2028.00;26.14;E0_1_5000m;5.00;169;169;10.78;26.39
5100.00;5400.00;0.00;-1.00;E0_0_0m;-1.00;0;0;0.00;-1.00
5100.00;5400.00;0.00;-1.00;E0_1_0m;-1.00;0;0;0.00;-1.00
5100.00;5400.00;1920.00;25.78;E0_0_100m;5.00;160;160;10.34;25.89
5100.00;5400.00;2364.00;28.05;E0_1_100m;5.00;197;197;11.71;28.13
5100.00;5400.00;1932.00;25.67;E0_0_200m;5.00;161;161;10.45;25.79
5100.00;5400.00;2316.00;28.15;E0_1_200m;5.00;193;193;11.43;28.25
5100.00;5400.00;1896.00;25.73;E0_0_300m;5.00;158;158;10.24;25.85
5100.00;5400.00;2316.00;28.13;E0_1_300m;5.00;193;193;11.43;28.21
5100.00;5400.00;1884.00;25.66;E0_0_400m;5.00;157;157;10.20;25.77
5100.00;5400.00;2304.00;28.03;E0_1_400m;5.00;192;193;11.43;28.10
5100.00;5400.00;1860.00;25.60;E0_0_500m;5.00;155;155;10.09;25.71
5100.00;5400.00;2316.00;28.00;E0_1_500m;5.00;193;193;11.49;28.07
5100.00;5400.00;1800.00;25.62;E0_0_600m;5.00;150;150;9.76;25.74
5100.00;5400.00;2352.00;27.98;E0_1_600m;5.00;196;196;11.67;28.05
5100.00;5400.00;1788.00;25.65;E0_0_700m;5.00;149;149;9.68;25.77
5100.00;5400.00;2316.00;28.07;E0_1_700m;5.00;193;193;11.46;28.14
5100.00;5400.00;1764.00;25.68;E0_0_800m;5.00;147;147;9.54;25.81
5100.00;5400.00;2316.00;28.16;E0_1_800m;5.00;193;193;11.42;28.23
5100.00;5400.00;1812.00;25.71;E0_0_900m;5.00;151;151;9.79;25.85
5100.00;5400.00;2280.00;28.22;E0_1_900m;5.00;190;191;11.23;28.31
5100.00;5400.00;1788.00;25.90;E0_0_1000m;5.00;149;149;9.59;26.01
5100.00;5400.00;2304.00;28.13;E0_1_1000m;5.00;192;192;11.41;28.22
5100.00;5400.00;1800.00;25.73;E0_0_1100m;5.00;150;150;9.72;25.84
5100.00;5400.00;2292.00;28.18;E0_1_1100m;5.00;191;191;11.30;28.26
5100.00;5400.00;1776.00;25.74;E0_0_1200m;5.00;148;149;9.65;25.85
5100.00;5400.00;2352.00;28.23;E0_1_1200m;5.00;196;196;11.57;28.33
5100.00;5400.00;1788.00;25.62;E0_0_1300m;5.00;149;149;9.69;25.73
5100.00;5400.00;2340.00;28.22;E0_1_1300m;5.00;195;195;11.52;28.29
5100.00;5400.00;1764.00;25.52;E0_0_1400m;5.00;147;147;9.60;25.62
5100.00;5400.00;2340.00;28.12;E0_1_1400m;5.00;195;195;11.56;28.17
5100.00;5400.00;1752.00;25.31;E0_0_1500m;5.00;146;147;9.65;25.41
5100.00;5400.00;2340.00;28.02;E0_1_1500m;5.00;195;195;11.60;28.07
5100.00;5400.00;1752.00;25.07;E0_0_1600m;5.00;146;146;9.71;25.16
5100.00;5400.00;2352.00;28.00;E0_1_1600m;5.00;196;195;11.63;28.05
5100.00;5400.00;1740.00;25.01;E0_0_1700m;5.00;145;145;9.68;25.10
5100.00;5400.00;2376.00;27.94;E0_1_1700m;5.00;198;198;11.81;28.00
5100.00;5400.00;1764.00;24.94;E0_0_1800m;5.00;147;147;9.82;25.01
5100.00;5400.00;2412.00;27.88;E0_1_1800m;5.00;201;201;12.02;27.92
5100.00;5400.00;1788.00;24.89;E0_0_1900m;5.00;149;149;9.98;24.97
5100.00;5400.00;2424.00;27.78;E0_1_1900m;5.00;202;202;12.12;27.82
5100.00;5400.00;1836.00;24.70;E0_0_2000m;5.00;153;153;10.32;24.78
5100.00;5400.00;2412.00;27.74;E0_1_2000m;5.00;201;201;12.08;27.78
5100.00;5400.00;1812.00;24.54;E0_0_2100m;5.00;151;150;10.21;24.61
5100.00;5400.00;2400.00;27.71;E0_1_2100m;5.00;200;200;12.03;27.75
5100.00;5400.00;1812.00;24.45;E0_0_2200m;5.00;151;151;10.29;24.52
5100.00;5400.00;2412.00;27.76;E0_1_2200m;5.00;201;201;12.07;27.79
5100.00;5400.00;1776.00;24.40;E0_0_2300m;5.00;148;148;10.11;24.47
5100.00;5400.00;2412.00;27.81;E0_1_2300m;5.00;201;201;12.05;27.85
5100.00;5400.00;1776.00;24.44;E0_0_2400m;5.00;148;148;10.09;24.51
5100.00;5400.00;2388.00;27.98;E0_1_2400m;5.00;199;199;11.86;28.02
5100.00;5400.00;1764.00;24.51;E0_0_2500m;5.00;147;148;10.05;24.60
5100.00;5400.00;2388.00;27.96;E0_1_2500m;5.00;199;199;11.86;28.00
5100.00;5400.00;1776.00;24.52;E0_0_2600m;5.00;148;149;10.11;24.59
5100.00;5400.00;2352.00;27.90;E0_1_2600m;5.00;196;197;11.74;27.95
5100.00;5400.00;1764.00;24.44;E0_0_2700m;5.00;147;147;10.03;24.50
5100.00;5400.00;2376.00;27.82;E0_1_2700m;5.00;198;198;11.86;27.88
5100.00;5400.00;1776.00;24.38;E0_0_2800m;5.00;148;148;10.12;24.45
5100.00;5400.00;2376.00;27.70;E0_1_2800m;5.00;198;199;11.96;27.75
5100.00;5400.00;1812.00;24.37;E0_0_2900m;5.00;151;150;10.28;24.43
5100.00;5400.00;2376.00;27.67;E0_1_2900m;5.00;198;198;11.93;27.72
5100.00;5400.00;1848.00;24.34;E0_0_3000m;5.00;154;153;10.51;24.40
5100.00;5400.00;2376.00;27.64;E0_1_3000m;5.00;198;198;11.94;27.70
5100.00;5400.00;1896.00;24.35;E0_0_3100m;5.00;158;158;10.81;24.42
5100.00;5400.00;2340.00;27.56;E0_1_3100m;5.00;195;196;11.83;27.62
5100.00;5400.00;1932.00;24.37;E0_0_3200m;5.00;161;161;11.01;24.43
5100.00;5400.00;2316.00;27.50;E0_1_3200m;5.00;193;194;11.71;27.58
5100.00;5400.00;1932.00;24.37;E0_0_3300m;5.00;161;161;11.01;24.44
5100.00;5400.00;2340.00;27.39;E0_1_3300m;5.00;195;195;11.87;27.49
5100.00;5400.00;1908.00;24.30;E0_0_3400m;5.00;159;159;10.91;24.37
5100.00;5400.00;2340.00;27.28;E0_1_3400m;5.00;195;195;11.91;27.40
5100.00;5400.00;1896.00;24.12;E0_0_3500m;5.00;158;158;10.92;24.19
5100.00;5400.00;2352.00;27.07;E0_1_3500m;5.00;196;196;12.07;27.24
5100.00;5400.00;1908.00;24.07;E0_0_3600m;5.00;159;159;11.01;24.16
5100.00;5400.00;2340.00;26.93;E0_1_3600m;5.00;195;195;12.07;27.14
5100.00;5400.00;1884.00;23.99;E0_0_3700m;5.00;157;157;10.91;24.09
5100.00;5400.00;2376.00;26.75;E0_1_3700m;5.00;198;198;12.33;26.99
5100.00;5400.00;1908.00;23.85;E0_0_3800m;5.00;159;159;11.11;23.93
5100.00;5400.00;2412.00;26.67;E0_1_3800m;5.00;201;201;12.56;26.93
5100.00;5400.00;1932.00;23.77;E0_0_3900m;5.00;161;161;11.29;23.84
5100.00;5400.00;2424.00;26.55;E0_1_3900m;5.00;202;202;12.68;26.85
5100.00;5400.00;1944.00;23.72;E0_0_4000m;5.00;162;162;11.38;23.80
5100.00;5400.00;2412.00;26.46;E0_1_4000m;5.00;201;201;12.66;26.78
5100.00;5400.00;1956.00;23.67;E0_0_4100m;5.00;163;163;11.48;23.76
5100.00;5400.00;2412.00;26.36;E0_1_4100m;5.00;201;201;12.71;26.70
5100.00;5400.00;1944.00;23.60;E0_0_4200m;5.00;162;162;11.44;23.68
5100.00;5400.00;2412.00;26.26;E0_1_4200m;5.00;201;201;12.76;26.62
5100.00;5400.00;1968.00;23.62;E0_0_4300m;5.00;164;164;11.57;23.71
5100.00;5400.00;2388.00;26.08;E0_1_4300m;5.00;199;198;12.65;26.46
5100.00;5400.00;1968.00;23.70;E0_0_4400m;5.00;164;164;11.53;23.82
5100.00;5400.00;2400.00;25.93;E0_1_4400m;5.00;200;200;12.85;26.31
5100.00;5400.00;1956.00;23.70;E0_0_4500m;5.00;163;162;11.45;23.83
5100.00;5400.00;2424.00;25.87;E0_1_4500m;5.00;202;202;13.01;26.25
5100.00;5400.00;1956.00;23.63;E0_0_4600m;5.00;163;162;11.47;23.75
5100.00;5400.00;2424.00;25.81;E0_1_4600m;5.00;202;202;13.05;26.17
5100.00;5400.00;1956.00;23.62;E0_0_4700m;5.00;163;163;11.50;23.71
5100.00;5400.00;2448.00;25.78;E0_1_4700m;5.00;204;204;13.19;26.12
5100.00;5400.00;1992.00;23.62;E0_0_4800m;5.00;166;165;11.65;23.69
5100.00;5400.00;2436.00;25.78;E0_1_4800m;5.00;203;204;13.16;26.10
5100.00;5400.00;1992.00;23.67;E0_0_4900m;5.00;166;166;11.69;23.74
5100.00;5400.00;2460.00;25.80;E0_1_4900m;5.00;205;205;13.24;26.10
5100.00;5400.00;1980.00;23.71;E0_0_5000m;5.00;165;165;11.60;23.77
5100.00;5400.00;2472.00;25.85;E0_1_5000m;5.00;206;206;13.28;26.13
5400.00;5700.00;0.00;-1.00;E0_0_0m;-1.00;0;0;0.00;-1.00
5400.00;5700.00;0.00;-1.00;E0_1_0m;-1.00;0;0;0.00;-1.00
5400.00;5700.00;1872.00;25.71;E0_0_100m;5.00;156;156;10.11;25.84
5400.00;5700.00;2412.00;27.25;E0_1_100m;5.00;201;201;12.29;27.34
5400.00;5700.00;1956.00;25.66;E0_0_200m;5.00;163;163;10.59;25.78
5400.00;5700.00;2316.00;27.37;E0_1_200m;5.00;193;194;11.80;27.47
5400.00;5700.00;1956.00;25.89;E0_0_300m;5.00;163;163;10.49;25.99
5400.00;5700.00;2340.00;27.25;E0_1_300m;5.00;195;195;11.93;27.36
5400.00;5700.00;1956.00;25.88;E0_0_400m;5.00;163;163;10.50;25.97
5400.00;5700.00;2340.00;27.10;E0_1_400m;5.00;195;194;11.98;27.22
5400.00;5700.00;1980.00;25.53;E0_0_500m;5.00;165;165;10.77;25.62
5400.00;5700.00;2316.00;26.91;E0_1_500m;5.00;193;193;11.95;27.03
5400.00;5700.00;1992.00;25.21;E0_0_600m;5.00;166;166;10.97;25.34
5400.00;5700.00;2304.00;26.72;E0_1_600m;5.00;192;192;11.98;26.84
5400.00;5700.00;1992.00;24.99;E0_0_700m;5.00;166;166;11.07;25.11
5400.00;5700.00;2304.00;26.63;E0_1_700m;5.00;192;192;12.02;26.75
5400.00;5700.00;2016.00;24.81;E0_0_800m;5.00;168;169;11.33;24.94
5400.00;5700.00;2292.00;26.56;E0_1_800m;5.00;191;191;11.99;26.69
5400.00;5700.00;1992.00;24.69;E0_0_900m;5.00;166;167;11.25;24.81
5400.00;5700.00;2292.00;26.57;E0_1_900m;5.00;191;191;11.98;26.72
5400.00;5700.00;2004.00;24.62;E0_0_1000m;5.00;167;167;11.30;24.73
5400.00;5700.00;2292.00;26.55;E0_1_1000m;5.00;191;190;11.96;26.70
5400.00;5700.00;1968.00;24.61;E0_0_1100m;5.00;164;164;11.11;24.71
5400.00;5700.00;2304.00;26.59;E0_1_1100m;5.00;192;192;12.03;26.74
5400.00;5700.00;1908.00;24.66;E0_0_1200m;5.00;159;159;10.75;24.76
5400.00;5700.00;2304.00;26.70;E0_1_1200m;5.00;192;192;11.99;26.83
5400.00;5700.00;1884.00;24.74;E0_0_1300m;5.00;157;158;10.60;24.84
5400.00;5700.00;2304.00;26.80;E0_1_1300m;5.00;192;192;11.94;26.94
5400.00;5700.00;1908.00;24.80;E0_0_1400m;5.00;159;159;10.69;24.88
5400.00;5700.00;2268.00;27.06;E0_1_1400m;5.00;189;189;11.64;27.19
5400.00;5700.00;1920.00;24.87;E0_0_1500m;5.00;160;160;10.75;24.95
5400.00;5700.00;2256.00;27.22;E0_1_1500m;5.00;188;188;11.51;27.38
5400.00;5700.00;1944.00;24.76;E0_0_1600m;5.00;162;162;10.91;24.84
5400.00;5700.00;2232.00;27.24;E0_1_1600m;5.00;186;186;11.38;27.38
5400.00;5700.00;1932.00;24.67;E0_0_1700m;5.00;161;160;10.82;24.75
5400.00;5700.00;2208.00;27.14;E0_1_1700m;5.00;184;185;11.37;27.27
5400.00;5700.00;1872.00;24.72;E0_0_1800m;5.00;156;156;10.52;24.81
5400.00;5700.00;2196.00;27.04;E0_1_1800m;5.00;183;184;11.34;27.15
5400.00;5700.00;1848.00;24.73;E0_0_1900m;5.00;154;154;10.38;24.80
5400.00;5700.00;2232.00;27.04;E0_1_1900m;5.00;186;186;11.47;27.15
5400.00;5700.00;1872.00;24.62;E0_0_2000m;5.00;156;157;10.58;24.70
5400.00;5700.00;2232.00;26.95;E0_1_2000m;5.00;186;187;11.51;27.08
5400.00;5700.00;1872.00;24.74;E0_0_2100m;5.00;156;156;10.51;24.81
5400.00;5700.00;2292.00;26.88;E0_1_2100m;5.00;191;191;11.84;27.00
5400.00;5700.00;1860.00;24.59;E0_0_2200m;5.00;155;155;10.50;24.67
5400.00;5700.00;2304.00;26.79;E0_1_2200m;5.00;192;192;11.94;26.90
5400.00;5700.00;1848.00;24.48;E0_0_2300m;5.00;154;154;10.48;24.57
5400.00;5700.00;2304.00;26.73;E0_1_2300m;5.00;192;192;11.97;26.83
5400.00;5700.00;1824.00;24.43;E0_0_2400m;5.00;152;153;10.41;24.51
5400.00;5700.00;2304.00;26.66;E0_1_2400m;5.00;192;193;12.03;26.75
5400.00;5700.00;1860.00;24.49;E0_0_2500m;5.00;155;155;10.52;24.58
5400.00;5700.00;2280.00;26.69;E0_1_2500m;5.00;190;190;11.86;26.81
5400.00;5700.00;1872.00;24.50;E0_0_2600m;5.00;156;155;10.56;24.59
5400.00;5700.00;2292.00;26.77;E0_1_2600m;5.00;191;191;11.89;26.91
5400.00;5700.00;1932.00;24.46;E0_0_2700m;5.00;161;160;10.94;24.56
5400.00;5700.00;2292.00;26.83;E0_1_2700m;5.00;191;191;11.86;26.99
5400.00;5700.00;1944.00;24.42;E0_0_2800m;5.00;162;162;11.06;24.50
5400.00;5700.00;2328.00;26.80;E0_1_2800m;5.00;194;193;12.02;26.95
5400.00;5700.00;1908.00;24.34;E0_0_2900m;5.00;159;160;10.91;24.42
5400.00;5700.00;2352.00;26.65;E0_1_2900m;5.00;196;196;12.26;26.78
5400.00;5700.00;1896.00;24.25;E0_0_3000m;5.00;158;158;10.86;24.33
5400.00;5700.00;2352.00;26.55;E0_1_3000m;5.00;196;196;12.30;26.67
5400.00;5700.00;1884.00;24.13;E0_0_3100m;5.00;157;157;10.84;24.21
5400.00;5700.00;2364.00;26.52;E0_1_3100m;5.00;197;197;12.38;26.63
5400.00;5700.00;1872.00;24.04;E0_0_3200m;5.00;156;156;10.81;24.11
5400.00;5700.00;2364.00;26.51;E0_1_3200m;5.00;197;196;12.37;26.62
5400.00;5700.00;1848.00;24.14;E0_0_3300m;5.00;154;154;10.63;24.22
5400.00;5700.00;2364.00;26.56;E0_1_3300m;5.00;197;197;12.36;26.67
5400.00;5700.00;1848.00;24.22;E0_0_3400m;5.00;154;154;10.60;24.29
5400.00;5700.00;2364.00;26.52;E0_1_3400m;5.00;197;197;12.38;26.63
5400.00;5700.00;1848.00;24.18;E0_0_3500m;5.00;154;155;10.67;24.24
5400.00;5700.00;2364.00;26.53;E0_1_3500m;5.00;197;198;12.39;26.63
5400.00;5700.00;1848.00;24.16;E0_0_3600m;5.00;154;155;10.63;24.23
5400.00;5700.00;2364.00;26.66;E0_1_3600m;5.00;197;199;12.42;26.78
5400.00;5700.00;1848.00;24.11;E0_0_3700m;5.00;154;155;10.71;24.19
5400.00;5700.00;2340.00;26.72;E0_1_3700m;5.00;195;196;12.20;26.85
5400.00;5700.00;1836.00;24.10;E0_0_3800m;5.00;153;153;10.58;24.19
5400.00;5700.00;2292.00;26.70;E0_1_3800m;5.00;191;191;11.92;26.83
5400.00;5700.00;1824.00;24.15;E0_0_3900m;5.00;152;152;10.49;24.25
5400.00;5700.00;2268.00;26.70;E0_1_3900m;5.00;189;189;11.80;26.82
5400.00;5700.00;1812.00;24.22;E0_0_4000m;5.00;151;151;10.39;24.32
5400.00;5700.00;2268.00;26.81;E0_1_4000m;5.00;189;189;11.75;26.93
5400.00;5700.00;1824.00;24.42;E0_0_4100m;5.00;152;152;10.37;24.53
5400.00;5700.00;2244.00;26.98;E0_1_4100m;5.00;187;187;11.55;27.11
5400.00;5700.00;1824.00;24.54;E0_0_4200m;5.00;152;152;10.32;24.64
5400.00;5700.00;2244.00;27.29;E0_1_4200m;5.00;187;187;11.42;27.42
5400.00;5700.00;1836.00;24.61;E0_0_4300m;5.00;153;153;10.36;24.70
5400.00;5700.00;2232.00;27.52;E0_1_4300m;5.00;186;186;11.26;27.64
5400.00;5700.00;1812.00;24.71;E0_0_4400m;5.00;151;151;10.18;24.80
5400.00;5700.00;2244.00;27.65;E0_1_4400m;5.00;187;187;11.27;27.76
5400.00;5700.00;1800.00;24.66;E0_0_4500m;5.00;150;150;10.14;24.75
5400.00;5700.00;2268.00;27.72;E0_1_4500m;5.00;189;189;11.36;27.83
5400.00;5700.00;1824.00;24.67;E0_0_4600m;5.00;152;152;10.27;24.75
5400.00;5700.00;2256.00;27.74;E0_1_4600m;5.00;188;188;11.30;27.84
5400.00;5700.00;1776.00;24.68;E0_0_4700m;5.00;148;149;10.06;24.76
5400.00;5700.00;2256.00;27.58;E0_1_4700m;5.00;188;189;11.40;27.70
5400.00;5700.00;1812.00;24.61;E0_0_4800m;5.00;151;151;10.22;24.69
5400.00;5700.00;2268.00;27.49;E0_1_4800m;5.00;189;188;11.43;27.59
5400.00;5700.00;1860.00;24.60;E0_0_4900m;5.00;155;155;10.50;24.68
5400.00;5700.00;2244.00;27.36;E0_1_4900m;5.00;187;187;11.39;27.47
5400.00;5700.00;1896.00;24.63;E0_0_5000m;5.00;158;158;10.69;24.70
5400.00;5700.00;2268.00;27.26;E0_1_5000m;5.00;189;189;11.55;27.37
5700.00;6000.00;0.00;-1.00;E0_0_0m;-1.00;0;0;0.00;-1.00
5700.00;6000.00;0.00;-1.00;E0_1_0m;-1.00;0;0;0.00;-1.00
5700.00;6000.00;1752.00;25.84;E0_0_100m;5.00;146;146;9.42;26.00
5700.00;6000.00;2160.00;27.17;E0_1_100m;5.00;180;181;11.08;27.34
5700.00;6000.00;1776.00;25.93;E0_0_200m;5.00;148;148;9.51;26.10
5700.00;6000.00;2184.00;27.60;E0_1_200m;5.00;182;181;10.95;27.84
5700.00;6000.00;1812.00;25.75;E0_0_300m;5.00;151;151;9.77;25.91
5700.00;6000.00;2148.00;27.46;E0_1_300m;5.00;179;179;10.86;27.67
5700.00;6000.00;1788.00;25.57;E0_0_400m;5.00;149;149;9.71;25.69
5700.00;6000.00;2196.00;27.25;E0_1_400m;5.00;183;183;11.19;27.44
5700.00;6000.00;1788.00;25.49;E0_0_500m;5.00;149;149;9.74;25.59
5700.00;6000.00;2256.00;27.13;E0_1_500m;5.00;188;188;11.55;27.33
5700.00;6000.00;1848.00;25.45;E0_0_600m;5.00;154;154;10.09;25.55
5700.00;6000.00;2256.00;27.04;E0_1_600m;5.00;188;188;11.59;27.24
5700.00;6000.00;1836.00;25.11;E0_0_700m;5.00;153;153;10.16;25.20
5700.00;6000.00;2304.00;26.85;E0_1_700m;5.00;192;192;11.92;27.03
5700.00;6000.00;1860.00;24.94;E0_0_800m;5.00;155;154;10.31;25.03
5700.00;6000.00;2304.00;26.64;E0_1_800m;5.00;192;192;12.01;26.82
5700.00;6000.00;1860.00;24.80;E0_0_900m;5.00;155;155;10.41;24.88
5700.00;6000.00;2328.00;26.35;E0_1_900m;5.00;194;194;12.27;26.53
5700.00;6000.00;1860.00;24.56;E0_0_1000m;5.00;155;155;10.52;24.65
5700.00;6000.00;2328.00;26.09;E0_1_1000m;5.00;194;194;12.39;26.28
5700.00;6000.00;1884.00;24.40;E0_0_1100m;5.00;157;158;10.77;24.50
5700.00;6000.00;2340.00;25.88;E0_1_1100m;5.00;195;195;12.56;26.08
5700.00;6000.00;1896.00;24.20;E0_0_1200m;5.00;158;158;10.88;24.31
5700.00;6000.00;2328.00;25.59;E0_1_1200m;5.00;194;195;12.64;25.77
5700.00;6000.00;1908.00;24.19;E0_0_1300m;5.00;159;159;10.95;24.27
5700.00;6000.00;2316.00;25.24;E0_1_1300m;5.00;193;193;12.74;25.41
5700.00;6000.00;1944.00;24.02;E0_0_1400m;5.00;162;162;11.24;24.10
5700.00;6000.00;2292.00;25.01;E0_1_1400m;5.00;191;191;12.73;25.17
5700.00;6000.00;1944.00;23.81;E0_0_1500m;5.00;162;162;11.34;23.88
5700.00;6000.00;2292.00;24.79;E0_1_1500m;5.00;191;191;12.84;24.94
5700.00;6000.00;1968.00;23.77;E0_0_1600m;5.00;164;164;11.50;23.81
5700.00;6000.00;2304.00;24.59;E0_1_1600m;5.00;192;192;13.01;24.72
5700.00;6000.00;1968.00;23.70;E0_0_1700m;5.00;164;164;11.53;23.75
5700.00;6000.00;2316.00;24.40;E0_1_1700m;5.00;193;192;13.11;24.51
5700.00;6000.00;1944.00;23.72;E0_0_1800m;5.00;162;162;11.38;23.76
5700.00;6000.00;2340.00;24.32;E0_1_1800m;5.00;195;195;13.31;24.42
5700.00;6000.00;1920.00;23.73;E0_0_1900m;5.00;160;160;11.24;23.76
5700.00;6000.00;2316.00;24.30;E0_1_1900m;5.00;193;194;13.28;24.41
5700.00;6000.00;1884.00;23.67;E0_0_2000m;5.00;157;157;11.05;23.70
5700.00;6000.00;2292.00;24.16;E0_1_2000m;5.00;191;191;13.18;24.25
5700.00;6000.00;1848.00;23.67;E0_0_2100m;5.00;154;154;10.84;23.69
5700.00;6000.00;2256.00;24.02;E0_1_2100m;5.00;188;188;13.04;24.10
5700.00;6000.00;1836.00;23.63;E0_0_2200m;5.00;153;153;10.79;23.65
5700.00;6000.00;2280.00;23.95;E0_1_2200m;5.00;190;190;13.22;24.01
5700.00;6000.00;1836.00;23.62;E0_0_2300m;5.00;153;154;10.83;23.64
5700.00;6000.00;2304.00;23.94;E0_1_2300m;5.00;192;193;13.39;23.99
5700.00;6000.00;1848.00;23.63;E0_0_2400m;5.00;154;154;10.86;23.64
5700.00;6000.00;2304.00;23.93;E0_1_2400m;5.00;192;192;13.38;23.98
5700.00;6000.00;1848.00;23.63;E0_0_2500m;5.00;154;153;10.82;23.65
5700.00;6000.00;2304.00;23.97;E0_1_2500m;5.00;192;192;13.35;24.04
5700.00;6000.00;1860.00;23.65;E0_0_2600m;5.00;155;155;10.92;23.67
5700.00;6000.00;2268.00;24.04;E0_1_2600m;5.00;189;190;13.14;24.12
5700.00;6000.00;1836.00;23.62;E0_0_2700m;5.00;153;153;10.80;23.64
5700.00;6000.00;2232.00;24.02;E0_1_2700m;5.00;186;187;12.94;24.11
5700.00;6000.00;1836.00;23.56;E0_0_2800m;5.00;153;153;10.82;23.60
5700.00;6000.00;2184.00;24.01;E0_1_2800m;5.00;182;183;12.68;24.08
5700.00;6000.00;1812.00;23.58;E0_0_2900m;5.00;151;150;10.66;23.61
5700.00;6000.00;2184.00;23.99;E0_1_2900m;5.00;182;182;12.64;24.06
5700.00;6000.00;1812.00;23.66;E0_0_3000m;5.00;151;151;10.64;23.69
5700.00;6000.00;2172.00;23.97;E0_1_3000m;5.00;181;181;12.58;24.05
5700.00;6000.00;1800.00;23.69;E0_0_3100m;5.00;150;150;10.55;23.72
5700.00;6000.00;2172.00;23.97;E0_1_3100m;5.00;181;181;12.58;24.05
5700.00;6000.00;1788.00;23.69;E0_0_3200m;5.00;149;149;10.48;23.72
5700.00;6000.00;2172.00;23.96;E0_1_3200m;5.00;181;181;12.59;24.03
5700.00;6000.00;1788.00;23.68;E0_0_3300m;5.00;149;149;10.49;23.70
5700.00;6000.00;2184.00;23.98;E0_1_3300m;5.00;182;182;12.65;24.05
5700.00;6000.00;1776.00;23.71;E0_0_3400m;5.00;148;148;10.40;23.74
5700.00;6000.00;2196.00;24.11;E0_1_3400m;5.00;183;183;12.65;24.20
5700.00;6000.00;1800.00;23.73;E0_0_3500m;5.00;150;149;10.48;23.77
5700.00;6000.00;2172.00;24.23;E0_1_3500m;5.00;181;180;12.44;24.34
5700.00;6000.00;1812.00;23.69;E0_0_3600m;5.00;151;150;10.61;23.72
5700.00;6000.00;2172.00;24.16;E0_1_3600m;5.00;181;180;12.42;24.25
5700.00;6000.00;1836.00;23.65;E0_0_3700m;5.00;153;152;10.72;23.68
5700.00;6000.00;2208.00;24.15;E0_1_3700m;5.00;184;183;12.67;24.23
5700.00;6000.00;1860.00;23.70;E0_0_3800m;5.00;155;156;10.96;23.73
5700.00;6000.00;2244.00;24.24;E0_1_3800m;5.00;187;187;12.86;24.38
5700.00;6000.00;1884.00;23.70;E0_0_3900m;5.00;157;157;11.04;23.73
5700.00;6000.00;2280.00;24.30;E0_1_3900m;5.00;190;190;13.03;24.42
5700.00;6000.00;1932.00;23.73;E0_0_4000m;5.00;161;161;11.31;23.76
5700.00;6000.00;2292.00;24.41;E0_1_4000m;5.00;191;191;13.04;24.55
5700.00;6000.00;1944.00;23.70;E0_0_4100m;5.00;162;162;11.39;23.73
5700.00;6000.00;2292.00;24.39;E0_1_4100m;5.00;191;191;13.05;24.54
5700.00;6000.00;1968.00;23.72;E0_0_4200m;5.00;164;164;11.52;23.74
5700.00;6000.00;2292.00;24.42;E0_1_4200m;5.00;191;192;13.05;24.57
5700.00;6000.00;1956.00;23.68;E0_0_4300m;5.00;163;164;11.49;23.70
5700.00;6000.00;2304.00;24.48;E0_1_4300m;5.00;192;193;13.10;24.65
5700.00;6000.00;1980.00;23.65;E0_0_4400m;5.00;165;165;11.63;23.66
5700.00;6000.00;2316.00;24.54;E0_1_4400m;5.00;193;193;13.11;24.73
5700.00;6000.00;1992.00;23.63;E0_0_4500m;5.00;166;167;11.77;23.64
5700.00;6000.00;2328.00;24.59;E0_1_4500m;5.00;194;194;13.15;24.79
5700.00;6000.00;1980.00;23.55;E0_0_4600m;5.00;165;165;11.68;23.57
5700.00;6000.00;2340.00;24.68;E0_1_4600m;5.00;195;195;13.17;24.88
5700.00;6000.00;1992.00;23.46;E0_0_4700m;5.00;166;165;11.73;23.47
5700.00;6000.00;2340.00;24.76;E0_1_4700m;5.00;195;194;13.09;24.97
5700.00;6000.00;1956.00;23.43;E0_0_4800m;5.00;163;163;11.59;23.45
5700.00;6000.00;2316.00;24.83;E0_1_4800m;5.00;193;193;12.95;25.04
5700.00;6000.00;1944.00;23.47;E0_0_4900m;5.00;162;162;11.50;23.49
5700.00;6000.00;2304.00;24.94;E0_1_4900m;5.00;192;192;12.83;25.17
5700.00;6000.00;1920.00;23.54;E0_0_5000m;5.00;160;160;11.33;23.56
5700.00;6000.00;2292.00;25.05;E0_1_5000m;5.00;191;191;12.71;25.29
6000.00;6300.00;0.00;-1.00;E0_0_0m;-1.00;0;0;0.00;-1.00
6000.00;6300.00;0.00;-1.00;E0_1_0m;-1.00;0;0;0.00;-1.00
6000.00;6300.00;1800.00;26.11;E0_0_100m;5.00;150;150;9.58;26.28
6000.00;6300.00;2148.00;27.71;E0_1_100m;5.00;179;178;10.73;27.87
6000.00;6300.00;1824.00;25.85;E0_0_200m;5.00;152;152;9.80;26.03
6000.00;6300.00;2076.00;27.95;E0_1_200m;5.00;173;173;10.32;28.12
6000.00;6300.00;1752.00;25.82;E0_0_300m;5.00;146;146;9.43;25.99
6000.00;6300.00;2124.00;27.74;E0_1_300m;5.00;177;178;10.66;27.92
6000.00;6300.00;1752.00;25.60;E0_0_400m;5.00;146;146;9.51;25.76
6000.00;6300.00;2112.00;27.65;E0_1_400m;5.00;176;176;10.61;27.84
6000.00;6300.00;1716.00;25.66;E0_0_500m;5.00;143;144;9.29;25.81
6000.00;6300.00;2100.00;27.41;E0_1_500m;5.00;175;175;10.64;27.65
6000.00;6300.00;1692.00;25.57;E0_0_600m;5.00;141;141;9.19;25.73
6000.00;6300.00;2076.00;27.51;E0_1_600m;5.00;173;173;10.48;27.73
6000.00;6300.00;1668.00;25.54;E0_0_700m;5.00;139;139;9.07;25.71
6000.00;6300.00;2064.00;27.37;E0_1_700m;5.00;172;172;10.47;27.59
6000.00;6300.00;1632.00;25.58;E0_0_800m;5.00;136;136;8.86;25.74
6000.00;6300.00;2088.00;27.29;E0_1_800m;5.00;174;174;10.63;27.52
6000.00;6300.00;1644.00;25.57;E0_0_900m;5.00;137;137;8.93;25.70
6000.00;6300.00;2076.00;27.25;E0_1_900m;5.00;173;173;10.58;27.47
6000.00;6300.00;1668.00;25.58;E0_0_1000m;5.00;139;139;9.06;25.71
6000.00;6300.00;2064.00;27.08;E0_1_1000m;5.00;172;172;10.59;27.29
6000.00;6300.00;1656.00;25.44;E0_0_1100m;5.00;138;138;9.04;25.57
6000.00;6300.00;2088.00;26.92;E0_1_1100m;5.00;174;175;10.83;27.13
6000.00;6300.00;1704.00;25.37;E0_0_1200m;5.00;142;142;9.33;25.51
6000.00;6300.00;2076.00;26.80;E0_1_1200m;5.00;173;173;10.76;27.02
6000.00;6300.00;1728.00;25.27;E0_0_1300m;5.00;144;144;9.50;25.41
6000.00;6300.00;2088.00;26.68;E0_1_1300m;5.00;174;174;10.87;26.89
6000.00;6300.00;1704.00;25.15;E0_0_1400m;5.00;142;143;9.44;25.29
6000.00;6300.00;2100.00;26.63;E0_1_1400m;5.00;175;175;10.95;26.82
6000.00;6300.00;1716.00;25.16;E0_0_1500m;5.00;143;143;9.47;25.29
6000.00;6300.00;2112.00;26.45;E0_1_1500m;5.00;176;176;11.09;26.61
6000.00;6300.00;1692.00;25.12;E0_0_1600m;5.00;141;141;9.36;25.25
6000.00;6300.00;2136.00;26.39;E0_1_1600m;5.00;178;178;11.24;26.53
6000.00;6300.00;1704.00;25.02;E0_0_1700m;5.00;142;142;9.46;25.15
6000.00;6300.00;2124.00;26.31;E0_1_1700m;5.00;177;177;11.21;26.44
6000.00;6300.00;1728.00;24.99;E0_0_1800m;5.00;144;144;9.60;25.12
6000.00;6300.00;2136.00;26.25;E0_1_1800m;5.00;178;177;11.30;26.38
6000.00;6300.00;1800.00;24.99;E0_0_1900m;5.00;150;150;10.00;25.13
6000.00;6300.00;2112.00;26.29;E0_1_1900m;5.00;176;175;11.11;26.45
6000.00;6300.00;1776.00;24.99;E0_0_2000m;5.00;148;148;9.87;25.11
6000.00;6300.00;2124.00;26.31;E0_1_2000m;5.00;177;177;11.21;26.46
6000.00;6300.00;1764.00;24.99;E0_0_2100m;5.00;147;147;9.81;25.10
6000.00;6300.00;2136.00;26.43;E0_1_2100m;5.00;178;179;11.26;26.59
6000.00;6300.00;1728.00;24.99;E0_0_2200m;5.00;144;145;9.66;25.10
6000.00;6300.00;2124.00;26.56;E0_1_2200m;5.00;177;177;11.11;26.74
6000.00;6300.00;1692.00;25.04;E0_0_2300m;5.00;141;140;9.36;25.14
6000.00;6300.00;2136.00;26.62;E0_1_2300m;5.00;178;177;11.12;26.76
6000.00;6300.00;1704.00;25.09;E0_0_2400m;5.00;142;142;9.43;25.19
6000.00;6300.00;2124.00;26.76;E0_1_2400m;5.00;177;176;10.99;26.91
6000.00;6300.00;1776.00;24.95;E0_0_2500m;5.00;148;148;9.89;25.06
6000.00;6300.00;2112.00;26.89;E0_1_2500m;5.00;176;176;10.91;27.05
6000.00;6300.00;1836.00;24.85;E0_0_2600m;5.00;153;153;10.26;24.96
6000.00;6300.00;2100.00;26.64;E0_1_2600m;5.00;175;174;10.91;26.79
6000.00;6300.00;1824.00;24.77;E0_0_2700m;5.00;152;153;10.23;24.90
6000.00;6300.00;2100.00;26.37;E0_1_2700m;5.00;175;174;11.02;26.50
6000.00;6300.00;1800.00;24.75;E0_0_2800m;5.00;150;151;10.12;24.88
6000.00;6300.00;2112.00;26.16;E0_1_2800m;5.00;176;175;11.17;26.27
6000.00;6300.00;1800.00;24.70;E0_0_2900m;5.00;150;150;10.12;24.82
6000.00;6300.00;2124.00;25.97;E0_1_2900m;5.00;177;177;11.36;26.08
6000.00;6300.00;1788.00;24.66;E0_0_3000m;5.00;149;149;10.07;24.78
6000.00;6300.00;2124.00;25.84;E0_1_3000m;5.00;177;177;11.42;25.95
6000.00;6300.00;1764.00;24.62;E0_0_3100m;5.00;147;148;10.00;24.72
6000.00;6300.00;2184.00;25.73;E0_1_3100m;5.00;182;183;11.82;25.85
6000.00;6300.00;1776.00;24.58;E0_0_3200m;5.00;148;148;10.04;24.66
6000.00;6300.00;2196.00;25.70;E0_1_3200m;5.00;183;183;11.87;25.83
6000.00;6300.00;1788.00;24.51;E0_0_3300m;5.00;149;149;10.13;24.60
6000.00;6300.00;2184.00;25.62;E0_1_3300m;5.00;182;182;11.84;25.75
6000.00;6300.00;1788.00;24.37;E0_0_3400m;5.00;149;149;10.19;24.47
6000.00;6300.00;2184.00;25.55;E0_1_3400m;5.00;182;182;11.87;25.68
6000.00;6300.00;1788.00;24.38;E0_0_3500m;5.00;149;149;10.18;24.48
6000.00;6300.00;2184.00;25.50;E0_1_3500m;5.00;182;183;11.91;25.62
6000.00;6300.00;1776.00;24.30;E0_0_3600m;5.00;148;148;10.15;24.40
6000.00;6300.00;2196.00;25.47;E0_1_3600m;5.00;183;184;12.01;25.58
6000.00;6300.00;1728.00;24.24;E0_0_3700m;5.00;144;144;9.90;24.37
6000.00;6300.00;2184.00;25.52;E0_1_3700m;5.00;182;183;11.95;25.63
6000.00;6300.00;1704.00;24.20;E0_0_3800m;5.00;142;142;9.78;24.33
6000.00;6300.00;2136.00;25.55;E0_1_3800m;5.00;178;179;11.63;25.68
6000.00;6300.00;1680.00;24.11;E0_0_3900m;5.00;140;140;9.68;24.24
6000.00;6300.00;2100.00;25.57;E0_1_3900m;5.00;175;176;11.44;25.70
6000.00;6300.00;1644.00;24.07;E0_0_4000m;5.00;137;137;9.49;24.20
6000.00;6300.00;2076.00;25.61;E0_1_4000m;5.00;173;173;11.26;25.74
6000.00;6300.00;1656.00;24.00;E0_0_4100m;5.00;138;138;9.58;24.13
6000.00;6300.00;2076.00;25.60;E0_1_4100m;5.00;173;174;11.27;25.74
6000.00;6300.00;1644.00;23.98;E0_0_4200m;5.00;137;137;9.52;24.12
6000.00;6300.00;2076.00;25.58;E0_1_4200m;5.00;173;172;11.26;25.71
6000.00;6300.00;1656.00;23.97;E0_0_4300m;5.00;138;137;9.58;24.10
6000.00;6300.00;2076.00;25.59;E0_1_4300m;5.00;173;172;11.24;25.72
6000.00;6300.00;1644.00;23.93;E0_0_4400m;5.00;137;137;9.54;24.07
6000.00;6300.00;2076.00;25.58;E0_1_4400m;5.00;173;173;11.27;25.70
6000.00;6300.00;1656.00;23.98;E0_0_4500m;5.00;138;137;9.53;24.11
6000.00;6300.00;2100.00;25.54;E0_1_4500m;5.00;175;175;11.42;25.67
6000.00;6300.00;1680.00;24.17;E0_0_4600m;5.00;140;140;9.65;24.29
6000.00;6300.00;2136.00;25.52;E0_1_4600m;5.00;178;178;11.63;25.65
6000.00;6300.00;1716.00;24.02;E0_0_4700m;5.00;143;143;9.92;24.14
6000.00;6300.00;2172.00;25.56;E0_1_4700m;5.00;181;181;11.80;25.70
6000.00;6300.00;1764.00;24.00;E0_0_4800m;5.00;147;147;10.21;24.12
6000.00;6300.00;2196.00;25.61;E0_1_4800m;5.00;183;183;11.91;25.77
6000.00;6300.00;1788.00;24.06;E0_0_4900m;5.00;149;149;10.32;24.19
6000.00;6300.00;2232.00;25.68;E0_1_4900m;5.00;186;186;12.07;25.84
6000.00;6300.00;1812.00;24.18;E0_0_5000m;5.00;151;151;10.41;24.31
6000.00;6300.00;2232.00;25.76;E0_1_5000m;5.00;186;186;12.03;25.92
6300.00;6600.00;0.00;-1.00;E0_0_0m;-1.00;0;0;0.00;-1.00
6300.00;6600.00;0.00;-1.00;E0_1_0m;-1.00;0;0;0.00;-1.00
6300.00;6600.00;1668.00;26.62;E0_0_100m;5.00;139;140;8.75;26.83
6300.00;6600.00;2040.00;27.91;E0_1_100m;5.00;170;170;10.15;28.15
6300.00;6600.00;1728.00;26.65;E0_0_200m;5.00;144;144;9.00;26.89
6300.00;6600.00;2016.00;28.38;E0_1_200m;5.00;168;168;9.87;28.69
6300.00;6600.00;1776.00;26.33;E0_0_300m;5.00;148;148;9.37;26.54
6300.00;6600.00;2004.00;28.27;E0_1_300m;5.00;167;166;9.82;28.58
6300.00;6600.00;1764.00;26.01;E0_0_400m;5.00;147;147;9.42;26.21
6300.00;6600.00;2052.00;28.07;E0_1_400m;5.00;171;171;10.15;28.39
6300.00;6600.00;1728.00;25.73;E0_0_500m;5.00;144;144;9.33;25.94
6300.00;6600.00;2076.00;28.02;E0_1_500m;5.00;173;174;10.31;28.39
6300.00;6600.00;1704.00;25.65;E0_0_600m;5.00;142;143;9.29;25.86
6300.00;6600.00;2112.00;28.06;E0_1_600m;5.00;176;176;10.45;28.46
6300.00;6600.00;1704.00;25.60;E0_0_700m;5.00;142;142;9.24;25.82
6300.00;6600.00;2124.00;27.92;E0_1_700m;5.00;177;177;10.56;28.29
6300.00;6600.00;1704.00;25.44;E0_0_800m;5.00;142;142;9.30;25.65
6300.00;6600.00;2148.00;27.78;E0_1_800m;5.00;179;179;10.74;28.13
6300.00;6600.00;1668.00;25.19;E0_0_900m;5.00;139;139;9.20;25.37
6300.00;6600.00;2220.00;27.57;E0_1_900m;5.00;185;185;11.19;27.90
6300.00;6600.00;1644.00;24.91;E0_0_1000m;5.00;137;137;9.17;25.08
6300.00;6600.00;2232.00;27.37;E0_1_1000m;5.00;186;186;11.33;27.72
6300.00;6600.00;1572.00;24.73;E0_0_1100m;5.00;131;131;8.83;24.92
6300.00;6600.00;2268.00;27.17;E0_1_1100m;5.00;189;188;11.54;27.54
6300.00;6600.00;1560.00;24.66;E0_0_1200m;5.00;130;130;8.79;24.84
6300.00;6600.00;2268.00;27.03;E0_1_1200m;5.00;189;189;11.65;27.42
6300.00;6600.00;1560.00;24.53;E0_0_1300m;5.00;130;130;8.83;24.73
6300.00;6600.00;2256.00;26.83;E0_1_1300m;5.00;188;188;11.68;27.24
6300.00;6600.00;1584.00;24.31;E0_0_1400m;5.00;132;131;9.01;24.50
6300.00;6600.00;2256.00;26.64;E0_1_1400m;5.00;188;188;11.76;27.05
6300.00;6600.00;1596.00;24.13;E0_0_1500m;5.00;133;133;9.19;24.33
6300.00;6600.00;2268.00;26.36;E0_1_1500m;5.00;189;189;11.95;26.76
6300.00;6600.00;1620.00;24.02;E0_0_1600m;5.00;135;135;9.37;24.22
6300.00;6600.00;2220.00;26.11;E0_1_1600m;5.00;185;185;11.81;26.50
6300.00;6600.00;1644.00;23.92;E0_0_1700m;5.00;137;137;9.55;24.13
6300.00;6600.00;2220.00;25.81;E0_1_1700m;5.00;185;186;11.96;26.22
6300.00;6600.00;1596.00;23.85;E0_0_1800m;5.00;133;133;9.29;24.07
6300.00;6600.00;2244.00;25.71;E0_1_1800m;5.00;187;187;12.12;26.14
6300.00;6600.00;1584.00;23.83;E0_0_1900m;5.00;132;132;9.23;24.07
6300.00;6600.00;2220.00;25.61;E0_1_1900m;5.00;185;185;12.04;26.05
6300.00;6600.00;1620.00;23.74;E0_0_2000m;5.00;135;135;9.48;23.97
6300.00;6600.00;2196.00;25.34;E0_1_2000m;5.00;183;183;12.04;25.75
6300.00;6600.00;1656.00;23.69;E0_0_2100m;5.00;138;138;9.71;23.90
6300.00;6600.00;2208.00;24.96;E0_1_2100m;5.00;184;183;12.25;25.31
6300.00;6600.00;1692.00;23.54;E0_0_2200m;5.00;141;141;9.98;23.73
6300.00;6600.00;2232.00;24.65;E0_1_2200m;5.00;186;186;12.58;24.96
6300.00;6600.00;1728.00;23.37;E0_0_2300m;5.00;144;144;10.27;23.56
6300.00;6600.00;2232.00;24.36;E0_1_2300m;5.00;186;186;12.73;24.67
6300.00;6600.00;1764.00;23.20;E0_0_2400m;5.00;147;147;10.56;23.38
6300.00;6600.00;2208.00;24.04;E0_1_2400m;5.00;184;184;12.76;24.35
6300.00;6600.00;1752.00;23.17;E0_0_2500m;5.00;146;146;10.50;23.34
6300.00;6600.00;2172.00;23.77;E0_1_2500m;5.00;181;182;12.70;24.08
6300.00;6600.00;1740.00;23.19;E0_0_2600m;5.00;145;145;10.42;23.36
6300.00;6600.00;2172.00;23.63;E0_1_2600m;5.00;181;181;12.77;23.94
6300.00;6600.00;1764.00;23.21;E0_0_2700m;5.00;147;146;10.55;23.38
6300.00;6600.00;2172.00;23.58;E0_1_2700m;5.00;181;181;12.79;23.88
6300.00;6600.00;1776.00;23.21;E0_0_2800m;5.00;148;147;10.61;23.37
6300.00;6600.00;2160.00;23.63;E0_1_2800m;5.00;180;180;12.69;23.93
6300.00;6600.00;1788.00;23.13;E0_0_2900m;5.00;149;149;10.74;23.30
6300.00;6600.00;2136.00;23.55;E0_1_2900m;5.00;178;179;12.61;23.88
6300.00;6600.00;1776.00;23.12;E0_0_3000m;5.00;148;148;10.67;23.29
6300.00;6600.00;2148.00;23.53;E0_1_3000m;5.00;179;179;12.68;23.87
6300.00;6600.00;1740.00;23.04;E0_0_3100m;5.00;145;144;10.43;23.26
6300.00;6600.00;2136.00;23.52;E0_1_3100m;5.00;178;177;12.58;23.85
6300.00;6600.00;1716.00;23.14;E0_0_3200m;5.00;143;143;10.30;23.33
6300.00;6600.00;2136.00;23.52;E0_1_3200m;5.00;178;178;12.62;23.84
6300.00;6600.00;1680.00;23.22;E0_0_3300m;5.00;140;140;10.05;23.40
6300.00;6600.00;2136.00;23.55;E0_1_3300m;5.00;178;178;12.60;23.84
6300.00;6600.00;1692.00;23.22;E0_0_3400m;5.00;141;141;10.12;23.38
6300.00;6600.00;2136.00;23.55;E0_1_3400m;5.00;178;178;12.60;23.81
6300.00;6600.00;1716.00;23.24;E0_0_3500m;5.00;143;143;10.25;23.40
6300.00;6600.00;2136.00;23.53;E0_1_3500m;5.00;178;177;12.59;23.76
6300.00;6600.00;1704.00;23.35;E0_0_3600m;5.00;142;142;10.13;23.51
6300.00;6600.00;2124.00;23.58;E0_1_3600m;5.00;177;176;12.48;23.81
6300.00;6600.00;1728.00;23.41;E0_0_3700m;5.00;144;144;10.25;23.55
6300.00;6600.00;2112.00;23.61;E0_1_3700m;5.00;176;175;12.37;23.82
6300.00;6600.00;1740.00;23.45;E0_0_3800m;5.00;145;145;10.30;23.60
6300.00;6600.00;2100.00;23.65;E0_1_3800m;5.00;175;175;12.38;23.84
6300.00;6600.00;1728.00;23.56;E0_0_3900m;5.00;144;144;10.19;23.69
6300.00;6600.00;2100.00;23.71;E0_1_3900m;5.00;175;174;12.27;23.89
6300.00;6600.00;1728.00;23.62;E0_0_4000m;5.00;144;144;10.16;23.74
6300.00;6600.00;2100.00;23.79;E0_1_4000m;5.00;175;175;12.26;23.97
6300.00;6600.00;1716.00;23.69;E0_0_4100m;5.00;143;143;10.06;23.80
6300.00;6600.00;2076.00;23.86;E0_1_4100m;5.00;173;172;12.07;24.02
6300.00;6600.00;1704.00;23.76;E0_0_4200m;5.00;142;142;9.96;23.87
6300.00;6600.00;2076.00;23.89;E0_1_4200m;5.00;173;173;12.07;24.04
6300.00;6600.00;1692.00;23.81;E0_0_4300m;5.00;141;141;9.87;23.91
6300.00;6600.00;2088.00;23.94;E0_1_4300m;5.00;174;174;12.11;24.07
6300.00;6600.00;1668.00;23.88;E0_0_4400m;5.00;139;140;9.70;23.97
6300.00;6600.00;2064.00;24.00;E0_1_4400m;5.00;172;173;11.99;24.11
6300.00;6600.00;1644.00;23.91;E0_0_4500m;5.00;137;138;9.60;23.99
6300.00;6600.00;2016.00;24.03;E0_1_4500m;5.00;168;168;11.65;24.13
6300.00;6600.00;1608.00;23.88;E0_0_4600m;5.00;134;135;9.36;23.96
6300.00;6600.00;1992.00;24.09;E0_1_4600m;5.00;166;166;11.49;24.17
6300.00;6600.00;1584.00;23.89;E0_0_4700m;5.00;132;132;9.21;23.96
6300.00;6600.00;1944.00;24.19;E0_1_4700m;5.00;162;163;11.19;24.26
6300.00;6600.00;1560.00;23.98;E0_0_4800m;5.00;130;130;9.03;24.05
6300.00;6600.00;1920.00;24.32;E0_1_4800m;5.00;160;160;10.97;24.39
6300.00;6600.00;1524.00;24.10;E0_0_4900m;5.00;127;127;8.78;24.14
6300.00;6600.00;1884.00;24.44;E0_1_4900m;5.00;157;157;10.71;24.50
6300.00;6600.00;1500.00;24.13;E0_0_5000m;5.00;125;125;8.63;24.15
6300.00;6600.00;1848.00;24.58;E0_1_5000m;5.00;154;154;10.44;24.63
6600.00;6900.00;0.00;-1.00;E0_0_0m;-1.00;0;0;0.00;-1.00
6600.00;6900.00;0.00;-1.00;E0_1_0m;-1.00;0;0;0.00;-1.00
6600.00;6900.00;1824.00;25.65;E0_0_100m;5.00;152;153;9.89;25.82
6600.00;6900.00;2148.00;27.23;E0_1_100m;5.00;179;179;10.96;27.37
6600.00;6900.00;1800.00;25.86;E0_0_200m;5.00;150;151;9.68;26.03
6600.00;6900.00;2136.00;28.11;E0_1_200m;5.00;178;178;10.55;28.27
6600.00;6900.00;1848.00;25.89;E0_0_300m;5.00;154;154;9.91;26.04
6600.00;6900.00;2076.00;28.41;E0_1_300m;5.00;173;173;10.15;28.57
6600.00;6900.00;1812.00;25.86;E0_0_400m;5.00;151;151;9.73;26.03
6600.00;6900.00;2064.00;28.38;E0_1_400m;5.00;172;172;10.10;28.55
6600.00;6900.00;1800.00;25.77;E0_0_500m;5.00;150;150;9.70;25.93
6600.00;6900.00;2064.00;28.22;E0_1_500m;5.00;172;171;10.14;28.37
6600.00;6900.00;1800.00;25.78;E0_0_600m;5.00;150;150;9.70;25.95
6600.00;6900.00;2040.00;27.99;E0_1_600m;5.00;170;171;10.14;28.13
6600.00;6900.00;1728.00;25.63;E0_0_700m;5.00;144;145;9.37;25.79
6600.00;6900.00;2112.00;27.86;E0_1_700m;5.00;176;176;10.53;28.01
6600.00;6900.00;1728.00;25.51;E0_0_800m;5.00;144;144;9.41;25.67
6600.00;6900.00;2076.00;27.68;E0_1_800m;5.00;173;173;10.42;27.83
6600.00;6900.00;1716.00;25.54;E0_0_900m;5.00;143;143;9.33;25.69
6600.00;6900.00;2052.00;27.68;E0_1_900m;5.00;171;171;10.29;27.82
6600.00;6900.00;1740.00;25.52;E0_0_1000m;5.00;145;145;9.47;25.66
6600.00;6900.00;2016.00;27.77;E0_1_1000m;5.00;168;168;10.08;27.89
6600.00;6900.00;1740.00;25.39;E0_0_1100m;5.00;145;145;9.52;25.52
6600.00;6900.00;2028.00;27.64;E0_1_1100m;5.00;169;169;10.19;27.76
6600.00;6900.00;1704.00;25.33;E0_0_1200m;5.00;142;142;9.34;25.46
6600.00;6900.00;2052.00;27.52;E0_1_1200m;5.00;171;171;10.36;27.64
6600.00;6900.00;1680.00;25.20;E0_0_1300m;5.00;140;140;9.26;25.34
6600.00;6900.00;2076.00;27.42;E0_1_1300m;5.00;173;173;10.51;27.55
6600.00;6900.00;1680.00;25.06;E0_0_1400m;5.00;140;140;9.31;25.19
6600.00;6900.00;2076.00;27.32;E0_1_1400m;5.00;173;173;10.55;27.45
6600.00;6900.00;1656.00;24.98;E0_0_1500m;5.00;138;138;9.21;25.11
6600.00;6900.00;2052.00;27.22;E0_1_1500m;5.00;171;171;10.47;27.35
6600.00;6900.00;1656.00;25.02;E0_0_1600m;5.00;138;138;9.19;25.15
6600.00;6900.00;2076.00;27.23;E0_1_1600m;5.00;173;173;10.59;27.37
6600.00;6900.00;1620.00;25.12;E0_0_1700m;5.00;135;135;8.96;25.25
6600.00;6900.00;2112.00;27.17;E0_1_1700m;5.00;176;176;10.81;27.32
6600.00;6900.00;1632.00;25.10;E0_0_1800m;5.00;136;136;9.03;25.22
6600.00;6900.00;2112.00;27.17;E0_1_1800m;5.00;176;176;10.80;27.33
6600.00;6900.00;1656.00;25.16;E0_0_1900m;5.00;138;138;9.14;25.28
6600.00;6900.00;2088.00;27.21;E0_1_1900m;5.00;174;174;10.66;27.41
6600.00;6900.00;1608.00;24.98;E0_0_2000m;5.00;134;134;8.94;25.09
6600.00;6900.00;2124.00;27.36;E0_1_2000m;5.00;177;177;10.78;27.60
6600.00;6900.00;1608.00;24.94;E0_0_2100m;5.00;134;135;9.00;25.05
6600.00;6900.00;2076.00;27.49;E0_1_2100m;5.00;173;173;10.49;27.76
6600.00;6900.00;1596.00;24.93;E0_0_2200m;5.00;133;133;8.89;25.05
6600.00;6900.00;2100.00;27.46;E0_1_2200m;5.00;175;175;10.62;27.74
6600.00;6900.00;1572.00;24.76;E0_0_2300m;5.00;131;132;8.87;24.86
6600.00;6900.00;2112.00;27.49;E0_1_2300m;5.00;176;176;10.67;27.77
6600.00;6900.00;1560.00;24.73;E0_0_2400m;5.00;130;130;8.76;24.84
6600.00;6900.00;2136.00;27.44;E0_1_2400m;5.00;178;178;10.81;27.73
6600.00;6900.00;1536.00;24.64;E0_0_2500m;5.00;128;128;8.66;24.75
6600.00;6900.00;2172.00;27.29;E0_1_2500m;5.00;181;180;11.05;27.57
6600.00;6900.00;1500.00;24.52;E0_0_2600m;5.00;125;125;8.50;24.62
6600.00;6900.00;2172.00;27.01;E0_1_2600m;5.00;181;181;11.17;27.30
6600.00;6900.00;1476.00;24.43;E0_0_2700m;5.00;123;123;8.39;24.52
6600.00;6900.00;2184.00;26.68;E0_1_2700m;5.00;182;182;11.37;26.96
6600.00;6900.00;1500.00;24.26;E0_0_2800m;5.00;125;125;8.59;24.34
6600.00;6900.00;2196.00;26.22;E0_1_2800m;5.00;183;183;11.63;26.50
6600.00;6900.00;1512.00;24.19;E0_0_2900m;5.00;126;126;8.68;24.27
6600.00;6900.00;2208.00;25.76;E0_1_2900m;5.00;184;183;11.89;26.04
6600.00;6900.00;1548.00;24.17;E0_0_3000m;5.00;129;129;8.90;24.27
6600.00;6900.00;2232.00;25.55;E0_1_3000m;5.00;186;186;12.13;25.82
6600.00;6900.00;1548.00;24.01;E0_0_3100m;5.00;129;130;8.97;24.11
6600.00;6900.00;2256.00;25.41;E0_1_3100m;5.00;188;189;12.35;25.69
6600.00;6900.00;1584.00;23.77;E0_0_3200m;5.00;132;132;9.26;23.90
6600.00;6900.00;2244.00;25.36;E0_1_3200m;5.00;187;188;12.34;25.66
6600.00;6900.00;1668.00;23.65;E0_0_3300m;5.00;139;139;9.79;23.80
6600.00;6900.00;2184.00;25.11;E0_1_3300m;5.00;182;183;12.10;25.44
6600.00;6900.00;1680.00;23.36;E0_0_3400m;5.00;140;140;9.99;23.50
6600.00;6900.00;2184.00;24.72;E0_1_3400m;5.00;182;182;12.27;25.06
6600.00;6900.00;1668.00;23.18;E0_0_3500m;5.00;139;140;10.02;23.34
6600.00;6900.00;2172.00;24.37;E0_1_3500m;5.00;181;181;12.38;24.72
6600.00;6900.00;1692.00;22.96;E0_0_3600m;5.00;141;141;10.24;23.11
6600.00;6900.00;2172.00;23.99;E0_1_3600m;5.00;181;181;12.57;24.32
6600.00;6900.00;1692.00;22.80;E0_0_3700m;5.00;141;141;10.31;22.95
6600.00;6900.00;2160.00;23.63;E0_1_3700m;5.00;180;180;12.70;23.93
6600.00;6900.00;1668.00;22.71;E0_0_3800m;5.00;139;139;10.20;22.88
6600.00;6900.00;2196.00;23.40;E0_1_3800m;5.00;183;182;12.96;23.70
6600.00;6900.00;1716.00;22.64;E0_0_3900m;5.00;143;143;10.53;22.80
6600.00;6900.00;2232.00;23.24;E0_1_3900m;5.00;186;186;13.34;23.53
6600.00;6900.00;1764.00;22.60;E0_0_4000m;5.00;147;147;10.84;22.76
6600.00;6900.00;2256.00;23.14;E0_1_4000m;5.00;188;188;13.54;23.44
6600.00;6900.00;1776.00;22.58;E0_0_4100m;5.00;148;148;10.92;22.76
6600.00;6900.00;2328.00;23.03;E0_1_4100m;5.00;194;194;14.04;23.31
6600.00;6900.00;1812.00;22.58;E0_0_4200m;5.00;151;151;11.14;22.76
6600.00;6900.00;2364.00;23.02;E0_1_4200m;5.00;197;197;14.27;23.30
6600.00;6900.00;1812.00;22.51;E0_0_4300m;5.00;151;152;11.25;22.68
6600.00;6900.00;2376.00;23.05;E0_1_4300m;5.00;198;198;14.32;23.35
6600.00;6900.00;1848.00;22.45;E0_0_4400m;5.00;154;154;11.46;22.60
6600.00;6900.00;2364.00;23.05;E0_1_4400m;5.00;197;196;14.20;23.37
6600.00;6900.00;1860.00;22.49;E0_0_4500m;5.00;155;154;11.43;22.64
6600.00;6900.00;2364.00;22.99;E0_1_4500m;5.00;197;197;14.28;23.26
6600.00;6900.00;1860.00;22.56;E0_0_4600m;5.00;155;154;11.44;22.70
6600.00;6900.00;2364.00;22.93;E0_1_4600m;5.00;197;197;14.32;23.15
6600.00;6900.00;1884.00;22.64;E0_0_4700m;5.00;157;157;11.56;22.78
6600.00;6900.00;2412.00;22.99;E0_1_4700m;5.00;201;200;14.55;23.19
6600.00;6900.00;1872.00;22.71;E0_0_4800m;5.00;156;156;11.45;22.83
6600.00;6900.00;2436.00;23.09;E0_1_4800m;5.00;203;203;14.65;23.28
6600.00;6900.00;1884.00;22.78;E0_0_4900m;5.00;157;158;11.54;22.89
6600.00;6900.00;2472.00;23.30;E0_1_4900m;5.00;206;206;14.73;23.51
6600.00;6900.00;1908.00;22.84;E0_0_5000m;5.00;159;160;11.60;22.95
6600.00;6900.00;2484.00;23.52;E0_1_5000m;5.00;207;207;14.67;23.75
6900.00;7200.00;0.00;-1.00;E0_0_0m;-1.00;0;0;0.00;-1.00
6900.00;7200.00;0.00;-1.00;E0_1_0m;-1.00;0;0;0.00;-1.00
6900.00;7200.00;1872.00;26.54;E0_0_100m;5.00;156;157;9.84;26.67
6900.00;7200.00;2136.00;27.61;E0_1_100m;5.00;178;178;10.74;27.73
6900.00;7200.00;1896.00;26.34;E0_0_200m;5.00;158;157;9.98;26.45
6900.00;7200.00;2124.00;27.53;E0_1_200m;5.00;177;177;10.72;27.68
6900.00;7200.00;1872.00;26.11;E0_0_300m;5.00;156;156;9.96;26.19
6900.00;7200.00;2160.00;27.37;E0_1_300m;5.00;180;180;10.96;27.53
6900.00;7200.00;1860.00;25.81;E0_0_400m;5.00;155;155;10.01;25.88
6900.00;7200.00;2220.00;27.32;E0_1_400m;5.00;185;185;11.29;27.48
6900.00;7200.00;1872.00;25.66;E0_0_500m;5.00;156;157;10.15;25.73
6900.00;7200.00;2244.00;27.14;E0_1_500m;5.00;187;187;11.49;27.29
6900.00;7200.00;1860.00;25.55;E0_0_600m;5.00;155;155;10.11;25.63
6900.00;7200.00;2268.00;27.06;E0_1_600m;5.00;189;188;11.62;27.18
6900.00;7200.00;1896.00;25.51;E0_0_700m;5.00;158;157;10.32;25.58
6900.00;7200.00;2256.00;27.01;E0_1_700m;5.00;188;188;11.60;27.11
6900.00;7200.00;1908.00;25.63;E0_0_800m;5.00;159;159;10.34;25.69
6900.00;7200.00;2256.00;27.00;E0_1_800m;5.00;188;188;11.60;27.12
6900.00;7200.00;1884.00;25.77;E0_0_900m;5.00;157;157;10.15;25.84
6900.00;7200.00;2256.00;26.97;E0_1_900m;5.00;188;188;11.62;27.09
6900.00;7200.00;1884.00;25.73;E0_0_1000m;5.00;157;158;10.19;25.80
6900.00;7200.00;2268.00;26.93;E0_1_1000m;5.00;189;189;11.70;27.03
6900.00;7200.00;1896.00;25.57;E0_0_1100m;5.00;158;159;10.30;25.65
6900.00;7200.00;2268.00;26.87;E0_1_1100m;5.00;189;189;11.72;26.98
6900.00;7200.00;1884.00;25.63;E0_0_1200m;5.00;157;158;10.22;25.70
6900.00;7200.00;2268.00;26.95;E0_1_1200m;5.00;189;189;11.69;27.03
6900.00;7200.00;1872.00;25.64;E0_0_1300m;5.00;156;156;10.14;25.71
6900.00;7200.00;2256.00;26.94;E0_1_1300m;5.00;188;188;11.63;27.02
6900.00;7200.00;1872.00;25.66;E0_0_1400m;5.00;156;156;10.13;25.72
6900.00;7200.00;2244.00;26.97;E0_1_1400m;5.00;187;187;11.56;27.03
6900.00;7200.00;1848.00;25.75;E0_0_1500m;5.00;154;155;10.01;25.79
6900.00;7200.00;2292.00;27.09;E0_1_1500m;5.00;191;191;11.75;27.17
6900.00;7200.00;1884.00;25.87;E0_0_1600m;5.00;157;157;10.12;25.92
6900.00;7200.00;2280.00;27.07;E0_1_1600m;5.00;190;190;11.70;27.17
6900.00;7200.00;1884.00;25.83;E0_0_1700m;5.00;157;157;10.13;25.88
6900.00;7200.00;2292.00;27.05;E0_1_1700m;5.00;191;191;11.77;27.14
6900.00;7200.00;1884.00;25.76;E0_0_1800m;5.00;157;157;10.16;25.82
6900.00;7200.00;2280.00;27.06;E0_1_1800m;5.00;190;190;11.70;27.15
6900.00;7200.00;1884.00;25.87;E0_0_1900m;5.00;157;157;10.11;25.92
6900.00;7200.00;2316.00;27.02;E0_1_1900m;5.00;193;193;11.91;27.10
6900.00;7200.00;1908.00;25.92;E0_0_2000m;5.00;159;159;10.22;25.96
6900.00;7200.00;2316.00;27.01;E0_1_2000m;5.00;193;193;11.91;27.08
6900.00;7200.00;1908.00;25.86;E0_0_2100m;5.00;159;158;10.20;25.91
6900.00;7200.00;2316.00;26.99;E0_1_2100m;5.00;193;193;11.92;27.06
6900.00;7200.00;1848.00;25.82;E0_0_2200m;5.00;154;154;9.94;25.88
6900.00;7200.00;2304.00;26.97;E0_1_2200m;5.00;192;193;11.87;27.04
6900.00;7200.00;1824.00;25.77;E0_0_2300m;5.00;152;151;9.78;25.84
6900.00;7200.00;2328.00;26.98;E0_1_2300m;5.00;194;194;11.98;27.05
6900.00;7200.00;1800.00;25.69;E0_0_2400m;5.00;150;150;9.73;25.76
6900.00;7200.00;2328.00;27.03;E0_1_2400m;5.00;194;194;11.96;27.11
6900.00;7200.00;1812.00;25.67;E0_0_2500m;5.00;151;151;9.81;25.74
6900.00;7200.00;2304.00;27.08;E0_1_2500m;5.00;192;192;11.82;27.16
6900.00;7200.00;1800.00;25.70;E0_0_2600m;5.00;150;150;9.73;25.77
6900.00;7200.00;2316.00;27.10;E0_1_2600m;5.00;193;194;11.92;27.19
6900.00;7200.00;1812.00;25.71;E0_0_2700m;5.00;151;151;9.79;25.79
6900.00;7200.00;2304.00;27.16;E0_1_2700m;5.00;192;192;11.78;27.25
6900.00;7200.00;1800.00;25.66;E0_0_2800m;5.00;150;150;9.74;25.74
6900.00;7200.00;2292.00;27.20;E0_1_2800m;5.00;191;191;11.70;27.30
6900.00;7200.00;1800.00;25.67;E0_0_2900m;5.00;150;150;9.74;25.75
6900.00;7200.00;2292.00;27.22;E0_1_2900m;5.00;191;191;11.70;27.31
6900.00;7200.00;1776.00;25.69;E0_0_3000m;5.00;148;148;9.60;25.77
6900.00;7200.00;2268.00;27.22;E0_1_3000m;5.00;189;189;11.57;27.32
6900.00;7200.00;1740.00;25.67;E0_0_3100m;5.00;145;144;9.39;25.75
6900.00;7200.00;2280.00;27.20;E0_1_3100m;5.00;190;189;11.62;27.30
6900.00;7200.00;1728.00;25.68;E0_0_3200m;5.00;144;144;9.34;25.76
6900.00;7200.00;2268.00;27.15;E0_1_3200m;5.00;189;188;11.56;27.26
6900.00;7200.00;1764.00;25.71;E0_0_3300m;5.00;147;147;9.53;25.78
6900.00;7200.00;2244.00;27.02;E0_1_3300m;5.00;187;186;11.51;27.14
6900.00;7200.00;1728.00;25.79;E0_0_3400m;5.00;144;145;9.32;25.93
6900.00;7200.00;2244.00;26.87;E0_1_3400m;5.00;187;188;11.66;26.99
6900.00;7200.00;1752.00;25.67;E0_0_3500m;5.00;146;145;9.45;25.74
6900.00;7200.00;2244.00;26.62;E0_1_3500m;5.00;187;187;11.71;26.73
6900.00;7200.00;1752.00;25.61;E0_0_3600m;5.00;146;146;9.50;25.69
6900.00;7200.00;2280.00;26.33;E0_1_3600m;5.00;190;191;12.04;26.43
6900.00;7200.00;1776.00;25.57;E0_0_3700m;5.00;148;148;9.65;25.63
6900.00;7200.00;2316.00;26.12;E0_1_3700m;5.00;193;193;12.32;26.21
6900.00;7200.00;1788.00;25.51;E0_0_3800m;5.00;149;149;9.74;25.58
6900.00;7200.00;2364.00;26.03;E0_1_3800m;5.00;197;197;12.62;26.12
6900.00;7200.00;1788.00;25.41;E0_0_3900m;5.00;149;150;9.80;25.48
6900.00;7200.00;2340.00;25.97;E0_1_3900m;5.00;195;195;12.51;26.05
6900.00;7200.00;1776.00;25.40;E0_0_4000m;5.00;148;148;9.71;25.46
6900.00;7200.00;2292.00;25.86;E0_1_4000m;5.00;191;191;12.31;25.94
6900.00;7200.00;1752.00;25.33;E0_0_4100m;5.00;146;146;9.61;25.40
6900.00;7200.00;2268.00;25.81;E0_1_4100m;5.00;189;189;12.20;25.89
6900.00;7200.00;1752.00;25.34;E0_0_4200m;5.00;146;146;9.60;25.41
6900.00;7200.00;2256.00;25.84;E0_1_4200m;5.00;188;188;12.12;25.92
6900.00;7200.00;1764.00;25.21;E0_0_4300m;5.00;147;146;9.65;25.29
6900.00;7200.00;2280.00;25.92;E0_1_4300m;5.00;190;190;12.22;25.99
6900.00;7200.00;1776.00;25.09;E0_0_4400m;5.00;148;147;9.80;25.16
6900.00;7200.00;2268.00;25.89;E0_1_4400m;5.00;189;189;12.17;25.96
6900.00;7200.00;1788.00;25.05;E0_0_4500m;5.00;149;149;9.91;25.12
6900.00;7200.00;2244.00;25.80;E0_1_4500m;5.00;187;187;12.08;25.87
6900.00;7200.00;1776.00;25.08;E0_0_4600m;5.00;148;148;9.83;25.16
6900.00;7200.00;2256.00;25.76;E0_1_4600m;5.00;188;188;12.16;25.85
6900.00;7200.00;1740.00;25.02;E0_0_4700m;5.00;145;145;9.66;25.11
6900.00;7200.00;2232.00;25.71;E0_1_4700m;5.00;186;186;12.06;25.80
6900.00;7200.00;1740.00;25.09;E0_0_4800m;5.00;145;145;9.63;25.17
6900.00;7200.00;2196.00;25.76;E0_1_4800m;5.00;183;184;11.85;25.86
6900.00;7200.00;1716.00;25.20;E0_0_4900m;5.00;143;142;9.40;25.28
6900.00;7200.00;2184.00;25.75;E0_1_4900m;5.00;182;182;11.78;25.85
6900.00;7200.00;1716.00;25.17;E0_0_5000m;5.00;143;142;9.47;25.25
6900.00;7200.00;2160.00;25.80;E0_1_5000m;5.00;180;180;11.63;25.89
7200.00;7500.00;0.00;-1.00;E0_0_0m;-1.00;0;0;0.00;-1.00
7200.00;7500.00;0.00;-1.00;E0_1_0m;-1.00;0;0;0.00;-1.00
7200.00;7500.00;1824.00;27.25;E0_0_100m;5.00;152;152;9.30;27.36
7200.00;7500.00;2016.00;28.52;E0_1_100m;5.00;168;168;9.82;28.67
7200.00;7500.00;1836.00;27.24;E0_0_200m;5.00;153;153;9.36;27.38
7200.00;7500.00;2040.00;28.86;E0_1_200m;5.00;170;171;9.86;29.01
7200.00;7500.00;1848.00;27.21;E0_0_300m;5.00;154;154;9.43;27.32
7200.00;7500.00;2004.00;28.82;E0_1_300m;5.00;167;167;9.66;28.97
7200.00;7500.00;1872.00;27.07;E0_0_400m;5.00;156;156;9.60;27.17
7200.00;7500.00;1980.00;28.78;E0_1_400m;5.00;165;165;9.56;28.93
7200.00;7500.00;1848.00;26.93;E0_0_500m;5.00;154;154;9.53;27.01
7200.00;7500.00;2028.00;28.67;E0_1_500m;5.00;169;169;9.82;28.81
7200.00;7500.00;1836.00;26.81;E0_0_600m;5.00;153;154;9.55;26.88
7200.00;7500.00;2052.00;28.59;E0_1_600m;5.00;171;171;9.97;28.73
7200.00;7500.00;1824.00;26.70;E0_0_700m;5.00;152;152;9.49;26.76
7200.00;7500.00;2052.00;28.44;E0_1_700m;5.00;171;171;10.02;28.59
7200.00;7500.00;1800.00;26.61;E0_0_800m;5.00;150;150;9.40;26.67
7200.00;7500.00;2052.00;28.23;E0_1_800m;5.00;171;171;10.09;28.37
7200.00;7500.00;1800.00;26.39;E0_0_900m;5.00;150;150;9.47;26.44
7200.00;7500.00;2112.00;27.97;E0_1_900m;5.00;176;176;10.49;28.11
7200.00;7500.00;1800.00;26.25;E0_0_1000m;5.00;150;149;9.50;26.30
7200.00;7500.00;2124.00;27.72;E0_1_1000m;5.00;177;177;10.64;27.87
7200.00;7500.00;1740.00;26.11;E0_0_1100m;5.00;145;145;9.26;26.16
7200.00;7500.00;2160.00;27.50;E0_1_1100m;5.00;180;181;10.96;27.65
7200.00;7500.00;1728.00;25.94;E0_0_1200m;5.00;144;143;9.24;26.00
7200.00;7500.00;2184.00;27.34;E0_1_1200m;5.00;182;182;11.09;27.50
7200.00;7500.00;1752.00;25.89;E0_0_1300m;5.00;146;146;9.40;25.96
7200.00;7500.00;2172.00;27.24;E0_1_1300m;5.00;181;182;11.10;27.42
7200.00;7500.00;1776.00;25.84;E0_0_1400m;5.00;148;148;9.54;25.91
7200.00;7500.00;2184.00;27.04;E0_1_1400m;5.00;182;182;11.22;27.23
7200.00;7500.00;1776.00;25.66;E0_0_1500m;5.00;148;148;9.61;25.73
7200.00;7500.00;2196.00;26.86;E0_1_1500m;5.00;183;183;11.35;27.05
7200.00;7500.00;1752.00;25.54;E0_0_1600m;5.00;146;146;9.53;25.61
7200.00;7500.00;2172.00;26.74;E0_1_1600m;5.00;181;181;11.28;26.92
7200.00;7500.00;1740.00;25.53;E0_0_1700m;5.00;145;145;9.46;25.60
7200.00;7500.00;2196.00;26.64;E0_1_1700m;5.00;183;183;11.45;26.81
7200.00;7500.00;1776.00;25.51;E0_0_1800m;5.00;148;148;9.67;25.57
7200.00;7500.00;2196.00;26.57;E0_1_1800m;5.00;183;183;11.48;26.74
7200.00;7500.00;1740.00;25.43;E0_0_1900m;5.00;145;145;9.50;25.50
7200.00;7500.00;2196.00;26.49;E0_1_1900m;5.00;183;184;11.54;26.64
7200.00;7500.00;1740.00;25.40;E0_0_2000m;5.00;145;145;9.51;25.46
7200.00;7500.00;2196.00;26.51;E0_1_2000m;5.00;183;183;11.50;26.65
7200.00;7500.00;1728.00;25.36;E0_0_2100m;5.00;144;144;9.46;25.42
7200.00;7500.00;2220.00;26.43;E0_1_2100m;5.00;185;185;11.67;26.55
7200.00;7500.00;1716.00;25.34;E0_0_2200m;5.00;143;143;9.40;25.41
7200.00;7500.00;2244.00;26.36;E0_1_2200m;5.00;187;186;11.81;26.48
7200.00;7500.00;1752.00;25.40;E0_0_2300m;5.00;146;146;9.58;25.46
7200.00;7500.00;2220.00;26.24;E0_1_2300m;5.00;185;185;11.75;26.34
7200.00;7500.00;1752.00;25.41;E0_0_2400m;5.00;146;146;9.58;25.48
7200.00;7500.00;2244.00;26.22;E0_1_2400m;5.00;187;187;11.89;26.31
7200.00;7500.00;1752.00;25.48;E0_0_2500m;5.00;146;146;9.55;25.55
7200.00;7500.00;2256.00;26.30;E0_1_2500m;5.00;188;188;11.91;26.39
7200.00;7500.00;1776.00;25.46;E0_0_2600m;5.00;148;148;9.69;25.53
7200.00;7500.00;2244.00;26.45;E0_1_2600m;5.00;187;186;11.73;26.55
7200.00;7500.00;1824.00;25.47;E0_0_2700m;5.00;152;152;9.95;25.54
7200.00;7500.00;2196.00;26.53;E0_1_2700m;5.00;183;183;11.49;26.65
7200.00;7500.00;1836.00;25.39;E0_0_2800m;5.00;153;153;10.04;25.49
7200.00;7500.00;2172.00;26.50;E0_1_2800m;5.00;181;182;11.39;26.61
7200.00;7500.00;1824.00;25.43;E0_0_2900m;5.00;152;152;9.96;25.51
7200.00;7500.00;2172.00;26.45;E0_1_2900m;5.00;181;181;11.41;26.56
7200.00;7500.00;1800.00;25.39;E0_0_3000m;5.00;150;150;9.85;25.45
7200.00;7500.00;2184.00;26.40;E0_1_3000m;5.00;182;182;11.49;26.50
7200.00;7500.00;1776.00;25.27;E0_0_3100m;5.00;148;148;9.76;25.33
7200.00;7500.00;2208.00;26.40;E0_1_3100m;5.00;184;185;11.64;26.50
7200.00;7500.00;1788.00;25.16;E0_0_3200m;5.00;149;150;9.91;25.24
7200.00;7500.00;2208.00;26.47;E0_1_3200m;5.00;184;184;11.59;26.57
7200.00;7500.00;1812.00;25.09;E0_0_3300m;5.00;151;151;10.03;25.16
7200.00;7500.00;2232.00;26.55;E0_1_3300m;5.00;186;186;11.67;26.67
7200.00;7500.00;1848.00;25.02;E0_0_3400m;5.00;154;154;10.30;25.10
7200.00;7500.00;2256.00;26.65;E0_1_3400m;5.00;188;188;11.76;26.78
7200.00;7500.00;1872.00;24.93;E0_0_3500m;5.00;156;156;10.43;25.02
7200.00;7500.00;2280.00;26.68;E0_1_3500m;5.00;190;191;11.88;26.81
7200.00;7500.00;1872.00;24.94;E0_0_3600m;5.00;156;156;10.42;25.01
7200.00;7500.00;2304.00;26.67;E0_1_3600m;5.00;192;191;11.98;26.80
7200.00;7500.00;1848.00;24.92;E0_0_3700m;5.00;154;155;10.34;24.99
7200.00;7500.00;2280.00;26.65;E0_1_3700m;5.00;190;191;11.93;26.77
7200.00;7500.00;1836.00;25.12;E0_0_3800m;5.00;153;153;10.15;25.19
7200.00;7500.00;2244.00;26.58;E0_1_3800m;5.00;187;187;11.72;26.71
7200.00;7500.00;1848.00;25.12;E0_0_3900m;5.00;154;154;10.24;25.20
7200.00;7500.00;2208.00;26.57;E0_1_3900m;5.00;184;184;11.54;26.70
7200.00;7500.00;1848.00;25.12;E0_0_4000m;5.00;154;154;10.22;25.21
7200.00;7500.00;2220.00;26.57;E0_1_4000m;5.00;185;185;11.61;26.71
7200.00;7500.00;1812.00;25.21;E0_0_4100m;5.00;151;151;9.98;25.30
7200.00;7500.00;2232.00;26.60;E0_1_4100m;5.00;186;186;11.66;26.74
7200.00;7500.00;1812.00;25.12;E0_0_4200m;5.00;151;151;10.02;25.21
7200.00;7500.00;2172.00;26.61;E0_1_4200m;5.00;181;181;11.34;26.76
7200.00;7500.00;1776.00;25.01;E0_0_4300m;5.00;148;148;9.86;25.10
7200.00;7500.00;2172.00;26.63;E0_1_4300m;5.00;181;181;11.33;26.78
7200.00;7500.00;1764.00;25.09;E0_0_4400m;5.00;147;147;9.77;25.19
7200.00;7500.00;2184.00;26.63;E0_1_4400m;5.00;182;182;11.39;26.79
7200.00;7500.00;1764.00;25.14;E0_0_4500m;5.00;147;147;9.74;25.24
7200.00;7500.00;2208.00;26.71;E0_1_4500m;5.00;184;184;11.48;26.87
7200.00;7500.00;1740.00;25.19;E0_0_4600m;5.00;145;145;9.59;25.29
7200.00;7500.00;2220.00;26.84;E0_1_4600m;5.00;185;185;11.49;27.01
7200.00;7500.00;1740.00;25.36;E0_0_4700m;5.00;145;145;9.53;25.45
7200.00;7500.00;2244.00;26.96;E0_1_4700m;5.00;187;187;11.56;27.13
7200.00;7500.00;1776.00;25.24;E0_0_4800m;5.00;148;149;9.84;25.33
7200.00;7500.00;2220.00;26.90;E0_1_4800m;5.00;185;184;11.46;27.06
7200.00;7500.00;1848.00;25.12;E0_0_4900m;5.00;154;154;10.22;25.23
7200.00;7500.00;2196.00;26.86;E0_1_4900m;5.00;183;183;11.36;27.02
7200.00;7500.00;1872.00;25.03;E0_0_5000m;5.00;156;156;10.39;25.14
7200.00;7500.00;2208.00;26.74;E0_1_5000m;5.00;184;184;11.47;26.89
7500.00;7800.00;0.00;-1.00;E0_0_0m;-1.00;0;0;0.00;-1.00
7500.00;7800.00;0.00;-1.00;E0_1_0m;-1.00;0;0;0.00;-1.00
7500.00;7800.00;1896.00;26.48;E0_0_100m;5.00;158;158;9.95;26.61
7500.00;7800.00;2292.00;27.43;E0_1_100m;5.00;191;191;11.60;27.60
7500.00;7800.00;1956.00;26.45;E0_0_200m;5.00;163;163;10.27;26.60
7500.00;7800.00;2184.00;27.60;E0_1_200m;5.00;182;182;10.99;27.84
7500.00;7800.00;1920.00;26.37;E0_0_300m;5.00;160;161;10.13;26.49
7500.00;7800.00;2232.00;27.49;E0_1_300m;5.00;186;186;11.28;27.72
7500.00;7800.00;1860.00;26.31;E0_0_400m;5.00;155;155;9.82;26.42
7500.00;7800.00;2244.00;27.38;E0_1_400m;5.00;187;187;11.38;27.58
7500.00;7800.00;1848.00;26.28;E0_0_500m;5.00;154;154;9.77;26.38
7500.00;7800.00;2208.00;27.22;E0_1_500m;5.00;184;184;11.27;27.41
7500.00;7800.00;1812.00;26.28;E0_0_600m;5.00;151;150;9.54;26.38
7500.00;7800.00;2232.00;27.18;E0_1_600m;5.00;186;186;11.40;27.36
7500.00;7800.00;1800.00;26.22;E0_0_700m;5.00;150;150;9.53;26.32
7500.00;7800.00;2220.00;27.21;E0_1_700m;5.00;185;185;11.33;27.40
7500.00;7800.00;1788.00;26.31;E0_0_800m;5.00;149;149;9.44;26.40
7500.00;7800.00;2220.00;27.13;E0_1_800m;5.00;185;185;11.36;27.29
7500.00;7800.00;1788.00;26.23;E0_0_900m;5.00;149;149;9.47;26.33
7500.00;7800.00;2196.00;27.03;E0_1_900m;5.00;183;183;11.28;27.19
7500.00;7800.00;1764.00;26.23;E0_0_1000m;5.00;147;147;9.34;26.31
7500.00;7800.00;2220.00;26.95;E0_1_1000m;5.00;185;185;11.44;27.10
7500.00;7800.00;1752.00;26.19;E0_0_1100m;5.00;146;146;9.29;26.27
7500.00;7800.00;2220.00;26.90;E0_1_1100m;5.00;185;185;11.48;27.04
7500.00;7800.00;1740.00;26.19;E0_0_1200m;5.00;145;145;9.23;26.27
7500.00;7800.00;2220.00;26.89;E0_1_1200m;5.00;185;186;11.47;27.03
7500.00;7800.00;1752.00;26.18;E0_0_1300m;5.00;146;146;9.29;26.25
7500.00;7800.00;2208.00;26.84;E0_1_1300m;5.00;184;184;11.42;27.00
7500.00;7800.00;1740.00;26.08;E0_0_1400m;5.00;145;145;9.27;26.15
7500.00;7800.00;2184.00;26.81;E0_1_1400m;5.00;182;182;11.32;26.95
7500.00;7800.00;1752.00;26.02;E0_0_1500m;5.00;146;146;9.35;26.09
7500.00;7800.00;2208.00;26.75;E0_1_1500m;5.00;184;184;11.46;26.89
7500.00;7800.00;1764.00;26.03;E0_0_1600m;5.00;147;147;9.41;26.09
7500.00;7800.00;2244.00;26.77;E0_1_1600m;5.00;187;187;11.64;26.92
7500.00;7800.00;1776.00;26.02;E0_0_1700m;5.00;148;148;9.48;26.08
7500.00;7800.00;2220.00;26.81;E0_1_1700m;5.00;185;185;11.50;26.98
7500.00;7800.00;1764.00;25.93;E0_0_1800m;5.00;147;147;9.45;25.99
7500.00;7800.00;2196.00;26.90;E0_1_1800m;5.00;183;184;11.36;27.07
7500.00;7800.00;1764.00;25.78;E0_0_1900m;5.00;147;147;9.50;25.84
7500.00;7800.00;2208.00;27.07;E0_1_1900m;5.00;184;183;11.30;27.26
7500.00;7800.00;1752.00;25.69;E0_0_2000m;5.00;146;146;9.47;25.75
7500.00;7800.00;2196.00;27.17;E0_1_2000m;5.00;183;183;11.22;27.39
7500.00;7800.00;1788.00;25.61;E0_0_2100m;5.00;149;149;9.70;25.66
7500.00;7800.00;2172.00;27.20;E0_1_2100m;5.00;181;181;11.09;27.43
7500.00;7800.00;1788.00;25.51;E0_0_2200m;5.00;149;149;9.74;25.57
7500.00;7800.00;2172.00;27.25;E0_1_2200m;5.00;181;181;11.07;27.48
7500.00;7800.00;1752.00;25.55;E0_0_2300m;5.00;146;146;9.52;25.63
7500.00;7800.00;2184.00;27.30;E0_1_2300m;5.00;182;182;11.11;27.55
7500.00;7800.00;1728.00;25.63;E0_0_2400m;5.00;144;144;9.36;25.71
7500.00;7800.00;2172.00;27.23;E0_1_2400m;5.00;181;181;11.08;27.46
7500.00;7800.00;1716.00;25.68;E0_0_2500m;5.00;143;143;9.28;25.76
7500.00;7800.00;2148.00;27.13;E0_1_2500m;5.00;179;179;11.00;27.37
7500.00;7800.00;1716.00;25.66;E0_0_2600m;5.00;143;143;9.29;25.74
7500.00;7800.00;2136.00;27.04;E0_1_2600m;5.00;178;178;10.97;27.28
7500.00;7800.00;1704.00;25.69;E0_0_2700m;5.00;142;142;9.21;25.75
7500.00;7800.00;2148.00;26.86;E0_1_2700m;5.00;179;179;11.11;27.09
7500.00;7800.00;1692.00;25.63;E0_0_2800m;5.00;141;141;9.17;25.69
7500.00;7800.00;2160.00;26.68;E0_1_2800m;5.00;180;180;11.25;26.89
7500.00;7800.00;1668.00;25.60;E0_0_2900m;5.00;139;140;9.08;25.65
7500.00;7800.00;2172.00;26.57;E0_1_2900m;5.00;181;181;11.35;26.77
7500.00;7800.00;1692.00;25.53;E0_0_3000m;5.00;141;141;9.20;25.59
7500.00;7800.00;2184.00;26.49;E0_1_3000m;5.00;182;182;11.45;26.68
7500.00;7800.00;1716.00;25.38;E0_0_3100m;5.00;143;143;9.39;25.45
7500.00;7800.00;2160.00;26.42;E0_1_3100m;5.00;180;180;11.35;26.61
7500.00;7800.00;1728.00;25.46;E0_0_3200m;5.00;144;143;9.38;25.51
7500.00;7800.00;2148.00;26.31;E0_1_3200m;5.00;179;179;11.34;26.49
7500.00;7800.00;1680.00;25.43;E0_0_3300m;5.00;140;141;9.21;25.48
7500.00;7800.00;2148.00;26.11;E0_1_3300m;5.00;179;179;11.43;26.26
7500.00;7800.00;1692.00;25.40;E0_0_3400m;5.00;141;141;9.25;25.44
7500.00;7800.00;2160.00;26.04;E0_1_3400m;5.00;180;180;11.52;26.18
7500.00;7800.00;1692.00;25.31;E0_0_3500m;5.00;141;141;9.29;25.35
7500.00;7800.00;2148.00;25.98;E0_1_3500m;5.00;179;179;11.48;26.11
7500.00;7800.00;1668.00;25.25;E0_0_3600m;5.00;139;139;9.17;25.29
7500.00;7800.00;2112.00;25.85;E0_1_3600m;5.00;176;176;11.35;25.98
7500.00;7800.00;1692.00;25.25;E0_0_3700m;5.00;141;141;9.31;25.29
7500.00;7800.00;2124.00;25.80;E0_1_3700m;5.00;177;176;11.39;25.92
7500.00;7800.00;1716.00;25.22;E0_0_3800m;5.00;143;143;9.45;25.26
7500.00;7800.00;2112.00;25.75;E0_1_3800m;5.00;176;176;11.39;25.86
7500.00;7800.00;1704.00;25.15;E0_0_3900m;5.00;142;141;9.37;25.19
7500.00;7800.00;2112.00;25.61;E0_1_3900m;5.00;176;176;11.45;25.71
7500.00;7800.00;1692.00;25.14;E0_0_4000m;5.00;141;141;9.35;25.18
7500.00;7800.00;2100.00;25.55;E0_1_4000m;5.00;175;176;11.46;25.65
7500.00;7800.00;1692.00;25.04;E0_0_4100m;5.00;141;141;9.38;25.08
7500.00;7800.00;2124.00;25.56;E0_1_4100m;5.00;177;177;11.54;25.66
7500.00;7800.00;1704.00;25.02;E0_0_4200m;5.00;142;142;9.46;25.06
7500.00;7800.00;2136.00;25.59;E0_1_4200m;5.00;178;178;11.59;25.70
7500.00;7800.00;1680.00;25.09;E0_0_4300m;5.00;140;140;9.30;25.13
7500.00;7800.00;2136.00;25.67;E0_1_4300m;5.00;178;178;11.56;25.79
7500.00;7800.00;1692.00;25.18;E0_0_4400m;5.00;141;141;9.33;25.23
7500.00;7800.00;2136.00;25.80;E0_1_4400m;5.00;178;178;11.50;25.94
7500.00;7800.00;1704.00;25.23;E0_0_4500m;5.00;142;142;9.38;25.29
7500.00;7800.00;2112.00;25.97;E0_1_4500m;5.00;176;176;11.30;26.12
7500.00;7800.00;1704.00;25.22;E0_0_4600m;5.00;142;142;9.38;25.28
7500.00;7800.00;2124.00;26.03;E0_1_4600m;5.00;177;177;11.33;26.19
7500.00;7800.00;1692.00;25.26;E0_0_4700m;5.00;141;141;9.30;25.32
7500.00;7800.00;2100.00;26.04;E0_1_4700m;5.00;175;175;11.20;26.20
7500.00;7800.00;1692.00;25.24;E0_0_4800m;5.00;141;140;9.25;25.30
7500.00;7800.00;2088.00;26.06;E0_1_4800m;5.00;174;174;11.13;26.23
7500.00;7800.00;1668.00;25.22;E0_0_4900m;5.00;139;140;9.25;25.27
7500.00;7800.00;2052.00;26.04;E0_1_4900m;5.00;171;171;10.94;26.22
7500.00;7800.00;1644.00;25.27;E0_0_5000m;5.00;137;137;9.04;25.31
7500.00;7800.00;2052.00;26.13;E0_1_5000m;5.00;171;171;10.91;26.31
