interval_begin;interval_end;interval_flow;interval_harmonicMeanSpeed;interval_id;interval_length;interval_nVehContrib;interval_nVehEntered;interval_occupancy;interval_speed
0.00;300.00;0.00;-1.00;E0_0_0m;-1.00;0;0;0.00;-1.00
0.00;300.00;0.00;-1.00;E0_1_0m;-1.00;0;0;0.00;-1.00
0.00;300.00;1692.00;27.01;E0_0_100m;5.00;141;141;8.70;27.09
0.00;300.00;2004.00;28.38;E0_1_100m;5.00;167;168;9.86;28.51
0.00;300.00;1680.00;26.83;E0_0_200m;5.00;140;140;8.70;26.92
0.00;300.00;1980.00;28.49;E0_1_200m;5.00;165;165;9.65;28.65
0.00;300.00;1656.00;26.78;E0_0_300m;5.00;138;139;8.59;26.86
0.00;300.00;1992.00;28.22;E0_1_300m;5.00;166;166;9.81;28.42
0.00;300.00;1608.00;26.66;E0_0_400m;5.00;134;134;8.38;26.74
0.00;300.00;1992.00;28.11;E0_1_400m;5.00;166;166;9.84;28.29
0.00;300.00;1572.00;26.52;E0_0_500m;5.00;131;131;8.23;26.60
0.00;300.00;1980.00;27.97;E0_1_500m;5.00;165;165;9.83;28.16
0.00;300.00;1560.00;26.44;E0_0_600m;5.00;130;130;8.19;26.54
0.00;300.00;1944.00;27.91;E0_1_600m;5.00;162;163;9.70;28.08
0.00;300.00;1524.00;26.31;E0_0_700m;5.00;127;127;8.05;26.40
0.00;300.00;1944.00;27.77;E0_1_700m;5.00;162;162;9.72;27.94
0.00;300.00;1500.00;26.22;E0_0_800m;5.00;125;125;7.94;26.32
0.00;300.00;1896.00;27.65;E0_1_800m;5.00;158;158;9.52;27.81
0.00;300.00;1476.00;26.11;E0_0_900m;5.00;123;123;7.85;26.21
0.00;300.00;1908.00;27.58;E0_1_900m;5.00;159;159;9.61;27.76
0.00;300.00;1440.00;25.92;E0_0_1000m;5.00;120;120;7.72;26.02
0.00;300.00;1884.00;27.39;E0_1_1000m;5.00;157;157;9.55;27.57
0.00;300.00;1404.00;25.75;E0_0_1100m;5.00;117;117;7.57;25.86
0.00;300.00;1860.00;27.16;E0_1_1100m;5.00;155;155;9.51;27.34
0.00;300.00;1368.00;25.70;E0_0_1200m;5.00;114;114;7.39;25.80
0.00;300.00;1848.00;26.93;E0_1_1200m;5.00;154;154;9.53;27.09
0.00;300.00;1344.00;25.57;E0_0_1300m;5.00;112;112;7.30;25.64
0.00;300.00;1812.00;26.66;E0_1_1300m;5.00;151;151;9.44;26.81
0.00;300.00;1356.00;25.42;E0_0_1400m;5.00;113;113;7.41;25.49
0.00;300.00;1788.00;26.39;E0_1_1400m;5.00;149;149;9.41;26.53
0.00;300.00;1356.00;25.23;E0_0_1500m;5.00;113;113;7.46;25.29
0.00;300.00;1752.00;26.14;E0_1_1500m;5.00;146;146;9.31;26.28
0.00;300.00;1332.00;25.22;E0_0_1600m;5.00;111;111;7.33;25.34
0.00;300.00;1704.00;25.83;E0_1_1600m;5.00;142;142;9.16;25.94
0.00;300.00;1308.00;25.34;E0_0_1700m;5.00;109;109;7.17;25.46
0.00;300.00;1680.00;25.72;E0_1_1700m;5.00;140;140;9.07;25.85
0.00;300.00;1296.00;25.25;E0_0_1800m;5.00;108;108;7.13;25.38
0.00;300.00;1644.00;25.71;E0_1_1800m;5.00;137;137;8.88;25.86
0.00;300.00;1272.00;25.24;E0_0_1900m;5.00;106;106;7.00;25.37
0.00;300.00;1608.00;25.76;E0_1_1900m;5.00;134;134;8.67;25.93
0.00;300.00;1260.00;25.15;E0_0_2000m;5.00;105;105;6.96;25.28
0.00;300.00;1572.00;25.77;E0_1_2000m;5.00;131;131;8.47;25.93
0.00;300.00;1236.00;25.11;E0_0_2100m;5.00;103;103;6.84;25.24
0.00;300.00;1524.00;25.74;E0_1_2100m;5.00;127;127;8.22;25.89
0.00;300.00;1248.00;25.10;E0_0_2200m;5.00;104;104;6.90;25.24
0.00;300.00;1512.00;25.55;E0_1_2200m;5.00;126;126;8.22;25.66
0.00;300.00;1248.00;25.06;E0_0_2300m;5.00;104;104;6.92;25.22
0.00;300.00;1512.00;25.46;E0_1_2300m;5.00;126;126;8.25;25.57
0.00;300.00;1236.00;24.87;E0_0_2400m;5.00;103;103;6.90;25.03
0.00;300.00;1512.00;25.46;E0_1_2400m;5.00;126;126;8.25;25.56
0.00;300.00;1236.00;24.69;E0_0_2500m;5.00;103;103;6.95;24.83
0.00;300.00;1476.00;25.41;E0_1_2500m;5.00;123;123;8.07;25.52
0.00;300.00;1212.00;24.65;E0_0_2600m;5.00;101;101;6.83;24.80
0.00;300.00;1440.00;25.24;E0_1_2600m;5.00;120;120;7.92;25.35
0.00;300.00;1176.00;24.75;E0_0_2700m;5.00;98;98;6.60;24.88
0.00;300.00;1404.00;25.18;E0_1_2700m;5.00;117;117;7.74;25.30
0.00;300.00;1152.00;24.78;E0_0_2800m;5.00;96;96;6.46;24.92
0.00;300.00;1368.00;25.16;E0_1_2800m;5.00;114;114;7.55;25.28
0.00;300.00;1128.00;24.70;E0_0_2900m;5.00;94;94;6.34;24.83
0.00;300.00;1332.00;25.15;E0_1_2900m;5.00;111;111;7.36;25.27
0.00;300.00;1092.00;24.63;E0_0_3000m;5.00;91;91;6.16;24.76
0.00;300.00;1308.00;25.15;E0_1_3000m;5.00;109;109;7.22;25.27
0.00;300.00;1080.00;24.63;E0_0_3100m;5.00;90;90;6.09;24.78
0.00;300.00;1260.00;25.12;E0_1_3100m;5.00;105;105;6.97;25.24
0.00;300.00;1068.00;24.64;E0_0_3200m;5.00;89;89;6.02;24.79
0.00;300.00;1212.00;25.11;E0_1_3200m;5.00;101;101;6.70;25.23
0.00;300.00;1032.00;24.58;E0_0_3300m;5.00;86;87;5.89;24.73
0.00;300.00;1176.00;25.10;E0_1_3300m;5.00;98;98;6.51;25.21
0.00;300.00;1020.00;24.74;E0_0_3400m;5.00;85;85;5.73;24.90
0.00;300.00;1140.00;25.11;E0_1_3400m;5.00;95;95;6.30;25.22
0.00;300.00;984.00;24.86;E0_0_3500m;5.00;82;82;5.50;25.03
0.00;300.00;1104.00;25.13;E0_1_3500m;5.00;92;92;6.10;25.24
0.00;300.00;948.00;24.91;E0_0_3600m;5.00;79;79;5.28;25.09
0.00;300.00;1068.00;25.17;E0_1_3600m;5.00;89;89;5.89;25.27
0.00;300.00;900.00;25.11;E0_0_3700m;5.00;75;75;4.98;25.26
0.00;300.00;1044.00;25.23;E0_1_3700m;5.00;87;87;5.75;25.33
0.00;300.00;864.00;25.13;E0_0_3800m;5.00;72;72;4.77;25.29
0.00;300.00;1008.00;25.30;E0_1_3800m;5.00;84;84;5.53;25.40
0.00;300.00;828.00;25.03;E0_0_3900m;5.00;69;69;4.59;25.20
0.00;300.00;972.00;25.38;E0_1_3900m;5.00;81;81;5.32;25.48
0.00;300.00;792.00;25.29;E0_0_4000m;5.00;66;67;4.36;25.46
0.00;300.00;936.00;25.49;E0_1_4000m;5.00;78;78;5.10;25.60
0.00;300.00;780.00;25.43;E0_0_4100m;5.00;65;66;4.29;25.59
0.00;300.00;888.00;25.67;E0_1_4100m;5.00;74;75;4.85;25.77
0.00;300.00;768.00;25.64;E0_0_4200m;5.00;64;64;4.16;25.79
0.00;300.00;852.00;25.86;E0_1_4200m;5.00;71;72;4.60;25.96
0.00;300.00;720.00;25.92;E0_0_4300m;5.00;60;61;3.93;26.08
0.00;300.00;816.00;26.08;E0_1_4300m;5.00;68;69;4.35;26.18
0.00;300.00;708.00;25.98;E0_0_4400m;5.00;59;59;3.79;26.13
0.00;300.00;768.00;26.31;E0_1_4400m;5.00;64;64;4.05;26.40
0.00;300.00;684.00;25.93;E0_0_4500m;5.00;57;57;3.66;26.09
0.00;300.00;720.00;26.64;E0_1_4500m;5.00;60;60;3.75;26.72
0.00;300.00;636.00;26.08;E0_0_4600m;5.00;53;54;3.45;26.23
0.00;300.00;696.00;26.80;E0_1_4600m;5.00;58;58;3.61;26.86
0.00;300.00;636.00;26.00;E0_0_4700m;5.00;53;53;3.40;26.15
0.00;300.00;684.00;26.74;E0_1_4700m;5.00;57;57;3.55;26.79
0.00;300.00;636.00;25.93;E0_0_4800m;5.00;53;53;3.41;26.08
0.00;300.00;684.00;26.66;E0_1_4800m;5.00;57;57;3.56;26.71
0.00;300.00;636.00;25.80;E0_0_4900m;5.00;53;53;3.42;25.96
0.00;300.00;684.00;26.61;E0_1_4900m;5.00;57;57;3.57;26.66
0.00;300.00;648.00;25.80;E0_0_5000m;5.00;54;54;3.49;25.95
0.00;300.00;672.00;26.57;E0_1_5000m;5.00;56;56;3.51;26.62
300.00;600.00;0.00;-1.00;E0_0_0m;-1.00;0;0;0.00;-1.00
300.00;600.00;0.00;-1.00;E0_1_0m;-1.00;0;0;0.00;-1.00
300.00;600.00;1728.00;27.12;E0_0_100m;5.00;144;145;8.89;27.25
300.00;600.00;2052.00;28.66;E0_1_100m;5.00;171;170;9.89;28.82
300.00;600.00;1728.00;27.18;E0_0_200m;5.00;144;144;8.83;27.32
300.00;600.00;2052.00;28.85;E0_1_200m;5.00;171;171;9.88;29.03
300.00;600.00;1704.00;27.13;E0_0_300m;5.00;142;142;8.72;27.26
300.00;600.00;2028.00;28.82;E0_1_300m;5.00;169;169;9.77;28.98
300.00;600.00;1692.00;27.06;E0_0_400m;5.00;141;141;8.69;27.19
300.00;600.00;2040.00;28.79;E0_1_400m;5.00;170;170;9.84;28.96
300.00;600.00;1704.00;27.03;E0_0_500m;5.00;142;142;8.76;27.15
300.00;600.00;2028.00;28.64;E0_1_500m;5.00;169;169;9.83;28.81
300.00;600.00;1692.00;26.80;E0_0_600m;5.00;141;141;8.77;26.91
300.00;600.00;2052.00;28.46;E0_1_600m;5.00;171;171;10.01;28.62
300.00;600.00;1704.00;26.78;E0_0_700m;5.00;142;142;8.84;26.88
300.00;600.00;2040.00;28.40;E0_1_700m;5.00;170;170;9.98;28.55
300.00;600.00;1704.00;26.70;E0_0_800m;5.00;142;143;8.89;26.82
300.00;600.00;2076.00;28.33;E0_1_800m;5.00;173;173;10.18;28.47
300.00;600.00;1680.00;26.65;E0_0_900m;5.00;140;140;8.76;26.76
300.00;600.00;2100.00;28.21;E0_1_900m;5.00;175;175;10.34;28.35
300.00;600.00;1680.00;26.63;E0_0_1000m;5.00;140;140;8.76;26.74
300.00;600.00;2112.00;28.11;E0_1_1000m;5.00;176;176;10.44;28.25
300.00;600.00;1716.00;26.55;E0_0_1100m;5.00;143;144;9.01;26.69
300.00;600.00;2076.00;28.01;E0_1_1100m;5.00;173;173;10.29;28.15
300.00;600.00;1752.00;26.50;E0_0_1200m;5.00;146;146;9.18;26.63
300.00;600.00;2064.00;27.95;E0_1_1200m;5.00;172;172;10.26;28.09
300.00;600.00;1728.00;26.34;E0_0_1300m;5.00;144;144;9.11;26.48
300.00;600.00;2100.00;27.90;E0_1_1300m;5.00;175;175;10.45;28.04
300.00;600.00;1692.00;26.28;E0_0_1400m;5.00;141;141;8.94;26.43
300.00;600.00;2076.00;27.91;E0_1_1400m;5.00;173;173;10.33;28.06
300.00;600.00;1656.00;26.28;E0_0_1500m;5.00;138;138;8.75;26.41
300.00;600.00;2088.00;27.97;E0_1_1500m;5.00;174;174;10.37;28.13
300.00;600.00;1692.00;26.24;E0_0_1600m;5.00;141;141;8.95;26.37
300.00;600.00;2112.00;27.92;E0_1_1600m;5.00;176;176;10.51;28.08
300.00;600.00;1716.00;26.22;E0_0_1700m;5.00;143;143;9.09;26.34
300.00;600.00;2088.00;27.88;E0_1_1700m;5.00;174;174;10.40;28.04
300.00;600.00;1692.00;26.18;E0_0_1800m;5.00;141;141;8.98;26.29
300.00;600.00;2088.00;27.82;E0_1_1800m;5.00;174;175;10.45;27.99
300.00;600.00;1692.00;26.08;E0_0_1900m;5.00;141;142;9.01;26.18
300.00;600.00;2112.00;27.74;E0_1_1900m;5.00;176;176;10.57;27.91
300.00;600.00;1668.00;26.03;E0_0_2000m;5.00;139;139;8.90;26.13
300.00;600.00;2136.00;27.58;E0_1_2000m;5.00;178;178;10.76;27.75
300.00;600.00;1728.00;26.02;E0_0_2100m;5.00;144;144;9.22;26.13
300.00;600.00;2136.00;27.56;E0_1_2100m;5.00;178;179;10.77;27.74
300.00;600.00;1752.00;26.13;E0_0_2200m;5.00;146;146;9.31;26.24
300.00;600.00;2100.00;27.53;E0_1_2200m;5.00;175;175;10.59;27.72
300.00;600.00;1752.00;26.16;E0_0_2300m;5.00;146;146;9.30;26.27
300.00;600.00;2064.00;27.50;E0_1_2300m;5.00;172;172;10.42;27.68
300.00;600.00;1728.00;26.10;E0_0_2400m;5.00;144;144;9.20;26.20
300.00;600.00;2064.00;27.42;E0_1_2400m;5.00;172;172;10.45;27.58
300.00;600.00;1704.00;25.96;E0_0_2500m;5.00;142;143;9.13;26.05
300.00;600.00;2112.00;27.32;E0_1_2500m;5.00;176;176;10.74;27.47
300.00;600.00;1728.00;25.94;E0_0_2600m;5.00;144;144;9.25;26.02
300.00;600.00;2136.00;27.27;E0_1_2600m;5.00;178;178;10.88;27.42
300.00;600.00;1740.00;25.99;E0_0_2700m;5.00;145;145;9.30;26.07
300.00;600.00;2148.00;27.10;E0_1_2700m;5.00;179;179;11.01;27.24
300.00;600.00;1728.00;25.87;E0_0_2800m;5.00;144;144;9.28;25.94
300.00;600.00;2196.00;27.04;E0_1_2800m;5.00;183;183;11.28;27.18
300.00;600.00;1776.00;25.84;E0_0_2900m;5.00;148;148;9.55;25.92
300.00;600.00;2196.00;26.92;E0_1_2900m;5.00;183;183;11.33;27.07
300.00;600.00;1764.00;25.67;E0_0_3000m;5.00;147;147;9.54;25.74
300.00;600.00;2208.00;26.73;E0_1_3000m;5.00;184;184;11.47;26.88
300.00;600.00;1764.00;25.57;E0_0_3100m;5.00;147;147;9.58;25.64
300.00;600.00;2220.00;26.53;E0_1_3100m;5.00;185;185;11.62;26.65
300.00;600.00;1752.00;25.51;E0_0_3200m;5.00;146;146;9.54;25.57
300.00;600.00;2256.00;26.34;E0_1_3200m;5.00;188;188;11.89;26.45
300.00;600.00;1764.00;25.40;E0_0_3300m;5.00;147;146;9.59;25.46
300.00;600.00;2256.00;26.22;E0_1_3300m;5.00;188;188;11.95;26.33
300.00;600.00;1764.00;25.33;E0_0_3400m;5.00;147;147;9.67;25.39
300.00;600.00;2256.00;26.14;E0_1_3400m;5.00;188;188;11.99;26.26
300.00;600.00;1776.00;25.23;E0_0_3500m;5.00;148;148;9.78;25.29
300.00;600.00;2256.00;26.09;E0_1_3500m;5.00;188;189;12.03;26.22
300.00;600.00;1824.00;25.21;E0_0_3600m;5.00;152;153;10.06;25.29
300.00;600.00;2220.00;25.98;E0_1_3600m;5.00;185;187;11.94;26.10
300.00;600.00;1836.00;25.12;E0_0_3700m;5.00;153;153;10.15;25.18
300.00;600.00;2220.00;25.89;E0_1_3700m;5.00;185;186;11.92;26.02
300.00;600.00;1848.00;25.00;E0_0_3800m;5.00;154;154;10.27;25.06
300.00;600.00;2244.00;25.85;E0_1_3800m;5.00;187;187;12.06;25.98
300.00;600.00;1848.00;24.95;E0_0_3900m;5.00;154;154;10.29;25.02
300.00;600.00;2244.00;25.81;E0_1_3900m;5.00;187;187;12.08;25.94
300.00;600.00;1860.00;25.01;E0_0_4000m;5.00;155;154;10.31;25.08
300.00;600.00;2244.00;25.77;E0_1_4000m;5.00;187;187;12.10;25.90
300.00;600.00;1824.00;25.00;E0_0_4100m;5.00;152;151;10.10;25.07
300.00;600.00;2268.00;25.77;E0_1_4100m;5.00;189;188;12.18;25.92
300.00;600.00;1812.00;25.00;E0_0_4200m;5.00;151;152;10.09;25.07
300.00;600.00;2256.00;25.76;E0_1_4200m;5.00;188;187;12.14;25.92
300.00;600.00;1848.00;24.96;E0_0_4300m;5.00;154;153;10.21;25.04
300.00;600.00;2244.00;25.75;E0_1_4300m;5.00;187;186;12.10;25.92
300.00;600.00;1848.00;25.00;E0_0_4400m;5.00;154;154;10.27;25.08
300.00;600.00;2232.00;25.75;E0_1_4400m;5.00;186;186;12.04;25.92
300.00;600.00;1836.00;24.99;E0_0_4500m;5.00;153;153;10.20;25.08
300.00;600.00;2244.00;25.77;E0_1_4500m;5.00;187;187;12.09;25.95
300.00;600.00;1836.00;24.98;E0_0_4600m;5.00;153;152;10.15;25.07
300.00;600.00;2244.00;25.83;E0_1_4600m;5.00;187;187;12.07;26.01
300.00;600.00;1812.00;24.92;E0_0_4700m;5.00;151;151;10.10;25.00
300.00;600.00;2208.00;25.78;E0_1_4700m;5.00;184;184;11.89;25.97
300.00;600.00;1764.00;24.85;E0_0_4800m;5.00;147;147;9.86;24.92
300.00;600.00;2184.00;25.75;E0_1_4800m;5.00;182;182;11.78;25.93
300.00;600.00;1740.00;24.88;E0_0_4900m;5.00;145;146;9.72;24.95
300.00;600.00;2136.00;25.78;E0_1_4900m;5.00;178;178;11.51;25.96
300.00;600.00;1716.00;24.89;E0_0_5000m;5.00;143;144;9.63;24.96
300.00;600.00;2088.00;25.82;E0_1_5000m;5.00;174;174;11.23;26.00
600.00;900.00;0.00;-1.00;E0_0_0m;-1.00;0;0;0.00;-1.00
600.00;900.00;0.00;-1.00;E0_1_0m;-1.00;0;0;0.00;-1.00
600.00;900.00;1932.00;25.74;E0_0_100m;5.00;161;160;10.38;25.87
600.00;900.00;2220.00;27.90;E0_1_100m;5.00;185;185;11.05;28.06
600.00;900.00;1992.00;25.52;E0_0_200m;5.00;166;166;10.84;25.65
600.00;900.00;2160.00;28.03;E0_1_200m;5.00;180;180;10.70;28.20
600.00;900.00;1980.00;25.40;E0_0_300m;5.00;165;165;10.82;25.54
600.00;900.00;2160.00;27.98;E0_1_300m;5.00;180;180;10.72;28.16
600.00;900.00;1932.00;25.47;E0_0_400m;5.00;161;161;10.53;25.62
600.00;900.00;2184.00;27.85;E0_1_400m;5.00;182;182;10.89;28.04
600.00;900.00;1908.00;25.49;E0_0_500m;5.00;159;159;10.40;25.63
600.00;900.00;2196.00;27.75;E0_1_500m;5.00;183;183;10.99;27.92
600.00;900.00;1884.00;25.57;E0_0_600m;5.00;157;157;10.23;25.72
600.00;900.00;2232.00;27.57;E0_1_600m;5.00;186;185;11.22;27.72
600.00;900.00;1872.00;25.59;E0_0_700m;5.00;156;156;10.16;25.76
600.00;900.00;2268.00;27.50;E0_1_700m;5.00;189;189;11.45;27.63
600.00;900.00;1872.00;25.58;E0_0_800m;5.00;156;156;10.16;25.73
600.00;900.00;2268.00;27.47;E0_1_800m;5.00;189;189;11.47;27.57
600.00;900.00;1872.00;25.44;E0_0_900m;5.00;156;157;10.26;25.58
600.00;900.00;2232.00;27.34;E0_1_900m;5.00;186;187;11.39;27.43
600.00;900.00;1872.00;25.30;E0_0_1000m;5.00;156;158;10.34;25.44
600.00;900.00;2232.00;27.22;E0_1_1000m;5.00;186;186;11.39;27.31
600.00;900.00;1908.00;25.33;E0_0_1100m;5.00;159;158;10.43;25.45
600.00;900.00;2244.00;27.23;E0_1_1100m;5.00;187;187;11.45;27.29
600.00;900.00;1872.00;25.34;E0_0_1200m;5.00;156;157;10.30;25.46
600.00;900.00;2256.00;27.25;E0_1_1200m;5.00;188;188;11.50;27.33
600.00;900.00;1848.00;25.26;E0_0_1300m;5.00;154;155;10.17;25.37
600.00;900.00;2268.00;27.24;E0_1_1300m;5.00;189;189;11.56;27.33
600.00;900.00;1824.00;25.16;E0_0_1400m;5.00;152;152;10.07;25.27
600.00;900.00;2316.00;27.33;E0_1_1400m;5.00;193;193;11.77;27.40
600.00;900.00;1848.00;25.14;E0_0_1500m;5.00;154;154;10.21;25.25
600.00;900.00;2340.00;27.36;E0_1_1500m;5.00;195;195;11.88;27.43
600.00;900.00;1812.00;25.15;E0_0_1600m;5.00;151;151;10.01;25.26
600.00;900.00;2316.00;27.41;E0_1_1600m;5.00;193;193;11.74;27.46
600.00;900.00;1800.00;25.05;E0_0_1700m;5.00;150;150;9.98;25.17
600.00;900.00;2328.00;27.33;E0_1_1700m;5.00;194;194;11.83;27.39
600.00;900.00;1788.00;25.01;E0_0_1800m;5.00;149;150;9.94;25.12
600.00;900.00;2340.00;27.18;E0_1_1800m;5.00;195;194;11.93;27.22
600.00;900.00;1776.00;24.94;E0_0_1900m;5.00;148;147;9.89;25.04
600.00;900.00;2352.00;27.16;E0_1_1900m;5.00;196;196;12.03;27.20
600.00;900.00;1776.00;24.86;E0_0_2000m;5.00;148;148;9.92;24.97
600.00;900.00;2340.00;27.11;E0_1_2000m;5.00;195;195;11.99;27.17
600.00;900.00;1776.00;24.87;E0_0_2100m;5.00;148;148;9.92;24.98
600.00;900.00;2340.00;27.08;E0_1_2100m;5.00;195;195;12.00;27.14
600.00;900.00;1788.00;24.80;E0_0_2200m;5.00;149;149;10.01;24.90
600.00;900.00;2316.00;27.09;E0_1_2200m;5.00;193;193;11.88;27.15
600.00;900.00;1752.00;24.77;E0_0_2300m;5.00;146;146;9.83;24.87
600.00;900.00;2340.00;27.03;E0_1_2300m;5.00;195;195;12.03;27.09
600.00;900.00;1764.00;24.82;E0_0_2400m;5.00;147;147;9.87;24.93
600.00;900.00;2304.00;27.05;E0_1_2400m;5.00;192;193;11.84;27.11
600.00;900.00;1740.00;24.82;E0_0_2500m;5.00;145;145;9.74;24.93
600.00;900.00;2292.00;27.05;E0_1_2500m;5.00;191;191;11.77;27.09
600.00;900.00;1752.00;24.79;E0_0_2600m;5.00;146;146;9.82;24.90
600.00;900.00;2232.00;27.12;E0_1_2600m;5.00;186;186;11.43;27.16
600.00;900.00;1740.00;24.90;E0_0_2700m;5.00;145;145;9.70;25.02
600.00;900.00;2232.00;27.27;E0_1_2700m;5.00;186;186;11.37;27.33
600.00;900.00;1740.00;25.00;E0_0_2800m;5.00;145;145;9.67;25.13
600.00;900.00;2196.00;27.45;E0_1_2800m;5.00;183;183;11.11;27.51
600.00;900.00;1740.00;24.98;E0_0_2900m;5.00;145;145;9.67;25.10
600.00;900.00;2148.00;27.61;E0_1_2900m;5.00;179;179;10.81;27.68
600.00;900.00;1728.00;25.12;E0_0_3000m;5.00;144;144;9.56;25.24
600.00;900.00;2148.00;27.66;E0_1_3000m;5.00;179;179;10.79;27.73
600.00;900.00;1704.00;25.11;E0_0_3100m;5.00;142;143;9.44;25.24
600.00;900.00;2148.00;27.76;E0_1_3100m;5.00;179;179;10.75;27.84
600.00;900.00;1692.00;25.04;E0_0_3200m;5.00;141;141;9.38;25.18
600.00;900.00;2124.00;27.85;E0_1_3200m;5.00;177;177;10.59;27.93
600.00;900.00;1704.00;25.04;E0_0_3300m;5.00;142;143;9.48;25.17
600.00;900.00;2112.00;27.78;E0_1_3300m;5.00;176;176;10.56;27.86
600.00;900.00;1656.00;25.03;E0_0_3400m;5.00;138;138;9.19;25.16
600.00;900.00;2172.00;27.68;E0_1_3400m;5.00;181;181;10.90;27.75
600.00;900.00;1620.00;25.08;E0_0_3500m;5.00;135;136;9.02;25.20
600.00;900.00;2184.00;27.56;E0_1_3500m;5.00;182;181;10.99;27.63
600.00;900.00;1644.00;25.08;E0_0_3600m;5.00;137;137;9.09;25.19
600.00;900.00;2148.00;27.43;E0_1_3600m;5.00;179;178;10.85;27.50
600.00;900.00;1620.00;25.04;E0_0_3700m;5.00;135;135;8.99;25.14
600.00;900.00;2160.00;27.27;E0_1_3700m;5.00;180;179;10.99;27.34
600.00;900.00;1584.00;25.07;E0_0_3800m;5.00;132;132;8.78;25.15
600.00;900.00;2172.00;27.16;E0_1_3800m;5.00;181;181;11.11;27.23
600.00;900.00;1560.00;25.05;E0_0_3900m;5.00;130;130;8.65;25.13
600.00;900.00;2196.00;27.05;E0_1_3900m;5.00;183;183;11.28;27.11
600.00;900.00;1560.00;25.06;E0_0_4000m;5.00;130;130;8.64;25.14
600.00;900.00;2196.00;26.99;E0_1_4000m;5.00;183;183;11.30;27.06
600.00;900.00;1596.00;25.13;E0_0_4100m;5.00;133;133;8.82;25.21
600.00;900.00;2208.00;27.01;E0_1_4100m;5.00;184;184;11.36;27.08
600.00;900.00;1620.00;25.15;E0_0_4200m;5.00;135;134;8.92;25.22
600.00;900.00;2196.00;27.02;E0_1_4200m;5.00;183;183;11.29;27.11
600.00;900.00;1584.00;25.24;E0_0_4300m;5.00;132;132;8.72;25.31
600.00;900.00;2232.00;27.01;E0_1_4300m;5.00;186;186;11.48;27.11
600.00;900.00;1608.00;25.33;E0_0_4400m;5.00;134;134;8.82;25.41
600.00;900.00;2220.00;27.03;E0_1_4400m;5.00;185;185;11.41;27.14
600.00;900.00;1632.00;25.20;E0_0_4500m;5.00;136;136;9.00;25.26
600.00;900.00;2220.00;26.92;E0_1_4500m;5.00;185;185;11.45;27.02
600.00;900.00;1620.00;25.27;E0_0_4600m;5.00;135;135;8.90;25.32
600.00;900.00;2256.00;26.86;E0_1_4600m;5.00;188;188;11.67;26.95
600.00;900.00;1644.00;25.45;E0_0_4700m;5.00;137;137;8.97;25.50
600.00;900.00;2232.00;26.88;E0_1_4700m;5.00;186;186;11.53;26.99
600.00;900.00;1680.00;25.45;E0_0_4800m;5.00;140;140;9.17;25.50
600.00;900.00;2232.00;26.90;E0_1_4800m;5.00;186;186;11.53;27.01
600.00;900.00;1704.00;25.35;E0_0_4900m;5.00;142;141;9.33;25.40
600.00;900.00;2232.00;26.90;E0_1_4900m;5.00;186;186;11.52;27.01
600.00;900.00;1740.00;25.34;E0_0_5000m;5.00;145;144;9.48;25.40
600.00;900.00;2232.00;26.94;E0_1_5000m;5.00;186;186;11.51;27.05
900.00;1200.00;0.00;-1.00;E0_0_0m;-1.00;0;0;0.00;-1.00
900.00;1200.00;0.00;-1.00;E0_1_0m;-1.00;0;0;0.00;-1.00
900.00;1200.00;1608.00;26.88;E0_0_100m;5.00;134;134;8.31;27.03
900.00;1200.00;1944.00;28.40;E0_1_100m;5.00;162;163;9.54;28.58
900.00;1200.00;1656.00;26.70;E0_0_200m;5.00;138;138;8.61;26.87
900.00;1200.00;1896.00;29.10;E0_1_200m;5.00;158;158;9.05;29.26
900.00;1200.00;1692.00;26.45;E0_0_300m;5.00;141;141;8.89;26.63
900.00;1200.00;1896.00;29.04;E0_1_300m;5.00;158;158;9.07;29.21
900.00;1200.00;1728.00;26.22;E0_0_400m;5.00;144;144;9.15;26.41
900.00;1200.00;1896.00;28.82;E0_1_400m;5.00;158;158;9.14;29.00
900.00;1200.00;1668.00;26.02;E0_0_500m;5.00;139;139;8.90;26.21
900.00;1200.00;1968.00;28.72;E0_1_500m;5.00;164;164;9.52;28.88
900.00;1200.00;1644.00;25.79;E0_0_600m;5.00;137;137;8.85;25.98
900.00;1200.00;2004.00;28.71;E0_1_600m;5.00;167;167;9.69;28.86
900.00;1200.00;1608.00;25.79;E0_0_700m;5.00;134;134;8.66;25.98
900.00;1200.00;2004.00;28.62;E0_1_700m;5.00;167;167;9.73;28.77
900.00;1200.00;1584.00;25.82;E0_0_800m;5.00;132;132;8.52;26.00
900.00;1200.00;2028.00;28.51;E0_1_800m;5.00;169;170;9.88;28.66
900.00;1200.00;1560.00;25.82;E0_0_900m;5.00;130;129;8.35;25.97
900.00;1200.00;2040.00;28.37;E0_1_900m;5.00;170;169;9.94;28.51
900.00;1200.00;1512.00;25.77;E0_0_1000m;5.00;126;125;8.09;25.94
900.00;1200.00;2076.00;28.15;E0_1_1000m;5.00;173;173;10.24;28.29
900.00;1200.00;1488.00;25.76;E0_0_1100m;5.00;124;124;8.02;25.91
900.00;1200.00;2040.00;28.04;E0_1_1100m;5.00;170;170;10.10;28.18
900.00;1200.00;1476.00;25.76;E0_0_1200m;5.00;123;123;7.96;25.91
900.00;1200.00;2028.00;28.04;E0_1_1200m;5.00;169;169;10.05;28.20
900.00;1200.00;1452.00;25.81;E0_0_1300m;5.00;121;121;7.81;25.95
900.00;1200.00;2040.00;27.96;E0_1_1300m;5.00;170;171;10.19;28.12
900.00;1200.00;1452.00;25.97;E0_0_1400m;5.00;121;121;7.76;26.09
900.00;1200.00;2028.00;27.83;E0_1_1400m;5.00;169;169;10.12;27.99
900.00;1200.00;1488.00;25.98;E0_0_1500m;5.00;124;124;7.95;26.10
900.00;1200.00;1968.00;27.72;E0_1_1500m;5.00;164;165;9.90;27.89
900.00;1200.00;1476.00;25.90;E0_0_1600m;5.00;123;123;7.92;26.01
900.00;1200.00;2004.00;27.69;E0_1_1600m;5.00;167;167;10.05;27.87
900.00;1200.00;1476.00;25.82;E0_0_1700m;5.00;123;123;7.94;25.92
900.00;1200.00;2004.00;27.62;E0_1_1700m;5.00;167;167;10.08;27.79
900.00;1200.00;1500.00;25.71;E0_0_1800m;5.00;125;125;8.15;25.83
900.00;1200.00;1980.00;27.60;E0_1_1800m;5.00;165;167;10.02;27.77
900.00;1200.00;1476.00;25.78;E0_0_1900m;5.00;123;124;8.00;25.88
900.00;1200.00;1980.00;27.54;E0_1_1900m;5.00;165;165;9.99;27.70
900.00;1200.00;1488.00;25.79;E0_0_2000m;5.00;124;124;8.01;25.89
900.00;1200.00;1968.00;27.57;E0_1_2000m;5.00;164;165;9.92;27.75
900.00;1200.00;1464.00;26.04;E0_0_2100m;5.00;122;122;7.81;26.14
900.00;1200.00;2004.00;27.68;E0_1_2100m;5.00;167;167;10.05;27.86
900.00;1200.00;1464.00;25.95;E0_0_2200m;5.00;122;122;7.84;26.03
900.00;1200.00;2028.00;27.88;E0_1_2200m;5.00;169;169;10.10;28.06
900.00;1200.00;1440.00;25.80;E0_0_2300m;5.00;120;121;7.79;25.90
900.00;1200.00;2076.00;28.04;E0_1_2300m;5.00;173;173;10.28;28.20
900.00;1200.00;1512.00;25.66;E0_0_2400m;5.00;126;126;8.18;25.76
900.00;1200.00;2040.00;28.11;E0_1_2400m;5.00;170;169;10.07;28.28
900.00;1200.00;1512.00;25.63;E0_0_2500m;5.00;126;126;8.19;25.73
900.00;1200.00;2052.00;27.91;E0_1_2500m;5.00;171;171;10.21;28.08
900.00;1200.00;1536.00;25.72;E0_0_2600m;5.00;128;128;8.30;25.81
900.00;1200.00;2064.00;27.77;E0_1_2600m;5.00;172;172;10.32;27.94
900.00;1200.00;1548.00;25.67;E0_0_2700m;5.00;129;129;8.38;25.76
900.00;1200.00;2052.00;27.62;E0_1_2700m;5.00;171;172;10.33;27.80
900.00;1200.00;1548.00;25.68;E0_0_2800m;5.00;129;129;8.37;25.76
900.00;1200.00;2040.00;27.46;E0_1_2800m;5.00;170;170;10.32;27.63
900.00;1200.00;1536.00;25.66;E0_0_2900m;5.00;128;128;8.31;25.74
900.00;1200.00;2040.00;27.33;E0_1_2900m;5.00;170;170;10.37;27.49
900.00;1200.00;1524.00;25.73;E0_0_3000m;5.00;127;128;8.26;25.80
900.00;1200.00;2052.00;27.22;E0_1_3000m;5.00;171;171;10.47;27.39
900.00;1200.00;1536.00;25.71;E0_0_3100m;5.00;128;128;8.31;25.78
900.00;1200.00;2052.00;27.05;E0_1_3100m;5.00;171;171;10.54;27.22
900.00;1200.00;1548.00;25.40;E0_0_3200m;5.00;129;129;8.47;25.48
900.00;1200.00;2052.00;27.03;E0_1_3200m;5.00;171;171;10.54;27.20
900.00;1200.00;1560.00;25.18;E0_0_3300m;5.00;130;129;8.57;25.31
900.00;1200.00;2028.00;26.94;E0_1_3300m;5.00;169;170;10.52;27.11
900.00;1200.00;1584.00;25.25;E0_0_3400m;5.00;132;132;8.71;25.37
900.00;1200.00;2004.00;26.81;E0_1_3400m;5.00;167;167;10.38;26.97
900.00;1200.00;1608.00;25.34;E0_0_3500m;5.00;134;133;8.76;25.45
900.00;1200.00;2016.00;26.81;E0_1_3500m;5.00;168;168;10.44;26.98
900.00;1200.00;1656.00;25.33;E0_0_3600m;5.00;138;137;9.08;25.43
900.00;1200.00;2004.00;26.79;E0_1_3600m;5.00;167;167;10.39;26.96
900.00;1200.00;1680.00;25.10;E0_0_3700m;5.00;140;140;9.30;25.20
900.00;1200.00;2052.00;26.74;E0_1_3700m;5.00;171;171;10.66;26.91
900.00;1200.00;1728.00;24.93;E0_0_3800m;5.00;144;144;9.63;25.04
900.00;1200.00;2052.00;26.69;E0_1_3800m;5.00;171;171;10.68;26.87
900.00;1200.00;1752.00;24.79;E0_0_3900m;5.00;146;146;9.82;24.90
900.00;1200.00;2088.00;26.58;E0_1_3900m;5.00;174;174;10.91;26.75
900.00;1200.00;1752.00;24.76;E0_0_4000m;5.00;146;146;9.83;24.85
900.00;1200.00;2136.00;26.45;E0_1_4000m;5.00;178;178;11.22;26.60
900.00;1200.00;1716.00;24.77;E0_0_4100m;5.00;143;143;9.62;24.85
900.00;1200.00;2172.00;26.32;E0_1_4100m;5.00;181;181;11.46;26.47
900.00;1200.00;1740.00;24.64;E0_0_4200m;5.00;145;145;9.81;24.73
900.00;1200.00;2196.00;26.32;E0_1_4200m;5.00;183;183;11.59;26.47
900.00;1200.00;1776.00;24.64;E0_0_4300m;5.00;148;148;10.01;24.72
900.00;1200.00;2172.00;26.37;E0_1_4300m;5.00;181;182;11.49;26.52
900.00;1200.00;1764.00;24.63;E0_0_4400m;5.00;147;147;9.95;24.72
900.00;1200.00;2184.00;26.46;E0_1_4400m;5.00;182;182;11.46;26.61
900.00;1200.00;1740.00;24.66;E0_0_4500m;5.00;145;145;9.80;24.75
900.00;1200.00;2184.00;26.54;E0_1_4500m;5.00;182;182;11.43;26.67
900.00;1200.00;1764.00;24.61;E0_0_4600m;5.00;147;147;9.96;24.69
900.00;1200.00;2148.00;26.61;E0_1_4600m;5.00;179;179;11.21;26.74
900.00;1200.00;1776.00;24.53;E0_0_4700m;5.00;148;148;10.05;24.61
900.00;1200.00;2148.00;26.64;E0_1_4700m;5.00;179;179;11.20;26.76
900.00;1200.00;1740.00;24.52;E0_0_4800m;5.00;145;145;9.86;24.59
900.00;1200.00;2148.00;26.67;E0_1_4800m;5.00;179;179;11.19;26.78
900.00;1200.00;1740.00;24.49;E0_0_4900m;5.00;145;145;9.87;24.57
900.00;1200.00;2136.00;26.76;E0_1_4900m;5.00;178;178;11.08;26.87
900.00;1200.00;1740.00;24.49;E0_0_5000m;5.00;145;145;9.87;24.57
900.00;1200.00;2112.00;26.83;E0_1_5000m;5.00;176;176;10.93;26.94
1200.00;1500.00;0.00;-1.00;E0_0_0m;-1.00;0;0;0.00;-1.00
1200.00;1500.00;0.00;-1.00;E0_1_0m;-1.00;0;0;0.00;-1.00
1200.00;1500.00;1632.00;26.32;E0_0_100m;5.00;136;136;8.61;26.47
1200.00;1500.00;2100.00;27.92;E0_1_100m;5.00;175;175;10.42;28.06
1200.00;1500.00;1692.00;26.27;E0_0_200m;5.00;141;141;8.95;26.43
1200.00;1500.00;2040.00;28.19;E0_1_200m;5.00;170;172;10.12;28.38
1200.00;1500.00;1692.00;26.12;E0_0_300m;5.00;141;141;9.00;26.27
1200.00;1500.00;2040.00;27.90;E0_1_300m;5.00;170;170;10.16;28.10
1200.00;1500.00;1680.00;25.85;E0_0_400m;5.00;140;140;9.03;25.99
1200.00;1500.00;2064.00;27.63;E0_1_400m;5.00;172;172;10.38;27.81
1200.00;1500.00;1656.00;25.63;E0_0_500m;5.00;138;139;9.00;25.79
1200.00;1500.00;2088.00;27.37;E0_1_500m;5.00;174;174;10.60;27.54
1200.00;1500.00;1644.00;25.50;E0_0_600m;5.00;137;137;8.95;25.64
1200.00;1500.00;2088.00;27.22;E0_1_600m;5.00;174;174;10.65;27.38
1200.00;1500.00;1656.00;25.40;E0_0_700m;5.00;138;138;9.05;25.53
1200.00;1500.00;2088.00;27.18;E0_1_700m;5.00;174;174;10.67;27.33
1200.00;1500.00;1668.00;25.37;E0_0_800m;5.00;139;139;9.13;25.49
1200.00;1500.00;2076.00;27.13;E0_1_800m;5.00;173;173;10.66;27.28
1200.00;1500.00;1644.00;25.30;E0_0_900m;5.00;137;137;9.03;25.43
1200.00;1500.00;2100.00;27.09;E0_1_900m;5.00;175;175;10.77;27.23
1200.00;1500.00;1704.00;25.24;E0_0_1000m;5.00;142;142;9.38;25.37
1200.00;1500.00;2064.00;26.99;E0_1_1000m;5.00;172;172;10.62;27.13
1200.00;1500.00;1692.00;25.08;E0_0_1100m;5.00;141;141;9.37;25.22
1200.00;1500.00;2100.00;26.92;E0_1_1100m;5.00;175;175;10.84;27.05
1200.00;1500.00;1692.00;24.86;E0_0_1200m;5.00;141;141;9.45;25.00
1200.00;1500.00;2112.00;26.85;E0_1_1200m;5.00;176;177;10.97;26.98
1200.00;1500.00;1704.00;24.78;E0_0_1300m;5.00;142;142;9.55;24.91
1200.00;1500.00;2124.00;26.82;E0_1_1300m;5.00;177;176;10.94;26.95
1200.00;1500.00;1716.00;24.67;E0_0_1400m;5.00;143;143;9.66;24.80
1200.00;1500.00;2100.00;26.82;E0_1_1400m;5.00;175;175;10.87;26.95
1200.00;1500.00;1704.00;24.59;E0_0_1500m;5.00;142;142;9.62;24.74
1200.00;1500.00;2088.00;26.85;E0_1_1500m;5.00;174;173;10.76;26.97
1200.00;1500.00;1704.00;24.50;E0_0_1600m;5.00;142;142;9.66;24.66
1200.00;1500.00;2112.00;26.82;E0_1_1600m;5.00;176;176;10.94;26.94
1200.00;1500.00;1728.00;24.59;E0_0_1700m;5.00;144;144;9.76;24.72
1200.00;1500.00;2136.00;26.86;E0_1_1700m;5.00;178;178;11.04;26.97
1200.00;1500.00;1740.00;24.50;E0_0_1800m;5.00;145;144;9.80;24.64
1200.00;1500.00;2124.00;26.96;E0_1_1800m;5.00;177;176;10.88;27.06
1200.00;1500.00;1728.00;24.48;E0_0_1900m;5.00;144;143;9.76;24.60
1200.00;1500.00;2136.00;27.03;E0_1_1900m;5.00;178;178;10.97;27.14
1200.00;1500.00;1740.00;24.59;E0_0_2000m;5.00;145;145;9.83;24.71
1200.00;1500.00;2112.00;27.20;E0_1_2000m;5.00;176;176;10.78;27.32
1200.00;1500.00;1740.00;24.65;E0_0_2100m;5.00;145;145;9.80;24.78
1200.00;1500.00;2040.00;27.40;E0_1_2100m;5.00;170;170;10.34;27.55
1200.00;1500.00;1728.00;24.74;E0_0_2200m;5.00;144;144;9.70;24.86
1200.00;1500.00;1980.00;27.39;E0_1_2200m;5.00;165;165;10.04;27.55
1200.00;1500.00;1680.00;24.77;E0_0_2300m;5.00;140;139;9.38;24.89
1200.00;1500.00;1992.00;27.33;E0_1_2300m;5.00;166;167;10.15;27.49
1200.00;1500.00;1656.00;24.71;E0_0_2400m;5.00;138;138;9.31;24.84
1200.00;1500.00;1980.00;27.49;E0_1_2400m;5.00;165;166;10.02;27.64
1200.00;1500.00;1668.00;24.70;E0_0_2500m;5.00;139;139;9.38;24.83
1200.00;1500.00;1956.00;27.48;E0_1_2500m;5.00;163;164;9.93;27.62
1200.00;1500.00;1608.00;24.64;E0_0_2600m;5.00;134;134;9.07;24.77
1200.00;1500.00;2016.00;27.32;E0_1_2600m;5.00;168;168;10.25;27.45
1200.00;1500.00;1632.00;24.60;E0_0_2700m;5.00;136;136;9.21;24.72
1200.00;1500.00;2040.00;27.19;E0_1_2700m;5.00;170;170;10.42;27.30
1200.00;1500.00;1668.00;24.70;E0_0_2800m;5.00;139;139;9.38;24.84
1200.00;1500.00;2064.00;27.08;E0_1_2800m;5.00;172;172;10.59;27.19
1200.00;1500.00;1680.00;24.72;E0_0_2900m;5.00;140;140;9.44;24.85
1200.00;1500.00;2124.00;27.01;E0_1_2900m;5.00;177;177;10.92;27.12
1200.00;1500.00;1692.00;24.77;E0_0_3000m;5.00;141;140;9.45;24.90
1200.00;1500.00;2112.00;26.92;E0_1_3000m;5.00;176;176;10.90;27.02
1200.00;1500.00;1644.00;24.75;E0_0_3100m;5.00;137;137;9.22;24.88
1200.00;1500.00;2148.00;26.83;E0_1_3100m;5.00;179;179;11.12;26.94
1200.00;1500.00;1632.00;24.75;E0_0_3200m;5.00;136;137;9.22;24.88
1200.00;1500.00;2148.00;26.83;E0_1_3200m;5.00;179;179;11.12;26.95
1200.00;1500.00;1632.00;24.74;E0_0_3300m;5.00;136;137;9.18;24.86
1200.00;1500.00;2148.00;26.93;E0_1_3300m;5.00;179;178;11.01;27.06
1200.00;1500.00;1632.00;24.80;E0_0_3400m;5.00;136;136;9.14;24.91
1200.00;1500.00;2112.00;27.07;E0_1_3400m;5.00;176;176;10.84;27.21
1200.00;1500.00;1632.00;24.82;E0_0_3500m;5.00;136;136;9.13;24.92
1200.00;1500.00;2112.00;27.07;E0_1_3500m;5.00;176;176;10.84;27.19
1200.00;1500.00;1632.00;24.83;E0_0_3600m;5.00;136;136;9.13;24.93
1200.00;1500.00;2112.00;27.00;E0_1_3600m;5.00;176;176;10.87;27.11
1200.00;1500.00;1656.00;24.87;E0_0_3700m;5.00;138;138;9.25;24.97
1200.00;1500.00;2040.00;26.99;E0_1_3700m;5.00;170;170;10.50;27.10
1200.00;1500.00;1632.00;24.86;E0_0_3800m;5.00;136;136;9.12;24.95
1200.00;1500.00;2004.00;27.03;E0_1_3800m;5.00;167;167;10.30;27.15
1200.00;1500.00;1584.00;24.81;E0_0_3900m;5.00;132;133;8.92;24.90
1200.00;1500.00;1992.00;27.11;E0_1_3900m;5.00;166;166;10.20;27.28
1200.00;1500.00;1572.00;24.79;E0_0_4000m;5.00;131;132;8.85;24.88
1200.00;1500.00;1944.00;27.02;E0_1_4000m;5.00;162;162;9.99;27.14
1200.00;1500.00;1560.00;24.77;E0_0_4100m;5.00;130;130;8.75;24.87
1200.00;1500.00;1920.00;26.94;E0_1_4100m;5.00;160;160;9.90;27.07
1200.00;1500.00;1548.00;24.90;E0_0_4200m;5.00;129;129;8.63;25.00
1200.00;1500.00;1896.00;26.85;E0_1_4200m;5.00;158;158;9.81;26.98
1200.00;1500.00;1524.00;25.12;E0_0_4300m;5.00;127;127;8.43;25.21
1200.00;1500.00;1896.00;26.75;E0_1_4300m;5.00;158;157;9.79;26.88
1200.00;1500.00;1548.00;25.02;E0_0_4400m;5.00;129;129;8.59;25.10
1200.00;1500.00;1860.00;26.80;E0_1_4400m;5.00;155;155;9.64;26.94
1200.00;1500.00;1560.00;25.02;E0_0_4500m;5.00;130;130;8.66;25.10
1200.00;1500.00;1860.00;26.80;E0_1_4500m;5.00;155;155;9.64;26.96
1200.00;1500.00;1560.00;25.04;E0_0_4600m;5.00;130;130;8.65;25.11
1200.00;1500.00;1860.00;26.78;E0_1_4600m;5.00;155;155;9.65;26.95
1200.00;1500.00;1560.00;24.87;E0_0_4700m;5.00;130;130;8.71;24.95
1200.00;1500.00;1860.00;26.68;E0_1_4700m;5.00;155;155;9.68;26.84
1200.00;1500.00;1548.00;24.77;E0_0_4800m;5.00;129;129;8.68;24.85
1200.00;1500.00;1872.00;26.65;E0_1_4800m;5.00;156;156;9.76;26.79
1200.00;1500.00;1536.00;24.82;E0_0_4900m;5.00;128;128;8.60;24.90
1200.00;1500.00;1872.00;26.75;E0_1_4900m;5.00;156;156;9.72;26.88
1200.00;1500.00;1536.00;24.87;E0_0_5000m;5.00;128;128;8.58;24.96
1200.00;1500.00;1860.00;26.89;E0_1_5000m;5.00;155;155;9.61;27.03
1500.00;1800.00;0.00;-1.00;E0_0_0m;-1.00;0;0;0.00;-1.00
1500.00;1800.00;0.00;-1.00;E0_1_0m;-1.00;0;0;0.00;-1.00
1500.00;1800.00;1980.00;26.14;E0_0_100m;5.00;165;165;10.52;26.23
1500.00;1800.00;2328.00;27.91;E0_1_100m;5.00;194;193;11.58;27.99
1500.00;1800.00;1968.00;26.02;E0_0_200m;5.00;164;165;10.51;26.14
1500.00;1800.00;2304.00;27.94;E0_1_200m;5.00;192;192;11.45;28.05
1500.00;1800.00;1992.00;26.07;E0_0_300m;5.00;166;166;10.61;26.19
1500.00;1800.00;2256.00;27.91;E0_1_300m;5.00;188;188;11.23;28.00
1500.00;1800.00;1980.00;26.00;E0_0_400m;5.00;165;165;10.58;26.13
1500.00;1800.00;2232.00;27.82;E0_1_400m;5.00;186;187;11.16;27.92
1500.00;1800.00;1980.00;25.81;E0_0_500m;5.00;165;164;10.63;25.95
1500.00;1800.00;2220.00;27.77;E0_1_500m;5.00;185;185;11.10;27.89
1500.00;1800.00;1944.00;25.70;E0_0_600m;5.00;162;162;10.51;25.85
1500.00;1800.00;2220.00;27.72;E0_1_600m;5.00;185;185;11.12;27.87
1500.00;1800.00;1908.00;25.70;E0_0_700m;5.00;159;159;10.31;25.86
1500.00;1800.00;2220.00;27.71;E0_1_700m;5.00;185;185;11.13;27.86
1500.00;1800.00;1896.00;25.80;E0_0_800m;5.00;158;158;10.21;25.97
1500.00;1800.00;2196.00;27.65;E0_1_800m;5.00;183;183;11.04;27.80
1500.00;1800.00;1872.00;25.65;E0_0_900m;5.00;156;156;10.14;25.80
1500.00;1800.00;2208.00;27.62;E0_1_900m;5.00;184;184;11.10;27.78
1500.00;1800.00;1872.00;25.72;E0_0_1000m;5.00;156;157;10.13;25.85
1500.00;1800.00;2220.00;27.56;E0_1_1000m;5.00;185;185;11.19;27.72
1500.00;1800.00;1872.00;25.82;E0_0_1100m;5.00;156;156;10.07;25.92
1500.00;1800.00;2208.00;27.38;E0_1_1100m;5.00;184;184;11.20;27.55
1500.00;1800.00;1860.00;25.75;E0_0_1200m;5.00;155;155;10.03;25.86
1500.00;1800.00;2220.00;27.24;E0_1_1200m;5.00;185;184;11.27;27.39
1500.00;1800.00;1836.00;25.68;E0_0_1300m;5.00;153;153;9.93;25.80
1500.00;1800.00;2220.00;27.11;E0_1_1300m;5.00;185;185;11.37;27.26
1500.00;1800.00;1860.00;25.61;E0_0_1400m;5.00;155;155;10.09;25.73
1500.00;1800.00;2244.00;27.00;E0_1_1400m;5.00;187;187;11.54;27.15
1500.00;1800.00;1848.00;25.74;E0_0_1500m;5.00;154;154;9.97;25.83
1500.00;1800.00;2244.00;26.81;E0_1_1500m;5.00;187;187;11.62;26.95
1500.00;1800.00;1836.00;25.74;E0_0_1600m;5.00;153;153;9.91;25.83
1500.00;1800.00;2220.00;26.70;E0_1_1600m;5.00;185;185;11.55;26.83
1500.00;1800.00;1824.00;25.73;E0_0_1700m;5.00;152;152;9.84;25.83
1500.00;1800.00;2184.00;26.58;E0_1_1700m;5.00;182;182;11.41;26.72
1500.00;1800.00;1836.00;25.71;E0_0_1800m;5.00;153;153;9.92;25.80
1500.00;1800.00;2220.00;26.55;E0_1_1800m;5.00;185;185;11.61;26.68
1500.00;1800.00;1848.00;25.58;E0_0_1900m;5.00;154;155;10.07;25.66
1500.00;1800.00;2256.00;26.51;E0_1_1900m;5.00;188;189;11.85;26.63
1500.00;1800.00;1836.00;25.40;E0_0_2000m;5.00;153;153;10.04;25.48
1500.00;1800.00;2280.00;26.45;E0_1_2000m;5.00;190;190;11.97;26.55
1500.00;1800.00;1872.00;25.31;E0_0_2100m;5.00;156;156;10.27;25.40
1500.00;1800.00;2268.00;26.41;E0_1_2100m;5.00;189;190;11.93;26.51
1500.00;1800.00;1872.00;25.19;E0_0_2200m;5.00;156;156;10.32;25.29
1500.00;1800.00;2304.00;26.38;E0_1_2200m;5.00;192;192;12.13;26.47
1500.00;1800.00;1908.00;25.08;E0_0_2300m;5.00;159;159;10.56;25.19
1500.00;1800.00;2280.00;26.29;E0_1_2300m;5.00;190;190;12.05;26.39
1500.00;1800.00;1896.00;25.06;E0_0_2400m;5.00;158;158;10.51;25.16
1500.00;1800.00;2292.00;26.21;E0_1_2400m;5.00;191;190;12.12;26.32
1500.00;1800.00;1872.00;24.97;E0_0_2500m;5.00;156;156;10.41;25.09
1500.00;1800.00;2292.00;26.18;E0_1_2500m;5.00;191;190;12.12;26.29
1500.00;1800.00;1848.00;24.99;E0_0_2600m;5.00;154;154;10.27;25.12
1500.00;1800.00;2280.00;26.23;E0_1_2600m;5.00;190;190;12.07;26.34
1500.00;1800.00;1860.00;25.14;E0_0_2700m;5.00;155;155;10.28;25.25
1500.00;1800.00;2208.00;26.34;E0_1_2700m;5.00;184;184;11.64;26.45
1500.00;1800.00;1848.00;25.21;E0_0_2800m;5.00;154;154;10.18;25.32
1500.00;1800.00;2160.00;26.36;E0_1_2800m;5.00;180;180;11.38;26.48
1500.00;1800.00;1800.00;25.28;E0_0_2900m;5.00;150;150;9.89;25.40
1500.00;1800.00;2136.00;26.26;E0_1_2900m;5.00;178;178;11.30;26.38
1500.00;1800.00;1824.00;25.09;E0_0_3000m;5.00;152;152;10.10;25.22
1500.00;1800.00;2136.00;26.30;E0_1_3000m;5.00;178;178;11.28;26.42
1500.00;1800.00;1836.00;25.05;E0_0_3100m;5.00;153;153;10.18;25.18
1500.00;1800.00;2124.00;26.36;E0_1_3100m;5.00;177;177;11.19;26.48
1500.00;1800.00;1824.00;25.08;E0_0_3200m;5.00;152;151;10.04;25.20
1500.00;1800.00;2136.00;26.40;E0_1_3200m;5.00;178;178;11.24;26.53
1500.00;1800.00;1800.00;25.02;E0_0_3300m;5.00;150;149;9.97;25.15
1500.00;1800.00;2160.00;26.47;E0_1_3300m;5.00;180;180;11.33;26.60
1500.00;1800.00;1812.00;25.03;E0_0_3400m;5.00;151;151;10.05;25.17
1500.00;1800.00;2148.00;26.46;E0_1_3400m;5.00;179;179;11.27;26.59
1500.00;1800.00;1812.00;25.05;E0_0_3500m;5.00;151;151;10.05;25.17
1500.00;1800.00;2136.00;26.47;E0_1_3500m;5.00;178;179;11.25;26.60
1500.00;1800.00;1764.00;25.08;E0_0_3600m;5.00;147;147;9.77;25.19
1500.00;1800.00;2148.00;26.45;E0_1_3600m;5.00;179;179;11.28;26.56
1500.00;1800.00;1752.00;25.14;E0_0_3700m;5.00;146;146;9.68;25.26
1500.00;1800.00;2136.00;26.51;E0_1_3700m;5.00;178;179;11.21;26.62
1500.00;1800.00;1716.00;25.21;E0_0_3800m;5.00;143;143;9.45;25.33
1500.00;1800.00;2172.00;26.63;E0_1_3800m;5.00;181;182;11.36;26.74
1500.00;1800.00;1716.00;25.20;E0_0_3900m;5.00;143;143;9.46;25.32
1500.00;1800.00;2172.00;26.71;E0_1_3900m;5.00;181;182;11.36;26.82
1500.00;1800.00;1752.00;25.26;E0_0_4000m;5.00;146;145;9.59;25.39
1500.00;1800.00;2148.00;26.63;E0_1_4000m;5.00;179;179;11.20;26.75
1500.00;1800.00;1740.00;25.26;E0_0_4100m;5.00;145;145;9.57;25.38
1500.00;1800.00;2136.00;26.56;E0_1_4100m;5.00;178;179;11.22;26.67
1500.00;1800.00;1740.00;25.27;E0_0_4200m;5.00;145;145;9.56;25.40
1500.00;1800.00;2124.00;26.50;E0_1_4200m;5.00;177;178;11.15;26.61
1500.00;1800.00;1728.00;25.28;E0_0_4300m;5.00;144;144;9.49;25.41
1500.00;1800.00;2136.00;26.48;E0_1_4300m;5.00;178;178;11.20;26.59
1500.00;1800.00;1740.00;25.23;E0_0_4400m;5.00;145;145;9.58;25.36
1500.00;1800.00;2124.00;26.52;E0_1_4400m;5.00;177;178;11.19;26.62
1500.00;1800.00;1716.00;25.22;E0_0_4500m;5.00;143;143;9.45;25.34
1500.00;1800.00;2148.00;26.60;E0_1_4500m;5.00;179;179;11.21;26.71
1500.00;1800.00;1764.00;25.18;E0_0_4600m;5.00;147;147;9.73;25.30
1500.00;1800.00;2148.00;26.62;E0_1_4600m;5.00;179;179;11.21;26.74
1500.00;1800.00;1776.00;25.13;E0_0_4700m;5.00;148;148;9.81;25.26
1500.00;1800.00;2184.00;26.61;E0_1_4700m;5.00;182;182;11.40;26.73
1500.00;1800.00;1812.00;25.04;E0_0_4800m;5.00;151;151;10.05;25.17
1500.00;1800.00;2208.00;26.52;E0_1_4800m;5.00;184;184;11.57;26.63
1500.00;1800.00;1812.00;24.97;E0_0_4900m;5.00;151;151;10.08;25.09
1500.00;1800.00;2244.00;26.34;E0_1_4900m;5.00;187;188;11.84;26.44
1500.00;1800.00;1824.00;24.93;E0_0_5000m;5.00;152;152;10.16;25.05
1500.00;1800.00;2280.00;26.17;E0_1_5000m;5.00;190;190;12.10;26.26
1800.00;2100.00;0.00;-1.00;E0_0_0m;-1.00;0;0;0.00;-1.00
1800.00;2100.00;0.00;-1.00;E0_1_0m;-1.00;0;0;0.00;-1.00
1800.00;2100.00;1668.00;26.34;E0_0_100m;5.00;139;139;8.79;26.53
1800.00;2100.00;2208.00;27.57;E0_1_100m;5.00;184;184;11.13;27.73
1800.00;2100.00;1740.00;26.44;E0_0_200m;5.00;145;145;9.14;26.61
1800.00;2100.00;2160.00;28.07;E0_1_200m;5.00;180;180;10.69;28.29
1800.00;2100.00;1752.00;26.21;E0_0_300m;5.00;146;146;9.28;26.39
1800.00;2100.00;2160.00;28.13;E0_1_300m;5.00;180;181;10.68;28.34
1800.00;2100.00;1740.00;26.14;E0_0_400m;5.00;145;145;9.24;26.33
1800.00;2100.00;2172.00;28.05;E0_1_400m;5.00;181;180;10.74;28.27
1800.00;2100.00;1752.00;26.05;E0_0_500m;5.00;146;147;9.37;26.24
1800.00;2100.00;2172.00;27.92;E0_1_500m;5.00;181;181;10.81;28.17
1800.00;2100.00;1752.00;26.03;E0_0_600m;5.00;146;146;9.35;26.22
1800.00;2100.00;2172.00;27.70;E0_1_600m;5.00;181;181;10.89;27.98
1800.00;2100.00;1788.00;26.02;E0_0_700m;5.00;149;149;9.54;26.19
1800.00;2100.00;2172.00;27.55;E0_1_700m;5.00;181;181;10.95;27.83
1800.00;2100.00;1788.00;25.86;E0_0_800m;5.00;149;149;9.60;26.02
1800.00;2100.00;2184.00;27.41;E0_1_800m;5.00;182;183;11.11;27.67
1800.00;2100.00;1824.00;25.61;E0_0_900m;5.00;152;153;9.93;25.78
1800.00;2100.00;2220.00;27.16;E0_1_900m;5.00;185;185;11.35;27.43
1800.00;2100.00;1800.00;25.55;E0_0_1000m;5.00;150;149;9.77;25.71
1800.00;2100.00;2232.00;26.96;E0_1_1000m;5.00;186;186;11.50;27.24
1800.00;2100.00;1788.00;25.38;E0_0_1100m;5.00;149;150;9.80;25.52
1800.00;2100.00;2256.00;26.80;E0_1_1100m;5.00;188;188;11.69;27.07
1800.00;2100.00;1812.00;25.13;E0_0_1200m;5.00;151;152;10.02;25.27
1800.00;2100.00;2268.00;26.66;E0_1_1200m;5.00;189;189;11.81;26.93
1800.00;2100.00;1836.00;24.95;E0_0_1300m;5.00;153;153;10.22;25.12
1800.00;2100.00;2280.00;26.43;E0_1_1300m;5.00;190;190;11.98;26.69
1800.00;2100.00;1848.00;25.03;E0_0_1400m;5.00;154;154;10.25;25.24
1800.00;2100.00;2268.00;26.25;E0_1_1400m;5.00;189;190;12.06;26.53
1800.00;2100.00;1848.00;24.96;E0_0_1500m;5.00;154;154;10.28;25.11
1800.00;2100.00;2280.00;26.18;E0_1_1500m;5.00;190;190;12.10;26.47
1800.00;2100.00;1848.00;24.90;E0_0_1600m;5.00;154;155;10.35;25.05
1800.00;2100.00;2280.00;26.12;E0_1_1600m;5.00;190;190;12.12;26.42
1800.00;2100.00;1848.00;24.85;E0_0_1700m;5.00;154;154;10.33;24.99
1800.00;2100.00;2268.00;26.10;E0_1_1700m;5.00;189;189;12.07;26.42
1800.00;2100.00;1836.00;24.79;E0_0_1800m;5.00;153;153;10.29;24.94
1800.00;2100.00;2244.00;26.08;E0_1_1800m;5.00;187;187;11.95;26.42
1800.00;2100.00;1812.00;24.67;E0_0_1900m;5.00;151;151;10.20;24.82
1800.00;2100.00;2208.00;26.04;E0_1_1900m;5.00;184;183;11.74;26.39
1800.00;2100.00;1836.00;24.71;E0_0_2000m;5.00;153;153;10.32;24.85
1800.00;2100.00;2208.00;25.98;E0_1_2000m;5.00;184;184;11.80;26.32
1800.00;2100.00;1848.00;24.67;E0_0_2100m;5.00;154;154;10.40;24.80
1800.00;2100.00;2244.00;25.95;E0_1_2100m;5.00;187;186;12.00;26.29
1800.00;2100.00;1848.00;24.62;E0_0_2200m;5.00;154;154;10.42;24.75
1800.00;2100.00;2232.00;25.86;E0_1_2200m;5.00;186;186;11.99;26.18
1800.00;2100.00;1824.00;24.58;E0_0_2300m;5.00;152;152;10.31;24.70
1800.00;2100.00;2232.00;25.78;E0_1_2300m;5.00;186;186;12.03;26.07
1800.00;2100.00;1812.00;24.42;E0_0_2400m;5.00;151;151;10.31;24.53
1800.00;2100.00;2292.00;25.62;E0_1_2400m;5.00;191;191;12.43;25.90
1800.00;2100.00;1836.00;24.36;E0_0_2500m;5.00;153;153;10.47;24.47
1800.00;2100.00;2328.00;25.57;E0_1_2500m;5.00;194;194;12.64;25.87
1800.00;2100.00;1860.00;24.39;E0_0_2600m;5.00;155;155;10.59;24.51
1800.00;2100.00;2340.00;25.51;E0_1_2600m;5.00;195;195;12.74;25.81
1800.00;2100.00;1896.00;24.32;E0_0_2700m;5.00;158;158;10.83;24.44
1800.00;2100.00;2340.00;25.36;E0_1_2700m;5.00;195;195;12.82;25.64
1800.00;2100.00;1896.00;24.21;E0_0_2800m;5.00;158;158;10.88;24.32
1800.00;2100.00;2340.00;25.09;E0_1_2800m;5.00;195;195;12.95;25.32
1800.00;2100.00;1908.00;24.11;E0_0_2900m;5.00;159;159;10.99;24.22
1800.00;2100.00;2340.00;24.89;E0_1_2900m;5.00;195;196;13.11;25.09
1800.00;2100.00;1920.00;24.09;E0_0_3000m;5.00;160;160;11.07;24.18
1800.00;2100.00;2340.00;24.82;E0_1_3000m;5.00;195;196;13.15;25.02
1800.00;2100.00;1920.00;24.02;E0_0_3100m;5.00;160;160;11.10;24.11
1800.00;2100.00;2352.00;24.76;E0_1_3100m;5.00;196;196;13.19;24.97
1800.00;2100.00;1932.00;23.95;E0_0_3200m;5.00;161;161;11.20;24.04
1800.00;2100.00;2340.00;24.52;E0_1_3200m;5.00;195;195;13.25;24.70
1800.00;2100.00;1932.00;23.88;E0_0_3300m;5.00;161;161;11.24;23.97
1800.00;2100.00;2340.00;24.31;E0_1_3300m;5.00;195;195;13.37;24.46
1800.00;2100.00;1932.00;23.83;E0_0_3400m;5.00;161;161;11.26;23.91
1800.00;2100.00;2352.00;24.24;E0_1_3400m;5.00;196;196;13.48;24.38
1800.00;2100.00;1920.00;23.78;E0_0_3500m;5.00;160;160;11.21;23.87
1800.00;2100.00;2352.00;24.18;E0_1_3500m;5.00;196;195;13.47;24.32
1800.00;2100.00;1932.00;23.79;E0_0_3600m;5.00;161;161;11.28;23.87
1800.00;2100.00;2352.00;24.14;E0_1_3600m;5.00;196;196;13.53;24.28
1800.00;2100.00;1944.00;23.82;E0_0_3700m;5.00;162;162;11.34;23.90
1800.00;2100.00;2340.00;24.07;E0_1_3700m;5.00;195;194;13.48;24.20
1800.00;2100.00;1944.00;23.82;E0_0_3800m;5.00;162;162;11.34;23.90
1800.00;2100.00;2340.00;24.01;E0_1_3800m;5.00;195;195;13.53;24.12
1800.00;2100.00;1968.00;23.83;E0_0_3900m;5.00;164;164;11.47;23.91
1800.00;2100.00;2352.00;24.03;E0_1_3900m;5.00;196;195;13.53;24.13
1800.00;2100.00;1968.00;23.88;E0_0_4000m;5.00;164;165;11.52;23.96
1800.00;2100.00;2352.00;24.14;E0_1_4000m;5.00;196;196;13.53;24.25
1800.00;2100.00;2028.00;23.90;E0_0_4100m;5.00;169;169;11.78;23.98
1800.00;2100.00;2328.00;24.15;E0_1_4100m;5.00;194;193;13.34;24.27
1800.00;2100.00;2016.00;23.88;E0_0_4200m;5.00;168;168;11.72;23.96
1800.00;2100.00;2328.00;24.13;E0_1_4200m;5.00;194;193;13.38;24.26
1800.00;2100.00;2028.00;23.91;E0_0_4300m;5.00;169;169;11.78;23.99
1800.00;2100.00;2316.00;24.11;E0_1_4300m;5.00;193;193;13.34;24.23
1800.00;2100.00;2040.00;23.91;E0_0_4400m;5.00;170;170;11.85;23.98
1800.00;2100.00;2316.00;24.08;E0_1_4400m;5.00;193;192;13.30;24.17
1800.00;2100.00;2052.00;23.94;E0_0_4500m;5.00;171;171;11.91;24.01
1800.00;2100.00;2304.00;24.05;E0_1_4500m;5.00;192;192;13.30;24.14
1800.00;2100.00;2016.00;23.96;E0_0_4600m;5.00;168;168;11.69;24.03
1800.00;2100.00;2268.00;24.06;E0_1_4600m;5.00;189;190;13.13;24.14
1800.00;2100.00;1980.00;23.99;E0_0_4700m;5.00;165;165;11.47;24.05
1800.00;2100.00;2232.00;24.08;E0_1_4700m;5.00;186;186;12.87;24.16
1800.00;2100.00;1956.00;24.04;E0_0_4800m;5.00;163;163;11.30;24.10
1800.00;2100.00;2196.00;24.12;E0_1_4800m;5.00;183;183;12.64;24.20
1800.00;2100.00;1932.00;24.07;E0_0_4900m;5.00;161;161;11.15;24.13
1800.00;2100.00;2184.00;24.24;E0_1_4900m;5.00;182;181;12.51;24.32
1800.00;2100.00;1884.00;24.11;E0_0_5000m;5.00;157;157;10.85;24.18
1800.00;2100.00;2184.00;24.38;E0_1_5000m;5.00;182;182;12.44;24.48
2100.00;2400.00;0.00;-1.00;E0_0_0m;-1.00;0;0;0.00;-1.00
2100.00;2400.00;0.00;-1.00;E0_1_0m;-1.00;0;0;0.00;-1.00
2100.00;2400.00;1968.00;26.24;E0_0_100m;5.00;164;164;10.42;26.41
2100.00;2400.00;2124.00;27.95;E0_1_100m;5.00;177;177;10.55;28.10
2100.00;2400.00;1956.00;26.02;E0_0_200m;5.00;163;164;10.46;26.22
2100.00;2400.00;2136.00;28.13;E0_1_200m;5.00;178;178;10.55;28.33
2100.00;2400.00;1944.00;25.86;E0_0_300m;5.00;162;162;10.44;26.07
2100.00;2400.00;2136.00;28.01;E0_1_300m;5.00;178;177;10.57;28.19
2100.00;2400.00;1944.00;25.73;E0_0_400m;5.00;162;163;10.55;25.91
2100.00;2400.00;2148.00;27.73;E0_1_400m;5.00;179;179;10.76;27.92
2100.00;2400.00;1956.00;25.69;E0_0_500m;5.00;163;162;10.55;25.87
2100.00;2400.00;2160.00;27.47;E0_1_500m;5.00;180;180;10.92;27.66
2100.00;2400.00;1944.00;25.51;E0_0_600m;5.00;162;162;10.58;25.68
2100.00;2400.00;2184.00;27.32;E0_1_600m;5.00;182;182;11.10;27.49
2100.00;2400.00;1908.00;25.23;E0_0_700m;5.00;159;159;10.50;25.39
2100.00;2400.00;2208.00;27.29;E0_1_700m;5.00;184;184;11.24;27.45
2100.00;2400.00;1860.00;25.20;E0_0_800m;5.00;155;155;10.25;25.38
2100.00;2400.00;2268.00;27.25;E0_1_800m;5.00;189;188;11.52;27.40
2100.00;2400.00;1836.00;25.24;E0_0_900m;5.00;153;154;10.15;25.43
2100.00;2400.00;2208.00;27.31;E0_1_900m;5.00;184;184;11.23;27.45
2100.00;2400.00;1812.00;25.25;E0_0_1000m;5.00;151;151;9.97;25.43
2100.00;2400.00;2208.00;27.22;E0_1_1000m;5.00;184;184;11.27;27.37
2100.00;2400.00;1776.00;25.15;E0_0_1100m;5.00;148;147;9.79;25.34
2100.00;2400.00;2232.00;27.24;E0_1_1100m;5.00;186;187;11.43;27.41
2100.00;2400.00;1764.00;25.05;E0_0_1200m;5.00;147;146;9.78;25.24
2100.00;2400.00;2220.00;27.28;E0_1_1200m;5.00;185;185;11.30;27.44
2100.00;2400.00;1728.00;25.11;E0_0_1300m;5.00;144;144;9.56;25.27
2100.00;2400.00;2232.00;27.26;E0_1_1300m;5.00;186;186;11.37;27.42
2100.00;2400.00;1692.00;25.08;E0_0_1400m;5.00;141;141;9.37;25.22
2100.00;2400.00;2220.00;27.28;E0_1_1400m;5.00;185;186;11.31;27.41
2100.00;2400.00;1728.00;25.08;E0_0_1500m;5.00;144;145;9.58;25.23
2100.00;2400.00;2220.00;27.29;E0_1_1500m;5.00;185;185;11.30;27.43
2100.00;2400.00;1752.00;25.10;E0_0_1600m;5.00;146;145;9.65;25.25
2100.00;2400.00;2208.00;27.19;E0_1_1600m;5.00;184;185;11.31;27.31
2100.00;2400.00;1752.00;25.08;E0_0_1700m;5.00;146;146;9.70;25.23
2100.00;2400.00;2220.00;27.11;E0_1_1700m;5.00;185;185;11.37;27.22
2100.00;2400.00;1740.00;25.01;E0_0_1800m;5.00;145;145;9.66;25.16
2100.00;2400.00;2244.00;27.07;E0_1_1800m;5.00;187;187;11.51;27.17
2100.00;2400.00;1764.00;24.95;E0_0_1900m;5.00;147;147;9.82;25.10
2100.00;2400.00;2256.00;27.09;E0_1_1900m;5.00;188;188;11.57;27.18
2100.00;2400.00;1800.00;24.89;E0_0_2000m;5.00;150;150;10.04;25.05
2100.00;2400.00;2208.00;27.09;E0_1_2000m;5.00;184;186;11.38;27.17
2100.00;2400.00;1800.00;24.85;E0_0_2100m;5.00;150;150;10.06;25.00
2100.00;2400.00;2160.00;26.92;E0_1_2100m;5.00;180;181;11.15;26.99
2100.00;2400.00;1788.00;24.83;E0_0_2200m;5.00;149;149;10.00;24.97
2100.00;2400.00;2172.00;26.84;E0_1_2200m;5.00;181;181;11.24;26.92
2100.00;2400.00;1824.00;24.87;E0_0_2300m;5.00;152;152;10.18;25.01
2100.00;2400.00;2160.00;26.75;E0_1_2300m;5.00;180;181;11.22;26.82
2100.00;2400.00;1812.00;24.93;E0_0_2400m;5.00;151;151;10.09;25.05
2100.00;2400.00;2124.00;26.67;E0_1_2400m;5.00;177;177;11.06;26.74
2100.00;2400.00;1800.00;24.94;E0_0_2500m;5.00;150;150;10.02;25.05
2100.00;2400.00;2088.00;26.67;E0_1_2500m;5.00;174;174;10.87;26.75
2100.00;2400.00;1776.00;24.79;E0_0_2600m;5.00;148;148;9.95;24.90
2100.00;2400.00;2064.00;26.76;E0_1_2600m;5.00;172;172;10.71;26.85
2100.00;2400.00;1752.00;24.66;E0_0_2700m;5.00;146;146;9.87;24.77
2100.00;2400.00;2088.00;26.83;E0_1_2700m;5.00;174;174;10.81;26.92
2100.00;2400.00;1776.00;24.64;E0_0_2800m;5.00;148;148;10.01;24.75
2100.00;2400.00;2136.00;26.96;E0_1_2800m;5.00;178;178;11.01;27.05
2100.00;2400.00;1800.00;24.69;E0_0_2900m;5.00;150;150;10.12;24.80
2100.00;2400.00;2172.00;27.04;E0_1_2900m;5.00;181;180;11.10;27.13
2100.00;2400.00;1764.00;24.79;E0_0_3000m;5.00;147;147;9.88;24.90
2100.00;2400.00;2172.00;27.01;E0_1_3000m;5.00;181;180;11.12;27.08
2100.00;2400.00;1764.00;24.63;E0_0_3100m;5.00;147;147;9.95;24.76
2100.00;2400.00;2160.00;27.00;E0_1_3100m;5.00;180;181;11.12;27.05
2100.00;2400.00;1752.00;24.57;E0_0_3200m;5.00;146;147;9.97;24.69
2100.00;2400.00;2172.00;26.99;E0_1_3200m;5.00;181;181;11.18;27.05
2100.00;2400.00;1728.00;24.58;E0_0_3300m;5.00;144;145;9.79;24.70
2100.00;2400.00;2196.00;26.92;E0_1_3300m;5.00;183;183;11.33;26.98
2100.00;2400.00;1704.00;24.62;E0_0_3400m;5.00;142;142;9.61;24.74
2100.00;2400.00;2208.00;26.92;E0_1_3400m;5.00;184;184;11.39;26.98
2100.00;2400.00;1740.00;24.76;E0_0_3500m;5.00;145;145;9.76;24.87
2100.00;2400.00;2208.00;26.92;E0_1_3500m;5.00;184;184;11.39;27.00
2100.00;2400.00;1764.00;24.70;E0_0_3600m;5.00;147;147;9.92;24.80
2100.00;2400.00;2196.00;27.01;E0_1_3600m;5.00;183;183;11.29;27.11
2100.00;2400.00;1764.00;24.82;E0_0_3700m;5.00;147;147;9.87;24.91
2100.00;2400.00;2196.00;26.92;E0_1_3700m;5.00;183;184;11.34;27.04
2100.00;2400.00;1764.00;24.91;E0_0_3800m;5.00;147;147;9.83;24.99
2100.00;2400.00;2196.00;26.75;E0_1_3800m;5.00;183;183;11.39;26.89
2100.00;2400.00;1740.00;24.90;E0_0_3900m;5.00;145;145;9.70;24.98
2100.00;2400.00;2220.00;26.60;E0_1_3900m;5.00;185;185;11.59;26.76
2100.00;2400.00;1716.00;24.84;E0_0_4000m;5.00;143;142;9.52;24.92
2100.00;2400.00;2232.00;26.47;E0_1_4000m;5.00;186;186;11.71;26.65
2100.00;2400.00;1692.00;24.74;E0_0_4100m;5.00;141;141;9.50;24.84
2100.00;2400.00;2232.00;26.32;E0_1_4100m;5.00;186;186;11.78;26.52
2100.00;2400.00;1680.00;24.61;E0_0_4200m;5.00;140;140;9.48;24.71
2100.00;2400.00;2244.00;26.20;E0_1_4200m;5.00;187;187;11.90;26.43
2100.00;2400.00;1692.00;24.47;E0_0_4300m;5.00;141;141;9.60;24.58
2100.00;2400.00;2232.00;26.14;E0_1_4300m;5.00;186;186;11.86;26.41
2100.00;2400.00;1704.00;24.41;E0_0_4400m;5.00;142;142;9.70;24.53
2100.00;2400.00;2196.00;26.18;E0_1_4400m;5.00;183;184;11.70;26.46
2100.00;2400.00;1704.00;24.45;E0_0_4500m;5.00;142;142;9.68;24.56
2100.00;2400.00;2184.00;26.16;E0_1_4500m;5.00;182;183;11.61;26.43
2100.00;2400.00;1692.00;24.52;E0_0_4600m;5.00;141;141;9.58;24.61
2100.00;2400.00;2232.00;26.06;E0_1_4600m;5.00;186;185;11.86;26.32
2100.00;2400.00;1740.00;24.48;E0_0_4700m;5.00;145;145;9.87;24.56
2100.00;2400.00;2244.00;26.00;E0_1_4700m;5.00;187;187;11.99;26.24
2100.00;2400.00;1776.00;24.52;E0_0_4800m;5.00;148;148;10.06;24.60
2100.00;2400.00;2256.00;26.02;E0_1_4800m;5.00;188;188;12.04;26.26
2100.00;2400.00;1812.00;24.62;E0_0_4900m;5.00;151;151;10.22;24.69
2100.00;2400.00;2244.00;26.08;E0_1_4900m;5.00;187;187;11.95;26.30
2100.00;2400.00;1812.00;24.68;E0_0_5000m;5.00;151;151;10.20;24.74
2100.00;2400.00;2256.00;26.19;E0_1_5000m;5.00;188;188;11.96;26.39
2400.00;2700.00;0.00;-1.00;E0_0_0m;-1.00;0;0;0.00;-1.00
2400.00;2700.00;0.00;-1.00;E0_1_0m;-1.00;0;0;0.00;-1.00
2400.00;2700.00;2088.00;25.41;E0_0_100m;5.00;174;175;11.44;25.54
2400.00;2700.00;2412.00;27.11;E0_1_100m;5.00;201;201;12.36;27.23
2400.00;2700.00;2100.00;25.17;E0_0_200m;5.00;175;175;11.59;25.32
2400.00;2700.00;2400.00;27.16;E0_1_200m;5.00;200;200;12.27;27.31
2400.00;2700.00;2076.00;25.01;E0_0_300m;5.00;173;173;11.53;25.16
2400.00;2700.00;2412.00;26.96;E0_1_300m;5.00;201;201;12.42;27.10
2400.00;2700.00;2040.00;24.88;E0_0_400m;5.00;170;169;11.33;25.03
2400.00;2700.00;2436.00;26.78;E0_1_400m;5.00;203;203;12.63;26.91
2400.00;2700.00;2028.00;24.80;E0_0_500m;5.00;169;169;11.36;24.95
2400.00;2700.00;2424.00;26.62;E0_1_500m;5.00;202;202;12.65;26.74
2400.00;2700.00;2040.00;24.71;E0_0_600m;5.00;170;170;11.47;24.88
2400.00;2700.00;2436.00;26.46;E0_1_600m;5.00;203;203;12.79;26.57
2400.00;2700.00;2040.00;24.57;E0_0_700m;5.00;170;170;11.53;24.73
2400.00;2700.00;2436.00;26.35;E0_1_700m;5.00;203;203;12.84;26.46
2400.00;2700.00;2028.00;24.50;E0_0_800m;5.00;169;169;11.50;24.67
2400.00;2700.00;2436.00;26.28;E0_1_800m;5.00;203;204;12.93;26.39
2400.00;2700.00;2064.00;24.36;E0_0_900m;5.00;172;171;11.72;24.49
2400.00;2700.00;2424.00;26.24;E0_1_900m;5.00;202;202;12.83;26.38
2400.00;2700.00;2052.00;24.31;E0_0_1000m;5.00;171;171;11.72;24.46
2400.00;2700.00;2436.00;26.16;E0_1_1000m;5.00;203;203;12.93;26.30
2400.00;2700.00;2052.00;24.32;E0_0_1100m;5.00;171;171;11.72;24.47
2400.00;2700.00;2424.00;26.07;E0_1_1100m;5.00;202;201;12.86;26.21
2400.00;2700.00;2028.00;24.26;E0_0_1200m;5.00;169;171;11.68;24.41
2400.00;2700.00;2412.00;25.88;E0_1_1200m;5.00;201;201;12.95;26.05
2400.00;2700.00;2016.00;24.18;E0_0_1300m;5.00;168;169;11.61;24.32
2400.00;2700.00;2412.00;25.89;E0_1_1300m;5.00;201;201;12.94;26.02
2400.00;2700.00;2028.00;24.16;E0_0_1400m;5.00;169;170;11.72;24.30
2400.00;2700.00;2400.00;25.81;E0_1_1400m;5.00;200;199;12.91;25.92
2400.00;2700.00;1992.00;24.23;E0_0_1500m;5.00;166;165;11.41;24.35
2400.00;2700.00;2388.00;25.78;E0_1_1500m;5.00;199;199;12.86;25.88
2400.00;2700.00;1980.00;24.21;E0_0_1600m;5.00;165;165;11.36;24.33
2400.00;2700.00;2376.00;25.76;E0_1_1600m;5.00;198;197;12.78;25.85
2400.00;2700.00;1980.00;24.25;E0_0_1700m;5.00;165;165;11.34;24.38
2400.00;2700.00;2352.00;25.67;E0_1_1700m;5.00;196;196;12.73;25.76
2400.00;2700.00;1968.00;24.21;E0_0_1800m;5.00;164;164;11.29;24.34
2400.00;2700.00;2340.00;25.59;E0_1_1800m;5.00;195;195;12.70;25.69
2400.00;2700.00;1944.00;24.26;E0_0_1900m;5.00;162;162;11.13;24.39
2400.00;2700.00;2328.00;25.55;E0_1_1900m;5.00;194;194;12.66;25.66
2400.00;2700.00;1920.00;24.39;E0_0_2000m;5.00;160;160;10.93;24.51
2400.00;2700.00;2328.00;25.48;E0_1_2000m;5.00;194;193;12.63;25.60
2400.00;2700.00;1884.00;24.31;E0_0_2100m;5.00;157;157;10.77;24.41
2400.00;2700.00;2340.00;25.41;E0_1_2100m;5.00;195;194;12.79;25.52
2400.00;2700.00;1872.00;24.41;E0_0_2200m;5.00;156;156;10.65;24.51
2400.00;2700.00;2328.00;25.29;E0_1_2200m;5.00;194;194;12.79;25.39
2400.00;2700.00;1848.00;24.53;E0_0_2300m;5.00;154;155;10.51;24.62
2400.00;2700.00;2316.00;25.29;E0_1_2300m;5.00;193;192;12.71;25.40
2400.00;2700.00;1848.00;24.67;E0_0_2400m;5.00;154;155;10.43;24.75
2400.00;2700.00;2304.00;25.32;E0_1_2400m;5.00;192;192;12.64;25.44
2400.00;2700.00;1836.00;24.81;E0_0_2500m;5.00;153;153;10.28;24.90
2400.00;2700.00;2304.00;25.34;E0_1_2500m;5.00;192;192;12.63;25.46
2400.00;2700.00;1836.00;24.88;E0_0_2600m;5.00;153;153;10.25;24.97
2400.00;2700.00;2304.00;25.33;E0_1_2600m;5.00;192;192;12.63;25.44
2400.00;2700.00;1836.00;24.88;E0_0_2700m;5.00;153;153;10.25;24.97
2400.00;2700.00;2268.00;25.32;E0_1_2700m;5.00;189;189;12.44;25.43
2400.00;2700.00;1824.00;24.80;E0_0_2800m;5.00;152;152;10.21;24.89
2400.00;2700.00;2220.00;25.28;E0_1_2800m;5.00;185;185;12.20;25.39
2400.00;2700.00;1800.00;24.69;E0_0_2900m;5.00;150;150;10.13;24.78
2400.00;2700.00;2160.00;25.26;E0_1_2900m;5.00;180;181;11.93;25.37
2400.00;2700.00;1788.00;24.63;E0_0_3000m;5.00;149;149;10.08;24.72
2400.00;2700.00;2160.00;25.30;E0_1_3000m;5.00;180;180;11.86;25.41
2400.00;2700.00;1800.00;24.69;E0_0_3100m;5.00;150;150;10.12;24.78
2400.00;2700.00;2148.00;25.40;E0_1_3100m;5.00;179;178;11.74;25.51
2400.00;2700.00;1800.00;24.77;E0_0_3200m;5.00;150;149;10.03;24.86
2400.00;2700.00;2148.00;25.46;E0_1_3200m;5.00;179;179;11.72;25.56
2400.00;2700.00;1800.00;24.89;E0_0_3300m;5.00;150;149;10.02;24.96
2400.00;2700.00;2148.00;25.51;E0_1_3300m;5.00;179;179;11.70;25.61
2400.00;2700.00;1812.00;24.87;E0_0_3400m;5.00;151;151;10.12;24.93
2400.00;2700.00;2196.00;25.53;E0_1_3400m;5.00;183;183;11.94;25.63
2400.00;2700.00;1836.00;24.82;E0_0_3500m;5.00;153;153;10.28;24.88
2400.00;2700.00;2208.00;25.52;E0_1_3500m;5.00;184;184;12.02;25.60
2400.00;2700.00;1848.00;24.85;E0_0_3600m;5.00;154;154;10.33;24.91
2400.00;2700.00;2244.00;25.49;E0_1_3600m;5.00;187;187;12.23;25.56
2400.00;2700.00;1872.00;24.82;E0_0_3700m;5.00;156;156;10.48;24.87
2400.00;2700.00;2244.00;25.44;E0_1_3700m;5.00;187;186;12.24;25.50
2400.00;2700.00;1872.00;24.74;E0_0_3800m;5.00;156;156;10.51;24.80
2400.00;2700.00;2244.00;25.41;E0_1_3800m;5.00;187;186;12.25;25.47
2400.00;2700.00;1860.00;24.76;E0_0_3900m;5.00;155;155;10.43;24.83
2400.00;2700.00;2232.00;25.39;E0_1_3900m;5.00;186;186;12.21;25.45
2400.00;2700.00;1884.00;24.78;E0_0_4000m;5.00;157;157;10.56;24.84
2400.00;2700.00;2232.00;25.39;E0_1_4000m;5.00;186;186;12.21;25.45
2400.00;2700.00;1908.00;24.76;E0_0_4100m;5.00;159;159;10.70;24.81
2400.00;2700.00;2220.00;25.31;E0_1_4100m;5.00;185;185;12.18;25.38
2400.00;2700.00;1908.00;24.49;E0_0_4200m;5.00;159;160;10.88;24.55
2400.00;2700.00;2220.00;25.20;E0_1_4200m;5.00;185;185;12.23;25.28
2400.00;2700.00;1956.00;24.31;E0_0_4300m;5.00;163;163;11.18;24.37
2400.00;2700.00;2232.00;25.04;E0_1_4300m;5.00;186;186;12.38;25.13
2400.00;2700.00;1992.00;24.18;E0_0_4400m;5.00;166;166;11.44;24.25
2400.00;2700.00;2280.00;24.89;E0_1_4400m;5.00;190;189;12.67;24.98
2400.00;2700.00;2016.00;24.15;E0_0_4500m;5.00;168;168;11.60;24.24
2400.00;2700.00;2280.00;24.82;E0_1_4500m;5.00;190;189;12.75;24.94
2400.00;2700.00;2016.00;24.01;E0_0_4600m;5.00;168;168;11.66;24.12
2400.00;2700.00;2256.00;24.74;E0_1_4600m;5.00;188;188;12.67;24.87
2400.00;2700.00;1968.00;23.87;E0_0_4700m;5.00;164;165;11.48;24.01
2400.00;2700.00;2256.00;24.69;E0_1_4700m;5.00;188;188;12.69;24.82
2400.00;2700.00;1944.00;23.87;E0_0_4800m;5.00;162;162;11.31;24.01
2400.00;2700.00;2244.00;24.67;E0_1_4800m;5.00;187;187;12.63;24.80
2400.00;2700.00;1944.00;23.90;E0_0_4900m;5.00;162;162;11.30;24.01
2400.00;2700.00;2232.00;24.63;E0_1_4900m;5.00;186;186;12.58;24.75
2400.00;2700.00;1920.00;23.97;E0_0_5000m;5.00;160;160;11.12;24.06
2400.00;2700.00;2244.00;24.66;E0_1_5000m;5.00;187;187;12.64;24.77
2700.00;3000.00;0.00;-1.00;E0_0_0m;-1.00;0;0;0.00;-1.00
2700.00;3000.00;0.00;-1.00;E0_1_0m;-1.00;0;0;0.00;-1.00
2700.00;3000.00;1824.00;25.04;E0_0_100m;5.00;152;151;10.09;25.18
2700.00;3000.00;2280.00;26.77;E0_1_100m;5.00;190;190;11.83;26.90
2700.00;3000.00;1824.00;24.95;E0_0_200m;5.00;152;152;10.15;25.16
2700.00;3000.00;2268.00;26.97;E0_1_200m;5.00;189;189;11.68;27.11
2700.00;3000.00;1824.00;24.67;E0_0_300m;5.00;152;152;10.27;24.89
2700.00;3000.00;2304.00;26.88;E0_1_300m;5.00;192;192;11.91;27.03
2700.00;3000.00;1824.00;24.39;E0_0_400m;5.00;152;152;10.39;24.65
2700.00;3000.00;2304.00;26.73;E0_1_400m;5.00;192;192;11.97;26.87
2700.00;3000.00;1848.00;24.26;E0_0_500m;5.00;154;154;10.58;24.54
2700.00;3000.00;2280.00;26.61;E0_1_500m;5.00;190;190;11.90;26.75
2700.00;3000.00;1800.00;24.27;E0_0_600m;5.00;150;151;10.32;24.58
2700.00;3000.00;2280.00;26.57;E0_1_600m;5.00;190;190;11.92;26.72
2700.00;3000.00;1824.00;24.11;E0_0_700m;5.00;152;152;10.51;24.42
2700.00;3000.00;2232.00;26.66;E0_1_700m;5.00;186;186;11.63;26.82
2700.00;3000.00;1848.00;24.05;E0_0_800m;5.00;154;155;10.74;24.38
2700.00;3000.00;2196.00;26.71;E0_1_800m;5.00;183;183;11.42;26.87
2700.00;3000.00;1860.00;23.89;E0_0_900m;5.00;155;156;10.83;24.21
2700.00;3000.00;2172.00;26.65;E0_1_900m;5.00;181;182;11.34;26.82
2700.00;3000.00;1848.00;23.92;E0_0_1000m;5.00;154;154;10.73;24.23
2700.00;3000.00;2172.00;26.57;E0_1_1000m;5.00;181;181;11.36;26.73
2700.00;3000.00;1824.00;23.82;E0_0_1100m;5.00;152;152;10.64;24.09
2700.00;3000.00;2196.00;26.45;E0_1_1100m;5.00;183;183;11.53;26.59
2700.00;3000.00;1836.00;23.79;E0_0_1200m;5.00;153;152;10.65;24.02
2700.00;3000.00;2196.00;26.32;E0_1_1200m;5.00;183;184;11.60;26.46
2700.00;3000.00;1800.00;23.81;E0_0_1300m;5.00;150;150;10.54;24.02
2700.00;3000.00;2220.00;26.23;E0_1_1300m;5.00;185;185;11.76;26.36
2700.00;3000.00;1812.00;23.75;E0_0_1400m;5.00;151;150;10.53;23.96
2700.00;3000.00;2208.00;26.14;E0_1_1400m;5.00;184;184;11.73;26.26
2700.00;3000.00;1788.00;23.73;E0_0_1500m;5.00;149;150;10.52;23.93
2700.00;3000.00;2232.00;26.08;E0_1_1500m;5.00;186;186;11.89;26.21
2700.00;3000.00;1812.00;23.72;E0_0_1600m;5.00;151;151;10.61;23.91
2700.00;3000.00;2220.00;26.02;E0_1_1600m;5.00;185;185;11.85;26.17
2700.00;3000.00;1800.00;23.81;E0_0_1700m;5.00;150;151;10.55;23.97
2700.00;3000.00;2220.00;25.96;E0_1_1700m;5.00;185;185;11.88;26.12
2700.00;3000.00;1824.00;24.05;E0_0_1800m;5.00;152;152;10.53;24.19
2700.00;3000.00;2196.00;26.01;E0_1_1800m;5.00;183;183;11.73;26.20
2700.00;3000.00;1800.00;24.30;E0_0_1900m;5.00;150;152;10.35;24.41
2700.00;3000.00;2220.00;25.97;E0_1_1900m;5.00;185;185;11.87;26.18
2700.00;3000.00;1800.00;24.61;E0_0_2000m;5.00;150;150;10.16;24.70
2700.00;3000.00;2220.00;26.01;E0_1_2000m;5.00;185;185;11.85;26.23
2700.00;3000.00;1848.00;24.63;E0_0_2100m;5.00;154;155;10.46;24.72
2700.00;3000.00;2208.00;26.00;E0_1_2100m;5.00;184;184;11.79;26.21
2700.00;3000.00;1860.00;24.51;E0_0_2200m;5.00;155;155;10.54;24.61
2700.00;3000.00;2232.00;26.03;E0_1_2200m;5.00;186;186;11.91;26.23
2700.00;3000.00;1884.00;24.37;E0_0_2300m;5.00;157;156;10.69;24.47
2700.00;3000.00;2232.00;26.09;E0_1_2300m;5.00;186;186;11.88;26.28
2700.00;3000.00;1872.00;24.26;E0_0_2400m;5.00;156;155;10.70;24.35
2700.00;3000.00;2256.00;26.12;E0_1_2400m;5.00;188;188;12.00;26.29
2700.00;3000.00;1884.00;24.18;E0_0_2500m;5.00;157;157;10.82;24.30
2700.00;3000.00;2244.00;26.07;E0_1_2500m;5.00;187;187;11.96;26.21
2700.00;3000.00;1896.00;24.04;E0_0_2600m;5.00;158;159;11.02;24.15
2700.00;3000.00;2256.00;26.05;E0_1_2600m;5.00;188;188;12.03;26.19
2700.00;3000.00;1908.00;23.85;E0_0_2700m;5.00;159;159;11.11;23.97
2700.00;3000.00;2316.00;25.95;E0_1_2700m;5.00;193;193;12.40;26.05
2700.00;3000.00;1944.00;23.68;E0_0_2800m;5.00;162;162;11.40;23.81
2700.00;3000.00;2340.00;26.00;E0_1_2800m;5.00;195;195;12.50;26.09
2700.00;3000.00;1968.00;23.48;E0_0_2900m;5.00;164;164;11.64;23.62
2700.00;3000.00;2400.00;26.10;E0_1_2900m;5.00;200;199;12.72;26.19
2700.00;3000.00;2004.00;23.23;E0_0_3000m;5.00;167;167;11.98;23.39
2700.00;3000.00;2400.00;26.21;E0_1_3000m;5.00;200;200;12.72;26.32
2700.00;3000.00;2016.00;23.09;E0_0_3100m;5.00;168;168;12.13;23.27
2700.00;3000.00;2388.00;26.24;E0_1_3100m;5.00;199;200;12.68;26.34
2700.00;3000.00;2016.00;22.95;E0_0_3200m;5.00;168;168;12.20;23.15
2700.00;3000.00;2400.00;26.27;E0_1_3200m;5.00;200;200;12.69;26.37
2700.00;3000.00;2004.00;22.76;E0_0_3300m;5.00;167;167;12.23;22.97
2700.00;3000.00;2412.00;26.29;E0_1_3300m;5.00;201;201;12.74;26.38
2700.00;3000.00;1980.00;22.63;E0_0_3400m;5.00;165;165;12.15;22.83
2700.00;3000.00;2388.00;26.29;E0_1_3400m;5.00;199;200;12.67;26.37
2700.00;3000.00;1980.00;22.49;E0_0_3500m;5.00;165;165;12.23;22.68
2700.00;3000.00;2364.00;26.30;E0_1_3500m;5.00;197;197;12.49;26.37
2700.00;3000.00;1992.00;22.44;E0_0_3600m;5.00;166;166;12.33;22.63
2700.00;3000.00;2304.00;26.34;E0_1_3600m;5.00;192;192;12.15;26.41
2700.00;3000.00;2004.00;22.55;E0_0_3700m;5.00;167;167;12.34;22.75
2700.00;3000.00;2268.00;26.30;E0_1_3700m;5.00;189;189;11.98;26.36
2700.00;3000.00;1992.00;22.65;E0_0_3800m;5.00;166;166;12.21;22.85
2700.00;3000.00;2280.00;26.27;E0_1_3800m;5.00;190;191;12.11;26.33
2700.00;3000.00;1980.00;22.75;E0_0_3900m;5.00;165;165;12.09;22.93
2700.00;3000.00;2292.00;26.31;E0_1_3900m;5.00;191;191;12.10;26.38
2700.00;3000.00;1956.00;22.76;E0_0_4000m;5.00;163;163;11.93;22.93
2700.00;3000.00;2292.00;26.41;E0_1_4000m;5.00;191;191;12.05;26.48
2700.00;3000.00;1956.00;22.79;E0_0_4100m;5.00;163;163;11.92;22.99
2700.00;3000.00;2280.00;26.50;E0_1_4100m;5.00;190;191;12.00;26.60
2700.00;3000.00;1956.00;22.73;E0_0_4200m;5.00;163;162;11.89;22.89
2700.00;3000.00;2280.00;26.52;E0_1_4200m;5.00;190;190;11.94;26.63
2700.00;3000.00;1920.00;22.80;E0_0_4300m;5.00;160;160;11.70;22.95
2700.00;3000.00;2256.00;26.49;E0_1_4300m;5.00;188;188;11.83;26.59
2700.00;3000.00;1860.00;22.75;E0_0_4400m;5.00;155;155;11.35;22.90
2700.00;3000.00;2244.00;26.48;E0_1_4400m;5.00;187;187;11.77;26.58
2700.00;3000.00;1884.00;22.67;E0_0_4500m;5.00;157;157;11.54;22.81
2700.00;3000.00;2232.00;26.48;E0_1_4500m;5.00;186;186;11.70;26.59
2700.00;3000.00;1896.00;22.67;E0_0_4600m;5.00;158;158;11.62;22.80
2700.00;3000.00;2244.00;26.48;E0_1_4600m;5.00;187;188;11.83;26.58
2700.00;3000.00;1920.00;22.77;E0_0_4700m;5.00;160;159;11.69;22.90
2700.00;3000.00;2256.00;26.50;E0_1_4700m;5.00;188;188;11.82;26.60
2700.00;3000.00;1884.00;22.89;E0_0_4800m;5.00;157;157;11.43;23.02
2700.00;3000.00;2292.00;26.51;E0_1_4800m;5.00;191;191;12.01;26.61
2700.00;3000.00;1872.00;22.91;E0_0_4900m;5.00;156;156;11.35;23.04
2700.00;3000.00;2292.00;26.58;E0_1_4900m;5.00;191;191;11.98;26.67
2700.00;3000.00;1932.00;23.13;E0_0_5000m;5.00;161;161;11.60;23.29
2700.00;3000.00;2268.00;26.66;E0_1_5000m;5.00;189;189;11.82;26.76
3000.00;3300.00;0.00;-1.00;E0_0_0m;-1.00;0;0;0.00;-1.00
3000.00;3300.00;0.00;-1.00;E0_1_0m;-1.00;0;0;0.00;-1.00
3000.00;3300.00;2004.00;24.55;E0_0_100m;5.00;167;168;11.34;24.66
3000.00;3300.00;2520.00;26.20;E0_1_100m;5.00;210;210;13.36;26.25
3000.00;3300.00;2040.00;24.67;E0_0_200m;5.00;170;170;11.49;24.77
3000.00;3300.00;2508.00;26.24;E0_1_200m;5.00;209;209;13.27;26.30
3000.00;3300.00;2016.00;24.83;E0_0_300m;5.00;168;168;11.28;24.92
3000.00;3300.00;2496.00;26.26;E0_1_300m;5.00;208;209;13.25;26.31
3000.00;3300.00;2028.00;24.89;E0_0_400m;5.00;169;169;11.32;24.99
3000.00;3300.00;2496.00;26.38;E0_1_400m;5.00;208;208;13.14;26.43
3000.00;3300.00;2016.00;24.89;E0_0_500m;5.00;168;168;11.25;25.00
3000.00;3300.00;2484.00;26.45;E0_1_500m;5.00;207;207;13.05;26.51
3000.00;3300.00;2040.00;24.85;E0_0_600m;5.00;170;169;11.38;24.96
3000.00;3300.00;2460.00;26.45;E0_1_600m;5.00;205;205;12.92;26.52
3000.00;3300.00;2040.00;24.87;E0_0_700m;5.00;170;171;11.43;24.97
3000.00;3300.00;2460.00;26.41;E0_1_700m;5.00;205;205;12.94;26.47
3000.00;3300.00;2064.00;24.74;E0_0_800m;5.00;172;171;11.52;24.87
3000.00;3300.00;2460.00;26.38;E0_1_800m;5.00;205;205;12.95;26.45
3000.00;3300.00;2088.00;24.66;E0_0_900m;5.00;174;174;11.81;24.79
3000.00;3300.00;2448.00;26.31;E0_1_900m;5.00;204;204;12.92;26.38
3000.00;3300.00;2076.00;24.59;E0_0_1000m;5.00;173;173;11.73;24.72
3000.00;3300.00;2472.00;26.21;E0_1_1000m;5.00;206;206;13.10;26.27
3000.00;3300.00;2076.00;24.51;E0_0_1100m;5.00;173;173;11.77;24.66
3000.00;3300.00;2496.00;26.13;E0_1_1100m;5.00;208;208;13.27;26.18
3000.00;3300.00;2136.00;24.43;E0_0_1200m;5.00;178;178;12.15;24.58
3000.00;3300.00;2484.00;26.07;E0_1_1200m;5.00;207;206;13.22;26.13
3000.00;3300.00;2148.00;24.26;E0_0_1300m;5.00;179;178;12.22;24.42
3000.00;3300.00;2496.00;26.02;E0_1_1300m;5.00;208;208;13.32;26.08
3000.00;3300.00;2160.00;24.16;E0_0_1400m;5.00;180;180;12.42;24.31
3000.00;3300.00;2520.00;26.00;E0_1_1400m;5.00;210;210;13.46;26.05
3000.00;3300.00;2196.00;23.99;E0_0_1500m;5.00;183;183;12.71;24.15
3000.00;3300.00;2508.00;25.96;E0_1_1500m;5.00;209;209;13.42;26.01
3000.00;3300.00;2196.00;23.97;E0_0_1600m;5.00;183;183;12.72;24.11
3000.00;3300.00;2508.00;25.92;E0_1_1600m;5.00;209;210;13.45;25.97
3000.00;3300.00;2220.00;23.89;E0_0_1700m;5.00;185;184;12.86;24.00
3000.00;3300.00;2532.00;25.90;E0_1_1700m;5.00;211;211;13.58;25.95
3000.00;3300.00;2220.00;23.70;E0_0_1800m;5.00;185;185;13.01;23.81
3000.00;3300.00;2544.00;25.87;E0_1_1800m;5.00;212;212;13.66;25.92
3000.00;3300.00;2244.00;23.51;E0_0_1900m;5.00;187;186;13.20;23.63
3000.00;3300.00;2532.00;25.87;E0_1_1900m;5.00;211;211;13.59;25.93
3000.00;3300.00;2256.00;23.49;E0_0_2000m;5.00;188;188;13.34;23.61
3000.00;3300.00;2532.00;25.86;E0_1_2000m;5.00;211;212;13.66;25.91
3000.00;3300.00;2220.00;23.52;E0_0_2100m;5.00;185;184;13.07;23.63
3000.00;3300.00;2544.00;25.80;E0_1_2100m;5.00;212;212;13.69;25.85
3000.00;3300.00;2196.00;23.55;E0_0_2200m;5.00;183;183;12.95;23.65
3000.00;3300.00;2532.00;25.69;E0_1_2200m;5.00;211;211;13.69;25.73
3000.00;3300.00;2196.00;23.43;E0_0_2300m;5.00;183;183;13.02;23.54
3000.00;3300.00;2544.00;25.56;E0_1_2300m;5.00;212;212;13.82;25.59
3000.00;3300.00;2196.00;23.33;E0_0_2400m;5.00;183;183;13.07;23.43
3000.00;3300.00;2556.00;25.47;E0_1_2400m;5.00;213;213;13.94;25.51
3000.00;3300.00;2208.00;23.39;E0_0_2500m;5.00;184;184;13.11;23.50
3000.00;3300.00;2556.00;25.43;E0_1_2500m;5.00;213;214;14.00;25.46
3000.00;3300.00;2208.00;23.33;E0_0_2600m;5.00;184;184;13.15;23.42
3000.00;3300.00;2544.00;25.38;E0_1_2600m;5.00;212;212;13.92;25.40
3000.00;3300.00;2184.00;23.30;E0_0_2700m;5.00;182;182;13.02;23.37
3000.00;3300.00;2532.00;25.27;E0_1_2700m;5.00;211;211;13.92;25.30
3000.00;3300.00;2160.00;23.18;E0_0_2800m;5.00;180;180;12.94;23.25
3000.00;3300.00;2520.00;25.25;E0_1_2800m;5.00;210;210;13.86;25.27
3000.00;3300.00;2148.00;23.15;E0_0_2900m;5.00;179;179;12.89;23.22
3000.00;3300.00;2472.00;25.15;E0_1_2900m;5.00;206;206;13.65;25.17
3000.00;3300.00;2172.00;23.08;E0_0_3000m;5.00;181;181;13.07;23.15
3000.00;3300.00;2484.00;25.08;E0_1_3000m;5.00;207;207;13.75;25.10
3000.00;3300.00;2184.00;23.02;E0_0_3100m;5.00;182;182;13.18;23.07
3000.00;3300.00;2484.00;25.06;E0_1_3100m;5.00;207;207;13.74;25.08
3000.00;3300.00;2172.00;23.02;E0_0_3200m;5.00;181;181;13.11;23.06
3000.00;3300.00;2484.00;25.10;E0_1_3200m;5.00;207;208;13.77;25.13
3000.00;3300.00;2196.00;23.08;E0_0_3300m;5.00;183;183;13.21;23.15
3000.00;3300.00;2472.00;25.20;E0_1_3300m;5.00;206;207;13.63;25.23
3000.00;3300.00;2184.00;23.07;E0_0_3400m;5.00;182;182;13.15;23.14
3000.00;3300.00;2472.00;25.20;E0_1_3400m;5.00;206;205;13.57;25.24
3000.00;3300.00;2148.00;22.90;E0_0_3500m;5.00;179;179;13.03;22.97
3000.00;3300.00;2460.00;25.12;E0_1_3500m;5.00;205;205;13.60;25.15
3000.00;3300.00;2136.00;22.89;E0_0_3600m;5.00;178;178;12.96;22.97
3000.00;3300.00;2448.00;25.05;E0_1_3600m;5.00;204;204;13.57;25.08
3000.00;3300.00;2136.00;22.78;E0_0_3700m;5.00;178;178;13.03;22.86
3000.00;3300.00;2448.00;24.99;E0_1_3700m;5.00;204;204;13.60;25.02
3000.00;3300.00;2124.00;22.73;E0_0_3800m;5.00;177;178;12.99;22.81
3000.00;3300.00;2460.00;24.91;E0_1_3800m;5.00;205;204;13.66;24.96
3000.00;3300.00;2136.00;22.54;E0_0_3900m;5.00;178;178;13.16;22.63
3000.00;3300.00;2436.00;24.92;E0_1_3900m;5.00;203;203;13.58;24.95
3000.00;3300.00;2136.00;22.45;E0_0_4000m;5.00;178;178;13.21;22.56
3000.00;3300.00;2436.00;24.88;E0_1_4000m;5.00;203;203;13.60;24.91
3000.00;3300.00;2136.00;22.38;E0_0_4100m;5.00;178;178;13.25;22.50
3000.00;3300.00;2436.00;24.89;E0_1_4100m;5.00;203;203;13.59;24.92
3000.00;3300.00;2136.00;22.21;E0_0_4200m;5.00;178;178;13.36;22.32
3000.00;3300.00;2436.00;24.95;E0_1_4200m;5.00;203;203;13.56;24.99
3000.00;3300.00;2148.00;22.17;E0_0_4300m;5.00;179;179;13.46;22.29
3000.00;3300.00;2424.00;25.03;E0_1_4300m;5.00;202;202;13.45;25.08
3000.00;3300.00;2160.00;22.30;E0_0_4400m;5.00;180;181;13.46;22.44
3000.00;3300.00;2412.00;25.06;E0_1_4400m;5.00;201;201;13.37;25.16
3000.00;3300.00;2136.00;22.30;E0_0_4500m;5.00;178;179;13.35;22.43
3000.00;3300.00;2400.00;25.17;E0_1_4500m;5.00;200;200;13.25;25.25
3000.00;3300.00;2124.00;22.19;E0_0_4600m;5.00;177;177;13.29;22.31
3000.00;3300.00;2400.00;25.20;E0_1_4600m;5.00;200;199;13.17;25.28
3000.00;3300.00;2088.00;22.13;E0_0_4700m;5.00;174;175;13.11;22.24
3000.00;3300.00;2388.00;25.27;E0_1_4700m;5.00;199;199;13.13;25.35
3000.00;3300.00;2088.00;22.16;E0_0_4800m;5.00;174;175;13.13;22.28
3000.00;3300.00;2376.00;25.37;E0_1_4800m;5.00;198;198;13.01;25.46
3000.00;3300.00;2100.00;22.27;E0_0_4900m;5.00;175;176;13.16;22.39
3000.00;3300.00;2364.00;25.46;E0_1_4900m;5.00;197;197;12.90;25.56
3000.00;3300.00;2040.00;22.35;E0_0_5000m;5.00;170;173;12.78;22.46
3000.00;3300.00;2364.00;25.46;E0_1_5000m;5.00;197;197;12.89;25.57
3300.00;3600.00;0.00;-1.00;E0_0_0m;-1.00;0;0;0.00;-1.00
3300.00;3600.00;0.00;-1.00;E0_1_0m;-1.00;0;0;0.00;-1.00
3300.00;3600.00;1788.00;26.23;E0_0_100m;5.00;149;149;9.46;26.39
3300.00;3600.00;2196.00;27.86;E0_1_100m;5.00;183;183;10.95;28.01
3300.00;3600.00;1824.00;26.26;E0_0_200m;5.00;152;152;9.65;26.40
3300.00;3600.00;2136.00;28.02;E0_1_200m;5.00;178;179;10.62;28.20
3300.00;3600.00;1812.00;26.09;E0_0_300m;5.00;151;151;9.65;26.21
3300.00;3600.00;2172.00;27.80;E0_1_300m;5.00;181;180;10.80;27.96
3300.00;3600.00;1812.00;25.88;E0_0_400m;5.00;151;151;9.72;26.00
3300.00;3600.00;2184.00;27.67;E0_1_400m;5.00;182;182;10.96;27.82
3300.00;3600.00;1836.00;25.65;E0_0_500m;5.00;153;153;9.94;25.75
3300.00;3600.00;2208.00;27.42;E0_1_500m;5.00;184;184;11.19;27.56
3300.00;3600.00;1848.00;25.41;E0_0_600m;5.00;154;154;10.10;25.51
3300.00;3600.00;2232.00;27.08;E0_1_600m;5.00;186;186;11.45;27.21
3300.00;3600.00;1860.00;25.22;E0_0_700m;5.00;155;154;10.21;25.33
3300.00;3600.00;2232.00;26.78;E0_1_700m;5.00;186;186;11.58;26.91
3300.00;3600.00;1848.00;25.15;E0_0_800m;5.00;154;154;10.20;25.27
3300.00;3600.00;2232.00;26.55;E0_1_800m;5.00;186;186;11.68;26.68
3300.00;3600.00;1836.00;25.00;E0_0_900m;5.00;153;153;10.19;25.10
3300.00;3600.00;2232.00;26.31;E0_1_900m;5.00;186;187;11.81;26.44
3300.00;3600.00;1812.00;24.82;E0_0_1000m;5.00;151;151;10.14;24.91
3300.00;3600.00;2268.00;26.24;E0_1_1000m;5.00;189;189;12.01;26.38
3300.00;3600.00;1824.00;24.79;E0_0_1100m;5.00;152;152;10.22;24.89
3300.00;3600.00;2232.00;26.10;E0_1_1100m;5.00;186;187;11.94;26.25
3300.00;3600.00;1764.00;24.74;E0_0_1200m;5.00;147;147;9.90;24.83
3300.00;3600.00;2256.00;26.01;E0_1_1200m;5.00;188;188;12.04;26.17
3300.00;3600.00;1752.00;24.71;E0_0_1300m;5.00;146;146;9.85;24.81
3300.00;3600.00;2268.00;25.96;E0_1_1300m;5.00;189;189;12.14;26.12
3300.00;3600.00;1764.00;24.66;E0_0_1400m;5.00;147;147;9.93;24.78
3300.00;3600.00;2232.00;25.84;E0_1_1400m;5.00;186;186;12.00;26.00
3300.00;3600.00;1704.00;24.64;E0_0_1500m;5.00;142;142;9.60;24.75
3300.00;3600.00;2280.00;25.84;E0_1_1500m;5.00;190;191;12.26;26.01
3300.00;3600.00;1704.00;24.68;E0_0_1600m;5.00;142;142;9.59;24.80
3300.00;3600.00;2280.00;25.89;E0_1_1600m;5.00;190;189;12.23;26.07
3300.00;3600.00;1704.00;24.68;E0_0_1700m;5.00;142;142;9.59;24.80
3300.00;3600.00;2256.00;25.96;E0_1_1700m;5.00;188;189;12.09;26.16
3300.00;3600.00;1704.00;24.74;E0_0_1800m;5.00;142;142;9.57;24.85
3300.00;3600.00;2268.00;26.01;E0_1_1800m;5.00;189;189;12.11;26.22
3300.00;3600.00;1704.00;24.70;E0_0_1900m;5.00;142;142;9.58;24.81
3300.00;3600.00;2256.00;26.03;E0_1_1900m;5.00;188;188;12.04;26.25
3300.00;3600.00;1704.00;24.72;E0_0_2000m;5.00;142;142;9.57;24.82
3300.00;3600.00;2256.00;25.98;E0_1_2000m;5.00;188;187;12.00;26.18
3300.00;3600.00;1704.00;24.79;E0_0_2100m;5.00;142;142;9.55;24.88
3300.00;3600.00;2256.00;25.90;E0_1_2100m;5.00;188;188;12.10;26.08
3300.00;3600.00;1704.00;24.83;E0_0_2200m;5.00;142;143;9.53;24.92
3300.00;3600.00;2256.00;25.84;E0_1_2200m;5.00;188;188;12.13;25.99
3300.00;3600.00;1692.00;24.87;E0_0_2300m;5.00;141;141;9.45;24.95
3300.00;3600.00;2256.00;25.85;E0_1_2300m;5.00;188;188;12.12;25.99
3300.00;3600.00;1680.00;24.87;E0_0_2400m;5.00;140;140;9.38;24.95
3300.00;3600.00;2244.00;25.80;E0_1_2400m;5.00;187;187;12.08;25.92
3300.00;3600.00;1656.00;24.90;E0_0_2500m;5.00;138;138;9.24;24.96
3300.00;3600.00;2256.00;25.72;E0_1_2500m;5.00;188;187;12.14;25.82
3300.00;3600.00;1656.00;24.99;E0_0_2600m;5.00;138;138;9.20;25.05
3300.00;3600.00;2244.00;25.73;E0_1_2600m;5.00;187;188;12.16;25.81
3300.00;3600.00;1608.00;25.05;E0_0_2700m;5.00;134;135;8.96;25.11
3300.00;3600.00;2256.00;25.78;E0_1_2700m;5.00;188;188;12.16;25.86
3300.00;3600.00;1632.00;25.06;E0_0_2800m;5.00;136;136;9.05;25.11
3300.00;3600.00;2244.00;25.81;E0_1_2800m;5.00;187;187;12.07;25.90
3300.00;3600.00;1668.00;25.12;E0_0_2900m;5.00;139;139;9.22;25.17
3300.00;3600.00;2268.00;25.94;E0_1_2900m;5.00;189;189;12.14;26.06
3300.00;3600.00;1656.00;25.18;E0_0_3000m;5.00;138;138;9.13;25.23
3300.00;3600.00;2292.00;26.02;E0_1_3000m;5.00;191;191;12.23;26.15
3300.00;3600.00;1704.00;25.21;E0_0_3100m;5.00;142;142;9.39;25.27
3300.00;3600.00;2280.00;26.05;E0_1_3100m;5.00;190;190;12.17;26.17
3300.00;3600.00;1740.00;25.22;E0_0_3200m;5.00;145;145;9.58;25.29
3300.00;3600.00;2268.00;25.98;E0_1_3200m;5.00;189;188;12.10;26.10
3300.00;3600.00;1776.00;25.22;E0_0_3300m;5.00;148;148;9.78;25.30
3300.00;3600.00;2232.00;25.89;E0_1_3300m;5.00;186;186;11.98;26.02
3300.00;3600.00;1812.00;25.15;E0_0_3400m;5.00;151;151;10.01;25.24
3300.00;3600.00;2220.00;25.74;E0_1_3400m;5.00;185;185;11.98;25.86
3300.00;3600.00;1800.00;25.01;E0_0_3500m;5.00;150;150;10.00;25.11
3300.00;3600.00;2232.00;25.66;E0_1_3500m;5.00;186;186;12.08;25.78
3300.00;3600.00;1812.00;24.89;E0_0_3600m;5.00;151;151;10.11;24.98
3300.00;3600.00;2220.00;25.66;E0_1_3600m;5.00;185;185;12.02;25.76
3300.00;3600.00;1800.00;24.85;E0_0_3700m;5.00;150;150;10.06;24.93
3300.00;3600.00;2232.00;25.60;E0_1_3700m;5.00;186;186;12.11;25.70
3300.00;3600.00;1812.00;24.82;E0_0_3800m;5.00;151;152;10.18;24.91
3300.00;3600.00;2220.00;25.51;E0_1_3800m;5.00;185;185;12.09;25.59
3300.00;3600.00;1824.00;24.75;E0_0_3900m;5.00;152;152;10.23;24.83
3300.00;3600.00;2220.00;25.45;E0_1_3900m;5.00;185;185;12.11;25.52
3300.00;3600.00;1836.00;24.58;E0_0_4000m;5.00;153;153;10.38;24.65
3300.00;3600.00;2208.00;25.41;E0_1_4000m;5.00;184;184;12.07;25.48
3300.00;3600.00;1848.00;24.37;E0_0_4100m;5.00;154;154;10.53;24.45
3300.00;3600.00;2220.00;25.39;E0_1_4100m;5.00;185;185;12.14;25.46
3300.00;3600.00;1848.00;24.26;E0_0_4200m;5.00;154;154;10.58;24.34
3300.00;3600.00;2220.00;25.37;E0_1_4200m;5.00;185;185;12.15;25.43
3300.00;3600.00;1848.00;24.37;E0_0_4300m;5.00;154;154;10.53;24.45
3300.00;3600.00;2232.00;25.42;E0_1_4300m;5.00;186;186;12.19;25.47
3300.00;3600.00;1884.00;24.42;E0_0_4400m;5.00;157;157;10.72;24.50
3300.00;3600.00;2208.00;25.54;E0_1_4400m;5.00;184;184;12.01;25.59
3300.00;3600.00;1932.00;24.28;E0_0_4500m;5.00;161;160;11.01;24.34
3300.00;3600.00;2232.00;25.54;E0_1_4500m;5.00;186;186;12.14;25.58
3300.00;3600.00;1944.00;24.25;E0_0_4600m;5.00;162;162;11.14;24.31
3300.00;3600.00;2280.00;25.44;E0_1_4600m;5.00;190;190;12.45;25.47
3300.00;3600.00;1956.00;24.24;E0_0_4700m;5.00;163;162;11.20;24.30
3300.00;3600.00;2304.00;25.42;E0_1_4700m;5.00;192;192;12.59;25.45
3300.00;3600.00;1956.00;24.26;E0_0_4800m;5.00;163;162;11.15;24.32
3300.00;3600.00;2316.00;25.41;E0_1_4800m;5.00;193;193;12.66;25.44
3300.00;3600.00;1956.00;24.33;E0_0_4900m;5.00;163;162;11.10;24.39
3300.00;3600.00;2328.00;25.40;E0_1_4900m;5.00;194;195;12.73;25.43
3300.00;3600.00;1956.00;24.22;E0_0_5000m;5.00;163;162;11.19;24.28
3300.00;3600.00;2340.00;25.45;E0_1_5000m;5.00;195;195;12.77;25.47
3600.00;3900.00;0.00;-1.00;E0_0_0m;-1.00;0;0;0.00;-1.00
3600.00;3900.00;0.00;-1.00;E0_1_0m;-1.00;0;0;0.00;-1.00
3600.00;3900.00;1824.00;26.18;E0_0_100m;5.00;152;151;9.68;26.31
3600.00;3900.00;2112.00;27.13;E0_1_100m;5.00;176;176;10.81;27.34
3600.00;3900.00;1896.00;26.45;E0_0_200m;5.00;158;158;9.96;26.60
3600.00;3900.00;2052.00;27.50;E0_1_200m;5.00;171;171;10.36;27.79
3600.00;3900.00;1824.00;26.45;E0_0_300m;5.00;152;152;9.58;26.59
3600.00;3900.00;2112.00;27.55;E0_1_300m;5.00;176;176;10.65;27.83
3600.00;3900.00;1752.00;26.44;E0_0_400m;5.00;146;147;9.20;26.59
3600.00;3900.00;2148.00;27.58;E0_1_400m;5.00;179;180;10.87;27.86
3600.00;3900.00;1704.00;26.30;E0_0_500m;5.00;142;142;9.00;26.46
3600.00;3900.00;2160.00;27.66;E0_1_500m;5.00;180;180;10.85;27.92
3600.00;3900.00;1704.00;26.28;E0_0_600m;5.00;142;143;9.01;26.43
3600.00;3900.00;2124.00;27.54;E0_1_600m;5.00;177;177;10.71;27.81
3600.00;3900.00;1716.00;26.25;E0_0_700m;5.00;143;143;9.08;26.41
3600.00;3900.00;2136.00;27.61;E0_1_700m;5.00;178;178;10.75;27.84
3600.00;3900.00;1776.00;26.11;E0_0_800m;5.00;148;148;9.45;26.27
3600.00;3900.00;2088.00;27.68;E0_1_800m;5.00;174;175;10.53;27.91
3600.00;3900.00;1776.00;26.00;E0_0_900m;5.00;148;147;9.43;26.15
3600.00;3900.00;2100.00;27.65;E0_1_900m;5.00;175;174;10.52;27.87
3600.00;3900.00;1788.00;25.99;E0_0_1000m;5.00;149;149;9.56;26.14
3600.00;3900.00;2064.00;27.62;E0_1_1000m;5.00;172;172;10.38;27.84
3600.00;3900.00;1776.00;25.87;E0_0_1100m;5.00;148;148;9.53;26.01
3600.00;3900.00;2076.00;27.60;E0_1_1100m;5.00;173;172;10.39;27.81
3600.00;3900.00;1764.00;25.79;E0_0_1200m;5.00;147;147;9.50;25.93
3600.00;3900.00;2076.00;27.60;E0_1_1200m;5.00;173;173;10.45;27.80
3600.00;3900.00;1776.00;25.68;E0_0_1300m;5.00;148;148;9.61;25.82
3600.00;3900.00;2064.00;27.60;E0_1_1300m;5.00;172;172;10.39;27.77
3600.00;3900.00;1788.00;25.59;E0_0_1400m;5.00;149;149;9.70;25.73
3600.00;3900.00;2088.00;27.63;E0_1_1400m;5.00;174;174;10.49;27.79
3600.00;3900.00;1812.00;25.41;E0_0_1500m;5.00;151;152;9.95;25.54
3600.00;3900.00;2088.00;27.54;E0_1_1500m;5.00;174;173;10.52;27.70
3600.00;3900.00;1824.00;25.18;E0_0_1600m;5.00;152;152;10.06;25.29
3600.00;3900.00;2112.00;27.28;E0_1_1600m;5.00;176;176;10.75;27.43
3600.00;3900.00;1800.00;25.02;E0_0_1700m;5.00;150;150;9.99;25.11
3600.00;3900.00;2124.00;26.93;E0_1_1700m;5.00;177;176;10.94;27.07
3600.00;3900.00;1800.00;24.77;E0_0_1800m;5.00;150;150;10.09;24.86
3600.00;3900.00;2112.00;26.55;E0_1_1800m;5.00;176;177;11.08;26.68
3600.00;3900.00;1824.00;24.50;E0_0_1900m;5.00;152;152;10.34;24.61
3600.00;3900.00;2112.00;26.21;E0_1_1900m;5.00;176;176;11.19;26.34
3600.00;3900.00;1800.00;24.18;E0_0_2000m;5.00;150;150;10.34;24.29
3600.00;3900.00;2136.00;25.81;E0_1_2000m;5.00;178;178;11.49;25.96
3600.00;3900.00;1776.00;24.06;E0_0_2100m;5.00;148;148;10.25;24.15
3600.00;3900.00;2148.00;25.55;E0_1_2100m;5.00;179;179;11.68;25.73
3600.00;3900.00;1788.00;24.00;E0_0_2200m;5.00;149;149;10.35;24.10
3600.00;3900.00;2148.00;25.25;E0_1_2200m;5.00;179;179;11.82;25.44
3600.00;3900.00;1776.00;23.83;E0_0_2300m;5.00;148;148;10.35;23.92
3600.00;3900.00;2160.00;24.97;E0_1_2300m;5.00;180;180;12.01;25.16
3600.00;3900.00;1788.00;23.73;E0_0_2400m;5.00;149;150;10.48;23.81
3600.00;3900.00;2148.00;24.73;E0_1_2400m;5.00;179;179;12.06;24.93
3600.00;3900.00;1776.00;23.69;E0_0_2500m;5.00;148;149;10.46;23.77
3600.00;3900.00;2160.00;24.57;E0_1_2500m;5.00;180;180;12.21;24.77
3600.00;3900.00;1788.00;23.61;E0_0_2600m;5.00;149;149;10.52;23.69
3600.00;3900.00;2184.00;24.44;E0_1_2600m;5.00;182;181;12.37;24.65
3600.00;3900.00;1788.00;23.56;E0_0_2700m;5.00;149;150;10.60;23.64
3600.00;3900.00;2184.00;24.33;E0_1_2700m;5.00;182;182;12.47;24.54
3600.00;3900.00;1764.00;23.55;E0_0_2800m;5.00;147;148;10.45;23.64
3600.00;3900.00;2172.00;24.28;E0_1_2800m;5.00;181;181;12.42;24.51
3600.00;3900.00;1740.00;23.49;E0_0_2900m;5.00;145;145;10.29;23.60
3600.00;3900.00;2124.00;24.27;E0_1_2900m;5.00;177;177;12.16;24.51
3600.00;3900.00;1716.00;23.47;E0_0_3000m;5.00;143;143;10.15;23.58
3600.00;3900.00;2076.00;24.18;E0_1_3000m;5.00;173;174;11.97;24.42
3600.00;3900.00;1692.00;23.44;E0_0_3100m;5.00;141;141;10.03;23.54
3600.00;3900.00;2064.00;24.09;E0_1_3100m;5.00;172;171;11.88;24.31
3600.00;3900.00;1704.00;23.44;E0_0_3200m;5.00;142;142;10.09;23.53
3600.00;3900.00;2076.00;24.05;E0_1_3200m;5.00;173;173;11.99;24.25
3600.00;3900.00;1716.00;23.52;E0_0_3300m;5.00;143;143;10.13;23.61
3600.00;3900.00;2076.00;23.95;E0_1_3300m;5.00;173;173;12.04;24.10
3600.00;3900.00;1704.00;23.48;E0_0_3400m;5.00;142;142;10.08;23.55
3600.00;3900.00;2088.00;23.89;E0_1_3400m;5.00;174;174;12.14;24.01
3600.00;3900.00;1728.00;23.44;E0_0_3500m;5.00;144;144;10.24;23.50
3600.00;3900.00;2100.00;23.86;E0_1_3500m;5.00;175;175;12.23;23.94
3600.00;3900.00;1752.00;23.36;E0_0_3600m;5.00;146;146;10.42;23.41
3600.00;3900.00;2124.00;23.88;E0_1_3600m;5.00;177;177;12.35;23.95
3600.00;3900.00;1788.00;23.28;E0_0_3700m;5.00;149;149;10.67;23.33
3600.00;3900.00;2112.00;23.87;E0_1_3700m;5.00;176;176;12.29;23.93
3600.00;3900.00;1788.00;23.24;E0_0_3800m;5.00;149;148;10.65;23.28
3600.00;3900.00;2112.00;23.83;E0_1_3800m;5.00;176;176;12.31;23.88
3600.00;3900.00;1788.00;23.20;E0_0_3900m;5.00;149;149;10.70;23.25
3600.00;3900.00;2100.00;23.82;E0_1_3900m;5.00;175;175;12.25;23.87
3600.00;3900.00;1800.00;23.23;E0_0_4000m;5.00;150;150;10.76;23.28
3600.00;3900.00;2088.00;23.80;E0_1_4000m;5.00;174;174;12.18;23.86
3600.00;3900.00;1776.00;23.26;E0_0_4100m;5.00;148;148;10.60;23.31
3600.00;3900.00;2088.00;23.73;E0_1_4100m;5.00;174;174;12.22;23.78
3600.00;3900.00;1764.00;23.33;E0_0_4200m;5.00;147;148;10.54;23.38
3600.00;3900.00;2088.00;23.66;E0_1_4200m;5.00;174;174;12.25;23.70
3600.00;3900.00;1752.00;23.37;E0_0_4300m;5.00;146;147;10.48;23.42
3600.00;3900.00;2088.00;23.64;E0_1_4300m;5.00;174;174;12.27;23.67
3600.00;3900.00;1740.00;23.42;E0_0_4400m;5.00;145;145;10.32;23.47
3600.00;3900.00;2088.00;23.64;E0_1_4400m;5.00;174;174;12.27;23.68
3600.00;3900.00;1704.00;23.47;E0_0_4500m;5.00;142;142;10.08;23.52
3600.00;3900.00;2052.00;23.67;E0_1_4500m;5.00;171;171;12.04;23.72
3600.00;3900.00;1668.00;23.52;E0_0_4600m;5.00;139;139;9.85;23.58
3600.00;3900.00;2016.00;23.73;E0_1_4600m;5.00;168;168;11.80;23.79
3600.00;3900.00;1656.00;23.62;E0_0_4700m;5.00;138;138;9.74;23.67
3600.00;3900.00;1992.00;23.82;E0_1_4700m;5.00;166;166;11.62;23.89
3600.00;3900.00;1668.00;23.68;E0_0_4800m;5.00;139;139;9.78;23.74
3600.00;3900.00;1968.00;23.75;E0_1_4800m;5.00;164;165;11.53;23.81
3600.00;3900.00;1668.00;23.74;E0_0_4900m;5.00;139;139;9.76;23.79
3600.00;3900.00;1980.00;23.77;E0_1_4900m;5.00;165;164;11.57;23.82
3600.00;3900.00;1668.00;23.77;E0_0_5000m;5.00;139;139;9.75;23.81
3600.00;3900.00;1968.00;23.83;E0_1_5000m;5.00;164;164;11.47;23.88
3900.00;4200.00;0.00;-1.00;E0_0_0m;-1.00;0;0;0.00;-1.00
3900.00;4200.00;0.00;-1.00;E0_1_0m;-1.00;0;0;0.00;-1.00
3900.00;4200.00;1620.00;27.11;E0_0_100m;5.00;135;135;8.30;27.23
3900.00;4200.00;2160.00;28.61;E0_1_100m;5.00;180;180;10.49;28.73
3900.00;4200.00;1692.00;26.95;E0_0_200m;5.00;141;141;8.72;27.08
3900.00;4200.00;2076.00;28.83;E0_1_200m;5.00;173;172;9.97;28.98
3900.00;4200.00;1728.00;26.81;E0_0_300m;5.00;144;144;8.95;26.92
3900.00;4200.00;2040.00;28.66;E0_1_300m;5.00;170;170;9.88;28.83
3900.00;4200.00;1740.00;26.60;E0_0_400m;5.00;145;145;9.08;26.71
3900.00;4200.00;2064.00;28.59;E0_1_400m;5.00;172;172;10.03;28.76
3900.00;4200.00;1728.00;26.46;E0_0_500m;5.00;144;144;9.07;26.57
3900.00;4200.00;2088.00;28.36;E0_1_500m;5.00;174;174;10.23;28.54
3900.00;4200.00;1740.00;26.32;E0_0_600m;5.00;145;144;9.18;26.41
3900.00;4200.00;2100.00;28.21;E0_1_600m;5.00;175;175;10.34;28.39
3900.00;4200.00;1704.00;26.28;E0_0_700m;5.00;142;142;9.01;26.36
3900.00;4200.00;2136.00;28.07;E0_1_700m;5.00;178;178;10.57;28.25
3900.00;4200.00;1692.00;26.11;E0_0_800m;5.00;141;141;9.00;26.19
3900.00;4200.00;2148.00;27.88;E0_1_800m;5.00;179;178;10.65;28.06
3900.00;4200.00;1692.00;25.97;E0_0_900m;5.00;141;141;9.05;26.07
3900.00;4200.00;2136.00;27.70;E0_1_900m;5.00;178;179;10.72;27.92
3900.00;4200.00;1740.00;25.82;E0_0_1000m;5.00;145;145;9.36;25.92
3900.00;4200.00;2148.00;27.45;E0_1_1000m;5.00;179;179;10.87;27.67
3900.00;4200.00;1752.00;25.74;E0_0_1100m;5.00;146;146;9.46;25.84
3900.00;4200.00;2172.00;27.27;E0_1_1100m;5.00;181;181;11.06;27.49
3900.00;4200.00;1788.00;25.68;E0_0_1200m;5.00;149;149;9.67;25.78
3900.00;4200.00;2160.00;27.02;E0_1_1200m;5.00;180;180;11.10;27.23
3900.00;4200.00;1788.00;25.55;E0_0_1300m;5.00;149;149;9.72;25.64
3900.00;4200.00;2160.00;26.72;E0_1_1300m;5.00;180;181;11.26;26.92
3900.00;4200.00;1752.00;25.39;E0_0_1400m;5.00;146;146;9.58;25.48
3900.00;4200.00;2172.00;26.57;E0_1_1400m;5.00;181;181;11.35;26.78
3900.00;4200.00;1764.00;25.39;E0_0_1500m;5.00;147;146;9.61;25.48
3900.00;4200.00;2184.00;26.58;E0_1_1500m;5.00;182;182;11.41;26.80
3900.00;4200.00;1764.00;25.35;E0_0_1600m;5.00;147;147;9.66;25.45
3900.00;4200.00;2184.00;26.50;E0_1_1600m;5.00;182;182;11.45;26.72
3900.00;4200.00;1764.00;25.34;E0_0_1700m;5.00;147;148;9.70;25.44
3900.00;4200.00;2196.00;26.47;E0_1_1700m;5.00;183;183;11.52;26.71
3900.00;4200.00;1776.00;25.48;E0_0_1800m;5.00;148;148;9.68;25.58
3900.00;4200.00;2184.00;26.51;E0_1_1800m;5.00;182;181;11.41;26.75
3900.00;4200.00;1752.00;25.46;E0_0_1900m;5.00;146;146;9.56;25.56
3900.00;4200.00;2196.00;26.50;E0_1_1900m;5.00;183;183;11.51;26.72
3900.00;4200.00;1752.00;25.48;E0_0_2000m;5.00;146;146;9.55;25.57
3900.00;4200.00;2196.00;26.47;E0_1_2000m;5.00;183;183;11.52;26.68
3900.00;4200.00;1776.00;25.44;E0_0_2100m;5.00;148;148;9.70;25.53
3900.00;4200.00;2196.00;26.53;E0_1_2100m;5.00;183;183;11.50;26.73
3900.00;4200.00;1788.00;25.46;E0_0_2200m;5.00;149;148;9.74;25.54
3900.00;4200.00;2184.00;26.63;E0_1_2200m;5.00;182;182;11.39;26.82
3900.00;4200.00;1788.00;25.50;E0_0_2300m;5.00;149;150;9.76;25.59
3900.00;4200.00;2160.00;26.72;E0_1_2300m;5.00;180;180;11.23;26.91
3900.00;4200.00;1800.00;25.50;E0_0_2400m;5.00;150;149;9.79;25.59
3900.00;4200.00;2148.00;26.78;E0_1_2400m;5.00;179;179;11.14;26.95
3900.00;4200.00;1788.00;25.45;E0_0_2500m;5.00;149;148;9.71;25.52
3900.00;4200.00;2160.00;26.79;E0_1_2500m;5.00;180;180;11.20;26.94
3900.00;4200.00;1776.00;25.44;E0_0_2600m;5.00;148;149;9.71;25.51
3900.00;4200.00;2136.00;26.87;E0_1_2600m;5.00;178;178;11.04;27.02
3900.00;4200.00;1788.00;25.44;E0_0_2700m;5.00;149;148;9.70;25.51
3900.00;4200.00;2124.00;26.99;E0_1_2700m;5.00;177;177;10.93;27.13
3900.00;4200.00;1812.00;25.40;E0_0_2800m;5.00;151;150;9.86;25.47
3900.00;4200.00;2112.00;27.08;E0_1_2800m;5.00;176;176;10.83;27.22
3900.00;4200.00;1800.00;25.39;E0_0_2900m;5.00;150;150;9.85;25.46
3900.00;4200.00;2124.00;27.16;E0_1_2900m;5.00;177;177;10.86;27.29
3900.00;4200.00;1836.00;25.40;E0_0_3000m;5.00;153;153;10.04;25.47
3900.00;4200.00;2148.00;27.20;E0_1_3000m;5.00;179;178;10.92;27.32
3900.00;4200.00;1860.00;25.39;E0_0_3100m;5.00;155;155;10.18;25.45
3900.00;4200.00;2184.00;27.23;E0_1_3100m;5.00;182;182;11.14;27.35
3900.00;4200.00;1860.00;25.39;E0_0_3200m;5.00;155;155;10.17;25.46
3900.00;4200.00;2208.00;27.27;E0_1_3200m;5.00;184;184;11.25;27.40
3900.00;4200.00;1884.00;25.43;E0_0_3300m;5.00;157;157;10.29;25.51
3900.00;4200.00;2232.00;27.32;E0_1_3300m;5.00;186;186;11.35;27.46
3900.00;4200.00;1920.00;25.40;E0_0_3400m;5.00;160;160;10.50;25.47
3900.00;4200.00;2208.00;27.35;E0_1_3400m;5.00;184;185;11.25;27.50
3900.00;4200.00;1860.00;25.31;E0_0_3500m;5.00;155;155;10.21;25.37
3900.00;4200.00;2244.00;27.35;E0_1_3500m;5.00;187;187;11.39;27.49
3900.00;4200.00;1836.00;25.26;E0_0_3600m;5.00;153;153;10.09;25.33
3900.00;4200.00;2232.00;27.34;E0_1_3600m;5.00;186;186;11.34;27.47
3900.00;4200.00;1824.00;25.21;E0_0_3700m;5.00;152;152;10.05;25.28
3900.00;4200.00;2232.00;27.25;E0_1_3700m;5.00;186;186;11.37;27.39
3900.00;4200.00;1800.00;25.21;E0_0_3800m;5.00;150;150;9.92;25.27
3900.00;4200.00;2256.00;27.12;E0_1_3800m;5.00;188;188;11.55;27.25
3900.00;4200.00;1812.00;25.14;E0_0_3900m;5.00;151;151;10.01;25.20
3900.00;4200.00;2256.00;26.99;E0_1_3900m;5.00;188;188;11.61;27.12
3900.00;4200.00;1800.00;25.11;E0_0_4000m;5.00;150;150;9.95;25.18
3900.00;4200.00;2268.00;26.84;E0_1_4000m;5.00;189;189;11.74;26.97
3900.00;4200.00;1764.00;25.12;E0_0_4100m;5.00;147;147;9.75;25.19
3900.00;4200.00;2316.00;26.67;E0_1_4100m;5.00;193;193;12.06;26.80
3900.00;4200.00;1776.00;24.99;E0_0_4200m;5.00;148;148;9.87;25.08
3900.00;4200.00;2316.00;26.62;E0_1_4200m;5.00;193;193;12.08;26.74
3900.00;4200.00;1812.00;24.88;E0_0_4300m;5.00;151;150;10.04;24.98
3900.00;4200.00;2292.00;26.54;E0_1_4300m;5.00;191;192;12.03;26.66
3900.00;4200.00;1836.00;24.81;E0_0_4400m;5.00;153;153;10.28;24.92
3900.00;4200.00;2316.00;26.39;E0_1_4400m;5.00;193;193;12.19;26.50
3900.00;4200.00;1872.00;24.70;E0_0_4500m;5.00;156;156;10.53;24.82
3900.00;4200.00;2316.00;26.31;E0_1_4500m;5.00;193;193;12.22;26.44
3900.00;4200.00;1908.00;24.63;E0_0_4600m;5.00;159;159;10.76;24.75
3900.00;4200.00;2340.00;26.24;E0_1_4600m;5.00;195;195;12.38;26.39
3900.00;4200.00;1968.00;24.62;E0_0_4700m;5.00;164;164;11.10;24.75
3900.00;4200.00;2352.00;26.17;E0_1_4700m;5.00;196;196;12.48;26.32
3900.00;4200.00;1992.00;24.52;E0_0_4800m;5.00;166;166;11.29;24.65
3900.00;4200.00;2376.00;26.12;E0_1_4800m;5.00;198;197;12.61;26.26
3900.00;4200.00;1992.00;24.40;E0_0_4900m;5.00;166;166;11.34;24.54
3900.00;4200.00;2376.00;25.86;E0_1_4900m;5.00;198;199;12.81;25.97
3900.00;4200.00;2028.00;24.37;E0_0_5000m;5.00;169;169;11.56;24.50
3900.00;4200.00;2388.00;25.63;E0_1_5000m;5.00;199;199;12.94;25.72
4200.00;4500.00;0.00;-1.00;E0_0_0m;-1.00;0;0;0.00;-1.00
4200.00;4500.00;0.00;-1.00;E0_1_0m;-1.00;0;0;0.00;-1.00
4200.00;4500.00;2028.00;25.48;E0_0_100m;5.00;169;170;11.07;25.60
4200.00;4500.00;2256.00;27.30;E0_1_100m;5.00;188;188;11.48;27.49
4200.00;4500.00;2016.00;25.38;E0_0_200m;5.00;168;168;11.03;25.55
4200.00;4500.00;2280.00;27.53;E0_1_200m;5.00;190;190;11.50;27.72
4200.00;4500.00;2004.00;25.20;E0_0_300m;5.00;167;167;11.04;25.37
4200.00;4500.00;2280.00;27.68;E0_1_300m;5.00;190;190;11.44;27.86
4200.00;4500.00;1980.00;25.25;E0_0_400m;5.00;165;166;10.92;25.41
4200.00;4500.00;2280.00;27.47;E0_1_400m;5.00;190;190;11.53;27.64
4200.00;4500.00;1956.00;25.34;E0_0_500m;5.00;163;163;10.72;25.48
4200.00;4500.00;2280.00;27.32;E0_1_500m;5.00;190;190;11.59;27.48
4200.00;4500.00;1920.00;25.43;E0_0_600m;5.00;160;160;10.49;25.55
4200.00;4500.00;2292.00;27.24;E0_1_600m;5.00;191;191;11.69;27.42
4200.00;4500.00;1884.00;25.52;E0_0_700m;5.00;157;157;10.25;25.62
4200.00;4500.00;2316.00;27.10;E0_1_700m;5.00;193;193;11.87;27.28
4200.00;4500.00;1896.00;25.56;E0_0_800m;5.00;158;158;10.30;25.65
4200.00;4500.00;2316.00;27.05;E0_1_800m;5.00;193;193;11.89;27.24
4200.00;4500.00;1932.00;25.46;E0_0_900m;5.00;161;161;10.54;25.57
4200.00;4500.00;2316.00;26.94;E0_1_900m;5.00;193;192;11.93;27.12
4200.00;4500.00;1920.00;25.46;E0_0_1000m;5.00;160;160;10.47;25.55
4200.00;4500.00;2304.00;26.79;E0_1_1000m;5.00;192;192;11.95;26.97
4200.00;4500.00;1932.00;25.42;E0_0_1100m;5.00;161;161;10.56;25.50
4200.00;4500.00;2280.00;26.68;E0_1_1100m;5.00;190;190;11.87;26.86
4200.00;4500.00;1872.00;25.33;E0_0_1200m;5.00;156;156;10.26;25.42
4200.00;4500.00;2316.00;26.68;E0_1_1200m;5.00;193;193;12.05;26.87
4200.00;4500.00;1884.00;25.25;E0_0_1300m;5.00;157;157;10.36;25.34
4200.00;4500.00;2316.00;26.71;E0_1_1300m;5.00;193;192;12.01;26.92
4200.00;4500.00;1908.00;25.30;E0_0_1400m;5.00;159;160;10.54;25.40
4200.00;4500.00;2292.00;26.75;E0_1_1400m;5.00;191;191;11.90;27.03
4200.00;4500.00;1884.00;25.30;E0_0_1500m;5.00;157;157;10.34;25.41
4200.00;4500.00;2256.00;26.48;E0_1_1500m;5.00;188;188;11.83;26.71
4200.00;4500.00;1836.00;25.23;E0_0_1600m;5.00;153;153;10.11;25.35
4200.00;4500.00;2280.00;26.37;E0_1_1600m;5.00;190;190;12.01;26.61
4200.00;4500.00;1824.00;25.10;E0_0_1700m;5.00;152;152;10.09;25.24
4200.00;4500.00;2280.00;26.26;E0_1_1700m;5.00;190;190;12.06;26.51
4200.00;4500.00;1848.00;25.02;E0_0_1800m;5.00;154;155;10.32;25.14
4200.00;4500.00;2280.00;26.17;E0_1_1800m;5.00;190;190;12.10;26.44
4200.00;4500.00;1872.00;24.96;E0_0_1900m;5.00;156;157;10.44;25.09
4200.00;4500.00;2256.00;26.02;E0_1_1900m;5.00;188;188;12.04;26.27
4200.00;4500.00;1836.00;24.88;E0_0_2000m;5.00;153;154;10.28;25.00
4200.00;4500.00;2280.00;25.93;E0_1_2000m;5.00;190;190;12.21;26.18
4200.00;4500.00;1836.00;24.82;E0_0_2100m;5.00;153;153;10.27;24.94
4200.00;4500.00;2280.00;25.90;E0_1_2100m;5.00;190;190;12.23;26.15
4200.00;4500.00;1812.00;24.91;E0_0_2200m;5.00;151;151;10.10;25.02
4200.00;4500.00;2292.00;25.96;E0_1_2200m;5.00;191;191;12.26;26.21
4200.00;4500.00;1836.00;24.90;E0_0_2300m;5.00;153;152;10.22;25.01
4200.00;4500.00;2292.00;26.03;E0_1_2300m;5.00;191;191;12.23;26.30
4200.00;4500.00;1848.00;24.76;E0_0_2400m;5.00;154;154;10.37;24.88
4200.00;4500.00;2268.00;26.07;E0_1_2400m;5.00;189;190;12.14;26.35
4200.00;4500.00;1872.00;24.78;E0_0_2500m;5.00;156;156;10.49;24.89
4200.00;4500.00;2256.00;25.97;E0_1_2500m;5.00;188;188;12.07;26.24
4200.00;4500.00;1884.00;24.77;E0_0_2600m;5.00;157;156;10.55;24.89
4200.00;4500.00;2244.00;25.80;E0_1_2600m;5.00;187;187;12.08;26.04
4200.00;4500.00;1872.00;24.71;E0_0_2700m;5.00;156;156;10.52;24.81
4200.00;4500.00;2256.00;25.73;E0_1_2700m;5.00;188;188;12.18;25.99
4200.00;4500.00;1848.00;24.64;E0_0_2800m;5.00;154;155;10.46;24.73
4200.00;4500.00;2256.00;25.69;E0_1_2800m;5.00;188;188;12.20;25.96
4200.00;4500.00;1836.00;24.58;E0_0_2900m;5.00;153;154;10.38;24.67
4200.00;4500.00;2256.00;25.66;E0_1_2900m;5.00;188;189;12.22;25.91
4200.00;4500.00;1788.00;24.56;E0_0_3000m;5.00;149;150;10.13;24.65
4200.00;4500.00;2244.00;25.69;E0_1_3000m;5.00;187;187;12.13;25.95
4200.00;4500.00;1812.00;24.46;E0_0_3100m;5.00;151;151;10.29;24.54
4200.00;4500.00;2160.00;25.58;E0_1_3100m;5.00;180;180;11.73;25.84
4200.00;4500.00;1752.00;24.31;E0_0_3200m;5.00;146;146;10.01;24.38
4200.00;4500.00;2148.00;25.44;E0_1_3200m;5.00;179;179;11.73;25.66
4200.00;4500.00;1752.00;24.24;E0_0_3300m;5.00;146;146;10.04;24.30
4200.00;4500.00;2088.00;25.33;E0_1_3300m;5.00;174;174;11.45;25.55
4200.00;4500.00;1740.00;24.15;E0_0_3400m;5.00;145;146;10.02;24.21
4200.00;4500.00;2052.00;25.26;E0_1_3400m;5.00;171;170;11.25;25.50
4200.00;4500.00;1764.00;24.10;E0_0_3500m;5.00;147;147;10.17;24.17
4200.00;4500.00;2028.00;25.27;E0_1_3500m;5.00;169;169;11.14;25.53
4200.00;4500.00;1752.00;24.09;E0_0_3600m;5.00;146;146;10.10;24.16
4200.00;4500.00;2028.00;25.26;E0_1_3600m;5.00;169;169;11.15;25.51
4200.00;4500.00;1764.00;24.05;E0_0_3700m;5.00;147;147;10.19;24.12
4200.00;4500.00;2064.00;25.20;E0_1_3700m;5.00;172;172;11.38;25.43
4200.00;4500.00;1800.00;24.01;E0_0_3800m;5.00;150;150;10.41;24.07
4200.00;4500.00;2100.00;25.13;E0_1_3800m;5.00;175;175;11.61;25.34
4200.00;4500.00;1812.00;23.92;E0_0_3900m;5.00;151;151;10.52;23.99
4200.00;4500.00;2148.00;25.07;E0_1_3900m;5.00;179;179;11.90;25.27
4200.00;4500.00;1848.00;23.92;E0_0_4000m;5.00;154;154;10.73;24.00
4200.00;4500.00;2184.00;24.91;E0_1_4000m;5.00;182;182;12.18;25.08
4200.00;4500.00;1884.00;23.98;E0_0_4100m;5.00;157;157;10.91;24.05
4200.00;4500.00;2196.00;24.73;E0_1_4100m;5.00;183;184;12.34;24.86
4200.00;4500.00;1896.00;23.98;E0_0_4200m;5.00;158;157;10.95;24.03
4200.00;4500.00;2208.00;24.62;E0_1_4200m;5.00;184;185;12.47;24.73
4200.00;4500.00;1896.00;23.81;E0_0_4300m;5.00;158;158;11.06;23.86
4200.00;4500.00;2244.00;24.60;E0_1_4300m;5.00;187;186;12.64;24.71
4200.00;4500.00;1944.00;23.70;E0_0_4400m;5.00;162;162;11.39;23.75
4200.00;4500.00;2220.00;24.66;E0_1_4400m;5.00;185;186;12.53;24.78
4200.00;4500.00;1956.00;23.78;E0_0_4500m;5.00;163;163;11.42;23.82
4200.00;4500.00;2220.00;24.61;E0_1_4500m;5.00;185;185;12.53;24.74
4200.00;4500.00;1932.00;23.81;E0_0_4600m;5.00;161;162;11.28;23.87
4200.00;4500.00;2184.00;24.56;E0_1_4600m;5.00;182;182;12.35;24.68
4200.00;4500.00;1896.00;23.82;E0_0_4700m;5.00;158;159;11.08;23.87
4200.00;4500.00;2160.00;24.59;E0_1_4700m;5.00;180;180;12.20;24.72
4200.00;4500.00;1872.00;23.86;E0_0_4800m;5.00;156;157;10.94;23.91
4200.00;4500.00;2136.00;24.66;E0_1_4800m;5.00;178;178;12.03;24.80
4200.00;4500.00;1860.00;23.97;E0_0_4900m;5.00;155;155;10.78;24.02
4200.00;4500.00;2136.00;24.90;E0_1_4900m;5.00;178;177;11.87;25.06
4200.00;4500.00;1848.00;24.14;E0_0_5000m;5.00;154;154;10.63;24.19
4200.00;4500.00;2112.00;25.12;E0_1_5000m;5.00;176;176;11.68;25.30
4500.00;4800.00;0.00;-1.00;E0_0_0m;-1.00;0;0;0.00;-1.00
4500.00;4800.00;0.00;-1.00;E0_1_0m;-1.00;0;0;0.00;-1.00
4500.00;4800.00;1680.00;25.53;E0_0_100m;5.00;140;140;9.14;25.66
4500.00;4800.00;2244.00;26.40;E0_1_100m;5.00;187;187;11.80;26.57
4500.00;4800.00;1740.00;25.66;E0_0_200m;5.00;145;145;9.42;25.80
4500.00;4800.00;2172.00;26.72;E0_1_200m;5.00;181;181;11.29;26.89
4500.00;4800.00;1740.00;25.45;E0_0_300m;5.00;145;145;9.49;25.58
4500.00;4800.00;2232.00;26.61;E0_1_300m;5.00;186;186;11.65;26.76
4500.00;4800.00;1776.00;25.08;E0_0_400m;5.00;148;147;9.80;25.22
4500.00;4800.00;2220.00;26.39;E0_1_400m;5.00;185;185;11.69;26.52
4500.00;4800.00;1788.00;24.70;E0_0_500m;5.00;149;150;10.06;24.85
4500.00;4800.00;2244.00;26.05;E0_1_500m;5.00;187;187;11.97;26.19
4500.00;4800.00;1836.00;24.33;E0_0_600m;5.00;153;153;10.48;24.49
4500.00;4800.00;2220.00;25.96;E0_1_600m;5.00;185;185;11.88;26.08
4500.00;4800.00;1860.00;24.05;E0_0_700m;5.00;155;155;10.74;24.21
4500.00;4800.00;2184.00;25.89;E0_1_700m;5.00;182;182;11.72;26.00
4500.00;4800.00;1800.00;24.03;E0_0_800m;5.00;150;150;10.40;24.19
4500.00;4800.00;2208.00;25.90;E0_1_800m;5.00;184;184;11.84;26.02
4500.00;4800.00;1752.00;24.00;E0_0_900m;5.00;146;147;10.17;24.15
4500.00;4800.00;2220.00;26.05;E0_1_900m;5.00;185;185;11.84;26.18
4500.00;4800.00;1764.00;24.01;E0_0_1000m;5.00;147;147;10.20;24.16
4500.00;4800.00;2208.00;26.07;E0_1_1000m;5.00;184;184;11.76;26.21
4500.00;4800.00;1752.00;23.97;E0_0_1100m;5.00;146;146;10.15;24.12
4500.00;4800.00;2244.00;25.97;E0_1_1100m;5.00;187;187;12.00;26.08
4500.00;4800.00;1752.00;24.03;E0_0_1200m;5.00;146;146;10.13;24.17
4500.00;4800.00;2244.00;25.81;E0_1_1200m;5.00;187;187;12.08;25.90
4500.00;4800.00;1752.00;24.03;E0_0_1300m;5.00;146;146;10.12;24.19
4500.00;4800.00;2220.00;25.87;E0_1_1300m;5.00;185;185;11.92;25.96
4500.00;4800.00;1752.00;23.96;E0_0_1400m;5.00;146;146;10.16;24.11
4500.00;4800.00;2268.00;25.91;E0_1_1400m;5.00;189;189;12.16;26.01
4500.00;4800.00;1776.00;23.80;E0_0_1500m;5.00;148;148;10.36;23.95
4500.00;4800.00;2316.00;25.92;E0_1_1500m;5.00;193;193;12.41;26.03
4500.00;4800.00;1824.00;23.76;E0_0_1600m;5.00;152;152;10.66;23.91
4500.00;4800.00;2292.00;25.92;E0_1_1600m;5.00;191;191;12.28;26.03
4500.00;4800.00;1824.00;23.79;E0_0_1700m;5.00;152;152;10.65;23.90
4500.00;4800.00;2292.00;25.90;E0_1_1700m;5.00;191;191;12.29;26.00
4500.00;4800.00;1788.00;23.65;E0_0_1800m;5.00;149;149;10.50;23.76
4500.00;4800.00;2316.00;25.65;E0_1_1800m;5.00;193;193;12.54;25.73
4500.00;4800.00;1764.00;23.50;E0_0_1900m;5.00;147;146;10.40;23.62
4500.00;4800.00;2328.00;25.47;E0_1_1900m;5.00;194;194;12.70;25.54
4500.00;4800.00;1752.00;23.47;E0_0_2000m;5.00;146;145;10.33;23.60
4500.00;4800.00;2340.00;25.36;E0_1_2000m;5.00;195;195;12.82;25.43
4500.00;4800.00;1752.00;23.55;E0_0_2100m;5.00;146;146;10.33;23.66
4500.00;4800.00;2340.00;25.37;E0_1_2100m;5.00;195;195;12.81;25.46
4500.00;4800.00;1764.00;23.59;E0_0_2200m;5.00;147;147;10.38;23.68
4500.00;4800.00;2340.00;25.53;E0_1_2200m;5.00;195;195;12.73;25.65
4500.00;4800.00;1788.00;23.55;E0_0_2300m;5.00;149;150;10.59;23.63
4500.00;4800.00;2304.00;25.62;E0_1_2300m;5.00;192;192;12.49;25.76
4500.00;4800.00;1836.00;23.52;E0_0_2400m;5.00;153;153;10.84;23.61
4500.00;4800.00;2328.00;25.54;E0_1_2400m;5.00;194;194;12.61;25.69
4500.00;4800.00;1872.00;23.52;E0_0_2500m;5.00;156;156;11.06;23.64
4500.00;4800.00;2304.00;25.40;E0_1_2500m;5.00;192;192;12.60;25.55
4500.00;4800.00;1896.00;23.33;E0_0_2600m;5.00;158;158;11.29;23.46
4500.00;4800.00;2304.00;25.18;E0_1_2600m;5.00;192;192;12.71;25.31
4500.00;4800.00;1932.00;23.13;E0_0_2700m;5.00;161;161;11.60;23.27
4500.00;4800.00;2292.00;24.97;E0_1_2700m;5.00;191;191;12.75;25.09
4500.00;4800.00;1944.00;22.98;E0_0_2800m;5.00;162;161;11.70;23.11
4500.00;4800.00;2292.00;24.76;E0_1_2800m;5.00;191;191;12.86;24.88
4500.00;4800.00;1932.00;22.78;E0_0_2900m;5.00;161;160;11.77;22.92
4500.00;4800.00;2316.00;24.55;E0_1_2900m;5.00;193;192;13.10;24.65
4500.00;4800.00;1944.00;22.63;E0_0_3000m;5.00;162;162;11.93;22.76
4500.00;4800.00;2304.00;24.39;E0_1_3000m;5.00;192;192;13.12;24.49
4500.00;4800.00;1920.00;22.51;E0_0_3100m;5.00;160;161;11.86;22.64
4500.00;4800.00;2316.00;24.31;E0_1_3100m;5.00;193;193;13.23;24.42
4500.00;4800.00;1944.00;22.47;E0_0_3200m;5.00;162;162;12.02;22.59
4500.00;4800.00;2340.00;24.27;E0_1_3200m;5.00;195;195;13.39;24.37
4500.00;4800.00;1968.00;22.52;E0_0_3300m;5.00;164;164;12.14;22.63
4500.00;4800.00;2364.00;24.23;E0_1_3300m;5.00;197;197;13.55;24.33
4500.00;4800.00;1992.00;22.44;E0_0_3400m;5.00;166;165;12.31;22.55
4500.00;4800.00;2388.00;24.16;E0_1_3400m;5.00;199;199;13.73;24.24
4500.00;4800.00;1980.00;22.43;E0_0_3500m;5.00;165;165;12.26;22.53
4500.00;4800.00;2388.00;24.12;E0_1_3500m;5.00;199;199;13.75;24.20
4500.00;4800.00;1992.00;22.39;E0_0_3600m;5.00;166;166;12.35;22.48
4500.00;4800.00;2400.00;24.15;E0_1_3600m;5.00;200;200;13.80;24.24
4500.00;4800.00;1956.00;22.45;E0_0_3700m;5.00;163;163;12.10;22.53
4500.00;4800.00;2376.00;24.16;E0_1_3700m;5.00;198;198;13.66;24.26
4500.00;4800.00;1932.00;22.45;E0_0_3800m;5.00;161;161;11.95;22.51
4500.00;4800.00;2340.00;24.05;E0_1_3800m;5.00;195;196;13.56;24.13
4500.00;4800.00;1896.00;22.46;E0_0_3900m;5.00;158;158;11.73;22.50
4500.00;4800.00;2316.00;24.01;E0_1_3900m;5.00;193;193;13.40;24.09
4500.00;4800.00;1860.00;22.62;E0_0_4000m;5.00;155;157;11.50;22.67
4500.00;4800.00;2280.00;24.07;E0_1_4000m;5.00;190;191;13.21;24.17
4500.00;4800.00;1836.00;22.69;E0_0_4100m;5.00;153;154;11.31;22.72
4500.00;4800.00;2244.00;24.08;E0_1_4100m;5.00;187;187;12.94;24.19
4500.00;4800.00;1812.00;22.70;E0_0_4200m;5.00;151;151;11.09;22.73
4500.00;4800.00;2244.00;24.15;E0_1_4200m;5.00;187;186;12.89;24.28
4500.00;4800.00;1788.00;22.71;E0_0_4300m;5.00;149;149;10.93;22.76
4500.00;4800.00;2220.00;24.24;E0_1_4300m;5.00;185;186;12.74;24.40
4500.00;4800.00;1728.00;22.67;E0_0_4400m;5.00;144;144;10.59;22.74
4500.00;4800.00;2208.00;24.35;E0_1_4400m;5.00;184;185;12.66;24.52
4500.00;4800.00;1692.00;22.71;E0_0_4500m;5.00;141;142;10.39;22.79
4500.00;4800.00;2184.00;24.42;E0_1_4500m;5.00;182;183;12.46;24.60
4500.00;4800.00;1704.00;22.69;E0_0_4600m;5.00;142;141;10.41;22.78
4500.00;4800.00;2172.00;24.48;E0_1_4600m;5.00;181;182;12.35;24.67
4500.00;4800.00;1704.00;22.69;E0_0_4700m;5.00;142;141;10.41;22.78
4500.00;4800.00;2184.00;24.57;E0_1_4700m;5.00;182;182;12.35;24.76
4500.00;4800.00;1704.00;22.80;E0_0_4800m;5.00;142;142;10.37;22.89
4500.00;4800.00;2184.00;24.70;E0_1_4800m;5.00;182;182;12.28;24.91
4500.00;4800.00;1704.00;22.99;E0_0_4900m;5.00;142;142;10.29;23.09
4500.00;4800.00;2172.00;24.80;E0_1_4900m;5.00;181;181;12.16;25.05
4500.00;4800.00;1704.00;23.10;E0_0_5000m;5.00;142;143;10.29;23.21
4500.00;4800.00;2148.00;24.98;E0_1_5000m;5.00;179;179;11.94;25.24
4800.00;5100.00;0.00;-1.00;E0_0_0m;-1.00;0;0;0.00;-1.00
4800.00;5100.00;0.00;-1.00;E0_1_0m;-1.00;0;0;0.00;-1.00
4800.00;5100.00;1884.00;25.62;E0_0_100m;5.00;157;158;10.25;25.78
4800.00;5100.00;2280.00;27.01;E0_1_100m;5.00;190;190;11.73;27.13
4800.00;5100.00;1932.00;25.74;E0_0_200m;5.00;161;161;10.43;25.89
4800.00;5100.00;2268.00;27.28;E0_1_200m;5.00;189;189;11.55;27.42
4800.00;5100.00;1920.00;25.71;E0_0_300m;5.00;160;160;10.37;25.84
4800.00;5100.00;2280.00;27.28;E0_1_300m;5.00;190;190;11.61;27.41
4800.00;5100.00;1908.00;25.67;E0_0_400m;5.00;159;159;10.32;25.78
4800.00;5100.00;2268.00;27.31;E0_1_400m;5.00;189;189;11.53;27.44
4800.00;5100.00;1920.00;25.59;E0_0_500m;5.00;160;160;10.42;25.70
4800.00;5100.00;2244.00;27.26;E0_1_500m;5.00;187;187;11.43;27.40
4800.00;5100.00;1932.00;25.40;E0_0_600m;5.00;161;161;10.56;25.51
4800.00;5100.00;2244.00;27.06;E0_1_600m;5.00;187;187;11.52;27.20
4800.00;5100.00;1920.00;25.10;E0_0_700m;5.00;160;160;10.63;25.19
4800.00;5100.00;2280.00;26.83;E0_1_700m;5.00;190;190;11.80;26.98
4800.00;5100.00;1980.00;24.71;E0_0_800m;5.00;165;165;11.13;24.82
4800.00;5100.00;2280.00;26.56;E0_1_800m;5.00;190;191;11.92;26.73
4800.00;5100.00;1992.00;24.62;E0_0_900m;5.00;166;165;11.20;24.73
4800.00;5100.00;2280.00;26.30;E0_1_900m;5.00;190;190;12.04;26.47
4800.00;5100.00;1968.00;24.69;E0_0_1000m;5.00;164;165;11.10;24.79
4800.00;5100.00;2304.00;26.08;E0_1_1000m;5.00;192;192;12.27;26.24
4800.00;5100.00;1956.00;24.82;E0_0_1100m;5.00;163;164;10.97;24.90
4800.00;5100.00;2304.00;25.83;E0_1_1100m;5.00;192;192;12.39;25.95
4800.00;5100.00;1968.00;24.81;E0_0_1200m;5.00;164;164;11.02;24.88
4800.00;5100.00;2316.00;25.67;E0_1_1200m;5.00;193;193;12.53;25.77
4800.00;5100.00;1956.00;24.71;E0_0_1300m;5.00;163;163;10.99;24.79
4800.00;5100.00;2340.00;25.60;E0_1_1300m;5.00;195;195;12.70;25.69
4800.00;5100.00;1944.00;24.61;E0_0_1400m;5.00;162;162;10.97;24.72
4800.00;5100.00;2280.00;25.63;E0_1_1400m;5.00;190;191;12.36;25.74
4800.00;5100.00;1908.00;24.64;E0_0_1500m;5.00;159;159;10.76;24.72
4800.00;5100.00;2256.00;25.68;E0_1_1500m;5.00;188;188;12.20;25.82
4800.00;5100.00;1872.00;24.59;E0_0_1600m;5.00;156;156;10.57;24.66
4800.00;5100.00;2256.00;25.70;E0_1_1600m;5.00;188;188;12.19;25.84
4800.00;5100.00;1872.00;24.64;E0_0_1700m;5.00;156;156;10.55;24.70
4800.00;5100.00;2268.00;25.62;E0_1_1700m;5.00;189;189;12.29;25.76
4800.00;5100.00;1836.00;24.49;E0_0_1800m;5.00;153;153;10.41;24.55
4800.00;5100.00;2280.00;25.52;E0_1_1800m;5.00;190;190;12.41;25.63
4800.00;5100.00;1836.00;24.33;E0_0_1900m;5.00;153;153;10.48;24.37
4800.00;5100.00;2280.00;25.35;E0_1_1900m;5.00;190;190;12.49;25.46
4800.00;5100.00;1872.00;24.11;E0_0_2000m;5.00;156;156;10.79;24.14
4800.00;5100.00;2244.00;25.07;E0_1_2000m;5.00;187;187;12.43;25.15
4800.00;5100.00;1884.00;23.99;E0_0_2100m;5.00;157;157;10.91;24.03
4800.00;5100.00;2220.00;24.81;E0_1_2100m;5.00;185;185;12.43;24.88
4800.00;5100.00;1848.00;24.01;E0_0_2200m;5.00;154;154;10.69;24.03
4800.00;5100.00;2256.00;24.63;E0_1_2200m;5.00;188;188;12.72;24.69
4800.00;5100.00;1848.00;23.95;E0_0_2300m;5.00;154;153;10.68;23.97
4800.00;5100.00;2256.00;24.53;E0_1_2300m;5.00;188;188;12.78;24.59
4800.00;5100.00;1824.00;23.87;E0_0_2400m;5.00;152;152;10.61;23.89
4800.00;5100.00;2232.00;24.47;E0_1_2400m;5.00;186;186;12.67;24.52
4800.00;5100.00;1800.00;23.81;E0_0_2500m;5.00;150;150;10.50;23.84
4800.00;5100.00;2232.00;24.45;E0_1_2500m;5.00;186;186;12.68;24.50
4800.00;5100.00;1788.00;23.77;E0_0_2600m;5.00;149;149;10.45;23.79
4800.00;5100.00;2208.00;24.45;E0_1_2600m;5.00;184;185;12.59;24.51
4800.00;5100.00;1764.00;23.73;E0_0_2700m;5.00;147;147;10.33;23.75
4800.00;5100.00;2208.00;24.40;E0_1_2700m;5.00;184;185;12.63;24.45
4800.00;5100.00;1788.00;23.74;E0_0_2800m;5.00;149;149;10.46;23.76
4800.00;5100.00;2172.00;24.37;E0_1_2800m;5.00;181;182;12.44;24.42
4800.00;5100.00;1776.00;23.71;E0_0_2900m;5.00;148;148;10.40;23.73
4800.00;5100.00;2184.00;24.32;E0_1_2900m;5.00;182;183;12.48;24.37
4800.00;5100.00;1776.00;23.67;E0_0_3000m;5.00;148;147;10.40;23.70
4800.00;5100.00;2208.00;24.35;E0_1_3000m;5.00;184;184;12.60;24.39
4800.00;5100.00;1776.00;23.69;E0_0_3100m;5.00;148;147;10.39;23.72
4800.00;5100.00;2196.00;24.45;E0_1_3100m;5.00;183;184;12.52;24.50
4800.00;5100.00;1752.00;23.74;E0_0_3200m;5.00;146;146;10.25;23.76
4800.00;5100.00;2172.00;24.57;E0_1_3200m;5.00;181;181;12.28;24.64
4800.00;5100.00;1728.00;23.71;E0_0_3300m;5.00;144;144;10.12;23.73
4800.00;5100.00;2136.00;24.73;E0_1_3300m;5.00;178;179;12.00;24.81
4800.00;5100.00;1692.00;23.62;E0_0_3400m;5.00;141;141;9.95;23.65
4800.00;5100.00;2136.00;24.87;E0_1_3400m;5.00;178;179;11.94;24.97
4800.00;5100.00;1716.00;23.61;E0_0_3500m;5.00;143;143;10.10;23.64
4800.00;5100.00;2112.00;24.88;E0_1_3500m;5.00;176;176;11.79;24.95
4800.00;5100.00;1716.00;23.52;E0_0_3600m;5.00;143;143;10.13;23.55
4800.00;5100.00;2100.00;24.81;E0_1_3600m;5.00;175;175;11.76;24.88
4800.00;5100.00;1728.00;23.54;E0_0_3700m;5.00;144;144;10.20;23.57
4800.00;5100.00;2088.00;24.72;E0_1_3700m;5.00;174;174;11.73;24.80
4800.00;5100.00;1752.00;23.61;E0_0_3800m;5.00;146;146;10.31;23.64
4800.00;5100.00;2100.00;24.60;E0_1_3800m;5.00;175;174;11.81;24.69
4800.00;5100.00;1788.00;23.60;E0_0_3900m;5.00;149;149;10.52;23.63
4800.00;5100.00;2124.00;24.48;E0_1_3900m;5.00;177;177;12.05;24.56
4800.00;5100.00;1812.00;23.49;E0_0_4000m;5.00;151;150;10.68;23.52
4800.00;5100.00;2160.00;24.38;E0_1_4000m;5.00;180;180;12.30;24.46
4800.00;5100.00;1848.00;23.40;E0_0_4100m;5.00;154;153;10.89;23.43
4800.00;5100.00;2196.00;24.33;E0_1_4100m;5.00;183;183;12.54;24.41
4800.00;5100.00;1860.00;23.40;E0_0_4200m;5.00;155;155;11.04;23.41
4800.00;5100.00;2220.00;24.32;E0_1_4200m;5.00;185;185;12.68;24.40
4800.00;5100.00;1860.00;23.32;E0_0_4300m;5.00;155;155;11.08;23.34
4800.00;5100.00;2220.00;24.32;E0_1_4300m;5.00;185;184;12.66;24.40
4800.00;5100.00;1848.00;23.24;E0_0_4400m;5.00;154;154;11.05;23.26
4800.00;5100.00;2232.00;24.35;E0_1_4400m;5.00;186;185;12.67;24.43
4800.00;5100.00;1848.00;23.14;E0_0_4500m;5.00;154;154;11.08;23.17
4800.00;5100.00;2232.00;24.38;E0_1_4500m;5.00;186;185;12.67;24.47
4800.00;5100.00;1860.00;23.09;E0_0_4600m;5.00;155;155;11.19;23.11
4800.00;5100.00;2220.00;24.43;E0_1_4600m;5.00;185;185;12.63;24.52
4800.00;5100.00;1860.00;23.08;E0_0_4700m;5.00;155;155;11.19;23.10
4800.00;5100.00;2208.00;24.42;E0_1_4700m;5.00;184;184;12.56;24.51
4800.00;5100.00;1848.00;23.03;E0_0_4800m;5.00;154;154;11.14;23.06
4800.00;5100.00;2220.00;24.40;E0_1_4800m;5.00;185;185;12.64;24.48
4800.00;5100.00;1848.00;23.04;E0_0_4900m;5.00;154;154;11.14;23.07
4800.00;5100.00;2220.00;24.45;E0_1_4900m;5.00;185;186;12.65;24.54
4800.00;5100.00;1884.00;23.05;E0_0_5000m;5.00;157;156;11.31;23.09
4800.00;5100.00;2208.00;24.53;E0_1_5000m;5.00;184;185;12.53;24.62
5100.00;5400.00;0.00;-1.00;E0_0_0m;-1.00;0;0;0.00;-1.00
5100.00;5400.00;0.00;-1.00;E0_1_0m;-1.00;0;0;0.00;-1.00
5100.00;5400.00;1404.00;27.32;E0_0_100m;5.00;117;116;7.10;27.51
5100.00;5400.00;1872.00;28.61;E0_1_100m;5.00;156;156;9.09;28.77
5100.00;5400.00;1512.00;27.21;E0_0_200m;5.00;126;127;7.72;27.40
5100.00;5400.00;1764.00;29.35;E0_1_200m;5.00;147;147;8.35;29.57
5100.00;5400.00;1488.00;27.15;E0_0_300m;5.00;124;124;7.61;27.32
5100.00;5400.00;1728.00;29.75;E0_1_300m;5.00;144;145;8.10;29.95
5100.00;5400.00;1452.00;27.15;E0_0_400m;5.00;121;121;7.43;27.29
5100.00;5400.00;1776.00;29.66;E0_1_400m;5.00;148;148;8.32;29.85
5100.00;5400.00;1416.00;27.05;E0_0_500m;5.00;118;118;7.27;27.18
5100.00;5400.00;1812.00;29.56;E0_1_500m;5.00;151;151;8.51;29.75
5100.00;5400.00;1404.00;27.02;E0_0_600m;5.00;117;117;7.22;27.18
5100.00;5400.00;1824.00;29.40;E0_1_600m;5.00;152;154;8.68;29.57
5100.00;5400.00;1404.00;26.83;E0_0_700m;5.00;117;117;7.27;26.96
5100.00;5400.00;1836.00;29.27;E0_1_700m;5.00;153;153;8.71;29.41
5100.00;5400.00;1368.00;26.71;E0_0_800m;5.00;114;115;7.16;26.83
5100.00;5400.00;1836.00;29.22;E0_1_800m;5.00;153;153;8.73;29.36
5100.00;5400.00;1380.00;26.63;E0_0_900m;5.00;115;115;7.20;26.75
5100.00;5400.00;1836.00;29.17;E0_1_900m;5.00;153;153;8.74;29.31
5100.00;5400.00;1392.00;26.68;E0_0_1000m;5.00;116;115;7.22;26.80
5100.00;5400.00;1836.00;29.25;E0_1_1000m;5.00;153;153;8.72;29.38
5100.00;5400.00;1392.00;26.78;E0_0_1100m;5.00;116;115;7.19;26.89
5100.00;5400.00;1848.00;29.35;E0_1_1100m;5.00;154;154;8.74;29.49
5100.00;5400.00;1452.00;26.63;E0_0_1200m;5.00;121;121;7.57;26.78
5100.00;5400.00;1812.00;29.44;E0_1_1200m;5.00;151;153;8.61;29.57
5100.00;5400.00;1428.00;26.51;E0_0_1300m;5.00;119;119;7.48;26.61
5100.00;5400.00;1836.00;29.26;E0_1_1300m;5.00;153;153;8.72;29.39
5100.00;5400.00;1428.00;26.25;E0_0_1400m;5.00;119;120;7.57;26.35
5100.00;5400.00;1896.00;29.00;E0_1_1400m;5.00;158;158;9.08;29.15
5100.00;5400.00;1428.00;26.00;E0_0_1500m;5.00;119;119;7.63;26.11
5100.00;5400.00;1932.00;28.80;E0_1_1500m;5.00;161;162;9.36;28.94
5100.00;5400.00;1428.00;25.83;E0_0_1600m;5.00;119;119;7.68;25.92
5100.00;5400.00;1956.00;28.50;E0_1_1600m;5.00;163;163;9.53;28.64
5100.00;5400.00;1416.00;25.78;E0_0_1700m;5.00;118;118;7.63;25.87
5100.00;5400.00;1980.00;28.22;E0_1_1700m;5.00;165;166;9.75;28.37
5100.00;5400.00;1452.00;25.85;E0_0_1800m;5.00;121;121;7.80;25.92
5100.00;5400.00;1956.00;28.03;E0_1_1800m;5.00;163;163;9.69;28.20
5100.00;5400.00;1464.00;25.73;E0_0_1900m;5.00;122;122;7.90;25.81
5100.00;5400.00;1992.00;27.94;E0_1_1900m;5.00;166;166;9.90;28.11
5100.00;5400.00;1500.00;25.59;E0_0_2000m;5.00;125;125;8.14;25.69
5100.00;5400.00;1980.00;28.01;E0_1_2000m;5.00;165;166;9.84;28.17
5100.00;5400.00;1512.00;25.66;E0_0_2100m;5.00;126;127;8.19;25.74
5100.00;5400.00;1956.00;28.11;E0_1_2100m;5.00;163;163;9.66;28.28
5100.00;5400.00;1512.00;25.61;E0_0_2200m;5.00;126;126;8.20;25.69
5100.00;5400.00;1956.00;27.97;E0_1_2200m;5.00;163;163;9.71;28.14
5100.00;5400.00;1512.00;25.61;E0_0_2300m;5.00;126;126;8.20;25.69
5100.00;5400.00;1956.00;27.77;E0_1_2300m;5.00;163;163;9.78;27.95
5100.00;5400.00;1500.00;25.53;E0_0_2400m;5.00;125;125;8.16;25.61
5100.00;5400.00;1980.00;27.59;E0_1_2400m;5.00;165;165;9.97;27.77
5100.00;5400.00;1536.00;25.34;E0_0_2500m;5.00;128;128;8.42;25.44
5100.00;5400.00;2004.00;27.40;E0_1_2500m;5.00;167;167;10.16;27.60
5100.00;5400.00;1572.00;25.30;E0_0_2600m;5.00;131;132;8.68;25.39
5100.00;5400.00;2028.00;27.25;E0_1_2600m;5.00;169;168;10.29;27.47
5100.00;5400.00;1596.00;25.29;E0_0_2700m;5.00;133;133;8.77;25.39
5100.00;5400.00;2064.00;27.07;E0_1_2700m;5.00;172;171;10.53;27.28
5100.00;5400.00;1632.00;25.25;E0_0_2800m;5.00;136;136;8.98;25.34
5100.00;5400.00;2100.00;26.92;E0_1_2800m;5.00;175;174;10.77;27.12
5100.00;5400.00;1632.00;25.18;E0_0_2900m;5.00;136;136;9.00;25.26
5100.00;5400.00;2160.00;26.77;E0_1_2900m;5.00;180;179;11.19;26.97
5100.00;5400.00;1632.00;25.18;E0_0_3000m;5.00;136;136;9.00;25.25
5100.00;5400.00;2196.00;26.62;E0_1_3000m;5.00;183;183;11.46;26.80
5100.00;5400.00;1668.00;25.12;E0_0_3100m;5.00;139;139;9.22;25.19
5100.00;5400.00;2208.00;26.53;E0_1_3100m;5.00;184;183;11.51;26.72
5100.00;5400.00;1680.00;25.12;E0_0_3200m;5.00;140;140;9.29;25.19
5100.00;5400.00;2208.00;26.47;E0_1_3200m;5.00;184;184;11.58;26.68
5100.00;5400.00;1716.00;25.13;E0_0_3300m;5.00;143;143;9.48;25.20
5100.00;5400.00;2196.00;26.51;E0_1_3300m;5.00;183;183;11.53;26.73
5100.00;5400.00;1728.00;25.10;E0_0_3400m;5.00;144;144;9.56;25.17
5100.00;5400.00;2208.00;26.51;E0_1_3400m;5.00;184;183;11.56;26.74
5100.00;5400.00;1752.00;25.13;E0_0_3500m;5.00;146;146;9.68;25.20
5100.00;5400.00;2184.00;26.41;E0_1_3500m;5.00;182;182;11.49;26.65
5100.00;5400.00;1740.00;25.09;E0_0_3600m;5.00;145;146;9.67;25.16
5100.00;5400.00;2184.00;26.33;E0_1_3600m;5.00;182;182;11.52;26.58
5100.00;5400.00;1764.00;25.03;E0_0_3700m;5.00;147;147;9.79;25.11
5100.00;5400.00;2184.00;26.28;E0_1_3700m;5.00;182;182;11.54;26.53
5100.00;5400.00;1788.00;24.99;E0_0_3800m;5.00;149;149;9.94;25.06
5100.00;5400.00;2160.00;26.29;E0_1_3800m;5.00;180;180;11.41;26.55
5100.00;5400.00;1764.00;24.93;E0_0_3900m;5.00;147;147;9.83;24.99
5100.00;5400.00;2184.00;26.25;E0_1_3900m;5.00;182;182;11.55;26.51
5100.00;5400.00;1788.00;24.98;E0_0_4000m;5.00;149;149;9.94;25.05
5100.00;5400.00;2172.00;26.21;E0_1_4000m;5.00;181;181;11.51;26.47
5100.00;5400.00;1776.00;25.03;E0_0_4100m;5.00;148;148;9.86;25.10
5100.00;5400.00;2184.00;26.15;E0_1_4100m;5.00;182;182;11.60;26.40
5100.00;5400.00;1800.00;24.94;E0_0_4200m;5.00;150;150;10.02;25.02
5100.00;5400.00;2184.00;26.07;E0_1_4200m;5.00;182;182;11.63;26.32
5100.00;5400.00;1824.00;24.88;E0_0_4300m;5.00;152;152;10.18;24.97
5100.00;5400.00;2160.00;25.92;E0_1_4300m;5.00;180;180;11.57;26.15
5100.00;5400.00;1836.00;24.84;E0_0_4400m;5.00;153;153;10.27;24.93
5100.00;5400.00;2172.00;25.81;E0_1_4400m;5.00;181;181;11.69;26.01
5100.00;5400.00;1908.00;24.79;E0_0_4500m;5.00;159;158;10.65;24.89
5100.00;5400.00;2172.00;25.71;E0_1_4500m;5.00;181;181;11.73;25.90
5100.00;5400.00;1908.00;24.70;E0_0_4600m;5.00;159;160;10.80;24.78
5100.00;5400.00;2208.00;25.71;E0_1_4600m;5.00;184;185;11.97;25.91
5100.00;5400.00;1944.00;24.65;E0_0_4700m;5.00;162;162;10.95;24.74
5100.00;5400.00;2244.00;25.67;E0_1_4700m;5.00;187;187;12.14;25.81
5100.00;5400.00;1992.00;24.69;E0_0_4800m;5.00;166;166;11.21;24.79
5100.00;5400.00;2220.00;25.66;E0_1_4800m;5.00;185;185;12.02;25.80
5100.00;5400.00;1968.00;24.65;E0_0_4900m;5.00;164;164;11.09;24.75
5100.00;5400.00;2244.00;25.61;E0_1_4900m;5.00;187;187;12.16;25.74
5100.00;5400.00;1968.00;24.66;E0_0_5000m;5.00;164;164;11.08;24.76
5100.00;5400.00;2244.00;25.57;E0_1_5000m;5.00;187;186;12.16;25.68
5400.00;5700.00;0.00;-1.00;E0_0_0m;-1.00;0;0;0.00;-1.00
5400.00;5700.00;0.00;-1.00;E0_1_0m;-1.00;0;0;0.00;-1.00
5400.00;5700.00;1632.00;26.90;E0_0_100m;5.00;136;136;8.43;27.02
5400.00;5700.00;2028.00;28.33;E0_1_100m;5.00;169;169;9.94;28.48
5400.00;5700.00;1644.00;26.89;E0_0_200m;5.00;137;137;8.49;27.01
5400.00;5700.00;1992.00;28.53;E0_1_200m;5.00;166;166;9.70;28.74
5400.00;5700.00;1632.00;26.89;E0_0_300m;5.00;136;136;8.43;27.00
5400.00;5700.00;2016.00;28.28;E0_1_300m;5.00;168;167;9.87;28.47
5400.00;5700.00;1632.00;26.70;E0_0_400m;5.00;136;137;8.51;26.80
5400.00;5700.00;2040.00;28.06;E0_1_400m;5.00;170;170;10.10;28.23
5400.00;5700.00;1620.00;26.68;E0_0_500m;5.00;135;135;8.43;26.77
5400.00;5700.00;2028.00;27.88;E0_1_500m;5.00;169;170;10.12;28.03
5400.00;5700.00;1596.00;26.52;E0_0_600m;5.00;133;133;8.36;26.61
5400.00;5700.00;2040.00;27.77;E0_1_600m;5.00;170;169;10.19;27.93
5400.00;5700.00;1560.00;26.32;E0_0_700m;5.00;130;130;8.23;26.39
5400.00;5700.00;2064.00;27.61;E0_1_700m;5.00;172;172;10.38;27.76
5400.00;5700.00;1572.00;26.24;E0_0_800m;5.00;131;130;8.28;26.30
5400.00;5700.00;2064.00;27.45;E0_1_800m;5.00;172;172;10.44;27.59
5400.00;5700.00;1608.00;26.12;E0_0_900m;5.00;134;134;8.55;26.19
5400.00;5700.00;2052.00;27.48;E0_1_900m;5.00;171;171;10.37;27.62
5400.00;5700.00;1584.00;26.02;E0_0_1000m;5.00;132;132;8.46;26.08
5400.00;5700.00;2064.00;27.40;E0_1_1000m;5.00;172;172;10.46;27.55
5400.00;5700.00;1548.00;25.93;E0_0_1100m;5.00;129;129;8.29;26.00
5400.00;5700.00;2076.00;27.34;E0_1_1100m;5.00;173;173;10.55;27.48
5400.00;5700.00;1548.00;25.98;E0_0_1200m;5.00;129;129;8.27;26.06
5400.00;5700.00;2052.00;27.31;E0_1_1200m;5.00;171;171;10.44;27.47
5400.00;5700.00;1572.00;25.92;E0_0_1300m;5.00;131;131;8.42;25.99
5400.00;5700.00;2052.00;27.26;E0_1_1300m;5.00;171;171;10.45;27.43
5400.00;5700.00;1584.00;25.84;E0_0_1400m;5.00;132;132;8.51;25.91
5400.00;5700.00;2040.00;27.23;E0_1_1400m;5.00;170;170;10.40;27.40
5400.00;5700.00;1560.00;25.79;E0_0_1500m;5.00;130;130;8.40;25.85
5400.00;5700.00;2040.00;27.24;E0_1_1500m;5.00;170;169;10.36;27.41
5400.00;5700.00;1536.00;25.69;E0_0_1600m;5.00;128;128;8.30;25.76
5400.00;5700.00;2028.00;27.16;E0_1_1600m;5.00;169;169;10.37;27.32
5400.00;5700.00;1500.00;25.63;E0_0_1700m;5.00;125;125;8.13;25.70
5400.00;5700.00;2052.00;27.14;E0_1_1700m;5.00;171;171;10.50;27.30
5400.00;5700.00;1476.00;25.64;E0_0_1800m;5.00;123;123;7.99;25.72
5400.00;5700.00;2064.00;27.17;E0_1_1800m;5.00;172;172;10.55;27.35
5400.00;5700.00;1464.00;25.58;E0_0_1900m;5.00;122;122;7.95;25.66
5400.00;5700.00;2064.00;27.18;E0_1_1900m;5.00;172;172;10.55;27.36
5400.00;5700.00;1476.00;25.45;E0_0_2000m;5.00;123;123;8.05;25.53
5400.00;5700.00;2028.00;26.98;E0_1_2000m;5.00;169;170;10.46;27.15
5400.00;5700.00;1512.00;25.40;E0_0_2100m;5.00;126;125;8.26;25.46
5400.00;5700.00;2040.00;26.73;E0_1_2100m;5.00;170;170;10.60;26.89
5400.00;5700.00;1512.00;25.40;E0_0_2200m;5.00;126;126;8.27;25.47
5400.00;5700.00;2052.00;26.51;E0_1_2200m;5.00;171;171;10.75;26.66
5400.00;5700.00;1548.00;25.42;E0_0_2300m;5.00;129;129;8.46;25.55
5400.00;5700.00;2052.00;26.35;E0_1_2300m;5.00;171;173;10.91;26.49
5400.00;5700.00;1572.00;25.23;E0_0_2400m;5.00;131;131;8.66;25.30
5400.00;5700.00;2052.00;26.35;E0_1_2400m;5.00;171;171;10.81;26.51
5400.00;5700.00;1596.00;25.20;E0_0_2500m;5.00;133;133;8.79;25.27
5400.00;5700.00;2040.00;26.36;E0_1_2500m;5.00;170;170;10.75;26.51
5400.00;5700.00;1584.00;25.24;E0_0_2600m;5.00;132;133;8.78;25.34
5400.00;5700.00;2028.00;26.42;E0_1_2600m;5.00;169;170;10.72;26.60
5400.00;5700.00;1572.00;25.21;E0_0_2700m;5.00;131;131;8.66;25.27
5400.00;5700.00;1992.00;26.36;E0_1_2700m;5.00;166;166;10.50;26.52
5400.00;5700.00;1548.00;25.21;E0_0_2800m;5.00;129;129;8.53;25.29
5400.00;5700.00;1956.00;26.24;E0_1_2800m;5.00;163;163;10.35;26.39
5400.00;5700.00;1560.00;25.22;E0_0_2900m;5.00;130;130;8.59;25.30
5400.00;5700.00;1920.00;26.19;E0_1_2900m;5.00;160;160;10.18;26.34
5400.00;5700.00;1524.00;25.22;E0_0_3000m;5.00;127;127;8.39;25.29
5400.00;5700.00;1908.00;26.28;E0_1_3000m;5.00;159;159;10.08;26.45
5400.00;5700.00;1524.00;25.23;E0_0_3100m;5.00;127;127;8.39;25.30
5400.00;5700.00;1896.00;26.37;E0_1_3100m;5.00;158;158;9.99;26.54
5400.00;5700.00;1536.00;25.25;E0_0_3200m;5.00;128;128;8.45;25.33
5400.00;5700.00;1872.00;26.46;E0_1_3200m;5.00;156;156;9.82;26.66
5400.00;5700.00;1524.00;25.24;E0_0_3300m;5.00;127;127;8.39;25.31
5400.00;5700.00;1872.00;26.44;E0_1_3300m;5.00;156;155;9.81;26.62
5400.00;5700.00;1464.00;25.25;E0_0_3400m;5.00;122;122;8.05;25.31
5400.00;5700.00;1908.00;26.36;E0_1_3400m;5.00;159;159;10.05;26.51
5400.00;5700.00;1464.00;25.28;E0_0_3500m;5.00;122;122;8.04;25.34
5400.00;5700.00;1908.00;26.31;E0_1_3500m;5.00;159;159;10.07;26.44
5400.00;5700.00;1464.00;25.30;E0_0_3600m;5.00;122;122;8.04;25.36
5400.00;5700.00;1908.00;26.28;E0_1_3600m;5.00;159;159;10.08;26.40
5400.00;5700.00;1452.00;25.23;E0_0_3700m;5.00;121;121;7.99;25.28
5400.00;5700.00;1908.00;26.27;E0_1_3700m;5.00;159;159;10.09;26.38
5400.00;5700.00;1452.00;25.15;E0_0_3800m;5.00;121;121;8.02;25.20
5400.00;5700.00;1884.00;26.29;E0_1_3800m;5.00;157;157;9.95;26.41
5400.00;5700.00;1428.00;25.08;E0_0_3900m;5.00;119;119;7.91;25.13
5400.00;5700.00;1848.00;26.36;E0_1_3900m;5.00;154;154;9.74;26.49
5400.00;5700.00;1404.00;25.02;E0_0_4000m;5.00;117;117;7.79;25.08
5400.00;5700.00;1812.00;26.45;E0_1_4000m;5.00;151;151;9.51;26.59
5400.00;5700.00;1392.00;24.99;E0_0_4100m;5.00;116;116;7.74;25.05
5400.00;5700.00;1764.00;26.47;E0_1_4100m;5.00;147;148;9.26;26.61
5400.00;5700.00;1356.00;25.12;E0_0_4200m;5.00;113;113;7.50;25.19
5400.00;5700.00;1740.00;26.44;E0_1_4200m;5.00;145;146;9.19;26.57
5400.00;5700.00;1332.00;25.16;E0_0_4300m;5.00;111;111;7.35;25.23
5400.00;5700.00;1776.00;26.55;E0_1_4300m;5.00;148;148;9.29;26.70
5400.00;5700.00;1368.00;25.23;E0_0_4400m;5.00;114;114;7.53;25.31
5400.00;5700.00;1776.00;26.65;E0_1_4400m;5.00;148;148;9.25;26.83
5400.00;5700.00;1380.00;25.16;E0_0_4500m;5.00;115;115;7.62;25.23
5400.00;5700.00;1776.00;26.70;E0_1_4500m;5.00;148;148;9.24;26.90
5400.00;5700.00;1344.00;25.17;E0_0_4600m;5.00;112;112;7.42;25.25
5400.00;5700.00;1836.00;26.80;E0_1_4600m;5.00;153;152;9.47;27.04
5400.00;5700.00;1356.00;25.08;E0_0_4700m;5.00;113;113;7.51;25.17
5400.00;5700.00;1824.00;26.87;E0_1_4700m;5.00;152;153;9.45;27.13
5400.00;5700.00;1392.00;25.17;E0_0_4800m;5.00;116;116;7.68;25.26
5400.00;5700.00;1824.00;26.89;E0_1_4800m;5.00;152;152;9.42;27.14
5400.00;5700.00;1416.00;25.26;E0_0_4900m;5.00;118;118;7.78;25.45
5400.00;5700.00;1812.00;26.92;E0_1_4900m;5.00;151;151;9.37;27.15
5400.00;5700.00;1404.00;25.19;E0_0_5000m;5.00;117;117;7.74;25.31
5400.00;5700.00;1824.00;26.81;E0_1_5000m;5.00;152;152;9.45;27.00
5700.00;6000.00;0.00;-1.00;E0_0_0m;-1.00;0;0;0.00;-1.00
5700.00;6000.00;0.00;-1.00;E0_1_0m;-1.00;0;0;0.00;-1.00
5700.00;6000.00;2004.00;25.85;E0_0_100m;5.00;167;167;10.77;26.03
5700.00;6000.00;2208.00;28.11;E0_1_100m;5.00;184;185;10.91;28.24
5700.00;6000.00;2004.00;25.56;E0_0_200m;5.00;167;167;10.89;25.76
5700.00;6000.00;2196.00;27.92;E0_1_200m;5.00;183;183;10.93;28.06
5700.00;6000.00;1992.00;25.42;E0_0_300m;5.00;166;166;10.88;25.62
5700.00;6000.00;2196.00;27.78;E0_1_300m;5.00;183;183;10.98;27.94
5700.00;6000.00;1956.00;25.38;E0_0_400m;5.00;163;163;10.70;25.56
5700.00;6000.00;2184.00;27.63;E0_1_400m;5.00;182;182;10.98;27.79
5700.00;6000.00;1920.00;25.38;E0_0_500m;5.00;160;160;10.51;25.52
5700.00;6000.00;2232.00;27.45;E0_1_500m;5.00;186;185;11.28;27.64
5700.00;6000.00;1860.00;25.36;E0_0_600m;5.00;155;155;10.18;25.50
5700.00;6000.00;2268.00;27.38;E0_1_600m;5.00;189;189;11.51;27.55
5700.00;6000.00;1836.00;25.37;E0_0_700m;5.00;153;153;10.05;25.49
5700.00;6000.00;2256.00;27.22;E0_1_700m;5.00;188;188;11.51;27.39
5700.00;6000.00;1824.00;25.33;E0_0_800m;5.00;152;152;10.00;25.44
5700.00;6000.00;2232.00;27.12;E0_1_800m;5.00;186;187;11.47;27.29
5700.00;6000.00;1824.00;25.29;E0_0_900m;5.00;152;152;10.02;25.41
5700.00;6000.00;2232.00;26.95;E0_1_900m;5.00;186;186;11.50;27.13
5700.00;6000.00;1824.00;25.46;E0_0_1000m;5.00;152;152;9.95;25.56
5700.00;6000.00;2232.00;26.78;E0_1_1000m;5.00;186;186;11.58;26.97
5700.00;6000.00;1836.00;25.45;E0_0_1100m;5.00;153;153;10.02;25.55
5700.00;6000.00;2232.00;26.77;E0_1_1100m;5.00;186;186;11.58;26.97
5700.00;6000.00;1836.00;25.48;E0_0_1200m;5.00;153;153;10.01;25.58
5700.00;6000.00;2220.00;26.75;E0_1_1200m;5.00;185;185;11.53;26.94
5700.00;6000.00;1824.00;25.56;E0_0_1300m;5.00;152;152;9.91;25.67
5700.00;6000.00;2196.00;26.73;E0_1_1300m;5.00;183;183;11.41;26.92
5700.00;6000.00;1776.00;25.65;E0_0_1400m;5.00;148;149;9.66;25.76
5700.00;6000.00;2184.00;26.74;E0_1_1400m;5.00;182;182;11.34;26.93
5700.00;6000.00;1776.00;25.67;E0_0_1500m;5.00;148;148;9.61;25.78
5700.00;6000.00;2172.00;26.81;E0_1_1500m;5.00;181;181;11.25;27.00
5700.00;6000.00;1788.00;25.70;E0_0_1600m;5.00;149;149;9.66;25.80
5700.00;6000.00;2172.00;26.87;E0_1_1600m;5.00;181;181;11.23;27.05
5700.00;6000.00;1788.00;25.71;E0_0_1700m;5.00;149;149;9.66;25.81
5700.00;6000.00;2148.00;26.92;E0_1_1700m;5.00;179;179;11.08;27.10
5700.00;6000.00;1764.00;25.71;E0_0_1800m;5.00;147;147;9.53;25.80
5700.00;6000.00;2172.00;26.94;E0_1_1800m;5.00;181;181;11.20;27.10
5700.00;6000.00;1704.00;25.74;E0_0_1900m;5.00;142;142;9.20;25.82
5700.00;6000.00;2196.00;26.95;E0_1_1900m;5.00;183;183;11.32;27.11
5700.00;6000.00;1716.00;25.69;E0_0_2000m;5.00;143;143;9.28;25.78
5700.00;6000.00;2184.00;26.96;E0_1_2000m;5.00;182;182;11.25;27.11
5700.00;6000.00;1692.00;25.64;E0_0_2100m;5.00;141;141;9.16;25.74
5700.00;6000.00;2172.00;26.88;E0_1_2100m;5.00;181;181;11.22;27.01
5700.00;6000.00;1704.00;25.72;E0_0_2200m;5.00;142;143;9.21;25.80
5700.00;6000.00;2136.00;26.92;E0_1_2200m;5.00;178;178;11.02;27.05
5700.00;6000.00;1680.00;25.82;E0_0_2300m;5.00;140;140;9.04;25.89
5700.00;6000.00;2124.00;26.97;E0_1_2300m;5.00;177;176;10.90;27.09
5700.00;6000.00;1668.00;25.85;E0_0_2400m;5.00;139;139;8.96;25.92
5700.00;6000.00;2100.00;26.98;E0_1_2400m;5.00;175;175;10.81;27.11
5700.00;6000.00;1632.00;25.93;E0_0_2500m;5.00;136;136;8.74;25.99
5700.00;6000.00;2064.00;27.11;E0_1_2500m;5.00;172;172;10.58;27.24
5700.00;6000.00;1644.00;26.02;E0_0_2600m;5.00;137;137;8.77;26.08
5700.00;6000.00;2088.00;27.13;E0_1_2600m;5.00;174;174;10.69;27.27
5700.00;6000.00;1680.00;26.00;E0_0_2700m;5.00;140;140;8.97;26.06
5700.00;6000.00;2112.00;27.08;E0_1_2700m;5.00;176;176;10.83;27.21
5700.00;6000.00;1680.00;26.00;E0_0_2800m;5.00;140;140;8.97;26.06
5700.00;6000.00;2172.00;27.11;E0_1_2800m;5.00;181;181;11.13;27.24
5700.00;6000.00;1704.00;26.02;E0_0_2900m;5.00;142;142;9.10;26.07
5700.00;6000.00;2148.00;27.17;E0_1_2900m;5.00;179;179;10.98;27.32
5700.00;6000.00;1716.00;26.05;E0_0_3000m;5.00;143;144;9.22;26.11
5700.00;6000.00;2196.00;27.22;E0_1_3000m;5.00;183;183;11.21;27.42
5700.00;6000.00;1728.00;26.05;E0_0_3100m;5.00;144;144;9.21;26.11
5700.00;6000.00;2184.00;27.21;E0_1_3100m;5.00;182;182;11.15;27.38
5700.00;6000.00;1752.00;25.99;E0_0_3200m;5.00;146;146;9.36;26.04
5700.00;6000.00;2172.00;27.22;E0_1_3200m;5.00;181;181;11.08;27.41
5700.00;6000.00;1740.00;25.97;E0_0_3300m;5.00;145;145;9.30;26.02
5700.00;6000.00;2172.00;27.18;E0_1_3300m;5.00;181;181;11.10;27.37
5700.00;6000.00;1728.00;25.97;E0_0_3400m;5.00;144;144;9.24;26.02
5700.00;6000.00;2184.00;27.16;E0_1_3400m;5.00;182;182;11.17;27.34
5700.00;6000.00;1704.00;26.01;E0_0_3500m;5.00;142;143;9.14;26.06
5700.00;6000.00;2208.00;27.24;E0_1_3500m;5.00;184;185;11.30;27.42
5700.00;6000.00;1716.00;26.03;E0_0_3600m;5.00;143;142;9.12;26.08
5700.00;6000.00;2208.00;27.34;E0_1_3600m;5.00;184;185;11.25;27.52
5700.00;6000.00;1752.00;26.00;E0_0_3700m;5.00;146;146;9.36;26.06
5700.00;6000.00;2172.00;27.45;E0_1_3700m;5.00;181;181;10.99;27.65
5700.00;6000.00;1716.00;26.00;E0_0_3800m;5.00;143;143;9.17;26.05
5700.00;6000.00;2196.00;27.36;E0_1_3800m;5.00;183;183;11.15;27.54
5700.00;6000.00;1692.00;25.93;E0_0_3900m;5.00;141;142;9.11;25.98
5700.00;6000.00;2208.00;27.29;E0_1_3900m;5.00;184;184;11.24;27.46
5700.00;6000.00;1692.00;25.85;E0_0_4000m;5.00;141;141;9.09;25.90
5700.00;6000.00;2208.00;27.28;E0_1_4000m;5.00;184;184;11.24;27.44
5700.00;6000.00;1680.00;25.86;E0_0_4100m;5.00;140;140;9.02;25.90
5700.00;6000.00;2208.00;27.21;E0_1_4100m;5.00;184;183;11.26;27.36
5700.00;6000.00;1668.00;25.90;E0_0_4200m;5.00;139;140;8.99;25.94
5700.00;6000.00;2220.00;27.11;E0_1_4200m;5.00;185;185;11.36;27.26
5700.00;6000.00;1692.00;25.90;E0_0_4300m;5.00;141;141;9.07;25.94
5700.00;6000.00;2208.00;27.10;E0_1_4300m;5.00;184;184;11.32;27.24
5700.00;6000.00;1644.00;25.90;E0_0_4400m;5.00;137;137;8.82;25.94
5700.00;6000.00;2196.00;26.98;E0_1_4400m;5.00;183;183;11.31;27.10
5700.00;6000.00;1632.00;25.85;E0_0_4500m;5.00;136;136;8.77;25.89
5700.00;6000.00;2196.00;26.87;E0_1_4500m;5.00;183;183;11.35;27.00
5700.00;6000.00;1632.00;25.71;E0_0_4600m;5.00;136;136;8.82;25.75
5700.00;6000.00;2208.00;26.83;E0_1_4600m;5.00;184;184;11.43;26.96
5700.00;6000.00;1644.00;25.69;E0_0_4700m;5.00;137;137;8.89;25.74
5700.00;6000.00;2196.00;26.81;E0_1_4700m;5.00;183;183;11.38;26.95
5700.00;6000.00;1644.00;25.68;E0_0_4800m;5.00;137;137;8.89;25.72
5700.00;6000.00;2172.00;26.70;E0_1_4800m;5.00;181;181;11.30;26.84
5700.00;6000.00;1632.00;25.64;E0_0_4900m;5.00;136;136;8.84;25.68
5700.00;6000.00;2184.00;26.63;E0_1_4900m;5.00;182;182;11.39;26.78
5700.00;6000.00;1644.00;25.61;E0_0_5000m;5.00;137;137;8.92;25.65
5700.00;6000.00;2172.00;26.60;E0_1_5000m;5.00;181;181;11.34;26.76
6000.00;6300.00;0.00;-1.00;E0_0_0m;-1.00;0;0;0.00;-1.00
6000.00;6300.00;0.00;-1.00;E0_1_0m;-1.00;0;0;0.00;-1.00
6000.00;6300.00;1812.00;25.96;E0_0_100m;5.00;151;151;9.69;26.13
6000.00;6300.00;2088.00;27.63;E0_1_100m;5.00;174;173;10.50;27.78
6000.00;6300.00;1812.00;25.94;E0_0_200m;5.00;151;151;9.70;26.17
6000.00;6300.00;2088.00;27.84;E0_1_200m;5.00;174;174;10.42;28.06
6000.00;6300.00;1812.00;25.67;E0_0_300m;5.00;151;152;9.81;25.93
6000.00;6300.00;2124.00;27.62;E0_1_300m;5.00;177;177;10.68;27.89
6000.00;6300.00;1836.00;25.47;E0_0_400m;5.00;153;153;10.01;25.74
6000.00;6300.00;2124.00;27.51;E0_1_400m;5.00;177;178;10.75;27.77
6000.00;6300.00;1836.00;25.28;E0_0_500m;5.00;153;153;10.09;25.56
6000.00;6300.00;2136.00;27.30;E0_1_500m;5.00;178;178;10.87;27.56
6000.00;6300.00;1848.00;24.96;E0_0_600m;5.00;154;155;10.29;25.27
6000.00;6300.00;2160.00;27.10;E0_1_600m;5.00;180;180;11.07;27.38
6000.00;6300.00;1836.00;24.59;E0_0_700m;5.00;153;153;10.37;24.93
6000.00;6300.00;2208.00;27.11;E0_1_700m;5.00;184;184;11.31;27.39
6000.00;6300.00;1836.00;24.31;E0_0_800m;5.00;153;153;10.49;24.67
6000.00;6300.00;2232.00;26.97;E0_1_800m;5.00;186;185;11.46;27.25
6000.00;6300.00;1788.00;23.99;E0_0_900m;5.00;149;150;10.36;24.33
6000.00;6300.00;2232.00;26.83;E0_1_900m;5.00;186;186;11.56;27.09
6000.00;6300.00;1764.00;23.89;E0_0_1000m;5.00;147;147;10.26;24.19
6000.00;6300.00;2232.00;26.66;E0_1_1000m;5.00;186;186;11.63;26.91
6000.00;6300.00;1704.00;23.62;E0_0_1100m;5.00;142;142;10.02;23.91
6000.00;6300.00;2268.00;26.55;E0_1_1100m;5.00;189;189;11.86;26.79
6000.00;6300.00;1704.00;23.45;E0_0_1200m;5.00;142;142;10.09;23.71
6000.00;6300.00;2256.00;26.39;E0_1_1200m;5.00;188;188;11.88;26.61
6000.00;6300.00;1740.00;23.75;E0_0_1300m;5.00;145;145;10.17;23.96
6000.00;6300.00;2268.00;26.13;E0_1_1300m;5.00;189;189;12.05;26.35
6000.00;6300.00;1764.00;23.66;E0_0_1400m;5.00;147;147;10.35;23.86
6000.00;6300.00;2268.00;26.00;E0_1_1400m;5.00;189;189;12.11;26.21
6000.00;6300.00;1776.00;23.53;E0_0_1500m;5.00;148;148;10.48;23.72
6000.00;6300.00;2292.00;25.82;E0_1_1500m;5.00;191;191;12.33;26.03
6000.00;6300.00;1776.00;23.26;E0_0_1600m;5.00;148;148;10.61;23.45
6000.00;6300.00;2280.00;25.74;E0_1_1600m;5.00;190;190;12.30;25.95
6000.00;6300.00;1776.00;23.12;E0_0_1700m;5.00;148;148;10.67;23.32
6000.00;6300.00;2328.00;25.68;E0_1_1700m;5.00;194;194;12.59;25.89
6000.00;6300.00;1800.00;22.91;E0_0_1800m;5.00;150;150;10.91;23.13
6000.00;6300.00;2316.00;25.71;E0_1_1800m;5.00;193;193;12.51;25.96
6000.00;6300.00;1812.00;22.68;E0_0_1900m;5.00;151;151;11.10;22.91
6000.00;6300.00;2316.00;25.68;E0_1_1900m;5.00;193;193;12.52;25.94
6000.00;6300.00;1800.00;22.52;E0_0_2000m;5.00;150;150;11.10;22.75
6000.00;6300.00;2328.00;25.68;E0_1_2000m;5.00;194;194;12.59;25.93
6000.00;6300.00;1824.00;22.46;E0_0_2100m;5.00;152;152;11.28;22.70
6000.00;6300.00;2304.00;25.73;E0_1_2100m;5.00;192;192;12.44;25.97
6000.00;6300.00;1812.00;22.34;E0_0_2200m;5.00;151;150;11.25;22.58
6000.00;6300.00;2316.00;25.66;E0_1_2200m;5.00;193;193;12.54;25.88
6000.00;6300.00;1824.00;22.27;E0_0_2300m;5.00;152;152;11.38;22.51
6000.00;6300.00;2304.00;25.56;E0_1_2300m;5.00;192;192;12.52;25.77
6000.00;6300.00;1800.00;22.39;E0_0_2400m;5.00;150;150;11.17;22.60
6000.00;6300.00;2316.00;25.41;E0_1_2400m;5.00;193;193;12.66;25.61
6000.00;6300.00;1824.00;22.49;E0_0_2500m;5.00;152;152;11.26;22.67
6000.00;6300.00;2328.00;25.24;E0_1_2500m;5.00;194;194;12.81;25.43
6000.00;6300.00;1824.00;22.63;E0_0_2600m;5.00;152;152;11.19;22.82
6000.00;6300.00;2340.00;25.24;E0_1_2600m;5.00;195;195;12.87;25.45
6000.00;6300.00;1836.00;22.64;E0_0_2700m;5.00;153;153;11.26;22.84
6000.00;6300.00;2316.00;25.34;E0_1_2700m;5.00;193;193;12.70;25.56
6000.00;6300.00;1824.00;22.56;E0_0_2800m;5.00;152;152;11.23;22.74
6000.00;6300.00;2304.00;25.20;E0_1_2800m;5.00;192;192;12.70;25.41
6000.00;6300.00;1788.00;22.52;E0_0_2900m;5.00;149;149;11.03;22.70
6000.00;6300.00;2292.00;25.06;E0_1_2900m;5.00;191;191;12.70;25.25
6000.00;6300.00;1776.00;22.56;E0_0_3000m;5.00;148;148;10.94;22.74
6000.00;6300.00;2256.00;24.99;E0_1_3000m;5.00;188;188;12.54;25.18
6000.00;6300.00;1788.00;22.62;E0_0_3100m;5.00;149;149;10.98;22.79
6000.00;6300.00;2244.00;24.87;E0_1_3100m;5.00;187;187;12.53;25.03
6000.00;6300.00;1812.00;22.66;E0_0_3200m;5.00;151;151;11.11;22.82
6000.00;6300.00;2268.00;24.81;E0_1_3200m;5.00;189;189;12.70;24.96
6000.00;6300.00;1824.00;22.73;E0_0_3300m;5.00;152;152;11.15;22.88
6000.00;6300.00;2304.00;24.77;E0_1_3300m;5.00;192;192;12.92;24.92
6000.00;6300.00;1884.00;22.83;E0_0_3400m;5.00;157;157;11.46;22.98
6000.00;6300.00;2292.00;24.76;E0_1_3400m;5.00;191;192;12.86;24.89
6000.00;6300.00;1920.00;22.88;E0_0_3500m;5.00;160;160;11.62;23.03
6000.00;6300.00;2280.00;24.77;E0_1_3500m;5.00;190;189;12.74;24.88
6000.00;6300.00;1908.00;22.91;E0_0_3600m;5.00;159;160;11.63;23.05
6000.00;6300.00;2292.00;24.76;E0_1_3600m;5.00;191;190;12.82;24.87
6000.00;6300.00;1956.00;23.00;E0_0_3700m;5.00;163;163;11.81;23.14
6000.00;6300.00;2304.00;24.74;E0_1_3700m;5.00;192;192;12.94;24.86
6000.00;6300.00;1968.00;23.23;E0_0_3800m;5.00;164;164;11.77;23.34
6000.00;6300.00;2352.00;24.64;E0_1_3800m;5.00;196;196;13.26;24.76
6000.00;6300.00;1992.00;23.25;E0_0_3900m;5.00;166;165;11.85;23.35
6000.00;6300.00;2364.00;24.57;E0_1_3900m;5.00;197;197;13.36;24.67
6000.00;6300.00;1980.00;23.32;E0_0_4000m;5.00;165;166;11.85;23.42
6000.00;6300.00;2376.00;24.60;E0_1_4000m;5.00;198;198;13.41;24.70
6000.00;6300.00;2004.00;23.46;E0_0_4100m;5.00;167;167;11.86;23.56
6000.00;6300.00;2364.00;24.64;E0_1_4100m;5.00;197;197;13.32;24.75
6000.00;6300.00;2016.00;23.43;E0_0_4200m;5.00;168;167;11.91;23.52
6000.00;6300.00;2352.00;24.68;E0_1_4200m;5.00;196;195;13.20;24.77
6000.00;6300.00;2016.00;23.32;E0_0_4300m;5.00;168;168;12.01;23.42
6000.00;6300.00;2340.00;24.60;E0_1_4300m;5.00;195;195;13.21;24.68
6000.00;6300.00;2016.00;23.35;E0_0_4400m;5.00;168;168;11.99;23.45
6000.00;6300.00;2352.00;24.53;E0_1_4400m;5.00;196;196;13.32;24.60
6000.00;6300.00;1992.00;23.28;E0_0_4500m;5.00;166;167;11.92;23.38
6000.00;6300.00;2328.00;24.55;E0_1_4500m;5.00;194;194;13.17;24.62
6000.00;6300.00;1992.00;23.43;E0_0_4600m;5.00;166;166;11.81;23.52
6000.00;6300.00;2268.00;24.55;E0_1_4600m;5.00;189;189;12.83;24.62
6000.00;6300.00;1968.00;23.56;E0_0_4700m;5.00;164;164;11.60;23.65
6000.00;6300.00;2220.00;24.53;E0_1_4700m;5.00;185;185;12.57;24.61
6000.00;6300.00;1992.00;23.55;E0_0_4800m;5.00;166;166;11.75;23.68
6000.00;6300.00;2160.00;24.66;E0_1_4800m;5.00;180;180;12.16;24.78
6000.00;6300.00;1992.00;23.62;E0_0_4900m;5.00;166;166;11.71;23.76
6000.00;6300.00;2148.00;24.67;E0_1_4900m;5.00;179;179;12.09;24.80
6000.00;6300.00;1968.00;23.70;E0_0_5000m;5.00;164;164;11.53;23.83
6000.00;6300.00;2160.00;24.70;E0_1_5000m;5.00;180;180;12.15;24.81
6300.00;6600.00;0.00;-1.00;E0_0_0m;-1.00;0;0;0.00;-1.00
6300.00;6600.00;0.00;-1.00;E0_1_0m;-1.00;0;0;0.00;-1.00
6300.00;6600.00;1812.00;24.94;E0_0_100m;5.00;151;151;10.09;25.10
6300.00;6600.00;2136.00;26.42;E0_1_100m;5.00;178;178;11.23;26.60
6300.00;6600.00;1800.00;24.67;E0_0_200m;5.00;150;150;10.14;24.84
6300.00;6600.00;2160.00;26.23;E0_1_200m;5.00;180;180;11.44;26.51
6300.00;6600.00;1716.00;24.47;E0_0_300m;5.00;143;143;9.74;24.64
6300.00;6600.00;2220.00;26.10;E0_1_300m;5.00;185;185;11.81;26.42
6300.00;6600.00;1716.00;24.42;E0_0_400m;5.00;143;143;9.76;24.61
6300.00;6600.00;2208.00;25.87;E0_1_400m;5.00;184;184;11.86;26.19
6300.00;6600.00;1704.00;24.39;E0_0_500m;5.00;142;142;9.71;24.58
6300.00;6600.00;2196.00;25.64;E0_1_500m;5.00;183;183;11.89;25.95
6300.00;6600.00;1692.00;24.18;E0_0_600m;5.00;141;141;9.72;24.38
6300.00;6600.00;2172.00;25.29;E0_1_600m;5.00;181;182;11.95;25.60
6300.00;6600.00;1680.00;23.93;E0_0_700m;5.00;140;140;9.75;24.15
6300.00;6600.00;2160.00;25.06;E0_1_700m;5.00;180;181;12.02;25.38
6300.00;6600.00;1740.00;23.72;E0_0_800m;5.00;145;145;10.19;23.95
6300.00;6600.00;2124.00;24.91;E0_1_800m;5.00;177;177;11.84;25.26
6300.00;6600.00;1740.00;23.69;E0_0_900m;5.00;145;144;10.19;23.90
6300.00;6600.00;2124.00;24.82;E0_1_900m;5.00;177;177;11.89;25.19
6300.00;6600.00;1740.00;23.66;E0_0_1000m;5.00;145;145;10.21;23.90
6300.00;6600.00;2112.00;24.71;E0_1_1000m;5.00;176;176;11.87;25.09
6300.00;6600.00;1740.00;23.61;E0_0_1100m;5.00;145;145;10.24;23.88
6300.00;6600.00;2100.00;24.59;E0_1_1100m;5.00;175;175;11.86;24.96
6300.00;6600.00;1716.00;23.58;E0_0_1200m;5.00;143;143;10.11;23.85
6300.00;6600.00;2112.00;24.55;E0_1_1200m;5.00;176;177;11.95;24.92
6300.00;6600.00;1692.00;23.59;E0_0_1300m;5.00;141;141;9.96;23.87
6300.00;6600.00;2088.00;24.45;E0_1_1300m;5.00;174;174;11.86;24.81
6300.00;6600.00;1668.00;23.69;E0_0_1400m;5.00;139;139;9.78;23.96
6300.00;6600.00;2088.00;24.47;E0_1_1400m;5.00;174;174;11.85;24.84
6300.00;6600.00;1656.00;23.73;E0_0_1500m;5.00;138;139;9.69;23.99
6300.00;6600.00;2052.00;24.50;E0_1_1500m;5.00;171;171;11.63;24.90
6300.00;6600.00;1656.00;23.72;E0_0_1600m;5.00;138;138;9.70;23.95
6300.00;6600.00;2040.00;24.49;E0_1_1600m;5.00;170;170;11.57;24.86
6300.00;6600.00;1644.00;23.67;E0_0_1700m;5.00;137;137;9.65;23.89
6300.00;6600.00;2028.00;24.45;E0_1_1700m;5.00;169;169;11.52;24.79
6300.00;6600.00;1644.00;23.66;E0_0_1800m;5.00;137;137;9.65;23.87
6300.00;6600.00;2004.00;24.43;E0_1_1800m;5.00;167;168;11.40;24.76
6300.00;6600.00;1632.00;23.74;E0_0_1900m;5.00;136;137;9.61;23.95
6300.00;6600.00;1992.00;24.40;E0_1_1900m;5.00;166;166;11.34;24.72
6300.00;6600.00;1632.00;23.82;E0_0_2000m;5.00;136;137;9.56;24.01
6300.00;6600.00;1992.00;24.44;E0_1_2000m;5.00;166;166;11.32;24.74
6300.00;6600.00;1620.00;23.87;E0_0_2100m;5.00;135;135;9.43;24.03
6300.00;6600.00;1992.00;24.51;E0_1_2100m;5.00;166;167;11.34;24.77
6300.00;6600.00;1596.00;23.83;E0_0_2200m;5.00;133;133;9.30;23.97
6300.00;6600.00;2016.00;24.61;E0_1_2200m;5.00;168;168;11.38;24.84
6300.00;6600.00;1596.00;23.79;E0_0_2300m;5.00;133;133;9.32;23.89
6300.00;6600.00;2004.00;24.70;E0_1_2300m;5.00;167;167;11.27;24.92
6300.00;6600.00;1632.00;23.67;E0_0_2400m;5.00;136;136;9.58;23.76
6300.00;6600.00;2028.00;24.63;E0_1_2400m;5.00;169;169;11.44;24.85
6300.00;6600.00;1644.00;23.67;E0_0_2500m;5.00;137;137;9.65;23.76
6300.00;6600.00;2052.00;24.57;E0_1_2500m;5.00;171;171;11.60;24.81
6300.00;6600.00;1644.00;23.73;E0_0_2600m;5.00;137;137;9.62;23.83
6300.00;6600.00;2052.00;24.50;E0_1_2600m;5.00;171;171;11.63;24.73
6300.00;6600.00;1656.00;23.73;E0_0_2700m;5.00;138;138;9.69;23.83
6300.00;6600.00;2052.00;24.50;E0_1_2700m;5.00;171;171;11.63;24.73
6300.00;6600.00;1680.00;23.82;E0_0_2800m;5.00;140;140;9.79;23.92
6300.00;6600.00;2052.00;24.55;E0_1_2800m;5.00;171;171;11.61;24.80
6300.00;6600.00;1704.00;23.77;E0_0_2900m;5.00;142;142;9.95;23.86
6300.00;6600.00;2112.00;24.66;E0_1_2900m;5.00;176;176;11.89;24.91
6300.00;6600.00;1728.00;23.72;E0_0_3000m;5.00;144;144;10.12;23.79
6300.00;6600.00;2136.00;24.74;E0_1_3000m;5.00;178;178;11.99;24.97
6300.00;6600.00;1704.00;23.69;E0_0_3100m;5.00;142;142;9.99;23.76
6300.00;6600.00;2148.00;24.83;E0_1_3100m;5.00;179;179;12.01;25.07
6300.00;6600.00;1692.00;23.60;E0_0_3200m;5.00;141;141;9.96;23.69
6300.00;6600.00;2100.00;24.79;E0_1_3200m;5.00;175;175;11.76;25.04
6300.00;6600.00;1704.00;23.65;E0_0_3300m;5.00;142;142;10.01;23.75
6300.00;6600.00;2052.00;24.67;E0_1_3300m;5.00;171;171;11.55;24.93
6300.00;6600.00;1656.00;23.59;E0_0_3400m;5.00;138;139;9.81;23.70
6300.00;6600.00;2064.00;24.76;E0_1_3400m;5.00;172;171;11.57;25.07
6300.00;6600.00;1656.00;23.58;E0_0_3500m;5.00;138;137;9.75;23.72
6300.00;6600.00;2052.00;24.65;E0_1_3500m;5.00;171;171;11.56;24.99
6300.00;6600.00;1656.00;23.60;E0_0_3600m;5.00;138;138;9.74;23.74
6300.00;6600.00;2052.00;24.64;E0_1_3600m;5.00;171;171;11.57;25.01
6300.00;6600.00;1608.00;23.58;E0_0_3700m;5.00;134;134;9.47;23.73
6300.00;6600.00;2040.00;24.59;E0_1_3700m;5.00;170;170;11.52;24.94
6300.00;6600.00;1596.00;23.61;E0_0_3800m;5.00;133;133;9.39;23.76
6300.00;6600.00;1980.00;24.54;E0_1_3800m;5.00;165;165;11.20;24.88
6300.00;6600.00;1584.00;23.57;E0_0_3900m;5.00;132;132;9.34;23.70
6300.00;6600.00;1968.00;24.61;E0_1_3900m;5.00;164;164;11.11;24.94
6300.00;6600.00;1584.00;23.54;E0_0_4000m;5.00;132;131;9.29;23.69
6300.00;6600.00;1956.00;24.68;E0_1_4000m;5.00;163;163;11.01;25.02
6300.00;6600.00;1584.00;23.70;E0_0_4100m;5.00;132;133;9.34;23.84
6300.00;6600.00;1944.00;24.69;E0_1_4100m;5.00;162;162;10.94;25.03
6300.00;6600.00;1572.00;23.71;E0_0_4200m;5.00;131;132;9.21;23.83
6300.00;6600.00;1944.00;24.76;E0_1_4200m;5.00;162;163;10.98;25.11
6300.00;6600.00;1548.00;23.73;E0_0_4300m;5.00;129;129;9.06;23.85
6300.00;6600.00;1956.00;24.77;E0_1_4300m;5.00;163;163;10.97;25.10
6300.00;6600.00;1560.00;23.86;E0_0_4400m;5.00;130;130;9.08;23.99
6300.00;6600.00;1944.00;24.75;E0_1_4400m;5.00;162;162;10.91;25.06
6300.00;6600.00;1536.00;23.84;E0_0_4500m;5.00;128;127;8.91;23.96
6300.00;6600.00;1956.00;24.71;E0_1_4500m;5.00;163;163;10.99;24.97
6300.00;6600.00;1548.00;23.87;E0_0_4600m;5.00;129;129;9.01;23.98
6300.00;6600.00;1944.00;24.67;E0_1_4600m;5.00;162;162;10.94;24.91
6300.00;6600.00;1548.00;23.91;E0_0_4700m;5.00;129;129;8.99;24.01
6300.00;6600.00;1932.00;24.72;E0_1_4700m;5.00;161;161;10.86;24.94
6300.00;6600.00;1560.00;24.14;E0_0_4800m;5.00;130;130;8.98;24.29
6300.00;6600.00;1920.00;24.77;E0_1_4800m;5.00;160;161;10.81;24.98
6300.00;6600.00;1572.00;24.23;E0_0_4900m;5.00;131;131;9.01;24.34
6300.00;6600.00;1908.00;24.87;E0_1_4900m;5.00;159;159;10.65;25.07
6300.00;6600.00;1572.00;24.31;E0_0_5000m;5.00;131;131;8.98;24.41
6300.00;6600.00;1884.00;25.06;E0_1_5000m;5.00;157;159;10.55;25.24
6600.00;6900.00;0.00;-1.00;E0_0_0m;-1.00;0;0;0.00;-1.00
6600.00;6900.00;0.00;-1.00;E0_1_0m;-1.00;0;0;0.00;-1.00
6600.00;6900.00;1872.00;24.59;E0_0_100m;5.00;156;156;10.58;24.76
6600.00;6900.00;2316.00;26.31;E0_1_100m;5.00;193;193;12.23;26.50
6600.00;6900.00;1956.00;24.81;E0_0_200m;5.00;163;163;10.95;25.01
6600.00;6900.00;2244.00;27.24;E0_1_200m;5.00;187;187;11.44;27.53
6600.00;6900.00;1932.00;24.69;E0_0_300m;5.00;161;161;10.87;24.88
6600.00;6900.00;2292.00;27.16;E0_1_300m;5.00;191;191;11.72;27.44
6600.00;6900.00;1944.00;24.65;E0_0_400m;5.00;162;162;10.95;24.83
6600.00;6900.00;2280.00;27.06;E0_1_400m;5.00;190;191;11.72;27.32
6600.00;6900.00;1956.00;24.57;E0_0_500m;5.00;163;164;11.12;24.75
6600.00;6900.00;2268.00;27.21;E0_1_500m;5.00;189;189;11.58;27.47
6600.00;6900.00;1980.00;24.46;E0_0_600m;5.00;165;165;11.24;24.63
6600.00;6900.00;2268.00;27.20;E0_1_600m;5.00;189;188;11.56;27.47
6600.00;6900.00;2004.00;24.22;E0_0_700m;5.00;167;167;11.49;24.38
6600.00;6900.00;2244.00;26.89;E0_1_700m;5.00;187;187;11.56;27.13
6600.00;6900.00;1944.00;24.04;E0_0_800m;5.00;162;162;11.23;24.19
6600.00;6900.00;2280.00;26.39;E0_1_800m;5.00;190;191;12.05;26.61
6600.00;6900.00;1968.00;24.03;E0_0_900m;5.00;164;164;11.37;24.17
6600.00;6900.00;2280.00;26.00;E0_1_900m;5.00;190;190;12.18;26.23
6600.00;6900.00;1968.00;23.93;E0_0_1000m;5.00;164;164;11.42;24.08
6600.00;6900.00;2280.00;25.75;E0_1_1000m;5.00;190;191;12.36;25.99
6600.00;6900.00;1956.00;23.64;E0_0_1100m;5.00;163;163;11.49;23.77
6600.00;6900.00;2292.00;25.41;E0_1_1100m;5.00;191;191;12.53;25.64
6600.00;6900.00;1956.00;23.53;E0_0_1200m;5.00;163;163;11.54;23.67
6600.00;6900.00;2304.00;25.21;E0_1_1200m;5.00;192;191;12.69;25.44
6600.00;6900.00;1956.00;23.34;E0_0_1300m;5.00;163;163;11.64;23.47
6600.00;6900.00;2304.00;24.95;E0_1_1300m;5.00;192;192;12.83;25.19
6600.00;6900.00;1944.00;23.16;E0_0_1400m;5.00;162;162;11.66;23.29
6600.00;6900.00;2316.00;24.68;E0_1_1400m;5.00;193;193;13.03;24.92
6600.00;6900.00;1944.00;23.15;E0_0_1500m;5.00;162;161;11.66;23.26
6600.00;6900.00;2328.00;24.49;E0_1_1500m;5.00;194;194;13.20;24.72
6600.00;6900.00;1932.00;23.18;E0_0_1600m;5.00;161;162;11.64;23.28
6600.00;6900.00;2328.00;24.42;E0_1_1600m;5.00;194;195;13.30;24.65
6600.00;6900.00;1920.00;23.31;E0_0_1700m;5.00;160;160;11.44;23.42
6600.00;6900.00;2328.00;24.41;E0_1_1700m;5.00;194;194;13.25;24.65
6600.00;6900.00;1920.00;23.30;E0_0_1800m;5.00;160;160;11.44;23.42
6600.00;6900.00;2340.00;24.34;E0_1_1800m;5.00;195;194;13.35;24.58
6600.00;6900.00;1932.00;23.21;E0_0_1900m;5.00;161;160;11.50;23.32
6600.00;6900.00;2340.00;24.23;E0_1_1900m;5.00;195;195;13.41;24.46
6600.00;6900.00;1956.00;22.99;E0_0_2000m;5.00;163;162;11.78;23.09
6600.00;6900.00;2376.00;24.10;E0_1_2000m;5.00;198;198;13.69;24.31
6600.00;6900.00;1992.00;22.89;E0_0_2100m;5.00;166;166;12.09;22.99
6600.00;6900.00;2412.00;23.94;E0_1_2100m;5.00;201;200;13.94;24.14
6600.00;6900.00;2040.00;22.82;E0_0_2200m;5.00;170;170;12.42;22.90
6600.00;6900.00;2436.00;23.85;E0_1_2200m;5.00;203;203;14.18;24.05
6600.00;6900.00;2076.00;22.76;E0_0_2300m;5.00;173;174;12.72;22.84
6600.00;6900.00;2472.00;23.75;E0_1_2300m;5.00;206;206;14.45;23.95
6600.00;6900.00;2040.00;22.69;E0_0_2400m;5.00;170;171;12.53;22.78
6600.00;6900.00;2448.00;23.67;E0_1_2400m;5.00;204;204;14.36;23.87
6600.00;6900.00;2040.00;22.69;E0_0_2500m;5.00;170;170;12.49;22.78
6600.00;6900.00;2412.00;23.67;E0_1_2500m;5.00;201;201;14.15;23.89
6600.00;6900.00;2052.00;22.69;E0_0_2600m;5.00;171;171;12.56;22.78
6600.00;6900.00;2376.00;23.51;E0_1_2600m;5.00;198;198;14.04;23.69
6600.00;6900.00;2016.00;22.65;E0_0_2700m;5.00;168;168;12.36;22.73
6600.00;6900.00;2340.00;23.33;E0_1_2700m;5.00;195;195;13.93;23.49
6600.00;6900.00;1992.00;22.61;E0_0_2800m;5.00;166;166;12.23;22.69
6600.00;6900.00;2328.00;23.24;E0_1_2800m;5.00;194;194;13.91;23.39
6600.00;6900.00;1968.00;22.52;E0_0_2900m;5.00;164;164;12.14;22.59
6600.00;6900.00;2280.00;23.09;E0_1_2900m;5.00;190;190;13.71;23.23
6600.00;6900.00;1920.00;22.32;E0_0_3000m;5.00;160;160;11.95;22.37
6600.00;6900.00;2256.00;22.93;E0_1_3000m;5.00;188;188;13.67;23.05
6600.00;6900.00;1908.00;22.25;E0_0_3100m;5.00;159;159;11.91;22.30
6600.00;6900.00;2256.00;22.85;E0_1_3100m;5.00;188;188;13.71;22.98
6600.00;6900.00;1908.00;22.17;E0_0_3200m;5.00;159;159;11.95;22.20
6600.00;6900.00;2256.00;22.81;E0_1_3200m;5.00;188;188;13.74;22.94
6600.00;6900.00;1908.00;22.13;E0_0_3300m;5.00;159;159;11.98;22.17
6600.00;6900.00;2244.00;22.75;E0_1_3300m;5.00;187;187;13.70;22.90
6600.00;6900.00;1884.00;22.09;E0_0_3400m;5.00;157;157;11.85;22.13
6600.00;6900.00;2256.00;22.62;E0_1_3400m;5.00;188;188;13.85;22.74
6600.00;6900.00;1872.00;22.08;E0_0_3500m;5.00;156;156;11.77;22.12
6600.00;6900.00;2256.00;22.53;E0_1_3500m;5.00;188;188;13.91;22.63
6600.00;6900.00;1860.00;22.06;E0_0_3600m;5.00;155;155;11.71;22.09
6600.00;6900.00;2256.00;22.43;E0_1_3600m;5.00;188;188;13.97;22.53
6600.00;6900.00;1836.00;21.99;E0_0_3700m;5.00;153;154;11.64;22.03
6600.00;6900.00;2256.00;22.33;E0_1_3700m;5.00;188;188;14.03;22.42
6600.00;6900.00;1836.00;21.97;E0_0_3800m;5.00;153;154;11.66;22.01
6600.00;6900.00;2256.00;22.22;E0_1_3800m;5.00;188;188;14.10;22.29
6600.00;6900.00;1812.00;21.86;E0_0_3900m;5.00;151;152;11.58;21.89
6600.00;6900.00;2268.00;22.10;E0_1_3900m;5.00;189;189;14.25;22.16
6600.00;6900.00;1812.00;21.70;E0_0_4000m;5.00;151;151;11.60;21.72
6600.00;6900.00;2268.00;22.00;E0_1_4000m;5.00;189;189;14.32;22.04
6600.00;6900.00;1812.00;21.64;E0_0_4100m;5.00;151;151;11.60;21.67
6600.00;6900.00;2268.00;21.93;E0_1_4100m;5.00;189;189;14.37;21.95
6600.00;6900.00;1812.00;21.53;E0_0_4200m;5.00;151;150;11.68;21.57
6600.00;6900.00;2280.00;21.92;E0_1_4200m;5.00;190;189;14.37;21.94
6600.00;6900.00;1812.00;21.57;E0_0_4300m;5.00;151;152;11.71;21.61
6600.00;6900.00;2292.00;21.99;E0_1_4300m;5.00;191;191;14.48;22.03
6600.00;6900.00;1812.00;21.76;E0_0_4400m;5.00;151;151;11.56;21.83
6600.00;6900.00;2280.00;22.06;E0_1_4400m;5.00;190;191;14.41;22.13
6600.00;6900.00;1824.00;21.86;E0_0_4500m;5.00;152;152;11.59;21.90
6600.00;6900.00;2268.00;22.14;E0_1_4500m;5.00;189;189;14.23;22.22
6600.00;6900.00;1836.00;21.97;E0_0_4600m;5.00;153;153;11.61;22.01
6600.00;6900.00;2268.00;22.14;E0_1_4600m;5.00;189;189;14.23;22.19
6600.00;6900.00;1848.00;22.11;E0_0_4700m;5.00;154;154;11.61;22.14
6600.00;6900.00;2292.00;22.22;E0_1_4700m;5.00;191;191;14.33;22.26
6600.00;6900.00;1872.00;22.26;E0_0_4800m;5.00;156;156;11.68;22.30
6600.00;6900.00;2292.00;22.34;E0_1_4800m;5.00;191;191;14.25;22.38
6600.00;6900.00;1884.00;22.42;E0_0_4900m;5.00;157;157;11.67;22.47
6600.00;6900.00;2292.00;22.50;E0_1_4900m;5.00;191;191;14.15;22.55
6600.00;6900.00;1908.00;22.61;E0_0_5000m;5.00;159;159;11.72;22.67
6600.00;6900.00;2304.00;22.69;E0_1_5000m;5.00;192;191;14.04;22.75
6900.00;7200.00;0.00;-1.00;E0_0_0m;-1.00;0;0;0.00;-1.00
6900.00;7200.00;0.00;-1.00;E0_1_0m;-1.00;0;0;0.00;-1.00
6900.00;7200.00;1908.00;25.67;E0_0_100m;5.00;159;159;10.32;25.87
6900.00;7200.00;2256.00;27.16;E0_1_100m;5.00;188;188;11.54;27.35
6900.00;7200.00;1908.00;25.98;E0_0_200m;5.00;159;159;10.20;26.18
6900.00;7200.00;2244.00;27.85;E0_1_200m;5.00;187;188;11.21;28.08
6900.00;7200.00;1908.00;26.05;E0_0_300m;5.00;159;159;10.17;26.24
6900.00;7200.00;2244.00;27.81;E0_1_300m;5.00;187;187;11.21;28.05
6900.00;7200.00;1908.00;25.83;E0_0_400m;5.00;159;159;10.26;26.03
6900.00;7200.00;2268.00;27.63;E0_1_400m;5.00;189;188;11.38;27.87
6900.00;7200.00;1908.00;25.55;E0_0_500m;5.00;159;159;10.32;25.73
6900.00;7200.00;2292.00;27.44;E0_1_500m;5.00;191;191;11.60;27.67
6900.00;7200.00;1896.00;25.43;E0_0_600m;5.00;158;159;10.36;25.61
6900.00;7200.00;2304.00;27.28;E0_1_600m;5.00;192;192;11.73;27.51
6900.00;7200.00;1908.00;25.24;E0_0_700m;5.00;159;159;10.50;25.43
6900.00;7200.00;2292.00;27.20;E0_1_700m;5.00;191;192;11.71;27.43
6900.00;7200.00;1884.00;25.09;E0_0_800m;5.00;157;158;10.48;25.30
6900.00;7200.00;2316.00;27.11;E0_1_800m;5.00;193;192;11.82;27.34
6900.00;7200.00;1872.00;25.03;E0_0_900m;5.00;156;156;10.39;25.21
6900.00;7200.00;2304.00;26.98;E0_1_900m;5.00;192;192;11.86;27.18
6900.00;7200.00;1884.00;24.92;E0_0_1000m;5.00;157;157;10.50;25.07
6900.00;7200.00;2304.00;26.79;E0_1_1000m;5.00;192;192;11.95;26.98
6900.00;7200.00;1896.00;24.73;E0_0_1100m;5.00;158;159;10.70;24.83
6900.00;7200.00;2292.00;26.57;E0_1_1100m;5.00;191;192;12.00;26.77
6900.00;7200.00;1920.00;24.32;E0_0_1200m;5.00;160;160;10.96;24.44
6900.00;7200.00;2292.00;26.27;E0_1_1200m;5.00;191;191;12.12;26.47
6900.00;7200.00;1944.00;23.93;E0_0_1300m;5.00;162;162;11.28;24.08
6900.00;7200.00;2328.00;25.88;E0_1_1300m;5.00;194;194;12.49;26.12
6900.00;7200.00;1980.00;23.41;E0_0_1400m;5.00;165;165;11.75;23.56
6900.00;7200.00;2352.00;25.42;E0_1_1400m;5.00;196;196;12.85;25.69
6900.00;7200.00;2004.00;22.94;E0_0_1500m;5.00;167;167;12.13;23.08
6900.00;7200.00;2352.00;24.94;E0_1_1500m;5.00;196;196;13.10;25.20
6900.00;7200.00;2016.00;22.88;E0_0_1600m;5.00;168;167;12.18;23.03
6900.00;7200.00;2376.00;24.41;E0_1_1600m;5.00;198;197;13.47;24.65
6900.00;7200.00;2016.00;22.91;E0_0_1700m;5.00;168;168;12.22;23.03
6900.00;7200.00;2400.00;24.03;E0_1_1700m;5.00;200;200;13.87;24.23
6900.00;7200.00;2028.00;22.77;E0_0_1800m;5.00;169;169;12.37;22.86
6900.00;7200.00;2412.00;23.72;E0_1_1800m;5.00;201;201;14.12;23.91
6900.00;7200.00;2040.00;22.59;E0_0_1900m;5.00;170;170;12.55;22.66
6900.00;7200.00;2448.00;23.52;E0_1_1900m;5.00;204;204;14.45;23.70
6900.00;7200.00;2052.00;22.43;E0_0_2000m;5.00;171;171;12.70;22.51
6900.00;7200.00;2448.00;23.45;E0_1_2000m;5.00;204;204;14.50;23.64
6900.00;7200.00;2028.00;22.40;E0_0_2100m;5.00;169;169;12.57;22.46
6900.00;7200.00;2424.00;23.34;E0_1_2100m;5.00;202;202;14.43;23.52
6900.00;7200.00;2016.00;22.34;E0_0_2200m;5.00;168;168;12.53;22.42
6900.00;7200.00;2364.00;23.17;E0_1_2200m;5.00;197;198;14.22;23.33
6900.00;7200.00;2028.00;22.29;E0_0_2300m;5.00;169;168;12.59;22.34
6900.00;7200.00;2352.00;23.06;E0_1_2300m;5.00;196;196;14.17;23.20
6900.00;7200.00;2016.00;22.27;E0_0_2400m;5.00;168;167;12.53;22.32
6900.00;7200.00;2376.00;23.05;E0_1_2400m;5.00;198;198;14.32;23.20
6900.00;7200.00;1992.00;22.22;E0_0_2500m;5.00;166;166;12.45;22.27
6900.00;7200.00;2364.00;22.98;E0_1_2500m;5.00;197;197;14.29;23.12
6900.00;7200.00;1956.00;22.24;E0_0_2600m;5.00;163;163;12.22;22.28
6900.00;7200.00;2352.00;22.87;E0_1_2600m;5.00;196;197;14.32;22.99
6900.00;7200.00;1956.00;22.34;E0_0_2700m;5.00;163;164;12.19;22.39
6900.00;7200.00;2352.00;22.81;E0_1_2700m;5.00;196;196;14.32;22.92
6900.00;7200.00;1980.00;22.31;E0_0_2800m;5.00;165;165;12.33;22.36
6900.00;7200.00;2328.00;22.75;E0_1_2800m;5.00;194;194;14.21;22.85
6900.00;7200.00;1980.00;22.24;E0_0_2900m;5.00;165;165;12.37;22.29
6900.00;7200.00;2352.00;22.73;E0_1_2900m;5.00;196;196;14.37;22.82
6900.00;7200.00;1992.00;22.18;E0_0_3000m;5.00;166;166;12.48;22.23
6900.00;7200.00;2352.00;22.71;E0_1_3000m;5.00;196;197;14.41;22.79
6900.00;7200.00;2004.00;22.29;E0_0_3100m;5.00;167;168;12.52;22.34
6900.00;7200.00;2352.00;22.71;E0_1_3100m;5.00;196;196;14.39;22.79
6900.00;7200.00;2028.00;22.33;E0_0_3200m;5.00;169;169;12.61;22.39
6900.00;7200.00;2340.00;22.72;E0_1_3200m;5.00;195;196;14.31;22.82
6900.00;7200.00;2040.00;22.35;E0_0_3300m;5.00;170;170;12.68;22.40
6900.00;7200.00;2340.00;22.73;E0_1_3300m;5.00;195;195;14.30;22.82
6900.00;7200.00;2052.00;22.34;E0_0_3400m;5.00;171;171;12.76;22.39
6900.00;7200.00;2340.00;22.72;E0_1_3400m;5.00;195;195;14.30;22.82
6900.00;7200.00;2064.00;22.38;E0_0_3500m;5.00;172;172;12.81;22.42
6900.00;7200.00;2340.00;22.71;E0_1_3500m;5.00;195;195;14.31;22.80
6900.00;7200.00;2076.00;22.33;E0_0_3600m;5.00;173;173;12.91;22.37
6900.00;7200.00;2340.00;22.69;E0_1_3600m;5.00;195;195;14.32;22.79
6900.00;7200.00;2088.00;22.17;E0_0_3700m;5.00;174;173;13.04;22.20
6900.00;7200.00;2340.00;22.71;E0_1_3700m;5.00;195;195;14.31;22.82
6900.00;7200.00;2124.00;21.93;E0_0_3800m;5.00;177;176;13.40;21.96
6900.00;7200.00;2316.00;22.66;E0_1_3800m;5.00;193;193;14.20;22.77
6900.00;7200.00;2112.00;21.94;E0_0_3900m;5.00;176;175;13.30;21.97
6900.00;7200.00;2304.00;22.55;E0_1_3900m;5.00;192;193;14.26;22.65
6900.00;7200.00;2112.00;22.03;E0_0_4000m;5.00;176;176;13.32;22.06
6900.00;7200.00;2304.00;22.53;E0_1_4000m;5.00;192;192;14.21;22.63
6900.00;7200.00;2124.00;22.10;E0_0_4100m;5.00;177;176;13.31;22.16
6900.00;7200.00;2292.00;22.53;E0_1_4100m;5.00;191;192;14.18;22.63
6900.00;7200.00;2124.00;22.12;E0_0_4200m;5.00;177;177;13.33;22.16
6900.00;7200.00;2292.00;22.56;E0_1_4200m;5.00;191;191;14.11;22.67
6900.00;7200.00;2124.00;22.15;E0_0_4300m;5.00;177;176;13.28;22.19
6900.00;7200.00;2292.00;22.62;E0_1_4300m;5.00;191;191;14.08;22.73
6900.00;7200.00;2124.00;22.18;E0_0_4400m;5.00;177;177;13.30;22.22
6900.00;7200.00;2292.00;22.72;E0_1_4400m;5.00;191;191;14.01;22.85
6900.00;7200.00;2124.00;22.16;E0_0_4500m;5.00;177;177;13.31;22.19
6900.00;7200.00;2292.00;22.83;E0_1_4500m;5.00;191;191;13.94;22.97
6900.00;7200.00;2100.00;22.20;E0_0_4600m;5.00;175;175;13.14;22.23
6900.00;7200.00;2292.00;22.95;E0_1_4600m;5.00;191;191;13.87;23.09
6900.00;7200.00;2088.00;22.31;E0_0_4700m;5.00;174;174;13.00;22.35
6900.00;7200.00;2280.00;23.04;E0_1_4700m;5.00;190;190;13.74;23.17
6900.00;7200.00;2052.00;22.39;E0_0_4800m;5.00;171;171;12.73;22.42
6900.00;7200.00;2292.00;23.17;E0_1_4800m;5.00;191;191;13.74;23.30
6900.00;7200.00;2040.00;22.52;E0_0_4900m;5.00;170;170;12.58;22.56
6900.00;7200.00;2280.00;23.31;E0_1_4900m;5.00;190;191;13.60;23.43
6900.00;7200.00;2016.00;22.67;E0_0_5000m;5.00;168;168;12.35;22.72
6900.00;7200.00;2280.00;23.48;E0_1_5000m;5.00;190;190;13.48;23.61
7200.00;7500.00;0.00;-1.00;E0_0_0m;-1.00;0;0;0.00;-1.00
7200.00;7500.00;0.00;-1.00;E0_1_0m;-1.00;0;0;0.00;-1.00
7200.00;7500.00;2304.00;25.36;E0_0_100m;5.00;192;192;12.62;25.48
7200.00;7500.00;2304.00;27.77;E0_1_100m;5.00;192;193;11.56;27.92
7200.00;7500.00;2316.00;25.21;E0_0_200m;5.00;193;193;12.76;25.33
7200.00;7500.00;2316.00;27.95;E0_1_200m;5.00;193;192;11.48;28.11
7200.00;7500.00;2268.00;25.05;E0_0_300m;5.00;189;190;12.60;25.17
7200.00;7500.00;2340.00;27.67;E0_1_300m;5.00;195;195;11.75;27.81
7200.00;7500.00;2232.00;24.93;E0_0_400m;5.00;186;186;12.44;25.03
7200.00;7500.00;2364.00;27.56;E0_1_400m;5.00;197;197;11.91;27.67
7200.00;7500.00;2196.00;25.06;E0_0_500m;5.00;183;183;12.19;25.16
7200.00;7500.00;2388.00;27.44;E0_1_500m;5.00;199;199;12.09;27.55
7200.00;7500.00;2184.00;25.15;E0_0_600m;5.00;182;182;12.08;25.25
7200.00;7500.00;2388.00;27.33;E0_1_600m;5.00;199;199;12.14;27.43
7200.00;7500.00;2160.00;25.15;E0_0_700m;5.00;180;180;11.93;25.24
7200.00;7500.00;2412.00;27.22;E0_1_700m;5.00;201;200;12.30;27.30
7200.00;7500.00;2160.00;25.13;E0_0_800m;5.00;180;181;11.96;25.23
7200.00;7500.00;2412.00;27.09;E0_1_800m;5.00;201;201;12.36;27.18
7200.00;7500.00;2172.00;25.15;E0_0_900m;5.00;181;181;12.00;25.24
7200.00;7500.00;2424.00;27.02;E0_1_900m;5.00;202;202;12.46;27.09
7200.00;7500.00;2148.00;25.12;E0_0_1000m;5.00;179;179;11.88;25.20
7200.00;7500.00;2436.00;26.87;E0_1_1000m;5.00;203;203;12.59;26.94
7200.00;7500.00;2136.00;25.19;E0_0_1100m;5.00;178;178;11.78;25.27
7200.00;7500.00;2448.00;26.70;E0_1_1100m;5.00;204;203;12.72;26.76
7200.00;7500.00;2136.00;25.16;E0_0_1200m;5.00;178;178;11.79;25.24
7200.00;7500.00;2424.00;26.64;E0_1_1200m;5.00;202;202;12.64;26.69
7200.00;7500.00;2112.00;25.14;E0_0_1300m;5.00;176;176;11.67;25.21
7200.00;7500.00;2388.00;26.58;E0_1_1300m;5.00;199;200;12.51;26.66
7200.00;7500.00;2088.00;25.12;E0_0_1400m;5.00;174;174;11.55;25.19
7200.00;7500.00;2364.00;26.55;E0_1_1400m;5.00;197;197;12.37;26.64
7200.00;7500.00;2076.00;25.16;E0_0_1500m;5.00;173;173;11.46;25.23
7200.00;7500.00;2352.00;26.58;E0_1_1500m;5.00;196;196;12.29;26.68
7200.00;7500.00;2076.00;25.21;E0_0_1600m;5.00;173;173;11.44;25.26
7200.00;7500.00;2340.00;26.54;E0_1_1600m;5.00;195;195;12.24;26.65
7200.00;7500.00;2112.00;25.25;E0_0_1700m;5.00;176;176;11.62;25.30
7200.00;7500.00;2316.00;26.46;E0_1_1700m;5.00;193;194;12.16;26.57
7200.00;7500.00;2112.00;25.24;E0_0_1800m;5.00;176;176;11.62;25.29
7200.00;7500.00;2328.00;26.42;E0_1_1800m;5.00;194;194;12.24;26.52
7200.00;7500.00;2112.00;25.11;E0_0_1900m;5.00;176;176;11.68;25.15
7200.00;7500.00;2340.00;26.40;E0_1_1900m;5.00;195;195;12.31;26.50
7200.00;7500.00;2112.00;25.03;E0_0_2000m;5.00;176;176;11.72;25.07
7200.00;7500.00;2316.00;26.34;E0_1_2000m;5.00;193;193;12.21;26.44
7200.00;7500.00;2088.00;24.97;E0_0_2100m;5.00;174;174;11.62;25.01
7200.00;7500.00;2328.00;26.26;E0_1_2100m;5.00;194;194;12.31;26.36
7200.00;7500.00;2088.00;25.01;E0_0_2200m;5.00;174;174;11.59;25.05
7200.00;7500.00;2328.00;26.21;E0_1_2200m;5.00;194;194;12.34;26.30
7200.00;7500.00;2040.00;25.07;E0_0_2300m;5.00;170;171;11.34;25.11
7200.00;7500.00;2316.00;26.15;E0_1_2300m;5.00;193;193;12.30;26.24
7200.00;7500.00;2016.00;25.07;E0_0_2400m;5.00;168;169;11.20;25.10
7200.00;7500.00;2328.00;26.09;E0_1_2400m;5.00;194;194;12.39;26.20
7200.00;7500.00;2016.00;24.84;E0_0_2500m;5.00;168;169;11.34;24.89
7200.00;7500.00;2328.00;26.13;E0_1_2500m;5.00;194;194;12.38;26.23
7200.00;7500.00;2004.00;24.69;E0_0_2600m;5.00;167;168;11.34;24.74
7200.00;7500.00;2352.00;26.11;E0_1_2600m;5.00;196;195;12.47;26.22
7200.00;7500.00;2004.00;24.68;E0_0_2700m;5.00;167;167;11.31;24.74
7200.00;7500.00;2352.00;26.08;E0_1_2700m;5.00;196;196;12.53;26.19
7200.00;7500.00;1980.00;24.65;E0_0_2800m;5.00;165;165;11.15;24.71
7200.00;7500.00;2352.00;26.07;E0_1_2800m;5.00;196;196;12.53;26.19
7200.00;7500.00;1968.00;24.59;E0_0_2900m;5.00;164;164;11.12;24.64
7200.00;7500.00;2352.00;26.03;E0_1_2900m;5.00;196;196;12.55;26.15
7200.00;7500.00;1980.00;24.52;E0_0_3000m;5.00;165;165;11.22;24.57
7200.00;7500.00;2328.00;25.90;E0_1_3000m;5.00;194;193;12.46;26.02
7200.00;7500.00;1956.00;24.46;E0_0_3100m;5.00;163;162;11.07;24.51
7200.00;7500.00;2340.00;25.74;E0_1_3100m;5.00;195;195;12.62;25.85
7200.00;7500.00;1908.00;24.41;E0_0_3200m;5.00;159;159;10.86;24.46
7200.00;7500.00;2376.00;25.64;E0_1_3200m;5.00;198;197;12.87;25.75
7200.00;7500.00;1908.00;24.37;E0_0_3300m;5.00;159;159;10.87;24.43
7200.00;7500.00;2364.00;25.63;E0_1_3300m;5.00;197;198;12.86;25.74
7200.00;7500.00;1908.00;24.30;E0_0_3400m;5.00;159;159;10.90;24.35
7200.00;7500.00;2364.00;25.56;E0_1_3400m;5.00;197;197;12.85;25.67
7200.00;7500.00;1932.00;24.28;E0_0_3500m;5.00;161;161;11.05;24.34
7200.00;7500.00;2340.00;25.47;E0_1_3500m;5.00;195;195;12.76;25.59
7200.00;7500.00;1920.00;24.27;E0_0_3600m;5.00;160;160;10.99;24.32
7200.00;7500.00;2340.00;25.31;E0_1_3600m;5.00;195;195;12.84;25.42
7200.00;7500.00;1932.00;24.14;E0_0_3700m;5.00;161;161;11.11;24.19
7200.00;7500.00;2340.00;25.18;E0_1_3700m;5.00;195;195;12.91;25.27
7200.00;7500.00;1920.00;24.10;E0_0_3800m;5.00;160;160;11.07;24.15
7200.00;7500.00;2352.00;25.10;E0_1_3800m;5.00;196;196;13.01;25.18
7200.00;7500.00;1920.00;24.16;E0_0_3900m;5.00;160;161;11.08;24.22
7200.00;7500.00;2376.00;25.06;E0_1_3900m;5.00;198;197;13.10;25.13
7200.00;7500.00;1956.00;24.23;E0_0_4000m;5.00;163;164;11.22;24.30
7200.00;7500.00;2352.00;25.09;E0_1_4000m;5.00;196;196;13.02;25.16
7200.00;7500.00;1968.00;24.15;E0_0_4100m;5.00;164;164;11.32;24.22
7200.00;7500.00;2352.00;25.15;E0_1_4100m;5.00;196;196;12.99;25.22
7200.00;7500.00;1968.00;24.11;E0_0_4200m;5.00;164;164;11.34;24.16
7200.00;7500.00;2352.00;25.20;E0_1_4200m;5.00;196;196;12.96;25.27
7200.00;7500.00;1968.00;24.11;E0_0_4300m;5.00;164;164;11.34;24.16
7200.00;7500.00;2340.00;25.17;E0_1_4300m;5.00;195;195;12.91;25.24
7200.00;7500.00;1992.00;24.07;E0_0_4400m;5.00;166;166;11.49;24.12
7200.00;7500.00;2328.00;25.11;E0_1_4400m;5.00;194;194;12.88;25.18
7200.00;7500.00;1992.00;24.07;E0_0_4500m;5.00;166;166;11.49;24.12
7200.00;7500.00;2328.00;25.03;E0_1_4500m;5.00;194;194;12.92;25.10
7200.00;7500.00;1968.00;24.12;E0_0_4600m;5.00;164;166;11.41;24.18
7200.00;7500.00;2352.00;25.05;E0_1_4600m;5.00;196;196;13.04;25.12
7200.00;7500.00;1992.00;24.16;E0_0_4700m;5.00;166;166;11.45;24.21
7200.00;7500.00;2328.00;25.13;E0_1_4700m;5.00;194;194;12.87;25.20
7200.00;7500.00;1992.00;24.11;E0_0_4800m;5.00;166;166;11.48;24.16
7200.00;7500.00;2328.00;25.23;E0_1_4800m;5.00;194;194;12.82;25.31
7200.00;7500.00;1980.00;24.16;E0_0_4900m;5.00;165;166;11.39;24.21
7200.00;7500.00;2352.00;25.36;E0_1_4900m;5.00;196;195;12.87;25.44
7200.00;7500.00;1980.00;24.20;E0_0_5000m;5.00;165;166;11.40;24.25
7200.00;7500.00;2352.00;25.54;E0_1_5000m;5.00;196;197;12.80;25.63
7500.00;7800.00;0.00;-1.00;E0_0_0m;-1.00;0;0;0.00;-1.00
7500.00;7800.00;0.00;-1.00;E0_1_0m;-1.00;0;0;0.00;-1.00
7500.00;7800.00;1680.00;26.66;E0_0_100m;5.00;140;140;8.75;26.78
7500.00;7800.00;2292.00;27.93;E0_1_100m;5.00;191;190;11.36;28.03
7500.00;7800.00;1728.00;26.55;E0_0_200m;5.00;144;144;9.04;26.68
7500.00;7800.00;2196.00;28.12;E0_1_200m;5.00;183;184;10.89;28.25
7500.00;7800.00;1728.00;26.49;E0_0_300m;5.00;144;143;9.03;26.61
7500.00;7800.00;2208.00;28.13;E0_1_300m;5.00;184;184;10.90;28.27
7500.00;7800.00;1740.00;26.43;E0_0_400m;5.00;145;145;9.14;26.54
7500.00;7800.00;2196.00;28.13;E0_1_400m;5.00;183;183;10.84;28.27
7500.00;7800.00;1740.00;26.27;E0_0_500m;5.00;145;144;9.17;26.37
7500.00;7800.00;2196.00;28.09;E0_1_500m;5.00;183;183;10.86;28.23
7500.00;7800.00;1752.00;25.98;E0_0_600m;5.00;146;145;9.34;26.09
7500.00;7800.00;2196.00;28.12;E0_1_600m;5.00;183;183;10.85;28.24
7500.00;7800.00;1764.00;25.76;E0_0_700m;5.00;147;147;9.51;25.88
7500.00;7800.00;2184.00;28.06;E0_1_700m;5.00;182;183;10.84;28.17
7500.00;7800.00;1776.00;25.71;E0_0_800m;5.00;148;148;9.60;25.86
7500.00;7800.00;2172.00;28.05;E0_1_800m;5.00;181;181;10.76;28.17
7500.00;7800.00;1764.00;25.54;E0_0_900m;5.00;147;147;9.59;25.69
7500.00;7800.00;2172.00;28.01;E0_1_900m;5.00;181;181;10.77;28.13
7500.00;7800.00;1740.00;25.49;E0_0_1000m;5.00;145;145;9.48;25.66
7500.00;7800.00;2220.00;28.00;E0_1_1000m;5.00;185;185;11.01;28.12
7500.00;7800.00;1788.00;25.45;E0_0_1100m;5.00;149;150;9.80;25.61
7500.00;7800.00;2184.00;28.04;E0_1_1100m;5.00;182;182;10.82;28.16
7500.00;7800.00;1788.00;25.45;E0_0_1200m;5.00;149;150;9.80;25.60
7500.00;7800.00;2220.00;28.16;E0_1_1200m;5.00;185;185;10.95;28.28
7500.00;7800.00;1824.00;25.42;E0_0_1300m;5.00;152;152;9.97;25.57
7500.00;7800.00;2232.00;28.15;E0_1_1300m;5.00;186;186;11.02;28.28
7500.00;7800.00;1848.00;25.20;E0_0_1400m;5.00;154;154;10.19;25.35
7500.00;7800.00;2256.00;28.16;E0_1_1400m;5.00;188;188;11.13;28.28
7500.00;7800.00;1860.00;24.95;E0_0_1500m;5.00;155;155;10.36;25.08
7500.00;7800.00;2292.00;28.02;E0_1_1500m;5.00;191;191;11.36;28.13
7500.00;7800.00;1860.00;24.75;E0_0_1600m;5.00;155;155;10.44;24.87
7500.00;7800.00;2328.00;27.90;E0_1_1600m;5.00;194;194;11.59;28.00
7500.00;7800.00;1788.00;24.55;E0_0_1700m;5.00;149;149;10.12;24.69
7500.00;7800.00;2376.00;27.83;E0_1_1700m;5.00;198;197;11.85;27.94
7500.00;7800.00;1788.00;24.40;E0_0_1800m;5.00;149;149;10.18;24.56
7500.00;7800.00;2388.00;27.86;E0_1_1800m;5.00;199;199;11.90;27.96
7500.00;7800.00;1776.00;24.32;E0_0_1900m;5.00;148;148;10.14;24.50
7500.00;7800.00;2352.00;27.88;E0_1_1900m;5.00;196;196;11.72;27.97
7500.00;7800.00;1776.00;24.21;E0_0_2000m;5.00;148;148;10.19;24.41
7500.00;7800.00;2328.00;27.99;E0_1_2000m;5.00;194;194;11.55;28.08
7500.00;7800.00;1788.00;24.10;E0_0_2100m;5.00;149;149;10.30;24.30
7500.00;7800.00;2316.00;27.96;E0_1_2100m;5.00;193;193;11.50;28.06
7500.00;7800.00;1800.00;24.07;E0_0_2200m;5.00;150;150;10.39;24.27
7500.00;7800.00;2304.00;27.86;E0_1_2200m;5.00;192;193;11.54;27.96
7500.00;7800.00;1800.00;23.98;E0_0_2300m;5.00;150;149;10.39;24.18
7500.00;7800.00;2316.00;27.84;E0_1_2300m;5.00;193;193;11.56;27.92
7500.00;7800.00;1812.00;23.90;E0_0_2400m;5.00;151;150;10.50;24.08
7500.00;7800.00;2304.00;27.85;E0_1_2400m;5.00;192;192;11.49;27.92
7500.00;7800.00;1812.00;23.86;E0_0_2500m;5.00;151;151;10.49;24.04
7500.00;7800.00;2304.00;27.81;E0_1_2500m;5.00;192;192;11.51;27.88
7500.00;7800.00;1836.00;23.89;E0_0_2600m;5.00;153;152;10.61;24.07
7500.00;7800.00;2292.00;27.79;E0_1_2600m;5.00;191;192;11.47;27.85
7500.00;7800.00;1848.00;23.93;E0_0_2700m;5.00;154;153;10.66;24.11
7500.00;7800.00;2292.00;27.78;E0_1_2700m;5.00;191;192;11.47;27.84
7500.00;7800.00;1860.00;24.00;E0_0_2800m;5.00;155;155;10.77;24.17
7500.00;7800.00;2280.00;27.76;E0_1_2800m;5.00;190;191;11.47;27.82
7500.00;7800.00;1872.00;23.94;E0_0_2900m;5.00;156;156;10.86;24.11
7500.00;7800.00;2268.00;27.75;E0_1_2900m;5.00;189;189;11.35;27.81
7500.00;7800.00;1872.00;23.92;E0_0_3000m;5.00;156;156;10.87;24.09
7500.00;7800.00;2268.00;27.78;E0_1_3000m;5.00;189;189;11.34;27.85
7500.00;7800.00;1872.00;23.75;E0_0_3100m;5.00;156;156;10.95;23.90
7500.00;7800.00;2280.00;27.79;E0_1_3100m;5.00;190;190;11.40;27.86
7500.00;7800.00;1908.00;23.64;E0_0_3200m;5.00;159;159;11.21;23.79
7500.00;7800.00;2316.00;27.74;E0_1_3200m;5.00;193;193;11.60;27.84
7500.00;7800.00;1932.00;23.63;E0_0_3300m;5.00;161;161;11.36;23.76
7500.00;7800.00;2364.00;27.64;E0_1_3300m;5.00;197;197;11.88;27.77
7500.00;7800.00;1944.00;23.66;E0_0_3400m;5.00;162;162;11.41;23.79
7500.00;7800.00;2388.00;27.55;E0_1_3400m;5.00;199;199;12.04;27.69
7500.00;7800.00;1968.00;23.67;E0_0_3500m;5.00;164;164;11.55;23.79
7500.00;7800.00;2388.00;27.50;E0_1_3500m;5.00;199;200;12.07;27.65
7500.00;7800.00;1980.00;23.54;E0_0_3600m;5.00;165;165;11.68;23.64
7500.00;7800.00;2436.00;27.48;E0_1_3600m;5.00;203;203;12.31;27.65
7500.00;7800.00;2004.00;23.41;E0_0_3700m;5.00;167;167;11.89;23.51
7500.00;7800.00;2472.00;27.45;E0_1_3700m;5.00;206;206;12.51;27.63
7500.00;7800.00;1992.00;23.34;E0_0_3800m;5.00;166;167;11.91;23.44
7500.00;7800.00;2484.00;27.38;E0_1_3800m;5.00;207;207;12.60;27.57
7500.00;7800.00;2028.00;23.41;E0_0_3900m;5.00;169;168;11.99;23.52
7500.00;7800.00;2460.00;27.34;E0_1_3900m;5.00;205;206;12.51;27.55
7500.00;7800.00;1992.00;23.39;E0_0_4000m;5.00;166;166;11.85;23.50
7500.00;7800.00;2484.00;27.25;E0_1_4000m;5.00;207;207;12.66;27.46
7500.00;7800.00;1980.00;23.43;E0_0_4100m;5.00;165;166;11.80;23.53
7500.00;7800.00;2484.00;27.18;E0_1_4100m;5.00;207;207;12.69;27.39
7500.00;7800.00;1980.00;23.45;E0_0_4200m;5.00;165;166;11.75;23.54
7500.00;7800.00;2484.00;27.12;E0_1_4200m;5.00;207;208;12.76;27.33
7500.00;7800.00;1980.00;23.47;E0_0_4300m;5.00;165;165;11.72;23.56
7500.00;7800.00;2496.00;27.00;E0_1_4300m;5.00;208;208;12.84;27.21
7500.00;7800.00;2004.00;23.62;E0_0_4400m;5.00;167;167;11.79;23.73
7500.00;7800.00;2484.00;26.91;E0_1_4400m;5.00;207;207;12.82;27.13
7500.00;7800.00;2004.00;23.64;E0_0_4500m;5.00;167;168;11.78;23.74
7500.00;7800.00;2532.00;26.84;E0_1_4500m;5.00;211;211;13.10;27.04
7500.00;7800.00;2028.00;23.69;E0_0_4600m;5.00;169;168;11.86;23.80
7500.00;7800.00;2544.00;26.79;E0_1_4600m;5.00;212;212;13.19;26.98
7500.00;7800.00;2040.00;23.77;E0_0_4700m;5.00;170;170;11.92;23.88
7500.00;7800.00;2556.00;26.77;E0_1_4700m;5.00;213;213;13.26;26.95
7500.00;7800.00;2064.00;23.83;E0_0_4800m;5.00;172;172;12.03;23.93
7500.00;7800.00;2556.00;26.78;E0_1_4800m;5.00;213;213;13.26;26.98
7500.00;7800.00;2064.00;23.93;E0_0_4900m;5.00;172;171;11.97;24.03
7500.00;7800.00;2556.00;26.78;E0_1_4900m;5.00;213;213;13.26;27.00
7500.00;7800.00;2052.00;23.99;E0_0_5000m;5.00;171;170;11.84;24.11
7500.00;7800.00;2568.00;26.79;E0_1_5000m;5.00;214;213;13.30;27.00
