interval_begin;interval_end;interval_flow;interval_harmonicMeanSpeed;interval_id;interval_length;interval_nVehContrib;interval_nVehEntered;interval_occupancy;interval_speed
0.00;300.00;0.00;-1.00;E0_0_0m;-1.00;0;0;0.00;-1.00
0.00;300.00;0.00;-1.00;E0_1_0m;-1.00;0;0;0.00;-1.00
0.00;300.00;1668.00;26.67;E0_0_100m;5.00;139;139;8.69;26.85
0.00;300.00;2028.00;28.30;E0_1_100m;5.00;169;169;9.95;28.43
0.00;300.00;1728.00;26.58;E0_0_200m;5.00;144;144;9.03;26.78
0.00;300.00;1932.00;28.84;E0_1_200m;5.00;161;162;9.33;29.01
0.00;300.00;1692.00;26.37;E0_0_300m;5.00;141;141;8.91;26.57
0.00;300.00;1920.00;28.87;E0_1_300m;5.00;160;161;9.26;29.06
0.00;300.00;1644.00;26.29;E0_0_400m;5.00;137;137;8.68;26.51
0.00;300.00;1920.00;28.84;E0_1_400m;5.00;160;160;9.25;29.02
0.00;300.00;1632.00;26.23;E0_0_500m;5.00;136;136;8.64;26.46
0.00;300.00;1884.00;28.72;E0_1_500m;5.00;157;157;9.11;28.90
0.00;300.00;1608.00;26.10;E0_0_600m;5.00;134;134;8.56;26.33
0.00;300.00;1836.00;28.66;E0_1_600m;5.00;153;154;8.91;28.83
0.00;300.00;1572.00;25.96;E0_0_700m;5.00;131;132;8.44;26.20
0.00;300.00;1860.00;28.47;E0_1_700m;5.00;155;155;9.07;28.63
0.00;300.00;1560.00;25.85;E0_0_800m;5.00;130;130;8.38;26.09
0.00;300.00;1848.00;28.38;E0_1_800m;5.00;154;154;9.04;28.53
0.00;300.00;1500.00;25.78;E0_0_900m;5.00;125;125;8.08;26.03
0.00;300.00;1872.00;28.29;E0_1_900m;5.00;156;156;9.19;28.44
0.00;300.00;1500.00;25.71;E0_0_1000m;5.00;125;125;8.10;25.95
0.00;300.00;1848.00;28.33;E0_1_1000m;5.00;154;155;9.06;28.46
0.00;300.00;1488.00;25.64;E0_0_1100m;5.00;124;124;8.06;25.88
0.00;300.00;1824.00;28.29;E0_1_1100m;5.00;152;152;8.96;28.43
0.00;300.00;1452.00;25.62;E0_0_1200m;5.00;121;121;7.87;25.86
0.00;300.00;1800.00;28.13;E0_1_1200m;5.00;150;150;8.89;28.29
0.00;300.00;1416.00;25.47;E0_0_1300m;5.00;118;119;7.73;25.70
0.00;300.00;1776.00;28.01;E0_1_1300m;5.00;148;148;8.81;28.16
0.00;300.00;1416.00;25.32;E0_0_1400m;5.00;118;118;7.77;25.55
0.00;300.00;1740.00;27.91;E0_1_1400m;5.00;145;146;8.68;28.07
0.00;300.00;1392.00;25.23;E0_0_1500m;5.00;116;118;7.71;25.45
0.00;300.00;1728.00;27.71;E0_1_1500m;5.00;144;144;8.66;27.92
0.00;300.00;1392.00;25.16;E0_0_1600m;5.00;116;116;7.68;25.37
0.00;300.00;1704.00;27.77;E0_1_1600m;5.00;142;142;8.52;27.94
0.00;300.00;1356.00;25.09;E0_0_1700m;5.00;113;113;7.51;25.27
0.00;300.00;1680.00;27.66;E0_1_1700m;5.00;140;140;8.44;27.83
0.00;300.00;1308.00;25.08;E0_0_1800m;5.00;109;110;7.25;25.26
0.00;300.00;1692.00;27.50;E0_1_1800m;5.00;141;141;8.55;27.73
0.00;300.00;1260.00;25.07;E0_0_1900m;5.00;105;106;6.99;25.26
0.00;300.00;1668.00;27.67;E0_1_1900m;5.00;139;139;8.37;27.85
0.00;300.00;1260.00;25.12;E0_0_2000m;5.00;105;105;6.97;25.43
0.00;300.00;1608.00;27.68;E0_1_2000m;5.00;134;136;8.17;27.89
0.00;300.00;1224.00;24.90;E0_0_2100m;5.00;102;102;6.83;25.11
0.00;300.00;1584.00;27.77;E0_1_2100m;5.00;132;132;7.92;27.99
0.00;300.00;1224.00;24.99;E0_0_2200m;5.00;102;102;6.80;25.18
0.00;300.00;1536.00;27.81;E0_1_2200m;5.00;128;129;7.70;28.05
0.00;300.00;1164.00;25.00;E0_0_2300m;5.00;97;97;6.47;25.19
0.00;300.00;1524.00;27.70;E0_1_2300m;5.00;127;127;7.64;27.93
0.00;300.00;1128.00;25.21;E0_0_2400m;5.00;94;94;6.22;25.37
0.00;300.00;1500.00;27.61;E0_1_2400m;5.00;125;125;7.55;27.84
0.00;300.00;1116.00;25.28;E0_0_2500m;5.00;93;93;6.13;25.43
0.00;300.00;1452.00;27.44;E0_1_2500m;5.00;121;122;7.39;27.67
0.00;300.00;1092.00;25.22;E0_0_2600m;5.00;91;91;6.01;25.37
0.00;300.00;1452.00;27.27;E0_1_2600m;5.00;121;121;7.39;27.50
0.00;300.00;1092.00;25.17;E0_0_2700m;5.00;91;91;6.03;25.32
0.00;300.00;1416.00;27.15;E0_1_2700m;5.00;118;118;7.24;27.38
0.00;300.00;1092.00;25.18;E0_0_2800m;5.00;91;91;6.02;25.33
0.00;300.00;1380.00;26.97;E0_1_2800m;5.00;115;115;7.11;27.22
0.00;300.00;1080.00;25.09;E0_0_2900m;5.00;90;90;5.98;25.23
0.00;300.00;1344.00;26.81;E0_1_2900m;5.00;112;112;6.96;27.08
0.00;300.00;1056.00;24.82;E0_0_3000m;5.00;88;88;5.91;24.97
0.00;300.00;1332.00;26.42;E0_1_3000m;5.00;111;111;7.00;26.66
0.00;300.00;1032.00;24.65;E0_0_3100m;5.00;86;86;5.82;24.80
0.00;300.00;1308.00;25.97;E0_1_3100m;5.00;109;110;7.00;26.17
0.00;300.00;1020.00;24.47;E0_0_3200m;5.00;85;85;5.79;24.62
0.00;300.00;1296.00;25.66;E0_1_3200m;5.00;108;108;7.02;25.85
0.00;300.00;1008.00;24.39;E0_0_3300m;5.00;84;84;5.74;24.52
0.00;300.00;1296.00;25.49;E0_1_3300m;5.00;108;108;7.06;25.68
0.00;300.00;1008.00;24.38;E0_0_3400m;5.00;84;84;5.74;24.50
0.00;300.00;1272.00;25.33;E0_1_3400m;5.00;106;106;6.98;25.51
0.00;300.00;984.00;24.34;E0_0_3500m;5.00;82;82;5.62;24.46
0.00;300.00;1248.00;25.12;E0_1_3500m;5.00;104;104;6.90;25.30
0.00;300.00;996.00;24.16;E0_0_3600m;5.00;83;83;5.73;24.26
0.00;300.00;1200.00;24.81;E0_1_3600m;5.00;100;101;6.74;24.94
0.00;300.00;984.00;24.12;E0_0_3700m;5.00;82;82;5.67;24.22
0.00;300.00;1176.00;24.49;E0_1_3700m;5.00;98;98;6.67;24.57
0.00;300.00;948.00;23.93;E0_0_3800m;5.00;79;80;5.54;24.05
0.00;300.00;1140.00;24.25;E0_1_3800m;5.00;95;95;6.53;24.31
0.00;300.00;924.00;23.94;E0_0_3900m;5.00;77;77;5.36;24.04
0.00;300.00;1116.00;24.13;E0_1_3900m;5.00;93;93;6.42;24.19
0.00;300.00;888.00;23.91;E0_0_4000m;5.00;74;74;5.16;24.00
0.00;300.00;1080.00;24.09;E0_1_4000m;5.00;90;90;6.23;24.15
0.00;300.00;852.00;23.78;E0_0_4100m;5.00;71;72;4.99;23.87
0.00;300.00;1044.00;24.13;E0_1_4100m;5.00;87;87;6.01;24.20
0.00;300.00;828.00;23.83;E0_0_4200m;5.00;69;69;4.83;23.92
0.00;300.00;1020.00;24.27;E0_1_4200m;5.00;85;85;5.84;24.38
0.00;300.00;804.00;23.91;E0_0_4300m;5.00;67;67;4.67;24.02
0.00;300.00;972.00;24.38;E0_1_4300m;5.00;81;81;5.54;24.52
0.00;300.00;792.00;23.91;E0_0_4400m;5.00;66;66;4.60;24.01
0.00;300.00;912.00;24.16;E0_1_4400m;5.00;76;76;5.24;24.27
0.00;300.00;756.00;23.90;E0_0_4500m;5.00;63;63;4.39;24.00
0.00;300.00;876.00;23.82;E0_1_4500m;5.00;73;73;5.11;23.85
0.00;300.00;720.00;23.89;E0_0_4600m;5.00;60;60;4.19;24.00
0.00;300.00;852.00;23.66;E0_1_4600m;5.00;71;71;5.00;23.67
0.00;300.00;696.00;23.89;E0_0_4700m;5.00;58;58;4.05;24.00
0.00;300.00;816.00;23.56;E0_1_4700m;5.00;68;68;4.81;23.56
0.00;300.00;672.00;23.90;E0_0_4800m;5.00;56;56;3.91;24.01
0.00;300.00;780.00;23.52;E0_1_4800m;5.00;65;65;4.61;23.52
0.00;300.00;636.00;23.93;E0_0_4900m;5.00;53;53;3.69;24.04
0.00;300.00;744.00;23.54;E0_1_4900m;5.00;62;62;4.39;23.54
0.00;300.00;624.00;24.00;E0_0_5000m;5.00;52;52;3.61;24.11
0.00;300.00;708.00;23.58;E0_1_5000m;5.00;59;59;4.17;23.58
300.00;600.00;0.00;-1.00;E0_0_0m;-1.00;0;0;0.00;-1.00
300.00;600.00;0.00;-1.00;E0_1_0m;-1.00;0;0;0.00;-1.00
300.00;600.00;1812.00;26.64;E0_0_100m;5.00;151;151;9.45;26.77
300.00;600.00;2148.00;28.52;E0_1_100m;5.00;179;179;10.46;28.64
300.00;600.00;1800.00;26.60;E0_0_200m;5.00;150;150;9.40;26.74
300.00;600.00;2124.00;28.64;E0_1_200m;5.00;177;177;10.30;28.75
300.00;600.00;1752.00;26.36;E0_0_300m;5.00;146;146;9.23;26.51
300.00;600.00;2172.00;28.57;E0_1_300m;5.00;181;180;10.54;28.66
300.00;600.00;1752.00;25.98;E0_0_400m;5.00;146;146;9.37;26.13
300.00;600.00;2184.00;28.59;E0_1_400m;5.00;182;182;10.61;28.67
300.00;600.00;1764.00;25.75;E0_0_500m;5.00;147;147;9.52;25.93
300.00;600.00;2172.00;28.60;E0_1_500m;5.00;181;182;10.57;28.68
300.00;600.00;1776.00;25.56;E0_0_600m;5.00;148;148;9.65;25.75
300.00;600.00;2196.00;28.48;E0_1_600m;5.00;183;182;10.70;28.54
300.00;600.00;1740.00;25.45;E0_0_700m;5.00;145;145;9.50;25.66
300.00;600.00;2208.00;28.35;E0_1_700m;5.00;184;184;10.82;28.42
300.00;600.00;1716.00;25.33;E0_0_800m;5.00;143;143;9.41;25.56
300.00;600.00;2196.00;28.39;E0_1_800m;5.00;183;184;10.75;28.44
300.00;600.00;1692.00;25.26;E0_0_900m;5.00;141;142;9.36;25.50
300.00;600.00;2208.00;28.32;E0_1_900m;5.00;184;184;10.83;28.38
300.00;600.00;1680.00;25.25;E0_0_1000m;5.00;140;140;9.24;25.49
300.00;600.00;2196.00;28.32;E0_1_1000m;5.00;183;182;10.77;28.37
300.00;600.00;1644.00;25.31;E0_0_1100m;5.00;137;137;9.02;25.55
300.00;600.00;2208.00;28.31;E0_1_1100m;5.00;184;184;10.83;28.36
300.00;600.00;1656.00;25.32;E0_0_1200m;5.00;138;138;9.08;25.54
300.00;600.00;2208.00;28.34;E0_1_1200m;5.00;184;184;10.82;28.41
300.00;600.00;1668.00;25.66;E0_0_1300m;5.00;139;138;9.02;25.83
300.00;600.00;2244.00;28.32;E0_1_1300m;5.00;187;187;11.01;28.39
300.00;600.00;1656.00;25.68;E0_0_1400m;5.00;138;138;8.95;25.84
300.00;600.00;2268.00;28.29;E0_1_1400m;5.00;189;188;11.11;28.36
300.00;600.00;1656.00;25.42;E0_0_1500m;5.00;138;138;9.05;25.61
300.00;600.00;2292.00;28.20;E0_1_1500m;5.00;191;192;11.32;28.27
300.00;600.00;1656.00;25.36;E0_0_1600m;5.00;138;138;9.07;25.56
300.00;600.00;2280.00;28.19;E0_1_1600m;5.00;190;190;11.23;28.25
300.00;600.00;1656.00;25.21;E0_0_1700m;5.00;138;138;9.12;25.42
300.00;600.00;2280.00;28.17;E0_1_1700m;5.00;190;190;11.24;28.23
300.00;600.00;1656.00;25.13;E0_0_1800m;5.00;138;138;9.15;25.35
300.00;600.00;2256.00;28.17;E0_1_1800m;5.00;188;188;11.12;28.23
300.00;600.00;1692.00;25.18;E0_0_1900m;5.00;141;140;9.32;25.44
300.00;600.00;2232.00;28.19;E0_1_1900m;5.00;186;188;11.03;28.25
300.00;600.00;1704.00;25.25;E0_0_2000m;5.00;142;142;9.37;25.49
300.00;600.00;2232.00;28.20;E0_1_2000m;5.00;186;186;10.99;28.27
300.00;600.00;1764.00;25.33;E0_0_2100m;5.00;147;147;9.67;25.55
300.00;600.00;2196.00;28.21;E0_1_2100m;5.00;183;183;10.81;28.30
300.00;600.00;1752.00;25.31;E0_0_2200m;5.00;146;146;9.62;25.51
300.00;600.00;2196.00;28.25;E0_1_2200m;5.00;183;183;10.80;28.34
300.00;600.00;1740.00;25.25;E0_0_2300m;5.00;145;145;9.57;25.44
300.00;600.00;2220.00;28.23;E0_1_2300m;5.00;185;185;10.92;28.32
300.00;600.00;1740.00;24.93;E0_0_2400m;5.00;145;146;9.73;25.14
300.00;600.00;2220.00;28.20;E0_1_2400m;5.00;185;185;10.93;28.29
300.00;600.00;1728.00;24.55;E0_0_2500m;5.00;144;144;9.78;24.81
300.00;600.00;2232.00;28.15;E0_1_2500m;5.00;186;185;10.97;28.25
300.00;600.00;1716.00;24.44;E0_0_2600m;5.00;143;143;9.75;24.78
300.00;600.00;2220.00;28.20;E0_1_2600m;5.00;185;186;10.99;28.31
300.00;600.00;1704.00;24.19;E0_0_2700m;5.00;142;142;9.78;24.46
300.00;600.00;2220.00;28.19;E0_1_2700m;5.00;185;185;10.94;28.29
300.00;600.00;1704.00;24.00;E0_0_2800m;5.00;142;142;9.86;24.27
300.00;600.00;2220.00;28.24;E0_1_2800m;5.00;185;185;10.92;28.35
300.00;600.00;1716.00;23.92;E0_0_2900m;5.00;143;143;9.97;24.20
300.00;600.00;2196.00;28.35;E0_1_2900m;5.00;183;183;10.76;28.46
300.00;600.00;1668.00;23.87;E0_0_3000m;5.00;139;139;9.71;24.15
300.00;600.00;2208.00;28.36;E0_1_3000m;5.00;184;184;10.81;28.48
300.00;600.00;1668.00;23.82;E0_0_3100m;5.00;139;139;9.72;24.11
300.00;600.00;2184.00;28.54;E0_1_3100m;5.00;182;182;10.63;28.65
300.00;600.00;1668.00;23.81;E0_0_3200m;5.00;139;139;9.73;24.10
300.00;600.00;2160.00;28.65;E0_1_3200m;5.00;180;180;10.47;28.77
300.00;600.00;1656.00;23.74;E0_0_3300m;5.00;138;138;9.69;24.12
300.00;600.00;2112.00;28.66;E0_1_3300m;5.00;176;177;10.29;28.79
300.00;600.00;1620.00;23.63;E0_0_3400m;5.00;135;135;9.52;23.93
300.00;600.00;2112.00;28.66;E0_1_3400m;5.00;176;176;10.23;28.79
300.00;600.00;1584.00;23.62;E0_0_3500m;5.00;132;132;9.31;23.93
300.00;600.00;2124.00;28.69;E0_1_3500m;5.00;177;177;10.28;28.82
300.00;600.00;1524.00;23.65;E0_0_3600m;5.00;127;127;8.95;23.99
300.00;600.00;2148.00;28.73;E0_1_3600m;5.00;179;180;10.42;28.88
300.00;600.00;1512.00;23.85;E0_0_3700m;5.00;126;127;8.83;24.19
300.00;600.00;2136.00;28.80;E0_1_3700m;5.00;178;178;10.30;28.95
300.00;600.00;1500.00;23.99;E0_0_3800m;5.00;125;124;8.65;24.34
300.00;600.00;2148.00;28.91;E0_1_3800m;5.00;179;179;10.32;29.05
300.00;600.00;1476.00;24.08;E0_0_3900m;5.00;123;123;8.51;24.42
300.00;600.00;2148.00;29.03;E0_1_3900m;5.00;179;179;10.28;29.16
300.00;600.00;1536.00;24.18;E0_0_4000m;5.00;128;128;8.82;24.52
300.00;600.00;2124.00;29.14;E0_1_4000m;5.00;177;178;10.15;29.28
300.00;600.00;1512.00;24.36;E0_0_4100m;5.00;126;126;8.61;24.71
300.00;600.00;2148.00;29.04;E0_1_4100m;5.00;179;180;10.28;29.19
300.00;600.00;1500.00;24.27;E0_0_4200m;5.00;125;125;8.58;24.61
300.00;600.00;2160.00;28.91;E0_1_4200m;5.00;180;180;10.38;29.05
300.00;600.00;1500.00;24.32;E0_0_4300m;5.00;125;125;8.57;24.62
300.00;600.00;2172.00;28.74;E0_1_4300m;5.00;181;181;10.50;28.88
300.00;600.00;1512.00;24.47;E0_0_4400m;5.00;126;126;8.58;24.75
300.00;600.00;2172.00;28.48;E0_1_4400m;5.00;181;181;10.59;28.63
300.00;600.00;1536.00;24.49;E0_0_4500m;5.00;128;128;8.71;24.72
300.00;600.00;2208.00;28.32;E0_1_4500m;5.00;184;184;10.83;28.48
300.00;600.00;1584.00;24.41;E0_0_4600m;5.00;132;132;9.01;24.64
300.00;600.00;2184.00;28.21;E0_1_4600m;5.00;182;182;10.75;28.37
300.00;600.00;1596.00;24.38;E0_0_4700m;5.00;133;133;9.09;24.60
300.00;600.00;2196.00;28.08;E0_1_4700m;5.00;183;183;10.86;28.25
300.00;600.00;1608.00;24.43;E0_0_4800m;5.00;134;134;9.14;24.65
300.00;600.00;2220.00;28.03;E0_1_4800m;5.00;185;185;11.00;28.20
300.00;600.00;1620.00;24.37;E0_0_4900m;5.00;135;135;9.23;24.59
300.00;600.00;2256.00;28.05;E0_1_4900m;5.00;188;188;11.17;28.23
300.00;600.00;1644.00;24.44;E0_0_5000m;5.00;137;138;9.39;24.66
300.00;600.00;2220.00;28.03;E0_1_5000m;5.00;185;185;11.00;28.23
600.00;900.00;0.00;-1.00;E0_0_0m;-1.00;0;0;0.00;-1.00
600.00;900.00;0.00;-1.00;E0_1_0m;-1.00;0;0;0.00;-1.00
600.00;900.00;1872.00;26.35;E0_0_100m;5.00;156;156;9.87;26.45
600.00;900.00;2388.00;27.55;E0_1_100m;5.00;199;199;12.04;27.63
600.00;900.00;1944.00;26.37;E0_0_200m;5.00;162;163;10.26;26.48
600.00;900.00;2352.00;27.79;E0_1_200m;5.00;196;196;11.75;27.92
600.00;900.00;1956.00;26.44;E0_0_300m;5.00;163;163;10.27;26.54
600.00;900.00;2340.00;27.84;E0_1_300m;5.00;195;195;11.67;27.98
600.00;900.00;1932.00;26.50;E0_0_400m;5.00;161;161;10.13;26.60
600.00;900.00;2352.00;27.80;E0_1_400m;5.00;196;196;11.75;27.95
600.00;900.00;1932.00;26.43;E0_0_500m;5.00;161;161;10.15;26.54
600.00;900.00;2364.00;27.79;E0_1_500m;5.00;197;198;11.87;27.95
600.00;900.00;1908.00;26.43;E0_0_600m;5.00;159;159;10.03;26.53
600.00;900.00;2376.00;27.80;E0_1_600m;5.00;198;198;11.87;27.96
600.00;900.00;1908.00;26.53;E0_0_700m;5.00;159;159;9.99;26.61
600.00;900.00;2352.00;27.77;E0_1_700m;5.00;196;197;11.79;27.92
600.00;900.00;1920.00;26.51;E0_0_800m;5.00;160;160;10.06;26.58
600.00;900.00;2364.00;27.64;E0_1_800m;5.00;197;196;11.87;27.77
600.00;900.00;1920.00;26.53;E0_0_900m;5.00;160;161;10.08;26.59
600.00;900.00;2364.00;27.65;E0_1_900m;5.00;197;197;11.88;27.82
600.00;900.00;1908.00;26.57;E0_0_1000m;5.00;159;159;9.97;26.63
600.00;900.00;2388.00;27.62;E0_1_1000m;5.00;199;199;12.01;27.75
600.00;900.00;1920.00;26.39;E0_0_1100m;5.00;160;160;10.11;26.45
600.00;900.00;2364.00;27.55;E0_1_1100m;5.00;197;197;11.92;27.68
600.00;900.00;1908.00;26.12;E0_0_1200m;5.00;159;159;10.15;26.21
600.00;900.00;2364.00;27.44;E0_1_1200m;5.00;197;197;11.97;27.56
600.00;900.00;1872.00;26.08;E0_0_1300m;5.00;156;156;9.97;26.16
600.00;900.00;2352.00;27.33;E0_1_1300m;5.00;196;196;11.95;27.44
600.00;900.00;1848.00;26.11;E0_0_1400m;5.00;154;154;9.83;26.19
600.00;900.00;2352.00;27.28;E0_1_1400m;5.00;196;196;11.98;27.38
600.00;900.00;1824.00;26.17;E0_0_1500m;5.00;152;153;9.71;26.25
600.00;900.00;2316.00;27.23;E0_1_1500m;5.00;193;192;11.78;27.32
600.00;900.00;1812.00;26.17;E0_0_1600m;5.00;151;151;9.62;26.24
600.00;900.00;2304.00;27.19;E0_1_1600m;5.00;192;192;11.77;27.28
600.00;900.00;1788.00;26.16;E0_0_1700m;5.00;149;149;9.49;26.23
600.00;900.00;2316.00;27.16;E0_1_1700m;5.00;193;194;11.88;27.24
600.00;900.00;1824.00;26.15;E0_0_1800m;5.00;152;152;9.69;26.21
600.00;900.00;2316.00;27.13;E0_1_1800m;5.00;193;193;11.86;27.20
600.00;900.00;1824.00;26.17;E0_0_1900m;5.00;152;152;9.68;26.24
600.00;900.00;2316.00;27.15;E0_1_1900m;5.00;193;192;11.82;27.23
600.00;900.00;1848.00;26.15;E0_0_2000m;5.00;154;154;9.81;26.23
600.00;900.00;2280.00;27.11;E0_1_2000m;5.00;190;190;11.68;27.17
600.00;900.00;1848.00;26.10;E0_0_2100m;5.00;154;154;9.83;26.20
600.00;900.00;2280.00;27.13;E0_1_2100m;5.00;190;191;11.73;27.18
600.00;900.00;1848.00;26.05;E0_0_2200m;5.00;154;154;9.85;26.12
600.00;900.00;2280.00;27.09;E0_1_2200m;5.00;190;190;11.69;27.14
600.00;900.00;1884.00;26.05;E0_0_2300m;5.00;157;157;10.04;26.12
600.00;900.00;2304.00;27.03;E0_1_2300m;5.00;192;192;11.84;27.09
600.00;900.00;1932.00;25.96;E0_0_2400m;5.00;161;160;10.30;26.02
600.00;900.00;2316.00;26.91;E0_1_2400m;5.00;193;193;11.95;26.97
600.00;900.00;1920.00;25.68;E0_0_2500m;5.00;160;160;10.38;25.74
600.00;900.00;2364.00;26.72;E0_1_2500m;5.00;197;197;12.29;26.79
600.00;900.00;1956.00;25.25;E0_0_2600m;5.00;163;163;10.76;25.31
600.00;900.00;2328.00;26.51;E0_1_2600m;5.00;194;194;12.20;26.61
600.00;900.00;1932.00;24.75;E0_0_2700m;5.00;161;161;10.84;24.82
600.00;900.00;2340.00;26.13;E0_1_2700m;5.00;195;195;12.44;26.27
600.00;900.00;1932.00;24.09;E0_0_2800m;5.00;161;161;11.14;24.17
600.00;900.00;2304.00;25.45;E0_1_2800m;5.00;192;192;12.57;25.61
600.00;900.00;1932.00;23.12;E0_0_2900m;5.00;161;161;11.60;23.21
600.00;900.00;2316.00;24.53;E0_1_2900m;5.00;193;193;13.11;24.67
600.00;900.00;1944.00;21.78;E0_0_3000m;5.00;162;162;12.40;21.85
600.00;900.00;2316.00;23.20;E0_1_3000m;5.00;193;193;13.87;23.28
600.00;900.00;2028.00;21.72;E0_0_3100m;5.00;169;169;12.97;21.78
600.00;900.00;2244.00;23.04;E0_1_3100m;5.00;187;187;13.54;23.13
600.00;900.00;2040.00;22.08;E0_0_3200m;5.00;170;170;12.83;22.10
600.00;900.00;2220.00;22.93;E0_1_3200m;5.00;185;185;13.45;23.03
600.00;900.00;2064.00;22.25;E0_0_3300m;5.00;172;172;12.88;22.28
600.00;900.00;2208.00;22.90;E0_1_3300m;5.00;184;184;13.39;23.00
600.00;900.00;2064.00;22.24;E0_0_3400m;5.00;172;172;12.89;22.26
600.00;900.00;2184.00;22.95;E0_1_3400m;5.00;182;183;13.26;23.06
600.00;900.00;2064.00;22.11;E0_0_3500m;5.00;172;172;12.97;22.14
600.00;900.00;2184.00;22.90;E0_1_3500m;5.00;182;182;13.25;23.00
600.00;900.00;2064.00;22.00;E0_0_3600m;5.00;172;172;13.03;22.03
600.00;900.00;2184.00;22.83;E0_1_3600m;5.00;182;181;13.25;22.93
600.00;900.00;2076.00;21.97;E0_0_3700m;5.00;173;173;13.12;22.00
600.00;900.00;2160.00;22.74;E0_1_3700m;5.00;180;180;13.19;22.82
600.00;900.00;2076.00;21.97;E0_0_3800m;5.00;173;173;13.12;22.00
600.00;900.00;2160.00;22.73;E0_1_3800m;5.00;180;180;13.20;22.82
600.00;900.00;2064.00;22.05;E0_0_3900m;5.00;172;172;13.00;22.08
600.00;900.00;2184.00;23.01;E0_1_3900m;5.00;182;182;13.18;23.12
600.00;900.00;2016.00;23.54;E0_0_4000m;5.00;168;168;11.90;23.61
600.00;900.00;2220.00;24.76;E0_1_4000m;5.00;185;185;12.45;24.93
600.00;900.00;2004.00;26.14;E0_0_4100m;5.00;167;166;10.64;26.20
600.00;900.00;2232.00;27.98;E0_1_4100m;5.00;186;186;11.13;28.07
600.00;900.00;1956.00;26.05;E0_0_4200m;5.00;163;163;10.43;26.15
600.00;900.00;2268.00;28.29;E0_1_4200m;5.00;189;189;11.13;28.42
600.00;900.00;1992.00;25.75;E0_0_4300m;5.00;166;166;10.74;25.86
600.00;900.00;2232.00;28.27;E0_1_4300m;5.00;186;186;10.96;28.39
600.00;900.00;1980.00;25.53;E0_0_4400m;5.00;165;165;10.77;25.63
600.00;900.00;2244.00;28.26;E0_1_4400m;5.00;187;187;11.03;28.36
600.00;900.00;1956.00;25.39;E0_0_4500m;5.00;163;163;10.70;25.51
600.00;900.00;2208.00;28.21;E0_1_4500m;5.00;184;184;10.87;28.31
600.00;900.00;1908.00;25.30;E0_0_4600m;5.00;159;159;10.47;25.42
600.00;900.00;2244.00;28.16;E0_1_4600m;5.00;187;187;11.07;28.27
600.00;900.00;1872.00;25.29;E0_0_4700m;5.00;156;156;10.28;25.41
600.00;900.00;2256.00;28.10;E0_1_4700m;5.00;188;189;11.17;28.21
600.00;900.00;1848.00;25.20;E0_0_4800m;5.00;154;154;10.19;25.31
600.00;900.00;2244.00;28.09;E0_1_4800m;5.00;187;187;11.09;28.21
600.00;900.00;1860.00;25.27;E0_0_4900m;5.00;155;155;10.22;25.44
600.00;900.00;2196.00;28.05;E0_1_4900m;5.00;183;183;10.87;28.17
600.00;900.00;1860.00;25.10;E0_0_5000m;5.00;155;155;10.29;25.28
600.00;900.00;2184.00;28.11;E0_1_5000m;5.00;182;182;10.79;28.24
900.00;1200.00;0.00;-1.00;E0_0_0m;-1.00;0;0;0.00;-1.00
900.00;1200.00;0.00;-1.00;E0_1_0m;-1.00;0;0;0.00;-1.00
900.00;1200.00;1752.00;25.69;E0_0_100m;5.00;146;146;9.47;25.82
900.00;1200.00;2316.00;26.84;E0_1_100m;5.00;193;194;12.03;26.98
900.00;1200.00;1788.00;25.82;E0_0_200m;5.00;149;148;9.60;25.99
900.00;1200.00;2256.00;27.06;E0_1_200m;5.00;188;188;11.58;27.27
900.00;1200.00;1752.00;25.85;E0_0_300m;5.00;146;146;9.41;26.01
900.00;1200.00;2280.00;27.08;E0_1_300m;5.00;190;190;11.69;27.28
900.00;1200.00;1764.00;25.78;E0_0_400m;5.00;147;147;9.50;25.92
900.00;1200.00;2268.00;26.94;E0_1_400m;5.00;189;189;11.69;27.11
900.00;1200.00;1776.00;25.48;E0_0_500m;5.00;148;148;9.68;25.63
900.00;1200.00;2256.00;26.75;E0_1_500m;5.00;188;188;11.67;26.91
900.00;1200.00;1788.00;25.22;E0_0_600m;5.00;149;149;9.85;25.35
900.00;1200.00;2232.00;26.50;E0_1_600m;5.00;186;186;11.70;26.67
900.00;1200.00;1788.00;24.87;E0_0_700m;5.00;149;149;9.98;25.01
900.00;1200.00;2280.00;26.34;E0_1_700m;5.00;190;190;12.02;26.56
900.00;1200.00;1812.00;24.71;E0_0_800m;5.00;151;151;10.19;24.85
900.00;1200.00;2280.00;26.16;E0_1_800m;5.00;190;190;12.10;26.40
900.00;1200.00;1788.00;24.63;E0_0_900m;5.00;149;148;10.06;24.78
900.00;1200.00;2316.00;26.06;E0_1_900m;5.00;193;193;12.34;26.29
900.00;1200.00;1800.00;24.58;E0_0_1000m;5.00;150;150;10.17;24.74
900.00;1200.00;2316.00;26.03;E0_1_1000m;5.00;193;193;12.36;26.26
900.00;1200.00;1824.00;24.66;E0_0_1100m;5.00;152;152;10.27;24.81
900.00;1200.00;2316.00;26.04;E0_1_1100m;5.00;193;193;12.35;26.31
900.00;1200.00;1824.00;24.70;E0_0_1200m;5.00;152;152;10.26;24.86
900.00;1200.00;2316.00;26.02;E0_1_1200m;5.00;193;193;12.36;26.31
900.00;1200.00;1800.00;24.65;E0_0_1300m;5.00;150;150;10.14;24.81
900.00;1200.00;2328.00;25.91;E0_1_1300m;5.00;194;194;12.48;26.17
900.00;1200.00;1812.00;24.60;E0_0_1400m;5.00;151;151;10.23;24.75
900.00;1200.00;2292.00;25.82;E0_1_1400m;5.00;191;191;12.33;26.06
900.00;1200.00;1812.00;24.67;E0_0_1500m;5.00;151;151;10.24;24.83
900.00;1200.00;2304.00;25.84;E0_1_1500m;5.00;192;192;12.38;26.11
900.00;1200.00;1788.00;24.72;E0_0_1600m;5.00;149;149;10.05;24.89
900.00;1200.00;2328.00;25.80;E0_1_1600m;5.00;194;194;12.53;26.02
900.00;1200.00;1824.00;24.75;E0_0_1700m;5.00;152;152;10.23;24.92
900.00;1200.00;2304.00;26.00;E0_1_1700m;5.00;192;191;12.28;26.21
900.00;1200.00;1800.00;24.80;E0_0_1800m;5.00;150;150;10.08;24.98
900.00;1200.00;2280.00;25.99;E0_1_1800m;5.00;190;190;12.18;26.22
900.00;1200.00;1812.00;24.72;E0_0_1900m;5.00;151;151;10.18;24.88
900.00;1200.00;2292.00;26.01;E0_1_1900m;5.00;191;191;12.24;26.22
900.00;1200.00;1836.00;24.62;E0_0_2000m;5.00;153;153;10.36;24.78
900.00;1200.00;2280.00;26.12;E0_1_2000m;5.00;190;190;12.12;26.36
900.00;1200.00;1800.00;24.78;E0_0_2100m;5.00;150;151;10.11;24.95
900.00;1200.00;2268.00;26.10;E0_1_2100m;5.00;189;189;12.07;26.31
900.00;1200.00;1800.00;24.89;E0_0_2200m;5.00;150;151;10.09;25.05
900.00;1200.00;2268.00;26.18;E0_1_2200m;5.00;189;189;12.03;26.37
900.00;1200.00;1788.00;24.91;E0_0_2300m;5.00;149;149;9.97;25.07
900.00;1200.00;2208.00;26.34;E0_1_2300m;5.00;184;184;11.64;26.52
900.00;1200.00;1764.00;24.89;E0_0_2400m;5.00;147;148;9.91;25.05
900.00;1200.00;2160.00;26.29;E0_1_2400m;5.00;180;181;11.46;26.46
900.00;1200.00;1752.00;24.83;E0_0_2500m;5.00;146;146;9.80;24.97
900.00;1200.00;2136.00;26.21;E0_1_2500m;5.00;178;178;11.32;26.34
900.00;1200.00;1716.00;24.76;E0_0_2600m;5.00;143;143;9.63;24.88
900.00;1200.00;2160.00;26.03;E0_1_2600m;5.00;180;180;11.53;26.13
900.00;1200.00;1716.00;24.39;E0_0_2700m;5.00;143;143;9.77;24.49
900.00;1200.00;2160.00;25.59;E0_1_2700m;5.00;180;180;11.72;25.69
900.00;1200.00;1692.00;23.91;E0_0_2800m;5.00;141;142;9.84;23.99
900.00;1200.00;2172.00;24.90;E0_1_2800m;5.00;181;181;12.11;25.01
900.00;1200.00;1680.00;23.07;E0_0_2900m;5.00;140;140;10.11;23.17
900.00;1200.00;2160.00;24.07;E0_1_2900m;5.00;180;180;12.47;24.19
900.00;1200.00;1668.00;22.09;E0_0_3000m;5.00;139;139;10.49;22.18
900.00;1200.00;2160.00;23.01;E0_1_3000m;5.00;180;180;13.04;23.13
900.00;1200.00;1668.00;22.28;E0_0_3100m;5.00;139;140;10.46;22.34
900.00;1200.00;2172.00;23.05;E0_1_3100m;5.00;181;181;13.09;23.21
900.00;1200.00;1764.00;22.41;E0_0_3200m;5.00;147;147;10.93;22.45
900.00;1200.00;2136.00;23.30;E0_1_3200m;5.00;178;178;12.73;23.50
900.00;1200.00;1800.00;22.37;E0_0_3300m;5.00;150;150;11.17;22.41
900.00;1200.00;2160.00;23.32;E0_1_3300m;5.00;180;180;12.86;23.52
900.00;1200.00;1824.00;22.42;E0_0_3400m;5.00;152;153;11.32;22.45
900.00;1200.00;2220.00;23.14;E0_1_3400m;5.00;185;185;13.32;23.31
900.00;1200.00;1872.00;22.42;E0_0_3500m;5.00;156;156;11.60;22.45
900.00;1200.00;2232.00;23.06;E0_1_3500m;5.00;186;186;13.44;23.19
900.00;1200.00;1872.00;22.33;E0_0_3600m;5.00;156;156;11.64;22.37
900.00;1200.00;2232.00;22.91;E0_1_3600m;5.00;186;186;13.53;23.01
900.00;1200.00;1884.00;22.15;E0_0_3700m;5.00;157;157;11.81;22.20
900.00;1200.00;2232.00;22.79;E0_1_3700m;5.00;186;186;13.60;22.86
900.00;1200.00;1896.00;22.21;E0_0_3800m;5.00;158;158;11.85;22.25
900.00;1200.00;2220.00;22.76;E0_1_3800m;5.00;185;185;13.55;22.82
900.00;1200.00;1872.00;22.39;E0_0_3900m;5.00;156;156;11.61;22.43
900.00;1200.00;2232.00;23.10;E0_1_3900m;5.00;186;186;13.42;23.20
900.00;1200.00;1908.00;23.67;E0_0_4000m;5.00;159;160;11.25;23.78
900.00;1200.00;2196.00;25.01;E0_1_4000m;5.00;183;183;12.20;25.17
900.00;1200.00;1860.00;26.75;E0_0_4100m;5.00;155;155;9.66;26.84
900.00;1200.00;2268.00;27.66;E0_1_4100m;5.00;189;188;11.33;27.76
900.00;1200.00;1836.00;26.94;E0_0_4200m;5.00;153;153;9.46;27.04
900.00;1200.00;2292.00;27.96;E0_1_4200m;5.00;191;191;11.39;28.07
900.00;1200.00;1824.00;26.70;E0_0_4300m;5.00;152;153;9.50;26.79
900.00;1200.00;2316.00;27.97;E0_1_4300m;5.00;193;193;11.50;28.06
900.00;1200.00;1836.00;26.43;E0_0_4400m;5.00;153;153;9.65;26.50
900.00;1200.00;2304.00;27.91;E0_1_4400m;5.00;192;193;11.51;27.99
900.00;1200.00;1848.00;26.25;E0_0_4500m;5.00;154;154;9.78;26.33
900.00;1200.00;2304.00;27.89;E0_1_4500m;5.00;192;192;11.48;27.97
900.00;1200.00;1860.00;26.12;E0_0_4600m;5.00;155;155;9.89;26.20
900.00;1200.00;2280.00;27.88;E0_1_4600m;5.00;190;190;11.36;27.96
900.00;1200.00;1824.00;26.01;E0_0_4700m;5.00;152;152;9.74;26.11
900.00;1200.00;2304.00;27.85;E0_1_4700m;5.00;192;192;11.49;27.92
900.00;1200.00;1812.00;25.90;E0_0_4800m;5.00;151;151;9.72;26.00
900.00;1200.00;2328.00;27.83;E0_1_4800m;5.00;194;194;11.62;27.90
900.00;1200.00;1812.00;25.89;E0_0_4900m;5.00;151;152;9.78;26.00
900.00;1200.00;2328.00;27.83;E0_1_4900m;5.00;194;194;11.62;27.92
900.00;1200.00;1824.00;25.84;E0_0_5000m;5.00;152;152;9.80;25.93
900.00;1200.00;2316.00;27.74;E0_1_5000m;5.00;193;193;11.60;27.81
1200.00;1500.00;0.00;-1.00;E0_0_0m;-1.00;0;0;0.00;-1.00
1200.00;1500.00;0.00;-1.00;E0_1_0m;-1.00;0;0;0.00;-1.00
1200.00;1500.00;1980.00;26.51;E0_0_100m;5.00;165;165;10.37;26.63
1200.00;1500.00;2088.00;28.29;E0_1_100m;5.00;174;173;10.21;28.43
1200.00;1500.00;2004.00;26.69;E0_0_200m;5.00;167;167;10.43;26.80
1200.00;1500.00;2076.00;28.81;E0_1_200m;5.00;173;173;10.01;28.98
1200.00;1500.00;1956.00;26.61;E0_0_300m;5.00;163;164;10.25;26.71
1200.00;1500.00;2124.00;28.76;E0_1_300m;5.00;177;177;10.26;28.93
1200.00;1500.00;1920.00;26.49;E0_0_400m;5.00;160;160;10.07;26.59
1200.00;1500.00;2148.00;28.73;E0_1_400m;5.00;179;179;10.38;28.88
1200.00;1500.00;1908.00;26.47;E0_0_500m;5.00;159;159;10.01;26.56
1200.00;1500.00;2124.00;28.60;E0_1_500m;5.00;177;178;10.35;28.73
1200.00;1500.00;1884.00;26.41;E0_0_600m;5.00;157;157;9.91;26.48
1200.00;1500.00;2148.00;28.46;E0_1_600m;5.00;179;179;10.48;28.58
1200.00;1500.00;1848.00;26.31;E0_0_700m;5.00;154;154;9.76;26.36
1200.00;1500.00;2172.00;28.39;E0_1_700m;5.00;181;181;10.63;28.49
1200.00;1500.00;1836.00;26.18;E0_0_800m;5.00;153;153;9.74;26.24
1200.00;1500.00;2136.00;28.37;E0_1_800m;5.00;178;178;10.46;28.47
1200.00;1500.00;1800.00;26.11;E0_0_900m;5.00;150;150;9.58;26.18
1200.00;1500.00;2160.00;28.32;E0_1_900m;5.00;180;180;10.59;28.42
1200.00;1500.00;1800.00;25.99;E0_0_1000m;5.00;150;150;9.62;26.06
1200.00;1500.00;2124.00;28.35;E0_1_1000m;5.00;177;177;10.41;28.44
1200.00;1500.00;1788.00;25.87;E0_0_1100m;5.00;149;149;9.60;25.95
1200.00;1500.00;2112.00;28.25;E0_1_1100m;5.00;176;176;10.38;28.35
1200.00;1500.00;1764.00;25.83;E0_0_1200m;5.00;147;148;9.53;25.93
1200.00;1500.00;2136.00;28.08;E0_1_1200m;5.00;178;179;10.61;28.18
1200.00;1500.00;1788.00;25.85;E0_0_1300m;5.00;149;149;9.60;25.95
1200.00;1500.00;2160.00;27.88;E0_1_1300m;5.00;180;180;10.76;27.99
1200.00;1500.00;1824.00;25.87;E0_0_1400m;5.00;152;152;9.79;25.95
1200.00;1500.00;2184.00;27.71;E0_1_1400m;5.00;182;182;10.95;27.83
1200.00;1500.00;1788.00;25.83;E0_0_1500m;5.00;149;149;9.62;25.91
1200.00;1500.00;2268.00;27.64;E0_1_1500m;5.00;189;189;11.39;27.78
1200.00;1500.00;1824.00;25.84;E0_0_1600m;5.00;152;152;9.80;25.93
1200.00;1500.00;2256.00;27.53;E0_1_1600m;5.00;188;188;11.38;27.70
1200.00;1500.00;1812.00;25.80;E0_0_1700m;5.00;151;151;9.75;25.90
1200.00;1500.00;2268.00;27.32;E0_1_1700m;5.00;189;189;11.53;27.49
1200.00;1500.00;1824.00;25.67;E0_0_1800m;5.00;152;152;9.87;25.77
1200.00;1500.00;2268.00;27.17;E0_1_1800m;5.00;189;189;11.60;27.34
1200.00;1500.00;1812.00;25.57;E0_0_1900m;5.00;151;151;9.84;25.67
1200.00;1500.00;2268.00;26.99;E0_1_1900m;5.00;189;190;11.72;27.16
1200.00;1500.00;1824.00;25.46;E0_0_2000m;5.00;152;152;9.95;25.56
1200.00;1500.00;2256.00;26.91;E0_1_2000m;5.00;188;188;11.64;27.10
1200.00;1500.00;1848.00;25.36;E0_0_2100m;5.00;154;153;10.10;25.45
1200.00;1500.00;2280.00;26.80;E0_1_2100m;5.00;190;190;11.81;26.99
1200.00;1500.00;1872.00;25.34;E0_0_2200m;5.00;156;155;10.21;25.43
1200.00;1500.00;2256.00;26.74;E0_1_2200m;5.00;188;188;11.72;26.92
1200.00;1500.00;1848.00;25.38;E0_0_2300m;5.00;154;154;10.11;25.48
1200.00;1500.00;2292.00;26.51;E0_1_2300m;5.00;191;191;12.01;26.71
1200.00;1500.00;1860.00;25.16;E0_0_2400m;5.00;155;154;10.20;25.26
1200.00;1500.00;2316.00;26.28;E0_1_2400m;5.00;193;192;12.19;26.48
1200.00;1500.00;1860.00;24.95;E0_0_2500m;5.00;155;155;10.35;25.06
1200.00;1500.00;2316.00;26.01;E0_1_2500m;5.00;193;193;12.37;26.23
1200.00;1500.00;1848.00;24.66;E0_0_2600m;5.00;154;154;10.41;24.76
1200.00;1500.00;2340.00;25.71;E0_1_2600m;5.00;195;195;12.64;25.95
1200.00;1500.00;1860.00;24.33;E0_0_2700m;5.00;155;156;10.67;24.45
1200.00;1500.00;2352.00;25.40;E0_1_2700m;5.00;196;196;12.86;25.64
1200.00;1500.00;1872.00;23.76;E0_0_2800m;5.00;156;155;10.93;23.87
1200.00;1500.00;2376.00;24.87;E0_1_2800m;5.00;198;199;13.31;25.07
1200.00;1500.00;1872.00;22.91;E0_0_2900m;5.00;156;157;11.41;22.99
1200.00;1500.00;2388.00;23.87;E0_1_2900m;5.00;199;199;13.90;24.01
1200.00;1500.00;1908.00;21.80;E0_0_3000m;5.00;159;159;12.16;21.85
1200.00;1500.00;2412.00;22.74;E0_1_3000m;5.00;201;201;14.73;22.80
1200.00;1500.00;1920.00;21.69;E0_0_3100m;5.00;160;160;12.30;21.73
1200.00;1500.00;2424.00;22.58;E0_1_3100m;5.00;202;202;14.91;22.61
1200.00;1500.00;1932.00;21.90;E0_0_3200m;5.00;161;161;12.26;21.92
1200.00;1500.00;2352.00;22.58;E0_1_3200m;5.00;196;196;14.47;22.63
1200.00;1500.00;1896.00;21.79;E0_0_3300m;5.00;158;158;12.08;21.85
1200.00;1500.00;2328.00;22.60;E0_1_3300m;5.00;194;194;14.31;22.65
1200.00;1500.00;1896.00;21.80;E0_0_3400m;5.00;158;158;12.08;21.85
1200.00;1500.00;2280.00;22.57;E0_1_3400m;5.00;190;190;14.03;22.63
1200.00;1500.00;1884.00;22.00;E0_0_3500m;5.00;157;157;11.89;22.02
1200.00;1500.00;2232.00;22.48;E0_1_3500m;5.00;186;187;13.83;22.51
1200.00;1500.00;1872.00;22.13;E0_0_3600m;5.00;156;157;11.81;22.14
1200.00;1500.00;2244.00;22.39;E0_1_3600m;5.00;187;187;13.92;22.41
1200.00;1500.00;1872.00;21.98;E0_0_3700m;5.00;156;156;11.83;22.01
1200.00;1500.00;2244.00;22.33;E0_1_3700m;5.00;187;187;13.95;22.34
1200.00;1500.00;1896.00;21.90;E0_0_3800m;5.00;158;158;12.02;21.93
1200.00;1500.00;2220.00;22.35;E0_1_3800m;5.00;185;185;13.80;22.37
1200.00;1500.00;1896.00;22.01;E0_0_3900m;5.00;158;158;11.96;22.03
1200.00;1500.00;2256.00;22.53;E0_1_3900m;5.00;188;188;13.91;22.57
1200.00;1500.00;1896.00;22.77;E0_0_4000m;5.00;158;158;11.56;22.89
1200.00;1500.00;2220.00;23.50;E0_1_4000m;5.00;185;187;13.18;23.63
1200.00;1500.00;1848.00;24.43;E0_0_4100m;5.00;154;154;10.51;24.76
1200.00;1500.00;2268.00;25.11;E0_1_4100m;5.00;189;189;12.55;25.39
1200.00;1500.00;1848.00;24.63;E0_0_4200m;5.00;154;154;10.42;24.91
1200.00;1500.00;2268.00;25.26;E0_1_4200m;5.00;189;190;12.48;25.56
1200.00;1500.00;1860.00;24.71;E0_0_4300m;5.00;155;154;10.44;24.94
1200.00;1500.00;2280.00;25.23;E0_1_4300m;5.00;190;190;12.55;25.52
1200.00;1500.00;1860.00;24.72;E0_0_4400m;5.00;155;155;10.45;24.91
1200.00;1500.00;2280.00;25.19;E0_1_4400m;5.00;190;189;12.52;25.45
1200.00;1500.00;1884.00;24.66;E0_0_4500m;5.00;157;157;10.61;24.81
1200.00;1500.00;2256.00;25.13;E0_1_4500m;5.00;188;188;12.47;25.38
1200.00;1500.00;1860.00;24.57;E0_0_4600m;5.00;155;155;10.51;24.70
1200.00;1500.00;2316.00;25.05;E0_1_4600m;5.00;193;193;12.84;25.27
1200.00;1500.00;1872.00;24.42;E0_0_4700m;5.00;156;156;10.65;24.54
1200.00;1500.00;2316.00;24.91;E0_1_4700m;5.00;193;192;12.89;25.10
1200.00;1500.00;1884.00;24.05;E0_0_4800m;5.00;157;158;10.93;24.18
1200.00;1500.00;2280.00;24.78;E0_1_4800m;5.00;190;190;12.78;24.97
1200.00;1500.00;1896.00;23.99;E0_0_4900m;5.00;158;158;10.98;24.12
1200.00;1500.00;2280.00;24.58;E0_1_4900m;5.00;190;190;12.88;24.77
1200.00;1500.00;1896.00;23.93;E0_0_5000m;5.00;158;158;11.01;24.04
1200.00;1500.00;2268.00;24.44;E0_1_5000m;5.00;189;189;12.89;24.61
1500.00;1800.00;0.00;-1.00;E0_0_0m;-1.00;0;0;0.00;-1.00
1500.00;1800.00;0.00;-1.00;E0_1_0m;-1.00;0;0;0.00;-1.00
1500.00;1800.00;1992.00;25.00;E0_0_100m;5.00;166;166;11.07;25.16
1500.00;1800.00;2232.00;27.46;E0_1_100m;5.00;186;186;11.29;27.62
1500.00;1800.00;2028.00;24.69;E0_0_200m;5.00;169;169;11.41;24.87
1500.00;1800.00;2184.00;27.80;E0_1_200m;5.00;182;182;10.91;27.99
1500.00;1800.00;2016.00;24.41;E0_0_300m;5.00;168;168;11.48;24.63
1500.00;1800.00;2208.00;27.85;E0_1_300m;5.00;184;184;11.01;28.05
1500.00;1800.00;2004.00;24.23;E0_0_400m;5.00;167;167;11.49;24.46
1500.00;1800.00;2220.00;27.71;E0_1_400m;5.00;185;186;11.15;27.85
1500.00;1800.00;2016.00;24.17;E0_0_500m;5.00;168;168;11.58;24.40
1500.00;1800.00;2232.00;27.66;E0_1_500m;5.00;186;185;11.17;27.79
1500.00;1800.00;2028.00;23.95;E0_0_600m;5.00;169;169;11.76;24.20
1500.00;1800.00;2220.00;27.65;E0_1_600m;5.00;185;185;11.15;27.76
1500.00;1800.00;1956.00;23.77;E0_0_700m;5.00;163;164;11.43;24.02
1500.00;1800.00;2268.00;27.52;E0_1_700m;5.00;189;189;11.45;27.65
1500.00;1800.00;1956.00;23.86;E0_0_800m;5.00;163;163;11.38;24.15
1500.00;1800.00;2256.00;27.65;E0_1_800m;5.00;188;188;11.33;27.75
1500.00;1800.00;1944.00;23.91;E0_0_900m;5.00;162;162;11.29;24.19
1500.00;1800.00;2244.00;27.67;E0_1_900m;5.00;187;187;11.26;27.78
1500.00;1800.00;1944.00;23.99;E0_0_1000m;5.00;162;162;11.25;24.27
1500.00;1800.00;2232.00;27.80;E0_1_1000m;5.00;186;186;11.15;27.91
1500.00;1800.00;1956.00;24.01;E0_0_1100m;5.00;163;163;11.32;24.28
1500.00;1800.00;2220.00;27.84;E0_1_1100m;5.00;185;185;11.07;27.95
1500.00;1800.00;1944.00;24.13;E0_0_1200m;5.00;162;162;11.19;24.41
1500.00;1800.00;2232.00;27.82;E0_1_1200m;5.00;186;185;11.09;27.94
1500.00;1800.00;1920.00;24.10;E0_0_1300m;5.00;160;160;11.07;24.38
1500.00;1800.00;2208.00;27.92;E0_1_1300m;5.00;184;184;10.98;28.03
1500.00;1800.00;1908.00;24.05;E0_0_1400m;5.00;159;159;11.02;24.34
1500.00;1800.00;2160.00;27.90;E0_1_1400m;5.00;180;180;10.75;28.01
1500.00;1800.00;1860.00;24.19;E0_0_1500m;5.00;155;155;10.68;24.47
1500.00;1800.00;2136.00;27.87;E0_1_1500m;5.00;178;178;10.65;27.98
1500.00;1800.00;1848.00;24.25;E0_0_1600m;5.00;154;154;10.58;24.54
1500.00;1800.00;2112.00;27.92;E0_1_1600m;5.00;176;177;10.54;28.04
1500.00;1800.00;1836.00;24.37;E0_0_1700m;5.00;153;153;10.46;24.65
1500.00;1800.00;2124.00;27.91;E0_1_1700m;5.00;177;177;10.57;28.02
1500.00;1800.00;1812.00;24.40;E0_0_1800m;5.00;151;151;10.31;24.68
1500.00;1800.00;2124.00;27.90;E0_1_1800m;5.00;177;177;10.57;28.00
1500.00;1800.00;1824.00;24.40;E0_0_1900m;5.00;152;152;10.38;24.71
1500.00;1800.00;2088.00;27.93;E0_1_1900m;5.00;174;173;10.34;28.04
1500.00;1800.00;1764.00;24.51;E0_0_2000m;5.00;147;148;10.05;24.85
1500.00;1800.00;2124.00;27.97;E0_1_2000m;5.00;177;177;10.55;28.10
1500.00;1800.00;1728.00;24.55;E0_0_2100m;5.00;144;145;9.81;24.88
1500.00;1800.00;2112.00;27.94;E0_1_2100m;5.00;176;177;10.51;28.05
1500.00;1800.00;1692.00;24.66;E0_0_2200m;5.00;141;142;9.53;25.00
1500.00;1800.00;2148.00;27.83;E0_1_2200m;5.00;179;179;10.72;28.01
1500.00;1800.00;1692.00;24.60;E0_0_2300m;5.00;141;141;9.55;24.92
1500.00;1800.00;2136.00;28.10;E0_1_2300m;5.00;178;178;10.56;28.21
1500.00;1800.00;1740.00;24.68;E0_0_2400m;5.00;145;145;9.79;24.99
1500.00;1800.00;2052.00;28.35;E0_1_2400m;5.00;171;171;10.05;28.48
1500.00;1800.00;1740.00;24.71;E0_0_2500m;5.00;145;145;9.78;25.01
1500.00;1800.00;2040.00;28.43;E0_1_2500m;5.00;170;171;9.97;28.56
1500.00;1800.00;1716.00;24.67;E0_0_2600m;5.00;143;144;9.66;24.98
1500.00;1800.00;2040.00;28.26;E0_1_2600m;5.00;170;170;10.03;28.38
1500.00;1800.00;1704.00;24.43;E0_0_2700m;5.00;142;141;9.63;24.75
1500.00;1800.00;2040.00;27.91;E0_1_2700m;5.00;170;170;10.15;28.06
1500.00;1800.00;1716.00;24.07;E0_0_2800m;5.00;143;144;9.95;24.43
1500.00;1800.00;2016.00;27.23;E0_1_2800m;5.00;168;167;10.24;27.44
1500.00;1800.00;1752.00;23.24;E0_0_2900m;5.00;146;146;10.47;23.59
1500.00;1800.00;2004.00;26.00;E0_1_2900m;5.00;167;167;10.70;26.28
1500.00;1800.00;1716.00;21.75;E0_0_3000m;5.00;143;143;10.96;22.05
1500.00;1800.00;2028.00;23.79;E0_1_3000m;5.00;169;169;11.84;24.08
1500.00;1800.00;1704.00;21.59;E0_0_3100m;5.00;142;142;10.96;21.74
1500.00;1800.00;2016.00;23.14;E0_1_3100m;5.00;168;168;12.10;23.29
1500.00;1800.00;1728.00;21.68;E0_0_3200m;5.00;144;144;11.07;21.79
1500.00;1800.00;2016.00;23.03;E0_1_3200m;5.00;168;168;12.16;23.17
1500.00;1800.00;1728.00;21.86;E0_0_3300m;5.00;144;144;10.98;21.95
1500.00;1800.00;2004.00;22.91;E0_1_3300m;5.00;167;167;12.15;23.03
1500.00;1800.00;1740.00;21.94;E0_0_3400m;5.00;145;145;11.02;22.01
1500.00;1800.00;1992.00;22.85;E0_1_3400m;5.00;166;166;12.11;22.96
1500.00;1800.00;1776.00;22.02;E0_0_3500m;5.00;148;148;11.20;22.07
1500.00;1800.00;1956.00;22.92;E0_1_3500m;5.00;163;163;11.86;23.03
1500.00;1800.00;1764.00;22.16;E0_0_3600m;5.00;147;146;10.99;22.18
1500.00;1800.00;1968.00;22.85;E0_1_3600m;5.00;164;164;11.96;22.94
1500.00;1800.00;1764.00;22.18;E0_0_3700m;5.00;147;148;11.08;22.20
1500.00;1800.00;1944.00;22.70;E0_1_3700m;5.00;162;162;11.89;22.75
1500.00;1800.00;1740.00;22.12;E0_0_3800m;5.00;145;146;10.96;22.15
1500.00;1800.00;1956.00;22.65;E0_1_3800m;5.00;163;163;11.99;22.68
1500.00;1800.00;1728.00;22.26;E0_0_3900m;5.00;144;144;10.78;22.32
1500.00;1800.00;1932.00;22.91;E0_1_3900m;5.00;161;161;11.71;22.96
1500.00;1800.00;1692.00;23.68;E0_0_4000m;5.00;141;142;9.98;23.80
1500.00;1800.00;1980.00;24.88;E0_1_4000m;5.00;165;164;10.99;25.03
1500.00;1800.00;1596.00;26.68;E0_0_4100m;5.00;133;134;8.32;26.86
1500.00;1800.00;2064.00;28.24;E0_1_4100m;5.00;172;172;10.15;28.33
1500.00;1800.00;1620.00;27.10;E0_0_4200m;5.00;135;135;8.30;27.29
1500.00;1800.00;2052.00;28.82;E0_1_4200m;5.00;171;171;9.89;28.96
1500.00;1800.00;1644.00;27.17;E0_0_4300m;5.00;137;137;8.40;27.34
1500.00;1800.00;2004.00;28.98;E0_1_4300m;5.00;167;168;9.61;29.12
1500.00;1800.00;1716.00;26.84;E0_0_4400m;5.00;143;143;8.88;27.00
1500.00;1800.00;1956.00;28.95;E0_1_4400m;5.00;163;163;9.38;29.11
1500.00;1800.00;1728.00;26.52;E0_0_4500m;5.00;144;144;9.05;26.69
1500.00;1800.00;1956.00;28.85;E0_1_4500m;5.00;163;163;9.42;29.01
1500.00;1800.00;1740.00;26.40;E0_0_4600m;5.00;145;145;9.16;26.55
1500.00;1800.00;1944.00;28.82;E0_1_4600m;5.00;162;162;9.37;28.98
1500.00;1800.00;1740.00;26.36;E0_0_4700m;5.00;145;145;9.17;26.52
1500.00;1800.00;2004.00;28.71;E0_1_4700m;5.00;167;167;9.69;28.86
1500.00;1800.00;1788.00;26.19;E0_0_4800m;5.00;149;148;9.43;26.35
1500.00;1800.00;2028.00;28.60;E0_1_4800m;5.00;169;170;9.85;28.73
1500.00;1800.00;1824.00;26.08;E0_0_4900m;5.00;152;152;9.71;26.22
1500.00;1800.00;2016.00;28.50;E0_1_4900m;5.00;168;168;9.82;28.62
1500.00;1800.00;1848.00;25.90;E0_0_5000m;5.00;154;154;9.91;26.04
1500.00;1800.00;2040.00;28.35;E0_1_5000m;5.00;170;170;9.99;28.46
1800.00;2100.00;0.00;-1.00;E0_0_0m;-1.00;0;0;0.00;-1.00
1800.00;2100.00;0.00;-1.00;E0_1_0m;-1.00;0;0;0.00;-1.00
1800.00;2100.00;1692.00;25.95;E0_0_100m;5.00;141;141;9.05;26.14
1800.00;2100.00;2016.00;27.83;E0_1_100m;5.00;168;168;10.06;28.00
1800.00;2100.00;1680.00;26.01;E0_0_200m;5.00;140;140;8.97;26.24
1800.00;2100.00;2064.00;27.85;E0_1_200m;5.00;172;172;10.29;28.11
1800.00;2100.00;1632.00;25.80;E0_0_300m;5.00;136;136;8.79;26.08
1800.00;2100.00;2124.00;27.51;E0_1_300m;5.00;177;177;10.73;27.78
1800.00;2100.00;1632.00;25.54;E0_0_400m;5.00;136;136;8.88;25.82
1800.00;2100.00;2136.00;27.22;E0_1_400m;5.00;178;178;10.93;27.50
1800.00;2100.00;1596.00;25.24;E0_0_500m;5.00;133;133;8.78;25.50
1800.00;2100.00;2172.00;27.10;E0_1_500m;5.00;181;181;11.13;27.39
1800.00;2100.00;1608.00;25.02;E0_0_600m;5.00;134;134;8.93;25.26
1800.00;2100.00;2208.00;26.96;E0_1_600m;5.00;184;184;11.38;27.26
1800.00;2100.00;1644.00;24.93;E0_0_700m;5.00;137;137;9.16;25.16
1800.00;2100.00;2196.00;26.82;E0_1_700m;5.00;183;183;11.37;27.13
1800.00;2100.00;1704.00;24.67;E0_0_800m;5.00;142;142;9.59;24.88
1800.00;2100.00;2184.00;26.60;E0_1_800m;5.00;182;182;11.40;26.91
1800.00;2100.00;1716.00;24.39;E0_0_900m;5.00;143;144;9.82;24.55
1800.00;2100.00;2196.00;26.45;E0_1_900m;5.00;183;183;11.53;26.76
1800.00;2100.00;1716.00;24.17;E0_0_1000m;5.00;143;143;9.86;24.33
1800.00;2100.00;2232.00;26.27;E0_1_1000m;5.00;186;186;11.80;26.57
1800.00;2100.00;1716.00;24.10;E0_0_1100m;5.00;143;144;9.95;24.25
1800.00;2100.00;2232.00;26.24;E0_1_1100m;5.00;186;186;11.81;26.52
1800.00;2100.00;1716.00;23.96;E0_0_1200m;5.00;143;144;10.00;24.10
1800.00;2100.00;2220.00;26.25;E0_1_1200m;5.00;185;185;11.75;26.52
1800.00;2100.00;1716.00;23.87;E0_0_1300m;5.00;143;144;9.99;24.02
1800.00;2100.00;2208.00;26.29;E0_1_1300m;5.00;184;184;11.66;26.55
1800.00;2100.00;1716.00;23.80;E0_0_1400m;5.00;143;143;10.01;23.96
1800.00;2100.00;2220.00;26.41;E0_1_1400m;5.00;185;185;11.68;26.68
1800.00;2100.00;1740.00;23.82;E0_0_1500m;5.00;145;145;10.14;23.99
1800.00;2100.00;2208.00;26.51;E0_1_1500m;5.00;184;184;11.57;26.75
1800.00;2100.00;1740.00;23.88;E0_0_1600m;5.00;145;145;10.12;24.03
1800.00;2100.00;2208.00;26.62;E0_1_1600m;5.00;184;183;11.48;26.83
1800.00;2100.00;1752.00;23.88;E0_0_1700m;5.00;146;146;10.19;24.02
1800.00;2100.00;2184.00;26.61;E0_1_1700m;5.00;182;182;11.40;26.79
1800.00;2100.00;1764.00;23.89;E0_0_1800m;5.00;147;147;10.26;24.02
1800.00;2100.00;2196.00;26.57;E0_1_1800m;5.00;183;183;11.48;26.73
1800.00;2100.00;1812.00;24.10;E0_0_1900m;5.00;151;151;10.44;24.22
1800.00;2100.00;2220.00;26.52;E0_1_1900m;5.00;185;185;11.63;26.67
1800.00;2100.00;1860.00;24.08;E0_0_2000m;5.00;155;155;10.73;24.22
1800.00;2100.00;2244.00;26.37;E0_1_2000m;5.00;187;188;11.87;26.53
1800.00;2100.00;1896.00;23.88;E0_0_2100m;5.00;158;157;11.00;23.98
1800.00;2100.00;2292.00;26.08;E0_1_2100m;5.00;191;191;12.21;26.23
1800.00;2100.00;1908.00;23.81;E0_0_2200m;5.00;159;159;11.13;23.91
1800.00;2100.00;2340.00;25.77;E0_1_2200m;5.00;195;195;12.61;25.90
1800.00;2100.00;1932.00;23.52;E0_0_2300m;5.00;161;161;11.41;23.61
1800.00;2100.00;2352.00;25.56;E0_1_2300m;5.00;196;196;12.78;25.69
1800.00;2100.00;1968.00;23.26;E0_0_2400m;5.00;164;164;11.75;23.37
1800.00;2100.00;2328.00;25.29;E0_1_2400m;5.00;194;195;12.82;25.42
1800.00;2100.00;2004.00;23.11;E0_0_2500m;5.00;167;168;12.09;23.25
1800.00;2100.00;2292.00;24.95;E0_1_2500m;5.00;191;190;12.75;25.08
1800.00;2100.00;2016.00;22.97;E0_0_2600m;5.00;168;168;12.22;23.20
1800.00;2100.00;2280.00;24.67;E0_1_2600m;5.00;190;191;12.89;24.82
1800.00;2100.00;1992.00;22.68;E0_0_2700m;5.00;166;166;12.20;22.86
1800.00;2100.00;2280.00;24.40;E0_1_2700m;5.00;190;190;12.98;24.58
1800.00;2100.00;1968.00;22.41;E0_0_2800m;5.00;164;164;12.20;22.60
1800.00;2100.00;2292.00;24.17;E0_1_2800m;5.00;191;191;13.17;24.39
1800.00;2100.00;1956.00;22.01;E0_0_2900m;5.00;163;163;12.34;22.19
1800.00;2100.00;2268.00;23.77;E0_1_2900m;5.00;189;189;13.25;23.99
1800.00;2100.00;1932.00;21.44;E0_0_3000m;5.00;161;161;12.52;21.54
1800.00;2100.00;2244.00;23.01;E0_1_3000m;5.00;187;187;13.55;23.13
1800.00;2100.00;1920.00;21.44;E0_0_3100m;5.00;160;160;12.44;21.52
1800.00;2100.00;2220.00;22.79;E0_1_3100m;5.00;185;186;13.55;22.86
1800.00;2100.00;1956.00;21.67;E0_0_3200m;5.00;163;163;12.54;21.72
1800.00;2100.00;2148.00;22.84;E0_1_3200m;5.00;179;179;13.06;22.94
1800.00;2100.00;1944.00;21.68;E0_0_3300m;5.00;162;162;12.45;21.73
1800.00;2100.00;2160.00;22.79;E0_1_3300m;5.00;180;180;13.16;22.92
1800.00;2100.00;1932.00;21.64;E0_0_3400m;5.00;161;161;12.40;21.69
1800.00;2100.00;2148.00;22.75;E0_1_3400m;5.00;179;179;13.11;22.88
1800.00;2100.00;1932.00;21.69;E0_0_3500m;5.00;161;161;12.37;21.73
1800.00;2100.00;2148.00;22.71;E0_1_3500m;5.00;179;179;13.14;22.81
1800.00;2100.00;1956.00;21.69;E0_0_3600m;5.00;163;163;12.53;21.73
1800.00;2100.00;2124.00;22.78;E0_1_3600m;5.00;177;178;12.99;22.88
1800.00;2100.00;1944.00;21.77;E0_0_3700m;5.00;162;162;12.40;21.81
1800.00;2100.00;2136.00;22.90;E0_1_3700m;5.00;178;178;12.95;23.04
1800.00;2100.00;1956.00;21.92;E0_0_3800m;5.00;163;162;12.36;21.94
1800.00;2100.00;2148.00;22.86;E0_1_3800m;5.00;179;179;13.05;22.98
1800.00;2100.00;1944.00;22.27;E0_0_3900m;5.00;162;162;12.12;22.29
1800.00;2100.00;2160.00;23.01;E0_1_3900m;5.00;180;180;13.04;23.14
1800.00;2100.00;1944.00;23.52;E0_0_4000m;5.00;162;161;11.42;23.61
1800.00;2100.00;2160.00;24.75;E0_1_4000m;5.00;180;180;12.12;24.92
1800.00;2100.00;1932.00;25.27;E0_0_4100m;5.00;161;160;10.61;25.44
1800.00;2100.00;2172.00;27.69;E0_1_4100m;5.00;181;181;10.89;27.78
1800.00;2100.00;1980.00;25.14;E0_0_4200m;5.00;165;165;10.94;25.40
1800.00;2100.00;2160.00;28.13;E0_1_4200m;5.00;180;179;10.65;28.24
1800.00;2100.00;1980.00;24.95;E0_0_4300m;5.00;165;165;11.02;25.25
1800.00;2100.00;2196.00;28.27;E0_1_4300m;5.00;183;182;10.78;28.38
1800.00;2100.00;1944.00;24.85;E0_0_4400m;5.00;162;162;10.87;25.16
1800.00;2100.00;2208.00;28.33;E0_1_4400m;5.00;184;184;10.83;28.44
1800.00;2100.00;1944.00;24.61;E0_0_4500m;5.00;162;162;10.97;24.92
1800.00;2100.00;2208.00;28.29;E0_1_4500m;5.00;184;184;10.84;28.41
1800.00;2100.00;1956.00;24.34;E0_0_4600m;5.00;163;164;11.17;24.65
1800.00;2100.00;2208.00;28.14;E0_1_4600m;5.00;184;184;10.90;28.26
1800.00;2100.00;1944.00;24.28;E0_0_4700m;5.00;162;162;11.12;24.57
1800.00;2100.00;2208.00;28.06;E0_1_4700m;5.00;184;184;10.93;28.15
1800.00;2100.00;1932.00;24.44;E0_0_4800m;5.00;161;162;11.00;24.71
1800.00;2100.00;2196.00;27.87;E0_1_4800m;5.00;183;183;10.95;27.99
1800.00;2100.00;1932.00;24.42;E0_0_4900m;5.00;161;161;10.99;24.68
1800.00;2100.00;2220.00;27.85;E0_1_4900m;5.00;185;185;11.07;27.96
1800.00;2100.00;1920.00;24.31;E0_0_5000m;5.00;160;160;10.97;24.54
1800.00;2100.00;2232.00;27.82;E0_1_5000m;5.00;186;187;11.16;27.93
2100.00;2400.00;0.00;-1.00;E0_0_0m;-1.00;0;0;0.00;-1.00
2100.00;2400.00;0.00;-1.00;E0_1_0m;-1.00;0;0;0.00;-1.00
2100.00;2400.00;2148.00;24.58;E0_0_100m;5.00;179;179;12.14;24.74
2100.00;2400.00;2292.00;26.22;E0_1_100m;5.00;191;191;12.14;26.41
2100.00;2400.00;2112.00;24.48;E0_0_200m;5.00;176;177;12.04;24.65
2100.00;2400.00;2340.00;26.12;E0_1_200m;5.00;195;195;12.44;26.44
2100.00;2400.00;2112.00;24.18;E0_0_300m;5.00;176;176;12.13;24.39
2100.00;2400.00;2352.00;25.69;E0_1_300m;5.00;196;196;12.71;25.98
2100.00;2400.00;2124.00;23.83;E0_0_400m;5.00;177;177;12.38;24.07
2100.00;2400.00;2340.00;25.33;E0_1_400m;5.00;195;195;12.79;25.62
2100.00;2400.00;2136.00;23.60;E0_0_500m;5.00;178;178;12.57;23.86
2100.00;2400.00;2352.00;24.93;E0_1_500m;5.00;196;196;13.10;25.20
2100.00;2400.00;2148.00;23.60;E0_0_600m;5.00;179;179;12.64;23.83
2100.00;2400.00;2328.00;24.61;E0_1_600m;5.00;194;194;13.14;24.88
2100.00;2400.00;2112.00;23.54;E0_0_700m;5.00;176;177;12.48;23.74
2100.00;2400.00;2328.00;24.40;E0_1_700m;5.00;194;194;13.25;24.68
2100.00;2400.00;2088.00;23.38;E0_0_800m;5.00;174;174;12.40;23.58
2100.00;2400.00;2340.00;24.21;E0_1_800m;5.00;195;195;13.42;24.51
2100.00;2400.00;2076.00;23.14;E0_0_900m;5.00;173;173;12.46;23.38
2100.00;2400.00;2328.00;24.05;E0_1_900m;5.00;194;194;13.45;24.33
2100.00;2400.00;2052.00;23.04;E0_0_1000m;5.00;171;171;12.37;23.25
2100.00;2400.00;2316.00;23.79;E0_1_1000m;5.00;193;193;13.52;24.04
2100.00;2400.00;2040.00;22.96;E0_0_1100m;5.00;170;169;12.28;23.16
2100.00;2400.00;2328.00;23.58;E0_1_1100m;5.00;194;195;13.76;23.83
2100.00;2400.00;2052.00;22.81;E0_0_1200m;5.00;171;170;12.44;23.02
2100.00;2400.00;2316.00;23.40;E0_1_1200m;5.00;193;194;13.81;23.65
2100.00;2400.00;2040.00;22.60;E0_0_1300m;5.00;170;169;12.53;22.81
2100.00;2400.00;2340.00;23.24;E0_1_1300m;5.00;195;196;14.04;23.50
2100.00;2400.00;2016.00;22.50;E0_0_1400m;5.00;168;169;12.50;22.72
2100.00;2400.00;2340.00;23.08;E0_1_1400m;5.00;195;196;14.12;23.32
2100.00;2400.00;2040.00;22.48;E0_0_1500m;5.00;170;170;12.60;22.70
2100.00;2400.00;2340.00;22.96;E0_1_1500m;5.00;195;195;14.15;23.17
2100.00;2400.00;2028.00;22.50;E0_0_1600m;5.00;169;170;12.56;22.70
2100.00;2400.00;2352.00;22.91;E0_1_1600m;5.00;196;196;14.26;23.12
2100.00;2400.00;2028.00;22.50;E0_0_1700m;5.00;169;169;12.52;22.70
2100.00;2400.00;2352.00;22.87;E0_1_1700m;5.00;196;196;14.28;23.07
2100.00;2400.00;2016.00;22.49;E0_0_1800m;5.00;168;168;12.45;22.69
2100.00;2400.00;2352.00;22.83;E0_1_1800m;5.00;196;196;14.31;23.02
2100.00;2400.00;1968.00;22.53;E0_0_1900m;5.00;164;165;12.16;22.73
2100.00;2400.00;2304.00;22.82;E0_1_1900m;5.00;192;193;14.05;23.00
2100.00;2400.00;1932.00;22.63;E0_0_2000m;5.00;161;161;11.86;22.80
2100.00;2400.00;2268.00;22.82;E0_1_2000m;5.00;189;189;13.81;22.99
2100.00;2400.00;1896.00;22.64;E0_0_2100m;5.00;158;158;11.63;22.79
2100.00;2400.00;2232.00;22.83;E0_1_2100m;5.00;186;186;13.58;23.01
2100.00;2400.00;1860.00;22.67;E0_0_2200m;5.00;155;155;11.40;22.82
2100.00;2400.00;2184.00;22.85;E0_1_2200m;5.00;182;182;13.28;23.02
2100.00;2400.00;1860.00;22.72;E0_0_2300m;5.00;155;155;11.37;22.88
2100.00;2400.00;2160.00;22.85;E0_1_2300m;5.00;180;180;13.13;23.03
2100.00;2400.00;1848.00;22.70;E0_0_2400m;5.00;154;154;11.31;22.84
2100.00;2400.00;2160.00;22.83;E0_1_2400m;5.00;180;179;13.11;22.98
2100.00;2400.00;1860.00;22.66;E0_0_2500m;5.00;155;154;11.36;22.78
2100.00;2400.00;2148.00;22.81;E0_1_2500m;5.00;179;179;13.08;22.96
2100.00;2400.00;1848.00;22.56;E0_0_2600m;5.00;154;154;11.39;22.67
2100.00;2400.00;2136.00;22.72;E0_1_2600m;5.00;178;178;13.06;22.84
2100.00;2400.00;1848.00;22.45;E0_0_2700m;5.00;154;154;11.43;22.53
2100.00;2400.00;2136.00;22.59;E0_1_2700m;5.00;178;178;13.14;22.68
2100.00;2400.00;1848.00;22.28;E0_0_2800m;5.00;154;154;11.52;22.33
2100.00;2400.00;2136.00;22.42;E0_1_2800m;5.00;178;178;13.23;22.49
2100.00;2400.00;1836.00;21.95;E0_0_2900m;5.00;153;154;11.69;22.00
2100.00;2400.00;2124.00;22.24;E0_1_2900m;5.00;177;178;13.33;22.28
2100.00;2400.00;1848.00;21.45;E0_0_3000m;5.00;154;154;11.96;21.50
2100.00;2400.00;2124.00;22.05;E0_1_3000m;5.00;177;177;13.38;22.07
2100.00;2400.00;1836.00;21.45;E0_0_3100m;5.00;153;153;11.89;21.49
2100.00;2400.00;2148.00;22.03;E0_1_3100m;5.00;179;178;13.52;22.05
2100.00;2400.00;1824.00;21.63;E0_0_3200m;5.00;152;152;11.71;21.65
2100.00;2400.00;2136.00;22.06;E0_1_3200m;5.00;178;178;13.45;22.09
2100.00;2400.00;1824.00;21.39;E0_0_3300m;5.00;152;152;11.84;21.47
2100.00;2400.00;2136.00;22.11;E0_1_3300m;5.00;178;178;13.42;22.14
2100.00;2400.00;1836.00;21.56;E0_0_3400m;5.00;153;153;11.83;21.62
2100.00;2400.00;2124.00;22.13;E0_1_3400m;5.00;177;177;13.33;22.16
2100.00;2400.00;1836.00;21.74;E0_0_3500m;5.00;153;153;11.73;21.77
2100.00;2400.00;2124.00;22.13;E0_1_3500m;5.00;177;177;13.33;22.16
2100.00;2400.00;1824.00;21.74;E0_0_3600m;5.00;152;152;11.65;21.78
2100.00;2400.00;2124.00;22.13;E0_1_3600m;5.00;177;176;13.29;22.15
2100.00;2400.00;1836.00;21.77;E0_0_3700m;5.00;153;152;11.67;21.80
2100.00;2400.00;2124.00;22.14;E0_1_3700m;5.00;177;177;13.33;22.15
2100.00;2400.00;1824.00;21.67;E0_0_3800m;5.00;152;152;11.69;21.70
2100.00;2400.00;2124.00;22.19;E0_1_3800m;5.00;177;177;13.29;22.21
2100.00;2400.00;1812.00;21.59;E0_0_3900m;5.00;151;152;11.71;21.64
2100.00;2400.00;2112.00;22.35;E0_1_3900m;5.00;176;177;13.17;22.39
2100.00;2400.00;1812.00;22.44;E0_0_4000m;5.00;151;151;11.21;22.55
2100.00;2400.00;2124.00;23.13;E0_1_4000m;5.00;177;177;12.75;23.28
2100.00;2400.00;1788.00;23.84;E0_0_4100m;5.00;149;150;10.45;24.08
2100.00;2400.00;2124.00;24.33;E0_1_4100m;5.00;177;177;12.12;24.65
2100.00;2400.00;1752.00;24.05;E0_0_4200m;5.00;146;146;10.12;24.28
2100.00;2400.00;2088.00;24.54;E0_1_4200m;5.00;174;174;11.82;24.89
2100.00;2400.00;1740.00;24.15;E0_0_4300m;5.00;145;145;10.01;24.36
2100.00;2400.00;2040.00;24.55;E0_1_4300m;5.00;170;170;11.54;24.88
2100.00;2400.00;1752.00;23.98;E0_0_4400m;5.00;146;147;10.16;24.18
2100.00;2400.00;2004.00;24.62;E0_1_4400m;5.00;167;167;11.30;24.94
2100.00;2400.00;1704.00;23.94;E0_0_4500m;5.00;142;142;9.89;24.11
2100.00;2400.00;2028.00;24.69;E0_1_4500m;5.00;169;169;11.41;25.01
2100.00;2400.00;1668.00;23.92;E0_0_4600m;5.00;139;139;9.68;24.09
2100.00;2400.00;2004.00;24.70;E0_1_4600m;5.00;167;167;11.27;25.01
2100.00;2400.00;1656.00;23.97;E0_0_4700m;5.00;138;138;9.59;24.14
2100.00;2400.00;1956.00;24.73;E0_1_4700m;5.00;163;163;10.99;25.03
2100.00;2400.00;1632.00;24.07;E0_0_4800m;5.00;136;136;9.42;24.23
2100.00;2400.00;1932.00;24.82;E0_1_4800m;5.00;161;161;10.81;25.11
2100.00;2400.00;1644.00;24.10;E0_0_4900m;5.00;137;137;9.47;24.26
2100.00;2400.00;1920.00;24.82;E0_1_4900m;5.00;160;160;10.74;25.11
2100.00;2400.00;1644.00;24.19;E0_0_5000m;5.00;137;137;9.44;24.34
2100.00;2400.00;1944.00;24.91;E0_1_5000m;5.00;162;161;10.82;25.19
2400.00;2700.00;0.00;-1.00;E0_0_0m;-1.00;0;0;0.00;-1.00
2400.00;2700.00;0.00;-1.00;E0_1_0m;-1.00;0;0;0.00;-1.00
2400.00;2700.00;1860.00;26.63;E0_0_100m;5.00;155;156;9.76;26.76
2400.00;2700.00;2088.00;27.75;E0_1_100m;5.00;174;174;10.45;27.89
2400.00;2700.00;1872.00;27.17;E0_0_200m;5.00;156;156;9.57;27.33
2400.00;2700.00;2052.00;28.49;E0_1_200m;5.00;171;171;10.00;28.67
2400.00;2700.00;1824.00;27.22;E0_0_300m;5.00;152;152;9.31;27.37
2400.00;2700.00;2076.00;28.78;E0_1_300m;5.00;173;173;10.02;28.95
2400.00;2700.00;1788.00;27.23;E0_0_400m;5.00;149;149;9.12;27.36
2400.00;2700.00;2100.00;28.97;E0_1_400m;5.00;175;174;10.05;29.12
2400.00;2700.00;1764.00;27.32;E0_0_500m;5.00;147;148;8.99;27.42
2400.00;2700.00;2112.00;28.82;E0_1_500m;5.00;176;176;10.18;28.96
2400.00;2700.00;1728.00;27.26;E0_0_600m;5.00;144;144;8.80;27.36
2400.00;2700.00;2112.00;28.62;E0_1_600m;5.00;176;177;10.25;28.75
2400.00;2700.00;1716.00;27.19;E0_0_700m;5.00;143;142;8.75;27.28
2400.00;2700.00;2148.00;28.47;E0_1_700m;5.00;179;179;10.48;28.57
2400.00;2700.00;1728.00;27.10;E0_0_800m;5.00;144;144;8.86;27.20
2400.00;2700.00;2124.00;28.42;E0_1_800m;5.00;177;177;10.38;28.52
2400.00;2700.00;1752.00;26.95;E0_0_900m;5.00;146;146;9.03;27.06
2400.00;2700.00;2136.00;28.34;E0_1_900m;5.00;178;178;10.47;28.46
2400.00;2700.00;1764.00;26.74;E0_0_1000m;5.00;147;148;9.23;26.86
2400.00;2700.00;2148.00;28.16;E0_1_1000m;5.00;179;179;10.59;28.32
2400.00;2700.00;1800.00;26.51;E0_0_1100m;5.00;150;151;9.48;26.64
2400.00;2700.00;2124.00;27.94;E0_1_1100m;5.00;177;176;10.50;28.08
2400.00;2700.00;1788.00;26.24;E0_0_1200m;5.00;149;149;9.46;26.39
2400.00;2700.00;2148.00;27.69;E0_1_1200m;5.00;179;178;10.71;27.87
2400.00;2700.00;1776.00;26.16;E0_0_1300m;5.00;148;148;9.43;26.32
2400.00;2700.00;2160.00;27.46;E0_1_1300m;5.00;180;179;10.87;27.68
2400.00;2700.00;1776.00;25.97;E0_0_1400m;5.00;148;148;9.51;26.16
2400.00;2700.00;2184.00;27.22;E0_1_1400m;5.00;182;181;11.10;27.47
2400.00;2700.00;1752.00;25.88;E0_0_1500m;5.00;146;146;9.40;26.07
2400.00;2700.00;2196.00;26.96;E0_1_1500m;5.00;183;183;11.31;27.24
2400.00;2700.00;1752.00;25.61;E0_0_1600m;5.00;146;145;9.46;25.82
2400.00;2700.00;2196.00;26.68;E0_1_1600m;5.00;183;183;11.43;26.98
2400.00;2700.00;1764.00;25.17;E0_0_1700m;5.00;147;147;9.74;25.43
2400.00;2700.00;2196.00;26.37;E0_1_1700m;5.00;183;184;11.62;26.70
2400.00;2700.00;1764.00;24.70;E0_0_1800m;5.00;147;147;9.92;25.05
2400.00;2700.00;2208.00;26.08;E0_1_1800m;5.00;184;184;11.76;26.42
2400.00;2700.00;1800.00;24.45;E0_0_1900m;5.00;150;149;10.19;24.82
2400.00;2700.00;2208.00;25.71;E0_1_1900m;5.00;184;183;11.90;26.09
2400.00;2700.00;1836.00;24.07;E0_0_2000m;5.00;153;153;10.60;24.47
2400.00;2700.00;2196.00;25.23;E0_1_2000m;5.00;183;183;12.09;25.64
2400.00;2700.00;1872.00;24.03;E0_0_2100m;5.00;156;156;10.82;24.40
2400.00;2700.00;2208.00;24.75;E0_1_2100m;5.00;184;184;12.39;25.22
2400.00;2700.00;1896.00;23.85;E0_0_2200m;5.00;158;158;11.04;24.26
2400.00;2700.00;2232.00;24.29;E0_1_2200m;5.00;186;186;12.76;24.82
2400.00;2700.00;1908.00;23.40;E0_0_2300m;5.00;159;159;11.33;23.89
2400.00;2700.00;2256.00;23.81;E0_1_2300m;5.00;188;188;13.16;24.38
2400.00;2700.00;1932.00;22.72;E0_0_2400m;5.00;161;161;11.81;23.20
2400.00;2700.00;2256.00;23.16;E0_1_2400m;5.00;188;188;13.53;23.74
2400.00;2700.00;1932.00;21.87;E0_0_2500m;5.00;161;161;12.27;22.27
2400.00;2700.00;2304.00;22.53;E0_1_2500m;5.00;192;192;14.20;23.08
2400.00;2700.00;1944.00;21.06;E0_0_2600m;5.00;162;162;12.80;21.37
2400.00;2700.00;2316.00;21.67;E0_1_2600m;5.00;193;193;14.84;22.12
2400.00;2700.00;1956.00;20.14;E0_0_2700m;5.00;163;163;13.49;20.33
2400.00;2700.00;2328.00;20.71;E0_1_2700m;5.00;194;194;15.61;21.02
2400.00;2700.00;1992.00;19.24;E0_0_2800m;5.00;166;166;14.38;19.34
2400.00;2700.00;2340.00;19.85;E0_1_2800m;5.00;195;195;16.37;20.01
2400.00;2700.00;2040.00;18.45;E0_0_2900m;5.00;170;169;15.28;18.51
2400.00;2700.00;2376.00;19.11;E0_1_2900m;5.00;198;197;17.20;19.19
2400.00;2700.00;2040.00;17.45;E0_0_3000m;5.00;170;170;16.23;17.47
2400.00;2700.00;2364.00;18.30;E0_1_3000m;5.00;197;197;17.94;18.33
2400.00;2700.00;2076.00;17.42;E0_0_3100m;5.00;173;173;16.55;17.48
2400.00;2700.00;2316.00;18.19;E0_1_3100m;5.00;193;194;17.75;18.22
2400.00;2700.00;2100.00;17.59;E0_0_3200m;5.00;175;175;16.59;17.60
2400.00;2700.00;2316.00;18.06;E0_1_3200m;5.00;193;193;17.81;18.07
2400.00;2700.00;2148.00;17.57;E0_0_3300m;5.00;179;179;16.98;17.58
2400.00;2700.00;2280.00;17.99;E0_1_3300m;5.00;190;190;17.61;18.00
2400.00;2700.00;2136.00;17.53;E0_0_3400m;5.00;178;179;16.99;17.54
2400.00;2700.00;2268.00;17.92;E0_1_3400m;5.00;189;190;17.59;17.93
2400.00;2700.00;2124.00;17.57;E0_0_3500m;5.00;177;177;16.79;17.58
2400.00;2700.00;2280.00;17.90;E0_1_3500m;5.00;190;190;17.69;17.90
2400.00;2700.00;2124.00;17.66;E0_0_3600m;5.00;177;177;16.70;17.67
2400.00;2700.00;2292.00;17.91;E0_1_3600m;5.00;191;191;17.77;17.92
2400.00;2700.00;2124.00;17.69;E0_0_3700m;5.00;177;177;16.67;17.70
2400.00;2700.00;2280.00;17.91;E0_1_3700m;5.00;190;190;17.69;17.91
2400.00;2700.00;2100.00;17.74;E0_0_3800m;5.00;175;175;16.45;17.74
2400.00;2700.00;2280.00;17.98;E0_1_3800m;5.00;190;190;17.61;17.99
2400.00;2700.00;2124.00;17.77;E0_0_3900m;5.00;177;177;16.63;17.79
2400.00;2700.00;2256.00;18.38;E0_1_3900m;5.00;188;188;17.06;18.48
2400.00;2700.00;2088.00;19.24;E0_0_4000m;5.00;174;176;15.20;19.37
2400.00;2700.00;2292.00;20.96;E0_1_4000m;5.00;191;191;15.19;21.24
2400.00;2700.00;2016.00;24.39;E0_0_4100m;5.00;168;167;11.44;24.59
2400.00;2700.00;2400.00;25.20;E0_1_4100m;5.00;200;200;13.23;25.42
2400.00;2700.00;2040.00;24.58;E0_0_4200m;5.00;170;170;11.53;24.84
2400.00;2700.00;2400.00;25.25;E0_1_4200m;5.00;200;200;13.20;25.56
2400.00;2700.00;2028.00;24.39;E0_0_4300m;5.00;169;170;11.59;24.61
2400.00;2700.00;2412.00;25.00;E0_1_4300m;5.00;201;201;13.40;25.29
2400.00;2700.00;2040.00;24.17;E0_0_4400m;5.00;170;169;11.71;24.36
2400.00;2700.00;2424.00;24.67;E0_1_4400m;5.00;202;202;13.65;24.91
2400.00;2700.00;2052.00;24.04;E0_0_4500m;5.00;171;171;11.85;24.23
2400.00;2700.00;2424.00;24.40;E0_1_4500m;5.00;202;202;13.80;24.63
2400.00;2700.00;2052.00;23.93;E0_0_4600m;5.00;171;171;11.91;24.10
2400.00;2700.00;2448.00;24.25;E0_1_4600m;5.00;204;204;14.02;24.46
2400.00;2700.00;2040.00;23.70;E0_0_4700m;5.00;170;171;12.02;23.87
2400.00;2700.00;2460.00;24.10;E0_1_4700m;5.00;205;205;14.18;24.30
2400.00;2700.00;2076.00;23.64;E0_0_4800m;5.00;173;173;12.19;23.84
2400.00;2700.00;2460.00;24.05;E0_1_4800m;5.00;205;206;14.27;24.26
2400.00;2700.00;2064.00;23.50;E0_0_4900m;5.00;172;172;12.20;23.68
2400.00;2700.00;2424.00;23.92;E0_1_4900m;5.00;202;202;14.07;24.15
2400.00;2700.00;2064.00;23.44;E0_0_5000m;5.00;172;172;12.23;23.63
2400.00;2700.00;2388.00;23.87;E0_1_5000m;5.00;199;199;13.90;24.11
2700.00;3000.00;0.00;-1.00;E0_0_0m;-1.00;0;0;0.00;-1.00
2700.00;3000.00;0.00;-1.00;E0_1_0m;-1.00;0;0;0.00;-1.00
2700.00;3000.00;1776.00;25.90;E0_0_100m;5.00;148;149;9.55;26.09
2700.00;3000.00;2112.00;27.67;E0_1_100m;5.00;176;176;10.60;27.80
2700.00;3000.00;1776.00;26.23;E0_0_200m;5.00;148;148;9.41;26.41
2700.00;3000.00;2088.00;28.62;E0_1_200m;5.00;174;174;10.13;28.80
2700.00;3000.00;1776.00;26.49;E0_0_300m;5.00;148;149;9.31;26.65
2700.00;3000.00;2112.00;28.51;E0_1_300m;5.00;176;176;10.29;28.70
2700.00;3000.00;1764.00;26.66;E0_0_400m;5.00;147;148;9.20;26.79
2700.00;3000.00;2136.00;28.37;E0_1_400m;5.00;178;178;10.46;28.51
2700.00;3000.00;1740.00;26.44;E0_0_500m;5.00;145;144;9.12;26.58
2700.00;3000.00;2172.00;28.29;E0_1_500m;5.00;181;181;10.66;28.42
2700.00;3000.00;1680.00;26.40;E0_0_600m;5.00;140;140;8.84;26.54
2700.00;3000.00;2256.00;28.20;E0_1_600m;5.00;188;187;11.11;28.33
2700.00;3000.00;1704.00;26.42;E0_0_700m;5.00;142;142;8.96;26.56
2700.00;3000.00;2232.00;28.08;E0_1_700m;5.00;186;187;11.09;28.18
2700.00;3000.00;1680.00;26.32;E0_0_800m;5.00;140;140;8.86;26.45
2700.00;3000.00;2268.00;27.96;E0_1_800m;5.00;189;189;11.26;28.06
2700.00;3000.00;1656.00;26.12;E0_0_900m;5.00;138;139;8.83;26.23
2700.00;3000.00;2280.00;27.87;E0_1_900m;5.00;190;190;11.36;27.96
2700.00;3000.00;1668.00;25.90;E0_0_1000m;5.00;139;139;8.94;26.02
2700.00;3000.00;2280.00;27.73;E0_1_1000m;5.00;190;190;11.42;27.81
2700.00;3000.00;1692.00;25.73;E0_0_1100m;5.00;141;141;9.13;25.85
2700.00;3000.00;2268.00;27.62;E0_1_1100m;5.00;189;189;11.41;27.70
2700.00;3000.00;1716.00;25.66;E0_0_1200m;5.00;143;143;9.29;25.77
2700.00;3000.00;2304.00;27.47;E0_1_1200m;5.00;192;192;11.65;27.56
2700.00;3000.00;1728.00;25.54;E0_0_1300m;5.00;144;144;9.40;25.65
2700.00;3000.00;2304.00;27.35;E0_1_1300m;5.00;192;192;11.70;27.43
2700.00;3000.00;1752.00;25.37;E0_0_1400m;5.00;146;146;9.59;25.48
2700.00;3000.00;2280.00;27.30;E0_1_1400m;5.00;190;190;11.60;27.39
2700.00;3000.00;1776.00;25.31;E0_0_1500m;5.00;148;148;9.74;25.43
2700.00;3000.00;2268.00;27.24;E0_1_1500m;5.00;189;189;11.57;27.33
2700.00;3000.00;1824.00;25.30;E0_0_1600m;5.00;152;152;10.01;25.41
2700.00;3000.00;2220.00;27.29;E0_1_1600m;5.00;185;185;11.30;27.38
2700.00;3000.00;1824.00;25.16;E0_0_1700m;5.00;152;152;10.07;25.26
2700.00;3000.00;2244.00;27.26;E0_1_1700m;5.00;187;186;11.38;27.36
2700.00;3000.00;1812.00;25.00;E0_0_1800m;5.00;151;152;10.08;25.09
2700.00;3000.00;2268.00;27.23;E0_1_1800m;5.00;189;189;11.57;27.33
2700.00;3000.00;1800.00;24.91;E0_0_1900m;5.00;150;151;10.05;25.01
2700.00;3000.00;2268.00;27.29;E0_1_1900m;5.00;189;189;11.54;27.40
2700.00;3000.00;1824.00;24.87;E0_0_2000m;5.00;152;152;10.19;24.98
2700.00;3000.00;2256.00;27.38;E0_1_2000m;5.00;188;188;11.44;27.51
2700.00;3000.00;1812.00;24.83;E0_0_2100m;5.00;151;151;10.14;24.94
2700.00;3000.00;2244.00;27.33;E0_1_2100m;5.00;187;187;11.40;27.46
2700.00;3000.00;1800.00;24.70;E0_0_2200m;5.00;150;150;10.12;24.81
2700.00;3000.00;2220.00;27.26;E0_1_2200m;5.00;185;185;11.31;27.39
2700.00;3000.00;1764.00;24.54;E0_0_2300m;5.00;147;148;10.05;24.66
2700.00;3000.00;2208.00;27.15;E0_1_2300m;5.00;184;184;11.29;27.34
2700.00;3000.00;1776.00;24.20;E0_0_2400m;5.00;148;148;10.19;24.34
2700.00;3000.00;2220.00;26.77;E0_1_2400m;5.00;185;185;11.52;26.96
2700.00;3000.00;1776.00;23.69;E0_0_2500m;5.00;148;148;10.41;23.86
2700.00;3000.00;2196.00;26.21;E0_1_2500m;5.00;183;183;11.64;26.48
2700.00;3000.00;1776.00;23.01;E0_0_2600m;5.00;148;147;10.70;23.23
2700.00;3000.00;2208.00;25.27;E0_1_2600m;5.00;184;184;12.14;25.63
2700.00;3000.00;1752.00;22.05;E0_0_2700m;5.00;146;146;11.04;22.36
2700.00;3000.00;2220.00;23.99;E0_1_2700m;5.00;185;185;12.85;24.41
2700.00;3000.00;1716.00;20.84;E0_0_2800m;5.00;143;143;11.44;21.18
2700.00;3000.00;2196.00;22.48;E0_1_2800m;5.00;183;183;13.57;22.88
2700.00;3000.00;1692.00;19.31;E0_0_2900m;5.00;141;141;12.17;19.57
2700.00;3000.00;2172.00;20.58;E0_1_2900m;5.00;181;181;14.66;20.84
2700.00;3000.00;1716.00;17.54;E0_0_3000m;5.00;143;143;13.59;17.61
2700.00;3000.00;2136.00;18.71;E0_1_3000m;5.00;178;178;15.86;18.84
2700.00;3000.00;1776.00;17.49;E0_0_3100m;5.00;148;148;14.10;17.53
2700.00;3000.00;2076.00;18.30;E0_1_3100m;5.00;173;173;15.76;18.37
2700.00;3000.00;1776.00;17.65;E0_0_3200m;5.00;148;148;13.97;17.68
2700.00;3000.00;2052.00;18.22;E0_1_3200m;5.00;171;171;15.64;18.28
2700.00;3000.00;1764.00;17.62;E0_0_3300m;5.00;147;147;13.90;17.65
2700.00;3000.00;2040.00;18.05;E0_1_3300m;5.00;170;170;15.69;18.07
2700.00;3000.00;1788.00;17.53;E0_0_3400m;5.00;149;148;14.10;17.56
2700.00;3000.00;2016.00;17.98;E0_1_3400m;5.00;168;167;15.56;17.99
2700.00;3000.00;1800.00;17.47;E0_0_3500m;5.00;150;151;14.34;17.51
2700.00;3000.00;1980.00;17.99;E0_1_3500m;5.00;165;166;15.35;18.03
2700.00;3000.00;1788.00;17.58;E0_0_3600m;5.00;149;149;14.13;17.61
2700.00;3000.00;1992.00;17.97;E0_1_3600m;5.00;166;166;15.39;18.00
2700.00;3000.00;1776.00;17.61;E0_0_3700m;5.00;148;148;14.00;17.62
2700.00;3000.00;1992.00;17.96;E0_1_3700m;5.00;166;166;15.40;17.98
2700.00;3000.00;1776.00;17.65;E0_0_3800m;5.00;148;148;13.97;17.66
2700.00;3000.00;1992.00;17.95;E0_1_3800m;5.00;166;167;15.42;17.97
2700.00;3000.00;1752.00;17.72;E0_0_3900m;5.00;146;145;13.64;17.73
2700.00;3000.00;2016.00;18.25;E0_1_3900m;5.00;168;168;15.34;18.31
2700.00;3000.00;1716.00;19.47;E0_0_4000m;5.00;143;143;12.24;19.60
2700.00;3000.00;2040.00;20.96;E0_1_4000m;5.00;170;170;13.52;21.25
2700.00;3000.00;1716.00;26.43;E0_0_4100m;5.00;143;143;9.02;26.51
2700.00;3000.00;2052.00;27.35;E0_1_4100m;5.00;171;172;10.43;27.42
2700.00;3000.00;1728.00;27.28;E0_0_4200m;5.00;144;144;8.80;27.40
2700.00;3000.00;2064.00;28.59;E0_1_4200m;5.00;172;173;10.04;28.74
2700.00;3000.00;1764.00;27.30;E0_0_4300m;5.00;147;146;8.93;27.41
2700.00;3000.00;2052.00;28.72;E0_1_4300m;5.00;171;172;9.96;28.85
2700.00;3000.00;1728.00;27.11;E0_0_4400m;5.00;144;144;8.85;27.20
2700.00;3000.00;2112.00;28.78;E0_1_4400m;5.00;176;176;10.19;28.92
2700.00;3000.00;1728.00;26.85;E0_0_4500m;5.00;144;144;8.94;26.93
2700.00;3000.00;2112.00;28.70;E0_1_4500m;5.00;176;176;10.22;28.83
2700.00;3000.00;1728.00;26.67;E0_0_4600m;5.00;144;144;9.00;26.75
2700.00;3000.00;2124.00;28.47;E0_1_4600m;5.00;177;177;10.36;28.60
2700.00;3000.00;1740.00;26.60;E0_0_4700m;5.00;145;144;9.02;26.67
2700.00;3000.00;2112.00;28.20;E0_1_4700m;5.00;176;176;10.40;28.33
2700.00;3000.00;1704.00;26.61;E0_0_4800m;5.00;142;142;8.89;26.68
2700.00;3000.00;2124.00;27.94;E0_1_4800m;5.00;177;177;10.56;28.09
2700.00;3000.00;1716.00;26.44;E0_0_4900m;5.00;143;143;9.01;26.52
2700.00;3000.00;2112.00;27.74;E0_1_4900m;5.00;176;176;10.57;27.90
2700.00;3000.00;1668.00;26.29;E0_0_5000m;5.00;139;139;8.81;26.37
2700.00;3000.00;2112.00;27.59;E0_1_5000m;5.00;176;177;10.67;27.77
3000.00;3300.00;0.00;-1.00;E0_0_0m;-1.00;0;0;0.00;-1.00
3000.00;3300.00;0.00;-1.00;E0_1_0m;-1.00;0;0;0.00;-1.00
3000.00;3300.00;1872.00;25.81;E0_0_100m;5.00;156;156;10.07;26.01
3000.00;3300.00;2136.00;27.18;E0_1_100m;5.00;178;178;10.92;27.34
3000.00;3300.00;1920.00;26.10;E0_0_200m;5.00;160;160;10.22;26.32
3000.00;3300.00;2112.00;27.87;E0_1_200m;5.00;176;176;10.52;28.07
3000.00;3300.00;1884.00;26.04;E0_0_300m;5.00;157;157;10.05;26.21
3000.00;3300.00;2124.00;28.06;E0_1_300m;5.00;177;177;10.51;28.27
3000.00;3300.00;1824.00;25.87;E0_0_400m;5.00;152;152;9.83;26.03
3000.00;3300.00;2160.00;28.16;E0_1_400m;5.00;180;180;10.65;28.38
3000.00;3300.00;1824.00;25.77;E0_0_500m;5.00;152;152;9.83;25.91
3000.00;3300.00;2136.00;28.15;E0_1_500m;5.00;178;178;10.54;28.34
3000.00;3300.00;1788.00;25.79;E0_0_600m;5.00;149;149;9.63;25.92
3000.00;3300.00;2160.00;28.15;E0_1_600m;5.00;180;181;10.68;28.32
3000.00;3300.00;1740.00;25.75;E0_0_700m;5.00;145;145;9.38;25.89
3000.00;3300.00;2172.00;28.32;E0_1_700m;5.00;181;182;10.69;28.48
3000.00;3300.00;1668.00;25.66;E0_0_800m;5.00;139;140;9.05;25.80
3000.00;3300.00;2220.00;28.39;E0_1_800m;5.00;185;186;10.92;28.53
3000.00;3300.00;1692.00;25.62;E0_0_900m;5.00;141;141;9.17;25.75
3000.00;3300.00;2184.00;28.58;E0_1_900m;5.00;182;182;10.61;28.72
3000.00;3300.00;1644.00;25.62;E0_0_1000m;5.00;137;138;8.93;25.75
3000.00;3300.00;2196.00;28.56;E0_1_1000m;5.00;183;183;10.68;28.71
3000.00;3300.00;1620.00;25.48;E0_0_1100m;5.00;135;135;8.83;25.62
3000.00;3300.00;2184.00;28.68;E0_1_1100m;5.00;182;183;10.61;28.79
3000.00;3300.00;1584.00;25.37;E0_0_1200m;5.00;132;132;8.67;25.50
3000.00;3300.00;2148.00;28.67;E0_1_1200m;5.00;179;180;10.46;28.76
3000.00;3300.00;1608.00;25.36;E0_0_1300m;5.00;134;135;8.82;25.49
3000.00;3300.00;2160.00;28.65;E0_1_1300m;5.00;180;180;10.47;28.76
3000.00;3300.00;1596.00;25.46;E0_0_1400m;5.00;133;132;8.64;25.59
3000.00;3300.00;2184.00;28.74;E0_1_1400m;5.00;182;182;10.55;28.84
3000.00;3300.00;1596.00;25.48;E0_0_1500m;5.00;133;133;8.70;25.61
3000.00;3300.00;2184.00;28.84;E0_1_1500m;5.00;182;183;10.56;28.93
3000.00;3300.00;1644.00;25.45;E0_0_1600m;5.00;137;137;8.97;25.60
3000.00;3300.00;2148.00;28.95;E0_1_1600m;5.00;179;179;10.31;29.03
3000.00;3300.00;1644.00;25.41;E0_0_1700m;5.00;137;137;8.99;25.55
3000.00;3300.00;2136.00;29.00;E0_1_1700m;5.00;178;178;10.23;29.08
3000.00;3300.00;1668.00;25.35;E0_0_1800m;5.00;139;138;9.12;25.49
3000.00;3300.00;2100.00;29.01;E0_1_1800m;5.00;175;175;10.05;29.08
3000.00;3300.00;1692.00;25.30;E0_0_1900m;5.00;141;140;9.27;25.44
3000.00;3300.00;2088.00;29.00;E0_1_1900m;5.00;174;174;10.00;29.06
3000.00;3300.00;1668.00;25.25;E0_0_2000m;5.00;139;139;9.17;25.39
3000.00;3300.00;2088.00;28.87;E0_1_2000m;5.00;174;174;10.04;28.93
3000.00;3300.00;1644.00;25.19;E0_0_2100m;5.00;137;137;9.06;25.33
3000.00;3300.00;2148.00;28.66;E0_1_2100m;5.00;179;179;10.41;28.73
3000.00;3300.00;1656.00;25.14;E0_0_2200m;5.00;138;139;9.17;25.29
3000.00;3300.00;2172.00;28.50;E0_1_2200m;5.00;181;182;10.61;28.59
3000.00;3300.00;1668.00;25.15;E0_0_2300m;5.00;139;139;9.21;25.30
3000.00;3300.00;2184.00;28.55;E0_1_2300m;5.00;182;182;10.62;28.66
3000.00;3300.00;1692.00;25.30;E0_0_2400m;5.00;141;141;9.29;25.45
3000.00;3300.00;2112.00;28.48;E0_1_2400m;5.00;176;176;10.30;28.61
3000.00;3300.00;1632.00;25.24;E0_0_2500m;5.00;136;136;8.98;25.41
3000.00;3300.00;2160.00;27.90;E0_1_2500m;5.00;180;180;10.75;28.08
3000.00;3300.00;1644.00;24.54;E0_0_2600m;5.00;137;137;9.30;24.72
3000.00;3300.00;2172.00;26.92;E0_1_2600m;5.00;181;181;11.21;27.20
3000.00;3300.00;1656.00;23.17;E0_0_2700m;5.00;138;138;9.93;23.36
3000.00;3300.00;2220.00;25.53;E0_1_2700m;5.00;185;185;12.08;25.89
3000.00;3300.00;1704.00;21.70;E0_0_2800m;5.00;142;142;10.91;21.91
3000.00;3300.00;2220.00;23.41;E0_1_2800m;5.00;185;185;13.17;23.82
3000.00;3300.00;1740.00;19.84;E0_0_2900m;5.00;145;145;12.18;20.03
3000.00;3300.00;2208.00;21.01;E0_1_2900m;5.00;184;184;14.59;21.30
3000.00;3300.00;1764.00;17.75;E0_0_3000m;5.00;147;147;13.80;17.82
3000.00;3300.00;2220.00;18.59;E0_1_3000m;5.00;185;185;16.58;18.67
3000.00;3300.00;1860.00;17.40;E0_0_3100m;5.00;155;155;14.85;17.44
3000.00;3300.00;2136.00;18.26;E0_1_3100m;5.00;178;178;16.24;18.32
3000.00;3300.00;1896.00;17.43;E0_0_3200m;5.00;158;159;15.18;17.46
3000.00;3300.00;2112.00;18.14;E0_1_3200m;5.00;176;176;16.17;18.17
3000.00;3300.00;1920.00;17.58;E0_0_3300m;5.00;160;160;15.17;17.59
3000.00;3300.00;2088.00;18.06;E0_1_3300m;5.00;174;174;16.06;18.08
3000.00;3300.00;1944.00;17.61;E0_0_3400m;5.00;162;163;15.42;17.62
3000.00;3300.00;2064.00;18.07;E0_1_3400m;5.00;172;173;15.95;18.09
3000.00;3300.00;1968.00;17.45;E0_0_3500m;5.00;164;163;15.64;17.46
3000.00;3300.00;2064.00;17.97;E0_1_3500m;5.00;172;171;15.88;17.98
3000.00;3300.00;1992.00;17.44;E0_0_3600m;5.00;166;166;15.86;17.46
3000.00;3300.00;2052.00;17.92;E0_1_3600m;5.00;171;171;15.91;17.92
3000.00;3300.00;2004.00;17.44;E0_0_3700m;5.00;167;167;15.96;17.45
3000.00;3300.00;2052.00;17.88;E0_1_3700m;5.00;171;172;16.00;17.88
3000.00;3300.00;1992.00;17.53;E0_0_3800m;5.00;166;166;15.79;17.54
3000.00;3300.00;2076.00;17.89;E0_1_3800m;5.00;173;172;16.11;17.89
3000.00;3300.00;2016.00;17.63;E0_0_3900m;5.00;168;168;15.89;17.64
3000.00;3300.00;2064.00;18.07;E0_1_3900m;5.00;172;171;15.80;18.10
3000.00;3300.00;2016.00;19.40;E0_0_4000m;5.00;168;171;14.52;19.55
3000.00;3300.00;2052.00;20.60;E0_1_4000m;5.00;171;171;13.84;20.84
3000.00;3300.00;1860.00;25.19;E0_0_4100m;5.00;155;156;10.31;25.42
3000.00;3300.00;2184.00;26.53;E0_1_4100m;5.00;182;181;11.43;26.82
3000.00;3300.00;1836.00;25.67;E0_0_4200m;5.00;153;153;9.94;26.01
3000.00;3300.00;2184.00;27.24;E0_1_4200m;5.00;182;182;11.14;27.67
3000.00;3300.00;1800.00;25.35;E0_0_4300m;5.00;150;150;9.86;25.65
3000.00;3300.00;2220.00;27.02;E0_1_4300m;5.00;185;184;11.37;27.44
3000.00;3300.00;1788.00;25.22;E0_0_4400m;5.00;149;149;9.85;25.50
3000.00;3300.00;2220.00;26.77;E0_1_4400m;5.00;185;185;11.52;27.20
3000.00;3300.00;1812.00;25.18;E0_0_4500m;5.00;151;151;9.99;25.45
3000.00;3300.00;2208.00;26.56;E0_1_4500m;5.00;184;184;11.54;27.00
3000.00;3300.00;1800.00;24.95;E0_0_4600m;5.00;150;150;10.02;25.19
3000.00;3300.00;2220.00;26.35;E0_1_4600m;5.00;185;185;11.70;26.79
3000.00;3300.00;1824.00;24.71;E0_0_4700m;5.00;152;152;10.25;24.92
3000.00;3300.00;2232.00;26.09;E0_1_4700m;5.00;186;186;11.88;26.50
3000.00;3300.00;1836.00;24.59;E0_0_4800m;5.00;153;153;10.37;24.78
3000.00;3300.00;2232.00;25.95;E0_1_4800m;5.00;186;186;11.95;26.34
3000.00;3300.00;1812.00;24.56;E0_0_4900m;5.00;151;151;10.25;24.74
3000.00;3300.00;2232.00;25.95;E0_1_4900m;5.00;186;187;11.96;26.34
3000.00;3300.00;1824.00;24.60;E0_0_5000m;5.00;152;152;10.30;24.78
3000.00;3300.00;2232.00;26.01;E0_1_5000m;5.00;186;187;11.96;26.41
3300.00;3600.00;0.00;-1.00;E0_0_0m;-1.00;0;0;0.00;-1.00
3300.00;3600.00;0.00;-1.00;E0_1_0m;-1.00;0;0;0.00;-1.00
3300.00;3600.00;1728.00;25.90;E0_0_100m;5.00;144;145;9.32;26.05
3300.00;3600.00;2100.00;26.71;E0_1_100m;5.00;175;175;10.92;26.95
3300.00;3600.00;1620.00;26.16;E0_0_200m;5.00;135;135;8.60;26.33
3300.00;3600.00;2220.00;27.25;E0_1_200m;5.00;185;185;11.31;27.53
3300.00;3600.00;1620.00;26.26;E0_0_300m;5.00;135;136;8.63;26.41
3300.00;3600.00;2220.00;27.35;E0_1_300m;5.00;185;185;11.27;27.62
3300.00;3600.00;1668.00;26.28;E0_0_400m;5.00;139;139;8.81;26.42
3300.00;3600.00;2232.00;27.24;E0_1_400m;5.00;186;186;11.38;27.46
3300.00;3600.00;1692.00;26.23;E0_0_500m;5.00;141;141;8.96;26.36
3300.00;3600.00;2208.00;27.10;E0_1_500m;5.00;184;184;11.31;27.31
3300.00;3600.00;1656.00;26.08;E0_0_600m;5.00;138;138;8.82;26.23
3300.00;3600.00;2268.00;26.93;E0_1_600m;5.00;189;188;11.67;27.15
3300.00;3600.00;1680.00;25.92;E0_0_700m;5.00;140;140;9.00;26.07
3300.00;3600.00;2256.00;26.70;E0_1_700m;5.00;188;187;11.70;26.90
3300.00;3600.00;1692.00;25.69;E0_0_800m;5.00;141;141;9.15;25.86
3300.00;3600.00;2256.00;26.41;E0_1_800m;5.00;188;188;11.87;26.59
3300.00;3600.00;1716.00;25.57;E0_0_900m;5.00;143;143;9.32;25.73
3300.00;3600.00;2292.00;26.14;E0_1_900m;5.00;191;191;12.18;26.31
3300.00;3600.00;1764.00;25.55;E0_0_1000m;5.00;147;147;9.59;25.70
3300.00;3600.00;2316.00;25.96;E0_1_1000m;5.00;193;193;12.39;26.13
3300.00;3600.00;1800.00;25.49;E0_0_1100m;5.00;150;150;9.81;25.64
3300.00;3600.00;2316.00;25.80;E0_1_1100m;5.00;193;193;12.48;25.95
3300.00;3600.00;1836.00;25.28;E0_0_1200m;5.00;153;153;10.09;25.40
3300.00;3600.00;2292.00;25.65;E0_1_1200m;5.00;191;190;12.35;25.83
3300.00;3600.00;1836.00;25.12;E0_0_1300m;5.00;153;153;10.15;25.24
3300.00;3600.00;2268.00;25.48;E0_1_1300m;5.00;189;189;12.36;25.66
3300.00;3600.00;1836.00;25.03;E0_0_1400m;5.00;153;153;10.19;25.15
3300.00;3600.00;2256.00;25.28;E0_1_1400m;5.00;188;189;12.41;25.45
3300.00;3600.00;1824.00;25.01;E0_0_1500m;5.00;152;152;10.13;25.12
3300.00;3600.00;2280.00;25.16;E0_1_1500m;5.00;190;189;12.54;25.31
3300.00;3600.00;1848.00;24.96;E0_0_1600m;5.00;154;154;10.28;25.07
3300.00;3600.00;2292.00;25.12;E0_1_1600m;5.00;191;191;12.67;25.25
3300.00;3600.00;1824.00;24.91;E0_0_1700m;5.00;152;153;10.19;25.01
3300.00;3600.00;2292.00;25.06;E0_1_1700m;5.00;191;191;12.70;25.18
3300.00;3600.00;1836.00;24.87;E0_0_1800m;5.00;153;153;10.26;24.95
3300.00;3600.00;2292.00;24.99;E0_1_1800m;5.00;191;191;12.74;25.10
3300.00;3600.00;1836.00;24.76;E0_0_1900m;5.00;153;153;10.30;24.83
3300.00;3600.00;2304.00;24.91;E0_1_1900m;5.00;192;192;12.85;25.01
3300.00;3600.00;1860.00;24.63;E0_0_2000m;5.00;155;155;10.49;24.70
3300.00;3600.00;2280.00;24.82;E0_1_2000m;5.00;190;190;12.76;24.92
3300.00;3600.00;1848.00;24.43;E0_0_2100m;5.00;154;154;10.51;24.49
3300.00;3600.00;2256.00;24.65;E0_1_2100m;5.00;188;188;12.71;24.75
3300.00;3600.00;1824.00;24.20;E0_0_2200m;5.00;152;153;10.51;24.27
3300.00;3600.00;2280.00;24.43;E0_1_2200m;5.00;190;189;12.93;24.54
3300.00;3600.00;1812.00;23.79;E0_0_2300m;5.00;151;151;10.58;23.84
3300.00;3600.00;2280.00;24.07;E0_1_2300m;5.00;190;190;13.16;24.18
3300.00;3600.00;1836.00;23.32;E0_0_2400m;5.00;153;153;10.93;23.40
3300.00;3600.00;2292.00;23.65;E0_1_2400m;5.00;191;191;13.46;23.81
3300.00;3600.00;1836.00;22.76;E0_0_2500m;5.00;153;153;11.21;22.88
3300.00;3600.00;2280.00;23.10;E0_1_2500m;5.00;190;190;13.71;23.33
3300.00;3600.00;1800.00;22.14;E0_0_2600m;5.00;150;150;11.29;22.32
3300.00;3600.00;2280.00;22.50;E0_1_2600m;5.00;190;190;14.07;22.83
3300.00;3600.00;1800.00;21.36;E0_0_2700m;5.00;150;150;11.71;21.59
3300.00;3600.00;2244.00;21.83;E0_1_2700m;5.00;187;187;14.28;22.25
3300.00;3600.00;1788.00;20.52;E0_0_2800m;5.00;149;149;12.10;20.79
3300.00;3600.00;2244.00;21.04;E0_1_2800m;5.00;187;187;14.81;21.53
3300.00;3600.00;1764.00;19.53;E0_0_2900m;5.00;147;147;12.54;19.76
3300.00;3600.00;2232.00;20.04;E0_1_2900m;5.00;186;186;15.47;20.45
3300.00;3600.00;1764.00;17.67;E0_0_3000m;5.00;147;147;13.87;17.73
3300.00;3600.00;2196.00;18.53;E0_1_3000m;5.00;183;184;16.52;18.70
3300.00;3600.00;1848.00;17.56;E0_0_3100m;5.00;154;155;14.63;17.61
3300.00;3600.00;2112.00;18.32;E0_1_3100m;5.00;176;178;16.07;18.43
3300.00;3600.00;1872.00;17.70;E0_0_3200m;5.00;156;155;14.61;17.71
3300.00;3600.00;2088.00;18.34;E0_1_3200m;5.00;174;175;15.83;18.45
3300.00;3600.00;1884.00;17.73;E0_0_3300m;5.00;157;157;14.76;17.73
3300.00;3600.00;2112.00;18.34;E0_1_3300m;5.00;176;176;15.99;18.45
3300.00;3600.00;1884.00;17.73;E0_0_3400m;5.00;157;156;14.67;17.73
3300.00;3600.00;2136.00;18.21;E0_1_3400m;5.00;178;177;16.21;18.27
3300.00;3600.00;1884.00;17.70;E0_0_3500m;5.00;157;157;14.78;17.71
3300.00;3600.00;2112.00;18.14;E0_1_3500m;5.00;176;176;16.17;18.18
3300.00;3600.00;1872.00;17.72;E0_0_3600m;5.00;156;156;14.67;17.73
3300.00;3600.00;2100.00;18.03;E0_1_3600m;5.00;175;175;16.18;18.04
3300.00;3600.00;1860.00;17.70;E0_0_3700m;5.00;155;156;14.64;17.71
3300.00;3600.00;2112.00;17.99;E0_1_3700m;5.00;176;175;16.24;18.00
3300.00;3600.00;1872.00;17.76;E0_0_3800m;5.00;156;156;14.64;17.77
3300.00;3600.00;2100.00;18.04;E0_1_3800m;5.00;175;175;16.16;18.07
3300.00;3600.00;1860.00;17.84;E0_0_3900m;5.00;155;155;14.48;17.85
3300.00;3600.00;2100.00;18.25;E0_1_3900m;5.00;175;175;15.99;18.33
3300.00;3600.00;1884.00;19.56;E0_0_4000m;5.00;157;158;13.44;19.72
3300.00;3600.00;2088.00;20.74;E0_1_4000m;5.00;174;175;14.01;21.03
3300.00;3600.00;1872.00;25.89;E0_0_4100m;5.00;156;157;10.06;26.01
3300.00;3600.00;2124.00;26.94;E0_1_4100m;5.00;177;177;10.95;27.05
3300.00;3600.00;1848.00;26.43;E0_0_4200m;5.00;154;154;9.71;26.59
3300.00;3600.00;2160.00;27.94;E0_1_4200m;5.00;180;180;10.74;28.13
3300.00;3600.00;1836.00;26.34;E0_0_4300m;5.00;153;153;9.68;26.50
3300.00;3600.00;2172.00;27.92;E0_1_4300m;5.00;181;181;10.80;28.16
3300.00;3600.00;1824.00;26.05;E0_0_4400m;5.00;152;152;9.73;26.18
3300.00;3600.00;2184.00;27.71;E0_1_4400m;5.00;182;182;10.95;27.92
3300.00;3600.00;1788.00;25.89;E0_0_4500m;5.00;149;149;9.59;26.02
3300.00;3600.00;2196.00;27.55;E0_1_4500m;5.00;183;183;11.07;27.75
3300.00;3600.00;1800.00;25.82;E0_0_4600m;5.00;150;150;9.68;25.96
3300.00;3600.00;2160.00;27.44;E0_1_4600m;5.00;180;180;10.93;27.64
3300.00;3600.00;1776.00;25.66;E0_0_4700m;5.00;148;148;9.61;25.78
3300.00;3600.00;2148.00;27.34;E0_1_4700m;5.00;179;179;10.91;27.54
3300.00;3600.00;1776.00;25.63;E0_0_4800m;5.00;148;148;9.63;25.74
3300.00;3600.00;2124.00;27.23;E0_1_4800m;5.00;177;178;10.86;27.43
3300.00;3600.00;1764.00;25.64;E0_0_4900m;5.00;147;147;9.55;25.75
3300.00;3600.00;2160.00;27.06;E0_1_4900m;5.00;180;179;11.07;27.25
3300.00;3600.00;1740.00;25.54;E0_0_5000m;5.00;145;145;9.46;25.63
3300.00;3600.00;2184.00;26.94;E0_1_5000m;5.00;182;181;11.21;27.12
3600.00;3900.00;0.00;-1.00;E0_0_0m;-1.00;0;0;0.00;-1.00
3600.00;3900.00;0.00;-1.00;E0_1_0m;-1.00;0;0;0.00;-1.00
3600.00;3900.00;1944.00;25.79;E0_0_100m;5.00;162;162;10.47;25.95
3600.00;3900.00;2148.00;27.96;E0_1_100m;5.00;179;179;10.67;28.10
3600.00;3900.00;1932.00;25.79;E0_0_200m;5.00;161;162;10.45;25.97
3600.00;3900.00;2136.00;28.79;E0_1_200m;5.00;178;178;10.31;28.97
3600.00;3900.00;1908.00;25.82;E0_0_300m;5.00;159;159;10.27;26.00
3600.00;3900.00;2160.00;28.83;E0_1_300m;5.00;180;180;10.40;29.00
3600.00;3900.00;1848.00;25.70;E0_0_400m;5.00;154;155;10.02;25.87
3600.00;3900.00;2160.00;28.77;E0_1_400m;5.00;180;180;10.43;28.94
3600.00;3900.00;1824.00;25.53;E0_0_500m;5.00;152;152;9.92;25.69
3600.00;3900.00;2172.00;28.71;E0_1_500m;5.00;181;181;10.51;28.84
3600.00;3900.00;1824.00;25.46;E0_0_600m;5.00;152;152;9.95;25.62
3600.00;3900.00;2160.00;28.69;E0_1_600m;5.00;180;180;10.46;28.80
3600.00;3900.00;1812.00;25.65;E0_0_700m;5.00;151;152;9.84;25.78
3600.00;3900.00;2196.00;28.49;E0_1_700m;5.00;183;183;10.71;28.62
3600.00;3900.00;1752.00;25.67;E0_0_800m;5.00;146;146;9.48;25.80
3600.00;3900.00;2256.00;28.31;E0_1_800m;5.00;188;187;11.00;28.41
3600.00;3900.00;1704.00;25.65;E0_0_900m;5.00;142;143;9.27;25.77
3600.00;3900.00;2268.00;28.20;E0_1_900m;5.00;189;189;11.17;28.29
3600.00;3900.00;1704.00;25.42;E0_0_1000m;5.00;142;142;9.31;25.56
3600.00;3900.00;2220.00;28.19;E0_1_1000m;5.00;185;186;10.95;28.29
3600.00;3900.00;1668.00;25.34;E0_0_1100m;5.00;139;140;9.18;25.51
3600.00;3900.00;2244.00;28.12;E0_1_1100m;5.00;187;187;11.08;28.22
3600.00;3900.00;1668.00;25.42;E0_0_1200m;5.00;139;140;9.12;25.62
3600.00;3900.00;2256.00;27.95;E0_1_1200m;5.00;188;188;11.21;28.07
3600.00;3900.00;1716.00;25.49;E0_0_1300m;5.00;143;143;9.35;25.71
3600.00;3900.00;2220.00;28.10;E0_1_1300m;5.00;185;186;10.99;28.19
3600.00;3900.00;1740.00;25.26;E0_0_1400m;5.00;145;145;9.57;25.48
3600.00;3900.00;2208.00;28.19;E0_1_1400m;5.00;184;184;10.88;28.28
3600.00;3900.00;1716.00;24.95;E0_0_1500m;5.00;143;143;9.55;25.19
3600.00;3900.00;2208.00;28.19;E0_1_1500m;5.00;184;184;10.88;28.28
3600.00;3900.00;1728.00;24.83;E0_0_1600m;5.00;144;144;9.67;25.08
3600.00;3900.00;2160.00;28.22;E0_1_1600m;5.00;180;180;10.63;28.31
3600.00;3900.00;1728.00;24.89;E0_0_1700m;5.00;144;144;9.64;25.18
3600.00;3900.00;2160.00;28.26;E0_1_1700m;5.00;180;181;10.64;28.36
3600.00;3900.00;1704.00;24.87;E0_0_1800m;5.00;142;143;9.57;25.16
3600.00;3900.00;2172.00;28.35;E0_1_1800m;5.00;181;181;10.64;28.44
3600.00;3900.00;1752.00;24.90;E0_0_1900m;5.00;146;146;9.77;25.20
3600.00;3900.00;2136.00;28.41;E0_1_1900m;5.00;178;178;10.44;28.52
3600.00;3900.00;1788.00;24.80;E0_0_2000m;5.00;149;149;10.01;25.08
3600.00;3900.00;2136.00;28.37;E0_1_2000m;5.00;178;178;10.46;28.48
3600.00;3900.00;1776.00;24.75;E0_0_2100m;5.00;148;148;9.97;25.03
3600.00;3900.00;2148.00;28.29;E0_1_2100m;5.00;179;179;10.54;28.40
3600.00;3900.00;1764.00;24.77;E0_0_2200m;5.00;147;146;9.85;25.04
3600.00;3900.00;2136.00;28.22;E0_1_2200m;5.00;178;178;10.51;28.34
3600.00;3900.00;1752.00;24.54;E0_0_2300m;5.00;146;146;9.92;24.80
3600.00;3900.00;2136.00;28.06;E0_1_2300m;5.00;178;178;10.57;28.19
3600.00;3900.00;1704.00;24.26;E0_0_2400m;5.00;142;142;9.75;24.52
3600.00;3900.00;2148.00;27.65;E0_1_2400m;5.00;179;179;10.79;27.83
3600.00;3900.00;1692.00;23.92;E0_0_2500m;5.00;141;141;9.82;24.19
3600.00;3900.00;2172.00;27.15;E0_1_2500m;5.00;181;181;11.11;27.42
3600.00;3900.00;1728.00;23.48;E0_0_2600m;5.00;144;144;10.22;23.76
3600.00;3900.00;2172.00;26.40;E0_1_2600m;5.00;181;181;11.42;26.80
3600.00;3900.00;1740.00;22.49;E0_0_2700m;5.00;145;145;10.75;22.80
3600.00;3900.00;2160.00;25.03;E0_1_2700m;5.00;180;180;11.99;25.58
3600.00;3900.00;1740.00;21.00;E0_0_2800m;5.00;145;145;11.51;21.37
3600.00;3900.00;2160.00;23.14;E0_1_2800m;5.00;180;180;12.96;23.72
3600.00;3900.00;1728.00;19.40;E0_0_2900m;5.00;144;144;12.37;19.66
3600.00;3900.00;2160.00;21.09;E0_1_2900m;5.00;180;180;14.23;21.53
3600.00;3900.00;1740.00;17.66;E0_0_3000m;5.00;145;145;13.69;17.75
3600.00;3900.00;2172.00;18.99;E0_1_3000m;5.00;181;180;15.82;19.21
3600.00;3900.00;1848.00;17.43;E0_0_3100m;5.00;154;153;14.72;17.52
3600.00;3900.00;2064.00;18.48;E0_1_3100m;5.00;172;173;15.53;18.62
3600.00;3900.00;1884.00;17.49;E0_0_3200m;5.00;157;157;14.96;17.55
3600.00;3900.00;2040.00;18.34;E0_1_3200m;5.00;170;170;15.45;18.45
3600.00;3900.00;1848.00;17.67;E0_0_3300m;5.00;154;154;14.52;17.70
3600.00;3900.00;2052.00;18.30;E0_1_3300m;5.00;171;171;15.57;18.42
3600.00;3900.00;1860.00;17.82;E0_0_3400m;5.00;155;155;14.50;17.82
3600.00;3900.00;2016.00;18.31;E0_1_3400m;5.00;168;168;15.29;18.45
3600.00;3900.00;1848.00;17.85;E0_0_3500m;5.00;154;154;14.38;17.85
3600.00;3900.00;2028.00;18.16;E0_1_3500m;5.00;169;169;15.51;18.22
3600.00;3900.00;1836.00;17.85;E0_0_3600m;5.00;153;153;14.29;17.85
3600.00;3900.00;2028.00;18.04;E0_1_3600m;5.00;169;169;15.61;18.06
3600.00;3900.00;1848.00;17.84;E0_0_3700m;5.00;154;154;14.42;17.84
3600.00;3900.00;2028.00;18.00;E0_1_3700m;5.00;169;169;15.65;18.01
3600.00;3900.00;1860.00;17.75;E0_0_3800m;5.00;155;155;14.56;17.75
3600.00;3900.00;2016.00;18.02;E0_1_3800m;5.00;168;168;15.54;18.04
3600.00;3900.00;1872.00;17.77;E0_0_3900m;5.00;156;156;14.64;17.81
3600.00;3900.00;2004.00;18.29;E0_1_3900m;5.00;167;169;15.31;18.38
3600.00;3900.00;1872.00;19.65;E0_0_4000m;5.00;156;157;13.24;19.86
3600.00;3900.00;1992.00;21.19;E0_1_4000m;5.00;166;168;13.13;21.54
3600.00;3900.00;1752.00;26.40;E0_0_4100m;5.00;146;147;9.27;26.54
3600.00;3900.00;2076.00;27.90;E0_1_4100m;5.00;173;174;10.39;27.98
3600.00;3900.00;1728.00;27.32;E0_0_4200m;5.00;144;145;8.81;27.47
3600.00;3900.00;2100.00;29.23;E0_1_4200m;5.00;175;175;9.98;29.36
3600.00;3900.00;1728.00;27.42;E0_0_4300m;5.00;144;144;8.75;27.55
3600.00;3900.00;2100.00;29.39;E0_1_4300m;5.00;175;175;9.92;29.50
3600.00;3900.00;1704.00;27.21;E0_0_4400m;5.00;142;142;8.70;27.32
3600.00;3900.00;2112.00;29.28;E0_1_4400m;5.00;176;176;10.02;29.37
3600.00;3900.00;1728.00;26.81;E0_0_4500m;5.00;144;144;8.95;26.95
3600.00;3900.00;2112.00;29.04;E0_1_4500m;5.00;176;176;10.10;29.12
3600.00;3900.00;1704.00;26.54;E0_0_4600m;5.00;142;142;8.92;26.71
3600.00;3900.00;2136.00;28.79;E0_1_4600m;5.00;178;178;10.31;28.89
3600.00;3900.00;1716.00;26.29;E0_0_4700m;5.00;143;143;9.07;26.47
3600.00;3900.00;2136.00;28.56;E0_1_4700m;5.00;178;178;10.39;28.68
3600.00;3900.00;1752.00;26.16;E0_0_4800m;5.00;146;146;9.30;26.36
3600.00;3900.00;2124.00;28.23;E0_1_4800m;5.00;177;176;10.42;28.37
3600.00;3900.00;1740.00;26.05;E0_0_4900m;5.00;145;146;9.30;26.26
3600.00;3900.00;2124.00;27.94;E0_1_4900m;5.00;177;177;10.56;28.10
3600.00;3900.00;1728.00;26.00;E0_0_5000m;5.00;144;144;9.23;26.21
3600.00;3900.00;2124.00;27.60;E0_1_5000m;5.00;177;177;10.69;27.78
3900.00;4200.00;0.00;-1.00;E0_0_0m;-1.00;0;0;0.00;-1.00
3900.00;4200.00;0.00;-1.00;E0_1_0m;-1.00;0;0;0.00;-1.00
3900.00;4200.00;1752.00;26.32;E0_0_100m;5.00;146;148;9.30;26.46
3900.00;4200.00;2148.00;27.75;E0_1_100m;5.00;179;179;10.75;27.91
3900.00;4200.00;1776.00;26.46;E0_0_200m;5.00;148;148;9.32;26.60
3900.00;4200.00;2124.00;28.15;E0_1_200m;5.00;177;178;10.53;28.33
3900.00;4200.00;1740.00;26.44;E0_0_300m;5.00;145;146;9.17;26.59
3900.00;4200.00;2160.00;27.77;E0_1_300m;5.00;180;180;10.80;27.95
3900.00;4200.00;1752.00;26.36;E0_0_400m;5.00;146;146;9.23;26.51
3900.00;4200.00;2172.00;27.42;E0_1_400m;5.00;181;182;11.03;27.59
3900.00;4200.00;1740.00;26.17;E0_0_500m;5.00;145;145;9.23;26.31
3900.00;4200.00;2220.00;27.16;E0_1_500m;5.00;185;185;11.35;27.34
3900.00;4200.00;1728.00;26.10;E0_0_600m;5.00;144;144;9.20;26.22
3900.00;4200.00;2220.00;27.00;E0_1_600m;5.00;185;185;11.42;27.19
3900.00;4200.00;1716.00;25.95;E0_0_700m;5.00;143;145;9.24;26.09
3900.00;4200.00;2208.00;27.00;E0_1_700m;5.00;184;184;11.36;27.22
3900.00;4200.00;1764.00;25.82;E0_0_800m;5.00;147;147;9.49;25.96
3900.00;4200.00;2160.00;26.83;E0_1_800m;5.00;180;181;11.21;27.04
3900.00;4200.00;1740.00;25.71;E0_0_900m;5.00;145;144;9.35;25.87
3900.00;4200.00;2160.00;26.69;E0_1_900m;5.00;180;180;11.24;26.89
3900.00;4200.00;1716.00;25.64;E0_0_1000m;5.00;143;143;9.29;25.80
3900.00;4200.00;2160.00;26.64;E0_1_1000m;5.00;180;180;11.29;26.81
3900.00;4200.00;1728.00;25.51;E0_0_1100m;5.00;144;144;9.41;25.66
3900.00;4200.00;2148.00;26.46;E0_1_1100m;5.00;179;179;11.27;26.64
3900.00;4200.00;1704.00;25.48;E0_0_1200m;5.00;142;143;9.32;25.62
3900.00;4200.00;2208.00;26.29;E0_1_1200m;5.00;184;184;11.67;26.48
3900.00;4200.00;1692.00;25.44;E0_0_1300m;5.00;141;141;9.24;25.58
3900.00;4200.00;2208.00;26.14;E0_1_1300m;5.00;184;183;11.72;26.34
3900.00;4200.00;1716.00;25.35;E0_0_1400m;5.00;143;143;9.40;25.50
3900.00;4200.00;2172.00;26.05;E0_1_1400m;5.00;181;181;11.58;26.25
3900.00;4200.00;1764.00;25.27;E0_0_1500m;5.00;147;147;9.70;25.42
3900.00;4200.00;2136.00;25.96;E0_1_1500m;5.00;178;178;11.43;26.17
3900.00;4200.00;1752.00;25.22;E0_0_1600m;5.00;146;146;9.65;25.36
3900.00;4200.00;2148.00;25.89;E0_1_1600m;5.00;179;179;11.53;26.11
3900.00;4200.00;1776.00;25.06;E0_0_1700m;5.00;148;147;9.83;25.20
3900.00;4200.00;2172.00;25.83;E0_1_1700m;5.00;181;180;11.65;26.08
3900.00;4200.00;1812.00;24.86;E0_0_1800m;5.00;151;150;10.07;25.01
3900.00;4200.00;2148.00;25.63;E0_1_1800m;5.00;179;179;11.64;25.88
3900.00;4200.00;1812.00;24.70;E0_0_1900m;5.00;151;151;10.19;24.86
3900.00;4200.00;2148.00;25.43;E0_1_1900m;5.00;179;179;11.73;25.69
3900.00;4200.00;1788.00;24.45;E0_0_2000m;5.00;149;149;10.16;24.60
3900.00;4200.00;2136.00;25.19;E0_1_2000m;5.00;178;178;11.78;25.48
3900.00;4200.00;1776.00;24.15;E0_0_2100m;5.00;148;150;10.27;24.31
3900.00;4200.00;2160.00;24.89;E0_1_2100m;5.00;180;181;12.06;25.21
3900.00;4200.00;1800.00;23.76;E0_0_2200m;5.00;150;150;10.52;23.95
3900.00;4200.00;2184.00;24.65;E0_1_2200m;5.00;182;182;12.30;25.00
3900.00;4200.00;1800.00;23.43;E0_0_2300m;5.00;150;150;10.67;23.70
3900.00;4200.00;2184.00;24.46;E0_1_2300m;5.00;182;182;12.40;24.85
3900.00;4200.00;1788.00;23.30;E0_0_2400m;5.00;149;149;10.66;23.60
3900.00;4200.00;2184.00;24.32;E0_1_2400m;5.00;182;183;12.54;24.76
3900.00;4200.00;1776.00;23.21;E0_0_2500m;5.00;148;148;10.63;23.49
3900.00;4200.00;2172.00;24.08;E0_1_2500m;5.00;181;181;12.53;24.56
3900.00;4200.00;1776.00;22.93;E0_0_2600m;5.00;148;148;10.76;23.23
3900.00;4200.00;2136.00;23.56;E0_1_2600m;5.00;178;178;12.59;24.03
3900.00;4200.00;1740.00;22.16;E0_0_2700m;5.00;145;145;10.90;22.43
3900.00;4200.00;2124.00;22.74;E0_1_2700m;5.00;177;177;12.97;23.12
3900.00;4200.00;1716.00;20.90;E0_0_2800m;5.00;143;143;11.40;21.15
3900.00;4200.00;2112.00;21.52;E0_1_2800m;5.00;176;177;13.68;21.79
3900.00;4200.00;1752.00;19.45;E0_0_2900m;5.00;146;146;12.51;19.67
3900.00;4200.00;2100.00;20.17;E0_1_2900m;5.00;175;176;14.51;20.38
3900.00;4200.00;1740.00;17.79;E0_0_3000m;5.00;145;145;13.58;17.87
3900.00;4200.00;2088.00;18.64;E0_1_3000m;5.00;174;174;15.56;18.73
3900.00;4200.00;1812.00;17.60;E0_0_3100m;5.00;151;151;14.30;17.65
3900.00;4200.00;2016.00;18.52;E0_1_3100m;5.00;168;167;15.10;18.62
3900.00;4200.00;1824.00;17.69;E0_0_3200m;5.00;152;152;14.32;17.71
3900.00;4200.00;1980.00;18.43;E0_1_3200m;5.00;165;165;14.92;18.55
3900.00;4200.00;1812.00;17.76;E0_0_3300m;5.00;151;151;14.17;17.77
3900.00;4200.00;1980.00;18.31;E0_1_3300m;5.00;165;165;15.02;18.44
3900.00;4200.00;1824.00;17.68;E0_0_3400m;5.00;152;152;14.33;17.70
3900.00;4200.00;2016.00;18.45;E0_1_3400m;5.00;168;168;15.18;18.61
3900.00;4200.00;1836.00;17.64;E0_0_3500m;5.00;153;153;14.45;17.66
3900.00;4200.00;2028.00;18.45;E0_1_3500m;5.00;169;169;15.26;18.62
3900.00;4200.00;1836.00;17.62;E0_0_3600m;5.00;153;153;14.47;17.64
3900.00;4200.00;2028.00;18.49;E0_1_3600m;5.00;169;169;15.23;18.68
3900.00;4200.00;1824.00;17.67;E0_0_3700m;5.00;152;151;14.26;17.69
3900.00;4200.00;2028.00;18.40;E0_1_3700m;5.00;169;169;15.31;18.56
3900.00;4200.00;1812.00;17.67;E0_0_3800m;5.00;151;151;14.24;17.69
3900.00;4200.00;2052.00;18.45;E0_1_3800m;5.00;171;171;15.45;18.62
3900.00;4200.00;1824.00;17.81;E0_0_3900m;5.00;152;152;14.22;17.85
3900.00;4200.00;2040.00;18.87;E0_1_3900m;5.00;170;169;14.98;19.14
3900.00;4200.00;1812.00;19.26;E0_0_4000m;5.00;151;150;13.04;19.42
3900.00;4200.00;2040.00;21.21;E0_1_4000m;5.00;170;170;13.34;21.60
3900.00;4200.00;1740.00;25.74;E0_0_4100m;5.00;145;147;9.43;25.81
3900.00;4200.00;2124.00;26.78;E0_1_4100m;5.00;177;177;11.01;26.85
3900.00;4200.00;1740.00;26.41;E0_0_4200m;5.00;145;145;9.15;26.51
3900.00;4200.00;2124.00;27.75;E0_1_4200m;5.00;177;177;10.63;27.88
3900.00;4200.00;1752.00;26.52;E0_0_4300m;5.00;146;146;9.18;26.62
3900.00;4200.00;2136.00;27.91;E0_1_4300m;5.00;178;178;10.63;28.02
3900.00;4200.00;1752.00;26.52;E0_0_4400m;5.00;146;147;9.20;26.61
3900.00;4200.00;2136.00;27.94;E0_1_4400m;5.00;178;178;10.62;28.04
3900.00;4200.00;1776.00;26.42;E0_0_4500m;5.00;148;148;9.34;26.51
3900.00;4200.00;2124.00;27.87;E0_1_4500m;5.00;177;177;10.59;27.94
3900.00;4200.00;1764.00;26.35;E0_0_4600m;5.00;147;147;9.30;26.43
3900.00;4200.00;2148.00;27.83;E0_1_4600m;5.00;179;179;10.72;27.90
3900.00;4200.00;1788.00;26.27;E0_0_4700m;5.00;149;149;9.45;26.34
3900.00;4200.00;2148.00;27.83;E0_1_4700m;5.00;179;179;10.72;27.90
3900.00;4200.00;1812.00;26.13;E0_0_4800m;5.00;151;151;9.63;26.21
3900.00;4200.00;2172.00;27.85;E0_1_4800m;5.00;181;181;10.83;27.93
3900.00;4200.00;1860.00;25.92;E0_0_4900m;5.00;155;154;9.94;26.00
3900.00;4200.00;2148.00;27.74;E0_1_4900m;5.00;179;179;10.76;27.80
3900.00;4200.00;1884.00;25.70;E0_0_5000m;5.00;157;157;10.18;25.81
3900.00;4200.00;2196.00;27.63;E0_1_5000m;5.00;183;183;11.04;27.69
4200.00;4500.00;0.00;-1.00;E0_0_0m;-1.00;0;0;0.00;-1.00
4200.00;4500.00;0.00;-1.00;E0_1_0m;-1.00;0;0;0.00;-1.00
4200.00;4500.00;1692.00;25.49;E0_0_100m;5.00;141;140;9.18;25.67
4200.00;4500.00;2160.00;26.79;E0_1_100m;5.00;180;180;11.20;26.93
4200.00;4500.00;1764.00;25.94;E0_0_200m;5.00;147;147;9.45;26.17
4200.00;4500.00;2100.00;28.08;E0_1_200m;5.00;175;175;10.39;28.30
4200.00;4500.00;1788.00;25.94;E0_0_300m;5.00;149;149;9.57;26.16
4200.00;4500.00;2076.00;28.45;E0_1_300m;5.00;173;173;10.14;28.64
4200.00;4500.00;1776.00;25.64;E0_0_400m;5.00;148;148;9.62;25.84
4200.00;4500.00;2088.00;28.37;E0_1_400m;5.00;174;173;10.20;28.56
4200.00;4500.00;1776.00;25.53;E0_0_500m;5.00;148;148;9.66;25.71
4200.00;4500.00;2052.00;28.24;E0_1_500m;5.00;171;171;10.09;28.42
4200.00;4500.00;1704.00;25.54;E0_0_600m;5.00;142;143;9.30;25.69
4200.00;4500.00;2148.00;28.02;E0_1_600m;5.00;179;179;10.65;28.19
4200.00;4500.00;1716.00;25.27;E0_0_700m;5.00;143;142;9.43;25.43
4200.00;4500.00;2148.00;27.85;E0_1_700m;5.00;179;179;10.71;28.00
4200.00;4500.00;1680.00;25.23;E0_0_800m;5.00;140;141;9.27;25.39
4200.00;4500.00;2172.00;27.59;E0_1_800m;5.00;181;180;10.91;27.74
4200.00;4500.00;1608.00;25.25;E0_0_900m;5.00;134;135;8.91;25.38
4200.00;4500.00;2244.00;27.32;E0_1_900m;5.00;187;187;11.41;27.48
4200.00;4500.00;1632.00;25.08;E0_0_1000m;5.00;136;136;9.04;25.22
4200.00;4500.00;2244.00;27.21;E0_1_1000m;5.00;187;187;11.45;27.38
4200.00;4500.00;1632.00;24.92;E0_0_1100m;5.00;136;137;9.11;25.07
4200.00;4500.00;2244.00;27.11;E0_1_1100m;5.00;187;187;11.50;27.27
4200.00;4500.00;1644.00;24.73;E0_0_1200m;5.00;137;136;9.20;24.87
4200.00;4500.00;2232.00;27.01;E0_1_1200m;5.00;186;186;11.48;27.17
4200.00;4500.00;1656.00;24.48;E0_0_1300m;5.00;138;138;9.40;24.60
4200.00;4500.00;2232.00;26.86;E0_1_1300m;5.00;186;186;11.54;27.01
4200.00;4500.00;1680.00;24.36;E0_0_1400m;5.00;140;140;9.58;24.48
4200.00;4500.00;2244.00;26.78;E0_1_1400m;5.00;187;188;11.67;26.95
4200.00;4500.00;1656.00;24.32;E0_0_1500m;5.00;138;139;9.50;24.45
4200.00;4500.00;2280.00;26.66;E0_1_1500m;5.00;190;190;11.88;26.82
4200.00;4500.00;1668.00;24.18;E0_0_1600m;5.00;139;139;9.58;24.30
4200.00;4500.00;2268.00;26.58;E0_1_1600m;5.00;189;189;11.85;26.74
4200.00;4500.00;1668.00;23.99;E0_0_1700m;5.00;139;139;9.66;24.10
4200.00;4500.00;2244.00;26.53;E0_1_1700m;5.00;187;187;11.75;26.67
4200.00;4500.00;1632.00;23.85;E0_0_1800m;5.00;136;138;9.56;23.96
4200.00;4500.00;2256.00;26.42;E0_1_1800m;5.00;188;189;11.89;26.55
4200.00;4500.00;1620.00;23.73;E0_0_1900m;5.00;135;135;9.48;23.85
4200.00;4500.00;2256.00;26.37;E0_1_1900m;5.00;188;189;11.88;26.50
4200.00;4500.00;1632.00;23.80;E0_0_2000m;5.00;136;136;9.52;23.92
4200.00;4500.00;2244.00;26.31;E0_1_2000m;5.00;187;187;11.84;26.45
4200.00;4500.00;1632.00;23.70;E0_0_2100m;5.00;136;136;9.56;23.82
4200.00;4500.00;2244.00;26.21;E0_1_2100m;5.00;187;186;11.88;26.36
4200.00;4500.00;1632.00;23.57;E0_0_2200m;5.00;136;137;9.62;23.71
4200.00;4500.00;2196.00;26.09;E0_1_2200m;5.00;183;184;11.73;26.28
4200.00;4500.00;1644.00;23.19;E0_0_2300m;5.00;137;137;9.85;23.32
4200.00;4500.00;2196.00;25.57;E0_1_2300m;5.00;183;183;11.93;25.77
4200.00;4500.00;1692.00;22.68;E0_0_2400m;5.00;141;141;10.36;22.84
4200.00;4500.00;2208.00;24.64;E0_1_2400m;5.00;184;184;12.43;24.84
4200.00;4500.00;1692.00;21.93;E0_0_2500m;5.00;141;143;10.79;22.12
4200.00;4500.00;2208.00;23.33;E0_1_2500m;5.00;184;184;13.15;23.53
4200.00;4500.00;1704.00;20.57;E0_0_2600m;5.00;142;142;11.51;20.83
4200.00;4500.00;2196.00;21.60;E0_1_2600m;5.00;183;183;14.12;21.82
4200.00;4500.00;1740.00;18.67;E0_0_2700m;5.00;145;145;12.94;18.90
4200.00;4500.00;2148.00;19.28;E0_1_2700m;5.00;179;179;15.48;19.49
4200.00;4500.00;1764.00;17.33;E0_0_2800m;5.00;147;148;14.15;17.48
4200.00;4500.00;2112.00;16.97;E0_1_2800m;5.00;176;175;17.23;17.22
4200.00;4500.00;1776.00;16.42;E0_0_2900m;5.00;148;148;15.02;16.51
4200.00;4500.00;2076.00;15.01;E0_1_2900m;5.00;173;173;19.21;15.19
4200.00;4500.00;1776.00;14.35;E0_0_3000m;5.00;148;149;17.25;14.42
4200.00;4500.00;2052.00;13.66;E0_1_3000m;5.00;171;171;20.87;13.69
4200.00;4500.00;1776.00;13.70;E0_0_3100m;5.00;148;149;18.09;13.73
4200.00;4500.00;2016.00;13.46;E0_1_3100m;5.00;168;169;20.86;13.46
4200.00;4500.00;1800.00;13.60;E0_0_3200m;5.00;150;150;18.39;13.62
4200.00;4500.00;1992.00;13.43;E0_1_3200m;5.00;166;166;20.59;13.44
4200.00;4500.00;1848.00;13.56;E0_0_3300m;5.00;154;154;18.93;13.61
4200.00;4500.00;1956.00;13.44;E0_1_3300m;5.00;163;164;20.31;13.44
4200.00;4500.00;1848.00;13.48;E0_0_3400m;5.00;154;154;19.04;13.49
4200.00;4500.00;1908.00;13.41;E0_1_3400m;5.00;159;161;19.92;13.41
4200.00;4500.00;1824.00;13.43;E0_0_3500m;5.00;152;152;18.86;13.43
4200.00;4500.00;1908.00;13.45;E0_1_3500m;5.00;159;159;19.70;13.46
4200.00;4500.00;1824.00;13.45;E0_0_3600m;5.00;152;152;18.83;13.46
4200.00;4500.00;1908.00;13.52;E0_1_3600m;5.00;159;159;19.59;13.56
4200.00;4500.00;1824.00;13.46;E0_0_3700m;5.00;152;152;18.82;13.47
4200.00;4500.00;1884.00;13.51;E0_1_3700m;5.00;157;158;19.43;13.53
4200.00;4500.00;1824.00;13.44;E0_0_3800m;5.00;152;152;18.84;13.45
4200.00;4500.00;1860.00;13.45;E0_1_3800m;5.00;155;155;19.20;13.46
4200.00;4500.00;1848.00;13.54;E0_0_3900m;5.00;154;154;18.95;13.56
4200.00;4500.00;1836.00;13.52;E0_1_3900m;5.00;153;153;18.86;13.54
4200.00;4500.00;1836.00;15.78;E0_0_4000m;5.00;153;153;16.16;15.98
4200.00;4500.00;1884.00;16.12;E0_1_4000m;5.00;157;157;16.24;16.50
4200.00;4500.00;1776.00;24.87;E0_0_4100m;5.00;148;147;9.90;24.96
4200.00;4500.00;1932.00;25.94;E0_1_4100m;5.00;161;162;10.36;25.99
4200.00;4500.00;1728.00;26.64;E0_0_4200m;5.00;144;144;9.01;26.93
4200.00;4500.00;1980.00;29.37;E0_1_4200m;5.00;165;166;9.42;29.53
4200.00;4500.00;1656.00;26.55;E0_0_4300m;5.00;138;138;8.66;26.81
4200.00;4500.00;2016.00;30.08;E0_1_4300m;5.00;168;168;9.31;30.27
4200.00;4500.00;1680.00;26.56;E0_0_4400m;5.00;140;139;8.76;26.84
4200.00;4500.00;1992.00;30.22;E0_1_4400m;5.00;166;166;9.15;30.38
4200.00;4500.00;1692.00;26.53;E0_0_4500m;5.00;141;142;8.87;26.82
4200.00;4500.00;2016.00;30.03;E0_1_4500m;5.00;168;168;9.32;30.21
4200.00;4500.00;1704.00;26.48;E0_0_4600m;5.00;142;142;8.94;26.80
4200.00;4500.00;2040.00;30.03;E0_1_4600m;5.00;170;170;9.44;30.15
4200.00;4500.00;1692.00;26.47;E0_0_4700m;5.00;141;141;8.88;26.77
4200.00;4500.00;2052.00;29.94;E0_1_4700m;5.00;171;171;9.52;30.06
4200.00;4500.00;1656.00;26.34;E0_0_4800m;5.00;138;138;8.73;26.63
4200.00;4500.00;2016.00;29.93;E0_1_4800m;5.00;168;168;9.36;30.03
4200.00;4500.00;1644.00;26.10;E0_0_4900m;5.00;137;137;8.75;26.38
4200.00;4500.00;2052.00;29.94;E0_1_4900m;5.00;171;171;9.52;30.04
4200.00;4500.00;1620.00;26.06;E0_0_5000m;5.00;135;135;8.63;26.33
4200.00;4500.00;2016.00;30.00;E0_1_5000m;5.00;168;168;9.33;30.11
4500.00;4800.00;0.00;-1.00;E0_0_0m;-1.00;0;0;0.00;-1.00
4500.00;4800.00;0.00;-1.00;E0_1_0m;-1.00;0;0;0.00;-1.00
4500.00;4800.00;1920.00;24.50;E0_0_100m;5.00;160;160;10.88;24.72
4500.00;4800.00;2400.00;25.96;E0_1_100m;5.00;200;200;12.84;26.11
4500.00;4800.00;1896.00;25.16;E0_0_200m;5.00;158;158;10.47;25.37
4500.00;4800.00;2400.00;26.98;E0_1_200m;5.00;200;200;12.36;27.16
4500.00;4800.00;1896.00;25.34;E0_0_300m;5.00;158;158;10.39;25.55
4500.00;4800.00;2388.00;27.17;E0_1_300m;5.00;199;199;12.21;27.31
4500.00;4800.00;1932.00;25.50;E0_0_400m;5.00;161;161;10.52;25.72
4500.00;4800.00;2376.00;27.26;E0_1_400m;5.00;198;199;12.15;27.37
4500.00;4800.00;1944.00;25.64;E0_0_500m;5.00;162;162;10.53;25.84
4500.00;4800.00;2388.00;27.32;E0_1_500m;5.00;199;200;12.16;27.41
4500.00;4800.00;1956.00;25.71;E0_0_600m;5.00;163;163;10.57;25.89
4500.00;4800.00;2364.00;27.32;E0_1_600m;5.00;197;197;12.02;27.40
4500.00;4800.00;1944.00;25.61;E0_0_700m;5.00;162;163;10.55;25.80
4500.00;4800.00;2364.00;27.34;E0_1_700m;5.00;197;198;12.02;27.44
4500.00;4800.00;1980.00;25.41;E0_0_800m;5.00;165;164;10.79;25.59
4500.00;4800.00;2340.00;27.48;E0_1_800m;5.00;195;195;11.83;27.57
4500.00;4800.00;2016.00;25.16;E0_0_900m;5.00;168;167;11.06;25.33
4500.00;4800.00;2328.00;27.41;E0_1_900m;5.00;194;194;11.80;27.50
4500.00;4800.00;1992.00;25.02;E0_0_1000m;5.00;166;166;11.06;25.20
4500.00;4800.00;2340.00;27.25;E0_1_1000m;5.00;195;195;11.92;27.34
4500.00;4800.00;1956.00;24.98;E0_0_1100m;5.00;163;163;10.86;25.15
4500.00;4800.00;2364.00;27.14;E0_1_1100m;5.00;197;197;12.10;27.23
4500.00;4800.00;1920.00;24.95;E0_0_1200m;5.00;160;160;10.69;25.12
4500.00;4800.00;2340.00;27.03;E0_1_1200m;5.00;195;195;12.02;27.12
4500.00;4800.00;1920.00;24.98;E0_0_1300m;5.00;160;160;10.68;25.14
4500.00;4800.00;2316.00;26.95;E0_1_1300m;5.00;193;194;11.96;27.05
4500.00;4800.00;1884.00;24.96;E0_0_1400m;5.00;157;157;10.48;25.12
4500.00;4800.00;2316.00;26.92;E0_1_1400m;5.00;193;193;11.95;27.03
4500.00;4800.00;1884.00;24.97;E0_0_1500m;5.00;157;157;10.48;25.12
4500.00;4800.00;2280.00;26.95;E0_1_1500m;5.00;190;190;11.75;27.06
4500.00;4800.00;1872.00;25.01;E0_0_1600m;5.00;156;157;10.47;25.16
4500.00;4800.00;2280.00;26.90;E0_1_1600m;5.00;190;190;11.77;27.01
4500.00;4800.00;1860.00;25.19;E0_0_1700m;5.00;155;155;10.26;25.34
4500.00;4800.00;2268.00;26.89;E0_1_1700m;5.00;189;190;11.74;27.00
4500.00;4800.00;1872.00;25.29;E0_0_1800m;5.00;156;155;10.26;25.42
4500.00;4800.00;2268.00;26.87;E0_1_1800m;5.00;189;188;11.69;26.98
4500.00;4800.00;1836.00;25.29;E0_0_1900m;5.00;153;153;10.08;25.41
4500.00;4800.00;2280.00;26.79;E0_1_1900m;5.00;190;190;11.82;26.90
4500.00;4800.00;1836.00;25.34;E0_0_2000m;5.00;153;154;10.10;25.43
4500.00;4800.00;2268.00;26.52;E0_1_2000m;5.00;189;189;11.88;26.61
4500.00;4800.00;1812.00;25.21;E0_0_2100m;5.00;151;151;9.98;25.28
4500.00;4800.00;2268.00;26.15;E0_1_2100m;5.00;189;189;12.05;26.22
4500.00;4800.00;1848.00;24.74;E0_0_2200m;5.00;154;153;10.37;24.83
4500.00;4800.00;2256.00;25.59;E0_1_2200m;5.00;188;189;12.27;25.67
4500.00;4800.00;1848.00;23.76;E0_0_2300m;5.00;154;154;10.80;23.90
4500.00;4800.00;2292.00;24.65;E0_1_2300m;5.00;191;191;12.91;24.77
4500.00;4800.00;1812.00;22.35;E0_0_2400m;5.00;151;151;11.26;22.54
4500.00;4800.00;2268.00;23.10;E0_1_2400m;5.00;189;189;13.65;23.24
4500.00;4800.00;1824.00;20.56;E0_0_2500m;5.00;152;151;12.28;20.75
4500.00;4800.00;2268.00;21.13;E0_1_2500m;5.00;189;189;14.91;21.33
4500.00;4800.00;1836.00;18.85;E0_0_2600m;5.00;153;154;13.55;19.09
4500.00;4800.00;2232.00;19.25;E0_1_2600m;5.00;186;187;16.17;19.49
4500.00;4800.00;1860.00;17.56;E0_0_2700m;5.00;155;155;14.71;17.77
4500.00;4800.00;2220.00;17.37;E0_1_2700m;5.00;185;186;17.80;17.66
4500.00;4800.00;1908.00;16.75;E0_0_2800m;5.00;159;158;15.81;16.90
4500.00;4800.00;2184.00;15.85;E0_1_2800m;5.00;182;183;19.21;16.15
4500.00;4800.00;1944.00;15.71;E0_0_2900m;5.00;162;162;17.18;15.83
4500.00;4800.00;2148.00;14.59;E0_1_2900m;5.00;179;179;20.44;14.76
4500.00;4800.00;1980.00;13.97;E0_0_3000m;5.00;165;164;19.64;14.02
4500.00;4800.00;2124.00;13.57;E0_1_3000m;5.00;177;177;21.74;13.59
4500.00;4800.00;1980.00;13.52;E0_0_3100m;5.00;165;165;20.29;13.54
4500.00;4800.00;2112.00;13.44;E0_1_3100m;5.00;176;176;21.84;13.44
4500.00;4800.00;1980.00;13.40;E0_0_3200m;5.00;165;165;20.53;13.40
4500.00;4800.00;2112.00;13.41;E0_1_3200m;5.00;176;176;21.87;13.41
4500.00;4800.00;1956.00;13.41;E0_0_3300m;5.00;163;164;20.36;13.41
4500.00;4800.00;2088.00;13.41;E0_1_3300m;5.00;174;175;21.74;13.41
4500.00;4800.00;1944.00;13.41;E0_0_3400m;5.00;162;162;20.13;13.41
4500.00;4800.00;2100.00;13.40;E0_1_3400m;5.00;175;174;21.65;13.40
4500.00;4800.00;1932.00;13.41;E0_0_3500m;5.00;161;162;20.05;13.41
4500.00;4800.00;2100.00;13.40;E0_1_3500m;5.00;175;175;21.77;13.40
4500.00;4800.00;1932.00;13.41;E0_0_3600m;5.00;161;161;20.01;13.41
4500.00;4800.00;2100.00;13.40;E0_1_3600m;5.00;175;175;21.77;13.40
4500.00;4800.00;1932.00;13.41;E0_0_3700m;5.00;161;161;20.01;13.41
4500.00;4800.00;2100.00;13.39;E0_1_3700m;5.00;175;174;21.72;13.39
4500.00;4800.00;1920.00;13.41;E0_0_3800m;5.00;160;160;19.89;13.41
4500.00;4800.00;2100.00;13.39;E0_1_3800m;5.00;175;175;21.78;13.39
4500.00;4800.00;1920.00;13.40;E0_0_3900m;5.00;160;160;19.90;13.40
4500.00;4800.00;2088.00;13.50;E0_1_3900m;5.00;174;175;21.61;13.52
4500.00;4800.00;1908.00;15.34;E0_0_4000m;5.00;159;160;17.35;15.57
4500.00;4800.00;2052.00;16.00;E0_1_4000m;5.00;171;172;17.82;16.41
4500.00;4800.00;1812.00;25.23;E0_0_4100m;5.00;151;152;9.99;25.28
4500.00;4800.00;2172.00;25.66;E0_1_4100m;5.00;181;180;11.74;25.74
4500.00;4800.00;1788.00;27.15;E0_0_4200m;5.00;149;149;9.15;27.30
4500.00;4800.00;2196.00;28.43;E0_1_4200m;5.00;183;183;10.73;28.65
4500.00;4800.00;1788.00;26.87;E0_0_4300m;5.00;149;149;9.24;27.04
4500.00;4800.00;2184.00;28.32;E0_1_4300m;5.00;182;182;10.71;28.56
4500.00;4800.00;1812.00;26.66;E0_0_4400m;5.00;151;151;9.44;26.83
4500.00;4800.00;2184.00;28.01;E0_1_4400m;5.00;182;182;10.83;28.23
4500.00;4800.00;1812.00;26.54;E0_0_4500m;5.00;151;151;9.48;26.70
4500.00;4800.00;2148.00;27.77;E0_1_4500m;5.00;179;179;10.74;27.97
4500.00;4800.00;1812.00;26.25;E0_0_4600m;5.00;151;151;9.59;26.39
4500.00;4800.00;2112.00;27.43;E0_1_4600m;5.00;176;176;10.69;27.60
4500.00;4800.00;1800.00;25.86;E0_0_4700m;5.00;150;150;9.67;26.00
4500.00;4800.00;2112.00;27.13;E0_1_4700m;5.00;176;176;10.81;27.29
4500.00;4800.00;1812.00;25.59;E0_0_4800m;5.00;151;151;9.83;25.71
4500.00;4800.00;2148.00;26.92;E0_1_4800m;5.00;179;179;11.08;27.10
4500.00;4800.00;1764.00;25.64;E0_0_4900m;5.00;147;147;9.56;25.74
4500.00;4800.00;2148.00;26.70;E0_1_4900m;5.00;179;180;11.22;26.88
4500.00;4800.00;1776.00;25.45;E0_0_5000m;5.00;148;148;9.69;25.56
4500.00;4800.00;2148.00;26.59;E0_1_5000m;5.00;179;179;11.22;26.75
4800.00;5100.00;0.00;-1.00;E0_0_0m;-1.00;0;0;0.00;-1.00
4800.00;5100.00;0.00;-1.00;E0_1_0m;-1.00;0;0;0.00;-1.00
4800.00;5100.00;2040.00;24.37;E0_0_100m;5.00;170;171;11.67;24.54
4800.00;5100.00;2244.00;25.79;E0_1_100m;5.00;187;187;12.09;25.92
4800.00;5100.00;2052.00;25.15;E0_0_200m;5.00;171;171;11.33;25.33
4800.00;5100.00;2220.00;27.29;E0_1_200m;5.00;185;185;11.30;27.48
4800.00;5100.00;2064.00;25.57;E0_0_300m;5.00;172;172;11.21;25.71
4800.00;5100.00;2196.00;27.57;E0_1_300m;5.00;183;183;11.06;27.77
4800.00;5100.00;1980.00;25.77;E0_0_400m;5.00;165;165;10.67;25.88
4800.00;5100.00;2232.00;27.65;E0_1_400m;5.00;186;185;11.16;27.83
4800.00;5100.00;1944.00;25.79;E0_0_500m;5.00;162;162;10.47;25.88
4800.00;5100.00;2244.00;27.61;E0_1_500m;5.00;187;186;11.27;27.75
4800.00;5100.00;1920.00;25.57;E0_0_600m;5.00;160;160;10.43;25.65
4800.00;5100.00;2232.00;27.55;E0_1_600m;5.00;186;186;11.25;27.66
4800.00;5100.00;1920.00;25.50;E0_0_700m;5.00;160;160;10.46;25.57
4800.00;5100.00;2244.00;27.38;E0_1_700m;5.00;187;187;11.37;27.48
4800.00;5100.00;1896.00;25.38;E0_0_800m;5.00;158;158;10.38;25.44
4800.00;5100.00;2256.00;27.24;E0_1_800m;5.00;188;188;11.50;27.33
4800.00;5100.00;1896.00;25.22;E0_0_900m;5.00;158;158;10.44;25.29
4800.00;5100.00;2232.00;27.13;E0_1_900m;5.00;186;186;11.43;27.21
4800.00;5100.00;1896.00;25.14;E0_0_1000m;5.00;158;158;10.47;25.19
4800.00;5100.00;2220.00;26.95;E0_1_1000m;5.00;185;185;11.44;27.02
4800.00;5100.00;1896.00;25.07;E0_0_1100m;5.00;158;157;10.51;25.12
4800.00;5100.00;2232.00;26.81;E0_1_1100m;5.00;186;187;11.61;26.88
4800.00;5100.00;1884.00;24.92;E0_0_1200m;5.00;157;157;10.50;24.98
4800.00;5100.00;2268.00;26.71;E0_1_1200m;5.00;189;189;11.79;26.78
4800.00;5100.00;1884.00;24.77;E0_0_1300m;5.00;157;157;10.57;24.84
4800.00;5100.00;2280.00;26.62;E0_1_1300m;5.00;190;189;11.87;26.70
4800.00;5100.00;1848.00;24.87;E0_0_1400m;5.00;154;154;10.32;24.94
4800.00;5100.00;2304.00;26.58;E0_1_1400m;5.00;192;192;12.04;26.66
4800.00;5100.00;1824.00;24.88;E0_0_1500m;5.00;152;152;10.18;24.94
4800.00;5100.00;2328.00;26.52;E0_1_1500m;5.00;194;194;12.19;26.60
4800.00;5100.00;1860.00;24.54;E0_0_1600m;5.00;155;154;10.45;24.61
4800.00;5100.00;2316.00;26.59;E0_1_1600m;5.00;193;194;12.16;26.67
4800.00;5100.00;1848.00;24.31;E0_0_1700m;5.00;154;154;10.56;24.40
4800.00;5100.00;2340.00;26.56;E0_1_1700m;5.00;195;194;12.21;26.65
4800.00;5100.00;1860.00;24.14;E0_0_1800m;5.00;155;155;10.70;24.25
4800.00;5100.00;2316.00;26.49;E0_1_1800m;5.00;193;193;12.14;26.58
4800.00;5100.00;1872.00;23.84;E0_0_1900m;5.00;156;156;10.91;23.98
4800.00;5100.00;2304.00;26.35;E0_1_1900m;5.00;192;192;12.15;26.44
4800.00;5100.00;1872.00;23.47;E0_0_2000m;5.00;156;155;11.04;23.65
4800.00;5100.00;2304.00;26.00;E0_1_2000m;5.00;192;192;12.31;26.11
4800.00;5100.00;1872.00;22.98;E0_0_2100m;5.00;156;156;11.31;23.22
4800.00;5100.00;2292.00;25.34;E0_1_2100m;5.00;191;191;12.56;25.52
4800.00;5100.00;1860.00;22.21;E0_0_2200m;5.00;155;156;11.65;22.55
4800.00;5100.00;2268.00;24.30;E0_1_2200m;5.00;189;188;12.94;24.62
4800.00;5100.00;1848.00;20.93;E0_0_2300m;5.00;154;154;12.26;21.38
4800.00;5100.00;2244.00;22.82;E0_1_2300m;5.00;187;187;13.66;23.32
4800.00;5100.00;1884.00;19.82;E0_0_2400m;5.00;157;157;13.20;20.26
4800.00;5100.00;2220.00;20.79;E0_1_2400m;5.00;185;184;14.76;21.43
4800.00;5100.00;1884.00;18.51;E0_0_2500m;5.00;157;157;14.13;18.88
4800.00;5100.00;2220.00;18.84;E0_1_2500m;5.00;185;185;16.37;19.47
4800.00;5100.00;1968.00;17.46;E0_0_2600m;5.00;164;163;15.63;17.68
4800.00;5100.00;2172.00;17.29;E0_1_2600m;5.00;181;180;17.38;17.80
4800.00;5100.00;1980.00;16.80;E0_0_2700m;5.00;165;165;16.37;16.90
4800.00;5100.00;2160.00;15.64;E0_1_2700m;5.00;180;180;19.15;16.01
4800.00;5100.00;1980.00;16.27;E0_0_2800m;5.00;165;166;16.97;16.34
4800.00;5100.00;2148.00;14.57;E0_1_2800m;5.00;179;179;20.48;14.73
4800.00;5100.00;1980.00;15.37;E0_0_2900m;5.00;165;166;18.01;15.46
4800.00;5100.00;2136.00;13.86;E0_1_2900m;5.00;178;178;21.41;13.90
4800.00;5100.00;1980.00;13.89;E0_0_3000m;5.00;165;165;19.79;13.94
4800.00;5100.00;2136.00;13.45;E0_1_3000m;5.00;178;178;22.05;13.45
4800.00;5100.00;2016.00;13.55;E0_0_3100m;5.00;168;167;20.61;13.58
4800.00;5100.00;2112.00;13.42;E0_1_3100m;5.00;176;175;21.77;13.43
4800.00;5100.00;2016.00;13.46;E0_0_3200m;5.00;168;168;20.81;13.46
4800.00;5100.00;2100.00;13.40;E0_1_3200m;5.00;175;175;21.77;13.40
4800.00;5100.00;2028.00;13.42;E0_0_3300m;5.00;169;168;20.90;13.42
4800.00;5100.00;2100.00;13.38;E0_1_3300m;5.00;175;174;21.68;13.38
4800.00;5100.00;2016.00;13.41;E0_0_3400m;5.00;168;169;20.92;13.41
4800.00;5100.00;2100.00;13.38;E0_1_3400m;5.00;175;175;21.79;13.38
4800.00;5100.00;2028.00;13.41;E0_0_3500m;5.00;169;168;20.97;13.41
4800.00;5100.00;2088.00;13.39;E0_1_3500m;5.00;174;174;21.67;13.39
4800.00;5100.00;2040.00;13.41;E0_0_3600m;5.00;170;170;21.13;13.41
4800.00;5100.00;2076.00;13.38;E0_1_3600m;5.00;173;173;21.55;13.38
4800.00;5100.00;2052.00;13.40;E0_0_3700m;5.00;171;172;21.29;13.40
4800.00;5100.00;2076.00;13.38;E0_1_3700m;5.00;173;173;21.54;13.38
4800.00;5100.00;2064.00;13.40;E0_0_3800m;5.00;172;173;21.45;13.40
4800.00;5100.00;2064.00;13.39;E0_1_3800m;5.00;172;173;21.47;13.39
4800.00;5100.00;2076.00;13.54;E0_0_3900m;5.00;173;173;21.29;13.56
4800.00;5100.00;2088.00;13.42;E0_1_3900m;5.00;174;174;21.52;13.43
4800.00;5100.00;2064.00;15.55;E0_0_4000m;5.00;172;172;18.40;15.74
4800.00;5100.00;2112.00;15.74;E0_1_4000m;5.00;176;175;18.62;16.07
4800.00;5100.00;2040.00;25.19;E0_0_4100m;5.00;170;171;11.28;25.25
4800.00;5100.00;2112.00;26.13;E0_1_4100m;5.00;176;176;11.22;26.17
4800.00;5100.00;2004.00;26.94;E0_0_4200m;5.00;167;167;10.33;27.11
4800.00;5100.00;2148.00;29.54;E0_1_4200m;5.00;179;179;10.10;29.67
4800.00;5100.00;2052.00;26.93;E0_0_4300m;5.00;171;171;10.58;27.13
4800.00;5100.00;2124.00;29.63;E0_1_4300m;5.00;177;177;9.96;29.77
4800.00;5100.00;2016.00;26.65;E0_0_4400m;5.00;168;169;10.56;26.83
4800.00;5100.00;2136.00;29.41;E0_1_4400m;5.00;178;178;10.09;29.55
4800.00;5100.00;1968.00;26.31;E0_0_4500m;5.00;164;164;10.39;26.44
4800.00;5100.00;2160.00;29.19;E0_1_4500m;5.00;180;180;10.28;29.30
4800.00;5100.00;1980.00;26.26;E0_0_4600m;5.00;165;166;10.50;26.40
4800.00;5100.00;2172.00;28.87;E0_1_4600m;5.00;181;181;10.45;28.98
4800.00;5100.00;1980.00;26.17;E0_0_4700m;5.00;165;165;10.51;26.31
4800.00;5100.00;2184.00;28.75;E0_1_4700m;5.00;182;182;10.55;28.85
4800.00;5100.00;1944.00;26.07;E0_0_4800m;5.00;162;163;10.41;26.20
4800.00;5100.00;2208.00;28.66;E0_1_4800m;5.00;184;184;10.70;28.75
4800.00;5100.00;1968.00;25.99;E0_0_4900m;5.00;164;164;10.52;26.13
4800.00;5100.00;2208.00;28.54;E0_1_4900m;5.00;184;183;10.70;28.64
4800.00;5100.00;1968.00;25.82;E0_0_5000m;5.00;164;164;10.59;25.95
4800.00;5100.00;2208.00;28.43;E0_1_5000m;5.00;184;184;10.79;28.53
5100.00;5400.00;0.00;-1.00;E0_0_0m;-1.00;0;0;0.00;-1.00
5100.00;5400.00;0.00;-1.00;E0_1_0m;-1.00;0;0;0.00;-1.00
5100.00;5400.00;1848.00;23.68;E0_0_100m;5.00;154;154;10.83;23.84
5100.00;5400.00;2436.00;25.08;E0_1_100m;5.00;203;203;13.49;25.21
5100.00;5400.00;1896.00;24.42;E0_0_200m;5.00;158;158;10.78;24.57
5100.00;5400.00;2412.00;26.25;E0_1_200m;5.00;201;201;12.76;26.41
5100.00;5400.00;1932.00;24.65;E0_0_300m;5.00;161;161;10.89;24.78
5100.00;5400.00;2412.00;26.41;E0_1_300m;5.00;201;201;12.68;26.53
5100.00;5400.00;1944.00;24.62;E0_0_400m;5.00;162;162;10.97;24.74
5100.00;5400.00;2412.00;26.48;E0_1_400m;5.00;201;201;12.65;26.58
5100.00;5400.00;1956.00;24.64;E0_0_500m;5.00;163;163;11.02;24.77
5100.00;5400.00;2400.00;26.52;E0_1_500m;5.00;200;200;12.57;26.61
5100.00;5400.00;1992.00;24.69;E0_0_600m;5.00;166;166;11.21;24.82
5100.00;5400.00;2388.00;26.53;E0_1_600m;5.00;199;200;12.50;26.63
5100.00;5400.00;2004.00;24.63;E0_0_700m;5.00;167;167;11.30;24.77
5100.00;5400.00;2364.00;26.57;E0_1_700m;5.00;197;196;12.36;26.67
5100.00;5400.00;2016.00;24.55;E0_0_800m;5.00;168;168;11.40;24.67
5100.00;5400.00;2352.00;26.62;E0_1_800m;5.00;196;196;12.27;26.73
5100.00;5400.00;2004.00;24.50;E0_0_900m;5.00;167;167;11.36;24.62
5100.00;5400.00;2352.00;26.57;E0_1_900m;5.00;196;196;12.29;26.67
5100.00;5400.00;2004.00;24.44;E0_0_1000m;5.00;167;167;11.39;24.55
5100.00;5400.00;2376.00;26.50;E0_1_1000m;5.00;198;198;12.45;26.60
5100.00;5400.00;1992.00;24.33;E0_0_1100m;5.00;166;166;11.37;24.44
5100.00;5400.00;2388.00;26.46;E0_1_1100m;5.00;199;198;12.49;26.55
5100.00;5400.00;1980.00;24.25;E0_0_1200m;5.00;165;165;11.34;24.36
5100.00;5400.00;2376.00;26.31;E0_1_1200m;5.00;198;198;12.54;26.40
5100.00;5400.00;2004.00;24.05;E0_0_1300m;5.00;167;167;11.57;24.16
5100.00;5400.00;2388.00;26.09;E0_1_1300m;5.00;199;199;12.71;26.17
5100.00;5400.00;2040.00;23.68;E0_0_1400m;5.00;170;170;11.96;23.78
5100.00;5400.00;2400.00;25.76;E0_1_1400m;5.00;200;200;12.94;25.85
5100.00;5400.00;2076.00;23.14;E0_0_1500m;5.00;173;173;12.46;23.25
5100.00;5400.00;2412.00;25.30;E0_1_1500m;5.00;201;201;13.24;25.46
5100.00;5400.00;2052.00;22.42;E0_0_1600m;5.00;171;171;12.71;22.55
5100.00;5400.00;2424.00;24.60;E0_1_1600m;5.00;202;201;13.63;24.83
5100.00;5400.00;2088.00;21.70;E0_0_1700m;5.00;174;174;13.37;21.89
5100.00;5400.00;2388.00;23.58;E0_1_1700m;5.00;199;199;14.06;23.96
5100.00;5400.00;2100.00;20.81;E0_0_1800m;5.00;175;175;14.02;21.10
5100.00;5400.00;2388.00;22.42;E0_1_1800m;5.00;199;199;14.79;22.91
5100.00;5400.00;2112.00;19.74;E0_0_1900m;5.00;176;176;14.86;20.10
5100.00;5400.00;2376.00;21.21;E0_1_1900m;5.00;198;198;15.56;21.72
5100.00;5400.00;2124.00;18.85;E0_0_2000m;5.00;177;177;15.65;19.15
5100.00;5400.00;2352.00;19.70;E0_1_2000m;5.00;196;196;16.58;20.18
5100.00;5400.00;2124.00;18.18;E0_0_2100m;5.00;177;177;16.23;18.42
5100.00;5400.00;2340.00;18.37;E0_1_2100m;5.00;195;195;17.70;18.80
5100.00;5400.00;2148.00;17.70;E0_0_2200m;5.00;179;178;16.83;17.89
5100.00;5400.00;2292.00;17.15;E0_1_2200m;5.00;191;191;18.56;17.58
5100.00;5400.00;2136.00;17.36;E0_0_2300m;5.00;178;178;17.09;17.48
5100.00;5400.00;2268.00;16.10;E0_1_2300m;5.00;189;189;19.57;16.48
5100.00;5400.00;2124.00;17.00;E0_0_2400m;5.00;177;177;17.35;17.05
5100.00;5400.00;2256.00;15.38;E0_1_2400m;5.00;188;188;20.37;15.66
5100.00;5400.00;2112.00;16.75;E0_0_2500m;5.00;176;176;17.51;16.77
5100.00;5400.00;2232.00;14.91;E0_1_2500m;5.00;186;187;20.82;15.10
5100.00;5400.00;2100.00;16.51;E0_0_2600m;5.00;175;176;17.72;16.52
5100.00;5400.00;2208.00;14.41;E0_1_2600m;5.00;184;184;21.28;14.53
5100.00;5400.00;2100.00;16.01;E0_0_2700m;5.00;175;175;18.22;16.04
5100.00;5400.00;2196.00;14.08;E0_1_2700m;5.00;183;183;21.76;14.16
5100.00;5400.00;2100.00;15.16;E0_0_2800m;5.00;175;174;19.17;15.23
5100.00;5400.00;2196.00;13.86;E0_1_2800m;5.00;183;182;21.94;13.93
5100.00;5400.00;2124.00;14.22;E0_0_2900m;5.00;177;176;20.63;14.26
5100.00;5400.00;2160.00;13.63;E0_1_2900m;5.00;180;181;22.03;13.67
5100.00;5400.00;2124.00;13.52;E0_0_3000m;5.00;177;177;21.82;13.52
5100.00;5400.00;2160.00;13.42;E0_1_3000m;5.00;180;180;22.36;13.42
5100.00;5400.00;2124.00;13.43;E0_0_3100m;5.00;177;177;21.97;13.43
5100.00;5400.00;2160.00;13.38;E0_1_3100m;5.00;180;181;22.42;13.38
5100.00;5400.00;2136.00;13.41;E0_0_3200m;5.00;178;178;22.13;13.41
5100.00;5400.00;2160.00;13.38;E0_1_3200m;5.00;180;180;22.43;13.38
5100.00;5400.00;2124.00;13.40;E0_0_3300m;5.00;177;178;22.01;13.40
5100.00;5400.00;2160.00;13.38;E0_1_3300m;5.00;180;180;22.43;13.38
5100.00;5400.00;2136.00;13.40;E0_0_3400m;5.00;178;177;22.10;13.40
5100.00;5400.00;2160.00;13.37;E0_1_3400m;5.00;180;180;22.43;13.37
5100.00;5400.00;2124.00;13.40;E0_0_3500m;5.00;177;178;22.06;13.40
5100.00;5400.00;2160.00;13.37;E0_1_3500m;5.00;180;180;22.43;13.37
5100.00;5400.00;2124.00;13.40;E0_0_3600m;5.00;177;177;22.01;13.40
5100.00;5400.00;2160.00;13.37;E0_1_3600m;5.00;180;180;22.43;13.38
5100.00;5400.00;2112.00;13.41;E0_0_3700m;5.00;176;175;21.86;13.41
5100.00;5400.00;2160.00;13.36;E0_1_3700m;5.00;180;181;22.49;13.36
5100.00;5400.00;2100.00;13.41;E0_0_3800m;5.00;175;174;21.69;13.41
5100.00;5400.00;2172.00;13.38;E0_1_3800m;5.00;181;180;22.48;13.39
5100.00;5400.00;2100.00;13.50;E0_0_3900m;5.00;175;175;21.61;13.51
5100.00;5400.00;2136.00;13.55;E0_1_3900m;5.00;178;177;21.87;13.59
5100.00;5400.00;2040.00;15.56;E0_0_4000m;5.00;170;171;18.27;15.77
5100.00;5400.00;2208.00;16.62;E0_1_4000m;5.00;184;184;18.45;17.13
5100.00;5400.00;1932.00;24.62;E0_0_4100m;5.00;161;160;10.86;24.72
5100.00;5400.00;2292.00;25.66;E0_1_4100m;5.00;191;192;12.45;25.71
5100.00;5400.00;1896.00;26.47;E0_0_4200m;5.00;158;158;9.95;26.66
5100.00;5400.00;2328.00;28.01;E0_1_4200m;5.00;194;194;11.55;28.14
5100.00;5400.00;1848.00;26.46;E0_0_4300m;5.00;154;154;9.70;26.61
5100.00;5400.00;2364.00;28.46;E0_1_4300m;5.00;197;197;11.54;28.59
5100.00;5400.00;1884.00;26.33;E0_0_4400m;5.00;157;156;9.88;26.48
5100.00;5400.00;2316.00;28.64;E0_1_4400m;5.00;193;194;11.30;28.75
5100.00;5400.00;1920.00;26.28;E0_0_4500m;5.00;160;160;10.15;26.44
5100.00;5400.00;2292.00;28.71;E0_1_4500m;5.00;191;191;11.09;28.81
5100.00;5400.00;1908.00;26.06;E0_0_4600m;5.00;159;159;10.17;26.20
5100.00;5400.00;2304.00;28.61;E0_1_4600m;5.00;192;193;11.21;28.70
5100.00;5400.00;1908.00;26.01;E0_0_4700m;5.00;159;160;10.19;26.13
5100.00;5400.00;2280.00;28.51;E0_1_4700m;5.00;190;191;11.15;28.64
5100.00;5400.00;1908.00;25.87;E0_0_4800m;5.00;159;158;10.19;25.99
5100.00;5400.00;2256.00;28.47;E0_1_4800m;5.00;188;188;11.01;28.55
5100.00;5400.00;1884.00;25.70;E0_0_4900m;5.00;157;157;10.18;25.81
5100.00;5400.00;2268.00;28.32;E0_1_4900m;5.00;189;189;11.12;28.41
5100.00;5400.00;1896.00;25.58;E0_0_5000m;5.00;158;159;10.35;25.68
5100.00;5400.00;2268.00;28.29;E0_1_5000m;5.00;189;189;11.13;28.39
5400.00;5700.00;0.00;-1.00;E0_0_0m;-1.00;0;0;0.00;-1.00
5400.00;5700.00;0.00;-1.00;E0_1_0m;-1.00;0;0;0.00;-1.00
5400.00;5700.00;1728.00;24.38;E0_0_100m;5.00;144;144;9.84;24.57
5400.00;5700.00;2244.00;25.19;E0_1_100m;5.00;187;188;12.37;25.36
5400.00;5700.00;1728.00;25.53;E0_0_200m;5.00;144;144;9.40;25.71
5400.00;5700.00;2220.00;26.76;E0_1_200m;5.00;185;186;11.57;27.00
5400.00;5700.00;1716.00;25.73;E0_0_300m;5.00;143;144;9.27;25.88
5400.00;5700.00;2232.00;27.06;E0_1_300m;5.00;186;186;11.46;27.30
5400.00;5700.00;1692.00;25.88;E0_0_400m;5.00;141;142;9.12;26.03
5400.00;5700.00;2268.00;27.17;E0_1_400m;5.00;189;189;11.59;27.36
5400.00;5700.00;1728.00;25.91;E0_0_500m;5.00;144;144;9.26;26.05
5400.00;5700.00;2268.00;27.26;E0_1_500m;5.00;189;189;11.56;27.42
5400.00;5700.00;1752.00;25.87;E0_0_600m;5.00;146;146;9.41;26.03
5400.00;5700.00;2292.00;27.23;E0_1_600m;5.00;191;190;11.69;27.37
5400.00;5700.00;1776.00;25.81;E0_0_700m;5.00;148;148;9.56;25.99
5400.00;5700.00;2268.00;27.20;E0_1_700m;5.00;189;189;11.58;27.33
5400.00;5700.00;1800.00;25.74;E0_0_800m;5.00;150;150;9.71;25.94
5400.00;5700.00;2268.00;27.15;E0_1_800m;5.00;189;189;11.60;27.27
5400.00;5700.00;1812.00;25.76;E0_0_900m;5.00;151;151;9.77;25.94
5400.00;5700.00;2268.00;27.22;E0_1_900m;5.00;189;189;11.57;27.35
5400.00;5700.00;1824.00;25.71;E0_0_1000m;5.00;152;152;9.85;25.87
5400.00;5700.00;2268.00;27.28;E0_1_1000m;5.00;189;190;11.58;27.39
5400.00;5700.00;1836.00;25.66;E0_0_1100m;5.00;153;153;9.94;25.80
5400.00;5700.00;2304.00;27.18;E0_1_1100m;5.00;192;192;11.77;27.29
5400.00;5700.00;1860.00;25.52;E0_0_1200m;5.00;155;155;10.12;25.64
5400.00;5700.00;2292.00;26.94;E0_1_1200m;5.00;191;191;11.82;27.04
5400.00;5700.00;1836.00;25.16;E0_0_1300m;5.00;153;153;10.14;25.25
5400.00;5700.00;2280.00;26.57;E0_1_1300m;5.00;190;190;11.92;26.69
5400.00;5700.00;1836.00;24.38;E0_0_1400m;5.00;153;153;10.46;24.45
5400.00;5700.00;2280.00;25.75;E0_1_1400m;5.00;190;190;12.30;25.87
5400.00;5700.00;1836.00;23.15;E0_0_1500m;5.00;153;154;11.02;23.28
5400.00;5700.00;2244.00;24.35;E0_1_1500m;5.00;187;188;12.82;24.49
5400.00;5700.00;1860.00;21.74;E0_0_1600m;5.00;155;155;11.88;21.96
5400.00;5700.00;2244.00;22.66;E0_1_1600m;5.00;187;187;13.75;22.85
5400.00;5700.00;1860.00;20.17;E0_0_1700m;5.00;155;155;12.81;20.43
5400.00;5700.00;2232.00;20.82;E0_1_1700m;5.00;186;186;14.89;21.05
5400.00;5700.00;1836.00;18.66;E0_0_1800m;5.00;153;153;13.66;18.88
5400.00;5700.00;2244.00;19.07;E0_1_1800m;5.00;187;187;16.35;19.31
5400.00;5700.00;1860.00;17.58;E0_0_1900m;5.00;155;155;14.69;17.71
5400.00;5700.00;2232.00;17.62;E0_1_1900m;5.00;186;187;17.65;17.80
5400.00;5700.00;1872.00;16.83;E0_0_2000m;5.00;156;157;15.47;16.86
5400.00;5700.00;2220.00;16.32;E0_1_2000m;5.00;185;186;18.94;16.43
5400.00;5700.00;1884.00;16.56;E0_0_2100m;5.00;157;158;15.84;16.58
5400.00;5700.00;2220.00;15.46;E0_1_2100m;5.00;185;186;19.95;15.53
5400.00;5700.00;1920.00;16.57;E0_0_2200m;5.00;160;160;16.09;16.57
5400.00;5700.00;2208.00;14.97;E0_1_2200m;5.00;184;185;20.52;15.03
5400.00;5700.00;1932.00;16.54;E0_0_2300m;5.00;161;161;16.23;16.54
5400.00;5700.00;2196.00;14.62;E0_1_2300m;5.00;183;183;20.87;14.66
5400.00;5700.00;1956.00;16.52;E0_0_2400m;5.00;163;163;16.45;16.52
5400.00;5700.00;2184.00;14.30;E0_1_2400m;5.00;182;182;21.21;14.33
5400.00;5700.00;1992.00;16.51;E0_0_2500m;5.00;166;166;16.76;16.51
5400.00;5700.00;2184.00;14.10;E0_1_2500m;5.00;182;181;21.48;14.12
5400.00;5700.00;2004.00;16.45;E0_0_2600m;5.00;167;166;16.87;16.46
5400.00;5700.00;2160.00;13.91;E0_1_2600m;5.00;180;180;21.57;13.93
5400.00;5700.00;2004.00;16.26;E0_0_2700m;5.00;167;167;17.11;16.29
5400.00;5700.00;2160.00;13.76;E0_1_2700m;5.00;180;179;21.69;13.78
5400.00;5700.00;2016.00;15.93;E0_0_2800m;5.00;168;168;17.58;15.99
5400.00;5700.00;2148.00;13.61;E0_1_2800m;5.00;179;180;22.00;13.62
5400.00;5700.00;2040.00;15.14;E0_0_2900m;5.00;170;170;18.71;15.23
5400.00;5700.00;2148.00;13.51;E0_1_2900m;5.00;179;178;22.06;13.52
5400.00;5700.00;2052.00;13.78;E0_0_3000m;5.00;171;171;20.68;13.81
5400.00;5700.00;2148.00;13.41;E0_1_3000m;5.00;179;179;22.24;13.41
5400.00;5700.00;2052.00;13.50;E0_0_3100m;5.00;171;171;21.11;13.51
5400.00;5700.00;2160.00;13.42;E0_1_3100m;5.00;180;179;22.34;13.43
5400.00;5700.00;2064.00;13.43;E0_0_3200m;5.00;172;172;21.35;13.43
5400.00;5700.00;2148.00;13.41;E0_1_3200m;5.00;179;179;22.25;13.41
5400.00;5700.00;2076.00;13.41;E0_0_3300m;5.00;173;172;21.50;13.41
5400.00;5700.00;2148.00;13.39;E0_1_3300m;5.00;179;179;22.27;13.39
5400.00;5700.00;2076.00;13.41;E0_0_3400m;5.00;173;173;21.50;13.41
5400.00;5700.00;2148.00;13.40;E0_1_3400m;5.00;179;179;22.27;13.40
5400.00;5700.00;2076.00;13.41;E0_0_3500m;5.00;173;172;21.45;13.41
5400.00;5700.00;2148.00;13.39;E0_1_3500m;5.00;179;179;22.28;13.39
5400.00;5700.00;2064.00;13.41;E0_0_3600m;5.00;172;173;21.49;13.41
5400.00;5700.00;2148.00;13.40;E0_1_3600m;5.00;179;179;22.27;13.40
5400.00;5700.00;2064.00;13.41;E0_0_3700m;5.00;172;172;21.38;13.41
5400.00;5700.00;2148.00;13.39;E0_1_3700m;5.00;179;179;22.24;13.39
5400.00;5700.00;2076.00;13.44;E0_0_3800m;5.00;173;173;21.45;13.44
5400.00;5700.00;2148.00;13.39;E0_1_3800m;5.00;179;179;22.28;13.39
5400.00;5700.00;2076.00;13.58;E0_0_3900m;5.00;173;173;21.23;13.61
5400.00;5700.00;2148.00;13.55;E0_1_3900m;5.00;179;180;22.02;13.59
5400.00;5700.00;2028.00;15.76;E0_0_4000m;5.00;169;172;18.06;16.03
5400.00;5700.00;2172.00;16.63;E0_1_4000m;5.00;181;181;18.14;17.15
5400.00;5700.00;1992.00;25.00;E0_0_4100m;5.00;166;166;11.07;25.06
5400.00;5700.00;2268.00;25.80;E0_1_4100m;5.00;189;188;12.16;25.83
5400.00;5700.00;1944.00;26.32;E0_0_4200m;5.00;162;162;10.26;26.47
5400.00;5700.00;2292.00;28.17;E0_1_4200m;5.00;191;191;11.30;28.32
5400.00;5700.00;1920.00;26.31;E0_0_4300m;5.00;160;160;10.14;26.42
5400.00;5700.00;2328.00;28.10;E0_1_4300m;5.00;194;194;11.51;28.23
5400.00;5700.00;1944.00;26.28;E0_0_4400m;5.00;162;162;10.28;26.40
5400.00;5700.00;2328.00;28.00;E0_1_4400m;5.00;194;193;11.48;28.12
5400.00;5700.00;1980.00;26.24;E0_0_4500m;5.00;165;165;10.48;26.37
5400.00;5700.00;2304.00;27.87;E0_1_4500m;5.00;192;192;11.48;27.98
5400.00;5700.00;1944.00;26.14;E0_0_4600m;5.00;162;164;10.42;26.26
5400.00;5700.00;2304.00;27.80;E0_1_4600m;5.00;192;192;11.51;27.91
5400.00;5700.00;1968.00;26.01;E0_0_4700m;5.00;164;164;10.51;26.14
5400.00;5700.00;2304.00;27.72;E0_1_4700m;5.00;192;191;11.50;27.82
5400.00;5700.00;1980.00;25.74;E0_0_4800m;5.00;165;165;10.68;25.89
5400.00;5700.00;2280.00;27.64;E0_1_4800m;5.00;190;190;11.46;27.74
5400.00;5700.00;1956.00;25.54;E0_0_4900m;5.00;163;163;10.64;25.69
5400.00;5700.00;2304.00;27.55;E0_1_4900m;5.00;192;192;11.62;27.64
5400.00;5700.00;1956.00;25.39;E0_0_5000m;5.00;163;162;10.65;25.54
5400.00;5700.00;2292.00;27.49;E0_1_5000m;5.00;191;191;11.58;27.59
5700.00;6000.00;0.00;-1.00;E0_0_0m;-1.00;0;0;0.00;-1.00
5700.00;6000.00;0.00;-1.00;E0_1_0m;-1.00;0;0;0.00;-1.00
5700.00;6000.00;1860.00;24.61;E0_0_100m;5.00;155;155;10.50;24.82
5700.00;6000.00;2292.00;25.65;E0_1_100m;5.00;191;190;12.41;25.80
5700.00;6000.00;1836.00;24.91;E0_0_200m;5.00;153;153;10.24;25.23
5700.00;6000.00;2328.00;26.47;E0_1_200m;5.00;194;193;12.17;26.70
5700.00;6000.00;1800.00;24.61;E0_0_300m;5.00;150;150;10.15;24.97
5700.00;6000.00;2340.00;26.40;E0_1_300m;5.00;195;195;12.31;26.61
5700.00;6000.00;1824.00;24.28;E0_0_400m;5.00;152;151;10.40;24.68
5700.00;6000.00;2340.00;26.45;E0_1_400m;5.00;195;195;12.29;26.63
5700.00;6000.00;1788.00;23.90;E0_0_500m;5.00;149;150;10.39;24.34
5700.00;6000.00;2328.00;26.37;E0_1_500m;5.00;194;194;12.26;26.53
5700.00;6000.00;1764.00;23.39;E0_0_600m;5.00;147;147;10.48;23.83
5700.00;6000.00;2292.00;26.26;E0_1_600m;5.00;191;191;12.12;26.39
5700.00;6000.00;1776.00;23.10;E0_0_700m;5.00;148;149;10.71;23.55
5700.00;6000.00;2292.00;26.15;E0_1_700m;5.00;191;191;12.17;26.29
5700.00;6000.00;1740.00;22.96;E0_0_800m;5.00;145;145;10.53;23.42
5700.00;6000.00;2304.00;26.22;E0_1_800m;5.00;192;192;12.20;26.37
5700.00;6000.00;1692.00;22.95;E0_0_900m;5.00;141;143;10.28;23.42
5700.00;6000.00;2328.00;26.35;E0_1_900m;5.00;194;194;12.27;26.51
5700.00;6000.00;1716.00;23.04;E0_0_1000m;5.00;143;143;10.34;23.50
5700.00;6000.00;2268.00;26.44;E0_1_1000m;5.00;189;189;11.91;26.62
5700.00;6000.00;1680.00;23.16;E0_0_1100m;5.00;140;141;10.09;23.60
5700.00;6000.00;2244.00;26.40;E0_1_1100m;5.00;187;187;11.80;26.60
5700.00;6000.00;1668.00;23.34;E0_0_1200m;5.00;139;139;9.92;23.80
5700.00;6000.00;2244.00;26.49;E0_1_1200m;5.00;187;188;11.82;26.69
5700.00;6000.00;1668.00;23.46;E0_0_1300m;5.00;139;139;9.87;23.85
5700.00;6000.00;2208.00;26.57;E0_1_1300m;5.00;184;184;11.54;26.78
5700.00;6000.00;1644.00;23.57;E0_0_1400m;5.00;137;137;9.69;23.94
5700.00;6000.00;2184.00;26.53;E0_1_1400m;5.00;182;182;11.43;26.74
5700.00;6000.00;1608.00;23.75;E0_0_1500m;5.00;134;133;9.40;24.08
5700.00;6000.00;2196.00;26.48;E0_1_1500m;5.00;183;182;11.49;26.69
5700.00;6000.00;1596.00;23.83;E0_0_1600m;5.00;133;133;9.30;24.10
5700.00;6000.00;2172.00;26.31;E0_1_1600m;5.00;181;181;11.47;26.51
5700.00;6000.00;1596.00;23.89;E0_0_1700m;5.00;133;133;9.28;24.12
5700.00;6000.00;2160.00;25.95;E0_1_1700m;5.00;180;180;11.56;26.15
5700.00;6000.00;1608.00;23.60;E0_0_1800m;5.00;134;134;9.47;23.80
5700.00;6000.00;2148.00;25.41;E0_1_1800m;5.00;179;179;11.74;25.66
5700.00;6000.00;1596.00;23.14;E0_0_1900m;5.00;133;134;9.58;23.39
5700.00;6000.00;2136.00;24.48;E0_1_1900m;5.00;178;178;12.12;24.85
5700.00;6000.00;1584.00;22.34;E0_0_2000m;5.00;132;132;9.88;22.67
5700.00;6000.00;2148.00;23.31;E0_1_2000m;5.00;179;180;12.77;23.75
5700.00;6000.00;1572.00;20.94;E0_0_2100m;5.00;131;130;10.39;21.34
5700.00;6000.00;2172.00;21.78;E0_1_2100m;5.00;181;182;13.88;22.20
5700.00;6000.00;1596.00;19.53;E0_0_2200m;5.00;133;134;11.42;19.81
5700.00;6000.00;2172.00;20.08;E0_1_2200m;5.00;181;181;15.01;20.46
5700.00;6000.00;1632.00;18.31;E0_0_2300m;5.00;136;137;12.42;18.55
5700.00;6000.00;2184.00;18.59;E0_1_2300m;5.00;182;182;16.32;18.90
5700.00;6000.00;1668.00;17.61;E0_0_2400m;5.00;139;139;13.15;17.75
5700.00;6000.00;2184.00;17.31;E0_1_2400m;5.00;182;182;17.52;17.55
5700.00;6000.00;1716.00;17.01;E0_0_2500m;5.00;143;144;14.02;17.07
5700.00;6000.00;2136.00;16.21;E0_1_2500m;5.00;178;178;18.31;16.40
5700.00;6000.00;1752.00;16.57;E0_0_2600m;5.00;146;146;14.68;16.58
5700.00;6000.00;2136.00;15.20;E0_1_2600m;5.00;178;179;19.54;15.34
5700.00;6000.00;1824.00;16.54;E0_0_2700m;5.00;152;152;15.32;16.54
5700.00;6000.00;2148.00;14.61;E0_1_2700m;5.00;179;179;20.42;14.70
5700.00;6000.00;1860.00;16.50;E0_0_2800m;5.00;155;155;15.65;16.51
5700.00;6000.00;2184.00;14.10;E0_1_2800m;5.00;182;181;21.43;14.14
5700.00;6000.00;1872.00;16.26;E0_0_2900m;5.00;156;156;15.99;16.28
5700.00;6000.00;2148.00;13.78;E0_1_2900m;5.00;179;179;21.64;13.83
5700.00;6000.00;1896.00;14.40;E0_0_3000m;5.00;158;158;18.29;14.48
5700.00;6000.00;2136.00;13.45;E0_1_3000m;5.00;178;178;22.05;13.46
5700.00;6000.00;1908.00;13.70;E0_0_3100m;5.00;159;159;19.35;13.72
5700.00;6000.00;2124.00;13.45;E0_1_3100m;5.00;177;177;21.94;13.45
5700.00;6000.00;1908.00;13.49;E0_0_3200m;5.00;159;160;19.73;13.49
5700.00;6000.00;2112.00;13.41;E0_1_3200m;5.00;176;177;21.90;13.41
5700.00;6000.00;1920.00;13.41;E0_0_3300m;5.00;160;160;19.88;13.42
5700.00;6000.00;2112.00;13.40;E0_1_3300m;5.00;176;176;21.90;13.40
5700.00;6000.00;1920.00;13.41;E0_0_3400m;5.00;160;160;19.88;13.41
5700.00;6000.00;2100.00;13.39;E0_1_3400m;5.00;175;175;21.78;13.39
5700.00;6000.00;1944.00;13.41;E0_0_3500m;5.00;162;162;20.13;13.41
5700.00;6000.00;2100.00;13.41;E0_1_3500m;5.00;175;175;21.76;13.41
5700.00;6000.00;1968.00;13.41;E0_0_3600m;5.00;164;164;20.33;13.41
5700.00;6000.00;2088.00;13.39;E0_1_3600m;5.00;174;175;21.74;13.39
5700.00;6000.00;1968.00;13.41;E0_0_3700m;5.00;164;164;20.38;13.41
5700.00;6000.00;2100.00;13.39;E0_1_3700m;5.00;175;174;21.78;13.39
5700.00;6000.00;1980.00;13.41;E0_0_3800m;5.00;165;165;20.51;13.41
5700.00;6000.00;2088.00;13.39;E0_1_3800m;5.00;174;174;21.65;13.39
5700.00;6000.00;2004.00;13.47;E0_0_3900m;5.00;167;167;20.67;13.48
5700.00;6000.00;2088.00;13.55;E0_1_3900m;5.00;174;173;21.41;13.59
5700.00;6000.00;2064.00;15.66;E0_0_4000m;5.00;172;171;18.22;15.92
5700.00;6000.00;2052.00;15.86;E0_1_4000m;5.00;171;173;18.07;16.21
5700.00;6000.00;2016.00;24.60;E0_0_4100m;5.00;168;169;11.38;24.69
5700.00;6000.00;2088.00;25.79;E0_1_4100m;5.00;174;174;11.25;25.85
5700.00;6000.00;1968.00;26.45;E0_0_4200m;5.00;164;164;10.33;26.64
5700.00;6000.00;2136.00;28.60;E0_1_4200m;5.00;178;178;10.37;28.76
5700.00;6000.00;1896.00;26.51;E0_0_4300m;5.00;158;159;9.96;26.68
5700.00;6000.00;2208.00;28.71;E0_1_4300m;5.00;184;184;10.68;28.88
5700.00;6000.00;1872.00;26.45;E0_0_4400m;5.00;156;156;9.83;26.59
5700.00;6000.00;2208.00;28.70;E0_1_4400m;5.00;184;185;10.71;28.85
5700.00;6000.00;1848.00;26.20;E0_0_4500m;5.00;154;155;9.86;26.33
5700.00;6000.00;2220.00;28.62;E0_1_4500m;5.00;185;185;10.77;28.77
5700.00;6000.00;1860.00;26.06;E0_0_4600m;5.00;155;154;9.88;26.20
5700.00;6000.00;2244.00;28.37;E0_1_4600m;5.00;187;187;10.99;28.49
5700.00;6000.00;1848.00;25.92;E0_0_4700m;5.00;154;154;9.90;26.05
5700.00;6000.00;2244.00;28.22;E0_1_4700m;5.00;187;187;11.04;28.33
5700.00;6000.00;1884.00;25.99;E0_0_4800m;5.00;157;157;10.07;26.12
5700.00;6000.00;2232.00;28.10;E0_1_4800m;5.00;186;186;11.03;28.22
5700.00;6000.00;1848.00;25.88;E0_0_4900m;5.00;154;155;9.96;26.00
5700.00;6000.00;2268.00;28.07;E0_1_4900m;5.00;189;189;11.22;28.19
5700.00;6000.00;1848.00;25.81;E0_0_5000m;5.00;154;154;9.94;25.93
5700.00;6000.00;2268.00;27.88;E0_1_5000m;5.00;189;189;11.30;27.99
6000.00;6300.00;0.00;-1.00;E0_0_0m;-1.00;0;0;0.00;-1.00
6000.00;6300.00;0.00;-1.00;E0_1_0m;-1.00;0;0;0.00;-1.00
6000.00;6300.00;1680.00;22.23;E0_0_100m;5.00;140;141;10.52;22.41
6000.00;6300.00;2340.00;23.03;E0_1_100m;5.00;195;196;14.12;23.20
6000.00;6300.00;1632.00;24.25;E0_0_200m;5.00;136;136;9.35;24.51
6000.00;6300.00;2376.00;25.07;E0_1_200m;5.00;198;198;13.16;25.35
6000.00;6300.00;1680.00;24.77;E0_0_300m;5.00;140;140;9.42;24.97
6000.00;6300.00;2328.00;25.65;E0_1_300m;5.00;194;194;12.61;25.91
6000.00;6300.00;1644.00;25.14;E0_0_400m;5.00;137;137;9.08;25.30
6000.00;6300.00;2316.00;26.12;E0_1_400m;5.00;193;193;12.32;26.36
6000.00;6300.00;1680.00;25.37;E0_0_500m;5.00;140;139;9.19;25.52
6000.00;6300.00;2292.00;26.60;E0_1_500m;5.00;191;191;11.97;26.83
6000.00;6300.00;1692.00;25.25;E0_0_600m;5.00;141;141;9.31;25.42
6000.00;6300.00;2292.00;26.84;E0_1_600m;5.00;191;192;11.86;27.06
6000.00;6300.00;1716.00;25.19;E0_0_700m;5.00;143;142;9.43;25.34
6000.00;6300.00;2256.00;26.81;E0_1_700m;5.00;188;188;11.69;27.04
6000.00;6300.00;1716.00;25.05;E0_0_800m;5.00;143;143;9.52;25.21
6000.00;6300.00;2244.00;26.65;E0_1_800m;5.00;187;187;11.70;26.87
6000.00;6300.00;1728.00;24.59;E0_0_900m;5.00;144;143;9.76;24.80
6000.00;6300.00;2256.00;26.54;E0_1_900m;5.00;188;188;11.81;26.76
6000.00;6300.00;1740.00;24.19;E0_0_1000m;5.00;145;145;9.99;24.46
6000.00;6300.00;2256.00;26.46;E0_1_1000m;5.00;188;188;11.84;26.68
6000.00;6300.00;1764.00;23.69;E0_0_1100m;5.00;147;147;10.39;24.00
6000.00;6300.00;2244.00;26.38;E0_1_1100m;5.00;187;187;11.81;26.59
6000.00;6300.00;1788.00;23.40;E0_0_1200m;5.00;149;149;10.61;23.74
6000.00;6300.00;2232.00;26.34;E0_1_1200m;5.00;186;186;11.77;26.54
6000.00;6300.00;1800.00;22.98;E0_0_1300m;5.00;150;150;10.88;23.33
6000.00;6300.00;2244.00;26.29;E0_1_1300m;5.00;187;187;11.86;26.49
6000.00;6300.00;1836.00;22.45;E0_0_1400m;5.00;153;153;11.36;22.80
6000.00;6300.00;2220.00;25.91;E0_1_1400m;5.00;185;185;11.90;26.14
6000.00;6300.00;1812.00;21.69;E0_0_1500m;5.00;151;152;11.61;22.06
6000.00;6300.00;2244.00;25.10;E0_1_1500m;5.00;187;188;12.46;25.48
6000.00;6300.00;1812.00;20.46;E0_0_1600m;5.00;151;152;12.35;20.75
6000.00;6300.00;2244.00;23.56;E0_1_1600m;5.00;187;188;13.29;24.26
6000.00;6300.00;1848.00;18.72;E0_0_1700m;5.00;154;155;13.71;18.94
6000.00;6300.00;2208.00;20.74;E0_1_1700m;5.00;184;185;14.80;22.03
6000.00;6300.00;1896.00;16.91;E0_0_1800m;5.00;158;158;15.57;17.44
6000.00;6300.00;2136.00;16.97;E0_1_1800m;5.00;178;179;17.64;19.34
6000.00;6300.00;1908.00;14.47;E0_0_1900m;5.00;159;159;18.31;16.09
6000.00;6300.00;2064.00;14.48;E0_1_1900m;5.00;172;173;19.86;17.76
6000.00;6300.00;1908.00;12.49;E0_0_2000m;5.00;159;158;21.17;14.91
6000.00;6300.00;1956.00;12.07;E0_1_2000m;5.00;163;162;22.50;16.40
6000.00;6300.00;1836.00;10.86;E0_0_2100m;5.00;153;154;23.89;13.93
6000.00;6300.00;1872.00;10.46;E0_1_2100m;5.00;156;155;24.82;15.33
6000.00;6300.00;1776.00;9.55;E0_0_2200m;5.00;148;148;25.78;12.93
6000.00;6300.00;1776.00;9.23;E0_1_2200m;5.00;148;148;26.81;14.41
6000.00;6300.00;1692.00;8.49;E0_0_2300m;5.00;141;141;27.71;11.88
6000.00;6300.00;1704.00;8.35;E0_1_2300m;5.00;142;143;28.46;13.66
6000.00;6300.00;1608.00;7.70;E0_0_2400m;5.00;134;134;29.01;11.13
6000.00;6300.00;1632.00;7.64;E0_1_2400m;5.00;136;136;29.68;12.96
6000.00;6300.00;1560.00;7.22;E0_0_2500m;5.00;130;129;29.98;10.77
6000.00;6300.00;1548.00;6.92;E0_1_2500m;5.00;129;129;31.05;12.09
6000.00;6300.00;1500.00;6.76;E0_0_2600m;5.00;125;125;30.84;10.30
6000.00;6300.00;1476.00;6.27;E0_1_2600m;5.00;123;124;32.71;11.02
6000.00;6300.00;1404.00;6.17;E0_0_2700m;5.00;117;117;31.58;9.40
6000.00;6300.00;1392.00;5.63;E0_1_2700m;5.00;116;116;34.36;9.81
6000.00;6300.00;1332.00;5.73;E0_0_2800m;5.00;111;112;32.32;8.48
6000.00;6300.00;1296.00;5.07;E0_1_2800m;5.00;108;108;35.52;8.12
6000.00;6300.00;1320.00;5.43;E0_0_2900m;5.00;110;110;33.78;7.80
6000.00;6300.00;1236.00;4.60;E0_1_2900m;5.00;103;103;37.29;6.46
6000.00;6300.00;1260.00;4.83;E0_0_3000m;5.00;105;105;36.20;6.31
6000.00;6300.00;1176.00;4.85;E0_1_3000m;5.00;98;98;33.66;5.70
6000.00;6300.00;1176.00;5.69;E0_0_3100m;5.00;98;99;28.83;6.23
6000.00;6300.00;1188.00;5.65;E0_1_3100m;5.00;99;99;29.18;6.14
6000.00;6300.00;1140.00;5.50;E0_0_3200m;5.00;95;94;28.69;5.92
6000.00;6300.00;1188.00;5.48;E0_1_3200m;5.00;99;98;30.09;5.92
6000.00;6300.00;1128.00;5.34;E0_0_3300m;5.00;94;94;29.34;5.78
6000.00;6300.00;1164.00;5.34;E0_1_3300m;5.00;97;97;30.26;5.72
6000.00;6300.00;1104.00;5.26;E0_0_3400m;5.00;92;92;29.18;5.71
6000.00;6300.00;1152.00;5.16;E0_1_3400m;5.00;96;96;31.01;5.67
6000.00;6300.00;984.00;6.47;E0_0_3500m;5.00;82;91;24.43;7.94
6000.00;6300.00;1248.00;4.56;E0_1_3500m;5.00;104;104;37.97;7.00
6000.00;6300.00;912.00;14.60;E0_0_3600m;5.00;76;77;8.72;15.44
6000.00;6300.00;1332.00;11.35;E0_1_3600m;5.00;111;111;16.28;12.05
6000.00;6300.00;984.00;13.72;E0_0_3700m;5.00;82;83;10.03;15.42
6000.00;6300.00;1284.00;11.51;E0_1_3700m;5.00;107;111;15.94;12.46
6000.00;6300.00;876.00;16.09;E0_0_3800m;5.00;73;76;7.72;16.29
6000.00;6300.00;1440.00;12.71;E0_1_3800m;5.00;120;123;15.90;13.22
6000.00;6300.00;924.00;16.47;E0_0_3900m;5.00;77;78;7.89;16.60
6000.00;6300.00;1440.00;11.98;E0_1_3900m;5.00;120;122;16.83;13.28
6000.00;6300.00;816.00;17.20;E0_0_4000m;5.00;68;69;6.66;17.31
6000.00;6300.00;1536.00;14.55;E0_1_4000m;5.00;128;130;14.73;15.14
6000.00;6300.00;804.00;23.63;E0_0_4100m;5.00;67;67;4.73;24.30
6000.00;6300.00;1548.00;23.16;E0_1_4100m;5.00;129;130;9.42;24.61
6000.00;6300.00;804.00;25.30;E0_0_4200m;5.00;67;68;4.42;25.88
6000.00;6300.00;1596.00;24.34;E0_1_4200m;5.00;133;133;9.11;26.60
6000.00;6300.00;792.00;25.74;E0_0_4300m;5.00;66;65;4.25;26.04
6000.00;6300.00;1644.00;26.84;E0_1_4300m;5.00;137;137;8.51;27.30
6000.00;6300.00;852.00;24.83;E0_0_4400m;5.00;71;71;4.77;25.53
6000.00;6300.00;1632.00;25.78;E0_1_4400m;5.00;136;135;8.77;26.72
6000.00;6300.00;864.00;23.75;E0_0_4500m;5.00;72;72;5.06;24.93
6000.00;6300.00;1632.00;24.49;E0_1_4500m;5.00;136;137;9.29;26.03
6000.00;6300.00;876.00;24.71;E0_0_4600m;5.00;73;73;4.92;25.18
6000.00;6300.00;1644.00;25.10;E0_1_4600m;5.00;137;137;9.10;25.63
6000.00;6300.00;912.00;24.09;E0_0_4700m;5.00;76;76;5.26;24.70
6000.00;6300.00;1644.00;24.12;E0_1_4700m;5.00;137;138;9.47;24.91
6000.00;6300.00;948.00;23.82;E0_0_4800m;5.00;79;79;5.53;24.40
6000.00;6300.00;1620.00;23.62;E0_1_4800m;5.00;135;138;9.60;24.76
6000.00;6300.00;948.00;24.52;E0_0_4900m;5.00;79;79;5.37;24.93
6000.00;6300.00;1632.00;25.23;E0_1_4900m;5.00;136;137;8.99;25.67
6000.00;6300.00;948.00;25.33;E0_0_5000m;5.00;79;80;5.22;25.58
6000.00;6300.00;1656.00;25.88;E0_1_5000m;5.00;138;138;8.89;26.21
6300.00;6600.00;0.00;-1.00;E0_0_0m;-1.00;0;0;0.00;-1.00
6300.00;6600.00;0.00;-1.00;E0_1_0m;-1.00;0;0;0.00;-1.00
6300.00;6600.00;1776.00;21.39;E0_0_100m;5.00;148;148;11.53;21.42
6300.00;6600.00;2052.00;21.74;E0_1_100m;5.00;171;170;13.10;21.79
6300.00;6600.00;1788.00;26.21;E0_0_200m;5.00;149;149;9.47;26.34
6300.00;6600.00;2064.00;27.50;E0_1_200m;5.00;172;172;10.42;27.61
6300.00;6600.00;1788.00;25.91;E0_0_300m;5.00;149;149;9.58;26.18
6300.00;6600.00;2076.00;28.09;E0_1_300m;5.00;173;174;10.27;28.30
6300.00;6600.00;1776.00;24.78;E0_0_400m;5.00;148;148;9.96;25.22
6300.00;6600.00;2088.00;26.91;E0_1_400m;5.00;174;174;10.78;27.19
6300.00;6600.00;1740.00;22.71;E0_0_500m;5.00;145;145;10.64;23.41
6300.00;6600.00;2100.00;24.49;E0_1_500m;5.00;175;176;11.99;25.23
6300.00;6600.00;1704.00;20.78;E0_0_600m;5.00;142;143;11.42;21.62
6300.00;6600.00;2076.00;21.26;E0_1_600m;5.00;173;173;13.56;22.81
6300.00;6600.00;1704.00;18.08;E0_0_700m;5.00;142;142;13.09;19.33
6300.00;6600.00;2004.00;16.51;E0_1_700m;5.00;167;167;16.86;19.68
6300.00;6600.00;1728.00;14.83;E0_0_800m;5.00;144;144;16.18;16.94
6300.00;6600.00;1884.00;12.48;E0_1_800m;5.00;157;157;20.97;16.61
6300.00;6600.00;1704.00;11.63;E0_0_900m;5.00;142;143;20.47;14.54
6300.00;6600.00;1764.00;9.49;E0_1_900m;5.00;147;148;26.03;14.11
6300.00;6600.00;1644.00;9.48;E0_0_1000m;5.00;137;138;24.32;13.00
6300.00;6600.00;1692.00;8.10;E0_1_1000m;5.00;141;141;29.01;12.82
6300.00;6600.00;1596.00;8.68;E0_0_1100m;5.00;133;133;25.83;12.25
6300.00;6600.00;1608.00;7.29;E0_1_1100m;5.00;134;134;30.63;11.53
6300.00;6600.00;1536.00;7.85;E0_0_1200m;5.00;128;129;27.42;11.03
6300.00;6600.00;1536.00;6.57;E0_1_1200m;5.00;128;128;32.46;10.34
6300.00;6600.00;1500.00;7.17;E0_0_1300m;5.00;125;126;29.36;10.00
6300.00;6600.00;1440.00;5.85;E0_1_1300m;5.00;120;120;34.21;8.96
6300.00;6600.00;1440.00;6.42;E0_0_1400m;5.00;120;120;31.14;8.69
6300.00;6600.00;1380.00;5.36;E0_1_1400m;5.00;115;115;35.75;7.90
6300.00;6600.00;1392.00;5.92;E0_0_1500m;5.00;116;115;32.65;7.86
6300.00;6600.00;1320.00;4.99;E0_1_1500m;5.00;110;110;36.70;7.02
6300.00;6600.00;1356.00;5.53;E0_0_1600m;5.00;113;112;34.00;7.04
6300.00;6600.00;1248.00;4.51;E0_1_1600m;5.00;104;104;38.44;5.68
6300.00;6600.00;1308.00;5.09;E0_0_1700m;5.00;109;109;35.74;5.96
6300.00;6600.00;1188.00;4.12;E0_1_1700m;5.00;99;99;40.01;4.66
6300.00;6600.00;1248.00;4.54;E0_0_1800m;5.00;104;105;38.43;4.67
6300.00;6600.00;1152.00;3.87;E0_1_1800m;5.00;96;95;41.14;4.06
6300.00;6600.00;1224.00;4.31;E0_0_1900m;5.00;102;103;39.52;4.33
6300.00;6600.00;1116.00;3.70;E0_1_1900m;5.00;93;93;42.25;3.78
6300.00;6600.00;1224.00;4.25;E0_0_2000m;5.00;102;102;39.99;4.28
6300.00;6600.00;1116.00;3.67;E0_1_2000m;5.00;93;93;42.28;3.75
6300.00;6600.00;1224.00;4.25;E0_0_2100m;5.00;102;101;39.62;4.28
6300.00;6600.00;1116.00;3.68;E0_1_2100m;5.00;93;93;42.16;3.76
6300.00;6600.00;1212.00;4.25;E0_0_2200m;5.00;101;101;40.09;4.28
6300.00;6600.00;1116.00;3.72;E0_1_2200m;5.00;93;93;41.56;3.80
6300.00;6600.00;1212.00;4.22;E0_0_2300m;5.00;101;100;39.77;4.27
6300.00;6600.00;1116.00;3.76;E0_1_2300m;5.00;93;93;41.49;3.83
6300.00;6600.00;1200.00;4.19;E0_0_2400m;5.00;100;101;39.80;4.24
6300.00;6600.00;1128.00;3.76;E0_1_2400m;5.00;94;94;41.67;3.83
6300.00;6600.00;1200.00;4.15;E0_0_2500m;5.00;100;100;40.16;4.21
6300.00;6600.00;1116.00;3.78;E0_1_2500m;5.00;93;94;41.61;3.85
6300.00;6600.00;1200.00;4.13;E0_0_2600m;5.00;100;100;40.34;4.20
6300.00;6600.00;1116.00;3.75;E0_1_2600m;5.00;93;93;41.46;3.84
6300.00;6600.00;1200.00;4.12;E0_0_2700m;5.00;100;100;40.41;4.20
6300.00;6600.00;1104.00;3.69;E0_1_2700m;5.00;92;92;41.55;3.82
6300.00;6600.00;1200.00;4.10;E0_0_2800m;5.00;100;99;40.63;4.18
6300.00;6600.00;1092.00;3.62;E0_1_2800m;5.00;91;91;41.91;3.77
6300.00;6600.00;1176.00;4.05;E0_0_2900m;5.00;98;99;40.52;4.15
6300.00;6600.00;1080.00;3.59;E0_1_2900m;5.00;90;91;41.87;3.78
6300.00;6600.00;1152.00;4.05;E0_0_3000m;5.00;96;99;42.30;4.57
6300.00;6600.00;1128.00;4.44;E0_1_3000m;5.00;94;94;35.32;4.69
6300.00;6600.00;1164.00;5.37;E0_0_3100m;5.00;97;97;30.02;5.49
6300.00;6600.00;1128.00;5.35;E0_1_3100m;5.00;94;94;29.31;5.47
6300.00;6600.00;1176.00;5.44;E0_0_3200m;5.00;98;98;30.01;5.61
6300.00;6600.00;1128.00;5.38;E0_1_3200m;5.00;94;94;29.12;5.52
6300.00;6600.00;1164.00;5.35;E0_0_3300m;5.00;97;97;30.24;5.56
6300.00;6600.00;1128.00;5.36;E0_1_3300m;5.00;94;94;29.23;5.56
6300.00;6600.00;1164.00;5.47;E0_0_3400m;5.00;97;97;29.55;5.82
6300.00;6600.00;1140.00;5.42;E0_1_3400m;5.00;95;95;29.22;5.81
6300.00;6600.00;1032.00;7.02;E0_0_3500m;5.00;86;94;25.07;8.19
6300.00;6600.00;1248.00;4.74;E0_1_3500m;5.00;104;106;37.49;7.04
6300.00;6600.00;936.00;14.53;E0_0_3600m;5.00;78;80;9.16;16.17
6300.00;6600.00;1380.00;11.45;E0_1_3600m;5.00;115;119;17.08;12.29
6300.00;6600.00;972.00;16.16;E0_0_3700m;5.00;81;81;8.35;16.40
6300.00;6600.00;1344.00;13.10;E0_1_3700m;5.00;112;113;14.34;13.34
6300.00;6600.00;888.00;16.49;E0_0_3800m;5.00;74;77;7.70;16.55
6300.00;6600.00;1428.00;13.49;E0_1_3800m;5.00;119;121;14.75;13.65
6300.00;6600.00;840.00;16.60;E0_0_3900m;5.00;70;71;7.13;16.63
6300.00;6600.00;1452.00;13.57;E0_1_3900m;5.00;121;124;15.06;13.73
6300.00;6600.00;816.00;16.13;E0_0_4000m;5.00;68;71;7.18;16.70
6300.00;6600.00;1536.00;14.10;E0_1_4000m;5.00;128;129;15.18;15.00
6300.00;6600.00;840.00;23.91;E0_0_4100m;5.00;70;71;4.91;24.28
6300.00;6600.00;1524.00;25.07;E0_1_4100m;5.00;127;127;8.44;25.40
6300.00;6600.00;816.00;26.18;E0_0_4200m;5.00;68;68;4.33;26.56
6300.00;6600.00;1512.00;28.16;E0_1_4200m;5.00;126;126;7.46;28.44
6300.00;6600.00;804.00;26.16;E0_0_4300m;5.00;67;67;4.27;26.58
6300.00;6600.00;1464.00;28.24;E0_1_4300m;5.00;122;122;7.20;28.60
6300.00;6600.00;792.00;26.03;E0_0_4400m;5.00;66;68;4.32;26.55
6300.00;6600.00;1428.00;28.13;E0_1_4400m;5.00;119;121;7.07;28.53
6300.00;6600.00;792.00;25.92;E0_0_4500m;5.00;66;67;4.31;26.43
6300.00;6600.00;1452.00;27.77;E0_1_4500m;5.00;121;122;7.28;28.25
6300.00;6600.00;804.00;25.82;E0_0_4600m;5.00;67;69;4.35;26.32
6300.00;6600.00;1428.00;27.31;E0_1_4600m;5.00;119;120;7.27;27.82
6300.00;6600.00;816.00;25.91;E0_0_4700m;5.00;68;69;4.38;26.38
6300.00;6600.00;1428.00;26.95;E0_1_4700m;5.00;119;119;7.36;27.47
6300.00;6600.00;780.00;25.19;E0_0_4800m;5.00;65;65;4.30;25.83
6300.00;6600.00;1476.00;26.79;E0_1_4800m;5.00;123;123;7.62;27.34
6300.00;6600.00;804.00;25.90;E0_0_4900m;5.00;67;67;4.31;26.25
6300.00;6600.00;1488.00;26.92;E0_1_4900m;5.00;124;124;7.68;27.33
6300.00;6600.00;768.00;26.61;E0_0_5000m;5.00;64;64;4.01;26.83
6300.00;6600.00;1512.00;27.50;E0_1_5000m;5.00;126;127;7.65;27.74
6600.00;6900.00;0.00;-1.00;E0_0_0m;-1.00;0;0;0.00;-1.00
6600.00;6900.00;0.00;-1.00;E0_1_0m;-1.00;0;0;0.00;-1.00
6600.00;6900.00;1596.00;7.27;E0_0_100m;5.00;133;134;30.53;10.80
6600.00;6900.00;1500.00;6.69;E0_1_100m;5.00;125;125;31.13;10.92
6600.00;6900.00;1500.00;6.71;E0_0_200m;5.00;125;126;31.22;10.00
6600.00;6900.00;1440.00;6.06;E0_1_200m;5.00;120;120;33.00;9.65
6600.00;6900.00;1428.00;5.94;E0_0_300m;5.00;119;119;33.36;8.18
6600.00;6900.00;1356.00;5.34;E0_1_300m;5.00;113;113;35.30;7.88
6600.00;6900.00;1368.00;5.45;E0_0_400m;5.00;114;114;34.85;7.10
6600.00;6900.00;1272.00;4.77;E0_1_400m;5.00;106;106;37.02;6.26
6600.00;6900.00;1308.00;4.93;E0_0_500m;5.00;109;109;36.86;5.77
6600.00;6900.00;1212.00;4.33;E0_1_500m;5.00;101;101;39.06;5.02
6600.00;6900.00;1260.00;4.57;E0_0_600m;5.00;105;105;38.59;4.93
6600.00;6900.00;1152.00;3.92;E0_1_600m;5.00;96;97;41.31;4.07
6600.00;6900.00;1224.00;4.30;E0_0_700m;5.00;102;102;39.53;4.42
6600.00;6900.00;1116.00;3.70;E0_1_700m;5.00;93;94;42.39;3.75
6600.00;6900.00;1200.00;4.15;E0_0_800m;5.00;100;100;40.15;4.19
6600.00;6900.00;1116.00;3.67;E0_1_800m;5.00;93;93;42.24;3.72
6600.00;6900.00;1188.00;4.12;E0_0_900m;5.00;99;98;39.96;4.15
6600.00;6900.00;1116.00;3.66;E0_1_900m;5.00;93;92;42.20;3.71
6600.00;6900.00;1188.00;4.10;E0_0_1000m;5.00;99;99;40.08;4.13
6600.00;6900.00;1104.00;3.63;E0_1_1000m;5.00;92;93;42.51;3.69
6600.00;6900.00;1188.00;4.08;E0_0_1100m;5.00;99;98;40.13;4.11
6600.00;6900.00;1104.00;3.63;E0_1_1100m;5.00;92;92;42.28;3.69
6600.00;6900.00;1188.00;4.08;E0_0_1200m;5.00;99;99;40.49;4.11
6600.00;6900.00;1092.00;3.61;E0_1_1200m;5.00;91;92;42.37;3.67
6600.00;6900.00;1200.00;4.09;E0_0_1300m;5.00;100;100;40.50;4.12
6600.00;6900.00;1092.00;3.60;E0_1_1300m;5.00;91;92;42.30;3.66
6600.00;6900.00;1200.00;4.08;E0_0_1400m;5.00;100;100;40.82;4.12
6600.00;6900.00;1092.00;3.59;E0_1_1400m;5.00;91;92;42.36;3.64
6600.00;6900.00;1200.00;4.10;E0_0_1500m;5.00;100;100;40.69;4.14
6600.00;6900.00;1092.00;3.56;E0_1_1500m;5.00;91;90;42.57;3.61
6600.00;6900.00;1200.00;4.10;E0_0_1600m;5.00;100;101;40.84;4.14
6600.00;6900.00;1080.00;3.54;E0_1_1600m;5.00;90;90;42.32;3.59
6600.00;6900.00;1200.00;4.10;E0_0_1700m;5.00;100;100;40.99;4.14
6600.00;6900.00;1068.00;3.52;E0_1_1700m;5.00;89;90;42.12;3.57
6600.00;6900.00;1212.00;4.11;E0_0_1800m;5.00;101;100;40.70;4.15
6600.00;6900.00;1068.00;3.51;E0_1_1800m;5.00;89;89;42.25;3.56
6600.00;6900.00;1212.00;4.13;E0_0_1900m;5.00;101;100;40.73;4.17
6600.00;6900.00;1080.00;3.52;E0_1_1900m;5.00;90;89;42.20;3.57
6600.00;6900.00;1212.00;4.17;E0_0_2000m;5.00;101;101;40.40;4.21
6600.00;6900.00;1068.00;3.52;E0_1_2000m;5.00;89;90;42.26;3.58
6600.00;6900.00;1224.00;4.20;E0_0_2100m;5.00;102;102;40.48;4.24
6600.00;6900.00;1080.00;3.54;E0_1_2100m;5.00;90;91;42.41;3.59
6600.00;6900.00;1236.00;4.23;E0_0_2200m;5.00;103;103;40.20;4.27
6600.00;6900.00;1092.00;3.57;E0_1_2200m;5.00;91;90;42.42;3.63
6600.00;6900.00;1236.00;4.28;E0_0_2300m;5.00;103;103;40.14;4.31
6600.00;6900.00;1104.00;3.61;E0_1_2300m;5.00;92;91;42.16;3.67
6600.00;6900.00;1236.00;4.32;E0_0_2400m;5.00;103;103;40.11;4.35
6600.00;6900.00;1104.00;3.65;E0_1_2400m;5.00;92;92;42.00;3.72
6600.00;6900.00;1236.00;4.34;E0_0_2500m;5.00;103;103;39.57;4.36
6600.00;6900.00;1116.00;3.67;E0_1_2500m;5.00;93;93;41.69;3.74
6600.00;6900.00;1236.00;4.37;E0_0_2600m;5.00;103;103;39.29;4.40
6600.00;6900.00;1116.00;3.71;E0_1_2600m;5.00;93;93;42.04;3.77
6600.00;6900.00;1236.00;4.37;E0_0_2700m;5.00;103;103;39.26;4.41
6600.00;6900.00;1128.00;3.76;E0_1_2700m;5.00;94;95;41.82;3.80
6600.00;6900.00;1236.00;4.42;E0_0_2800m;5.00;103;104;39.04;4.46
6600.00;6900.00;1140.00;3.83;E0_1_2800m;5.00;95;96;41.51;3.88
6600.00;6900.00;1260.00;4.48;E0_0_2900m;5.00;105;104;38.91;4.56
6600.00;6900.00;1164.00;3.91;E0_1_2900m;5.00;97;96;41.30;4.00
6600.00;6900.00;1212.00;4.62;E0_0_3000m;5.00;101;106;39.56;5.04
6600.00;6900.00;1200.00;4.60;E0_1_3000m;5.00;100;101;36.60;4.82
6600.00;6900.00;1224.00;5.73;E0_0_3100m;5.00;102;101;29.64;5.89
6600.00;6900.00;1224.00;5.74;E0_1_3100m;5.00;102;102;29.62;5.92
6600.00;6900.00;1224.00;5.81;E0_0_3200m;5.00;102;103;29.43;6.00
6600.00;6900.00;1224.00;5.81;E0_1_3200m;5.00;102;103;29.29;6.01
6600.00;6900.00;1236.00;5.74;E0_0_3300m;5.00;103;103;29.90;5.95
6600.00;6900.00;1236.00;5.76;E0_1_3300m;5.00;103;103;29.82;5.96
6600.00;6900.00;1212.00;5.85;E0_0_3400m;5.00;101;102;28.89;6.22
6600.00;6900.00;1224.00;5.70;E0_1_3400m;5.00;102;102;29.82;6.11
6600.00;6900.00;1128.00;7.15;E0_0_3500m;5.00;94;99;24.89;8.56
6600.00;6900.00;1320.00;5.05;E0_1_3500m;5.00;110;109;35.41;7.17
6600.00;6900.00;1056.00;14.73;E0_0_3600m;5.00;88;91;10.10;15.62
6600.00;6900.00;1392.00;11.37;E0_1_3600m;5.00;116;119;17.23;12.00
6600.00;6900.00;1056.00;15.17;E0_0_3700m;5.00;88;92;9.95;15.86
6600.00;6900.00;1404.00;12.94;E0_1_3700m;5.00;117;123;15.48;13.40
6600.00;6900.00;1056.00;15.68;E0_0_3800m;5.00;88;93;9.58;16.34
6600.00;6900.00;1404.00;12.33;E0_1_3800m;5.00;117;121;16.08;13.09
6600.00;6900.00;948.00;16.53;E0_0_3900m;5.00;79;84;9.28;16.58
6600.00;6900.00;1524.00;12.93;E0_1_3900m;5.00;127;127;16.36;13.47
6600.00;6900.00;840.00;15.77;E0_0_4000m;5.00;70;73;7.52;17.02
6600.00;6900.00;1584.00;13.95;E0_1_4000m;5.00;132;133;15.83;15.49
6600.00;6900.00;780.00;24.70;E0_0_4100m;5.00;65;67;4.40;24.84
6600.00;6900.00;1620.00;25.37;E0_1_4100m;5.00;135;136;8.90;25.56
6600.00;6900.00;780.00;26.92;E0_0_4200m;5.00;65;65;4.02;27.14
6600.00;6900.00;1632.00;28.09;E0_1_4200m;5.00;136;136;8.07;28.34
6600.00;6900.00;816.00;26.60;E0_0_4300m;5.00;68;68;4.26;26.88
6600.00;6900.00;1656.00;27.75;E0_1_4300m;5.00;138;139;8.30;28.06
6600.00;6900.00;864.00;26.27;E0_0_4400m;5.00;72;72;4.57;26.57
6600.00;6900.00;1668.00;27.46;E0_1_4400m;5.00;139;139;8.44;27.80
6600.00;6900.00;852.00;26.02;E0_0_4500m;5.00;71;72;4.61;26.30
6600.00;6900.00;1680.00;26.97;E0_1_4500m;5.00;140;140;8.65;27.45
6600.00;6900.00;804.00;25.65;E0_0_4600m;5.00;67;67;4.35;26.07
6600.00;6900.00;1680.00;26.79;E0_1_4600m;5.00;140;139;8.70;27.23
6600.00;6900.00;816.00;25.78;E0_0_4700m;5.00;68;68;4.40;26.13
6600.00;6900.00;1644.00;26.52;E0_1_4700m;5.00;137;137;8.61;26.98
6600.00;6900.00;804.00;25.03;E0_0_4800m;5.00;67;67;4.46;25.47
6600.00;6900.00;1620.00;26.36;E0_1_4800m;5.00;135;134;8.52;26.80
6600.00;6900.00;780.00;25.27;E0_0_4900m;5.00;65;65;4.29;25.62
6600.00;6900.00;1608.00;25.98;E0_1_4900m;5.00;134;134;8.60;26.42
6600.00;6900.00;792.00;25.84;E0_0_5000m;5.00;66;67;4.29;26.14
6600.00;6900.00;1584.00;26.48;E0_1_5000m;5.00;132;131;8.29;26.85
6900.00;7200.00;0.00;-1.00;E0_0_0m;-1.00;0;0;0.00;-1.00
6900.00;7200.00;0.00;-1.00;E0_1_0m;-1.00;0;0;0.00;-1.00
6900.00;7200.00;1200.00;4.21;E0_0_100m;5.00;100;100;39.60;4.23
6900.00;7200.00;1092.00;3.57;E0_1_100m;5.00;91;91;42.46;3.60
6900.00;7200.00;1212.00;4.22;E0_0_200m;5.00;101;101;39.81;4.23
6900.00;7200.00;1092.00;3.57;E0_1_200m;5.00;91;91;42.51;3.59
6900.00;7200.00;1212.00;4.25;E0_0_300m;5.00;101;102;39.86;4.26
6900.00;7200.00;1104.00;3.59;E0_1_300m;5.00;92;92;42.76;3.61
6900.00;7200.00;1236.00;4.28;E0_0_400m;5.00;103;103;40.09;4.29
6900.00;7200.00;1104.00;3.61;E0_1_400m;5.00;92;93;42.84;3.64
6900.00;7200.00;1224.00;4.33;E0_0_500m;5.00;102;103;39.61;4.34
6900.00;7200.00;1116.00;3.65;E0_1_500m;5.00;93;93;42.24;3.67
6900.00;7200.00;1248.00;4.36;E0_0_600m;5.00;104;103;39.46;4.36
6900.00;7200.00;1128.00;3.69;E0_1_600m;5.00;94;93;41.94;3.71
6900.00;7200.00;1248.00;4.40;E0_0_700m;5.00;104;104;39.42;4.40
6900.00;7200.00;1128.00;3.74;E0_1_700m;5.00;94;94;41.74;3.75
6900.00;7200.00;1248.00;4.43;E0_0_800m;5.00;104;105;39.21;4.43
6900.00;7200.00;1128.00;3.78;E0_1_800m;5.00;94;95;41.55;3.79
6900.00;7200.00;1260.00;4.44;E0_0_900m;5.00;105;106;39.70;4.45
6900.00;7200.00;1140.00;3.81;E0_1_900m;5.00;95;95;41.53;3.82
6900.00;7200.00;1272.00;4.46;E0_0_1000m;5.00;106;105;39.62;4.46
6900.00;7200.00;1140.00;3.85;E0_1_1000m;5.00;95;95;41.18;3.86
6900.00;7200.00;1272.00;4.46;E0_0_1100m;5.00;106;106;39.62;4.46
6900.00;7200.00;1140.00;3.86;E0_1_1100m;5.00;95;95;41.04;3.86
6900.00;7200.00;1272.00;4.45;E0_0_1200m;5.00;106;106;39.43;4.45
6900.00;7200.00;1152.00;3.87;E0_1_1200m;5.00;96;95;41.03;3.87
6900.00;7200.00;1260.00;4.43;E0_0_1300m;5.00;105;105;39.63;4.43
6900.00;7200.00;1152.00;3.87;E0_1_1300m;5.00;96;95;41.15;3.88
6900.00;7200.00;1248.00;4.42;E0_0_1400m;5.00;104;105;39.58;4.42
6900.00;7200.00;1152.00;3.87;E0_1_1400m;5.00;96;95;41.25;3.88
6900.00;7200.00;1260.00;4.41;E0_0_1500m;5.00;105;105;39.69;4.41
6900.00;7200.00;1152.00;3.86;E0_1_1500m;5.00;96;96;41.46;3.86
6900.00;7200.00;1260.00;4.40;E0_0_1600m;5.00;105;104;39.58;4.40
6900.00;7200.00;1140.00;3.86;E0_1_1600m;5.00;95;96;41.28;3.87
6900.00;7200.00;1248.00;4.40;E0_0_1700m;5.00;104;104;39.36;4.40
6900.00;7200.00;1152.00;3.84;E0_1_1700m;5.00;96;96;41.68;3.85
6900.00;7200.00;1248.00;4.41;E0_0_1800m;5.00;104;104;39.34;4.41
6900.00;7200.00;1152.00;3.84;E0_1_1800m;5.00;96;96;41.63;3.85
6900.00;7200.00;1248.00;4.42;E0_0_1900m;5.00;104;104;39.22;4.43
6900.00;7200.00;1140.00;3.85;E0_1_1900m;5.00;95;96;41.42;3.86
6900.00;7200.00;1260.00;4.46;E0_0_2000m;5.00;105;105;39.23;4.48
6900.00;7200.00;1164.00;3.88;E0_1_2000m;5.00;97;96;41.48;3.90
6900.00;7200.00;1260.00;4.51;E0_0_2100m;5.00;105;105;38.82;4.53
6900.00;7200.00;1164.00;3.92;E0_1_2100m;5.00;97;96;41.18;3.95
6900.00;7200.00;1272.00;4.58;E0_0_2200m;5.00;106;105;38.51;4.63
6900.00;7200.00;1176.00;3.98;E0_1_2200m;5.00;98;98;40.99;4.04
6900.00;7200.00;1284.00;4.65;E0_0_2300m;5.00;107;107;38.34;4.72
6900.00;7200.00;1176.00;4.02;E0_1_2300m;5.00;98;98;40.60;4.10
6900.00;7200.00;1308.00;4.73;E0_0_2400m;5.00;109;108;38.02;4.81
6900.00;7200.00;1188.00;4.09;E0_1_2400m;5.00;99;99;40.32;4.19
6900.00;7200.00;1308.00;4.79;E0_0_2500m;5.00;109;110;38.15;4.88
6900.00;7200.00;1200.00;4.15;E0_1_2500m;5.00;100;100;40.29;4.26
6900.00;7200.00;1320.00;4.85;E0_0_2600m;5.00;110;110;37.80;4.94
6900.00;7200.00;1224.00;4.21;E0_1_2600m;5.00;102;101;39.92;4.34
6900.00;7200.00;1332.00;4.90;E0_0_2700m;5.00;111;111;37.79;5.00
6900.00;7200.00;1212.00;4.27;E0_1_2700m;5.00;101;101;39.54;4.42
6900.00;7200.00;1344.00;4.90;E0_0_2800m;5.00;112;111;37.88;5.03
6900.00;7200.00;1224.00;4.31;E0_1_2800m;5.00;102;101;39.24;4.50
6900.00;7200.00;1344.00;4.92;E0_0_2900m;5.00;112;112;37.98;5.09
6900.00;7200.00;1212.00;4.31;E0_1_2900m;5.00;101;101;39.02;4.58
6900.00;7200.00;1332.00;5.05;E0_0_3000m;5.00;111;112;38.07;5.48
6900.00;7200.00;1248.00;4.84;E0_1_3000m;5.00;104;103;35.51;5.09
6900.00;7200.00;1284.00;6.16;E0_0_3100m;5.00;107;108;29.00;6.30
6900.00;7200.00;1272.00;6.15;E0_1_3100m;5.00;106;106;28.75;6.30
6900.00;7200.00;1296.00;6.22;E0_0_3200m;5.00;108;107;28.76;6.38
6900.00;7200.00;1272.00;6.14;E0_1_3200m;5.00;106;106;28.76;6.32
6900.00;7200.00;1284.00;6.15;E0_0_3300m;5.00;107;107;29.02;6.44
6900.00;7200.00;1260.00;6.16;E0_1_3300m;5.00;105;105;28.40;6.47
6900.00;7200.00;1308.00;6.28;E0_0_3400m;5.00;109;108;28.81;6.78
6900.00;7200.00;1272.00;6.31;E0_1_3400m;5.00;106;106;27.98;6.74
6900.00;7200.00;1200.00;7.88;E0_0_3500m;5.00;100;108;23.63;9.47
6900.00;7200.00;1320.00;5.28;E0_1_3500m;5.00;110;110;34.72;8.26
6900.00;7200.00;1032.00;16.02;E0_0_3600m;5.00;86;89;9.18;16.40
6900.00;7200.00;1476.00;12.68;E0_1_3600m;5.00;123;128;16.57;13.23
6900.00;7200.00;1092.00;16.23;E0_0_3700m;5.00;91;91;9.36;16.77
6900.00;7200.00;1440.00;13.04;E0_1_3700m;5.00;120;123;15.62;13.36
6900.00;7200.00;1104.00;16.63;E0_0_3800m;5.00;92;95;9.35;16.85
6900.00;7200.00;1440.00;12.90;E0_1_3800m;5.00;120;125;15.92;13.33
6900.00;7200.00;1056.00;15.69;E0_0_3900m;5.00;88;91;9.64;16.89
6900.00;7200.00;1476.00;12.62;E0_1_3900m;5.00;123;127;16.57;13.24
6900.00;7200.00;972.00;16.95;E0_0_4000m;5.00;81;84;8.11;17.08
6900.00;7200.00;1596.00;14.85;E0_1_4000m;5.00;133;134;14.97;15.53
6900.00;7200.00;972.00;25.21;E0_0_4100m;5.00;81;81;5.35;25.26
6900.00;7200.00;1620.00;25.81;E0_1_4100m;5.00;135;135;8.75;25.90
6900.00;7200.00;972.00;27.51;E0_0_4200m;5.00;81;81;4.91;27.72
6900.00;7200.00;1632.00;28.44;E0_1_4200m;5.00;136;137;7.99;28.68
6900.00;7200.00;996.00;27.07;E0_0_4300m;5.00;83;84;5.11;27.38
6900.00;7200.00;1620.00;28.41;E0_1_4300m;5.00;135;136;7.92;28.80
6900.00;7200.00;972.00;27.40;E0_0_4400m;5.00;81;81;4.93;27.64
6900.00;7200.00;1620.00;28.33;E0_1_4400m;5.00;135;135;7.94;28.68
6900.00;7200.00;972.00;27.03;E0_0_4500m;5.00;81;81;4.99;27.30
6900.00;7200.00;1572.00;27.77;E0_1_4500m;5.00;131;132;7.86;28.13
6900.00;7200.00;984.00;26.69;E0_0_4600m;5.00;82;82;5.12;27.04
6900.00;7200.00;1560.00;27.48;E0_1_4600m;5.00;130;131;7.89;27.83
6900.00;7200.00;936.00;26.56;E0_0_4700m;5.00;78;79;4.94;26.89
6900.00;7200.00;1572.00;27.20;E0_1_4700m;5.00;131;131;8.03;27.62
6900.00;7200.00;912.00;26.55;E0_0_4800m;5.00;76;76;4.77;26.88
6900.00;7200.00;1596.00;26.96;E0_1_4800m;5.00;133;133;8.22;27.32
6900.00;7200.00;936.00;26.69;E0_0_4900m;5.00;78;79;4.91;27.00
6900.00;7200.00;1560.00;26.91;E0_1_4900m;5.00;130;131;8.09;27.21
6900.00;7200.00;924.00;27.13;E0_0_5000m;5.00;77;78;4.77;27.31
6900.00;7200.00;1536.00;27.62;E0_1_5000m;5.00;128;130;7.76;27.77
7200.00;7500.00;0.00;-1.00;E0_0_0m;-1.00;0;0;0.00;-1.00
7200.00;7500.00;0.00;-1.00;E0_1_0m;-1.00;0;0;0.00;-1.00
7200.00;7500.00;1284.00;4.59;E0_0_100m;5.00;107;107;38.82;4.60
7200.00;7500.00;1152.00;3.98;E0_1_100m;5.00;96;96;40.19;3.99
7200.00;7500.00;1284.00;4.60;E0_0_200m;5.00;107;107;38.78;4.61
7200.00;7500.00;1152.00;3.98;E0_1_200m;5.00;96;96;40.20;3.99
7200.00;7500.00;1296.00;4.65;E0_0_300m;5.00;108;107;38.47;4.67
7200.00;7500.00;1152.00;4.02;E0_1_300m;5.00;96;97;40.10;4.04
7200.00;7500.00;1296.00;4.71;E0_0_400m;5.00;108;108;38.23;4.73
7200.00;7500.00;1176.00;4.08;E0_1_400m;5.00;98;97;39.67;4.10
7200.00;7500.00;1308.00;4.75;E0_0_500m;5.00;109;109;38.09;4.78
7200.00;7500.00;1176.00;4.12;E0_1_500m;5.00;98;98;39.61;4.15
7200.00;7500.00;1308.00;4.79;E0_0_600m;5.00;109;109;37.90;4.83
7200.00;7500.00;1188.00;4.16;E0_1_600m;5.00;99;99;39.62;4.20
7200.00;7500.00;1320.00;4.84;E0_0_700m;5.00;110;111;38.00;4.88
7200.00;7500.00;1200.00;4.22;E0_1_700m;5.00;100;99;39.12;4.26
7200.00;7500.00;1332.00;4.88;E0_0_800m;5.00;111;110;37.82;4.93
7200.00;7500.00;1212.00;4.26;E0_1_800m;5.00;101;100;39.40;4.29
7200.00;7500.00;1344.00;4.92;E0_0_900m;5.00;112;111;37.58;4.97
7200.00;7500.00;1212.00;4.27;E0_1_900m;5.00;101;101;39.40;4.31
7200.00;7500.00;1332.00;4.97;E0_0_1000m;5.00;111;112;37.40;5.01
7200.00;7500.00;1224.00;4.30;E0_1_1000m;5.00;102;101;39.22;4.34
7200.00;7500.00;1344.00;5.01;E0_0_1100m;5.00;112;112;37.27;5.05
7200.00;7500.00;1224.00;4.33;E0_1_1100m;5.00;102;103;39.63;4.37
7200.00;7500.00;1344.00;5.03;E0_0_1200m;5.00;112;111;37.08;5.07
7200.00;7500.00;1236.00;4.33;E0_1_1200m;5.00;103;103;39.63;4.37
7200.00;7500.00;1344.00;5.05;E0_0_1300m;5.00;112;112;36.99;5.09
7200.00;7500.00;1236.00;4.33;E0_1_1300m;5.00;103;103;39.62;4.38
7200.00;7500.00;1344.00;5.05;E0_0_1400m;5.00;112;112;36.97;5.09
7200.00;7500.00;1236.00;4.30;E0_1_1400m;5.00;103;103;39.92;4.35
7200.00;7500.00;1344.00;5.05;E0_0_1500m;5.00;112;112;36.97;5.10
7200.00;7500.00;1224.00;4.30;E0_1_1500m;5.00;102;102;39.54;4.35
7200.00;7500.00;1344.00;5.06;E0_0_1600m;5.00;112;112;36.92;5.10
7200.00;7500.00;1236.00;4.32;E0_1_1600m;5.00;103;103;39.75;4.37
7200.00;7500.00;1356.00;5.05;E0_0_1700m;5.00;113;112;37.00;5.10
7200.00;7500.00;1236.00;4.34;E0_1_1700m;5.00;103;103;39.51;4.39
7200.00;7500.00;1344.00;5.04;E0_0_1800m;5.00;112;113;37.19;5.09
7200.00;7500.00;1236.00;4.38;E0_1_1800m;5.00;103;104;39.26;4.43
7200.00;7500.00;1344.00;5.03;E0_0_1900m;5.00;112;113;37.21;5.09
7200.00;7500.00;1248.00;4.41;E0_1_1900m;5.00;104;103;39.04;4.46
7200.00;7500.00;1344.00;4.99;E0_0_2000m;5.00;112;112;37.42;5.06
7200.00;7500.00;1236.00;4.40;E0_1_2000m;5.00;103;104;39.17;4.46
7200.00;7500.00;1344.00;4.94;E0_0_2100m;5.00;112;112;37.80;5.01
7200.00;7500.00;1236.00;4.37;E0_1_2100m;5.00;103;103;39.32;4.42
7200.00;7500.00;1332.00;4.88;E0_0_2200m;5.00;111;111;37.90;4.95
7200.00;7500.00;1224.00;4.32;E0_1_2200m;5.00;102;102;39.34;4.38
7200.00;7500.00;1320.00;4.80;E0_0_2300m;5.00;110;110;38.21;4.87
7200.00;7500.00;1224.00;4.29;E0_1_2300m;5.00;102;102;39.64;4.34
7200.00;7500.00;1308.00;4.70;E0_0_2400m;5.00;109;109;38.68;4.78
7200.00;7500.00;1200.00;4.22;E0_1_2400m;5.00;100;101;39.88;4.27
7200.00;7500.00;1296.00;4.61;E0_0_2500m;5.00;108;108;38.83;4.70
7200.00;7500.00;1200.00;4.16;E0_1_2500m;5.00;100;99;39.91;4.22
7200.00;7500.00;1284.00;4.54;E0_0_2600m;5.00;107;107;39.32;4.65
7200.00;7500.00;1188.00;4.08;E0_1_2600m;5.00;99;99;40.40;4.16
7200.00;7500.00;1272.00;4.52;E0_0_2700m;5.00;106;107;39.38;4.64
7200.00;7500.00;1188.00;4.04;E0_1_2700m;5.00;99;98;40.51;4.14
7200.00;7500.00;1272.00;4.51;E0_0_2800m;5.00;106;106;39.14;4.69
7200.00;7500.00;1164.00;4.00;E0_1_2800m;5.00;97;98;40.73;4.12
7200.00;7500.00;1260.00;4.43;E0_0_2900m;5.00;105;105;39.53;4.66
7200.00;7500.00;1164.00;3.93;E0_1_2900m;5.00;97;98;41.21;4.09
7200.00;7500.00;1200.00;4.27;E0_0_3000m;5.00;100;103;41.37;4.87
7200.00;7500.00;1200.00;4.82;E0_1_3000m;5.00;100;100;34.59;4.94
7200.00;7500.00;1188.00;5.48;E0_0_3100m;5.00;99;99;30.20;5.58
7200.00;7500.00;1188.00;5.49;E0_1_3100m;5.00;99;100;30.20;5.58
7200.00;7500.00;1176.00;5.41;E0_0_3200m;5.00;98;99;30.25;5.54
7200.00;7500.00;1188.00;5.43;E0_1_3200m;5.00;99;99;30.38;5.55
7200.00;7500.00;1164.00;5.45;E0_0_3300m;5.00;97;98;29.76;5.63
7200.00;7500.00;1176.00;5.42;E0_1_3300m;5.00;98;98;30.11;5.61
7200.00;7500.00;1176.00;5.48;E0_0_3400m;5.00;98;98;29.79;5.86
7200.00;7500.00;1176.00;5.43;E0_1_3400m;5.00;98;98;30.09;5.80
7200.00;7500.00;1032.00;8.01;E0_0_3500m;5.00;86;98;24.41;9.16
7200.00;7500.00;1404.00;5.73;E0_1_3500m;5.00;117;117;34.06;7.81
7200.00;7500.00;1056.00;13.33;E0_0_3600m;5.00;88;92;12.37;14.93
7200.00;7500.00;1344.00;10.62;E0_1_3600m;5.00;112;114;17.63;12.01
7200.00;7500.00;1044.00;15.82;E0_0_3700m;5.00;87;90;9.37;16.04
7200.00;7500.00;1296.00;12.85;E0_1_3700m;5.00;108;111;14.15;13.37
7200.00;7500.00;984.00;16.31;E0_0_3800m;5.00;82;83;8.45;16.48
7200.00;7500.00;1344.00;12.60;E0_1_3800m;5.00;112;114;14.96;13.32
7200.00;7500.00;996.00;15.87;E0_0_3900m;5.00;83;86;8.95;16.41
7200.00;7500.00;1392.00;12.82;E0_1_3900m;5.00;116;122;15.37;13.59
7200.00;7500.00;924.00;17.45;E0_0_4000m;5.00;77;79;7.49;17.82
7200.00;7500.00;1416.00;15.13;E0_1_4000m;5.00;118;122;13.25;15.76
7200.00;7500.00;852.00;25.25;E0_0_4100m;5.00;71;71;4.69;25.33
7200.00;7500.00;1452.00;26.14;E0_1_4100m;5.00;121;120;7.65;26.22
7200.00;7500.00;852.00;27.75;E0_0_4200m;5.00;71;71;4.26;27.92
7200.00;7500.00;1428.00;29.22;E0_1_4200m;5.00;119;118;6.77;29.36
7200.00;7500.00;852.00;27.79;E0_0_4300m;5.00;71;71;4.26;27.97
7200.00;7500.00;1368.00;29.71;E0_1_4300m;5.00;114;115;6.41;29.92
7200.00;7500.00;876.00;27.69;E0_0_4400m;5.00;73;73;4.39;27.88
7200.00;7500.00;1380.00;29.67;E0_1_4400m;5.00;115;116;6.48;29.87
7200.00;7500.00;864.00;27.43;E0_0_4500m;5.00;72;72;4.38;27.69
7200.00;7500.00;1440.00;29.55;E0_1_4500m;5.00;120;119;6.77;29.79
7200.00;7500.00;900.00;27.51;E0_0_4600m;5.00;75;75;4.54;27.70
7200.00;7500.00;1464.00;29.40;E0_1_4600m;5.00;122;122;6.92;29.60
7200.00;7500.00;924.00;27.64;E0_0_4700m;5.00;77;77;4.64;27.89
7200.00;7500.00;1476.00;29.23;E0_1_4700m;5.00;123;124;7.07;29.38
7200.00;7500.00;924.00;27.19;E0_0_4800m;5.00;77;77;4.72;27.37
7200.00;7500.00;1500.00;28.94;E0_1_4800m;5.00;125;125;7.20;29.11
7200.00;7500.00;924.00;27.27;E0_0_4900m;5.00;77;76;4.67;27.43
7200.00;7500.00;1536.00;28.79;E0_1_4900m;5.00;128;128;7.41;28.93
7200.00;7500.00;984.00;27.24;E0_0_5000m;5.00;82;83;5.05;27.43
7200.00;7500.00;1464.00;28.74;E0_1_5000m;5.00;122;121;7.06;28.91
7500.00;7800.00;0.00;-1.00;E0_0_0m;-1.00;0;0;0.00;-1.00
7500.00;7800.00;0.00;-1.00;E0_1_0m;-1.00;0;0;0.00;-1.00
7500.00;7800.00;1308.00;4.90;E0_0_100m;5.00;109;109;37.09;4.94
7500.00;7800.00;1212.00;4.37;E0_1_100m;5.00;101;102;38.84;4.38
7500.00;7800.00;1308.00;4.85;E0_0_200m;5.00;109;108;37.40;4.89
7500.00;7800.00;1224.00;4.31;E0_1_200m;5.00;102;102;39.47;4.33
7500.00;7800.00;1296.00;4.80;E0_0_300m;5.00;108;109;37.57;4.84
7500.00;7800.00;1224.00;4.28;E0_1_300m;5.00;102;101;39.33;4.30
7500.00;7800.00;1284.00;4.75;E0_0_400m;5.00;107;108;37.73;4.79
7500.00;7800.00;1212.00;4.24;E0_1_400m;5.00;101;101;39.74;4.25
7500.00;7800.00;1296.00;4.69;E0_0_500m;5.00;108;107;38.22;4.73
7500.00;7800.00;1212.00;4.19;E0_1_500m;5.00;101;100;40.13;4.21
7500.00;7800.00;1284.00;4.62;E0_0_600m;5.00;107;107;38.57;4.66
7500.00;7800.00;1188.00;4.13;E0_1_600m;5.00;99;100;40.08;4.14
7500.00;7800.00;1272.00;4.56;E0_0_700m;5.00;106;105;38.67;4.59
7500.00;7800.00;1188.00;4.08;E0_1_700m;5.00;99;99;40.40;4.10
7500.00;7800.00;1260.00;4.52;E0_0_800m;5.00;105;105;38.75;4.54
7500.00;7800.00;1176.00;4.05;E0_1_800m;5.00;98;98;40.33;4.06
7500.00;7800.00;1248.00;4.48;E0_0_900m;5.00;104;105;39.00;4.50
7500.00;7800.00;1176.00;4.02;E0_1_900m;5.00;98;98;40.60;4.03
7500.00;7800.00;1260.00;4.45;E0_0_1000m;5.00;105;104;39.16;4.46
7500.00;7800.00;1176.00;4.00;E0_1_1000m;5.00;98;98;40.81;4.01
7500.00;7800.00;1260.00;4.43;E0_0_1100m;5.00;105;105;39.48;4.44
7500.00;7800.00;1164.00;3.98;E0_1_1100m;5.00;97;97;40.62;3.99
7500.00;7800.00;1260.00;4.43;E0_0_1200m;5.00;105;105;39.52;4.44
7500.00;7800.00;1152.00;3.97;E0_1_1200m;5.00;96;97;40.58;3.98
7500.00;7800.00;1260.00;4.44;E0_0_1300m;5.00;105;105;39.42;4.45
7500.00;7800.00;1152.00;3.98;E0_1_1300m;5.00;96;97;40.38;3.99
7500.00;7800.00;1272.00;4.46;E0_0_1400m;5.00;106;105;39.31;4.47
7500.00;7800.00;1152.00;4.00;E0_1_1400m;5.00;96;96;40.00;4.01
7500.00;7800.00;1260.00;4.47;E0_0_1500m;5.00;105;106;39.29;4.48
7500.00;7800.00;1164.00;4.02;E0_1_1500m;5.00;97;97;40.25;4.03
7500.00;7800.00;1260.00;4.49;E0_0_1600m;5.00;105;106;39.24;4.50
7500.00;7800.00;1164.00;4.01;E0_1_1600m;5.00;97;96;40.07;4.02
7500.00;7800.00;1272.00;4.50;E0_0_1700m;5.00;106;106;39.23;4.52
7500.00;7800.00;1164.00;4.00;E0_1_1700m;5.00;97;96;40.37;4.01
7500.00;7800.00;1272.00;4.52;E0_0_1800m;5.00;106;105;38.96;4.54
7500.00;7800.00;1152.00;3.99;E0_1_1800m;5.00;96;96;40.39;4.00
7500.00;7800.00;1272.00;4.53;E0_0_1900m;5.00;106;106;39.09;4.56
7500.00;7800.00;1152.00;3.97;E0_1_1900m;5.00;96;97;40.47;3.98
7500.00;7800.00;1272.00;4.55;E0_0_2000m;5.00;106;106;38.81;4.58
7500.00;7800.00;1152.00;3.95;E0_1_2000m;5.00;96;95;40.31;3.96
7500.00;7800.00;1284.00;4.59;E0_0_2100m;5.00;107;107;38.88;4.61
7500.00;7800.00;1152.00;3.95;E0_1_2100m;5.00;96;96;40.50;3.96
7500.00;7800.00;1284.00;4.63;E0_0_2200m;5.00;107;107;38.52;4.66
7500.00;7800.00;1152.00;3.93;E0_1_2200m;5.00;96;96;40.68;3.94
7500.00;7800.00;1296.00;4.68;E0_0_2300m;5.00;108;108;38.48;4.72
7500.00;7800.00;1152.00;3.93;E0_1_2300m;5.00;96;96;40.75;3.94
7500.00;7800.00;1296.00;4.75;E0_0_2400m;5.00;108;109;38.11;4.78
7500.00;7800.00;1164.00;3.93;E0_1_2400m;5.00;97;97;40.81;3.95
7500.00;7800.00;1320.00;4.83;E0_0_2500m;5.00;110;109;37.96;4.85
7500.00;7800.00;1164.00;3.94;E0_1_2500m;5.00;97;97;41.05;3.95
7500.00;7800.00;1308.00;4.86;E0_0_2600m;5.00;109;110;37.80;4.88
7500.00;7800.00;1152.00;3.91;E0_1_2600m;5.00;96;96;40.96;3.94
7500.00;7800.00;1308.00;4.81;E0_0_2700m;5.00;109;109;37.69;4.85
7500.00;7800.00;1140.00;3.81;E0_1_2700m;5.00;95;95;41.58;3.91
7500.00;7800.00;1296.00;4.76;E0_0_2800m;5.00;108;108;37.82;4.82
7500.00;7800.00;1140.00;3.74;E0_1_2800m;5.00;95;94;42.09;3.89
7500.00;7800.00;1296.00;4.74;E0_0_2900m;5.00;108;108;37.94;4.85
7500.00;7800.00;1128.00;3.71;E0_1_2900m;5.00;94;93;42.26;3.92
7500.00;7800.00;1236.00;4.96;E0_0_3000m;5.00;103;108;38.72;5.33
7500.00;7800.00;1164.00;4.44;E0_1_3000m;5.00;97;97;36.43;4.75
7500.00;7800.00;1200.00;5.73;E0_0_3100m;5.00;100;100;29.05;5.80
7500.00;7800.00;1212.00;5.75;E0_1_3100m;5.00;101;101;29.24;5.82
7500.00;7800.00;1200.00;5.66;E0_0_3200m;5.00;100;99;29.36;5.74
7500.00;7800.00;1212.00;5.66;E0_1_3200m;5.00;101;101;29.73;5.74
7500.00;7800.00;1236.00;5.72;E0_0_3300m;5.00;103;102;29.92;5.84
7500.00;7800.00;1224.00;5.71;E0_1_3300m;5.00;102;103;29.99;5.84
7500.00;7800.00;1248.00;5.69;E0_0_3400m;5.00;104;105;30.65;5.98
7500.00;7800.00;1236.00;5.72;E0_1_3400m;5.00;103;103;30.01;6.03
7500.00;7800.00;1128.00;7.68;E0_0_3500m;5.00;94;102;23.72;9.04
7500.00;7800.00;1368.00;5.04;E0_1_3500m;5.00;114;115;37.76;7.53
7500.00;7800.00;1092.00;13.52;E0_0_3600m;5.00;91;92;11.25;14.98
7500.00;7800.00;1404.00;10.56;E0_1_3600m;5.00;117;118;18.52;11.72
7500.00;7800.00;1164.00;16.50;E0_0_3700m;5.00;97;97;9.80;16.59
7500.00;7800.00;1392.00;13.21;E0_1_3700m;5.00;116;117;14.74;13.28
7500.00;7800.00;1080.00;16.20;E0_0_3800m;5.00;90;90;9.26;16.70
7500.00;7800.00;1416.00;13.06;E0_1_3800m;5.00;118;120;15.24;13.53
7500.00;7800.00;996.00;16.68;E0_0_3900m;5.00;83;85;8.46;16.74
7500.00;7800.00;1404.00;13.52;E0_1_3900m;5.00;117;119;14.52;13.75
7500.00;7800.00;876.00;17.53;E0_0_4000m;5.00;73;78;7.19;17.77
7500.00;7800.00;1524.00;15.16;E0_1_4000m;5.00;127;131;14.20;15.96
7500.00;7800.00;816.00;25.34;E0_0_4100m;5.00;68;68;4.47;25.42
7500.00;7800.00;1632.00;25.97;E0_1_4100m;5.00;136;137;8.77;26.07
7500.00;7800.00;828.00;27.60;E0_0_4200m;5.00;69;70;4.23;27.75
7500.00;7800.00;1632.00;29.08;E0_1_4200m;5.00;136;138;7.86;29.30
7500.00;7800.00;924.00;27.57;E0_0_4300m;5.00;77;77;4.65;27.78
7500.00;7800.00;1584.00;29.28;E0_1_4300m;5.00;132;132;7.52;29.57
7500.00;7800.00;912.00;27.59;E0_0_4400m;5.00;76;77;4.59;27.76
7500.00;7800.00;1572.00;28.96;E0_1_4400m;5.00;131;132;7.58;29.33
7500.00;7800.00;924.00;27.26;E0_0_4500m;5.00;77;78;4.74;27.43
7500.00;7800.00;1548.00;28.82;E0_1_4500m;5.00;129;130;7.48;29.09
7500.00;7800.00;900.00;27.20;E0_0_4600m;5.00;75;76;4.61;27.39
7500.00;7800.00;1536.00;28.52;E0_1_4600m;5.00;128;129;7.53;28.81
7500.00;7800.00;888.00;27.05;E0_0_4700m;5.00;74;74;4.56;27.21
7500.00;7800.00;1548.00;28.42;E0_1_4700m;5.00;129;129;7.56;28.68
7500.00;7800.00;912.00;26.98;E0_0_4800m;5.00;76;76;4.69;27.15
7500.00;7800.00;1548.00;28.25;E0_1_4800m;5.00;129;129;7.61;28.52
7500.00;7800.00;888.00;27.11;E0_0_4900m;5.00;74;74;4.55;27.26
7500.00;7800.00;1584.00;28.12;E0_1_4900m;5.00;132;132;7.82;28.34
7500.00;7800.00;888.00;27.42;E0_0_5000m;5.00;74;74;4.50;27.54
7500.00;7800.00;1596.00;28.34;E0_1_5000m;5.00;133;133;7.82;28.51
