interval_begin;interval_end;interval_flow;interval_harmonicMeanSpeed;interval_id;interval_length;interval_nVehContrib;interval_nVehEntered;interval_occupancy;interval_speed
0.00;300.00;0.00;-1.00;E0_0_0m;-1.00;0;0;0.00;-1.00
0.00;300.00;0.00;-1.00;E0_1_0m;-1.00;0;0;0.00;-1.00
0.00;300.00;1740.00;27.54;E0_0_100m;5.00;145;146;8.82;27.78
0.00;300.00;1992.00;28.75;E0_1_100m;5.00;166;166;9.62;28.95
0.00;300.00;1788.00;27.06;E0_0_200m;5.00;149;149;9.18;27.36
0.00;300.00;1884.00;29.02;E0_1_200m;5.00;157;157;9.02;29.24
0.00;300.00;1740.00;27.03;E0_0_300m;5.00;145;145;8.94;27.30
0.00;300.00;1860.00;28.91;E0_1_300m;5.00;155;156;8.97;29.15
0.00;300.00;1668.00;27.00;E0_0_400m;5.00;139;139;8.58;27.24
0.00;300.00;1872.00;28.74;E0_1_400m;5.00;156;156;9.05;28.97
0.00;300.00;1632.00;27.00;E0_0_500m;5.00;136;136;8.39;27.26
0.00;300.00;1836.00;28.62;E0_1_500m;5.00;153;154;8.97;28.85
0.00;300.00;1584.00;26.75;E0_0_600m;5.00;132;133;8.26;26.95
0.00;300.00;1812.00;28.53;E0_1_600m;5.00;151;151;8.82;28.74
0.00;300.00;1536.00;26.65;E0_0_700m;5.00;128;129;8.06;26.86
0.00;300.00;1800.00;28.50;E0_1_700m;5.00;150;150;8.77;28.70
0.00;300.00;1476.00;26.57;E0_0_800m;5.00;123;123;7.71;26.78
0.00;300.00;1788.00;28.48;E0_1_800m;5.00;149;149;8.72;28.64
0.00;300.00;1440.00;26.56;E0_0_900m;5.00;120;120;7.53;26.75
0.00;300.00;1764.00;28.47;E0_1_900m;5.00;147;147;8.61;28.63
0.00;300.00;1416.00;26.47;E0_0_1000m;5.00;118;118;7.43;26.66
0.00;300.00;1728.00;28.54;E0_1_1000m;5.00;144;144;8.41;28.68
0.00;300.00;1416.00;26.35;E0_0_1100m;5.00;118;118;7.46;26.56
0.00;300.00;1728.00;28.44;E0_1_1100m;5.00;144;144;8.44;28.58
0.00;300.00;1428.00;26.34;E0_0_1200m;5.00;119;119;7.53;26.55
0.00;300.00;1704.00;28.37;E0_1_1200m;5.00;142;142;8.34;28.52
0.00;300.00;1404.00;26.26;E0_0_1300m;5.00;117;117;7.43;26.47
0.00;300.00;1680.00;28.30;E0_1_1300m;5.00;140;140;8.25;28.43
0.00;300.00;1392.00;26.26;E0_0_1400m;5.00;116;116;7.36;26.47
0.00;300.00;1632.00;28.28;E0_1_1400m;5.00;136;137;8.02;28.42
0.00;300.00;1368.00;26.32;E0_0_1500m;5.00;114;114;7.22;26.55
0.00;300.00;1632.00;28.24;E0_1_1500m;5.00;136;137;8.07;28.39
0.00;300.00;1368.00;26.19;E0_0_1600m;5.00;114;114;7.26;26.42
0.00;300.00;1596.00;28.16;E0_1_1600m;5.00;133;133;7.87;28.31
0.00;300.00;1344.00;26.07;E0_0_1700m;5.00;112;112;7.16;26.30
0.00;300.00;1572.00;28.02;E0_1_1700m;5.00;131;131;7.79;28.17
0.00;300.00;1296.00;25.99;E0_0_1800m;5.00;108;108;6.93;26.21
0.00;300.00;1548.00;27.95;E0_1_1800m;5.00;129;129;7.69;28.10
0.00;300.00;1272.00;25.85;E0_0_1900m;5.00;106;106;6.83;26.08
0.00;300.00;1536.00;27.98;E0_1_1900m;5.00;128;128;7.62;28.13
0.00;300.00;1248.00;25.85;E0_0_2000m;5.00;104;104;6.71;26.08
0.00;300.00;1500.00;28.14;E0_1_2000m;5.00;125;126;7.45;28.31
0.00;300.00;1272.00;26.09;E0_0_2100m;5.00;106;106;6.77;26.31
0.00;300.00;1476.00;28.15;E0_1_2100m;5.00;123;123;7.28;28.35
0.00;300.00;1248.00;26.10;E0_0_2200m;5.00;104;104;6.64;26.31
0.00;300.00;1452.00;28.14;E0_1_2200m;5.00;121;122;7.18;28.32
0.00;300.00;1224.00;26.12;E0_0_2300m;5.00;102;102;6.51;26.33
0.00;300.00;1404.00;28.13;E0_1_2300m;5.00;117;118;6.98;28.30
0.00;300.00;1188.00;26.05;E0_0_2400m;5.00;99;99;6.33;26.24
0.00;300.00;1404.00;28.15;E0_1_2400m;5.00;117;117;6.93;28.32
0.00;300.00;1188.00;25.96;E0_0_2500m;5.00;99;99;6.36;26.14
0.00;300.00;1404.00;28.15;E0_1_2500m;5.00;117;117;6.93;28.33
0.00;300.00;1128.00;26.01;E0_0_2600m;5.00;94;94;6.02;26.21
0.00;300.00;1416.00;28.13;E0_1_2600m;5.00;118;118;6.99;28.30
0.00;300.00;1092.00;26.09;E0_0_2700m;5.00;91;91;5.81;26.28
0.00;300.00;1380.00;28.09;E0_1_2700m;5.00;115;116;6.84;28.27
0.00;300.00;1080.00;26.11;E0_0_2800m;5.00;90;91;5.76;26.28
0.00;300.00;1356.00;27.95;E0_1_2800m;5.00;113;113;6.74;28.14
0.00;300.00;1092.00;26.13;E0_0_2900m;5.00;91;91;5.80;26.30
0.00;300.00;1332.00;27.90;E0_1_2900m;5.00;111;111;6.63;28.09
0.00;300.00;1080.00;26.08;E0_0_3000m;5.00;90;90;5.75;26.24
0.00;300.00;1308.00;27.82;E0_1_3000m;5.00;109;109;6.53;28.01
0.00;300.00;1032.00;26.15;E0_0_3100m;5.00;86;86;5.48;26.31
0.00;300.00;1296.00;27.72;E0_1_3100m;5.00;108;108;6.49;27.91
0.00;300.00;972.00;26.17;E0_0_3200m;5.00;81;81;5.16;26.34
0.00;300.00;1284.00;27.65;E0_1_3200m;5.00;107;107;6.45;27.84
0.00;300.00;960.00;25.96;E0_0_3300m;5.00;80;80;5.14;26.13
0.00;300.00;1248.00;27.59;E0_1_3300m;5.00;104;104;6.28;27.79
0.00;300.00;984.00;25.91;E0_0_3400m;5.00;82;82;5.27;26.11
0.00;300.00;1200.00;27.55;E0_1_3400m;5.00;100;100;6.05;27.75
0.00;300.00;996.00;25.92;E0_0_3500m;5.00;83;83;5.34;26.13
0.00;300.00;1140.00;27.51;E0_1_3500m;5.00;95;95;5.76;27.72
0.00;300.00;972.00;25.92;E0_0_3600m;5.00;81;81;5.21;26.14
0.00;300.00;1104.00;27.49;E0_1_3600m;5.00;92;92;5.58;27.72
0.00;300.00;960.00;25.77;E0_0_3700m;5.00;80;80;5.17;26.00
0.00;300.00;1068.00;27.49;E0_1_3700m;5.00;89;89;5.40;27.72
0.00;300.00;948.00;25.70;E0_0_3800m;5.00;79;79;5.12;25.95
0.00;300.00;1056.00;27.46;E0_1_3800m;5.00;88;88;5.34;27.69
0.00;300.00;936.00;25.76;E0_0_3900m;5.00;78;78;5.05;26.03
0.00;300.00;1008.00;27.52;E0_1_3900m;5.00;84;84;5.09;27.73
0.00;300.00;924.00;25.79;E0_0_4000m;5.00;77;77;4.98;26.07
0.00;300.00;960.00;27.62;E0_1_4000m;5.00;80;80;4.83;27.83
0.00;300.00;876.00;25.80;E0_0_4100m;5.00;73;73;4.72;26.08
0.00;300.00;936.00;27.80;E0_1_4100m;5.00;78;78;4.68;28.02
0.00;300.00;828.00;25.82;E0_0_4200m;5.00;69;70;4.48;26.13
0.00;300.00;912.00;28.02;E0_1_4200m;5.00;76;76;4.52;28.25
0.00;300.00;828.00;25.95;E0_0_4300m;5.00;69;70;4.49;26.28
0.00;300.00;840.00;28.32;E0_1_4300m;5.00;70;70;4.12;28.58
0.00;300.00;804.00;25.99;E0_0_4400m;5.00;67;67;4.30;26.32
0.00;300.00;816.00;28.49;E0_1_4400m;5.00;68;68;3.98;28.74
0.00;300.00;756.00;25.99;E0_0_4500m;5.00;63;63;4.04;26.34
0.00;300.00;804.00;28.70;E0_1_4500m;5.00;67;67;3.89;28.94
0.00;300.00;720.00;26.05;E0_0_4600m;5.00;60;60;3.84;26.42
0.00;300.00;780.00;28.81;E0_1_4600m;5.00;65;66;3.80;29.06
0.00;300.00;696.00;26.15;E0_0_4700m;5.00;58;58;3.70;26.53
0.00;300.00;744.00;29.18;E0_1_4700m;5.00;62;62;3.54;29.41
0.00;300.00;648.00;26.09;E0_0_4800m;5.00;54;54;3.45;26.49
0.00;300.00;732.00;29.48;E0_1_4800m;5.00;61;61;3.45;29.68
0.00;300.00;624.00;26.10;E0_0_4900m;5.00;52;52;3.32;26.51
0.00;300.00;696.00;29.63;E0_1_4900m;5.00;58;58;3.26;29.80
0.00;300.00;588.00;26.17;E0_0_5000m;5.00;49;49;3.12;26.60
0.00;300.00;672.00;29.61;E0_1_5000m;5.00;56;56;3.15;29.72
300.00;600.00;0.00;-1.00;E0_0_0m;-1.00;0;0;0.00;-1.00
300.00;600.00;0.00;-1.00;E0_1_0m;-1.00;0;0;0.00;-1.00
300.00;600.00;1932.00;26.59;E0_0_100m;5.00;161;161;10.07;26.73
300.00;600.00;2172.00;27.84;E0_1_100m;5.00;181;181;10.84;27.95
300.00;600.00;1944.00;26.62;E0_0_200m;5.00;162;162;10.14;26.77
300.00;600.00;2184.00;28.05;E0_1_200m;5.00;182;182;10.81;28.21
300.00;600.00;1956.00;26.45;E0_0_300m;5.00;163;163;10.27;26.61
300.00;600.00;2220.00;27.91;E0_1_300m;5.00;185;185;11.05;28.07
300.00;600.00;1956.00;26.36;E0_0_400m;5.00;163;163;10.31;26.51
300.00;600.00;2232.00;27.75;E0_1_400m;5.00;186;186;11.17;27.90
300.00;600.00;1980.00;26.20;E0_0_500m;5.00;165;165;10.50;26.34
300.00;600.00;2232.00;27.58;E0_1_500m;5.00;186;186;11.24;27.73
300.00;600.00;1980.00;26.08;E0_0_600m;5.00;165;164;10.51;26.28
300.00;600.00;2232.00;27.49;E0_1_600m;5.00;186;187;11.34;27.65
300.00;600.00;1944.00;25.93;E0_0_700m;5.00;162;162;10.41;26.06
300.00;600.00;2268.00;27.33;E0_1_700m;5.00;189;189;11.52;27.50
300.00;600.00;1968.00;25.78;E0_0_800m;5.00;164;164;10.60;25.92
300.00;600.00;2280.00;27.23;E0_1_800m;5.00;190;191;11.63;27.40
300.00;600.00;1956.00;25.81;E0_0_900m;5.00;163;163;10.53;25.92
300.00;600.00;2280.00;27.11;E0_1_900m;5.00;190;190;11.68;27.29
300.00;600.00;1944.00;25.61;E0_0_1000m;5.00;162;162;10.54;25.73
300.00;600.00;2292.00;26.95;E0_1_1000m;5.00;191;191;11.81;27.13
300.00;600.00;1920.00;25.57;E0_0_1100m;5.00;160;160;10.43;25.70
300.00;600.00;2244.00;26.83;E0_1_1100m;5.00;187;188;11.64;27.01
300.00;600.00;1896.00;25.49;E0_0_1200m;5.00;158;158;10.33;25.61
300.00;600.00;2220.00;26.70;E0_1_1200m;5.00;185;185;11.55;26.88
300.00;600.00;1884.00;25.57;E0_0_1300m;5.00;157;157;10.23;25.69
300.00;600.00;2220.00;26.60;E0_1_1300m;5.00;185;185;11.59;26.78
300.00;600.00;1872.00;25.61;E0_0_1400m;5.00;156;156;10.15;25.72
300.00;600.00;2232.00;26.60;E0_1_1400m;5.00;186;185;11.65;26.78
300.00;600.00;1860.00;25.56;E0_0_1500m;5.00;155;156;10.14;25.68
300.00;600.00;2208.00;26.62;E0_1_1500m;5.00;184;184;11.52;26.80
300.00;600.00;1836.00;25.46;E0_0_1600m;5.00;153;153;10.02;25.57
300.00;600.00;2208.00;26.71;E0_1_1600m;5.00;184;185;11.53;26.89
300.00;600.00;1824.00;25.41;E0_0_1700m;5.00;152;152;9.97;25.52
300.00;600.00;2208.00;26.67;E0_1_1700m;5.00;184;184;11.50;26.86
300.00;600.00;1824.00;25.33;E0_0_1800m;5.00;152;152;10.00;25.44
300.00;600.00;2208.00;26.56;E0_1_1800m;5.00;184;184;11.55;26.74
300.00;600.00;1800.00;25.29;E0_0_1900m;5.00;150;151;9.90;25.40
300.00;600.00;2196.00;26.44;E0_1_1900m;5.00;183;184;11.58;26.62
300.00;600.00;1800.00;25.13;E0_0_2000m;5.00;150;150;9.95;25.22
300.00;600.00;2208.00;26.31;E0_1_2000m;5.00;184;183;11.61;26.48
300.00;600.00;1776.00;24.99;E0_0_2100m;5.00;148;148;9.87;25.08
300.00;600.00;2172.00;26.10;E0_1_2100m;5.00;181;181;11.56;26.25
300.00;600.00;1764.00;24.81;E0_0_2200m;5.00;147;147;9.87;24.91
300.00;600.00;2160.00;25.89;E0_1_2200m;5.00;180;179;11.57;26.02
300.00;600.00;1752.00;24.66;E0_0_2300m;5.00;146;146;9.87;24.74
300.00;600.00;2184.00;25.73;E0_1_2300m;5.00;182;181;11.74;25.84
300.00;600.00;1764.00;24.53;E0_0_2400m;5.00;147;147;9.99;24.62
300.00;600.00;2184.00;25.66;E0_1_2400m;5.00;182;182;11.82;25.77
300.00;600.00;1764.00;24.51;E0_0_2500m;5.00;147;147;9.99;24.60
300.00;600.00;2172.00;25.67;E0_1_2500m;5.00;181;181;11.75;25.79
300.00;600.00;1776.00;24.47;E0_0_2600m;5.00;148;148;10.08;24.55
300.00;600.00;2148.00;25.74;E0_1_2600m;5.00;179;179;11.59;25.88
300.00;600.00;1776.00;24.36;E0_0_2700m;5.00;148;148;10.13;24.44
300.00;600.00;2148.00;25.73;E0_1_2700m;5.00;179;178;11.58;25.87
300.00;600.00;1788.00;24.36;E0_0_2800m;5.00;149;148;10.18;24.44
300.00;600.00;2148.00;25.73;E0_1_2800m;5.00;179;179;11.59;25.89
300.00;600.00;1716.00;24.34;E0_0_2900m;5.00;143;143;9.79;24.41
300.00;600.00;2184.00;25.73;E0_1_2900m;5.00;182;182;11.79;25.89
300.00;600.00;1704.00;24.29;E0_0_3000m;5.00;142;142;9.74;24.36
300.00;600.00;2172.00;25.76;E0_1_3000m;5.00;181;181;11.71;25.92
300.00;600.00;1692.00;24.29;E0_0_3100m;5.00;141;141;9.67;24.36
300.00;600.00;2172.00;25.80;E0_1_3100m;5.00;181;181;11.69;25.96
300.00;600.00;1704.00;24.32;E0_0_3200m;5.00;142;142;9.73;24.39
300.00;600.00;2184.00;25.91;E0_1_3200m;5.00;182;182;11.71;26.09
300.00;600.00;1716.00;24.33;E0_0_3300m;5.00;143;143;9.80;24.40
300.00;600.00;2160.00;26.03;E0_1_3300m;5.00;180;180;11.53;26.23
300.00;600.00;1656.00;24.32;E0_0_3400m;5.00;138;138;9.46;24.39
300.00;600.00;2184.00;26.01;E0_1_3400m;5.00;182;182;11.66;26.23
300.00;600.00;1668.00;24.33;E0_0_3500m;5.00;139;139;9.52;24.40
300.00;600.00;2196.00;26.03;E0_1_3500m;5.00;183;183;11.72;26.25
300.00;600.00;1704.00;24.36;E0_0_3600m;5.00;142;142;9.71;24.44
300.00;600.00;2220.00;26.09;E0_1_3600m;5.00;185;185;11.82;26.33
300.00;600.00;1716.00;24.47;E0_0_3700m;5.00;143;145;9.83;24.54
300.00;600.00;2244.00;26.05;E0_1_3700m;5.00;187;187;11.96;26.30
300.00;600.00;1692.00;24.52;E0_0_3800m;5.00;141;141;9.59;24.61
300.00;600.00;2244.00;26.02;E0_1_3800m;5.00;187;187;11.98;26.27
300.00;600.00;1668.00;24.58;E0_0_3900m;5.00;139;139;9.42;24.67
300.00;600.00;2256.00;25.94;E0_1_3900m;5.00;188;188;12.08;26.18
300.00;600.00;1692.00;24.72;E0_0_4000m;5.00;141;141;9.51;24.88
300.00;600.00;2220.00;25.86;E0_1_4000m;5.00;185;186;11.98;26.10
300.00;600.00;1704.00;24.67;E0_0_4100m;5.00;142;142;9.59;24.75
300.00;600.00;2208.00;25.66;E0_1_4100m;5.00;184;185;11.95;25.88
300.00;600.00;1692.00;24.66;E0_0_4200m;5.00;141;140;9.51;24.72
300.00;600.00;2232.00;25.42;E0_1_4200m;5.00;186;187;12.22;25.59
300.00;600.00;1728.00;24.71;E0_0_4300m;5.00;144;143;9.66;24.77
300.00;600.00;2232.00;25.20;E0_1_4300m;5.00;186;187;12.34;25.32
300.00;600.00;1716.00;24.61;E0_0_4400m;5.00;143;143;9.68;24.66
300.00;600.00;2256.00;25.09;E0_1_4400m;5.00;188;188;12.49;25.18
300.00;600.00;1728.00;24.53;E0_0_4500m;5.00;144;144;9.79;24.57
300.00;600.00;2268.00;25.02;E0_1_4500m;5.00;189;189;12.59;25.10
300.00;600.00;1728.00;24.50;E0_0_4600m;5.00;144;144;9.79;24.54
300.00;600.00;2268.00;25.06;E0_1_4600m;5.00;189;188;12.53;25.14
300.00;600.00;1740.00;24.56;E0_0_4700m;5.00;145;145;9.84;24.60
300.00;600.00;2256.00;25.18;E0_1_4700m;5.00;188;188;12.45;25.29
300.00;600.00;1788.00;24.66;E0_0_4800m;5.00;149;149;10.07;24.75
300.00;600.00;2220.00;25.19;E0_1_4800m;5.00;185;186;12.30;25.30
300.00;600.00;1800.00;24.63;E0_0_4900m;5.00;150;150;10.15;24.66
300.00;600.00;2232.00;25.25;E0_1_4900m;5.00;186;186;12.28;25.36
300.00;600.00;1800.00;24.68;E0_0_5000m;5.00;150;150;10.13;24.71
300.00;600.00;2232.00;25.31;E0_1_5000m;5.00;186;186;12.25;25.43
600.00;900.00;0.00;-1.00;E0_0_0m;-1.00;0;0;0.00;-1.00
600.00;900.00;0.00;-1.00;E0_1_0m;-1.00;0;0;0.00;-1.00
600.00;900.00;1764.00;26.02;E0_0_100m;5.00;147;147;9.45;26.12
600.00;900.00;2280.00;27.33;E0_1_100m;5.00;190;190;11.59;27.53
600.00;900.00;1788.00;26.01;E0_0_200m;5.00;149;149;9.55;26.15
600.00;900.00;2244.00;27.54;E0_1_200m;5.00;187;187;11.31;27.77
600.00;900.00;1740.00;25.85;E0_0_300m;5.00;145;146;9.36;25.98
600.00;900.00;2256.00;27.39;E0_1_300m;5.00;188;188;11.44;27.65
600.00;900.00;1704.00;25.69;E0_0_400m;5.00;142;143;9.28;25.82
600.00;900.00;2280.00;27.32;E0_1_400m;5.00;190;190;11.59;27.63
600.00;900.00;1704.00;25.60;E0_0_500m;5.00;142;142;9.25;25.73
600.00;900.00;2268.00;27.13;E0_1_500m;5.00;189;190;11.65;27.41
600.00;900.00;1752.00;25.41;E0_0_600m;5.00;146;146;9.58;25.54
600.00;900.00;2256.00;27.09;E0_1_600m;5.00;188;188;11.57;27.37
600.00;900.00;1776.00;25.15;E0_0_700m;5.00;148;148;9.81;25.27
600.00;900.00;2280.00;26.97;E0_1_700m;5.00;190;190;11.74;27.27
600.00;900.00;1752.00;25.14;E0_0_800m;5.00;146;146;9.68;25.27
600.00;900.00;2280.00;26.84;E0_1_800m;5.00;190;190;11.80;27.14
600.00;900.00;1776.00;25.08;E0_0_900m;5.00;148;148;9.84;25.21
600.00;900.00;2280.00;26.78;E0_1_900m;5.00;190;190;11.83;27.10
600.00;900.00;1776.00;25.04;E0_0_1000m;5.00;148;148;9.85;25.18
600.00;900.00;2316.00;26.61;E0_1_1000m;5.00;193;193;12.09;26.92
600.00;900.00;1788.00;25.01;E0_0_1100m;5.00;149;150;9.99;25.15
600.00;900.00;2328.00;26.53;E0_1_1100m;5.00;194;193;12.17;26.82
600.00;900.00;1800.00;25.08;E0_0_1200m;5.00;150;150;9.97;25.23
600.00;900.00;2328.00;26.46;E0_1_1200m;5.00;194;194;12.22;26.76
600.00;900.00;1776.00;25.06;E0_0_1300m;5.00;148;148;9.84;25.21
600.00;900.00;2364.00;26.38;E0_1_1300m;5.00;197;197;12.45;26.64
600.00;900.00;1788.00;24.97;E0_0_1400m;5.00;149;150;9.95;25.12
600.00;900.00;2388.00;26.31;E0_1_1400m;5.00;199;200;12.64;26.57
600.00;900.00;1824.00;25.02;E0_0_1500m;5.00;152;151;10.10;25.17
600.00;900.00;2364.00;26.21;E0_1_1500m;5.00;197;197;12.53;26.49
600.00;900.00;1812.00;24.96;E0_0_1600m;5.00;151;151;10.08;25.11
600.00;900.00;2364.00;26.13;E0_1_1600m;5.00;197;196;12.52;26.40
600.00;900.00;1836.00;24.78;E0_0_1700m;5.00;153;153;10.29;24.95
600.00;900.00;2352.00;26.09;E0_1_1700m;5.00;196;196;12.52;26.36
600.00;900.00;1848.00;24.74;E0_0_1800m;5.00;154;154;10.37;24.91
600.00;900.00;2340.00;26.01;E0_1_1800m;5.00;195;195;12.49;26.28
600.00;900.00;1836.00;24.68;E0_0_1900m;5.00;153;152;10.32;24.82
600.00;900.00;2352.00;25.97;E0_1_1900m;5.00;196;196;12.58;26.24
600.00;900.00;1836.00;24.65;E0_0_2000m;5.00;153;153;10.35;24.78
600.00;900.00;2328.00;25.91;E0_1_2000m;5.00;194;195;12.54;26.19
600.00;900.00;1872.00;24.68;E0_0_2100m;5.00;156;156;10.53;24.82
600.00;900.00;2340.00;25.83;E0_1_2100m;5.00;195;195;12.58;26.11
600.00;900.00;1884.00;24.67;E0_0_2200m;5.00;157;157;10.61;24.81
600.00;900.00;2364.00;25.76;E0_1_2200m;5.00;197;197;12.74;26.04
600.00;900.00;1932.00;24.78;E0_0_2300m;5.00;161;161;10.83;24.92
600.00;900.00;2340.00;25.70;E0_1_2300m;5.00;195;196;12.68;25.98
600.00;900.00;1944.00;24.68;E0_0_2400m;5.00;162;162;10.94;24.82
600.00;900.00;2304.00;25.63;E0_1_2400m;5.00;192;192;12.48;25.89
600.00;900.00;1932.00;24.47;E0_0_2500m;5.00;161;161;10.97;24.59
600.00;900.00;2268.00;25.42;E0_1_2500m;5.00;189;189;12.39;25.69
600.00;900.00;1968.00;24.27;E0_0_2600m;5.00;164;164;11.26;24.37
600.00;900.00;2244.00;25.18;E0_1_2600m;5.00;187;187;12.38;25.42
600.00;900.00;1956.00;24.08;E0_0_2700m;5.00;163;163;11.28;24.17
600.00;900.00;2244.00;24.90;E0_1_2700m;5.00;187;188;12.56;25.12
600.00;900.00;1932.00;23.63;E0_0_2800m;5.00;161;161;11.36;23.72
600.00;900.00;2232.00;24.48;E0_1_2800m;5.00;186;186;12.66;24.69
600.00;900.00;1884.00;23.00;E0_0_2900m;5.00;157;158;11.43;23.08
600.00;900.00;2256.00;23.91;E0_1_2900m;5.00;188;188;13.11;24.08
600.00;900.00;1872.00;22.06;E0_0_3000m;5.00;156;156;11.79;22.12
600.00;900.00;2256.00;22.92;E0_1_3000m;5.00;188;188;13.67;23.01
600.00;900.00;1920.00;21.93;E0_0_3100m;5.00;160;160;12.16;21.98
600.00;900.00;2220.00;22.71;E0_1_3100m;5.00;185;185;13.58;22.78
600.00;900.00;1980.00;22.17;E0_0_3200m;5.00;165;165;12.41;22.18
600.00;900.00;2124.00;22.65;E0_1_3200m;5.00;177;178;13.06;22.69
600.00;900.00;1956.00;22.20;E0_0_3300m;5.00;163;163;12.24;22.21
600.00;900.00;2148.00;22.57;E0_1_3300m;5.00;179;179;13.22;22.59
600.00;900.00;1932.00;22.17;E0_0_3400m;5.00;161;161;12.10;22.19
600.00;900.00;2160.00;22.57;E0_1_3400m;5.00;180;180;13.29;22.59
600.00;900.00;1944.00;22.27;E0_0_3500m;5.00;162;162;12.12;22.28
600.00;900.00;2112.00;22.67;E0_1_3500m;5.00;176;176;12.94;22.72
600.00;900.00;1908.00;22.26;E0_0_3600m;5.00;159;159;11.91;22.27
600.00;900.00;2088.00;22.59;E0_1_3600m;5.00;174;174;12.84;22.62
600.00;900.00;1884.00;22.28;E0_0_3700m;5.00;157;156;11.69;22.29
600.00;900.00;2052.00;22.53;E0_1_3700m;5.00;171;171;12.65;22.55
600.00;900.00;1872.00;22.31;E0_0_3800m;5.00;156;157;11.66;22.31
600.00;900.00;2016.00;22.55;E0_1_3800m;5.00;168;169;12.42;22.58
600.00;900.00;1872.00;22.38;E0_0_3900m;5.00;156;156;11.62;22.40
600.00;900.00;2028.00;22.89;E0_1_3900m;5.00;169;169;12.30;22.99
600.00;900.00;1920.00;23.57;E0_0_4000m;5.00;160;161;11.34;23.64
600.00;900.00;1980.00;24.71;E0_1_4000m;5.00;165;165;11.13;24.90
600.00;900.00;1824.00;26.10;E0_0_4100m;5.00;152;152;9.70;26.20
600.00;900.00;2076.00;28.01;E0_1_4100m;5.00;173;172;10.29;28.08
600.00;900.00;1824.00;26.28;E0_0_4200m;5.00;152;152;9.64;26.39
600.00;900.00;2088.00;28.40;E0_1_4200m;5.00;174;173;10.18;28.49
600.00;900.00;1824.00;26.27;E0_0_4300m;5.00;152;152;9.65;26.38
600.00;900.00;2064.00;28.50;E0_1_4300m;5.00;172;172;10.06;28.59
600.00;900.00;1800.00;26.24;E0_0_4400m;5.00;150;150;9.53;26.37
600.00;900.00;2064.00;28.50;E0_1_4400m;5.00;172;173;10.07;28.58
600.00;900.00;1788.00;26.26;E0_0_4500m;5.00;149;150;9.51;26.38
600.00;900.00;2052.00;28.52;E0_1_4500m;5.00;171;171;9.99;28.60
600.00;900.00;1788.00;26.07;E0_0_4600m;5.00;149;149;9.52;26.19
600.00;900.00;2076.00;28.38;E0_1_4600m;5.00;173;173;10.16;28.45
600.00;900.00;1812.00;25.84;E0_0_4700m;5.00;151;151;9.74;25.95
600.00;900.00;2112.00;28.35;E0_1_4700m;5.00;176;176;10.35;28.42
600.00;900.00;1848.00;25.79;E0_0_4800m;5.00;154;154;9.95;25.91
600.00;900.00;2124.00;28.34;E0_1_4800m;5.00;177;178;10.45;28.41
600.00;900.00;1848.00;25.80;E0_0_4900m;5.00;154;154;9.95;25.90
600.00;900.00;2136.00;28.14;E0_1_4900m;5.00;178;178;10.54;28.20
600.00;900.00;1872.00;25.80;E0_0_5000m;5.00;156;156;10.08;25.90
600.00;900.00;2172.00;28.06;E0_1_5000m;5.00;181;181;10.75;28.13
900.00;1200.00;0.00;-1.00;E0_0_0m;-1.00;0;0;0.00;-1.00
900.00;1200.00;0.00;-1.00;E0_1_0m;-1.00;0;0;0.00;-1.00
900.00;1200.00;1536.00;26.25;E0_0_100m;5.00;128;129;8.18;26.45
900.00;1200.00;2124.00;27.46;E0_1_100m;5.00;177;178;10.80;27.63
900.00;1200.00;1584.00;26.23;E0_0_200m;5.00;132;132;8.39;26.49
900.00;1200.00;2076.00;27.70;E0_1_200m;5.00;173;173;10.41;27.91
900.00;1200.00;1596.00;26.11;E0_0_300m;5.00;133;133;8.49;26.36
900.00;1200.00;2064.00;27.80;E0_1_300m;5.00;172;173;10.36;28.01
900.00;1200.00;1596.00;25.82;E0_0_400m;5.00;133;133;8.59;26.03
900.00;1200.00;2064.00;27.64;E0_1_400m;5.00;172;172;10.37;27.84
900.00;1200.00;1620.00;25.59;E0_0_500m;5.00;135;136;8.84;25.79
900.00;1200.00;2052.00;27.26;E0_1_500m;5.00;171;170;10.41;27.45
900.00;1200.00;1596.00;25.35;E0_0_600m;5.00;133;133;8.75;25.54
900.00;1200.00;2040.00;27.02;E0_1_600m;5.00;170;170;10.49;27.20
900.00;1200.00;1560.00;25.19;E0_0_700m;5.00;130;130;8.60;25.33
900.00;1200.00;2064.00;26.83;E0_1_700m;5.00;172;172;10.68;27.00
900.00;1200.00;1572.00;25.13;E0_0_800m;5.00;131;131;8.69;25.26
900.00;1200.00;2112.00;26.69;E0_1_800m;5.00;176;176;10.99;26.86
900.00;1200.00;1584.00;25.01;E0_0_900m;5.00;132;132;8.80;25.13
900.00;1200.00;2112.00;26.65;E0_1_900m;5.00;176;178;11.08;26.80
900.00;1200.00;1560.00;24.93;E0_0_1000m;5.00;130;131;8.69;25.05
900.00;1200.00;2112.00;26.51;E0_1_1000m;5.00;176;176;11.07;26.70
900.00;1200.00;1524.00;25.01;E0_0_1100m;5.00;127;126;8.41;25.13
900.00;1200.00;2136.00;26.66;E0_1_1100m;5.00;178;178;11.13;26.84
900.00;1200.00;1548.00;25.04;E0_0_1200m;5.00;129;129;8.59;25.15
900.00;1200.00;2112.00;26.82;E0_1_1200m;5.00;176;176;10.94;27.02
900.00;1200.00;1572.00;24.90;E0_0_1300m;5.00;131;131;8.77;25.03
900.00;1200.00;2088.00;26.91;E0_1_1300m;5.00;174;174;10.78;27.11
900.00;1200.00;1584.00;24.79;E0_0_1400m;5.00;132;131;8.87;24.93
900.00;1200.00;2100.00;26.82;E0_1_1400m;5.00;175;174;10.84;27.01
900.00;1200.00;1608.00;24.74;E0_0_1500m;5.00;134;134;9.03;24.88
900.00;1200.00;2076.00;26.80;E0_1_1500m;5.00;173;174;10.76;27.01
900.00;1200.00;1644.00;24.99;E0_0_1600m;5.00;137;137;9.14;25.12
900.00;1200.00;2076.00;26.79;E0_1_1600m;5.00;173;173;10.76;27.01
900.00;1200.00;1632.00;25.04;E0_0_1700m;5.00;136;136;9.05;25.16
900.00;1200.00;2088.00;26.80;E0_1_1700m;5.00;174;174;10.82;27.02
900.00;1200.00;1668.00;25.05;E0_0_1800m;5.00;139;139;9.25;25.16
900.00;1200.00;2088.00;26.88;E0_1_1800m;5.00;174;174;10.79;27.09
900.00;1200.00;1692.00;24.86;E0_0_1900m;5.00;141;141;9.45;24.97
900.00;1200.00;2076.00;26.68;E0_1_1900m;5.00;173;173;10.81;26.87
900.00;1200.00;1704.00;24.83;E0_0_2000m;5.00;142;142;9.53;24.93
900.00;1200.00;2088.00;26.55;E0_1_2000m;5.00;174;173;10.87;26.73
900.00;1200.00;1644.00;24.90;E0_0_2100m;5.00;137;137;9.17;25.00
900.00;1200.00;2112.00;26.56;E0_1_2100m;5.00;176;176;11.04;26.75
900.00;1200.00;1632.00;24.84;E0_0_2200m;5.00;136;136;9.13;24.95
900.00;1200.00;2088.00;26.62;E0_1_2200m;5.00;174;174;10.89;26.81
900.00;1200.00;1608.00;24.77;E0_0_2300m;5.00;134;134;9.02;24.87
900.00;1200.00;2076.00;26.52;E0_1_2300m;5.00;173;173;10.87;26.71
900.00;1200.00;1620.00;24.72;E0_0_2400m;5.00;135;135;9.10;24.79
900.00;1200.00;2076.00;26.44;E0_1_2400m;5.00;173;173;10.90;26.63
900.00;1200.00;1608.00;24.64;E0_0_2500m;5.00;134;134;9.06;24.72
900.00;1200.00;2088.00;26.41;E0_1_2500m;5.00;174;175;11.00;26.60
900.00;1200.00;1596.00;24.30;E0_0_2600m;5.00;133;134;9.17;24.38
900.00;1200.00;2088.00;26.19;E0_1_2600m;5.00;174;174;11.07;26.38
900.00;1200.00;1596.00;24.02;E0_0_2700m;5.00;133;134;9.24;24.11
900.00;1200.00;2112.00;25.76;E0_1_2700m;5.00;176;175;11.35;25.96
900.00;1200.00;1608.00;23.69;E0_0_2800m;5.00;134;134;9.43;23.78
900.00;1200.00;2100.00;25.11;E0_1_2800m;5.00;175;176;11.63;25.28
900.00;1200.00;1632.00;23.09;E0_0_2900m;5.00;136;135;9.77;23.17
900.00;1200.00;2100.00;24.15;E0_1_2900m;5.00;175;175;12.08;24.27
900.00;1200.00;1668.00;21.96;E0_0_3000m;5.00;139;139;10.55;22.02
900.00;1200.00;2136.00;22.99;E0_1_3000m;5.00;178;178;12.91;23.05
900.00;1200.00;1692.00;21.72;E0_0_3100m;5.00;141;141;10.82;21.80
900.00;1200.00;2100.00;22.85;E0_1_3100m;5.00;175;176;12.82;22.90
900.00;1200.00;1776.00;21.88;E0_0_3200m;5.00;148;148;11.27;21.92
900.00;1200.00;2052.00;22.70;E0_1_3200m;5.00;171;170;12.53;22.74
900.00;1200.00;1788.00;22.07;E0_0_3300m;5.00;149;149;11.25;22.10
900.00;1200.00;2088.00;22.59;E0_1_3300m;5.00;174;174;12.84;22.62
900.00;1200.00;1812.00;22.26;E0_0_3400m;5.00;151;151;11.31;22.27
900.00;1200.00;2124.00;22.56;E0_1_3400m;5.00;177;177;13.08;22.58
900.00;1200.00;1812.00;22.30;E0_0_3500m;5.00;151;151;11.29;22.31
900.00;1200.00;2100.00;22.52;E0_1_3500m;5.00;175;176;13.02;22.54
900.00;1200.00;1836.00;22.24;E0_0_3600m;5.00;153;153;11.46;22.26
900.00;1200.00;2064.00;22.57;E0_1_3600m;5.00;172;172;12.70;22.61
900.00;1200.00;1836.00;22.26;E0_0_3700m;5.00;153;153;11.46;22.27
900.00;1200.00;2064.00;22.53;E0_1_3700m;5.00;172;172;12.72;22.56
900.00;1200.00;1860.00;22.26;E0_0_3800m;5.00;155;154;11.60;22.27
900.00;1200.00;2064.00;22.51;E0_1_3800m;5.00;172;171;12.73;22.53
900.00;1200.00;1860.00;22.37;E0_0_3900m;5.00;155;156;11.59;22.38
900.00;1200.00;2052.00;22.75;E0_1_3900m;5.00;171;171;12.53;22.81
900.00;1200.00;1872.00;23.66;E0_0_4000m;5.00;156;156;11.03;23.74
900.00;1200.00;2028.00;24.73;E0_1_4000m;5.00;169;171;11.47;24.93
900.00;1200.00;1848.00;26.34;E0_0_4100m;5.00;154;154;9.74;26.42
900.00;1200.00;2076.00;28.39;E0_1_4100m;5.00;173;173;10.16;28.49
900.00;1200.00;1884.00;26.45;E0_0_4200m;5.00;157;157;9.89;26.54
900.00;1200.00;2028.00;28.80;E0_1_4200m;5.00;169;169;9.78;28.94
900.00;1200.00;1884.00;26.32;E0_0_4300m;5.00;157;157;9.94;26.42
900.00;1200.00;2040.00;28.72;E0_1_4300m;5.00;170;170;9.87;28.86
900.00;1200.00;1908.00;26.39;E0_0_4400m;5.00;159;159;10.04;26.50
900.00;1200.00;2028.00;28.56;E0_1_4400m;5.00;169;169;9.86;28.71
900.00;1200.00;1932.00;26.24;E0_0_4500m;5.00;161;160;10.17;26.34
900.00;1200.00;2028.00;28.45;E0_1_4500m;5.00;169;170;9.92;28.59
900.00;1200.00;1908.00;26.03;E0_0_4600m;5.00;159;159;10.18;26.13
900.00;1200.00;2064.00;28.39;E0_1_4600m;5.00;172;172;10.10;28.52
900.00;1200.00;1920.00;25.91;E0_0_4700m;5.00;160;160;10.29;26.01
900.00;1200.00;2052.00;28.35;E0_1_4700m;5.00;171;171;10.05;28.47
900.00;1200.00;1896.00;25.72;E0_0_4800m;5.00;158;158;10.24;25.82
900.00;1200.00;2028.00;28.31;E0_1_4800m;5.00;169;169;9.95;28.42
900.00;1200.00;1872.00;25.70;E0_0_4900m;5.00;156;157;10.16;25.81
900.00;1200.00;2016.00;28.35;E0_1_4900m;5.00;168;168;9.88;28.44
900.00;1200.00;1812.00;25.57;E0_0_5000m;5.00;151;151;9.84;25.69
900.00;1200.00;2016.00;28.32;E0_1_5000m;5.00;168;168;9.89;28.42
1200.00;1500.00;0.00;-1.00;E0_0_0m;-1.00;0;0;0.00;-1.00
1200.00;1500.00;0.00;-1.00;E0_1_0m;-1.00;0;0;0.00;-1.00
1200.00;1500.00;1896.00;25.85;E0_0_100m;5.00;158;158;10.19;25.93
1200.00;1500.00;2460.00;26.96;E0_1_100m;5.00;205;204;12.62;27.04
1200.00;1500.00;1872.00;25.88;E0_0_200m;5.00;156;156;10.05;25.96
1200.00;1500.00;2460.00;27.23;E0_1_200m;5.00;205;206;12.58;27.33
1200.00;1500.00;1872.00;25.87;E0_0_300m;5.00;156;156;10.05;25.95
1200.00;1500.00;2460.00;27.22;E0_1_300m;5.00;205;204;12.51;27.30
1200.00;1500.00;1872.00;25.82;E0_0_400m;5.00;156;156;10.07;25.90
1200.00;1500.00;2448.00;27.13;E0_1_400m;5.00;204;204;12.53;27.20
1200.00;1500.00;1836.00;25.74;E0_0_500m;5.00;153;153;9.91;25.83
1200.00;1500.00;2484.00;27.11;E0_1_500m;5.00;207;207;12.72;27.18
1200.00;1500.00;1872.00;25.63;E0_0_600m;5.00;156;156;10.14;25.73
1200.00;1500.00;2484.00;27.17;E0_1_600m;5.00;207;207;12.70;27.23
1200.00;1500.00;1872.00;25.53;E0_0_700m;5.00;156;156;10.18;25.64
1200.00;1500.00;2460.00;27.21;E0_1_700m;5.00;205;205;12.56;27.29
1200.00;1500.00;1884.00;25.52;E0_0_800m;5.00;157;157;10.25;25.63
1200.00;1500.00;2400.00;27.22;E0_1_800m;5.00;200;200;12.24;27.31
1200.00;1500.00;1896.00;25.40;E0_0_900m;5.00;158;158;10.37;25.50
1200.00;1500.00;2376.00;27.24;E0_1_900m;5.00;198;197;12.07;27.32
1200.00;1500.00;1896.00;25.18;E0_0_1000m;5.00;158;158;10.46;25.28
1200.00;1500.00;2364.00;27.29;E0_1_1000m;5.00;197;197;12.03;27.38
1200.00;1500.00;1884.00;25.17;E0_0_1100m;5.00;157;157;10.40;25.27
1200.00;1500.00;2364.00;27.22;E0_1_1100m;5.00;197;197;12.06;27.31
1200.00;1500.00;1860.00;25.30;E0_0_1200m;5.00;155;155;10.21;25.41
1200.00;1500.00;2364.00;27.11;E0_1_1200m;5.00;197;197;12.11;27.18
1200.00;1500.00;1848.00;25.29;E0_0_1300m;5.00;154;154;10.15;25.37
1200.00;1500.00;2352.00;26.92;E0_1_1300m;5.00;196;196;12.13;26.98
1200.00;1500.00;1824.00;25.29;E0_0_1400m;5.00;152;152;10.02;25.37
1200.00;1500.00;2316.00;26.84;E0_1_1400m;5.00;193;193;11.98;26.89
1200.00;1500.00;1800.00;25.28;E0_0_1500m;5.00;150;150;9.89;25.35
1200.00;1500.00;2316.00;26.73;E0_1_1500m;5.00;193;192;12.03;26.77
1200.00;1500.00;1776.00;25.26;E0_0_1600m;5.00;148;148;9.76;25.33
1200.00;1500.00;2304.00;26.63;E0_1_1600m;5.00;192;193;12.02;26.67
1200.00;1500.00;1776.00;25.14;E0_0_1700m;5.00;148;148;9.81;25.22
1200.00;1500.00;2292.00;26.48;E0_1_1700m;5.00;191;191;12.02;26.52
1200.00;1500.00;1788.00;24.95;E0_0_1800m;5.00;149;149;9.95;25.04
1200.00;1500.00;2280.00;26.38;E0_1_1800m;5.00;190;190;12.00;26.41
1200.00;1500.00;1812.00;24.96;E0_0_1900m;5.00;151;151;10.08;25.04
1200.00;1500.00;2268.00;26.41;E0_1_1900m;5.00;189;190;11.95;26.45
1200.00;1500.00;1812.00;24.99;E0_0_2000m;5.00;151;152;10.08;25.08
1200.00;1500.00;2256.00;26.38;E0_1_2000m;5.00;188;189;11.89;26.43
1200.00;1500.00;1812.00;24.81;E0_0_2100m;5.00;151;151;10.14;24.90
1200.00;1500.00;2244.00;26.35;E0_1_2100m;5.00;187;188;11.88;26.41
1200.00;1500.00;1848.00;24.60;E0_0_2200m;5.00;154;154;10.44;24.69
1200.00;1500.00;2232.00;26.28;E0_1_2200m;5.00;186;186;11.80;26.36
1200.00;1500.00;1848.00;24.50;E0_0_2300m;5.00;154;154;10.48;24.60
1200.00;1500.00;2244.00;26.21;E0_1_2300m;5.00;187;187;11.89;26.31
1200.00;1500.00;1812.00;24.43;E0_0_2400m;5.00;151;151;10.30;24.52
1200.00;1500.00;2256.00;26.15;E0_1_2400m;5.00;188;188;11.98;26.27
1200.00;1500.00;1824.00;24.07;E0_0_2500m;5.00;152;152;10.52;24.16
1200.00;1500.00;2244.00;25.99;E0_1_2500m;5.00;187;186;11.97;26.12
1200.00;1500.00;1812.00;23.88;E0_0_2600m;5.00;151;150;10.49;23.99
1200.00;1500.00;2268.00;25.67;E0_1_2600m;5.00;189;189;12.27;25.79
1200.00;1500.00;1836.00;23.69;E0_0_2700m;5.00;153;152;10.76;23.80
1200.00;1500.00;2280.00;25.18;E0_1_2700m;5.00;190;190;12.57;25.28
1200.00;1500.00;1836.00;23.22;E0_0_2800m;5.00;153;153;10.98;23.33
1200.00;1500.00;2292.00;24.58;E0_1_2800m;5.00;191;190;12.94;24.66
1200.00;1500.00;1836.00;22.68;E0_0_2900m;5.00;153;153;11.24;22.79
1200.00;1500.00;2280.00;23.80;E0_1_2900m;5.00;190;191;13.35;23.87
1200.00;1500.00;1776.00;21.80;E0_0_3000m;5.00;148;148;11.32;21.87
1200.00;1500.00;2268.00;22.84;E0_1_3000m;5.00;189;189;13.79;22.87
1200.00;1500.00;1848.00;21.84;E0_0_3100m;5.00;154;154;11.75;21.98
1200.00;1500.00;2184.00;22.77;E0_1_3100m;5.00;182;186;13.52;22.83
1200.00;1500.00;1872.00;22.08;E0_0_3200m;5.00;156;157;11.84;22.12
1200.00;1500.00;2124.00;22.93;E0_1_3200m;5.00;177;177;12.87;23.06
1200.00;1500.00;1872.00;22.13;E0_0_3300m;5.00;156;156;11.75;22.17
1200.00;1500.00;2064.00;23.01;E0_1_3300m;5.00;172;172;12.46;23.19
1200.00;1500.00;1872.00;22.17;E0_0_3400m;5.00;156;156;11.73;22.20
1200.00;1500.00;2004.00;23.18;E0_1_3400m;5.00;167;167;12.01;23.40
1200.00;1500.00;1860.00;22.20;E0_0_3500m;5.00;155;155;11.64;22.22
1200.00;1500.00;2028.00;23.05;E0_1_3500m;5.00;169;168;12.15;23.22
1200.00;1500.00;1860.00;22.23;E0_0_3600m;5.00;155;155;11.62;22.25
1200.00;1500.00;2028.00;22.89;E0_1_3600m;5.00;169;169;12.30;23.01
1200.00;1500.00;1860.00;22.25;E0_0_3700m;5.00;155;155;11.61;22.27
1200.00;1500.00;2028.00;22.73;E0_1_3700m;5.00;169;169;12.39;22.79
1200.00;1500.00;1848.00;22.20;E0_0_3800m;5.00;154;154;11.56;22.21
1200.00;1500.00;2028.00;22.70;E0_1_3800m;5.00;169;170;12.41;22.75
1200.00;1500.00;1848.00;22.21;E0_0_3900m;5.00;154;153;11.52;22.24
1200.00;1500.00;2028.00;22.91;E0_1_3900m;5.00;169;170;12.34;22.99
1200.00;1500.00;1860.00;23.25;E0_0_4000m;5.00;155;155;11.05;23.33
1200.00;1500.00;2064.00;24.53;E0_1_4000m;5.00;172;171;11.64;24.67
1200.00;1500.00;1800.00;26.32;E0_0_4100m;5.00;150;150;9.50;26.42
1200.00;1500.00;2136.00;27.39;E0_1_4100m;5.00;178;178;10.83;27.50
1200.00;1500.00;1836.00;26.35;E0_0_4200m;5.00;153;153;9.68;26.47
1200.00;1500.00;2124.00;27.69;E0_1_4200m;5.00;177;177;10.65;27.83
1200.00;1500.00;1812.00;26.00;E0_0_4300m;5.00;151;151;9.68;26.11
1200.00;1500.00;2136.00;27.63;E0_1_4300m;5.00;178;178;10.74;27.77
1200.00;1500.00;1824.00;25.71;E0_0_4400m;5.00;152;152;9.85;25.84
1200.00;1500.00;2136.00;27.49;E0_1_4400m;5.00;178;178;10.79;27.61
1200.00;1500.00;1812.00;25.54;E0_0_4500m;5.00;151;151;9.85;25.67
1200.00;1500.00;2124.00;27.40;E0_1_4500m;5.00;177;178;10.82;27.52
1200.00;1500.00;1788.00;25.38;E0_0_4600m;5.00;149;149;9.78;25.51
1200.00;1500.00;2112.00;27.34;E0_1_4600m;5.00;176;176;10.73;27.47
1200.00;1500.00;1776.00;25.25;E0_0_4700m;5.00;148;148;9.77;25.38
1200.00;1500.00;2100.00;27.21;E0_1_4700m;5.00;175;175;10.72;27.33
1200.00;1500.00;1764.00;25.18;E0_0_4800m;5.00;147;147;9.73;25.31
1200.00;1500.00;2100.00;26.98;E0_1_4800m;5.00;175;176;10.86;27.09
1200.00;1500.00;1788.00;25.16;E0_0_4900m;5.00;149;149;9.87;25.28
1200.00;1500.00;2112.00;26.83;E0_1_4900m;5.00;176;176;10.93;26.92
1200.00;1500.00;1788.00;25.11;E0_0_5000m;5.00;149;149;9.89;25.22
1200.00;1500.00;2100.00;26.71;E0_1_5000m;5.00;175;175;10.92;26.82
1500.00;1800.00;0.00;-1.00;E0_0_0m;-1.00;0;0;0.00;-1.00
1500.00;1800.00;0.00;-1.00;E0_1_0m;-1.00;0;0;0.00;-1.00
1500.00;1800.00;1872.00;24.29;E0_0_100m;5.00;156;156;10.70;24.44
1500.00;1800.00;2412.00;25.67;E0_1_100m;5.00;201;201;13.05;25.81
1500.00;1800.00;1908.00;23.98;E0_0_200m;5.00;159;159;11.05;24.15
1500.00;1800.00;2400.00;25.55;E0_1_200m;5.00;200;199;13.02;25.75
1500.00;1800.00;1944.00;23.74;E0_0_300m;5.00;162;162;11.37;23.93
1500.00;1800.00;2364.00;25.35;E0_1_300m;5.00;197;198;12.98;25.54
1500.00;1800.00;1932.00;23.77;E0_0_400m;5.00;161;161;11.29;23.98
1500.00;1800.00;2412.00;25.27;E0_1_400m;5.00;201;201;13.26;25.49
1500.00;1800.00;1968.00;23.74;E0_0_500m;5.00;164;164;11.51;23.98
1500.00;1800.00;2388.00;25.13;E0_1_500m;5.00;199;199;13.20;25.38
1500.00;1800.00;1932.00;23.69;E0_0_600m;5.00;161;161;11.33;23.95
1500.00;1800.00;2400.00;25.03;E0_1_600m;5.00;200;201;13.32;25.32
1500.00;1800.00;1932.00;23.73;E0_0_700m;5.00;161;161;11.31;23.98
1500.00;1800.00;2388.00;25.00;E0_1_700m;5.00;199;199;13.27;25.32
1500.00;1800.00;1908.00;23.90;E0_0_800m;5.00;159;160;11.15;24.14
1500.00;1800.00;2376.00;24.95;E0_1_800m;5.00;198;199;13.28;25.28
1500.00;1800.00;1884.00;23.74;E0_0_900m;5.00;157;157;11.02;24.00
1500.00;1800.00;2388.00;24.86;E0_1_900m;5.00;199;199;13.34;25.22
1500.00;1800.00;1908.00;23.68;E0_0_1000m;5.00;159;159;11.19;23.96
1500.00;1800.00;2376.00;24.80;E0_1_1000m;5.00;198;198;13.31;25.22
1500.00;1800.00;1932.00;23.50;E0_0_1100m;5.00;161;161;11.42;23.81
1500.00;1800.00;2364.00;24.79;E0_1_1100m;5.00;197;197;13.24;25.25
1500.00;1800.00;1944.00;23.51;E0_0_1200m;5.00;162;162;11.48;23.82
1500.00;1800.00;2340.00;24.81;E0_1_1200m;5.00;195;196;13.17;25.29
1500.00;1800.00;1968.00;23.57;E0_0_1300m;5.00;164;164;11.59;23.86
1500.00;1800.00;2316.00;24.83;E0_1_1300m;5.00;193;193;12.95;25.32
1500.00;1800.00;1980.00;23.58;E0_0_1400m;5.00;165;165;11.66;23.86
1500.00;1800.00;2292.00;24.87;E0_1_1400m;5.00;191;191;12.80;25.37
1500.00;1800.00;1992.00;23.52;E0_0_1500m;5.00;166;166;11.76;23.79
1500.00;1800.00;2280.00;24.95;E0_1_1500m;5.00;190;191;12.74;25.44
1500.00;1800.00;1992.00;23.43;E0_0_1600m;5.00;166;166;11.81;23.71
1500.00;1800.00;2280.00;25.02;E0_1_1600m;5.00;190;189;12.65;25.49
1500.00;1800.00;2004.00;23.38;E0_0_1700m;5.00;167;167;11.90;23.65
1500.00;1800.00;2268.00;25.06;E0_1_1700m;5.00;189;189;12.57;25.52
1500.00;1800.00;1956.00;23.36;E0_0_1800m;5.00;163;163;11.63;23.60
1500.00;1800.00;2268.00;25.17;E0_1_1800m;5.00;189;189;12.51;25.61
1500.00;1800.00;1932.00;23.43;E0_0_1900m;5.00;161;161;11.45;23.64
1500.00;1800.00;2268.00;25.28;E0_1_1900m;5.00;189;189;12.46;25.69
1500.00;1800.00;1908.00;23.44;E0_0_2000m;5.00;159;158;11.30;23.62
1500.00;1800.00;2268.00;25.36;E0_1_2000m;5.00;189;188;12.41;25.76
1500.00;1800.00;1884.00;23.54;E0_0_2100m;5.00;157;157;11.11;23.73
1500.00;1800.00;2268.00;25.50;E0_1_2100m;5.00;189;188;12.30;25.87
1500.00;1800.00;1848.00;23.63;E0_0_2200m;5.00;154;154;10.86;23.81
1500.00;1800.00;2280.00;25.62;E0_1_2200m;5.00;190;190;12.36;25.98
1500.00;1800.00;1848.00;23.66;E0_0_2300m;5.00;154;154;10.85;23.84
1500.00;1800.00;2268.00;25.75;E0_1_2300m;5.00;189;189;12.23;26.09
1500.00;1800.00;1848.00;23.73;E0_0_2400m;5.00;154;154;10.82;23.91
1500.00;1800.00;2256.00;25.72;E0_1_2400m;5.00;188;188;12.18;26.03
1500.00;1800.00;1812.00;23.81;E0_0_2500m;5.00;151;151;10.57;23.98
1500.00;1800.00;2268.00;25.62;E0_1_2500m;5.00;189;190;12.32;25.88
1500.00;1800.00;1800.00;23.67;E0_0_2600m;5.00;150;150;10.56;23.84
1500.00;1800.00;2244.00;25.40;E0_1_2600m;5.00;187;187;12.27;25.63
1500.00;1800.00;1812.00;23.45;E0_0_2700m;5.00;151;151;10.73;23.63
1500.00;1800.00;2184.00;24.87;E0_1_2700m;5.00;182;182;12.20;25.05
1500.00;1800.00;1776.00;23.00;E0_0_2800m;5.00;148;149;10.75;23.15
1500.00;1800.00;2172.00;24.14;E0_1_2800m;5.00;181;182;12.50;24.25
1500.00;1800.00;1764.00;22.32;E0_0_2900m;5.00;147;147;10.97;22.44
1500.00;1800.00;2172.00;23.41;E0_1_2900m;5.00;181;180;12.84;23.49
1500.00;1800.00;1776.00;21.51;E0_0_3000m;5.00;148;149;11.47;21.58
1500.00;1800.00;2148.00;22.61;E0_1_3000m;5.00;179;180;13.20;22.66
1500.00;1800.00;1800.00;21.42;E0_0_3100m;5.00;150;150;11.67;21.47
1500.00;1800.00;2136.00;22.54;E0_1_3100m;5.00;178;177;13.12;22.59
1500.00;1800.00;1860.00;21.78;E0_0_3200m;5.00;155;154;11.80;21.82
1500.00;1800.00;2088.00;22.54;E0_1_3200m;5.00;174;174;12.87;22.60
1500.00;1800.00;1860.00;21.86;E0_0_3300m;5.00;155;155;11.82;21.89
1500.00;1800.00;2088.00;22.59;E0_1_3300m;5.00;174;174;12.84;22.66
1500.00;1800.00;1872.00;21.93;E0_0_3400m;5.00;156;156;11.85;21.97
1500.00;1800.00;2076.00;22.65;E0_1_3400m;5.00;173;173;12.73;22.74
1500.00;1800.00;1932.00;22.06;E0_0_3500m;5.00;161;161;12.17;22.09
1500.00;1800.00;2088.00;22.59;E0_1_3500m;5.00;174;174;12.84;22.65
1500.00;1800.00;1968.00;22.09;E0_0_3600m;5.00;164;164;12.37;22.12
1500.00;1800.00;2124.00;22.55;E0_1_3600m;5.00;177;177;13.08;22.60
1500.00;1800.00;1992.00;22.15;E0_0_3700m;5.00;166;166;12.49;22.17
1500.00;1800.00;2172.00;22.53;E0_1_3700m;5.00;181;181;13.39;22.57
1500.00;1800.00;2028.00;22.26;E0_0_3800m;5.00;169;169;12.65;22.27
1500.00;1800.00;2220.00;22.52;E0_1_3800m;5.00;185;184;13.69;22.56
1500.00;1800.00;2064.00;22.38;E0_0_3900m;5.00;172;172;12.81;22.39
1500.00;1800.00;2256.00;22.62;E0_1_3900m;5.00;188;187;13.80;22.66
1500.00;1800.00;2136.00;23.74;E0_0_4000m;5.00;178;177;12.50;23.83
1500.00;1800.00;2220.00;24.33;E0_1_4000m;5.00;185;187;12.75;24.46
1500.00;1800.00;2112.00;26.35;E0_0_4100m;5.00;176;176;11.13;26.43
1500.00;1800.00;2280.00;27.98;E0_1_4100m;5.00;190;190;11.32;28.03
1500.00;1800.00;2100.00;26.44;E0_0_4200m;5.00;175;175;11.03;26.54
1500.00;1800.00;2268.00;28.66;E0_1_4200m;5.00;189;189;10.99;28.76
1500.00;1800.00;2064.00;26.23;E0_0_4300m;5.00;172;172;10.93;26.35
1500.00;1800.00;2292.00;28.73;E0_1_4300m;5.00;191;191;11.08;28.82
1500.00;1800.00;2076.00;25.82;E0_0_4400m;5.00;173;173;11.17;25.95
1500.00;1800.00;2268.00;28.68;E0_1_4400m;5.00;189;189;10.98;28.76
1500.00;1800.00;2064.00;25.54;E0_0_4500m;5.00;172;173;11.26;25.68
1500.00;1800.00;2280.00;28.58;E0_1_4500m;5.00;190;189;11.03;28.65
1500.00;1800.00;2064.00;25.35;E0_0_4600m;5.00;172;172;11.31;25.50
1500.00;1800.00;2292.00;28.48;E0_1_4600m;5.00;191;191;11.18;28.54
1500.00;1800.00;2052.00;25.23;E0_0_4700m;5.00;171;171;11.30;25.38
1500.00;1800.00;2256.00;28.34;E0_1_4700m;5.00;188;188;11.06;28.39
1500.00;1800.00;2052.00;25.08;E0_0_4800m;5.00;171;171;11.36;25.22
1500.00;1800.00;2244.00;28.28;E0_1_4800m;5.00;187;187;10.98;28.33
1500.00;1800.00;2004.00;24.98;E0_0_4900m;5.00;167;167;11.14;25.12
1500.00;1800.00;2268.00;28.22;E0_1_4900m;5.00;189;189;11.16;28.28
1500.00;1800.00;2028.00;25.03;E0_0_5000m;5.00;169;169;11.25;25.17
1500.00;1800.00;2280.00;28.15;E0_1_5000m;5.00;190;191;11.27;28.21
1800.00;2100.00;0.00;-1.00;E0_0_0m;-1.00;0;0;0.00;-1.00
1800.00;2100.00;0.00;-1.00;E0_1_0m;-1.00;0;0;0.00;-1.00
1800.00;2100.00;1716.00;26.01;E0_0_100m;5.00;143;143;9.16;26.18
1800.00;2100.00;2292.00;27.05;E0_1_100m;5.00;191;191;11.77;27.19
1800.00;2100.00;1788.00;26.61;E0_0_200m;5.00;149;150;9.35;26.79
1800.00;2100.00;2244.00;28.17;E0_1_200m;5.00;187;188;11.11;28.34
1800.00;2100.00;1788.00;26.50;E0_0_300m;5.00;149;149;9.37;26.66
1800.00;2100.00;2256.00;28.48;E0_1_300m;5.00;188;187;10.97;28.63
1800.00;2100.00;1776.00;26.33;E0_0_400m;5.00;148;149;9.38;26.47
1800.00;2100.00;2232.00;28.46;E0_1_400m;5.00;186;186;10.89;28.59
1800.00;2100.00;1752.00;26.27;E0_0_500m;5.00;146;147;9.29;26.40
1800.00;2100.00;2232.00;28.36;E0_1_500m;5.00;186;186;10.93;28.46
1800.00;2100.00;1764.00;26.04;E0_0_600m;5.00;147;147;9.41;26.15
1800.00;2100.00;2220.00;28.07;E0_1_600m;5.00;185;184;10.97;28.19
1800.00;2100.00;1740.00;25.68;E0_0_700m;5.00;145;145;9.41;25.80
1800.00;2100.00;2232.00;27.80;E0_1_700m;5.00;186;187;11.19;27.96
1800.00;2100.00;1788.00;25.34;E0_0_800m;5.00;149;148;9.74;25.49
1800.00;2100.00;2220.00;27.52;E0_1_800m;5.00;185;185;11.20;27.76
1800.00;2100.00;1776.00;25.07;E0_0_900m;5.00;148;148;9.84;25.25
1800.00;2100.00;2232.00;27.27;E0_1_900m;5.00;186;187;11.39;27.58
1800.00;2100.00;1776.00;24.82;E0_0_1000m;5.00;148;148;9.94;25.02
1800.00;2100.00;2220.00;27.00;E0_1_1000m;5.00;185;186;11.47;27.39
1800.00;2100.00;1740.00;24.50;E0_0_1100m;5.00;145;145;9.86;24.73
1800.00;2100.00;2256.00;26.52;E0_1_1100m;5.00;188;188;11.82;26.95
1800.00;2100.00;1728.00;24.25;E0_0_1200m;5.00;144;144;9.90;24.49
1800.00;2100.00;2292.00;25.91;E0_1_1200m;5.00;191;190;12.22;26.38
1800.00;2100.00;1764.00;23.94;E0_0_1300m;5.00;147;147;10.24;24.18
1800.00;2100.00;2316.00;25.46;E0_1_1300m;5.00;193;193;12.63;25.96
1800.00;2100.00;1788.00;23.54;E0_0_1400m;5.00;149;149;10.55;23.77
1800.00;2100.00;2304.00;25.04;E0_1_1400m;5.00;192;192;12.78;25.55
1800.00;2100.00;1776.00;23.28;E0_0_1500m;5.00;148;149;10.65;23.52
1800.00;2100.00;2340.00;24.59;E0_1_1500m;5.00;195;194;13.17;25.09
1800.00;2100.00;1788.00;23.09;E0_0_1600m;5.00;149;149;10.76;23.32
1800.00;2100.00;2340.00;24.22;E0_1_1600m;5.00;195;196;13.42;24.72
1800.00;2100.00;1776.00;22.83;E0_0_1700m;5.00;148;148;10.81;23.02
1800.00;2100.00;2352.00;23.97;E0_1_1700m;5.00;196;196;13.63;24.47
1800.00;2100.00;1752.00;22.59;E0_0_1800m;5.00;146;146;10.77;22.76
1800.00;2100.00;2388.00;23.81;E0_1_1800m;5.00;199;199;13.93;24.32
1800.00;2100.00;1752.00;22.48;E0_0_1900m;5.00;146;147;10.84;22.64
1800.00;2100.00;2400.00;23.71;E0_1_1900m;5.00;200;200;14.06;24.23
1800.00;2100.00;1800.00;22.48;E0_0_2000m;5.00;150;150;11.12;22.66
1800.00;2100.00;2388.00;23.60;E0_1_2000m;5.00;199;199;14.06;24.12
1800.00;2100.00;1836.00;22.48;E0_0_2100m;5.00;153;153;11.35;22.64
1800.00;2100.00;2412.00;23.52;E0_1_2100m;5.00;201;201;14.24;24.03
1800.00;2100.00;1884.00;22.51;E0_0_2200m;5.00;157;157;11.63;22.67
1800.00;2100.00;2412.00;23.48;E0_1_2200m;5.00;201;201;14.27;23.98
1800.00;2100.00;1896.00;22.52;E0_0_2300m;5.00;158;158;11.69;22.67
1800.00;2100.00;2436.00;23.44;E0_1_2300m;5.00;203;204;14.47;23.92
1800.00;2100.00;1932.00;22.51;E0_0_2400m;5.00;161;161;11.92;22.63
1800.00;2100.00;2460.00;23.46;E0_1_2400m;5.00;205;205;14.56;23.93
1800.00;2100.00;1932.00;22.44;E0_0_2500m;5.00;161;161;11.96;22.53
1800.00;2100.00;2472.00;23.36;E0_1_2500m;5.00;206;205;14.67;23.78
1800.00;2100.00;1956.00;22.38;E0_0_2600m;5.00;163;163;12.14;22.46
1800.00;2100.00;2472.00;23.26;E0_1_2600m;5.00;206;206;14.76;23.63
1800.00;2100.00;1944.00;22.35;E0_0_2700m;5.00;162;162;12.08;22.42
1800.00;2100.00;2496.00;23.15;E0_1_2700m;5.00;208;208;14.98;23.46
1800.00;2100.00;1992.00;22.20;E0_0_2800m;5.00;166;165;12.44;22.26
1800.00;2100.00;2472.00;22.88;E0_1_2800m;5.00;206;205;15.00;23.11
1800.00;2100.00;2028.00;21.88;E0_0_2900m;5.00;169;169;12.88;21.94
1800.00;2100.00;2472.00;22.42;E0_1_2900m;5.00;206;207;15.32;22.54
1800.00;2100.00;2064.00;21.30;E0_0_3000m;5.00;172;171;13.46;21.34
1800.00;2100.00;2496.00;22.03;E0_1_3000m;5.00;208;207;15.73;22.09
1800.00;2100.00;2124.00;21.08;E0_0_3100m;5.00;177;177;13.99;21.19
1800.00;2100.00;2436.00;21.92;E0_1_3100m;5.00;203;206;15.55;21.97
1800.00;2100.00;2124.00;21.02;E0_0_3200m;5.00;177;177;14.04;21.07
1800.00;2100.00;2436.00;21.75;E0_1_3200m;5.00;203;203;15.55;21.79
1800.00;2100.00;2136.00;20.88;E0_0_3300m;5.00;178;178;14.21;20.95
1800.00;2100.00;2436.00;21.66;E0_1_3300m;5.00;203;204;15.65;21.71
1800.00;2100.00;2172.00;20.88;E0_0_3400m;5.00;181;181;14.45;20.95
1800.00;2100.00;2412.00;21.52;E0_1_3400m;5.00;201;201;15.56;21.57
1800.00;2100.00;2160.00;20.84;E0_0_3500m;5.00;180;181;14.46;20.92
1800.00;2100.00;2412.00;21.41;E0_1_3500m;5.00;201;201;15.65;21.45
1800.00;2100.00;2136.00;20.94;E0_0_3600m;5.00;178;178;14.17;21.00
1800.00;2100.00;2388.00;21.33;E0_1_3600m;5.00;199;199;15.55;21.35
1800.00;2100.00;2100.00;20.79;E0_0_3700m;5.00;175;175;14.03;20.85
1800.00;2100.00;2352.00;21.25;E0_1_3700m;5.00;196;196;15.37;21.28
1800.00;2100.00;2064.00;20.58;E0_0_3800m;5.00;172;172;13.93;20.66
1800.00;2100.00;2316.00;21.20;E0_1_3800m;5.00;193;193;15.18;21.22
1800.00;2100.00;2052.00;20.67;E0_0_3900m;5.00;171;171;13.79;20.73
1800.00;2100.00;2280.00;21.20;E0_1_3900m;5.00;190;190;14.94;21.23
1800.00;2100.00;2028.00;21.03;E0_0_4000m;5.00;169;169;13.39;21.09
1800.00;2100.00;2256.00;21.39;E0_1_4000m;5.00;188;188;14.65;21.47
1800.00;2100.00;1992.00;21.16;E0_0_4100m;5.00;166;167;13.08;21.25
1800.00;2100.00;2220.00;21.53;E0_1_4100m;5.00;185;185;14.32;21.69
1800.00;2100.00;1980.00;21.19;E0_0_4200m;5.00;165;165;12.98;21.28
1800.00;2100.00;2244.00;21.59;E0_1_4200m;5.00;187;187;14.43;21.75
1800.00;2100.00;1980.00;21.31;E0_0_4300m;5.00;165;166;12.93;21.38
1800.00;2100.00;2244.00;21.60;E0_1_4300m;5.00;187;187;14.43;21.71
1800.00;2100.00;2004.00;21.58;E0_0_4400m;5.00;167;167;12.90;21.67
1800.00;2100.00;2220.00;21.67;E0_1_4400m;5.00;185;185;14.23;21.79
1800.00;2100.00;2016.00;21.67;E0_0_4500m;5.00;168;167;12.89;21.76
1800.00;2100.00;2220.00;21.83;E0_1_4500m;5.00;185;185;14.12;21.98
1800.00;2100.00;2004.00;21.68;E0_0_4600m;5.00;167;167;12.84;21.81
1800.00;2100.00;2208.00;22.00;E0_1_4600m;5.00;184;184;13.94;22.16
1800.00;2100.00;2004.00;21.71;E0_0_4700m;5.00;167;168;12.85;21.87
1800.00;2100.00;2208.00;22.22;E0_1_4700m;5.00;184;184;13.80;22.41
1800.00;2100.00;2016.00;21.75;E0_0_4800m;5.00;168;168;12.87;21.98
1800.00;2100.00;2208.00;22.47;E0_1_4800m;5.00;184;183;13.64;22.69
1800.00;2100.00;2004.00;22.10;E0_0_4900m;5.00;167;167;12.59;22.29
1800.00;2100.00;2208.00;22.72;E0_1_4900m;5.00;184;184;13.49;22.97
1800.00;2100.00;1968.00;22.25;E0_0_5000m;5.00;164;164;12.29;22.42
1800.00;2100.00;2196.00;22.99;E0_1_5000m;5.00;183;183;13.27;23.25
2100.00;2400.00;0.00;-1.00;E0_0_0m;-1.00;0;0;0.00;-1.00
2100.00;2400.00;0.00;-1.00;E0_1_0m;-1.00;0;0;0.00;-1.00
2100.00;2400.00;1452.00;27.26;E0_0_100m;5.00;121;122;7.41;27.37
2100.00;2400.00;1992.00;28.69;E0_1_100m;5.00;166;166;9.64;28.81
2100.00;2400.00;1524.00;27.16;E0_0_200m;5.00;127;126;7.78;27.28
2100.00;2400.00;1908.00;29.23;E0_1_200m;5.00;159;159;9.07;29.40
2100.00;2400.00;1548.00;27.06;E0_0_300m;5.00;129;130;8.00;27.17
2100.00;2400.00;1884.00;29.02;E0_1_300m;5.00;157;157;9.02;29.21
2100.00;2400.00;1536.00;26.78;E0_0_400m;5.00;128;128;8.01;26.89
2100.00;2400.00;1932.00;28.71;E0_1_400m;5.00;161;161;9.35;28.89
2100.00;2400.00;1548.00;26.57;E0_0_500m;5.00;129;128;8.07;26.67
2100.00;2400.00;1968.00;28.39;E0_1_500m;5.00;164;164;9.63;28.59
2100.00;2400.00;1572.00;26.50;E0_0_600m;5.00;131;131;8.24;26.61
2100.00;2400.00;1992.00;28.05;E0_1_600m;5.00;166;166;9.86;28.24
2100.00;2400.00;1584.00;26.44;E0_0_700m;5.00;132;132;8.32;26.56
2100.00;2400.00;2004.00;27.83;E0_1_700m;5.00;167;167;10.01;28.02
2100.00;2400.00;1620.00;26.25;E0_0_800m;5.00;135;135;8.57;26.36
2100.00;2400.00;2004.00;27.62;E0_1_800m;5.00;167;167;10.08;27.81
2100.00;2400.00;1620.00;26.17;E0_0_900m;5.00;135;135;8.60;26.28
2100.00;2400.00;2016.00;27.45;E0_1_900m;5.00;168;167;10.18;27.64
2100.00;2400.00;1596.00;26.03;E0_0_1000m;5.00;133;134;8.53;26.15
2100.00;2400.00;2028.00;27.39;E0_1_1000m;5.00;169;169;10.25;27.58
2100.00;2400.00;1620.00;25.98;E0_0_1100m;5.00;135;135;8.66;26.09
2100.00;2400.00;2016.00;27.41;E0_1_1100m;5.00;168;168;10.21;27.60
2100.00;2400.00;1644.00;25.88;E0_0_1200m;5.00;137;137;8.82;26.00
2100.00;2400.00;1992.00;27.40;E0_1_1200m;5.00;166;166;10.10;27.60
2100.00;2400.00;1620.00;25.71;E0_0_1300m;5.00;135;136;8.79;25.83
2100.00;2400.00;2016.00;27.25;E0_1_1300m;5.00;168;168;10.28;27.45
2100.00;2400.00;1632.00;25.51;E0_0_1400m;5.00;136;136;8.88;25.63
2100.00;2400.00;2028.00;27.04;E0_1_1400m;5.00;169;169;10.42;27.25
2100.00;2400.00;1644.00;25.43;E0_0_1500m;5.00;137;136;8.92;25.55
2100.00;2400.00;2064.00;26.84;E0_1_1500m;5.00;172;172;10.68;27.06
2100.00;2400.00;1644.00;25.27;E0_0_1600m;5.00;137;137;9.03;25.39
2100.00;2400.00;2076.00;26.71;E0_1_1600m;5.00;173;172;10.79;26.94
2100.00;2400.00;1632.00;25.16;E0_0_1700m;5.00;136;137;9.06;25.30
2100.00;2400.00;2112.00;26.60;E0_1_1700m;5.00;176;177;11.08;26.85
2100.00;2400.00;1644.00;24.91;E0_0_1800m;5.00;137;137;9.17;25.00
2100.00;2400.00;2112.00;26.54;E0_1_1800m;5.00;176;176;11.05;26.80
2100.00;2400.00;1620.00;24.80;E0_0_1900m;5.00;135;134;9.05;24.89
2100.00;2400.00;2136.00;26.48;E0_1_1900m;5.00;178;178;11.20;26.75
2100.00;2400.00;1656.00;24.82;E0_0_2000m;5.00;138;138;9.27;24.92
2100.00;2400.00;2124.00;26.49;E0_1_2000m;5.00;177;177;11.13;26.79
2100.00;2400.00;1620.00;24.89;E0_0_2100m;5.00;135;135;9.04;25.00
2100.00;2400.00;2148.00;26.49;E0_1_2100m;5.00;179;179;11.26;26.79
2100.00;2400.00;1560.00;25.00;E0_0_2200m;5.00;130;130;8.67;25.11
2100.00;2400.00;2172.00;26.46;E0_1_2200m;5.00;181;181;11.40;26.77
2100.00;2400.00;1548.00;24.99;E0_0_2300m;5.00;129;129;8.60;25.11
2100.00;2400.00;2160.00;26.37;E0_1_2300m;5.00;180;179;11.34;26.68
2100.00;2400.00;1524.00;24.85;E0_0_2400m;5.00;127;127;8.52;24.96
2100.00;2400.00;2124.00;26.23;E0_1_2400m;5.00;177;178;11.29;26.54
2100.00;2400.00;1548.00;24.70;E0_0_2500m;5.00;129;129;8.70;24.81
2100.00;2400.00;2124.00;26.17;E0_1_2500m;5.00;177;177;11.27;26.50
2100.00;2400.00;1584.00;24.51;E0_0_2600m;5.00;132;132;8.98;24.61
2100.00;2400.00;2112.00;25.98;E0_1_2600m;5.00;176;176;11.29;26.32
2100.00;2400.00;1584.00;24.34;E0_0_2700m;5.00;132;132;9.04;24.44
2100.00;2400.00;2148.00;25.79;E0_1_2700m;5.00;179;179;11.57;26.11
2100.00;2400.00;1596.00;24.03;E0_0_2800m;5.00;133;133;9.22;24.12
2100.00;2400.00;2208.00;25.47;E0_1_2800m;5.00;184;184;12.04;25.76
2100.00;2400.00;1608.00;23.47;E0_0_2900m;5.00;134;134;9.51;23.57
2100.00;2400.00;2184.00;24.68;E0_1_2900m;5.00;182;181;12.29;24.91
2100.00;2400.00;1596.00;22.44;E0_0_3000m;5.00;133;133;9.88;22.48
2100.00;2400.00;2160.00;23.29;E0_1_3000m;5.00;180;180;12.88;23.41
2100.00;2400.00;1656.00;22.31;E0_0_3100m;5.00;138;138;10.31;22.33
2100.00;2400.00;2100.00;23.05;E0_1_3100m;5.00;175;176;12.70;23.14
2100.00;2400.00;1716.00;22.34;E0_0_3200m;5.00;143;144;10.67;22.34
2100.00;2400.00;2040.00;23.05;E0_1_3200m;5.00;170;170;12.29;23.21
2100.00;2400.00;1740.00;22.29;E0_0_3300m;5.00;145;145;10.84;22.30
2100.00;2400.00;2076.00;23.05;E0_1_3300m;5.00;173;172;12.48;23.17
2100.00;2400.00;1752.00;22.31;E0_0_3400m;5.00;146;146;10.91;22.32
2100.00;2400.00;2052.00;23.01;E0_1_3400m;5.00;171;171;12.39;23.11
2100.00;2400.00;1776.00;22.28;E0_0_3500m;5.00;148;147;11.00;22.30
2100.00;2400.00;1980.00;23.11;E0_1_3500m;5.00;165;165;11.90;23.24
2100.00;2400.00;1752.00;22.31;E0_0_3600m;5.00;146;147;10.94;22.31
2100.00;2400.00;1992.00;23.15;E0_1_3600m;5.00;166;166;11.95;23.30
2100.00;2400.00;1740.00;22.29;E0_0_3700m;5.00;145;145;10.84;22.29
2100.00;2400.00;2004.00;23.09;E0_1_3700m;5.00;167;167;12.05;23.23
2100.00;2400.00;1752.00;22.34;E0_0_3800m;5.00;146;146;10.89;22.34
2100.00;2400.00;2016.00;23.03;E0_1_3800m;5.00;168;168;12.16;23.15
2100.00;2400.00;1740.00;22.35;E0_0_3900m;5.00;145;145;10.81;22.35
2100.00;2400.00;2016.00;23.30;E0_1_3900m;5.00;168;168;12.02;23.44
2100.00;2400.00;1728.00;23.49;E0_0_4000m;5.00;144;144;10.22;23.56
2100.00;2400.00;2016.00;25.26;E0_1_4000m;5.00;168;168;11.09;25.44
2100.00;2400.00;1692.00;25.98;E0_0_4100m;5.00;141;140;9.04;26.12
2100.00;2400.00;2064.00;28.24;E0_1_4100m;5.00;172;172;10.15;28.33
2100.00;2400.00;1704.00;26.04;E0_0_4200m;5.00;142;142;9.09;26.19
2100.00;2400.00;2028.00;28.65;E0_1_4200m;5.00;169;170;9.86;28.79
2100.00;2400.00;1680.00;25.99;E0_0_4300m;5.00;140;139;8.95;26.16
2100.00;2400.00;2088.00;28.58;E0_1_4300m;5.00;174;174;10.15;28.75
2100.00;2400.00;1644.00;25.96;E0_0_4400m;5.00;137;137;8.80;26.09
2100.00;2400.00;2112.00;28.45;E0_1_4400m;5.00;176;176;10.31;28.61
2100.00;2400.00;1644.00;25.77;E0_0_4500m;5.00;137;137;8.86;25.88
2100.00;2400.00;2112.00;28.29;E0_1_4500m;5.00;176;176;10.37;28.44
2100.00;2400.00;1644.00;25.49;E0_0_4600m;5.00;137;138;8.98;25.58
2100.00;2400.00;2124.00;28.10;E0_1_4600m;5.00;177;177;10.50;28.24
2100.00;2400.00;1620.00;25.25;E0_0_4700m;5.00;135;134;8.88;25.33
2100.00;2400.00;2172.00;27.95;E0_1_4700m;5.00;181;181;10.79;28.07
2100.00;2400.00;1632.00;25.28;E0_0_4800m;5.00;136;136;8.97;25.37
2100.00;2400.00;2172.00;27.82;E0_1_4800m;5.00;181;181;10.84;27.93
2100.00;2400.00;1608.00;25.25;E0_0_4900m;5.00;134;134;8.85;25.34
2100.00;2400.00;2184.00;27.73;E0_1_4900m;5.00;182;182;10.94;27.85
2100.00;2400.00;1584.00;25.25;E0_0_5000m;5.00;132;132;8.71;25.34
2100.00;2400.00;2220.00;27.75;E0_1_5000m;5.00;185;185;11.11;27.87
2400.00;2700.00;0.00;-1.00;E0_0_0m;-1.00;0;0;0.00;-1.00
2400.00;2700.00;0.00;-1.00;E0_1_0m;-1.00;0;0;0.00;-1.00
2400.00;2700.00;1932.00;24.85;E0_0_100m;5.00;161;160;10.79;24.99
2400.00;2700.00;2412.00;25.81;E0_1_100m;5.00;201;201;12.98;25.95
2400.00;2700.00;1848.00;25.26;E0_0_200m;5.00;154;155;10.23;25.40
2400.00;2700.00;2472.00;26.25;E0_1_200m;5.00;206;206;13.08;26.46
2400.00;2700.00;1812.00;25.31;E0_0_300m;5.00;151;151;9.94;25.43
2400.00;2700.00;2484.00;26.32;E0_1_300m;5.00;207;207;13.11;26.48
2400.00;2700.00;1788.00;25.18;E0_0_400m;5.00;149;148;9.81;25.29
2400.00;2700.00;2496.00;26.40;E0_1_400m;5.00;208;208;13.13;26.55
2400.00;2700.00;1776.00;25.08;E0_0_500m;5.00;148;148;9.84;25.20
2400.00;2700.00;2460.00;26.37;E0_1_500m;5.00;205;205;12.96;26.51
2400.00;2700.00;1824.00;25.07;E0_0_600m;5.00;152;152;10.11;25.19
2400.00;2700.00;2388.00;26.31;E0_1_600m;5.00;199;199;12.61;26.42
2400.00;2700.00;1824.00;24.98;E0_0_700m;5.00;152;152;10.14;25.15
2400.00;2700.00;2364.00;26.13;E0_1_700m;5.00;197;198;12.62;26.28
2400.00;2700.00;1800.00;24.81;E0_0_800m;5.00;150;150;10.08;24.97
2400.00;2700.00;2328.00;25.97;E0_1_800m;5.00;194;195;12.51;26.14
2400.00;2700.00;1788.00;24.74;E0_0_900m;5.00;149;149;10.04;24.90
2400.00;2700.00;2328.00;25.77;E0_1_900m;5.00;194;194;12.55;25.94
2400.00;2700.00;1800.00;24.72;E0_0_1000m;5.00;150;149;10.10;24.87
2400.00;2700.00;2328.00;25.66;E0_1_1000m;5.00;194;193;12.58;25.82
2400.00;2700.00;1800.00;24.71;E0_0_1100m;5.00;150;150;10.12;24.85
2400.00;2700.00;2316.00;25.59;E0_1_1100m;5.00;193;193;12.57;25.75
2400.00;2700.00;1788.00;24.72;E0_0_1200m;5.00;149;149;10.05;24.86
2400.00;2700.00;2316.00;25.53;E0_1_1200m;5.00;193;194;12.61;25.68
2400.00;2700.00;1776.00;24.74;E0_0_1300m;5.00;148;147;9.93;24.88
2400.00;2700.00;2268.00;25.51;E0_1_1300m;5.00;189;189;12.35;25.66
2400.00;2700.00;1764.00;24.72;E0_0_1400m;5.00;147;147;9.91;24.85
2400.00;2700.00;2268.00;25.51;E0_1_1400m;5.00;189;189;12.35;25.66
2400.00;2700.00;1752.00;24.73;E0_0_1500m;5.00;146;146;9.84;24.93
2400.00;2700.00;2220.00;25.60;E0_1_1500m;5.00;185;186;12.10;25.78
2400.00;2700.00;1764.00;24.65;E0_0_1600m;5.00;147;147;9.94;24.79
2400.00;2700.00;2208.00;25.68;E0_1_1600m;5.00;184;184;11.94;25.87
2400.00;2700.00;1776.00;24.69;E0_0_1700m;5.00;148;147;9.94;24.83
2400.00;2700.00;2160.00;25.75;E0_1_1700m;5.00;180;180;11.65;25.94
2400.00;2700.00;1776.00;24.68;E0_0_1800m;5.00;148;148;9.99;24.83
2400.00;2700.00;2160.00;25.82;E0_1_1800m;5.00;180;180;11.62;26.01
2400.00;2700.00;1764.00;24.72;E0_0_1900m;5.00;147;147;9.91;24.86
2400.00;2700.00;2160.00;25.83;E0_1_1900m;5.00;180;180;11.62;25.99
2400.00;2700.00;1752.00;24.61;E0_0_2000m;5.00;146;146;9.89;24.73
2400.00;2700.00;2136.00;25.71;E0_1_2000m;5.00;178;178;11.54;25.84
2400.00;2700.00;1752.00;24.33;E0_0_2100m;5.00;146;146;10.00;24.46
2400.00;2700.00;2100.00;25.42;E0_1_2100m;5.00;175;176;11.52;25.52
2400.00;2700.00;1752.00;23.89;E0_0_2200m;5.00;146;146;10.18;24.06
2400.00;2700.00;2088.00;25.05;E0_1_2200m;5.00;174;174;11.57;25.16
2400.00;2700.00;1764.00;23.46;E0_0_2300m;5.00;147;147;10.44;23.66
2400.00;2700.00;2076.00;24.63;E0_1_2300m;5.00;173;173;11.71;24.81
2400.00;2700.00;1788.00;22.96;E0_0_2400m;5.00;149;149;10.82;23.19
2400.00;2700.00;2124.00;24.01;E0_1_2400m;5.00;177;176;12.24;24.31
2400.00;2700.00;1800.00;22.43;E0_0_2500m;5.00;150;150;11.15;22.74
2400.00;2700.00;2160.00;23.24;E0_1_2500m;5.00;180;180;12.91;23.63
2400.00;2700.00;1788.00;21.89;E0_0_2600m;5.00;149;149;11.34;22.27
2400.00;2700.00;2184.00;22.65;E0_1_2600m;5.00;182;182;13.39;23.16
2400.00;2700.00;1752.00;21.39;E0_0_2700m;5.00;146;147;11.44;21.84
2400.00;2700.00;2160.00;22.14;E0_1_2700m;5.00;180;180;13.55;22.76
2400.00;2700.00;1728.00;20.92;E0_0_2800m;5.00;144;144;11.47;21.37
2400.00;2700.00;2100.00;21.48;E0_1_2800m;5.00;175;176;13.60;22.09
2400.00;2700.00;1704.00;19.76;E0_0_2900m;5.00;142;142;11.98;20.09
2400.00;2700.00;2088.00;20.46;E0_1_2900m;5.00;174;174;14.18;20.90
2400.00;2700.00;1728.00;18.04;E0_0_3000m;5.00;144;144;13.30;18.17
2400.00;2700.00;2040.00;18.88;E0_1_3000m;5.00;170;171;15.01;19.09
2400.00;2700.00;1764.00;17.65;E0_0_3100m;5.00;147;147;13.88;17.75
2400.00;2700.00;2004.00;18.62;E0_1_3100m;5.00;167;168;14.95;18.85
2400.00;2700.00;1800.00;17.84;E0_0_3200m;5.00;150;150;14.01;17.89
2400.00;2700.00;1968.00;18.64;E0_1_3200m;5.00;164;164;14.66;19.00
2400.00;2700.00;1728.00;17.79;E0_0_3300m;5.00;144;144;13.49;17.83
2400.00;2700.00;1944.00;18.55;E0_1_3300m;5.00;162;162;14.55;18.91
2400.00;2700.00;1728.00;17.72;E0_0_3400m;5.00;144;144;13.54;17.77
2400.00;2700.00;1932.00;18.56;E0_1_3400m;5.00;161;162;14.50;18.87
2400.00;2700.00;1728.00;17.64;E0_0_3500m;5.00;144;144;13.60;17.70
2400.00;2700.00;1920.00;18.44;E0_1_3500m;5.00;160;161;14.55;18.65
2400.00;2700.00;1716.00;17.70;E0_0_3600m;5.00;143;143;13.47;17.74
2400.00;2700.00;1908.00;18.33;E0_1_3600m;5.00;159;159;14.46;18.45
2400.00;2700.00;1692.00;17.68;E0_0_3700m;5.00;141;141;13.29;17.70
2400.00;2700.00;1920.00;18.25;E0_1_3700m;5.00;160;160;14.62;18.32
2400.00;2700.00;1668.00;17.66;E0_0_3800m;5.00;139;139;13.12;17.68
2400.00;2700.00;1896.00;18.28;E0_1_3800m;5.00;158;158;14.41;18.39
2400.00;2700.00;1632.00;17.72;E0_0_3900m;5.00;136;136;12.79;17.78
2400.00;2700.00;1908.00;18.72;E0_1_3900m;5.00;159;159;14.15;18.96
2400.00;2700.00;1608.00;19.35;E0_0_4000m;5.00;134;134;11.54;19.50
2400.00;2700.00;1908.00;21.45;E0_1_4000m;5.00;159;160;12.41;21.87
2400.00;2700.00;1560.00;26.59;E0_0_4100m;5.00;130;131;8.21;26.66
2400.00;2700.00;1956.00;27.68;E0_1_4100m;5.00;163;163;9.81;27.80
2400.00;2700.00;1560.00;27.22;E0_0_4200m;5.00;130;131;8.02;27.36
2400.00;2700.00;1956.00;28.83;E0_1_4200m;5.00;163;162;9.39;28.95
2400.00;2700.00;1536.00;27.17;E0_0_4300m;5.00;128;128;7.85;27.32
2400.00;2700.00;1956.00;28.98;E0_1_4300m;5.00;163;163;9.37;29.11
2400.00;2700.00;1584.00;27.13;E0_0_4400m;5.00;132;132;8.11;27.30
2400.00;2700.00;1920.00;28.95;E0_1_4400m;5.00;160;160;9.21;29.07
2400.00;2700.00;1608.00;27.04;E0_0_4500m;5.00;134;134;8.26;27.21
2400.00;2700.00;1896.00;28.91;E0_1_4500m;5.00;158;158;9.11;29.02
2400.00;2700.00;1608.00;27.04;E0_0_4600m;5.00;134;133;8.24;27.21
2400.00;2700.00;1896.00;28.90;E0_1_4600m;5.00;158;159;9.15;28.99
2400.00;2700.00;1596.00;27.00;E0_0_4700m;5.00;133;134;8.25;27.15
2400.00;2700.00;1884.00;28.80;E0_1_4700m;5.00;157;157;9.08;28.88
2400.00;2700.00;1596.00;26.96;E0_0_4800m;5.00;133;133;8.22;27.09
2400.00;2700.00;1884.00;28.77;E0_1_4800m;5.00;157;157;9.09;28.86
2400.00;2700.00;1596.00;27.01;E0_0_4900m;5.00;133;133;8.21;27.12
2400.00;2700.00;1896.00;28.66;E0_1_4900m;5.00;158;158;9.19;28.75
2400.00;2700.00;1596.00;26.99;E0_0_5000m;5.00;133;134;8.27;27.08
2400.00;2700.00;1896.00;28.65;E0_1_5000m;5.00;158;158;9.19;28.75
2700.00;3000.00;0.00;-1.00;E0_0_0m;-1.00;0;0;0.00;-1.00
2700.00;3000.00;0.00;-1.00;E0_1_0m;-1.00;0;0;0.00;-1.00
2700.00;3000.00;1752.00;25.01;E0_0_100m;5.00;146;146;9.73;25.16
2700.00;3000.00;2364.00;25.83;E0_1_100m;5.00;197;197;12.71;26.00
2700.00;3000.00;1752.00;25.64;E0_0_200m;5.00;146;146;9.49;25.78
2700.00;3000.00;2364.00;26.47;E0_1_200m;5.00;197;197;12.40;26.65
2700.00;3000.00;1740.00;25.77;E0_0_300m;5.00;145;146;9.43;25.88
2700.00;3000.00;2388.00;26.75;E0_1_300m;5.00;199;199;12.40;26.92
2700.00;3000.00;1740.00;25.78;E0_0_400m;5.00;145;145;9.37;25.89
2700.00;3000.00;2376.00;26.87;E0_1_400m;5.00;198;198;12.28;27.01
2700.00;3000.00;1740.00;25.78;E0_0_500m;5.00;145;145;9.38;25.88
2700.00;3000.00;2388.00;26.98;E0_1_500m;5.00;199;199;12.29;27.11
2700.00;3000.00;1776.00;25.77;E0_0_600m;5.00;148;148;9.57;25.88
2700.00;3000.00;2352.00;27.00;E0_1_600m;5.00;196;197;12.12;27.13
2700.00;3000.00;1824.00;25.73;E0_0_700m;5.00;152;152;9.84;25.85
2700.00;3000.00;2304.00;27.03;E0_1_700m;5.00;192;192;11.84;27.15
2700.00;3000.00;1848.00;25.48;E0_0_800m;5.00;154;154;10.07;25.59
2700.00;3000.00;2304.00;26.93;E0_1_800m;5.00;192;191;11.82;27.04
2700.00;3000.00;1860.00;25.31;E0_0_900m;5.00;155;156;10.26;25.41
2700.00;3000.00;2292.00;26.66;E0_1_900m;5.00;191;191;11.94;26.74
2700.00;3000.00;1848.00;25.19;E0_0_1000m;5.00;154;154;10.19;25.28
2700.00;3000.00;2292.00;26.32;E0_1_1000m;5.00;191;191;12.09;26.40
2700.00;3000.00;1848.00;25.05;E0_0_1100m;5.00;154;154;10.24;25.14
2700.00;3000.00;2280.00;26.13;E0_1_1100m;5.00;190;190;12.12;26.22
2700.00;3000.00;1848.00;24.80;E0_0_1200m;5.00;154;154;10.35;24.89
2700.00;3000.00;2304.00;25.93;E0_1_1200m;5.00;192;191;12.33;26.04
2700.00;3000.00;1896.00;24.49;E0_0_1300m;5.00;158;158;10.75;24.60
2700.00;3000.00;2328.00;25.71;E0_1_1300m;5.00;194;194;12.57;25.82
2700.00;3000.00;1884.00;24.50;E0_0_1400m;5.00;157;158;10.74;24.60
2700.00;3000.00;2316.00;25.50;E0_1_1400m;5.00;193;193;12.61;25.62
2700.00;3000.00;1872.00;24.44;E0_0_1500m;5.00;156;156;10.64;24.54
2700.00;3000.00;2328.00;25.33;E0_1_1500m;5.00;194;194;12.76;25.45
2700.00;3000.00;1848.00;24.33;E0_0_1600m;5.00;154;154;10.55;24.42
2700.00;3000.00;2328.00;25.18;E0_1_1600m;5.00;194;194;12.84;25.30
2700.00;3000.00;1860.00;24.21;E0_0_1700m;5.00;155;156;10.72;24.29
2700.00;3000.00;2340.00;25.01;E0_1_1700m;5.00;195;195;12.99;25.13
2700.00;3000.00;1860.00;24.09;E0_0_1800m;5.00;155;155;10.73;24.16
2700.00;3000.00;2340.00;24.81;E0_1_1800m;5.00;195;195;13.10;24.92
2700.00;3000.00;1860.00;23.89;E0_0_1900m;5.00;155;156;10.84;23.96
2700.00;3000.00;2340.00;24.61;E0_1_1900m;5.00;195;195;13.21;24.71
2700.00;3000.00;1872.00;23.71;E0_0_2000m;5.00;156;156;10.96;23.79
2700.00;3000.00;2340.00;24.43;E0_1_2000m;5.00;195;195;13.30;24.56
2700.00;3000.00;1896.00;23.51;E0_0_2100m;5.00;158;158;11.20;23.60
2700.00;3000.00;2340.00;24.35;E0_1_2100m;5.00;195;194;13.30;24.52
2700.00;3000.00;1932.00;23.15;E0_0_2200m;5.00;161;161;11.59;23.27
2700.00;3000.00;2340.00;23.97;E0_1_2200m;5.00;195;195;13.56;24.18
2700.00;3000.00;1920.00;22.72;E0_0_2300m;5.00;160;160;11.74;22.86
2700.00;3000.00;2352.00;23.51;E0_1_2300m;5.00;196;196;13.90;23.75
2700.00;3000.00;1872.00;22.20;E0_0_2400m;5.00;156;156;11.71;22.36
2700.00;3000.00;2328.00;22.97;E0_1_2400m;5.00;194;194;14.07;23.25
2700.00;3000.00;1836.00;21.56;E0_0_2500m;5.00;153;153;11.83;21.75
2700.00;3000.00;2292.00;22.29;E0_1_2500m;5.00;191;191;14.28;22.59
2700.00;3000.00;1836.00;20.91;E0_0_2600m;5.00;153;154;12.23;21.10
2700.00;3000.00;2244.00;21.54;E0_1_2600m;5.00;187;188;14.48;21.86
2700.00;3000.00;1860.00;20.16;E0_0_2700m;5.00;155;154;12.74;20.32
2700.00;3000.00;2244.00;20.60;E0_1_2700m;5.00;187;187;15.13;20.86
2700.00;3000.00;1836.00;19.27;E0_0_2800m;5.00;153;154;13.31;19.39
2700.00;3000.00;2268.00;19.74;E0_1_2800m;5.00;189;188;15.93;19.95
2700.00;3000.00;1860.00;18.65;E0_0_2900m;5.00;155;155;13.85;18.74
2700.00;3000.00;2268.00;18.97;E0_1_2900m;5.00;189;189;16.61;19.09
2700.00;3000.00;1860.00;17.74;E0_0_3000m;5.00;155;155;14.56;17.77
2700.00;3000.00;2280.00;18.26;E0_1_3000m;5.00;190;189;17.34;18.31
2700.00;3000.00;1884.00;17.61;E0_0_3100m;5.00;157;158;14.91;17.64
2700.00;3000.00;2232.00;18.16;E0_1_3100m;5.00;186;185;17.06;18.25
2700.00;3000.00;1908.00;17.70;E0_0_3200m;5.00;159;159;14.97;17.72
2700.00;3000.00;2208.00;18.15;E0_1_3200m;5.00;184;184;16.89;18.26
2700.00;3000.00;1944.00;17.67;E0_0_3300m;5.00;162;162;15.28;17.69
2700.00;3000.00;2196.00;18.11;E0_1_3300m;5.00;183;183;16.85;18.19
2700.00;3000.00;2016.00;17.71;E0_0_3400m;5.00;168;169;15.90;17.73
2700.00;3000.00;2196.00;18.11;E0_1_3400m;5.00;183;182;16.80;18.17
2700.00;3000.00;2040.00;17.74;E0_0_3500m;5.00;170;170;15.97;17.75
2700.00;3000.00;2196.00;18.04;E0_1_3500m;5.00;183;182;16.81;18.07
2700.00;3000.00;2028.00;17.70;E0_0_3600m;5.00;169;169;15.92;17.70
2700.00;3000.00;2196.00;17.95;E0_1_3600m;5.00;183;183;16.99;17.95
2700.00;3000.00;2028.00;17.51;E0_0_3700m;5.00;169;169;16.09;17.52
2700.00;3000.00;2208.00;17.90;E0_1_3700m;5.00;184;184;17.13;17.90
2700.00;3000.00;2052.00;17.49;E0_0_3800m;5.00;171;171;16.30;17.52
2700.00;3000.00;2184.00;17.92;E0_1_3800m;5.00;182;182;16.92;17.93
2700.00;3000.00;2076.00;17.49;E0_0_3900m;5.00;173;173;16.49;17.51
2700.00;3000.00;2160.00;18.28;E0_1_3900m;5.00;180;180;16.41;18.41
2700.00;3000.00;2040.00;19.24;E0_0_4000m;5.00;170;171;14.76;19.38
2700.00;3000.00;2196.00;20.95;E0_1_4000m;5.00;183;185;14.59;21.25
2700.00;3000.00;2004.00;25.82;E0_0_4100m;5.00;167;169;10.83;25.93
2700.00;3000.00;2244.00;26.45;E0_1_4100m;5.00;187;187;11.78;26.59
2700.00;3000.00;1968.00;26.15;E0_0_4200m;5.00;164;163;10.40;26.27
2700.00;3000.00;2292.00;27.22;E0_1_4200m;5.00;191;192;11.73;27.43
2700.00;3000.00;1956.00;26.15;E0_0_4300m;5.00;163;163;10.39;26.26
2700.00;3000.00;2316.00;27.31;E0_1_4300m;5.00;193;193;11.78;27.52
2700.00;3000.00;1908.00;25.90;E0_0_4400m;5.00;159;159;10.23;26.00
2700.00;3000.00;2340.00;27.32;E0_1_4400m;5.00;195;195;11.90;27.50
2700.00;3000.00;1920.00;25.71;E0_0_4500m;5.00;160;160;10.37;25.82
2700.00;3000.00;2340.00;27.25;E0_1_4500m;5.00;195;195;11.93;27.41
2700.00;3000.00;1980.00;25.52;E0_0_4600m;5.00;165;165;10.78;25.63
2700.00;3000.00;2292.00;27.07;E0_1_4600m;5.00;191;191;11.76;27.26
2700.00;3000.00;2004.00;25.28;E0_0_4700m;5.00;167;166;10.97;25.40
2700.00;3000.00;2292.00;26.84;E0_1_4700m;5.00;191;191;11.86;27.03
2700.00;3000.00;1992.00;25.06;E0_0_4800m;5.00;166;166;11.04;25.17
2700.00;3000.00;2316.00;26.63;E0_1_4800m;5.00;193;193;12.08;26.83
2700.00;3000.00;2004.00;24.86;E0_0_4900m;5.00;167;167;11.20;24.97
2700.00;3000.00;2328.00;26.57;E0_1_4900m;5.00;194;194;12.17;26.78
2700.00;3000.00;1992.00;24.65;E0_0_5000m;5.00;166;165;11.17;24.76
2700.00;3000.00;2328.00;26.54;E0_1_5000m;5.00;194;194;12.18;26.75
3000.00;3300.00;0.00;-1.00;E0_0_0m;-1.00;0;0;0.00;-1.00
3000.00;3300.00;0.00;-1.00;E0_1_0m;-1.00;0;0;0.00;-1.00
3000.00;3300.00;1704.00;26.01;E0_0_100m;5.00;142;143;9.10;26.19
3000.00;3300.00;2016.00;27.05;E0_1_100m;5.00;168;168;10.35;27.26
3000.00;3300.00;1752.00;26.30;E0_0_200m;5.00;146;146;9.25;26.48
3000.00;3300.00;1968.00;28.10;E0_1_200m;5.00;164;165;9.79;28.34
3000.00;3300.00;1728.00;26.35;E0_0_300m;5.00;144;144;9.11;26.54
3000.00;3300.00;1992.00;28.00;E0_1_300m;5.00;166;166;9.88;28.24
3000.00;3300.00;1716.00;26.29;E0_0_400m;5.00;143;143;9.07;26.48
3000.00;3300.00;2004.00;27.77;E0_1_400m;5.00;167;167;10.02;28.00
3000.00;3300.00;1692.00;26.02;E0_0_500m;5.00;141;141;9.03;26.19
3000.00;3300.00;2016.00;27.56;E0_1_500m;5.00;168;168;10.16;27.80
3000.00;3300.00;1692.00;25.77;E0_0_600m;5.00;141;142;9.18;25.95
3000.00;3300.00;1992.00;27.46;E0_1_600m;5.00;166;166;10.08;27.69
3000.00;3300.00;1704.00;25.66;E0_0_700m;5.00;142;142;9.22;25.85
3000.00;3300.00;2004.00;27.32;E0_1_700m;5.00;167;167;10.19;27.51
3000.00;3300.00;1704.00;25.64;E0_0_800m;5.00;142;142;9.23;25.84
3000.00;3300.00;1992.00;27.40;E0_1_800m;5.00;166;166;10.10;27.58
3000.00;3300.00;1716.00;25.61;E0_0_900m;5.00;143;143;9.31;25.82
3000.00;3300.00;2016.00;27.34;E0_1_900m;5.00;168;168;10.24;27.53
3000.00;3300.00;1740.00;25.55;E0_0_1000m;5.00;145;145;9.46;25.76
3000.00;3300.00;2040.00;27.26;E0_1_1000m;5.00;170;170;10.39;27.44
3000.00;3300.00;1704.00;25.54;E0_0_1100m;5.00;142;142;9.27;25.72
3000.00;3300.00;2100.00;27.20;E0_1_1100m;5.00;175;175;10.72;27.38
3000.00;3300.00;1704.00;25.48;E0_0_1200m;5.00;142;142;9.29;25.62
3000.00;3300.00;2100.00;27.12;E0_1_1200m;5.00;175;175;10.76;27.28
3000.00;3300.00;1704.00;25.47;E0_0_1300m;5.00;142;142;9.29;25.61
3000.00;3300.00;2052.00;26.91;E0_1_1300m;5.00;171;171;10.59;27.07
3000.00;3300.00;1692.00;25.16;E0_0_1400m;5.00;141;140;9.28;25.30
3000.00;3300.00;2076.00;26.66;E0_1_1400m;5.00;173;173;10.82;26.79
3000.00;3300.00;1716.00;24.96;E0_0_1500m;5.00;143;143;9.55;25.10
3000.00;3300.00;2088.00;26.51;E0_1_1500m;5.00;174;174;10.94;26.64
3000.00;3300.00;1740.00;24.87;E0_0_1600m;5.00;145;145;9.72;25.02
3000.00;3300.00;2076.00;26.33;E0_1_1600m;5.00;173;174;10.98;26.48
3000.00;3300.00;1764.00;24.79;E0_0_1700m;5.00;147;146;9.83;24.93
3000.00;3300.00;2076.00;26.22;E0_1_1700m;5.00;173;173;10.99;26.38
3000.00;3300.00;1728.00;24.59;E0_0_1800m;5.00;144;145;9.81;24.73
3000.00;3300.00;2112.00;26.05;E0_1_1800m;5.00;176;176;11.26;26.21
3000.00;3300.00;1752.00;24.63;E0_0_1900m;5.00;146;145;9.85;24.77
3000.00;3300.00;2124.00;25.88;E0_1_1900m;5.00;177;177;11.40;26.03
3000.00;3300.00;1716.00;24.55;E0_0_2000m;5.00;143;143;9.71;24.69
3000.00;3300.00;2136.00;25.84;E0_1_2000m;5.00;178;178;11.48;25.99
3000.00;3300.00;1704.00;24.43;E0_0_2100m;5.00;142;142;9.69;24.56
3000.00;3300.00;2124.00;25.66;E0_1_2100m;5.00;177;177;11.49;25.80
3000.00;3300.00;1680.00;24.27;E0_0_2200m;5.00;140;142;9.67;24.39
3000.00;3300.00;2124.00;25.44;E0_1_2200m;5.00;177;177;11.60;25.62
3000.00;3300.00;1668.00;24.09;E0_0_2300m;5.00;139;140;9.62;24.20
3000.00;3300.00;2136.00;25.12;E0_1_2300m;5.00;178;178;11.81;25.27
3000.00;3300.00;1716.00;23.84;E0_0_2400m;5.00;143;143;10.00;23.97
3000.00;3300.00;2136.00;24.82;E0_1_2400m;5.00;178;178;11.95;24.96
3000.00;3300.00;1728.00;23.42;E0_0_2500m;5.00;144;144;10.25;23.56
3000.00;3300.00;2172.00;24.15;E0_1_2500m;5.00;181;181;12.49;24.31
3000.00;3300.00;1764.00;22.63;E0_0_2600m;5.00;147;146;10.78;22.80
3000.00;3300.00;2184.00;23.12;E0_1_2600m;5.00;182;183;13.14;23.28
3000.00;3300.00;1752.00;21.38;E0_0_2700m;5.00;146;146;11.38;21.54
3000.00;3300.00;2220.00;21.87;E0_1_2700m;5.00;185;185;14.10;22.01
3000.00;3300.00;1776.00;20.13;E0_0_2800m;5.00;148;147;12.18;20.26
3000.00;3300.00;2220.00;20.50;E0_1_2800m;5.00;185;185;15.04;20.61
3000.00;3300.00;1776.00;18.88;E0_0_2900m;5.00;148;148;13.07;18.98
3000.00;3300.00;2220.00;19.36;E0_1_2900m;5.00;185;185;15.93;19.44
3000.00;3300.00;1776.00;17.56;E0_0_3000m;5.00;148;148;14.04;17.60
3000.00;3300.00;2208.00;18.28;E0_1_3000m;5.00;184;184;16.78;18.31
3000.00;3300.00;1872.00;17.50;E0_0_3100m;5.00;156;156;14.86;17.52
3000.00;3300.00;2124.00;18.11;E0_1_3100m;5.00;177;177;16.29;18.13
3000.00;3300.00;1884.00;17.54;E0_0_3200m;5.00;157;157;14.92;17.55
3000.00;3300.00;2124.00;18.00;E0_1_3200m;5.00;177;177;16.39;18.01
3000.00;3300.00;1884.00;17.56;E0_0_3300m;5.00;157;157;14.90;17.58
3000.00;3300.00;2136.00;17.96;E0_1_3300m;5.00;178;179;16.55;17.96
3000.00;3300.00;1848.00;17.59;E0_0_3400m;5.00;154;153;14.50;17.60
3000.00;3300.00;2100.00;17.92;E0_1_3400m;5.00;175;175;16.28;17.92
3000.00;3300.00;1824.00;17.60;E0_0_3500m;5.00;152;153;14.42;17.61
3000.00;3300.00;2076.00;17.89;E0_1_3500m;5.00;173;174;16.14;17.89
3000.00;3300.00;1836.00;17.60;E0_0_3600m;5.00;153;154;14.50;17.61
3000.00;3300.00;2088.00;17.89;E0_1_3600m;5.00;174;174;16.21;17.89
3000.00;3300.00;1836.00;17.57;E0_0_3700m;5.00;153;153;14.51;17.59
3000.00;3300.00;2076.00;17.88;E0_1_3700m;5.00;173;173;16.12;17.88
3000.00;3300.00;1848.00;17.60;E0_0_3800m;5.00;154;154;14.59;17.62
3000.00;3300.00;2064.00;17.95;E0_1_3800m;5.00;172;172;15.97;17.96
3000.00;3300.00;1836.00;17.71;E0_0_3900m;5.00;153;153;14.40;17.72
3000.00;3300.00;2088.00;18.15;E0_1_3900m;5.00;174;174;15.97;18.22
3000.00;3300.00;1848.00;19.19;E0_0_4000m;5.00;154;156;13.51;19.33
3000.00;3300.00;2112.00;20.57;E0_1_4000m;5.00;176;175;14.23;20.85
3000.00;3300.00;1788.00;25.15;E0_0_4100m;5.00;149;149;9.87;25.28
3000.00;3300.00;2172.00;26.35;E0_1_4100m;5.00;181;182;11.51;26.48
3000.00;3300.00;1764.00;25.39;E0_0_4200m;5.00;147;148;9.68;25.51
3000.00;3300.00;2172.00;27.41;E0_1_4200m;5.00;181;180;10.97;27.61
3000.00;3300.00;1764.00;25.38;E0_0_4300m;5.00;147;147;9.65;25.48
3000.00;3300.00;2160.00;27.49;E0_1_4300m;5.00;180;180;10.91;27.67
3000.00;3300.00;1764.00;25.21;E0_0_4400m;5.00;147;147;9.72;25.30
3000.00;3300.00;2172.00;27.35;E0_1_4400m;5.00;181;182;11.04;27.49
3000.00;3300.00;1764.00;24.97;E0_0_4500m;5.00;147;147;9.81;25.05
3000.00;3300.00;2160.00;27.20;E0_1_4500m;5.00;180;180;11.03;27.32
3000.00;3300.00;1764.00;24.82;E0_0_4600m;5.00;147;147;9.87;24.90
3000.00;3300.00;2208.00;27.08;E0_1_4600m;5.00;184;184;11.33;27.19
3000.00;3300.00;1788.00;24.71;E0_0_4700m;5.00;149;149;10.05;24.80
3000.00;3300.00;2232.00;27.00;E0_1_4700m;5.00;186;186;11.48;27.11
3000.00;3300.00;1788.00;24.70;E0_0_4800m;5.00;149;149;10.05;24.78
3000.00;3300.00;2220.00;26.95;E0_1_4800m;5.00;185;185;11.44;27.06
3000.00;3300.00;1764.00;24.61;E0_0_4900m;5.00;147;147;9.95;24.70
3000.00;3300.00;2208.00;26.93;E0_1_4900m;5.00;184;185;11.39;27.03
3000.00;3300.00;1764.00;24.62;E0_0_5000m;5.00;147;148;9.96;24.70
3000.00;3300.00;2220.00;26.96;E0_1_5000m;5.00;185;185;11.44;27.06
3300.00;3600.00;0.00;-1.00;E0_0_0m;-1.00;0;0;0.00;-1.00
3300.00;3600.00;0.00;-1.00;E0_1_0m;-1.00;0;0;0.00;-1.00
3300.00;3600.00;2028.00;24.44;E0_0_100m;5.00;169;169;11.52;24.55
3300.00;3600.00;2340.00;25.42;E0_1_100m;5.00;195;195;12.78;25.56
3300.00;3600.00;1992.00;24.86;E0_0_200m;5.00;166;166;11.13;24.95
3300.00;3600.00;2388.00;25.98;E0_1_200m;5.00;199;198;12.70;26.11
3300.00;3600.00;2028.00;25.07;E0_0_300m;5.00;169;169;11.24;25.14
3300.00;3600.00;2412.00;26.07;E0_1_300m;5.00;201;201;12.85;26.15
3300.00;3600.00;2016.00;24.84;E0_0_400m;5.00;168;168;11.27;24.90
3300.00;3600.00;2424.00;26.03;E0_1_400m;5.00;202;202;12.94;26.09
3300.00;3600.00;1980.00;24.55;E0_0_500m;5.00;165;166;11.22;24.63
3300.00;3600.00;2448.00;26.02;E0_1_500m;5.00;204;204;13.07;26.08
3300.00;3600.00;1980.00;24.54;E0_0_600m;5.00;165;165;11.18;24.61
3300.00;3600.00;2460.00;25.99;E0_1_600m;5.00;205;205;13.15;26.03
3300.00;3600.00;1968.00;24.53;E0_0_700m;5.00;164;164;11.14;24.60
3300.00;3600.00;2448.00;25.93;E0_1_700m;5.00;204;204;13.11;25.97
3300.00;3600.00;1980.00;24.40;E0_0_800m;5.00;165;165;11.27;24.47
3300.00;3600.00;2448.00;25.85;E0_1_800m;5.00;204;205;13.16;25.90
3300.00;3600.00;1980.00;24.34;E0_0_900m;5.00;165;165;11.30;24.41
3300.00;3600.00;2412.00;25.81;E0_1_900m;5.00;201;202;13.01;25.86
3300.00;3600.00;1992.00;24.23;E0_0_1000m;5.00;166;166;11.42;24.30
3300.00;3600.00;2364.00;25.71;E0_1_1000m;5.00;197;198;12.82;25.75
3300.00;3600.00;2004.00;24.13;E0_0_1100m;5.00;167;167;11.54;24.20
3300.00;3600.00;2364.00;25.63;E0_1_1100m;5.00;197;197;12.81;25.66
3300.00;3600.00;2004.00;24.11;E0_0_1200m;5.00;167;167;11.55;24.19
3300.00;3600.00;2340.00;25.59;E0_1_1200m;5.00;195;195;12.70;25.62
3300.00;3600.00;1980.00;24.11;E0_0_1300m;5.00;165;165;11.41;24.19
3300.00;3600.00;2340.00;25.52;E0_1_1300m;5.00;195;195;12.74;25.57
3300.00;3600.00;1968.00;24.16;E0_0_1400m;5.00;164;164;11.31;24.24
3300.00;3600.00;2364.00;25.43;E0_1_1400m;5.00;197;197;12.91;25.48
3300.00;3600.00;1956.00;24.03;E0_0_1500m;5.00;163;163;11.30;24.10
3300.00;3600.00;2328.00;25.36;E0_1_1500m;5.00;194;195;12.78;25.41
3300.00;3600.00;1944.00;23.89;E0_0_1600m;5.00;162;162;11.30;23.95
3300.00;3600.00;2340.00;25.31;E0_1_1600m;5.00;195;194;12.81;25.36
3300.00;3600.00;1956.00;23.83;E0_0_1700m;5.00;163;163;11.40;23.90
3300.00;3600.00;2292.00;25.23;E0_1_1700m;5.00;191;191;12.62;25.29
3300.00;3600.00;1968.00;23.67;E0_0_1800m;5.00;164;163;11.51;23.76
3300.00;3600.00;2292.00;25.03;E0_1_1800m;5.00;191;191;12.72;25.10
3300.00;3600.00;1932.00;23.41;E0_0_1900m;5.00;161;161;11.46;23.51
3300.00;3600.00;2292.00;24.84;E0_1_1900m;5.00;191;191;12.82;24.92
3300.00;3600.00;1944.00;23.17;E0_0_2000m;5.00;162;162;11.65;23.36
3300.00;3600.00;2280.00;24.58;E0_1_2000m;5.00;190;191;12.94;24.71
3300.00;3600.00;2004.00;22.84;E0_0_2100m;5.00;167;167;12.19;23.01
3300.00;3600.00;2280.00;24.20;E0_1_2100m;5.00;190;190;13.09;24.37
3300.00;3600.00;1992.00;22.50;E0_0_2200m;5.00;166;166;12.30;22.72
3300.00;3600.00;2328.00;23.81;E0_1_2200m;5.00;194;194;13.58;24.02
3300.00;3600.00;1980.00;22.07;E0_0_2300m;5.00;165;165;12.46;22.37
3300.00;3600.00;2316.00;23.41;E0_1_2300m;5.00;193;193;13.74;23.66
3300.00;3600.00;1956.00;21.44;E0_0_2400m;5.00;163;163;12.67;21.86
3300.00;3600.00;2292.00;22.92;E0_1_2400m;5.00;191;191;13.89;23.22
3300.00;3600.00;1956.00;20.95;E0_0_2500m;5.00;163;163;12.97;21.45
3300.00;3600.00;2244.00;22.43;E0_1_2500m;5.00;187;187;13.90;22.79
3300.00;3600.00;1908.00;20.71;E0_0_2600m;5.00;159;160;12.80;21.20
3300.00;3600.00;2220.00;21.94;E0_1_2600m;5.00;185;184;14.04;22.36
3300.00;3600.00;1884.00;20.49;E0_0_2700m;5.00;157;157;12.77;20.94
3300.00;3600.00;2208.00;21.33;E0_1_2700m;5.00;184;184;14.38;21.78
3300.00;3600.00;1860.00;19.98;E0_0_2800m;5.00;155;155;12.93;20.32
3300.00;3600.00;2196.00;20.55;E0_1_2800m;5.00;183;183;14.84;20.90
3300.00;3600.00;1836.00;19.05;E0_0_2900m;5.00;153;154;13.42;19.27
3300.00;3600.00;2184.00;19.59;E0_1_2900m;5.00;182;183;15.54;19.83
3300.00;3600.00;1836.00;17.78;E0_0_3000m;5.00;153;153;14.34;17.86
3300.00;3600.00;2196.00;18.37;E0_1_3000m;5.00;183;183;16.61;18.46
3300.00;3600.00;1860.00;17.62;E0_0_3100m;5.00;155;155;14.66;17.68
3300.00;3600.00;2160.00;18.18;E0_1_3100m;5.00;180;180;16.50;18.23
3300.00;3600.00;1836.00;17.63;E0_0_3200m;5.00;153;153;14.47;17.67
3300.00;3600.00;2148.00;18.10;E0_1_3200m;5.00;179;179;16.49;18.14
3300.00;3600.00;1824.00;17.70;E0_0_3300m;5.00;152;152;14.32;17.74
3300.00;3600.00;2148.00;18.14;E0_1_3300m;5.00;179;178;16.42;18.20
3300.00;3600.00;1872.00;17.75;E0_0_3400m;5.00;156;156;14.65;17.79
3300.00;3600.00;2088.00;18.32;E0_1_3400m;5.00;174;174;15.83;18.44
3300.00;3600.00;1860.00;17.77;E0_0_3500m;5.00;155;154;14.51;17.80
3300.00;3600.00;2100.00;18.19;E0_1_3500m;5.00;175;174;16.01;18.26
3300.00;3600.00;1860.00;17.70;E0_0_3600m;5.00;155;155;14.62;17.71
3300.00;3600.00;2088.00;18.03;E0_1_3600m;5.00;174;175;16.10;18.06
3300.00;3600.00;1860.00;17.66;E0_0_3700m;5.00;155;155;14.62;17.68
3300.00;3600.00;2112.00;17.95;E0_1_3700m;5.00;176;176;16.34;17.96
3300.00;3600.00;1872.00;17.62;E0_0_3800m;5.00;156;156;14.75;17.64
3300.00;3600.00;2112.00;18.01;E0_1_3800m;5.00;176;176;16.29;18.03
3300.00;3600.00;1848.00;17.68;E0_0_3900m;5.00;154;154;14.51;17.71
3300.00;3600.00;2112.00;18.39;E0_1_3900m;5.00;176;177;15.96;18.50
3300.00;3600.00;1812.00;19.32;E0_0_4000m;5.00;151;152;12.98;19.47
3300.00;3600.00;2112.00;21.22;E0_1_4000m;5.00;176;176;13.82;21.56
3300.00;3600.00;1728.00;25.97;E0_0_4100m;5.00;144;144;9.24;26.07
3300.00;3600.00;2172.00;26.81;E0_1_4100m;5.00;181;180;11.19;26.93
3300.00;3600.00;1776.00;26.23;E0_0_4200m;5.00;148;147;9.37;26.38
3300.00;3600.00;2160.00;27.59;E0_1_4200m;5.00;180;180;10.87;27.79
3300.00;3600.00;1764.00;26.09;E0_0_4300m;5.00;147;148;9.40;26.23
3300.00;3600.00;2160.00;27.44;E0_1_4300m;5.00;180;180;10.93;27.65
3300.00;3600.00;1776.00;25.97;E0_0_4400m;5.00;148;148;9.50;26.12
3300.00;3600.00;2172.00;27.18;E0_1_4400m;5.00;181;180;11.09;27.37
3300.00;3600.00;1752.00;25.65;E0_0_4500m;5.00;146;146;9.49;25.81
3300.00;3600.00;2172.00;26.96;E0_1_4500m;5.00;181;182;11.23;27.16
3300.00;3600.00;1740.00;25.36;E0_0_4600m;5.00;145;145;9.53;25.50
3300.00;3600.00;2136.00;26.82;E0_1_4600m;5.00;178;178;11.06;27.02
3300.00;3600.00;1716.00;25.11;E0_0_4700m;5.00;143;143;9.49;25.24
3300.00;3600.00;2112.00;26.58;E0_1_4700m;5.00;176;176;11.03;26.77
3300.00;3600.00;1728.00;24.98;E0_0_4800m;5.00;144;144;9.61;25.12
3300.00;3600.00;2076.00;26.32;E0_1_4800m;5.00;173;173;10.95;26.50
3300.00;3600.00;1740.00;24.89;E0_0_4900m;5.00;145;145;9.71;25.05
3300.00;3600.00;2064.00;26.11;E0_1_4900m;5.00;172;173;11.03;26.28
3300.00;3600.00;1740.00;24.82;E0_0_5000m;5.00;145;144;9.73;24.98
3300.00;3600.00;2088.00;25.95;E0_1_5000m;5.00;174;174;11.17;26.14
3600.00;3900.00;0.00;-1.00;E0_0_0m;-1.00;0;0;0.00;-1.00
3600.00;3900.00;0.00;-1.00;E0_1_0m;-1.00;0;0;0.00;-1.00
3600.00;3900.00;1968.00;24.42;E0_0_100m;5.00;164;164;11.19;24.53
3600.00;3900.00;2460.00;25.87;E0_1_100m;5.00;205;205;13.21;26.00
3600.00;3900.00;1944.00;25.13;E0_0_200m;5.00;162;162;10.74;25.26
3600.00;3900.00;2472.00;26.57;E0_1_200m;5.00;206;207;12.98;26.72
3600.00;3900.00;1908.00;25.47;E0_0_300m;5.00;159;159;10.40;25.61
3600.00;3900.00;2448.00;26.69;E0_1_300m;5.00;204;205;12.76;26.84
3600.00;3900.00;1956.00;25.60;E0_0_400m;5.00;163;163;10.61;25.70
3600.00;3900.00;2436.00;26.71;E0_1_400m;5.00;203;203;12.67;26.83
3600.00;3900.00;2004.00;25.56;E0_0_500m;5.00;167;166;10.87;25.66
3600.00;3900.00;2424.00;26.65;E0_1_500m;5.00;202;202;12.63;26.76
3600.00;3900.00;1968.00;25.45;E0_0_600m;5.00;164;163;10.70;25.58
3600.00;3900.00;2448.00;26.70;E0_1_600m;5.00;204;204;12.74;26.80
3600.00;3900.00;1980.00;25.27;E0_0_700m;5.00;165;166;10.91;25.40
3600.00;3900.00;2460.00;26.70;E0_1_700m;5.00;205;205;12.80;26.80
3600.00;3900.00;1980.00;25.16;E0_0_800m;5.00;165;165;10.93;25.29
3600.00;3900.00;2448.00;26.54;E0_1_800m;5.00;204;203;12.80;26.62
3600.00;3900.00;1992.00;25.01;E0_0_900m;5.00;166;166;11.06;25.14
3600.00;3900.00;2448.00;26.41;E0_1_900m;5.00;204;204;12.87;26.48
3600.00;3900.00;2004.00;24.96;E0_0_1000m;5.00;167;167;11.15;25.08
3600.00;3900.00;2460.00;26.28;E0_1_1000m;5.00;205;204;12.95;26.35
3600.00;3900.00;1980.00;24.94;E0_0_1100m;5.00;165;166;11.08;25.05
3600.00;3900.00;2472.00;26.20;E0_1_1100m;5.00;206;206;13.11;26.28
3600.00;3900.00;1992.00;24.80;E0_0_1200m;5.00;166;167;11.19;24.93
3600.00;3900.00;2460.00;26.09;E0_1_1200m;5.00;205;206;13.14;26.18
3600.00;3900.00;1992.00;24.45;E0_0_1300m;5.00;166;166;11.31;24.57
3600.00;3900.00;2484.00;25.98;E0_1_1300m;5.00;207;207;13.28;26.07
3600.00;3900.00;1980.00;24.47;E0_0_1400m;5.00;165;165;11.24;24.57
3600.00;3900.00;2496.00;25.90;E0_1_1400m;5.00;208;208;13.38;25.99
3600.00;3900.00;1968.00;24.52;E0_0_1500m;5.00;164;164;11.15;24.63
3600.00;3900.00;2508.00;26.00;E0_1_1500m;5.00;209;208;13.37;26.10
3600.00;3900.00;1968.00;24.58;E0_0_1600m;5.00;164;165;11.17;24.69
3600.00;3900.00;2496.00;26.12;E0_1_1600m;5.00;208;208;13.27;26.22
3600.00;3900.00;1992.00;24.77;E0_0_1700m;5.00;166;166;11.17;24.85
3600.00;3900.00;2472.00;26.01;E0_1_1700m;5.00;206;206;13.20;26.10
3600.00;3900.00;1956.00;24.65;E0_0_1800m;5.00;163;163;11.02;24.71
3600.00;3900.00;2496.00;25.67;E0_1_1800m;5.00;208;208;13.51;25.72
3600.00;3900.00;1956.00;24.48;E0_0_1900m;5.00;163;163;11.10;24.52
3600.00;3900.00;2496.00;25.35;E0_1_1900m;5.00;208;208;13.68;25.38
3600.00;3900.00;1968.00;24.03;E0_0_2000m;5.00;164;165;11.38;24.06
3600.00;3900.00;2484.00;25.01;E0_1_2000m;5.00;207;207;13.79;25.05
3600.00;3900.00;1944.00;23.49;E0_0_2100m;5.00;162;162;11.49;23.52
3600.00;3900.00;2448.00;24.55;E0_1_2100m;5.00;204;204;13.85;24.60
3600.00;3900.00;1968.00;22.95;E0_0_2200m;5.00;164;164;11.91;23.00
3600.00;3900.00;2388.00;23.92;E0_1_2200m;5.00;199;199;13.86;24.00
3600.00;3900.00;1980.00;22.12;E0_0_2300m;5.00;165;165;12.43;22.21
3600.00;3900.00;2388.00;22.94;E0_1_2300m;5.00;199;199;14.46;23.06
3600.00;3900.00;2004.00;21.23;E0_0_2400m;5.00;167;167;13.11;21.35
3600.00;3900.00;2376.00;21.85;E0_1_2400m;5.00;198;198;15.10;21.98
3600.00;3900.00;2004.00;20.18;E0_0_2500m;5.00;167;167;13.80;20.31
3600.00;3900.00;2376.00;20.77;E0_1_2500m;5.00;198;198;15.89;20.88
3600.00;3900.00;2028.00;19.21;E0_0_2600m;5.00;169;168;14.67;19.30
3600.00;3900.00;2388.00;19.78;E0_1_2600m;5.00;199;199;16.77;19.85
3600.00;3900.00;2028.00;18.56;E0_0_2700m;5.00;169;170;15.26;18.62
3600.00;3900.00;2376.00;19.02;E0_1_2700m;5.00;198;198;17.35;19.07
3600.00;3900.00;2040.00;18.20;E0_0_2800m;5.00;170;170;15.57;18.21
3600.00;3900.00;2388.00;18.45;E0_1_2800m;5.00;199;199;17.98;18.46
3600.00;3900.00;2052.00;17.87;E0_0_2900m;5.00;171;170;15.91;17.88
3600.00;3900.00;2388.00;18.13;E0_1_2900m;5.00;199;198;18.25;18.13
3600.00;3900.00;2052.00;17.37;E0_0_3000m;5.00;171;171;16.41;17.39
3600.00;3900.00;2376.00;17.92;E0_1_3000m;5.00;198;199;18.47;17.92
3600.00;3900.00;2088.00;17.41;E0_0_3100m;5.00;174;174;16.66;17.42
3600.00;3900.00;2364.00;17.92;E0_1_3100m;5.00;197;197;18.32;17.92
3600.00;3900.00;2112.00;17.41;E0_0_3200m;5.00;176;176;16.84;17.43
3600.00;3900.00;2352.00;17.93;E0_1_3200m;5.00;196;196;18.22;17.94
3600.00;3900.00;2124.00;17.39;E0_0_3300m;5.00;177;177;16.96;17.41
3600.00;3900.00;2328.00;17.89;E0_1_3300m;5.00;194;195;18.10;17.89
3600.00;3900.00;2136.00;17.32;E0_0_3400m;5.00;178;178;17.13;17.34
3600.00;3900.00;2328.00;17.92;E0_1_3400m;5.00;194;194;18.04;17.93
3600.00;3900.00;2148.00;17.40;E0_0_3500m;5.00;179;179;17.15;17.41
3600.00;3900.00;2316.00;17.90;E0_1_3500m;5.00;193;193;17.97;17.91
3600.00;3900.00;2124.00;17.47;E0_0_3600m;5.00;177;177;16.94;17.48
3600.00;3900.00;2328.00;17.88;E0_1_3600m;5.00;194;193;18.06;17.88
3600.00;3900.00;2112.00;17.48;E0_0_3700m;5.00;176;176;16.78;17.49
3600.00;3900.00;2328.00;17.87;E0_1_3700m;5.00;194;194;18.10;17.87
3600.00;3900.00;2112.00;17.50;E0_0_3800m;5.00;176;176;16.77;17.51
3600.00;3900.00;2316.00;17.87;E0_1_3800m;5.00;193;193;18.00;17.87
3600.00;3900.00;2136.00;17.46;E0_0_3900m;5.00;178;178;17.00;17.48
3600.00;3900.00;2316.00;18.03;E0_1_3900m;5.00;193;192;17.83;18.05
3600.00;3900.00;2160.00;19.06;E0_0_4000m;5.00;180;179;15.70;19.19
3600.00;3900.00;2292.00;20.23;E0_1_4000m;5.00;191;191;15.73;20.45
3600.00;3900.00;2088.00;25.21;E0_0_4100m;5.00;174;174;11.50;25.32
3600.00;3900.00;2352.00;26.78;E0_1_4100m;5.00;196;196;12.20;26.86
3600.00;3900.00;2088.00;25.78;E0_0_4200m;5.00;174;174;11.25;25.93
3600.00;3900.00;2364.00;27.52;E0_1_4200m;5.00;197;197;11.93;27.67
3600.00;3900.00;2112.00;25.76;E0_0_4300m;5.00;176;176;11.39;25.90
3600.00;3900.00;2352.00;27.59;E0_1_4300m;5.00;196;196;11.84;27.71
3600.00;3900.00;2100.00;25.68;E0_0_4400m;5.00;175;175;11.36;25.80
3600.00;3900.00;2340.00;27.61;E0_1_4400m;5.00;195;195;11.77;27.72
3600.00;3900.00;2088.00;25.54;E0_0_4500m;5.00;174;174;11.35;25.66
3600.00;3900.00;2364.00;27.59;E0_1_4500m;5.00;197;196;11.86;27.67
3600.00;3900.00;2028.00;25.52;E0_0_4600m;5.00;169;170;11.06;25.64
3600.00;3900.00;2412.00;27.64;E0_1_4600m;5.00;201;202;12.17;27.73
3600.00;3900.00;2052.00;25.52;E0_0_4700m;5.00;171;171;11.17;25.65
3600.00;3900.00;2388.00;27.85;E0_1_4700m;5.00;199;199;11.91;27.94
3600.00;3900.00;2064.00;25.46;E0_0_4800m;5.00;172;173;11.27;25.56
3600.00;3900.00;2376.00;27.90;E0_1_4800m;5.00;198;198;11.83;27.98
3600.00;3900.00;2052.00;25.52;E0_0_4900m;5.00;171;171;11.17;25.62
3600.00;3900.00;2424.00;27.77;E0_1_4900m;5.00;202;202;12.12;27.85
3600.00;3900.00;2028.00;25.25;E0_0_5000m;5.00;169;169;11.16;25.34
3600.00;3900.00;2448.00;27.70;E0_1_5000m;5.00;204;204;12.28;27.76
3900.00;4200.00;0.00;-1.00;E0_0_0m;-1.00;0;0;0.00;-1.00
3900.00;4200.00;0.00;-1.00;E0_1_0m;-1.00;0;0;0.00;-1.00
3900.00;4200.00;1968.00;25.55;E0_0_100m;5.00;164;165;10.72;25.71
3900.00;4200.00;2052.00;27.55;E0_1_100m;5.00;171;171;10.34;27.73
3900.00;4200.00;1944.00;25.91;E0_0_200m;5.00;162;163;10.43;26.14
3900.00;4200.00;2088.00;28.42;E0_1_200m;5.00;174;174;10.15;28.73
3900.00;4200.00;1956.00;26.12;E0_0_300m;5.00;163;163;10.40;26.31
3900.00;4200.00;2112.00;28.28;E0_1_300m;5.00;176;176;10.38;28.59
3900.00;4200.00;1920.00;26.23;E0_0_400m;5.00;160;160;10.17;26.41
3900.00;4200.00;2124.00;28.10;E0_1_400m;5.00;177;178;10.55;28.37
3900.00;4200.00;1884.00;26.14;E0_0_500m;5.00;157;157;10.01;26.31
3900.00;4200.00;2136.00;27.95;E0_1_500m;5.00;178;178;10.62;28.18
3900.00;4200.00;1872.00;26.03;E0_0_600m;5.00;156;156;9.99;26.20
3900.00;4200.00;2136.00;27.84;E0_1_600m;5.00;178;178;10.66;28.04
3900.00;4200.00;1896.00;25.85;E0_0_700m;5.00;158;157;10.16;26.02
3900.00;4200.00;2124.00;27.65;E0_1_700m;5.00;177;177;10.67;27.82
3900.00;4200.00;1872.00;25.93;E0_0_800m;5.00;156;156;10.03;26.08
3900.00;4200.00;2160.00;27.36;E0_1_800m;5.00;180;180;10.96;27.52
3900.00;4200.00;1860.00;25.92;E0_0_900m;5.00;155;156;10.03;26.04
3900.00;4200.00;2160.00;27.17;E0_1_900m;5.00;180;179;11.01;27.31
3900.00;4200.00;1836.00;25.70;E0_0_1000m;5.00;153;153;9.92;25.81
3900.00;4200.00;2160.00;26.97;E0_1_1000m;5.00;180;180;11.12;27.10
3900.00;4200.00;1824.00;25.53;E0_0_1100m;5.00;152;152;9.92;25.64
3900.00;4200.00;2160.00;26.80;E0_1_1100m;5.00;180;180;11.19;26.92
3900.00;4200.00;1812.00;25.29;E0_0_1200m;5.00;151;151;9.93;25.41
3900.00;4200.00;2172.00;26.72;E0_1_1200m;5.00;181;181;11.29;26.83
3900.00;4200.00;1848.00;25.32;E0_0_1300m;5.00;154;154;10.14;25.46
3900.00;4200.00;2172.00;26.70;E0_1_1300m;5.00;181;182;11.35;26.84
3900.00;4200.00;1836.00;25.26;E0_0_1400m;5.00;153;153;10.09;25.37
3900.00;4200.00;2184.00;26.63;E0_1_1400m;5.00;182;182;11.39;26.78
3900.00;4200.00;1860.00;25.26;E0_0_1500m;5.00;155;155;10.23;25.35
3900.00;4200.00;2184.00;26.55;E0_1_1500m;5.00;182;182;11.43;26.70
3900.00;4200.00;1896.00;25.26;E0_0_1600m;5.00;158;158;10.42;25.36
3900.00;4200.00;2208.00;26.50;E0_1_1600m;5.00;184;184;11.57;26.65
3900.00;4200.00;1908.00;25.07;E0_0_1700m;5.00;159;159;10.57;25.16
3900.00;4200.00;2220.00;26.37;E0_1_1700m;5.00;185;185;11.69;26.50
3900.00;4200.00;1932.00;24.97;E0_0_1800m;5.00;161;161;10.75;25.05
3900.00;4200.00;2232.00;26.27;E0_1_1800m;5.00;186;186;11.80;26.39
3900.00;4200.00;1944.00;24.88;E0_0_1900m;5.00;162;162;10.85;24.94
3900.00;4200.00;2256.00;26.12;E0_1_1900m;5.00;188;188;12.00;26.25
3900.00;4200.00;1956.00;24.59;E0_0_2000m;5.00;163;162;11.04;24.66
3900.00;4200.00;2268.00;25.92;E0_1_2000m;5.00;189;189;12.16;26.07
3900.00;4200.00;1956.00;23.92;E0_0_2100m;5.00;163;163;11.36;24.03
3900.00;4200.00;2280.00;25.44;E0_1_2100m;5.00;190;191;12.47;25.64
3900.00;4200.00;1932.00;23.21;E0_0_2200m;5.00;161;161;11.56;23.34
3900.00;4200.00;2304.00;24.63;E0_1_2200m;5.00;192;192;12.99;24.87
3900.00;4200.00;1932.00;22.53;E0_0_2300m;5.00;161;161;11.91;22.69
3900.00;4200.00;2304.00;23.71;E0_1_2300m;5.00;192;192;13.50;24.00
3900.00;4200.00;1932.00;21.73;E0_0_2400m;5.00;161;161;12.35;21.91
3900.00;4200.00;2304.00;22.62;E0_1_2400m;5.00;192;193;14.19;22.90
3900.00;4200.00;1968.00;20.78;E0_0_2500m;5.00;164;164;13.16;20.96
3900.00;4200.00;2316.00;21.49;E0_1_2500m;5.00;193;193;14.97;21.72
3900.00;4200.00;1980.00;20.00;E0_0_2600m;5.00;165;165;13.75;20.17
3900.00;4200.00;2316.00;20.56;E0_1_2600m;5.00;193;193;15.64;20.78
3900.00;4200.00;2028.00;19.33;E0_0_2700m;5.00;169;168;14.49;19.49
3900.00;4200.00;2328.00;19.75;E0_1_2700m;5.00;194;194;16.37;19.92
3900.00;4200.00;2040.00;18.72;E0_0_2800m;5.00;170;170;15.14;18.83
3900.00;4200.00;2328.00;19.04;E0_1_2800m;5.00;194;194;16.98;19.14
3900.00;4200.00;2040.00;18.25;E0_0_2900m;5.00;170;170;15.53;18.32
3900.00;4200.00;2340.00;18.54;E0_1_2900m;5.00;195;196;17.62;18.61
3900.00;4200.00;2052.00;17.53;E0_0_3000m;5.00;171;171;16.26;17.55
3900.00;4200.00;2340.00;18.10;E0_1_3000m;5.00;195;194;17.90;18.14
3900.00;4200.00;2088.00;17.43;E0_0_3100m;5.00;174;175;16.65;17.46
3900.00;4200.00;2280.00;18.14;E0_1_3100m;5.00;190;190;17.46;18.22
3900.00;4200.00;2112.00;17.56;E0_0_3200m;5.00;176;177;16.74;17.59
3900.00;4200.00;2268.00;18.11;E0_1_3200m;5.00;189;190;17.44;18.18
3900.00;4200.00;2088.00;17.64;E0_0_3300m;5.00;174;174;16.44;17.65
3900.00;4200.00;2292.00;18.06;E0_1_3300m;5.00;191;190;17.60;18.12
3900.00;4200.00;2076.00;17.62;E0_0_3400m;5.00;173;173;16.36;17.63
3900.00;4200.00;2304.00;17.98;E0_1_3400m;5.00;192;192;17.80;18.01
3900.00;4200.00;2088.00;17.57;E0_0_3500m;5.00;174;175;16.53;17.58
3900.00;4200.00;2316.00;17.96;E0_1_3500m;5.00;193;193;17.91;17.98
3900.00;4200.00;2112.00;17.49;E0_0_3600m;5.00;176;175;16.69;17.50
3900.00;4200.00;2316.00;17.92;E0_1_3600m;5.00;193;193;17.95;17.93
3900.00;4200.00;2112.00;17.51;E0_0_3700m;5.00;176;176;16.75;17.53
3900.00;4200.00;2304.00;17.89;E0_1_3700m;5.00;192;192;17.89;17.89
3900.00;4200.00;2124.00;17.49;E0_0_3800m;5.00;177;177;16.87;17.50
3900.00;4200.00;2316.00;17.90;E0_1_3800m;5.00;193;193;17.97;17.91
3900.00;4200.00;2124.00;17.56;E0_0_3900m;5.00;177;177;16.80;17.58
3900.00;4200.00;2304.00;18.13;E0_1_3900m;5.00;192;192;17.65;18.18
3900.00;4200.00;2100.00;19.31;E0_0_4000m;5.00;175;175;15.11;19.46
3900.00;4200.00;2340.00;20.46;E0_1_4000m;5.00;195;196;15.94;20.71
3900.00;4200.00;2112.00;25.11;E0_0_4100m;5.00;176;176;11.68;25.20
3900.00;4200.00;2400.00;26.26;E0_1_4100m;5.00;200;200;12.69;26.34
3900.00;4200.00;2100.00;25.73;E0_0_4200m;5.00;175;175;11.33;25.80
3900.00;4200.00;2400.00;27.07;E0_1_4200m;5.00;200;200;12.31;27.15
3900.00;4200.00;2148.00;25.87;E0_0_4300m;5.00;179;179;11.53;25.94
3900.00;4200.00;2364.00;27.15;E0_1_4300m;5.00;197;197;12.09;27.22
3900.00;4200.00;2136.00;25.94;E0_0_4400m;5.00;178;178;11.44;26.02
3900.00;4200.00;2376.00;27.15;E0_1_4400m;5.00;198;198;12.16;27.21
3900.00;4200.00;2136.00;25.92;E0_0_4500m;5.00;178;178;11.45;26.00
3900.00;4200.00;2376.00;27.14;E0_1_4500m;5.00;198;198;12.16;27.20
3900.00;4200.00;2112.00;25.84;E0_0_4600m;5.00;176;176;11.35;25.91
3900.00;4200.00;2388.00;27.06;E0_1_4600m;5.00;199;199;12.23;27.13
3900.00;4200.00;2136.00;25.77;E0_0_4700m;5.00;178;179;11.53;25.85
3900.00;4200.00;2364.00;27.01;E0_1_4700m;5.00;197;197;12.16;27.09
3900.00;4200.00;2136.00;25.69;E0_0_4800m;5.00;178;177;11.54;25.76
3900.00;4200.00;2376.00;26.91;E0_1_4800m;5.00;198;198;12.26;26.99
3900.00;4200.00;2100.00;25.51;E0_0_4900m;5.00;175;175;11.43;25.57
3900.00;4200.00;2388.00;26.76;E0_1_4900m;5.00;199;199;12.39;26.84
3900.00;4200.00;2100.00;25.49;E0_0_5000m;5.00;175;175;11.44;25.55
3900.00;4200.00;2352.00;26.62;E0_1_5000m;5.00;196;196;12.27;26.69
4200.00;4500.00;0.00;-1.00;E0_0_0m;-1.00;0;0;0.00;-1.00
4200.00;4500.00;0.00;-1.00;E0_1_0m;-1.00;0;0;0.00;-1.00
4200.00;4500.00;1668.00;26.20;E0_0_100m;5.00;139;139;8.83;26.34
4200.00;4500.00;2016.00;27.52;E0_1_100m;5.00;168;168;10.18;27.62
4200.00;4500.00;1644.00;27.09;E0_0_200m;5.00;137;136;8.42;27.26
4200.00;4500.00;2040.00;28.73;E0_1_200m;5.00;170;170;9.86;28.94
4200.00;4500.00;1656.00;27.27;E0_0_300m;5.00;138;138;8.43;27.44
4200.00;4500.00;2004.00;29.07;E0_1_300m;5.00;167;166;9.54;29.28
4200.00;4500.00;1692.00;27.28;E0_0_400m;5.00;141;141;8.61;27.46
4200.00;4500.00;1956.00;29.08;E0_1_400m;5.00;163;162;9.29;29.29
4200.00;4500.00;1656.00;27.18;E0_0_500m;5.00;138;138;8.46;27.37
4200.00;4500.00;1980.00;28.91;E0_1_500m;5.00;165;165;9.51;29.11
4200.00;4500.00;1668.00;26.95;E0_0_600m;5.00;139;139;8.60;27.14
4200.00;4500.00;2004.00;28.71;E0_1_600m;5.00;167;167;9.69;28.93
4200.00;4500.00;1668.00;26.69;E0_0_700m;5.00;139;139;8.68;26.88
4200.00;4500.00;1992.00;28.41;E0_1_700m;5.00;166;166;9.74;28.64
4200.00;4500.00;1632.00;26.42;E0_0_800m;5.00;136;137;8.62;26.60
4200.00;4500.00;2016.00;28.20;E0_1_800m;5.00;168;168;9.93;28.43
4200.00;4500.00;1644.00;26.32;E0_0_900m;5.00;137;136;8.62;26.48
4200.00;4500.00;2028.00;27.98;E0_1_900m;5.00;169;169;10.07;28.22
4200.00;4500.00;1644.00;26.17;E0_0_1000m;5.00;137;137;8.72;26.32
4200.00;4500.00;2040.00;27.79;E0_1_1000m;5.00;170;170;10.20;28.00
4200.00;4500.00;1668.00;26.04;E0_0_1100m;5.00;139;139;8.90;26.18
4200.00;4500.00;2028.00;27.50;E0_1_1100m;5.00;169;169;10.24;27.71
4200.00;4500.00;1680.00;25.93;E0_0_1200m;5.00;140;139;8.98;26.07
4200.00;4500.00;2052.00;27.31;E0_1_1200m;5.00;171;171;10.44;27.51
4200.00;4500.00;1668.00;25.75;E0_0_1300m;5.00;139;139;9.00;25.88
4200.00;4500.00;2040.00;27.20;E0_1_1300m;5.00;170;170;10.42;27.39
4200.00;4500.00;1644.00;25.58;E0_0_1400m;5.00;137;137;8.93;25.71
4200.00;4500.00;2064.00;27.09;E0_1_1400m;5.00;172;173;10.62;27.29
4200.00;4500.00;1632.00;25.51;E0_0_1500m;5.00;136;136;8.89;25.64
4200.00;4500.00;2064.00;27.05;E0_1_1500m;5.00;172;172;10.60;27.24
4200.00;4500.00;1620.00;25.30;E0_0_1600m;5.00;135;135;8.89;25.45
4200.00;4500.00;2028.00;27.07;E0_1_1600m;5.00;169;169;10.40;27.28
4200.00;4500.00;1668.00;25.24;E0_0_1700m;5.00;139;139;9.18;25.39
4200.00;4500.00;2016.00;27.11;E0_1_1700m;5.00;168;168;10.33;27.31
4200.00;4500.00;1632.00;25.26;E0_0_1800m;5.00;136;136;8.97;25.42
4200.00;4500.00;2004.00;26.99;E0_1_1800m;5.00;167;168;10.37;27.19
4200.00;4500.00;1632.00;25.32;E0_0_1900m;5.00;136;136;8.95;25.47
4200.00;4500.00;2004.00;26.90;E0_1_1900m;5.00;167;167;10.35;27.11
4200.00;4500.00;1644.00;25.26;E0_0_2000m;5.00;137;137;9.04;25.41
4200.00;4500.00;1980.00;26.81;E0_1_2000m;5.00;165;165;10.26;27.03
4200.00;4500.00;1632.00;25.22;E0_0_2100m;5.00;136;137;9.06;25.37
4200.00;4500.00;1992.00;26.75;E0_1_2100m;5.00;166;165;10.32;26.97
4200.00;4500.00;1644.00;25.29;E0_0_2200m;5.00;137;139;9.11;25.45
4200.00;4500.00;1980.00;26.67;E0_1_2200m;5.00;165;165;10.31;26.90
4200.00;4500.00;1656.00;25.13;E0_0_2300m;5.00;138;139;9.18;25.28
4200.00;4500.00;1968.00;26.58;E0_1_2300m;5.00;164;164;10.28;26.82
4200.00;4500.00;1644.00;24.74;E0_0_2400m;5.00;137;137;9.23;24.91
4200.00;4500.00;1968.00;26.24;E0_1_2400m;5.00;164;163;10.37;26.57
4200.00;4500.00;1608.00;24.03;E0_0_2500m;5.00;134;134;9.29;24.30
4200.00;4500.00;1956.00;25.46;E0_1_2500m;5.00;163;164;10.72;25.92
4200.00;4500.00;1572.00;22.85;E0_0_2600m;5.00;131;131;9.56;23.30
4200.00;4500.00;1980.00;23.83;E0_1_2600m;5.00;165;165;11.54;24.47
4200.00;4500.00;1548.00;21.02;E0_0_2700m;5.00;129;129;10.23;21.66
4200.00;4500.00;1956.00;21.57;E0_1_2700m;5.00;163;163;12.60;22.40
4200.00;4500.00;1560.00;19.31;E0_0_2800m;5.00;130;130;11.22;19.93
4200.00;4500.00;1980.00;19.33;E0_1_2800m;5.00;165;166;14.27;20.25
4200.00;4500.00;1620.00;17.34;E0_0_2900m;5.00;135;135;12.97;17.59
4200.00;4500.00;1980.00;17.04;E0_1_2900m;5.00;165;165;16.09;17.70
4200.00;4500.00;1680.00;14.45;E0_0_3000m;5.00;140;140;16.15;14.54
4200.00;4500.00;1956.00;14.30;E0_1_3000m;5.00;163;163;19.00;14.46
4200.00;4500.00;1740.00;13.68;E0_0_3100m;5.00;145;144;17.65;13.73
4200.00;4500.00;1956.00;13.82;E0_1_3100m;5.00;163;163;19.66;13.89
4200.00;4500.00;1752.00;13.46;E0_0_3200m;5.00;146;146;18.08;13.48
4200.00;4500.00;1920.00;13.74;E0_1_3200m;5.00;160;160;19.41;13.81
4200.00;4500.00;1764.00;13.50;E0_0_3300m;5.00;147;147;18.15;13.51
4200.00;4500.00;1896.00;13.65;E0_1_3300m;5.00;158;159;19.33;13.69
4200.00;4500.00;1776.00;13.42;E0_0_3400m;5.00;148;148;18.38;13.43
4200.00;4500.00;1872.00;13.69;E0_1_3400m;5.00;156;157;19.02;13.75
4200.00;4500.00;1800.00;13.43;E0_0_3500m;5.00;150;149;18.60;13.44
4200.00;4500.00;1860.00;13.64;E0_1_3500m;5.00;155;156;18.95;13.67
4200.00;4500.00;1776.00;13.42;E0_0_3600m;5.00;148;148;18.38;13.42
4200.00;4500.00;1872.00;13.51;E0_1_3600m;5.00;156;156;19.25;13.52
4200.00;4500.00;1776.00;13.41;E0_0_3700m;5.00;148;149;18.44;13.41
4200.00;4500.00;1860.00;13.49;E0_1_3700m;5.00;155;155;19.16;13.50
4200.00;4500.00;1788.00;13.40;E0_0_3800m;5.00;149;149;18.53;13.41
4200.00;4500.00;1824.00;13.45;E0_1_3800m;5.00;152;153;18.84;13.45
4200.00;4500.00;1776.00;13.40;E0_0_3900m;5.00;148;148;18.41;13.40
4200.00;4500.00;1824.00;13.56;E0_1_3900m;5.00;152;152;18.68;13.60
4200.00;4500.00;1704.00;15.35;E0_0_4000m;5.00;142;142;15.42;15.54
4200.00;4500.00;1872.00;16.32;E0_1_4000m;5.00;156;156;15.93;16.75
4200.00;4500.00;1644.00;25.44;E0_0_4100m;5.00;137;137;8.97;25.51
4200.00;4500.00;1860.00;26.03;E0_1_4100m;5.00;155;156;9.92;26.08
4200.00;4500.00;1644.00;27.73;E0_0_4200m;5.00;137;137;8.23;27.91
4200.00;4500.00;1860.00;29.14;E0_1_4200m;5.00;155;156;8.91;29.31
4200.00;4500.00;1632.00;27.82;E0_0_4300m;5.00;136;137;8.19;28.00
4200.00;4500.00;1908.00;29.32;E0_1_4300m;5.00;159;159;9.04;29.51
4200.00;4500.00;1668.00;27.84;E0_0_4400m;5.00;139;139;8.32;28.04
4200.00;4500.00;1896.00;29.27;E0_1_4400m;5.00;158;158;9.00;29.46
4200.00;4500.00;1632.00;27.57;E0_0_4500m;5.00;136;136;8.22;27.76
4200.00;4500.00;1920.00;29.20;E0_1_4500m;5.00;160;161;9.16;29.39
4200.00;4500.00;1656.00;27.35;E0_0_4600m;5.00;138;138;8.41;27.53
4200.00;4500.00;1932.00;29.00;E0_1_4600m;5.00;161;160;9.22;29.18
4200.00;4500.00;1632.00;27.10;E0_0_4700m;5.00;136;135;8.34;27.27
4200.00;4500.00;1968.00;28.82;E0_1_4700m;5.00;164;164;9.49;29.01
4200.00;4500.00;1632.00;26.82;E0_0_4800m;5.00;136;136;8.45;26.99
4200.00;4500.00;1968.00;28.64;E0_1_4800m;5.00;164;164;9.54;28.84
4200.00;4500.00;1632.00;26.51;E0_0_4900m;5.00;136;136;8.55;26.67
4200.00;4500.00;2004.00;28.52;E0_1_4900m;5.00;167;167;9.76;28.73
4200.00;4500.00;1656.00;26.26;E0_0_5000m;5.00;138;139;8.79;26.40
4200.00;4500.00;1992.00;28.34;E0_1_5000m;5.00;166;166;9.76;28.55
4500.00;4800.00;0.00;-1.00;E0_0_0m;-1.00;0;0;0.00;-1.00
4500.00;4800.00;0.00;-1.00;E0_1_0m;-1.00;0;0;0.00;-1.00
4500.00;4800.00;1788.00;25.29;E0_0_100m;5.00;149;148;9.81;25.44
4500.00;4800.00;2136.00;26.84;E0_1_100m;5.00;178;178;11.05;26.99
4500.00;4800.00;1788.00;25.89;E0_0_200m;5.00;149;149;9.59;26.03
4500.00;4800.00;2124.00;27.28;E0_1_200m;5.00;177;177;10.81;27.47
4500.00;4800.00;1764.00;25.96;E0_0_300m;5.00;147;147;9.44;26.08
4500.00;4800.00;2136.00;27.06;E0_1_300m;5.00;178;178;10.96;27.24
4500.00;4800.00;1764.00;25.96;E0_0_400m;5.00;147;147;9.44;26.06
4500.00;4800.00;2148.00;26.90;E0_1_400m;5.00;179;180;11.12;27.06
4500.00;4800.00;1776.00;25.92;E0_0_500m;5.00;148;148;9.52;26.01
4500.00;4800.00;2172.00;26.86;E0_1_500m;5.00;181;181;11.23;27.01
4500.00;4800.00;1824.00;25.96;E0_0_600m;5.00;152;152;9.76;26.05
4500.00;4800.00;2100.00;27.01;E0_1_600m;5.00;175;175;10.80;27.18
4500.00;4800.00;1824.00;25.96;E0_0_700m;5.00;152;152;9.76;26.05
4500.00;4800.00;2088.00;26.99;E0_1_700m;5.00;174;174;10.74;27.17
4500.00;4800.00;1788.00;25.97;E0_0_800m;5.00;149;148;9.52;26.05
4500.00;4800.00;2112.00;27.03;E0_1_800m;5.00;176;176;10.85;27.20
4500.00;4800.00;1776.00;25.91;E0_0_900m;5.00;148;148;9.52;25.98
4500.00;4800.00;2124.00;27.03;E0_1_900m;5.00;177;177;10.92;27.20
4500.00;4800.00;1800.00;25.92;E0_0_1000m;5.00;150;150;9.64;25.99
4500.00;4800.00;2112.00;26.98;E0_1_1000m;5.00;176;176;10.87;27.16
4500.00;4800.00;1764.00;25.90;E0_0_1100m;5.00;147;147;9.46;25.97
4500.00;4800.00;2148.00;26.99;E0_1_1100m;5.00;179;179;11.05;27.17
4500.00;4800.00;1752.00;25.89;E0_0_1200m;5.00;146;146;9.40;25.95
4500.00;4800.00;2136.00;27.01;E0_1_1200m;5.00;178;178;10.98;27.20
4500.00;4800.00;1752.00;25.79;E0_0_1300m;5.00;146;146;9.44;25.85
4500.00;4800.00;2124.00;26.94;E0_1_1300m;5.00;177;177;10.95;27.11
4500.00;4800.00;1740.00;25.77;E0_0_1400m;5.00;145;146;9.39;25.83
4500.00;4800.00;2136.00;26.84;E0_1_1400m;5.00;178;177;11.02;27.01
4500.00;4800.00;1740.00;25.79;E0_0_1500m;5.00;145;145;9.37;25.84
4500.00;4800.00;2124.00;26.85;E0_1_1500m;5.00;177;177;10.99;27.01
4500.00;4800.00;1716.00;25.78;E0_0_1600m;5.00;143;144;9.29;25.84
4500.00;4800.00;2136.00;26.84;E0_1_1600m;5.00;178;178;11.05;26.99
4500.00;4800.00;1680.00;25.77;E0_0_1700m;5.00;140;140;9.05;25.82
4500.00;4800.00;2112.00;26.81;E0_1_1700m;5.00;176;176;10.94;26.95
4500.00;4800.00;1692.00;25.79;E0_0_1800m;5.00;141;142;9.16;25.85
4500.00;4800.00;2112.00;26.84;E0_1_1800m;5.00;176;175;10.88;26.97
4500.00;4800.00;1728.00;25.76;E0_0_1900m;5.00;144;144;9.32;25.82
4500.00;4800.00;2100.00;26.83;E0_1_1900m;5.00;175;175;10.87;26.96
4500.00;4800.00;1728.00;25.73;E0_0_2000m;5.00;144;144;9.33;25.80
4500.00;4800.00;2088.00;26.81;E0_1_2000m;5.00;174;176;10.87;26.93
4500.00;4800.00;1704.00;25.72;E0_0_2100m;5.00;142;141;9.13;25.78
4500.00;4800.00;2124.00;26.75;E0_1_2100m;5.00;177;177;11.03;26.87
4500.00;4800.00;1716.00;25.47;E0_0_2200m;5.00;143;142;9.30;25.55
4500.00;4800.00;2112.00;26.58;E0_1_2200m;5.00;176;176;11.04;26.70
4500.00;4800.00;1716.00;25.07;E0_0_2300m;5.00;143;142;9.48;25.16
4500.00;4800.00;2112.00;26.00;E0_1_2300m;5.00;176;176;11.28;26.13
4500.00;4800.00;1752.00;24.13;E0_0_2400m;5.00;146;146;10.08;24.29
4500.00;4800.00;2148.00;24.94;E0_1_2400m;5.00;179;179;11.96;25.16
4500.00;4800.00;1776.00;22.81;E0_0_2500m;5.00;148;148;10.81;23.12
4500.00;4800.00;2184.00;23.49;E0_1_2500m;5.00;182;181;12.86;23.87
4500.00;4800.00;1800.00;20.98;E0_0_2600m;5.00;150;150;11.91;21.45
4500.00;4800.00;2184.00;21.57;E0_1_2600m;5.00;182;182;14.06;22.13
4500.00;4800.00;1848.00;19.28;E0_0_2700m;5.00;154;154;13.31;19.78
4500.00;4800.00;2160.00;19.34;E0_1_2700m;5.00;180;180;15.52;20.04
4500.00;4800.00;1824.00;17.91;E0_0_2800m;5.00;152;152;14.15;18.20
4500.00;4800.00;2148.00;17.30;E0_1_2800m;5.00;179;179;17.25;17.92
4500.00;4800.00;1812.00;16.52;E0_0_2900m;5.00;151;151;15.23;16.69
4500.00;4800.00;2076.00;15.38;E0_1_2900m;5.00;173;173;18.75;15.76
4500.00;4800.00;1800.00;14.17;E0_0_3000m;5.00;150;150;17.65;14.30
4500.00;4800.00;2028.00;13.83;E0_1_3000m;5.00;169;170;20.43;13.98
4500.00;4800.00;1872.00;13.51;E0_0_3100m;5.00;156;157;19.36;13.55
4500.00;4800.00;1884.00;13.52;E0_1_3100m;5.00;157;158;19.37;13.54
4500.00;4800.00;1884.00;13.48;E0_0_3200m;5.00;157;157;19.41;13.48
4500.00;4800.00;1896.00;13.44;E0_1_3200m;5.00;158;158;19.60;13.44
4500.00;4800.00;1884.00;13.42;E0_0_3300m;5.00;157;157;19.49;13.42
4500.00;4800.00;1908.00;13.41;E0_1_3300m;5.00;159;158;19.72;13.41
4500.00;4800.00;1896.00;13.41;E0_0_3400m;5.00;158;158;19.63;13.41
4500.00;4800.00;1908.00;13.41;E0_1_3400m;5.00;159;158;19.74;13.41
4500.00;4800.00;1872.00;13.41;E0_0_3500m;5.00;156;157;19.43;13.41
4500.00;4800.00;1884.00;13.40;E0_1_3500m;5.00;157;157;19.52;13.40
4500.00;4800.00;1872.00;13.41;E0_0_3600m;5.00;156;157;19.46;13.41
4500.00;4800.00;1872.00;13.41;E0_1_3600m;5.00;156;157;19.40;13.41
4500.00;4800.00;1848.00;13.41;E0_0_3700m;5.00;154;153;19.10;13.41
4500.00;4800.00;1896.00;13.43;E0_1_3700m;5.00;158;158;19.61;13.43
4500.00;4800.00;1836.00;13.41;E0_0_3800m;5.00;153;153;19.01;13.41
4500.00;4800.00;1908.00;13.52;E0_1_3800m;5.00;159;158;19.60;13.55
4500.00;4800.00;1836.00;13.48;E0_0_3900m;5.00;153;153;18.91;13.49
4500.00;4800.00;1896.00;13.81;E0_1_3900m;5.00;158;158;19.07;13.99
4500.00;4800.00;1836.00;15.40;E0_0_4000m;5.00;153;153;16.56;15.65
4500.00;4800.00;1896.00;16.35;E0_1_4000m;5.00;158;158;16.11;16.92
4500.00;4800.00;1800.00;25.07;E0_0_4100m;5.00;150;151;10.02;25.12
4500.00;4800.00;1956.00;25.90;E0_1_4100m;5.00;163;163;10.50;25.96
4500.00;4800.00;1800.00;26.83;E0_0_4200m;5.00;150;150;9.32;26.97
4500.00;4800.00;1956.00;28.62;E0_1_4200m;5.00;163;162;9.44;28.81
4500.00;4800.00;1836.00;27.19;E0_0_4300m;5.00;153;153;9.38;27.37
4500.00;4800.00;1884.00;28.96;E0_1_4300m;5.00;157;157;9.04;29.18
4500.00;4800.00;1776.00;27.07;E0_0_4400m;5.00;148;148;9.11;27.22
4500.00;4800.00;1932.00;29.03;E0_1_4400m;5.00;161;161;9.24;29.25
4500.00;4800.00;1800.00;27.00;E0_0_4500m;5.00;150;150;9.26;27.14
4500.00;4800.00;1932.00;28.89;E0_1_4500m;5.00;161;160;9.26;29.10
4500.00;4800.00;1800.00;27.03;E0_0_4600m;5.00;150;150;9.25;27.18
4500.00;4800.00;1920.00;28.79;E0_1_4600m;5.00;160;160;9.26;28.98
4500.00;4800.00;1764.00;26.91;E0_0_4700m;5.00;147;147;9.10;27.05
4500.00;4800.00;1932.00;28.63;E0_1_4700m;5.00;161;161;9.37;28.82
4500.00;4800.00;1752.00;26.86;E0_0_4800m;5.00;146;146;9.06;26.98
4500.00;4800.00;1944.00;28.56;E0_1_4800m;5.00;162;162;9.45;28.74
4500.00;4800.00;1764.00;26.66;E0_0_4900m;5.00;147;147;9.19;26.78
4500.00;4800.00;1932.00;28.40;E0_1_4900m;5.00;161;161;9.45;28.55
4500.00;4800.00;1788.00;26.37;E0_0_5000m;5.00;149;148;9.39;26.48
4500.00;4800.00;1932.00;28.27;E0_1_5000m;5.00;161;161;9.49;28.40
4800.00;5100.00;0.00;-1.00;E0_0_0m;-1.00;0;0;0.00;-1.00
4800.00;5100.00;0.00;-1.00;E0_1_0m;-1.00;0;0;0.00;-1.00
4800.00;5100.00;1692.00;26.24;E0_0_100m;5.00;141;141;8.96;26.40
4800.00;5100.00;1812.00;26.83;E0_1_100m;5.00;151;151;9.38;26.99
4800.00;5100.00;1620.00;26.66;E0_0_200m;5.00;135;135;8.44;26.86
4800.00;5100.00;1908.00;28.13;E0_1_200m;5.00;159;159;9.42;28.37
4800.00;5100.00;1656.00;26.62;E0_0_300m;5.00;138;138;8.64;26.80
4800.00;5100.00;1920.00;28.33;E0_1_300m;5.00;160;160;9.41;28.54
4800.00;5100.00;1608.00;26.54;E0_0_400m;5.00;134;134;8.41;26.71
4800.00;5100.00;1980.00;28.26;E0_1_400m;5.00;165;164;9.70;28.46
4800.00;5100.00;1596.00;26.47;E0_0_500m;5.00;133;133;8.37;26.64
4800.00;5100.00;1968.00;28.27;E0_1_500m;5.00;164;164;9.67;28.48
4800.00;5100.00;1596.00;26.26;E0_0_600m;5.00;133;133;8.44;26.42
4800.00;5100.00;1992.00;28.21;E0_1_600m;5.00;166;166;9.81;28.42
4800.00;5100.00;1608.00;26.09;E0_0_700m;5.00;134;134;8.56;26.25
4800.00;5100.00;2004.00;28.16;E0_1_700m;5.00;167;167;9.88;28.37
4800.00;5100.00;1620.00;25.89;E0_0_800m;5.00;135;135;8.69;26.05
4800.00;5100.00;2016.00;28.21;E0_1_800m;5.00;168;168;9.92;28.43
4800.00;5100.00;1572.00;25.78;E0_0_900m;5.00;131;131;8.47;25.94
4800.00;5100.00;2028.00;28.23;E0_1_900m;5.00;169;169;9.98;28.43
4800.00;5100.00;1536.00;25.73;E0_0_1000m;5.00;128;128;8.29;25.88
4800.00;5100.00;2028.00;28.15;E0_1_1000m;5.00;169;169;10.01;28.32
4800.00;5100.00;1512.00;25.67;E0_0_1100m;5.00;126;126;8.18;25.80
4800.00;5100.00;2052.00;28.04;E0_1_1100m;5.00;171;171;10.16;28.18
4800.00;5100.00;1548.00;25.64;E0_0_1200m;5.00;129;129;8.39;25.77
4800.00;5100.00;2076.00;27.84;E0_1_1200m;5.00;173;173;10.36;27.97
4800.00;5100.00;1548.00;25.48;E0_0_1300m;5.00;129;129;8.44;25.61
4800.00;5100.00;2112.00;27.63;E0_1_1300m;5.00;176;176;10.62;27.76
4800.00;5100.00;1560.00;25.36;E0_0_1400m;5.00;130;130;8.54;25.47
4800.00;5100.00;2124.00;27.45;E0_1_1400m;5.00;177;177;10.75;27.58
4800.00;5100.00;1620.00;25.29;E0_0_1500m;5.00;135;135;8.90;25.39
4800.00;5100.00;2100.00;27.40;E0_1_1500m;5.00;175;175;10.64;27.52
4800.00;5100.00;1656.00;25.22;E0_0_1600m;5.00;138;138;9.12;25.36
4800.00;5100.00;2076.00;27.31;E0_1_1600m;5.00;173;174;10.62;27.44
4800.00;5100.00;1644.00;25.00;E0_0_1700m;5.00;137;138;9.15;25.07
4800.00;5100.00;2100.00;27.09;E0_1_1700m;5.00;175;175;10.77;27.24
4800.00;5100.00;1632.00;24.90;E0_0_1800m;5.00;136;135;9.05;24.97
4800.00;5100.00;2124.00;27.00;E0_1_1800m;5.00;177;177;10.93;27.14
4800.00;5100.00;1584.00;24.80;E0_0_1900m;5.00;132;132;8.87;24.87
4800.00;5100.00;2124.00;26.96;E0_1_1900m;5.00;177;177;10.94;27.12
4800.00;5100.00;1632.00;24.70;E0_0_2000m;5.00;136;136;9.18;24.78
4800.00;5100.00;2124.00;26.91;E0_1_2000m;5.00;177;176;10.92;27.06
4800.00;5100.00;1620.00;24.72;E0_0_2100m;5.00;135;135;9.10;24.82
4800.00;5100.00;2112.00;26.89;E0_1_2100m;5.00;176;176;10.91;27.01
4800.00;5100.00;1644.00;24.66;E0_0_2200m;5.00;137;137;9.26;24.77
4800.00;5100.00;2124.00;26.82;E0_1_2200m;5.00;177;177;11.00;26.93
4800.00;5100.00;1704.00;24.44;E0_0_2300m;5.00;142;142;9.68;24.56
4800.00;5100.00;2124.00;26.49;E0_1_2300m;5.00;177;177;11.14;26.56
4800.00;5100.00;1644.00;24.04;E0_0_2400m;5.00;137;137;9.50;24.17
4800.00;5100.00;2124.00;25.85;E0_1_2400m;5.00;177;177;11.41;25.90
4800.00;5100.00;1644.00;23.34;E0_0_2500m;5.00;137;137;9.78;23.52
4800.00;5100.00;2088.00;24.91;E0_1_2500m;5.00;174;174;11.64;24.98
4800.00;5100.00;1632.00;22.07;E0_0_2600m;5.00;136;136;10.27;22.38
4800.00;5100.00;2076.00;23.41;E0_1_2600m;5.00;173;173;12.32;23.58
4800.00;5100.00;1620.00;20.60;E0_0_2700m;5.00;135;135;10.92;21.02
4800.00;5100.00;2088.00;21.43;E0_1_2700m;5.00;174;174;13.53;21.80
4800.00;5100.00;1680.00;18.87;E0_0_2800m;5.00;140;140;12.37;19.32
4800.00;5100.00;2040.00;19.17;E0_1_2800m;5.00;170;170;14.78;19.74
4800.00;5100.00;1752.00;17.07;E0_0_2900m;5.00;146;146;14.25;17.39
4800.00;5100.00;2040.00;16.66;E0_1_2900m;5.00;170;171;17.12;17.19
4800.00;5100.00;1776.00;14.37;E0_0_3000m;5.00;148;148;17.16;14.49
4800.00;5100.00;2016.00;14.22;E0_1_3000m;5.00;168;168;19.64;14.48
4800.00;5100.00;1788.00;13.61;E0_0_3100m;5.00;149;149;18.22;13.65
4800.00;5100.00;2004.00;13.70;E0_1_3100m;5.00;167;167;20.32;13.80
4800.00;5100.00;1788.00;13.46;E0_0_3200m;5.00;149;150;18.48;13.46
4800.00;5100.00;1980.00;13.55;E0_1_3200m;5.00;165;165;20.30;13.58
4800.00;5100.00;1800.00;13.43;E0_0_3300m;5.00;150;150;18.61;13.43
4800.00;5100.00;1956.00;13.49;E0_1_3300m;5.00;163;163;20.15;13.50
4800.00;5100.00;1800.00;13.42;E0_0_3400m;5.00;150;150;18.63;13.43
4800.00;5100.00;1944.00;13.44;E0_1_3400m;5.00;162;163;20.15;13.45
4800.00;5100.00;1824.00;13.43;E0_0_3500m;5.00;152;151;18.82;13.43
4800.00;5100.00;1956.00;13.43;E0_1_3500m;5.00;163;163;20.22;13.44
4800.00;5100.00;1824.00;13.41;E0_0_3600m;5.00;152;151;18.81;13.41
4800.00;5100.00;1956.00;13.42;E0_1_3600m;5.00;163;162;20.23;13.42
4800.00;5100.00;1848.00;13.41;E0_0_3700m;5.00;154;154;19.14;13.41
4800.00;5100.00;1968.00;13.41;E0_1_3700m;5.00;164;165;20.45;13.41
4800.00;5100.00;1848.00;13.41;E0_0_3800m;5.00;154;155;19.19;13.41
4800.00;5100.00;1968.00;13.40;E0_1_3800m;5.00;164;165;20.45;13.40
4800.00;5100.00;1860.00;13.42;E0_0_3900m;5.00;155;155;19.25;13.42
4800.00;5100.00;1980.00;13.44;E0_1_3900m;5.00;165;165;20.46;13.45
4800.00;5100.00;1896.00;15.49;E0_0_4000m;5.00;158;159;17.06;15.83
4800.00;5100.00;1944.00;16.08;E0_1_4000m;5.00;162;163;16.89;16.45
4800.00;5100.00;1836.00;25.28;E0_0_4100m;5.00;153;154;10.10;25.33
4800.00;5100.00;1980.00;25.99;E0_1_4100m;5.00;165;165;10.61;26.02
4800.00;5100.00;1824.00;27.54;E0_0_4200m;5.00;152;152;9.20;27.69
4800.00;5100.00;2016.00;29.09;E0_1_4200m;5.00;168;168;9.63;29.22
4800.00;5100.00;1812.00;27.46;E0_0_4300m;5.00;151;152;9.20;27.60
4800.00;5100.00;2040.00;29.57;E0_1_4300m;5.00;170;171;9.60;29.73
4800.00;5100.00;1824.00;27.29;E0_0_4400m;5.00;152;152;9.28;27.43
4800.00;5100.00;2004.00;29.52;E0_1_4400m;5.00;167;167;9.43;29.65
4800.00;5100.00;1812.00;27.08;E0_0_4500m;5.00;151;151;9.29;27.21
4800.00;5100.00;1992.00;29.31;E0_1_4500m;5.00;166;166;9.44;29.43
4800.00;5100.00;1848.00;26.92;E0_0_4600m;5.00;154;154;9.54;27.04
4800.00;5100.00;1980.00;29.06;E0_1_4600m;5.00;165;166;9.49;29.18
4800.00;5100.00;1836.00;26.62;E0_0_4700m;5.00;153;153;9.58;26.75
4800.00;5100.00;2004.00;28.87;E0_1_4700m;5.00;167;167;9.64;29.00
4800.00;5100.00;1872.00;26.40;E0_0_4800m;5.00;156;156;9.85;26.53
4800.00;5100.00;1992.00;28.73;E0_1_4800m;5.00;166;166;9.63;28.86
4800.00;5100.00;1860.00;26.26;E0_0_4900m;5.00;155;155;9.84;26.40
4800.00;5100.00;1992.00;28.66;E0_1_4900m;5.00;166;166;9.65;28.79
4800.00;5100.00;1848.00;26.10;E0_0_5000m;5.00;154;155;9.83;26.21
4800.00;5100.00;1992.00;28.55;E0_1_5000m;5.00;166;166;9.69;28.67
5100.00;5400.00;0.00;-1.00;E0_0_0m;-1.00;0;0;0.00;-1.00
5100.00;5400.00;0.00;-1.00;E0_1_0m;-1.00;0;0;0.00;-1.00
5100.00;5400.00;1812.00;25.27;E0_0_100m;5.00;151;152;10.02;25.48
5100.00;5400.00;2088.00;26.53;E0_1_100m;5.00;174;174;10.93;26.76
5100.00;5400.00;1764.00;25.88;E0_0_200m;5.00;147;147;9.47;26.19
5100.00;5400.00;2124.00;27.66;E0_1_200m;5.00;177;178;10.68;27.91
5100.00;5400.00;1752.00;26.02;E0_0_300m;5.00;146;146;9.35;26.33
5100.00;5400.00;2088.00;28.04;E0_1_300m;5.00;174;175;10.36;28.26
5100.00;5400.00;1752.00;26.13;E0_0_400m;5.00;146;146;9.31;26.43
5100.00;5400.00;2064.00;28.25;E0_1_400m;5.00;172;172;10.15;28.44
5100.00;5400.00;1764.00;26.06;E0_0_500m;5.00;147;148;9.40;26.32
5100.00;5400.00;2052.00;28.44;E0_1_500m;5.00;171;171;10.02;28.62
5100.00;5400.00;1752.00;25.91;E0_0_600m;5.00;146;146;9.39;26.19
5100.00;5400.00;2040.00;28.65;E0_1_600m;5.00;170;170;9.89;28.79
5100.00;5400.00;1716.00;25.83;E0_0_700m;5.00;143;143;9.23;26.12
5100.00;5400.00;2052.00;28.59;E0_1_700m;5.00;171;171;9.97;28.72
5100.00;5400.00;1680.00;25.58;E0_0_800m;5.00;140;140;9.12;25.83
5100.00;5400.00;2088.00;28.40;E0_1_800m;5.00;174;174;10.21;28.54
5100.00;5400.00;1692.00;25.41;E0_0_900m;5.00;141;141;9.25;25.67
5100.00;5400.00;2112.00;28.15;E0_1_900m;5.00;176;178;10.47;28.32
5100.00;5400.00;1704.00;25.25;E0_0_1000m;5.00;142;142;9.37;25.46
5100.00;5400.00;2160.00;27.97;E0_1_1000m;5.00;180;180;10.72;28.16
5100.00;5400.00;1692.00;25.11;E0_0_1100m;5.00;141;141;9.36;25.31
5100.00;5400.00;2172.00;27.77;E0_1_1100m;5.00;181;181;10.86;27.97
5100.00;5400.00;1644.00;24.90;E0_0_1200m;5.00;137;138;9.22;25.12
5100.00;5400.00;2160.00;27.63;E0_1_1200m;5.00;180;180;10.86;27.82
5100.00;5400.00;1620.00;24.81;E0_0_1300m;5.00;135;135;9.07;25.03
5100.00;5400.00;2136.00;27.46;E0_1_1300m;5.00;178;179;10.84;27.65
5100.00;5400.00;1608.00;24.57;E0_0_1400m;5.00;134;134;9.09;24.79
5100.00;5400.00;2148.00;27.40;E0_1_1400m;5.00;179;179;10.89;27.60
5100.00;5400.00;1632.00;24.45;E0_0_1500m;5.00;136;136;9.27;24.68
5100.00;5400.00;2124.00;27.37;E0_1_1500m;5.00;177;177;10.78;27.57
5100.00;5400.00;1620.00;24.38;E0_0_1600m;5.00;135;135;9.23;24.61
5100.00;5400.00;2124.00;27.37;E0_1_1600m;5.00;177;177;10.78;27.57
5100.00;5400.00;1596.00;24.39;E0_0_1700m;5.00;133;133;9.09;24.62
5100.00;5400.00;2136.00;27.35;E0_1_1700m;5.00;178;178;10.85;27.53
5100.00;5400.00;1584.00;24.49;E0_0_1800m;5.00;132;132;8.98;24.73
5100.00;5400.00;2136.00;27.38;E0_1_1800m;5.00;178;178;10.84;27.56
5100.00;5400.00;1572.00;24.41;E0_0_1900m;5.00;131;132;8.99;24.64
5100.00;5400.00;2136.00;27.40;E0_1_1900m;5.00;178;179;10.86;27.57
5100.00;5400.00;1536.00;24.29;E0_0_2000m;5.00;128;128;8.78;24.52
5100.00;5400.00;2136.00;27.39;E0_1_2000m;5.00;178;178;10.83;27.54
5100.00;5400.00;1536.00;24.31;E0_0_2100m;5.00;128;129;8.81;24.53
5100.00;5400.00;2136.00;27.34;E0_1_2100m;5.00;178;178;10.85;27.47
5100.00;5400.00;1524.00;24.14;E0_0_2200m;5.00;127;127;8.77;24.35
5100.00;5400.00;2112.00;27.31;E0_1_2200m;5.00;176;177;10.74;27.42
5100.00;5400.00;1500.00;23.87;E0_0_2300m;5.00;125;126;8.78;24.08
5100.00;5400.00;2076.00;27.12;E0_1_2300m;5.00;173;173;10.63;27.22
5100.00;5400.00;1536.00;23.70;E0_0_2400m;5.00;128;128;9.00;23.90
5100.00;5400.00;2076.00;26.83;E0_1_2400m;5.00;173;173;10.75;26.94
5100.00;5400.00;1596.00;23.41;E0_0_2500m;5.00;133;133;9.47;23.63
5100.00;5400.00;2064.00;26.18;E0_1_2500m;5.00;172;173;11.00;26.29
5100.00;5400.00;1584.00;22.47;E0_0_2600m;5.00;132;132;9.79;22.61
5100.00;5400.00;2088.00;24.85;E0_1_2600m;5.00;174;174;11.67;25.06
5100.00;5400.00;1620.00;20.86;E0_0_2700m;5.00;135;135;10.79;21.08
5100.00;5400.00;2040.00;22.93;E0_1_2700m;5.00;170;170;12.35;23.28
5100.00;5400.00;1572.00;19.00;E0_0_2800m;5.00;131;131;11.49;19.30
5100.00;5400.00;2040.00;20.18;E0_1_2800m;5.00;170;171;14.11;20.62
5100.00;5400.00;1548.00;16.95;E0_0_2900m;5.00;129;129;12.69;17.14
5100.00;5400.00;2004.00;17.10;E0_1_2900m;5.00;167;167;16.17;17.50
5100.00;5400.00;1596.00;14.65;E0_0_3000m;5.00;133;133;15.13;14.76
5100.00;5400.00;1956.00;14.13;E0_1_3000m;5.00;163;162;19.20;14.23
5100.00;5400.00;1656.00;13.95;E0_0_3100m;5.00;138;137;16.40;14.03
5100.00;5400.00;1896.00;13.64;E0_1_3100m;5.00;158;159;19.36;13.68
5100.00;5400.00;1704.00;13.69;E0_0_3200m;5.00;142;142;17.34;13.75
5100.00;5400.00;1836.00;13.67;E0_1_3200m;5.00;153;154;18.66;13.72
5100.00;5400.00;1740.00;13.57;E0_0_3300m;5.00;145;145;17.81;13.60
5100.00;5400.00;1836.00;13.49;E0_1_3300m;5.00;153;154;18.91;13.50
5100.00;5400.00;1764.00;13.50;E0_0_3400m;5.00;147;147;18.15;13.51
5100.00;5400.00;1836.00;13.47;E0_1_3400m;5.00;153;152;18.87;13.48
5100.00;5400.00;1788.00;13.41;E0_0_3500m;5.00;149;149;18.52;13.42
5100.00;5400.00;1824.00;13.44;E0_1_3500m;5.00;152;152;18.86;13.44
5100.00;5400.00;1812.00;13.40;E0_0_3600m;5.00;151;151;18.78;13.40
5100.00;5400.00;1812.00;13.42;E0_1_3600m;5.00;151;151;18.76;13.42
5100.00;5400.00;1776.00;13.41;E0_0_3700m;5.00;148;149;18.48;13.41
5100.00;5400.00;1800.00;13.41;E0_1_3700m;5.00;150;149;18.58;13.41
5100.00;5400.00;1800.00;13.42;E0_0_3800m;5.00;150;149;18.57;13.42
5100.00;5400.00;1800.00;13.41;E0_1_3800m;5.00;150;149;18.59;13.41
5100.00;5400.00;1776.00;13.50;E0_0_3900m;5.00;148;148;18.27;13.52
5100.00;5400.00;1788.00;13.48;E0_1_3900m;5.00;149;150;18.45;13.49
5100.00;5400.00;1716.00;15.46;E0_0_4000m;5.00;143;143;15.42;15.71
5100.00;5400.00;1848.00;16.43;E0_1_4000m;5.00;154;154;15.62;16.88
5100.00;5400.00;1704.00;24.99;E0_0_4100m;5.00;142;143;9.50;25.06
5100.00;5400.00;1872.00;25.98;E0_1_4100m;5.00;156;156;10.03;26.03
5100.00;5400.00;1680.00;26.64;E0_0_4200m;5.00;140;140;8.76;26.84
5100.00;5400.00;1872.00;28.56;E0_1_4200m;5.00;156;156;9.10;28.73
5100.00;5400.00;1668.00;26.39;E0_0_4300m;5.00;139;139;8.78;26.56
5100.00;5400.00;1884.00;28.78;E0_1_4300m;5.00;157;157;9.09;28.99
5100.00;5400.00;1692.00;26.08;E0_0_4400m;5.00;141;142;9.06;26.28
5100.00;5400.00;1920.00;28.65;E0_1_4400m;5.00;160;160;9.31;28.85
5100.00;5400.00;1764.00;25.92;E0_0_4500m;5.00;147;147;9.45;26.13
5100.00;5400.00;1884.00;28.38;E0_1_4500m;5.00;157;157;9.22;28.56
5100.00;5400.00;1692.00;25.93;E0_0_4600m;5.00;141;141;9.06;26.09
5100.00;5400.00;1908.00;28.17;E0_1_4600m;5.00;159;159;9.41;28.34
5100.00;5400.00;1680.00;25.74;E0_0_4700m;5.00;140;140;9.06;25.91
5100.00;5400.00;1908.00;28.24;E0_1_4700m;5.00;159;160;9.40;28.40
5100.00;5400.00;1680.00;25.61;E0_0_4800m;5.00;140;140;9.11;25.79
5100.00;5400.00;1896.00;28.31;E0_1_4800m;5.00;158;158;9.30;28.49
5100.00;5400.00;1644.00;25.42;E0_0_4900m;5.00;137;138;9.01;25.61
5100.00;5400.00;1932.00;28.32;E0_1_4900m;5.00;161;161;9.48;28.53
5100.00;5400.00;1632.00;25.31;E0_0_5000m;5.00;136;135;8.95;25.53
5100.00;5400.00;1932.00;28.45;E0_1_5000m;5.00;161;161;9.43;28.68
5400.00;5700.00;0.00;-1.00;E0_0_0m;-1.00;0;0;0.00;-1.00
5400.00;5700.00;0.00;-1.00;E0_1_0m;-1.00;0;0;0.00;-1.00
5400.00;5700.00;1848.00;24.67;E0_0_100m;5.00;154;154;10.41;24.85
5400.00;5700.00;2220.00;25.72;E0_1_100m;5.00;185;185;11.99;25.93
5400.00;5700.00;1800.00;25.16;E0_0_200m;5.00;150;150;9.94;25.39
5400.00;5700.00;2244.00;26.91;E0_1_200m;5.00;187;187;11.58;27.17
5400.00;5700.00;1848.00;25.45;E0_0_300m;5.00;154;154;10.08;25.67
5400.00;5700.00;2196.00;27.11;E0_1_300m;5.00;183;182;11.23;27.33
5400.00;5700.00;1848.00;25.47;E0_0_400m;5.00;154;154;10.08;25.67
5400.00;5700.00;2184.00;27.20;E0_1_400m;5.00;182;182;11.15;27.40
5400.00;5700.00;1836.00;25.41;E0_0_500m;5.00;153;153;10.04;25.59
5400.00;5700.00;2196.00;27.14;E0_1_500m;5.00;183;183;11.24;27.33
5400.00;5700.00;1824.00;25.40;E0_0_600m;5.00;152;152;9.97;25.53
5400.00;5700.00;2196.00;27.10;E0_1_600m;5.00;183;184;11.31;27.29
5400.00;5700.00;1788.00;25.49;E0_0_700m;5.00;149;150;9.77;25.59
5400.00;5700.00;2232.00;26.94;E0_1_700m;5.00;186;186;11.51;27.11
5400.00;5700.00;1776.00;25.54;E0_0_800m;5.00;148;148;9.66;25.64
5400.00;5700.00;2220.00;26.89;E0_1_800m;5.00;185;185;11.47;27.03
5400.00;5700.00;1776.00;25.59;E0_0_900m;5.00;148;148;9.64;25.69
5400.00;5700.00;2184.00;26.87;E0_1_900m;5.00;182;182;11.29;27.00
5400.00;5700.00;1728.00;25.73;E0_0_1000m;5.00;144;144;9.33;25.84
5400.00;5700.00;2172.00;26.80;E0_1_1000m;5.00;181;181;11.26;26.94
5400.00;5700.00;1704.00;25.75;E0_0_1100m;5.00;142;142;9.19;25.86
5400.00;5700.00;2172.00;26.83;E0_1_1100m;5.00;181;181;11.24;26.98
5400.00;5700.00;1680.00;25.87;E0_0_1200m;5.00;140;140;9.02;25.97
5400.00;5700.00;2196.00;26.85;E0_1_1200m;5.00;183;183;11.36;27.01
5400.00;5700.00;1716.00;25.89;E0_0_1300m;5.00;143;143;9.21;26.00
5400.00;5700.00;2184.00;26.78;E0_1_1300m;5.00;182;181;11.29;26.96
5400.00;5700.00;1680.00;25.80;E0_0_1400m;5.00;140;141;9.06;25.90
5400.00;5700.00;2208.00;26.72;E0_1_1400m;5.00;184;184;11.48;26.90
5400.00;5700.00;1704.00;25.76;E0_0_1500m;5.00;142;142;9.19;25.86
5400.00;5700.00;2184.00;26.69;E0_1_1500m;5.00;182;182;11.37;26.87
5400.00;5700.00;1704.00;25.68;E0_0_1600m;5.00;142;143;9.27;25.78
5400.00;5700.00;2184.00;26.68;E0_1_1600m;5.00;182;182;11.37;26.87
5400.00;5700.00;1716.00;25.72;E0_0_1700m;5.00;143;143;9.27;25.80
5400.00;5700.00;2196.00;26.63;E0_1_1700m;5.00;183;183;11.45;26.82
5400.00;5700.00;1716.00;25.66;E0_0_1800m;5.00;143;144;9.32;25.74
5400.00;5700.00;2184.00;26.52;E0_1_1800m;5.00;182;182;11.44;26.69
5400.00;5700.00;1728.00;25.52;E0_0_1900m;5.00;144;143;9.36;25.61
5400.00;5700.00;2184.00;26.40;E0_1_1900m;5.00;182;182;11.49;26.57
5400.00;5700.00;1692.00;25.49;E0_0_2000m;5.00;141;142;9.24;25.59
5400.00;5700.00;2208.00;26.24;E0_1_2000m;5.00;184;184;11.69;26.40
5400.00;5700.00;1716.00;25.34;E0_0_2100m;5.00;143;142;9.37;25.44
5400.00;5700.00;2208.00;26.10;E0_1_2100m;5.00;184;184;11.75;26.27
5400.00;5700.00;1716.00;24.96;E0_0_2200m;5.00;143;143;9.55;25.06
5400.00;5700.00;2196.00;25.77;E0_1_2200m;5.00;183;182;11.83;25.97
5400.00;5700.00;1740.00;24.61;E0_0_2300m;5.00;145;144;9.76;24.74
5400.00;5700.00;2172.00;25.47;E0_1_2300m;5.00;181;181;11.84;25.70
5400.00;5700.00;1752.00;24.14;E0_0_2400m;5.00;146;146;10.08;24.30
5400.00;5700.00;2136.00;25.06;E0_1_2400m;5.00;178;178;11.84;25.38
5400.00;5700.00;1752.00;23.23;E0_0_2500m;5.00;146;146;10.47;23.43
5400.00;5700.00;2088.00;24.26;E0_1_2500m;5.00;174;174;11.96;24.64
5400.00;5700.00;1752.00;21.92;E0_0_2600m;5.00;146;146;11.10;22.16
5400.00;5700.00;2064.00;23.01;E0_1_2600m;5.00;172;172;12.46;23.43
5400.00;5700.00;1740.00;20.24;E0_0_2700m;5.00;145;145;11.94;20.60
5400.00;5700.00;2052.00;21.10;E0_1_2700m;5.00;171;171;13.51;21.60
5400.00;5700.00;1752.00;18.36;E0_0_2800m;5.00;146;147;13.29;18.77
5400.00;5700.00;2040.00;18.79;E0_1_2800m;5.00;170;169;15.01;19.36
5400.00;5700.00;1776.00;16.59;E0_0_2900m;5.00;148;148;14.87;16.86
5400.00;5700.00;2016.00;16.31;E0_1_2900m;5.00;168;168;17.17;16.84
5400.00;5700.00;1776.00;14.16;E0_0_3000m;5.00;148;149;17.51;14.26
5400.00;5700.00;2016.00;14.15;E0_1_3000m;5.00;168;168;19.79;14.34
5400.00;5700.00;1884.00;13.57;E0_0_3100m;5.00;157;157;19.28;13.61
5400.00;5700.00;1920.00;13.64;E0_1_3100m;5.00;160;160;19.54;13.72
5400.00;5700.00;1884.00;13.46;E0_0_3200m;5.00;157;156;19.35;13.47
5400.00;5700.00;1932.00;13.59;E0_1_3200m;5.00;161;161;19.75;13.67
5400.00;5700.00;1860.00;13.43;E0_0_3300m;5.00;155;155;19.24;13.43
5400.00;5700.00;1908.00;13.50;E0_1_3300m;5.00;159;159;19.63;13.54
5400.00;5700.00;1860.00;13.41;E0_0_3400m;5.00;155;155;19.26;13.41
5400.00;5700.00;1908.00;13.44;E0_1_3400m;5.00;159;159;19.71;13.45
5400.00;5700.00;1836.00;13.41;E0_0_3500m;5.00;153;154;19.12;13.41
5400.00;5700.00;1884.00;13.41;E0_1_3500m;5.00;157;157;19.51;13.41
5400.00;5700.00;1824.00;13.40;E0_0_3600m;5.00;152;153;18.93;13.40
5400.00;5700.00;1884.00;13.41;E0_1_3600m;5.00;157;157;19.51;13.41
5400.00;5700.00;1860.00;13.41;E0_0_3700m;5.00;155;154;19.17;13.41
5400.00;5700.00;1860.00;13.44;E0_1_3700m;5.00;155;155;19.22;13.45
5400.00;5700.00;1860.00;13.42;E0_0_3800m;5.00;155;155;19.25;13.42
5400.00;5700.00;1836.00;13.42;E0_1_3800m;5.00;153;153;19.00;13.42
5400.00;5700.00;1896.00;13.53;E0_0_3900m;5.00;158;158;19.46;13.55
5400.00;5700.00;1848.00;13.51;E0_1_3900m;5.00;154;154;19.04;13.53
5400.00;5700.00;1848.00;15.45;E0_0_4000m;5.00;154;154;16.61;15.67
5400.00;5700.00;1920.00;16.49;E0_1_4000m;5.00;160;161;16.23;16.96
5400.00;5700.00;1776.00;25.10;E0_0_4100m;5.00;148;148;9.83;25.18
5400.00;5700.00;1992.00;26.10;E0_1_4100m;5.00;166;165;10.54;26.13
5400.00;5700.00;1740.00;27.06;E0_0_4200m;5.00;145;146;8.95;27.30
5400.00;5700.00;2004.00;29.10;E0_1_4200m;5.00;167;168;9.61;29.25
5400.00;5700.00;1740.00;26.84;E0_0_4300m;5.00;145;145;9.00;27.08
5400.00;5700.00;1980.00;29.31;E0_1_4300m;5.00;165;165;9.38;29.47
5400.00;5700.00;1716.00;26.41;E0_0_4400m;5.00;143;144;9.03;26.68
5400.00;5700.00;1980.00;29.15;E0_1_4400m;5.00;165;165;9.43;29.34
5400.00;5700.00;1728.00;26.35;E0_0_4500m;5.00;144;145;9.17;26.65
5400.00;5700.00;1944.00;29.17;E0_1_4500m;5.00;162;162;9.26;29.31
5400.00;5700.00;1704.00;26.01;E0_0_4600m;5.00;142;142;9.10;26.28
5400.00;5700.00;2004.00;29.02;E0_1_4600m;5.00;167;167;9.59;29.15
5400.00;5700.00;1716.00;25.87;E0_0_4700m;5.00;143;143;9.21;26.11
5400.00;5700.00;2040.00;29.08;E0_1_4700m;5.00;170;169;9.73;29.20
5400.00;5700.00;1764.00;25.80;E0_0_4800m;5.00;147;147;9.50;26.10
5400.00;5700.00;2004.00;29.19;E0_1_4800m;5.00;167;167;9.54;29.29
5400.00;5700.00;1752.00;25.68;E0_0_4900m;5.00;146;147;9.52;26.01
5400.00;5700.00;1980.00;29.34;E0_1_4900m;5.00;165;165;9.37;29.44
5400.00;5700.00;1752.00;25.49;E0_0_5000m;5.00;146;146;9.55;25.80
5400.00;5700.00;2004.00;29.42;E0_1_5000m;5.00;167;167;9.46;29.53
5700.00;6000.00;0.00;-1.00;E0_0_0m;-1.00;0;0;0.00;-1.00
5700.00;6000.00;0.00;-1.00;E0_1_0m;-1.00;0;0;0.00;-1.00
5700.00;6000.00;1740.00;24.50;E0_0_100m;5.00;145;145;9.86;24.70
5700.00;6000.00;2268.00;25.80;E0_1_100m;5.00;189;189;12.21;25.94
5700.00;6000.00;1704.00;25.23;E0_0_200m;5.00;142;142;9.38;25.46
5700.00;6000.00;2316.00;26.98;E0_1_200m;5.00;193;193;11.92;27.16
5700.00;6000.00;1776.00;25.50;E0_0_300m;5.00;148;148;9.67;25.73
5700.00;6000.00;2244.00;27.25;E0_1_300m;5.00;187;187;11.44;27.44
5700.00;6000.00;1764.00;25.69;E0_0_400m;5.00;147;147;9.54;25.88
5700.00;6000.00;2256.00;27.24;E0_1_400m;5.00;188;188;11.50;27.42
5700.00;6000.00;1764.00;25.67;E0_0_500m;5.00;147;147;9.54;25.83
5700.00;6000.00;2244.00;27.21;E0_1_500m;5.00;187;187;11.45;27.36
5700.00;6000.00;1764.00;25.62;E0_0_600m;5.00;147;147;9.56;25.76
5700.00;6000.00;2244.00;27.11;E0_1_600m;5.00;187;186;11.44;27.25
5700.00;6000.00;1776.00;25.53;E0_0_700m;5.00;148;148;9.66;25.67
5700.00;6000.00;2232.00;26.92;E0_1_700m;5.00;186;186;11.51;27.06
5700.00;6000.00;1776.00;25.53;E0_0_800m;5.00;148;148;9.66;25.67
5700.00;6000.00;2232.00;26.83;E0_1_800m;5.00;186;186;11.55;26.98
5700.00;6000.00;1788.00;25.32;E0_0_900m;5.00;149;149;9.81;25.46
5700.00;6000.00;2256.00;26.70;E0_1_900m;5.00;188;189;11.74;26.85
5700.00;6000.00;1788.00;24.95;E0_0_1000m;5.00;149;149;9.95;25.10
5700.00;6000.00;2280.00;26.65;E0_1_1000m;5.00;190;190;11.88;26.81
5700.00;6000.00;1788.00;24.87;E0_0_1100m;5.00;149;149;9.99;25.01
5700.00;6000.00;2292.00;26.51;E0_1_1100m;5.00;191;191;12.01;26.66
5700.00;6000.00;1812.00;24.67;E0_0_1200m;5.00;151;150;10.15;24.84
5700.00;6000.00;2268.00;26.48;E0_1_1200m;5.00;189;189;11.90;26.63
5700.00;6000.00;1836.00;24.61;E0_0_1300m;5.00;153;153;10.36;24.77
5700.00;6000.00;2232.00;26.58;E0_1_1300m;5.00;186;186;11.66;26.74
5700.00;6000.00;1800.00;24.65;E0_0_1400m;5.00;150;150;10.18;24.79
5700.00;6000.00;2244.00;26.58;E0_1_1400m;5.00;187;187;11.73;26.74
5700.00;6000.00;1752.00;24.72;E0_0_1500m;5.00;146;146;9.84;24.85
5700.00;6000.00;2268.00;26.59;E0_1_1500m;5.00;189;189;11.85;26.77
5700.00;6000.00;1812.00;24.63;E0_0_1600m;5.00;151;150;10.16;24.77
5700.00;6000.00;2244.00;26.62;E0_1_1600m;5.00;187;187;11.71;26.80
5700.00;6000.00;1812.00;24.51;E0_0_1700m;5.00;151;151;10.27;24.66
5700.00;6000.00;2232.00;26.50;E0_1_1700m;5.00;186;186;11.70;26.67
5700.00;6000.00;1800.00;24.19;E0_0_1800m;5.00;150;149;10.30;24.35
5700.00;6000.00;2256.00;26.13;E0_1_1800m;5.00;188;189;11.99;26.28
5700.00;6000.00;1788.00;23.77;E0_0_1900m;5.00;149;149;10.45;23.92
5700.00;6000.00;2280.00;25.42;E0_1_1900m;5.00;190;190;12.46;25.57
5700.00;6000.00;1788.00;22.97;E0_0_2000m;5.00;149;148;10.78;23.20
5700.00;6000.00;2292.00;24.30;E0_1_2000m;5.00;191;191;13.10;24.52
5700.00;6000.00;1788.00;21.98;E0_0_2100m;5.00;149;149;11.30;22.28
5700.00;6000.00;2292.00;23.05;E0_1_2100m;5.00;191;191;13.81;23.41
5700.00;6000.00;1836.00;20.77;E0_0_2200m;5.00;153;153;12.28;21.12
5700.00;6000.00;2280.00;21.65;E0_1_2200m;5.00;190;191;14.65;22.12
5700.00;6000.00;1836.00;19.29;E0_0_2300m;5.00;153;153;13.22;19.63
5700.00;6000.00;2280.00;19.95;E0_1_2300m;5.00;190;190;15.87;20.41
5700.00;6000.00;1860.00;18.16;E0_0_2400m;5.00;155;155;14.22;18.42
5700.00;6000.00;2280.00;18.57;E0_1_2400m;5.00;190;191;17.12;18.94
5700.00;6000.00;1860.00;17.36;E0_0_2500m;5.00;155;155;14.88;17.48
5700.00;6000.00;2268.00;17.08;E0_1_2500m;5.00;189;189;18.44;17.33
5700.00;6000.00;1872.00;16.85;E0_0_2600m;5.00;156;156;15.43;16.88
5700.00;6000.00;2244.00;15.99;E0_1_2600m;5.00;187;187;19.49;16.15
5700.00;6000.00;1920.00;16.38;E0_0_2700m;5.00;160;160;16.28;16.40
5700.00;6000.00;2220.00;15.04;E0_1_2700m;5.00;185;185;20.50;15.11
5700.00;6000.00;1992.00;16.12;E0_0_2800m;5.00;166;165;17.14;16.15
5700.00;6000.00;2172.00;14.14;E0_1_2800m;5.00;181;181;21.33;14.16
5700.00;6000.00;2004.00;15.28;E0_0_2900m;5.00;167;167;18.22;15.35
5700.00;6000.00;2172.00;13.65;E0_1_2900m;5.00;181;181;22.09;13.66
5700.00;6000.00;2016.00;13.92;E0_0_3000m;5.00;168;167;20.03;13.96
5700.00;6000.00;2160.00;13.45;E0_1_3000m;5.00;180;181;22.32;13.45
5700.00;6000.00;2028.00;13.55;E0_0_3100m;5.00;169;169;20.78;13.58
5700.00;6000.00;2148.00;13.43;E0_1_3100m;5.00;179;178;22.18;13.43
5700.00;6000.00;2016.00;13.46;E0_0_3200m;5.00;168;168;20.81;13.46
5700.00;6000.00;2136.00;13.41;E0_1_3200m;5.00;178;179;22.17;13.41
5700.00;6000.00;2028.00;13.42;E0_0_3300m;5.00;169;169;21.00;13.42
5700.00;6000.00;2136.00;13.40;E0_1_3300m;5.00;178;178;22.14;13.40
5700.00;6000.00;2028.00;13.41;E0_0_3400m;5.00;169;169;21.00;13.41
5700.00;6000.00;2112.00;13.40;E0_1_3400m;5.00;176;177;21.94;13.40
5700.00;6000.00;2028.00;13.41;E0_0_3500m;5.00;169;168;20.90;13.41
5700.00;6000.00;2124.00;13.40;E0_1_3500m;5.00;177;177;22.01;13.40
5700.00;6000.00;2016.00;13.40;E0_0_3600m;5.00;168;167;20.86;13.40
5700.00;6000.00;2112.00;13.40;E0_1_3600m;5.00;176;177;21.98;13.40
5700.00;6000.00;2004.00;13.40;E0_0_3700m;5.00;167;167;20.77;13.40
5700.00;6000.00;2124.00;13.40;E0_1_3700m;5.00;177;177;22.01;13.40
5700.00;6000.00;2004.00;13.39;E0_0_3800m;5.00;167;168;20.83;13.39
5700.00;6000.00;2100.00;13.42;E0_1_3800m;5.00;175;175;21.74;13.42
5700.00;6000.00;1992.00;13.54;E0_0_3900m;5.00;166;166;20.44;13.56
5700.00;6000.00;2076.00;13.63;E0_1_3900m;5.00;173;173;21.21;13.69
5700.00;6000.00;1980.00;15.68;E0_0_4000m;5.00;165;166;17.59;15.95
5700.00;6000.00;2052.00;16.59;E0_1_4000m;5.00;171;172;17.23;17.21
5700.00;6000.00;1956.00;25.17;E0_0_4100m;5.00;163;164;10.82;25.23
5700.00;6000.00;2088.00;26.01;E0_1_4100m;5.00;174;174;11.15;26.06
5700.00;6000.00;1920.00;26.79;E0_0_4200m;5.00;160;159;9.93;26.97
5700.00;6000.00;2148.00;28.32;E0_1_4200m;5.00;179;179;10.53;28.45
5700.00;6000.00;1872.00;26.75;E0_0_4300m;5.00;156;156;9.72;26.95
5700.00;6000.00;2196.00;28.60;E0_1_4300m;5.00;183;183;10.66;28.74
5700.00;6000.00;1872.00;26.57;E0_0_4400m;5.00;156;156;9.79;26.76
5700.00;6000.00;2184.00;28.55;E0_1_4400m;5.00;182;182;10.63;28.67
5700.00;6000.00;1884.00;26.32;E0_0_4500m;5.00;157;156;9.88;26.50
5700.00;6000.00;2172.00;28.56;E0_1_4500m;5.00;181;181;10.56;28.67
5700.00;6000.00;1860.00;26.24;E0_0_4600m;5.00;155;155;9.85;26.42
5700.00;6000.00;2172.00;28.52;E0_1_4600m;5.00;181;181;10.58;28.62
5700.00;6000.00;1836.00;26.23;E0_0_4700m;5.00;153;153;9.72;26.40
5700.00;6000.00;2160.00;28.46;E0_1_4700m;5.00;180;180;10.54;28.56
5700.00;6000.00;1812.00;26.09;E0_0_4800m;5.00;151;151;9.65;26.25
5700.00;6000.00;2160.00;28.45;E0_1_4800m;5.00;180;180;10.54;28.54
5700.00;6000.00;1812.00;26.04;E0_0_4900m;5.00;151;150;9.62;26.19
5700.00;6000.00;2172.00;28.39;E0_1_4900m;5.00;181;181;10.63;28.47
5700.00;6000.00;1800.00;26.23;E0_0_5000m;5.00;150;150;9.53;26.36
5700.00;6000.00;2160.00;28.34;E0_1_5000m;5.00;180;180;10.58;28.42
6000.00;6300.00;0.00;-1.00;E0_0_0m;-1.00;0;0;0.00;-1.00
6000.00;6300.00;0.00;-1.00;E0_1_0m;-1.00;0;0;0.00;-1.00
6000.00;6300.00;1956.00;21.91;E0_0_100m;5.00;163;163;12.40;22.11
6000.00;6300.00;2292.00;23.05;E0_1_100m;5.00;191;191;13.81;23.21
6000.00;6300.00;1956.00;23.96;E0_0_200m;5.00;163;163;11.34;24.23
6000.00;6300.00;2328.00;25.46;E0_1_200m;5.00;194;194;12.70;25.76
6000.00;6300.00;2004.00;24.71;E0_0_300m;5.00;167;167;11.27;24.92
6000.00;6300.00;2292.00;26.09;E0_1_300m;5.00;191;192;12.25;26.40
6000.00;6300.00;2004.00;25.11;E0_0_400m;5.00;167;168;11.11;25.25
6000.00;6300.00;2328.00;26.40;E0_1_400m;5.00;194;194;12.25;26.68
6000.00;6300.00;2016.00;25.21;E0_0_500m;5.00;168;168;11.11;25.32
6000.00;6300.00;2328.00;26.61;E0_1_500m;5.00;194;195;12.17;26.88
6000.00;6300.00;2028.00;25.25;E0_0_600m;5.00;169;169;11.16;25.34
6000.00;6300.00;2328.00;26.71;E0_1_600m;5.00;194;195;12.12;26.98
6000.00;6300.00;2004.00;25.36;E0_0_700m;5.00;167;167;10.98;25.45
6000.00;6300.00;2364.00;26.73;E0_1_700m;5.00;197;197;12.28;26.97
6000.00;6300.00;2028.00;25.40;E0_0_800m;5.00;169;169;11.09;25.48
6000.00;6300.00;2352.00;26.65;E0_1_800m;5.00;196;196;12.26;26.87
6000.00;6300.00;1980.00;25.32;E0_0_900m;5.00;165;166;10.89;25.39
6000.00;6300.00;2364.00;26.56;E0_1_900m;5.00;197;196;12.36;26.76
6000.00;6300.00;1980.00;25.15;E0_0_1000m;5.00;165;166;10.98;25.21
6000.00;6300.00;2340.00;26.31;E0_1_1000m;5.00;195;195;12.35;26.47
6000.00;6300.00;1980.00;24.92;E0_0_1100m;5.00;165;165;11.04;24.98
6000.00;6300.00;2340.00;25.92;E0_1_1100m;5.00;195;195;12.54;26.07
6000.00;6300.00;1956.00;24.54;E0_0_1200m;5.00;163;164;11.08;24.61
6000.00;6300.00;2352.00;25.39;E0_1_1200m;5.00;196;196;12.87;25.54
6000.00;6300.00;1956.00;23.91;E0_0_1300m;5.00;163;163;11.36;24.00
6000.00;6300.00;2352.00;24.76;E0_1_1300m;5.00;196;196;13.19;24.91
6000.00;6300.00;1968.00;22.96;E0_0_1400m;5.00;164;163;11.84;23.15
6000.00;6300.00;2328.00;23.92;E0_1_1400m;5.00;194;194;13.52;24.15
6000.00;6300.00;1944.00;21.94;E0_0_1500m;5.00;162;162;12.30;22.34
6000.00;6300.00;2316.00;22.82;E0_1_1500m;5.00;193;193;14.10;23.27
6000.00;6300.00;1908.00;20.96;E0_0_1600m;5.00;159;159;12.64;21.54
6000.00;6300.00;2304.00;21.48;E0_1_1600m;5.00;192;192;14.90;22.31
6000.00;6300.00;1872.00;20.24;E0_0_1700m;5.00;156;156;12.85;20.96
6000.00;6300.00;2292.00;19.57;E0_1_1700m;5.00;191;191;16.27;21.06
6000.00;6300.00;1860.00;19.22;E0_0_1800m;5.00;155;155;13.44;20.34
6000.00;6300.00;2232.00;17.99;E0_1_1800m;5.00;186;186;17.31;20.30
6000.00;6300.00;1824.00;17.23;E0_0_1900m;5.00;152;152;14.70;19.27
6000.00;6300.00;2184.00;16.59;E0_1_1900m;5.00;182;183;18.34;19.65
6000.00;6300.00;1776.00;15.81;E0_0_2000m;5.00;148;148;15.60;18.38
6000.00;6300.00;2148.00;15.14;E0_1_2000m;5.00;179;179;19.71;18.92
6000.00;6300.00;1764.00;14.34;E0_0_2100m;5.00;147;147;17.08;17.60
6000.00;6300.00;2040.00;13.76;E0_1_2100m;5.00;170;170;20.60;18.01
6000.00;6300.00;1692.00;12.83;E0_0_2200m;5.00;141;141;18.32;16.68
6000.00;6300.00;1944.00;12.33;E0_1_2200m;5.00;162;163;22.37;16.83
6000.00;6300.00;1632.00;11.51;E0_0_2300m;5.00;136;137;20.13;15.70
6000.00;6300.00;1872.00;10.67;E0_1_2300m;5.00;156;157;24.39;15.50
6000.00;6300.00;1572.00;10.04;E0_0_2400m;5.00;131;131;21.74;14.26
6000.00;6300.00;1752.00;9.05;E0_1_2400m;5.00;146;146;26.88;13.64
6000.00;6300.00;1512.00;8.40;E0_0_2500m;5.00;126;126;25.01;12.18
6000.00;6300.00;1656.00;7.90;E0_1_2500m;5.00;138;138;29.11;12.02
6000.00;6300.00;1476.00;7.38;E0_0_2600m;5.00;123;124;27.80;10.65
6000.00;6300.00;1560.00;6.92;E0_1_2600m;5.00;130;130;31.30;10.30
6000.00;6300.00;1416.00;6.60;E0_0_2700m;5.00;118;119;29.98;9.55
6000.00;6300.00;1476.00;6.20;E0_1_2700m;5.00;123;124;33.47;8.85
6000.00;6300.00;1404.00;6.07;E0_0_2800m;5.00;117;117;32.12;8.68
6000.00;6300.00;1392.00;5.57;E0_1_2800m;5.00;116;117;34.74;7.53
6000.00;6300.00;1332.00;5.44;E0_0_2900m;5.00;111;112;34.37;7.38
6000.00;6300.00;1332.00;5.09;E0_1_2900m;5.00;111;112;36.37;6.53
6000.00;6300.00;1284.00;4.96;E0_0_3000m;5.00;107;108;36.87;6.51
6000.00;6300.00;1296.00;5.56;E0_1_3000m;5.00;108;107;32.39;6.24
6000.00;6300.00;1236.00;6.21;E0_0_3100m;5.00;103;103;27.66;6.67
6000.00;6300.00;1272.00;6.20;E0_1_3100m;5.00;106;107;28.65;6.66
6000.00;6300.00;1224.00;5.95;E0_0_3200m;5.00;102;102;28.56;6.30
6000.00;6300.00;1260.00;5.96;E0_1_3200m;5.00;105;104;29.30;6.32
6000.00;6300.00;1188.00;5.69;E0_0_3300m;5.00;99;99;28.99;6.05
6000.00;6300.00;1224.00;5.65;E0_1_3300m;5.00;102;102;30.10;5.97
6000.00;6300.00;1176.00;5.48;E0_0_3400m;5.00;98;98;29.78;5.92
6000.00;6300.00;1224.00;5.53;E0_1_3400m;5.00;102;101;30.67;5.97
6000.00;6300.00;1032.00;7.34;E0_0_3500m;5.00;86;94;22.43;8.44
6000.00;6300.00;1320.00;5.01;E0_1_3500m;5.00;110;110;36.57;7.27
6000.00;6300.00;1032.00;13.76;E0_0_3600m;5.00;86;89;10.52;14.69
6000.00;6300.00;1368.00;9.17;E0_1_3600m;5.00;114;116;20.81;11.15
6000.00;6300.00;1056.00;14.59;E0_0_3700m;5.00;88;91;10.17;15.96
6000.00;6300.00;1356.00;11.20;E0_1_3700m;5.00;113;115;16.99;12.84
6000.00;6300.00;972.00;15.59;E0_0_3800m;5.00;81;82;8.74;16.00
6000.00;6300.00;1476.00;12.38;E0_1_3800m;5.00;123;124;16.65;13.43
6000.00;6300.00;996.00;14.89;E0_0_3900m;5.00;83;87;9.58;15.80
6000.00;6300.00;1536.00;12.63;E0_1_3900m;5.00;128;131;17.03;13.76
6000.00;6300.00;1020.00;16.26;E0_0_4000m;5.00;85;90;9.09;16.90
6000.00;6300.00;1596.00;13.88;E0_1_4000m;5.00;133;140;16.18;14.96
6000.00;6300.00;972.00;23.22;E0_0_4100m;5.00;81;81;5.81;23.75
6000.00;6300.00;1680.00;23.69;E0_1_4100m;5.00;140;140;9.85;24.42
6000.00;6300.00;1008.00;21.75;E0_0_4200m;5.00;84;85;6.45;25.05
6000.00;6300.00;1668.00;23.99;E0_1_4200m;5.00;139;139;9.66;26.49
6000.00;6300.00;1056.00;25.46;E0_0_4300m;5.00;88;88;5.76;25.85
6000.00;6300.00;1656.00;27.01;E0_1_4300m;5.00;138;138;8.52;27.47
6000.00;6300.00;1056.00;20.69;E0_0_4400m;5.00;88;88;7.09;25.00
6000.00;6300.00;1668.00;24.62;E0_1_4400m;5.00;139;139;9.41;26.99
6000.00;6300.00;1056.00;24.42;E0_0_4500m;5.00;88;90;6.13;25.18
6000.00;6300.00;1704.00;25.24;E0_1_4500m;5.00;142;143;9.60;26.68
6000.00;6300.00;1044.00;24.41;E0_0_4600m;5.00;87;88;5.99;25.05
6000.00;6300.00;1716.00;25.83;E0_1_4600m;5.00;143;144;9.29;26.72
6000.00;6300.00;1008.00;24.92;E0_0_4700m;5.00;84;85;5.70;25.22
6000.00;6300.00;1728.00;26.01;E0_1_4700m;5.00;144;144;9.23;26.45
6000.00;6300.00;1044.00;24.71;E0_0_4800m;5.00;87;87;5.87;25.57
6000.00;6300.00;1716.00;25.21;E0_1_4800m;5.00;143;144;9.48;26.30
6000.00;6300.00;1080.00;25.92;E0_0_4900m;5.00;90;91;5.80;26.18
6000.00;6300.00;1740.00;25.78;E0_1_4900m;5.00;145;146;9.44;26.37
6000.00;6300.00;1068.00;26.44;E0_0_5000m;5.00;89;90;5.66;26.69
6000.00;6300.00;1800.00;26.46;E0_1_5000m;5.00;150;150;9.45;26.99
6300.00;6600.00;0.00;-1.00;E0_0_0m;-1.00;0;0;0.00;-1.00
6300.00;6600.00;0.00;-1.00;E0_1_0m;-1.00;0;0;0.00;-1.00
6300.00;6600.00;1908.00;21.53;E0_0_100m;5.00;159;159;12.31;21.58
6300.00;6600.00;2040.00;21.80;E0_1_100m;5.00;170;170;12.99;21.84
6300.00;6600.00;1872.00;25.00;E0_0_200m;5.00;156;156;10.40;25.22
6300.00;6600.00;2028.00;26.51;E0_1_200m;5.00;169;170;10.63;26.71
6300.00;6600.00;1860.00;24.94;E0_0_300m;5.00;155;155;10.36;25.21
6300.00;6600.00;2028.00;26.91;E0_1_300m;5.00;169;168;10.41;27.36
6300.00;6600.00;1800.00;24.33;E0_0_400m;5.00;150;150;10.28;24.70
6300.00;6600.00;2040.00;26.20;E0_1_400m;5.00;170;170;10.82;26.79
6300.00;6600.00;1740.00;23.51;E0_0_500m;5.00;145;145;10.28;24.03
6300.00;6600.00;2064.00;24.90;E0_1_500m;5.00;172;171;11.49;25.80
6300.00;6600.00;1716.00;21.94;E0_0_600m;5.00;143;143;10.86;22.90
6300.00;6600.00;2040.00;22.71;E0_1_600m;5.00;170;170;12.51;24.15
6300.00;6600.00;1668.00;19.46;E0_0_700m;5.00;139;139;11.91;21.09
6300.00;6600.00;2004.00;19.55;E0_1_700m;5.00;167;168;14.34;22.00
6300.00;6600.00;1620.00;16.83;E0_0_800m;5.00;135;135;13.37;19.27
6300.00;6600.00;1956.00;15.16;E0_1_800m;5.00;163;163;17.92;19.47
6300.00;6600.00;1596.00;13.64;E0_0_900m;5.00;133;133;16.25;17.37
6300.00;6600.00;1848.00;12.51;E0_1_900m;5.00;154;156;20.95;17.66
6300.00;6600.00;1560.00;11.03;E0_0_1000m;5.00;130;130;19.91;15.48
6300.00;6600.00;1764.00;10.38;E0_1_1000m;5.00;147;148;23.98;15.75
6300.00;6600.00;1548.00;9.64;E0_0_1100m;5.00;129;129;22.30;13.85
6300.00;6600.00;1668.00;8.62;E0_1_1100m;5.00;139;140;26.90;13.76
6300.00;6600.00;1512.00;8.57;E0_0_1200m;5.00;126;126;24.72;12.42
6300.00;6600.00;1584.00;7.55;E0_1_1200m;5.00;132;132;29.14;12.01
6300.00;6600.00;1464.00;7.49;E0_0_1300m;5.00;122;122;27.14;10.65
6300.00;6600.00;1500.00;6.66;E0_1_1300m;5.00;125;126;31.29;9.96
6300.00;6600.00;1464.00;6.79;E0_0_1400m;5.00;122;122;29.96;9.46
6300.00;6600.00;1392.00;5.79;E0_1_1400m;5.00;116;117;33.61;7.82
6300.00;6600.00;1428.00;6.09;E0_0_1500m;5.00;119;120;32.66;8.05
6300.00;6600.00;1344.00;5.20;E0_1_1500m;5.00;112;112;35.91;6.44
6300.00;6600.00;1380.00;5.49;E0_0_1600m;5.00;115;115;34.92;6.73
6300.00;6600.00;1296.00;4.84;E0_1_1600m;5.00;108;108;37.22;5.59
6300.00;6600.00;1332.00;5.08;E0_0_1700m;5.00;111;111;36.43;5.72
6300.00;6600.00;1248.00;4.53;E0_1_1700m;5.00;104;104;38.27;4.94
6300.00;6600.00;1296.00;4.80;E0_0_1800m;5.00;108;108;37.50;5.15
6300.00;6600.00;1224.00;4.31;E0_1_1800m;5.00;102;101;39.41;4.52
6300.00;6600.00;1260.00;4.56;E0_0_1900m;5.00;105;106;38.55;4.74
6300.00;6600.00;1200.00;4.15;E0_1_1900m;5.00;100;99;40.15;4.26
6300.00;6600.00;1236.00;4.40;E0_0_2000m;5.00;103;104;39.26;4.48
6300.00;6600.00;1164.00;4.03;E0_1_2000m;5.00;97;98;40.45;4.10
6300.00;6600.00;1224.00;4.28;E0_0_2100m;5.00;102;102;39.73;4.33
6300.00;6600.00;1164.00;3.99;E0_1_2100m;5.00;97;98;40.56;4.06
6300.00;6600.00;1224.00;4.27;E0_0_2200m;5.00;102;102;39.83;4.33
6300.00;6600.00;1176.00;4.00;E0_1_2200m;5.00;98;97;40.36;4.07
6300.00;6600.00;1236.00;4.29;E0_0_2300m;5.00;103;102;39.57;4.35
6300.00;6600.00;1176.00;4.03;E0_1_2300m;5.00;98;98;40.50;4.10
6300.00;6600.00;1236.00;4.34;E0_0_2400m;5.00;103;103;39.59;4.39
6300.00;6600.00;1188.00;4.06;E0_1_2400m;5.00;99;99;40.68;4.12
6300.00;6600.00;1248.00;4.38;E0_0_2500m;5.00;104;104;39.59;4.42
6300.00;6600.00;1200.00;4.10;E0_1_2500m;5.00;100;100;40.69;4.15
6300.00;6600.00;1260.00;4.43;E0_0_2600m;5.00;105;104;39.46;4.47
6300.00;6600.00;1200.00;4.14;E0_1_2600m;5.00;100;101;40.42;4.18
6300.00;6600.00;1260.00;4.45;E0_0_2700m;5.00;105;104;39.09;4.49
6300.00;6600.00;1212.00;4.17;E0_1_2700m;5.00;101;100;40.00;4.21
6300.00;6600.00;1248.00;4.47;E0_0_2800m;5.00;104;104;38.77;4.51
6300.00;6600.00;1200.00;4.15;E0_1_2800m;5.00;100;100;40.17;4.21
6300.00;6600.00;1260.00;4.47;E0_0_2900m;5.00;105;104;38.84;4.53
6300.00;6600.00;1200.00;4.14;E0_1_2900m;5.00;100;100;40.28;4.22
6300.00;6600.00;1248.00;4.38;E0_0_3000m;5.00;104;105;39.74;4.75
6300.00;6600.00;1200.00;4.83;E0_1_3000m;5.00;100;100;34.50;4.97
6300.00;6600.00;1248.00;5.49;E0_0_3100m;5.00;104;104;31.56;5.57
6300.00;6600.00;1224.00;5.48;E0_1_3100m;5.00;102;101;30.84;5.55
6300.00;6600.00;1260.00;5.49;E0_0_3200m;5.00;105;105;31.87;5.59
6300.00;6600.00;1212.00;5.49;E0_1_3200m;5.00;101;101;30.67;5.59
6300.00;6600.00;1260.00;5.50;E0_0_3300m;5.00;105;106;31.96;5.65
6300.00;6600.00;1212.00;5.51;E0_1_3300m;5.00;101;102;30.89;5.67
6300.00;6600.00;1224.00;5.42;E0_0_3400m;5.00;102;103;31.43;5.76
6300.00;6600.00;1200.00;5.40;E0_1_3400m;5.00;100;101;31.11;5.75
6300.00;6600.00;1152.00;7.22;E0_0_3500m;5.00;96;100;24.87;8.52
6300.00;6600.00;1284.00;5.08;E0_1_3500m;5.00;107;108;35.14;7.29
6300.00;6600.00;1032.00;14.35;E0_0_3600m;5.00;86;89;10.15;15.51
6300.00;6600.00;1368.00;10.88;E0_1_3600m;5.00;114;118;17.78;11.86
6300.00;6600.00;1092.00;14.55;E0_0_3700m;5.00;91;93;10.46;15.83
6300.00;6600.00;1380.00;11.71;E0_1_3700m;5.00;115;116;16.44;12.74
6300.00;6600.00;1116.00;13.01;E0_0_3800m;5.00;93;95;11.99;15.30
6300.00;6600.00;1380.00;10.34;E0_1_3800m;5.00;115;118;18.75;11.70
6300.00;6600.00;1068.00;15.06;E0_0_3900m;5.00;89;91;9.92;15.58
6300.00;6600.00;1380.00;11.75;E0_1_3900m;5.00;115;116;16.40;12.47
6300.00;6600.00;960.00;16.86;E0_0_4000m;5.00;80;83;8.09;16.92
6300.00;6600.00;1404.00;14.60;E0_1_4000m;5.00;117;119;13.51;15.44
6300.00;6600.00;936.00;24.40;E0_0_4100m;5.00;78;78;5.33;24.50
6300.00;6600.00;1392.00;25.68;E0_1_4100m;5.00;116;116;7.53;25.76
6300.00;6600.00;936.00;26.86;E0_0_4200m;5.00;78;78;4.84;27.22
6300.00;6600.00;1392.00;28.41;E0_1_4200m;5.00;116;116;6.80;28.65
6300.00;6600.00;936.00;27.12;E0_0_4300m;5.00;78;78;4.79;27.45
6300.00;6600.00;1392.00;28.69;E0_1_4300m;5.00;116;116;6.74;29.00
6300.00;6600.00;948.00;27.24;E0_0_4400m;5.00;79;79;4.83;27.55
6300.00;6600.00;1380.00;28.47;E0_1_4400m;5.00;115;116;6.78;28.78
6300.00;6600.00;948.00;27.10;E0_0_4500m;5.00;79;79;4.86;27.38
6300.00;6600.00;1392.00;28.32;E0_1_4500m;5.00;116;116;6.83;28.64
6300.00;6600.00;960.00;26.86;E0_0_4600m;5.00;80;81;5.03;27.14
6300.00;6600.00;1440.00;28.08;E0_1_4600m;5.00;120;119;7.06;28.48
6300.00;6600.00;936.00;26.35;E0_0_4700m;5.00;78;79;5.00;26.67
6300.00;6600.00;1476.00;27.47;E0_1_4700m;5.00;123;124;7.47;27.84
6300.00;6600.00;912.00;25.74;E0_0_4800m;5.00;76;77;4.93;26.09
6300.00;6600.00;1488.00;27.14;E0_1_4800m;5.00;124;126;7.71;27.57
6300.00;6600.00;864.00;25.91;E0_0_4900m;5.00;72;73;4.71;26.19
6300.00;6600.00;1500.00;27.41;E0_1_4900m;5.00;125;125;7.60;27.79
6300.00;6600.00;876.00;26.25;E0_0_5000m;5.00;73;73;4.64;26.48
6300.00;6600.00;1488.00;27.78;E0_1_5000m;5.00;124;124;7.44;28.01
6600.00;6900.00;0.00;-1.00;E0_0_0m;-1.00;0;0;0.00;-1.00
6600.00;6900.00;0.00;-1.00;E0_1_0m;-1.00;0;0;0.00;-1.00
6600.00;6900.00;1584.00;6.98;E0_0_100m;5.00;132;132;31.53;9.32
6600.00;6900.00;1512.00;6.42;E0_1_100m;5.00;126;126;32.69;8.77
6600.00;6900.00;1512.00;6.52;E0_0_200m;5.00;126;127;32.39;8.55
6600.00;6900.00;1452.00;5.88;E0_1_200m;5.00;121;121;34.32;8.06
6600.00;6900.00;1452.00;6.06;E0_0_300m;5.00;121;122;33.62;7.68
6600.00;6900.00;1380.00;5.37;E0_1_300m;5.00;115;115;35.68;6.79
6600.00;6900.00;1404.00;5.59;E0_0_400m;5.00;117;117;34.88;6.72
6600.00;6900.00;1320.00;4.97;E0_1_400m;5.00;110;111;37.26;5.73
6600.00;6900.00;1356.00;5.23;E0_0_500m;5.00;113;113;35.99;5.91
6600.00;6900.00;1272.00;4.62;E0_1_500m;5.00;106;107;38.31;4.97
6600.00;6900.00;1308.00;4.89;E0_0_600m;5.00;109;109;37.16;5.17
6600.00;6900.00;1236.00;4.35;E0_1_600m;5.00;103;102;39.39;4.46
6600.00;6900.00;1272.00;4.64;E0_0_700m;5.00;106;106;38.11;4.71
6600.00;6900.00;1212.00;4.17;E0_1_700m;5.00;101;100;40.30;4.18
6600.00;6900.00;1248.00;4.49;E0_0_800m;5.00;104;105;38.79;4.49
6600.00;6900.00;1188.00;4.13;E0_1_800m;5.00;99;100;40.30;4.14
6600.00;6900.00;1248.00;4.45;E0_0_900m;5.00;104;104;38.95;4.46
6600.00;6900.00;1212.00;4.13;E0_1_900m;5.00;101;100;40.37;4.14
6600.00;6900.00;1248.00;4.45;E0_0_1000m;5.00;104;104;38.95;4.45
6600.00;6900.00;1200.00;4.12;E0_1_1000m;5.00;100;100;40.19;4.13
6600.00;6900.00;1248.00;4.43;E0_0_1100m;5.00;104;104;39.10;4.44
6600.00;6900.00;1188.00;4.10;E0_1_1100m;5.00;99;100;40.39;4.11
6600.00;6900.00;1248.00;4.43;E0_0_1200m;5.00;104;103;38.91;4.43
6600.00;6900.00;1188.00;4.07;E0_1_1200m;5.00;99;99;40.58;4.08
6600.00;6900.00;1236.00;4.41;E0_0_1300m;5.00;103;103;38.90;4.42
6600.00;6900.00;1176.00;4.04;E0_1_1300m;5.00;98;98;40.69;4.05
6600.00;6900.00;1224.00;4.39;E0_0_1400m;5.00;102;102;38.73;4.39
6600.00;6900.00;1176.00;3.99;E0_1_1400m;5.00;98;97;40.73;4.00
6600.00;6900.00;1224.00;4.38;E0_0_1500m;5.00;102;101;38.70;4.38
6600.00;6900.00;1152.00;3.94;E0_1_1500m;5.00;96;96;40.58;3.95
6600.00;6900.00;1212.00;4.37;E0_0_1600m;5.00;101;101;38.51;4.37
6600.00;6900.00;1140.00;3.89;E0_1_1600m;5.00;95;96;40.75;3.90
6600.00;6900.00;1212.00;4.36;E0_0_1700m;5.00;101;102;38.96;4.37
6600.00;6900.00;1140.00;3.84;E0_1_1700m;5.00;95;95;41.18;3.86
6600.00;6900.00;1224.00;4.33;E0_0_1800m;5.00;102;102;39.27;4.34
6600.00;6900.00;1128.00;3.80;E0_1_1800m;5.00;94;94;41.26;3.81
6600.00;6900.00;1212.00;4.30;E0_0_1900m;5.00;101;101;39.04;4.31
6600.00;6900.00;1116.00;3.76;E0_1_1900m;5.00;93;94;41.51;3.78
6600.00;6900.00;1212.00;4.26;E0_0_2000m;5.00;101;100;39.32;4.28
6600.00;6900.00;1128.00;3.74;E0_1_2000m;5.00;94;93;41.56;3.76
6600.00;6900.00;1188.00;4.23;E0_0_2100m;5.00;99;100;39.16;4.26
6600.00;6900.00;1116.00;3.70;E0_1_2100m;5.00;93;93;42.08;3.72
6600.00;6900.00;1188.00;4.20;E0_0_2200m;5.00;99;99;39.33;4.23
6600.00;6900.00;1116.00;3.67;E0_1_2200m;5.00;93;93;42.26;3.69
6600.00;6900.00;1188.00;4.18;E0_0_2300m;5.00;99;99;39.47;4.22
6600.00;6900.00;1104.00;3.67;E0_1_2300m;5.00;92;93;42.20;3.69
6600.00;6900.00;1188.00;4.19;E0_0_2400m;5.00;99;99;39.37;4.23
6600.00;6900.00;1104.00;3.67;E0_1_2400m;5.00;92;93;41.94;3.70
6600.00;6900.00;1200.00;4.23;E0_0_2500m;5.00;100;100;39.41;4.27
6600.00;6900.00;1104.00;3.70;E0_1_2500m;5.00;92;93;41.71;3.75
6600.00;6900.00;1200.00;4.26;E0_0_2600m;5.00;100;101;39.34;4.32
6600.00;6900.00;1128.00;3.76;E0_1_2600m;5.00;94;93;41.47;3.82
6600.00;6900.00;1212.00;4.30;E0_0_2700m;5.00;101;102;39.17;4.38
6600.00;6900.00;1128.00;3.81;E0_1_2700m;5.00;94;94;41.12;3.88
6600.00;6900.00;1224.00;4.34;E0_0_2800m;5.00;102;102;39.18;4.43
6600.00;6900.00;1140.00;3.82;E0_1_2800m;5.00;95;95;41.45;3.91
6600.00;6900.00;1224.00;4.32;E0_0_2900m;5.00;102;102;39.33;4.44
6600.00;6900.00;1128.00;3.81;E0_1_2900m;5.00;94;95;41.44;3.93
6600.00;6900.00;1200.00;4.22;E0_0_3000m;5.00;100;101;40.44;4.65
6600.00;6900.00;1128.00;4.49;E0_1_3000m;5.00;94;95;35.06;4.72
6600.00;6900.00;1176.00;5.35;E0_0_3100m;5.00;98;98;30.55;5.46
6600.00;6900.00;1164.00;5.35;E0_1_3100m;5.00;97;97;30.24;5.47
6600.00;6900.00;1176.00;5.33;E0_0_3200m;5.00;98;99;30.72;5.47
6600.00;6900.00;1164.00;5.32;E0_1_3200m;5.00;97;97;30.39;5.46
6600.00;6900.00;1188.00;5.23;E0_0_3300m;5.00;99;98;31.40;5.43
6600.00;6900.00;1176.00;5.24;E0_1_3300m;5.00;98;97;30.82;5.45
6600.00;6900.00;1188.00;5.22;E0_0_3400m;5.00;99;99;31.92;5.57
6600.00;6900.00;1152.00;5.26;E0_1_3400m;5.00;96;96;30.78;5.61
6600.00;6900.00;1068.00;7.23;E0_0_3500m;5.00;89;96;22.98;8.25
6600.00;6900.00;1248.00;5.02;E0_1_3500m;5.00;104;105;34.60;7.10
6600.00;6900.00;984.00;14.80;E0_0_3600m;5.00;82;83;10.28;15.57
6600.00;6900.00;1380.00;11.30;E0_1_3600m;5.00;115;116;17.08;11.82
6600.00;6900.00;1020.00;16.20;E0_0_3700m;5.00;85;89;8.91;16.36
6600.00;6900.00;1332.00;13.08;E0_1_3700m;5.00;111;114;14.33;13.39
6600.00;6900.00;984.00;16.15;E0_0_3800m;5.00;82;83;8.53;16.36
6600.00;6900.00;1368.00;13.05;E0_1_3800m;5.00;114;114;14.56;13.27
6600.00;6900.00;960.00;14.72;E0_0_3900m;5.00;80;83;9.24;15.92
6600.00;6900.00;1416.00;12.15;E0_1_3900m;5.00;118;122;16.50;13.53
6600.00;6900.00;912.00;17.32;E0_0_4000m;5.00;76;79;7.62;17.51
6600.00;6900.00;1512.00;14.86;E0_1_4000m;5.00;126;127;14.14;15.51
6600.00;6900.00;876.00;25.17;E0_0_4100m;5.00;73;73;4.83;25.23
6600.00;6900.00;1560.00;25.87;E0_1_4100m;5.00;130;130;8.38;25.96
6600.00;6900.00;864.00;27.68;E0_0_4200m;5.00;72;72;4.34;27.90
6600.00;6900.00;1572.00;28.77;E0_1_4200m;5.00;131;131;7.59;28.93
6600.00;6900.00;864.00;27.77;E0_0_4300m;5.00;72;72;4.32;28.04
6600.00;6900.00;1548.00;28.89;E0_1_4300m;5.00;129;129;7.44;29.09
6600.00;6900.00;900.00;27.84;E0_0_4400m;5.00;75;77;4.56;28.17
6600.00;6900.00;1536.00;28.59;E0_1_4400m;5.00;128;130;7.52;28.89
6600.00;6900.00;876.00;27.39;E0_0_4500m;5.00;73;74;4.49;27.61
6600.00;6900.00;1572.00;28.71;E0_1_4500m;5.00;131;131;7.61;28.94
6600.00;6900.00;876.00;27.15;E0_0_4600m;5.00;73;74;4.52;27.33
6600.00;6900.00;1548.00;28.34;E0_1_4600m;5.00;129;129;7.59;28.58
6600.00;6900.00;912.00;26.79;E0_0_4700m;5.00;76;76;4.73;27.01
6600.00;6900.00;1548.00;28.11;E0_1_4700m;5.00;129;131;7.72;28.32
6600.00;6900.00;936.00;26.50;E0_0_4800m;5.00;78;78;4.90;26.75
6600.00;6900.00;1548.00;27.72;E0_1_4800m;5.00;129;129;7.74;27.95
6600.00;6900.00;912.00;26.76;E0_0_4900m;5.00;76;76;4.73;26.97
6600.00;6900.00;1584.00;27.82;E0_1_4900m;5.00;132;133;7.91;28.05
6600.00;6900.00;948.00;27.18;E0_0_5000m;5.00;79;79;4.85;27.30
6600.00;6900.00;1524.00;28.28;E0_1_5000m;5.00;127;127;7.48;28.45
6900.00;7200.00;0.00;-1.00;E0_0_0m;-1.00;0;0;0.00;-1.00
6900.00;7200.00;0.00;-1.00;E0_1_0m;-1.00;0;0;0.00;-1.00
6900.00;7200.00;1212.00;4.34;E0_0_100m;5.00;101;101;38.76;4.35
6900.00;7200.00;1128.00;3.77;E0_1_100m;5.00;94;95;41.93;3.78
6900.00;7200.00;1224.00;4.28;E0_0_200m;5.00;102;102;39.68;4.29
6900.00;7200.00;1128.00;3.73;E0_1_200m;5.00;94;94;42.04;3.74
6900.00;7200.00;1224.00;4.26;E0_0_300m;5.00;102;102;39.81;4.27
6900.00;7200.00;1116.00;3.72;E0_1_300m;5.00;93;94;41.70;3.73
6900.00;7200.00;1212.00;4.25;E0_0_400m;5.00;101;102;39.61;4.26
6900.00;7200.00;1128.00;3.72;E0_1_400m;5.00;94;93;41.78;3.73
6900.00;7200.00;1212.00;4.25;E0_0_500m;5.00;101;102;39.98;4.26
6900.00;7200.00;1128.00;3.73;E0_1_500m;5.00;94;93;41.89;3.74
6900.00;7200.00;1212.00;4.26;E0_0_600m;5.00;101;102;39.59;4.27
6900.00;7200.00;1128.00;3.74;E0_1_600m;5.00;94;94;41.92;3.75
6900.00;7200.00;1224.00;4.26;E0_0_700m;5.00;102;102;39.89;4.27
6900.00;7200.00;1128.00;3.75;E0_1_700m;5.00;94;94;41.81;3.76
6900.00;7200.00;1224.00;4.26;E0_0_800m;5.00;102;101;39.73;4.28
6900.00;7200.00;1140.00;3.76;E0_1_800m;5.00;95;94;41.83;3.78
6900.00;7200.00;1224.00;4.26;E0_0_900m;5.00;102;101;39.81;4.28
6900.00;7200.00;1128.00;3.76;E0_1_900m;5.00;94;94;41.67;3.78
6900.00;7200.00;1224.00;4.26;E0_0_1000m;5.00;102;101;39.62;4.28
6900.00;7200.00;1140.00;3.77;E0_1_1000m;5.00;95;94;41.95;3.79
6900.00;7200.00;1212.00;4.25;E0_0_1100m;5.00;101;101;39.60;4.27
6900.00;7200.00;1140.00;3.79;E0_1_1100m;5.00;95;94;41.68;3.81
6900.00;7200.00;1212.00;4.24;E0_0_1200m;5.00;101;102;40.05;4.26
6900.00;7200.00;1128.00;3.79;E0_1_1200m;5.00;94;95;41.46;3.82
6900.00;7200.00;1224.00;4.23;E0_0_1300m;5.00;102;102;40.15;4.25
6900.00;7200.00;1140.00;3.81;E0_1_1300m;5.00;95;94;41.24;3.84
6900.00;7200.00;1224.00;4.23;E0_0_1400m;5.00;102;102;40.19;4.25
6900.00;7200.00;1140.00;3.83;E0_1_1400m;5.00;95;95;41.36;3.86
6900.00;7200.00;1224.00;4.24;E0_0_1500m;5.00;102;102;40.09;4.26
6900.00;7200.00;1152.00;3.85;E0_1_1500m;5.00;96;96;41.53;3.89
6900.00;7200.00;1224.00;4.24;E0_0_1600m;5.00;102;102;40.11;4.26
6900.00;7200.00;1164.00;3.86;E0_1_1600m;5.00;97;96;41.81;3.89
6900.00;7200.00;1224.00;4.25;E0_0_1700m;5.00;102;101;39.59;4.28
6900.00;7200.00;1152.00;3.87;E0_1_1700m;5.00;96;96;41.29;3.91
6900.00;7200.00;1212.00;4.28;E0_0_1800m;5.00;101;102;39.73;4.31
6900.00;7200.00;1152.00;3.89;E0_1_1800m;5.00;96;97;41.64;3.92
6900.00;7200.00;1224.00;4.30;E0_0_1900m;5.00;102;102;39.62;4.33
6900.00;7200.00;1164.00;3.87;E0_1_1900m;5.00;97;96;41.47;3.91
6900.00;7200.00;1224.00;4.32;E0_0_2000m;5.00;102;102;39.38;4.34
6900.00;7200.00;1152.00;3.85;E0_1_2000m;5.00;96;96;41.52;3.89
6900.00;7200.00;1236.00;4.34;E0_0_2100m;5.00;103;102;39.38;4.37
6900.00;7200.00;1152.00;3.83;E0_1_2100m;5.00;96;95;41.50;3.89
6900.00;7200.00;1224.00;4.35;E0_0_2200m;5.00;102;103;39.47;4.38
6900.00;7200.00;1140.00;3.80;E0_1_2200m;5.00;95;95;41.63;3.87
6900.00;7200.00;1224.00;4.34;E0_0_2300m;5.00;102;103;39.48;4.37
6900.00;7200.00;1140.00;3.76;E0_1_2300m;5.00;95;94;41.74;3.84
6900.00;7200.00;1212.00;4.30;E0_0_2400m;5.00;101;102;39.53;4.35
6900.00;7200.00;1116.00;3.69;E0_1_2400m;5.00;93;93;41.89;3.79
6900.00;7200.00;1188.00;4.18;E0_0_2500m;5.00;99;100;39.84;4.25
6900.00;7200.00;1092.00;3.61;E0_1_2500m;5.00;91;91;42.12;3.73
6900.00;7200.00;1188.00;4.11;E0_0_2600m;5.00;99;98;39.95;4.19
6900.00;7200.00;1068.00;3.48;E0_1_2600m;5.00;89;89;42.58;3.62
6900.00;7200.00;1176.00;4.05;E0_0_2700m;5.00;98;97;40.22;4.13
6900.00;7200.00;1056.00;3.43;E0_1_2700m;5.00;88;89;42.90;3.55
6900.00;7200.00;1164.00;4.04;E0_0_2800m;5.00;97;98;40.08;4.14
6900.00;7200.00;1056.00;3.42;E0_1_2800m;5.00;88;88;42.94;3.56
6900.00;7200.00;1176.00;4.07;E0_0_2900m;5.00;98;98;40.09;4.22
6900.00;7200.00;1068.00;3.46;E0_1_2900m;5.00;89;89;42.79;3.66
6900.00;7200.00;1176.00;4.06;E0_0_3000m;5.00;98;99;41.39;4.61
6900.00;7200.00;1116.00;4.09;E0_1_3000m;5.00;93;92;37.76;4.43
6900.00;7200.00;1152.00;5.08;E0_0_3100m;5.00;96;96;31.50;5.24
6900.00;7200.00;1128.00;5.07;E0_1_3100m;5.00;94;94;30.91;5.24
6900.00;7200.00;1152.00;5.06;E0_0_3200m;5.00;96;96;31.68;5.26
6900.00;7200.00;1128.00;5.07;E0_1_3200m;5.00;94;95;31.03;5.26
6900.00;7200.00;1140.00;5.12;E0_0_3300m;5.00;95;96;31.17;5.35
6900.00;7200.00;1128.00;5.11;E0_1_3300m;5.00;94;94;30.65;5.36
6900.00;7200.00;1152.00;5.11;E0_0_3400m;5.00;96;96;31.02;5.53
6900.00;7200.00;1152.00;5.07;E0_1_3400m;5.00;96;96;30.99;5.49
6900.00;7200.00;1080.00;7.02;E0_0_3500m;5.00;90;97;25.56;8.12
6900.00;7200.00;1284.00;4.79;E0_1_3500m;5.00;107;106;37.21;6.95
6900.00;7200.00;1008.00;14.57;E0_0_3600m;5.00;84;86;9.77;15.72
6900.00;7200.00;1344.00;11.26;E0_1_3600m;5.00;112;114;16.83;12.51
6900.00;7200.00;1032.00;15.86;E0_0_3700m;5.00;86;88;9.14;16.52
6900.00;7200.00;1284.00;12.66;E0_1_3700m;5.00;107;109;14.29;13.20
6900.00;7200.00;924.00;16.39;E0_0_3800m;5.00;77;80;8.16;16.56
6900.00;7200.00;1380.00;13.20;E0_1_3800m;5.00;115;118;14.73;13.98
6900.00;7200.00;876.00;16.66;E0_0_3900m;5.00;73;77;7.55;16.72
6900.00;7200.00;1416.00;13.70;E0_1_3900m;5.00;118;121;14.53;14.05
6900.00;7200.00;876.00;17.60;E0_0_4000m;5.00;73;75;7.01;17.79
6900.00;7200.00;1416.00;14.90;E0_1_4000m;5.00;118;118;13.23;15.42
6900.00;7200.00;828.00;25.26;E0_0_4100m;5.00;69;69;4.55;25.38
6900.00;7200.00;1476.00;25.97;E0_1_4100m;5.00;123;123;7.89;26.09
6900.00;7200.00;852.00;27.10;E0_0_4200m;5.00;71;72;4.41;27.35
6900.00;7200.00;1464.00;28.54;E0_1_4200m;5.00;122;123;7.17;28.83
6900.00;7200.00;852.00;26.85;E0_0_4300m;5.00;71;71;4.41;27.10
6900.00;7200.00;1500.00;28.51;E0_1_4300m;5.00;125;126;7.34;28.87
6900.00;7200.00;804.00;26.09;E0_0_4400m;5.00;67;67;4.28;26.41
6900.00;7200.00;1536.00;27.92;E0_1_4400m;5.00;128;129;7.67;28.35
6900.00;7200.00;756.00;25.43;E0_0_4500m;5.00;63;64;4.16;25.77
6900.00;7200.00;1524.00;27.09;E0_1_4500m;5.00;127;127;7.81;27.59
6900.00;7200.00;744.00;24.64;E0_0_4600m;5.00;62;63;4.24;25.06
6900.00;7200.00;1500.00;26.54;E0_1_4600m;5.00;125;125;7.85;27.15
6900.00;7200.00;732.00;24.44;E0_0_4700m;5.00;61;61;4.16;24.88
6900.00;7200.00;1500.00;26.12;E0_1_4700m;5.00;125;125;7.98;26.77
6900.00;7200.00;768.00;24.60;E0_0_4800m;5.00;64;65;4.36;25.01
6900.00;7200.00;1476.00;25.94;E0_1_4800m;5.00;123;123;7.90;26.56
6900.00;7200.00;756.00;24.80;E0_0_4900m;5.00;63;64;4.27;25.17
6900.00;7200.00;1476.00;26.11;E0_1_4900m;5.00;123;123;7.85;26.67
6900.00;7200.00;768.00;26.01;E0_0_5000m;5.00;64;64;4.10;26.19
6900.00;7200.00;1428.00;27.06;E0_1_5000m;5.00;119;119;7.33;27.40
7200.00;7500.00;0.00;-1.00;E0_0_0m;-1.00;0;0;0.00;-1.00
7200.00;7500.00;0.00;-1.00;E0_1_0m;-1.00;0;0;0.00;-1.00
7200.00;7500.00;1224.00;4.33;E0_0_100m;5.00;102;102;39.25;4.34
7200.00;7500.00;1140.00;3.83;E0_1_100m;5.00;95;94;40.99;3.86
7200.00;7500.00;1224.00;4.30;E0_0_200m;5.00;102;101;39.48;4.30
7200.00;7500.00;1128.00;3.77;E0_1_200m;5.00;94;94;41.50;3.82
7200.00;7500.00;1212.00;4.28;E0_0_300m;5.00;101;100;39.11;4.29
7200.00;7500.00;1128.00;3.73;E0_1_300m;5.00;94;93;41.94;3.78
7200.00;7500.00;1212.00;4.25;E0_0_400m;5.00;101;100;39.57;4.27
7200.00;7500.00;1116.00;3.67;E0_1_400m;5.00;93;93;42.20;3.74
7200.00;7500.00;1200.00;4.23;E0_0_500m;5.00;100;100;39.27;4.25
7200.00;7500.00;1104.00;3.63;E0_1_500m;5.00;92;93;42.30;3.70
7200.00;7500.00;1200.00;4.19;E0_0_600m;5.00;100;99;39.72;4.21
7200.00;7500.00;1092.00;3.59;E0_1_600m;5.00;91;92;42.56;3.65
7200.00;7500.00;1188.00;4.17;E0_0_700m;5.00;99;99;39.53;4.19
7200.00;7500.00;1080.00;3.55;E0_1_700m;5.00;90;91;42.74;3.61
7200.00;7500.00;1188.00;4.17;E0_0_800m;5.00;99;99;39.56;4.19
7200.00;7500.00;1080.00;3.52;E0_1_800m;5.00;90;91;42.87;3.58
7200.00;7500.00;1188.00;4.16;E0_0_900m;5.00;99;100;39.64;4.18
7200.00;7500.00;1080.00;3.52;E0_1_900m;5.00;90;91;42.82;3.58
7200.00;7500.00;1188.00;4.17;E0_0_1000m;5.00;99;100;39.79;4.19
7200.00;7500.00;1080.00;3.51;E0_1_1000m;5.00;90;91;42.89;3.57
7200.00;7500.00;1200.00;4.17;E0_0_1100m;5.00;100;100;39.99;4.19
7200.00;7500.00;1092.00;3.52;E0_1_1100m;5.00;91;91;43.05;3.59
7200.00;7500.00;1200.00;4.17;E0_0_1200m;5.00;100;99;39.57;4.19
7200.00;7500.00;1092.00;3.53;E0_1_1200m;5.00;91;91;43.08;3.60
7200.00;7500.00;1188.00;4.17;E0_0_1300m;5.00;99;100;39.88;4.20
7200.00;7500.00;1092.00;3.53;E0_1_1300m;5.00;91;91;42.99;3.60
7200.00;7500.00;1200.00;4.17;E0_0_1400m;5.00;100;100;39.95;4.20
7200.00;7500.00;1080.00;3.51;E0_1_1400m;5.00;90;91;43.06;3.59
7200.00;7500.00;1200.00;4.15;E0_0_1500m;5.00;100;100;40.17;4.18
7200.00;7500.00;1068.00;3.49;E0_1_1500m;5.00;89;90;43.02;3.57
7200.00;7500.00;1188.00;4.11;E0_0_1600m;5.00;99;100;40.52;4.14
7200.00;7500.00;1068.00;3.45;E0_1_1600m;5.00;89;89;43.05;3.53
7200.00;7500.00;1188.00;4.08;E0_0_1700m;5.00;99;99;40.48;4.11
7200.00;7500.00;1068.00;3.41;E0_1_1700m;5.00;89;89;43.54;3.50
7200.00;7500.00;1188.00;4.03;E0_0_1800m;5.00;99;98;40.54;4.07
7200.00;7500.00;1056.00;3.39;E0_1_1800m;5.00;88;88;43.21;3.49
7200.00;7500.00;1176.00;3.99;E0_0_1900m;5.00;98;97;40.77;4.03
7200.00;7500.00;1044.00;3.35;E0_1_1900m;5.00;87;88;43.26;3.48
7200.00;7500.00;1164.00;3.96;E0_0_2000m;5.00;97;98;41.05;4.02
7200.00;7500.00;1032.00;3.31;E0_1_2000m;5.00;86;87;43.71;3.46
7200.00;7500.00;1164.00;3.93;E0_0_2100m;5.00;97;97;41.19;3.99
7200.00;7500.00;1032.00;3.26;E0_1_2100m;5.00;86;86;43.90;3.44
7200.00;7500.00;1164.00;3.91;E0_0_2200m;5.00;97;97;41.04;3.98
7200.00;7500.00;1020.00;3.24;E0_1_2200m;5.00;85;86;43.78;3.43
7200.00;7500.00;1164.00;3.93;E0_0_2300m;5.00;97;96;40.84;4.01
7200.00;7500.00;1020.00;3.27;E0_1_2300m;5.00;85;86;43.37;3.47
7200.00;7500.00;1188.00;3.99;E0_0_2400m;5.00;99;98;40.99;4.07
7200.00;7500.00;1044.00;3.30;E0_1_2400m;5.00;87;86;43.82;3.51
7200.00;7500.00;1200.00;4.07;E0_0_2500m;5.00;100;100;40.60;4.16
7200.00;7500.00;1056.00;3.34;E0_1_2500m;5.00;88;88;43.63;3.55
7200.00;7500.00;1200.00;4.13;E0_0_2600m;5.00;100;101;40.59;4.23
7200.00;7500.00;1068.00;3.40;E0_1_2600m;5.00;89;89;43.57;3.61
7200.00;7500.00;1200.00;4.14;E0_0_2700m;5.00;100;101;40.28;4.25
7200.00;7500.00;1068.00;3.41;E0_1_2700m;5.00;89;89;43.62;3.64
7200.00;7500.00;1212.00;4.16;E0_0_2800m;5.00;101;100;40.41;4.28
7200.00;7500.00;1068.00;3.41;E0_1_2800m;5.00;89;89;43.49;3.67
7200.00;7500.00;1212.00;4.20;E0_0_2900m;5.00;101;102;40.15;4.39
7200.00;7500.00;1068.00;3.41;E0_1_2900m;5.00;89;88;43.37;3.70
7200.00;7500.00;1140.00;4.34;E0_0_3000m;5.00;95;101;40.89;4.82
7200.00;7500.00;1104.00;4.17;E0_1_3000m;5.00;92;93;36.87;4.45
7200.00;7500.00;1116.00;5.59;E0_0_3100m;5.00;93;93;27.73;5.66
7200.00;7500.00;1176.00;5.55;E0_1_3100m;5.00;98;98;29.41;5.62
7200.00;7500.00;1116.00;5.67;E0_0_3200m;5.00;93;92;27.19;5.76
7200.00;7500.00;1164.00;5.62;E0_1_3200m;5.00;97;97;28.78;5.71
7200.00;7500.00;1116.00;5.81;E0_0_3300m;5.00;93;92;26.45;5.93
7200.00;7500.00;1176.00;5.75;E0_1_3300m;5.00;98;98;28.40;5.89
7200.00;7500.00;1140.00;5.75;E0_0_3400m;5.00;95;94;27.46;6.06
7200.00;7500.00;1188.00;5.74;E0_1_3400m;5.00;99;98;28.68;6.05
7200.00;7500.00;1032.00;7.22;E0_0_3500m;5.00;86;91;22.37;8.37
7200.00;7500.00;1248.00;5.02;E0_1_3500m;5.00;104;105;34.96;7.41
7200.00;7500.00;888.00;14.91;E0_0_3600m;5.00;74;76;8.38;16.02
7200.00;7500.00;1440.00;12.15;E0_1_3600m;5.00;120;124;16.70;12.75
7200.00;7500.00;996.00;16.98;E0_0_3700m;5.00;83;85;8.28;17.52
7200.00;7500.00;1320.00;13.22;E0_1_3700m;5.00;110;115;14.26;13.36
7200.00;7500.00;876.00;16.56;E0_0_3800m;5.00;73;80;8.80;16.61
7200.00;7500.00;1416.00;12.69;E0_1_3800m;5.00;118;122;15.63;13.34
7200.00;7500.00;864.00;16.48;E0_0_3900m;5.00;72;78;7.62;16.66
7200.00;7500.00;1404.00;13.51;E0_1_3900m;5.00;117;119;14.60;14.08
7200.00;7500.00;756.00;15.56;E0_0_4000m;5.00;63;65;6.81;16.87
7200.00;7500.00;1500.00;13.53;E0_1_4000m;5.00;125;125;15.40;15.11
7200.00;7500.00;732.00;24.62;E0_0_4100m;5.00;61;62;4.14;24.80
7200.00;7500.00;1512.00;25.39;E0_1_4100m;5.00;126;126;8.27;25.50
7200.00;7500.00;768.00;27.88;E0_0_4200m;5.00;64;64;3.83;28.19
7200.00;7500.00;1476.00;28.36;E0_1_4200m;5.00;123;122;7.18;28.61
7200.00;7500.00;792.00;27.97;E0_0_4300m;5.00;66;69;4.00;28.29
7200.00;7500.00;1428.00;28.48;E0_1_4300m;5.00;119;119;6.96;28.84
7200.00;7500.00;756.00;27.84;E0_0_4400m;5.00;63;64;3.80;28.16
7200.00;7500.00;1452.00;28.60;E0_1_4400m;5.00;121;122;7.06;28.94
7200.00;7500.00;768.00;27.68;E0_0_4500m;5.00;64;63;3.82;27.99
7200.00;7500.00;1464.00;28.50;E0_1_4500m;5.00;122;122;7.13;28.85
7200.00;7500.00;792.00;27.38;E0_0_4600m;5.00;66;67;4.08;27.69
7200.00;7500.00;1500.00;28.33;E0_1_4600m;5.00;125;125;7.35;28.63
7200.00;7500.00;780.00;27.38;E0_0_4700m;5.00;65;65;3.96;27.66
7200.00;7500.00;1500.00;28.05;E0_1_4700m;5.00;125;125;7.43;28.37
7200.00;7500.00;792.00;27.19;E0_0_4800m;5.00;66;66;4.05;27.48
7200.00;7500.00;1476.00;27.86;E0_1_4800m;5.00;123;123;7.36;28.21
7200.00;7500.00;816.00;27.23;E0_0_4900m;5.00;68;69;4.21;27.51
7200.00;7500.00;1488.00;27.62;E0_1_4900m;5.00;124;124;7.48;28.00
7200.00;7500.00;840.00;27.24;E0_0_5000m;5.00;70;70;4.28;27.48
7200.00;7500.00;1512.00;27.34;E0_1_5000m;5.00;126;126;7.68;27.63
7500.00;7800.00;0.00;-1.00;E0_0_0m;-1.00;0;0;0.00;-1.00
7500.00;7800.00;0.00;-1.00;E0_1_0m;-1.00;0;0;0.00;-1.00
7500.00;7800.00;1188.00;4.04;E0_0_100m;5.00;99;99;40.88;4.05
7500.00;7800.00;1044.00;3.36;E0_1_100m;5.00;87;88;43.44;3.43
7500.00;7800.00;1188.00;3.98;E0_0_200m;5.00;99;99;41.41;4.00
7500.00;7800.00;1044.00;3.32;E0_1_200m;5.00;87;87;43.64;3.39
7500.00;7800.00;1188.00;3.99;E0_0_300m;5.00;99;100;41.52;4.00
7500.00;7800.00;1044.00;3.32;E0_1_300m;5.00;87;87;43.67;3.39
7500.00;7800.00;1188.00;4.01;E0_0_400m;5.00;99;100;41.24;4.03
7500.00;7800.00;1044.00;3.33;E0_1_400m;5.00;87;87;43.56;3.40
7500.00;7800.00;1200.00;4.03;E0_0_500m;5.00;100;100;41.14;4.05
7500.00;7800.00;1056.00;3.34;E0_1_500m;5.00;88;87;43.89;3.41
7500.00;7800.00;1200.00;4.07;E0_0_600m;5.00;100;100;40.91;4.10
7500.00;7800.00;1056.00;3.36;E0_1_600m;5.00;88;88;43.45;3.43
7500.00;7800.00;1200.00;4.11;E0_0_700m;5.00;100;101;40.90;4.14
7500.00;7800.00;1068.00;3.37;E0_1_700m;5.00;89;88;43.53;3.46
7500.00;7800.00;1212.00;4.14;E0_0_800m;5.00;101;101;40.63;4.18
7500.00;7800.00;1068.00;3.39;E0_1_800m;5.00;89;88;43.44;3.48
7500.00;7800.00;1212.00;4.17;E0_0_900m;5.00;101;100;40.31;4.22
7500.00;7800.00;1056.00;3.39;E0_1_900m;5.00;88;88;43.40;3.48
7500.00;7800.00;1212.00;4.22;E0_0_1000m;5.00;101;101;39.93;4.29
7500.00;7800.00;1056.00;3.41;E0_1_1000m;5.00;88;88;43.05;3.52
7500.00;7800.00;1212.00;4.26;E0_0_1100m;5.00;101;102;39.72;4.35
7500.00;7800.00;1056.00;3.42;E0_1_1100m;5.00;88;88;42.93;3.54
7500.00;7800.00;1224.00;4.32;E0_0_1200m;5.00;102;102;39.39;4.42
7500.00;7800.00;1068.00;3.44;E0_1_1200m;5.00;89;89;42.91;3.58
7500.00;7800.00;1236.00;4.37;E0_0_1300m;5.00;103;103;38.93;4.49
7500.00;7800.00;1068.00;3.47;E0_1_1300m;5.00;89;90;43.02;3.63
7500.00;7800.00;1236.00;4.42;E0_0_1400m;5.00;103;103;38.84;4.56
7500.00;7800.00;1092.00;3.53;E0_1_1400m;5.00;91;90;42.68;3.71
7500.00;7800.00;1248.00;4.49;E0_0_1500m;5.00;104;104;38.57;4.64
7500.00;7800.00;1116.00;3.60;E0_1_1500m;5.00;93;92;42.59;3.81
7500.00;7800.00;1260.00;4.57;E0_0_1600m;5.00;105;105;38.08;4.72
7500.00;7800.00;1116.00;3.68;E0_1_1600m;5.00;93;94;42.22;3.91
7500.00;7800.00;1272.00;4.64;E0_0_1700m;5.00;106;106;38.04;4.79
7500.00;7800.00;1140.00;3.78;E0_1_1700m;5.00;95;95;41.89;4.00
7500.00;7800.00;1284.00;4.73;E0_0_1800m;5.00;107;107;37.68;4.87
7500.00;7800.00;1164.00;3.85;E0_1_1800m;5.00;97;96;41.59;4.07
7500.00;7800.00;1296.00;4.79;E0_0_1900m;5.00;108;108;37.59;4.90
7500.00;7800.00;1176.00;3.96;E0_1_1900m;5.00;98;97;41.21;4.15
7500.00;7800.00;1308.00;4.85;E0_0_2000m;5.00;109;108;37.20;4.95
7500.00;7800.00;1200.00;4.05;E0_1_2000m;5.00;100;99;40.69;4.21
7500.00;7800.00;1308.00;4.91;E0_0_2100m;5.00;109;109;36.96;4.99
7500.00;7800.00;1200.00;4.16;E0_1_2100m;5.00;100;101;40.16;4.27
7500.00;7800.00;1320.00;4.94;E0_0_2200m;5.00;110;110;37.16;5.00
7500.00;7800.00;1224.00;4.17;E0_1_2200m;5.00;102;101;40.64;4.27
7500.00;7800.00;1320.00;4.96;E0_0_2300m;5.00;110;111;37.12;5.03
7500.00;7800.00;1224.00;4.18;E0_1_2300m;5.00;102;101;40.61;4.29
7500.00;7800.00;1308.00;4.95;E0_0_2400m;5.00;109;110;36.94;5.02
7500.00;7800.00;1212.00;4.17;E0_1_2400m;5.00;101;101;40.38;4.28
7500.00;7800.00;1320.00;4.92;E0_0_2500m;5.00;110;109;37.26;5.00
7500.00;7800.00;1212.00;4.18;E0_1_2500m;5.00;101;100;40.12;4.30
7500.00;7800.00;1320.00;4.89;E0_0_2600m;5.00;110;109;37.25;4.98
7500.00;7800.00;1200.00;4.21;E0_1_2600m;5.00;100;101;39.83;4.34
7500.00;7800.00;1308.00;4.86;E0_0_2700m;5.00;109;109;37.79;4.97
7500.00;7800.00;1212.00;4.16;E0_1_2700m;5.00;101;100;40.28;4.30
7500.00;7800.00;1296.00;4.73;E0_0_2800m;5.00;108;108;38.09;4.88
7500.00;7800.00;1176.00;4.06;E0_1_2800m;5.00;98;99;40.40;4.26
7500.00;7800.00;1284.00;4.62;E0_0_2900m;5.00;107;106;38.57;4.80
7500.00;7800.00;1176.00;3.99;E0_1_2900m;5.00;98;98;40.89;4.25
7500.00;7800.00;1248.00;4.76;E0_0_3000m;5.00;104;106;39.27;5.18
7500.00;7800.00;1224.00;4.58;E0_1_3000m;5.00;102;101;37.01;4.90
7500.00;7800.00;1188.00;5.57;E0_0_3100m;5.00;99;99;29.63;5.75
7500.00;7800.00;1224.00;5.56;E0_1_3100m;5.00;102;102;30.59;5.74
7500.00;7800.00;1188.00;5.50;E0_0_3200m;5.00;99;99;30.01;5.71
7500.00;7800.00;1224.00;5.47;E0_1_3200m;5.00;102;101;30.95;5.68
7500.00;7800.00;1212.00;5.40;E0_0_3300m;5.00;101;102;31.29;5.68
7500.00;7800.00;1224.00;5.40;E0_1_3300m;5.00;102;102;31.50;5.67
7500.00;7800.00;1188.00;5.28;E0_0_3400m;5.00;99;99;31.24;5.75
7500.00;7800.00;1200.00;5.44;E0_1_3400m;5.00;100;100;30.61;5.88
7500.00;7800.00;1032.00;7.65;E0_0_3500m;5.00;86;96;23.35;8.90
7500.00;7800.00;1356.00;4.93;E0_1_3500m;5.00;113;112;37.76;7.47
7500.00;7800.00;984.00;12.52;E0_0_3600m;5.00;82;84;12.12;14.02
7500.00;7800.00;1344.00;10.31;E0_1_3600m;5.00;112;115;18.25;11.44
7500.00;7800.00;1032.00;14.60;E0_0_3700m;5.00;86;87;9.88;15.73
7500.00;7800.00;1320.00;12.13;E0_1_3700m;5.00;110;112;15.36;12.59
7500.00;7800.00;1020.00;15.90;E0_0_3800m;5.00;85;88;9.01;16.30
7500.00;7800.00;1356.00;12.86;E0_1_3800m;5.00;113;118;14.98;13.30
7500.00;7800.00;984.00;16.56;E0_0_3900m;5.00;82;86;8.47;16.86
7500.00;7800.00;1380.00;13.52;E0_1_3900m;5.00;115;119;14.47;13.85
7500.00;7800.00;876.00;17.22;E0_0_4000m;5.00;73;75;7.21;17.40
7500.00;7800.00;1500.00;14.99;E0_1_4000m;5.00;125;127;14.00;15.58
7500.00;7800.00;876.00;25.81;E0_0_4100m;5.00;73;74;4.78;25.92
7500.00;7800.00;1536.00;25.87;E0_1_4100m;5.00;128;130;8.33;26.03
7500.00;7800.00;852.00;27.91;E0_0_4200m;5.00;71;71;4.24;28.02
7500.00;7800.00;1560.00;28.76;E0_1_4200m;5.00;130;130;7.53;28.97
7500.00;7800.00;864.00;27.80;E0_0_4300m;5.00;72;73;4.32;27.93
7500.00;7800.00;1560.00;28.96;E0_1_4300m;5.00;130;130;7.48;29.27
7500.00;7800.00;876.00;27.68;E0_0_4400m;5.00;73;74;4.43;27.81
7500.00;7800.00;1548.00;28.94;E0_1_4400m;5.00;129;129;7.43;29.18
7500.00;7800.00;888.00;27.66;E0_0_4500m;5.00;74;74;4.46;27.78
7500.00;7800.00;1548.00;28.72;E0_1_4500m;5.00;129;130;7.54;28.97
7500.00;7800.00;888.00;27.73;E0_0_4600m;5.00;74;74;4.45;27.83
7500.00;7800.00;1536.00;28.45;E0_1_4600m;5.00;128;128;7.50;28.67
7500.00;7800.00;864.00;27.57;E0_0_4700m;5.00;72;72;4.35;27.68
7500.00;7800.00;1548.00;28.15;E0_1_4700m;5.00;129;129;7.64;28.38
7500.00;7800.00;864.00;27.45;E0_0_4800m;5.00;72;73;4.44;27.56
7500.00;7800.00;1560.00;28.06;E0_1_4800m;5.00;130;131;7.74;28.32
7500.00;7800.00;864.00;27.44;E0_0_4900m;5.00;72;72;4.37;27.55
7500.00;7800.00;1524.00;28.01;E0_1_4900m;5.00;127;127;7.56;28.22
7500.00;7800.00;852.00;27.62;E0_0_5000m;5.00;71;71;4.28;27.71
7500.00;7800.00;1488.00;28.15;E0_1_5000m;5.00;124;124;7.34;28.35
