interval_begin;interval_end;interval_flow;interval_harmonicMeanSpeed;interval_id;interval_length;interval_nVehContrib;interval_nVehEntered;interval_occupancy;interval_speed
0.00;300.00;0.00;-1.00;E0_0_0m;-1.00;0;0;0.00;-1.00
0.00;300.00;0.00;-1.00;E0_1_0m;-1.00;0;0;0.00;-1.00
0.00;300.00;1980.00;25.21;E0_0_100m;5.00;165;165;10.91;25.31
0.00;300.00;2208.00;27.35;E0_1_100m;5.00;184;184;11.21;27.52
0.00;300.00;1944.00;25.02;E0_0_200m;5.00;162;162;10.79;25.13
0.00;300.00;2172.00;27.38;E0_1_200m;5.00;181;181;11.02;27.61
0.00;300.00;1872.00;24.96;E0_0_300m;5.00;156;156;10.42;25.05
0.00;300.00;2184.00;27.10;E0_1_300m;5.00;182;182;11.20;27.32
0.00;300.00;1836.00;24.78;E0_0_400m;5.00;153;154;10.32;24.88
0.00;300.00;2160.00;26.85;E0_1_400m;5.00;180;180;11.17;27.06
0.00;300.00;1800.00;24.70;E0_0_500m;5.00;150;151;10.18;24.80
0.00;300.00;2124.00;26.67;E0_1_500m;5.00;177;177;11.06;26.88
0.00;300.00;1776.00;24.72;E0_0_600m;5.00;148;149;10.02;24.83
0.00;300.00;2088.00;26.47;E0_1_600m;5.00;174;174;10.95;26.67
0.00;300.00;1776.00;24.75;E0_0_700m;5.00;148;148;9.97;24.85
0.00;300.00;2040.00;26.35;E0_1_700m;5.00;170;170;10.75;26.54
0.00;300.00;1740.00;24.74;E0_0_800m;5.00;145;145;9.77;24.83
0.00;300.00;2016.00;26.26;E0_1_800m;5.00;168;168;10.66;26.46
0.00;300.00;1752.00;24.68;E0_0_900m;5.00;146;146;9.86;24.79
0.00;300.00;2004.00;26.12;E0_1_900m;5.00;167;167;10.66;26.33
0.00;300.00;1704.00;24.66;E0_0_1000m;5.00;142;142;9.60;24.76
0.00;300.00;1992.00;25.94;E0_1_1000m;5.00;166;166;10.67;26.14
0.00;300.00;1656.00;24.48;E0_0_1100m;5.00;138;138;9.40;24.56
0.00;300.00;1980.00;25.70;E0_1_1100m;5.00;165;165;10.70;25.87
0.00;300.00;1632.00;24.38;E0_0_1200m;5.00;136;136;9.30;24.47
0.00;300.00;1944.00;25.55;E0_1_1200m;5.00;162;162;10.57;25.72
0.00;300.00;1608.00;24.28;E0_0_1300m;5.00;134;134;9.20;24.41
0.00;300.00;1932.00;25.43;E0_1_1300m;5.00;161;162;10.60;25.59
0.00;300.00;1608.00;24.27;E0_0_1400m;5.00;134;134;9.20;24.38
0.00;300.00;1896.00;25.34;E0_1_1400m;5.00;158;158;10.39;25.50
0.00;300.00;1620.00;24.49;E0_0_1500m;5.00;135;135;9.19;24.60
0.00;300.00;1884.00;25.25;E0_1_1500m;5.00;157;157;10.36;25.40
0.00;300.00;1608.00;24.56;E0_0_1600m;5.00;134;134;9.09;24.70
0.00;300.00;1860.00;25.13;E0_1_1600m;5.00;155;155;10.28;25.23
0.00;300.00;1584.00;24.55;E0_0_1700m;5.00;132;132;8.96;24.69
0.00;300.00;1848.00;25.10;E0_1_1700m;5.00;154;154;10.23;25.21
0.00;300.00;1560.00;24.48;E0_0_1800m;5.00;130;131;8.90;24.62
0.00;300.00;1812.00;25.17;E0_1_1800m;5.00;151;151;10.00;25.29
0.00;300.00;1536.00;24.51;E0_0_1900m;5.00;128;128;8.71;24.64
0.00;300.00;1788.00;25.28;E0_1_1900m;5.00;149;149;9.82;25.42
0.00;300.00;1524.00;24.59;E0_0_2000m;5.00;127;127;8.61;24.73
0.00;300.00;1728.00;25.43;E0_1_2000m;5.00;144;145;9.47;25.64
0.00;300.00;1476.00;24.60;E0_0_2100m;5.00;123;123;8.33;24.74
0.00;300.00;1704.00;25.50;E0_1_2100m;5.00;142;142;9.28;25.72
0.00;300.00;1440.00;24.49;E0_0_2200m;5.00;120;121;8.20;24.64
0.00;300.00;1668.00;25.54;E0_1_2200m;5.00;139;139;9.07;25.78
0.00;300.00;1428.00;24.59;E0_0_2300m;5.00;119;119;8.07;24.74
0.00;300.00;1632.00;25.52;E0_1_2300m;5.00;136;136;8.88;25.77
0.00;300.00;1416.00;24.61;E0_0_2400m;5.00;118;118;7.99;24.77
0.00;300.00;1620.00;25.49;E0_1_2400m;5.00;135;135;8.83;25.72
0.00;300.00;1416.00;24.75;E0_0_2500m;5.00;118;118;7.95;24.90
0.00;300.00;1608.00;25.42;E0_1_2500m;5.00;134;134;8.79;25.64
0.00;300.00;1428.00;24.78;E0_0_2600m;5.00;119;119;8.00;24.93
0.00;300.00;1584.00;25.38;E0_1_2600m;5.00;132;132;8.67;25.59
0.00;300.00;1392.00;24.77;E0_0_2700m;5.00;116;116;7.80;24.93
0.00;300.00;1548.00;25.39;E0_1_2700m;5.00;129;129;8.47;25.60
0.00;300.00;1356.00;24.77;E0_0_2800m;5.00;113;113;7.60;24.92
0.00;300.00;1524.00;25.40;E0_1_2800m;5.00;127;127;8.33;25.61
0.00;300.00;1308.00;24.69;E0_0_2900m;5.00;109;109;7.36;24.85
0.00;300.00;1500.00;25.45;E0_1_2900m;5.00;125;125;8.19;25.67
0.00;300.00;1272.00;24.43;E0_0_3000m;5.00;106;106;7.23;24.61
0.00;300.00;1464.00;25.55;E0_1_3000m;5.00;122;122;7.96;25.79
0.00;300.00;1272.00;24.21;E0_0_3100m;5.00;106;107;7.33;24.44
0.00;300.00;1392.00;25.66;E0_1_3100m;5.00;116;117;7.56;25.95
0.00;300.00;1236.00;24.21;E0_0_3200m;5.00;103;103;7.09;24.44
0.00;300.00;1356.00;25.78;E0_1_3200m;5.00;113;113;7.31;26.08
0.00;300.00;1188.00;24.22;E0_0_3300m;5.00;99;99;6.81;24.46
0.00;300.00;1332.00;25.84;E0_1_3300m;5.00;111;111;7.16;26.15
0.00;300.00;1140.00;24.20;E0_0_3400m;5.00;95;95;6.54;24.45
0.00;300.00;1308.00;25.96;E0_1_3400m;5.00;109;109;7.00;26.28
0.00;300.00;1116.00;24.22;E0_0_3500m;5.00;93;93;6.40;24.49
0.00;300.00;1260.00;26.10;E0_1_3500m;5.00;105;105;6.70;26.42
0.00;300.00;1092.00;24.35;E0_0_3600m;5.00;91;91;6.23;24.62
0.00;300.00;1212.00;26.03;E0_1_3600m;5.00;101;101;6.47;26.36
0.00;300.00;1044.00;24.53;E0_0_3700m;5.00;87;87;5.91;24.79
0.00;300.00;1188.00;25.96;E0_1_3700m;5.00;99;99;6.35;26.31
0.00;300.00;1008.00;24.33;E0_0_3800m;5.00;84;84;5.75;24.62
0.00;300.00;1152.00;26.02;E0_1_3800m;5.00;96;96;6.15;26.36
0.00;300.00;960.00;24.53;E0_0_3900m;5.00;80;80;5.44;24.81
0.00;300.00;1128.00;26.00;E0_1_3900m;5.00;94;94;6.03;26.36
0.00;300.00;900.00;24.54;E0_0_4000m;5.00;75;75;5.09;24.84
0.00;300.00;1116.00;26.10;E0_1_4000m;5.00;93;93;5.94;26.47
0.00;300.00;864.00;24.57;E0_0_4100m;5.00;72;72;4.88;24.89
0.00;300.00;1080.00;26.19;E0_1_4100m;5.00;90;90;5.73;26.56
0.00;300.00;852.00;24.56;E0_0_4200m;5.00;71;71;4.82;24.89
0.00;300.00;1044.00;26.34;E0_1_4200m;5.00;87;87;5.51;26.74
0.00;300.00;804.00;24.63;E0_0_4300m;5.00;67;67;4.53;24.97
0.00;300.00;1020.00;26.47;E0_1_4300m;5.00;85;85;5.35;26.90
0.00;300.00;780.00;24.68;E0_0_4400m;5.00;65;65;4.39;25.03
0.00;300.00;972.00;26.61;E0_1_4400m;5.00;81;81;5.07;27.07
0.00;300.00;744.00;24.89;E0_0_4500m;5.00;62;63;4.18;25.29
0.00;300.00;936.00;26.56;E0_1_4500m;5.00;78;78;4.89;27.03
0.00;300.00;732.00;24.87;E0_0_4600m;5.00;61;61;4.09;25.27
0.00;300.00;900.00;26.73;E0_1_4600m;5.00;75;75;4.68;27.19
0.00;300.00;672.00;24.88;E0_0_4700m;5.00;56;56;3.75;25.32
0.00;300.00;888.00;26.89;E0_1_4700m;5.00;74;74;4.59;27.35
0.00;300.00;660.00;25.10;E0_0_4800m;5.00;55;55;3.65;25.59
0.00;300.00;828.00;27.19;E0_1_4800m;5.00;69;69;4.23;27.71
0.00;300.00;648.00;25.39;E0_0_4900m;5.00;54;54;3.54;25.91
0.00;300.00;780.00;27.38;E0_1_4900m;5.00;65;65;3.96;27.97
0.00;300.00;612.00;25.46;E0_0_5000m;5.00;51;51;3.34;26.01
0.00;300.00;744.00;27.60;E0_1_5000m;5.00;62;62;3.74;28.22
300.00;600.00;0.00;-1.00;E0_0_0m;-1.00;0;0;0.00;-1.00
300.00;600.00;0.00;-1.00;E0_1_0m;-1.00;0;0;0.00;-1.00
300.00;600.00;1920.00;25.68;E0_0_100m;5.00;160;160;10.39;25.85
300.00;600.00;2160.00;27.20;E0_1_100m;5.00;180;180;11.03;27.39
300.00;600.00;1884.00;25.88;E0_0_200m;5.00;157;157;10.11;26.06
300.00;600.00;2196.00;27.34;E0_1_200m;5.00;183;183;11.15;27.53
300.00;600.00;1872.00;25.76;E0_0_300m;5.00;156;156;10.09;25.92
300.00;600.00;2196.00;27.38;E0_1_300m;5.00;183;184;11.19;27.58
300.00;600.00;1848.00;25.57;E0_0_400m;5.00;154;153;10.01;25.71
300.00;600.00;2220.00;27.27;E0_1_400m;5.00;185;185;11.30;27.49
300.00;600.00;1860.00;25.33;E0_0_500m;5.00;155;154;10.14;25.47
300.00;600.00;2208.00;26.98;E0_1_500m;5.00;184;184;11.37;27.18
300.00;600.00;1884.00;25.10;E0_0_600m;5.00;157;156;10.39;25.25
300.00;600.00;2184.00;26.90;E0_1_600m;5.00;182;183;11.29;27.10
300.00;600.00;1860.00;24.99;E0_0_700m;5.00;155;155;10.34;25.16
300.00;600.00;2196.00;26.77;E0_1_700m;5.00;183;183;11.39;26.95
300.00;600.00;1860.00;24.91;E0_0_800m;5.00;155;155;10.37;25.07
300.00;600.00;2196.00;26.66;E0_1_800m;5.00;183;183;11.44;26.83
300.00;600.00;1812.00;24.83;E0_0_900m;5.00;151;152;10.20;24.97
300.00;600.00;2172.00;26.43;E0_1_900m;5.00;181;182;11.46;26.60
300.00;600.00;1824.00;24.64;E0_0_1000m;5.00;152;152;10.28;24.80
300.00;600.00;2160.00;26.22;E0_1_1000m;5.00;180;181;11.49;26.39
300.00;600.00;1836.00;24.46;E0_0_1100m;5.00;153;153;10.43;24.62
300.00;600.00;2184.00;26.06;E0_1_1100m;5.00;182;182;11.64;26.23
300.00;600.00;1848.00;24.17;E0_0_1200m;5.00;154;154;10.62;24.33
300.00;600.00;2232.00;25.98;E0_1_1200m;5.00;186;186;11.93;26.16
300.00;600.00;1800.00;23.94;E0_0_1300m;5.00;150;150;10.44;24.11
300.00;600.00;2268.00;25.95;E0_1_1300m;5.00;189;189;12.10;26.13
300.00;600.00;1776.00;23.77;E0_0_1400m;5.00;148;148;10.38;23.96
300.00;600.00;2268.00;25.97;E0_1_1400m;5.00;189;190;12.14;26.15
300.00;600.00;1788.00;23.69;E0_0_1500m;5.00;149;150;10.54;23.89
300.00;600.00;2232.00;25.97;E0_1_1500m;5.00;186;186;11.94;26.16
300.00;600.00;1788.00;23.61;E0_0_1600m;5.00;149;149;10.52;23.83
300.00;600.00;2268.00;25.81;E0_1_1600m;5.00;189;189;12.20;25.98
300.00;600.00;1800.00;23.54;E0_0_1700m;5.00;150;150;10.62;23.76
300.00;600.00;2268.00;25.71;E0_1_1700m;5.00;189;189;12.25;25.88
300.00;600.00;1836.00;23.39;E0_0_1800m;5.00;153;152;10.85;23.58
300.00;600.00;2232.00;25.60;E0_1_1800m;5.00;186;186;12.11;25.78
300.00;600.00;1824.00;23.30;E0_0_1900m;5.00;152;152;10.87;23.48
300.00;600.00;2232.00;25.53;E0_1_1900m;5.00;186;186;12.14;25.73
300.00;600.00;1872.00;23.28;E0_0_2000m;5.00;156;156;11.17;23.43
300.00;600.00;2220.00;25.46;E0_1_2000m;5.00;185;185;12.11;25.67
300.00;600.00;1848.00;23.16;E0_0_2100m;5.00;154;154;11.08;23.30
300.00;600.00;2256.00;25.35;E0_1_2100m;5.00;188;188;12.36;25.57
300.00;600.00;1860.00;22.89;E0_0_2200m;5.00;155;154;11.25;23.05
300.00;600.00;2244.00;25.30;E0_1_2200m;5.00;187;188;12.38;25.52
300.00;600.00;1836.00;22.68;E0_0_2300m;5.00;153;153;11.24;22.86
300.00;600.00;2256.00;25.22;E0_1_2300m;5.00;188;188;12.42;25.42
300.00;600.00;1812.00;22.56;E0_0_2400m;5.00;151;151;11.16;22.74
300.00;600.00;2256.00;25.10;E0_1_2400m;5.00;188;188;12.48;25.28
300.00;600.00;1824.00;22.49;E0_0_2500m;5.00;152;152;11.27;22.66
300.00;600.00;2232.00;25.03;E0_1_2500m;5.00;186;186;12.39;25.20
300.00;600.00;1800.00;22.47;E0_0_2600m;5.00;150;150;11.13;22.65
300.00;600.00;2220.00;25.01;E0_1_2600m;5.00;185;185;12.33;25.18
300.00;600.00;1776.00;22.43;E0_0_2700m;5.00;148;148;11.00;22.60
300.00;600.00;2232.00;24.95;E0_1_2700m;5.00;186;186;12.43;25.10
300.00;600.00;1764.00;22.43;E0_0_2800m;5.00;147;147;10.92;22.60
300.00;600.00;2232.00;24.88;E0_1_2800m;5.00;186;186;12.46;25.03
300.00;600.00;1752.00;22.58;E0_0_2900m;5.00;146;147;10.78;22.74
300.00;600.00;2232.00;24.89;E0_1_2900m;5.00;186;187;12.48;25.04
300.00;600.00;1776.00;22.76;E0_0_3000m;5.00;148;148;10.84;22.93
300.00;600.00;2220.00;24.83;E0_1_3000m;5.00;185;185;12.42;24.97
300.00;600.00;1776.00;22.85;E0_0_3100m;5.00;148;147;10.75;23.00
300.00;600.00;2208.00;24.68;E0_1_3100m;5.00;184;184;12.42;24.82
300.00;600.00;1764.00;22.86;E0_0_3200m;5.00;147;147;10.72;23.00
300.00;600.00;2220.00;24.56;E0_1_3200m;5.00;185;185;12.55;24.69
300.00;600.00;1764.00;22.87;E0_0_3300m;5.00;147;147;10.71;22.98
300.00;600.00;2208.00;24.48;E0_1_3300m;5.00;184;184;12.53;24.62
300.00;600.00;1764.00;22.80;E0_0_3400m;5.00;147;147;10.74;22.89
300.00;600.00;2208.00;24.36;E0_1_3400m;5.00;184;184;12.59;24.50
300.00;600.00;1764.00;22.68;E0_0_3500m;5.00;147;147;10.80;22.76
300.00;600.00;2208.00;24.27;E0_1_3500m;5.00;184;184;12.64;24.42
300.00;600.00;1776.00;22.81;E0_0_3600m;5.00;148;148;10.81;22.88
300.00;600.00;2196.00;24.14;E0_1_3600m;5.00;183;183;12.63;24.29
300.00;600.00;1764.00;22.99;E0_0_3700m;5.00;147;147;10.66;23.05
300.00;600.00;2196.00;24.04;E0_1_3700m;5.00;183;183;12.69;24.17
300.00;600.00;1764.00;23.18;E0_0_3800m;5.00;147;147;10.57;23.22
300.00;600.00;2196.00;23.94;E0_1_3800m;5.00;183;184;12.75;24.06
300.00;600.00;1764.00;23.38;E0_0_3900m;5.00;147;147;10.48;23.41
300.00;600.00;2208.00;23.87;E0_1_3900m;5.00;184;184;12.85;23.97
300.00;600.00;1800.00;23.44;E0_0_4000m;5.00;150;150;10.67;23.47
300.00;600.00;2220.00;23.78;E0_1_4000m;5.00;185;185;12.96;23.86
300.00;600.00;1824.00;23.37;E0_0_4100m;5.00;152;152;10.84;23.39
300.00;600.00;2232.00;23.67;E0_1_4100m;5.00;186;186;13.10;23.72
300.00;600.00;1848.00;23.31;E0_0_4200m;5.00;154;154;11.01;23.33
300.00;600.00;2220.00;23.57;E0_1_4200m;5.00;185;185;13.08;23.60
300.00;600.00;1872.00;23.28;E0_0_4300m;5.00;156;156;11.17;23.30
300.00;600.00;2220.00;23.52;E0_1_4300m;5.00;185;185;13.11;23.54
300.00;600.00;1872.00;23.25;E0_0_4400m;5.00;156;156;11.18;23.27
300.00;600.00;2268.00;23.58;E0_1_4400m;5.00;189;189;13.36;23.60
300.00;600.00;1920.00;23.36;E0_0_4500m;5.00;160;160;11.42;23.37
300.00;600.00;2280.00;23.61;E0_1_4500m;5.00;190;191;13.44;23.63
300.00;600.00;1920.00;23.41;E0_0_4600m;5.00;160;160;11.39;23.42
300.00;600.00;2292.00;23.67;E0_1_4600m;5.00;191;191;13.45;23.70
300.00;600.00;1944.00;23.50;E0_0_4700m;5.00;162;162;11.49;23.52
300.00;600.00;2292.00;23.76;E0_1_4700m;5.00;191;191;13.40;23.79
300.00;600.00;1944.00;23.59;E0_0_4800m;5.00;162;163;11.48;23.60
300.00;600.00;2292.00;23.85;E0_1_4800m;5.00;191;191;13.35;23.88
300.00;600.00;1932.00;23.71;E0_0_4900m;5.00;161;161;11.32;23.72
300.00;600.00;2292.00;23.97;E0_1_4900m;5.00;191;191;13.28;24.01
300.00;600.00;1944.00;23.79;E0_0_5000m;5.00;162;162;11.35;23.81
300.00;600.00;2292.00;24.11;E0_1_5000m;5.00;191;191;13.20;24.16
600.00;900.00;0.00;-1.00;E0_0_0m;-1.00;0;0;0.00;-1.00
600.00;900.00;0.00;-1.00;E0_1_0m;-1.00;0;0;0.00;-1.00
600.00;900.00;1728.00;25.46;E0_0_100m;5.00;144;144;9.43;25.62
600.00;900.00;2280.00;26.86;E0_1_100m;5.00;190;190;11.79;27.01
600.00;900.00;1800.00;25.13;E0_0_200m;5.00;150;150;9.95;25.29
600.00;900.00;2220.00;27.27;E0_1_200m;5.00;185;187;11.37;27.48
600.00;900.00;1800.00;25.29;E0_0_300m;5.00;150;150;9.89;25.41
600.00;900.00;2256.00;27.13;E0_1_300m;5.00;188;187;11.50;27.35
600.00;900.00;1788.00;25.21;E0_0_400m;5.00;149;149;9.85;25.31
600.00;900.00;2280.00;27.10;E0_1_400m;5.00;190;190;11.69;27.28
600.00;900.00;1776.00;25.14;E0_0_500m;5.00;148;150;9.87;25.24
600.00;900.00;2292.00;26.96;E0_1_500m;5.00;191;191;11.81;27.13
600.00;900.00;1800.00;25.04;E0_0_600m;5.00;150;150;9.98;25.14
600.00;900.00;2316.00;26.83;E0_1_600m;5.00;193;192;11.97;26.97
600.00;900.00;1896.00;25.00;E0_0_700m;5.00;158;158;10.53;25.14
600.00;900.00;2280.00;26.51;E0_1_700m;5.00;190;191;12.00;26.65
600.00;900.00;1896.00;24.81;E0_0_800m;5.00;158;158;10.62;24.89
600.00;900.00;2292.00;26.29;E0_1_800m;5.00;191;191;12.11;26.46
600.00;900.00;1860.00;24.68;E0_0_900m;5.00;155;154;10.41;24.75
600.00;900.00;2328.00;26.15;E0_1_900m;5.00;194;193;12.32;26.32
600.00;900.00;1824.00;24.49;E0_0_1000m;5.00;152;153;10.36;24.55
600.00;900.00;2352.00;25.93;E0_1_1000m;5.00;196;195;12.55;26.09
600.00;900.00;1788.00;24.41;E0_0_1100m;5.00;149;149;10.17;24.46
600.00;900.00;2340.00;26.00;E0_1_1100m;5.00;195;195;12.50;26.16
600.00;900.00;1740.00;24.34;E0_0_1200m;5.00;145;145;9.93;24.40
600.00;900.00;2316.00;26.08;E0_1_1200m;5.00;193;193;12.33;26.27
600.00;900.00;1764.00;24.44;E0_0_1300m;5.00;147;147;10.03;24.54
600.00;900.00;2256.00;26.18;E0_1_1300m;5.00;188;188;12.01;26.38
600.00;900.00;1728.00;24.22;E0_0_1400m;5.00;144;144;9.91;24.27
600.00;900.00;2280.00;26.19;E0_1_1400m;5.00;190;189;12.08;26.39
600.00;900.00;1692.00;24.24;E0_0_1500m;5.00;141;143;9.80;24.29
600.00;900.00;2268.00;26.26;E0_1_1500m;5.00;189;189;11.99;26.46
600.00;900.00;1692.00;24.23;E0_0_1600m;5.00;141;141;9.70;24.27
600.00;900.00;2232.00;26.24;E0_1_1600m;5.00;186;186;11.81;26.42
600.00;900.00;1704.00;24.22;E0_0_1700m;5.00;142;142;9.77;24.26
600.00;900.00;2244.00;26.15;E0_1_1700m;5.00;187;187;11.92;26.31
600.00;900.00;1716.00;24.22;E0_0_1800m;5.00;143;143;9.84;24.28
600.00;900.00;2280.00;26.14;E0_1_1800m;5.00;190;190;12.11;26.29
600.00;900.00;1740.00;24.18;E0_0_1900m;5.00;145;145;9.99;24.24
600.00;900.00;2316.00;26.15;E0_1_1900m;5.00;193;193;12.30;26.29
600.00;900.00;1728.00;24.10;E0_0_2000m;5.00;144;144;9.96;24.15
600.00;900.00;2304.00;26.18;E0_1_2000m;5.00;192;192;12.22;26.34
600.00;900.00;1752.00;23.92;E0_0_2100m;5.00;146;147;10.22;23.98
600.00;900.00;2268.00;26.12;E0_1_2100m;5.00;189;190;12.09;26.27
600.00;900.00;1752.00;23.91;E0_0_2200m;5.00;146;146;10.18;23.96
600.00;900.00;2280.00;25.98;E0_1_2200m;5.00;190;190;12.16;26.13
600.00;900.00;1752.00;23.86;E0_0_2300m;5.00;146;146;10.20;23.90
600.00;900.00;2280.00;25.85;E0_1_2300m;5.00;190;190;12.25;26.00
600.00;900.00;1740.00;23.80;E0_0_2400m;5.00;145;145;10.15;23.85
600.00;900.00;2268.00;25.74;E0_1_2400m;5.00;189;189;12.24;25.88
600.00;900.00;1740.00;23.86;E0_0_2500m;5.00;145;145;10.13;23.91
600.00;900.00;2244.00;25.69;E0_1_2500m;5.00;187;187;12.13;25.84
600.00;900.00;1728.00;23.86;E0_0_2600m;5.00;144;144;10.06;23.91
600.00;900.00;2244.00;25.71;E0_1_2600m;5.00;187;188;12.17;25.86
600.00;900.00;1764.00;23.69;E0_0_2700m;5.00;147;147;10.34;23.76
600.00;900.00;2280.00;25.73;E0_1_2700m;5.00;190;190;12.31;25.88
600.00;900.00;1788.00;23.54;E0_0_2800m;5.00;149;149;10.55;23.62
600.00;900.00;2280.00;25.75;E0_1_2800m;5.00;190;190;12.30;25.91
600.00;900.00;1824.00;23.36;E0_0_2900m;5.00;152;152;10.89;23.46
600.00;900.00;2268.00;25.66;E0_1_2900m;5.00;189;188;12.25;25.80
600.00;900.00;1824.00;23.33;E0_0_3000m;5.00;152;152;10.86;23.43
600.00;900.00;2268.00;25.43;E0_1_3000m;5.00;189;190;12.41;25.55
600.00;900.00;1836.00;23.18;E0_0_3100m;5.00;153;153;11.00;23.28
600.00;900.00;2280.00;25.28;E0_1_3100m;5.00;190;190;12.52;25.38
600.00;900.00;1824.00;23.03;E0_0_3200m;5.00;152;152;11.00;23.15
600.00;900.00;2292.00;25.17;E0_1_3200m;5.00;191;191;12.65;25.26
600.00;900.00;1812.00;22.83;E0_0_3300m;5.00;151;152;11.09;22.97
600.00;900.00;2304.00;25.13;E0_1_3300m;5.00;192;192;12.74;25.21
600.00;900.00;1824.00;22.68;E0_0_3400m;5.00;152;152;11.17;22.84
600.00;900.00;2304.00;25.15;E0_1_3400m;5.00;192;192;12.73;25.24
600.00;900.00;1848.00;22.60;E0_0_3500m;5.00;154;154;11.36;22.76
600.00;900.00;2280.00;25.11;E0_1_3500m;5.00;190;190;12.61;25.21
600.00;900.00;1848.00;22.60;E0_0_3600m;5.00;154;154;11.36;22.75
600.00;900.00;2292.00;25.05;E0_1_3600m;5.00;191;191;12.71;25.15
600.00;900.00;1884.00;22.51;E0_0_3700m;5.00;157;157;11.62;22.68
600.00;900.00;2304.00;25.10;E0_1_3700m;5.00;192;193;12.82;25.20
600.00;900.00;1896.00;22.31;E0_0_3800m;5.00;158;159;11.83;22.49
600.00;900.00;2328.00;25.17;E0_1_3800m;5.00;194;193;12.83;25.28
600.00;900.00;1920.00;22.18;E0_0_3900m;5.00;160;160;12.03;22.35
600.00;900.00;2304.00;25.29;E0_1_3900m;5.00;192;192;12.66;25.39
600.00;900.00;1884.00;22.15;E0_0_4000m;5.00;157;158;11.82;22.34
600.00;900.00;2292.00;25.30;E0_1_4000m;5.00;191;191;12.58;25.40
600.00;900.00;1836.00;22.16;E0_0_4100m;5.00;153;153;11.51;22.35
600.00;900.00;2316.00;25.36;E0_1_4100m;5.00;193;193;12.68;25.47
600.00;900.00;1800.00;22.18;E0_0_4200m;5.00;150;151;11.31;22.40
600.00;900.00;2304.00;25.48;E0_1_4200m;5.00;192;192;12.56;25.60
600.00;900.00;1800.00;22.20;E0_0_4300m;5.00;150;150;11.26;22.42
600.00;900.00;2280.00;25.52;E0_1_4300m;5.00;190;190;12.41;25.65
600.00;900.00;1776.00;22.23;E0_0_4400m;5.00;148;148;11.10;22.46
600.00;900.00;2268.00;25.46;E0_1_4400m;5.00;189;189;12.37;25.57
600.00;900.00;1764.00;22.26;E0_0_4500m;5.00;147;147;11.01;22.48
600.00;900.00;2232.00;25.48;E0_1_4500m;5.00;186;185;12.14;25.61
600.00;900.00;1776.00;22.28;E0_0_4600m;5.00;148;148;11.07;22.53
600.00;900.00;2208.00;25.51;E0_1_4600m;5.00;184;185;12.06;25.66
600.00;900.00;1764.00;22.42;E0_0_4700m;5.00;147;147;10.93;22.66
600.00;900.00;2196.00;25.51;E0_1_4700m;5.00;183;183;11.95;25.68
600.00;900.00;1776.00;22.53;E0_0_4800m;5.00;148;148;10.93;22.77
600.00;900.00;2196.00;25.52;E0_1_4800m;5.00;183;183;11.95;25.71
600.00;900.00;1776.00;22.65;E0_0_4900m;5.00;148;149;10.92;22.89
600.00;900.00;2196.00;25.65;E0_1_4900m;5.00;183;183;11.89;25.84
600.00;900.00;1752.00;22.69;E0_0_5000m;5.00;146;146;10.73;22.90
600.00;900.00;2220.00;25.81;E0_1_5000m;5.00;185;185;11.94;26.00
900.00;1200.00;0.00;-1.00;E0_0_0m;-1.00;0;0;0.00;-1.00
900.00;1200.00;0.00;-1.00;E0_1_0m;-1.00;0;0;0.00;-1.00
900.00;1200.00;1812.00;26.31;E0_0_100m;5.00;151;151;9.57;26.48
900.00;1200.00;2160.00;27.47;E0_1_100m;5.00;180;180;10.92;27.68
900.00;1200.00;1824.00;26.51;E0_0_200m;5.00;152;152;9.56;26.69
900.00;1200.00;2148.00;27.62;E0_1_200m;5.00;179;179;10.80;27.91
900.00;1200.00;1788.00;26.43;E0_0_300m;5.00;149;149;9.40;26.61
900.00;1200.00;2160.00;27.47;E0_1_300m;5.00;180;180;10.92;27.80
900.00;1200.00;1764.00;26.33;E0_0_400m;5.00;147;147;9.30;26.52
900.00;1200.00;2172.00;27.36;E0_1_400m;5.00;181;181;11.02;27.68
900.00;1200.00;1788.00;25.98;E0_0_500m;5.00;149;148;9.51;26.18
900.00;1200.00;2160.00;27.21;E0_1_500m;5.00;180;180;11.02;27.50
900.00;1200.00;1776.00;25.73;E0_0_600m;5.00;148;148;9.59;25.93
900.00;1200.00;2112.00;26.92;E0_1_600m;5.00;176;176;10.90;27.22
900.00;1200.00;1776.00;25.48;E0_0_700m;5.00;148;148;9.68;25.70
900.00;1200.00;2064.00;26.68;E0_1_700m;5.00;172;172;10.75;27.00
900.00;1200.00;1752.00;25.07;E0_0_800m;5.00;146;147;9.75;25.30
900.00;1200.00;2076.00;26.38;E0_1_800m;5.00;173;173;10.93;26.73
900.00;1200.00;1776.00;24.84;E0_0_900m;5.00;148;148;9.93;25.07
900.00;1200.00;2088.00;26.02;E0_1_900m;5.00;174;174;11.15;26.39
900.00;1200.00;1788.00;24.59;E0_0_1000m;5.00;149;149;10.10;24.79
900.00;1200.00;2076.00;25.63;E0_1_1000m;5.00;173;173;11.25;26.01
900.00;1200.00;1800.00;24.24;E0_0_1100m;5.00;150;150;10.31;24.42
900.00;1200.00;2112.00;25.36;E0_1_1100m;5.00;176;176;11.56;25.74
900.00;1200.00;1824.00;24.10;E0_0_1200m;5.00;152;152;10.51;24.27
900.00;1200.00;2124.00;25.13;E0_1_1200m;5.00;177;177;11.74;25.50
900.00;1200.00;1860.00;23.97;E0_0_1300m;5.00;155;155;10.78;24.13
900.00;1200.00;2148.00;24.92;E0_1_1300m;5.00;179;179;11.97;25.27
900.00;1200.00;1872.00;23.82;E0_0_1400m;5.00;156;157;10.92;23.97
900.00;1200.00;2196.00;24.70;E0_1_1400m;5.00;183;183;12.35;25.03
900.00;1200.00;1872.00;23.72;E0_0_1500m;5.00;156;156;10.93;23.88
900.00;1200.00;2208.00;24.64;E0_1_1500m;5.00;184;184;12.44;24.91
900.00;1200.00;1860.00;23.57;E0_0_1600m;5.00;155;155;10.96;23.75
900.00;1200.00;2196.00;24.58;E0_1_1600m;5.00;183;184;12.44;24.83
900.00;1200.00;1812.00;23.54;E0_0_1700m;5.00;151;151;10.69;23.69
900.00;1200.00;2172.00;24.50;E0_1_1700m;5.00;181;181;12.31;24.73
900.00;1200.00;1776.00;23.64;E0_0_1800m;5.00;148;148;10.43;23.76
900.00;1200.00;2148.00;24.47;E0_1_1800m;5.00;179;179;12.19;24.68
900.00;1200.00;1764.00;23.74;E0_0_1900m;5.00;147;147;10.32;23.85
900.00;1200.00;2088.00;24.46;E0_1_1900m;5.00;174;174;11.85;24.70
900.00;1200.00;1752.00;23.87;E0_0_2000m;5.00;146;146;10.20;23.97
900.00;1200.00;2088.00;24.41;E0_1_2000m;5.00;174;174;11.88;24.62
900.00;1200.00;1788.00;23.82;E0_0_2100m;5.00;149;148;10.38;23.95
900.00;1200.00;2052.00;24.30;E0_1_2100m;5.00;171;171;11.73;24.51
900.00;1200.00;1776.00;23.67;E0_0_2200m;5.00;148;148;10.42;23.81
900.00;1200.00;2064.00;24.16;E0_1_2200m;5.00;172;172;11.85;24.39
900.00;1200.00;1800.00;23.60;E0_0_2300m;5.00;150;150;10.59;23.78
900.00;1200.00;2052.00;24.12;E0_1_2300m;5.00;171;171;11.82;24.35
900.00;1200.00;1776.00;23.55;E0_0_2400m;5.00;148;148;10.47;23.77
900.00;1200.00;2076.00;24.16;E0_1_2400m;5.00;173;173;11.94;24.39
900.00;1200.00;1752.00;23.60;E0_0_2500m;5.00;146;146;10.31;23.80
900.00;1200.00;2076.00;24.21;E0_1_2500m;5.00;173;173;11.91;24.44
900.00;1200.00;1764.00;23.81;E0_0_2600m;5.00;147;147;10.29;23.98
900.00;1200.00;2040.00;24.26;E0_1_2600m;5.00;170;171;11.73;24.50
900.00;1200.00;1728.00;23.92;E0_0_2700m;5.00;144;144;10.04;24.07
900.00;1200.00;2004.00;24.24;E0_1_2700m;5.00;167;167;11.48;24.47
900.00;1200.00;1704.00;23.89;E0_0_2800m;5.00;142;142;9.91;24.03
900.00;1200.00;2004.00;24.32;E0_1_2800m;5.00;167;167;11.45;24.54
900.00;1200.00;1680.00;23.95;E0_0_2900m;5.00;140;140;9.74;24.07
900.00;1200.00;2016.00;24.41;E0_1_2900m;5.00;168;168;11.47;24.62
900.00;1200.00;1668.00;23.95;E0_0_3000m;5.00;139;139;9.67;24.07
900.00;1200.00;2028.00;24.50;E0_1_3000m;5.00;169;168;11.47;24.71
900.00;1200.00;1680.00;23.97;E0_0_3100m;5.00;140;140;9.74;24.07
900.00;1200.00;1992.00;24.56;E0_1_3100m;5.00;166;166;11.26;24.76
900.00;1200.00;1680.00;23.97;E0_0_3200m;5.00;140;140;9.73;24.07
900.00;1200.00;1992.00;24.59;E0_1_3200m;5.00;166;166;11.25;24.77
900.00;1200.00;1692.00;23.95;E0_0_3300m;5.00;141;141;9.82;24.04
900.00;1200.00;1992.00;24.65;E0_1_3300m;5.00;166;166;11.22;24.83
900.00;1200.00;1704.00;23.89;E0_0_3400m;5.00;142;142;9.91;23.97
900.00;1200.00;1968.00;24.74;E0_1_3400m;5.00;164;164;11.05;24.90
900.00;1200.00;1704.00;23.94;E0_0_3500m;5.00;142;142;9.88;24.02
900.00;1200.00;1968.00;24.86;E0_1_3500m;5.00;164;164;10.99;25.01
900.00;1200.00;1692.00;24.06;E0_0_3600m;5.00;141;141;9.77;24.15
900.00;1200.00;1968.00;25.00;E0_1_3600m;5.00;164;164;10.93;25.15
900.00;1200.00;1668.00;24.09;E0_0_3700m;5.00;139;139;9.62;24.19
900.00;1200.00;1956.00;25.15;E0_1_3700m;5.00;163;162;10.73;25.29
900.00;1200.00;1668.00;24.08;E0_0_3800m;5.00;139;139;9.62;24.18
900.00;1200.00;1956.00;25.19;E0_1_3800m;5.00;163;163;10.78;25.32
900.00;1200.00;1692.00;24.08;E0_0_3900m;5.00;141;141;9.76;24.16
900.00;1200.00;1992.00;25.08;E0_1_3900m;5.00;166;166;11.03;25.20
900.00;1200.00;1728.00;24.00;E0_0_4000m;5.00;144;143;9.99;24.07
900.00;1200.00;2028.00;24.95;E0_1_4000m;5.00;169;169;11.29;25.05
900.00;1200.00;1752.00;23.97;E0_0_4100m;5.00;146;146;10.15;24.04
900.00;1200.00;2064.00;24.87;E0_1_4100m;5.00;172;172;11.53;24.97
900.00;1200.00;1800.00;23.97;E0_0_4200m;5.00;150;149;10.40;24.03
900.00;1200.00;2100.00;24.84;E0_1_4200m;5.00;175;175;11.74;24.95
900.00;1200.00;1836.00;23.93;E0_0_4300m;5.00;153;153;10.65;24.00
900.00;1200.00;2136.00;24.76;E0_1_4300m;5.00;178;178;11.98;24.87
900.00;1200.00;1860.00;23.86;E0_0_4400m;5.00;155;155;10.83;23.92
900.00;1200.00;2172.00;24.70;E0_1_4400m;5.00;181;181;12.22;24.81
900.00;1200.00;1884.00;23.74;E0_0_4500m;5.00;157;157;11.02;23.79
900.00;1200.00;2208.00;24.69;E0_1_4500m;5.00;184;184;12.42;24.81
900.00;1200.00;1896.00;23.69;E0_0_4600m;5.00;158;158;11.12;23.75
900.00;1200.00;2244.00;24.72;E0_1_4600m;5.00;187;187;12.61;24.85
900.00;1200.00;1896.00;23.68;E0_0_4700m;5.00;158;158;11.12;23.75
900.00;1200.00;2256.00;24.75;E0_1_4700m;5.00;188;188;12.66;24.90
900.00;1200.00;1908.00;23.66;E0_0_4800m;5.00;159;159;11.20;23.74
900.00;1200.00;2256.00;24.79;E0_1_4800m;5.00;188;188;12.64;24.96
900.00;1200.00;1932.00;23.71;E0_0_4900m;5.00;161;161;11.32;23.78
900.00;1200.00;2244.00;24.78;E0_1_4900m;5.00;187;188;12.61;24.95
900.00;1200.00;1944.00;23.71;E0_0_5000m;5.00;162;162;11.39;23.77
900.00;1200.00;2232.00;24.77;E0_1_5000m;5.00;186;186;12.51;24.93
1200.00;1500.00;0.00;-1.00;E0_0_0m;-1.00;0;0;0.00;-1.00
1200.00;1500.00;0.00;-1.00;E0_1_0m;-1.00;0;0;0.00;-1.00
1200.00;1500.00;1704.00;26.09;E0_0_100m;5.00;142;142;9.07;26.25
1200.00;1500.00;2160.00;27.07;E0_1_100m;5.00;180;180;11.08;27.23
1200.00;1500.00;1764.00;26.09;E0_0_200m;5.00;147;147;9.39;26.29
1200.00;1500.00;2100.00;27.58;E0_1_200m;5.00;175;175;10.53;27.78
1200.00;1500.00;1764.00;25.99;E0_0_300m;5.00;147;148;9.47;26.19
1200.00;1500.00;2100.00;27.63;E0_1_300m;5.00;175;175;10.56;27.81
1200.00;1500.00;1764.00;25.84;E0_0_400m;5.00;147;147;9.48;26.03
1200.00;1500.00;2112.00;27.59;E0_1_400m;5.00;176;176;10.63;27.76
1200.00;1500.00;1788.00;25.63;E0_0_500m;5.00;149;149;9.69;25.80
1200.00;1500.00;2100.00;27.47;E0_1_500m;5.00;175;175;10.62;27.64
1200.00;1500.00;1764.00;25.46;E0_0_600m;5.00;147;147;9.62;25.64
1200.00;1500.00;2148.00;27.35;E0_1_600m;5.00;179;180;10.95;27.51
1200.00;1500.00;1752.00;25.47;E0_0_700m;5.00;146;146;9.55;25.65
1200.00;1500.00;2148.00;27.34;E0_1_700m;5.00;179;179;10.91;27.51
1200.00;1500.00;1776.00;25.43;E0_0_800m;5.00;148;147;9.65;25.61
1200.00;1500.00;2136.00;27.36;E0_1_800m;5.00;178;178;10.84;27.50
1200.00;1500.00;1752.00;25.38;E0_0_900m;5.00;146;147;9.59;25.56
1200.00;1500.00;2124.00;27.30;E0_1_900m;5.00;177;177;10.80;27.45
1200.00;1500.00;1800.00;25.45;E0_0_1000m;5.00;150;150;9.82;25.65
1200.00;1500.00;2088.00;27.32;E0_1_1000m;5.00;174;175;10.66;27.47
1200.00;1500.00;1776.00;25.28;E0_0_1100m;5.00;148;148;9.76;25.46
1200.00;1500.00;2112.00;27.27;E0_1_1100m;5.00;176;176;10.76;27.41
1200.00;1500.00;1728.00;25.23;E0_0_1200m;5.00;144;144;9.51;25.42
1200.00;1500.00;2124.00;27.22;E0_1_1200m;5.00;177;177;10.84;27.38
1200.00;1500.00;1740.00;25.26;E0_0_1300m;5.00;145;145;9.57;25.44
1200.00;1500.00;2136.00;27.14;E0_1_1300m;5.00;178;178;10.93;27.30
1200.00;1500.00;1716.00;25.19;E0_0_1400m;5.00;143;143;9.46;25.37
1200.00;1500.00;2112.00;27.10;E0_1_1400m;5.00;176;177;10.85;27.26
1200.00;1500.00;1692.00;25.08;E0_0_1500m;5.00;141;140;9.34;25.25
1200.00;1500.00;2160.00;27.12;E0_1_1500m;5.00;180;180;11.06;27.28
1200.00;1500.00;1680.00;24.96;E0_0_1600m;5.00;140;140;9.35;25.12
1200.00;1500.00;2160.00;27.17;E0_1_1600m;5.00;180;179;11.01;27.33
1200.00;1500.00;1716.00;24.75;E0_0_1700m;5.00;143;143;9.63;24.91
1200.00;1500.00;2172.00;27.13;E0_1_1700m;5.00;181;181;11.12;27.29
1200.00;1500.00;1716.00;24.67;E0_0_1800m;5.00;143;143;9.66;24.84
1200.00;1500.00;2196.00;26.98;E0_1_1800m;5.00;183;183;11.31;27.14
1200.00;1500.00;1728.00;24.53;E0_0_1900m;5.00;144;144;9.78;24.71
1200.00;1500.00;2208.00;26.91;E0_1_1900m;5.00;184;184;11.40;27.07
1200.00;1500.00;1740.00;24.41;E0_0_2000m;5.00;145;145;9.90;24.60
1200.00;1500.00;2208.00;26.87;E0_1_2000m;5.00;184;184;11.41;27.03
1200.00;1500.00;1764.00;24.33;E0_0_2100m;5.00;147;147;10.07;24.51
1200.00;1500.00;2184.00;26.81;E0_1_2100m;5.00;182;182;11.31;26.96
1200.00;1500.00;1788.00;24.21;E0_0_2200m;5.00;149;149;10.26;24.38
1200.00;1500.00;2160.00;26.62;E0_1_2200m;5.00;180;180;11.27;26.78
1200.00;1500.00;1764.00;24.32;E0_0_2300m;5.00;147;147;10.07;24.48
1200.00;1500.00;2160.00;26.40;E0_1_2300m;5.00;180;180;11.36;26.60
1200.00;1500.00;1764.00;24.30;E0_0_2400m;5.00;147;147;10.08;24.47
1200.00;1500.00;2184.00;26.24;E0_1_2400m;5.00;182;182;11.56;26.48
1200.00;1500.00;1776.00;24.14;E0_0_2500m;5.00;148;148;10.22;24.35
1200.00;1500.00;2160.00;26.13;E0_1_2500m;5.00;180;181;11.53;26.41
1200.00;1500.00;1752.00;23.92;E0_0_2600m;5.00;146;146;10.17;24.13
1200.00;1500.00;2208.00;25.93;E0_1_2600m;5.00;184;183;11.78;26.26
1200.00;1500.00;1788.00;23.63;E0_0_2700m;5.00;149;149;10.51;23.83
1200.00;1500.00;2244.00;25.69;E0_1_2700m;5.00;187;187;12.13;26.05
1200.00;1500.00;1860.00;23.60;E0_0_2800m;5.00;155;155;10.95;23.81
1200.00;1500.00;2244.00;25.40;E0_1_2800m;5.00;187;187;12.27;25.82
1200.00;1500.00;1896.00;23.41;E0_0_2900m;5.00;158;157;11.20;23.60
1200.00;1500.00;2280.00;25.07;E0_1_2900m;5.00;190;190;12.63;25.48
1200.00;1500.00;1908.00;23.28;E0_0_3000m;5.00;159;159;11.38;23.45
1200.00;1500.00;2304.00;24.73;E0_1_3000m;5.00;192;192;12.94;25.11
1200.00;1500.00;1932.00;22.99;E0_0_3100m;5.00;161;161;11.67;23.14
1200.00;1500.00;2328.00;24.24;E0_1_3100m;5.00;194;194;13.34;24.56
1200.00;1500.00;1944.00;22.87;E0_0_3200m;5.00;162;162;11.81;23.01
1200.00;1500.00;2352.00;23.91;E0_1_3200m;5.00;196;196;13.66;24.19
1200.00;1500.00;1980.00;22.86;E0_0_3300m;5.00;165;164;11.95;22.99
1200.00;1500.00;2388.00;23.78;E0_1_3300m;5.00;199;199;13.95;24.05
1200.00;1500.00;1980.00;22.80;E0_0_3400m;5.00;165;165;12.06;22.94
1200.00;1500.00;2436.00;23.72;E0_1_3400m;5.00;203;203;14.26;24.00
1200.00;1500.00;2040.00;22.73;E0_0_3500m;5.00;170;170;12.46;22.88
1200.00;1500.00;2424.00;23.72;E0_1_3500m;5.00;202;203;14.25;24.02
1200.00;1500.00;2064.00;22.62;E0_0_3600m;5.00;172;172;12.67;22.72
1200.00;1500.00;2460.00;23.61;E0_1_3600m;5.00;205;205;14.47;23.92
1200.00;1500.00;2088.00;22.67;E0_0_3700m;5.00;174;174;12.79;22.78
1200.00;1500.00;2484.00;23.40;E0_1_3700m;5.00;207;207;14.74;23.68
1200.00;1500.00;2064.00;22.58;E0_0_3800m;5.00;172;172;12.70;22.67
1200.00;1500.00;2484.00;23.27;E0_1_3800m;5.00;207;207;14.83;23.51
1200.00;1500.00;2028.00;22.48;E0_0_3900m;5.00;169;170;12.53;22.57
1200.00;1500.00;2448.00;23.15;E0_1_3900m;5.00;204;204;14.69;23.36
1200.00;1500.00;2004.00;22.46;E0_0_4000m;5.00;167;167;12.39;22.54
1200.00;1500.00;2412.00;23.07;E0_1_4000m;5.00;201;201;14.52;23.27
1200.00;1500.00;1980.00;22.40;E0_0_4100m;5.00;165;165;12.27;22.48
1200.00;1500.00;2376.00;23.04;E0_1_4100m;5.00;198;198;14.33;23.24
1200.00;1500.00;1932.00;22.36;E0_0_4200m;5.00;161;161;12.00;22.42
1200.00;1500.00;2352.00;22.97;E0_1_4200m;5.00;196;196;14.22;23.15
1200.00;1500.00;1896.00;22.25;E0_0_4300m;5.00;158;158;11.83;22.30
1200.00;1500.00;2316.00;22.92;E0_1_4300m;5.00;193;193;14.03;23.09
1200.00;1500.00;1860.00;22.14;E0_0_4400m;5.00;155;155;11.67;22.17
1200.00;1500.00;2280.00;22.91;E0_1_4400m;5.00;190;190;13.82;23.06
1200.00;1500.00;1836.00;22.09;E0_0_4500m;5.00;153;153;11.54;22.12
1200.00;1500.00;2244.00;22.93;E0_1_4500m;5.00;187;187;13.59;23.08
1200.00;1500.00;1812.00;22.21;E0_0_4600m;5.00;151;151;11.33;22.25
1200.00;1500.00;2196.00;22.99;E0_1_4600m;5.00;183;183;13.27;23.14
1200.00;1500.00;1800.00;22.31;E0_0_4700m;5.00;150;150;11.21;22.36
1200.00;1500.00;2196.00;23.16;E0_1_4700m;5.00;183;184;13.22;23.33
1200.00;1500.00;1788.00;22.46;E0_0_4800m;5.00;149;149;11.06;22.52
1200.00;1500.00;2196.00;23.37;E0_1_4800m;5.00;183;183;13.05;23.55
1200.00;1500.00;1776.00;22.64;E0_0_4900m;5.00;148;148;10.89;22.71
1200.00;1500.00;2184.00;23.61;E0_1_4900m;5.00;182;181;12.81;23.80
1200.00;1500.00;1776.00;22.80;E0_0_5000m;5.00;148;148;10.82;22.87
1200.00;1500.00;2172.00;23.83;E0_1_5000m;5.00;181;181;12.66;24.01
1500.00;1800.00;0.00;-1.00;E0_0_0m;-1.00;0;0;0.00;-1.00
1500.00;1800.00;0.00;-1.00;E0_1_0m;-1.00;0;0;0.00;-1.00
1500.00;1800.00;1824.00;26.15;E0_0_100m;5.00;152;153;9.70;26.30
1500.00;1800.00;2112.00;27.43;E0_1_100m;5.00;176;176;10.69;27.60
1500.00;1800.00;1884.00;26.04;E0_0_200m;5.00;157;157;10.05;26.22
1500.00;1800.00;2040.00;27.72;E0_1_200m;5.00;170;169;10.21;27.95
1500.00;1800.00;1908.00;26.19;E0_0_300m;5.00;159;159;10.12;26.36
1500.00;1800.00;2016.00;27.71;E0_1_300m;5.00;168;168;10.10;27.95
1500.00;1800.00;1884.00;26.16;E0_0_400m;5.00;157;157;10.00;26.28
1500.00;1800.00;2016.00;27.59;E0_1_400m;5.00;168;168;10.15;27.81
1500.00;1800.00;1848.00;25.94;E0_0_500m;5.00;154;154;9.89;26.05
1500.00;1800.00;2040.00;27.37;E0_1_500m;5.00;170;170;10.35;27.56
1500.00;1800.00;1800.00;25.82;E0_0_600m;5.00;150;151;9.72;25.91
1500.00;1800.00;2076.00;27.20;E0_1_600m;5.00;173;172;10.56;27.36
1500.00;1800.00;1788.00;25.79;E0_0_700m;5.00;149;149;9.63;25.88
1500.00;1800.00;2088.00;27.10;E0_1_700m;5.00;174;174;10.70;27.26
1500.00;1800.00;1764.00;25.75;E0_0_800m;5.00;147;147;9.51;25.85
1500.00;1800.00;2088.00;27.06;E0_1_800m;5.00;174;174;10.72;27.19
1500.00;1800.00;1764.00;25.71;E0_0_900m;5.00;147;146;9.53;25.80
1500.00;1800.00;2112.00;26.99;E0_1_900m;5.00;176;176;10.87;27.12
1500.00;1800.00;1752.00;25.58;E0_0_1000m;5.00;146;147;9.53;25.68
1500.00;1800.00;2112.00;27.04;E0_1_1000m;5.00;176;175;10.80;27.19
1500.00;1800.00;1716.00;25.48;E0_0_1100m;5.00;143;144;9.40;25.58
1500.00;1800.00;2100.00;27.03;E0_1_1100m;5.00;175;175;10.79;27.20
1500.00;1800.00;1728.00;25.49;E0_0_1200m;5.00;144;144;9.42;25.57
1500.00;1800.00;2100.00;27.12;E0_1_1200m;5.00;175;176;10.79;27.29
1500.00;1800.00;1656.00;25.48;E0_0_1300m;5.00;138;138;9.03;25.54
1500.00;1800.00;2112.00;27.14;E0_1_1300m;5.00;176;176;10.81;27.32
1500.00;1800.00;1692.00;25.54;E0_0_1400m;5.00;141;141;9.20;25.61
1500.00;1800.00;2124.00;27.16;E0_1_1400m;5.00;177;176;10.83;27.34
1500.00;1800.00;1668.00;25.56;E0_0_1500m;5.00;139;139;9.06;25.62
1500.00;1800.00;2172.00;27.22;E0_1_1500m;5.00;181;181;11.08;27.37
1500.00;1800.00;1680.00;25.48;E0_0_1600m;5.00;140;140;9.16;25.54
1500.00;1800.00;2184.00;27.26;E0_1_1600m;5.00;182;182;11.13;27.41
1500.00;1800.00;1692.00;25.40;E0_0_1700m;5.00;141;141;9.25;25.46
1500.00;1800.00;2136.00;27.23;E0_1_1700m;5.00;178;178;10.90;27.39
1500.00;1800.00;1680.00;25.36;E0_0_1800m;5.00;140;141;9.22;25.41
1500.00;1800.00;2136.00;27.15;E0_1_1800m;5.00;178;178;10.93;27.32
1500.00;1800.00;1656.00;25.32;E0_0_1900m;5.00;138;138;9.09;25.37
1500.00;1800.00;2148.00;27.01;E0_1_1900m;5.00;179;179;11.05;27.18
1500.00;1800.00;1656.00;25.27;E0_0_2000m;5.00;138;138;9.10;25.32
1500.00;1800.00;2160.00;26.89;E0_1_2000m;5.00;180;180;11.16;27.06
1500.00;1800.00;1644.00;25.21;E0_0_2100m;5.00;137;137;9.06;25.26
1500.00;1800.00;2220.00;26.84;E0_1_2100m;5.00;185;185;11.49;27.01
1500.00;1800.00;1620.00;25.18;E0_0_2200m;5.00;135;136;8.94;25.24
1500.00;1800.00;2232.00;26.80;E0_1_2200m;5.00;186;186;11.57;26.99
1500.00;1800.00;1644.00;25.11;E0_0_2300m;5.00;137;138;9.14;25.17
1500.00;1800.00;2208.00;26.64;E0_1_2300m;5.00;184;184;11.51;26.82
1500.00;1800.00;1632.00;25.05;E0_0_2400m;5.00;136;136;9.05;25.11
1500.00;1800.00;2220.00;26.37;E0_1_2400m;5.00;185;186;11.70;26.51
1500.00;1800.00;1632.00;24.99;E0_0_2500m;5.00;136;136;9.07;25.04
1500.00;1800.00;2232.00;26.15;E0_1_2500m;5.00;186;186;11.85;26.29
1500.00;1800.00;1668.00;24.89;E0_0_2600m;5.00;139;139;9.31;24.94
1500.00;1800.00;2232.00;26.07;E0_1_2600m;5.00;186;186;11.89;26.23
1500.00;1800.00;1668.00;24.87;E0_0_2700m;5.00;139;140;9.32;24.93
1500.00;1800.00;2232.00;25.96;E0_1_2700m;5.00;186;186;11.94;26.16
1500.00;1800.00;1680.00;24.85;E0_0_2800m;5.00;140;140;9.39;24.91
1500.00;1800.00;2220.00;25.96;E0_1_2800m;5.00;185;185;11.88;26.14
1500.00;1800.00;1680.00;24.79;E0_0_2900m;5.00;140;140;9.41;24.84
1500.00;1800.00;2208.00;25.81;E0_1_2900m;5.00;184;184;11.88;25.98
1500.00;1800.00;1704.00;24.75;E0_0_3000m;5.00;142;142;9.56;24.82
1500.00;1800.00;2172.00;25.64;E0_1_3000m;5.00;181;182;11.78;25.78
1500.00;1800.00;1680.00;24.81;E0_0_3100m;5.00;140;141;9.47;24.87
1500.00;1800.00;2184.00;25.65;E0_1_3100m;5.00;182;182;11.82;25.86
1500.00;1800.00;1692.00;24.67;E0_0_3200m;5.00;141;142;9.56;24.72
1500.00;1800.00;2160.00;25.44;E0_1_3200m;5.00;180;180;11.79;25.58
1500.00;1800.00;1668.00;24.51;E0_0_3300m;5.00;139;139;9.45;24.57
1500.00;1800.00;2124.00;25.24;E0_1_3300m;5.00;177;178;11.70;25.36
1500.00;1800.00;1656.00;24.41;E0_0_3400m;5.00;138;138;9.42;24.48
1500.00;1800.00;2124.00;25.11;E0_1_3400m;5.00;177;177;11.75;25.23
1500.00;1800.00;1656.00;24.41;E0_0_3500m;5.00;138;138;9.42;24.48
1500.00;1800.00;2100.00;25.03;E0_1_3500m;5.00;175;175;11.65;25.16
1500.00;1800.00;1668.00;24.54;E0_0_3600m;5.00;139;139;9.44;24.60
1500.00;1800.00;2052.00;24.98;E0_1_3600m;5.00;171;172;11.41;25.12
1500.00;1800.00;1656.00;24.54;E0_0_3700m;5.00;138;138;9.37;24.60
1500.00;1800.00;2052.00;25.00;E0_1_3700m;5.00;171;171;11.40;25.14
1500.00;1800.00;1680.00;24.53;E0_0_3800m;5.00;140;140;9.51;24.60
1500.00;1800.00;2040.00;24.94;E0_1_3800m;5.00;170;170;11.36;25.07
1500.00;1800.00;1716.00;24.58;E0_0_3900m;5.00;143;142;9.70;24.64
1500.00;1800.00;2064.00;24.88;E0_1_3900m;5.00;172;172;11.52;25.00
1500.00;1800.00;1716.00;24.54;E0_0_4000m;5.00;143;143;9.71;24.60
1500.00;1800.00;2076.00;24.80;E0_1_4000m;5.00;173;173;11.63;24.91
1500.00;1800.00;1740.00;24.46;E0_0_4100m;5.00;145;145;9.88;24.51
1500.00;1800.00;2076.00;24.74;E0_1_4100m;5.00;173;173;11.65;24.85
1500.00;1800.00;1752.00;24.27;E0_0_4200m;5.00;146;147;10.07;24.31
1500.00;1800.00;2076.00;24.70;E0_1_4200m;5.00;173;173;11.67;24.80
1500.00;1800.00;1764.00;24.20;E0_0_4300m;5.00;147;147;10.12;24.24
1500.00;1800.00;2088.00;24.68;E0_1_4300m;5.00;174;174;11.75;24.78
1500.00;1800.00;1776.00;24.28;E0_0_4400m;5.00;148;148;10.16;24.31
1500.00;1800.00;2076.00;24.66;E0_1_4400m;5.00;173;173;11.69;24.76
1500.00;1800.00;1788.00;24.20;E0_0_4500m;5.00;149;149;10.26;24.23
1500.00;1800.00;2076.00;24.63;E0_1_4500m;5.00;173;173;11.70;24.73
1500.00;1800.00;1776.00;23.92;E0_0_4600m;5.00;148;148;10.31;23.95
1500.00;1800.00;2100.00;24.61;E0_1_4600m;5.00;175;175;11.85;24.70
1500.00;1800.00;1788.00;23.70;E0_0_4700m;5.00;149;149;10.48;23.74
1500.00;1800.00;2088.00;24.61;E0_1_4700m;5.00;174;174;11.73;24.70
1500.00;1800.00;1800.00;23.62;E0_0_4800m;5.00;150;150;10.58;23.66
1500.00;1800.00;2076.00;24.60;E0_1_4800m;5.00;173;174;11.75;24.69
1500.00;1800.00;1836.00;23.58;E0_0_4900m;5.00;153;153;10.81;23.63
1500.00;1800.00;2088.00;24.62;E0_1_4900m;5.00;174;174;11.78;24.70
1500.00;1800.00;1836.00;23.56;E0_0_5000m;5.00;153;153;10.82;23.61
1500.00;1800.00;2112.00;24.66;E0_1_5000m;5.00;176;176;11.89;24.74
1800.00;2100.00;0.00;-1.00;E0_0_0m;-1.00;0;0;0.00;-1.00
1800.00;2100.00;0.00;-1.00;E0_1_0m;-1.00;0;0;0.00;-1.00
1800.00;2100.00;1800.00;25.98;E0_0_100m;5.00;150;150;9.62;26.08
1800.00;2100.00;2220.00;27.52;E0_1_100m;5.00;185;185;11.20;27.68
1800.00;2100.00;1824.00;25.74;E0_0_200m;5.00;152;152;9.84;25.86
1800.00;2100.00;2220.00;27.46;E0_1_200m;5.00;185;185;11.23;27.65
1800.00;2100.00;1836.00;25.86;E0_0_300m;5.00;153;153;9.86;25.97
1800.00;2100.00;2232.00;27.32;E0_1_300m;5.00;186;186;11.35;27.51
1800.00;2100.00;1860.00;25.71;E0_0_400m;5.00;155;156;10.10;25.82
1800.00;2100.00;2220.00;27.26;E0_1_400m;5.00;185;185;11.31;27.43
1800.00;2100.00;1884.00;25.56;E0_0_500m;5.00;157;158;10.25;25.69
1800.00;2100.00;2244.00;27.02;E0_1_500m;5.00;187;188;11.57;27.21
1800.00;2100.00;1896.00;25.36;E0_0_600m;5.00;158;157;10.35;25.48
1800.00;2100.00;2256.00;26.99;E0_1_600m;5.00;188;188;11.61;27.14
1800.00;2100.00;1908.00;25.22;E0_0_700m;5.00;159;159;10.51;25.33
1800.00;2100.00;2244.00;26.88;E0_1_700m;5.00;187;187;11.60;27.01
1800.00;2100.00;1944.00;25.27;E0_0_800m;5.00;162;162;10.68;25.38
1800.00;2100.00;2244.00;26.88;E0_1_800m;5.00;187;187;11.60;27.01
1800.00;2100.00;1944.00;25.18;E0_0_900m;5.00;162;162;10.72;25.29
1800.00;2100.00;2232.00;26.84;E0_1_900m;5.00;186;186;11.55;26.97
1800.00;2100.00;1956.00;25.13;E0_0_1000m;5.00;163;162;10.79;25.22
1800.00;2100.00;2280.00;26.71;E0_1_1000m;5.00;190;190;11.85;26.84
1800.00;2100.00;2004.00;25.01;E0_0_1100m;5.00;167;166;11.08;25.10
1800.00;2100.00;2292.00;26.65;E0_1_1100m;5.00;191;191;11.95;26.78
1800.00;2100.00;1992.00;24.85;E0_0_1200m;5.00;166;167;11.17;24.94
1800.00;2100.00;2304.00;26.40;E0_1_1200m;5.00;192;191;12.09;26.50
1800.00;2100.00;1980.00;24.96;E0_0_1300m;5.00;165;165;11.02;25.05
1800.00;2100.00;2364.00;26.26;E0_1_1300m;5.00;197;197;12.50;26.34
1800.00;2100.00;1944.00;24.89;E0_0_1400m;5.00;162;162;10.85;24.97
1800.00;2100.00;2352.00;26.18;E0_1_1400m;5.00;196;196;12.48;26.23
1800.00;2100.00;1944.00;24.86;E0_0_1500m;5.00;162;162;10.86;24.94
1800.00;2100.00;2328.00;26.11;E0_1_1500m;5.00;194;195;12.41;26.15
1800.00;2100.00;1956.00;24.81;E0_0_1600m;5.00;163;163;10.95;24.90
1800.00;2100.00;2328.00;26.10;E0_1_1600m;5.00;194;194;12.39;26.14
1800.00;2100.00;1932.00;24.71;E0_0_1700m;5.00;161;162;10.86;24.80
1800.00;2100.00;2352.00;26.15;E0_1_1700m;5.00;196;196;12.49;26.20
1800.00;2100.00;1932.00;24.58;E0_0_1800m;5.00;161;161;10.93;24.67
1800.00;2100.00;2340.00;26.20;E0_1_1800m;5.00;195;195;12.40;26.24
1800.00;2100.00;1920.00;24.47;E0_0_1900m;5.00;160;160;10.90;24.56
1800.00;2100.00;2352.00;26.26;E0_1_1900m;5.00;196;196;12.44;26.31
1800.00;2100.00;1980.00;24.48;E0_0_2000m;5.00;165;165;11.23;24.58
1800.00;2100.00;2316.00;26.30;E0_1_2000m;5.00;193;193;12.23;26.36
1800.00;2100.00;1992.00;24.56;E0_0_2100m;5.00;166;166;11.26;24.65
1800.00;2100.00;2292.00;26.36;E0_1_2100m;5.00;191;191;12.07;26.44
1800.00;2100.00;2028.00;24.59;E0_0_2200m;5.00;169;168;11.45;24.68
1800.00;2100.00;2268.00;26.33;E0_1_2200m;5.00;189;190;11.98;26.42
1800.00;2100.00;2028.00;24.46;E0_0_2300m;5.00;169;168;11.47;24.54
1800.00;2100.00;2280.00;26.28;E0_1_2300m;5.00;190;190;12.05;26.36
1800.00;2100.00;1992.00;24.39;E0_0_2400m;5.00;166;167;11.38;24.46
1800.00;2100.00;2292.00;26.17;E0_1_2400m;5.00;191;190;12.16;26.23
1800.00;2100.00;1992.00;24.42;E0_0_2500m;5.00;166;166;11.33;24.49
1800.00;2100.00;2304.00;26.08;E0_1_2500m;5.00;192;191;12.23;26.14
1800.00;2100.00;1968.00;24.39;E0_0_2600m;5.00;164;165;11.27;24.46
1800.00;2100.00;2280.00;26.05;E0_1_2600m;5.00;190;190;12.16;26.12
1800.00;2100.00;1980.00;24.28;E0_0_2700m;5.00;165;165;11.33;24.35
1800.00;2100.00;2232.00;26.06;E0_1_2700m;5.00;186;186;11.90;26.14
1800.00;2100.00;1968.00;24.30;E0_0_2800m;5.00;164;164;11.25;24.37
1800.00;2100.00;2196.00;25.99;E0_1_2800m;5.00;183;183;11.73;26.06
1800.00;2100.00;1956.00;24.27;E0_0_2900m;5.00;163;163;11.19;24.34
1800.00;2100.00;2184.00;25.91;E0_1_2900m;5.00;182;182;11.71;25.96
1800.00;2100.00;1956.00;24.14;E0_0_3000m;5.00;163;163;11.25;24.20
1800.00;2100.00;2172.00;25.86;E0_1_3000m;5.00;181;181;11.66;25.91
1800.00;2100.00;1932.00;24.02;E0_0_3100m;5.00;161;161;11.17;24.07
1800.00;2100.00;2172.00;25.84;E0_1_3100m;5.00;181;181;11.68;25.87
1800.00;2100.00;1908.00;24.04;E0_0_3200m;5.00;159;158;10.99;24.08
1800.00;2100.00;2172.00;25.82;E0_1_3200m;5.00;181;182;11.69;25.85
1800.00;2100.00;1908.00;24.14;E0_0_3300m;5.00;159;159;10.98;24.18
1800.00;2100.00;2220.00;25.84;E0_1_3300m;5.00;185;184;11.93;25.87
1800.00;2100.00;1908.00;24.21;E0_0_3400m;5.00;159;159;10.95;24.25
1800.00;2100.00;2256.00;25.90;E0_1_3400m;5.00;188;188;12.10;25.94
1800.00;2100.00;1920.00;24.24;E0_0_3500m;5.00;160;160;11.00;24.28
1800.00;2100.00;2292.00;26.04;E0_1_3500m;5.00;191;191;12.23;26.09
1800.00;2100.00;1932.00;24.17;E0_0_3600m;5.00;161;161;11.10;24.22
1800.00;2100.00;2292.00;26.20;E0_1_3600m;5.00;191;190;12.15;26.26
1800.00;2100.00;1956.00;24.21;E0_0_3700m;5.00;163;163;11.22;24.25
1800.00;2100.00;2244.00;26.39;E0_1_3700m;5.00;187;188;11.84;26.47
1800.00;2100.00;1944.00;24.17;E0_0_3800m;5.00;162;162;11.17;24.23
1800.00;2100.00;2244.00;26.57;E0_1_3800m;5.00;187;187;11.73;26.64
1800.00;2100.00;1920.00;24.15;E0_0_3900m;5.00;160;160;11.04;24.21
1800.00;2100.00;2208.00;26.79;E0_1_3900m;5.00;184;185;11.49;26.86
1800.00;2100.00;1932.00;24.28;E0_0_4000m;5.00;161;161;11.05;24.35
1800.00;2100.00;2172.00;26.83;E0_1_4000m;5.00;181;182;11.28;26.91
1800.00;2100.00;1908.00;24.28;E0_0_4100m;5.00;159;159;10.91;24.35
1800.00;2100.00;2160.00;26.74;E0_1_4100m;5.00;180;180;11.22;26.81
1800.00;2100.00;1896.00;24.30;E0_0_4200m;5.00;158;157;10.79;24.37
1800.00;2100.00;2160.00;26.69;E0_1_4200m;5.00;180;181;11.28;26.75
1800.00;2100.00;1908.00;24.47;E0_0_4300m;5.00;159;159;10.83;24.54
1800.00;2100.00;2148.00;26.55;E0_1_4300m;5.00;179;179;11.24;26.61
1800.00;2100.00;1884.00;24.35;E0_0_4400m;5.00;157;157;10.75;24.41
1800.00;2100.00;2172.00;26.40;E0_1_4400m;5.00;181;181;11.43;26.46
1800.00;2100.00;1860.00;24.28;E0_0_4500m;5.00;155;156;10.68;24.35
1800.00;2100.00;2160.00;26.33;E0_1_4500m;5.00;180;180;11.39;26.40
1800.00;2100.00;1848.00;24.40;E0_0_4600m;5.00;154;154;10.52;24.46
1800.00;2100.00;2160.00;26.27;E0_1_4600m;5.00;180;180;11.42;26.33
1800.00;2100.00;1860.00;24.64;E0_0_4700m;5.00;155;155;10.48;24.71
1800.00;2100.00;2148.00;26.24;E0_1_4700m;5.00;179;178;11.37;26.30
1800.00;2100.00;1860.00;24.73;E0_0_4800m;5.00;155;156;10.48;24.81
1800.00;2100.00;2136.00;26.29;E0_1_4800m;5.00;178;177;11.25;26.37
1800.00;2100.00;1836.00;24.74;E0_0_4900m;5.00;153;154;10.32;24.81
1800.00;2100.00;2124.00;26.36;E0_1_4900m;5.00;177;177;11.19;26.46
1800.00;2100.00;1824.00;24.74;E0_0_5000m;5.00;152;152;10.24;24.82
1800.00;2100.00;2124.00;26.37;E0_1_5000m;5.00;177;177;11.19;26.49
2100.00;2400.00;0.00;-1.00;E0_0_0m;-1.00;0;0;0.00;-1.00
2100.00;2400.00;0.00;-1.00;E0_1_0m;-1.00;0;0;0.00;-1.00
2100.00;2400.00;1716.00;26.00;E0_0_100m;5.00;143;143;9.17;26.17
2100.00;2400.00;2208.00;27.23;E0_1_100m;5.00;184;184;11.26;27.37
2100.00;2400.00;1764.00;26.12;E0_0_200m;5.00;147;147;9.38;26.29
2100.00;2400.00;2160.00;27.48;E0_1_200m;5.00;180;181;10.96;27.67
2100.00;2400.00;1728.00;25.92;E0_0_300m;5.00;144;144;9.26;26.09
2100.00;2400.00;2184.00;27.45;E0_1_300m;5.00;182;182;11.05;27.65
2100.00;2400.00;1728.00;25.78;E0_0_400m;5.00;144;143;9.26;25.96
2100.00;2400.00;2184.00;27.26;E0_1_400m;5.00;182;182;11.13;27.48
2100.00;2400.00;1680.00;25.68;E0_0_500m;5.00;140;141;9.13;25.87
2100.00;2400.00;2172.00;27.07;E0_1_500m;5.00;181;181;11.14;27.30
2100.00;2400.00;1692.00;25.66;E0_0_600m;5.00;141;141;9.16;25.85
2100.00;2400.00;2160.00;26.87;E0_1_600m;5.00;180;180;11.17;27.10
2100.00;2400.00;1692.00;25.48;E0_0_700m;5.00;141;142;9.24;25.68
2100.00;2400.00;2160.00;26.65;E0_1_700m;5.00;180;180;11.26;26.88
2100.00;2400.00;1680.00;25.35;E0_0_800m;5.00;140;140;9.21;25.55
2100.00;2400.00;2172.00;26.53;E0_1_800m;5.00;181;181;11.37;26.78
2100.00;2400.00;1692.00;25.26;E0_0_900m;5.00;141;141;9.31;25.45
2100.00;2400.00;2160.00;26.38;E0_1_900m;5.00;180;180;11.37;26.65
2100.00;2400.00;1704.00;25.11;E0_0_1000m;5.00;142;142;9.43;25.31
2100.00;2400.00;2100.00;26.18;E0_1_1000m;5.00;175;175;11.14;26.47
2100.00;2400.00;1704.00;24.92;E0_0_1100m;5.00;142;142;9.50;25.14
2100.00;2400.00;2076.00;26.01;E0_1_1100m;5.00;173;173;11.09;26.30
2100.00;2400.00;1692.00;24.86;E0_0_1200m;5.00;141;141;9.45;25.09
2100.00;2400.00;2088.00;25.99;E0_1_1200m;5.00;174;175;11.21;26.33
2100.00;2400.00;1668.00;24.67;E0_0_1300m;5.00;139;139;9.39;24.86
2100.00;2400.00;2064.00;25.75;E0_1_1300m;5.00;172;172;11.13;26.12
2100.00;2400.00;1668.00;24.59;E0_0_1400m;5.00;139;139;9.42;24.77
2100.00;2400.00;2052.00;25.65;E0_1_1400m;5.00;171;172;11.12;26.05
2100.00;2400.00;1668.00;24.54;E0_0_1500m;5.00;139;139;9.44;24.75
2100.00;2400.00;2028.00;25.39;E0_1_1500m;5.00;169;169;11.08;25.81
2100.00;2400.00;1656.00;24.39;E0_0_1600m;5.00;138;138;9.43;24.60
2100.00;2400.00;2040.00;25.25;E0_1_1600m;5.00;170;170;11.22;25.67
2100.00;2400.00;1656.00;24.26;E0_0_1700m;5.00;138;137;9.47;24.46
2100.00;2400.00;2040.00;25.12;E0_1_1700m;5.00;170;170;11.28;25.53
2100.00;2400.00;1680.00;24.16;E0_0_1800m;5.00;140;139;9.63;24.36
2100.00;2400.00;2040.00;24.94;E0_1_1800m;5.00;170;170;11.36;25.33
2100.00;2400.00;1668.00;24.01;E0_0_1900m;5.00;139;139;9.65;24.21
2100.00;2400.00;2064.00;24.84;E0_1_1900m;5.00;172;173;11.58;25.19
2100.00;2400.00;1644.00;23.97;E0_0_2000m;5.00;137;137;9.52;24.18
2100.00;2400.00;2052.00;24.67;E0_1_2000m;5.00;171;171;11.55;25.00
2100.00;2400.00;1644.00;23.98;E0_0_2100m;5.00;137;137;9.52;24.18
2100.00;2400.00;2064.00;24.50;E0_1_2100m;5.00;172;172;11.70;24.78
2100.00;2400.00;1668.00;23.88;E0_0_2200m;5.00;139;139;9.70;24.04
2100.00;2400.00;2076.00;24.28;E0_1_2200m;5.00;173;172;11.86;24.51
2100.00;2400.00;1692.00;23.87;E0_0_2300m;5.00;141;141;9.85;24.01
2100.00;2400.00;2088.00;24.15;E0_1_2300m;5.00;174;174;12.01;24.36
2100.00;2400.00;1692.00;23.91;E0_0_2400m;5.00;141;140;9.79;24.05
2100.00;2400.00;2148.00;24.13;E0_1_2400m;5.00;179;179;12.36;24.34
2100.00;2400.00;1704.00;23.95;E0_0_2500m;5.00;142;143;9.91;24.09
2100.00;2400.00;2172.00;24.17;E0_1_2500m;5.00;181;181;12.48;24.38
2100.00;2400.00;1728.00;23.91;E0_0_2600m;5.00;144;143;9.98;24.03
2100.00;2400.00;2172.00;24.20;E0_1_2600m;5.00;181;181;12.47;24.41
2100.00;2400.00;1716.00;23.82;E0_0_2700m;5.00;143;143;10.00;23.93
2100.00;2400.00;2196.00;24.16;E0_1_2700m;5.00;183;183;12.63;24.35
2100.00;2400.00;1716.00;23.82;E0_0_2800m;5.00;143;143;10.01;23.91
2100.00;2400.00;2196.00;24.13;E0_1_2800m;5.00;183;183;12.64;24.31
2100.00;2400.00;1716.00;23.87;E0_0_2900m;5.00;143;143;9.98;23.97
2100.00;2400.00;2184.00;24.16;E0_1_2900m;5.00;182;182;12.56;24.32
2100.00;2400.00;1692.00;23.96;E0_0_3000m;5.00;141;141;9.81;24.06
2100.00;2400.00;2184.00;24.25;E0_1_3000m;5.00;182;182;12.51;24.41
2100.00;2400.00;1728.00;23.91;E0_0_3100m;5.00;144;144;10.04;24.01
2100.00;2400.00;2172.00;24.33;E0_1_3100m;5.00;181;181;12.40;24.50
2100.00;2400.00;1728.00;23.76;E0_0_3200m;5.00;144;144;10.10;23.86
2100.00;2400.00;2172.00;24.29;E0_1_3200m;5.00;181;181;12.47;24.47
2100.00;2400.00;1716.00;23.68;E0_0_3300m;5.00;143;143;10.06;23.79
2100.00;2400.00;2136.00;24.28;E0_1_3300m;5.00;178;179;12.25;24.46
2100.00;2400.00;1680.00;23.73;E0_0_3400m;5.00;140;140;9.83;23.84
2100.00;2400.00;2100.00;24.27;E0_1_3400m;5.00;175;175;12.02;24.44
2100.00;2400.00;1644.00;23.82;E0_0_3500m;5.00;137;137;9.59;23.93
2100.00;2400.00;2064.00;24.29;E0_1_3500m;5.00;172;172;11.80;24.45
2100.00;2400.00;1608.00;23.97;E0_0_3600m;5.00;134;134;9.32;24.08
2100.00;2400.00;2064.00;24.35;E0_1_3600m;5.00;172;172;11.77;24.52
2100.00;2400.00;1608.00;24.12;E0_0_3700m;5.00;134;134;9.26;24.24
2100.00;2400.00;2064.00;24.47;E0_1_3700m;5.00;172;171;11.68;24.65
2100.00;2400.00;1632.00;24.24;E0_0_3800m;5.00;136;136;9.35;24.36
2100.00;2400.00;2028.00;24.54;E0_1_3800m;5.00;169;169;11.48;24.71
2100.00;2400.00;1632.00;24.26;E0_0_3900m;5.00;136;136;9.34;24.38
2100.00;2400.00;2040.00;24.61;E0_1_3900m;5.00;170;170;11.51;24.78
2100.00;2400.00;1632.00;24.27;E0_0_4000m;5.00;136;136;9.34;24.38
2100.00;2400.00;2040.00;24.65;E0_1_4000m;5.00;170;170;11.49;24.81
2100.00;2400.00;1632.00;24.33;E0_0_4100m;5.00;136;136;9.32;24.44
2100.00;2400.00;2028.00;24.69;E0_1_4100m;5.00;169;169;11.41;24.84
2100.00;2400.00;1620.00;24.37;E0_0_4200m;5.00;135;136;9.26;24.47
2100.00;2400.00;2028.00;24.71;E0_1_4200m;5.00;169;168;11.36;24.85
2100.00;2400.00;1608.00;24.36;E0_0_4300m;5.00;134;134;9.17;24.46
2100.00;2400.00;2016.00;24.75;E0_1_4300m;5.00;168;168;11.31;24.89
2100.00;2400.00;1608.00;24.31;E0_0_4400m;5.00;134;134;9.19;24.41
2100.00;2400.00;2016.00;24.82;E0_1_4400m;5.00;168;168;11.28;24.95
2100.00;2400.00;1632.00;24.38;E0_0_4500m;5.00;136;135;9.26;24.47
2100.00;2400.00;2004.00;24.88;E0_1_4500m;5.00;167;167;11.19;25.01
2100.00;2400.00;1632.00;24.46;E0_0_4600m;5.00;136;136;9.27;24.53
2100.00;2400.00;1992.00;24.92;E0_1_4600m;5.00;166;167;11.13;25.03
2100.00;2400.00;1632.00;24.48;E0_0_4700m;5.00;136;136;9.26;24.55
2100.00;2400.00;2016.00;24.93;E0_1_4700m;5.00;168;168;11.23;25.03
2100.00;2400.00;1632.00;24.51;E0_0_4800m;5.00;136;135;9.22;24.58
2100.00;2400.00;2016.00;24.98;E0_1_4800m;5.00;168;168;11.21;25.08
2100.00;2400.00;1620.00;24.62;E0_0_4900m;5.00;135;134;9.13;24.68
2100.00;2400.00;2028.00;25.06;E0_1_4900m;5.00;169;169;11.24;25.15
2100.00;2400.00;1620.00;24.60;E0_0_5000m;5.00;135;135;9.15;24.66
2100.00;2400.00;2028.00;25.16;E0_1_5000m;5.00;169;169;11.19;25.25
2400.00;2700.00;0.00;-1.00;E0_0_0m;-1.00;0;0;0.00;-1.00
2400.00;2700.00;0.00;-1.00;E0_1_0m;-1.00;0;0;0.00;-1.00
2400.00;2700.00;1764.00;25.14;E0_0_100m;5.00;147;149;9.81;25.33
2400.00;2700.00;2220.00;25.84;E0_1_100m;5.00;185;185;11.93;26.03
2400.00;2700.00;1752.00;25.01;E0_0_200m;5.00;146;146;9.73;25.28
2400.00;2700.00;2232.00;25.63;E0_1_200m;5.00;186;186;12.09;25.96
2400.00;2700.00;1776.00;24.83;E0_0_300m;5.00;148;148;9.94;25.13
2400.00;2700.00;2232.00;25.45;E0_1_300m;5.00;186;186;12.18;25.85
2400.00;2700.00;1788.00;24.64;E0_0_400m;5.00;149;149;10.08;24.99
2400.00;2700.00;2220.00;25.15;E0_1_400m;5.00;185;185;12.26;25.57
2400.00;2700.00;1800.00;24.40;E0_0_500m;5.00;150;149;10.19;24.75
2400.00;2700.00;2244.00;24.93;E0_1_500m;5.00;187;187;12.50;25.39
2400.00;2700.00;1788.00;24.13;E0_0_600m;5.00;149;150;10.33;24.48
2400.00;2700.00;2244.00;24.70;E0_1_600m;5.00;187;188;12.66;25.15
2400.00;2700.00;1788.00;23.90;E0_0_700m;5.00;149;149;10.39;24.26
2400.00;2700.00;2256.00;24.52;E0_1_700m;5.00;188;188;12.78;25.00
2400.00;2700.00;1812.00;23.77;E0_0_800m;5.00;151;151;10.59;24.13
2400.00;2700.00;2232.00;24.36;E0_1_800m;5.00;186;186;12.73;24.87
2400.00;2700.00;1812.00;23.67;E0_0_900m;5.00;151;151;10.63;24.03
2400.00;2700.00;2232.00;24.25;E0_1_900m;5.00;186;186;12.78;24.77
2400.00;2700.00;1812.00;23.58;E0_0_1000m;5.00;151;151;10.67;23.94
2400.00;2700.00;2232.00;24.21;E0_1_1000m;5.00;186;186;12.80;24.74
2400.00;2700.00;1824.00;23.52;E0_0_1100m;5.00;152;152;10.77;23.89
2400.00;2700.00;2196.00;24.22;E0_1_1100m;5.00;183;183;12.59;24.76
2400.00;2700.00;1836.00;23.43;E0_0_1200m;5.00;153;152;10.85;23.78
2400.00;2700.00;2184.00;24.19;E0_1_1200m;5.00;182;182;12.54;24.78
2400.00;2700.00;1836.00;23.35;E0_0_1300m;5.00;153;153;10.92;23.70
2400.00;2700.00;2184.00;24.18;E0_1_1300m;5.00;182;182;12.54;24.78
2400.00;2700.00;1812.00;23.32;E0_0_1400m;5.00;151;152;10.83;23.67
2400.00;2700.00;2220.00;24.22;E0_1_1400m;5.00;185;185;12.73;24.81
2400.00;2700.00;1824.00;23.38;E0_0_1500m;5.00;152;152;10.84;23.73
2400.00;2700.00;2208.00;24.31;E0_1_1500m;5.00;184;184;12.63;24.89
2400.00;2700.00;1812.00;23.38;E0_0_1600m;5.00;151;151;10.76;23.72
2400.00;2700.00;2196.00;24.38;E0_1_1600m;5.00;183;183;12.51;24.96
2400.00;2700.00;1824.00;23.46;E0_0_1700m;5.00;152;152;10.80;23.79
2400.00;2700.00;2172.00;24.48;E0_1_1700m;5.00;181;181;12.32;25.06
2400.00;2700.00;1788.00;23.49;E0_0_1800m;5.00;149;149;10.57;23.83
2400.00;2700.00;2184.00;24.60;E0_1_1800m;5.00;182;182;12.33;25.18
2400.00;2700.00;1800.00;23.68;E0_0_1900m;5.00;150;150;10.56;24.04
2400.00;2700.00;2124.00;24.64;E0_1_1900m;5.00;177;176;11.93;25.23
2400.00;2700.00;1812.00;23.75;E0_0_2000m;5.00;151;151;10.60;24.10
2400.00;2700.00;2100.00;24.69;E0_1_2000m;5.00;175;175;11.81;25.25
2400.00;2700.00;1776.00;23.75;E0_0_2100m;5.00;148;148;10.39;24.09
2400.00;2700.00;2076.00;24.83;E0_1_2100m;5.00;173;174;11.67;25.39
2400.00;2700.00;1728.00;23.79;E0_0_2200m;5.00;144;145;10.15;24.13
2400.00;2700.00;2064.00;24.96;E0_1_2200m;5.00;172;172;11.49;25.54
2400.00;2700.00;1764.00;23.85;E0_0_2300m;5.00;147;147;10.27;24.19
2400.00;2700.00;2004.00;25.04;E0_1_2300m;5.00;167;167;11.12;25.63
2400.00;2700.00;1788.00;24.00;E0_0_2400m;5.00;149;149;10.35;24.36
2400.00;2700.00;1920.00;25.10;E0_1_2400m;5.00;160;161;10.65;25.70
2400.00;2700.00;1752.00;24.04;E0_0_2500m;5.00;146;145;10.10;24.39
2400.00;2700.00;1896.00;25.26;E0_1_2500m;5.00;158;158;10.42;25.87
2400.00;2700.00;1740.00;24.10;E0_0_2600m;5.00;145;145;10.03;24.44
2400.00;2700.00;1884.00;25.37;E0_1_2600m;5.00;157;157;10.31;25.98
2400.00;2700.00;1704.00;24.27;E0_0_2700m;5.00;142;142;9.75;24.63
2400.00;2700.00;1872.00;25.51;E0_1_2700m;5.00;156;157;10.26;26.10
2400.00;2700.00;1644.00;24.19;E0_0_2800m;5.00;137;138;9.49;24.51
2400.00;2700.00;1896.00;25.67;E0_1_2800m;5.00;158;158;10.26;26.24
2400.00;2700.00;1644.00;24.18;E0_0_2900m;5.00;137;137;9.44;24.47
2400.00;2700.00;1872.00;25.65;E0_1_2900m;5.00;156;156;10.14;26.17
2400.00;2700.00;1632.00;24.15;E0_0_3000m;5.00;136;136;9.39;24.42
2400.00;2700.00;1872.00;25.68;E0_1_3000m;5.00;156;157;10.17;26.18
2400.00;2700.00;1584.00;24.09;E0_0_3100m;5.00;132;132;9.13;24.33
2400.00;2700.00;1896.00;25.71;E0_1_3100m;5.00;158;158;10.24;26.19
2400.00;2700.00;1572.00;24.08;E0_0_3200m;5.00;131;131;9.07;24.31
2400.00;2700.00;1908.00;25.77;E0_1_3200m;5.00;159;158;10.22;26.24
2400.00;2700.00;1560.00;24.13;E0_0_3300m;5.00;130;130;8.98;24.34
2400.00;2700.00;1908.00;25.84;E0_1_3300m;5.00;159;158;10.23;26.29
2400.00;2700.00;1560.00;24.10;E0_0_3400m;5.00;130;130;8.99;24.29
2400.00;2700.00;1908.00;25.95;E0_1_3400m;5.00;159;159;10.21;26.37
2400.00;2700.00;1584.00;24.13;E0_0_3500m;5.00;132;133;9.15;24.33
2400.00;2700.00;1884.00;25.92;E0_1_3500m;5.00;157;157;10.09;26.36
2400.00;2700.00;1596.00;24.13;E0_0_3600m;5.00;133;133;9.19;24.34
2400.00;2700.00;1872.00;25.79;E0_1_3600m;5.00;156;156;10.08;26.24
2400.00;2700.00;1572.00;24.14;E0_0_3700m;5.00;131;132;9.11;24.35
2400.00;2700.00;1860.00;25.83;E0_1_3700m;5.00;155;156;10.01;26.28
2400.00;2700.00;1572.00;24.00;E0_0_3800m;5.00;131;131;9.10;24.17
2400.00;2700.00;1872.00;25.86;E0_1_3800m;5.00;156;156;10.05;26.30
2400.00;2700.00;1560.00;23.96;E0_0_3900m;5.00;130;131;9.06;24.13
2400.00;2700.00;1872.00;25.81;E0_1_3900m;5.00;156;156;10.07;26.22
2400.00;2700.00;1584.00;24.08;E0_0_4000m;5.00;132;132;9.14;24.26
2400.00;2700.00;1848.00;25.87;E0_1_4000m;5.00;154;154;9.92;26.30
2400.00;2700.00;1620.00;24.28;E0_0_4100m;5.00;135;135;9.27;24.45
2400.00;2700.00;1812.00;25.86;E0_1_4100m;5.00;151;151;9.73;26.29
2400.00;2700.00;1620.00;24.22;E0_0_4200m;5.00;135;134;9.27;24.37
2400.00;2700.00;1824.00;25.85;E0_1_4200m;5.00;152;152;9.80;26.25
2400.00;2700.00;1668.00;24.15;E0_0_4300m;5.00;139;139;9.59;24.30
2400.00;2700.00;1848.00;25.76;E0_1_4300m;5.00;154;154;9.97;26.15
2400.00;2700.00;1692.00;24.14;E0_0_4400m;5.00;141;141;9.73;24.30
2400.00;2700.00;1896.00;25.70;E0_1_4400m;5.00;158;158;10.25;26.09
2400.00;2700.00;1692.00;24.19;E0_0_4500m;5.00;141;142;9.75;24.33
2400.00;2700.00;1920.00;25.80;E0_1_4500m;5.00;160;160;10.34;26.17
2400.00;2700.00;1692.00;24.28;E0_0_4600m;5.00;141;141;9.68;24.41
2400.00;2700.00;1980.00;25.87;E0_1_4600m;5.00;165;164;10.60;26.23
2400.00;2700.00;1716.00;24.30;E0_0_4700m;5.00;143;143;9.81;24.42
2400.00;2700.00;2004.00;25.94;E0_1_4700m;5.00;167;167;10.73;26.31
2400.00;2700.00;1764.00;24.41;E0_0_4800m;5.00;147;147;10.04;24.53
2400.00;2700.00;2028.00;26.01;E0_1_4800m;5.00;169;169;10.83;26.37
2400.00;2700.00;1812.00;24.44;E0_0_4900m;5.00;151;151;10.30;24.56
2400.00;2700.00;2052.00;26.09;E0_1_4900m;5.00;171;171;10.92;26.43
2400.00;2700.00;1812.00;24.51;E0_0_5000m;5.00;151;151;10.27;24.63
2400.00;2700.00;2112.00;26.20;E0_1_5000m;5.00;176;176;11.20;26.52
2700.00;3000.00;0.00;-1.00;E0_0_0m;-1.00;0;0;0.00;-1.00
2700.00;3000.00;0.00;-1.00;E0_1_0m;-1.00;0;0;0.00;-1.00
2700.00;3000.00;2088.00;25.28;E0_0_100m;5.00;174;173;11.44;25.44
2700.00;3000.00;2244.00;26.70;E0_1_100m;5.00;187;188;11.72;26.90
2700.00;3000.00;2028.00;25.49;E0_0_200m;5.00;169;170;11.10;25.69
2700.00;3000.00;2304.00;27.27;E0_1_200m;5.00;192;192;11.73;27.54
2700.00;3000.00;2052.00;25.70;E0_0_300m;5.00;171;171;11.09;25.89
2700.00;3000.00;2268.00;27.30;E0_1_300m;5.00;189;189;11.54;27.56
2700.00;3000.00;2064.00;25.69;E0_0_400m;5.00;172;172;11.16;25.88
2700.00;3000.00;2268.00;27.25;E0_1_400m;5.00;189;189;11.56;27.50
2700.00;3000.00;2016.00;25.43;E0_0_500m;5.00;168;168;11.01;25.62
2700.00;3000.00;2292.00;27.24;E0_1_500m;5.00;191;191;11.69;27.49
2700.00;3000.00;2016.00;25.12;E0_0_600m;5.00;168;167;11.11;25.31
2700.00;3000.00;2292.00;27.11;E0_1_600m;5.00;191;190;11.70;27.34
2700.00;3000.00;2004.00;24.67;E0_0_700m;5.00;167;167;11.28;24.85
2700.00;3000.00;2292.00;26.87;E0_1_700m;5.00;191;191;11.85;27.12
2700.00;3000.00;1980.00;24.36;E0_0_800m;5.00;165;166;11.34;24.51
2700.00;3000.00;2280.00;26.57;E0_1_800m;5.00;190;190;11.92;26.89
2700.00;3000.00;1980.00;24.07;E0_0_900m;5.00;165;165;11.43;24.23
2700.00;3000.00;2268.00;26.29;E0_1_900m;5.00;189;189;11.98;26.60
2700.00;3000.00;1980.00;23.87;E0_0_1000m;5.00;165;165;11.52;24.02
2700.00;3000.00;2256.00;26.12;E0_1_1000m;5.00;188;188;12.00;26.45
2700.00;3000.00;1968.00;23.71;E0_0_1100m;5.00;164;164;11.53;23.87
2700.00;3000.00;2256.00;25.93;E0_1_1100m;5.00;188;188;12.08;26.28
2700.00;3000.00;1956.00;23.66;E0_0_1200m;5.00;163;164;11.50;23.81
2700.00;3000.00;2256.00;25.68;E0_1_1200m;5.00;188;188;12.20;26.02
2700.00;3000.00;1956.00;23.52;E0_0_1300m;5.00;163;163;11.55;23.67
2700.00;3000.00;2268.00;25.38;E0_1_1300m;5.00;189;189;12.41;25.71
2700.00;3000.00;1932.00;23.25;E0_0_1400m;5.00;161;161;11.54;23.36
2700.00;3000.00;2268.00;25.12;E0_1_1400m;5.00;189;189;12.54;25.46
2700.00;3000.00;1920.00;23.09;E0_0_1500m;5.00;160;160;11.55;23.19
2700.00;3000.00;2280.00;24.90;E0_1_1500m;5.00;190;189;12.70;25.26
2700.00;3000.00;1908.00;22.87;E0_0_1600m;5.00;159;159;11.59;22.97
2700.00;3000.00;2280.00;24.68;E0_1_1600m;5.00;190;190;12.83;25.03
2700.00;3000.00;1920.00;22.64;E0_0_1700m;5.00;160;160;11.78;22.71
2700.00;3000.00;2256.00;24.39;E0_1_1700m;5.00;188;189;12.89;24.73
2700.00;3000.00;1908.00;22.50;E0_0_1800m;5.00;159;160;11.84;22.57
2700.00;3000.00;2256.00;24.11;E0_1_1800m;5.00;188;189;13.05;24.43
2700.00;3000.00;1932.00;22.39;E0_0_1900m;5.00;161;161;11.99;22.45
2700.00;3000.00;2256.00;23.95;E0_1_1900m;5.00;188;188;13.08;24.29
2700.00;3000.00;1944.00;22.28;E0_0_2000m;5.00;162;162;12.12;22.34
2700.00;3000.00;2256.00;23.78;E0_1_2000m;5.00;188;188;13.18;24.10
2700.00;3000.00;1932.00;22.17;E0_0_2100m;5.00;161;162;12.11;22.22
2700.00;3000.00;2280.00;23.64;E0_1_2100m;5.00;190;189;13.34;23.96
2700.00;3000.00;1956.00;22.03;E0_0_2200m;5.00;163;162;12.27;22.08
2700.00;3000.00;2280.00;23.55;E0_1_2200m;5.00;190;190;13.45;23.87
2700.00;3000.00;1932.00;22.09;E0_0_2300m;5.00;161;161;12.15;22.13
2700.00;3000.00;2316.00;23.54;E0_1_2300m;5.00;193;193;13.66;23.86
2700.00;3000.00;1956.00;22.13;E0_0_2400m;5.00;163;163;12.28;22.18
2700.00;3000.00;2364.00;23.57;E0_1_2400m;5.00;197;196;13.90;23.89
2700.00;3000.00;2016.00;22.11;E0_0_2500m;5.00;168;168;12.66;22.16
2700.00;3000.00;2388.00;23.55;E0_1_2500m;5.00;199;199;14.08;23.86
2700.00;3000.00;2040.00;22.04;E0_0_2600m;5.00;170;170;12.86;22.08
2700.00;3000.00;2388.00;23.33;E0_1_2600m;5.00;199;199;14.21;23.62
2700.00;3000.00;2016.00;21.96;E0_0_2700m;5.00;168;169;12.82;22.00
2700.00;3000.00;2412.00;23.11;E0_1_2700m;5.00;201;200;14.43;23.37
2700.00;3000.00;2028.00;21.89;E0_0_2800m;5.00;169;169;12.87;21.94
2700.00;3000.00;2412.00;22.96;E0_1_2800m;5.00;201;201;14.59;23.20
2700.00;3000.00;2028.00;21.85;E0_0_2900m;5.00;169;169;12.89;21.90
2700.00;3000.00;2412.00;22.77;E0_1_2900m;5.00;201;201;14.71;22.99
2700.00;3000.00;2028.00;21.77;E0_0_3000m;5.00;169;169;12.94;21.83
2700.00;3000.00;2424.00;22.62;E0_1_3000m;5.00;202;201;14.84;22.80
2700.00;3000.00;2052.00;21.65;E0_0_3100m;5.00;171;172;13.20;21.72
2700.00;3000.00;2424.00;22.49;E0_1_3100m;5.00;202;202;14.97;22.65
2700.00;3000.00;2076.00;21.57;E0_0_3200m;5.00;173;173;13.37;21.64
2700.00;3000.00;2436.00;22.40;E0_1_3200m;5.00;203;203;15.11;22.55
2700.00;3000.00;2112.00;21.68;E0_0_3300m;5.00;176;176;13.53;21.72
2700.00;3000.00;2436.00;22.29;E0_1_3300m;5.00;203;203;15.18;22.42
2700.00;3000.00;2124.00;21.68;E0_0_3400m;5.00;177;177;13.60;21.73
2700.00;3000.00;2496.00;22.23;E0_1_3400m;5.00;208;208;15.60;22.34
2700.00;3000.00;2148.00;21.67;E0_0_3500m;5.00;179;179;13.77;21.71
2700.00;3000.00;2532.00;22.19;E0_1_3500m;5.00;211;211;15.85;22.30
2700.00;3000.00;2148.00;21.65;E0_0_3600m;5.00;179;179;13.78;21.69
2700.00;3000.00;2532.00;22.12;E0_1_3600m;5.00;211;211;15.90;22.23
2700.00;3000.00;2160.00;21.63;E0_0_3700m;5.00;180;179;13.80;21.66
2700.00;3000.00;2544.00;22.07;E0_1_3700m;5.00;212;211;16.01;22.17
2700.00;3000.00;2148.00;21.62;E0_0_3800m;5.00;179;179;13.80;21.66
2700.00;3000.00;2544.00;22.04;E0_1_3800m;5.00;212;212;16.03;22.15
2700.00;3000.00;2160.00;21.59;E0_0_3900m;5.00;180;179;13.88;21.63
2700.00;3000.00;2532.00;22.02;E0_1_3900m;5.00;211;212;16.01;22.13
2700.00;3000.00;2148.00;21.56;E0_0_4000m;5.00;179;179;13.84;21.59
2700.00;3000.00;2544.00;21.98;E0_1_4000m;5.00;212;212;16.08;22.08
2700.00;3000.00;2160.00;21.58;E0_0_4100m;5.00;180;180;13.90;21.61
2700.00;3000.00;2544.00;21.89;E0_1_4100m;5.00;212;212;16.14;21.98
2700.00;3000.00;2160.00;21.60;E0_0_4200m;5.00;180;180;13.89;21.63
2700.00;3000.00;2544.00;21.84;E0_1_4200m;5.00;212;212;16.18;21.90
2700.00;3000.00;2112.00;21.64;E0_0_4300m;5.00;176;177;13.62;21.67
2700.00;3000.00;2508.00;21.84;E0_1_4300m;5.00;209;209;15.95;21.89
2700.00;3000.00;2076.00;21.68;E0_0_4400m;5.00;173;173;13.30;21.71
2700.00;3000.00;2472.00;21.87;E0_1_4400m;5.00;206;206;15.70;21.92
2700.00;3000.00;2052.00;21.84;E0_0_4500m;5.00;171;171;13.05;21.88
2700.00;3000.00;2472.00;21.94;E0_1_4500m;5.00;206;206;15.65;21.98
2700.00;3000.00;2028.00;21.97;E0_0_4600m;5.00;169;169;12.82;22.01
2700.00;3000.00;2448.00;22.02;E0_1_4600m;5.00;204;204;15.44;22.07
2700.00;3000.00;2004.00;22.09;E0_0_4700m;5.00;167;167;12.60;22.14
2700.00;3000.00;2412.00;22.12;E0_1_4700m;5.00;201;201;15.14;22.17
2700.00;3000.00;1992.00;22.23;E0_0_4800m;5.00;166;166;12.45;22.28
2700.00;3000.00;2364.00;22.23;E0_1_4800m;5.00;197;198;14.82;22.28
2700.00;3000.00;1968.00;22.37;E0_0_4900m;5.00;164;165;12.26;22.44
2700.00;3000.00;2328.00;22.37;E0_1_4900m;5.00;194;194;14.45;22.43
2700.00;3000.00;1956.00;22.54;E0_0_5000m;5.00;163;163;12.05;22.61
2700.00;3000.00;2292.00;22.54;E0_1_5000m;5.00;191;191;14.13;22.60
3000.00;3300.00;0.00;-1.00;E0_0_0m;-1.00;0;0;0.00;-1.00
3000.00;3300.00;0.00;-1.00;E0_1_0m;-1.00;0;0;0.00;-1.00
3000.00;3300.00;1764.00;26.18;E0_0_100m;5.00;147;147;9.36;26.32
3000.00;3300.00;2160.00;27.36;E0_1_100m;5.00;180;179;10.92;27.51
3000.00;3300.00;1788.00;26.16;E0_0_200m;5.00;149;148;9.45;26.31
3000.00;3300.00;2172.00;27.92;E0_1_200m;5.00;181;181;10.80;28.13
3000.00;3300.00;1776.00;26.20;E0_0_300m;5.00;148;148;9.41;26.36
3000.00;3300.00;2160.00;28.05;E0_1_300m;5.00;180;180;10.69;28.29
3000.00;3300.00;1776.00;26.27;E0_0_400m;5.00;148;148;9.39;26.42
3000.00;3300.00;2184.00;28.02;E0_1_400m;5.00;182;182;10.83;28.27
3000.00;3300.00;1764.00;26.20;E0_0_500m;5.00;147;147;9.35;26.33
3000.00;3300.00;2196.00;27.96;E0_1_500m;5.00;183;183;10.91;28.18
3000.00;3300.00;1764.00;26.02;E0_0_600m;5.00;147;147;9.41;26.14
3000.00;3300.00;2196.00;27.85;E0_1_600m;5.00;183;183;10.95;28.04
3000.00;3300.00;1752.00;25.84;E0_0_700m;5.00;146;146;9.42;25.96
3000.00;3300.00;2220.00;27.57;E0_1_700m;5.00;185;185;11.18;27.76
3000.00;3300.00;1740.00;25.59;E0_0_800m;5.00;145;145;9.44;25.71
3000.00;3300.00;2244.00;27.22;E0_1_800m;5.00;187;187;11.45;27.40
3000.00;3300.00;1740.00;25.47;E0_0_900m;5.00;145;145;9.49;25.59
3000.00;3300.00;2256.00;26.86;E0_1_900m;5.00;188;188;11.67;27.05
3000.00;3300.00;1752.00;25.26;E0_0_1000m;5.00;146;146;9.63;25.39
3000.00;3300.00;2256.00;26.53;E0_1_1000m;5.00;188;188;11.81;26.73
3000.00;3300.00;1776.00;24.99;E0_0_1100m;5.00;148;148;9.87;25.12
3000.00;3300.00;2292.00;26.26;E0_1_1100m;5.00;191;192;12.16;26.48
3000.00;3300.00;1800.00;24.69;E0_0_1200m;5.00;150;150;10.12;24.84
3000.00;3300.00;2292.00;26.08;E0_1_1200m;5.00;191;191;12.21;26.34
3000.00;3300.00;1800.00;24.52;E0_0_1300m;5.00;150;150;10.19;24.70
3000.00;3300.00;2280.00;25.89;E0_1_1300m;5.00;190;190;12.23;26.17
3000.00;3300.00;1812.00;24.43;E0_0_1400m;5.00;151;151;10.30;24.60
3000.00;3300.00;2292.00;25.69;E0_1_1400m;5.00;191;191;12.39;25.99
3000.00;3300.00;1824.00;24.17;E0_0_1500m;5.00;152;152;10.48;24.34
3000.00;3300.00;2280.00;25.39;E0_1_1500m;5.00;190;190;12.47;25.67
3000.00;3300.00;1824.00;24.13;E0_0_1600m;5.00;152;152;10.50;24.28
3000.00;3300.00;2292.00;25.20;E0_1_1600m;5.00;191;191;12.63;25.48
3000.00;3300.00;1872.00;24.06;E0_0_1700m;5.00;156;156;10.81;24.20
3000.00;3300.00;2268.00;25.00;E0_1_1700m;5.00;189;188;12.55;25.30
3000.00;3300.00;1872.00;23.83;E0_0_1800m;5.00;156;156;10.86;23.96
3000.00;3300.00;2280.00;24.82;E0_1_1800m;5.00;190;189;12.70;25.09
3000.00;3300.00;1872.00;23.64;E0_0_1900m;5.00;156;156;11.00;23.77
3000.00;3300.00;2292.00;24.72;E0_1_1900m;5.00;191;191;12.88;25.00
3000.00;3300.00;1872.00;23.54;E0_0_2000m;5.00;156;157;11.05;23.70
3000.00;3300.00;2280.00;24.57;E0_1_2000m;5.00;190;190;12.89;24.87
3000.00;3300.00;1860.00;23.55;E0_0_2100m;5.00;155;154;10.96;23.70
3000.00;3300.00;2292.00;24.49;E0_1_2100m;5.00;191;191;13.00;24.77
3000.00;3300.00;1836.00;23.40;E0_0_2200m;5.00;153;153;10.90;23.54
3000.00;3300.00;2304.00;24.30;E0_1_2200m;5.00;192;192;13.17;24.54
3000.00;3300.00;1836.00;23.34;E0_0_2300m;5.00;153;153;10.92;23.50
3000.00;3300.00;2268.00;24.11;E0_1_2300m;5.00;189;189;13.06;24.33
3000.00;3300.00;1800.00;23.27;E0_0_2400m;5.00;150;150;10.74;23.41
3000.00;3300.00;2232.00;24.01;E0_1_2400m;5.00;186;186;12.91;24.23
3000.00;3300.00;1788.00;23.22;E0_0_2500m;5.00;149;149;10.69;23.34
3000.00;3300.00;2172.00;23.91;E0_1_2500m;5.00;181;181;12.62;24.14
3000.00;3300.00;1776.00;23.14;E0_0_2600m;5.00;148;148;10.66;23.26
3000.00;3300.00;2160.00;23.72;E0_1_2600m;5.00;180;180;12.65;23.92
3000.00;3300.00;1776.00;23.03;E0_0_2700m;5.00;148;148;10.69;23.14
3000.00;3300.00;2160.00;23.58;E0_1_2700m;5.00;180;181;12.73;23.77
3000.00;3300.00;1776.00;23.04;E0_0_2800m;5.00;148;148;10.71;23.14
3000.00;3300.00;2172.00;23.54;E0_1_2800m;5.00;181;181;12.81;23.73
3000.00;3300.00;1764.00;22.96;E0_0_2900m;5.00;147;147;10.67;23.04
3000.00;3300.00;2208.00;23.56;E0_1_2900m;5.00;184;184;13.02;23.75
3000.00;3300.00;1800.00;22.93;E0_0_3000m;5.00;150;150;10.90;23.02
3000.00;3300.00;2244.00;23.62;E0_1_3000m;5.00;187;187;13.20;23.82
3000.00;3300.00;1800.00;22.95;E0_0_3100m;5.00;150;150;10.90;23.03
3000.00;3300.00;2280.00;23.73;E0_1_3100m;5.00;190;190;13.35;23.95
3000.00;3300.00;1788.00;22.96;E0_0_3200m;5.00;149;150;10.85;23.03
3000.00;3300.00;2256.00;23.74;E0_1_3200m;5.00;188;188;13.20;23.96
3000.00;3300.00;1776.00;23.00;E0_0_3300m;5.00;148;148;10.73;23.08
3000.00;3300.00;2232.00;23.69;E0_1_3300m;5.00;186;187;13.10;23.87
3000.00;3300.00;1740.00;23.09;E0_0_3400m;5.00;145;145;10.47;23.16
3000.00;3300.00;2220.00;23.66;E0_1_3400m;5.00;185;185;13.03;23.81
3000.00;3300.00;1716.00;23.07;E0_0_3500m;5.00;143;144;10.37;23.14
3000.00;3300.00;2184.00;23.69;E0_1_3500m;5.00;182;183;12.81;23.83
3000.00;3300.00;1740.00;22.93;E0_0_3600m;5.00;145;146;10.57;22.98
3000.00;3300.00;2184.00;23.68;E0_1_3600m;5.00;182;183;12.84;23.79
3000.00;3300.00;1752.00;22.83;E0_0_3700m;5.00;146;146;10.66;22.87
3000.00;3300.00;2184.00;23.64;E0_1_3700m;5.00;182;182;12.83;23.74
3000.00;3300.00;1752.00;22.68;E0_0_3800m;5.00;146;146;10.73;22.73
3000.00;3300.00;2184.00;23.66;E0_1_3800m;5.00;182;183;12.88;23.77
3000.00;3300.00;1764.00;22.66;E0_0_3900m;5.00;147;147;10.81;22.72
3000.00;3300.00;2184.00;23.70;E0_1_3900m;5.00;182;181;12.75;23.83
3000.00;3300.00;1752.00;22.57;E0_0_4000m;5.00;146;146;10.78;22.61
3000.00;3300.00;2196.00;23.66;E0_1_4000m;5.00;183;183;12.89;23.78
3000.00;3300.00;1776.00;22.44;E0_0_4100m;5.00;148;148;10.99;22.48
3000.00;3300.00;2172.00;23.46;E0_1_4100m;5.00;181;181;12.86;23.56
3000.00;3300.00;1776.00;22.41;E0_0_4200m;5.00;148;148;11.01;22.44
3000.00;3300.00;2172.00;23.30;E0_1_4200m;5.00;181;181;12.95;23.39
3000.00;3300.00;1800.00;22.41;E0_0_4300m;5.00;150;149;11.09;22.43
3000.00;3300.00;2172.00;23.24;E0_1_4300m;5.00;181;181;12.98;23.32
3000.00;3300.00;1812.00;22.40;E0_0_4400m;5.00;151;151;11.24;22.42
3000.00;3300.00;2172.00;23.25;E0_1_4400m;5.00;181;181;12.98;23.33
3000.00;3300.00;1812.00;22.46;E0_0_4500m;5.00;151;151;11.21;22.49
3000.00;3300.00;2184.00;23.31;E0_1_4500m;5.00;182;182;13.01;23.40
3000.00;3300.00;1836.00;22.53;E0_0_4600m;5.00;153;153;11.32;22.56
3000.00;3300.00;2196.00;23.45;E0_1_4600m;5.00;183;183;13.01;23.56
3000.00;3300.00;1860.00;22.62;E0_0_4700m;5.00;155;155;11.42;22.66
3000.00;3300.00;2232.00;23.67;E0_1_4700m;5.00;186;186;13.10;23.80
3000.00;3300.00;1884.00;22.75;E0_0_4800m;5.00;157;157;11.50;22.81
3000.00;3300.00;2268.00;23.84;E0_1_4800m;5.00;189;188;13.16;23.97
3000.00;3300.00;1920.00;22.93;E0_0_4900m;5.00;160;159;11.59;23.00
3000.00;3300.00;2292.00;23.98;E0_1_4900m;5.00;191;191;13.28;24.11
3000.00;3300.00;1920.00;23.00;E0_0_5000m;5.00;160;160;11.59;23.09
3000.00;3300.00;2340.00;24.17;E0_1_5000m;5.00;195;195;13.45;24.30
3300.00;3600.00;0.00;-1.00;E0_0_0m;-1.00;0;0;0.00;-1.00
3300.00;3600.00;0.00;-1.00;E0_1_0m;-1.00;0;0;0.00;-1.00
3300.00;3600.00;1752.00;26.05;E0_0_100m;5.00;146;147;9.38;26.19
3300.00;3600.00;2316.00;27.01;E0_1_100m;5.00;193;193;11.91;27.15
3300.00;3600.00;1740.00;25.88;E0_0_200m;5.00;145;145;9.34;26.03
3300.00;3600.00;2292.00;26.96;E0_1_200m;5.00;191;191;11.81;27.13
3300.00;3600.00;1752.00;25.92;E0_0_300m;5.00;146;146;9.39;26.08
3300.00;3600.00;2304.00;26.78;E0_1_300m;5.00;192;192;11.95;26.93
3300.00;3600.00;1740.00;25.78;E0_0_400m;5.00;145;145;9.37;25.93
3300.00;3600.00;2280.00;26.79;E0_1_400m;5.00;190;190;11.82;26.95
3300.00;3600.00;1740.00;25.51;E0_0_500m;5.00;145;145;9.47;25.66
3300.00;3600.00;2280.00;26.80;E0_1_500m;5.00;190;191;11.84;26.99
3300.00;3600.00;1752.00;25.25;E0_0_600m;5.00;146;146;9.64;25.40
3300.00;3600.00;2268.00;26.77;E0_1_600m;5.00;189;189;11.77;26.99
3300.00;3600.00;1740.00;25.05;E0_0_700m;5.00;145;146;9.66;25.21
3300.00;3600.00;2268.00;26.56;E0_1_700m;5.00;189;189;11.86;26.80
3300.00;3600.00;1728.00;24.84;E0_0_800m;5.00;144;144;9.66;24.99
3300.00;3600.00;2292.00;26.47;E0_1_800m;5.00;191;191;12.03;26.70
3300.00;3600.00;1752.00;24.65;E0_0_900m;5.00;146;146;9.87;24.80
3300.00;3600.00;2292.00;26.35;E0_1_900m;5.00;191;191;12.08;26.58
3300.00;3600.00;1752.00;24.59;E0_0_1000m;5.00;146;146;9.90;24.73
3300.00;3600.00;2292.00;26.22;E0_1_1000m;5.00;191;191;12.14;26.45
3300.00;3600.00;1704.00;24.65;E0_0_1100m;5.00;142;142;9.60;24.79
3300.00;3600.00;2292.00;26.17;E0_1_1100m;5.00;191;190;12.13;26.41
3300.00;3600.00;1704.00;24.62;E0_0_1200m;5.00;142;141;9.60;24.77
3300.00;3600.00;2268.00;26.14;E0_1_1200m;5.00;189;189;12.05;26.40
3300.00;3600.00;1716.00;24.39;E0_0_1300m;5.00;143;143;9.77;24.55
3300.00;3600.00;2256.00;26.08;E0_1_1300m;5.00;188;188;12.01;26.36
3300.00;3600.00;1716.00;24.23;E0_0_1400m;5.00;143;143;9.84;24.40
3300.00;3600.00;2244.00;26.02;E0_1_1400m;5.00;187;188;12.02;26.31
3300.00;3600.00;1704.00;24.09;E0_0_1500m;5.00;142;142;9.82;24.28
3300.00;3600.00;2244.00;25.98;E0_1_1500m;5.00;187;188;12.01;26.28
3300.00;3600.00;1692.00;24.06;E0_0_1600m;5.00;141;142;9.81;24.25
3300.00;3600.00;2256.00;25.87;E0_1_1600m;5.00;188;188;12.11;26.17
3300.00;3600.00;1704.00;24.11;E0_0_1700m;5.00;142;142;9.81;24.31
3300.00;3600.00;2244.00;25.84;E0_1_1700m;5.00;187;187;12.06;26.13
3300.00;3600.00;1728.00;24.19;E0_0_1800m;5.00;144;143;9.92;24.37
3300.00;3600.00;2232.00;25.66;E0_1_1800m;5.00;186;186;12.08;25.94
3300.00;3600.00;1716.00;24.24;E0_0_1900m;5.00;143;143;9.83;24.41
3300.00;3600.00;2244.00;25.60;E0_1_1900m;5.00;187;188;12.22;25.86
3300.00;3600.00;1716.00;24.16;E0_0_2000m;5.00;143;143;9.86;24.34
3300.00;3600.00;2256.00;25.63;E0_1_2000m;5.00;188;188;12.23;25.88
3300.00;3600.00;1728.00;24.16;E0_0_2100m;5.00;144;144;9.93;24.33
3300.00;3600.00;2244.00;25.59;E0_1_2100m;5.00;187;187;12.18;25.85
3300.00;3600.00;1740.00;24.21;E0_0_2200m;5.00;145;145;9.98;24.35
3300.00;3600.00;2232.00;25.56;E0_1_2200m;5.00;186;186;12.13;25.81
3300.00;3600.00;1716.00;24.22;E0_0_2300m;5.00;143;144;9.90;24.36
3300.00;3600.00;2244.00;25.63;E0_1_2300m;5.00;187;188;12.24;25.87
3300.00;3600.00;1728.00;24.20;E0_0_2400m;5.00;144;144;9.92;24.35
3300.00;3600.00;2232.00;25.70;E0_1_2400m;5.00;186;186;12.06;25.96
3300.00;3600.00;1728.00;24.09;E0_0_2500m;5.00;144;144;9.96;24.23
3300.00;3600.00;2232.00;25.71;E0_1_2500m;5.00;186;186;12.06;25.94
3300.00;3600.00;1728.00;24.01;E0_0_2600m;5.00;144;144;9.99;24.15
3300.00;3600.00;2232.00;25.74;E0_1_2600m;5.00;186;186;12.04;25.95
3300.00;3600.00;1740.00;23.95;E0_0_2700m;5.00;145;145;10.09;24.09
3300.00;3600.00;2256.00;25.81;E0_1_2700m;5.00;188;188;12.14;26.01
3300.00;3600.00;1728.00;23.95;E0_0_2800m;5.00;144;144;10.02;24.10
3300.00;3600.00;2244.00;25.85;E0_1_2800m;5.00;187;188;12.12;26.02
3300.00;3600.00;1692.00;23.91;E0_0_2900m;5.00;141;142;9.88;24.07
3300.00;3600.00;2256.00;25.96;E0_1_2900m;5.00;188;188;12.07;26.12
3300.00;3600.00;1656.00;23.88;E0_0_3000m;5.00;138;139;9.70;24.03
3300.00;3600.00;2220.00;26.06;E0_1_3000m;5.00;185;185;11.83;26.21
3300.00;3600.00;1656.00;23.88;E0_0_3100m;5.00;138;137;9.59;24.03
3300.00;3600.00;2160.00;26.23;E0_1_3100m;5.00;180;180;11.44;26.38
3300.00;3600.00;1680.00;23.82;E0_0_3200m;5.00;140;139;9.77;23.98
3300.00;3600.00;2136.00;26.48;E0_1_3200m;5.00;178;178;11.20;26.65
3300.00;3600.00;1656.00;23.77;E0_0_3300m;5.00;138;138;9.67;23.93
3300.00;3600.00;2148.00;26.73;E0_1_3300m;5.00;179;178;11.15;26.88
3300.00;3600.00;1668.00;23.79;E0_0_3400m;5.00;139;139;9.74;23.95
3300.00;3600.00;2112.00;26.88;E0_1_3400m;5.00;176;176;10.91;27.02
3300.00;3600.00;1692.00;23.77;E0_0_3500m;5.00;141;140;9.85;23.93
3300.00;3600.00;2136.00;26.85;E0_1_3500m;5.00;178;177;11.04;26.96
3300.00;3600.00;1680.00;23.78;E0_0_3600m;5.00;140;139;9.79;23.93
3300.00;3600.00;2196.00;26.68;E0_1_3600m;5.00;183;182;11.40;26.79
3300.00;3600.00;1692.00;23.82;E0_0_3700m;5.00;141;142;9.93;23.95
3300.00;3600.00;2244.00;26.60;E0_1_3700m;5.00;187;187;11.72;26.75
3300.00;3600.00;1716.00;23.89;E0_0_3800m;5.00;143;143;9.98;24.01
3300.00;3600.00;2292.00;26.37;E0_1_3800m;5.00;191;190;12.01;26.49
3300.00;3600.00;1752.00;23.96;E0_0_3900m;5.00;146;146;10.16;24.06
3300.00;3600.00;2316.00;26.34;E0_1_3900m;5.00;193;193;12.21;26.46
3300.00;3600.00;1764.00;24.07;E0_0_4000m;5.00;147;147;10.18;24.15
3300.00;3600.00;2340.00;26.42;E0_1_4000m;5.00;195;195;12.30;26.54
3300.00;3600.00;1776.00;24.21;E0_0_4100m;5.00;148;148;10.19;24.29
3300.00;3600.00;2340.00;26.43;E0_1_4100m;5.00;195;195;12.29;26.56
3300.00;3600.00;1800.00;24.18;E0_0_4200m;5.00;150;151;10.38;24.27
3300.00;3600.00;2328.00;26.36;E0_1_4200m;5.00;194;195;12.32;26.50
3300.00;3600.00;1788.00;24.02;E0_0_4300m;5.00;149;149;10.34;24.11
3300.00;3600.00;2340.00;26.27;E0_1_4300m;5.00;195;195;12.37;26.40
3300.00;3600.00;1788.00;23.90;E0_0_4400m;5.00;149;149;10.39;23.99
3300.00;3600.00;2352.00;26.14;E0_1_4400m;5.00;196;196;12.50;26.26
3300.00;3600.00;1800.00;23.90;E0_0_4500m;5.00;150;150;10.46;24.00
3300.00;3600.00;2352.00;26.06;E0_1_4500m;5.00;196;196;12.53;26.17
3300.00;3600.00;1788.00;23.94;E0_0_4600m;5.00;149;150;10.38;24.04
3300.00;3600.00;2340.00;26.03;E0_1_4600m;5.00;195;195;12.48;26.14
3300.00;3600.00;1764.00;23.96;E0_0_4700m;5.00;147;148;10.26;24.05
3300.00;3600.00;2304.00;26.07;E0_1_4700m;5.00;192;192;12.27;26.20
3300.00;3600.00;1764.00;24.11;E0_0_4800m;5.00;147;148;10.20;24.20
3300.00;3600.00;2244.00;26.10;E0_1_4800m;5.00;187;187;11.94;26.25
3300.00;3600.00;1728.00;24.27;E0_0_4900m;5.00;144;144;9.89;24.35
3300.00;3600.00;2220.00;26.08;E0_1_4900m;5.00;185;185;11.82;26.23
3300.00;3600.00;1680.00;24.41;E0_0_5000m;5.00;140;140;9.56;24.48
3300.00;3600.00;2208.00;26.11;E0_1_5000m;5.00;184;184;11.75;26.26
3600.00;3900.00;0.00;-1.00;E0_0_0m;-1.00;0;0;0.00;-1.00
3600.00;3900.00;0.00;-1.00;E0_1_0m;-1.00;0;0;0.00;-1.00
3600.00;3900.00;1680.00;25.13;E0_0_100m;5.00;140;139;9.24;25.35
3600.00;3900.00;2280.00;25.98;E0_1_100m;5.00;190;190;12.19;26.19
3600.00;3900.00;1704.00;25.17;E0_0_200m;5.00;142;142;9.40;25.45
3600.00;3900.00;2268.00;26.21;E0_1_200m;5.00;189;190;12.07;26.48
3600.00;3900.00;1704.00;24.97;E0_0_300m;5.00;142;142;9.48;25.15
3600.00;3900.00;2256.00;25.88;E0_1_300m;5.00;188;188;12.11;26.17
3600.00;3900.00;1740.00;24.85;E0_0_400m;5.00;145;145;9.72;25.04
3600.00;3900.00;2244.00;25.63;E0_1_400m;5.00;187;187;12.16;25.93
3600.00;3900.00;1752.00;24.78;E0_0_500m;5.00;146;146;9.82;24.96
3600.00;3900.00;2232.00;25.53;E0_1_500m;5.00;186;185;12.12;25.86
3600.00;3900.00;1752.00;24.65;E0_0_600m;5.00;146;146;9.87;24.82
3600.00;3900.00;2232.00;25.23;E0_1_600m;5.00;186;186;12.29;25.54
3600.00;3900.00;1764.00;24.55;E0_0_700m;5.00;147;147;9.98;24.73
3600.00;3900.00;2256.00;24.94;E0_1_700m;5.00;188;188;12.56;25.25
3600.00;3900.00;1740.00;24.53;E0_0_800m;5.00;145;146;9.91;24.72
3600.00;3900.00;2292.00;24.92;E0_1_800m;5.00;191;191;12.78;25.26
3600.00;3900.00;1752.00;24.46;E0_0_900m;5.00;146;146;9.95;24.64
3600.00;3900.00;2268.00;24.78;E0_1_900m;5.00;189;189;12.71;25.04
3600.00;3900.00;1764.00;24.28;E0_0_1000m;5.00;147;147;10.09;24.45
3600.00;3900.00;2268.00;24.56;E0_1_1000m;5.00;189;189;12.83;24.77
3600.00;3900.00;1788.00;24.14;E0_0_1100m;5.00;149;149;10.29;24.29
3600.00;3900.00;2280.00;24.33;E0_1_1100m;5.00;190;190;13.02;24.53
3600.00;3900.00;1800.00;24.00;E0_0_1200m;5.00;150;150;10.42;24.14
3600.00;3900.00;2304.00;24.21;E0_1_1200m;5.00;192;192;13.22;24.41
3600.00;3900.00;1800.00;23.87;E0_0_1300m;5.00;150;150;10.47;23.99
3600.00;3900.00;2316.00;24.16;E0_1_1300m;5.00;193;193;13.31;24.35
3600.00;3900.00;1824.00;23.81;E0_0_1400m;5.00;152;153;10.68;23.91
3600.00;3900.00;2292.00;24.04;E0_1_1400m;5.00;191;191;13.22;24.19
3600.00;3900.00;1824.00;23.60;E0_0_1500m;5.00;152;153;10.79;23.69
3600.00;3900.00;2292.00;23.75;E0_1_1500m;5.00;191;191;13.43;23.87
3600.00;3900.00;1824.00;23.48;E0_0_1600m;5.00;152;151;10.74;23.55
3600.00;3900.00;2292.00;23.60;E0_1_1600m;5.00;191;192;13.54;23.69
3600.00;3900.00;1824.00;23.33;E0_0_1700m;5.00;152;152;10.86;23.39
3600.00;3900.00;2292.00;23.41;E0_1_1700m;5.00;191;192;13.65;23.49
3600.00;3900.00;1836.00;23.17;E0_0_1800m;5.00;153;153;11.01;23.22
3600.00;3900.00;2292.00;23.23;E0_1_1800m;5.00;191;192;13.74;23.29
3600.00;3900.00;1824.00;22.99;E0_0_1900m;5.00;152;152;11.02;23.03
3600.00;3900.00;2292.00;23.04;E0_1_1900m;5.00;191;191;13.80;23.09
3600.00;3900.00;1812.00;22.87;E0_0_2000m;5.00;151;151;11.01;22.91
3600.00;3900.00;2292.00;22.89;E0_1_2000m;5.00;191;192;13.93;22.93
3600.00;3900.00;1812.00;22.78;E0_0_2100m;5.00;151;151;11.05;22.82
3600.00;3900.00;2292.00;22.78;E0_1_2100m;5.00;191;191;13.97;22.82
3600.00;3900.00;1824.00;22.71;E0_0_2200m;5.00;152;152;11.16;22.74
3600.00;3900.00;2292.00;22.70;E0_1_2200m;5.00;191;192;14.03;22.73
3600.00;3900.00;1812.00;22.64;E0_0_2300m;5.00;151;151;11.12;22.68
3600.00;3900.00;2304.00;22.63;E0_1_2300m;5.00;192;191;14.07;22.67
3600.00;3900.00;1824.00;22.61;E0_0_2400m;5.00;152;152;11.21;22.64
3600.00;3900.00;2304.00;22.59;E0_1_2400m;5.00;192;192;14.17;22.62
3600.00;3900.00;1824.00;22.57;E0_0_2500m;5.00;152;152;11.22;22.61
3600.00;3900.00;2304.00;22.56;E0_1_2500m;5.00;192;193;14.22;22.59
3600.00;3900.00;1812.00;22.55;E0_0_2600m;5.00;151;152;11.19;22.58
3600.00;3900.00;2304.00;22.55;E0_1_2600m;5.00;192;192;14.19;22.58
3600.00;3900.00;1800.00;22.55;E0_0_2700m;5.00;150;150;11.09;22.58
3600.00;3900.00;2304.00;22.54;E0_1_2700m;5.00;192;192;14.20;22.58
3600.00;3900.00;1812.00;22.55;E0_0_2800m;5.00;151;151;11.16;22.59
3600.00;3900.00;2316.00;22.55;E0_1_2800m;5.00;193;192;14.20;22.58
3600.00;3900.00;1812.00;22.55;E0_0_2900m;5.00;151;150;11.10;22.59
3600.00;3900.00;2316.00;22.55;E0_1_2900m;5.00;193;193;14.26;22.59
3600.00;3900.00;1824.00;22.57;E0_0_3000m;5.00;152;151;11.16;22.60
3600.00;3900.00;2316.00;22.56;E0_1_3000m;5.00;193;193;14.26;22.59
3600.00;3900.00;1824.00;22.59;E0_0_3100m;5.00;152;152;11.21;22.63
3600.00;3900.00;2316.00;22.58;E0_1_3100m;5.00;193;193;14.25;22.62
3600.00;3900.00;1848.00;22.57;E0_0_3200m;5.00;154;154;11.37;22.60
3600.00;3900.00;2304.00;22.67;E0_1_3200m;5.00;192;192;14.11;22.71
3600.00;3900.00;1848.00;22.43;E0_0_3300m;5.00;154;154;11.44;22.46
3600.00;3900.00;2316.00;22.63;E0_1_3300m;5.00;193;193;14.22;22.67
3600.00;3900.00;1872.00;22.28;E0_0_3400m;5.00;156;156;11.67;22.32
3600.00;3900.00;2304.00;22.55;E0_1_3400m;5.00;192;192;14.19;22.59
3600.00;3900.00;1848.00;22.28;E0_0_3500m;5.00;154;154;11.52;22.30
3600.00;3900.00;2280.00;22.41;E0_1_3500m;5.00;190;190;14.13;22.44
3600.00;3900.00;1800.00;22.25;E0_0_3600m;5.00;150;150;11.24;22.27
3600.00;3900.00;2244.00;22.34;E0_1_3600m;5.00;187;188;13.98;22.36
3600.00;3900.00;1764.00;22.21;E0_0_3700m;5.00;147;147;11.03;22.23
3600.00;3900.00;2208.00;22.27;E0_1_3700m;5.00;184;185;13.84;22.29
3600.00;3900.00;1728.00;22.12;E0_0_3800m;5.00;144;145;10.89;22.14
3600.00;3900.00;2172.00;22.22;E0_1_3800m;5.00;181;181;13.58;22.23
3600.00;3900.00;1716.00;22.04;E0_0_3900m;5.00;143;143;10.81;22.06
3600.00;3900.00;2136.00;22.16;E0_1_3900m;5.00;178;178;13.39;22.17
3600.00;3900.00;1692.00;21.96;E0_0_4000m;5.00;141;141;10.70;21.98
3600.00;3900.00;2124.00;22.14;E0_1_4000m;5.00;177;177;13.33;22.15
3600.00;3900.00;1692.00;21.98;E0_0_4100m;5.00;141;141;10.69;21.99
3600.00;3900.00;2124.00;22.14;E0_1_4100m;5.00;177;177;13.32;22.17
3600.00;3900.00;1692.00;21.90;E0_0_4200m;5.00;141;141;10.73;21.92
3600.00;3900.00;2112.00;22.18;E0_1_4200m;5.00;176;175;13.16;22.21
3600.00;3900.00;1680.00;21.86;E0_0_4300m;5.00;140;141;10.75;21.89
3600.00;3900.00;2100.00;22.23;E0_1_4300m;5.00;175;175;13.12;22.27
3600.00;3900.00;1680.00;22.02;E0_0_4400m;5.00;140;140;10.60;22.04
3600.00;3900.00;2088.00;22.31;E0_1_4400m;5.00;174;174;13.00;22.35
3600.00;3900.00;1656.00;22.15;E0_0_4500m;5.00;138;138;10.39;22.16
3600.00;3900.00;2076.00;22.41;E0_1_4500m;5.00;173;174;12.88;22.46
3600.00;3900.00;1644.00;22.23;E0_0_4600m;5.00;137;136;10.27;22.25
3600.00;3900.00;2076.00;22.54;E0_1_4600m;5.00;173;173;12.79;22.62
3600.00;3900.00;1632.00;22.40;E0_0_4700m;5.00;136;135;10.08;22.43
3600.00;3900.00;2076.00;22.69;E0_1_4700m;5.00;173;173;12.71;22.78
3600.00;3900.00;1632.00;22.56;E0_0_4800m;5.00;136;135;10.01;22.60
3600.00;3900.00;2076.00;22.88;E0_1_4800m;5.00;173;173;12.60;22.98
3600.00;3900.00;1632.00;22.71;E0_0_4900m;5.00;136;136;9.98;22.77
3600.00;3900.00;2064.00;23.12;E0_1_4900m;5.00;172;172;12.40;23.24
3600.00;3900.00;1644.00;22.90;E0_0_5000m;5.00;137;137;9.97;22.97
3600.00;3900.00;2052.00;23.31;E0_1_5000m;5.00;171;171;12.23;23.43
3900.00;4200.00;0.00;-1.00;E0_0_0m;-1.00;0;0;0.00;-1.00
3900.00;4200.00;0.00;-1.00;E0_1_0m;-1.00;0;0;0.00;-1.00
3900.00;4200.00;1944.00;26.24;E0_0_100m;5.00;162;162;10.29;26.35
3900.00;4200.00;2160.00;27.45;E0_1_100m;5.00;180;180;10.93;27.58
3900.00;4200.00;1956.00;26.27;E0_0_200m;5.00;163;164;10.38;26.37
3900.00;4200.00;2124.00;28.02;E0_1_200m;5.00;177;178;10.53;28.14
3900.00;4200.00;1920.00;26.38;E0_0_300m;5.00;160;161;10.15;26.45
3900.00;4200.00;2172.00;28.15;E0_1_300m;5.00;181;181;10.72;28.28
3900.00;4200.00;1920.00;26.31;E0_0_400m;5.00;160;161;10.19;26.37
3900.00;4200.00;2184.00;28.15;E0_1_400m;5.00;182;182;10.78;28.28
3900.00;4200.00;1932.00;26.23;E0_0_500m;5.00;161;161;10.23;26.31
3900.00;4200.00;2196.00;27.94;E0_1_500m;5.00;183;183;10.92;28.06
3900.00;4200.00;1932.00;26.17;E0_0_600m;5.00;161;161;10.25;26.24
3900.00;4200.00;2244.00;27.78;E0_1_600m;5.00;187;187;11.22;27.91
3900.00;4200.00;1932.00;26.05;E0_0_700m;5.00;161;161;10.30;26.13
3900.00;4200.00;2232.00;27.71;E0_1_700m;5.00;186;186;11.19;27.84
3900.00;4200.00;1944.00;25.93;E0_0_800m;5.00;162;162;10.41;26.02
3900.00;4200.00;2208.00;27.69;E0_1_800m;5.00;184;185;11.13;27.81
3900.00;4200.00;1908.00;25.71;E0_0_900m;5.00;159;159;10.31;25.81
3900.00;4200.00;2244.00;27.72;E0_1_900m;5.00;187;187;11.24;27.85
3900.00;4200.00;1920.00;25.50;E0_0_1000m;5.00;160;160;10.46;25.62
3900.00;4200.00;2232.00;27.82;E0_1_1000m;5.00;186;186;11.14;27.95
3900.00;4200.00;1896.00;25.49;E0_0_1100m;5.00;158;158;10.33;25.61
3900.00;4200.00;2220.00;27.86;E0_1_1100m;5.00;185;186;11.10;28.00
3900.00;4200.00;1860.00;25.45;E0_0_1200m;5.00;155;155;10.15;25.55
3900.00;4200.00;2232.00;27.87;E0_1_1200m;5.00;186;186;11.12;28.01
3900.00;4200.00;1836.00;25.30;E0_0_1300m;5.00;153;153;10.08;25.40
3900.00;4200.00;2244.00;27.79;E0_1_1300m;5.00;187;187;11.22;27.94
3900.00;4200.00;1884.00;25.10;E0_0_1400m;5.00;157;156;10.38;25.21
3900.00;4200.00;2232.00;27.56;E0_1_1400m;5.00;186;185;11.22;27.73
3900.00;4200.00;1896.00;24.99;E0_0_1500m;5.00;158;158;10.52;25.09
3900.00;4200.00;2244.00;27.23;E0_1_1500m;5.00;187;186;11.40;27.41
3900.00;4200.00;1884.00;24.97;E0_0_1600m;5.00;157;157;10.48;25.06
3900.00;4200.00;2256.00;26.89;E0_1_1600m;5.00;188;187;11.60;27.07
3900.00;4200.00;1932.00;24.97;E0_0_1700m;5.00;161;161;10.75;25.04
3900.00;4200.00;2232.00;26.61;E0_1_1700m;5.00;186;185;11.60;26.78
3900.00;4200.00;1944.00;24.92;E0_0_1800m;5.00;162;162;10.83;24.99
3900.00;4200.00;2244.00;26.46;E0_1_1800m;5.00;187;187;11.77;26.65
3900.00;4200.00;1980.00;24.82;E0_0_1900m;5.00;165;165;11.08;24.89
3900.00;4200.00;2232.00;26.30;E0_1_1900m;5.00;186;185;11.75;26.48
3900.00;4200.00;2016.00;24.76;E0_0_2000m;5.00;168;168;11.31;24.84
3900.00;4200.00;2232.00;26.10;E0_1_2000m;5.00;186;185;11.85;26.26
3900.00;4200.00;2016.00;24.65;E0_0_2100m;5.00;168;168;11.36;24.72
3900.00;4200.00;2232.00;25.82;E0_1_2100m;5.00;186;186;12.01;25.96
3900.00;4200.00;1992.00;24.61;E0_0_2200m;5.00;166;166;11.24;24.67
3900.00;4200.00;2256.00;25.65;E0_1_2200m;5.00;188;187;12.21;25.78
3900.00;4200.00;1992.00;24.58;E0_0_2300m;5.00;166;165;11.19;24.63
3900.00;4200.00;2268.00;25.56;E0_1_2300m;5.00;189;189;12.32;25.69
3900.00;4200.00;1980.00;24.46;E0_0_2400m;5.00;165;165;11.24;24.50
3900.00;4200.00;2268.00;25.50;E0_1_2400m;5.00;189;189;12.35;25.63
3900.00;4200.00;1992.00;24.29;E0_0_2500m;5.00;166;166;11.39;24.32
3900.00;4200.00;2268.00;25.47;E0_1_2500m;5.00;189;188;12.33;25.60
3900.00;4200.00;2004.00;24.15;E0_0_2600m;5.00;167;166;11.50;24.19
3900.00;4200.00;2268.00;25.40;E0_1_2600m;5.00;189;189;12.40;25.53
3900.00;4200.00;1980.00;23.93;E0_0_2700m;5.00;165;166;11.52;23.97
3900.00;4200.00;2268.00;25.31;E0_1_2700m;5.00;189;189;12.44;25.45
3900.00;4200.00;1968.00;23.86;E0_0_2800m;5.00;164;165;11.50;23.90
3900.00;4200.00;2268.00;25.24;E0_1_2800m;5.00;189;190;12.53;25.38
3900.00;4200.00;1980.00;23.87;E0_0_2900m;5.00;165;166;11.58;23.93
3900.00;4200.00;2268.00;25.18;E0_1_2900m;5.00;189;190;12.56;25.33
3900.00;4200.00;1980.00;23.87;E0_0_3000m;5.00;165;165;11.52;23.90
3900.00;4200.00;2268.00;25.05;E0_1_3000m;5.00;189;189;12.57;25.21
3900.00;4200.00;1992.00;23.84;E0_0_3100m;5.00;166;166;11.60;23.88
3900.00;4200.00;2256.00;24.90;E0_1_3100m;5.00;188;188;12.59;25.07
3900.00;4200.00;1968.00;23.77;E0_0_3200m;5.00;164;164;11.50;23.82
3900.00;4200.00;2268.00;24.78;E0_1_3200m;5.00;189;189;12.71;24.97
3900.00;4200.00;1968.00;23.69;E0_0_3300m;5.00;164;164;11.54;23.74
3900.00;4200.00;2268.00;24.66;E0_1_3300m;5.00;189;189;12.78;24.86
3900.00;4200.00;1968.00;23.56;E0_0_3400m;5.00;164;164;11.60;23.62
3900.00;4200.00;2256.00;24.56;E0_1_3400m;5.00;188;188;12.76;24.79
3900.00;4200.00;1968.00;23.44;E0_0_3500m;5.00;164;165;11.68;23.50
3900.00;4200.00;2256.00;24.52;E0_1_3500m;5.00;188;188;12.78;24.78
3900.00;4200.00;1968.00;23.34;E0_0_3600m;5.00;164;165;11.75;23.41
3900.00;4200.00;2280.00;24.42;E0_1_3600m;5.00;190;189;12.94;24.71
3900.00;4200.00;1980.00;23.25;E0_0_3700m;5.00;165;166;11.83;23.33
3900.00;4200.00;2268.00;24.28;E0_1_3700m;5.00;189;188;12.90;24.61
3900.00;4200.00;1968.00;23.11;E0_0_3800m;5.00;164;163;11.79;23.19
3900.00;4200.00;2292.00;24.18;E0_1_3800m;5.00;191;191;13.16;24.52
3900.00;4200.00;1944.00;22.99;E0_0_3900m;5.00;162;162;11.74;23.08
3900.00;4200.00;2304.00;24.05;E0_1_3900m;5.00;192;192;13.30;24.40
3900.00;4200.00;1944.00;22.91;E0_0_4000m;5.00;162;162;11.78;23.01
3900.00;4200.00;2316.00;23.93;E0_1_4000m;5.00;193;193;13.44;24.27
3900.00;4200.00;1968.00;23.01;E0_0_4100m;5.00;164;164;11.88;23.11
3900.00;4200.00;2316.00;23.79;E0_1_4100m;5.00;193;193;13.52;24.12
3900.00;4200.00;1980.00;23.06;E0_0_4200m;5.00;165;165;11.93;23.16
3900.00;4200.00;2352.00;23.67;E0_1_4200m;5.00;196;196;13.80;23.98
3900.00;4200.00;2028.00;23.09;E0_0_4300m;5.00;169;168;12.13;23.20
3900.00;4200.00;2376.00;23.63;E0_1_4300m;5.00;198;198;13.97;23.93
3900.00;4200.00;2052.00;23.10;E0_0_4400m;5.00;171;171;12.34;23.21
3900.00;4200.00;2412.00;23.63;E0_1_4400m;5.00;201;201;14.18;23.92
3900.00;4200.00;2088.00;23.14;E0_0_4500m;5.00;174;174;12.53;23.25
3900.00;4200.00;2460.00;23.63;E0_1_4500m;5.00;205;204;14.45;23.91
3900.00;4200.00;2088.00;23.16;E0_0_4600m;5.00;174;174;12.52;23.26
3900.00;4200.00;2496.00;23.66;E0_1_4600m;5.00;208;208;14.65;23.91
3900.00;4200.00;2088.00;23.11;E0_0_4700m;5.00;174;174;12.55;23.19
3900.00;4200.00;2508.00;23.66;E0_1_4700m;5.00;209;209;14.72;23.89
3900.00;4200.00;2076.00;23.09;E0_0_4800m;5.00;173;173;12.49;23.15
3900.00;4200.00;2508.00;23.68;E0_1_4800m;5.00;209;209;14.71;23.88
3900.00;4200.00;2064.00;23.24;E0_0_4900m;5.00;172;173;12.36;23.30
3900.00;4200.00;2544.00;23.76;E0_1_4900m;5.00;212;212;14.87;23.94
3900.00;4200.00;2052.00;23.36;E0_0_5000m;5.00;171;172;12.21;23.41
3900.00;4200.00;2544.00;23.83;E0_1_5000m;5.00;212;212;14.83;23.99
4200.00;4500.00;0.00;-1.00;E0_0_0m;-1.00;0;0;0.00;-1.00
4200.00;4500.00;0.00;-1.00;E0_1_0m;-1.00;0;0;0.00;-1.00
4200.00;4500.00;1848.00;26.11;E0_0_100m;5.00;154;155;9.85;26.28
4200.00;4500.00;1908.00;28.46;E0_1_100m;5.00;159;160;9.35;28.64
4200.00;4500.00;1824.00;25.96;E0_0_200m;5.00;152;152;9.76;26.16
4200.00;4500.00;1980.00;28.77;E0_1_200m;5.00;165;164;9.56;29.00
4200.00;4500.00;1812.00;25.77;E0_0_300m;5.00;151;152;9.79;25.96
4200.00;4500.00;1992.00;28.67;E0_1_300m;5.00;166;166;9.65;28.89
4200.00;4500.00;1776.00;25.61;E0_0_400m;5.00;148;149;9.70;25.82
4200.00;4500.00;1992.00;28.38;E0_1_400m;5.00;166;166;9.75;28.61
4200.00;4500.00;1764.00;25.35;E0_0_500m;5.00;147;147;9.66;25.54
4200.00;4500.00;1980.00;28.11;E0_1_500m;5.00;165;165;9.78;28.35
4200.00;4500.00;1728.00;25.24;E0_0_600m;5.00;144;144;9.51;25.42
4200.00;4500.00;1956.00;27.77;E0_1_600m;5.00;163;163;9.78;27.99
4200.00;4500.00;1680.00;25.11;E0_0_700m;5.00;140;140;9.29;25.29
4200.00;4500.00;1980.00;27.45;E0_1_700m;5.00;165;165;10.02;27.66
4200.00;4500.00;1644.00;25.09;E0_0_800m;5.00;137;137;9.10;25.26
4200.00;4500.00;2004.00;27.18;E0_1_800m;5.00;167;166;10.18;27.38
4200.00;4500.00;1584.00;25.13;E0_0_900m;5.00;132;133;8.78;25.28
4200.00;4500.00;2028.00;26.99;E0_1_900m;5.00;169;169;10.43;27.19
4200.00;4500.00;1572.00;25.14;E0_0_1000m;5.00;131;131;8.68;25.29
4200.00;4500.00;2028.00;26.96;E0_1_1000m;5.00;169;169;10.45;27.17
4200.00;4500.00;1596.00;25.14;E0_0_1100m;5.00;133;133;8.82;25.27
4200.00;4500.00;2004.00;27.00;E0_1_1100m;5.00;167;166;10.28;27.23
4200.00;4500.00;1596.00;25.13;E0_0_1200m;5.00;133;133;8.82;25.24
4200.00;4500.00;2004.00;26.91;E0_1_1200m;5.00;167;167;10.34;27.13
4200.00;4500.00;1608.00;24.99;E0_0_1300m;5.00;134;134;8.94;25.09
4200.00;4500.00;2028.00;26.82;E0_1_1300m;5.00;169;169;10.50;27.01
4200.00;4500.00;1620.00;24.98;E0_0_1400m;5.00;135;135;9.01;25.08
4200.00;4500.00;2016.00;26.76;E0_1_1400m;5.00;168;168;10.46;26.94
4200.00;4500.00;1572.00;24.85;E0_0_1500m;5.00;131;132;8.86;24.94
4200.00;4500.00;2040.00;26.74;E0_1_1500m;5.00;170;171;10.60;26.96
4200.00;4500.00;1572.00;24.93;E0_0_1600m;5.00;131;131;8.76;25.01
4200.00;4500.00;2064.00;26.60;E0_1_1600m;5.00;172;172;10.78;26.79
4200.00;4500.00;1560.00;24.90;E0_0_1700m;5.00;130;130;8.70;24.98
4200.00;4500.00;2076.00;26.58;E0_1_1700m;5.00;173;173;10.85;26.77
4200.00;4500.00;1572.00;24.81;E0_0_1800m;5.00;131;132;8.86;24.88
4200.00;4500.00;2052.00;26.59;E0_1_1800m;5.00;171;170;10.69;26.80
4200.00;4500.00;1524.00;24.87;E0_0_1900m;5.00;127;127;8.51;24.94
4200.00;4500.00;2088.00;26.68;E0_1_1900m;5.00;174;174;10.87;26.89
4200.00;4500.00;1512.00;25.03;E0_0_2000m;5.00;126;126;8.39;25.12
4200.00;4500.00;2064.00;26.91;E0_1_2000m;5.00;172;172;10.65;27.14
4200.00;4500.00;1548.00;25.08;E0_0_2100m;5.00;129;129;8.57;25.16
4200.00;4500.00;2076.00;27.02;E0_1_2100m;5.00;173;173;10.67;27.25
4200.00;4500.00;1536.00;25.11;E0_0_2200m;5.00;128;128;8.50;25.19
4200.00;4500.00;2076.00;27.00;E0_1_2200m;5.00;173;173;10.68;27.23
4200.00;4500.00;1548.00;25.12;E0_0_2300m;5.00;129;129;8.56;25.20
4200.00;4500.00;2076.00;26.89;E0_1_2300m;5.00;173;173;10.72;27.11
4200.00;4500.00;1572.00;25.08;E0_0_2400m;5.00;131;131;8.70;25.17
4200.00;4500.00;2064.00;26.88;E0_1_2400m;5.00;172;173;10.67;27.12
4200.00;4500.00;1584.00;25.04;E0_0_2500m;5.00;132;132;8.79;25.13
4200.00;4500.00;2076.00;26.94;E0_1_2500m;5.00;173;173;10.70;27.18
4200.00;4500.00;1608.00;24.96;E0_0_2600m;5.00;134;134;8.95;25.06
4200.00;4500.00;2124.00;26.93;E0_1_2600m;5.00;177;177;10.95;27.18
4200.00;4500.00;1692.00;24.86;E0_0_2700m;5.00;141;140;9.42;24.97
4200.00;4500.00;2124.00;26.82;E0_1_2700m;5.00;177;177;11.00;27.06
4200.00;4500.00;1692.00;24.79;E0_0_2800m;5.00;141;140;9.44;24.90
4200.00;4500.00;2196.00;26.74;E0_1_2800m;5.00;183;182;11.36;26.95
4200.00;4500.00;1752.00;24.84;E0_0_2900m;5.00;146;145;9.74;24.93
4200.00;4500.00;2196.00;26.67;E0_1_2900m;5.00;183;184;11.45;26.88
4200.00;4500.00;1752.00;24.92;E0_0_3000m;5.00;146;146;9.77;25.02
4200.00;4500.00;2220.00;26.63;E0_1_3000m;5.00;185;185;11.58;26.85
4200.00;4500.00;1776.00;24.82;E0_0_3100m;5.00;148;148;9.94;24.92
4200.00;4500.00;2196.00;26.70;E0_1_3100m;5.00;183;183;11.42;26.92
4200.00;4500.00;1812.00;24.84;E0_0_3200m;5.00;151;151;10.13;24.95
4200.00;4500.00;2172.00;26.62;E0_1_3200m;5.00;181;182;11.34;26.85
4200.00;4500.00;1812.00;24.77;E0_0_3300m;5.00;151;151;10.16;24.89
4200.00;4500.00;2184.00;26.49;E0_1_3300m;5.00;182;182;11.45;26.73
4200.00;4500.00;1812.00;24.60;E0_0_3400m;5.00;151;151;10.23;24.72
4200.00;4500.00;2196.00;26.40;E0_1_3400m;5.00;183;183;11.55;26.61
4200.00;4500.00;1812.00;24.54;E0_0_3500m;5.00;151;150;10.24;24.64
4200.00;4500.00;2208.00;26.28;E0_1_3500m;5.00;184;184;11.67;26.47
4200.00;4500.00;1836.00;24.76;E0_0_3600m;5.00;153;152;10.26;24.87
4200.00;4500.00;2172.00;26.15;E0_1_3600m;5.00;181;181;11.54;26.34
4200.00;4500.00;1860.00;24.86;E0_0_3700m;5.00;155;154;10.39;24.96
4200.00;4500.00;2184.00;26.06;E0_1_3700m;5.00;182;182;11.64;26.24
4200.00;4500.00;1860.00;24.82;E0_0_3800m;5.00;155;155;10.41;24.91
4200.00;4500.00;2196.00;25.97;E0_1_3800m;5.00;183;183;11.75;26.12
4200.00;4500.00;1896.00;24.82;E0_0_3900m;5.00;158;158;10.61;24.89
4200.00;4500.00;2220.00;25.93;E0_1_3900m;5.00;185;185;11.89;26.08
4200.00;4500.00;1908.00;24.68;E0_0_4000m;5.00;159;160;10.75;24.74
4200.00;4500.00;2208.00;25.78;E0_1_4000m;5.00;184;185;11.95;25.93
4200.00;4500.00;1884.00;24.50;E0_0_4100m;5.00;157;157;10.68;24.55
4200.00;4500.00;2220.00;25.69;E0_1_4100m;5.00;185;185;12.00;25.84
4200.00;4500.00;1848.00;24.30;E0_0_4200m;5.00;154;154;10.56;24.36
4200.00;4500.00;2220.00;25.66;E0_1_4200m;5.00;185;185;12.02;25.84
4200.00;4500.00;1812.00;24.27;E0_0_4300m;5.00;151;151;10.37;24.33
4200.00;4500.00;2184.00;25.66;E0_1_4300m;5.00;182;183;11.89;25.85
4200.00;4500.00;1788.00;24.39;E0_0_4400m;5.00;149;149;10.18;24.44
4200.00;4500.00;2148.00;25.67;E0_1_4400m;5.00;179;179;11.62;25.89
4200.00;4500.00;1776.00;24.45;E0_0_4500m;5.00;148;148;10.09;24.50
4200.00;4500.00;2112.00;25.66;E0_1_4500m;5.00;176;176;11.43;25.87
4200.00;4500.00;1776.00;24.65;E0_0_4600m;5.00;148;148;10.01;24.70
4200.00;4500.00;2088.00;25.66;E0_1_4600m;5.00;174;174;11.30;25.86
4200.00;4500.00;1764.00;24.66;E0_0_4700m;5.00;147;147;9.93;24.72
4200.00;4500.00;2100.00;25.77;E0_1_4700m;5.00;175;175;11.32;25.98
4200.00;4500.00;1776.00;24.60;E0_0_4800m;5.00;148;148;10.03;24.66
4200.00;4500.00;2088.00;25.90;E0_1_4800m;5.00;174;175;11.25;26.11
4200.00;4500.00;1764.00;24.60;E0_0_4900m;5.00;147;147;9.95;24.65
4200.00;4500.00;2076.00;25.95;E0_1_4900m;5.00;173;174;11.14;26.17
4200.00;4500.00;1764.00;24.59;E0_0_5000m;5.00;147;147;9.96;24.66
4200.00;4500.00;2076.00;26.19;E0_1_5000m;5.00;173;174;11.02;26.41
4500.00;4800.00;0.00;-1.00;E0_0_0m;-1.00;0;0;0.00;-1.00
4500.00;4800.00;0.00;-1.00;E0_1_0m;-1.00;0;0;0.00;-1.00
4500.00;4800.00;1704.00;25.37;E0_0_100m;5.00;142;142;9.33;25.53
4500.00;4800.00;2232.00;26.93;E0_1_100m;5.00;186;185;11.48;27.08
4500.00;4800.00;1740.00;25.66;E0_0_200m;5.00;145;146;9.44;25.86
4500.00;4800.00;2148.00;27.08;E0_1_200m;5.00;179;179;11.02;27.29
4500.00;4800.00;1740.00;25.64;E0_0_300m;5.00;145;145;9.42;25.83
4500.00;4800.00;2148.00;27.05;E0_1_300m;5.00;179;179;11.03;27.29
4500.00;4800.00;1764.00;25.59;E0_0_400m;5.00;147;146;9.51;25.74
4500.00;4800.00;2172.00;26.89;E0_1_400m;5.00;181;181;11.22;27.13
4500.00;4800.00;1776.00;25.40;E0_0_500m;5.00;148;148;9.71;25.54
4500.00;4800.00;2196.00;26.65;E0_1_500m;5.00;183;183;11.44;26.88
4500.00;4800.00;1788.00;25.28;E0_0_600m;5.00;149;149;9.82;25.42
4500.00;4800.00;2196.00;26.49;E0_1_600m;5.00;183;183;11.51;26.72
4500.00;4800.00;1776.00;25.19;E0_0_700m;5.00;148;148;9.79;25.34
4500.00;4800.00;2208.00;26.37;E0_1_700m;5.00;184;184;11.63;26.60
4500.00;4800.00;1800.00;25.14;E0_0_800m;5.00;150;150;9.94;25.30
4500.00;4800.00;2184.00;26.27;E0_1_800m;5.00;182;183;11.60;26.52
4500.00;4800.00;1812.00;24.74;E0_0_900m;5.00;151;150;10.15;24.93
4500.00;4800.00;2196.00;26.21;E0_1_900m;5.00;183;183;11.64;26.48
4500.00;4800.00;1824.00;24.41;E0_0_1000m;5.00;152;152;10.38;24.62
4500.00;4800.00;2208.00;26.04;E0_1_1000m;5.00;184;184;11.78;26.31
4500.00;4800.00;1860.00;24.26;E0_0_1100m;5.00;155;155;10.65;24.45
4500.00;4800.00;2196.00;25.83;E0_1_1100m;5.00;183;183;11.81;26.10
4500.00;4800.00;1872.00;24.24;E0_0_1200m;5.00;156;156;10.73;24.44
4500.00;4800.00;2232.00;25.66;E0_1_1200m;5.00;186;186;12.08;25.94
4500.00;4800.00;1848.00;24.17;E0_0_1300m;5.00;154;154;10.62;24.38
4500.00;4800.00;2232.00;25.58;E0_1_1300m;5.00;186;186;12.12;25.88
4500.00;4800.00;1836.00;24.08;E0_0_1400m;5.00;153;153;10.59;24.29
4500.00;4800.00;2220.00;25.53;E0_1_1400m;5.00;185;185;12.08;25.84
4500.00;4800.00;1836.00;23.97;E0_0_1500m;5.00;153;152;10.58;24.15
4500.00;4800.00;2208.00;25.56;E0_1_1500m;5.00;184;185;12.06;25.90
4500.00;4800.00;1824.00;23.99;E0_0_1600m;5.00;152;153;10.62;24.17
4500.00;4800.00;2172.00;25.54;E0_1_1600m;5.00;181;181;11.81;25.90
4500.00;4800.00;1788.00;23.97;E0_0_1700m;5.00;149;149;10.36;24.14
4500.00;4800.00;2184.00;25.52;E0_1_1700m;5.00;182;183;11.92;25.90
4500.00;4800.00;1776.00;24.01;E0_0_1800m;5.00;148;147;10.22;24.20
4500.00;4800.00;2160.00;25.40;E0_1_1800m;5.00;180;180;11.81;25.78
4500.00;4800.00;1752.00;23.91;E0_0_1900m;5.00;146;147;10.18;24.11
4500.00;4800.00;2184.00;25.35;E0_1_1900m;5.00;182;182;11.97;25.77
4500.00;4800.00;1752.00;23.72;E0_0_2000m;5.00;146;146;10.26;23.95
4500.00;4800.00;2184.00;25.46;E0_1_2000m;5.00;182;182;11.92;25.86
4500.00;4800.00;1752.00;23.81;E0_0_2100m;5.00;146;146;10.22;24.01
4500.00;4800.00;2148.00;25.46;E0_1_2100m;5.00;179;179;11.72;25.88
4500.00;4800.00;1788.00;23.88;E0_0_2200m;5.00;149;149;10.40;24.08
4500.00;4800.00;2160.00;25.45;E0_1_2200m;5.00;180;180;11.79;25.88
4500.00;4800.00;1824.00;23.73;E0_0_2300m;5.00;152;152;10.67;23.92
4500.00;4800.00;2184.00;25.40;E0_1_2300m;5.00;182;182;11.94;25.80
4500.00;4800.00;1812.00;23.60;E0_0_2400m;5.00;151;151;10.66;23.78
4500.00;4800.00;2208.00;25.22;E0_1_2400m;5.00;184;183;12.15;25.62
4500.00;4800.00;1800.00;23.47;E0_0_2500m;5.00;150;150;10.65;23.62
4500.00;4800.00;2196.00;25.12;E0_1_2500m;5.00;183;184;12.16;25.51
4500.00;4800.00;1776.00;23.28;E0_0_2600m;5.00;148;148;10.59;23.41
4500.00;4800.00;2172.00;25.00;E0_1_2600m;5.00;181;181;12.07;25.39
4500.00;4800.00;1776.00;23.15;E0_0_2700m;5.00;148;148;10.65;23.27
4500.00;4800.00;2172.00;24.96;E0_1_2700m;5.00;181;181;12.09;25.37
4500.00;4800.00;1776.00;23.02;E0_0_2800m;5.00;148;148;10.71;23.12
4500.00;4800.00;2160.00;24.94;E0_1_2800m;5.00;180;180;12.03;25.36
4500.00;4800.00;1752.00;22.93;E0_0_2900m;5.00;146;146;10.61;23.02
4500.00;4800.00;2148.00;24.81;E0_1_2900m;5.00;179;179;12.03;25.22
4500.00;4800.00;1776.00;22.87;E0_0_3000m;5.00;148;148;10.78;22.96
4500.00;4800.00;2160.00;24.70;E0_1_3000m;5.00;180;180;12.15;25.09
4500.00;4800.00;1764.00;22.79;E0_0_3100m;5.00;147;148;10.77;22.87
4500.00;4800.00;2172.00;24.58;E0_1_3100m;5.00;181;181;12.27;24.97
4500.00;4800.00;1752.00;22.75;E0_0_3200m;5.00;146;146;10.70;22.82
4500.00;4800.00;2172.00;24.64;E0_1_3200m;5.00;181;180;12.24;25.03
4500.00;4800.00;1752.00;22.71;E0_0_3300m;5.00;146;146;10.72;22.78
4500.00;4800.00;2160.00;24.69;E0_1_3300m;5.00;180;180;12.15;25.07
4500.00;4800.00;1752.00;22.69;E0_0_3400m;5.00;146;146;10.72;22.76
4500.00;4800.00;2148.00;24.73;E0_1_3400m;5.00;179;179;12.06;25.11
4500.00;4800.00;1752.00;22.72;E0_0_3500m;5.00;146;146;10.71;22.79
4500.00;4800.00;2148.00;24.78;E0_1_3500m;5.00;179;179;12.04;25.15
4500.00;4800.00;1752.00;22.80;E0_0_3600m;5.00;146;146;10.67;22.87
4500.00;4800.00;2136.00;24.91;E0_1_3600m;5.00;178;178;11.91;25.29
4500.00;4800.00;1728.00;22.94;E0_0_3700m;5.00;144;145;10.47;23.02
4500.00;4800.00;2124.00;25.04;E0_1_3700m;5.00;177;177;11.78;25.46
4500.00;4800.00;1728.00;23.17;E0_0_3800m;5.00;144;144;10.36;23.28
4500.00;4800.00;2112.00;25.17;E0_1_3800m;5.00;176;176;11.65;25.61
4500.00;4800.00;1704.00;23.11;E0_0_3900m;5.00;142;142;10.24;23.22
4500.00;4800.00;2088.00;25.21;E0_1_3900m;5.00;174;174;11.50;25.64
4500.00;4800.00;1680.00;23.06;E0_0_4000m;5.00;140;139;10.11;23.17
4500.00;4800.00;2088.00;25.31;E0_1_4000m;5.00;174;174;11.44;25.72
4500.00;4800.00;1680.00;23.09;E0_0_4100m;5.00;140;140;10.10;23.21
4500.00;4800.00;2064.00;25.38;E0_1_4100m;5.00;172;172;11.29;25.78
4500.00;4800.00;1692.00;23.10;E0_0_4200m;5.00;141;141;10.17;23.21
4500.00;4800.00;2040.00;25.38;E0_1_4200m;5.00;170;170;11.16;25.76
4500.00;4800.00;1656.00;23.00;E0_0_4300m;5.00;138;138;10.00;23.09
4500.00;4800.00;2088.00;25.30;E0_1_4300m;5.00;174;173;11.39;25.63
4500.00;4800.00;1668.00;22.99;E0_0_4400m;5.00;139;139;10.08;23.07
4500.00;4800.00;2064.00;25.30;E0_1_4400m;5.00;172;173;11.39;25.61
4500.00;4800.00;1656.00;23.00;E0_0_4500m;5.00;138;138;10.00;23.08
4500.00;4800.00;2052.00;25.24;E0_1_4500m;5.00;171;171;11.29;25.53
4500.00;4800.00;1656.00;23.04;E0_0_4600m;5.00;138;138;9.98;23.12
4500.00;4800.00;2040.00;25.18;E0_1_4600m;5.00;170;170;11.25;25.46
4500.00;4800.00;1644.00;23.14;E0_0_4700m;5.00;137;138;9.89;23.24
4500.00;4800.00;2028.00;25.27;E0_1_4700m;5.00;169;169;11.15;25.56
4500.00;4800.00;1632.00;23.33;E0_0_4800m;5.00;136;136;9.72;23.43
4500.00;4800.00;2040.00;25.41;E0_1_4800m;5.00;170;169;11.10;25.69
4500.00;4800.00;1644.00;23.47;E0_0_4900m;5.00;137;137;9.73;23.57
4500.00;4800.00;2028.00;25.49;E0_1_4900m;5.00;169;168;11.02;25.75
4500.00;4800.00;1644.00;23.62;E0_0_5000m;5.00;137;136;9.65;23.73
4500.00;4800.00;2016.00;25.59;E0_1_5000m;5.00;168;168;11.00;25.82
4800.00;5100.00;0.00;-1.00;E0_0_0m;-1.00;0;0;0.00;-1.00
4800.00;5100.00;0.00;-1.00;E0_1_0m;-1.00;0;0;0.00;-1.00
4800.00;5100.00;1692.00;26.35;E0_0_100m;5.00;141;141;8.92;26.48
4800.00;5100.00;2208.00;27.17;E0_1_100m;5.00;184;184;11.29;27.34
4800.00;5100.00;1692.00;26.34;E0_0_200m;5.00;141;140;8.90;26.50
4800.00;5100.00;2196.00;27.40;E0_1_200m;5.00;183;183;11.13;27.63
4800.00;5100.00;1680.00;26.15;E0_0_300m;5.00;140;140;8.92;26.28
4800.00;5100.00;2196.00;27.13;E0_1_300m;5.00;183;183;11.24;27.36
4800.00;5100.00;1644.00;25.98;E0_0_400m;5.00;137;137;8.79;26.11
4800.00;5100.00;2208.00;26.99;E0_1_400m;5.00;184;184;11.36;27.20
4800.00;5100.00;1668.00;25.78;E0_0_500m;5.00;139;139;8.99;25.90
4800.00;5100.00;2184.00;26.92;E0_1_500m;5.00;182;183;11.30;27.13
4800.00;5100.00;1668.00;25.61;E0_0_600m;5.00;139;140;9.10;25.73
4800.00;5100.00;2208.00;26.67;E0_1_600m;5.00;184;184;11.50;26.88
4800.00;5100.00;1644.00;25.54;E0_0_700m;5.00;137;137;8.94;25.66
4800.00;5100.00;2220.00;26.45;E0_1_700m;5.00;185;185;11.66;26.64
4800.00;5100.00;1656.00;25.44;E0_0_800m;5.00;138;138;9.04;25.56
4800.00;5100.00;2244.00;26.28;E0_1_800m;5.00;187;186;11.81;26.46
4800.00;5100.00;1692.00;25.31;E0_0_900m;5.00;141;141;9.28;25.42
4800.00;5100.00;2256.00;26.06;E0_1_900m;5.00;188;188;12.02;26.20
4800.00;5100.00;1692.00;25.11;E0_0_1000m;5.00;141;141;9.36;25.21
4800.00;5100.00;2256.00;25.84;E0_1_1000m;5.00;188;188;12.13;25.95
4800.00;5100.00;1704.00;24.95;E0_0_1100m;5.00;142;143;9.54;25.04
4800.00;5100.00;2220.00;25.63;E0_1_1100m;5.00;185;185;12.03;25.73
4800.00;5100.00;1704.00;24.77;E0_0_1200m;5.00;142;142;9.56;24.86
4800.00;5100.00;2172.00;25.43;E0_1_1200m;5.00;181;181;11.86;25.53
4800.00;5100.00;1692.00;24.62;E0_0_1300m;5.00;141;141;9.55;24.68
4800.00;5100.00;2184.00;25.28;E0_1_1300m;5.00;182;183;12.05;25.37
4800.00;5100.00;1704.00;24.53;E0_0_1400m;5.00;142;142;9.65;24.59
4800.00;5100.00;2184.00;25.15;E0_1_1400m;5.00;182;182;12.06;25.24
4800.00;5100.00;1704.00;24.44;E0_0_1500m;5.00;142;143;9.69;24.50
4800.00;5100.00;2196.00;25.01;E0_1_1500m;5.00;183;182;12.13;25.10
4800.00;5100.00;1716.00;24.43;E0_0_1600m;5.00;143;142;9.69;24.48
4800.00;5100.00;2208.00;24.95;E0_1_1600m;5.00;184;184;12.29;25.02
4800.00;5100.00;1716.00;24.39;E0_0_1700m;5.00;143;143;9.77;24.43
4800.00;5100.00;2196.00;24.97;E0_1_1700m;5.00;183;182;12.18;25.05
4800.00;5100.00;1728.00;24.36;E0_0_1800m;5.00;144;144;9.85;24.41
4800.00;5100.00;2184.00;25.00;E0_1_1800m;5.00;182;182;12.13;25.08
4800.00;5100.00;1752.00;24.30;E0_0_1900m;5.00;146;146;10.01;24.35
4800.00;5100.00;2160.00;24.87;E0_1_1900m;5.00;180;180;12.06;24.95
4800.00;5100.00;1740.00;24.15;E0_0_2000m;5.00;145;145;10.01;24.19
4800.00;5100.00;2172.00;24.72;E0_1_2000m;5.00;181;181;12.20;24.80
4800.00;5100.00;1716.00;24.02;E0_0_2100m;5.00;143;143;9.92;24.05
4800.00;5100.00;2184.00;24.66;E0_1_2100m;5.00;182;182;12.30;24.74
4800.00;5100.00;1692.00;23.99;E0_0_2200m;5.00;141;141;9.80;24.02
4800.00;5100.00;2172.00;24.65;E0_1_2200m;5.00;181;181;12.24;24.73
4800.00;5100.00;1680.00;23.96;E0_0_2300m;5.00;140;140;9.74;24.01
4800.00;5100.00;2124.00;24.64;E0_1_2300m;5.00;177;177;11.97;24.72
4800.00;5100.00;1656.00;23.80;E0_0_2400m;5.00;138;139;9.68;23.85
4800.00;5100.00;2124.00;24.58;E0_1_2400m;5.00;177;177;12.00;24.65
4800.00;5100.00;1668.00;23.75;E0_0_2500m;5.00;139;139;9.75;23.80
4800.00;5100.00;2112.00;24.53;E0_1_2500m;5.00;176;175;11.95;24.60
4800.00;5100.00;1656.00;23.86;E0_0_2600m;5.00;138;138;9.64;23.93
4800.00;5100.00;2100.00;24.48;E0_1_2600m;5.00;175;175;11.91;24.56
4800.00;5100.00;1620.00;23.78;E0_0_2700m;5.00;135;135;9.46;23.84
4800.00;5100.00;2064.00;24.39;E0_1_2700m;5.00;172;172;11.75;24.44
4800.00;5100.00;1596.00;23.76;E0_0_2800m;5.00;133;133;9.33;23.82
4800.00;5100.00;2016.00;24.37;E0_1_2800m;5.00;168;169;11.56;24.41
4800.00;5100.00;1572.00;23.90;E0_0_2900m;5.00;131;131;9.14;23.96
4800.00;5100.00;2004.00;24.43;E0_1_2900m;5.00;167;167;11.39;24.48
4800.00;5100.00;1536.00;24.02;E0_0_3000m;5.00;128;128;8.88;24.08
4800.00;5100.00;1968.00;24.50;E0_1_3000m;5.00;164;164;11.16;24.56
4800.00;5100.00;1524.00;24.11;E0_0_3100m;5.00;127;128;8.82;24.16
4800.00;5100.00;1980.00;24.53;E0_1_3100m;5.00;165;165;11.21;24.60
4800.00;5100.00;1536.00;24.08;E0_0_3200m;5.00;128;129;8.91;24.13
4800.00;5100.00;1968.00;24.49;E0_1_3200m;5.00;164;164;11.16;24.55
4800.00;5100.00;1548.00;24.03;E0_0_3300m;5.00;129;130;8.96;24.08
4800.00;5100.00;1968.00;24.39;E0_1_3300m;5.00;164;164;11.21;24.43
4800.00;5100.00;1560.00;23.99;E0_0_3400m;5.00;130;130;9.03;24.04
4800.00;5100.00;1968.00;24.31;E0_1_3400m;5.00;164;164;11.24;24.36
4800.00;5100.00;1548.00;23.95;E0_0_3500m;5.00;129;129;8.98;24.00
4800.00;5100.00;1968.00;24.27;E0_1_3500m;5.00;164;164;11.26;24.32
4800.00;5100.00;1560.00;23.86;E0_0_3600m;5.00;130;131;9.10;23.92
4800.00;5100.00;1956.00;24.25;E0_1_3600m;5.00;163;164;11.26;24.30
4800.00;5100.00;1572.00;23.86;E0_0_3700m;5.00;131;130;9.14;23.92
4800.00;5100.00;1956.00;24.25;E0_1_3700m;5.00;163;164;11.23;24.30
4800.00;5100.00;1560.00;23.97;E0_0_3800m;5.00;130;130;9.04;24.03
4800.00;5100.00;1968.00;24.26;E0_1_3800m;5.00;164;164;11.26;24.32
4800.00;5100.00;1560.00;23.96;E0_0_3900m;5.00;130;130;9.04;24.02
4800.00;5100.00;1992.00;24.27;E0_1_3900m;5.00;166;166;11.40;24.33
4800.00;5100.00;1620.00;23.90;E0_0_4000m;5.00;135;135;9.41;23.96
4800.00;5100.00;2016.00;24.25;E0_1_4000m;5.00;168;167;11.51;24.32
4800.00;5100.00;1644.00;23.86;E0_0_4100m;5.00;137;138;9.58;23.91
4800.00;5100.00;2064.00;24.09;E0_1_4100m;5.00;172;172;11.90;24.18
4800.00;5100.00;1668.00;23.81;E0_0_4200m;5.00;139;139;9.73;23.86
4800.00;5100.00;2112.00;24.12;E0_1_4200m;5.00;176;176;12.16;24.19
4800.00;5100.00;1704.00;23.71;E0_0_4300m;5.00;142;142;9.98;23.76
4800.00;5100.00;2148.00;24.11;E0_1_4300m;5.00;179;179;12.38;24.17
4800.00;5100.00;1704.00;23.75;E0_0_4400m;5.00;142;142;9.97;23.80
4800.00;5100.00;2160.00;24.02;E0_1_4400m;5.00;180;179;12.43;24.07
4800.00;5100.00;1716.00;23.82;E0_0_4500m;5.00;143;143;10.00;23.86
4800.00;5100.00;2160.00;23.95;E0_1_4500m;5.00;180;180;12.52;23.99
4800.00;5100.00;1728.00;23.87;E0_0_4600m;5.00;144;145;10.07;23.90
4800.00;5100.00;2160.00;23.95;E0_1_4600m;5.00;180;180;12.53;23.98
4800.00;5100.00;1752.00;23.91;E0_0_4700m;5.00;146;146;10.21;23.94
4800.00;5100.00;2160.00;23.98;E0_1_4700m;5.00;180;181;12.55;24.01
4800.00;5100.00;1776.00;23.97;E0_0_4800m;5.00;148;148;10.29;24.00
4800.00;5100.00;2160.00;24.04;E0_1_4800m;5.00;180;181;12.53;24.06
4800.00;5100.00;1776.00;24.01;E0_0_4900m;5.00;148;148;10.27;24.03
4800.00;5100.00;2184.00;24.10;E0_1_4900m;5.00;182;182;12.58;24.13
4800.00;5100.00;1788.00;24.01;E0_0_5000m;5.00;149;149;10.34;24.05
4800.00;5100.00;2196.00;24.19;E0_1_5000m;5.00;183;182;12.54;24.21
5100.00;5400.00;0.00;-1.00;E0_0_0m;-1.00;0;0;0.00;-1.00
5100.00;5400.00;0.00;-1.00;E0_1_0m;-1.00;0;0;0.00;-1.00
5100.00;5400.00;1620.00;25.51;E0_0_100m;5.00;135;135;8.82;25.70
5100.00;5400.00;2232.00;27.00;E0_1_100m;5.00;186;186;11.48;27.18
5100.00;5400.00;1632.00;25.58;E0_0_200m;5.00;136;136;8.86;25.81
5100.00;5400.00;2232.00;27.31;E0_1_200m;5.00;186;186;11.35;27.56
5100.00;5400.00;1620.00;25.47;E0_0_300m;5.00;135;136;8.84;25.69
5100.00;5400.00;2232.00;27.10;E0_1_300m;5.00;186;186;11.44;27.34
5100.00;5400.00;1608.00;25.34;E0_0_400m;5.00;134;134;8.81;25.56
5100.00;5400.00;2244.00;26.82;E0_1_400m;5.00;187;188;11.64;27.05
5100.00;5400.00;1608.00;25.19;E0_0_500m;5.00;134;134;8.87;25.44
5100.00;5400.00;2220.00;26.49;E0_1_500m;5.00;185;185;11.64;26.73
5100.00;5400.00;1620.00;25.00;E0_0_600m;5.00;135;135;9.00;25.24
5100.00;5400.00;2184.00;26.19;E0_1_600m;5.00;182;183;11.60;26.44
5100.00;5400.00;1644.00;24.75;E0_0_700m;5.00;137;137;9.23;24.97
5100.00;5400.00;2172.00;25.82;E0_1_700m;5.00;181;181;11.68;26.08
5100.00;5400.00;1608.00;24.44;E0_0_800m;5.00;134;135;9.18;24.67
5100.00;5400.00;2196.00;25.58;E0_1_800m;5.00;183;183;11.93;25.85
5100.00;5400.00;1608.00;24.29;E0_0_900m;5.00;134;135;9.25;24.50
5100.00;5400.00;2160.00;25.49;E0_1_900m;5.00;180;180;11.77;25.84
5100.00;5400.00;1584.00;24.02;E0_0_1000m;5.00;132;132;9.16;24.25
5100.00;5400.00;2148.00;25.15;E0_1_1000m;5.00;179;179;11.86;25.48
5100.00;5400.00;1584.00;23.91;E0_0_1100m;5.00;132;132;9.18;24.14
5100.00;5400.00;2136.00;24.85;E0_1_1100m;5.00;178;178;11.94;25.20
5100.00;5400.00;1584.00;23.77;E0_0_1200m;5.00;132;132;9.26;24.00
5100.00;5400.00;2136.00;24.68;E0_1_1200m;5.00;178;179;12.08;25.05
5100.00;5400.00;1608.00;23.66;E0_0_1300m;5.00;134;134;9.44;23.89
5100.00;5400.00;2136.00;24.61;E0_1_1300m;5.00;178;177;12.00;24.99
5100.00;5400.00;1632.00;23.67;E0_0_1400m;5.00;136;136;9.58;23.90
5100.00;5400.00;2100.00;24.54;E0_1_1400m;5.00;175;176;11.92;24.91
5100.00;5400.00;1632.00;23.47;E0_0_1500m;5.00;136;135;9.65;23.70
5100.00;5400.00;2112.00;24.43;E0_1_1500m;5.00;176;177;12.04;24.80
5100.00;5400.00;1632.00;23.29;E0_0_1600m;5.00;136;136;9.73;23.51
5100.00;5400.00;2124.00;24.11;E0_1_1600m;5.00;177;178;12.24;24.45
5100.00;5400.00;1632.00;23.16;E0_0_1700m;5.00;136;136;9.79;23.36
5100.00;5400.00;2124.00;23.93;E0_1_1700m;5.00;177;177;12.33;24.25
5100.00;5400.00;1644.00;23.10;E0_0_1800m;5.00;137;137;9.88;23.29
5100.00;5400.00;2112.00;23.89;E0_1_1800m;5.00;176;176;12.28;24.20
5100.00;5400.00;1644.00;23.02;E0_0_1900m;5.00;137;137;9.92;23.19
5100.00;5400.00;2112.00;23.80;E0_1_1900m;5.00;176;176;12.33;24.10
5100.00;5400.00;1608.00;23.05;E0_0_2000m;5.00;134;134;9.69;23.23
5100.00;5400.00;2124.00;23.93;E0_1_2000m;5.00;177;177;12.33;24.25
5100.00;5400.00;1620.00;23.07;E0_0_2100m;5.00;135;135;9.75;23.24
5100.00;5400.00;2112.00;24.04;E0_1_2100m;5.00;176;176;12.20;24.36
5100.00;5400.00;1596.00;23.10;E0_0_2200m;5.00;133;133;9.60;23.26
5100.00;5400.00;2124.00;24.07;E0_1_2200m;5.00;177;177;12.26;24.40
5100.00;5400.00;1596.00;23.11;E0_0_2300m;5.00;133;133;9.59;23.27
5100.00;5400.00;2100.00;24.02;E0_1_2300m;5.00;175;175;12.14;24.33
5100.00;5400.00;1608.00;23.17;E0_0_2400m;5.00;134;133;9.62;23.34
5100.00;5400.00;2088.00;23.96;E0_1_2400m;5.00;174;174;12.11;24.24
5100.00;5400.00;1596.00;23.16;E0_0_2500m;5.00;133;133;9.57;23.32
5100.00;5400.00;2100.00;23.99;E0_1_2500m;5.00;175;175;12.16;24.24
5100.00;5400.00;1608.00;23.16;E0_0_2600m;5.00;134;134;9.65;23.30
5100.00;5400.00;2088.00;23.94;E0_1_2600m;5.00;174;174;12.11;24.17
5100.00;5400.00;1608.00;23.17;E0_0_2700m;5.00;134;134;9.64;23.31
5100.00;5400.00;2088.00;23.92;E0_1_2700m;5.00;174;174;12.12;24.14
5100.00;5400.00;1644.00;23.22;E0_0_2800m;5.00;137;137;9.83;23.36
5100.00;5400.00;2088.00;23.95;E0_1_2800m;5.00;174;173;12.04;24.17
5100.00;5400.00;1668.00;23.16;E0_0_2900m;5.00;139;139;10.00;23.28
5100.00;5400.00;2064.00;23.91;E0_1_2900m;5.00;172;173;12.00;24.09
5100.00;5400.00;1668.00;23.10;E0_0_3000m;5.00;139;139;10.03;23.19
5100.00;5400.00;2064.00;23.87;E0_1_3000m;5.00;172;172;12.01;24.02
5100.00;5400.00;1668.00;23.01;E0_0_3100m;5.00;139;139;10.08;23.07
5100.00;5400.00;2052.00;23.75;E0_1_3100m;5.00;171;171;12.00;23.85
5100.00;5400.00;1668.00;22.97;E0_0_3200m;5.00;139;138;10.03;23.02
5100.00;5400.00;2052.00;23.65;E0_1_3200m;5.00;171;171;12.05;23.72
5100.00;5400.00;1656.00;22.96;E0_0_3300m;5.00;138;137;10.01;23.00
5100.00;5400.00;2052.00;23.63;E0_1_3300m;5.00;171;171;12.06;23.70
5100.00;5400.00;1656.00;22.96;E0_0_3400m;5.00;138;138;10.02;23.00
5100.00;5400.00;2028.00;23.63;E0_1_3400m;5.00;169;169;11.92;23.68
5100.00;5400.00;1668.00;22.96;E0_0_3500m;5.00;139;139;10.09;22.99
5100.00;5400.00;2052.00;23.58;E0_1_3500m;5.00;171;171;12.09;23.61
5100.00;5400.00;1704.00;22.95;E0_0_3600m;5.00;142;141;10.30;22.98
5100.00;5400.00;2100.00;23.52;E0_1_3600m;5.00;175;174;12.34;23.55
5100.00;5400.00;1728.00;22.94;E0_0_3700m;5.00;144;144;10.46;22.97
5100.00;5400.00;2136.00;23.49;E0_1_3700m;5.00;178;177;12.61;23.52
5100.00;5400.00;1740.00;22.95;E0_0_3800m;5.00;145;145;10.53;22.97
5100.00;5400.00;2184.00;23.50;E0_1_3800m;5.00;182;182;12.91;23.54
5100.00;5400.00;1764.00;22.95;E0_0_3900m;5.00;147;147;10.68;22.98
5100.00;5400.00;2184.00;23.55;E0_1_3900m;5.00;182;182;12.88;23.61
5100.00;5400.00;1764.00;22.99;E0_0_4000m;5.00;147;147;10.66;23.01
5100.00;5400.00;2184.00;23.55;E0_1_4000m;5.00;182;182;12.88;23.60
5100.00;5400.00;1764.00;23.00;E0_0_4100m;5.00;147;147;10.65;23.03
5100.00;5400.00;2184.00;23.52;E0_1_4100m;5.00;182;182;12.90;23.55
5100.00;5400.00;1764.00;23.05;E0_0_4200m;5.00;147;147;10.63;23.08
5100.00;5400.00;2184.00;23.50;E0_1_4200m;5.00;182;182;12.91;23.52
5100.00;5400.00;1752.00;23.12;E0_0_4300m;5.00;146;146;10.52;23.16
5100.00;5400.00;2196.00;23.57;E0_1_4300m;5.00;183;183;12.94;23.60
5100.00;5400.00;1788.00;23.18;E0_0_4400m;5.00;149;149;10.71;23.22
5100.00;5400.00;2220.00;23.69;E0_1_4400m;5.00;185;185;13.01;23.73
5100.00;5400.00;1788.00;23.28;E0_0_4500m;5.00;149;149;10.67;23.33
5100.00;5400.00;2232.00;23.76;E0_1_4500m;5.00;186;186;13.05;23.80
5100.00;5400.00;1764.00;23.38;E0_0_4600m;5.00;147;146;10.46;23.43
5100.00;5400.00;2232.00;23.85;E0_1_4600m;5.00;186;186;13.00;23.90
5100.00;5400.00;1752.00;23.47;E0_0_4700m;5.00;146;145;10.31;23.51
5100.00;5400.00;2232.00;24.00;E0_1_4700m;5.00;186;185;12.88;24.07
5100.00;5400.00;1740.00;23.71;E0_0_4800m;5.00;145;145;10.19;23.75
5100.00;5400.00;2208.00;24.09;E0_1_4800m;5.00;184;183;12.68;24.18
5100.00;5400.00;1764.00;23.81;E0_0_4900m;5.00;147;147;10.29;23.85
5100.00;5400.00;2196.00;24.17;E0_1_4900m;5.00;183;183;12.62;24.27
5100.00;5400.00;1764.00;23.87;E0_0_5000m;5.00;147;147;10.26;23.91
5100.00;5400.00;2196.00;24.23;E0_1_5000m;5.00;183;183;12.59;24.33
5400.00;5700.00;0.00;-1.00;E0_0_0m;-1.00;0;0;0.00;-1.00
5400.00;5700.00;0.00;-1.00;E0_1_0m;-1.00;0;0;0.00;-1.00
5400.00;5700.00;1992.00;24.93;E0_0_100m;5.00;166;168;11.20;25.07
5400.00;5700.00;2352.00;26.68;E0_1_100m;5.00;196;196;12.24;26.84
5400.00;5700.00;2040.00;25.26;E0_0_200m;5.00;170;172;11.33;25.44
5400.00;5700.00;2304.00;27.30;E0_1_200m;5.00;192;193;11.78;27.48
5400.00;5700.00;2040.00;25.29;E0_0_300m;5.00;170;169;11.20;25.46
5400.00;5700.00;2304.00;27.41;E0_1_300m;5.00;192;192;11.68;27.63
5400.00;5700.00;1992.00;25.33;E0_0_400m;5.00;166;166;10.92;25.52
5400.00;5700.00;2304.00;27.34;E0_1_400m;5.00;192;192;11.70;27.56
5400.00;5700.00;1956.00;25.34;E0_0_500m;5.00;163;163;10.72;25.52
5400.00;5700.00;2316.00;27.36;E0_1_500m;5.00;193;193;11.76;27.57
5400.00;5700.00;1944.00;25.37;E0_0_600m;5.00;162;162;10.64;25.53
5400.00;5700.00;2304.00;27.38;E0_1_600m;5.00;192;192;11.69;27.56
5400.00;5700.00;1920.00;25.35;E0_0_700m;5.00;160;160;10.52;25.51
5400.00;5700.00;2316.00;27.37;E0_1_700m;5.00;193;193;11.75;27.53
5400.00;5700.00;1896.00;25.26;E0_0_800m;5.00;158;158;10.42;25.42
5400.00;5700.00;2304.00;27.38;E0_1_800m;5.00;192;192;11.69;27.53
5400.00;5700.00;1884.00;25.18;E0_0_900m;5.00;157;157;10.39;25.34
5400.00;5700.00;2292.00;27.37;E0_1_900m;5.00;191;191;11.63;27.49
5400.00;5700.00;1896.00;25.13;E0_0_1000m;5.00;158;158;10.48;25.28
5400.00;5700.00;2268.00;27.43;E0_1_1000m;5.00;189;190;11.54;27.54
5400.00;5700.00;1896.00;25.10;E0_0_1100m;5.00;158;158;10.47;25.26
5400.00;5700.00;2268.00;27.49;E0_1_1100m;5.00;189;190;11.47;27.58
5400.00;5700.00;1872.00;25.16;E0_0_1200m;5.00;156;156;10.33;25.33
5400.00;5700.00;2280.00;27.56;E0_1_1200m;5.00;190;189;11.43;27.62
5400.00;5700.00;1848.00;25.16;E0_0_1300m;5.00;154;154;10.20;25.33
5400.00;5700.00;2268.00;27.54;E0_1_1300m;5.00;189;189;11.44;27.60
5400.00;5700.00;1896.00;25.05;E0_0_1400m;5.00;158;158;10.51;25.22
5400.00;5700.00;2256.00;27.38;E0_1_1400m;5.00;188;187;11.41;27.48
5400.00;5700.00;1932.00;24.86;E0_0_1500m;5.00;161;161;10.79;25.04
5400.00;5700.00;2256.00;27.06;E0_1_1500m;5.00;188;187;11.55;27.21
5400.00;5700.00;1920.00;24.72;E0_0_1600m;5.00;160;160;10.79;24.91
5400.00;5700.00;2244.00;26.70;E0_1_1600m;5.00;187;186;11.66;26.91
5400.00;5700.00;1932.00;24.26;E0_0_1700m;5.00;161;161;11.06;24.47
5400.00;5700.00;2244.00;26.29;E0_1_1700m;5.00;187;187;11.85;26.56
5400.00;5700.00;1956.00;23.78;E0_0_1800m;5.00;163;163;11.42;24.01
5400.00;5700.00;2280.00;25.88;E0_1_1800m;5.00;190;191;12.30;26.19
5400.00;5700.00;1956.00;23.68;E0_0_1900m;5.00;163;163;11.47;23.88
5400.00;5700.00;2280.00;25.48;E0_1_1900m;5.00;190;190;12.43;25.82
5400.00;5700.00;1980.00;23.51;E0_0_2000m;5.00;165;166;11.76;23.71
5400.00;5700.00;2280.00;25.26;E0_1_2000m;5.00;190;190;12.54;25.67
5400.00;5700.00;2028.00;23.47;E0_0_2100m;5.00;169;169;12.00;23.67
5400.00;5700.00;2292.00;25.05;E0_1_2100m;5.00;191;191;12.71;25.44
5400.00;5700.00;2040.00;23.48;E0_0_2200m;5.00;170;170;12.07;23.69
5400.00;5700.00;2340.00;24.92;E0_1_2200m;5.00;195;195;13.04;25.30
5400.00;5700.00;2100.00;23.22;E0_0_2300m;5.00;175;175;12.56;23.43
5400.00;5700.00;2328.00;24.69;E0_1_2300m;5.00;194;194;13.10;25.10
5400.00;5700.00;2112.00;23.01;E0_0_2400m;5.00;176;176;12.75;23.20
5400.00;5700.00;2340.00;24.41;E0_1_2400m;5.00;195;195;13.32;24.82
5400.00;5700.00;2088.00;22.74;E0_0_2500m;5.00;174;174;12.75;22.94
5400.00;5700.00;2352.00;24.11;E0_1_2500m;5.00;196;196;13.55;24.52
5400.00;5700.00;2088.00;22.64;E0_0_2600m;5.00;174;175;12.86;22.81
5400.00;5700.00;2376.00;23.93;E0_1_2600m;5.00;198;198;13.79;24.35
5400.00;5700.00;2136.00;22.45;E0_0_2700m;5.00;178;178;13.21;22.62
5400.00;5700.00;2388.00;23.75;E0_1_2700m;5.00;199;199;13.96;24.19
5400.00;5700.00;2124.00;22.13;E0_0_2800m;5.00;177;177;13.33;22.27
5400.00;5700.00;2436.00;23.48;E0_1_2800m;5.00;203;203;14.41;23.92
5400.00;5700.00;2124.00;21.80;E0_0_2900m;5.00;177;177;13.53;21.93
5400.00;5700.00;2472.00;23.15;E0_1_2900m;5.00;206;205;14.82;23.58
5400.00;5700.00;2148.00;21.58;E0_0_3000m;5.00;179;179;13.82;21.70
5400.00;5700.00;2472.00;22.88;E0_1_3000m;5.00;206;206;15.01;23.28
5400.00;5700.00;2148.00;21.39;E0_0_3100m;5.00;179;178;13.89;21.50
5400.00;5700.00;2496.00;22.63;E0_1_3100m;5.00;208;208;15.32;23.00
5400.00;5700.00;2136.00;21.37;E0_0_3200m;5.00;178;178;13.89;21.43
5400.00;5700.00;2508.00;22.41;E0_1_3200m;5.00;209;209;15.54;22.75
5400.00;5700.00;2136.00;21.29;E0_0_3300m;5.00;178;178;13.93;21.34
5400.00;5700.00;2508.00;22.18;E0_1_3300m;5.00;209;209;15.71;22.46
5400.00;5700.00;2136.00;21.22;E0_0_3400m;5.00;178;179;13.99;21.26
5400.00;5700.00;2520.00;22.00;E0_1_3400m;5.00;210;210;15.91;22.22
5400.00;5700.00;2112.00;21.08;E0_0_3500m;5.00;176;176;13.92;21.11
5400.00;5700.00;2508.00;21.82;E0_1_3500m;5.00;209;209;15.97;21.99
5400.00;5700.00;2076.00;21.07;E0_0_3600m;5.00;173;173;13.68;21.09
5400.00;5700.00;2472.00;21.71;E0_1_3600m;5.00;206;206;15.82;21.86
5400.00;5700.00;2052.00;21.00;E0_0_3700m;5.00;171;171;13.57;21.03
5400.00;5700.00;2436.00;21.63;E0_1_3700m;5.00;203;203;15.64;21.76
5400.00;5700.00;2016.00;20.86;E0_0_3800m;5.00;168;168;13.42;20.91
5400.00;5700.00;2400.00;21.57;E0_1_3800m;5.00;200;200;15.46;21.67
5400.00;5700.00;1980.00;21.04;E0_0_3900m;5.00;165;165;13.07;21.07
5400.00;5700.00;2364.00;21.56;E0_1_3900m;5.00;197;197;15.23;21.65
5400.00;5700.00;1932.00;21.15;E0_0_4000m;5.00;161;161;12.69;21.17
5400.00;5700.00;2328.00;21.59;E0_1_4000m;5.00;194;194;14.98;21.68
5400.00;5700.00;1908.00;21.29;E0_0_4100m;5.00;159;159;12.45;21.32
5400.00;5700.00;2280.00;21.61;E0_1_4100m;5.00;190;190;14.65;21.69
5400.00;5700.00;1872.00;21.49;E0_0_4200m;5.00;156;156;12.10;21.53
5400.00;5700.00;2244.00;21.65;E0_1_4200m;5.00;187;188;14.41;21.71
5400.00;5700.00;1836.00;21.62;E0_0_4300m;5.00;153;153;11.79;21.68
5400.00;5700.00;2220.00;21.76;E0_1_4300m;5.00;185;185;14.17;21.82
5400.00;5700.00;1788.00;21.84;E0_0_4400m;5.00;149;149;11.37;21.91
5400.00;5700.00;2184.00;21.88;E0_1_4400m;5.00;182;182;13.87;21.95
5400.00;5700.00;1800.00;22.02;E0_0_4500m;5.00;150;150;11.35;22.11
5400.00;5700.00;2172.00;22.06;E0_1_4500m;5.00;181;181;13.68;22.15
5400.00;5700.00;1824.00;22.19;E0_0_4600m;5.00;152;152;11.42;22.30
5400.00;5700.00;2184.00;22.28;E0_1_4600m;5.00;182;182;13.62;22.40
5400.00;5700.00;1848.00;22.38;E0_0_4700m;5.00;154;154;11.47;22.51
5400.00;5700.00;2184.00;22.54;E0_1_4700m;5.00;182;182;13.46;22.68
5400.00;5700.00;1872.00;22.56;E0_0_4800m;5.00;156;156;11.53;22.70
5400.00;5700.00;2184.00;22.76;E0_1_4800m;5.00;182;182;13.32;22.91
5400.00;5700.00;1860.00;22.80;E0_0_4900m;5.00;155;155;11.33;22.96
5400.00;5700.00;2172.00;22.96;E0_1_4900m;5.00;181;181;13.14;23.11
5400.00;5700.00;1836.00;23.03;E0_0_5000m;5.00;153;153;11.07;23.20
5400.00;5700.00;2184.00;23.23;E0_1_5000m;5.00;182;183;13.10;23.39
5700.00;6000.00;0.00;-1.00;E0_0_0m;-1.00;0;0;0.00;-1.00
5700.00;6000.00;0.00;-1.00;E0_1_0m;-1.00;0;0;0.00;-1.00
5700.00;6000.00;1800.00;25.30;E0_0_100m;5.00;150;150;9.89;25.50
5700.00;6000.00;2292.00;26.60;E0_1_100m;5.00;191;191;11.97;26.81
5700.00;6000.00;1812.00;25.29;E0_0_200m;5.00;151;150;9.88;25.52
5700.00;6000.00;2304.00;26.69;E0_1_200m;5.00;192;192;11.99;26.88
5700.00;6000.00;1836.00;25.04;E0_0_300m;5.00;153;153;10.18;25.26
5700.00;6000.00;2292.00;26.49;E0_1_300m;5.00;191;192;12.05;26.67
5700.00;6000.00;1848.00;24.70;E0_0_400m;5.00;154;154;10.39;24.90
5700.00;6000.00;2304.00;26.27;E0_1_400m;5.00;192;192;12.18;26.48
5700.00;6000.00;1872.00;24.38;E0_0_500m;5.00;156;156;10.66;24.58
5700.00;6000.00;2316.00;26.06;E0_1_500m;5.00;193;193;12.35;26.28
5700.00;6000.00;1872.00;24.21;E0_0_600m;5.00;156;156;10.74;24.40
5700.00;6000.00;2328.00;25.83;E0_1_600m;5.00;194;195;12.53;26.05
5700.00;6000.00;1896.00;24.08;E0_0_700m;5.00;158;158;10.94;24.25
5700.00;6000.00;2328.00;25.61;E0_1_700m;5.00;194;194;12.62;25.83
5700.00;6000.00;1908.00;23.92;E0_0_800m;5.00;159;159;11.08;24.06
5700.00;6000.00;2352.00;25.36;E0_1_800m;5.00;196;196;12.88;25.56
5700.00;6000.00;1896.00;23.88;E0_0_900m;5.00;158;158;11.03;23.99
5700.00;6000.00;2364.00;25.17;E0_1_900m;5.00;197;197;13.04;25.35
5700.00;6000.00;1920.00;23.73;E0_0_1000m;5.00;160;160;11.24;23.83
5700.00;6000.00;2364.00;24.98;E0_1_1000m;5.00;197;196;13.09;25.15
5700.00;6000.00;1920.00;23.61;E0_0_1100m;5.00;160;159;11.29;23.70
5700.00;6000.00;2388.00;24.76;E0_1_1100m;5.00;199;198;13.39;24.92
5700.00;6000.00;1956.00;23.51;E0_0_1200m;5.00;163;163;11.56;23.58
5700.00;6000.00;2388.00;24.65;E0_1_1200m;5.00;199;199;13.45;24.80
5700.00;6000.00;1968.00;23.42;E0_0_1300m;5.00;164;164;11.67;23.47
5700.00;6000.00;2376.00;24.47;E0_1_1300m;5.00;198;198;13.49;24.61
5700.00;6000.00;1956.00;23.27;E0_0_1400m;5.00;163;163;11.68;23.32
5700.00;6000.00;2352.00;24.29;E0_1_1400m;5.00;196;196;13.45;24.43
5700.00;6000.00;1944.00;23.14;E0_0_1500m;5.00;162;162;11.67;23.19
5700.00;6000.00;2340.00;24.18;E0_1_1500m;5.00;195;195;13.44;24.30
5700.00;6000.00;1932.00;23.32;E0_0_1600m;5.00;161;161;11.51;23.35
5700.00;6000.00;2364.00;24.16;E0_1_1600m;5.00;197;197;13.59;24.27
5700.00;6000.00;1908.00;23.44;E0_0_1700m;5.00;159;159;11.31;23.46
5700.00;6000.00;2376.00;24.18;E0_1_1700m;5.00;198;199;13.69;24.29
5700.00;6000.00;1908.00;23.48;E0_0_1800m;5.00;159;159;11.29;23.52
5700.00;6000.00;2364.00;24.22;E0_1_1800m;5.00;197;196;13.50;24.33
5700.00;6000.00;1932.00;23.51;E0_0_1900m;5.00;161;161;11.41;23.55
5700.00;6000.00;2352.00;24.21;E0_1_1900m;5.00;196;196;13.49;24.32
5700.00;6000.00;1956.00;23.52;E0_0_2000m;5.00;163;164;11.59;23.57
5700.00;6000.00;2352.00;24.14;E0_1_2000m;5.00;196;196;13.53;24.23
5700.00;6000.00;1896.00;23.45;E0_0_2100m;5.00;158;158;11.23;23.50
5700.00;6000.00;2352.00;24.01;E0_1_2100m;5.00;196;196;13.60;24.09
5700.00;6000.00;1872.00;23.43;E0_0_2200m;5.00;156;156;11.10;23.48
5700.00;6000.00;2316.00;23.92;E0_1_2200m;5.00;193;194;13.50;24.00
5700.00;6000.00;1848.00;23.55;E0_0_2300m;5.00;154;154;10.90;23.59
5700.00;6000.00;2304.00;23.94;E0_1_2300m;5.00;192;193;13.41;24.04
5700.00;6000.00;1848.00;23.54;E0_0_2400m;5.00;154;154;10.90;23.60
5700.00;6000.00;2292.00;23.96;E0_1_2400m;5.00;191;191;13.29;24.08
5700.00;6000.00;1848.00;23.55;E0_0_2500m;5.00;154;154;10.90;23.60
5700.00;6000.00;2280.00;23.96;E0_1_2500m;5.00;190;191;13.27;24.09
5700.00;6000.00;1836.00;23.56;E0_0_2600m;5.00;153;152;10.77;23.61
5700.00;6000.00;2280.00;23.95;E0_1_2600m;5.00;190;190;13.22;24.06
5700.00;6000.00;1824.00;23.61;E0_0_2700m;5.00;152;152;10.73;23.67
5700.00;6000.00;2256.00;23.91;E0_1_2700m;5.00;188;188;13.10;24.01
5700.00;6000.00;1824.00;23.66;E0_0_2800m;5.00;152;152;10.71;23.73
5700.00;6000.00;2196.00;23.88;E0_1_2800m;5.00;183;184;12.78;23.97
5700.00;6000.00;1812.00;23.64;E0_0_2900m;5.00;151;152;10.66;23.72
5700.00;6000.00;2172.00;23.90;E0_1_2900m;5.00;181;182;12.63;24.00
5700.00;6000.00;1800.00;23.60;E0_0_3000m;5.00;150;151;10.62;23.68
5700.00;6000.00;2172.00;23.94;E0_1_3000m;5.00;181;182;12.60;24.06
5700.00;6000.00;1824.00;23.60;E0_0_3100m;5.00;152;152;10.73;23.69
5700.00;6000.00;2148.00;23.96;E0_1_3100m;5.00;179;179;12.45;24.08
5700.00;6000.00;1848.00;23.54;E0_0_3200m;5.00;154;154;10.90;23.62
5700.00;6000.00;2136.00;24.02;E0_1_3200m;5.00;178;178;12.35;24.14
5700.00;6000.00;1836.00;23.45;E0_0_3300m;5.00;153;154;10.94;23.52
5700.00;6000.00;2148.00;24.07;E0_1_3300m;5.00;179;179;12.39;24.20
5700.00;6000.00;1836.00;23.34;E0_0_3400m;5.00;153;152;10.91;23.41
5700.00;6000.00;2160.00;24.13;E0_1_3400m;5.00;180;180;12.43;24.27
5700.00;6000.00;1860.00;23.42;E0_0_3500m;5.00;155;155;11.03;23.48
5700.00;6000.00;2136.00;24.15;E0_1_3500m;5.00;178;178;12.28;24.29
5700.00;6000.00;1860.00;23.43;E0_0_3600m;5.00;155;155;11.03;23.49
5700.00;6000.00;2136.00;24.19;E0_1_3600m;5.00;178;178;12.27;24.32
5700.00;6000.00;1872.00;23.41;E0_0_3700m;5.00;156;156;11.11;23.47
5700.00;6000.00;2124.00;24.22;E0_1_3700m;5.00;177;177;12.18;24.35
5700.00;6000.00;1860.00;23.41;E0_0_3800m;5.00;155;155;11.04;23.48
5700.00;6000.00;2136.00;24.30;E0_1_3800m;5.00;178;178;12.21;24.44
5700.00;6000.00;1896.00;23.43;E0_0_3900m;5.00;158;158;11.24;23.52
5700.00;6000.00;2172.00;24.41;E0_1_3900m;5.00;181;181;12.36;24.55
5700.00;6000.00;1920.00;23.41;E0_0_4000m;5.00;160;161;11.44;23.49
5700.00;6000.00;2208.00;24.53;E0_1_4000m;5.00;184;184;12.50;24.67
5700.00;6000.00;1920.00;23.33;E0_0_4100m;5.00;160;161;11.45;23.40
5700.00;6000.00;2232.00;24.67;E0_1_4100m;5.00;186;187;12.57;24.82
5700.00;6000.00;1956.00;23.27;E0_0_4200m;5.00;163;163;11.68;23.33
5700.00;6000.00;2232.00;24.81;E0_1_4200m;5.00;186;185;12.49;24.96
5700.00;6000.00;2004.00;23.29;E0_0_4300m;5.00;167;167;11.95;23.36
5700.00;6000.00;2232.00;24.85;E0_1_4300m;5.00;186;187;12.49;25.00
5700.00;6000.00;2028.00;23.22;E0_0_4400m;5.00;169;169;12.13;23.28
5700.00;6000.00;2220.00;24.96;E0_1_4400m;5.00;185;186;12.41;25.11
5700.00;6000.00;1992.00;23.13;E0_0_4500m;5.00;166;166;11.96;23.20
5700.00;6000.00;2244.00;24.99;E0_1_4500m;5.00;187;187;12.47;25.17
5700.00;6000.00;1980.00;23.15;E0_0_4600m;5.00;165;165;11.88;23.22
5700.00;6000.00;2232.00;24.97;E0_1_4600m;5.00;186;186;12.41;25.17
5700.00;6000.00;1944.00;23.09;E0_0_4700m;5.00;162;162;11.69;23.17
5700.00;6000.00;2244.00;24.93;E0_1_4700m;5.00;187;187;12.50;25.12
5700.00;6000.00;1932.00;23.13;E0_0_4800m;5.00;161;161;11.60;23.21
5700.00;6000.00;2244.00;24.97;E0_1_4800m;5.00;187;187;12.48;25.17
5700.00;6000.00;1908.00;23.21;E0_0_4900m;5.00;159;159;11.42;23.30
5700.00;6000.00;2256.00;25.01;E0_1_4900m;5.00;188;188;12.53;25.21
5700.00;6000.00;1908.00;23.34;E0_0_5000m;5.00;159;159;11.36;23.42
5700.00;6000.00;2268.00;25.09;E0_1_5000m;5.00;189;188;12.51;25.29
6000.00;6300.00;0.00;-1.00;E0_0_0m;-1.00;0;0;0.00;-1.00
6000.00;6300.00;0.00;-1.00;E0_1_0m;-1.00;0;0;0.00;-1.00
6000.00;6300.00;1476.00;26.45;E0_0_100m;5.00;123;124;7.78;26.63
6000.00;6300.00;1956.00;27.90;E0_1_100m;5.00;163;163;9.74;28.07
6000.00;6300.00;1584.00;26.40;E0_0_200m;5.00;132;133;8.34;26.59
6000.00;6300.00;1836.00;28.48;E0_1_200m;5.00;153;153;8.95;28.72
6000.00;6300.00;1584.00;26.40;E0_0_300m;5.00;132;132;8.33;26.59
6000.00;6300.00;1860.00;28.57;E0_1_300m;5.00;155;156;9.07;28.79
6000.00;6300.00;1584.00;26.45;E0_0_400m;5.00;132;132;8.32;26.63
6000.00;6300.00;1896.00;28.56;E0_1_400m;5.00;158;158;9.22;28.75
6000.00;6300.00;1572.00;26.48;E0_0_500m;5.00;131;131;8.24;26.63
6000.00;6300.00;1908.00;28.44;E0_1_500m;5.00;159;159;9.32;28.62
6000.00;6300.00;1548.00;26.16;E0_0_600m;5.00;129;130;8.26;26.30
6000.00;6300.00;1944.00;28.33;E0_1_600m;5.00;162;161;9.52;28.50
6000.00;6300.00;1536.00;25.88;E0_0_700m;5.00;128;128;8.24;26.03
6000.00;6300.00;1980.00;28.28;E0_1_700m;5.00;165;165;9.73;28.42
6000.00;6300.00;1548.00;25.93;E0_0_800m;5.00;129;129;8.29;26.07
6000.00;6300.00;2004.00;28.15;E0_1_800m;5.00;167;167;9.89;28.28
6000.00;6300.00;1560.00;25.73;E0_0_900m;5.00;130;130;8.42;25.89
6000.00;6300.00;2028.00;28.03;E0_1_900m;5.00;169;169;10.05;28.15
6000.00;6300.00;1560.00;25.64;E0_0_1000m;5.00;130;130;8.45;25.80
6000.00;6300.00;2052.00;27.90;E0_1_1000m;5.00;171;171;10.21;28.03
6000.00;6300.00;1548.00;25.51;E0_0_1100m;5.00;129;129;8.43;25.66
6000.00;6300.00;2052.00;27.86;E0_1_1100m;5.00;171;171;10.23;27.98
6000.00;6300.00;1536.00;25.36;E0_0_1200m;5.00;128;128;8.41;25.51
6000.00;6300.00;2040.00;27.82;E0_1_1200m;5.00;170;170;10.18;27.94
6000.00;6300.00;1548.00;25.40;E0_0_1300m;5.00;129;129;8.46;25.55
6000.00;6300.00;2028.00;27.92;E0_1_1300m;5.00;169;169;10.09;28.05
6000.00;6300.00;1596.00;25.30;E0_0_1400m;5.00;133;133;8.76;25.45
6000.00;6300.00;2040.00;27.92;E0_1_1400m;5.00;170;170;10.15;28.07
6000.00;6300.00;1632.00;25.20;E0_0_1500m;5.00;136;136;9.00;25.34
6000.00;6300.00;2028.00;27.90;E0_1_1500m;5.00;169;169;10.09;28.06
6000.00;6300.00;1632.00;25.06;E0_0_1600m;5.00;136;136;9.04;25.31
6000.00;6300.00;2028.00;27.86;E0_1_1600m;5.00;169;170;10.16;28.01
6000.00;6300.00;1608.00;24.79;E0_0_1700m;5.00;134;134;9.01;24.98
6000.00;6300.00;2064.00;27.72;E0_1_1700m;5.00;172;171;10.30;27.87
6000.00;6300.00;1572.00;24.74;E0_0_1800m;5.00;131;132;8.89;24.92
6000.00;6300.00;2100.00;27.75;E0_1_1800m;5.00;175;175;10.51;27.93
6000.00;6300.00;1560.00;24.65;E0_0_1900m;5.00;130;131;8.82;24.82
6000.00;6300.00;2112.00;27.63;E0_1_1900m;5.00;176;176;10.61;27.76
6000.00;6300.00;1572.00;24.55;E0_0_2000m;5.00;131;130;8.85;24.73
6000.00;6300.00;2100.00;27.63;E0_1_2000m;5.00;175;175;10.56;27.75
6000.00;6300.00;1560.00;24.49;E0_0_2100m;5.00;130;131;8.88;24.67
6000.00;6300.00;2112.00;27.59;E0_1_2100m;5.00;176;176;10.63;27.70
6000.00;6300.00;1548.00;24.43;E0_0_2200m;5.00;129;129;8.80;24.60
6000.00;6300.00;2136.00;27.50;E0_1_2200m;5.00;178;177;10.74;27.63
6000.00;6300.00;1608.00;24.42;E0_0_2300m;5.00;134;134;9.15;24.60
6000.00;6300.00;2112.00;27.42;E0_1_2300m;5.00;176;175;10.65;27.56
6000.00;6300.00;1632.00;24.30;E0_0_2400m;5.00;136;137;9.35;24.47
6000.00;6300.00;2124.00;27.24;E0_1_2400m;5.00;177;177;10.83;27.40
6000.00;6300.00;1668.00;24.13;E0_0_2500m;5.00;139;139;9.60;24.31
6000.00;6300.00;2160.00;27.08;E0_1_2500m;5.00;180;179;11.02;27.21
6000.00;6300.00;1704.00;23.84;E0_0_2600m;5.00;142;142;9.93;24.02
6000.00;6300.00;2160.00;27.01;E0_1_2600m;5.00;180;180;11.11;27.13
6000.00;6300.00;1740.00;23.75;E0_0_2700m;5.00;145;145;10.17;23.93
6000.00;6300.00;2136.00;27.06;E0_1_2700m;5.00;178;178;10.97;27.19
6000.00;6300.00;1740.00;23.79;E0_0_2800m;5.00;145;145;10.16;23.97
6000.00;6300.00;2184.00;26.96;E0_1_2800m;5.00;182;181;11.24;27.10
6000.00;6300.00;1740.00;23.75;E0_0_2900m;5.00;145;144;10.16;23.93
6000.00;6300.00;2220.00;26.90;E0_1_2900m;5.00;185;184;11.45;27.02
6000.00;6300.00;1752.00;23.69;E0_0_3000m;5.00;146;146;10.31;23.87
6000.00;6300.00;2208.00;26.77;E0_1_3000m;5.00;184;183;11.45;26.91
6000.00;6300.00;1776.00;23.61;E0_0_3100m;5.00;148;148;10.45;23.77
6000.00;6300.00;2208.00;26.52;E0_1_3100m;5.00;184;185;11.57;26.63
6000.00;6300.00;1776.00;23.66;E0_0_3200m;5.00;148;149;10.50;23.81
6000.00;6300.00;2220.00;26.48;E0_1_3200m;5.00;185;185;11.65;26.61
6000.00;6300.00;1800.00;23.78;E0_0_3300m;5.00;150;149;10.44;23.91
6000.00;6300.00;2196.00;26.41;E0_1_3300m;5.00;183;183;11.55;26.56
6000.00;6300.00;1788.00;23.92;E0_0_3400m;5.00;149;149;10.38;24.06
6000.00;6300.00;2196.00;26.36;E0_1_3400m;5.00;183;183;11.57;26.51
6000.00;6300.00;1800.00;23.94;E0_0_3500m;5.00;150;150;10.44;24.07
6000.00;6300.00;2184.00;26.40;E0_1_3500m;5.00;182;182;11.49;26.55
6000.00;6300.00;1800.00;23.87;E0_0_3600m;5.00;150;150;10.47;24.01
6000.00;6300.00;2184.00;26.29;E0_1_3600m;5.00;182;182;11.54;26.42
6000.00;6300.00;1800.00;23.87;E0_0_3700m;5.00;150;150;10.47;24.00
6000.00;6300.00;2172.00;26.22;E0_1_3700m;5.00;181;182;11.54;26.35
6000.00;6300.00;1824.00;23.79;E0_0_3800m;5.00;152;152;10.65;23.92
6000.00;6300.00;2196.00;26.15;E0_1_3800m;5.00;183;183;11.66;26.28
6000.00;6300.00;1800.00;23.69;E0_0_3900m;5.00;150;150;10.55;23.82
6000.00;6300.00;2184.00;26.13;E0_1_3900m;5.00;182;182;11.61;26.25
6000.00;6300.00;1824.00;23.70;E0_0_4000m;5.00;152;151;10.64;23.83
6000.00;6300.00;2160.00;26.18;E0_1_4000m;5.00;180;180;11.46;26.28
6000.00;6300.00;1800.00;23.75;E0_0_4100m;5.00;150;150;10.53;23.88
6000.00;6300.00;2172.00;26.12;E0_1_4100m;5.00;181;180;11.55;26.21
6000.00;6300.00;1824.00;23.79;E0_0_4200m;5.00;152;152;10.65;23.92
6000.00;6300.00;2148.00;26.14;E0_1_4200m;5.00;179;179;11.41;26.24
6000.00;6300.00;1836.00;23.93;E0_0_4300m;5.00;153;153;10.65;24.07
6000.00;6300.00;2148.00;26.17;E0_1_4300m;5.00;179;178;11.38;26.27
6000.00;6300.00;1860.00;23.95;E0_0_4400m;5.00;155;155;10.79;24.10
6000.00;6300.00;2184.00;26.14;E0_1_4400m;5.00;182;181;11.55;26.22
6000.00;6300.00;1884.00;23.94;E0_0_4500m;5.00;157;157;10.93;24.08
6000.00;6300.00;2160.00;26.20;E0_1_4500m;5.00;180;180;11.45;26.28
6000.00;6300.00;1896.00;23.83;E0_0_4600m;5.00;158;158;11.05;23.97
6000.00;6300.00;2172.00;26.16;E0_1_4600m;5.00;181;181;11.53;26.24
6000.00;6300.00;1920.00;23.67;E0_0_4700m;5.00;160;160;11.27;23.80
6000.00;6300.00;2172.00;26.12;E0_1_4700m;5.00;181;181;11.55;26.20
6000.00;6300.00;1896.00;23.69;E0_0_4800m;5.00;158;158;11.12;23.81
6000.00;6300.00;2196.00;26.08;E0_1_4800m;5.00;183;183;11.69;26.16
6000.00;6300.00;1884.00;23.62;E0_0_4900m;5.00;157;157;11.08;23.74
6000.00;6300.00;2208.00;26.01;E0_1_4900m;5.00;184;185;11.82;26.09
6000.00;6300.00;1872.00;23.63;E0_0_5000m;5.00;156;157;11.01;23.73
6000.00;6300.00;2220.00;25.94;E0_1_5000m;5.00;185;185;11.88;26.03
6300.00;6600.00;0.00;-1.00;E0_0_0m;-1.00;0;0;0.00;-1.00
6300.00;6600.00;0.00;-1.00;E0_1_0m;-1.00;0;0;0.00;-1.00
6300.00;6600.00;1932.00;26.59;E0_0_100m;5.00;161;161;10.08;26.71
6300.00;6600.00;2232.00;27.77;E0_1_100m;5.00;186;186;11.16;27.94
6300.00;6600.00;1908.00;26.51;E0_0_200m;5.00;159;158;9.99;26.62
6300.00;6600.00;2244.00;27.77;E0_1_200m;5.00;187;187;11.22;27.94
6300.00;6600.00;1848.00;26.36;E0_0_300m;5.00;154;154;9.74;26.46
6300.00;6600.00;2256.00;27.43;E0_1_300m;5.00;188;188;11.42;27.57
6300.00;6600.00;1800.00;26.09;E0_0_400m;5.00;150;151;9.60;26.19
6300.00;6600.00;2268.00;27.16;E0_1_400m;5.00;189;189;11.60;27.30
6300.00;6600.00;1776.00;25.87;E0_0_500m;5.00;148;148;9.54;25.97
6300.00;6600.00;2268.00;26.99;E0_1_500m;5.00;189;189;11.67;27.14
6300.00;6600.00;1764.00;25.76;E0_0_600m;5.00;147;147;9.51;25.86
6300.00;6600.00;2268.00;26.83;E0_1_600m;5.00;189;189;11.74;27.00
6300.00;6600.00;1740.00;25.65;E0_0_700m;5.00;145;145;9.42;25.75
6300.00;6600.00;2244.00;26.69;E0_1_700m;5.00;187;187;11.68;26.86
6300.00;6600.00;1740.00;25.63;E0_0_800m;5.00;145;145;9.43;25.72
6300.00;6600.00;2196.00;26.64;E0_1_800m;5.00;183;183;11.45;26.83
6300.00;6600.00;1716.00;25.69;E0_0_900m;5.00;143;143;9.28;25.78
6300.00;6600.00;2184.00;26.53;E0_1_900m;5.00;182;182;11.43;26.70
6300.00;6600.00;1728.00;25.67;E0_0_1000m;5.00;144;144;9.35;25.77
6300.00;6600.00;2160.00;26.57;E0_1_1000m;5.00;180;180;11.29;26.76
6300.00;6600.00;1728.00;25.63;E0_0_1100m;5.00;144;144;9.36;25.72
6300.00;6600.00;2160.00;26.53;E0_1_1100m;5.00;180;180;11.31;26.72
6300.00;6600.00;1716.00;25.50;E0_0_1200m;5.00;143;143;9.35;25.59
6300.00;6600.00;2172.00;26.43;E0_1_1200m;5.00;181;181;11.41;26.59
6300.00;6600.00;1740.00;25.51;E0_0_1300m;5.00;145;145;9.47;25.59
6300.00;6600.00;2148.00;26.36;E0_1_1300m;5.00;179;179;11.32;26.50
6300.00;6600.00;1692.00;25.53;E0_0_1400m;5.00;141;142;9.21;25.61
6300.00;6600.00;2124.00;26.29;E0_1_1400m;5.00;177;177;11.22;26.43
6300.00;6600.00;1656.00;25.48;E0_0_1500m;5.00;138;138;9.03;25.55
6300.00;6600.00;2124.00;26.38;E0_1_1500m;5.00;177;177;11.18;26.51
6300.00;6600.00;1704.00;25.50;E0_0_1600m;5.00;142;142;9.28;25.57
6300.00;6600.00;2076.00;26.49;E0_1_1600m;5.00;173;173;10.88;26.65
6300.00;6600.00;1716.00;25.44;E0_0_1700m;5.00;143;143;9.37;25.54
6300.00;6600.00;2052.00;26.56;E0_1_1700m;5.00;171;172;10.73;26.73
6300.00;6600.00;1692.00;25.55;E0_0_1800m;5.00;141;141;9.20;25.62
6300.00;6600.00;2028.00;26.62;E0_1_1800m;5.00;169;169;10.58;26.79
6300.00;6600.00;1644.00;25.58;E0_0_1900m;5.00;137;136;8.89;25.65
6300.00;6600.00;2064.00;26.67;E0_1_1900m;5.00;172;172;10.75;26.84
6300.00;6600.00;1632.00;25.60;E0_0_2000m;5.00;136;137;8.91;25.66
6300.00;6600.00;2052.00;26.76;E0_1_2000m;5.00;171;171;10.65;26.92
6300.00;6600.00;1656.00;25.48;E0_0_2100m;5.00;138;137;8.99;25.56
6300.00;6600.00;2040.00;26.84;E0_1_2100m;5.00;170;171;10.59;26.99
6300.00;6600.00;1644.00;25.38;E0_0_2200m;5.00;137;137;9.00;25.50
6300.00;6600.00;2052.00;26.82;E0_1_2200m;5.00;171;172;10.66;26.98
6300.00;6600.00;1620.00;25.37;E0_0_2300m;5.00;135;135;8.87;25.50
6300.00;6600.00;2052.00;26.96;E0_1_2300m;5.00;171;171;10.57;27.13
6300.00;6600.00;1608.00;25.42;E0_0_2400m;5.00;134;135;8.80;25.54
6300.00;6600.00;2016.00;27.04;E0_1_2400m;5.00;168;168;10.36;27.21
6300.00;6600.00;1560.00;25.40;E0_0_2500m;5.00;130;130;8.53;25.53
6300.00;6600.00;2028.00;27.02;E0_1_2500m;5.00;169;169;10.43;27.19
6300.00;6600.00;1548.00;25.33;E0_0_2600m;5.00;129;129;8.49;25.46
6300.00;6600.00;2064.00;26.98;E0_1_2600m;5.00;172;172;10.62;27.15
6300.00;6600.00;1548.00;25.42;E0_0_2700m;5.00;129;129;8.46;25.55
6300.00;6600.00;2088.00;26.99;E0_1_2700m;5.00;174;174;10.75;27.17
6300.00;6600.00;1560.00;25.30;E0_0_2800m;5.00;130;130;8.56;25.43
6300.00;6600.00;2064.00;27.04;E0_1_2800m;5.00;172;172;10.60;27.24
6300.00;6600.00;1524.00;25.10;E0_0_2900m;5.00;127;127;8.43;25.25
6300.00;6600.00;2076.00;26.97;E0_1_2900m;5.00;173;173;10.69;27.18
6300.00;6600.00;1512.00;24.97;E0_0_3000m;5.00;126;126;8.41;25.13
6300.00;6600.00;2076.00;26.94;E0_1_3000m;5.00;173;173;10.70;27.15
6300.00;6600.00;1512.00;24.92;E0_0_3100m;5.00;126;126;8.43;25.08
6300.00;6600.00;2088.00;26.99;E0_1_3100m;5.00;174;173;10.74;27.19
6300.00;6600.00;1536.00;24.82;E0_0_3200m;5.00;128;127;8.52;24.98
6300.00;6600.00;2064.00;26.94;E0_1_3200m;5.00;172;173;10.67;27.16
6300.00;6600.00;1572.00;24.76;E0_0_3300m;5.00;131;131;8.82;24.96
6300.00;6600.00;2028.00;26.87;E0_1_3300m;5.00;169;169;10.48;27.09
6300.00;6600.00;1560.00;24.59;E0_0_3400m;5.00;130;131;8.81;24.80
6300.00;6600.00;2052.00;26.73;E0_1_3400m;5.00;171;171;10.66;27.00
6300.00;6600.00;1596.00;24.41;E0_0_3500m;5.00;133;133;9.08;24.63
6300.00;6600.00;2028.00;26.79;E0_1_3500m;5.00;169;169;10.51;27.03
6300.00;6600.00;1620.00;24.31;E0_0_3600m;5.00;135;135;9.25;24.55
6300.00;6600.00;2028.00;26.79;E0_1_3600m;5.00;169;170;10.57;27.03
6300.00;6600.00;1608.00;24.11;E0_0_3700m;5.00;134;134;9.26;24.34
6300.00;6600.00;2052.00;26.85;E0_1_3700m;5.00;171;170;10.58;27.10
6300.00;6600.00;1584.00;24.08;E0_0_3800m;5.00;132;133;9.19;24.30
6300.00;6600.00;2040.00;26.92;E0_1_3800m;5.00;170;170;10.53;27.18
6300.00;6600.00;1620.00;24.13;E0_0_3900m;5.00;135;135;9.32;24.36
6300.00;6600.00;2004.00;27.01;E0_1_3900m;5.00;167;167;10.30;27.30
6300.00;6600.00;1596.00;24.12;E0_0_4000m;5.00;133;134;9.25;24.34
6300.00;6600.00;1992.00;27.12;E0_1_4000m;5.00;166;166;10.20;27.43
6300.00;6600.00;1620.00;24.18;E0_0_4100m;5.00;135;135;9.30;24.42
6300.00;6600.00;1992.00;27.16;E0_1_4100m;5.00;166;166;10.18;27.48
6300.00;6600.00;1620.00;24.18;E0_0_4200m;5.00;135;135;9.31;24.41
6300.00;6600.00;2028.00;27.19;E0_1_4200m;5.00;169;169;10.36;27.49
6300.00;6600.00;1596.00;24.13;E0_0_4300m;5.00;133;133;9.19;24.37
6300.00;6600.00;2052.00;27.19;E0_1_4300m;5.00;171;171;10.48;27.48
6300.00;6600.00;1584.00;24.19;E0_0_4400m;5.00;132;132;9.09;24.45
6300.00;6600.00;2052.00;27.29;E0_1_4400m;5.00;171;172;10.50;27.58
6300.00;6600.00;1608.00;24.26;E0_0_4500m;5.00;134;134;9.21;24.52
6300.00;6600.00;2040.00;27.41;E0_1_4500m;5.00;170;170;10.34;27.70
6300.00;6600.00;1596.00;24.25;E0_0_4600m;5.00;133;133;9.14;24.53
6300.00;6600.00;2040.00;27.47;E0_1_4600m;5.00;170;170;10.31;27.74
6300.00;6600.00;1608.00;24.17;E0_0_4700m;5.00;134;134;9.24;24.44
6300.00;6600.00;2016.00;27.60;E0_1_4700m;5.00;168;168;10.14;27.85
6300.00;6600.00;1608.00;24.18;E0_0_4800m;5.00;134;134;9.24;24.43
6300.00;6600.00;2028.00;27.60;E0_1_4800m;5.00;169;169;10.20;27.84
6300.00;6600.00;1620.00;24.40;E0_0_4900m;5.00;135;135;9.22;24.64
6300.00;6600.00;2028.00;27.51;E0_1_4900m;5.00;169;168;10.21;27.75
6300.00;6600.00;1620.00;24.32;E0_0_5000m;5.00;135;134;9.24;24.56
6300.00;6600.00;2016.00;27.58;E0_1_5000m;5.00;168;168;10.15;27.80
6600.00;6900.00;0.00;-1.00;E0_0_0m;-1.00;0;0;0.00;-1.00
6600.00;6900.00;0.00;-1.00;E0_1_0m;-1.00;0;0;0.00;-1.00
6600.00;6900.00;2064.00;25.64;E0_0_100m;5.00;172;172;11.18;25.75
6600.00;6900.00;2196.00;26.96;E0_1_100m;5.00;183;183;11.31;27.09
6600.00;6900.00;2064.00;25.53;E0_0_200m;5.00;172;172;11.23;25.63
6600.00;6900.00;2184.00;27.28;E0_1_200m;5.00;182;182;11.12;27.44
6600.00;6900.00;2064.00;25.42;E0_0_300m;5.00;172;172;11.28;25.52
6600.00;6900.00;2184.00;27.21;E0_1_300m;5.00;182;182;11.15;27.39
6600.00;6900.00;2076.00;25.41;E0_0_400m;5.00;173;172;11.33;25.51
6600.00;6900.00;2184.00;26.92;E0_1_400m;5.00;182;182;11.27;27.12
6600.00;6900.00;2052.00;25.28;E0_0_500m;5.00;171;171;11.28;25.37
6600.00;6900.00;2208.00;26.72;E0_1_500m;5.00;184;185;11.54;26.92
6600.00;6900.00;2028.00;25.10;E0_0_600m;5.00;169;170;11.23;25.19
6600.00;6900.00;2232.00;26.39;E0_1_600m;5.00;186;186;11.75;26.60
6600.00;6900.00;2028.00;24.99;E0_0_700m;5.00;169;169;11.27;25.08
6600.00;6900.00;2232.00;26.20;E0_1_700m;5.00;186;186;11.83;26.39
6600.00;6900.00;2004.00;24.87;E0_0_800m;5.00;167;167;11.19;24.96
6600.00;6900.00;2232.00;25.99;E0_1_800m;5.00;186;186;11.93;26.17
6600.00;6900.00;2016.00;24.76;E0_0_900m;5.00;168;168;11.31;24.84
6600.00;6900.00;2256.00;25.83;E0_1_900m;5.00;188;188;12.13;26.02
6600.00;6900.00;1992.00;24.64;E0_0_1000m;5.00;166;166;11.23;24.72
6600.00;6900.00;2256.00;25.65;E0_1_1000m;5.00;188;188;12.21;25.83
6600.00;6900.00;1956.00;24.58;E0_0_1100m;5.00;163;163;11.05;24.66
6600.00;6900.00;2280.00;25.51;E0_1_1100m;5.00;190;190;12.41;25.69
6600.00;6900.00;1968.00;24.62;E0_0_1200m;5.00;164;164;11.10;24.70
6600.00;6900.00;2268.00;25.42;E0_1_1200m;5.00;189;189;12.39;25.64
6600.00;6900.00;1956.00;24.62;E0_0_1300m;5.00;163;163;11.04;24.70
6600.00;6900.00;2280.00;25.34;E0_1_1300m;5.00;190;190;12.50;25.57
6600.00;6900.00;1920.00;24.48;E0_0_1400m;5.00;160;159;10.88;24.56
6600.00;6900.00;2316.00;25.24;E0_1_1400m;5.00;193;193;12.74;25.46
6600.00;6900.00;1908.00;24.40;E0_0_1500m;5.00;159;160;10.91;24.48
6600.00;6900.00;2316.00;25.05;E0_1_1500m;5.00;193;193;12.84;25.24
6600.00;6900.00;1896.00;24.34;E0_0_1600m;5.00;158;159;10.87;24.42
6600.00;6900.00;2316.00;24.83;E0_1_1600m;5.00;193;194;12.96;24.99
6600.00;6900.00;1896.00;24.23;E0_0_1700m;5.00;158;158;10.87;24.29
6600.00;6900.00;2340.00;24.62;E0_1_1700m;5.00;195;195;13.20;24.74
6600.00;6900.00;1896.00;24.14;E0_0_1800m;5.00;158;158;10.91;24.21
6600.00;6900.00;2352.00;24.40;E0_1_1800m;5.00;196;196;13.39;24.50
6600.00;6900.00;1872.00;24.11;E0_0_1900m;5.00;156;156;10.78;24.18
6600.00;6900.00;2364.00;24.23;E0_1_1900m;5.00;197;197;13.55;24.31
6600.00;6900.00;1872.00;24.04;E0_0_2000m;5.00;156;155;10.76;24.11
6600.00;6900.00;2376.00;24.16;E0_1_2000m;5.00;198;198;13.66;24.25
6600.00;6900.00;1896.00;23.93;E0_0_2100m;5.00;158;158;11.00;24.01
6600.00;6900.00;2352.00;24.06;E0_1_2100m;5.00;196;195;13.55;24.15
6600.00;6900.00;1896.00;23.83;E0_0_2200m;5.00;158;158;11.05;23.91
6600.00;6900.00;2352.00;23.92;E0_1_2200m;5.00;196;195;13.63;24.00
6600.00;6900.00;1908.00;23.78;E0_0_2300m;5.00;159;159;11.15;23.85
6600.00;6900.00;2328.00;23.79;E0_1_2300m;5.00;194;194;13.59;23.86
6600.00;6900.00;1920.00;23.70;E0_0_2400m;5.00;160;159;11.24;23.77
6600.00;6900.00;2328.00;23.70;E0_1_2400m;5.00;194;194;13.64;23.77
6600.00;6900.00;1896.00;23.66;E0_0_2500m;5.00;158;158;11.13;23.73
6600.00;6900.00;2316.00;23.67;E0_1_2500m;5.00;193;194;13.64;23.74
6600.00;6900.00;1872.00;23.64;E0_0_2600m;5.00;156;156;11.00;23.71
6600.00;6900.00;2280.00;23.66;E0_1_2600m;5.00;190;191;13.42;23.72
6600.00;6900.00;1872.00;23.68;E0_0_2700m;5.00;156;156;10.98;23.76
6600.00;6900.00;2232.00;23.71;E0_1_2700m;5.00;186;186;13.08;23.79
6600.00;6900.00;1872.00;23.69;E0_0_2800m;5.00;156;156;10.98;23.76
6600.00;6900.00;2208.00;23.73;E0_1_2800m;5.00;184;184;12.92;23.81
6600.00;6900.00;1860.00;23.70;E0_0_2900m;5.00;155;155;10.90;23.76
6600.00;6900.00;2208.00;23.73;E0_1_2900m;5.00;184;184;12.92;23.80
6600.00;6900.00;1872.00;23.72;E0_0_3000m;5.00;156;156;10.96;23.78
6600.00;6900.00;2196.00;23.76;E0_1_3000m;5.00;183;183;12.84;23.82
6600.00;6900.00;1848.00;23.77;E0_0_3100m;5.00;154;154;10.80;23.82
6600.00;6900.00;2172.00;23.78;E0_1_3100m;5.00;181;181;12.68;23.84
6600.00;6900.00;1836.00;23.81;E0_0_3200m;5.00;153;153;10.71;23.87
6600.00;6900.00;2172.00;23.86;E0_1_3200m;5.00;181;181;12.64;23.92
6600.00;6900.00;1836.00;23.82;E0_0_3300m;5.00;153;153;10.71;23.88
6600.00;6900.00;2172.00;23.96;E0_1_3300m;5.00;181;181;12.59;24.02
6600.00;6900.00;1812.00;23.89;E0_0_3400m;5.00;151;151;10.53;23.96
6600.00;6900.00;2172.00;24.08;E0_1_3400m;5.00;181;181;12.53;24.14
6600.00;6900.00;1812.00;24.04;E0_0_3500m;5.00;151;151;10.47;24.09
6600.00;6900.00;2172.00;24.19;E0_1_3500m;5.00;181;181;12.47;24.25
6600.00;6900.00;1788.00;24.11;E0_0_3600m;5.00;149;149;10.30;24.17
6600.00;6900.00;2172.00;24.31;E0_1_3600m;5.00;181;180;12.35;24.37
6600.00;6900.00;1788.00;24.28;E0_0_3700m;5.00;149;149;10.23;24.33
6600.00;6900.00;2160.00;24.43;E0_1_3700m;5.00;180;180;12.28;24.48
6600.00;6900.00;1776.00;24.47;E0_0_3800m;5.00;148;147;10.03;24.51
6600.00;6900.00;2148.00;24.59;E0_1_3800m;5.00;179;179;12.13;24.63
6600.00;6900.00;1740.00;24.63;E0_0_3900m;5.00;145;145;9.81;24.67
6600.00;6900.00;2148.00;24.75;E0_1_3900m;5.00;179;179;12.06;24.79
6600.00;6900.00;1740.00;24.77;E0_0_4000m;5.00;145;144;9.70;24.81
6600.00;6900.00;2148.00;24.92;E0_1_4000m;5.00;179;179;11.97;24.96
6600.00;6900.00;1716.00;24.80;E0_0_4100m;5.00;143;143;9.61;24.84
6600.00;6900.00;2136.00;25.10;E0_1_4100m;5.00;178;178;11.82;25.13
6600.00;6900.00;1680.00;24.89;E0_0_4200m;5.00;140;140;9.37;24.92
6600.00;6900.00;2088.00;25.30;E0_1_4200m;5.00;174;175;11.52;25.32
6600.00;6900.00;1668.00;24.95;E0_0_4300m;5.00;139;139;9.29;24.97
6600.00;6900.00;2040.00;25.50;E0_1_4300m;5.00;170;170;11.11;25.51
6600.00;6900.00;1680.00;24.94;E0_0_4400m;5.00;140;140;9.36;24.96
6600.00;6900.00;2052.00;25.58;E0_1_4400m;5.00;171;170;11.08;25.61
6600.00;6900.00;1704.00;24.83;E0_0_4500m;5.00;142;142;9.53;24.86
6600.00;6900.00;2076.00;25.67;E0_1_4500m;5.00;173;173;11.23;25.71
6600.00;6900.00;1740.00;24.83;E0_0_4600m;5.00;145;145;9.73;24.86
6600.00;6900.00;2100.00;25.71;E0_1_4600m;5.00;175;175;11.34;25.76
6600.00;6900.00;1764.00;24.81;E0_0_4700m;5.00;147;147;9.87;24.85
6600.00;6900.00;2136.00;25.69;E0_1_4700m;5.00;178;178;11.55;25.72
6600.00;6900.00;1788.00;24.80;E0_0_4800m;5.00;149;149;10.01;24.84
6600.00;6900.00;2172.00;25.66;E0_1_4800m;5.00;181;181;11.76;25.69
6600.00;6900.00;1812.00;24.82;E0_0_4900m;5.00;151;151;10.14;24.85
6600.00;6900.00;2208.00;25.64;E0_1_4900m;5.00;184;184;11.96;25.67
6600.00;6900.00;1836.00;24.85;E0_0_5000m;5.00;153;153;10.26;24.89
6600.00;6900.00;2244.00;25.65;E0_1_5000m;5.00;187;187;12.15;25.68
6900.00;7200.00;0.00;-1.00;E0_0_0m;-1.00;0;0;0.00;-1.00
6900.00;7200.00;0.00;-1.00;E0_1_0m;-1.00;0;0;0.00;-1.00
6900.00;7200.00;1824.00;25.51;E0_0_100m;5.00;152;152;9.93;25.65
6900.00;7200.00;2244.00;26.96;E0_1_100m;5.00;187;188;11.58;27.11
6900.00;7200.00;1836.00;25.58;E0_0_200m;5.00;153;153;9.97;25.70
6900.00;7200.00;2256.00;27.43;E0_1_200m;5.00;188;189;11.46;27.59
6900.00;7200.00;1848.00;25.63;E0_0_300m;5.00;154;155;10.07;25.76
6900.00;7200.00;2244.00;27.51;E0_1_300m;5.00;187;187;11.33;27.68
6900.00;7200.00;1848.00;25.43;E0_0_400m;5.00;154;154;10.09;25.57
6900.00;7200.00;2256.00;27.41;E0_1_400m;5.00;188;188;11.43;27.52
6900.00;7200.00;1836.00;25.22;E0_0_500m;5.00;153;153;10.11;25.35
6900.00;7200.00;2292.00;27.36;E0_1_500m;5.00;191;190;11.57;27.46
6900.00;7200.00;1836.00;25.19;E0_0_600m;5.00;153;153;10.12;25.32
6900.00;7200.00;2292.00;27.31;E0_1_600m;5.00;191;191;11.65;27.41
6900.00;7200.00;1860.00;25.15;E0_0_700m;5.00;155;155;10.27;25.27
6900.00;7200.00;2292.00;27.36;E0_1_700m;5.00;191;191;11.64;27.45
6900.00;7200.00;1884.00;25.14;E0_0_800m;5.00;157;157;10.41;25.25
6900.00;7200.00;2280.00;27.35;E0_1_800m;5.00;190;190;11.58;27.43
6900.00;7200.00;1884.00;25.21;E0_0_900m;5.00;157;158;10.43;25.34
6900.00;7200.00;2256.00;27.35;E0_1_900m;5.00;188;189;11.51;27.42
6900.00;7200.00;1884.00;25.26;E0_0_1000m;5.00;157;157;10.36;25.36
6900.00;7200.00;2256.00;27.37;E0_1_1000m;5.00;188;188;11.45;27.44
6900.00;7200.00;1884.00;25.26;E0_0_1100m;5.00;157;157;10.36;25.35
6900.00;7200.00;2268.00;27.33;E0_1_1100m;5.00;189;189;11.53;27.39
6900.00;7200.00;1884.00;25.31;E0_0_1200m;5.00;157;157;10.34;25.39
6900.00;7200.00;2256.00;27.33;E0_1_1200m;5.00;188;188;11.46;27.40
6900.00;7200.00;1896.00;25.40;E0_0_1300m;5.00;158;159;10.44;25.48
6900.00;7200.00;2232.00;27.43;E0_1_1300m;5.00;186;186;11.30;27.51
6900.00;7200.00;1944.00;25.37;E0_0_1400m;5.00;162;162;10.64;25.44
6900.00;7200.00;2184.00;27.44;E0_1_1400m;5.00;182;182;11.05;27.52
6900.00;7200.00;1932.00;25.31;E0_0_1500m;5.00;161;160;10.55;25.38
6900.00;7200.00;2196.00;27.34;E0_1_1500m;5.00;183;183;11.16;27.42
6900.00;7200.00;1944.00;25.11;E0_0_1600m;5.00;162;161;10.70;25.17
6900.00;7200.00;2220.00;27.24;E0_1_1600m;5.00;185;185;11.32;27.30
6900.00;7200.00;1932.00;24.96;E0_0_1700m;5.00;161;161;10.75;25.04
6900.00;7200.00;2232.00;27.30;E0_1_1700m;5.00;186;186;11.35;27.35
6900.00;7200.00;1932.00;25.03;E0_0_1800m;5.00;161;161;10.72;25.09
6900.00;7200.00;2232.00;27.32;E0_1_1800m;5.00;186;186;11.35;27.37
6900.00;7200.00;1932.00;25.01;E0_0_1900m;5.00;161;161;10.73;25.07
6900.00;7200.00;2244.00;27.31;E0_1_1900m;5.00;187;187;11.41;27.36
6900.00;7200.00;1968.00;24.87;E0_0_2000m;5.00;164;164;10.99;24.93
6900.00;7200.00;2256.00;27.19;E0_1_2000m;5.00;188;188;11.53;27.26
6900.00;7200.00;1968.00;24.73;E0_0_2100m;5.00;164;164;11.05;24.80
6900.00;7200.00;2304.00;26.82;E0_1_2100m;5.00;192;192;11.93;26.92
6900.00;7200.00;1980.00;24.56;E0_0_2200m;5.00;165;165;11.20;24.65
6900.00;7200.00;2352.00;26.39;E0_1_2200m;5.00;196;196;12.38;26.51
6900.00;7200.00;2028.00;24.35;E0_0_2300m;5.00;169;169;11.57;24.44
6900.00;7200.00;2376.00;25.99;E0_1_2300m;5.00;198;198;12.70;26.15
6900.00;7200.00;2004.00;24.05;E0_0_2400m;5.00;167;167;11.57;24.18
6900.00;7200.00;2400.00;25.52;E0_1_2400m;5.00;200;200;13.06;25.70
6900.00;7200.00;2016.00;23.84;E0_0_2500m;5.00;168;168;11.75;23.98
6900.00;7200.00;2424.00;25.08;E0_1_2500m;5.00;202;201;13.37;25.28
6900.00;7200.00;2040.00;23.62;E0_0_2600m;5.00;170;170;12.00;23.78
6900.00;7200.00;2436.00;24.77;E0_1_2600m;5.00;203;202;13.63;24.97
6900.00;7200.00;2052.00;23.31;E0_0_2700m;5.00;171;171;12.23;23.47
6900.00;7200.00;2448.00;24.58;E0_1_2700m;5.00;204;204;13.83;24.81
6900.00;7200.00;2088.00;23.27;E0_0_2800m;5.00;174;174;12.46;23.42
6900.00;7200.00;2436.00;24.42;E0_1_2800m;5.00;203;203;13.86;24.68
6900.00;7200.00;2100.00;23.25;E0_0_2900m;5.00;175;175;12.54;23.37
6900.00;7200.00;2436.00;24.16;E0_1_2900m;5.00;203;203;14.00;24.42
6900.00;7200.00;2100.00;23.26;E0_0_3000m;5.00;175;175;12.54;23.36
6900.00;7200.00;2436.00;23.92;E0_1_3000m;5.00;203;204;14.19;24.17
6900.00;7200.00;2100.00;23.17;E0_0_3100m;5.00;175;175;12.59;23.26
6900.00;7200.00;2448.00;23.75;E0_1_3100m;5.00;204;204;14.32;23.98
6900.00;7200.00;2088.00;23.07;E0_0_3200m;5.00;174;175;12.63;23.17
6900.00;7200.00;2448.00;23.56;E0_1_3200m;5.00;204;204;14.43;23.75
6900.00;7200.00;2124.00;23.11;E0_0_3300m;5.00;177;177;12.77;23.19
6900.00;7200.00;2436.00;23.42;E0_1_3300m;5.00;203;204;14.46;23.59
6900.00;7200.00;2160.00;23.07;E0_0_3400m;5.00;180;180;13.00;23.15
6900.00;7200.00;2460.00;23.30;E0_1_3400m;5.00;205;205;14.66;23.46
6900.00;7200.00;2172.00;23.04;E0_0_3500m;5.00;181;181;13.10;23.10
6900.00;7200.00;2484.00;23.21;E0_1_3500m;5.00;207;207;14.86;23.34
6900.00;7200.00;2196.00;23.03;E0_0_3600m;5.00;183;183;13.24;23.09
6900.00;7200.00;2520.00;23.16;E0_1_3600m;5.00;210;210;15.11;23.26
6900.00;7200.00;2196.00;23.00;E0_0_3700m;5.00;183;183;13.26;23.06
6900.00;7200.00;2520.00;23.09;E0_1_3700m;5.00;210;210;15.16;23.17
6900.00;7200.00;2196.00;22.97;E0_0_3800m;5.00;183;184;13.32;23.02
6900.00;7200.00;2532.00;23.07;E0_1_3800m;5.00;211;211;15.24;23.14
6900.00;7200.00;2232.00;22.95;E0_0_3900m;5.00;186;186;13.51;23.00
6900.00;7200.00;2520.00;23.07;E0_1_3900m;5.00;210;210;15.17;23.13
6900.00;7200.00;2232.00;22.95;E0_0_4000m;5.00;186;186;13.51;23.00
6900.00;7200.00;2520.00;23.03;E0_1_4000m;5.00;210;210;15.20;23.10
6900.00;7200.00;2232.00;22.91;E0_0_4100m;5.00;186;186;13.53;22.96
6900.00;7200.00;2520.00;23.03;E0_1_4100m;5.00;210;211;15.24;23.10
6900.00;7200.00;2232.00;22.85;E0_0_4200m;5.00;186;186;13.57;22.91
6900.00;7200.00;2544.00;23.07;E0_1_4200m;5.00;212;211;15.26;23.16
6900.00;7200.00;2232.00;22.91;E0_0_4300m;5.00;186;187;13.53;22.97
6900.00;7200.00;2532.00;23.11;E0_1_4300m;5.00;211;211;15.22;23.21
6900.00;7200.00;2196.00;23.04;E0_0_4400m;5.00;183;183;13.24;23.10
6900.00;7200.00;2496.00;23.16;E0_1_4400m;5.00;208;208;14.97;23.25
6900.00;7200.00;2172.00;23.20;E0_0_4500m;5.00;181;181;13.00;23.28
6900.00;7200.00;2460.00;23.25;E0_1_4500m;5.00;205;205;14.69;23.35
6900.00;7200.00;2148.00;23.34;E0_0_4600m;5.00;179;179;12.78;23.42
6900.00;7200.00;2448.00;23.40;E0_1_4600m;5.00;204;204;14.53;23.50
6900.00;7200.00;2148.00;23.44;E0_0_4700m;5.00;179;179;12.73;23.53
6900.00;7200.00;2448.00;23.57;E0_1_4700m;5.00;204;204;14.42;23.69
6900.00;7200.00;2112.00;23.55;E0_0_4800m;5.00;176;176;12.46;23.64
6900.00;7200.00;2424.00;23.74;E0_1_4800m;5.00;202;202;14.18;23.85
6900.00;7200.00;2076.00;23.65;E0_0_4900m;5.00;173;173;12.19;23.74
6900.00;7200.00;2388.00;23.92;E0_1_4900m;5.00;199;199;13.87;24.04
6900.00;7200.00;2052.00;23.71;E0_0_5000m;5.00;171;171;12.02;23.79
6900.00;7200.00;2352.00;24.12;E0_1_5000m;5.00;196;196;13.55;24.24
7200.00;7500.00;0.00;-1.00;E0_0_0m;-1.00;0;0;0.00;-1.00
7200.00;7500.00;0.00;-1.00;E0_1_0m;-1.00;0;0;0.00;-1.00
7200.00;7500.00;1812.00;26.63;E0_0_100m;5.00;151;153;9.51;26.76
7200.00;7500.00;2040.00;28.68;E0_1_100m;5.00;170;169;9.86;28.85
7200.00;7500.00;1836.00;26.71;E0_0_200m;5.00;153;154;9.55;26.86
7200.00;7500.00;2004.00;28.76;E0_1_200m;5.00;167;168;9.68;28.93
7200.00;7500.00;1800.00;26.78;E0_0_300m;5.00;150;151;9.37;26.90
7200.00;7500.00;2064.00;28.59;E0_1_300m;5.00;172;172;10.03;28.75
7200.00;7500.00;1800.00;26.73;E0_0_400m;5.00;150;151;9.39;26.83
7200.00;7500.00;2052.00;28.54;E0_1_400m;5.00;171;171;9.99;28.69
7200.00;7500.00;1776.00;26.62;E0_0_500m;5.00;148;148;9.27;26.71
7200.00;7500.00;2052.00;28.44;E0_1_500m;5.00;171;171;10.02;28.58
7200.00;7500.00;1812.00;26.50;E0_0_600m;5.00;151;151;9.50;26.59
7200.00;7500.00;2016.00;28.36;E0_1_600m;5.00;168;168;9.87;28.47
7200.00;7500.00;1812.00;26.50;E0_0_700m;5.00;151;151;9.50;26.57
7200.00;7500.00;2004.00;28.20;E0_1_700m;5.00;167;167;9.87;28.31
7200.00;7500.00;1788.00;26.44;E0_0_800m;5.00;149;150;9.41;26.52
7200.00;7500.00;2052.00;27.96;E0_1_800m;5.00;171;171;10.19;28.07
7200.00;7500.00;1824.00;26.15;E0_0_900m;5.00;152;151;9.64;26.24
7200.00;7500.00;2064.00;27.85;E0_1_900m;5.00;172;172;10.29;27.94
7200.00;7500.00;1800.00;25.97;E0_0_1000m;5.00;150;151;9.67;26.06
7200.00;7500.00;2088.00;27.63;E0_1_1000m;5.00;174;174;10.49;27.72
7200.00;7500.00;1800.00;25.82;E0_0_1100m;5.00;150;150;9.68;25.91
7200.00;7500.00;2100.00;27.47;E0_1_1100m;5.00;175;175;10.62;27.55
7200.00;7500.00;1812.00;25.62;E0_0_1200m;5.00;151;151;9.82;25.72
7200.00;7500.00;2112.00;27.35;E0_1_1200m;5.00;176;177;10.75;27.42
7200.00;7500.00;1812.00;25.45;E0_0_1300m;5.00;151;150;9.82;25.57
7200.00;7500.00;2124.00;27.25;E0_1_1300m;5.00;177;177;10.83;27.31
7200.00;7500.00;1776.00;25.33;E0_0_1400m;5.00;148;148;9.74;25.45
7200.00;7500.00;2160.00;27.25;E0_1_1400m;5.00;180;180;11.01;27.31
7200.00;7500.00;1764.00;25.21;E0_0_1500m;5.00;147;147;9.72;25.35
7200.00;7500.00;2172.00;27.28;E0_1_1500m;5.00;181;182;11.08;27.35
7200.00;7500.00;1692.00;25.31;E0_0_1600m;5.00;141;141;9.29;25.44
7200.00;7500.00;2208.00;27.23;E0_1_1600m;5.00;184;183;11.25;27.30
7200.00;7500.00;1704.00;25.24;E0_0_1700m;5.00;142;142;9.38;25.38
7200.00;7500.00;2196.00;27.20;E0_1_1700m;5.00;183;183;11.21;27.29
7200.00;7500.00;1716.00;25.15;E0_0_1800m;5.00;143;143;9.48;25.29
7200.00;7500.00;2184.00;27.17;E0_1_1800m;5.00;182;183;11.18;27.27
7200.00;7500.00;1704.00;25.22;E0_0_1900m;5.00;142;142;9.38;25.35
7200.00;7500.00;2220.00;27.21;E0_1_1900m;5.00;185;185;11.33;27.30
7200.00;7500.00;1752.00;25.32;E0_0_2000m;5.00;146;146;9.61;25.46
7200.00;7500.00;2184.00;27.30;E0_1_2000m;5.00;182;182;11.11;27.39
7200.00;7500.00;1740.00;25.36;E0_0_2100m;5.00;145;145;9.53;25.50
7200.00;7500.00;2184.00;27.34;E0_1_2100m;5.00;182;183;11.14;27.43
7200.00;7500.00;1740.00;25.33;E0_0_2200m;5.00;145;145;9.54;25.48
7200.00;7500.00;2160.00;27.23;E0_1_2200m;5.00;180;180;11.02;27.32
7200.00;7500.00;1752.00;25.35;E0_0_2300m;5.00;146;146;9.60;25.50
7200.00;7500.00;2100.00;27.13;E0_1_2300m;5.00;175;175;10.75;27.21
7200.00;7500.00;1776.00;25.30;E0_0_2400m;5.00;148;148;9.75;25.44
7200.00;7500.00;2112.00;27.13;E0_1_2400m;5.00;176;176;10.81;27.22
7200.00;7500.00;1812.00;25.21;E0_0_2500m;5.00;151;151;9.98;25.36
7200.00;7500.00;2076.00;27.16;E0_1_2500m;5.00;173;174;10.65;27.26
7200.00;7500.00;1740.00;25.13;E0_0_2600m;5.00;145;146;9.64;25.28
7200.00;7500.00;2112.00;27.14;E0_1_2600m;5.00;176;176;10.81;27.25
7200.00;7500.00;1752.00;25.17;E0_0_2700m;5.00;146;146;9.67;25.32
7200.00;7500.00;2088.00;27.17;E0_1_2700m;5.00;174;174;10.67;27.27
7200.00;7500.00;1728.00;25.10;E0_0_2800m;5.00;144;144;9.56;25.26
7200.00;7500.00;2088.00;27.13;E0_1_2800m;5.00;174;174;10.69;27.22
7200.00;7500.00;1704.00;25.01;E0_0_2900m;5.00;142;142;9.46;25.17
7200.00;7500.00;2124.00;27.05;E0_1_2900m;5.00;177;177;10.90;27.14
7200.00;7500.00;1728.00;25.14;E0_0_3000m;5.00;144;145;9.57;25.30
7200.00;7500.00;2124.00;27.08;E0_1_3000m;5.00;177;177;10.89;27.16
7200.00;7500.00;1728.00;25.21;E0_0_3100m;5.00;144;144;9.52;25.35
7200.00;7500.00;2124.00;27.04;E0_1_3100m;5.00;177;177;10.91;27.13
7200.00;7500.00;1740.00;25.08;E0_0_3200m;5.00;145;144;9.58;25.23
7200.00;7500.00;2112.00;27.05;E0_1_3200m;5.00;176;177;10.87;27.12
7200.00;7500.00;1716.00;25.06;E0_0_3300m;5.00;143;143;9.51;25.20
7200.00;7500.00;2124.00;27.06;E0_1_3300m;5.00;177;177;10.91;27.13
7200.00;7500.00;1704.00;25.10;E0_0_3400m;5.00;142;142;9.43;25.23
7200.00;7500.00;2112.00;26.93;E0_1_3400m;5.00;176;176;10.89;26.99
7200.00;7500.00;1716.00;25.09;E0_0_3500m;5.00;143;143;9.50;25.21
7200.00;7500.00;2100.00;26.91;E0_1_3500m;5.00;175;175;10.84;26.96
7200.00;7500.00;1704.00;25.05;E0_0_3600m;5.00;142;142;9.45;25.18
7200.00;7500.00;2100.00;26.92;E0_1_3600m;5.00;175;175;10.83;26.98
7200.00;7500.00;1740.00;25.09;E0_0_3700m;5.00;145;145;9.63;25.20
7200.00;7500.00;2136.00;27.00;E0_1_3700m;5.00;178;178;10.99;27.05
7200.00;7500.00;1764.00;25.22;E0_0_3800m;5.00;147;146;9.67;25.32
7200.00;7500.00;2136.00;27.01;E0_1_3800m;5.00;178;178;10.98;27.06
7200.00;7500.00;1740.00;25.16;E0_0_3900m;5.00;145;145;9.60;25.26
7200.00;7500.00;2148.00;27.09;E0_1_3900m;5.00;179;179;11.01;27.14
7200.00;7500.00;1764.00;25.15;E0_0_4000m;5.00;147;147;9.74;25.26
7200.00;7500.00;2136.00;27.19;E0_1_4000m;5.00;178;179;10.95;27.24
7200.00;7500.00;1800.00;25.11;E0_0_4100m;5.00;150;150;9.96;25.20
7200.00;7500.00;2124.00;27.07;E0_1_4100m;5.00;177;176;10.86;27.12
7200.00;7500.00;1776.00;24.96;E0_0_4200m;5.00;148;149;9.89;25.06
7200.00;7500.00;2136.00;26.94;E0_1_4200m;5.00;178;178;11.01;26.99
7200.00;7500.00;1776.00;24.94;E0_0_4300m;5.00;148;147;9.89;25.04
7200.00;7500.00;2160.00;26.81;E0_1_4300m;5.00;180;180;11.19;26.86
7200.00;7500.00;1776.00;24.97;E0_0_4400m;5.00;148;148;9.88;25.07
7200.00;7500.00;2184.00;26.70;E0_1_4400m;5.00;182;182;11.36;26.74
7200.00;7500.00;1788.00;25.02;E0_0_4500m;5.00;149;149;9.93;25.11
7200.00;7500.00;2172.00;26.65;E0_1_4500m;5.00;181;181;11.32;26.70
7200.00;7500.00;1788.00;25.08;E0_0_4600m;5.00;149;149;9.90;25.17
7200.00;7500.00;2160.00;26.69;E0_1_4600m;5.00;180;181;11.25;26.75
7200.00;7500.00;1764.00;25.06;E0_0_4700m;5.00;147;147;9.78;25.15
7200.00;7500.00;2136.00;26.74;E0_1_4700m;5.00;178;178;11.09;26.80
7200.00;7500.00;1800.00;25.02;E0_0_4800m;5.00;150;150;9.99;25.11
7200.00;7500.00;2160.00;26.83;E0_1_4800m;5.00;180;180;11.18;26.90
7200.00;7500.00;1812.00;24.98;E0_0_4900m;5.00;151;151;10.08;25.06
7200.00;7500.00;2220.00;26.81;E0_1_4900m;5.00;185;185;11.50;26.88
7200.00;7500.00;1872.00;24.95;E0_0_5000m;5.00;156;156;10.42;25.03
7200.00;7500.00;2196.00;26.83;E0_1_5000m;5.00;183;183;11.37;26.91
7500.00;7800.00;0.00;-1.00;E0_0_0m;-1.00;0;0;0.00;-1.00
7500.00;7800.00;0.00;-1.00;E0_1_0m;-1.00;0;0;0.00;-1.00
7500.00;7800.00;1968.00;26.66;E0_0_100m;5.00;164;164;10.25;26.76
7500.00;7800.00;2184.00;28.13;E0_1_100m;5.00;182;182;10.78;28.24
7500.00;7800.00;2004.00;26.40;E0_0_200m;5.00;167;166;10.53;26.51
7500.00;7800.00;2184.00;28.50;E0_1_200m;5.00;182;181;10.64;28.59
7500.00;7800.00;2004.00;26.35;E0_0_300m;5.00;167;166;10.53;26.44
7500.00;7800.00;2208.00;28.40;E0_1_300m;5.00;184;184;10.80;28.49
7500.00;7800.00;1980.00;26.15;E0_0_400m;5.00;165;166;10.52;26.23
7500.00;7800.00;2232.00;28.33;E0_1_400m;5.00;186;186;10.94;28.42
7500.00;7800.00;1968.00;26.02;E0_0_500m;5.00;164;164;10.51;26.09
7500.00;7800.00;2256.00;28.33;E0_1_500m;5.00;188;188;11.06;28.42
7500.00;7800.00;1932.00;25.86;E0_0_600m;5.00;161;161;10.38;25.94
7500.00;7800.00;2292.00;28.36;E0_1_600m;5.00;191;191;11.22;28.45
7500.00;7800.00;1896.00;25.80;E0_0_700m;5.00;158;159;10.22;25.88
7500.00;7800.00;2316.00;28.17;E0_1_700m;5.00;193;193;11.42;28.28
7500.00;7800.00;1860.00;25.76;E0_0_800m;5.00;155;155;10.03;25.83
7500.00;7800.00;2316.00;28.23;E0_1_800m;5.00;193;193;11.40;28.30
7500.00;7800.00;1824.00;25.66;E0_0_900m;5.00;152;152;9.87;25.72
7500.00;7800.00;2316.00;28.25;E0_1_900m;5.00;193;193;11.39;28.32
7500.00;7800.00;1860.00;25.64;E0_0_1000m;5.00;155;154;10.03;25.71
7500.00;7800.00;2292.00;28.33;E0_1_1000m;5.00;191;191;11.24;28.40
7500.00;7800.00;1824.00;25.58;E0_0_1100m;5.00;152;152;9.90;25.64
7500.00;7800.00;2304.00;28.27;E0_1_1100m;5.00;192;192;11.32;28.34
7500.00;7800.00;1848.00;25.48;E0_0_1200m;5.00;154;154;10.07;25.55
7500.00;7800.00;2304.00;28.18;E0_1_1200m;5.00;192;191;11.33;28.26
7500.00;7800.00;1836.00;25.56;E0_0_1300m;5.00;153;155;10.02;25.62
7500.00;7800.00;2316.00;27.97;E0_1_1300m;5.00;193;193;11.50;28.07
7500.00;7800.00;1848.00;25.52;E0_0_1400m;5.00;154;154;10.06;25.58
7500.00;7800.00;2328.00;27.87;E0_1_1400m;5.00;194;194;11.60;27.96
7500.00;7800.00;1824.00;25.45;E0_0_1500m;5.00;152;153;9.99;25.51
7500.00;7800.00;2352.00;27.69;E0_1_1500m;5.00;196;196;11.80;27.78
7500.00;7800.00;1812.00;25.38;E0_0_1600m;5.00;151;151;9.92;25.44
7500.00;7800.00;2376.00;27.62;E0_1_1600m;5.00;198;198;11.95;27.71
7500.00;7800.00;1812.00;25.31;E0_0_1700m;5.00;151;151;9.94;25.36
7500.00;7800.00;2376.00;27.66;E0_1_1700m;5.00;198;198;11.93;27.76
7500.00;7800.00;1800.00;25.32;E0_0_1800m;5.00;150;150;9.87;25.37
7500.00;7800.00;2388.00;27.60;E0_1_1800m;5.00;199;199;12.02;27.72
7500.00;7800.00;1800.00;25.27;E0_0_1900m;5.00;150;150;9.89;25.32
7500.00;7800.00;2364.00;27.50;E0_1_1900m;5.00;197;197;11.94;27.62
7500.00;7800.00;1800.00;25.28;E0_0_2000m;5.00;150;150;9.89;25.34
7500.00;7800.00;2328.00;27.38;E0_1_2000m;5.00;194;194;11.81;27.48
7500.00;7800.00;1752.00;25.36;E0_0_2100m;5.00;146;146;9.59;25.41
7500.00;7800.00;2340.00;27.15;E0_1_2100m;5.00;195;195;11.94;27.24
7500.00;7800.00;1764.00;25.42;E0_0_2200m;5.00;147;147;9.64;25.47
7500.00;7800.00;2328.00;27.04;E0_1_2200m;5.00;194;194;11.96;27.11
7500.00;7800.00;1728.00;25.31;E0_0_2300m;5.00;144;144;9.48;25.36
7500.00;7800.00;2364.00;26.93;E0_1_2300m;5.00;197;197;12.19;26.99
7500.00;7800.00;1740.00;25.30;E0_0_2400m;5.00;145;145;9.55;25.38
7500.00;7800.00;2304.00;26.95;E0_1_2400m;5.00;192;193;11.93;27.03
7500.00;7800.00;1764.00;25.33;E0_0_2500m;5.00;147;147;9.67;25.39
7500.00;7800.00;2256.00;26.93;E0_1_2500m;5.00;188;188;11.61;27.02
7500.00;7800.00;1752.00;25.32;E0_0_2600m;5.00;146;145;9.59;25.37
7500.00;7800.00;2268.00;26.90;E0_1_2600m;5.00;189;189;11.71;26.97
7500.00;7800.00;1728.00;25.33;E0_0_2700m;5.00;144;144;9.48;25.38
7500.00;7800.00;2268.00;26.84;E0_1_2700m;5.00;189;189;11.74;26.91
7500.00;7800.00;1752.00;25.38;E0_0_2800m;5.00;146;146;9.59;25.45
7500.00;7800.00;2244.00;26.92;E0_1_2800m;5.00;187;187;11.58;27.00
7500.00;7800.00;1776.00;25.36;E0_0_2900m;5.00;148;148;9.73;25.42
7500.00;7800.00;2220.00;26.88;E0_1_2900m;5.00;185;185;11.47;26.97
7500.00;7800.00;1752.00;25.26;E0_0_3000m;5.00;146;145;9.61;25.31
7500.00;7800.00;2220.00;26.78;E0_1_3000m;5.00;185;184;11.47;26.85
7500.00;7800.00;1764.00;25.22;E0_0_3100m;5.00;147;147;9.71;25.27
7500.00;7800.00;2208.00;26.72;E0_1_3100m;5.00;184;185;11.51;26.80
7500.00;7800.00;1764.00;25.18;E0_0_3200m;5.00;147;147;9.73;25.22
7500.00;7800.00;2220.00;26.72;E0_1_3200m;5.00;185;184;11.51;26.81
7500.00;7800.00;1752.00;25.22;E0_0_3300m;5.00;146;146;9.65;25.26
7500.00;7800.00;2220.00;26.81;E0_1_3300m;5.00;185;185;11.50;26.90
7500.00;7800.00;1764.00;25.27;E0_0_3400m;5.00;147;148;9.76;25.32
7500.00;7800.00;2232.00;26.95;E0_1_3400m;5.00;186;186;11.50;27.08
7500.00;7800.00;1752.00;25.25;E0_0_3500m;5.00;146;146;9.64;25.30
7500.00;7800.00;2244.00;26.99;E0_1_3500m;5.00;187;187;11.55;27.09
7500.00;7800.00;1764.00;25.30;E0_0_3600m;5.00;147;147;9.68;25.35
7500.00;7800.00;2244.00;27.03;E0_1_3600m;5.00;187;187;11.53;27.15
7500.00;7800.00;1764.00;25.27;E0_0_3700m;5.00;147;148;9.70;25.33
7500.00;7800.00;2220.00;27.01;E0_1_3700m;5.00;185;185;11.41;27.13
7500.00;7800.00;1752.00;25.36;E0_0_3800m;5.00;146;146;9.60;25.40
7500.00;7800.00;2268.00;26.99;E0_1_3800m;5.00;189;189;11.67;27.10
7500.00;7800.00;1776.00;25.35;E0_0_3900m;5.00;148;148;9.73;25.39
7500.00;7800.00;2292.00;27.04;E0_1_3900m;5.00;191;191;11.77;27.14
7500.00;7800.00;1776.00;25.30;E0_0_4000m;5.00;148;149;9.76;25.34
7500.00;7800.00;2304.00;26.99;E0_1_4000m;5.00;192;192;11.86;27.07
7500.00;7800.00;1776.00;25.33;E0_0_4100m;5.00;148;148;9.74;25.37
7500.00;7800.00;2304.00;26.95;E0_1_4100m;5.00;192;192;11.87;27.03
7500.00;7800.00;1764.00;25.38;E0_0_4200m;5.00;147;146;9.64;25.43
7500.00;7800.00;2328.00;26.97;E0_1_4200m;5.00;194;194;11.99;27.04
7500.00;7800.00;1764.00;25.40;E0_0_4300m;5.00;147;147;9.65;25.45
7500.00;7800.00;2316.00;27.13;E0_1_4300m;5.00;193;193;11.86;27.21
7500.00;7800.00;1752.00;25.31;E0_0_4400m;5.00;146;146;9.61;25.37
7500.00;7800.00;2316.00;27.38;E0_1_4400m;5.00;193;194;11.78;27.47
7500.00;7800.00;1752.00;25.13;E0_0_4500m;5.00;146;146;9.68;25.21
7500.00;7800.00;2340.00;27.52;E0_1_4500m;5.00;195;195;11.81;27.60
7500.00;7800.00;1728.00;24.99;E0_0_4600m;5.00;144;144;9.60;25.08
7500.00;7800.00;2364.00;27.67;E0_1_4600m;5.00;197;196;11.85;27.73
7500.00;7800.00;1752.00;24.95;E0_0_4700m;5.00;146;146;9.75;25.04
7500.00;7800.00;2316.00;27.88;E0_1_4700m;5.00;193;194;11.58;27.93
7500.00;7800.00;1704.00;24.86;E0_0_4800m;5.00;142;142;9.52;24.96
7500.00;7800.00;2304.00;27.99;E0_1_4800m;5.00;192;192;11.43;28.05
7500.00;7800.00;1668.00;24.76;E0_0_4900m;5.00;139;139;9.36;24.86
7500.00;7800.00;2268.00;28.07;E0_1_4900m;5.00;189;189;11.22;28.13
7500.00;7800.00;1668.00;24.71;E0_0_5000m;5.00;139;139;9.37;24.82
7500.00;7800.00;2244.00;28.05;E0_1_5000m;5.00;187;187;11.11;28.11
