interval_begin;interval_end;interval_flow;interval_harmonicMeanSpeed;interval_id;interval_length;interval_nVehContrib;interval_nVehEntered;interval_occupancy;interval_speed
0.00;300.00;0.00;-1.00;E0_0_0m;-1.00;0;0;0.00;-1.00
0.00;300.00;0.00;-1.00;E0_1_0m;-1.00;0;0;0.00;-1.00
0.00;300.00;1740.00;27.54;E0_0_100m;5.00;145;146;8.82;27.78
0.00;300.00;1992.00;28.75;E0_1_100m;5.00;166;166;9.62;28.95
0.00;300.00;1788.00;27.06;E0_0_200m;5.00;149;149;9.18;27.36
0.00;300.00;1884.00;29.02;E0_1_200m;5.00;157;157;9.02;29.24
0.00;300.00;1740.00;27.03;E0_0_300m;5.00;145;145;8.94;27.30
0.00;300.00;1860.00;28.91;E0_1_300m;5.00;155;156;8.97;29.15
0.00;300.00;1668.00;27.00;E0_0_400m;5.00;139;139;8.58;27.24
0.00;300.00;1872.00;28.74;E0_1_400m;5.00;156;156;9.05;28.97
0.00;300.00;1632.00;27.00;E0_0_500m;5.00;136;136;8.39;27.26
0.00;300.00;1836.00;28.62;E0_1_500m;5.00;153;154;8.97;28.85
0.00;300.00;1584.00;26.75;E0_0_600m;5.00;132;133;8.26;26.95
0.00;300.00;1812.00;28.53;E0_1_600m;5.00;151;151;8.82;28.74
0.00;300.00;1536.00;26.65;E0_0_700m;5.00;128;129;8.06;26.86
0.00;300.00;1800.00;28.50;E0_1_700m;5.00;150;150;8.77;28.70
0.00;300.00;1476.00;26.57;E0_0_800m;5.00;123;123;7.71;26.78
0.00;300.00;1788.00;28.48;E0_1_800m;5.00;149;149;8.72;28.64
0.00;300.00;1440.00;26.56;E0_0_900m;5.00;120;120;7.53;26.75
0.00;300.00;1764.00;28.47;E0_1_900m;5.00;147;147;8.61;28.63
0.00;300.00;1416.00;26.47;E0_0_1000m;5.00;118;118;7.43;26.66
0.00;300.00;1728.00;28.54;E0_1_1000m;5.00;144;144;8.41;28.68
0.00;300.00;1416.00;26.35;E0_0_1100m;5.00;118;118;7.46;26.56
0.00;300.00;1728.00;28.44;E0_1_1100m;5.00;144;144;8.44;28.58
0.00;300.00;1428.00;26.34;E0_0_1200m;5.00;119;119;7.53;26.55
0.00;300.00;1704.00;28.37;E0_1_1200m;5.00;142;142;8.34;28.52
0.00;300.00;1404.00;26.26;E0_0_1300m;5.00;117;117;7.43;26.47
0.00;300.00;1680.00;28.30;E0_1_1300m;5.00;140;140;8.25;28.43
0.00;300.00;1392.00;26.26;E0_0_1400m;5.00;116;116;7.36;26.47
0.00;300.00;1632.00;28.28;E0_1_1400m;5.00;136;137;8.02;28.42
0.00;300.00;1368.00;26.32;E0_0_1500m;5.00;114;114;7.22;26.55
0.00;300.00;1632.00;28.24;E0_1_1500m;5.00;136;137;8.07;28.39
0.00;300.00;1368.00;26.19;E0_0_1600m;5.00;114;114;7.26;26.42
0.00;300.00;1596.00;28.16;E0_1_1600m;5.00;133;133;7.87;28.31
0.00;300.00;1344.00;26.07;E0_0_1700m;5.00;112;112;7.16;26.30
0.00;300.00;1572.00;28.02;E0_1_1700m;5.00;131;131;7.79;28.17
0.00;300.00;1296.00;25.99;E0_0_1800m;5.00;108;108;6.93;26.21
0.00;300.00;1548.00;27.95;E0_1_1800m;5.00;129;129;7.69;28.10
0.00;300.00;1272.00;25.85;E0_0_1900m;5.00;106;106;6.83;26.08
0.00;300.00;1536.00;27.98;E0_1_1900m;5.00;128;128;7.62;28.13
0.00;300.00;1248.00;25.85;E0_0_2000m;5.00;104;104;6.71;26.08
0.00;300.00;1500.00;28.14;E0_1_2000m;5.00;125;126;7.45;28.31
0.00;300.00;1272.00;26.09;E0_0_2100m;5.00;106;106;6.77;26.31
0.00;300.00;1476.00;28.15;E0_1_2100m;5.00;123;123;7.28;28.35
0.00;300.00;1248.00;26.10;E0_0_2200m;5.00;104;104;6.64;26.31
0.00;300.00;1452.00;28.14;E0_1_2200m;5.00;121;122;7.18;28.32
0.00;300.00;1224.00;26.12;E0_0_2300m;5.00;102;102;6.51;26.33
0.00;300.00;1404.00;28.13;E0_1_2300m;5.00;117;118;6.98;28.30
0.00;300.00;1188.00;26.05;E0_0_2400m;5.00;99;99;6.33;26.24
0.00;300.00;1404.00;28.15;E0_1_2400m;5.00;117;117;6.93;28.32
0.00;300.00;1188.00;25.96;E0_0_2500m;5.00;99;99;6.36;26.14
0.00;300.00;1404.00;28.15;E0_1_2500m;5.00;117;117;6.93;28.33
0.00;300.00;1128.00;26.01;E0_0_2600m;5.00;94;94;6.02;26.21
0.00;300.00;1416.00;28.13;E0_1_2600m;5.00;118;118;6.99;28.30
0.00;300.00;1092.00;26.09;E0_0_2700m;5.00;91;91;5.81;26.28
0.00;300.00;1380.00;28.09;E0_1_2700m;5.00;115;116;6.84;28.27
0.00;300.00;1080.00;26.11;E0_0_2800m;5.00;90;91;5.76;26.28
0.00;300.00;1356.00;27.95;E0_1_2800m;5.00;113;113;6.74;28.14
0.00;300.00;1092.00;26.13;E0_0_2900m;5.00;91;91;5.80;26.30
0.00;300.00;1332.00;27.90;E0_1_2900m;5.00;111;111;6.63;28.09
0.00;300.00;1080.00;26.08;E0_0_3000m;5.00;90;90;5.75;26.24
0.00;300.00;1308.00;27.82;E0_1_3000m;5.00;109;109;6.53;28.01
0.00;300.00;1032.00;26.15;E0_0_3100m;5.00;86;86;5.48;26.31
0.00;300.00;1296.00;27.72;E0_1_3100m;5.00;108;108;6.49;27.91
0.00;300.00;972.00;26.17;E0_0_3200m;5.00;81;81;5.16;26.34
0.00;300.00;1284.00;27.65;E0_1_3200m;5.00;107;107;6.45;27.84
0.00;300.00;960.00;25.96;E0_0_3300m;5.00;80;80;5.14;26.13
0.00;300.00;1248.00;27.59;E0_1_3300m;5.00;104;104;6.28;27.79
0.00;300.00;984.00;25.91;E0_0_3400m;5.00;82;82;5.27;26.11
0.00;300.00;1200.00;27.55;E0_1_3400m;5.00;100;100;6.05;27.75
0.00;300.00;996.00;25.92;E0_0_3500m;5.00;83;83;5.34;26.13
0.00;300.00;1140.00;27.51;E0_1_3500m;5.00;95;95;5.76;27.72
0.00;300.00;972.00;25.92;E0_0_3600m;5.00;81;81;5.21;26.14
0.00;300.00;1104.00;27.49;E0_1_3600m;5.00;92;92;5.58;27.72
0.00;300.00;960.00;25.77;E0_0_3700m;5.00;80;80;5.17;26.00
0.00;300.00;1068.00;27.49;E0_1_3700m;5.00;89;89;5.40;27.72
0.00;300.00;948.00;25.70;E0_0_3800m;5.00;79;79;5.12;25.95
0.00;300.00;1056.00;27.46;E0_1_3800m;5.00;88;88;5.34;27.69
0.00;300.00;936.00;25.76;E0_0_3900m;5.00;78;78;5.05;26.03
0.00;300.00;1008.00;27.52;E0_1_3900m;5.00;84;84;5.09;27.73
0.00;300.00;924.00;25.79;E0_0_4000m;5.00;77;77;4.98;26.07
0.00;300.00;960.00;27.62;E0_1_4000m;5.00;80;80;4.83;27.83
0.00;300.00;876.00;25.80;E0_0_4100m;5.00;73;73;4.72;26.08
0.00;300.00;936.00;27.80;E0_1_4100m;5.00;78;78;4.68;28.02
0.00;300.00;828.00;25.82;E0_0_4200m;5.00;69;70;4.48;26.13
0.00;300.00;912.00;28.02;E0_1_4200m;5.00;76;76;4.52;28.25
0.00;300.00;828.00;25.95;E0_0_4300m;5.00;69;70;4.49;26.28
0.00;300.00;840.00;28.32;E0_1_4300m;5.00;70;70;4.12;28.58
0.00;300.00;804.00;25.99;E0_0_4400m;5.00;67;67;4.30;26.32
0.00;300.00;816.00;28.49;E0_1_4400m;5.00;68;68;3.98;28.74
0.00;300.00;756.00;25.99;E0_0_4500m;5.00;63;63;4.04;26.34
0.00;300.00;804.00;28.70;E0_1_4500m;5.00;67;67;3.89;28.94
0.00;300.00;720.00;26.05;E0_0_4600m;5.00;60;60;3.84;26.42
0.00;300.00;780.00;28.81;E0_1_4600m;5.00;65;66;3.80;29.06
0.00;300.00;696.00;26.15;E0_0_4700m;5.00;58;58;3.70;26.53
0.00;300.00;744.00;29.18;E0_1_4700m;5.00;62;62;3.54;29.41
0.00;300.00;648.00;26.09;E0_0_4800m;5.00;54;54;3.45;26.49
0.00;300.00;732.00;29.48;E0_1_4800m;5.00;61;61;3.45;29.68
0.00;300.00;624.00;26.10;E0_0_4900m;5.00;52;52;3.32;26.51
0.00;300.00;696.00;29.63;E0_1_4900m;5.00;58;58;3.26;29.80
0.00;300.00;588.00;26.17;E0_0_5000m;5.00;49;49;3.12;26.60
0.00;300.00;672.00;29.61;E0_1_5000m;5.00;56;56;3.15;29.72
300.00;600.00;0.00;-1.00;E0_0_0m;-1.00;0;0;0.00;-1.00
300.00;600.00;0.00;-1.00;E0_1_0m;-1.00;0;0;0.00;-1.00
300.00;600.00;1932.00;26.59;E0_0_100m;5.00;161;161;10.07;26.73
300.00;600.00;2172.00;27.84;E0_1_100m;5.00;181;181;10.84;27.95
300.00;600.00;1944.00;26.62;E0_0_200m;5.00;162;162;10.14;26.77
300.00;600.00;2184.00;28.05;E0_1_200m;5.00;182;182;10.81;28.21
300.00;600.00;1956.00;26.45;E0_0_300m;5.00;163;163;10.27;26.61
300.00;600.00;2220.00;27.91;E0_1_300m;5.00;185;185;11.05;28.07
300.00;600.00;1956.00;26.36;E0_0_400m;5.00;163;163;10.31;26.51
300.00;600.00;2232.00;27.75;E0_1_400m;5.00;186;186;11.17;27.90
300.00;600.00;1980.00;26.20;E0_0_500m;5.00;165;165;10.50;26.34
300.00;600.00;2232.00;27.58;E0_1_500m;5.00;186;186;11.24;27.73
300.00;600.00;1980.00;26.08;E0_0_600m;5.00;165;164;10.51;26.28
300.00;600.00;2232.00;27.49;E0_1_600m;5.00;186;187;11.34;27.65
300.00;600.00;1944.00;25.93;E0_0_700m;5.00;162;162;10.41;26.06
300.00;600.00;2268.00;27.33;E0_1_700m;5.00;189;189;11.52;27.50
300.00;600.00;1968.00;25.78;E0_0_800m;5.00;164;164;10.60;25.92
300.00;600.00;2280.00;27.23;E0_1_800m;5.00;190;191;11.63;27.40
300.00;600.00;1956.00;25.81;E0_0_900m;5.00;163;163;10.53;25.92
300.00;600.00;2280.00;27.11;E0_1_900m;5.00;190;190;11.68;27.29
300.00;600.00;1944.00;25.61;E0_0_1000m;5.00;162;162;10.54;25.73
300.00;600.00;2292.00;26.95;E0_1_1000m;5.00;191;191;11.81;27.13
300.00;600.00;1920.00;25.57;E0_0_1100m;5.00;160;160;10.43;25.70
300.00;600.00;2244.00;26.83;E0_1_1100m;5.00;187;188;11.64;27.01
300.00;600.00;1896.00;25.49;E0_0_1200m;5.00;158;158;10.33;25.61
300.00;600.00;2220.00;26.70;E0_1_1200m;5.00;185;185;11.55;26.88
300.00;600.00;1884.00;25.57;E0_0_1300m;5.00;157;157;10.23;25.69
300.00;600.00;2220.00;26.60;E0_1_1300m;5.00;185;185;11.59;26.78
300.00;600.00;1872.00;25.61;E0_0_1400m;5.00;156;156;10.15;25.72
300.00;600.00;2232.00;26.60;E0_1_1400m;5.00;186;185;11.65;26.78
300.00;600.00;1860.00;25.56;E0_0_1500m;5.00;155;156;10.14;25.68
300.00;600.00;2208.00;26.62;E0_1_1500m;5.00;184;184;11.52;26.80
300.00;600.00;1836.00;25.46;E0_0_1600m;5.00;153;153;10.02;25.57
300.00;600.00;2208.00;26.71;E0_1_1600m;5.00;184;185;11.53;26.89
300.00;600.00;1824.00;25.41;E0_0_1700m;5.00;152;152;9.97;25.52
300.00;600.00;2208.00;26.67;E0_1_1700m;5.00;184;184;11.50;26.86
300.00;600.00;1824.00;25.33;E0_0_1800m;5.00;152;152;10.00;25.44
300.00;600.00;2208.00;26.56;E0_1_1800m;5.00;184;184;11.55;26.74
300.00;600.00;1800.00;25.29;E0_0_1900m;5.00;150;151;9.90;25.40
300.00;600.00;2196.00;26.44;E0_1_1900m;5.00;183;184;11.58;26.62
300.00;600.00;1800.00;25.13;E0_0_2000m;5.00;150;150;9.95;25.22
300.00;600.00;2208.00;26.31;E0_1_2000m;5.00;184;183;11.61;26.48
300.00;600.00;1776.00;24.99;E0_0_2100m;5.00;148;148;9.87;25.08
300.00;600.00;2172.00;26.10;E0_1_2100m;5.00;181;181;11.56;26.25
300.00;600.00;1764.00;24.81;E0_0_2200m;5.00;147;147;9.87;24.91
300.00;600.00;2160.00;25.89;E0_1_2200m;5.00;180;179;11.57;26.02
300.00;600.00;1752.00;24.66;E0_0_2300m;5.00;146;146;9.87;24.74
300.00;600.00;2184.00;25.73;E0_1_2300m;5.00;182;181;11.74;25.84
300.00;600.00;1764.00;24.53;E0_0_2400m;5.00;147;147;9.99;24.62
300.00;600.00;2184.00;25.66;E0_1_2400m;5.00;182;182;11.82;25.77
300.00;600.00;1764.00;24.51;E0_0_2500m;5.00;147;147;9.99;24.60
300.00;600.00;2172.00;25.67;E0_1_2500m;5.00;181;181;11.75;25.79
300.00;600.00;1776.00;24.47;E0_0_2600m;5.00;148;148;10.08;24.55
300.00;600.00;2148.00;25.74;E0_1_2600m;5.00;179;179;11.59;25.88
300.00;600.00;1776.00;24.36;E0_0_2700m;5.00;148;148;10.13;24.44
300.00;600.00;2148.00;25.73;E0_1_2700m;5.00;179;178;11.58;25.87
300.00;600.00;1788.00;24.36;E0_0_2800m;5.00;149;148;10.18;24.44
300.00;600.00;2148.00;25.73;E0_1_2800m;5.00;179;179;11.59;25.89
300.00;600.00;1716.00;24.34;E0_0_2900m;5.00;143;143;9.79;24.41
300.00;600.00;2184.00;25.73;E0_1_2900m;5.00;182;182;11.79;25.89
300.00;600.00;1704.00;24.29;E0_0_3000m;5.00;142;142;9.74;24.36
300.00;600.00;2172.00;25.76;E0_1_3000m;5.00;181;181;11.71;25.92
300.00;600.00;1692.00;24.29;E0_0_3100m;5.00;141;141;9.67;24.36
300.00;600.00;2172.00;25.80;E0_1_3100m;5.00;181;181;11.69;25.96
300.00;600.00;1704.00;24.32;E0_0_3200m;5.00;142;142;9.73;24.39
300.00;600.00;2184.00;25.91;E0_1_3200m;5.00;182;182;11.71;26.09
300.00;600.00;1716.00;24.33;E0_0_3300m;5.00;143;143;9.80;24.40
300.00;600.00;2160.00;26.03;E0_1_3300m;5.00;180;180;11.53;26.23
300.00;600.00;1656.00;24.32;E0_0_3400m;5.00;138;138;9.46;24.39
300.00;600.00;2184.00;26.01;E0_1_3400m;5.00;182;182;11.66;26.23
300.00;600.00;1668.00;24.33;E0_0_3500m;5.00;139;139;9.52;24.40
300.00;600.00;2196.00;26.03;E0_1_3500m;5.00;183;183;11.72;26.25
300.00;600.00;1704.00;24.36;E0_0_3600m;5.00;142;142;9.71;24.44
300.00;600.00;2220.00;26.09;E0_1_3600m;5.00;185;185;11.82;26.33
300.00;600.00;1716.00;24.47;E0_0_3700m;5.00;143;145;9.83;24.54
300.00;600.00;2244.00;26.05;E0_1_3700m;5.00;187;187;11.96;26.30
300.00;600.00;1692.00;24.52;E0_0_3800m;5.00;141;141;9.59;24.61
300.00;600.00;2244.00;26.02;E0_1_3800m;5.00;187;187;11.98;26.27
300.00;600.00;1668.00;24.58;E0_0_3900m;5.00;139;139;9.42;24.67
300.00;600.00;2256.00;25.94;E0_1_3900m;5.00;188;188;12.08;26.18
300.00;600.00;1692.00;24.72;E0_0_4000m;5.00;141;141;9.51;24.88
300.00;600.00;2220.00;25.86;E0_1_4000m;5.00;185;186;11.98;26.10
300.00;600.00;1704.00;24.67;E0_0_4100m;5.00;142;142;9.59;24.75
300.00;600.00;2208.00;25.66;E0_1_4100m;5.00;184;185;11.95;25.88
300.00;600.00;1692.00;24.66;E0_0_4200m;5.00;141;140;9.51;24.72
300.00;600.00;2232.00;25.42;E0_1_4200m;5.00;186;187;12.22;25.59
300.00;600.00;1728.00;24.71;E0_0_4300m;5.00;144;143;9.66;24.77
300.00;600.00;2232.00;25.20;E0_1_4300m;5.00;186;187;12.34;25.32
300.00;600.00;1716.00;24.61;E0_0_4400m;5.00;143;143;9.68;24.66
300.00;600.00;2256.00;25.09;E0_1_4400m;5.00;188;188;12.49;25.18
300.00;600.00;1728.00;24.53;E0_0_4500m;5.00;144;144;9.79;24.57
300.00;600.00;2268.00;25.02;E0_1_4500m;5.00;189;189;12.59;25.10
300.00;600.00;1728.00;24.50;E0_0_4600m;5.00;144;144;9.79;24.54
300.00;600.00;2268.00;25.06;E0_1_4600m;5.00;189;188;12.53;25.14
300.00;600.00;1740.00;24.56;E0_0_4700m;5.00;145;145;9.84;24.60
300.00;600.00;2256.00;25.18;E0_1_4700m;5.00;188;188;12.45;25.29
300.00;600.00;1788.00;24.66;E0_0_4800m;5.00;149;149;10.07;24.75
300.00;600.00;2220.00;25.19;E0_1_4800m;5.00;185;186;12.30;25.30
300.00;600.00;1800.00;24.63;E0_0_4900m;5.00;150;150;10.15;24.66
300.00;600.00;2232.00;25.25;E0_1_4900m;5.00;186;186;12.28;25.36
300.00;600.00;1800.00;24.68;E0_0_5000m;5.00;150;150;10.13;24.71
300.00;600.00;2232.00;25.31;E0_1_5000m;5.00;186;186;12.25;25.43
600.00;900.00;0.00;-1.00;E0_0_0m;-1.00;0;0;0.00;-1.00
600.00;900.00;0.00;-1.00;E0_1_0m;-1.00;0;0;0.00;-1.00
600.00;900.00;1800.00;26.38;E0_0_100m;5.00;150;149;9.45;26.47
600.00;900.00;2244.00;27.77;E0_1_100m;5.00;187;187;11.22;27.90
600.00;900.00;1812.00;26.28;E0_0_200m;5.00;151;151;9.58;26.39
600.00;900.00;2220.00;27.89;E0_1_200m;5.00;185;185;11.05;28.08
600.00;900.00;1764.00;26.03;E0_0_300m;5.00;147;147;9.41;26.15
600.00;900.00;2232.00;27.74;E0_1_300m;5.00;186;186;11.17;27.96
600.00;900.00;1704.00;25.88;E0_0_400m;5.00;142;143;9.17;26.01
600.00;900.00;2280.00;27.45;E0_1_400m;5.00;190;190;11.53;27.69
600.00;900.00;1716.00;25.73;E0_0_500m;5.00;143;143;9.26;25.86
600.00;900.00;2256.00;27.32;E0_1_500m;5.00;188;189;11.51;27.57
600.00;900.00;1764.00;25.64;E0_0_600m;5.00;147;147;9.55;25.79
600.00;900.00;2244.00;27.18;E0_1_600m;5.00;187;188;11.51;27.45
600.00;900.00;1776.00;25.42;E0_0_700m;5.00;148;148;9.70;25.53
600.00;900.00;2280.00;27.13;E0_1_700m;5.00;190;190;11.67;27.41
600.00;900.00;1752.00;25.39;E0_0_800m;5.00;146;147;9.62;25.51
600.00;900.00;2280.00;27.08;E0_1_800m;5.00;190;190;11.69;27.35
600.00;900.00;1764.00;25.34;E0_0_900m;5.00;147;147;9.67;25.48
600.00;900.00;2292.00;27.02;E0_1_900m;5.00;191;191;11.78;27.31
600.00;900.00;1800.00;25.23;E0_0_1000m;5.00;150;150;9.91;25.37
600.00;900.00;2292.00;27.03;E0_1_1000m;5.00;191;191;11.78;27.31
600.00;900.00;1836.00;25.23;E0_0_1100m;5.00;153;154;10.17;25.37
600.00;900.00;2280.00;26.85;E0_1_1100m;5.00;190;189;11.78;27.13
600.00;900.00;1836.00;25.11;E0_0_1200m;5.00;153;153;10.15;25.24
600.00;900.00;2292.00;26.70;E0_1_1200m;5.00;191;191;11.92;26.97
600.00;900.00;1836.00;25.12;E0_0_1300m;5.00;153;153;10.15;25.25
600.00;900.00;2304.00;26.57;E0_1_1300m;5.00;192;192;12.04;26.86
600.00;900.00;1836.00;24.97;E0_0_1400m;5.00;153;154;10.22;25.10
600.00;900.00;2340.00;26.46;E0_1_1400m;5.00;195;196;12.32;26.73
600.00;900.00;1860.00;24.87;E0_0_1500m;5.00;155;154;10.36;24.99
600.00;900.00;2328.00;26.30;E0_1_1500m;5.00;194;194;12.29;26.57
600.00;900.00;1848.00;24.79;E0_0_1600m;5.00;154;154;10.35;24.91
600.00;900.00;2328.00;26.11;E0_1_1600m;5.00;194;193;12.34;26.37
600.00;900.00;1860.00;24.67;E0_0_1700m;5.00;155;155;10.47;24.79
600.00;900.00;2316.00;25.99;E0_1_1700m;5.00;193;193;12.38;26.25
600.00;900.00;1860.00;24.63;E0_0_1800m;5.00;155;155;10.49;24.75
600.00;900.00;2328.00;25.94;E0_1_1800m;5.00;194;194;12.47;26.20
600.00;900.00;1836.00;24.71;E0_0_1900m;5.00;153;152;10.31;24.83
600.00;900.00;2352.00;25.96;E0_1_1900m;5.00;196;196;12.58;26.21
600.00;900.00;1836.00;24.75;E0_0_2000m;5.00;153;153;10.30;24.88
600.00;900.00;2328.00;25.88;E0_1_2000m;5.00;194;194;12.49;26.13
600.00;900.00;1860.00;24.81;E0_0_2100m;5.00;155;155;10.41;24.95
600.00;900.00;2352.00;25.79;E0_1_2100m;5.00;196;196;12.67;26.03
600.00;900.00;1896.00;24.80;E0_0_2200m;5.00;158;158;10.62;24.94
600.00;900.00;2340.00;25.69;E0_1_2200m;5.00;195;196;12.69;25.93
600.00;900.00;1932.00;24.85;E0_0_2300m;5.00;161;161;10.80;24.98
600.00;900.00;2340.00;25.66;E0_1_2300m;5.00;195;195;12.67;25.90
600.00;900.00;1932.00;24.89;E0_0_2400m;5.00;161;162;10.78;25.04
600.00;900.00;2340.00;25.54;E0_1_2400m;5.00;195;195;12.72;25.81
600.00;900.00;1932.00;24.81;E0_0_2500m;5.00;161;161;10.81;24.95
600.00;900.00;2304.00;25.57;E0_1_2500m;5.00;192;192;12.51;25.81
600.00;900.00;1956.00;24.78;E0_0_2600m;5.00;163;163;10.96;24.91
600.00;900.00;2292.00;25.58;E0_1_2600m;5.00;191;191;12.44;25.81
600.00;900.00;1956.00;24.86;E0_0_2700m;5.00;163;163;10.93;25.00
600.00;900.00;2292.00;25.63;E0_1_2700m;5.00;191;191;12.42;25.86
600.00;900.00;1932.00;24.92;E0_0_2800m;5.00;161;161;10.77;25.05
600.00;900.00;2280.00;25.65;E0_1_2800m;5.00;190;190;12.34;25.87
600.00;900.00;1908.00;24.92;E0_0_2900m;5.00;159;159;10.63;25.05
600.00;900.00;2268.00;25.72;E0_1_2900m;5.00;189;190;12.27;25.94
600.00;900.00;1896.00;24.91;E0_0_3000m;5.00;158;158;10.57;25.03
600.00;900.00;2268.00;25.80;E0_1_3000m;5.00;189;189;12.21;26.02
600.00;900.00;1896.00;24.92;E0_0_3100m;5.00;158;158;10.57;25.04
600.00;900.00;2268.00;25.84;E0_1_3100m;5.00;189;189;12.19;26.05
600.00;900.00;1932.00;25.00;E0_0_3200m;5.00;161;161;10.73;25.13
600.00;900.00;2220.00;25.84;E0_1_3200m;5.00;185;185;11.93;26.04
600.00;900.00;1908.00;25.09;E0_0_3300m;5.00;159;159;10.56;25.21
600.00;900.00;2232.00;25.89;E0_1_3300m;5.00;186;186;11.98;26.07
600.00;900.00;1908.00;25.17;E0_0_3400m;5.00;159;159;10.53;25.28
600.00;900.00;2220.00;25.93;E0_1_3400m;5.00;185;185;11.89;26.11
600.00;900.00;1884.00;25.23;E0_0_3500m;5.00;157;157;10.37;25.34
600.00;900.00;2196.00;26.05;E0_1_3500m;5.00;183;184;11.78;26.23
600.00;900.00;1836.00;25.28;E0_0_3600m;5.00;153;153;10.09;25.39
600.00;900.00;2172.00;26.12;E0_1_3600m;5.00;181;182;11.56;26.29
600.00;900.00;1812.00;25.29;E0_0_3700m;5.00;151;150;9.90;25.39
600.00;900.00;2136.00;26.25;E0_1_3700m;5.00;178;178;11.30;26.41
600.00;900.00;1812.00;25.33;E0_0_3800m;5.00;151;151;9.94;25.42
600.00;900.00;2112.00;26.45;E0_1_3800m;5.00;176;176;11.09;26.61
600.00;900.00;1812.00;25.27;E0_0_3900m;5.00;151;151;9.96;25.37
600.00;900.00;2112.00;26.55;E0_1_3900m;5.00;176;176;11.05;26.71
600.00;900.00;1788.00;25.24;E0_0_4000m;5.00;149;149;9.84;25.34
600.00;900.00;2136.00;26.63;E0_1_4000m;5.00;178;178;11.14;26.78
600.00;900.00;1788.00;25.21;E0_0_4100m;5.00;149;149;9.85;25.30
600.00;900.00;2136.00;26.76;E0_1_4100m;5.00;178;177;11.09;26.89
600.00;900.00;1776.00;25.24;E0_0_4200m;5.00;148;148;9.77;25.33
600.00;900.00;2136.00;26.85;E0_1_4200m;5.00;178;177;11.02;26.97
600.00;900.00;1752.00;25.28;E0_0_4300m;5.00;146;147;9.65;25.37
600.00;900.00;2124.00;27.04;E0_1_4300m;5.00;177;178;10.97;27.15
600.00;900.00;1752.00;25.41;E0_0_4400m;5.00;146;147;9.58;25.51
600.00;900.00;2100.00;27.19;E0_1_4400m;5.00;175;176;10.74;27.32
600.00;900.00;1752.00;25.45;E0_0_4500m;5.00;146;146;9.56;25.54
600.00;900.00;2076.00;27.50;E0_1_4500m;5.00;173;173;10.49;27.60
600.00;900.00;1740.00;25.51;E0_0_4600m;5.00;145;145;9.47;25.59
600.00;900.00;2100.00;27.57;E0_1_4600m;5.00;175;175;10.58;27.66
600.00;900.00;1764.00;25.52;E0_0_4700m;5.00;147;147;9.60;25.60
600.00;900.00;2136.00;27.56;E0_1_4700m;5.00;178;178;10.77;27.64
600.00;900.00;1788.00;25.50;E0_0_4800m;5.00;149;149;9.74;25.58
600.00;900.00;2160.00;27.58;E0_1_4800m;5.00;180;181;10.92;27.67
600.00;900.00;1776.00;25.47;E0_0_4900m;5.00;148;148;9.69;25.54
600.00;900.00;2208.00;27.57;E0_1_4900m;5.00;184;184;11.12;27.68
600.00;900.00;1848.00;25.51;E0_0_5000m;5.00;154;154;10.06;25.59
600.00;900.00;2196.00;27.57;E0_1_5000m;5.00;183;183;11.06;27.70
900.00;1200.00;0.00;-1.00;E0_0_0m;-1.00;0;0;0.00;-1.00
900.00;1200.00;0.00;-1.00;E0_1_0m;-1.00;0;0;0.00;-1.00
900.00;1200.00;1560.00;26.36;E0_0_100m;5.00;130;131;8.23;26.55
900.00;1200.00;2100.00;27.35;E0_1_100m;5.00;175;176;10.72;27.53
900.00;1200.00;1596.00;26.39;E0_0_200m;5.00;133;133;8.40;26.64
900.00;1200.00;2064.00;27.66;E0_1_200m;5.00;172;172;10.36;27.87
900.00;1200.00;1596.00;26.22;E0_0_300m;5.00;133;133;8.46;26.46
900.00;1200.00;2076.00;27.76;E0_1_300m;5.00;173;173;10.39;27.98
900.00;1200.00;1608.00;26.03;E0_0_400m;5.00;134;134;8.58;26.32
900.00;1200.00;2052.00;27.74;E0_1_400m;5.00;171;172;10.34;27.95
900.00;1200.00;1632.00;25.55;E0_0_500m;5.00;136;137;8.88;25.77
900.00;1200.00;2028.00;27.37;E0_1_500m;5.00;169;168;10.25;27.56
900.00;1200.00;1608.00;25.37;E0_0_600m;5.00;134;134;8.80;25.57
900.00;1200.00;2028.00;27.13;E0_1_600m;5.00;169;169;10.38;27.31
900.00;1200.00;1596.00;25.23;E0_0_700m;5.00;133;133;8.79;25.39
900.00;1200.00;2028.00;26.94;E0_1_700m;5.00;169;169;10.45;27.11
900.00;1200.00;1596.00;25.24;E0_0_800m;5.00;133;134;8.79;25.37
900.00;1200.00;2088.00;26.71;E0_1_800m;5.00;174;174;10.86;26.91
900.00;1200.00;1584.00;25.09;E0_0_900m;5.00;132;133;8.80;25.20
900.00;1200.00;2112.00;26.59;E0_1_900m;5.00;176;176;11.03;26.75
900.00;1200.00;1560.00;24.98;E0_0_1000m;5.00;130;130;8.67;25.09
900.00;1200.00;2112.00;26.56;E0_1_1000m;5.00;176;176;11.04;26.73
900.00;1200.00;1536.00;24.95;E0_0_1100m;5.00;128;127;8.49;25.07
900.00;1200.00;2124.00;26.68;E0_1_1100m;5.00;177;177;11.06;26.87
900.00;1200.00;1560.00;24.93;E0_0_1200m;5.00;130;130;8.69;25.05
900.00;1200.00;2100.00;26.81;E0_1_1200m;5.00;175;175;10.88;27.02
900.00;1200.00;1584.00;24.89;E0_0_1300m;5.00;132;132;8.84;25.01
900.00;1200.00;2076.00;26.91;E0_1_1300m;5.00;173;173;10.71;27.12
900.00;1200.00;1596.00;24.78;E0_0_1400m;5.00;133;132;8.94;24.92
900.00;1200.00;2088.00;26.80;E0_1_1400m;5.00;174;173;10.78;26.99
900.00;1200.00;1608.00;24.82;E0_0_1500m;5.00;134;134;9.00;24.95
900.00;1200.00;2076.00;26.78;E0_1_1500m;5.00;173;174;10.77;26.99
900.00;1200.00;1656.00;24.96;E0_0_1600m;5.00;138;139;9.25;25.09
900.00;1200.00;2064.00;26.87;E0_1_1600m;5.00;172;172;10.67;27.10
900.00;1200.00;1668.00;24.88;E0_0_1700m;5.00;139;139;9.31;24.99
900.00;1200.00;2064.00;26.94;E0_1_1700m;5.00;172;172;10.64;27.16
900.00;1200.00;1692.00;24.78;E0_0_1800m;5.00;141;141;9.48;24.91
900.00;1200.00;2064.00;26.93;E0_1_1800m;5.00;172;172;10.65;27.15
900.00;1200.00;1716.00;24.68;E0_0_1900m;5.00;143;143;9.66;24.81
900.00;1200.00;2052.00;26.70;E0_1_1900m;5.00;171;171;10.68;26.88
900.00;1200.00;1716.00;24.67;E0_0_2000m;5.00;143;143;9.66;24.80
900.00;1200.00;2076.00;26.61;E0_1_2000m;5.00;173;173;10.84;26.78
900.00;1200.00;1656.00;24.73;E0_0_2100m;5.00;138;138;9.30;24.85
900.00;1200.00;2100.00;26.50;E0_1_2100m;5.00;175;175;11.01;26.66
900.00;1200.00;1632.00;24.70;E0_0_2200m;5.00;136;136;9.18;24.80
900.00;1200.00;2100.00;26.51;E0_1_2200m;5.00;175;174;10.96;26.69
900.00;1200.00;1596.00;24.65;E0_0_2300m;5.00;133;134;9.00;24.74
900.00;1200.00;2088.00;26.47;E0_1_2300m;5.00;174;174;10.96;26.68
900.00;1200.00;1620.00;24.61;E0_0_2400m;5.00;135;135;9.14;24.69
900.00;1200.00;2052.00;26.57;E0_1_2400m;5.00;171;171;10.73;26.78
900.00;1200.00;1584.00;24.50;E0_0_2500m;5.00;132;132;8.98;24.59
900.00;1200.00;2076.00;26.58;E0_1_2500m;5.00;173;174;10.86;26.80
900.00;1200.00;1584.00;24.41;E0_0_2600m;5.00;132;133;9.06;24.50
900.00;1200.00;2064.00;26.62;E0_1_2600m;5.00;172;172;10.77;26.84
900.00;1200.00;1596.00;24.32;E0_0_2700m;5.00;133;134;9.17;24.40
900.00;1200.00;2064.00;26.59;E0_1_2700m;5.00;172;172;10.78;26.81
900.00;1200.00;1620.00;24.28;E0_0_2800m;5.00;135;135;9.27;24.36
900.00;1200.00;2040.00;26.56;E0_1_2800m;5.00;170;171;10.68;26.79
900.00;1200.00;1632.00;24.12;E0_0_2900m;5.00;136;136;9.40;24.21
900.00;1200.00;2064.00;26.53;E0_1_2900m;5.00;172;172;10.79;26.77
900.00;1200.00;1680.00;24.11;E0_0_3000m;5.00;140;140;9.68;24.21
900.00;1200.00;2088.00;26.48;E0_1_3000m;5.00;174;174;10.95;26.74
900.00;1200.00;1680.00;24.00;E0_0_3100m;5.00;140;140;9.72;24.09
900.00;1200.00;2100.00;26.31;E0_1_3100m;5.00;175;175;11.09;26.58
900.00;1200.00;1680.00;23.97;E0_0_3200m;5.00;140;140;9.74;24.06
900.00;1200.00;2100.00;26.12;E0_1_3200m;5.00;175;175;11.17;26.38
900.00;1200.00;1704.00;23.89;E0_0_3300m;5.00;142;142;9.91;23.97
900.00;1200.00;2136.00;25.90;E0_1_3300m;5.00;178;178;11.45;26.16
900.00;1200.00;1752.00;23.82;E0_0_3400m;5.00;146;146;10.21;23.90
900.00;1200.00;2160.00;25.71;E0_1_3400m;5.00;180;180;11.67;25.96
900.00;1200.00;1788.00;23.83;E0_0_3500m;5.00;149;149;10.42;23.91
900.00;1200.00;2184.00;25.55;E0_1_3500m;5.00;182;182;11.86;25.79
900.00;1200.00;1788.00;23.86;E0_0_3600m;5.00;149;149;10.41;23.93
900.00;1200.00;2196.00;25.42;E0_1_3600m;5.00;183;182;11.98;25.67
900.00;1200.00;1776.00;23.87;E0_0_3700m;5.00;148;148;10.33;23.94
900.00;1200.00;2208.00;25.15;E0_1_3700m;5.00;184;184;12.19;25.38
900.00;1200.00;1776.00;23.78;E0_0_3800m;5.00;148;148;10.37;23.84
900.00;1200.00;2208.00;24.90;E0_1_3800m;5.00;184;184;12.31;25.11
900.00;1200.00;1764.00;23.73;E0_0_3900m;5.00;147;147;10.33;23.79
900.00;1200.00;2220.00;24.74;E0_1_3900m;5.00;185;185;12.46;24.94
900.00;1200.00;1776.00;23.75;E0_0_4000m;5.00;148;148;10.39;23.81
900.00;1200.00;2208.00;24.61;E0_1_4000m;5.00;184;184;12.46;24.81
900.00;1200.00;1764.00;23.78;E0_0_4100m;5.00;147;147;10.30;23.85
900.00;1200.00;2220.00;24.46;E0_1_4100m;5.00;185;186;12.63;24.63
900.00;1200.00;1764.00;23.67;E0_0_4200m;5.00;147;147;10.35;23.72
900.00;1200.00;2232.00;24.33;E0_1_4200m;5.00;186;186;12.74;24.49
900.00;1200.00;1752.00;23.69;E0_0_4300m;5.00;146;146;10.27;23.75
900.00;1200.00;2244.00;24.22;E0_1_4300m;5.00;187;186;12.81;24.36
900.00;1200.00;1740.00;23.71;E0_0_4400m;5.00;145;145;10.19;23.78
900.00;1200.00;2268.00;24.17;E0_1_4400m;5.00;189;188;13.03;24.30
900.00;1200.00;1752.00;23.71;E0_0_4500m;5.00;146;146;10.26;23.78
900.00;1200.00;2268.00;24.13;E0_1_4500m;5.00;189;190;13.08;24.26
900.00;1200.00;1776.00;23.70;E0_0_4600m;5.00;148;148;10.41;23.76
900.00;1200.00;2268.00;24.10;E0_1_4600m;5.00;189;189;13.07;24.23
900.00;1200.00;1788.00;23.68;E0_0_4700m;5.00;149;149;10.49;23.74
900.00;1200.00;2244.00;24.11;E0_1_4700m;5.00;187;188;12.93;24.24
900.00;1200.00;1776.00;23.82;E0_0_4800m;5.00;148;148;10.35;23.88
900.00;1200.00;2208.00;24.16;E0_1_4800m;5.00;184;184;12.69;24.27
900.00;1200.00;1764.00;23.96;E0_0_4900m;5.00;147;147;10.22;24.02
900.00;1200.00;2172.00;24.26;E0_1_4900m;5.00;181;181;12.44;24.37
900.00;1200.00;1728.00;24.13;E0_0_5000m;5.00;144;144;9.95;24.20
900.00;1200.00;2148.00;24.44;E0_1_5000m;5.00;179;179;12.21;24.56
1200.00;1500.00;0.00;-1.00;E0_0_0m;-1.00;0;0;0.00;-1.00
1200.00;1500.00;0.00;-1.00;E0_1_0m;-1.00;0;0;0.00;-1.00
1200.00;1500.00;1884.00;26.12;E0_0_100m;5.00;157;157;10.02;26.20
1200.00;1500.00;2472.00;27.14;E0_1_100m;5.00;206;205;12.59;27.20
1200.00;1500.00;1860.00;26.11;E0_0_200m;5.00;155;155;9.90;26.18
1200.00;1500.00;2472.00;27.27;E0_1_200m;5.00;206;206;12.59;27.35
1200.00;1500.00;1896.00;26.04;E0_0_300m;5.00;158;158;10.11;26.12
1200.00;1500.00;2424.00;27.30;E0_1_300m;5.00;202;203;12.37;27.38
1200.00;1500.00;1896.00;25.95;E0_0_400m;5.00;158;158;10.15;26.03
1200.00;1500.00;2436.00;27.20;E0_1_400m;5.00;203;203;12.44;27.28
1200.00;1500.00;1872.00;25.81;E0_0_500m;5.00;156;155;10.06;25.91
1200.00;1500.00;2448.00;27.13;E0_1_500m;5.00;204;204;12.53;27.20
1200.00;1500.00;1872.00;25.65;E0_0_600m;5.00;156;156;10.14;25.75
1200.00;1500.00;2472.00;27.12;E0_1_600m;5.00;206;207;12.71;27.19
1200.00;1500.00;1872.00;25.57;E0_0_700m;5.00;156;156;10.17;25.68
1200.00;1500.00;2460.00;27.21;E0_1_700m;5.00;205;206;12.61;27.28
1200.00;1500.00;1872.00;25.53;E0_0_800m;5.00;156;157;10.19;25.63
1200.00;1500.00;2412.00;27.30;E0_1_800m;5.00;201;201;12.27;27.38
1200.00;1500.00;1896.00;25.43;E0_0_900m;5.00;158;158;10.35;25.54
1200.00;1500.00;2376.00;27.40;E0_1_900m;5.00;198;198;12.04;27.48
1200.00;1500.00;1920.00;25.37;E0_0_1000m;5.00;160;160;10.51;25.49
1200.00;1500.00;2328.00;27.51;E0_1_1000m;5.00;194;195;11.78;27.60
1200.00;1500.00;1908.00;25.31;E0_0_1100m;5.00;159;159;10.47;25.42
1200.00;1500.00;2340.00;27.43;E0_1_1100m;5.00;195;195;11.85;27.54
1200.00;1500.00;1884.00;25.17;E0_0_1200m;5.00;157;157;10.40;25.28
1200.00;1500.00;2340.00;27.32;E0_1_1200m;5.00;195;195;11.89;27.43
1200.00;1500.00;1872.00;25.15;E0_0_1300m;5.00;156;156;10.34;25.26
1200.00;1500.00;2328.00;27.25;E0_1_1300m;5.00;194;194;11.87;27.33
1200.00;1500.00;1848.00;25.08;E0_0_1400m;5.00;154;154;10.23;25.17
1200.00;1500.00;2292.00;27.08;E0_1_1400m;5.00;191;192;11.80;27.14
1200.00;1500.00;1824.00;25.07;E0_0_1500m;5.00;152;152;10.10;25.15
1200.00;1500.00;2304.00;26.93;E0_1_1500m;5.00;192;191;11.88;26.98
1200.00;1500.00;1788.00;25.03;E0_0_1600m;5.00;149;149;9.92;25.11
1200.00;1500.00;2304.00;26.72;E0_1_1600m;5.00;192;192;11.98;26.76
1200.00;1500.00;1788.00;25.01;E0_0_1700m;5.00;149;149;9.93;25.09
1200.00;1500.00;2280.00;26.56;E0_1_1700m;5.00;190;191;11.96;26.60
1200.00;1500.00;1800.00;24.91;E0_0_1800m;5.00;150;150;10.04;25.00
1200.00;1500.00;2280.00;26.47;E0_1_1800m;5.00;190;190;11.96;26.51
1200.00;1500.00;1824.00;24.92;E0_0_1900m;5.00;152;152;10.16;25.01
1200.00;1500.00;2268.00;26.47;E0_1_1900m;5.00;189;189;11.90;26.51
1200.00;1500.00;1812.00;24.88;E0_0_2000m;5.00;151;151;10.11;24.97
1200.00;1500.00;2268.00;26.41;E0_1_2000m;5.00;189;189;11.93;26.45
1200.00;1500.00;1812.00;24.75;E0_0_2100m;5.00;151;151;10.17;24.84
1200.00;1500.00;2244.00;26.35;E0_1_2100m;5.00;187;188;11.83;26.40
1200.00;1500.00;1836.00;24.54;E0_0_2200m;5.00;153;154;10.43;24.64
1200.00;1500.00;2232.00;26.28;E0_1_2200m;5.00;186;187;11.84;26.34
1200.00;1500.00;1836.00;24.42;E0_0_2300m;5.00;153;153;10.44;24.53
1200.00;1500.00;2256.00;26.24;E0_1_2300m;5.00;188;188;11.94;26.31
1200.00;1500.00;1812.00;24.49;E0_0_2400m;5.00;151;151;10.28;24.59
1200.00;1500.00;2256.00;26.26;E0_1_2400m;5.00;188;188;11.93;26.34
1200.00;1500.00;1812.00;24.55;E0_0_2500m;5.00;151;151;10.25;24.64
1200.00;1500.00;2256.00;26.28;E0_1_2500m;5.00;188;187;11.91;26.37
1200.00;1500.00;1800.00;24.42;E0_0_2600m;5.00;150;149;10.19;24.51
1200.00;1500.00;2280.00;26.25;E0_1_2600m;5.00;190;190;12.06;26.34
1200.00;1500.00;1824.00;24.29;E0_0_2700m;5.00;152;151;10.37;24.38
1200.00;1500.00;2292.00;26.12;E0_1_2700m;5.00;191;191;12.19;26.19
1200.00;1500.00;1836.00;24.33;E0_0_2800m;5.00;153;153;10.48;24.43
1200.00;1500.00;2316.00;26.03;E0_1_2800m;5.00;193;192;12.34;26.09
1200.00;1500.00;1836.00;24.27;E0_0_2900m;5.00;153;153;10.51;24.36
1200.00;1500.00;2304.00;25.98;E0_1_2900m;5.00;192;192;12.32;26.04
1200.00;1500.00;1812.00;24.18;E0_0_3000m;5.00;151;151;10.41;24.27
1200.00;1500.00;2280.00;25.91;E0_1_3000m;5.00;190;190;12.22;25.96
1200.00;1500.00;1800.00;24.13;E0_0_3100m;5.00;150;151;10.41;24.22
1200.00;1500.00;2268.00;25.82;E0_1_3100m;5.00;189;189;12.20;25.87
1200.00;1500.00;1800.00;24.17;E0_0_3200m;5.00;150;150;10.34;24.26
1200.00;1500.00;2256.00;25.76;E0_1_3200m;5.00;188;188;12.16;25.82
1200.00;1500.00;1776.00;24.23;E0_0_3300m;5.00;148;148;10.18;24.32
1200.00;1500.00;2220.00;25.76;E0_1_3300m;5.00;185;186;11.98;25.84
1200.00;1500.00;1752.00;24.29;E0_0_3400m;5.00;146;146;10.02;24.38
1200.00;1500.00;2184.00;25.78;E0_1_3400m;5.00;182;182;11.76;25.86
1200.00;1500.00;1716.00;24.39;E0_0_3500m;5.00;143;144;9.79;24.48
1200.00;1500.00;2148.00;25.79;E0_1_3500m;5.00;179;178;11.51;25.86
1200.00;1500.00;1716.00;24.43;E0_0_3600m;5.00;143;143;9.75;24.52
1200.00;1500.00;2136.00;25.77;E0_1_3600m;5.00;178;179;11.56;25.84
1200.00;1500.00;1752.00;24.49;E0_0_3700m;5.00;146;146;9.93;24.57
1200.00;1500.00;2112.00;25.75;E0_1_3700m;5.00;176;176;11.39;25.82
1200.00;1500.00;1764.00;24.51;E0_0_3800m;5.00;147;147;10.00;24.59
1200.00;1500.00;2100.00;25.71;E0_1_3800m;5.00;175;175;11.34;25.78
1200.00;1500.00;1740.00;24.61;E0_0_3900m;5.00;145;146;9.85;24.68
1200.00;1500.00;2112.00;25.64;E0_1_3900m;5.00;176;177;11.48;25.70
1200.00;1500.00;1740.00;24.62;E0_0_4000m;5.00;145;145;9.82;24.69
1200.00;1500.00;2160.00;25.57;E0_1_4000m;5.00;180;180;11.73;25.63
1200.00;1500.00;1764.00;24.57;E0_0_4100m;5.00;147;147;9.97;24.63
1200.00;1500.00;2172.00;25.68;E0_1_4100m;5.00;181;180;11.72;25.74
1200.00;1500.00;1788.00;24.44;E0_0_4200m;5.00;149;150;10.18;24.52
1200.00;1500.00;2160.00;25.70;E0_1_4200m;5.00;180;181;11.69;25.75
1200.00;1500.00;1800.00;24.37;E0_0_4300m;5.00;150;150;10.26;24.44
1200.00;1500.00;2160.00;25.65;E0_1_4300m;5.00;180;180;11.69;25.69
1200.00;1500.00;1776.00;24.40;E0_0_4400m;5.00;148;148;10.11;24.48
1200.00;1500.00;2172.00;25.66;E0_1_4400m;5.00;181;181;11.76;25.69
1200.00;1500.00;1740.00;24.41;E0_0_4500m;5.00;145;145;9.90;24.50
1200.00;1500.00;2208.00;25.74;E0_1_4500m;5.00;184;184;11.94;25.79
1200.00;1500.00;1716.00;24.33;E0_0_4600m;5.00;143;143;9.80;24.43
1200.00;1500.00;2196.00;25.95;E0_1_4600m;5.00;183;183;11.75;26.02
1200.00;1500.00;1704.00;24.37;E0_0_4700m;5.00;142;142;9.71;24.47
1200.00;1500.00;2160.00;26.21;E0_1_4700m;5.00;180;180;11.44;26.31
1200.00;1500.00;1728.00;24.39;E0_0_4800m;5.00;144;144;9.84;24.49
1200.00;1500.00;2172.00;26.18;E0_1_4800m;5.00;181;181;11.52;26.28
1200.00;1500.00;1716.00;24.38;E0_0_4900m;5.00;143;143;9.77;24.49
1200.00;1500.00;2160.00;26.14;E0_1_4900m;5.00;180;180;11.48;26.24
1200.00;1500.00;1692.00;24.38;E0_0_5000m;5.00;141;141;9.64;24.48
1200.00;1500.00;2184.00;26.04;E0_1_5000m;5.00;182;182;11.65;26.15
1500.00;1800.00;0.00;-1.00;E0_0_0m;-1.00;0;0;0.00;-1.00
1500.00;1800.00;0.00;-1.00;E0_1_0m;-1.00;0;0;0.00;-1.00
1500.00;1800.00;1872.00;24.91;E0_0_100m;5.00;156;156;10.44;25.06
1500.00;1800.00;2412.00;26.25;E0_1_100m;5.00;201;201;12.76;26.37
1500.00;1800.00;1920.00;24.71;E0_0_200m;5.00;160;160;10.79;24.87
1500.00;1800.00;2388.00;26.07;E0_1_200m;5.00;199;199;12.72;26.25
1500.00;1800.00;1932.00;24.64;E0_0_300m;5.00;161;161;10.89;24.80
1500.00;1800.00;2376.00;25.81;E0_1_300m;5.00;198;198;12.79;26.01
1500.00;1800.00;1944.00;24.49;E0_0_400m;5.00;162;162;11.03;24.67
1500.00;1800.00;2388.00;25.62;E0_1_400m;5.00;199;199;12.95;25.84
1500.00;1800.00;1980.00;24.24;E0_0_500m;5.00;165;165;11.35;24.43
1500.00;1800.00;2400.00;25.39;E0_1_500m;5.00;200;200;13.13;25.64
1500.00;1800.00;1980.00;24.03;E0_0_600m;5.00;165;165;11.44;24.28
1500.00;1800.00;2400.00;25.20;E0_1_600m;5.00;200;199;13.18;25.51
1500.00;1800.00;1956.00;23.82;E0_0_700m;5.00;163;163;11.41;24.12
1500.00;1800.00;2388.00;25.01;E0_1_700m;5.00;199;199;13.26;25.38
1500.00;1800.00;1944.00;23.63;E0_0_800m;5.00;162;161;11.42;23.95
1500.00;1800.00;2388.00;24.83;E0_1_800m;5.00;199;199;13.36;25.22
1500.00;1800.00;1908.00;23.47;E0_0_900m;5.00;159;159;11.29;23.82
1500.00;1800.00;2400.00;24.68;E0_1_900m;5.00;200;200;13.51;25.09
1500.00;1800.00;1944.00;23.27;E0_0_1000m;5.00;162;162;11.60;23.65
1500.00;1800.00;2376.00;24.66;E0_1_1000m;5.00;198;198;13.36;25.11
1500.00;1800.00;1980.00;23.25;E0_0_1100m;5.00;165;166;11.91;23.61
1500.00;1800.00;2328.00;24.69;E0_1_1100m;5.00;194;194;13.09;25.18
1500.00;1800.00;1980.00;23.33;E0_0_1200m;5.00;165;165;11.79;23.67
1500.00;1800.00;2328.00;24.73;E0_1_1200m;5.00;194;194;13.07;25.24
1500.00;1800.00;2004.00;23.51;E0_0_1300m;5.00;167;167;11.84;23.81
1500.00;1800.00;2304.00;24.73;E0_1_1300m;5.00;192;192;12.94;25.22
1500.00;1800.00;1980.00;23.51;E0_0_1400m;5.00;165;166;11.77;23.83
1500.00;1800.00;2292.00;24.79;E0_1_1400m;5.00;191;190;12.80;25.26
1500.00;1800.00;1980.00;23.44;E0_0_1500m;5.00;165;165;11.73;23.77
1500.00;1800.00;2280.00;24.86;E0_1_1500m;5.00;190;190;12.74;25.32
1500.00;1800.00;1992.00;23.41;E0_0_1600m;5.00;166;166;11.82;23.72
1500.00;1800.00;2280.00;24.96;E0_1_1600m;5.00;190;190;12.69;25.42
1500.00;1800.00;1980.00;23.42;E0_0_1700m;5.00;165;165;11.74;23.71
1500.00;1800.00;2268.00;25.12;E0_1_1700m;5.00;189;188;12.50;25.59
1500.00;1800.00;1932.00;23.47;E0_0_1800m;5.00;161;161;11.44;23.70
1500.00;1800.00;2268.00;25.21;E0_1_1800m;5.00;189;189;12.50;25.66
1500.00;1800.00;1908.00;23.53;E0_0_1900m;5.00;159;159;11.26;23.75
1500.00;1800.00;2256.00;25.31;E0_1_1900m;5.00;188;189;12.44;25.73
1500.00;1800.00;1884.00;23.64;E0_0_2000m;5.00;157;157;11.07;23.86
1500.00;1800.00;2268.00;25.44;E0_1_2000m;5.00;189;189;12.38;25.85
1500.00;1800.00;1884.00;23.73;E0_0_2100m;5.00;157;157;11.03;23.94
1500.00;1800.00;2268.00;25.61;E0_1_2100m;5.00;189;188;12.29;26.02
1500.00;1800.00;1860.00;23.86;E0_0_2200m;5.00;155;155;10.82;24.06
1500.00;1800.00;2256.00;25.78;E0_1_2200m;5.00;188;187;12.11;26.16
1500.00;1800.00;1836.00;24.03;E0_0_2300m;5.00;153;153;10.61;24.23
1500.00;1800.00;2256.00;25.86;E0_1_2300m;5.00;188;188;12.12;26.22
1500.00;1800.00;1836.00;24.16;E0_0_2400m;5.00;153;154;10.62;24.36
1500.00;1800.00;2244.00;25.99;E0_1_2400m;5.00;187;187;11.99;26.32
1500.00;1800.00;1800.00;24.29;E0_0_2500m;5.00;150;150;10.29;24.47
1500.00;1800.00;2268.00;26.15;E0_1_2500m;5.00;189;189;12.04;26.47
1500.00;1800.00;1836.00;24.42;E0_0_2600m;5.00;153;153;10.44;24.60
1500.00;1800.00;2208.00;26.33;E0_1_2600m;5.00;184;184;11.65;26.65
1500.00;1800.00;1800.00;24.56;E0_0_2700m;5.00;150;151;10.21;24.73
1500.00;1800.00;2172.00;26.54;E0_1_2700m;5.00;181;181;11.37;26.84
1500.00;1800.00;1788.00;24.78;E0_0_2800m;5.00;149;149;10.02;24.94
1500.00;1800.00;2136.00;26.63;E0_1_2800m;5.00;178;178;11.14;26.91
1500.00;1800.00;1776.00;24.95;E0_0_2900m;5.00;148;148;9.89;25.10
1500.00;1800.00;2124.00;26.86;E0_1_2900m;5.00;177;178;11.01;27.11
1500.00;1800.00;1776.00;24.85;E0_0_3000m;5.00;148;148;9.93;24.99
1500.00;1800.00;2112.00;27.00;E0_1_3000m;5.00;176;176;10.86;27.21
1500.00;1800.00;1776.00;24.76;E0_0_3100m;5.00;148;147;9.91;24.89
1500.00;1800.00;2124.00;27.12;E0_1_3100m;5.00;177;177;10.88;27.29
1500.00;1800.00;1752.00;24.71;E0_0_3200m;5.00;146;146;9.85;24.83
1500.00;1800.00;2136.00;27.27;E0_1_3200m;5.00;178;178;10.88;27.38
1500.00;1800.00;1728.00;24.71;E0_0_3300m;5.00;144;144;9.71;24.82
1500.00;1800.00;2148.00;27.49;E0_1_3300m;5.00;179;178;10.84;27.56
1500.00;1800.00;1752.00;24.67;E0_0_3400m;5.00;146;146;9.86;24.78
1500.00;1800.00;2124.00;27.63;E0_1_3400m;5.00;177;177;10.68;27.67
1500.00;1800.00;1800.00;24.51;E0_0_3500m;5.00;150;149;10.18;24.61
1500.00;1800.00;2160.00;27.61;E0_1_3500m;5.00;180;180;10.87;27.64
1500.00;1800.00;1812.00;24.40;E0_0_3600m;5.00;151;151;10.31;24.50
1500.00;1800.00;2220.00;27.54;E0_1_3600m;5.00;185;184;11.15;27.57
1500.00;1800.00;1848.00;24.28;E0_0_3700m;5.00;154;154;10.57;24.38
1500.00;1800.00;2244.00;27.54;E0_1_3700m;5.00;187;187;11.32;27.57
1500.00;1800.00;1872.00;24.20;E0_0_3800m;5.00;156;156;10.75;24.30
1500.00;1800.00;2292.00;27.61;E0_1_3800m;5.00;191;192;11.56;27.65
1500.00;1800.00;1932.00;24.23;E0_0_3900m;5.00;161;160;11.05;24.35
1500.00;1800.00;2316.00;27.65;E0_1_3900m;5.00;193;192;11.59;27.70
1500.00;1800.00;1944.00;24.31;E0_0_4000m;5.00;162;163;11.12;24.43
1500.00;1800.00;2328.00;27.52;E0_1_4000m;5.00;194;194;11.75;27.60
1500.00;1800.00;1956.00;24.43;E0_0_4100m;5.00;163;163;11.12;24.56
1500.00;1800.00;2352.00;27.59;E0_1_4100m;5.00;196;196;11.84;27.63
1500.00;1800.00;1992.00;24.41;E0_0_4200m;5.00;166;165;11.32;24.53
1500.00;1800.00;2364.00;27.62;E0_1_4200m;5.00;197;197;11.89;27.67
1500.00;1800.00;2016.00;24.40;E0_0_4300m;5.00;168;168;11.47;24.52
1500.00;1800.00;2400.00;27.58;E0_1_4300m;5.00;200;200;12.09;27.64
1500.00;1800.00;2028.00;24.42;E0_0_4400m;5.00;169;169;11.54;24.52
1500.00;1800.00;2388.00;27.57;E0_1_4400m;5.00;199;199;12.03;27.62
1500.00;1800.00;2004.00;24.44;E0_0_4500m;5.00;167;167;11.39;24.54
1500.00;1800.00;2400.00;27.51;E0_1_4500m;5.00;200;200;12.12;27.56
1500.00;1800.00;2004.00;24.71;E0_0_4600m;5.00;167;167;11.26;24.81
1500.00;1800.00;2400.00;27.48;E0_1_4600m;5.00;200;200;12.13;27.53
1500.00;1800.00;1968.00;24.78;E0_0_4700m;5.00;164;164;11.03;24.88
1500.00;1800.00;2436.00;27.41;E0_1_4700m;5.00;203;203;12.34;27.46
1500.00;1800.00;1956.00;24.62;E0_0_4800m;5.00;163;164;11.06;24.72
1500.00;1800.00;2388.00;27.41;E0_1_4800m;5.00;199;199;12.10;27.45
1500.00;1800.00;1956.00;24.55;E0_0_4900m;5.00;163;163;11.07;24.63
1500.00;1800.00;2412.00;27.41;E0_1_4900m;5.00;201;201;12.22;27.46
1500.00;1800.00;1956.00;24.61;E0_0_5000m;5.00;163;163;11.04;24.70
1500.00;1800.00;2424.00;27.37;E0_1_5000m;5.00;202;202;12.30;27.43
1800.00;2100.00;0.00;-1.00;E0_0_0m;-1.00;0;0;0.00;-1.00
1800.00;2100.00;0.00;-1.00;E0_1_0m;-1.00;0;0;0.00;-1.00
1800.00;2100.00;1704.00;25.95;E0_0_100m;5.00;142;142;9.12;26.13
1800.00;2100.00;2304.00;27.23;E0_1_100m;5.00;192;192;11.75;27.39
1800.00;2100.00;1824.00;26.54;E0_0_200m;5.00;152;152;9.54;26.71
1800.00;2100.00;2208.00;28.42;E0_1_200m;5.00;184;184;10.79;28.58
1800.00;2100.00;1800.00;26.63;E0_0_300m;5.00;150;150;9.39;26.77
1800.00;2100.00;2232.00;28.70;E0_1_300m;5.00;186;185;10.76;28.84
1800.00;2100.00;1800.00;26.45;E0_0_400m;5.00;150;151;9.49;26.58
1800.00;2100.00;2196.00;28.73;E0_1_400m;5.00;183;183;10.62;28.85
1800.00;2100.00;1776.00;26.31;E0_0_500m;5.00;148;148;9.38;26.44
1800.00;2100.00;2196.00;28.76;E0_1_500m;5.00;183;184;10.63;28.86
1800.00;2100.00;1776.00;26.19;E0_0_600m;5.00;148;148;9.42;26.31
1800.00;2100.00;2172.00;28.65;E0_1_600m;5.00;181;181;10.53;28.73
1800.00;2100.00;1776.00;25.94;E0_0_700m;5.00;148;149;9.58;26.06
1800.00;2100.00;2172.00;28.47;E0_1_700m;5.00;181;182;10.61;28.61
1800.00;2100.00;1788.00;25.63;E0_0_800m;5.00;149;149;9.69;25.77
1800.00;2100.00;2196.00;28.05;E0_1_800m;5.00;183;183;10.87;28.19
1800.00;2100.00;1788.00;25.41;E0_0_900m;5.00;149;149;9.77;25.55
1800.00;2100.00;2208.00;27.71;E0_1_900m;5.00;184;184;11.07;27.92
1800.00;2100.00;1776.00;25.29;E0_0_1000m;5.00;148;149;9.77;25.45
1800.00;2100.00;2232.00;27.43;E0_1_1000m;5.00;186;186;11.30;27.70
1800.00;2100.00;1740.00;25.18;E0_0_1100m;5.00;145;145;9.56;25.34
1800.00;2100.00;2280.00;27.16;E0_1_1100m;5.00;190;191;11.66;27.47
1800.00;2100.00;1764.00;24.95;E0_0_1200m;5.00;147;147;9.82;25.13
1800.00;2100.00;2268.00;26.93;E0_1_1200m;5.00;189;189;11.70;27.27
1800.00;2100.00;1764.00;24.58;E0_0_1300m;5.00;147;147;9.97;24.81
1800.00;2100.00;2292.00;26.60;E0_1_1300m;5.00;191;191;11.97;27.00
1800.00;2100.00;1788.00;24.09;E0_0_1400m;5.00;149;148;10.24;24.38
1800.00;2100.00;2304.00;26.19;E0_1_1400m;5.00;192;192;12.22;26.63
1800.00;2100.00;1800.00;23.83;E0_0_1500m;5.00;150;150;10.49;24.15
1800.00;2100.00;2328.00;25.81;E0_1_1500m;5.00;194;194;12.53;26.27
1800.00;2100.00;1788.00;23.72;E0_0_1600m;5.00;149;149;10.47;24.02
1800.00;2100.00;2328.00;25.50;E0_1_1600m;5.00;194;195;12.72;25.98
1800.00;2100.00;1824.00;23.32;E0_0_1700m;5.00;152;152;10.86;23.59
1800.00;2100.00;2328.00;25.13;E0_1_1700m;5.00;194;194;12.87;25.63
1800.00;2100.00;1812.00;23.14;E0_0_1800m;5.00;151;151;10.88;23.39
1800.00;2100.00;2340.00;24.73;E0_1_1800m;5.00;195;195;13.14;25.24
1800.00;2100.00;1836.00;22.95;E0_0_1900m;5.00;153;153;11.11;23.25
1800.00;2100.00;2352.00;24.52;E0_1_1900m;5.00;196;196;13.30;25.07
1800.00;2100.00;1896.00;22.77;E0_0_2000m;5.00;158;158;11.56;23.06
1800.00;2100.00;2304.00;24.31;E0_1_2000m;5.00;192;194;13.17;24.89
1800.00;2100.00;1920.00;22.60;E0_0_2100m;5.00;160;160;11.80;22.86
1800.00;2100.00;2328.00;24.16;E0_1_2100m;5.00;194;194;13.38;24.73
1800.00;2100.00;1980.00;22.53;E0_0_2200m;5.00;165;165;12.21;22.74
1800.00;2100.00;2340.00;23.93;E0_1_2200m;5.00;195;195;13.58;24.48
1800.00;2100.00;1992.00;22.44;E0_0_2300m;5.00;166;166;12.33;22.62
1800.00;2100.00;2364.00;23.75;E0_1_2300m;5.00;197;197;13.82;24.28
1800.00;2100.00;2016.00;22.36;E0_0_2400m;5.00;168;167;12.45;22.52
1800.00;2100.00;2388.00;23.58;E0_1_2400m;5.00;199;199;14.06;24.12
1800.00;2100.00;2016.00;22.19;E0_0_2500m;5.00;168;169;12.64;22.32
1800.00;2100.00;2400.00;23.49;E0_1_2500m;5.00;200;200;14.19;24.03
1800.00;2100.00;2040.00;22.10;E0_0_2600m;5.00;170;170;12.82;22.24
1800.00;2100.00;2400.00;23.36;E0_1_2600m;5.00;200;200;14.27;23.91
1800.00;2100.00;2040.00;22.10;E0_0_2700m;5.00;170;170;12.85;22.22
1800.00;2100.00;2424.00;23.24;E0_1_2700m;5.00;202;202;14.49;23.78
1800.00;2100.00;2040.00;21.99;E0_0_2800m;5.00;170;171;12.91;22.11
1800.00;2100.00;2424.00;23.10;E0_1_2800m;5.00;202;202;14.57;23.60
1800.00;2100.00;2088.00;21.82;E0_0_2900m;5.00;174;174;13.29;21.94
1800.00;2100.00;2424.00;22.91;E0_1_2900m;5.00;202;202;14.70;23.36
1800.00;2100.00;2124.00;21.54;E0_0_3000m;5.00;177;177;13.70;21.66
1800.00;2100.00;2436.00;22.59;E0_1_3000m;5.00;203;203;14.98;23.00
1800.00;2100.00;2160.00;21.29;E0_0_3100m;5.00;180;180;14.09;21.41
1800.00;2100.00;2412.00;22.18;E0_1_3100m;5.00;201;202;15.15;22.52
1800.00;2100.00;2136.00;21.13;E0_0_3200m;5.00;178;179;14.08;21.21
1800.00;2100.00;2448.00;21.83;E0_1_3200m;5.00;204;204;15.58;22.07
1800.00;2100.00;2160.00;21.12;E0_0_3300m;5.00;180;180;14.21;21.16
1800.00;2100.00;2460.00;21.52;E0_1_3300m;5.00;205;205;15.87;21.68
1800.00;2100.00;2160.00;20.97;E0_0_3400m;5.00;180;180;14.31;21.00
1800.00;2100.00;2460.00;21.26;E0_1_3400m;5.00;205;205;16.07;21.33
1800.00;2100.00;2148.00;20.87;E0_0_3500m;5.00;179;179;14.30;20.90
1800.00;2100.00;2448.00;21.11;E0_1_3500m;5.00;204;204;16.11;21.14
1800.00;2100.00;2148.00;20.85;E0_0_3600m;5.00;179;179;14.31;20.88
1800.00;2100.00;2436.00;21.03;E0_1_3600m;5.00;203;203;16.09;21.04
1800.00;2100.00;2112.00;20.80;E0_0_3700m;5.00;176;176;14.10;20.82
1800.00;2100.00;2400.00;20.97;E0_1_3700m;5.00;200;200;15.90;20.98
1800.00;2100.00;2076.00;20.84;E0_0_3800m;5.00;173;173;13.84;20.85
1800.00;2100.00;2364.00;20.97;E0_1_3800m;5.00;197;197;15.66;20.98
1800.00;2100.00;2052.00;20.91;E0_0_3900m;5.00;171;171;13.63;20.92
1800.00;2100.00;2328.00;20.98;E0_1_3900m;5.00;194;194;15.41;20.99
1800.00;2100.00;2040.00;20.98;E0_0_4000m;5.00;170;170;13.51;20.99
1800.00;2100.00;2292.00;21.02;E0_1_4000m;5.00;191;191;15.15;21.03
1800.00;2100.00;2016.00;21.04;E0_0_4100m;5.00;168;168;13.31;21.06
1800.00;2100.00;2256.00;21.08;E0_1_4100m;5.00;188;188;14.87;21.09
1800.00;2100.00;1968.00;21.06;E0_0_4200m;5.00;164;165;13.01;21.08
1800.00;2100.00;2208.00;21.13;E0_1_4200m;5.00;184;185;14.56;21.15
1800.00;2100.00;1932.00;21.01;E0_0_4300m;5.00;161;162;12.78;21.05
1800.00;2100.00;2172.00;21.21;E0_1_4300m;5.00;181;182;14.23;21.24
1800.00;2100.00;1944.00;21.01;E0_0_4400m;5.00;162;162;12.85;21.06
1800.00;2100.00;2172.00;21.38;E0_1_4400m;5.00;181;181;14.11;21.43
1800.00;2100.00;1944.00;20.96;E0_0_4500m;5.00;162;162;12.88;21.05
1800.00;2100.00;2160.00;21.54;E0_1_4500m;5.00;180;179;13.88;21.61
1800.00;2100.00;1944.00;21.14;E0_0_4600m;5.00;162;163;12.81;21.24
1800.00;2100.00;2148.00;21.72;E0_1_4600m;5.00;179;179;13.74;21.81
1800.00;2100.00;1956.00;21.31;E0_0_4700m;5.00;163;163;12.75;21.42
1800.00;2100.00;2136.00;21.91;E0_1_4700m;5.00;178;178;13.54;22.03
1800.00;2100.00;1968.00;21.37;E0_0_4800m;5.00;164;164;12.78;21.48
1800.00;2100.00;2136.00;22.14;E0_1_4800m;5.00;178;178;13.40;22.28
1800.00;2100.00;1968.00;21.54;E0_0_4900m;5.00;164;164;12.69;21.66
1800.00;2100.00;2124.00;22.36;E0_1_4900m;5.00;177;177;13.19;22.52
1800.00;2100.00;1956.00;21.86;E0_0_5000m;5.00;163;163;12.43;21.97
1800.00;2100.00;2124.00;22.65;E0_1_5000m;5.00;177;177;13.02;22.84
2100.00;2400.00;0.00;-1.00;E0_0_0m;-1.00;0;0;0.00;-1.00
2100.00;2400.00;0.00;-1.00;E0_1_0m;-1.00;0;0;0.00;-1.00
2100.00;2400.00;1464.00;27.77;E0_0_100m;5.00;122;122;7.32;27.88
2100.00;2400.00;1980.00;29.27;E0_1_100m;5.00;165;165;9.39;29.41
2100.00;2400.00;1524.00;27.41;E0_0_200m;5.00;127;127;7.72;27.51
2100.00;2400.00;1908.00;29.52;E0_1_200m;5.00;159;159;8.98;29.65
2100.00;2400.00;1536.00;27.15;E0_0_300m;5.00;128;128;7.86;27.25
2100.00;2400.00;1908.00;29.35;E0_1_300m;5.00;159;159;9.03;29.49
2100.00;2400.00;1536.00;26.94;E0_0_400m;5.00;128;127;7.88;27.03
2100.00;2400.00;1956.00;29.05;E0_1_400m;5.00;163;163;9.35;29.19
2100.00;2400.00;1548.00;26.68;E0_0_500m;5.00;129;129;8.06;26.78
2100.00;2400.00;1968.00;28.84;E0_1_500m;5.00;164;163;9.45;28.97
2100.00;2400.00;1596.00;26.55;E0_0_600m;5.00;133;133;8.35;26.67
2100.00;2400.00;1968.00;28.67;E0_1_600m;5.00;164;164;9.53;28.79
2100.00;2400.00;1596.00;26.47;E0_0_700m;5.00;133;133;8.37;26.57
2100.00;2400.00;1992.00;28.48;E0_1_700m;5.00;166;165;9.69;28.60
2100.00;2400.00;1608.00;26.42;E0_0_800m;5.00;134;134;8.45;26.52
2100.00;2400.00;1992.00;28.36;E0_1_800m;5.00;166;167;9.80;28.47
2100.00;2400.00;1608.00;26.27;E0_0_900m;5.00;134;135;8.54;26.36
2100.00;2400.00;2004.00;28.38;E0_1_900m;5.00;167;168;9.83;28.48
2100.00;2400.00;1596.00;26.28;E0_0_1000m;5.00;133;132;8.42;26.38
2100.00;2400.00;1992.00;28.54;E0_1_1000m;5.00;166;167;9.72;28.63
2100.00;2400.00;1596.00;26.38;E0_0_1100m;5.00;133;133;8.40;26.46
2100.00;2400.00;2004.00;28.52;E0_1_1100m;5.00;167;166;9.76;28.61
2100.00;2400.00;1620.00;26.31;E0_0_1200m;5.00;135;135;8.55;26.41
2100.00;2400.00;1980.00;28.56;E0_1_1200m;5.00;165;166;9.64;28.63
2100.00;2400.00;1620.00;26.25;E0_0_1300m;5.00;135;136;8.63;26.34
2100.00;2400.00;2016.00;28.59;E0_1_1300m;5.00;168;168;9.79;28.66
2100.00;2400.00;1620.00;26.20;E0_0_1400m;5.00;135;136;8.61;26.28
2100.00;2400.00;2040.00;28.53;E0_1_1400m;5.00;170;170;9.93;28.62
2100.00;2400.00;1620.00;26.27;E0_0_1500m;5.00;135;135;8.57;26.35
2100.00;2400.00;2064.00;28.59;E0_1_1500m;5.00;172;173;10.03;28.66
2100.00;2400.00;1608.00;26.21;E0_0_1600m;5.00;134;135;8.58;26.29
2100.00;2400.00;2100.00;28.58;E0_1_1600m;5.00;175;174;10.17;28.64
2100.00;2400.00;1596.00;26.20;E0_0_1700m;5.00;133;133;8.46;26.27
2100.00;2400.00;2160.00;28.57;E0_1_1700m;5.00;180;180;10.50;28.63
2100.00;2400.00;1620.00;26.09;E0_0_1800m;5.00;135;135;8.62;26.16
2100.00;2400.00;2136.00;28.71;E0_1_1800m;5.00;178;178;10.33;28.76
2100.00;2400.00;1596.00;25.99;E0_0_1900m;5.00;133;133;8.53;26.06
2100.00;2400.00;2148.00;28.71;E0_1_1900m;5.00;179;179;10.39;28.77
2100.00;2400.00;1632.00;26.00;E0_0_2000m;5.00;136;136;8.72;26.08
2100.00;2400.00;2148.00;28.75;E0_1_2000m;5.00;179;179;10.38;28.81
2100.00;2400.00;1620.00;26.08;E0_0_2100m;5.00;135;135;8.63;26.15
2100.00;2400.00;2148.00;28.83;E0_1_2100m;5.00;179;179;10.35;28.90
2100.00;2400.00;1584.00;26.11;E0_0_2200m;5.00;132;133;8.43;26.17
2100.00;2400.00;2148.00;28.94;E0_1_2200m;5.00;179;179;10.31;29.02
2100.00;2400.00;1572.00;25.98;E0_0_2300m;5.00;131;131;8.40;26.05
2100.00;2400.00;2136.00;28.96;E0_1_2300m;5.00;178;178;10.24;29.04
2100.00;2400.00;1536.00;25.89;E0_0_2400m;5.00;128;128;8.24;25.96
2100.00;2400.00;2136.00;28.88;E0_1_2400m;5.00;178;178;10.27;28.96
2100.00;2400.00;1548.00;25.89;E0_0_2500m;5.00;129;128;8.28;25.98
2100.00;2400.00;2124.00;28.79;E0_1_2500m;5.00;177;177;10.25;28.87
2100.00;2400.00;1548.00;25.82;E0_0_2600m;5.00;129;129;8.33;25.91
2100.00;2400.00;2136.00;28.71;E0_1_2600m;5.00;178;178;10.33;28.78
2100.00;2400.00;1572.00;25.65;E0_0_2700m;5.00;131;130;8.45;25.75
2100.00;2400.00;2160.00;28.71;E0_1_2700m;5.00;180;180;10.45;28.78
2100.00;2400.00;1584.00;25.53;E0_0_2800m;5.00;132;132;8.65;25.63
2100.00;2400.00;2196.00;28.74;E0_1_2800m;5.00;183;183;10.61;28.82
2100.00;2400.00;1584.00;25.57;E0_0_2900m;5.00;132;133;8.61;25.67
2100.00;2400.00;2184.00;28.80;E0_1_2900m;5.00;182;181;10.50;28.89
2100.00;2400.00;1560.00;25.58;E0_0_3000m;5.00;130;130;8.47;25.67
2100.00;2400.00;2172.00;28.73;E0_1_3000m;5.00;181;181;10.50;28.80
2100.00;2400.00;1512.00;25.58;E0_0_3100m;5.00;126;126;8.21;25.67
2100.00;2400.00;2208.00;28.73;E0_1_3100m;5.00;184;183;10.62;28.81
2100.00;2400.00;1560.00;25.49;E0_0_3200m;5.00;130;129;8.46;25.58
2100.00;2400.00;2172.00;28.76;E0_1_3200m;5.00;181;181;10.49;28.85
2100.00;2400.00;1584.00;25.48;E0_0_3300m;5.00;132;132;8.64;25.58
2100.00;2400.00;2196.00;28.76;E0_1_3300m;5.00;183;183;10.61;28.84
2100.00;2400.00;1620.00;25.46;E0_0_3400m;5.00;135;135;8.84;25.57
2100.00;2400.00;2220.00;28.78;E0_1_3400m;5.00;185;185;10.71;28.87
2100.00;2400.00;1608.00;25.43;E0_0_3500m;5.00;134;134;8.78;25.54
2100.00;2400.00;2208.00;28.82;E0_1_3500m;5.00;184;184;10.64;28.90
2100.00;2400.00;1596.00;25.33;E0_0_3600m;5.00;133;133;8.75;25.43
2100.00;2400.00;2184.00;28.86;E0_1_3600m;5.00;182;182;10.51;28.95
2100.00;2400.00;1608.00;25.27;E0_0_3700m;5.00;134;135;8.89;25.37
2100.00;2400.00;2244.00;28.71;E0_1_3700m;5.00;187;187;10.85;28.83
2100.00;2400.00;1620.00;25.16;E0_0_3800m;5.00;135;135;8.94;25.27
2100.00;2400.00;2244.00;28.60;E0_1_3800m;5.00;187;187;10.90;28.70
2100.00;2400.00;1608.00;25.10;E0_0_3900m;5.00;134;134;8.90;25.21
2100.00;2400.00;2244.00;28.43;E0_1_3900m;5.00;187;187;10.96;28.52
2100.00;2400.00;1596.00;25.00;E0_0_4000m;5.00;133;133;8.87;25.10
2100.00;2400.00;2268.00;28.17;E0_1_4000m;5.00;189;189;11.18;28.29
2100.00;2400.00;1596.00;24.90;E0_0_4100m;5.00;133;133;8.90;25.01
2100.00;2400.00;2292.00;28.01;E0_1_4100m;5.00;191;191;11.37;28.16
2100.00;2400.00;1644.00;24.89;E0_0_4200m;5.00;137;136;9.14;24.99
2100.00;2400.00;2292.00;27.94;E0_1_4200m;5.00;191;190;11.35;28.11
2100.00;2400.00;1656.00;24.95;E0_0_4300m;5.00;138;137;9.21;25.04
2100.00;2400.00;2328.00;27.93;E0_1_4300m;5.00;194;193;11.57;28.11
2100.00;2400.00;1644.00;25.05;E0_0_4400m;5.00;137;137;9.12;25.14
2100.00;2400.00;2352.00;27.96;E0_1_4400m;5.00;196;197;11.72;28.14
2100.00;2400.00;1656.00;25.03;E0_0_4500m;5.00;138;138;9.19;25.11
2100.00;2400.00;2352.00;27.98;E0_1_4500m;5.00;196;196;11.68;28.18
2100.00;2400.00;1716.00;25.11;E0_0_4600m;5.00;143;142;9.46;25.21
2100.00;2400.00;2316.00;28.03;E0_1_4600m;5.00;193;193;11.48;28.26
2100.00;2400.00;1728.00;25.09;E0_0_4700m;5.00;144;144;9.57;25.19
2100.00;2400.00;2316.00;28.07;E0_1_4700m;5.00;193;194;11.49;28.27
2100.00;2400.00;1740.00;25.10;E0_0_4800m;5.00;145;144;9.61;25.20
2100.00;2400.00;2316.00;28.22;E0_1_4800m;5.00;193;193;11.40;28.42
2100.00;2400.00;1776.00;25.20;E0_0_4900m;5.00;148;149;9.80;25.30
2100.00;2400.00;2280.00;28.35;E0_1_4900m;5.00;190;190;11.17;28.54
2100.00;2400.00;1728.00;25.23;E0_0_5000m;5.00;144;144;9.51;25.33
2100.00;2400.00;2328.00;28.25;E0_1_5000m;5.00;194;194;11.44;28.41
2400.00;2700.00;0.00;-1.00;E0_0_0m;-1.00;0;0;0.00;-1.00
2400.00;2700.00;0.00;-1.00;E0_1_0m;-1.00;0;0;0.00;-1.00
2400.00;2700.00;1932.00;26.00;E0_0_100m;5.00;161;161;10.32;26.09
2400.00;2700.00;2400.00;27.30;E0_1_100m;5.00;200;200;12.21;27.43
2400.00;2700.00;1896.00;25.86;E0_0_200m;5.00;158;158;10.18;25.95
2400.00;2700.00;2412.00;27.69;E0_1_200m;5.00;201;201;12.10;27.82
2400.00;2700.00;1848.00;25.65;E0_0_300m;5.00;154;154;10.01;25.74
2400.00;2700.00;2448.00;27.56;E0_1_300m;5.00;204;205;12.36;27.69
2400.00;2700.00;1824.00;25.46;E0_0_400m;5.00;152;152;9.95;25.57
2400.00;2700.00;2448.00;27.36;E0_1_400m;5.00;204;204;12.43;27.45
2400.00;2700.00;1812.00;25.29;E0_0_500m;5.00;151;151;9.95;25.40
2400.00;2700.00;2424.00;27.12;E0_1_500m;5.00;202;202;12.41;27.19
2400.00;2700.00;1812.00;25.10;E0_0_600m;5.00;151;151;10.03;25.22
2400.00;2700.00;2400.00;26.96;E0_1_600m;5.00;200;200;12.37;27.02
2400.00;2700.00;1812.00;25.06;E0_0_700m;5.00;151;151;10.04;25.21
2400.00;2700.00;2388.00;26.89;E0_1_700m;5.00;199;199;12.33;26.96
2400.00;2700.00;1800.00;25.08;E0_0_800m;5.00;150;150;9.97;25.22
2400.00;2700.00;2352.00;26.86;E0_1_800m;5.00;196;196;12.16;26.94
2400.00;2700.00;1776.00;25.02;E0_0_900m;5.00;148;148;9.86;25.16
2400.00;2700.00;2352.00;26.81;E0_1_900m;5.00;196;196;12.18;26.89
2400.00;2700.00;1800.00;25.09;E0_0_1000m;5.00;150;150;9.96;25.23
2400.00;2700.00;2364.00;26.82;E0_1_1000m;5.00;197;196;12.22;26.89
2400.00;2700.00;1848.00;25.01;E0_0_1100m;5.00;154;154;10.26;25.14
2400.00;2700.00;2304.00;26.76;E0_1_1100m;5.00;192;193;12.00;26.85
2400.00;2700.00;1848.00;24.94;E0_0_1200m;5.00;154;155;10.34;25.07
2400.00;2700.00;2304.00;26.46;E0_1_1200m;5.00;192;192;12.10;26.53
2400.00;2700.00;1836.00;24.94;E0_0_1300m;5.00;153;152;10.16;25.07
2400.00;2700.00;2292.00;26.20;E0_1_1300m;5.00;191;191;12.15;26.26
2400.00;2700.00;1824.00;24.91;E0_0_1400m;5.00;152;152;10.17;25.03
2400.00;2700.00;2292.00;26.03;E0_1_1400m;5.00;191;191;12.23;26.09
2400.00;2700.00;1776.00;24.91;E0_0_1500m;5.00;148;148;9.90;25.03
2400.00;2700.00;2316.00;26.01;E0_1_1500m;5.00;193;192;12.36;26.08
2400.00;2700.00;1764.00;24.92;E0_0_1600m;5.00;147;146;9.77;25.04
2400.00;2700.00;2304.00;26.13;E0_1_1600m;5.00;192;192;12.25;26.23
2400.00;2700.00;1764.00;25.04;E0_0_1700m;5.00;147;147;9.78;25.15
2400.00;2700.00;2256.00;26.27;E0_1_1700m;5.00;188;188;11.93;26.39
2400.00;2700.00;1788.00;24.89;E0_0_1800m;5.00;149;149;9.98;25.01
2400.00;2700.00;2244.00;26.35;E0_1_1800m;5.00;187;187;11.83;26.47
2400.00;2700.00;1824.00;24.91;E0_0_1900m;5.00;152;152;10.17;25.04
2400.00;2700.00;2208.00;26.27;E0_1_1900m;5.00;184;184;11.67;26.41
2400.00;2700.00;1800.00;24.83;E0_0_2000m;5.00;150;150;10.07;24.96
2400.00;2700.00;2184.00;26.27;E0_1_2000m;5.00;182;182;11.55;26.40
2400.00;2700.00;1788.00;24.79;E0_0_2100m;5.00;149;149;10.02;24.93
2400.00;2700.00;2160.00;26.33;E0_1_2100m;5.00;180;180;11.39;26.47
2400.00;2700.00;1800.00;24.73;E0_0_2200m;5.00;150;149;10.11;24.86
2400.00;2700.00;2136.00;26.38;E0_1_2200m;5.00;178;178;11.25;26.50
2400.00;2700.00;1776.00;24.61;E0_0_2300m;5.00;148;148;10.02;24.73
2400.00;2700.00;2172.00;26.43;E0_1_2300m;5.00;181;181;11.42;26.55
2400.00;2700.00;1800.00;24.53;E0_0_2400m;5.00;150;150;10.19;24.64
2400.00;2700.00;2196.00;26.45;E0_1_2400m;5.00;183;183;11.53;26.57
2400.00;2700.00;1812.00;24.47;E0_0_2500m;5.00;151;151;10.29;24.59
2400.00;2700.00;2184.00;26.55;E0_1_2500m;5.00;182;183;11.47;26.67
2400.00;2700.00;1836.00;24.52;E0_0_2600m;5.00;153;153;10.40;24.66
2400.00;2700.00;2172.00;26.54;E0_1_2600m;5.00;181;181;11.37;26.67
2400.00;2700.00;1824.00;24.56;E0_0_2700m;5.00;152;152;10.31;24.70
2400.00;2700.00;2148.00;26.56;E0_1_2700m;5.00;179;179;11.23;26.70
2400.00;2700.00;1824.00;24.57;E0_0_2800m;5.00;152;151;10.25;24.70
2400.00;2700.00;2112.00;26.50;E0_1_2800m;5.00;176;176;11.07;26.64
2400.00;2700.00;1812.00;24.51;E0_0_2900m;5.00;151;150;10.27;24.64
2400.00;2700.00;2100.00;26.47;E0_1_2900m;5.00;175;175;11.02;26.63
2400.00;2700.00;1764.00;24.50;E0_0_3000m;5.00;147;147;10.00;24.65
2400.00;2700.00;2124.00;26.46;E0_1_3000m;5.00;177;177;11.15;26.60
2400.00;2700.00;1752.00;24.46;E0_0_3100m;5.00;146;146;9.95;24.59
2400.00;2700.00;2148.00;26.55;E0_1_3100m;5.00;179;179;11.24;26.68
2400.00;2700.00;1788.00;24.52;E0_0_3200m;5.00;149;149;10.13;24.66
2400.00;2700.00;2112.00;26.62;E0_1_3200m;5.00;176;176;11.02;26.75
2400.00;2700.00;1788.00;24.46;E0_0_3300m;5.00;149;149;10.15;24.60
2400.00;2700.00;2112.00;26.59;E0_1_3300m;5.00;176;176;11.03;26.72
2400.00;2700.00;1788.00;24.31;E0_0_3400m;5.00;149;149;10.21;24.46
2400.00;2700.00;2112.00;26.55;E0_1_3400m;5.00;176;176;11.05;26.67
2400.00;2700.00;1776.00;24.27;E0_0_3500m;5.00;148;148;10.16;24.42
2400.00;2700.00;2112.00;26.51;E0_1_3500m;5.00;176;176;11.06;26.64
2400.00;2700.00;1800.00;24.23;E0_0_3600m;5.00;150;150;10.32;24.40
2400.00;2700.00;2064.00;26.43;E0_1_3600m;5.00;172;173;10.86;26.57
2400.00;2700.00;1764.00;24.23;E0_0_3700m;5.00;147;147;10.11;24.38
2400.00;2700.00;2028.00;26.27;E0_1_3700m;5.00;169;169;10.72;26.41
2400.00;2700.00;1752.00;24.27;E0_0_3800m;5.00;146;146;10.03;24.44
2400.00;2700.00;2028.00;26.18;E0_1_3800m;5.00;169;170;10.76;26.34
2400.00;2700.00;1764.00;24.30;E0_0_3900m;5.00;147;147;10.08;24.48
2400.00;2700.00;2028.00;26.11;E0_1_3900m;5.00;169;169;10.79;26.28
2400.00;2700.00;1740.00;24.43;E0_0_4000m;5.00;145;145;9.89;24.60
2400.00;2700.00;2016.00;26.08;E0_1_4000m;5.00;168;168;10.73;26.28
2400.00;2700.00;1716.00;24.59;E0_0_4100m;5.00;143;143;9.69;24.75
2400.00;2700.00;2004.00;26.06;E0_1_4100m;5.00;167;167;10.68;26.27
2400.00;2700.00;1680.00;24.66;E0_0_4200m;5.00;140;141;9.52;24.80
2400.00;2700.00;2004.00;25.96;E0_1_4200m;5.00;167;167;10.72;26.16
2400.00;2700.00;1668.00;24.74;E0_0_4300m;5.00;139;139;9.36;24.87
2400.00;2700.00;1968.00;25.88;E0_1_4300m;5.00;164;164;10.56;26.07
2400.00;2700.00;1632.00;24.75;E0_0_4400m;5.00;136;136;9.16;24.88
2400.00;2700.00;1968.00;25.94;E0_1_4400m;5.00;164;163;10.49;26.12
2400.00;2700.00;1596.00;24.82;E0_0_4500m;5.00;133;133;8.93;24.94
2400.00;2700.00;1992.00;26.08;E0_1_4500m;5.00;166;167;10.65;26.27
2400.00;2700.00;1596.00;24.85;E0_0_4600m;5.00;133;133;8.92;24.98
2400.00;2700.00;1980.00;26.21;E0_1_4600m;5.00;165;165;10.49;26.42
2400.00;2700.00;1596.00;24.74;E0_0_4700m;5.00;133;133;8.96;24.90
2400.00;2700.00;1968.00;26.29;E0_1_4700m;5.00;164;163;10.37;26.50
2400.00;2700.00;1632.00;24.73;E0_0_4800m;5.00;136;136;9.17;24.91
2400.00;2700.00;1944.00;26.42;E0_1_4800m;5.00;162;162;10.22;26.63
2400.00;2700.00;1620.00;24.90;E0_0_4900m;5.00;135;134;9.03;25.05
2400.00;2700.00;1944.00;26.60;E0_1_4900m;5.00;162;162;10.15;26.81
2400.00;2700.00;1620.00;25.08;E0_0_5000m;5.00;135;135;8.97;25.21
2400.00;2700.00;1932.00;26.65;E0_1_5000m;5.00;161;161;10.07;26.86
2700.00;3000.00;0.00;-1.00;E0_0_0m;-1.00;0;0;0.00;-1.00
2700.00;3000.00;0.00;-1.00;E0_1_0m;-1.00;0;0;0.00;-1.00
2700.00;3000.00;1740.00;25.92;E0_0_100m;5.00;145;145;9.32;26.08
2700.00;3000.00;2364.00;27.17;E0_1_100m;5.00;197;197;12.08;27.29
2700.00;3000.00;1764.00;25.94;E0_0_200m;5.00;147;147;9.44;26.06
2700.00;3000.00;2340.00;27.26;E0_1_200m;5.00;195;195;11.92;27.41
2700.00;3000.00;1764.00;26.04;E0_0_300m;5.00;147;147;9.41;26.14
2700.00;3000.00;2328.00;27.31;E0_1_300m;5.00;194;193;11.81;27.47
2700.00;3000.00;1764.00;26.11;E0_0_400m;5.00;147;147;9.38;26.21
2700.00;3000.00;2316.00;27.25;E0_1_400m;5.00;193;194;11.84;27.36
2700.00;3000.00;1788.00;26.11;E0_0_500m;5.00;149;149;9.51;26.21
2700.00;3000.00;2316.00;27.21;E0_1_500m;5.00;193;193;11.82;27.29
2700.00;3000.00;1836.00;26.00;E0_0_600m;5.00;153;154;9.86;26.12
2700.00;3000.00;2280.00;27.27;E0_1_600m;5.00;190;190;11.61;27.40
2700.00;3000.00;1836.00;25.86;E0_0_700m;5.00;153;153;9.86;25.97
2700.00;3000.00;2280.00;27.07;E0_1_700m;5.00;190;190;11.70;27.15
2700.00;3000.00;1824.00;25.70;E0_0_800m;5.00;152;152;9.86;25.81
2700.00;3000.00;2292.00;26.91;E0_1_800m;5.00;191;191;11.83;26.99
2700.00;3000.00;1836.00;25.64;E0_0_900m;5.00;153;153;9.94;25.73
2700.00;3000.00;2304.00;26.84;E0_1_900m;5.00;192;192;11.92;26.92
2700.00;3000.00;1788.00;25.53;E0_0_1000m;5.00;149;149;9.73;25.62
2700.00;3000.00;2328.00;26.83;E0_1_1000m;5.00;194;195;12.07;26.92
2700.00;3000.00;1788.00;25.38;E0_0_1100m;5.00;149;149;9.79;25.47
2700.00;3000.00;2328.00;26.79;E0_1_1100m;5.00;194;193;12.03;26.87
2700.00;3000.00;1836.00;25.26;E0_0_1200m;5.00;153;152;10.04;25.34
2700.00;3000.00;2292.00;26.72;E0_1_1200m;5.00;191;191;11.92;26.79
2700.00;3000.00;1836.00;25.10;E0_0_1300m;5.00;153;153;10.16;25.19
2700.00;3000.00;2280.00;26.63;E0_1_1300m;5.00;190;190;11.89;26.71
2700.00;3000.00;1800.00;25.00;E0_0_1400m;5.00;150;150;10.00;25.08
2700.00;3000.00;2292.00;26.48;E0_1_1400m;5.00;191;191;12.02;26.55
2700.00;3000.00;1776.00;24.87;E0_0_1500m;5.00;148;149;9.93;24.95
2700.00;3000.00;2280.00;26.35;E0_1_1500m;5.00;190;190;12.02;26.41
2700.00;3000.00;1776.00;24.88;E0_0_1600m;5.00;148;148;9.92;24.95
2700.00;3000.00;2304.00;26.22;E0_1_1600m;5.00;192;193;12.23;26.28
2700.00;3000.00;1800.00;24.87;E0_0_1700m;5.00;150;150;10.05;24.93
2700.00;3000.00;2316.00;26.15;E0_1_1700m;5.00;193;193;12.30;26.20
2700.00;3000.00;1800.00;24.72;E0_0_1800m;5.00;150;150;10.11;24.79
2700.00;3000.00;2316.00;26.10;E0_1_1800m;5.00;193;193;12.33;26.15
2700.00;3000.00;1800.00;24.65;E0_0_1900m;5.00;150;150;10.14;24.72
2700.00;3000.00;2316.00;26.06;E0_1_1900m;5.00;193;193;12.34;26.11
2700.00;3000.00;1824.00;24.71;E0_0_2000m;5.00;152;152;10.25;24.78
2700.00;3000.00;2304.00;26.10;E0_1_2000m;5.00;192;192;12.26;26.14
2700.00;3000.00;1836.00;24.64;E0_0_2100m;5.00;153;154;10.36;24.71
2700.00;3000.00;2292.00;26.24;E0_1_2100m;5.00;191;191;12.13;26.28
2700.00;3000.00;1860.00;24.52;E0_0_2200m;5.00;155;155;10.53;24.59
2700.00;3000.00;2328.00;26.38;E0_1_2200m;5.00;194;194;12.26;26.43
2700.00;3000.00;1872.00;24.47;E0_0_2300m;5.00;156;156;10.62;24.55
2700.00;3000.00;2292.00;26.53;E0_1_2300m;5.00;191;191;12.00;26.58
2700.00;3000.00;1860.00;24.48;E0_0_2400m;5.00;155;155;10.55;24.56
2700.00;3000.00;2256.00;26.62;E0_1_2400m;5.00;188;188;11.77;26.67
2700.00;3000.00;1860.00;24.43;E0_0_2500m;5.00;155;155;10.57;24.51
2700.00;3000.00;2244.00;26.65;E0_1_2500m;5.00;187;186;11.65;26.70
2700.00;3000.00;1800.00;24.40;E0_0_2600m;5.00;150;150;10.25;24.47
2700.00;3000.00;2256.00;26.61;E0_1_2600m;5.00;188;188;11.77;26.67
2700.00;3000.00;1800.00;24.40;E0_0_2700m;5.00;150;150;10.25;24.47
2700.00;3000.00;2256.00;26.59;E0_1_2700m;5.00;188;188;11.79;26.64
2700.00;3000.00;1800.00;24.41;E0_0_2800m;5.00;150;150;10.24;24.48
2700.00;3000.00;2244.00;26.58;E0_1_2800m;5.00;187;187;11.72;26.64
2700.00;3000.00;1788.00;24.41;E0_0_2900m;5.00;149;149;10.17;24.48
2700.00;3000.00;2256.00;26.53;E0_1_2900m;5.00;188;189;11.81;26.59
2700.00;3000.00;1800.00;24.45;E0_0_3000m;5.00;150;150;10.23;24.51
2700.00;3000.00;2268.00;26.48;E0_1_3000m;5.00;189;189;11.90;26.53
2700.00;3000.00;1788.00;24.53;E0_0_3100m;5.00;149;149;10.12;24.59
2700.00;3000.00;2268.00;26.43;E0_1_3100m;5.00;189;189;11.92;26.49
2700.00;3000.00;1764.00;24.60;E0_0_3200m;5.00;147;148;10.02;24.66
2700.00;3000.00;2268.00;26.42;E0_1_3200m;5.00;189;189;11.92;26.48
2700.00;3000.00;1752.00;24.69;E0_0_3300m;5.00;146;146;9.85;24.75
2700.00;3000.00;2220.00;26.43;E0_1_3300m;5.00;185;185;11.66;26.50
2700.00;3000.00;1716.00;24.80;E0_0_3400m;5.00;143;144;9.63;24.85
2700.00;3000.00;2220.00;26.36;E0_1_3400m;5.00;185;185;11.70;26.42
2700.00;3000.00;1740.00;24.74;E0_0_3500m;5.00;145;145;9.77;24.79
2700.00;3000.00;2232.00;26.31;E0_1_3500m;5.00;186;186;11.78;26.35
2700.00;3000.00;1752.00;24.62;E0_0_3600m;5.00;146;146;9.88;24.68
2700.00;3000.00;2292.00;26.25;E0_1_3600m;5.00;191;191;12.13;26.30
2700.00;3000.00;1788.00;24.58;E0_0_3700m;5.00;149;149;10.10;24.64
2700.00;3000.00;2316.00;26.26;E0_1_3700m;5.00;193;193;12.25;26.30
2700.00;3000.00;1800.00;24.60;E0_0_3800m;5.00;150;150;10.16;24.66
2700.00;3000.00;2352.00;26.21;E0_1_3800m;5.00;196;195;12.46;26.25
2700.00;3000.00;1776.00;24.61;E0_0_3900m;5.00;148;148;10.02;24.68
2700.00;3000.00;2364.00;26.16;E0_1_3900m;5.00;197;197;12.55;26.20
2700.00;3000.00;1776.00;24.48;E0_0_4000m;5.00;148;148;10.08;24.55
2700.00;3000.00;2364.00;26.13;E0_1_4000m;5.00;197;197;12.57;26.16
2700.00;3000.00;1776.00;24.38;E0_0_4100m;5.00;148;148;10.12;24.47
2700.00;3000.00;2364.00;26.11;E0_1_4100m;5.00;197;197;12.58;26.14
2700.00;3000.00;1764.00;24.30;E0_0_4200m;5.00;147;148;10.11;24.39
2700.00;3000.00;2388.00;26.14;E0_1_4200m;5.00;199;200;12.70;26.18
2700.00;3000.00;1776.00;24.24;E0_0_4300m;5.00;148;148;10.18;24.34
2700.00;3000.00;2388.00;26.19;E0_1_4300m;5.00;199;199;12.67;26.24
2700.00;3000.00;1812.00;24.25;E0_0_4400m;5.00;151;151;10.38;24.36
2700.00;3000.00;2388.00;26.29;E0_1_4400m;5.00;199;199;12.61;26.36
2700.00;3000.00;1812.00;24.32;E0_0_4500m;5.00;151;151;10.35;24.43
2700.00;3000.00;2400.00;26.38;E0_1_4500m;5.00;200;200;12.62;26.44
2700.00;3000.00;1836.00;24.31;E0_0_4600m;5.00;153;153;10.49;24.43
2700.00;3000.00;2400.00;26.43;E0_1_4600m;5.00;200;201;12.63;26.50
2700.00;3000.00;1848.00;24.32;E0_0_4700m;5.00;154;154;10.55;24.44
2700.00;3000.00;2424.00;26.45;E0_1_4700m;5.00;202;202;12.73;26.52
2700.00;3000.00;1848.00;24.40;E0_0_4800m;5.00;154;154;10.52;24.52
2700.00;3000.00;2412.00;26.41;E0_1_4800m;5.00;201;201;12.68;26.48
2700.00;3000.00;1860.00;24.32;E0_0_4900m;5.00;155;155;10.62;24.45
2700.00;3000.00;2400.00;26.40;E0_1_4900m;5.00;200;201;12.66;26.46
2700.00;3000.00;1860.00;24.26;E0_0_5000m;5.00;155;155;10.65;24.38
2700.00;3000.00;2424.00;26.31;E0_1_5000m;5.00;202;202;12.80;26.35
3000.00;3300.00;0.00;-1.00;E0_0_0m;-1.00;0;0;0.00;-1.00
3000.00;3300.00;0.00;-1.00;E0_1_0m;-1.00;0;0;0.00;-1.00
3000.00;3300.00;1740.00;26.60;E0_0_100m;5.00;145;147;9.14;26.78
3000.00;3300.00;1992.00;28.01;E0_1_100m;5.00;166;166;9.88;28.19
3000.00;3300.00;1812.00;26.50;E0_0_200m;5.00;151;151;9.50;26.68
3000.00;3300.00;1932.00;28.54;E0_1_200m;5.00;161;162;9.45;28.74
3000.00;3300.00;1788.00;26.39;E0_0_300m;5.00;149;150;9.47;26.57
3000.00;3300.00;1968.00;28.18;E0_1_300m;5.00;164;164;9.70;28.38
3000.00;3300.00;1776.00;26.27;E0_0_400m;5.00;148;148;9.39;26.45
3000.00;3300.00;1980.00;27.90;E0_1_400m;5.00;165;164;9.82;28.12
3000.00;3300.00;1752.00;26.23;E0_0_500m;5.00;146;146;9.28;26.42
3000.00;3300.00;1980.00;27.60;E0_1_500m;5.00;165;165;9.96;27.82
3000.00;3300.00;1752.00;26.16;E0_0_600m;5.00;146;146;9.30;26.34
3000.00;3300.00;1968.00;27.44;E0_1_600m;5.00;164;164;9.96;27.64
3000.00;3300.00;1764.00;26.05;E0_0_700m;5.00;147;147;9.40;26.22
3000.00;3300.00;1944.00;27.39;E0_1_700m;5.00;162;162;9.86;27.58
3000.00;3300.00;1752.00;25.93;E0_0_800m;5.00;146;146;9.39;26.09
3000.00;3300.00;1956.00;27.49;E0_1_800m;5.00;163;163;9.88;27.67
3000.00;3300.00;1728.00;25.85;E0_0_900m;5.00;144;145;9.30;26.04
3000.00;3300.00;2004.00;27.58;E0_1_900m;5.00;167;167;10.09;27.77
3000.00;3300.00;1752.00;25.86;E0_0_1000m;5.00;146;146;9.41;26.04
3000.00;3300.00;2016.00;27.66;E0_1_1000m;5.00;168;167;10.10;27.82
3000.00;3300.00;1740.00;25.80;E0_0_1100m;5.00;145;146;9.42;25.94
3000.00;3300.00;2040.00;27.69;E0_1_1100m;5.00;170;170;10.23;27.84
3000.00;3300.00;1704.00;25.67;E0_0_1200m;5.00;142;142;9.22;25.81
3000.00;3300.00;2076.00;27.55;E0_1_1200m;5.00;173;173;10.46;27.70
3000.00;3300.00;1704.00;25.50;E0_0_1300m;5.00;142;142;9.28;25.65
3000.00;3300.00;2076.00;27.32;E0_1_1300m;5.00;173;174;10.56;27.45
3000.00;3300.00;1716.00;25.30;E0_0_1400m;5.00;143;144;9.45;25.45
3000.00;3300.00;2076.00;27.12;E0_1_1400m;5.00;173;173;10.63;27.23
3000.00;3300.00;1740.00;25.09;E0_0_1500m;5.00;145;144;9.62;25.25
3000.00;3300.00;2100.00;26.88;E0_1_1500m;5.00;175;176;10.85;26.99
3000.00;3300.00;1716.00;24.92;E0_0_1600m;5.00;143;143;9.56;25.06
3000.00;3300.00;2124.00;26.58;E0_1_1600m;5.00;177;176;11.07;26.68
3000.00;3300.00;1704.00;24.75;E0_0_1700m;5.00;142;142;9.56;24.89
3000.00;3300.00;2124.00;26.33;E0_1_1700m;5.00;177;177;11.20;26.44
3000.00;3300.00;1704.00;24.71;E0_0_1800m;5.00;142;143;9.59;24.84
3000.00;3300.00;2124.00;26.18;E0_1_1800m;5.00;177;177;11.27;26.30
3000.00;3300.00;1704.00;24.67;E0_0_1900m;5.00;142;142;9.59;24.81
3000.00;3300.00;2136.00;26.10;E0_1_1900m;5.00;178;178;11.37;26.23
3000.00;3300.00;1692.00;24.67;E0_0_2000m;5.00;141;141;9.53;24.79
3000.00;3300.00;2136.00;26.16;E0_1_2000m;5.00;178;179;11.37;26.31
3000.00;3300.00;1692.00;24.68;E0_0_2100m;5.00;141;141;9.52;24.80
3000.00;3300.00;2136.00;26.17;E0_1_2100m;5.00;178;179;11.34;26.34
3000.00;3300.00;1668.00;24.49;E0_0_2200m;5.00;139;139;9.46;24.63
3000.00;3300.00;2124.00;26.15;E0_1_2200m;5.00;177;179;11.37;26.32
3000.00;3300.00;1668.00;24.35;E0_0_2300m;5.00;139;139;9.51;24.47
3000.00;3300.00;2136.00;26.04;E0_1_2300m;5.00;178;178;11.39;26.21
3000.00;3300.00;1680.00;24.30;E0_0_2400m;5.00;140;140;9.60;24.42
3000.00;3300.00;2112.00;25.95;E0_1_2400m;5.00;176;176;11.30;26.11
3000.00;3300.00;1716.00;24.22;E0_0_2500m;5.00;143;143;9.84;24.33
3000.00;3300.00;2112.00;25.86;E0_1_2500m;5.00;176;176;11.34;26.02
3000.00;3300.00;1752.00;24.07;E0_0_2600m;5.00;146;146;10.11;24.17
3000.00;3300.00;2148.00;25.76;E0_1_2600m;5.00;179;179;11.58;25.92
3000.00;3300.00;1764.00;24.11;E0_0_2700m;5.00;147;147;10.16;24.21
3000.00;3300.00;2196.00;25.68;E0_1_2700m;5.00;183;183;11.88;25.82
3000.00;3300.00;1776.00;24.03;E0_0_2800m;5.00;148;148;10.26;24.12
3000.00;3300.00;2220.00;25.55;E0_1_2800m;5.00;185;186;12.10;25.68
3000.00;3300.00;1776.00;23.90;E0_0_2900m;5.00;148;149;10.35;23.98
3000.00;3300.00;2256.00;25.43;E0_1_2900m;5.00;188;187;12.32;25.53
3000.00;3300.00;1776.00;23.82;E0_0_3000m;5.00;148;148;10.35;23.90
3000.00;3300.00;2256.00;25.37;E0_1_3000m;5.00;188;188;12.35;25.47
3000.00;3300.00;1788.00;23.80;E0_0_3100m;5.00;149;149;10.43;23.87
3000.00;3300.00;2244.00;25.35;E0_1_3100m;5.00;187;187;12.29;25.45
3000.00;3300.00;1800.00;23.71;E0_0_3200m;5.00;150;149;10.48;23.77
3000.00;3300.00;2244.00;25.33;E0_1_3200m;5.00;187;188;12.35;25.43
3000.00;3300.00;1800.00;23.72;E0_0_3300m;5.00;150;150;10.54;23.77
3000.00;3300.00;2256.00;25.34;E0_1_3300m;5.00;188;188;12.36;25.45
3000.00;3300.00;1776.00;23.84;E0_0_3400m;5.00;148;147;10.32;23.94
3000.00;3300.00;2256.00;25.34;E0_1_3400m;5.00;188;189;12.42;25.45
3000.00;3300.00;1764.00;23.84;E0_0_3500m;5.00;147;147;10.28;23.90
3000.00;3300.00;2268.00;25.38;E0_1_3500m;5.00;189;189;12.41;25.50
3000.00;3300.00;1740.00;23.73;E0_0_3600m;5.00;145;145;10.18;23.78
3000.00;3300.00;2232.00;25.41;E0_1_3600m;5.00;186;186;12.20;25.53
3000.00;3300.00;1704.00;23.75;E0_0_3700m;5.00;142;142;9.96;23.80
3000.00;3300.00;2208.00;25.40;E0_1_3700m;5.00;184;184;12.07;25.52
3000.00;3300.00;1680.00;23.79;E0_0_3800m;5.00;140;140;9.81;23.83
3000.00;3300.00;2184.00;25.44;E0_1_3800m;5.00;182;182;11.92;25.55
3000.00;3300.00;1680.00;23.71;E0_0_3900m;5.00;140;140;9.84;23.75
3000.00;3300.00;2184.00;25.52;E0_1_3900m;5.00;182;182;11.89;25.63
3000.00;3300.00;1668.00;23.78;E0_0_4000m;5.00;139;139;9.74;23.82
3000.00;3300.00;2196.00;25.65;E0_1_4000m;5.00;183;183;11.89;25.77
3000.00;3300.00;1680.00;23.89;E0_0_4100m;5.00;140;140;9.77;23.94
3000.00;3300.00;2184.00;25.80;E0_1_4100m;5.00;182;182;11.76;25.93
3000.00;3300.00;1692.00;23.90;E0_0_4200m;5.00;141;141;9.83;23.94
3000.00;3300.00;2172.00;25.83;E0_1_4200m;5.00;181;181;11.67;25.95
3000.00;3300.00;1692.00;23.89;E0_0_4300m;5.00;141;141;9.84;23.93
3000.00;3300.00;2172.00;25.78;E0_1_4300m;5.00;181;181;11.70;25.88
3000.00;3300.00;1680.00;23.84;E0_0_4400m;5.00;140;140;9.79;23.89
3000.00;3300.00;2172.00;25.79;E0_1_4400m;5.00;181;181;11.70;25.87
3000.00;3300.00;1668.00;23.94;E0_0_4500m;5.00;139;139;9.68;23.98
3000.00;3300.00;2184.00;25.85;E0_1_4500m;5.00;182;181;11.71;25.94
3000.00;3300.00;1620.00;24.03;E0_0_4600m;5.00;135;135;9.36;24.09
3000.00;3300.00;2196.00;25.99;E0_1_4600m;5.00;183;183;11.74;26.08
3000.00;3300.00;1620.00;24.12;E0_0_4700m;5.00;135;136;9.40;24.17
3000.00;3300.00;2148.00;26.11;E0_1_4700m;5.00;179;179;11.43;26.21
3000.00;3300.00;1596.00;24.10;E0_0_4800m;5.00;133;133;9.20;24.16
3000.00;3300.00;2160.00;26.19;E0_1_4800m;5.00;180;180;11.46;26.28
3000.00;3300.00;1632.00;24.15;E0_0_4900m;5.00;136;136;9.38;24.21
3000.00;3300.00;2196.00;26.26;E0_1_4900m;5.00;183;182;11.58;26.35
3000.00;3300.00;1656.00;24.29;E0_0_5000m;5.00;138;138;9.47;24.36
3000.00;3300.00;2220.00;26.36;E0_1_5000m;5.00;185;185;11.70;26.48
3300.00;3600.00;0.00;-1.00;E0_0_0m;-1.00;0;0;0.00;-1.00
3300.00;3600.00;0.00;-1.00;E0_1_0m;-1.00;0;0;0.00;-1.00
3300.00;3600.00;2064.00;24.92;E0_0_100m;5.00;172;171;11.47;24.99
3300.00;3600.00;2316.00;25.93;E0_1_100m;5.00;193;193;12.40;26.04
3300.00;3600.00;2040.00;24.93;E0_0_200m;5.00;170;170;11.37;25.01
3300.00;3600.00;2340.00;26.03;E0_1_200m;5.00;195;194;12.44;26.17
3300.00;3600.00;2076.00;24.84;E0_0_300m;5.00;173;172;11.55;24.91
3300.00;3600.00;2364.00;26.13;E0_1_300m;5.00;197;197;12.57;26.27
3300.00;3600.00;2076.00;24.78;E0_0_400m;5.00;173;173;11.64;24.85
3300.00;3600.00;2364.00;26.10;E0_1_400m;5.00;197;197;12.58;26.23
3300.00;3600.00;2016.00;24.70;E0_0_500m;5.00;168;169;11.36;24.76
3300.00;3600.00;2412.00;26.08;E0_1_500m;5.00;201;201;12.85;26.19
3300.00;3600.00;2004.00;24.70;E0_0_600m;5.00;167;167;11.27;24.76
3300.00;3600.00;2412.00;25.98;E0_1_600m;5.00;201;201;12.90;26.06
3300.00;3600.00;1992.00;24.70;E0_0_700m;5.00;166;167;11.20;24.77
3300.00;3600.00;2436.00;25.93;E0_1_700m;5.00;203;203;13.05;26.00
3300.00;3600.00;2016.00;24.52;E0_0_800m;5.00;168;168;11.42;24.59
3300.00;3600.00;2424.00;25.97;E0_1_800m;5.00;202;202;12.97;26.03
3300.00;3600.00;2016.00;24.40;E0_0_900m;5.00;168;168;11.47;24.47
3300.00;3600.00;2388.00;25.94;E0_1_900m;5.00;199;199;12.78;26.03
3300.00;3600.00;2004.00;24.32;E0_0_1000m;5.00;167;167;11.44;24.38
3300.00;3600.00;2364.00;25.83;E0_1_1000m;5.00;197;197;12.71;25.90
3300.00;3600.00;2004.00;24.25;E0_0_1100m;5.00;167;166;11.43;24.32
3300.00;3600.00;2364.00;25.74;E0_1_1100m;5.00;197;197;12.76;25.80
3300.00;3600.00;1980.00;24.24;E0_0_1200m;5.00;165;165;11.35;24.32
3300.00;3600.00;2364.00;25.71;E0_1_1200m;5.00;197;197;12.77;25.76
3300.00;3600.00;1968.00;24.16;E0_0_1300m;5.00;164;164;11.31;24.24
3300.00;3600.00;2352.00;25.78;E0_1_1300m;5.00;196;195;12.66;25.84
3300.00;3600.00;1992.00;24.11;E0_0_1400m;5.00;166;165;11.44;24.19
3300.00;3600.00;2340.00;25.72;E0_1_1400m;5.00;195;195;12.63;25.78
3300.00;3600.00;1944.00;24.15;E0_0_1500m;5.00;162;162;11.18;24.22
3300.00;3600.00;2340.00;25.68;E0_1_1500m;5.00;195;195;12.66;25.73
3300.00;3600.00;1932.00;24.23;E0_0_1600m;5.00;161;161;11.08;24.30
3300.00;3600.00;2328.00;25.73;E0_1_1600m;5.00;194;195;12.63;25.79
3300.00;3600.00;1944.00;24.26;E0_0_1700m;5.00;162;162;11.13;24.33
3300.00;3600.00;2304.00;25.85;E0_1_1700m;5.00;192;192;12.38;25.91
3300.00;3600.00;1944.00;24.27;E0_0_1800m;5.00;162;161;11.11;24.35
3300.00;3600.00;2316.00;25.83;E0_1_1800m;5.00;193;193;12.45;25.89
3300.00;3600.00;1932.00;24.24;E0_0_1900m;5.00;161;161;11.07;24.34
3300.00;3600.00;2304.00;25.81;E0_1_1900m;5.00;192;192;12.40;25.87
3300.00;3600.00;1944.00;24.23;E0_0_2000m;5.00;162;162;11.14;24.33
3300.00;3600.00;2292.00;25.78;E0_1_2000m;5.00;191;191;12.35;25.84
3300.00;3600.00;1992.00;24.20;E0_0_2100m;5.00;166;165;11.42;24.30
3300.00;3600.00;2304.00;25.71;E0_1_2100m;5.00;192;191;12.44;25.76
3300.00;3600.00;2016.00;24.22;E0_0_2200m;5.00;168;168;11.56;24.32
3300.00;3600.00;2328.00;25.64;E0_1_2200m;5.00;194;193;12.58;25.70
3300.00;3600.00;2016.00;24.28;E0_0_2300m;5.00;168;168;11.53;24.37
3300.00;3600.00;2364.00;25.57;E0_1_2300m;5.00;197;197;12.84;25.63
3300.00;3600.00;2040.00;24.28;E0_0_2400m;5.00;170;170;11.67;24.37
3300.00;3600.00;2352.00;25.55;E0_1_2400m;5.00;196;197;12.84;25.60
3300.00;3600.00;2004.00;24.18;E0_0_2500m;5.00;167;167;11.51;24.27
3300.00;3600.00;2352.00;25.51;E0_1_2500m;5.00;196;197;12.83;25.56
3300.00;3600.00;1968.00;24.09;E0_0_2600m;5.00;164;164;11.35;24.19
3300.00;3600.00;2316.00;25.54;E0_1_2600m;5.00;193;194;12.65;25.59
3300.00;3600.00;1932.00;24.07;E0_0_2700m;5.00;161;161;11.15;24.17
3300.00;3600.00;2292.00;25.62;E0_1_2700m;5.00;191;192;12.46;25.68
3300.00;3600.00;1908.00;24.02;E0_0_2800m;5.00;159;160;11.07;24.12
3300.00;3600.00;2268.00;25.63;E0_1_2800m;5.00;189;189;12.32;25.70
3300.00;3600.00;1908.00;24.02;E0_0_2900m;5.00;159;160;11.10;24.14
3300.00;3600.00;2244.00;25.55;E0_1_2900m;5.00;187;187;12.20;25.62
3300.00;3600.00;1884.00;23.94;E0_0_3000m;5.00;157;157;10.93;24.06
3300.00;3600.00;2256.00;25.60;E0_1_3000m;5.00;188;188;12.24;25.69
3300.00;3600.00;1884.00;24.02;E0_0_3100m;5.00;157;157;10.89;24.15
3300.00;3600.00;2256.00;25.59;E0_1_3100m;5.00;188;188;12.25;25.68
3300.00;3600.00;1872.00;24.06;E0_0_3200m;5.00;156;156;10.80;24.21
3300.00;3600.00;2268.00;25.65;E0_1_3200m;5.00;189;188;12.24;25.74
3300.00;3600.00;1872.00;24.08;E0_0_3300m;5.00;156;156;10.80;24.23
3300.00;3600.00;2244.00;25.75;E0_1_3300m;5.00;187;187;12.10;25.85
3300.00;3600.00;1872.00;24.12;E0_0_3400m;5.00;156;156;10.78;24.27
3300.00;3600.00;2244.00;25.73;E0_1_3400m;5.00;187;187;12.11;25.80
3300.00;3600.00;1848.00;24.09;E0_0_3500m;5.00;154;154;10.66;24.24
3300.00;3600.00;2220.00;25.76;E0_1_3500m;5.00;185;185;11.97;25.82
3300.00;3600.00;1848.00;24.03;E0_0_3600m;5.00;154;154;10.68;24.18
3300.00;3600.00;2208.00;25.66;E0_1_3600m;5.00;184;184;11.95;25.71
3300.00;3600.00;1872.00;23.95;E0_0_3700m;5.00;156;156;10.85;24.09
3300.00;3600.00;2232.00;25.50;E0_1_3700m;5.00;186;186;12.16;25.55
3300.00;3600.00;1872.00;23.89;E0_0_3800m;5.00;156;156;10.88;24.01
3300.00;3600.00;2232.00;25.33;E0_1_3800m;5.00;186;186;12.24;25.37
3300.00;3600.00;1872.00;23.81;E0_0_3900m;5.00;156;156;10.92;23.92
3300.00;3600.00;2232.00;25.22;E0_1_3900m;5.00;186;186;12.29;25.26
3300.00;3600.00;1872.00;23.76;E0_0_4000m;5.00;156;156;10.94;23.87
3300.00;3600.00;2232.00;25.16;E0_1_4000m;5.00;186;186;12.32;25.20
3300.00;3600.00;1884.00;23.71;E0_0_4100m;5.00;157;157;11.04;23.82
3300.00;3600.00;2220.00;25.08;E0_1_4100m;5.00;185;185;12.30;25.11
3300.00;3600.00;1884.00;23.76;E0_0_4200m;5.00;157;157;11.01;23.88
3300.00;3600.00;2232.00;24.98;E0_1_4200m;5.00;186;185;12.41;25.00
3300.00;3600.00;1884.00;23.82;E0_0_4300m;5.00;157;157;10.99;23.93
3300.00;3600.00;2220.00;24.96;E0_1_4300m;5.00;185;186;12.38;24.99
3300.00;3600.00;1860.00;23.80;E0_0_4400m;5.00;155;155;10.85;23.91
3300.00;3600.00;2232.00;24.86;E0_1_4400m;5.00;186;186;12.47;24.89
3300.00;3600.00;1860.00;23.85;E0_0_4500m;5.00;155;155;10.83;23.95
3300.00;3600.00;2220.00;24.78;E0_1_4500m;5.00;185;185;12.44;24.82
3300.00;3600.00;1848.00;23.83;E0_0_4600m;5.00;154;155;10.84;23.93
3300.00;3600.00;2220.00;24.70;E0_1_4600m;5.00;185;185;12.48;24.74
3300.00;3600.00;1836.00;23.88;E0_0_4700m;5.00;153;152;10.61;23.96
3300.00;3600.00;2232.00;24.64;E0_1_4700m;5.00;186;186;12.58;24.68
3300.00;3600.00;1824.00;23.89;E0_0_4800m;5.00;152;152;10.61;23.97
3300.00;3600.00;2244.00;24.63;E0_1_4800m;5.00;187;187;12.65;24.68
3300.00;3600.00;1788.00;23.87;E0_0_4900m;5.00;149;149;10.40;23.95
3300.00;3600.00;2208.00;24.66;E0_1_4900m;5.00;184;184;12.44;24.71
3300.00;3600.00;1752.00;23.82;E0_0_5000m;5.00;146;146;10.22;23.89
3300.00;3600.00;2172.00;24.70;E0_1_5000m;5.00;181;181;12.21;24.76
3600.00;3900.00;0.00;-1.00;E0_0_0m;-1.00;0;0;0.00;-1.00
3600.00;3900.00;0.00;-1.00;E0_1_0m;-1.00;0;0;0.00;-1.00
3600.00;3900.00;1956.00;25.32;E0_0_100m;5.00;163;163;10.73;25.40
3600.00;3900.00;2472.00;26.94;E0_1_100m;5.00;206;206;12.74;27.03
3600.00;3900.00;1932.00;25.36;E0_0_200m;5.00;161;162;10.64;25.48
3600.00;3900.00;2484.00;27.15;E0_1_200m;5.00;207;207;12.71;27.25
3600.00;3900.00;1932.00;25.51;E0_0_300m;5.00;161;161;10.52;25.63
3600.00;3900.00;2424.00;27.05;E0_1_300m;5.00;202;202;12.45;27.17
3600.00;3900.00;1956.00;25.59;E0_0_400m;5.00;163;163;10.62;25.69
3600.00;3900.00;2436.00;26.80;E0_1_400m;5.00;203;203;12.62;26.89
3600.00;3900.00;1980.00;25.51;E0_0_500m;5.00;165;164;10.75;25.61
3600.00;3900.00;2448.00;26.73;E0_1_500m;5.00;204;204;12.72;26.82
3600.00;3900.00;1992.00;25.48;E0_0_600m;5.00;166;166;10.86;25.60
3600.00;3900.00;2424.00;26.69;E0_1_600m;5.00;202;202;12.61;26.79
3600.00;3900.00;1992.00;25.39;E0_0_700m;5.00;166;165;10.89;25.53
3600.00;3900.00;2424.00;26.66;E0_1_700m;5.00;202;202;12.63;26.76
3600.00;3900.00;1956.00;25.31;E0_0_800m;5.00;163;163;10.73;25.44
3600.00;3900.00;2460.00;26.61;E0_1_800m;5.00;205;205;12.84;26.71
3600.00;3900.00;1968.00;25.26;E0_0_900m;5.00;164;164;10.82;25.38
3600.00;3900.00;2460.00;26.55;E0_1_900m;5.00;205;205;12.87;26.65
3600.00;3900.00;2004.00;25.12;E0_0_1000m;5.00;167;167;11.08;25.25
3600.00;3900.00;2436.00;26.44;E0_1_1000m;5.00;203;203;12.80;26.52
3600.00;3900.00;1992.00;25.09;E0_0_1100m;5.00;166;166;11.03;25.19
3600.00;3900.00;2460.00;26.30;E0_1_1100m;5.00;205;205;12.99;26.38
3600.00;3900.00;1992.00;24.96;E0_0_1200m;5.00;166;166;11.09;25.05
3600.00;3900.00;2472.00;26.14;E0_1_1200m;5.00;206;206;13.13;26.23
3600.00;3900.00;1992.00;24.72;E0_0_1300m;5.00;166;166;11.19;24.82
3600.00;3900.00;2484.00;26.05;E0_1_1300m;5.00;207;207;13.24;26.13
3600.00;3900.00;1992.00;24.59;E0_0_1400m;5.00;166;166;11.25;24.71
3600.00;3900.00;2484.00;26.05;E0_1_1400m;5.00;207;207;13.24;26.15
3600.00;3900.00;2016.00;24.52;E0_0_1500m;5.00;168;168;11.42;24.62
3600.00;3900.00;2472.00;25.93;E0_1_1500m;5.00;206;206;13.24;26.02
3600.00;3900.00;2016.00;24.49;E0_0_1600m;5.00;168;168;11.44;24.57
3600.00;3900.00;2484.00;25.84;E0_1_1600m;5.00;207;206;13.29;25.92
3600.00;3900.00;2004.00;24.42;E0_0_1700m;5.00;167;167;11.40;24.50
3600.00;3900.00;2484.00;25.83;E0_1_1700m;5.00;207;207;13.36;25.91
3600.00;3900.00;1992.00;24.41;E0_0_1800m;5.00;166;166;11.33;24.49
3600.00;3900.00;2484.00;25.87;E0_1_1800m;5.00;207;207;13.33;25.96
3600.00;3900.00;1980.00;24.42;E0_0_1900m;5.00;165;165;11.26;24.49
3600.00;3900.00;2496.00;25.87;E0_1_1900m;5.00;208;209;13.41;25.95
3600.00;3900.00;1992.00;24.38;E0_0_2000m;5.00;166;167;11.37;24.45
3600.00;3900.00;2472.00;25.84;E0_1_2000m;5.00;206;207;13.32;25.93
3600.00;3900.00;1968.00;24.35;E0_0_2100m;5.00;164;164;11.23;24.42
3600.00;3900.00;2448.00;25.74;E0_1_2100m;5.00;204;204;13.21;25.84
3600.00;3900.00;1908.00;24.37;E0_0_2200m;5.00;159;159;10.87;24.45
3600.00;3900.00;2436.00;25.67;E0_1_2200m;5.00;203;203;13.18;25.76
3600.00;3900.00;1884.00;24.43;E0_0_2300m;5.00;157;157;10.71;24.50
3600.00;3900.00;2412.00;25.65;E0_1_2300m;5.00;201;201;13.06;25.74
3600.00;3900.00;1860.00;24.37;E0_0_2400m;5.00;155;156;10.64;24.43
3600.00;3900.00;2412.00;25.58;E0_1_2400m;5.00;201;200;13.04;25.66
3600.00;3900.00;1884.00;24.21;E0_0_2500m;5.00;157;157;10.81;24.26
3600.00;3900.00;2412.00;25.51;E0_1_2500m;5.00;201;201;13.11;25.57
3600.00;3900.00;1932.00;23.98;E0_0_2600m;5.00;161;161;11.19;24.06
3600.00;3900.00;2388.00;25.45;E0_1_2600m;5.00;199;200;13.01;25.52
3600.00;3900.00;1932.00;24.09;E0_0_2700m;5.00;161;161;11.14;24.17
3600.00;3900.00;2400.00;25.39;E0_1_2700m;5.00;200;199;13.10;25.46
3600.00;3900.00;1956.00;24.29;E0_0_2800m;5.00;163;163;11.17;24.35
3600.00;3900.00;2400.00;25.35;E0_1_2800m;5.00;200;199;13.09;25.43
3600.00;3900.00;1968.00;24.35;E0_0_2900m;5.00;164;163;11.16;24.42
3600.00;3900.00;2388.00;25.37;E0_1_2900m;5.00;199;199;13.07;25.45
3600.00;3900.00;1944.00;24.19;E0_0_3000m;5.00;162;162;11.16;24.27
3600.00;3900.00;2400.00;25.45;E0_1_3000m;5.00;200;200;13.10;25.53
3600.00;3900.00;1956.00;24.17;E0_0_3100m;5.00;163;163;11.24;24.26
3600.00;3900.00;2388.00;25.57;E0_1_3100m;5.00;199;199;12.97;25.65
3600.00;3900.00;1968.00;24.35;E0_0_3200m;5.00;164;164;11.22;24.41
3600.00;3900.00;2388.00;25.73;E0_1_3200m;5.00;199;199;12.89;25.82
3600.00;3900.00;1968.00;24.32;E0_0_3300m;5.00;164;164;11.24;24.38
3600.00;3900.00;2388.00;25.91;E0_1_3300m;5.00;199;199;12.80;25.99
3600.00;3900.00;1992.00;24.17;E0_0_3400m;5.00;166;166;11.45;24.23
3600.00;3900.00;2376.00;26.10;E0_1_3400m;5.00;198;198;12.64;26.19
3600.00;3900.00;2004.00;24.01;E0_0_3500m;5.00;167;167;11.59;24.07
3600.00;3900.00;2364.00;26.09;E0_1_3500m;5.00;197;197;12.59;26.18
3600.00;3900.00;2004.00;23.88;E0_0_3600m;5.00;167;167;11.65;23.94
3600.00;3900.00;2364.00;25.94;E0_1_3600m;5.00;197;197;12.66;26.03
3600.00;3900.00;1980.00;23.82;E0_0_3700m;5.00;165;165;11.55;23.87
3600.00;3900.00;2340.00;25.86;E0_1_3700m;5.00;195;195;12.57;25.95
3600.00;3900.00;1944.00;23.76;E0_0_3800m;5.00;162;162;11.37;23.80
3600.00;3900.00;2364.00;25.82;E0_1_3800m;5.00;197;198;12.74;25.89
3600.00;3900.00;1968.00;23.66;E0_0_3900m;5.00;164;164;11.55;23.70
3600.00;3900.00;2364.00;25.81;E0_1_3900m;5.00;197;197;12.72;25.88
3600.00;3900.00;2004.00;23.67;E0_0_4000m;5.00;167;167;11.76;23.70
3600.00;3900.00;2400.00;25.81;E0_1_4000m;5.00;200;200;12.91;25.88
3600.00;3900.00;2028.00;23.65;E0_0_4100m;5.00;169;169;11.91;23.69
3600.00;3900.00;2424.00;25.86;E0_1_4100m;5.00;202;202;13.02;25.93
3600.00;3900.00;2052.00;23.69;E0_0_4200m;5.00;171;171;12.03;23.74
3600.00;3900.00;2388.00;25.96;E0_1_4200m;5.00;199;199;12.78;26.05
3600.00;3900.00;2052.00;23.54;E0_0_4300m;5.00;171;171;12.11;23.59
3600.00;3900.00;2388.00;25.93;E0_1_4300m;5.00;199;199;12.78;26.00
3600.00;3900.00;2052.00;23.51;E0_0_4400m;5.00;171;171;12.12;23.56
3600.00;3900.00;2388.00;25.96;E0_1_4400m;5.00;199;199;12.78;26.02
3600.00;3900.00;2076.00;23.61;E0_0_4500m;5.00;173;174;12.21;23.66
3600.00;3900.00;2364.00;25.97;E0_1_4500m;5.00;197;197;12.64;26.04
3600.00;3900.00;2076.00;23.68;E0_0_4600m;5.00;173;172;12.10;23.72
3600.00;3900.00;2376.00;25.94;E0_1_4600m;5.00;198;198;12.72;26.02
3600.00;3900.00;2088.00;23.65;E0_0_4700m;5.00;174;174;12.26;23.69
3600.00;3900.00;2376.00;25.89;E0_1_4700m;5.00;198;198;12.75;25.95
3600.00;3900.00;2088.00;23.63;E0_0_4800m;5.00;174;174;12.27;23.69
3600.00;3900.00;2364.00;25.70;E0_1_4800m;5.00;197;197;12.77;25.75
3600.00;3900.00;2088.00;23.59;E0_0_4900m;5.00;174;174;12.29;23.64
3600.00;3900.00;2364.00;25.53;E0_1_4900m;5.00;197;197;12.86;25.56
3600.00;3900.00;2100.00;23.46;E0_0_5000m;5.00;175;176;12.45;23.51
3600.00;3900.00;2352.00;25.39;E0_1_5000m;5.00;196;196;12.86;25.42
3900.00;4200.00;0.00;-1.00;E0_0_0m;-1.00;0;0;0.00;-1.00
3900.00;4200.00;0.00;-1.00;E0_1_0m;-1.00;0;0;0.00;-1.00
3900.00;4200.00;1992.00;26.23;E0_0_100m;5.00;166;167;10.57;26.40
3900.00;4200.00;2040.00;28.56;E0_1_100m;5.00;170;171;9.97;28.77
3900.00;4200.00;1968.00;26.34;E0_0_200m;5.00;164;164;10.38;26.54
3900.00;4200.00;2064.00;29.03;E0_1_200m;5.00;172;172;9.88;29.29
3900.00;4200.00;1980.00;26.39;E0_0_300m;5.00;165;165;10.42;26.59
3900.00;4200.00;2100.00;28.72;E0_1_300m;5.00;175;175;10.15;28.99
3900.00;4200.00;1956.00;26.27;E0_0_400m;5.00;163;163;10.34;26.46
3900.00;4200.00;2112.00;28.47;E0_1_400m;5.00;176;176;10.30;28.72
3900.00;4200.00;1896.00;26.25;E0_0_500m;5.00;158;158;10.03;26.42
3900.00;4200.00;2136.00;28.22;E0_1_500m;5.00;178;178;10.51;28.45
3900.00;4200.00;1860.00;26.17;E0_0_600m;5.00;155;155;9.87;26.33
3900.00;4200.00;2172.00;27.99;E0_1_600m;5.00;181;181;10.78;28.20
3900.00;4200.00;1872.00;26.04;E0_0_700m;5.00;156;157;10.00;26.19
3900.00;4200.00;2172.00;27.69;E0_1_700m;5.00;181;181;10.90;27.86
3900.00;4200.00;1872.00;25.91;E0_0_800m;5.00;156;156;10.03;26.07
3900.00;4200.00;2160.00;27.42;E0_1_800m;5.00;180;180;10.94;27.58
3900.00;4200.00;1872.00;25.80;E0_0_900m;5.00;156;156;10.08;25.93
3900.00;4200.00;2160.00;27.17;E0_1_900m;5.00;180;180;11.04;27.33
3900.00;4200.00;1848.00;25.72;E0_0_1000m;5.00;154;154;9.98;25.83
3900.00;4200.00;2160.00;26.96;E0_1_1000m;5.00;180;180;11.13;27.11
3900.00;4200.00;1824.00;25.57;E0_0_1100m;5.00;152;152;9.91;25.69
3900.00;4200.00;2160.00;26.83;E0_1_1100m;5.00;180;180;11.18;26.98
3900.00;4200.00;1800.00;25.36;E0_0_1200m;5.00;150;151;9.90;25.49
3900.00;4200.00;2172.00;26.79;E0_1_1200m;5.00;181;181;11.26;26.93
3900.00;4200.00;1848.00;25.24;E0_0_1300m;5.00;154;154;10.17;25.36
3900.00;4200.00;2172.00;26.84;E0_1_1300m;5.00;181;181;11.24;26.98
3900.00;4200.00;1836.00;25.25;E0_0_1400m;5.00;153;154;10.13;25.36
3900.00;4200.00;2184.00;26.82;E0_1_1400m;5.00;182;182;11.31;26.97
3900.00;4200.00;1836.00;25.21;E0_0_1500m;5.00;153;153;10.11;25.31
3900.00;4200.00;2196.00;26.79;E0_1_1500m;5.00;183;183;11.38;26.97
3900.00;4200.00;1884.00;25.22;E0_0_1600m;5.00;157;157;10.38;25.32
3900.00;4200.00;2196.00;26.81;E0_1_1600m;5.00;183;183;11.38;27.01
3900.00;4200.00;1920.00;25.15;E0_0_1700m;5.00;160;160;10.60;25.25
3900.00;4200.00;2184.00;26.68;E0_1_1700m;5.00;182;182;11.37;26.88
3900.00;4200.00;1908.00;25.05;E0_0_1800m;5.00;159;159;10.58;25.15
3900.00;4200.00;2232.00;26.54;E0_1_1800m;5.00;186;186;11.68;26.70
3900.00;4200.00;1932.00;24.98;E0_0_1900m;5.00;161;161;10.74;25.07
3900.00;4200.00;2244.00;26.44;E0_1_1900m;5.00;187;186;11.78;26.59
3900.00;4200.00;1980.00;24.82;E0_0_2000m;5.00;165;164;11.06;24.91
3900.00;4200.00;2256.00;26.45;E0_1_2000m;5.00;188;187;11.81;26.59
3900.00;4200.00;1980.00;24.67;E0_0_2100m;5.00;165;166;11.16;24.75
3900.00;4200.00;2256.00;26.46;E0_1_2100m;5.00;188;188;11.84;26.58
3900.00;4200.00;1980.00;24.55;E0_0_2200m;5.00;165;166;11.21;24.62
3900.00;4200.00;2268.00;26.45;E0_1_2200m;5.00;189;189;11.91;26.57
3900.00;4200.00;1992.00;24.48;E0_0_2300m;5.00;166;167;11.33;24.56
3900.00;4200.00;2268.00;26.47;E0_1_2300m;5.00;189;189;11.90;26.60
3900.00;4200.00;2004.00;24.40;E0_0_2400m;5.00;167;166;11.37;24.48
3900.00;4200.00;2268.00;26.36;E0_1_2400m;5.00;189;189;11.95;26.48
3900.00;4200.00;2004.00;24.30;E0_0_2500m;5.00;167;167;11.45;24.38
3900.00;4200.00;2292.00;26.23;E0_1_2500m;5.00;191;190;12.13;26.36
3900.00;4200.00;2004.00;24.21;E0_0_2600m;5.00;167;167;11.50;24.28
3900.00;4200.00;2292.00;26.14;E0_1_2600m;5.00;191;190;12.15;26.27
3900.00;4200.00;2016.00;24.04;E0_0_2700m;5.00;168;169;11.70;24.11
3900.00;4200.00;2280.00;26.06;E0_1_2700m;5.00;190;191;12.17;26.18
3900.00;4200.00;2016.00;23.94;E0_0_2800m;5.00;168;167;11.67;24.00
3900.00;4200.00;2304.00;25.96;E0_1_2800m;5.00;192;192;12.33;26.05
3900.00;4200.00;2052.00;23.82;E0_0_2900m;5.00;171;171;11.96;23.87
3900.00;4200.00;2292.00;25.82;E0_1_2900m;5.00;191;191;12.33;25.89
3900.00;4200.00;2052.00;23.81;E0_0_3000m;5.00;171;171;11.97;23.86
3900.00;4200.00;2328.00;25.64;E0_1_3000m;5.00;194;194;12.61;25.71
3900.00;4200.00;2052.00;23.88;E0_0_3100m;5.00;171;171;11.93;23.93
3900.00;4200.00;2328.00;25.52;E0_1_3100m;5.00;194;194;12.67;25.59
3900.00;4200.00;2040.00;23.89;E0_0_3200m;5.00;170;170;11.86;23.95
3900.00;4200.00;2328.00;25.45;E0_1_3200m;5.00;194;194;12.71;25.51
3900.00;4200.00;2052.00;23.97;E0_0_3300m;5.00;171;171;11.89;24.02
3900.00;4200.00;2316.00;25.39;E0_1_3300m;5.00;193;194;12.72;25.46
3900.00;4200.00;2016.00;23.98;E0_0_3400m;5.00;168;168;11.68;24.02
3900.00;4200.00;2340.00;25.30;E0_1_3400m;5.00;195;195;12.84;25.36
3900.00;4200.00;2040.00;23.86;E0_0_3500m;5.00;170;170;11.87;23.91
3900.00;4200.00;2340.00;25.31;E0_1_3500m;5.00;195;195;12.84;25.37
3900.00;4200.00;2040.00;23.77;E0_0_3600m;5.00;170;170;11.92;23.80
3900.00;4200.00;2340.00;25.34;E0_1_3600m;5.00;195;195;12.82;25.40
3900.00;4200.00;2064.00;23.70;E0_0_3700m;5.00;172;172;12.10;23.72
3900.00;4200.00;2340.00;25.39;E0_1_3700m;5.00;195;195;12.80;25.45
3900.00;4200.00;2052.00;23.76;E0_0_3800m;5.00;171;172;12.05;23.79
3900.00;4200.00;2364.00;25.43;E0_1_3800m;5.00;197;196;12.88;25.49
3900.00;4200.00;2040.00;23.88;E0_0_3900m;5.00;170;170;11.87;23.91
3900.00;4200.00;2352.00;25.47;E0_1_3900m;5.00;196;196;12.83;25.53
3900.00;4200.00;2016.00;23.98;E0_0_4000m;5.00;168;168;11.68;24.01
3900.00;4200.00;2304.00;25.60;E0_1_4000m;5.00;192;192;12.50;25.67
3900.00;4200.00;1980.00;24.11;E0_0_4100m;5.00;165;165;11.41;24.14
3900.00;4200.00;2292.00;25.71;E0_1_4100m;5.00;191;191;12.38;25.78
3900.00;4200.00;1980.00;24.09;E0_0_4200m;5.00;165;165;11.42;24.12
3900.00;4200.00;2292.00;25.76;E0_1_4200m;5.00;191;191;12.36;25.84
3900.00;4200.00;1992.00;23.92;E0_0_4300m;5.00;166;166;11.56;23.95
3900.00;4200.00;2292.00;25.84;E0_1_4300m;5.00;191;190;12.30;25.93
3900.00;4200.00;2004.00;23.76;E0_0_4400m;5.00;167;167;11.71;23.78
3900.00;4200.00;2268.00;25.89;E0_1_4400m;5.00;189;189;12.17;25.98
3900.00;4200.00;1980.00;23.81;E0_0_4500m;5.00;165;165;11.58;23.84
3900.00;4200.00;2292.00;25.89;E0_1_4500m;5.00;191;191;12.30;25.98
3900.00;4200.00;1992.00;23.89;E0_0_4600m;5.00;166;166;11.58;23.92
3900.00;4200.00;2316.00;25.92;E0_1_4600m;5.00;193;193;12.41;26.01
3900.00;4200.00;2028.00;23.84;E0_0_4700m;5.00;169;169;11.81;23.89
3900.00;4200.00;2340.00;25.92;E0_1_4700m;5.00;195;195;12.54;26.02
3900.00;4200.00;2064.00;23.82;E0_0_4800m;5.00;172;172;12.04;23.86
3900.00;4200.00;2376.00;25.94;E0_1_4800m;5.00;198;198;12.72;26.04
3900.00;4200.00;2100.00;23.78;E0_0_4900m;5.00;175;175;12.26;23.83
3900.00;4200.00;2412.00;25.98;E0_1_4900m;5.00;201;201;12.90;26.07
3900.00;4200.00;2136.00;23.78;E0_0_5000m;5.00;178;177;12.45;23.83
3900.00;4200.00;2448.00;26.00;E0_1_5000m;5.00;204;204;13.08;26.10
4200.00;4500.00;0.00;-1.00;E0_0_0m;-1.00;0;0;0.00;-1.00
4200.00;4500.00;0.00;-1.00;E0_1_0m;-1.00;0;0;0.00;-1.00
4200.00;4500.00;1680.00;27.44;E0_0_100m;5.00;140;141;8.51;27.57
4200.00;4500.00;1992.00;29.18;E0_1_100m;5.00;166;165;9.44;29.31
4200.00;4500.00;1692.00;27.47;E0_0_200m;5.00;141;140;8.50;27.62
4200.00;4500.00;2004.00;29.56;E0_1_200m;5.00;167;167;9.42;29.69
4200.00;4500.00;1704.00;27.43;E0_0_300m;5.00;142;142;8.63;27.60
4200.00;4500.00;1944.00;29.66;E0_1_300m;5.00;162;162;9.10;29.81
4200.00;4500.00;1680.00;27.30;E0_0_400m;5.00;140;140;8.55;27.47
4200.00;4500.00;1944.00;29.63;E0_1_400m;5.00;162;162;9.11;29.77
4200.00;4500.00;1620.00;27.19;E0_0_500m;5.00;135;136;8.30;27.36
4200.00;4500.00;2004.00;29.60;E0_1_500m;5.00;167;167;9.40;29.73
4200.00;4500.00;1644.00;27.09;E0_0_600m;5.00;137;137;8.43;27.27
4200.00;4500.00;2004.00;29.60;E0_1_600m;5.00;167;167;9.40;29.72
4200.00;4500.00;1668.00;26.90;E0_0_700m;5.00;139;138;8.60;27.08
4200.00;4500.00;1980.00;29.49;E0_1_700m;5.00;165;165;9.32;29.61
4200.00;4500.00;1644.00;26.80;E0_0_800m;5.00;137;137;8.52;26.99
4200.00;4500.00;2016.00;29.26;E0_1_800m;5.00;168;168;9.57;29.38
4200.00;4500.00;1620.00;26.77;E0_0_900m;5.00;135;135;8.40;26.94
4200.00;4500.00;2040.00;29.01;E0_1_900m;5.00;170;170;9.77;29.13
4200.00;4500.00;1656.00;26.68;E0_0_1000m;5.00;138;138;8.62;26.83
4200.00;4500.00;2028.00;28.81;E0_1_1000m;5.00;169;170;9.80;28.93
4200.00;4500.00;1656.00;26.53;E0_0_1100m;5.00;138;138;8.67;26.69
4200.00;4500.00;2040.00;28.66;E0_1_1100m;5.00;170;170;9.89;28.78
4200.00;4500.00;1692.00;26.47;E0_0_1200m;5.00;141;140;8.84;26.61
4200.00;4500.00;2040.00;28.51;E0_1_1200m;5.00;170;170;9.94;28.63
4200.00;4500.00;1632.00;26.41;E0_0_1300m;5.00;136;139;8.72;26.54
4200.00;4500.00;2076.00;28.39;E0_1_1300m;5.00;173;173;10.16;28.54
4200.00;4500.00;1644.00;26.39;E0_0_1400m;5.00;137;136;8.62;26.51
4200.00;4500.00;2100.00;28.12;E0_1_1400m;5.00;175;175;10.37;28.23
4200.00;4500.00;1632.00;26.34;E0_0_1500m;5.00;136;136;8.61;26.47
4200.00;4500.00;2088.00;27.98;E0_1_1500m;5.00;174;174;10.36;28.08
4200.00;4500.00;1608.00;26.24;E0_0_1600m;5.00;134;134;8.51;26.37
4200.00;4500.00;2064.00;27.91;E0_1_1600m;5.00;172;172;10.27;28.01
4200.00;4500.00;1632.00;26.16;E0_0_1700m;5.00;136;136;8.67;26.30
4200.00;4500.00;2052.00;27.93;E0_1_1700m;5.00;171;172;10.22;28.04
4200.00;4500.00;1584.00;26.18;E0_0_1800m;5.00;132;132;8.40;26.31
4200.00;4500.00;2064.00;27.84;E0_1_1800m;5.00;172;172;10.30;27.97
4200.00;4500.00;1572.00;26.16;E0_0_1900m;5.00;131;131;8.35;26.29
4200.00;4500.00;2052.00;27.78;E0_1_1900m;5.00;171;171;10.26;27.91
4200.00;4500.00;1572.00;26.16;E0_0_2000m;5.00;131;131;8.35;26.30
4200.00;4500.00;2016.00;27.74;E0_1_2000m;5.00;168;168;10.09;27.88
4200.00;4500.00;1560.00;25.97;E0_0_2100m;5.00;130;129;8.33;26.10
4200.00;4500.00;2040.00;27.72;E0_1_2100m;5.00;170;170;10.22;27.86
4200.00;4500.00;1584.00;25.80;E0_0_2200m;5.00;132;132;8.55;25.93
4200.00;4500.00;2016.00;27.82;E0_1_2200m;5.00;168;169;10.06;27.95
4200.00;4500.00;1560.00;25.77;E0_0_2300m;5.00;130;130;8.41;25.90
4200.00;4500.00;2028.00;27.86;E0_1_2300m;5.00;169;170;10.17;27.97
4200.00;4500.00;1560.00;25.84;E0_0_2400m;5.00;130;130;8.39;25.97
4200.00;4500.00;2040.00;28.01;E0_1_2400m;5.00;170;170;10.12;28.11
4200.00;4500.00;1560.00;25.99;E0_0_2500m;5.00;130;130;8.34;26.12
4200.00;4500.00;1992.00;28.19;E0_1_2500m;5.00;166;166;9.82;28.29
4200.00;4500.00;1548.00;26.12;E0_0_2600m;5.00;129;129;8.23;26.24
4200.00;4500.00;1980.00;28.23;E0_1_2600m;5.00;165;165;9.74;28.33
4200.00;4500.00;1512.00;26.18;E0_0_2700m;5.00;126;125;7.96;26.29
4200.00;4500.00;1992.00;28.23;E0_1_2700m;5.00;166;165;9.78;28.32
4200.00;4500.00;1512.00;26.13;E0_0_2800m;5.00;126;126;8.04;26.23
4200.00;4500.00;2004.00;28.33;E0_1_2800m;5.00;167;167;9.83;28.41
4200.00;4500.00;1548.00;26.00;E0_0_2900m;5.00;129;129;8.27;26.09
4200.00;4500.00;2004.00;28.34;E0_1_2900m;5.00;167;167;9.82;28.42
4200.00;4500.00;1560.00;25.94;E0_0_3000m;5.00;130;131;8.41;26.03
4200.00;4500.00;2028.00;28.34;E0_1_3000m;5.00;169;169;9.94;28.42
4200.00;4500.00;1584.00;25.89;E0_0_3100m;5.00;132;132;8.50;25.98
4200.00;4500.00;2076.00;28.32;E0_1_3100m;5.00;173;173;10.18;28.41
4200.00;4500.00;1608.00;25.83;E0_0_3200m;5.00;134;134;8.65;25.92
4200.00;4500.00;2064.00;28.22;E0_1_3200m;5.00;172;172;10.16;28.30
4200.00;4500.00;1608.00;25.72;E0_0_3300m;5.00;134;135;8.70;25.81
4200.00;4500.00;2112.00;27.98;E0_1_3300m;5.00;176;175;10.43;28.07
4200.00;4500.00;1596.00;25.55;E0_0_3400m;5.00;133;133;8.67;25.64
4200.00;4500.00;2124.00;27.91;E0_1_3400m;5.00;177;177;10.57;27.97
4200.00;4500.00;1572.00;25.49;E0_0_3500m;5.00;131;131;8.56;25.59
4200.00;4500.00;2136.00;27.79;E0_1_3500m;5.00;178;178;10.68;27.85
4200.00;4500.00;1584.00;25.40;E0_0_3600m;5.00;132;132;8.66;25.50
4200.00;4500.00;2136.00;27.56;E0_1_3600m;5.00;178;178;10.76;27.64
4200.00;4500.00;1584.00;25.32;E0_0_3700m;5.00;132;132;8.69;25.41
4200.00;4500.00;2148.00;27.42;E0_1_3700m;5.00;179;179;10.88;27.51
4200.00;4500.00;1620.00;25.22;E0_0_3800m;5.00;135;135;8.92;25.32
4200.00;4500.00;2160.00;27.25;E0_1_3800m;5.00;180;180;11.01;27.36
4200.00;4500.00;1620.00;25.18;E0_0_3900m;5.00;135;135;8.93;25.29
4200.00;4500.00;2160.00;27.03;E0_1_3900m;5.00;180;180;11.10;27.15
4200.00;4500.00;1668.00;25.16;E0_0_4000m;5.00;139;139;9.21;25.25
4200.00;4500.00;2148.00;26.87;E0_1_4000m;5.00;179;179;11.10;27.01
4200.00;4500.00;1680.00;25.09;E0_0_4100m;5.00;140;141;9.34;25.16
4200.00;4500.00;2148.00;26.77;E0_1_4100m;5.00;179;179;11.14;26.94
4200.00;4500.00;1692.00;24.99;E0_0_4200m;5.00;141;142;9.44;25.07
4200.00;4500.00;2160.00;26.78;E0_1_4200m;5.00;180;180;11.20;26.97
4200.00;4500.00;1728.00;24.98;E0_0_4300m;5.00;144;144;9.61;25.06
4200.00;4500.00;2136.00;26.82;E0_1_4300m;5.00;178;178;11.06;27.02
4200.00;4500.00;1764.00;24.99;E0_0_4400m;5.00;147;147;9.80;25.07
4200.00;4500.00;2124.00;26.76;E0_1_4400m;5.00;177;177;11.03;26.96
4200.00;4500.00;1776.00;25.06;E0_0_4500m;5.00;148;148;9.84;25.19
4200.00;4500.00;2124.00;26.76;E0_1_4500m;5.00;177;178;11.09;26.96
4200.00;4500.00;1752.00;24.92;E0_0_4600m;5.00;146;146;9.76;24.99
4200.00;4500.00;2124.00;26.74;E0_1_4600m;5.00;177;177;11.03;26.95
4200.00;4500.00;1740.00;24.78;E0_0_4700m;5.00;145;145;9.75;24.87
4200.00;4500.00;2100.00;26.71;E0_1_4700m;5.00;175;176;10.93;26.93
4200.00;4500.00;1728.00;24.84;E0_0_4800m;5.00;144;145;9.69;24.91
4200.00;4500.00;2112.00;26.60;E0_1_4800m;5.00;176;176;11.03;26.81
4200.00;4500.00;1740.00;24.83;E0_0_4900m;5.00;145;145;9.73;24.90
4200.00;4500.00;2100.00;26.55;E0_1_4900m;5.00;175;175;10.98;26.77
4200.00;4500.00;1740.00;24.85;E0_0_5000m;5.00;145;145;9.73;24.91
4200.00;4500.00;2088.00;26.56;E0_1_5000m;5.00;174;174;10.92;26.78
4500.00;4800.00;0.00;-1.00;E0_0_0m;-1.00;0;0;0.00;-1.00
4500.00;4800.00;0.00;-1.00;E0_1_0m;-1.00;0;0;0.00;-1.00
4500.00;4800.00;1836.00;26.57;E0_0_100m;5.00;153;152;9.59;26.69
4500.00;4800.00;2088.00;28.24;E0_1_100m;5.00;174;174;10.27;28.37
4500.00;4800.00;1860.00;26.36;E0_0_200m;5.00;155;155;9.80;26.47
4500.00;4800.00;2040.00;28.05;E0_1_200m;5.00;170;170;10.10;28.24
4500.00;4800.00;1812.00;26.30;E0_0_300m;5.00;151;151;9.57;26.40
4500.00;4800.00;2100.00;27.67;E0_1_300m;5.00;175;175;10.54;27.85
4500.00;4800.00;1812.00;26.14;E0_0_400m;5.00;151;151;9.63;26.23
4500.00;4800.00;2112.00;27.39;E0_1_400m;5.00;176;176;10.71;27.55
4500.00;4800.00;1812.00;25.90;E0_0_500m;5.00;151;150;9.69;25.99
4500.00;4800.00;2136.00;27.14;E0_1_500m;5.00;178;178;10.93;27.28
4500.00;4800.00;1788.00;25.92;E0_0_600m;5.00;149;150;9.65;26.00
4500.00;4800.00;2136.00;27.05;E0_1_600m;5.00;178;178;10.97;27.20
4500.00;4800.00;1788.00;25.85;E0_0_700m;5.00;149;149;9.61;25.95
4500.00;4800.00;2136.00;27.08;E0_1_700m;5.00;178;179;10.96;27.23
4500.00;4800.00;1776.00;25.94;E0_0_800m;5.00;148;148;9.51;26.00
4500.00;4800.00;2124.00;27.08;E0_1_800m;5.00;177;177;10.89;27.24
4500.00;4800.00;1800.00;25.86;E0_0_900m;5.00;150;150;9.67;25.92
4500.00;4800.00;2100.00;26.94;E0_1_900m;5.00;175;176;10.88;27.09
4500.00;4800.00;1812.00;25.88;E0_0_1000m;5.00;151;151;9.73;25.93
4500.00;4800.00;2100.00;26.86;E0_1_1000m;5.00;175;174;10.84;27.00
4500.00;4800.00;1800.00;25.88;E0_0_1100m;5.00;150;152;9.79;25.94
4500.00;4800.00;2124.00;26.90;E0_1_1100m;5.00;177;177;10.97;27.09
4500.00;4800.00;1800.00;25.80;E0_0_1200m;5.00;150;150;9.69;25.86
4500.00;4800.00;2112.00;26.81;E0_1_1200m;5.00;176;176;10.94;26.96
4500.00;4800.00;1776.00;25.76;E0_0_1300m;5.00;148;149;9.62;25.82
4500.00;4800.00;2112.00;26.80;E0_1_1300m;5.00;176;177;10.98;26.95
4500.00;4800.00;1764.00;25.81;E0_0_1400m;5.00;147;148;9.50;25.87
4500.00;4800.00;2088.00;26.78;E0_1_1400m;5.00;174;174;10.83;26.93
4500.00;4800.00;1764.00;25.83;E0_0_1500m;5.00;147;148;9.50;25.89
4500.00;4800.00;2088.00;26.80;E0_1_1500m;5.00;174;174;10.82;26.95
4500.00;4800.00;1764.00;25.83;E0_0_1600m;5.00;147;148;9.51;25.89
4500.00;4800.00;2076.00;26.79;E0_1_1600m;5.00;173;173;10.76;26.94
4500.00;4800.00;1740.00;25.81;E0_0_1700m;5.00;145;145;9.36;25.87
4500.00;4800.00;2064.00;26.78;E0_1_1700m;5.00;172;172;10.71;26.91
4500.00;4800.00;1692.00;25.78;E0_0_1800m;5.00;141;141;9.11;25.84
4500.00;4800.00;2112.00;26.78;E0_1_1800m;5.00;176;176;10.95;26.90
4500.00;4800.00;1692.00;25.85;E0_0_1900m;5.00;141;141;9.09;25.91
4500.00;4800.00;2148.00;26.75;E0_1_1900m;5.00;179;179;11.15;26.87
4500.00;4800.00;1704.00;25.82;E0_0_2000m;5.00;142;142;9.16;25.89
4500.00;4800.00;2136.00;26.75;E0_1_2000m;5.00;178;178;11.09;26.87
4500.00;4800.00;1704.00;25.81;E0_0_2100m;5.00;142;142;9.17;25.87
4500.00;4800.00;2124.00;26.66;E0_1_2100m;5.00;177;177;11.07;26.76
4500.00;4800.00;1668.00;25.78;E0_0_2200m;5.00;139;138;8.95;25.84
4500.00;4800.00;2160.00;26.62;E0_1_2200m;5.00;180;179;11.27;26.72
4500.00;4800.00;1692.00;25.75;E0_0_2300m;5.00;141;141;9.12;25.82
4500.00;4800.00;2136.00;26.67;E0_1_2300m;5.00;178;177;11.06;26.78
4500.00;4800.00;1728.00;25.70;E0_0_2400m;5.00;144;144;9.34;25.77
4500.00;4800.00;2160.00;26.67;E0_1_2400m;5.00;180;180;11.25;26.78
4500.00;4800.00;1776.00;25.62;E0_0_2500m;5.00;148;148;9.63;25.70
4500.00;4800.00;2184.00;26.72;E0_1_2500m;5.00;182;182;11.35;26.84
4500.00;4800.00;1800.00;25.51;E0_0_2600m;5.00;150;150;9.80;25.59
4500.00;4800.00;2184.00;26.70;E0_1_2600m;5.00;182;182;11.36;26.82
4500.00;4800.00;1824.00;25.39;E0_0_2700m;5.00;152;152;9.98;25.47
4500.00;4800.00;2208.00;26.63;E0_1_2700m;5.00;184;184;11.51;26.74
4500.00;4800.00;1824.00;25.28;E0_0_2800m;5.00;152;152;10.02;25.36
4500.00;4800.00;2208.00;26.61;E0_1_2800m;5.00;184;184;11.53;26.72
4500.00;4800.00;1812.00;25.20;E0_0_2900m;5.00;151;151;9.99;25.28
4500.00;4800.00;2184.00;26.56;E0_1_2900m;5.00;182;182;11.42;26.68
4500.00;4800.00;1788.00;25.13;E0_0_3000m;5.00;149;149;9.88;25.20
4500.00;4800.00;2148.00;26.46;E0_1_3000m;5.00;179;179;11.27;26.57
4500.00;4800.00;1752.00;25.00;E0_0_3100m;5.00;146;146;9.73;25.08
4500.00;4800.00;2112.00;26.38;E0_1_3100m;5.00;176;176;11.12;26.48
4500.00;4800.00;1764.00;24.96;E0_0_3200m;5.00;147;147;9.81;25.05
4500.00;4800.00;2100.00;26.41;E0_1_3200m;5.00;175;175;11.04;26.54
4500.00;4800.00;1776.00;24.90;E0_0_3300m;5.00;148;148;9.91;24.98
4500.00;4800.00;2064.00;26.38;E0_1_3300m;5.00;172;172;10.86;26.53
4500.00;4800.00;1776.00;24.85;E0_0_3400m;5.00;148;148;9.93;24.94
4500.00;4800.00;2064.00;26.34;E0_1_3400m;5.00;172;172;10.88;26.49
4500.00;4800.00;1764.00;24.89;E0_0_3500m;5.00;147;147;9.84;24.98
4500.00;4800.00;2100.00;26.32;E0_1_3500m;5.00;175;175;11.08;26.47
4500.00;4800.00;1764.00;24.90;E0_0_3600m;5.00;147;147;9.84;24.99
4500.00;4800.00;2112.00;26.38;E0_1_3600m;5.00;176;176;11.12;26.52
4500.00;4800.00;1776.00;24.89;E0_0_3700m;5.00;148;148;9.91;24.98
4500.00;4800.00;2124.00;26.39;E0_1_3700m;5.00;177;177;11.18;26.53
4500.00;4800.00;1740.00;24.86;E0_0_3800m;5.00;145;145;9.72;24.95
4500.00;4800.00;2136.00;26.31;E0_1_3800m;5.00;178;178;11.28;26.45
4500.00;4800.00;1776.00;24.76;E0_0_3900m;5.00;148;148;9.96;24.85
4500.00;4800.00;2124.00;26.25;E0_1_3900m;5.00;177;177;11.24;26.40
4500.00;4800.00;1776.00;24.72;E0_0_4000m;5.00;148;148;9.98;24.82
4500.00;4800.00;2136.00;26.24;E0_1_4000m;5.00;178;178;11.30;26.39
4500.00;4800.00;1764.00;24.76;E0_0_4100m;5.00;147;146;9.86;24.86
4500.00;4800.00;2196.00;26.24;E0_1_4100m;5.00;183;183;11.62;26.38
4500.00;4800.00;1788.00;24.73;E0_0_4200m;5.00;149;148;10.00;24.82
4500.00;4800.00;2196.00;26.21;E0_1_4200m;5.00;183;183;11.64;26.35
4500.00;4800.00;1788.00;24.71;E0_0_4300m;5.00;149;149;10.05;24.80
4500.00;4800.00;2196.00;26.14;E0_1_4300m;5.00;183;183;11.67;26.29
4500.00;4800.00;1776.00;24.68;E0_0_4400m;5.00;148;148;10.00;24.76
4500.00;4800.00;2220.00;26.07;E0_1_4400m;5.00;185;185;11.83;26.22
4500.00;4800.00;1776.00;24.63;E0_0_4500m;5.00;148;149;10.08;24.71
4500.00;4800.00;2220.00;26.05;E0_1_4500m;5.00;185;185;11.84;26.19
4500.00;4800.00;1800.00;24.59;E0_0_4600m;5.00;150;150;10.17;24.67
4500.00;4800.00;2208.00;26.01;E0_1_4600m;5.00;184;184;11.79;26.16
4500.00;4800.00;1776.00;24.47;E0_0_4700m;5.00;148;148;10.08;24.54
4500.00;4800.00;2196.00;25.99;E0_1_4700m;5.00;183;184;11.74;26.16
4500.00;4800.00;1716.00;24.38;E0_0_4800m;5.00;143;143;9.78;24.44
4500.00;4800.00;2184.00;26.01;E0_1_4800m;5.00;182;182;11.66;26.18
4500.00;4800.00;1692.00;24.36;E0_0_4900m;5.00;141;142;9.68;24.44
4500.00;4800.00;2136.00;26.03;E0_1_4900m;5.00;178;179;11.42;26.21
4500.00;4800.00;1656.00;24.36;E0_0_5000m;5.00;138;139;9.49;24.43
4500.00;4800.00;2112.00;26.05;E0_1_5000m;5.00;176;176;11.26;26.22
4800.00;5100.00;0.00;-1.00;E0_0_0m;-1.00;0;0;0.00;-1.00
4800.00;5100.00;0.00;-1.00;E0_1_0m;-1.00;0;0;0.00;-1.00
4800.00;5100.00;1716.00;27.03;E0_0_100m;5.00;143;143;8.82;27.19
4800.00;5100.00;1788.00;28.30;E0_1_100m;5.00;149;149;8.77;28.46
4800.00;5100.00;1680.00;26.79;E0_0_200m;5.00;140;140;8.71;26.95
4800.00;5100.00;1848.00;28.61;E0_1_200m;5.00;154;154;8.97;28.81
4800.00;5100.00;1692.00;26.62;E0_0_300m;5.00;141;141;8.83;26.78
4800.00;5100.00;1884.00;28.36;E0_1_300m;5.00;157;157;9.23;28.53
4800.00;5100.00;1656.00;26.42;E0_0_400m;5.00;138;138;8.71;26.56
4800.00;5100.00;1920.00;28.16;E0_1_400m;5.00;160;160;9.47;28.34
4800.00;5100.00;1620.00;26.21;E0_0_500m;5.00;135;136;8.63;26.37
4800.00;5100.00;1944.00;27.91;E0_1_500m;5.00;162;162;9.67;28.10
4800.00;5100.00;1632.00;25.93;E0_0_600m;5.00;136;135;8.68;26.08
4800.00;5100.00;1956.00;27.84;E0_1_600m;5.00;163;163;9.76;28.02
4800.00;5100.00;1608.00;25.67;E0_0_700m;5.00;134;134;8.70;25.82
4800.00;5100.00;1992.00;27.75;E0_1_700m;5.00;166;166;9.97;27.92
4800.00;5100.00;1560.00;25.38;E0_0_800m;5.00;130;130;8.54;25.52
4800.00;5100.00;2076.00;27.59;E0_1_800m;5.00;173;173;10.45;27.75
4800.00;5100.00;1548.00;25.28;E0_0_900m;5.00;129;129;8.50;25.41
4800.00;5100.00;2076.00;27.37;E0_1_900m;5.00;173;172;10.48;27.52
4800.00;5100.00;1512.00;25.23;E0_0_1000m;5.00;126;126;8.32;25.34
4800.00;5100.00;2076.00;27.05;E0_1_1000m;5.00;173;173;10.66;27.19
4800.00;5100.00;1512.00;25.12;E0_0_1100m;5.00;126;125;8.30;25.22
4800.00;5100.00;2064.00;26.85;E0_1_1100m;5.00;172;172;10.68;26.99
4800.00;5100.00;1536.00;24.98;E0_0_1200m;5.00;128;128;8.54;25.07
4800.00;5100.00;2076.00;26.53;E0_1_1200m;5.00;173;173;10.87;26.65
4800.00;5100.00;1524.00;24.87;E0_0_1300m;5.00;127;126;8.46;24.95
4800.00;5100.00;2112.00;26.36;E0_1_1300m;5.00;176;175;11.10;26.47
4800.00;5100.00;1536.00;24.97;E0_0_1400m;5.00;128;127;8.54;25.06
4800.00;5100.00;2112.00;26.35;E0_1_1400m;5.00;176;176;11.13;26.46
4800.00;5100.00;1560.00;25.06;E0_0_1500m;5.00;130;129;8.63;25.15
4800.00;5100.00;2100.00;26.50;E0_1_1500m;5.00;175;175;11.00;26.62
4800.00;5100.00;1584.00;25.05;E0_0_1600m;5.00;132;131;8.75;25.14
4800.00;5100.00;2076.00;26.66;E0_1_1600m;5.00;173;173;10.82;26.77
4800.00;5100.00;1596.00;24.97;E0_0_1700m;5.00;133;133;8.88;25.06
4800.00;5100.00;2064.00;26.77;E0_1_1700m;5.00;172;172;10.71;26.89
4800.00;5100.00;1596.00;25.18;E0_0_1800m;5.00;133;134;8.82;25.29
4800.00;5100.00;2052.00;26.94;E0_1_1800m;5.00;171;171;10.58;27.08
4800.00;5100.00;1596.00;25.24;E0_0_1900m;5.00;133;133;8.78;25.34
4800.00;5100.00;2016.00;26.88;E0_1_1900m;5.00;168;168;10.41;27.01
4800.00;5100.00;1596.00;25.23;E0_0_2000m;5.00;133;134;8.81;25.32
4800.00;5100.00;2016.00;26.73;E0_1_2000m;5.00;168;168;10.47;26.85
4800.00;5100.00;1596.00;25.18;E0_0_2100m;5.00;133;133;8.80;25.27
4800.00;5100.00;2016.00;26.74;E0_1_2100m;5.00;168;168;10.47;26.85
4800.00;5100.00;1632.00;25.03;E0_0_2200m;5.00;136;136;9.06;25.11
4800.00;5100.00;2040.00;26.62;E0_1_2200m;5.00;170;170;10.65;26.72
4800.00;5100.00;1644.00;24.83;E0_0_2300m;5.00;137;137;9.20;24.92
4800.00;5100.00;2100.00;26.51;E0_1_2300m;5.00;175;175;11.00;26.61
4800.00;5100.00;1632.00;24.78;E0_0_2400m;5.00;136;136;9.15;24.86
4800.00;5100.00;2100.00;26.44;E0_1_2400m;5.00;175;175;11.03;26.54
4800.00;5100.00;1620.00;24.79;E0_0_2500m;5.00;135;135;9.08;24.88
4800.00;5100.00;2100.00;26.38;E0_1_2500m;5.00;175;175;11.06;26.48
4800.00;5100.00;1632.00;24.76;E0_0_2600m;5.00;136;137;9.21;24.86
4800.00;5100.00;2076.00;26.45;E0_1_2600m;5.00;173;173;10.90;26.62
4800.00;5100.00;1620.00;24.69;E0_0_2700m;5.00;135;135;9.11;24.80
4800.00;5100.00;2064.00;26.36;E0_1_2700m;5.00;172;172;10.87;26.50
4800.00;5100.00;1644.00;24.71;E0_0_2800m;5.00;137;137;9.24;24.84
4800.00;5100.00;2016.00;26.33;E0_1_2800m;5.00;168;168;10.63;26.47
4800.00;5100.00;1632.00;24.68;E0_0_2900m;5.00;136;136;9.18;24.80
4800.00;5100.00;2064.00;26.28;E0_1_2900m;5.00;172;172;10.91;26.39
4800.00;5100.00;1644.00;24.70;E0_0_3000m;5.00;137;137;9.25;24.81
4800.00;5100.00;2112.00;26.28;E0_1_3000m;5.00;176;176;11.16;26.37
4800.00;5100.00;1644.00;24.77;E0_0_3100m;5.00;137;138;9.24;24.88
4800.00;5100.00;2112.00;26.23;E0_1_3100m;5.00;176;176;11.18;26.32
4800.00;5100.00;1620.00;24.79;E0_0_3200m;5.00;135;135;9.08;24.88
4800.00;5100.00;2124.00;26.30;E0_1_3200m;5.00;177;178;11.27;26.38
4800.00;5100.00;1632.00;24.99;E0_0_3300m;5.00;136;136;9.07;25.12
4800.00;5100.00;2100.00;26.32;E0_1_3300m;5.00;175;176;11.13;26.40
4800.00;5100.00;1620.00;25.04;E0_0_3400m;5.00;135;135;8.99;25.11
4800.00;5100.00;2088.00;26.30;E0_1_3400m;5.00;174;174;11.03;26.37
4800.00;5100.00;1644.00;25.07;E0_0_3500m;5.00;137;137;9.11;25.13
4800.00;5100.00;2052.00;26.29;E0_1_3500m;5.00;171;171;10.84;26.36
4800.00;5100.00;1668.00;25.00;E0_0_3600m;5.00;139;139;9.27;25.06
4800.00;5100.00;2040.00;26.34;E0_1_3600m;5.00;170;170;10.76;26.43
4800.00;5100.00;1668.00;25.13;E0_0_3700m;5.00;139;139;9.22;25.27
4800.00;5100.00;2004.00;26.41;E0_1_3700m;5.00;167;168;10.60;26.51
4800.00;5100.00;1668.00;25.06;E0_0_3800m;5.00;139;139;9.24;25.12
4800.00;5100.00;2004.00;26.52;E0_1_3800m;5.00;167;167;10.49;26.64
4800.00;5100.00;1668.00;25.13;E0_0_3900m;5.00;139;139;9.22;25.19
4800.00;5100.00;1980.00;26.63;E0_1_3900m;5.00;165;165;10.33;26.77
4800.00;5100.00;1620.00;25.17;E0_0_4000m;5.00;135;135;8.94;25.22
4800.00;5100.00;1980.00;26.65;E0_1_4000m;5.00;165;165;10.32;26.77
4800.00;5100.00;1584.00;25.19;E0_0_4100m;5.00;132;132;8.73;25.24
4800.00;5100.00;1956.00;26.63;E0_1_4100m;5.00;163;164;10.20;26.76
4800.00;5100.00;1572.00;25.16;E0_0_4200m;5.00;131;131;8.68;25.21
4800.00;5100.00;1980.00;26.69;E0_1_4200m;5.00;165;165;10.30;26.82
4800.00;5100.00;1596.00;25.19;E0_0_4300m;5.00;133;133;8.80;25.25
4800.00;5100.00;2004.00;26.72;E0_1_4300m;5.00;167;167;10.42;26.84
4800.00;5100.00;1584.00;25.21;E0_0_4400m;5.00;132;133;8.77;25.26
4800.00;5100.00;2040.00;26.72;E0_1_4400m;5.00;170;170;10.60;26.83
4800.00;5100.00;1560.00;25.19;E0_0_4500m;5.00;130;129;8.54;25.24
4800.00;5100.00;2052.00;26.69;E0_1_4500m;5.00;171;171;10.68;26.79
4800.00;5100.00;1560.00;25.20;E0_0_4600m;5.00;130;131;8.62;25.26
4800.00;5100.00;2052.00;26.61;E0_1_4600m;5.00;171;171;10.71;26.71
4800.00;5100.00;1572.00;25.20;E0_0_4700m;5.00;131;131;8.66;25.26
4800.00;5100.00;2052.00;26.59;E0_1_4700m;5.00;171;170;10.71;26.69
4800.00;5100.00;1584.00;25.12;E0_0_4800m;5.00;132;132;8.76;25.18
4800.00;5100.00;2052.00;26.57;E0_1_4800m;5.00;171;171;10.73;26.67
4800.00;5100.00;1560.00;25.20;E0_0_4900m;5.00;130;129;8.57;25.27
4800.00;5100.00;2076.00;26.57;E0_1_4900m;5.00;173;172;10.83;26.67
4800.00;5100.00;1584.00;25.26;E0_0_5000m;5.00;132;131;8.67;25.32
4800.00;5100.00;2052.00;26.71;E0_1_5000m;5.00;171;171;10.67;26.82
5100.00;5400.00;0.00;-1.00;E0_0_0m;-1.00;0;0;0.00;-1.00
5100.00;5400.00;0.00;-1.00;E0_1_0m;-1.00;0;0;0.00;-1.00
5100.00;5400.00;1860.00;25.94;E0_0_100m;5.00;155;156;9.96;26.20
5100.00;5400.00;2052.00;27.26;E0_1_100m;5.00;171;171;10.46;27.47
5100.00;5400.00;1836.00;25.84;E0_0_200m;5.00;153;153;9.87;26.13
5100.00;5400.00;2052.00;27.55;E0_1_200m;5.00;171;171;10.35;27.82
5100.00;5400.00;1764.00;25.38;E0_0_300m;5.00;147;148;9.66;25.68
5100.00;5400.00;2064.00;27.49;E0_1_300m;5.00;172;173;10.47;27.78
5100.00;5400.00;1752.00;25.39;E0_0_400m;5.00;146;148;9.66;25.68
5100.00;5400.00;2064.00;27.35;E0_1_400m;5.00;172;173;10.53;27.69
5100.00;5400.00;1764.00;25.41;E0_0_500m;5.00;147;146;9.59;25.71
5100.00;5400.00;2052.00;27.37;E0_1_500m;5.00;171;171;10.41;27.69
5100.00;5400.00;1752.00;25.29;E0_0_600m;5.00;146;146;9.62;25.60
5100.00;5400.00;2040.00;27.24;E0_1_600m;5.00;170;170;10.40;27.56
5100.00;5400.00;1716.00;25.12;E0_0_700m;5.00;143;143;9.49;25.41
5100.00;5400.00;2064.00;27.04;E0_1_700m;5.00;172;172;10.60;27.34
5100.00;5400.00;1728.00;24.91;E0_0_800m;5.00;144;145;9.64;25.15
5100.00;5400.00;2040.00;26.95;E0_1_800m;5.00;170;170;10.51;27.26
5100.00;5400.00;1704.00;24.74;E0_0_900m;5.00;142;143;9.63;24.95
5100.00;5400.00;2076.00;26.78;E0_1_900m;5.00;173;173;10.77;27.15
5100.00;5400.00;1728.00;24.41;E0_0_1000m;5.00;144;144;9.83;24.63
5100.00;5400.00;2112.00;26.53;E0_1_1000m;5.00;176;176;11.06;26.86
5100.00;5400.00;1680.00;24.33;E0_0_1100m;5.00;140;141;9.60;24.52
5100.00;5400.00;2160.00;26.39;E0_1_1100m;5.00;180;180;11.37;26.71
5100.00;5400.00;1668.00;24.33;E0_0_1200m;5.00;139;140;9.53;24.52
5100.00;5400.00;2136.00;26.20;E0_1_1200m;5.00;178;178;11.32;26.55
5100.00;5400.00;1632.00;24.35;E0_0_1300m;5.00;136;136;9.31;24.54
5100.00;5400.00;2148.00;26.27;E0_1_1300m;5.00;179;179;11.36;26.60
5100.00;5400.00;1656.00;24.29;E0_0_1400m;5.00;138;138;9.47;24.47
5100.00;5400.00;2124.00;26.25;E0_1_1400m;5.00;177;177;11.24;26.58
5100.00;5400.00;1704.00;24.15;E0_0_1500m;5.00;142;142;9.80;24.34
5100.00;5400.00;2100.00;26.10;E0_1_1500m;5.00;175;176;11.19;26.43
5100.00;5400.00;1668.00;24.04;E0_0_1600m;5.00;139;139;9.64;24.23
5100.00;5400.00;2148.00;25.94;E0_1_1600m;5.00;179;179;11.50;26.26
5100.00;5400.00;1668.00;23.91;E0_0_1700m;5.00;139;139;9.69;24.10
5100.00;5400.00;2136.00;25.81;E0_1_1700m;5.00;178;178;11.49;26.13
5100.00;5400.00;1668.00;23.84;E0_0_1800m;5.00;139;138;9.70;24.03
5100.00;5400.00;2148.00;25.65;E0_1_1800m;5.00;179;180;11.63;25.96
5100.00;5400.00;1656.00;23.79;E0_0_1900m;5.00;138;138;9.67;23.96
5100.00;5400.00;2172.00;25.50;E0_1_1900m;5.00;181;181;11.83;25.80
5100.00;5400.00;1656.00;23.60;E0_0_2000m;5.00;138;138;9.74;23.76
5100.00;5400.00;2172.00;25.34;E0_1_2000m;5.00;181;181;11.90;25.63
5100.00;5400.00;1644.00;23.44;E0_0_2100m;5.00;137;137;9.74;23.58
5100.00;5400.00;2184.00;25.11;E0_1_2100m;5.00;182;182;12.08;25.37
5100.00;5400.00;1608.00;23.37;E0_0_2200m;5.00;134;134;9.56;23.50
5100.00;5400.00;2160.00;24.87;E0_1_2200m;5.00;180;180;12.06;25.12
5100.00;5400.00;1560.00;23.22;E0_0_2300m;5.00;130;130;9.33;23.32
5100.00;5400.00;2160.00;24.77;E0_1_2300m;5.00;180;180;12.11;25.01
5100.00;5400.00;1560.00;23.03;E0_0_2400m;5.00;130;130;9.41;23.13
5100.00;5400.00;2136.00;24.71;E0_1_2400m;5.00;178;178;12.01;24.93
5100.00;5400.00;1572.00;22.92;E0_0_2500m;5.00;131;131;9.52;23.03
5100.00;5400.00;2112.00;24.65;E0_1_2500m;5.00;176;176;11.90;24.84
5100.00;5400.00;1584.00;22.86;E0_0_2600m;5.00;132;132;9.62;22.95
5100.00;5400.00;2112.00;24.62;E0_1_2600m;5.00;176;176;11.91;24.81
5100.00;5400.00;1584.00;22.81;E0_0_2700m;5.00;132;132;9.65;22.90
5100.00;5400.00;2112.00;24.64;E0_1_2700m;5.00;176;176;11.90;24.85
5100.00;5400.00;1584.00;22.86;E0_0_2800m;5.00;132;132;9.62;22.97
5100.00;5400.00;2088.00;24.66;E0_1_2800m;5.00;174;174;11.76;24.88
5100.00;5400.00;1548.00;23.00;E0_0_2900m;5.00;129;129;9.35;23.11
5100.00;5400.00;2052.00;24.52;E0_1_2900m;5.00;171;172;11.67;24.74
5100.00;5400.00;1524.00;23.20;E0_0_3000m;5.00;127;128;9.16;23.40
5100.00;5400.00;2004.00;24.46;E0_1_3000m;5.00;167;168;11.44;24.70
5100.00;5400.00;1536.00;23.14;E0_0_3100m;5.00;128;128;9.22;23.24
5100.00;5400.00;1992.00;24.44;E0_1_3100m;5.00;166;166;11.32;24.69
5100.00;5400.00;1524.00;23.16;E0_0_3200m;5.00;127;127;9.14;23.25
5100.00;5400.00;2004.00;24.39;E0_1_3200m;5.00;167;166;11.35;24.63
5100.00;5400.00;1524.00;23.17;E0_0_3300m;5.00;127;127;9.14;23.25
5100.00;5400.00;2016.00;24.35;E0_1_3300m;5.00;168;168;11.50;24.58
5100.00;5400.00;1500.00;23.22;E0_0_3400m;5.00;125;125;8.97;23.29
5100.00;5400.00;2040.00;24.27;E0_1_3400m;5.00;170;170;11.67;24.48
5100.00;5400.00;1524.00;23.24;E0_0_3500m;5.00;127;127;9.11;23.32
5100.00;5400.00;2040.00;24.20;E0_1_3500m;5.00;170;170;11.71;24.40
5100.00;5400.00;1536.00;23.23;E0_0_3600m;5.00;128;128;9.18;23.30
5100.00;5400.00;2028.00;24.10;E0_1_3600m;5.00;169;169;11.69;24.27
5100.00;5400.00;1536.00;23.19;E0_0_3700m;5.00;128;128;9.20;23.25
5100.00;5400.00;2028.00;24.02;E0_1_3700m;5.00;169;169;11.73;24.18
5100.00;5400.00;1548.00;23.18;E0_0_3800m;5.00;129;129;9.28;23.24
5100.00;5400.00;2016.00;24.05;E0_1_3800m;5.00;168;168;11.64;24.22
5100.00;5400.00;1572.00;23.22;E0_0_3900m;5.00;131;131;9.40;23.28
5100.00;5400.00;2004.00;24.13;E0_1_3900m;5.00;167;167;11.53;24.34
5100.00;5400.00;1560.00;23.20;E0_0_4000m;5.00;130;130;9.34;23.25
5100.00;5400.00;2016.00;24.18;E0_1_4000m;5.00;168;168;11.58;24.39
5100.00;5400.00;1548.00;23.30;E0_0_4100m;5.00;129;130;9.26;23.35
5100.00;5400.00;2016.00;24.22;E0_1_4100m;5.00;168;167;11.56;24.44
5100.00;5400.00;1548.00;23.41;E0_0_4200m;5.00;129;129;9.18;23.46
5100.00;5400.00;1992.00;24.23;E0_1_4200m;5.00;166;166;11.42;24.44
5100.00;5400.00;1548.00;23.39;E0_0_4300m;5.00;129;129;9.19;23.44
5100.00;5400.00;1944.00;24.24;E0_1_4300m;5.00;162;162;11.14;24.47
5100.00;5400.00;1512.00;23.42;E0_0_4400m;5.00;126;126;8.97;23.47
5100.00;5400.00;1920.00;24.23;E0_1_4400m;5.00;160;160;11.01;24.45
5100.00;5400.00;1500.00;23.46;E0_0_4500m;5.00;125;125;8.88;23.51
5100.00;5400.00;1920.00;24.26;E0_1_4500m;5.00;160;161;11.06;24.47
5100.00;5400.00;1488.00;23.41;E0_0_4600m;5.00;124;124;8.86;23.47
5100.00;5400.00;1920.00;24.33;E0_1_4600m;5.00;160;160;10.96;24.54
5100.00;5400.00;1476.00;23.38;E0_0_4700m;5.00;123;124;8.79;23.45
5100.00;5400.00;1920.00;24.44;E0_1_4700m;5.00;160;160;10.91;24.68
5100.00;5400.00;1488.00;23.49;E0_0_4800m;5.00;124;125;8.81;23.64
5100.00;5400.00;1896.00;24.48;E0_1_4800m;5.00;158;159;10.81;24.74
5100.00;5400.00;1512.00;23.51;E0_0_4900m;5.00;126;126;8.93;23.60
5100.00;5400.00;1884.00;24.55;E0_1_4900m;5.00;157;157;10.66;24.83
5100.00;5400.00;1524.00;23.64;E0_0_5000m;5.00;127;127;8.95;23.75
5100.00;5400.00;1872.00;24.64;E0_1_5000m;5.00;156;156;10.55;24.93
5400.00;5700.00;0.00;-1.00;E0_0_0m;-1.00;0;0;0.00;-1.00
5400.00;5700.00;0.00;-1.00;E0_1_0m;-1.00;0;0;0.00;-1.00
5400.00;5700.00;1848.00;26.03;E0_0_100m;5.00;154;155;9.91;26.21
5400.00;5700.00;2184.00;27.26;E0_1_100m;5.00;182;182;11.13;27.47
5400.00;5700.00;1872.00;25.88;E0_0_200m;5.00;156;157;10.05;26.11
5400.00;5700.00;2148.00;27.62;E0_1_200m;5.00;179;180;10.82;27.82
5400.00;5700.00;1872.00;25.89;E0_0_300m;5.00;156;155;10.04;26.08
5400.00;5700.00;2160.00;27.53;E0_1_300m;5.00;180;179;10.86;27.73
5400.00;5700.00;1896.00;25.73;E0_0_400m;5.00;158;157;10.17;25.90
5400.00;5700.00;2148.00;27.44;E0_1_400m;5.00;179;179;10.87;27.64
5400.00;5700.00;1860.00;25.60;E0_0_500m;5.00;155;155;10.09;25.74
5400.00;5700.00;2172.00;27.43;E0_1_500m;5.00;181;181;11.00;27.65
5400.00;5700.00;1848.00;25.51;E0_0_600m;5.00;154;154;10.06;25.64
5400.00;5700.00;2172.00;27.32;E0_1_600m;5.00;181;181;11.04;27.52
5400.00;5700.00;1824.00;25.55;E0_0_700m;5.00;152;153;9.93;25.66
5400.00;5700.00;2172.00;27.18;E0_1_700m;5.00;181;181;11.10;27.36
5400.00;5700.00;1800.00;25.66;E0_0_800m;5.00;150;150;9.76;25.75
5400.00;5700.00;2172.00;27.04;E0_1_800m;5.00;181;181;11.16;27.22
5400.00;5700.00;1776.00;25.67;E0_0_900m;5.00;148;148;9.61;25.77
5400.00;5700.00;2172.00;26.99;E0_1_900m;5.00;181;181;11.18;27.14
5400.00;5700.00;1752.00;25.61;E0_0_1000m;5.00;146;147;9.53;25.73
5400.00;5700.00;2148.00;26.89;E0_1_1000m;5.00;179;179;11.09;27.03
5400.00;5700.00;1752.00;25.70;E0_0_1100m;5.00;146;146;9.53;25.81
5400.00;5700.00;2124.00;26.88;E0_1_1100m;5.00;177;177;10.97;27.03
5400.00;5700.00;1728.00;25.73;E0_0_1200m;5.00;144;145;9.38;25.84
5400.00;5700.00;2124.00;26.89;E0_1_1200m;5.00;177;177;10.97;27.05
5400.00;5700.00;1764.00;25.73;E0_0_1300m;5.00;147;147;9.52;25.84
5400.00;5700.00;2136.00;26.87;E0_1_1300m;5.00;178;178;11.04;27.04
5400.00;5700.00;1728.00;25.72;E0_0_1400m;5.00;144;146;9.43;25.83
5400.00;5700.00;2172.00;26.91;E0_1_1400m;5.00;181;181;11.21;27.09
5400.00;5700.00;1728.00;25.74;E0_0_1500m;5.00;144;144;9.32;25.85
5400.00;5700.00;2172.00;26.90;E0_1_1500m;5.00;181;181;11.21;27.08
5400.00;5700.00;1752.00;25.81;E0_0_1600m;5.00;146;146;9.43;25.92
5400.00;5700.00;2136.00;26.96;E0_1_1600m;5.00;178;178;11.00;27.14
5400.00;5700.00;1800.00;25.80;E0_0_1700m;5.00;150;150;9.69;25.90
5400.00;5700.00;2100.00;27.09;E0_1_1700m;5.00;175;175;10.77;27.27
5400.00;5700.00;1776.00;25.71;E0_0_1800m;5.00;148;149;9.62;25.80
5400.00;5700.00;2112.00;27.06;E0_1_1800m;5.00;176;175;10.84;27.25
5400.00;5700.00;1764.00;25.60;E0_0_1900m;5.00;147;147;9.57;25.69
5400.00;5700.00;2112.00;27.02;E0_1_1900m;5.00;176;176;10.86;27.22
5400.00;5700.00;1776.00;25.58;E0_0_2000m;5.00;148;148;9.64;25.67
5400.00;5700.00;2100.00;26.94;E0_1_2000m;5.00;175;176;10.83;27.13
5400.00;5700.00;1788.00;25.58;E0_0_2100m;5.00;149;149;9.71;25.69
5400.00;5700.00;2100.00;26.85;E0_1_2100m;5.00;175;175;10.86;27.04
5400.00;5700.00;1764.00;25.48;E0_0_2200m;5.00;147;147;9.61;25.61
5400.00;5700.00;2136.00;26.63;E0_1_2200m;5.00;178;178;11.14;26.81
5400.00;5700.00;1764.00;25.34;E0_0_2300m;5.00;147;147;9.67;25.44
5400.00;5700.00;2112.00;26.43;E0_1_2300m;5.00;176;176;11.10;26.63
5400.00;5700.00;1764.00;25.22;E0_0_2400m;5.00;147;147;9.71;25.31
5400.00;5700.00;2112.00;26.35;E0_1_2400m;5.00;176;176;11.13;26.55
5400.00;5700.00;1728.00;25.07;E0_0_2500m;5.00;144;144;9.57;25.15
5400.00;5700.00;2100.00;26.32;E0_1_2500m;5.00;175;175;11.08;26.54
5400.00;5700.00;1764.00;25.00;E0_0_2600m;5.00;147;148;9.82;25.09
5400.00;5700.00;2052.00;26.28;E0_1_2600m;5.00;171;171;10.85;26.50
5400.00;5700.00;1764.00;24.87;E0_0_2700m;5.00;147;147;9.85;24.96
5400.00;5700.00;2040.00;26.29;E0_1_2700m;5.00;170;170;10.78;26.51
5400.00;5700.00;1788.00;24.74;E0_0_2800m;5.00;149;149;10.04;24.84
5400.00;5700.00;2088.00;26.21;E0_1_2800m;5.00;174;174;11.06;26.43
5400.00;5700.00;1800.00;24.65;E0_0_2900m;5.00;150;150;10.14;24.77
5400.00;5700.00;2100.00;26.17;E0_1_2900m;5.00;175;174;11.10;26.39
5400.00;5700.00;1776.00;24.54;E0_0_3000m;5.00;148;147;10.02;24.68
5400.00;5700.00;2124.00;26.16;E0_1_3000m;5.00;177;177;11.28;26.38
5400.00;5700.00;1800.00;24.33;E0_0_3100m;5.00;150;151;10.32;24.50
5400.00;5700.00;2100.00;26.16;E0_1_3100m;5.00;175;176;11.15;26.38
5400.00;5700.00;1800.00;24.23;E0_0_3200m;5.00;150;150;10.32;24.41
5400.00;5700.00;2112.00;26.16;E0_1_3200m;5.00;176;176;11.21;26.37
5400.00;5700.00;1824.00;24.17;E0_0_3300m;5.00;152;152;10.48;24.38
5400.00;5700.00;2064.00;26.13;E0_1_3300m;5.00;172;172;10.97;26.33
5400.00;5700.00;1836.00;24.06;E0_0_3400m;5.00;153;153;10.60;24.28
5400.00;5700.00;2076.00;26.10;E0_1_3400m;5.00;173;173;11.05;26.27
5400.00;5700.00;1788.00;24.04;E0_0_3500m;5.00;149;149;10.33;24.26
5400.00;5700.00;2088.00;26.03;E0_1_3500m;5.00;174;174;11.14;26.18
5400.00;5700.00;1764.00;24.06;E0_0_3600m;5.00;147;147;10.18;24.28
5400.00;5700.00;2064.00;26.07;E0_1_3600m;5.00;172;173;11.05;26.21
5400.00;5700.00;1752.00;24.15;E0_0_3700m;5.00;146;146;10.08;24.38
5400.00;5700.00;2052.00;26.13;E0_1_3700m;5.00;171;172;10.95;26.27
5400.00;5700.00;1740.00;24.18;E0_0_3800m;5.00;145;145;9.99;24.42
5400.00;5700.00;2040.00;26.13;E0_1_3800m;5.00;170;171;10.87;26.29
5400.00;5700.00;1740.00;24.21;E0_0_3900m;5.00;145;145;9.98;24.46
5400.00;5700.00;2028.00;26.14;E0_1_3900m;5.00;169;170;10.79;26.31
5400.00;5700.00;1740.00;24.11;E0_0_4000m;5.00;145;145;10.02;24.36
5400.00;5700.00;2040.00;26.10;E0_1_4000m;5.00;170;170;10.85;26.28
5400.00;5700.00;1752.00;24.09;E0_0_4100m;5.00;146;145;10.07;24.33
5400.00;5700.00;2052.00;26.09;E0_1_4100m;5.00;171;171;10.92;26.29
5400.00;5700.00;1740.00;24.11;E0_0_4200m;5.00;145;145;10.02;24.35
5400.00;5700.00;2040.00;26.05;E0_1_4200m;5.00;170;170;10.88;26.25
5400.00;5700.00;1704.00;24.06;E0_0_4300m;5.00;142;142;9.84;24.29
5400.00;5700.00;2052.00;25.99;E0_1_4300m;5.00;171;171;10.97;26.18
5400.00;5700.00;1680.00;24.03;E0_0_4400m;5.00;140;140;9.71;24.26
5400.00;5700.00;2076.00;26.02;E0_1_4400m;5.00;173;173;11.08;26.22
5400.00;5700.00;1716.00;23.99;E0_0_4500m;5.00;143;143;9.94;24.20
5400.00;5700.00;2052.00;26.03;E0_1_4500m;5.00;171;170;10.88;26.25
5400.00;5700.00;1728.00;23.91;E0_0_4600m;5.00;144;143;9.99;24.12
5400.00;5700.00;2064.00;25.96;E0_1_4600m;5.00;172;172;11.04;26.17
5400.00;5700.00;1752.00;23.89;E0_0_4700m;5.00;146;145;10.16;24.09
5400.00;5700.00;2112.00;25.92;E0_1_4700m;5.00;176;176;11.32;26.11
5400.00;5700.00;1788.00;23.76;E0_0_4800m;5.00;149;148;10.44;23.94
5400.00;5700.00;2148.00;25.93;E0_1_4800m;5.00;179;179;11.51;26.11
5400.00;5700.00;1824.00;23.55;E0_0_4900m;5.00;152;152;10.76;23.73
5400.00;5700.00;2172.00;25.83;E0_1_4900m;5.00;181;181;11.68;26.00
5400.00;5700.00;1836.00;23.46;E0_0_5000m;5.00;153;153;10.87;23.64
5400.00;5700.00;2160.00;25.72;E0_1_5000m;5.00;180;180;11.66;25.88
5700.00;6000.00;0.00;-1.00;E0_0_0m;-1.00;0;0;0.00;-1.00
5700.00;6000.00;0.00;-1.00;E0_1_0m;-1.00;0;0;0.00;-1.00
5700.00;6000.00;1728.00;26.16;E0_0_100m;5.00;144;144;9.17;26.28
5700.00;6000.00;2280.00;27.36;E0_1_100m;5.00;190;190;11.58;27.47
5700.00;6000.00;1716.00;26.17;E0_0_200m;5.00;143;142;9.10;26.31
5700.00;6000.00;2292.00;27.53;E0_1_200m;5.00;191;190;11.55;27.67
5700.00;6000.00;1800.00;26.11;E0_0_300m;5.00;150;150;9.58;26.26
5700.00;6000.00;2184.00;27.68;E0_1_300m;5.00;182;182;10.96;27.84
5700.00;6000.00;1776.00;26.01;E0_0_400m;5.00;148;149;9.50;26.15
5700.00;6000.00;2184.00;27.56;E0_1_400m;5.00;182;183;11.01;27.72
5700.00;6000.00;1764.00;25.83;E0_0_500m;5.00;147;147;9.49;25.96
5700.00;6000.00;2220.00;27.45;E0_1_500m;5.00;185;185;11.23;27.61
5700.00;6000.00;1812.00;25.70;E0_0_600m;5.00;151;151;9.79;25.84
5700.00;6000.00;2184.00;27.41;E0_1_600m;5.00;182;182;11.07;27.56
5700.00;6000.00;1788.00;25.60;E0_0_700m;5.00;149;148;9.68;25.75
5700.00;6000.00;2208.00;27.24;E0_1_700m;5.00;184;184;11.26;27.38
5700.00;6000.00;1800.00;25.45;E0_0_800m;5.00;150;150;9.82;25.60
5700.00;6000.00;2232.00;27.21;E0_1_800m;5.00;186;186;11.39;27.36
5700.00;6000.00;1812.00;25.24;E0_0_900m;5.00;151;151;9.97;25.38
5700.00;6000.00;2256.00;27.11;E0_1_900m;5.00;188;188;11.56;27.25
5700.00;6000.00;1812.00;24.83;E0_0_1000m;5.00;151;150;10.11;24.99
5700.00;6000.00;2256.00;27.00;E0_1_1000m;5.00;188;189;11.61;27.14
5700.00;6000.00;1800.00;24.66;E0_0_1100m;5.00;150;151;10.15;24.82
5700.00;6000.00;2280.00;26.96;E0_1_1100m;5.00;190;190;11.74;27.11
5700.00;6000.00;1800.00;24.48;E0_0_1200m;5.00;150;149;10.16;24.62
5700.00;6000.00;2292.00;26.95;E0_1_1200m;5.00;191;191;11.81;27.06
5700.00;6000.00;1776.00;24.45;E0_0_1300m;5.00;148;148;10.09;24.57
5700.00;6000.00;2268.00;27.07;E0_1_1300m;5.00;189;189;11.64;27.20
5700.00;6000.00;1764.00;24.56;E0_0_1400m;5.00;147;147;9.98;24.68
5700.00;6000.00;2268.00;27.18;E0_1_1400m;5.00;189;190;11.61;27.31
5700.00;6000.00;1752.00;24.45;E0_0_1500m;5.00;146;146;9.95;24.57
5700.00;6000.00;2268.00;27.19;E0_1_1500m;5.00;189;189;11.59;27.33
5700.00;6000.00;1776.00;24.29;E0_0_1600m;5.00;148;148;10.15;24.41
5700.00;6000.00;2256.00;27.14;E0_1_1600m;5.00;188;188;11.55;27.30
5700.00;6000.00;1800.00;24.19;E0_0_1700m;5.00;150;150;10.34;24.32
5700.00;6000.00;2244.00;27.07;E0_1_1700m;5.00;187;187;11.51;27.23
5700.00;6000.00;1812.00;24.20;E0_0_1800m;5.00;151;150;10.37;24.34
5700.00;6000.00;2268.00;26.95;E0_1_1800m;5.00;189;189;11.69;27.10
5700.00;6000.00;1776.00;24.16;E0_0_1900m;5.00;148;148;10.21;24.30
5700.00;6000.00;2340.00;26.74;E0_1_1900m;5.00;195;195;12.15;26.88
5700.00;6000.00;1764.00;24.02;E0_0_2000m;5.00;147;147;10.20;24.15
5700.00;6000.00;2340.00;26.67;E0_1_2000m;5.00;195;195;12.20;26.81
5700.00;6000.00;1788.00;24.00;E0_0_2100m;5.00;149;149;10.35;24.15
5700.00;6000.00;2316.00;26.62;E0_1_2100m;5.00;193;193;12.08;26.77
5700.00;6000.00;1776.00;24.07;E0_0_2200m;5.00;148;149;10.31;24.23
5700.00;6000.00;2328.00;26.73;E0_1_2200m;5.00;194;194;12.09;26.93
5700.00;6000.00;1800.00;24.08;E0_0_2300m;5.00;150;150;10.38;24.24
5700.00;6000.00;2304.00;26.77;E0_1_2300m;5.00;192;192;11.96;26.93
5700.00;6000.00;1776.00;24.09;E0_0_2400m;5.00;148;149;10.24;24.26
5700.00;6000.00;2328.00;26.74;E0_1_2400m;5.00;194;194;12.09;26.91
5700.00;6000.00;1800.00;24.08;E0_0_2500m;5.00;150;150;10.38;24.26
5700.00;6000.00;2340.00;26.69;E0_1_2500m;5.00;195;195;12.18;26.85
5700.00;6000.00;1788.00;24.10;E0_0_2600m;5.00;149;148;10.28;24.28
5700.00;6000.00;2340.00;26.56;E0_1_2600m;5.00;195;195;12.24;26.73
5700.00;6000.00;1776.00;24.13;E0_0_2700m;5.00;148;149;10.27;24.30
5700.00;6000.00;2340.00;26.44;E0_1_2700m;5.00;195;195;12.29;26.61
5700.00;6000.00;1764.00;24.12;E0_0_2800m;5.00;147;148;10.16;24.28
5700.00;6000.00;2304.00;26.35;E0_1_2800m;5.00;192;192;12.15;26.52
5700.00;6000.00;1764.00;24.12;E0_0_2900m;5.00;147;147;10.16;24.27
5700.00;6000.00;2316.00;26.23;E0_1_2900m;5.00;193;193;12.26;26.39
5700.00;6000.00;1800.00;24.25;E0_0_3000m;5.00;150;150;10.31;24.39
5700.00;6000.00;2340.00;26.16;E0_1_3000m;5.00;195;195;12.42;26.31
5700.00;6000.00;1836.00;24.27;E0_0_3100m;5.00;153;152;10.46;24.39
5700.00;6000.00;2376.00;26.20;E0_1_3100m;5.00;198;198;12.60;26.35
5700.00;6000.00;1860.00;24.03;E0_0_3200m;5.00;155;155;10.75;24.17
5700.00;6000.00;2388.00;26.19;E0_1_3200m;5.00;199;200;12.67;26.33
5700.00;6000.00;1872.00;24.02;E0_0_3300m;5.00;156;156;10.83;24.13
5700.00;6000.00;2388.00;26.04;E0_1_3300m;5.00;199;200;12.78;26.17
5700.00;6000.00;1860.00;23.96;E0_0_3400m;5.00;155;155;10.78;24.07
5700.00;6000.00;2400.00;25.95;E0_1_3400m;5.00;200;200;12.84;26.08
5700.00;6000.00;1860.00;23.98;E0_0_3500m;5.00;155;156;10.81;24.08
5700.00;6000.00;2400.00;25.92;E0_1_3500m;5.00;200;200;12.86;26.04
5700.00;6000.00;1860.00;23.76;E0_0_3600m;5.00;155;155;10.87;23.86
5700.00;6000.00;2424.00;25.96;E0_1_3600m;5.00;202;201;12.91;26.08
5700.00;6000.00;1884.00;23.50;E0_0_3700m;5.00;157;157;11.14;23.61
5700.00;6000.00;2436.00;26.01;E0_1_3700m;5.00;203;202;12.97;26.14
5700.00;6000.00;1920.00;23.42;E0_0_3800m;5.00;160;160;11.38;23.52
5700.00;6000.00;2472.00;25.92;E0_1_3800m;5.00;206;205;13.22;26.04
5700.00;6000.00;1944.00;23.29;E0_0_3900m;5.00;162;162;11.59;23.39
5700.00;6000.00;2472.00;25.88;E0_1_3900m;5.00;206;205;13.25;26.01
5700.00;6000.00;1968.00;23.19;E0_0_4000m;5.00;164;164;11.79;23.27
5700.00;6000.00;2484.00;25.83;E0_1_4000m;5.00;207;207;13.35;25.95
5700.00;6000.00;1992.00;23.14;E0_0_4100m;5.00;166;166;11.95;23.22
5700.00;6000.00;2508.00;25.79;E0_1_4100m;5.00;209;209;13.51;25.90
5700.00;6000.00;1980.00;23.17;E0_0_4200m;5.00;165;165;11.87;23.22
5700.00;6000.00;2508.00;25.68;E0_1_4200m;5.00;209;209;13.57;25.80
5700.00;6000.00;1980.00;23.11;E0_0_4300m;5.00;165;165;11.90;23.16
5700.00;6000.00;2532.00;25.59;E0_1_4300m;5.00;211;212;13.77;25.72
5700.00;6000.00;2028.00;23.00;E0_0_4400m;5.00;169;169;12.25;23.05
5700.00;6000.00;2532.00;25.53;E0_1_4400m;5.00;211;211;13.77;25.68
5700.00;6000.00;2052.00;22.97;E0_0_4500m;5.00;171;171;12.41;23.03
5700.00;6000.00;2520.00;25.52;E0_1_4500m;5.00;210;210;13.72;25.66
5700.00;6000.00;2016.00;22.96;E0_0_4600m;5.00;168;168;12.20;23.02
5700.00;6000.00;2520.00;25.48;E0_1_4600m;5.00;210;210;13.74;25.62
5700.00;6000.00;1980.00;22.94;E0_0_4700m;5.00;165;165;11.99;23.01
5700.00;6000.00;2484.00;25.49;E0_1_4700m;5.00;207;208;13.54;25.63
5700.00;6000.00;1956.00;22.99;E0_0_4800m;5.00;163;163;11.82;23.06
5700.00;6000.00;2448.00;25.58;E0_1_4800m;5.00;204;204;13.29;25.72
5700.00;6000.00;1932.00;23.12;E0_0_4900m;5.00;161;161;11.60;23.21
5700.00;6000.00;2388.00;25.68;E0_1_4900m;5.00;199;199;12.91;25.83
5700.00;6000.00;1944.00;23.34;E0_0_5000m;5.00;162;162;11.57;23.44
5700.00;6000.00;2364.00;25.74;E0_1_5000m;5.00;197;198;12.78;25.89
6000.00;6300.00;0.00;-1.00;E0_0_0m;-1.00;0;0;0.00;-1.00
6000.00;6300.00;0.00;-1.00;E0_1_0m;-1.00;0;0;0.00;-1.00
6000.00;6300.00;1992.00;25.36;E0_0_100m;5.00;166;166;10.91;25.48
6000.00;6300.00;2304.00;26.70;E0_1_100m;5.00;192;193;12.01;26.84
6000.00;6300.00;2016.00;25.24;E0_0_200m;5.00;168;168;11.09;25.40
6000.00;6300.00;2316.00;26.49;E0_1_200m;5.00;193;193;12.14;26.71
6000.00;6300.00;2016.00;25.27;E0_0_300m;5.00;168;168;11.08;25.42
6000.00;6300.00;2364.00;26.36;E0_1_300m;5.00;197;197;12.46;26.58
6000.00;6300.00;2052.00;25.15;E0_0_400m;5.00;171;170;11.31;25.28
6000.00;6300.00;2352.00;26.47;E0_1_400m;5.00;196;195;12.33;26.71
6000.00;6300.00;2064.00;25.16;E0_0_500m;5.00;172;172;11.39;25.26
6000.00;6300.00;2340.00;26.50;E0_1_500m;5.00;195;195;12.26;26.78
6000.00;6300.00;2064.00;25.16;E0_0_600m;5.00;172;172;11.39;25.25
6000.00;6300.00;2340.00;26.26;E0_1_600m;5.00;195;195;12.38;26.52
6000.00;6300.00;2076.00;25.07;E0_0_700m;5.00;173;173;11.50;25.15
6000.00;6300.00;2340.00;25.96;E0_1_700m;5.00;195;195;12.52;26.17
6000.00;6300.00;2052.00;25.03;E0_0_800m;5.00;171;172;11.45;25.11
6000.00;6300.00;2340.00;25.74;E0_1_800m;5.00;195;195;12.62;25.92
6000.00;6300.00;2004.00;24.97;E0_0_900m;5.00;167;168;11.16;25.04
6000.00;6300.00;2352.00;25.78;E0_1_900m;5.00;196;196;12.67;25.96
6000.00;6300.00;2016.00;24.93;E0_0_1000m;5.00;168;169;11.26;25.00
6000.00;6300.00;2328.00;25.82;E0_1_1000m;5.00;194;193;12.51;26.03
6000.00;6300.00;2028.00;24.98;E0_0_1100m;5.00;169;168;11.25;25.06
6000.00;6300.00;2316.00;25.77;E0_1_1100m;5.00;193;193;12.48;25.96
6000.00;6300.00;1980.00;24.86;E0_0_1200m;5.00;165;166;11.08;24.96
6000.00;6300.00;2352.00;25.64;E0_1_1200m;5.00;196;196;12.74;25.81
6000.00;6300.00;1956.00;24.83;E0_0_1300m;5.00;163;163;10.94;24.93
6000.00;6300.00;2364.00;25.60;E0_1_1300m;5.00;197;197;12.83;25.75
6000.00;6300.00;1968.00;24.74;E0_0_1400m;5.00;164;164;11.05;24.84
6000.00;6300.00;2400.00;25.55;E0_1_1400m;5.00;200;199;13.03;25.69
6000.00;6300.00;1956.00;24.78;E0_0_1500m;5.00;163;164;10.99;24.86
6000.00;6300.00;2388.00;25.52;E0_1_1500m;5.00;199;199;12.99;25.66
6000.00;6300.00;1956.00;24.82;E0_0_1600m;5.00;163;163;10.95;24.89
6000.00;6300.00;2388.00;25.53;E0_1_1600m;5.00;199;200;13.04;25.66
6000.00;6300.00;1968.00;24.76;E0_0_1700m;5.00;164;164;11.04;24.83
6000.00;6300.00;2364.00;25.46;E0_1_1700m;5.00;197;197;12.90;25.59
6000.00;6300.00;1920.00;24.62;E0_0_1800m;5.00;160;160;10.83;24.70
6000.00;6300.00;2376.00;25.40;E0_1_1800m;5.00;198;198;12.99;25.53
6000.00;6300.00;1908.00;24.59;E0_0_1900m;5.00;159;159;10.78;24.67
6000.00;6300.00;2340.00;25.41;E0_1_1900m;5.00;195;195;12.79;25.55
6000.00;6300.00;1944.00;24.64;E0_0_2000m;5.00;162;162;10.96;24.73
6000.00;6300.00;2328.00;25.46;E0_1_2000m;5.00;194;193;12.67;25.61
6000.00;6300.00;1932.00;24.58;E0_0_2100m;5.00;161;161;10.92;24.67
6000.00;6300.00;2316.00;25.41;E0_1_2100m;5.00;193;194;12.70;25.57
6000.00;6300.00;1908.00;24.55;E0_0_2200m;5.00;159;159;10.79;24.62
6000.00;6300.00;2328.00;25.38;E0_1_2200m;5.00;194;194;12.74;25.55
6000.00;6300.00;1932.00;24.56;E0_0_2300m;5.00;161;161;10.93;24.63
6000.00;6300.00;2340.00;25.37;E0_1_2300m;5.00;195;195;12.81;25.54
6000.00;6300.00;1944.00;24.32;E0_0_2400m;5.00;162;161;11.10;24.39
6000.00;6300.00;2316.00;25.28;E0_1_2400m;5.00;193;193;12.72;25.44
6000.00;6300.00;1932.00;24.25;E0_0_2500m;5.00;161;161;11.07;24.33
6000.00;6300.00;2316.00;25.24;E0_1_2500m;5.00;193;193;12.75;25.39
6000.00;6300.00;1956.00;24.40;E0_0_2600m;5.00;163;163;11.13;24.46
6000.00;6300.00;2328.00;25.20;E0_1_2600m;5.00;194;194;12.83;25.35
6000.00;6300.00;1956.00;24.41;E0_0_2700m;5.00;163;162;11.08;24.48
6000.00;6300.00;2352.00;25.19;E0_1_2700m;5.00;196;196;12.97;25.34
6000.00;6300.00;1932.00;24.38;E0_0_2800m;5.00;161;160;11.01;24.45
6000.00;6300.00;2352.00;25.24;E0_1_2800m;5.00;196;196;12.94;25.40
6000.00;6300.00;1932.00;24.38;E0_0_2900m;5.00;161;161;11.00;24.46
6000.00;6300.00;2328.00;25.31;E0_1_2900m;5.00;194;194;12.77;25.50
6000.00;6300.00;1932.00;24.41;E0_0_3000m;5.00;161;161;10.99;24.49
6000.00;6300.00;2292.00;25.32;E0_1_3000m;5.00;191;191;12.57;25.52
6000.00;6300.00;1884.00;24.39;E0_0_3100m;5.00;157;157;10.73;24.48
6000.00;6300.00;2268.00;25.26;E0_1_3100m;5.00;189;189;12.47;25.45
6000.00;6300.00;1848.00;24.30;E0_0_3200m;5.00;154;154;10.56;24.42
6000.00;6300.00;2256.00;25.26;E0_1_3200m;5.00;188;188;12.40;25.45
6000.00;6300.00;1836.00;24.26;E0_0_3300m;5.00;153;153;10.51;24.39
6000.00;6300.00;2256.00;25.32;E0_1_3300m;5.00;188;187;12.33;25.52
6000.00;6300.00;1860.00;24.33;E0_0_3400m;5.00;155;155;10.62;24.48
6000.00;6300.00;2208.00;25.39;E0_1_3400m;5.00;184;186;12.15;25.60
6000.00;6300.00;1848.00;24.34;E0_0_3500m;5.00;154;154;10.52;24.46
6000.00;6300.00;2208.00;25.41;E0_1_3500m;5.00;184;184;12.07;25.63
6000.00;6300.00;1836.00;24.42;E0_0_3600m;5.00;153;153;10.44;24.52
6000.00;6300.00;2208.00;25.45;E0_1_3600m;5.00;184;184;12.05;25.67
6000.00;6300.00;1800.00;24.52;E0_0_3700m;5.00;150;150;10.20;24.62
6000.00;6300.00;2208.00;25.49;E0_1_3700m;5.00;184;184;12.03;25.70
6000.00;6300.00;1752.00;24.60;E0_0_3800m;5.00;146;146;9.89;24.70
6000.00;6300.00;2184.00;25.53;E0_1_3800m;5.00;182;182;11.88;25.73
6000.00;6300.00;1752.00;24.63;E0_0_3900m;5.00;146;146;9.88;24.72
6000.00;6300.00;2172.00;25.63;E0_1_3900m;5.00;181;181;11.77;25.84
6000.00;6300.00;1764.00;24.72;E0_0_4000m;5.00;147;147;9.91;24.82
6000.00;6300.00;2124.00;25.72;E0_1_4000m;5.00;177;177;11.47;25.94
6000.00;6300.00;1764.00;24.82;E0_0_4100m;5.00;147;148;9.92;24.92
6000.00;6300.00;2052.00;25.74;E0_1_4100m;5.00;171;171;11.07;25.95
6000.00;6300.00;1740.00;24.84;E0_0_4200m;5.00;145;147;9.78;24.94
6000.00;6300.00;2064.00;25.90;E0_1_4200m;5.00;172;172;11.07;26.11
6000.00;6300.00;1728.00;24.83;E0_0_4300m;5.00;144;144;9.67;24.93
6000.00;6300.00;2064.00;26.00;E0_1_4300m;5.00;172;171;11.00;26.21
6000.00;6300.00;1704.00;24.81;E0_0_4400m;5.00;142;142;9.54;24.90
6000.00;6300.00;2040.00;26.15;E0_1_4400m;5.00;170;170;10.83;26.37
6000.00;6300.00;1692.00;24.98;E0_0_4500m;5.00;141;141;9.41;25.08
6000.00;6300.00;2040.00;26.25;E0_1_4500m;5.00;170;170;10.79;26.46
6000.00;6300.00;1704.00;25.02;E0_0_4600m;5.00;142;142;9.46;25.13
6000.00;6300.00;2040.00;26.43;E0_1_4600m;5.00;170;170;10.72;26.66
6000.00;6300.00;1692.00;25.06;E0_0_4700m;5.00;141;141;9.38;25.18
6000.00;6300.00;2052.00;26.55;E0_1_4700m;5.00;171;170;10.73;26.77
6000.00;6300.00;1680.00;25.05;E0_0_4800m;5.00;140;140;9.31;25.17
6000.00;6300.00;2052.00;26.61;E0_1_4800m;5.00;171;171;10.71;26.82
6000.00;6300.00;1704.00;25.05;E0_0_4900m;5.00;142;142;9.45;25.17
6000.00;6300.00;2040.00;26.66;E0_1_4900m;5.00;170;170;10.63;26.86
6000.00;6300.00;1728.00;24.97;E0_0_5000m;5.00;144;144;9.61;25.07
6000.00;6300.00;2040.00;26.71;E0_1_5000m;5.00;170;171;10.65;26.89
6300.00;6600.00;0.00;-1.00;E0_0_0m;-1.00;0;0;0.00;-1.00
6300.00;6600.00;0.00;-1.00;E0_1_0m;-1.00;0;0;0.00;-1.00
6300.00;6600.00;1860.00;25.44;E0_0_100m;5.00;155;156;10.19;25.58
6300.00;6600.00;2160.00;26.76;E0_1_100m;5.00;180;180;11.23;26.95
6300.00;6600.00;1872.00;25.50;E0_0_200m;5.00;156;156;10.20;25.65
6300.00;6600.00;2124.00;27.13;E0_1_200m;5.00;177;177;10.87;27.40
6300.00;6600.00;1836.00;25.48;E0_0_300m;5.00;153;153;10.01;25.62
6300.00;6600.00;2136.00;27.09;E0_1_300m;5.00;178;179;10.97;27.38
6300.00;6600.00;1812.00;25.39;E0_0_400m;5.00;151;151;9.91;25.52
6300.00;6600.00;2160.00;27.08;E0_1_400m;5.00;180;180;11.08;27.39
6300.00;6600.00;1788.00;25.28;E0_0_500m;5.00;149;149;9.82;25.42
6300.00;6600.00;2160.00;26.96;E0_1_500m;5.00;180;180;11.13;27.26
6300.00;6600.00;1728.00;25.13;E0_0_600m;5.00;144;145;9.56;25.24
6300.00;6600.00;2208.00;26.79;E0_1_600m;5.00;184;185;11.49;27.10
6300.00;6600.00;1716.00;25.08;E0_0_700m;5.00;143;143;9.50;25.18
6300.00;6600.00;2232.00;26.67;E0_1_700m;5.00;186;186;11.62;26.96
6300.00;6600.00;1740.00;25.03;E0_0_800m;5.00;145;144;9.59;25.13
6300.00;6600.00;2196.00;26.52;E0_1_800m;5.00;183;183;11.50;26.80
6300.00;6600.00;1740.00;24.90;E0_0_900m;5.00;145;145;9.73;24.97
6300.00;6600.00;2196.00;26.36;E0_1_900m;5.00;183;184;11.61;26.63
6300.00;6600.00;1740.00;24.72;E0_0_1000m;5.00;145;144;9.75;24.79
6300.00;6600.00;2220.00;26.13;E0_1_1000m;5.00;185;185;11.80;26.39
6300.00;6600.00;1728.00;24.53;E0_0_1100m;5.00;144;144;9.78;24.61
6300.00;6600.00;2232.00;25.82;E0_1_1100m;5.00;186;186;12.01;26.05
6300.00;6600.00;1728.00;24.56;E0_0_1200m;5.00;144;144;9.77;24.63
6300.00;6600.00;2232.00;25.67;E0_1_1200m;5.00;186;186;12.07;25.88
6300.00;6600.00;1740.00;24.63;E0_0_1300m;5.00;145;145;9.81;24.70
6300.00;6600.00;2220.00;25.64;E0_1_1300m;5.00;185;185;12.02;25.83
6300.00;6600.00;1716.00;24.65;E0_0_1400m;5.00;143;143;9.67;24.72
6300.00;6600.00;2172.00;25.51;E0_1_1400m;5.00;181;181;11.83;25.66
6300.00;6600.00;1716.00;24.71;E0_0_1500m;5.00;143;143;9.67;24.81
6300.00;6600.00;2172.00;25.44;E0_1_1500m;5.00;181;182;11.92;25.57
6300.00;6600.00;1716.00;24.47;E0_0_1600m;5.00;143;143;9.74;24.53
6300.00;6600.00;2172.00;25.39;E0_1_1600m;5.00;181;180;11.83;25.52
6300.00;6600.00;1728.00;24.43;E0_0_1700m;5.00;144;144;9.82;24.49
6300.00;6600.00;2148.00;25.31;E0_1_1700m;5.00;179;179;11.79;25.45
6300.00;6600.00;1764.00;24.44;E0_0_1800m;5.00;147;147;10.03;24.51
6300.00;6600.00;2160.00;25.31;E0_1_1800m;5.00;180;181;11.89;25.45
6300.00;6600.00;1764.00;24.43;E0_0_1900m;5.00;147;147;10.03;24.50
6300.00;6600.00;2160.00;25.39;E0_1_1900m;5.00;180;181;11.87;25.53
6300.00;6600.00;1716.00;24.31;E0_0_2000m;5.00;143;143;9.80;24.36
6300.00;6600.00;2184.00;25.37;E0_1_2000m;5.00;182;182;11.96;25.52
6300.00;6600.00;1704.00;24.30;E0_0_2100m;5.00;142;142;9.74;24.36
6300.00;6600.00;2196.00;25.34;E0_1_2100m;5.00;183;182;12.00;25.49
6300.00;6600.00;1740.00;24.32;E0_0_2200m;5.00;145;145;9.94;24.39
6300.00;6600.00;2208.00;25.34;E0_1_2200m;5.00;184;184;12.10;25.49
6300.00;6600.00;1740.00;24.32;E0_0_2300m;5.00;145;145;9.94;24.40
6300.00;6600.00;2220.00;25.33;E0_1_2300m;5.00;185;186;12.21;25.48
6300.00;6600.00;1728.00;24.38;E0_0_2400m;5.00;144;144;9.84;24.45
6300.00;6600.00;2256.00;25.29;E0_1_2400m;5.00;188;188;12.39;25.45
6300.00;6600.00;1740.00;24.40;E0_0_2500m;5.00;145;145;9.91;24.46
6300.00;6600.00;2244.00;25.21;E0_1_2500m;5.00;187;187;12.36;25.36
6300.00;6600.00;1752.00;24.40;E0_0_2600m;5.00;146;146;9.97;24.47
6300.00;6600.00;2244.00;25.18;E0_1_2600m;5.00;187;187;12.38;25.34
6300.00;6600.00;1764.00;24.36;E0_0_2700m;5.00;147;147;10.06;24.44
6300.00;6600.00;2244.00;25.05;E0_1_2700m;5.00;187;187;12.44;25.20
6300.00;6600.00;1800.00;24.28;E0_0_2800m;5.00;150;150;10.30;24.34
6300.00;6600.00;2244.00;24.88;E0_1_2800m;5.00;187;187;12.52;25.01
6300.00;6600.00;1788.00;24.22;E0_0_2900m;5.00;149;149;10.25;24.28
6300.00;6600.00;2268.00;24.79;E0_1_2900m;5.00;189;189;12.71;24.90
6300.00;6600.00;1764.00;24.14;E0_0_3000m;5.00;147;147;10.15;24.19
6300.00;6600.00;2280.00;24.65;E0_1_3000m;5.00;190;190;12.85;24.74
6300.00;6600.00;1776.00;24.05;E0_0_3100m;5.00;148;148;10.26;24.10
6300.00;6600.00;2304.00;24.55;E0_1_3100m;5.00;192;192;13.03;24.63
6300.00;6600.00;1812.00;24.01;E0_0_3200m;5.00;151;151;10.48;24.04
6300.00;6600.00;2292.00;24.38;E0_1_3200m;5.00;191;191;13.06;24.43
6300.00;6600.00;1836.00;23.92;E0_0_3300m;5.00;153;153;10.66;23.95
6300.00;6600.00;2316.00;24.22;E0_1_3300m;5.00;193;193;13.28;24.25
6300.00;6600.00;1848.00;23.88;E0_0_3400m;5.00;154;154;10.75;23.91
6300.00;6600.00;2352.00;24.16;E0_1_3400m;5.00;196;195;13.50;24.18
6300.00;6600.00;1872.00;23.86;E0_0_3500m;5.00;156;155;10.89;23.89
6300.00;6600.00;2352.00;24.17;E0_1_3500m;5.00;196;196;13.52;24.19
6300.00;6600.00;1884.00;23.81;E0_0_3600m;5.00;157;157;10.99;23.83
6300.00;6600.00;2352.00;24.17;E0_1_3600m;5.00;196;196;13.51;24.20
6300.00;6600.00;1908.00;23.69;E0_0_3700m;5.00;159;159;11.19;23.71
6300.00;6600.00;2328.00;24.11;E0_1_3700m;5.00;194;194;13.41;24.14
6300.00;6600.00;1908.00;23.61;E0_0_3800m;5.00;159;159;11.23;23.63
6300.00;6600.00;2328.00;23.96;E0_1_3800m;5.00;194;194;13.49;23.98
6300.00;6600.00;1896.00;23.59;E0_0_3900m;5.00;158;158;11.16;23.61
6300.00;6600.00;2328.00;23.87;E0_1_3900m;5.00;194;194;13.55;23.89
6300.00;6600.00;1884.00;23.50;E0_0_4000m;5.00;157;157;11.14;23.52
6300.00;6600.00;2340.00;23.84;E0_1_4000m;5.00;195;195;13.63;23.86
6300.00;6600.00;1908.00;23.39;E0_0_4100m;5.00;159;159;11.29;23.42
6300.00;6600.00;2340.00;23.83;E0_1_4100m;5.00;195;195;13.64;23.86
6300.00;6600.00;1932.00;23.35;E0_0_4200m;5.00;161;160;11.48;23.38
6300.00;6600.00;2340.00;23.76;E0_1_4200m;5.00;195;195;13.68;23.78
6300.00;6600.00;1920.00;23.40;E0_0_4300m;5.00;160;160;11.39;23.42
6300.00;6600.00;2340.00;23.69;E0_1_4300m;5.00;195;195;13.72;23.70
6300.00;6600.00;1932.00;23.43;E0_0_4400m;5.00;161;161;11.45;23.45
6300.00;6600.00;2340.00;23.63;E0_1_4400m;5.00;195;195;13.75;23.65
6300.00;6600.00;1932.00;23.45;E0_0_4500m;5.00;161;162;11.49;23.47
6300.00;6600.00;2352.00;23.63;E0_1_4500m;5.00;196;196;13.83;23.64
6300.00;6600.00;1932.00;23.48;E0_0_4600m;5.00;161;161;11.43;23.50
6300.00;6600.00;2352.00;23.69;E0_1_4600m;5.00;196;196;13.79;23.71
6300.00;6600.00;1956.00;23.54;E0_0_4700m;5.00;163;163;11.54;23.56
6300.00;6600.00;2376.00;23.78;E0_1_4700m;5.00;198;198;13.88;23.81
6300.00;6600.00;1968.00;23.66;E0_0_4800m;5.00;164;164;11.55;23.68
6300.00;6600.00;2364.00;23.85;E0_1_4800m;5.00;197;197;13.77;23.87
6300.00;6600.00;1956.00;23.78;E0_0_4900m;5.00;163;164;11.47;23.81
6300.00;6600.00;2364.00;23.89;E0_1_4900m;5.00;197;197;13.75;23.91
6300.00;6600.00;1920.00;23.96;E0_0_5000m;5.00;160;160;11.13;23.99
6300.00;6600.00;2376.00;23.96;E0_1_5000m;5.00;198;197;13.73;23.99
6600.00;6900.00;0.00;-1.00;E0_0_0m;-1.00;0;0;0.00;-1.00
6600.00;6900.00;0.00;-1.00;E0_1_0m;-1.00;0;0;0.00;-1.00
6600.00;6900.00;1872.00;26.44;E0_0_100m;5.00;156;157;9.87;26.58
6600.00;6900.00;2232.00;27.51;E0_1_100m;5.00;186;185;11.22;27.67
6600.00;6900.00;1872.00;26.47;E0_0_200m;5.00;156;156;9.82;26.61
6600.00;6900.00;2244.00;27.63;E0_1_200m;5.00;187;187;11.28;27.84
6600.00;6900.00;1860.00;26.34;E0_0_300m;5.00;155;155;9.81;26.47
6600.00;6900.00;2244.00;27.33;E0_1_300m;5.00;187;186;11.39;27.51
6600.00;6900.00;1848.00;26.19;E0_0_400m;5.00;154;154;9.80;26.30
6600.00;6900.00;2244.00;26.99;E0_1_400m;5.00;187;187;11.55;27.16
6600.00;6900.00;1836.00;26.05;E0_0_500m;5.00;153;154;9.85;26.15
6600.00;6900.00;2244.00;26.77;E0_1_500m;5.00;187;188;11.69;26.95
6600.00;6900.00;1848.00;25.87;E0_0_600m;5.00;154;154;9.92;25.97
6600.00;6900.00;2256.00;26.62;E0_1_600m;5.00;188;187;11.72;26.80
6600.00;6900.00;1836.00;25.68;E0_0_700m;5.00;153;153;9.93;25.78
6600.00;6900.00;2244.00;26.58;E0_1_700m;5.00;187;187;11.72;26.76
6600.00;6900.00;1860.00;25.46;E0_0_800m;5.00;155;155;10.15;25.55
6600.00;6900.00;2232.00;26.46;E0_1_800m;5.00;186;186;11.72;26.62
6600.00;6900.00;1908.00;25.27;E0_0_900m;5.00;159;158;10.45;25.36
6600.00;6900.00;2244.00;26.20;E0_1_900m;5.00;187;186;11.85;26.35
6600.00;6900.00;1884.00;25.21;E0_0_1000m;5.00;157;157;10.38;25.29
6600.00;6900.00;2268.00;25.97;E0_1_1000m;5.00;189;189;12.13;26.12
6600.00;6900.00;1884.00;25.05;E0_0_1100m;5.00;157;157;10.44;25.14
6600.00;6900.00;2268.00;25.74;E0_1_1100m;5.00;189;189;12.24;25.88
6600.00;6900.00;1908.00;24.95;E0_0_1200m;5.00;159;159;10.62;25.02
6600.00;6900.00;2280.00;25.50;E0_1_1200m;5.00;190;190;12.42;25.59
6600.00;6900.00;1932.00;24.82;E0_0_1300m;5.00;161;161;10.81;24.89
6600.00;6900.00;2280.00;25.31;E0_1_1300m;5.00;190;191;12.53;25.36
6600.00;6900.00;1944.00;24.76;E0_0_1400m;5.00;162;162;10.90;24.82
6600.00;6900.00;2292.00;25.05;E0_1_1400m;5.00;191;191;12.71;25.09
6600.00;6900.00;1944.00;24.66;E0_0_1500m;5.00;162;161;10.90;24.70
6600.00;6900.00;2304.00;24.86;E0_1_1500m;5.00;192;192;12.87;24.90
6600.00;6900.00;1944.00;24.56;E0_0_1600m;5.00;162;162;10.99;24.59
6600.00;6900.00;2328.00;24.71;E0_1_1600m;5.00;194;194;13.09;24.74
6600.00;6900.00;1968.00;24.49;E0_0_1700m;5.00;164;164;11.16;24.52
6600.00;6900.00;2328.00;24.63;E0_1_1700m;5.00;194;194;13.13;24.66
6600.00;6900.00;1956.00;24.39;E0_0_1800m;5.00;163;163;11.14;24.43
6600.00;6900.00;2292.00;24.62;E0_1_1800m;5.00;191;192;12.98;24.65
6600.00;6900.00;1968.00;24.27;E0_0_1900m;5.00;164;164;11.26;24.32
6600.00;6900.00;2292.00;24.62;E0_1_1900m;5.00;191;191;12.93;24.66
6600.00;6900.00;1968.00;24.25;E0_0_2000m;5.00;164;164;11.27;24.30
6600.00;6900.00;2292.00;24.65;E0_1_2000m;5.00;191;191;12.91;24.69
6600.00;6900.00;1968.00;24.24;E0_0_2100m;5.00;164;164;11.28;24.29
6600.00;6900.00;2292.00;24.71;E0_1_2100m;5.00;191;191;12.88;24.74
6600.00;6900.00;1920.00;24.28;E0_0_2200m;5.00;160;160;10.98;24.33
6600.00;6900.00;2268.00;24.83;E0_1_2200m;5.00;189;189;12.69;24.87
6600.00;6900.00;1920.00;24.37;E0_0_2300m;5.00;160;160;10.94;24.43
6600.00;6900.00;2244.00;24.97;E0_1_2300m;5.00;187;186;12.45;25.03
6600.00;6900.00;1896.00;24.40;E0_0_2400m;5.00;158;158;10.79;24.44
6600.00;6900.00;2208.00;25.04;E0_1_2400m;5.00;184;185;12.26;25.09
6600.00;6900.00;1896.00;24.39;E0_0_2500m;5.00;158;158;10.80;24.43
6600.00;6900.00;2196.00;25.10;E0_1_2500m;5.00;183;184;12.18;25.16
6600.00;6900.00;1872.00;24.40;E0_0_2600m;5.00;156;156;10.65;24.45
6600.00;6900.00;2196.00;25.08;E0_1_2600m;5.00;183;183;12.16;25.13
6600.00;6900.00;1872.00;24.42;E0_0_2700m;5.00;156;156;10.65;24.47
6600.00;6900.00;2220.00;25.06;E0_1_2700m;5.00;185;185;12.31;25.10
6600.00;6900.00;1884.00;24.66;E0_0_2800m;5.00;157;157;10.61;24.69
6600.00;6900.00;2244.00;25.06;E0_1_2800m;5.00;187;187;12.44;25.12
6600.00;6900.00;1920.00;24.75;E0_0_2900m;5.00;160;160;10.78;24.78
6600.00;6900.00;2256.00;25.05;E0_1_2900m;5.00;188;188;12.51;25.09
6600.00;6900.00;1944.00;24.69;E0_0_3000m;5.00;162;162;10.94;24.71
6600.00;6900.00;2292.00;25.11;E0_1_3000m;5.00;191;191;12.68;25.17
6600.00;6900.00;1944.00;24.65;E0_0_3100m;5.00;162;163;10.99;24.68
6600.00;6900.00;2268.00;25.17;E0_1_3100m;5.00;189;189;12.51;25.24
6600.00;6900.00;1920.00;24.59;E0_0_3200m;5.00;160;160;10.85;24.62
6600.00;6900.00;2292.00;25.25;E0_1_3200m;5.00;191;191;12.61;25.32
6600.00;6900.00;1884.00;24.58;E0_0_3300m;5.00;157;157;10.65;24.61
6600.00;6900.00;2268.00;25.29;E0_1_3300m;5.00;189;190;12.50;25.36
6600.00;6900.00;1860.00;24.60;E0_0_3400m;5.00;155;155;10.50;24.64
6600.00;6900.00;2268.00;25.34;E0_1_3400m;5.00;189;189;12.43;25.40
6600.00;6900.00;1848.00;24.53;E0_0_3500m;5.00;154;154;10.46;24.57
6600.00;6900.00;2256.00;25.38;E0_1_3500m;5.00;188;189;12.35;25.45
6600.00;6900.00;1836.00;24.49;E0_0_3600m;5.00;153;153;10.41;24.52
6600.00;6900.00;2256.00;25.37;E0_1_3600m;5.00;188;188;12.35;25.43
6600.00;6900.00;1848.00;24.43;E0_0_3700m;5.00;154;154;10.51;24.46
6600.00;6900.00;2256.00;25.33;E0_1_3700m;5.00;188;188;12.37;25.39
6600.00;6900.00;1860.00;24.34;E0_0_3800m;5.00;155;155;10.61;24.38
6600.00;6900.00;2256.00;25.38;E0_1_3800m;5.00;188;188;12.34;25.45
6600.00;6900.00;1896.00;24.52;E0_0_3900m;5.00;158;159;10.78;24.65
6600.00;6900.00;2232.00;25.41;E0_1_3900m;5.00;186;187;12.27;25.49
6600.00;6900.00;1896.00;24.37;E0_0_4000m;5.00;158;158;10.80;24.40
6600.00;6900.00;2232.00;25.29;E0_1_4000m;5.00;186;186;12.26;25.34
6600.00;6900.00;1884.00;24.25;E0_0_4100m;5.00;157;156;10.78;24.28
6600.00;6900.00;2232.00;25.16;E0_1_4100m;5.00;186;186;12.32;25.19
6600.00;6900.00;1896.00;24.22;E0_0_4200m;5.00;158;158;10.87;24.26
6600.00;6900.00;2220.00;25.07;E0_1_4200m;5.00;185;185;12.30;25.11
6600.00;6900.00;1920.00;24.31;E0_0_4300m;5.00;160;160;10.97;24.34
6600.00;6900.00;2232.00;24.99;E0_1_4300m;5.00;186;186;12.40;25.02
6600.00;6900.00;1944.00;24.36;E0_0_4400m;5.00;162;162;11.08;24.38
6600.00;6900.00;2268.00;24.94;E0_1_4400m;5.00;189;189;12.63;24.98
6600.00;6900.00;1944.00;24.39;E0_0_4500m;5.00;162;162;11.02;24.40
6600.00;6900.00;2268.00;24.92;E0_1_4500m;5.00;189;189;12.64;24.95
6600.00;6900.00;1956.00;24.38;E0_0_4600m;5.00;163;163;11.14;24.39
6600.00;6900.00;2268.00;24.89;E0_1_4600m;5.00;189;189;12.66;24.91
6600.00;6900.00;1944.00;24.26;E0_0_4700m;5.00;162;163;11.19;24.27
6600.00;6900.00;2244.00;24.89;E0_1_4700m;5.00;187;187;12.52;24.91
6600.00;6900.00;1956.00;24.06;E0_0_4800m;5.00;163;163;11.29;24.08
6600.00;6900.00;2244.00;24.90;E0_1_4800m;5.00;187;187;12.52;24.92
6600.00;6900.00;2016.00;23.91;E0_0_4900m;5.00;168;167;11.67;23.94
6600.00;6900.00;2268.00;24.87;E0_1_4900m;5.00;189;189;12.67;24.89
6600.00;6900.00;2040.00;23.83;E0_0_5000m;5.00;170;170;11.89;23.86
6600.00;6900.00;2316.00;24.84;E0_1_5000m;5.00;193;193;12.95;24.85
6900.00;7200.00;0.00;-1.00;E0_0_0m;-1.00;0;0;0.00;-1.00
6900.00;7200.00;0.00;-1.00;E0_1_0m;-1.00;0;0;0.00;-1.00
6900.00;7200.00;1644.00;25.63;E0_0_100m;5.00;137;138;8.96;25.88
6900.00;7200.00;2148.00;27.65;E0_1_100m;5.00;179;179;10.79;27.88
6900.00;7200.00;1728.00;25.14;E0_0_200m;5.00;144;144;9.55;25.50
6900.00;7200.00;2064.00;27.73;E0_1_200m;5.00;172;172;10.34;28.10
6900.00;7200.00;1764.00;24.85;E0_0_300m;5.00;147;147;9.86;25.27
6900.00;7200.00;2064.00;27.14;E0_1_300m;5.00;172;172;10.56;27.60
6900.00;7200.00;1752.00;24.29;E0_0_400m;5.00;146;146;10.02;24.77
6900.00;7200.00;2076.00;26.63;E0_1_400m;5.00;173;173;10.83;27.15
6900.00;7200.00;1764.00;23.83;E0_0_500m;5.00;147;146;10.22;24.37
6900.00;7200.00;2088.00;26.16;E0_1_500m;5.00;174;173;11.04;26.69
6900.00;7200.00;1752.00;23.96;E0_0_600m;5.00;146;146;10.16;24.43
6900.00;7200.00;2100.00;25.80;E0_1_600m;5.00;175;175;11.31;26.34
6900.00;7200.00;1740.00;24.15;E0_0_700m;5.00;145;146;10.02;24.56
6900.00;7200.00;2100.00;25.57;E0_1_700m;5.00;175;175;11.41;26.10
6900.00;7200.00;1704.00;24.20;E0_0_800m;5.00;142;143;9.84;24.59
6900.00;7200.00;2124.00;25.47;E0_1_800m;5.00;177;177;11.58;26.02
6900.00;7200.00;1680.00;24.32;E0_0_900m;5.00;140;140;9.59;24.68
6900.00;7200.00;2088.00;25.37;E0_1_900m;5.00;174;174;11.43;25.85
6900.00;7200.00;1692.00;24.43;E0_0_1000m;5.00;141;141;9.62;24.74
6900.00;7200.00;2040.00;25.34;E0_1_1000m;5.00;170;170;11.18;25.79
6900.00;7200.00;1668.00;24.51;E0_0_1100m;5.00;139;140;9.51;24.80
6900.00;7200.00;2040.00;25.25;E0_1_1100m;5.00;170;170;11.22;25.65
6900.00;7200.00;1620.00;24.51;E0_0_1200m;5.00;135;135;9.18;24.78
6900.00;7200.00;2052.00;25.24;E0_1_1200m;5.00;171;171;11.29;25.61
6900.00;7200.00;1584.00;24.54;E0_0_1300m;5.00;132;133;9.03;24.78
6900.00;7200.00;2040.00;25.24;E0_1_1300m;5.00;170;171;11.24;25.57
6900.00;7200.00;1560.00;24.65;E0_0_1400m;5.00;130;130;8.79;24.87
6900.00;7200.00;2040.00;25.28;E0_1_1400m;5.00;170;170;11.21;25.59
6900.00;7200.00;1560.00;24.72;E0_0_1500m;5.00;130;131;8.82;24.92
6900.00;7200.00;2028.00;25.40;E0_1_1500m;5.00;169;169;11.09;25.70
6900.00;7200.00;1536.00;24.75;E0_0_1600m;5.00;128;128;8.62;24.92
6900.00;7200.00;2004.00;25.47;E0_1_1600m;5.00;167;167;10.93;25.74
6900.00;7200.00;1512.00;24.70;E0_0_1700m;5.00;126;126;8.50;24.84
6900.00;7200.00;2004.00;25.39;E0_1_1700m;5.00;167;167;10.96;25.63
6900.00;7200.00;1524.00;24.62;E0_0_1800m;5.00;127;127;8.60;24.73
6900.00;7200.00;2004.00;25.31;E0_1_1800m;5.00;167;166;10.95;25.54
6900.00;7200.00;1488.00;24.61;E0_0_1900m;5.00;124;124;8.40;24.70
6900.00;7200.00;2004.00;25.28;E0_1_1900m;5.00;167;167;11.01;25.48
6900.00;7200.00;1500.00;24.56;E0_0_2000m;5.00;125;125;8.48;24.64
6900.00;7200.00;2004.00;25.24;E0_1_2000m;5.00;167;167;11.03;25.42
6900.00;7200.00;1500.00;24.58;E0_0_2100m;5.00;125;125;8.48;24.64
6900.00;7200.00;1992.00;25.26;E0_1_2100m;5.00;166;167;11.02;25.42
6900.00;7200.00;1536.00;24.44;E0_0_2200m;5.00;128;128;8.73;24.50
6900.00;7200.00;2016.00;25.16;E0_1_2200m;5.00;168;168;11.13;25.31
6900.00;7200.00;1548.00;24.36;E0_0_2300m;5.00;129;129;8.83;24.42
6900.00;7200.00;2052.00;24.98;E0_1_2300m;5.00;171;171;11.41;25.15
6900.00;7200.00;1596.00;24.24;E0_0_2400m;5.00;133;133;9.14;24.31
6900.00;7200.00;2088.00;24.79;E0_1_2400m;5.00;174;173;11.68;24.96
6900.00;7200.00;1620.00;24.19;E0_0_2500m;5.00;135;135;9.30;24.25
6900.00;7200.00;2124.00;24.67;E0_1_2500m;5.00;177;176;11.93;24.83
6900.00;7200.00;1656.00;24.18;E0_0_2600m;5.00;138;138;9.51;24.25
6900.00;7200.00;2136.00;24.50;E0_1_2600m;5.00;178;178;12.11;24.64
6900.00;7200.00;1668.00;24.14;E0_0_2700m;5.00;139;139;9.60;24.21
6900.00;7200.00;2136.00;24.43;E0_1_2700m;5.00;178;178;12.14;24.54
6900.00;7200.00;1668.00;24.13;E0_0_2800m;5.00;139;139;9.60;24.19
6900.00;7200.00;2136.00;24.39;E0_1_2800m;5.00;178;178;12.16;24.50
6900.00;7200.00;1680.00;24.12;E0_0_2900m;5.00;140;140;9.68;24.17
6900.00;7200.00;2124.00;24.34;E0_1_2900m;5.00;177;177;12.12;24.44
6900.00;7200.00;1668.00;24.08;E0_0_3000m;5.00;139;139;9.62;24.12
6900.00;7200.00;2124.00;24.31;E0_1_3000m;5.00;177;177;12.14;24.40
6900.00;7200.00;1668.00;24.02;E0_0_3100m;5.00;139;138;9.61;24.06
6900.00;7200.00;2124.00;24.20;E0_1_3100m;5.00;177;178;12.25;24.27
6900.00;7200.00;1656.00;23.96;E0_0_3200m;5.00;138;138;9.60;23.99
6900.00;7200.00;2124.00;24.12;E0_1_3200m;5.00;177;177;12.23;24.17
6900.00;7200.00;1668.00;23.96;E0_0_3300m;5.00;139;139;9.67;23.99
6900.00;7200.00;2136.00;24.08;E0_1_3300m;5.00;178;177;12.27;24.12
6900.00;7200.00;1656.00;23.99;E0_0_3400m;5.00;138;138;9.59;24.02
6900.00;7200.00;2136.00;24.05;E0_1_3400m;5.00;178;178;12.34;24.08
6900.00;7200.00;1692.00;24.08;E0_0_3500m;5.00;141;141;9.76;24.12
6900.00;7200.00;2172.00;24.12;E0_1_3500m;5.00;181;181;12.51;24.15
6900.00;7200.00;1728.00;24.17;E0_0_3600m;5.00;144;144;9.93;24.21
6900.00;7200.00;2208.00;24.25;E0_1_3600m;5.00;184;184;12.64;24.32
6900.00;7200.00;1752.00;24.08;E0_0_3700m;5.00;146;146;10.11;24.11
6900.00;7200.00;2196.00;24.19;E0_1_3700m;5.00;183;183;12.61;24.25
6900.00;7200.00;1764.00;24.03;E0_0_3800m;5.00;147;147;10.19;24.06
6900.00;7200.00;2196.00;24.06;E0_1_3800m;5.00;183;184;12.74;24.09
6900.00;7200.00;1764.00;24.00;E0_0_3900m;5.00;147;146;10.17;24.02
6900.00;7200.00;2208.00;24.02;E0_1_3900m;5.00;184;184;12.77;24.05
6900.00;7200.00;1764.00;24.00;E0_0_4000m;5.00;147;147;10.21;24.03
6900.00;7200.00;2208.00;24.02;E0_1_4000m;5.00;184;184;12.77;24.05
6900.00;7200.00;1776.00;24.01;E0_0_4100m;5.00;148;148;10.27;24.04
6900.00;7200.00;2208.00;24.07;E0_1_4100m;5.00;184;184;12.74;24.11
6900.00;7200.00;1764.00;24.05;E0_0_4200m;5.00;147;147;10.19;24.08
6900.00;7200.00;2208.00;24.13;E0_1_4200m;5.00;184;184;12.71;24.17
6900.00;7200.00;1740.00;24.05;E0_0_4300m;5.00;145;145;10.05;24.07
6900.00;7200.00;2196.00;24.10;E0_1_4300m;5.00;183;183;12.65;24.14
6900.00;7200.00;1704.00;24.04;E0_0_4400m;5.00;142;142;9.84;24.07
6900.00;7200.00;2160.00;24.08;E0_1_4400m;5.00;180;180;12.46;24.11
6900.00;7200.00;1728.00;24.07;E0_0_4500m;5.00;144;143;9.96;24.10
6900.00;7200.00;2136.00;24.12;E0_1_4500m;5.00;178;178;12.30;24.16
6900.00;7200.00;1716.00;24.07;E0_0_4600m;5.00;143;143;9.90;24.10
6900.00;7200.00;2136.00;24.10;E0_1_4600m;5.00;178;178;12.31;24.14
6900.00;7200.00;1704.00;24.09;E0_0_4700m;5.00;142;141;9.76;24.13
6900.00;7200.00;2136.00;24.11;E0_1_4700m;5.00;178;178;12.30;24.15
6900.00;7200.00;1704.00;24.12;E0_0_4800m;5.00;142;142;9.81;24.15
6900.00;7200.00;2136.00;24.14;E0_1_4800m;5.00;178;178;12.29;24.17
6900.00;7200.00;1668.00;24.11;E0_0_4900m;5.00;139;140;9.61;24.15
6900.00;7200.00;2100.00;24.13;E0_1_4900m;5.00;175;175;12.09;24.17
6900.00;7200.00;1668.00;24.11;E0_0_5000m;5.00;139;139;9.61;24.15
6900.00;7200.00;2088.00;24.13;E0_1_5000m;5.00;174;174;12.02;24.16
7200.00;7500.00;0.00;-1.00;E0_0_0m;-1.00;0;0;0.00;-1.00
7200.00;7500.00;0.00;-1.00;E0_1_0m;-1.00;0;0;0.00;-1.00
7200.00;7500.00;1860.00;25.11;E0_0_100m;5.00;155;156;10.34;25.27
7200.00;7500.00;2184.00;26.28;E0_1_100m;5.00;182;183;11.58;26.50
7200.00;7500.00;1848.00;25.41;E0_0_200m;5.00;154;154;10.10;25.57
7200.00;7500.00;2196.00;26.91;E0_1_200m;5.00;183;183;11.34;27.19
7200.00;7500.00;1812.00;25.60;E0_0_300m;5.00;151;152;9.89;25.74
7200.00;7500.00;2184.00;26.80;E0_1_300m;5.00;182;182;11.32;27.05
7200.00;7500.00;1824.00;25.68;E0_0_400m;5.00;152;152;9.87;25.80
7200.00;7500.00;2172.00;26.72;E0_1_400m;5.00;181;181;11.29;26.96
7200.00;7500.00;1812.00;25.49;E0_0_500m;5.00;151;151;9.87;25.64
7200.00;7500.00;2196.00;26.62;E0_1_500m;5.00;183;183;11.46;26.86
7200.00;7500.00;1812.00;24.99;E0_0_600m;5.00;151;151;10.07;25.19
7200.00;7500.00;2208.00;26.37;E0_1_600m;5.00;184;184;11.63;26.60
7200.00;7500.00;1836.00;24.71;E0_0_700m;5.00;153;153;10.32;24.95
7200.00;7500.00;2220.00;25.97;E0_1_700m;5.00;185;185;11.87;26.21
7200.00;7500.00;1824.00;24.65;E0_0_800m;5.00;152;152;10.28;24.88
7200.00;7500.00;2244.00;25.63;E0_1_800m;5.00;187;187;12.16;25.88
7200.00;7500.00;1824.00;24.41;E0_0_900m;5.00;152;152;10.38;24.67
7200.00;7500.00;2268.00;25.26;E0_1_900m;5.00;189;190;12.51;25.53
7200.00;7500.00;1836.00;24.26;E0_0_1000m;5.00;153;153;10.51;24.49
7200.00;7500.00;2280.00;24.94;E0_1_1000m;5.00;190;190;12.70;25.22
7200.00;7500.00;1872.00;24.02;E0_0_1100m;5.00;156;155;10.77;24.23
7200.00;7500.00;2280.00;24.63;E0_1_1100m;5.00;190;190;12.86;24.92
7200.00;7500.00;1908.00;23.79;E0_0_1200m;5.00;159;159;11.14;24.00
7200.00;7500.00;2292.00;24.33;E0_1_1200m;5.00;191;191;13.08;24.62
7200.00;7500.00;1920.00;23.56;E0_0_1300m;5.00;160;159;11.26;23.77
7200.00;7500.00;2316.00;23.98;E0_1_1300m;5.00;193;192;13.40;24.26
7200.00;7500.00;1956.00;23.35;E0_0_1400m;5.00;163;163;11.64;23.55
7200.00;7500.00;2328.00;23.75;E0_1_1400m;5.00;194;194;13.61;24.03
7200.00;7500.00;1980.00;23.08;E0_0_1500m;5.00;165;164;11.86;23.28
7200.00;7500.00;2304.00;23.55;E0_1_1500m;5.00;192;192;13.59;23.83
7200.00;7500.00;1992.00;22.85;E0_0_1600m;5.00;166;166;12.11;23.07
7200.00;7500.00;2328.00;23.29;E0_1_1600m;5.00;194;194;13.89;23.54
7200.00;7500.00;2004.00;22.81;E0_0_1700m;5.00;167;167;12.20;23.00
7200.00;7500.00;2328.00;23.06;E0_1_1700m;5.00;194;194;14.02;23.29
7200.00;7500.00;2004.00;22.71;E0_0_1800m;5.00;167;167;12.26;22.87
7200.00;7500.00;2340.00;22.91;E0_1_1800m;5.00;195;196;14.21;23.12
7200.00;7500.00;2016.00;22.53;E0_0_1900m;5.00;168;168;12.43;22.67
7200.00;7500.00;2364.00;22.72;E0_1_1900m;5.00;197;197;14.45;22.91
7200.00;7500.00;2028.00;22.43;E0_0_2000m;5.00;169;169;12.56;22.57
7200.00;7500.00;2376.00;22.55;E0_1_2000m;5.00;198;199;14.64;22.71
7200.00;7500.00;2052.00;22.24;E0_0_2100m;5.00;171;171;12.82;22.35
7200.00;7500.00;2388.00;22.36;E0_1_2100m;5.00;199;198;14.77;22.49
7200.00;7500.00;2028.00;22.08;E0_0_2200m;5.00;169;169;12.76;22.19
7200.00;7500.00;2364.00;22.18;E0_1_2200m;5.00;197;198;14.85;22.30
7200.00;7500.00;2016.00;21.95;E0_0_2300m;5.00;168;168;12.76;22.05
7200.00;7500.00;2328.00;22.04;E0_1_2300m;5.00;194;194;14.67;22.15
7200.00;7500.00;1980.00;21.82;E0_0_2400m;5.00;165;165;12.60;21.91
7200.00;7500.00;2292.00;21.90;E0_1_2400m;5.00;191;191;14.54;22.00
7200.00;7500.00;1968.00;21.67;E0_0_2500m;5.00;164;164;12.61;21.78
7200.00;7500.00;2256.00;21.80;E0_1_2500m;5.00;188;188;14.38;21.89
7200.00;7500.00;1944.00;21.54;E0_0_2600m;5.00;162;162;12.53;21.66
7200.00;7500.00;2220.00;21.72;E0_1_2600m;5.00;185;185;14.19;21.81
7200.00;7500.00;1908.00;21.51;E0_0_2700m;5.00;159;159;12.32;21.60
7200.00;7500.00;2184.00;21.66;E0_1_2700m;5.00;182;183;14.03;21.73
7200.00;7500.00;1872.00;21.51;E0_0_2800m;5.00;156;156;12.08;21.58
7200.00;7500.00;2148.00;21.63;E0_1_2800m;5.00;179;180;13.85;21.69
7200.00;7500.00;1848.00;21.50;E0_0_2900m;5.00;154;154;11.94;21.56
7200.00;7500.00;2124.00;21.63;E0_1_2900m;5.00;177;177;13.64;21.69
7200.00;7500.00;1824.00;21.47;E0_0_3000m;5.00;152;152;11.80;21.53
7200.00;7500.00;2088.00;21.63;E0_1_3000m;5.00;174;174;13.41;21.68
7200.00;7500.00;1824.00;21.43;E0_0_3100m;5.00;152;152;11.82;21.49
7200.00;7500.00;2100.00;21.74;E0_1_3100m;5.00;175;174;13.36;21.82
7200.00;7500.00;1824.00;21.26;E0_0_3200m;5.00;152;152;11.92;21.35
7200.00;7500.00;2088.00;21.77;E0_1_3200m;5.00;174;174;13.32;21.88
7200.00;7500.00;1824.00;21.18;E0_0_3300m;5.00;152;152;11.96;21.28
7200.00;7500.00;2076.00;21.75;E0_1_3300m;5.00;173;173;13.26;21.88
7200.00;7500.00;1836.00;21.21;E0_0_3400m;5.00;153;153;12.02;21.30
7200.00;7500.00;2064.00;21.75;E0_1_3400m;5.00;172;173;13.19;21.92
7200.00;7500.00;1836.00;21.27;E0_0_3500m;5.00;153;153;11.99;21.36
7200.00;7500.00;2052.00;21.72;E0_1_3500m;5.00;171;171;13.12;21.93
7200.00;7500.00;1812.00;21.18;E0_0_3600m;5.00;151;151;11.88;21.28
7200.00;7500.00;2016.00;21.69;E0_1_3600m;5.00;168;168;12.91;21.91
7200.00;7500.00;1776.00;21.34;E0_0_3700m;5.00;148;149;11.60;21.41
7200.00;7500.00;2016.00;21.72;E0_1_3700m;5.00;168;168;12.89;21.95
7200.00;7500.00;1764.00;21.38;E0_0_3800m;5.00;147;147;11.46;21.45
7200.00;7500.00;2016.00;21.77;E0_1_3800m;5.00;168;167;12.80;22.02
7200.00;7500.00;1752.00;21.42;E0_0_3900m;5.00;146;146;11.36;21.49
7200.00;7500.00;1992.00;21.78;E0_1_3900m;5.00;166;167;12.73;22.03
7200.00;7500.00;1740.00;21.43;E0_0_4000m;5.00;145;145;11.28;21.50
7200.00;7500.00;1992.00;21.80;E0_1_4000m;5.00;166;166;12.69;22.06
7200.00;7500.00;1728.00;21.43;E0_0_4100m;5.00;144;144;11.20;21.50
7200.00;7500.00;1992.00;21.80;E0_1_4100m;5.00;166;166;12.69;22.04
7200.00;7500.00;1728.00;21.42;E0_0_4200m;5.00;144;144;11.21;21.50
7200.00;7500.00;1992.00;21.80;E0_1_4200m;5.00;166;166;12.69;22.02
7200.00;7500.00;1716.00;21.28;E0_0_4300m;5.00;143;143;11.20;21.40
7200.00;7500.00;1992.00;21.83;E0_1_4300m;5.00;166;167;12.73;22.05
7200.00;7500.00;1728.00;21.24;E0_0_4400m;5.00;144;144;11.30;21.37
7200.00;7500.00;1992.00;21.85;E0_1_4400m;5.00;166;166;12.66;22.06
7200.00;7500.00;1728.00;21.27;E0_0_4500m;5.00;144;144;11.28;21.40
7200.00;7500.00;1992.00;21.88;E0_1_4500m;5.00;166;166;12.64;22.09
7200.00;7500.00;1728.00;21.48;E0_0_4600m;5.00;144;144;11.17;21.58
7200.00;7500.00;1980.00;21.91;E0_1_4600m;5.00;165;165;12.55;22.10
7200.00;7500.00;1728.00;21.62;E0_0_4700m;5.00;144;144;11.10;21.71
7200.00;7500.00;1980.00;21.98;E0_1_4700m;5.00;165;166;12.54;22.15
7200.00;7500.00;1716.00;21.74;E0_0_4800m;5.00;143;143;10.96;21.83
7200.00;7500.00;1980.00;22.06;E0_1_4800m;5.00;165;165;12.47;22.22
7200.00;7500.00;1716.00;21.94;E0_0_4900m;5.00;143;142;10.86;22.02
7200.00;7500.00;1980.00;22.19;E0_1_4900m;5.00;165;165;12.39;22.34
7200.00;7500.00;1692.00;22.12;E0_0_5000m;5.00;141;141;10.62;22.21
7200.00;7500.00;1944.00;22.32;E0_1_5000m;5.00;162;162;12.10;22.47
7500.00;7800.00;0.00;-1.00;E0_0_0m;-1.00;0;0;0.00;-1.00
7500.00;7800.00;0.00;-1.00;E0_1_0m;-1.00;0;0;0.00;-1.00
7500.00;7800.00;1788.00;26.37;E0_0_100m;5.00;149;150;9.44;26.51
7500.00;7800.00;2340.00;27.76;E0_1_100m;5.00;195;195;11.71;27.88
7500.00;7800.00;1836.00;26.12;E0_0_200m;5.00;153;153;9.76;26.27
7500.00;7800.00;2292.00;28.02;E0_1_200m;5.00;191;191;11.36;28.15
7500.00;7800.00;1872.00;25.94;E0_0_300m;5.00;156;155;9.96;26.12
7500.00;7800.00;2268.00;27.98;E0_1_300m;5.00;189;189;11.26;28.12
7500.00;7800.00;1836.00;25.75;E0_0_400m;5.00;153;153;9.90;25.96
7500.00;7800.00;2304.00;27.74;E0_1_400m;5.00;192;192;11.54;27.89
7500.00;7800.00;1800.00;25.73;E0_0_500m;5.00;150;150;9.72;25.95
7500.00;7800.00;2316.00;27.55;E0_1_500m;5.00;193;193;11.68;27.69
7500.00;7800.00;1788.00;25.62;E0_0_600m;5.00;149;149;9.69;25.84
7500.00;7800.00;2292.00;27.47;E0_1_600m;5.00;191;191;11.59;27.61
7500.00;7800.00;1764.00;25.47;E0_0_700m;5.00;147;146;9.60;25.70
7500.00;7800.00;2292.00;27.52;E0_1_700m;5.00;191;191;11.57;27.65
7500.00;7800.00;1764.00;25.38;E0_0_800m;5.00;147;147;9.66;25.58
7500.00;7800.00;2280.00;27.64;E0_1_800m;5.00;190;190;11.46;27.76
7500.00;7800.00;1752.00;25.32;E0_0_900m;5.00;146;146;9.61;25.52
7500.00;7800.00;2280.00;27.70;E0_1_900m;5.00;190;189;11.39;27.82
7500.00;7800.00;1776.00;25.37;E0_0_1000m;5.00;148;148;9.72;25.57
7500.00;7800.00;2256.00;27.72;E0_1_1000m;5.00;188;188;11.30;27.82
7500.00;7800.00;1764.00;25.46;E0_0_1100m;5.00;147;147;9.62;25.66
7500.00;7800.00;2268.00;27.80;E0_1_1100m;5.00;189;189;11.33;27.89
7500.00;7800.00;1776.00;25.47;E0_0_1200m;5.00;148;148;9.68;25.67
7500.00;7800.00;2208.00;27.96;E0_1_1200m;5.00;184;184;10.97;28.04
7500.00;7800.00;1800.00;25.37;E0_0_1300m;5.00;150;150;9.86;25.57
7500.00;7800.00;2232.00;28.06;E0_1_1300m;5.00;186;186;11.05;28.14
7500.00;7800.00;1848.00;25.14;E0_0_1400m;5.00;154;154;10.21;25.36
7500.00;7800.00;2208.00;28.02;E0_1_1400m;5.00;184;184;10.94;28.11
7500.00;7800.00;1872.00;24.97;E0_0_1500m;5.00;156;156;10.41;25.19
7500.00;7800.00;2244.00;27.93;E0_1_1500m;5.00;187;187;11.16;28.01
7500.00;7800.00;1860.00;24.77;E0_0_1600m;5.00;155;155;10.43;25.00
7500.00;7800.00;2256.00;27.86;E0_1_1600m;5.00;188;188;11.25;27.94
7500.00;7800.00;1872.00;24.80;E0_0_1700m;5.00;156;156;10.49;25.02
7500.00;7800.00;2268.00;27.79;E0_1_1700m;5.00;189;189;11.34;27.88
7500.00;7800.00;1848.00;24.84;E0_0_1800m;5.00;154;154;10.33;25.05
7500.00;7800.00;2280.00;27.76;E0_1_1800m;5.00;190;189;11.38;27.84
7500.00;7800.00;1848.00;25.00;E0_0_1900m;5.00;154;155;10.30;25.22
7500.00;7800.00;2268.00;27.74;E0_1_1900m;5.00;189;189;11.36;27.82
7500.00;7800.00;1860.00;25.21;E0_0_2000m;5.00;155;155;10.25;25.41
7500.00;7800.00;2220.00;27.77;E0_1_2000m;5.00;185;184;11.09;27.86
7500.00;7800.00;1848.00;25.37;E0_0_2100m;5.00;154;154;10.12;25.54
7500.00;7800.00;2220.00;27.76;E0_1_2100m;5.00;185;186;11.11;27.85
7500.00;7800.00;1860.00;25.49;E0_0_2200m;5.00;155;155;10.13;25.63
7500.00;7800.00;2244.00;27.72;E0_1_2200m;5.00;187;186;11.19;27.81
7500.00;7800.00;1848.00;25.51;E0_0_2300m;5.00;154;154;10.06;25.62
7500.00;7800.00;2280.00;27.62;E0_1_2300m;5.00;190;190;11.46;27.71
7500.00;7800.00;1896.00;25.42;E0_0_2400m;5.00;158;158;10.36;25.54
7500.00;7800.00;2280.00;27.52;E0_1_2400m;5.00;190;190;11.51;27.61
7500.00;7800.00;1908.00;25.38;E0_0_2500m;5.00;159;159;10.44;25.49
7500.00;7800.00;2268.00;27.41;E0_1_2500m;5.00;189;189;11.49;27.50
7500.00;7800.00;1908.00;25.27;E0_0_2600m;5.00;159;159;10.49;25.37
7500.00;7800.00;2280.00;27.20;E0_1_2600m;5.00;190;190;11.64;27.29
7500.00;7800.00;1920.00;25.33;E0_0_2700m;5.00;160;161;10.57;25.42
7500.00;7800.00;2280.00;27.07;E0_1_2700m;5.00;190;189;11.67;27.15
7500.00;7800.00;1920.00;25.36;E0_0_2800m;5.00;160;160;10.52;25.45
7500.00;7800.00;2304.00;27.02;E0_1_2800m;5.00;192;191;11.78;27.11
7500.00;7800.00;1956.00;25.36;E0_0_2900m;5.00;163;164;10.72;25.45
7500.00;7800.00;2256.00;26.97;E0_1_2900m;5.00;188;188;11.62;27.08
7500.00;7800.00;1932.00;25.27;E0_0_3000m;5.00;161;162;10.63;25.34
7500.00;7800.00;2280.00;26.80;E0_1_3000m;5.00;190;190;11.82;26.91
7500.00;7800.00;1896.00;25.13;E0_0_3100m;5.00;158;158;10.48;25.20
7500.00;7800.00;2292.00;26.68;E0_1_3100m;5.00;191;191;11.93;26.79
7500.00;7800.00;1884.00;25.12;E0_0_3200m;5.00;157;157;10.42;25.19
7500.00;7800.00;2304.00;26.57;E0_1_3200m;5.00;192;192;12.04;26.69
7500.00;7800.00;1896.00;25.11;E0_0_3300m;5.00;158;158;10.49;25.18
7500.00;7800.00;2292.00;26.47;E0_1_3300m;5.00;191;191;12.03;26.58
7500.00;7800.00;1896.00;25.14;E0_0_3400m;5.00;158;158;10.47;25.21
7500.00;7800.00;2292.00;26.31;E0_1_3400m;5.00;191;191;12.10;26.43
7500.00;7800.00;1848.00;25.01;E0_0_3500m;5.00;154;154;10.26;25.07
7500.00;7800.00;2280.00;26.32;E0_1_3500m;5.00;190;190;12.03;26.45
7500.00;7800.00;1860.00;24.85;E0_0_3600m;5.00;155;155;10.39;24.92
7500.00;7800.00;2280.00;26.19;E0_1_3600m;5.00;190;190;12.09;26.36
7500.00;7800.00;1860.00;24.75;E0_0_3700m;5.00;155;154;10.40;24.82
7500.00;7800.00;2304.00;25.94;E0_1_3700m;5.00;192;192;12.34;26.12
7500.00;7800.00;1884.00;24.60;E0_0_3800m;5.00;157;157;10.64;24.67
7500.00;7800.00;2316.00;25.68;E0_1_3800m;5.00;193;193;12.53;25.88
7500.00;7800.00;1920.00;24.42;E0_0_3900m;5.00;160;160;10.92;24.50
7500.00;7800.00;2340.00;25.40;E0_1_3900m;5.00;195;194;12.77;25.61
7500.00;7800.00;1932.00;24.28;E0_0_4000m;5.00;161;161;11.05;24.36
7500.00;7800.00;2352.00;25.14;E0_1_4000m;5.00;196;196;12.99;25.35
7500.00;7800.00;1956.00;24.13;E0_0_4100m;5.00;163;163;11.26;24.23
7500.00;7800.00;2364.00;24.88;E0_1_4100m;5.00;197;197;13.20;25.09
7500.00;7800.00;1968.00;23.97;E0_0_4200m;5.00;164;164;11.40;24.07
7500.00;7800.00;2388.00;24.68;E0_1_4200m;5.00;199;200;13.47;24.90
7500.00;7800.00;1980.00;23.84;E0_0_4300m;5.00;165;165;11.54;23.93
7500.00;7800.00;2424.00;24.60;E0_1_4300m;5.00;202;201;13.63;24.83
7500.00;7800.00;1992.00;23.79;E0_0_4400m;5.00;166;167;11.63;23.89
7500.00;7800.00;2448.00;24.54;E0_1_4400m;5.00;204;204;13.85;24.78
7500.00;7800.00;1992.00;23.83;E0_0_4500m;5.00;166;166;11.61;23.92
7500.00;7800.00;2448.00;24.46;E0_1_4500m;5.00;204;204;13.90;24.67
7500.00;7800.00;2028.00;23.84;E0_0_4600m;5.00;169;169;11.82;23.93
7500.00;7800.00;2448.00;24.40;E0_1_4600m;5.00;204;204;13.94;24.59
7500.00;7800.00;2040.00;23.80;E0_0_4700m;5.00;170;170;11.90;23.88
7500.00;7800.00;2460.00;24.37;E0_1_4700m;5.00;205;204;14.00;24.55
7500.00;7800.00;2076.00;23.83;E0_0_4800m;5.00;173;173;12.10;23.91
7500.00;7800.00;2472.00;24.38;E0_1_4800m;5.00;206;207;14.10;24.54
7500.00;7800.00;2088.00;23.97;E0_0_4900m;5.00;174;174;12.10;24.05
7500.00;7800.00;2520.00;24.48;E0_1_4900m;5.00;210;210;14.30;24.64
7500.00;7800.00;2112.00;24.13;E0_0_5000m;5.00;176;176;12.15;24.21
7500.00;7800.00;2520.00;24.54;E0_1_5000m;5.00;210;211;14.30;24.68
