interval_begin;interval_end;interval_flow;interval_harmonicMeanSpeed;interval_id;interval_length;interval_nVehContrib;interval_nVehEntered;interval_occupancy;interval_speed
0.00;300.00;0.00;-1.00;E0_0_0m;-1.00;0;0;0.00;-1.00
0.00;300.00;0.00;-1.00;E0_1_0m;-1.00;0;0;0.00;-1.00
0.00;300.00;1464.00;27.43;E0_0_100m;5.00;122;123;7.46;27.55
0.00;300.00;1896.00;28.71;E0_1_100m;5.00;158;158;9.17;28.88
0.00;300.00;1500.00;27.20;E0_0_200m;5.00;125;125;7.66;27.33
0.00;300.00;1848.00;28.99;E0_1_200m;5.00;154;154;8.85;29.14
0.00;300.00;1524.00;27.05;E0_0_300m;5.00;127;127;7.82;27.17
0.00;300.00;1788.00;29.00;E0_1_300m;5.00;149;149;8.56;29.13
0.00;300.00;1476.00;26.88;E0_0_400m;5.00;123;123;7.63;26.99
0.00;300.00;1788.00;28.92;E0_1_400m;5.00;149;149;8.59;29.05
0.00;300.00;1476.00;26.82;E0_0_500m;5.00;123;123;7.64;26.92
0.00;300.00;1776.00;28.78;E0_1_500m;5.00;148;148;8.57;28.90
0.00;300.00;1440.00;26.80;E0_0_600m;5.00;120;120;7.46;26.91
0.00;300.00;1764.00;28.58;E0_1_600m;5.00;147;147;8.57;28.70
0.00;300.00;1428.00;26.78;E0_0_700m;5.00;119;119;7.41;26.88
0.00;300.00;1752.00;28.39;E0_1_700m;5.00;146;146;8.57;28.49
0.00;300.00;1368.00;26.91;E0_0_800m;5.00;114;114;7.06;27.01
0.00;300.00;1764.00;28.24;E0_1_800m;5.00;147;147;8.68;28.33
0.00;300.00;1344.00;26.85;E0_0_900m;5.00;112;112;6.95;26.96
0.00;300.00;1716.00;28.22;E0_1_900m;5.00;143;143;8.45;28.32
0.00;300.00;1284.00;26.77;E0_0_1000m;5.00;107;107;6.66;26.88
0.00;300.00;1704.00;28.16;E0_1_1000m;5.00;142;142;8.40;28.26
0.00;300.00;1272.00;26.68;E0_0_1100m;5.00;106;106;6.62;26.79
0.00;300.00;1692.00;28.08;E0_1_1100m;5.00;141;141;8.37;28.17
0.00;300.00;1248.00;26.71;E0_0_1200m;5.00;104;104;6.49;26.83
0.00;300.00;1656.00;27.93;E0_1_1200m;5.00;138;138;8.24;28.02
0.00;300.00;1224.00;26.71;E0_0_1300m;5.00;102;102;6.37;26.84
0.00;300.00;1620.00;27.86;E0_1_1300m;5.00;135;135;8.08;27.95
0.00;300.00;1188.00;26.80;E0_0_1400m;5.00;99;99;6.16;26.92
0.00;300.00;1596.00;27.90;E0_1_1400m;5.00;133;133;7.94;28.00
0.00;300.00;1212.00;26.75;E0_0_1500m;5.00;101;101;6.29;26.86
0.00;300.00;1536.00;28.13;E0_1_1500m;5.00;128;128;7.58;28.24
0.00;300.00;1188.00;26.69;E0_0_1600m;5.00;99;99;6.18;26.81
0.00;300.00;1524.00;28.23;E0_1_1600m;5.00;127;127;7.50;28.34
0.00;300.00;1176.00;26.56;E0_0_1700m;5.00;98;98;6.15;26.68
0.00;300.00;1488.00;28.19;E0_1_1700m;5.00;124;124;7.33;28.30
0.00;300.00;1164.00;26.50;E0_0_1800m;5.00;97;97;6.10;26.64
0.00;300.00;1452.00;27.98;E0_1_1800m;5.00;121;122;7.22;28.11
0.00;300.00;1128.00;26.52;E0_0_1900m;5.00;94;95;5.93;26.66
0.00;300.00;1440.00;27.83;E0_1_1900m;5.00;120;120;7.19;27.97
0.00;300.00;1140.00;26.45;E0_0_2000m;5.00;95;95;5.99;26.60
0.00;300.00;1404.00;27.83;E0_1_2000m;5.00;117;117;7.01;27.98
0.00;300.00;1116.00;26.42;E0_0_2100m;5.00;93;93;5.87;26.58
0.00;300.00;1380.00;27.77;E0_1_2100m;5.00;115;115;6.90;27.92
0.00;300.00;1092.00;26.36;E0_0_2200m;5.00;91;91;5.75;26.53
0.00;300.00;1344.00;27.73;E0_1_2200m;5.00;112;112;6.73;27.91
0.00;300.00;1044.00;26.30;E0_0_2300m;5.00;87;88;5.57;26.48
0.00;300.00;1332.00;27.64;E0_1_2300m;5.00;111;111;6.69;27.82
0.00;300.00;1020.00;26.24;E0_0_2400m;5.00;85;85;5.40;26.42
0.00;300.00;1308.00;27.59;E0_1_2400m;5.00;109;109;6.59;27.76
0.00;300.00;984.00;26.08;E0_0_2500m;5.00;82;82;5.24;26.27
0.00;300.00;1284.00;27.50;E0_1_2500m;5.00;107;107;6.48;27.67
0.00;300.00;936.00;26.03;E0_0_2600m;5.00;78;78;4.99;26.24
0.00;300.00;1296.00;27.51;E0_1_2600m;5.00;108;108;6.54;27.69
0.00;300.00;924.00;26.19;E0_0_2700m;5.00;77;77;4.90;26.39
0.00;300.00;1236.00;27.47;E0_1_2700m;5.00;103;103;6.25;27.65
0.00;300.00;924.00;26.20;E0_0_2800m;5.00;77;77;4.90;26.40
0.00;300.00;1200.00;27.41;E0_1_2800m;5.00;100;100;6.08;27.59
0.00;300.00;900.00;26.05;E0_0_2900m;5.00;75;76;4.84;26.27
0.00;300.00;1188.00;27.42;E0_1_2900m;5.00;99;99;6.02;27.60
0.00;300.00;912.00;26.09;E0_0_3000m;5.00;76;76;4.86;26.32
0.00;300.00;1152.00;27.39;E0_1_3000m;5.00;96;96;5.84;27.57
0.00;300.00;888.00;26.15;E0_0_3100m;5.00;74;74;4.72;26.37
0.00;300.00;1128.00;27.43;E0_1_3100m;5.00;94;94;5.71;27.61
0.00;300.00;876.00;26.24;E0_0_3200m;5.00;73;73;4.64;26.43
0.00;300.00;1080.00;27.53;E0_1_3200m;5.00;90;90;5.45;27.71
0.00;300.00;876.00;26.18;E0_0_3300m;5.00;73;73;4.65;26.38
0.00;300.00;1032.00;27.68;E0_1_3300m;5.00;86;86;5.18;27.86
0.00;300.00;840.00;26.03;E0_0_3400m;5.00;70;70;4.48;26.23
0.00;300.00;1008.00;27.51;E0_1_3400m;5.00;84;84;5.09;27.70
0.00;300.00;828.00;25.95;E0_0_3500m;5.00;69;69;4.43;26.16
0.00;300.00;960.00;27.54;E0_1_3500m;5.00;80;80;4.84;27.75
0.00;300.00;780.00;26.05;E0_0_3600m;5.00;65;65;4.16;26.27
0.00;300.00;960.00;27.71;E0_1_3600m;5.00;80;80;4.81;27.91
0.00;300.00;732.00;26.20;E0_0_3700m;5.00;61;61;3.88;26.41
0.00;300.00;936.00;27.84;E0_1_3700m;5.00;78;78;4.67;28.02
0.00;300.00;732.00;26.38;E0_0_3800m;5.00;61;61;3.85;26.59
0.00;300.00;864.00;27.85;E0_1_3800m;5.00;72;72;4.31;28.01
0.00;300.00;684.00;26.56;E0_0_3900m;5.00;57;57;3.58;26.75
0.00;300.00;840.00;27.88;E0_1_3900m;5.00;70;70;4.19;28.05
0.00;300.00;660.00;26.91;E0_0_4000m;5.00;55;55;3.41;27.08
0.00;300.00;792.00;27.84;E0_1_4000m;5.00;66;67;4.01;28.03
0.00;300.00;648.00;26.99;E0_0_4100m;5.00;54;54;3.34;27.15
0.00;300.00;768.00;27.85;E0_1_4100m;5.00;64;64;3.83;28.03
0.00;300.00;648.00;27.13;E0_0_4200m;5.00;54;54;3.32;27.32
0.00;300.00;720.00;27.87;E0_1_4200m;5.00;60;60;3.59;28.01
0.00;300.00;636.00;27.56;E0_0_4300m;5.00;53;54;3.21;27.91
0.00;300.00;672.00;27.82;E0_1_4300m;5.00;56;57;3.41;27.97
0.00;300.00;612.00;27.46;E0_0_4400m;5.00;51;51;3.10;27.63
0.00;300.00;636.00;27.99;E0_1_4400m;5.00;53;53;3.16;28.11
0.00;300.00;600.00;27.64;E0_0_4500m;5.00;50;50;3.02;27.81
0.00;300.00;600.00;28.00;E0_1_4500m;5.00;50;50;2.98;28.10
0.00;300.00;600.00;27.61;E0_0_4600m;5.00;50;50;3.02;27.78
0.00;300.00;600.00;27.95;E0_1_4600m;5.00;50;50;2.98;28.05
0.00;300.00;576.00;27.70;E0_0_4700m;5.00;48;48;2.89;27.86
0.00;300.00;576.00;27.95;E0_1_4700m;5.00;48;48;2.86;28.05
0.00;300.00;552.00;27.53;E0_0_4800m;5.00;46;46;2.78;27.72
0.00;300.00;576.00;27.82;E0_1_4800m;5.00;48;48;2.88;27.91
0.00;300.00;528.00;27.24;E0_0_4900m;5.00;44;44;2.69;27.46
0.00;300.00;564.00;27.76;E0_1_4900m;5.00;47;47;2.82;27.84
0.00;300.00;528.00;27.37;E0_0_5000m;5.00;44;44;2.68;27.56
0.00;300.00;564.00;27.73;E0_1_5000m;5.00;47;47;2.82;27.81
300.00;600.00;0.00;-1.00;E0_0_0m;-1.00;0;0;0.00;-1.00
300.00;600.00;0.00;-1.00;E0_1_0m;-1.00;0;0;0.00;-1.00
300.00;600.00;1920.00;27.31;E0_0_100m;5.00;160;160;9.76;27.41
300.00;600.00;2004.00;29.25;E0_1_100m;5.00;167;167;9.51;29.34
300.00;600.00;1908.00;27.26;E0_0_200m;5.00;159;159;9.72;27.38
300.00;600.00;1980.00;29.38;E0_1_200m;5.00;165;165;9.36;29.51
300.00;600.00;1884.00;27.20;E0_0_300m;5.00;157;157;9.62;27.34
300.00;600.00;1980.00;29.32;E0_1_300m;5.00;165;166;9.39;29.46
300.00;600.00;1872.00;26.98;E0_0_400m;5.00;156;156;9.64;27.13
300.00;600.00;1992.00;29.20;E0_1_400m;5.00;166;167;9.48;29.31
300.00;600.00;1848.00;27.02;E0_0_500m;5.00;154;154;9.50;27.13
300.00;600.00;1992.00;29.03;E0_1_500m;5.00;166;166;9.53;29.14
300.00;600.00;1800.00;26.79;E0_0_600m;5.00;150;150;9.33;26.90
300.00;600.00;2028.00;28.88;E0_1_600m;5.00;169;169;9.75;28.99
300.00;600.00;1764.00;26.51;E0_0_700m;5.00;147;147;9.24;26.64
300.00;600.00;2064.00;28.80;E0_1_700m;5.00;172;172;9.95;28.91
300.00;600.00;1728.00;26.29;E0_0_800m;5.00;144;144;9.13;26.41
300.00;600.00;2088.00;28.67;E0_1_800m;5.00;174;174;10.12;28.78
300.00;600.00;1752.00;26.22;E0_0_900m;5.00;146;146;9.28;26.34
300.00;600.00;2100.00;28.62;E0_1_900m;5.00;175;175;10.19;28.72
300.00;600.00;1776.00;26.38;E0_0_1000m;5.00;148;148;9.35;26.48
300.00;600.00;2112.00;28.58;E0_1_1000m;5.00;176;176;10.26;28.68
300.00;600.00;1776.00;26.34;E0_0_1100m;5.00;148;148;9.37;26.42
300.00;600.00;2100.00;28.63;E0_1_1100m;5.00;175;175;10.19;28.74
300.00;600.00;1776.00;26.16;E0_0_1200m;5.00;148;148;9.43;26.25
300.00;600.00;2124.00;28.65;E0_1_1200m;5.00;177;177;10.30;28.77
300.00;600.00;1740.00;26.04;E0_0_1300m;5.00;145;145;9.28;26.13
300.00;600.00;2184.00;28.61;E0_1_1300m;5.00;182;182;10.60;28.72
300.00;600.00;1716.00;26.13;E0_0_1400m;5.00;143;143;9.12;26.21
300.00;600.00;2208.00;28.58;E0_1_1400m;5.00;184;184;10.73;28.69
300.00;600.00;1680.00;26.13;E0_0_1500m;5.00;140;141;8.93;26.21
300.00;600.00;2208.00;28.58;E0_1_1500m;5.00;184;184;10.73;28.69
300.00;600.00;1632.00;26.18;E0_0_1600m;5.00;136;136;8.66;26.26
300.00;600.00;2232.00;28.59;E0_1_1600m;5.00;186;186;10.84;28.69
300.00;600.00;1668.00;26.21;E0_0_1700m;5.00;139;139;8.84;26.30
300.00;600.00;2184.00;28.68;E0_1_1700m;5.00;182;182;10.57;28.78
300.00;600.00;1644.00;26.19;E0_0_1800m;5.00;137;137;8.72;26.29
300.00;600.00;2208.00;28.74;E0_1_1800m;5.00;184;184;10.67;28.84
300.00;600.00;1644.00;26.28;E0_0_1900m;5.00;137;137;8.69;26.37
300.00;600.00;2184.00;28.78;E0_1_1900m;5.00;182;182;10.54;28.87
300.00;600.00;1668.00;26.33;E0_0_2000m;5.00;139;139;8.80;26.42
300.00;600.00;2148.00;28.85;E0_1_2000m;5.00;179;180;10.37;28.93
300.00;600.00;1668.00;26.28;E0_0_2100m;5.00;139;139;8.82;26.37
300.00;600.00;2160.00;28.86;E0_1_2100m;5.00;180;180;10.39;28.93
300.00;600.00;1692.00;26.25;E0_0_2200m;5.00;141;141;8.95;26.35
300.00;600.00;2148.00;28.87;E0_1_2200m;5.00;179;179;10.33;28.93
300.00;600.00;1716.00;26.25;E0_0_2300m;5.00;143;142;9.02;26.35
300.00;600.00;2136.00;28.90;E0_1_2300m;5.00;178;178;10.26;28.96
300.00;600.00;1716.00;26.30;E0_0_2400m;5.00;143;143;9.06;26.45
300.00;600.00;2136.00;28.89;E0_1_2400m;5.00;178;179;10.32;28.95
300.00;600.00;1740.00;26.27;E0_0_2500m;5.00;145;145;9.20;26.37
300.00;600.00;2172.00;28.85;E0_1_2500m;5.00;181;181;10.45;28.91
300.00;600.00;1728.00;26.18;E0_0_2600m;5.00;144;144;9.17;26.27
300.00;600.00;2160.00;28.85;E0_1_2600m;5.00;180;180;10.40;28.90
300.00;600.00;1740.00;26.04;E0_0_2700m;5.00;145;145;9.28;26.13
300.00;600.00;2160.00;28.84;E0_1_2700m;5.00;180;180;10.40;28.89
300.00;600.00;1728.00;26.04;E0_0_2800m;5.00;144;144;9.22;26.13
300.00;600.00;2172.00;28.81;E0_1_2800m;5.00;181;181;10.47;28.88
300.00;600.00;1740.00;26.01;E0_0_2900m;5.00;145;144;9.25;26.10
300.00;600.00;2136.00;28.86;E0_1_2900m;5.00;178;178;10.28;28.93
300.00;600.00;1692.00;25.92;E0_0_3000m;5.00;141;141;9.07;26.00
300.00;600.00;2148.00;28.89;E0_1_3000m;5.00;179;179;10.33;28.96
300.00;600.00;1692.00;25.79;E0_0_3100m;5.00;141;141;9.11;25.87
300.00;600.00;2136.00;29.01;E0_1_3100m;5.00;178;178;10.23;29.09
300.00;600.00;1656.00;25.83;E0_0_3200m;5.00;138;140;9.01;25.92
300.00;600.00;2160.00;29.01;E0_1_3200m;5.00;180;180;10.34;29.08
300.00;600.00;1608.00;25.87;E0_0_3300m;5.00;134;134;8.63;25.95
300.00;600.00;2196.00;28.89;E0_1_3300m;5.00;183;183;10.56;28.97
300.00;600.00;1608.00;25.87;E0_0_3400m;5.00;134;134;8.63;25.96
300.00;600.00;2184.00;28.90;E0_1_3400m;5.00;182;183;10.55;28.98
300.00;600.00;1608.00;25.93;E0_0_3500m;5.00;134;134;8.61;26.01
300.00;600.00;2208.00;28.80;E0_1_3500m;5.00;184;184;10.65;28.88
300.00;600.00;1608.00;25.91;E0_0_3600m;5.00;134;134;8.62;25.99
300.00;600.00;2196.00;28.75;E0_1_3600m;5.00;183;183;10.61;28.82
300.00;600.00;1620.00;25.86;E0_0_3700m;5.00;135;135;8.70;25.95
300.00;600.00;2208.00;28.70;E0_1_3700m;5.00;184;184;10.68;28.77
300.00;600.00;1632.00;25.67;E0_0_3800m;5.00;136;137;8.83;25.75
300.00;600.00;2220.00;28.56;E0_1_3800m;5.00;185;185;10.80;28.68
300.00;600.00;1668.00;25.49;E0_0_3900m;5.00;139;139;9.09;25.58
300.00;600.00;2256.00;28.61;E0_1_3900m;5.00;188;188;10.95;28.68
300.00;600.00;1704.00;25.33;E0_0_4000m;5.00;142;142;9.34;25.43
300.00;600.00;2256.00;28.63;E0_1_4000m;5.00;188;188;10.90;28.71
300.00;600.00;1764.00;25.49;E0_0_4100m;5.00;147;147;9.61;25.60
300.00;600.00;2220.00;28.68;E0_1_4100m;5.00;185;185;10.75;28.78
300.00;600.00;1800.00;25.46;E0_0_4200m;5.00;150;150;9.82;25.59
300.00;600.00;2184.00;28.67;E0_1_4200m;5.00;182;182;10.58;28.78
300.00;600.00;1800.00;25.51;E0_0_4300m;5.00;150;149;9.79;25.65
300.00;600.00;2172.00;28.58;E0_1_4300m;5.00;181;182;10.57;28.70
300.00;600.00;1788.00;25.57;E0_0_4400m;5.00;149;149;9.71;25.72
300.00;600.00;2184.00;28.49;E0_1_4400m;5.00;182;183;10.67;28.62
300.00;600.00;1764.00;25.53;E0_0_4500m;5.00;147;147;9.60;25.66
300.00;600.00;2184.00;28.48;E0_1_4500m;5.00;182;182;10.65;28.63
300.00;600.00;1764.00;25.48;E0_0_4600m;5.00;147;147;9.62;25.62
300.00;600.00;2124.00;28.53;E0_1_4600m;5.00;177;177;10.34;28.70
300.00;600.00;1776.00;25.41;E0_0_4700m;5.00;148;148;9.71;25.53
300.00;600.00;2088.00;28.36;E0_1_4700m;5.00;174;174;10.23;28.52
300.00;600.00;1764.00;25.39;E0_0_4800m;5.00;147;147;9.65;25.50
300.00;600.00;2064.00;28.30;E0_1_4800m;5.00;172;172;10.13;28.46
300.00;600.00;1728.00;25.44;E0_0_4900m;5.00;144;144;9.43;25.56
300.00;600.00;2064.00;28.19;E0_1_4900m;5.00;172;172;10.17;28.35
300.00;600.00;1656.00;25.48;E0_0_5000m;5.00;138;139;9.03;25.60
300.00;600.00;2052.00;28.10;E0_1_5000m;5.00;171;171;10.14;28.26
600.00;900.00;0.00;-1.00;E0_0_0m;-1.00;0;0;0.00;-1.00
600.00;900.00;0.00;-1.00;E0_1_0m;-1.00;0;0;0.00;-1.00
600.00;900.00;1968.00;26.07;E0_0_100m;5.00;164;165;10.50;26.24
600.00;900.00;1908.00;28.07;E0_1_100m;5.00;159;160;9.48;28.28
600.00;900.00;1932.00;26.02;E0_0_200m;5.00;161;161;10.31;26.19
600.00;900.00;1944.00;28.30;E0_1_200m;5.00;162;162;9.54;28.59
600.00;900.00;1860.00;26.14;E0_0_300m;5.00;155;155;9.88;26.30
600.00;900.00;2004.00;28.13;E0_1_300m;5.00;167;166;9.88;28.44
600.00;900.00;1812.00;26.21;E0_0_400m;5.00;151;151;9.60;26.38
600.00;900.00;2028.00;27.96;E0_1_400m;5.00;169;169;10.07;28.26
600.00;900.00;1776.00;26.20;E0_0_500m;5.00;148;148;9.41;26.37
600.00;900.00;2028.00;27.77;E0_1_500m;5.00;169;170;10.17;28.05
600.00;900.00;1788.00;26.08;E0_0_600m;5.00;149;150;9.53;26.25
600.00;900.00;2040.00;27.59;E0_1_600m;5.00;170;170;10.27;27.88
600.00;900.00;1740.00;25.95;E0_0_700m;5.00;145;146;9.35;26.11
600.00;900.00;2040.00;27.41;E0_1_700m;5.00;170;171;10.37;27.70
600.00;900.00;1716.00;25.75;E0_0_800m;5.00;143;143;9.25;25.92
600.00;900.00;2076.00;27.25;E0_1_800m;5.00;173;173;10.58;27.52
600.00;900.00;1716.00;25.80;E0_0_900m;5.00;143;144;9.28;25.97
600.00;900.00;2064.00;27.08;E0_1_900m;5.00;172;172;10.59;27.34
600.00;900.00;1692.00;25.73;E0_0_1000m;5.00;141;141;9.13;25.90
600.00;900.00;2052.00;26.91;E0_1_1000m;5.00;171;171;10.59;27.18
600.00;900.00;1656.00;25.50;E0_0_1100m;5.00;138;138;9.02;25.73
600.00;900.00;2076.00;26.90;E0_1_1100m;5.00;173;173;10.72;27.17
600.00;900.00;1680.00;25.55;E0_0_1200m;5.00;140;141;9.18;25.77
600.00;900.00;2076.00;26.85;E0_1_1200m;5.00;173;173;10.74;27.14
600.00;900.00;1680.00;25.52;E0_0_1300m;5.00;140;140;9.14;25.73
600.00;900.00;2064.00;26.75;E0_1_1300m;5.00;172;172;10.72;27.03
600.00;900.00;1716.00;25.34;E0_0_1400m;5.00;143;143;9.41;25.53
600.00;900.00;2040.00;26.61;E0_1_1400m;5.00;170;170;10.65;26.90
600.00;900.00;1728.00;25.33;E0_0_1500m;5.00;144;143;9.47;25.51
600.00;900.00;2052.00;26.29;E0_1_1500m;5.00;171;171;10.84;26.56
600.00;900.00;1728.00;25.32;E0_0_1600m;5.00;144;144;9.48;25.50
600.00;900.00;2064.00;26.19;E0_1_1600m;5.00;172;172;10.94;26.45
600.00;900.00;1728.00;25.22;E0_0_1700m;5.00;144;144;9.52;25.40
600.00;900.00;2076.00;26.19;E0_1_1700m;5.00;173;173;11.01;26.44
600.00;900.00;1752.00;25.04;E0_0_1800m;5.00;146;146;9.72;25.21
600.00;900.00;2052.00;26.07;E0_1_1800m;5.00;171;171;10.93;26.32
600.00;900.00;1764.00;25.00;E0_0_1900m;5.00;147;147;9.80;25.19
600.00;900.00;2100.00;26.04;E0_1_1900m;5.00;175;175;11.20;26.28
600.00;900.00;1728.00;25.04;E0_0_2000m;5.00;144;144;9.58;25.21
600.00;900.00;2148.00;26.06;E0_1_2000m;5.00;179;178;11.42;26.27
600.00;900.00;1740.00;24.86;E0_0_2100m;5.00;145;145;9.72;25.02
600.00;900.00;2136.00;26.01;E0_1_2100m;5.00;178;178;11.41;26.21
600.00;900.00;1740.00;24.90;E0_0_2200m;5.00;145;145;9.71;25.03
600.00;900.00;2136.00;25.82;E0_1_2200m;5.00;178;178;11.49;26.00
600.00;900.00;1740.00;24.72;E0_0_2300m;5.00;145;145;9.77;24.87
600.00;900.00;2148.00;25.73;E0_1_2300m;5.00;179;179;11.60;25.88
600.00;900.00;1788.00;24.77;E0_0_2400m;5.00;149;149;10.03;24.90
600.00;900.00;2136.00;25.73;E0_1_2400m;5.00;178;178;11.53;25.87
600.00;900.00;1752.00;24.81;E0_0_2500m;5.00;146;146;9.81;24.93
600.00;900.00;2124.00;25.68;E0_1_2500m;5.00;177;177;11.49;25.81
600.00;900.00;1776.00;24.62;E0_0_2600m;5.00;148;148;10.02;24.75
600.00;900.00;2100.00;25.58;E0_1_2600m;5.00;175;175;11.40;25.75
600.00;900.00;1764.00;24.41;E0_0_2700m;5.00;147;147;10.04;24.53
600.00;900.00;2100.00;25.42;E0_1_2700m;5.00;175;175;11.47;25.61
600.00;900.00;1752.00;23.95;E0_0_2800m;5.00;146;146;10.16;24.08
600.00;900.00;2124.00;24.90;E0_1_2800m;5.00;177;177;11.85;25.10
600.00;900.00;1764.00;23.29;E0_0_2900m;5.00;147;147;10.52;23.40
600.00;900.00;2136.00;24.15;E0_1_2900m;5.00;178;178;12.29;24.32
600.00;900.00;1752.00;22.04;E0_0_3000m;5.00;146;146;11.04;22.08
600.00;900.00;2148.00;22.89;E0_1_3000m;5.00;179;179;13.03;22.96
600.00;900.00;1788.00;21.85;E0_0_3100m;5.00;149;149;11.36;21.90
600.00;900.00;2100.00;22.66;E0_1_3100m;5.00;175;175;12.87;22.71
600.00;900.00;1800.00;22.09;E0_0_3200m;5.00;150;149;11.26;22.11
600.00;900.00;2076.00;22.70;E0_1_3200m;5.00;173;174;12.75;22.79
600.00;900.00;1812.00;22.17;E0_0_3300m;5.00;151;152;11.42;22.19
600.00;900.00;2040.00;22.79;E0_1_3300m;5.00;170;170;12.43;22.90
600.00;900.00;1812.00;22.16;E0_0_3400m;5.00;151;151;11.35;22.18
600.00;900.00;2040.00;22.85;E0_1_3400m;5.00;170;169;12.34;22.98
600.00;900.00;1836.00;22.14;E0_0_3500m;5.00;153;153;11.52;22.17
600.00;900.00;1980.00;22.85;E0_1_3500m;5.00;165;166;12.03;22.96
600.00;900.00;1812.00;22.28;E0_0_3600m;5.00;151;151;11.29;22.29
600.00;900.00;2004.00;22.87;E0_1_3600m;5.00;167;167;12.17;22.97
600.00;900.00;1800.00;22.30;E0_0_3700m;5.00;150;150;11.21;22.30
600.00;900.00;1992.00;22.79;E0_1_3700m;5.00;166;166;12.14;22.87
600.00;900.00;1800.00;22.36;E0_0_3800m;5.00;150;150;11.18;22.38
600.00;900.00;1980.00;22.71;E0_1_3800m;5.00;165;165;12.11;22.78
600.00;900.00;1776.00;22.21;E0_0_3900m;5.00;148;149;11.12;22.23
600.00;900.00;1968.00;22.80;E0_1_3900m;5.00;164;164;11.99;22.88
600.00;900.00;1788.00;23.55;E0_0_4000m;5.00;149;150;10.59;23.65
600.00;900.00;1992.00;24.69;E0_1_4000m;5.00;166;166;11.21;24.86
600.00;900.00;1728.00;26.94;E0_0_4100m;5.00;144;144;8.91;27.07
600.00;900.00;2040.00;28.50;E0_1_4100m;5.00;170;170;9.94;28.58
600.00;900.00;1740.00;27.24;E0_0_4200m;5.00;145;145;8.87;27.38
600.00;900.00;2076.00;29.31;E0_1_4200m;5.00;173;173;9.84;29.43
600.00;900.00;1752.00;27.14;E0_0_4300m;5.00;146;146;8.97;27.29
600.00;900.00;2100.00;29.42;E0_1_4300m;5.00;175;174;9.90;29.55
600.00;900.00;1764.00;26.82;E0_0_4400m;5.00;147;147;9.14;26.98
600.00;900.00;2088.00;29.33;E0_1_4400m;5.00;174;175;9.95;29.43
600.00;900.00;1812.00;26.73;E0_0_4500m;5.00;151;152;9.43;26.89
600.00;900.00;2052.00;29.23;E0_1_4500m;5.00;171;171;9.75;29.31
600.00;900.00;1812.00;26.53;E0_0_4600m;5.00;151;151;9.49;26.68
600.00;900.00;2064.00;29.16;E0_1_4600m;5.00;172;172;9.83;29.24
600.00;900.00;1812.00;26.30;E0_0_4700m;5.00;151;151;9.57;26.42
600.00;900.00;2076.00;29.06;E0_1_4700m;5.00;173;173;9.92;29.14
600.00;900.00;1824.00;26.27;E0_0_4800m;5.00;152;152;9.64;26.37
600.00;900.00;2064.00;28.98;E0_1_4800m;5.00;172;172;9.89;29.04
600.00;900.00;1824.00;26.15;E0_0_4900m;5.00;152;152;9.69;26.26
600.00;900.00;2100.00;28.89;E0_1_4900m;5.00;175;175;10.10;28.95
600.00;900.00;1848.00;26.08;E0_0_5000m;5.00;154;155;9.89;26.20
600.00;900.00;2112.00;28.83;E0_1_5000m;5.00;176;176;10.18;28.88
900.00;1200.00;0.00;-1.00;E0_0_0m;-1.00;0;0;0.00;-1.00
900.00;1200.00;0.00;-1.00;E0_1_0m;-1.00;0;0;0.00;-1.00
900.00;1200.00;2028.00;24.77;E0_0_100m;5.00;169;169;11.37;24.89
900.00;1200.00;2364.00;26.47;E0_1_100m;5.00;197;196;12.37;26.63
900.00;1200.00;2016.00;24.87;E0_0_200m;5.00;168;168;11.26;25.02
900.00;1200.00;2352.00;26.51;E0_1_200m;5.00;196;196;12.32;26.72
900.00;1200.00;1968.00;24.90;E0_0_300m;5.00;164;164;10.98;25.06
900.00;1200.00;2412.00;26.49;E0_1_300m;5.00;201;201;12.65;26.69
900.00;1200.00;1992.00;24.90;E0_0_400m;5.00;166;166;11.11;25.04
900.00;1200.00;2388.00;26.55;E0_1_400m;5.00;199;199;12.49;26.77
900.00;1200.00;1992.00;24.87;E0_0_500m;5.00;166;167;11.18;25.01
900.00;1200.00;2388.00;26.55;E0_1_500m;5.00;199;199;12.47;26.78
900.00;1200.00;2004.00;24.78;E0_0_600m;5.00;167;166;11.22;24.91
900.00;1200.00;2364.00;26.56;E0_1_600m;5.00;197;197;12.36;26.78
900.00;1200.00;2016.00;24.72;E0_0_700m;5.00;168;167;11.29;24.85
900.00;1200.00;2352.00;26.50;E0_1_700m;5.00;196;197;12.34;26.71
900.00;1200.00;1980.00;24.71;E0_0_800m;5.00;165;167;11.21;24.86
900.00;1200.00;2364.00;26.32;E0_1_800m;5.00;197;197;12.47;26.54
900.00;1200.00;1956.00;24.67;E0_0_900m;5.00;163;163;11.01;24.80
900.00;1200.00;2376.00;26.21;E0_1_900m;5.00;198;198;12.59;26.43
900.00;1200.00;1956.00;24.72;E0_0_1000m;5.00;163;163;10.99;24.86
900.00;1200.00;2376.00;26.12;E0_1_1000m;5.00;198;198;12.63;26.36
900.00;1200.00;1944.00;24.63;E0_0_1100m;5.00;162;162;10.96;24.76
900.00;1200.00;2364.00;26.01;E0_1_1100m;5.00;197;197;12.62;26.25
900.00;1200.00;1944.00;24.31;E0_0_1200m;5.00;162;161;11.06;24.46
900.00;1200.00;2340.00;25.89;E0_1_1200m;5.00;195;195;12.55;26.13
900.00;1200.00;1920.00;24.02;E0_0_1300m;5.00;160;160;11.10;24.20
900.00;1200.00;2352.00;25.86;E0_1_1300m;5.00;196;196;12.63;26.11
900.00;1200.00;1920.00;24.09;E0_0_1400m;5.00;160;161;11.12;24.34
900.00;1200.00;2340.00;25.89;E0_1_1400m;5.00;195;196;12.60;26.17
900.00;1200.00;1908.00;24.00;E0_0_1500m;5.00;159;159;11.04;24.19
900.00;1200.00;2352.00;26.02;E0_1_1500m;5.00;196;196;12.55;26.33
900.00;1200.00;1896.00;23.96;E0_0_1600m;5.00;158;158;10.99;24.19
900.00;1200.00;2340.00;25.96;E0_1_1600m;5.00;195;195;12.52;26.23
900.00;1200.00;1884.00;23.92;E0_0_1700m;5.00;157;158;10.96;24.15
900.00;1200.00;2352.00;26.03;E0_1_1700m;5.00;196;196;12.55;26.30
900.00;1200.00;1920.00;24.05;E0_0_1800m;5.00;160;160;11.09;24.28
900.00;1200.00;2328.00;26.18;E0_1_1800m;5.00;194;194;12.35;26.43
900.00;1200.00;1944.00;24.17;E0_0_1900m;5.00;162;162;11.17;24.36
900.00;1200.00;2280.00;26.25;E0_1_1900m;5.00;190;190;12.07;26.49
900.00;1200.00;1920.00;24.36;E0_0_2000m;5.00;160;160;10.95;24.54
900.00;1200.00;2316.00;26.13;E0_1_2000m;5.00;193;193;12.31;26.35
900.00;1200.00;1956.00;24.38;E0_0_2100m;5.00;163;163;11.14;24.57
900.00;1200.00;2256.00;25.95;E0_1_2100m;5.00;188;188;12.08;26.15
900.00;1200.00;1932.00;24.27;E0_0_2200m;5.00;161;161;11.05;24.46
900.00;1200.00;2304.00;25.86;E0_1_2200m;5.00;192;192;12.37;26.07
900.00;1200.00;1920.00;24.11;E0_0_2300m;5.00;160;160;11.06;24.29
900.00;1200.00;2328.00;25.89;E0_1_2300m;5.00;194;194;12.49;26.10
900.00;1200.00;1920.00;24.11;E0_0_2400m;5.00;160;160;11.06;24.27
900.00;1200.00;2292.00;25.72;E0_1_2400m;5.00;191;191;12.38;25.94
900.00;1200.00;1956.00;24.05;E0_0_2500m;5.00;163;163;11.29;24.22
900.00;1200.00;2280.00;25.55;E0_1_2500m;5.00;190;190;12.40;25.78
900.00;1200.00;1980.00;23.87;E0_0_2600m;5.00;165;165;11.52;24.05
900.00;1200.00;2256.00;25.22;E0_1_2600m;5.00;188;188;12.42;25.44
900.00;1200.00;1980.00;23.53;E0_0_2700m;5.00;165;165;11.69;23.71
900.00;1200.00;2256.00;24.83;E0_1_2700m;5.00;188;188;12.62;25.05
900.00;1200.00;1968.00;23.06;E0_0_2800m;5.00;164;164;11.85;23.26
900.00;1200.00;2244.00;24.47;E0_1_2800m;5.00;187;187;12.74;24.71
900.00;1200.00;1944.00;22.50;E0_0_2900m;5.00;162;163;12.02;22.66
900.00;1200.00;2232.00;23.97;E0_1_2900m;5.00;186;186;12.93;24.19
900.00;1200.00;1932.00;21.59;E0_0_3000m;5.00;161;162;12.46;21.67
900.00;1200.00;2232.00;23.01;E0_1_3000m;5.00;186;186;13.47;23.10
900.00;1200.00;1968.00;21.51;E0_0_3100m;5.00;164;164;12.70;21.55
900.00;1200.00;2196.00;22.68;E0_1_3100m;5.00;183;183;13.45;22.73
900.00;1200.00;1980.00;21.71;E0_0_3200m;5.00;165;165;12.67;21.73
900.00;1200.00;2196.00;22.60;E0_1_3200m;5.00;183;182;13.44;22.63
900.00;1200.00;1980.00;21.55;E0_0_3300m;5.00;165;166;12.80;21.59
900.00;1200.00;2196.00;22.60;E0_1_3300m;5.00;183;183;13.50;22.66
900.00;1200.00;2004.00;21.53;E0_0_3400m;5.00;167;167;12.93;21.59
900.00;1200.00;2172.00;22.51;E0_1_3400m;5.00;181;181;13.40;22.59
900.00;1200.00;1992.00;21.73;E0_0_3500m;5.00;166;166;12.73;21.78
900.00;1200.00;2208.00;22.55;E0_1_3500m;5.00;184;184;13.60;22.64
900.00;1200.00;2004.00;21.92;E0_0_3600m;5.00;167;167;12.70;21.95
900.00;1200.00;2196.00;22.54;E0_1_3600m;5.00;183;183;13.53;22.63
900.00;1200.00;2004.00;22.07;E0_0_3700m;5.00;167;167;12.61;22.08
900.00;1200.00;2208.00;22.54;E0_1_3700m;5.00;184;184;13.61;22.61
900.00;1200.00;1992.00;22.01;E0_0_3800m;5.00;166;166;12.57;22.04
900.00;1200.00;2208.00;22.52;E0_1_3800m;5.00;184;185;13.67;22.57
900.00;1200.00;1980.00;22.15;E0_0_3900m;5.00;165;164;12.40;22.17
900.00;1200.00;2172.00;22.66;E0_1_3900m;5.00;181;182;13.36;22.72
900.00;1200.00;1944.00;23.07;E0_0_4000m;5.00;162;163;11.73;23.10
900.00;1200.00;2136.00;24.16;E0_1_4000m;5.00;178;178;12.28;24.31
900.00;1200.00;1896.00;25.04;E0_0_4100m;5.00;158;158;10.51;25.20
900.00;1200.00;2148.00;26.73;E0_1_4100m;5.00;179;180;11.22;26.94
900.00;1200.00;1860.00;25.17;E0_0_4200m;5.00;155;155;10.26;25.33
900.00;1200.00;2124.00;27.07;E0_1_4200m;5.00;177;177;10.90;27.29
900.00;1200.00;1860.00;25.11;E0_0_4300m;5.00;155;155;10.29;25.24
900.00;1200.00;2100.00;27.24;E0_1_4300m;5.00;175;175;10.71;27.46
900.00;1200.00;1860.00;25.16;E0_0_4400m;5.00;155;155;10.27;25.37
900.00;1200.00;2088.00;27.33;E0_1_4400m;5.00;174;175;10.62;27.55
900.00;1200.00;1848.00;25.05;E0_0_4500m;5.00;154;153;10.23;25.19
900.00;1200.00;2100.00;27.28;E0_1_4500m;5.00;175;176;10.72;27.49
900.00;1200.00;1824.00;24.91;E0_0_4600m;5.00;152;153;10.21;25.05
900.00;1200.00;2112.00;27.24;E0_1_4600m;5.00;176;176;10.77;27.44
900.00;1200.00;1812.00;24.78;E0_0_4700m;5.00;151;152;10.17;24.92
900.00;1200.00;2124.00;27.09;E0_1_4700m;5.00;177;177;10.89;27.31
900.00;1200.00;1812.00;24.78;E0_0_4800m;5.00;151;151;10.15;24.90
900.00;1200.00;2112.00;27.00;E0_1_4800m;5.00;176;176;10.86;27.20
900.00;1200.00;1788.00;24.83;E0_0_4900m;5.00;149;149;10.00;24.95
900.00;1200.00;2112.00;26.88;E0_1_4900m;5.00;176;176;10.91;27.05
900.00;1200.00;1764.00;24.90;E0_0_5000m;5.00;147;146;9.79;25.05
900.00;1200.00;2100.00;26.78;E0_1_5000m;5.00;175;176;10.91;26.95
1200.00;1500.00;0.00;-1.00;E0_0_0m;-1.00;0;0;0.00;-1.00
1200.00;1500.00;0.00;-1.00;E0_1_0m;-1.00;0;0;0.00;-1.00
1200.00;1500.00;1716.00;26.25;E0_0_100m;5.00;143;144;9.10;26.42
1200.00;1500.00;2292.00;27.70;E0_1_100m;5.00;191;191;11.49;27.86
1200.00;1500.00;1752.00;26.04;E0_0_200m;5.00;146;146;9.35;26.21
1200.00;1500.00;2256.00;28.09;E0_1_200m;5.00;188;188;11.16;28.25
1200.00;1500.00;1728.00;25.85;E0_0_300m;5.00;144;144;9.28;26.00
1200.00;1500.00;2268.00;28.06;E0_1_300m;5.00;189;189;11.23;28.22
1200.00;1500.00;1740.00;25.54;E0_0_400m;5.00;145;145;9.46;25.68
1200.00;1500.00;2280.00;27.99;E0_1_400m;5.00;190;190;11.31;28.13
1200.00;1500.00;1788.00;25.32;E0_0_500m;5.00;149;148;9.75;25.47
1200.00;1500.00;2268.00;27.85;E0_1_500m;5.00;189;189;11.32;27.98
1200.00;1500.00;1800.00;25.23;E0_0_600m;5.00;150;150;9.91;25.40
1200.00;1500.00;2280.00;27.72;E0_1_600m;5.00;190;191;11.47;27.83
1200.00;1500.00;1836.00;25.29;E0_0_700m;5.00;153;154;10.14;25.44
1200.00;1500.00;2292.00;27.73;E0_1_700m;5.00;191;190;11.47;27.86
1200.00;1500.00;1860.00;25.34;E0_0_800m;5.00;155;154;10.13;25.47
1200.00;1500.00;2292.00;27.55;E0_1_800m;5.00;191;191;11.56;27.67
1200.00;1500.00;1848.00;25.45;E0_0_900m;5.00;154;155;10.10;25.56
1200.00;1500.00;2328.00;27.32;E0_1_900m;5.00;194;194;11.84;27.45
1200.00;1500.00;1848.00;25.48;E0_0_1000m;5.00;154;155;10.08;25.58
1200.00;1500.00;2340.00;27.31;E0_1_1000m;5.00;195;195;11.90;27.40
1200.00;1500.00;1836.00;25.31;E0_0_1100m;5.00;153;153;10.08;25.41
1200.00;1500.00;2352.00;27.27;E0_1_1100m;5.00;196;196;11.98;27.35
1200.00;1500.00;1824.00;25.29;E0_0_1200m;5.00;152;152;10.02;25.38
1200.00;1500.00;2340.00;27.30;E0_1_1200m;5.00;195;195;11.90;27.38
1200.00;1500.00;1860.00;25.32;E0_0_1300m;5.00;155;155;10.20;25.40
1200.00;1500.00;2328.00;27.23;E0_1_1300m;5.00;194;194;11.87;27.31
1200.00;1500.00;1884.00;25.26;E0_0_1400m;5.00;157;156;10.31;25.34
1200.00;1500.00;2316.00;27.19;E0_1_1400m;5.00;193;194;11.85;27.27
1200.00;1500.00;1884.00;25.22;E0_0_1500m;5.00;157;157;10.38;25.32
1200.00;1500.00;2328.00;27.21;E0_1_1500m;5.00;194;194;11.88;27.30
1200.00;1500.00;1896.00;25.34;E0_0_1600m;5.00;158;159;10.41;25.44
1200.00;1500.00;2340.00;27.31;E0_1_1600m;5.00;195;195;11.90;27.45
1200.00;1500.00;1920.00;25.41;E0_0_1700m;5.00;160;160;10.49;25.50
1200.00;1500.00;2340.00;27.40;E0_1_1700m;5.00;195;195;11.86;27.54
1200.00;1500.00;1896.00;25.27;E0_0_1800m;5.00;158;158;10.42;25.35
1200.00;1500.00;2364.00;27.44;E0_1_1800m;5.00;197;197;11.97;27.60
1200.00;1500.00;1860.00;25.31;E0_0_1900m;5.00;155;156;10.25;25.40
1200.00;1500.00;2388.00;27.49;E0_1_1900m;5.00;199;199;12.07;27.67
1200.00;1500.00;1848.00;25.39;E0_0_2000m;5.00;154;154;10.11;25.47
1200.00;1500.00;2352.00;27.48;E0_1_2000m;5.00;196;196;11.89;27.68
1200.00;1500.00;1836.00;25.21;E0_0_2100m;5.00;153;153;10.11;25.30
1200.00;1500.00;2352.00;27.44;E0_1_2100m;5.00;196;196;11.91;27.65
1200.00;1500.00;1812.00;25.22;E0_0_2200m;5.00;151;151;9.98;25.32
1200.00;1500.00;2328.00;27.36;E0_1_2200m;5.00;194;194;11.82;27.58
1200.00;1500.00;1812.00;25.24;E0_0_2300m;5.00;151;151;9.97;25.32
1200.00;1500.00;2304.00;27.31;E0_1_2300m;5.00;192;192;11.72;27.54
1200.00;1500.00;1812.00;25.15;E0_0_2400m;5.00;151;151;10.00;25.24
1200.00;1500.00;2304.00;27.17;E0_1_2400m;5.00;192;192;11.78;27.40
1200.00;1500.00;1824.00;25.07;E0_0_2500m;5.00;152;152;10.11;25.17
1200.00;1500.00;2280.00;26.95;E0_1_2500m;5.00;190;190;11.75;27.19
1200.00;1500.00;1836.00;24.88;E0_0_2600m;5.00;153;154;10.27;24.98
1200.00;1500.00;2292.00;26.66;E0_1_2600m;5.00;191;191;11.94;26.90
1200.00;1500.00;1836.00;24.58;E0_0_2700m;5.00;153;154;10.43;24.67
1200.00;1500.00;2292.00;26.22;E0_1_2700m;5.00;191;191;12.14;26.46
1200.00;1500.00;1848.00;24.23;E0_0_2800m;5.00;154;154;10.59;24.32
1200.00;1500.00;2268.00;25.50;E0_1_2800m;5.00;189;189;12.35;25.70
1200.00;1500.00;1848.00;23.40;E0_0_2900m;5.00;154;153;10.95;23.48
1200.00;1500.00;2268.00;24.41;E0_1_2900m;5.00;189;189;12.90;24.54
1200.00;1500.00;1860.00;21.99;E0_0_3000m;5.00;155;155;11.75;22.05
1200.00;1500.00;2268.00;23.07;E0_1_3000m;5.00;189;189;13.66;23.12
1200.00;1500.00;1908.00;21.93;E0_0_3100m;5.00;159;159;12.08;21.99
1200.00;1500.00;2232.00;22.81;E0_1_3100m;5.00;186;187;13.65;22.85
1200.00;1500.00;1932.00;21.99;E0_0_3200m;5.00;161;161;12.20;22.03
1200.00;1500.00;2220.00;22.76;E0_1_3200m;5.00;185;185;13.54;22.83
1200.00;1500.00;1944.00;22.03;E0_0_3300m;5.00;162;162;12.21;22.06
1200.00;1500.00;2220.00;22.63;E0_1_3300m;5.00;185;185;13.63;22.67
1200.00;1500.00;1932.00;21.95;E0_0_3400m;5.00;161;161;12.22;21.98
1200.00;1500.00;2244.00;22.58;E0_1_3400m;5.00;187;187;13.81;22.60
1200.00;1500.00;1932.00;21.73;E0_0_3500m;5.00;161;161;12.35;21.78
1200.00;1500.00;2232.00;22.59;E0_1_3500m;5.00;186;186;13.72;22.63
1200.00;1500.00;1968.00;21.79;E0_0_3600m;5.00;164;164;12.54;21.83
1200.00;1500.00;2184.00;22.56;E0_1_3600m;5.00;182;182;13.44;22.59
1200.00;1500.00;1932.00;22.00;E0_0_3700m;5.00;161;162;12.20;22.02
1200.00;1500.00;2196.00;22.50;E0_1_3700m;5.00;183;183;13.55;22.52
1200.00;1500.00;1944.00;22.13;E0_0_3800m;5.00;162;162;12.20;22.15
1200.00;1500.00;2196.00;22.49;E0_1_3800m;5.00;183;182;13.51;22.50
1200.00;1500.00;1980.00;22.28;E0_0_3900m;5.00;165;165;12.34;22.36
1200.00;1500.00;2196.00;22.83;E0_1_3900m;5.00;183;183;13.38;22.87
1200.00;1500.00;2016.00;23.70;E0_0_4000m;5.00;168;167;11.79;23.80
1200.00;1500.00;2232.00;24.74;E0_1_4000m;5.00;186;186;12.53;24.88
1200.00;1500.00;1968.00;26.42;E0_0_4100m;5.00;164;164;10.34;26.57
1200.00;1500.00;2304.00;27.96;E0_1_4100m;5.00;192;191;11.39;28.05
1200.00;1500.00;1980.00;26.60;E0_0_4200m;5.00;165;165;10.34;26.75
1200.00;1500.00;2292.00;28.36;E0_1_4200m;5.00;191;192;11.26;28.49
1200.00;1500.00;2004.00;26.28;E0_0_4300m;5.00;167;167;10.59;26.43
1200.00;1500.00;2292.00;28.23;E0_1_4300m;5.00;191;191;11.28;28.33
1200.00;1500.00;2028.00;25.79;E0_0_4400m;5.00;169;169;10.92;25.92
1200.00;1500.00;2304.00;28.13;E0_1_4400m;5.00;192;191;11.36;28.24
1200.00;1500.00;2064.00;25.57;E0_0_4500m;5.00;172;172;11.21;25.72
1200.00;1500.00;2280.00;27.98;E0_1_4500m;5.00;190;189;11.29;28.08
1200.00;1500.00;2076.00;25.42;E0_0_4600m;5.00;173;172;11.30;25.58
1200.00;1500.00;2268.00;27.89;E0_1_4600m;5.00;189;189;11.30;28.00
1200.00;1500.00;2076.00;25.30;E0_0_4700m;5.00;173;173;11.40;25.45
1200.00;1500.00;2304.00;27.84;E0_1_4700m;5.00;192;192;11.50;27.95
1200.00;1500.00;2100.00;25.20;E0_0_4800m;5.00;175;175;11.57;25.34
1200.00;1500.00;2316.00;27.79;E0_1_4800m;5.00;193;193;11.58;27.91
1200.00;1500.00;2100.00;25.02;E0_0_4900m;5.00;175;175;11.66;25.14
1200.00;1500.00;2328.00;27.69;E0_1_4900m;5.00;194;194;11.68;27.80
1200.00;1500.00;2148.00;24.87;E0_0_5000m;5.00;179;179;12.00;24.99
1200.00;1500.00;2316.00;27.67;E0_1_5000m;5.00;193;192;11.61;27.78
1500.00;1800.00;0.00;-1.00;E0_0_0m;-1.00;0;0;0.00;-1.00
1500.00;1800.00;0.00;-1.00;E0_1_0m;-1.00;0;0;0.00;-1.00
1500.00;1800.00;1800.00;25.29;E0_0_100m;5.00;150;151;9.93;25.48
1500.00;1800.00;2124.00;26.68;E0_1_100m;5.00;177;177;11.06;26.86
1500.00;1800.00;1824.00;25.40;E0_0_200m;5.00;152;152;9.97;25.61
1500.00;1800.00;2148.00;27.06;E0_1_200m;5.00;179;179;11.02;27.37
1500.00;1800.00;1824.00;25.37;E0_0_300m;5.00;152;152;9.98;25.57
1500.00;1800.00;2148.00;26.98;E0_1_300m;5.00;179;179;11.06;27.32
1500.00;1800.00;1800.00;25.23;E0_0_400m;5.00;150;150;9.91;25.44
1500.00;1800.00;2160.00;26.63;E0_1_400m;5.00;180;180;11.26;26.97
1500.00;1800.00;1800.00;24.98;E0_0_500m;5.00;150;150;10.01;25.19
1500.00;1800.00;2160.00;26.14;E0_1_500m;5.00;180;180;11.48;26.45
1500.00;1800.00;1776.00;24.83;E0_0_600m;5.00;148;148;9.93;25.05
1500.00;1800.00;2184.00;25.76;E0_1_600m;5.00;182;182;11.77;26.07
1500.00;1800.00;1764.00;24.60;E0_0_700m;5.00;147;147;9.96;24.83
1500.00;1800.00;2184.00;25.43;E0_1_700m;5.00;182;182;11.93;25.72
1500.00;1800.00;1776.00;24.40;E0_0_800m;5.00;148;148;10.11;24.66
1500.00;1800.00;2172.00;25.14;E0_1_800m;5.00;181;181;12.00;25.42
1500.00;1800.00;1788.00;24.42;E0_0_900m;5.00;149;149;10.17;24.64
1500.00;1800.00;2160.00;24.90;E0_1_900m;5.00;180;180;12.05;25.18
1500.00;1800.00;1788.00;24.20;E0_0_1000m;5.00;149;148;10.25;24.39
1500.00;1800.00;2160.00;24.76;E0_1_1000m;5.00;180;180;12.12;25.05
1500.00;1800.00;1812.00;24.01;E0_0_1100m;5.00;151;151;10.48;24.19
1500.00;1800.00;2184.00;24.75;E0_1_1100m;5.00;182;182;12.26;25.05
1500.00;1800.00;1848.00;23.97;E0_0_1200m;5.00;154;154;10.71;24.12
1500.00;1800.00;2196.00;24.75;E0_1_1200m;5.00;183;183;12.32;25.04
1500.00;1800.00;1836.00;23.91;E0_0_1300m;5.00;153;153;10.67;24.05
1500.00;1800.00;2184.00;24.74;E0_1_1300m;5.00;182;182;12.26;25.01
1500.00;1800.00;1788.00;23.93;E0_0_1400m;5.00;149;149;10.38;24.06
1500.00;1800.00;2208.00;24.73;E0_1_1400m;5.00;184;183;12.38;24.96
1500.00;1800.00;1752.00;23.89;E0_0_1500m;5.00;146;146;10.19;24.00
1500.00;1800.00;2208.00;24.74;E0_1_1500m;5.00;184;184;12.40;24.95
1500.00;1800.00;1764.00;23.74;E0_0_1600m;5.00;147;147;10.32;23.85
1500.00;1800.00;2184.00;24.65;E0_1_1600m;5.00;182;182;12.31;24.86
1500.00;1800.00;1764.00;23.58;E0_0_1700m;5.00;147;147;10.39;23.71
1500.00;1800.00;2136.00;24.37;E0_1_1700m;5.00;178;178;12.17;24.61
1500.00;1800.00;1740.00;23.49;E0_0_1800m;5.00;145;145;10.29;23.63
1500.00;1800.00;2124.00;24.23;E0_1_1800m;5.00;177;177;12.18;24.47
1500.00;1800.00;1728.00;23.31;E0_0_1900m;5.00;144;144;10.29;23.45
1500.00;1800.00;2112.00;24.07;E0_1_1900m;5.00;176;176;12.18;24.33
1500.00;1800.00;1752.00;23.23;E0_0_2000m;5.00;146;146;10.47;23.37
1500.00;1800.00;2088.00;23.94;E0_1_2000m;5.00;174;174;12.11;24.22
1500.00;1800.00;1740.00;23.15;E0_0_2100m;5.00;145;147;10.51;23.29
1500.00;1800.00;2088.00;23.89;E0_1_2100m;5.00;174;174;12.14;24.18
1500.00;1800.00;1740.00;23.10;E0_0_2200m;5.00;145;145;10.46;23.24
1500.00;1800.00;2100.00;23.78;E0_1_2200m;5.00;175;175;12.27;24.05
1500.00;1800.00;1716.00;23.07;E0_0_2300m;5.00;143;143;10.33;23.21
1500.00;1800.00;2112.00;23.74;E0_1_2300m;5.00;176;176;12.35;24.01
1500.00;1800.00;1704.00;23.03;E0_0_2400m;5.00;142;142;10.28;23.17
1500.00;1800.00;2100.00;23.71;E0_1_2400m;5.00;175;175;12.30;23.99
1500.00;1800.00;1668.00;22.98;E0_0_2500m;5.00;139;139;10.08;23.12
1500.00;1800.00;2100.00;23.71;E0_1_2500m;5.00;175;175;12.30;24.00
1500.00;1800.00;1644.00;22.87;E0_0_2600m;5.00;137;136;9.96;23.01
1500.00;1800.00;2088.00;23.70;E0_1_2600m;5.00;174;174;12.24;23.98
1500.00;1800.00;1644.00;22.80;E0_0_2700m;5.00;137;137;10.00;22.93
1500.00;1800.00;2088.00;23.65;E0_1_2700m;5.00;174;174;12.26;23.93
1500.00;1800.00;1656.00;22.73;E0_0_2800m;5.00;138;138;10.12;22.85
1500.00;1800.00;2076.00;23.45;E0_1_2800m;5.00;173;173;12.29;23.70
1500.00;1800.00;1656.00;22.46;E0_0_2900m;5.00;138;138;10.24;22.55
1500.00;1800.00;2076.00;23.10;E0_1_2900m;5.00;173;173;12.48;23.27
1500.00;1800.00;1668.00;21.69;E0_0_3000m;5.00;139;139;10.68;21.75
1500.00;1800.00;2076.00;22.42;E0_1_3000m;5.00;173;173;12.86;22.49
1500.00;1800.00;1692.00;21.48;E0_0_3100m;5.00;141;141;10.94;21.55
1500.00;1800.00;2112.00;22.33;E0_1_3100m;5.00;176;176;13.13;22.41
1500.00;1800.00;1740.00;21.29;E0_0_3200m;5.00;145;145;11.35;21.37
1500.00;1800.00;2076.00;22.33;E0_1_3200m;5.00;173;173;12.91;22.44
1500.00;1800.00;1728.00;21.33;E0_0_3300m;5.00;144;144;11.25;21.39
1500.00;1800.00;2088.00;22.23;E0_1_3300m;5.00;174;174;13.04;22.32
1500.00;1800.00;1716.00;21.45;E0_0_3400m;5.00;143;143;11.11;21.51
1500.00;1800.00;2076.00;22.16;E0_1_3400m;5.00;173;174;13.06;22.24
1500.00;1800.00;1704.00;21.50;E0_0_3500m;5.00;142;142;11.01;21.55
1500.00;1800.00;2076.00;22.13;E0_1_3500m;5.00;173;173;13.03;22.20
1500.00;1800.00;1692.00;21.60;E0_0_3600m;5.00;141;141;10.88;21.64
1500.00;1800.00;2088.00;22.10;E0_1_3600m;5.00;174;174;13.12;22.16
1500.00;1800.00;1704.00;21.65;E0_0_3700m;5.00;142;141;10.92;21.69
1500.00;1800.00;2076.00;22.08;E0_1_3700m;5.00;173;174;13.09;22.14
1500.00;1800.00;1680.00;21.65;E0_0_3800m;5.00;140;141;10.86;21.69
1500.00;1800.00;2088.00;22.16;E0_1_3800m;5.00;174;174;13.09;22.23
1500.00;1800.00;1692.00;21.55;E0_0_3900m;5.00;141;142;10.99;21.62
1500.00;1800.00;2052.00;22.29;E0_1_3900m;5.00;171;171;12.79;22.39
1500.00;1800.00;1656.00;22.41;E0_0_4000m;5.00;138;138;10.26;22.53
1500.00;1800.00;2016.00;23.49;E0_1_4000m;5.00;168;168;11.92;23.72
1500.00;1800.00;1656.00;24.21;E0_0_4100m;5.00;138;138;9.50;24.61
1500.00;1800.00;1992.00;25.31;E0_1_4100m;5.00;166;166;10.93;25.77
1500.00;1800.00;1644.00;24.40;E0_0_4200m;5.00;137;138;9.43;24.81
1500.00;1800.00;1980.00;25.67;E0_1_4200m;5.00;165;166;10.78;26.17
1500.00;1800.00;1620.00;24.45;E0_0_4300m;5.00;135;135;9.20;24.85
1500.00;1800.00;1968.00;25.86;E0_1_4300m;5.00;164;165;10.62;26.38
1500.00;1800.00;1584.00;24.50;E0_0_4400m;5.00;132;132;8.98;24.87
1500.00;1800.00;1968.00;26.07;E0_1_4400m;5.00;164;164;10.48;26.59
1500.00;1800.00;1572.00;24.60;E0_0_4500m;5.00;131;131;8.87;24.96
1500.00;1800.00;1956.00;26.31;E0_1_4500m;5.00;163;163;10.32;26.85
1500.00;1800.00;1584.00;24.67;E0_0_4600m;5.00;132;133;8.93;25.01
1500.00;1800.00;1908.00;26.52;E0_1_4600m;5.00;159;161;10.00;27.04
1500.00;1800.00;1584.00;24.75;E0_0_4700m;5.00;132;132;8.89;25.07
1500.00;1800.00;1872.00;26.56;E0_1_4700m;5.00;156;156;9.79;27.04
1500.00;1800.00;1584.00;24.85;E0_0_4800m;5.00;132;133;8.91;25.15
1500.00;1800.00;1848.00;26.62;E0_1_4800m;5.00;154;154;9.64;27.07
1500.00;1800.00;1536.00;24.96;E0_0_4900m;5.00;128;129;8.58;25.25
1500.00;1800.00;1848.00;26.77;E0_1_4900m;5.00;154;155;9.61;27.18
1500.00;1800.00;1536.00;25.08;E0_0_5000m;5.00;128;128;8.51;25.35
1500.00;1800.00;1812.00;26.91;E0_1_5000m;5.00;151;151;9.35;27.29
1800.00;2100.00;0.00;-1.00;E0_0_0m;-1.00;0;0;0.00;-1.00
1800.00;2100.00;0.00;-1.00;E0_1_0m;-1.00;0;0;0.00;-1.00
1800.00;2100.00;1752.00;26.10;E0_0_100m;5.00;146;147;9.33;26.26
1800.00;2100.00;1968.00;27.46;E0_1_100m;5.00;164;164;9.95;27.71
1800.00;2100.00;1776.00;26.11;E0_0_200m;5.00;148;148;9.45;26.29
1800.00;2100.00;1920.00;28.04;E0_1_200m;5.00;160;161;9.53;28.30
1800.00;2100.00;1716.00;26.36;E0_0_300m;5.00;143;143;9.04;26.48
1800.00;2100.00;1992.00;27.99;E0_1_300m;5.00;166;166;9.89;28.24
1800.00;2100.00;1704.00;26.27;E0_0_400m;5.00;142;142;9.01;26.40
1800.00;2100.00;2016.00;27.95;E0_1_400m;5.00;168;169;10.06;28.14
1800.00;2100.00;1692.00;26.13;E0_0_500m;5.00;141;141;8.99;26.23
1800.00;2100.00;2016.00;27.84;E0_1_500m;5.00;168;168;10.06;28.04
1800.00;2100.00;1680.00;26.07;E0_0_600m;5.00;140;140;8.95;26.16
1800.00;2100.00;2016.00;27.70;E0_1_600m;5.00;168;168;10.11;27.90
1800.00;2100.00;1704.00;25.96;E0_0_700m;5.00;142;142;9.12;26.04
1800.00;2100.00;2004.00;27.65;E0_1_700m;5.00;167;167;10.07;27.87
1800.00;2100.00;1668.00;25.82;E0_0_800m;5.00;139;139;8.97;25.89
1800.00;2100.00;2028.00;27.44;E0_1_800m;5.00;169;169;10.27;27.65
1800.00;2100.00;1656.00;25.59;E0_0_900m;5.00;138;138;8.99;25.67
1800.00;2100.00;2052.00;27.30;E0_1_900m;5.00;171;171;10.44;27.51
1800.00;2100.00;1644.00;25.47;E0_0_1000m;5.00;137;137;8.96;25.55
1800.00;2100.00;2076.00;27.14;E0_1_1000m;5.00;173;173;10.62;27.33
1800.00;2100.00;1608.00;25.38;E0_0_1100m;5.00;134;134;8.80;25.46
1800.00;2100.00;2112.00;27.03;E0_1_1100m;5.00;176;176;10.85;27.20
1800.00;2100.00;1632.00;25.36;E0_0_1200m;5.00;136;136;8.94;25.44
1800.00;2100.00;2100.00;26.97;E0_1_1200m;5.00;175;175;10.82;27.13
1800.00;2100.00;1656.00;25.38;E0_0_1300m;5.00;138;138;9.06;25.45
1800.00;2100.00;2088.00;26.90;E0_1_1300m;5.00;174;174;10.78;27.04
1800.00;2100.00;1692.00;25.37;E0_0_1400m;5.00;141;141;9.26;25.44
1800.00;2100.00;2088.00;26.98;E0_1_1400m;5.00;174;174;10.75;27.12
1800.00;2100.00;1680.00;25.26;E0_0_1500m;5.00;140;140;9.24;25.32
1800.00;2100.00;2112.00;26.97;E0_1_1500m;5.00;176;176;10.87;27.15
1800.00;2100.00;1656.00;25.19;E0_0_1600m;5.00;138;138;9.13;25.26
1800.00;2100.00;2124.00;26.95;E0_1_1600m;5.00;177;177;10.95;27.14
1800.00;2100.00;1656.00;25.21;E0_0_1700m;5.00;138;138;9.12;25.28
1800.00;2100.00;2136.00;27.04;E0_1_1700m;5.00;178;178;10.97;27.26
1800.00;2100.00;1704.00;25.21;E0_0_1800m;5.00;142;143;9.42;25.29
1800.00;2100.00;2088.00;27.00;E0_1_1800m;5.00;174;175;10.76;27.19
1800.00;2100.00;1704.00;25.09;E0_0_1900m;5.00;142;142;9.43;25.17
1800.00;2100.00;2100.00;26.77;E0_1_1900m;5.00;175;176;10.93;26.94
1800.00;2100.00;1680.00;24.89;E0_0_2000m;5.00;140;140;9.38;24.97
1800.00;2100.00;2160.00;26.56;E0_1_2000m;5.00;180;180;11.29;26.73
1800.00;2100.00;1740.00;24.75;E0_0_2100m;5.00;145;144;9.75;24.83
1800.00;2100.00;2184.00;26.36;E0_1_2100m;5.00;182;182;11.51;26.54
1800.00;2100.00;1716.00;24.71;E0_0_2200m;5.00;143;144;9.69;24.80
1800.00;2100.00;2220.00;26.21;E0_1_2200m;5.00;185;185;11.77;26.39
1800.00;2100.00;1728.00;24.59;E0_0_2300m;5.00;144;144;9.76;24.67
1800.00;2100.00;2208.00;26.03;E0_1_2300m;5.00;184;184;11.78;26.23
1800.00;2100.00;1728.00;24.46;E0_0_2400m;5.00;144;144;9.81;24.53
1800.00;2100.00;2208.00;25.74;E0_1_2400m;5.00;184;184;11.92;25.94
1800.00;2100.00;1704.00;24.29;E0_0_2500m;5.00;142;142;9.74;24.36
1800.00;2100.00;2232.00;25.43;E0_1_2500m;5.00;186;186;12.19;25.63
1800.00;2100.00;1716.00;24.07;E0_0_2600m;5.00;143;143;9.90;24.15
1800.00;2100.00;2220.00;25.23;E0_1_2600m;5.00;185;185;12.22;25.45
1800.00;2100.00;1704.00;23.94;E0_0_2700m;5.00;142;142;9.89;24.03
1800.00;2100.00;2232.00;24.96;E0_1_2700m;5.00;186;186;12.42;25.20
1800.00;2100.00;1716.00;23.67;E0_0_2800m;5.00;143;143;10.07;23.76
1800.00;2100.00;2220.00;24.57;E0_1_2800m;5.00;185;185;12.55;24.81
1800.00;2100.00;1716.00;23.24;E0_0_2900m;5.00;143;143;10.25;23.31
1800.00;2100.00;2220.00;24.05;E0_1_2900m;5.00;185;185;12.82;24.27
1800.00;2100.00;1704.00;22.27;E0_0_3000m;5.00;142;143;10.67;22.32
1800.00;2100.00;2208.00;23.20;E0_1_3000m;5.00;184;184;13.22;23.36
1800.00;2100.00;1776.00;22.12;E0_0_3100m;5.00;148;148;11.15;22.19
1800.00;2100.00;2088.00;23.09;E0_1_3100m;5.00;174;175;12.59;23.26
1800.00;2100.00;1764.00;22.27;E0_0_3200m;5.00;147;147;11.00;22.33
1800.00;2100.00;2100.00;23.12;E0_1_3200m;5.00;175;175;12.61;23.32
1800.00;2100.00;1800.00;22.38;E0_0_3300m;5.00;150;150;11.17;22.46
1800.00;2100.00;2052.00;23.08;E0_1_3300m;5.00;171;173;12.48;23.28
1800.00;2100.00;1848.00;22.18;E0_0_3400m;5.00;154;154;11.57;22.24
1800.00;2100.00;2040.00;23.00;E0_1_3400m;5.00;170;169;12.28;23.20
1800.00;2100.00;1812.00;22.10;E0_0_3500m;5.00;151;151;11.39;22.16
1800.00;2100.00;2100.00;22.92;E0_1_3500m;5.00;175;175;12.72;23.11
1800.00;2100.00;1860.00;22.10;E0_0_3600m;5.00;155;155;11.69;22.15
1800.00;2100.00;2112.00;22.90;E0_1_3600m;5.00;176;176;12.81;23.07
1800.00;2100.00;1884.00;22.11;E0_0_3700m;5.00;157;157;11.84;22.13
1800.00;2100.00;2172.00;22.81;E0_1_3700m;5.00;181;180;13.20;22.95
1800.00;2100.00;1884.00;21.98;E0_0_3800m;5.00;157;157;11.84;22.02
1800.00;2100.00;2220.00;22.72;E0_1_3800m;5.00;185;185;13.57;22.84
1800.00;2100.00;1908.00;21.98;E0_0_3900m;5.00;159;159;12.05;22.03
1800.00;2100.00;2256.00;22.85;E0_1_3900m;5.00;188;188;13.71;23.04
1800.00;2100.00;1896.00;22.96;E0_0_4000m;5.00;158;158;11.47;23.06
1800.00;2100.00;2280.00;23.83;E0_1_4000m;5.00;190;190;13.29;24.01
1800.00;2100.00;1884.00;24.61;E0_0_4100m;5.00;157;158;10.68;24.84
1800.00;2100.00;2340.00;25.47;E0_1_4100m;5.00;195;195;12.76;25.80
1800.00;2100.00;1920.00;24.57;E0_0_4200m;5.00;160;160;10.82;24.84
1800.00;2100.00;2352.00;25.45;E0_1_4200m;5.00;196;196;12.81;25.82
1800.00;2100.00;1956.00;24.36;E0_0_4300m;5.00;163;164;11.20;24.61
1800.00;2100.00;2328.00;25.26;E0_1_4300m;5.00;194;194;12.80;25.66
1800.00;2100.00;1968.00;24.17;E0_0_4400m;5.00;164;164;11.31;24.42
1800.00;2100.00;2328.00;24.95;E0_1_4400m;5.00;194;195;12.98;25.34
1800.00;2100.00;1980.00;24.13;E0_0_4500m;5.00;165;165;11.40;24.40
1800.00;2100.00;2316.00;24.70;E0_1_4500m;5.00;193;194;13.08;25.08
1800.00;2100.00;2004.00;24.07;E0_0_4600m;5.00;167;166;11.55;24.35
1800.00;2100.00;2352.00;24.54;E0_1_4600m;5.00;196;195;13.31;24.90
1800.00;2100.00;2016.00;24.03;E0_0_4700m;5.00;168;168;11.65;24.30
1800.00;2100.00;2376.00;24.47;E0_1_4700m;5.00;198;198;13.48;24.82
1800.00;2100.00;2028.00;23.98;E0_0_4800m;5.00;169;169;11.74;24.23
1800.00;2100.00;2424.00;24.52;E0_1_4800m;5.00;202;202;13.73;24.86
1800.00;2100.00;2076.00;24.02;E0_0_4900m;5.00;173;172;11.97;24.25
1800.00;2100.00;2460.00;24.57;E0_1_4900m;5.00;205;204;13.88;24.90
1800.00;2100.00;2088.00;24.02;E0_0_5000m;5.00;174;174;12.07;24.23
1800.00;2100.00;2484.00;24.68;E0_1_5000m;5.00;207;207;13.98;25.00
2100.00;2400.00;0.00;-1.00;E0_0_0m;-1.00;0;0;0.00;-1.00
2100.00;2400.00;0.00;-1.00;E0_1_0m;-1.00;0;0;0.00;-1.00
2100.00;2400.00;1752.00;26.43;E0_0_100m;5.00;146;146;9.21;26.56
2100.00;2400.00;2208.00;27.48;E0_1_100m;5.00;184;184;11.16;27.65
2100.00;2400.00;1812.00;26.35;E0_0_200m;5.00;151;151;9.55;26.52
2100.00;2400.00;2172.00;27.99;E0_1_200m;5.00;181;182;10.78;28.19
2100.00;2400.00;1788.00;26.42;E0_0_300m;5.00;149;150;9.42;26.55
2100.00;2400.00;2220.00;28.08;E0_1_300m;5.00;185;185;10.98;28.27
2100.00;2400.00;1776.00;26.31;E0_0_400m;5.00;148;148;9.38;26.43
2100.00;2400.00;2220.00;28.03;E0_1_400m;5.00;185;184;10.96;28.21
2100.00;2400.00;1740.00;26.11;E0_0_500m;5.00;145;145;9.25;26.23
2100.00;2400.00;2244.00;27.98;E0_1_500m;5.00;187;187;11.14;28.16
2100.00;2400.00;1728.00;25.87;E0_0_600m;5.00;144;145;9.29;25.97
2100.00;2400.00;2220.00;27.87;E0_1_600m;5.00;185;185;11.06;28.04
2100.00;2400.00;1716.00;25.69;E0_0_700m;5.00;143;143;9.28;25.79
2100.00;2400.00;2196.00;27.64;E0_1_700m;5.00;183;183;11.04;27.80
2100.00;2400.00;1716.00;25.51;E0_0_800m;5.00;143;143;9.34;25.61
2100.00;2400.00;2208.00;27.50;E0_1_800m;5.00;184;184;11.15;27.68
2100.00;2400.00;1680.00;25.32;E0_0_900m;5.00;140;140;9.22;25.41
2100.00;2400.00;2220.00;27.35;E0_1_900m;5.00;185;185;11.27;27.53
2100.00;2400.00;1704.00;25.19;E0_0_1000m;5.00;142;142;9.39;25.29
2100.00;2400.00;2208.00;27.18;E0_1_1000m;5.00;184;184;11.28;27.37
2100.00;2400.00;1692.00;25.13;E0_0_1100m;5.00;141;141;9.35;25.23
2100.00;2400.00;2196.00;27.07;E0_1_1100m;5.00;183;183;11.27;27.25
2100.00;2400.00;1668.00;25.19;E0_0_1200m;5.00;139;139;9.20;25.27
2100.00;2400.00;2160.00;27.10;E0_1_1200m;5.00;180;180;11.07;27.29
2100.00;2400.00;1656.00;25.06;E0_0_1300m;5.00;138;139;9.18;25.15
2100.00;2400.00;2160.00;27.15;E0_1_1300m;5.00;180;180;11.05;27.34
2100.00;2400.00;1632.00;24.98;E0_0_1400m;5.00;136;136;9.08;25.09
2100.00;2400.00;2160.00;27.22;E0_1_1400m;5.00;180;180;11.02;27.40
2100.00;2400.00;1632.00;25.12;E0_0_1500m;5.00;136;136;9.02;25.23
2100.00;2400.00;2148.00;27.29;E0_1_1500m;5.00;179;179;10.93;27.47
2100.00;2400.00;1620.00;25.24;E0_0_1600m;5.00;135;136;8.97;25.33
2100.00;2400.00;2148.00;27.35;E0_1_1600m;5.00;179;179;10.91;27.53
2100.00;2400.00;1608.00;25.37;E0_0_1700m;5.00;134;135;8.83;25.44
2100.00;2400.00;2148.00;27.38;E0_1_1700m;5.00;179;180;10.93;27.57
2100.00;2400.00;1620.00;25.35;E0_0_1800m;5.00;135;134;8.84;25.41
2100.00;2400.00;2136.00;27.31;E0_1_1800m;5.00;178;177;10.85;27.50
2100.00;2400.00;1608.00;25.34;E0_0_1900m;5.00;134;134;8.81;25.40
2100.00;2400.00;2136.00;27.18;E0_1_1900m;5.00;178;177;10.88;27.37
2100.00;2400.00;1620.00;25.32;E0_0_2000m;5.00;135;135;8.88;25.39
2100.00;2400.00;2100.00;27.08;E0_1_2000m;5.00;175;175;10.77;27.26
2100.00;2400.00;1596.00;25.28;E0_0_2100m;5.00;133;133;8.77;25.34
2100.00;2400.00;2064.00;26.99;E0_1_2100m;5.00;172;172;10.62;27.17
2100.00;2400.00;1572.00;25.27;E0_0_2200m;5.00;131;130;8.60;25.33
2100.00;2400.00;2064.00;26.87;E0_1_2200m;5.00;172;172;10.67;27.03
2100.00;2400.00;1560.00;25.20;E0_0_2300m;5.00;130;130;8.60;25.25
2100.00;2400.00;2064.00;26.77;E0_1_2300m;5.00;172;172;10.71;26.91
2100.00;2400.00;1584.00;25.18;E0_0_2400m;5.00;132;132;8.74;25.23
2100.00;2400.00;2052.00;26.72;E0_1_2400m;5.00;171;171;10.67;26.86
2100.00;2400.00;1632.00;25.09;E0_0_2500m;5.00;136;136;9.03;25.14
2100.00;2400.00;2076.00;26.55;E0_1_2500m;5.00;173;173;10.86;26.69
2100.00;2400.00;1656.00;24.90;E0_0_2600m;5.00;138;138;9.24;24.94
2100.00;2400.00;2124.00;26.29;E0_1_2600m;5.00;177;177;11.22;26.44
2100.00;2400.00;1668.00;24.53;E0_0_2700m;5.00;139;140;9.50;24.60
2100.00;2400.00;2172.00;25.95;E0_1_2700m;5.00;181;181;11.62;26.10
2100.00;2400.00;1716.00;23.94;E0_0_2800m;5.00;143;143;9.96;24.03
2100.00;2400.00;2184.00;25.33;E0_1_2800m;5.00;182;182;11.98;25.49
2100.00;2400.00;1716.00;23.24;E0_0_2900m;5.00;143;143;10.25;23.34
2100.00;2400.00;2220.00;24.40;E0_1_2900m;5.00;185;185;12.64;24.55
2100.00;2400.00;1740.00;21.97;E0_0_3000m;5.00;145;145;10.97;22.05
2100.00;2400.00;2220.00;23.12;E0_1_3000m;5.00;185;185;13.34;23.28
2100.00;2400.00;1776.00;21.89;E0_0_3100m;5.00;148;148;11.27;21.94
2100.00;2400.00;2184.00;23.03;E0_1_3100m;5.00;182;182;13.17;23.17
2100.00;2400.00;1860.00;22.32;E0_0_3200m;5.00;155;155;11.57;22.39
2100.00;2400.00;2076.00;23.19;E0_1_3200m;5.00;173;175;12.54;23.36
2100.00;2400.00;1860.00;22.36;E0_0_3300m;5.00;155;155;11.55;22.38
2100.00;2400.00;2088.00;23.11;E0_1_3300m;5.00;174;173;12.48;23.26
2100.00;2400.00;1812.00;22.38;E0_0_3400m;5.00;151;152;11.30;22.39
2100.00;2400.00;2088.00;22.96;E0_1_3400m;5.00;174;175;12.69;23.06
2100.00;2400.00;1812.00;22.22;E0_0_3500m;5.00;151;151;11.33;22.24
2100.00;2400.00;2064.00;22.88;E0_1_3500m;5.00;172;172;12.53;22.97
2100.00;2400.00;1788.00;22.06;E0_0_3600m;5.00;149;149;11.26;22.09
2100.00;2400.00;2052.00;22.84;E0_1_3600m;5.00;171;172;12.52;22.93
2100.00;2400.00;1740.00;22.07;E0_0_3700m;5.00;145;145;10.95;22.09
2100.00;2400.00;2040.00;22.81;E0_1_3700m;5.00;170;170;12.42;22.90
2100.00;2400.00;1716.00;22.14;E0_0_3800m;5.00;143;142;10.74;22.16
2100.00;2400.00;2016.00;22.92;E0_1_3800m;5.00;168;168;12.22;23.03
2100.00;2400.00;1716.00;22.28;E0_0_3900m;5.00;143;143;10.70;22.30
2100.00;2400.00;1980.00;23.29;E0_1_3900m;5.00;165;165;11.81;23.46
2100.00;2400.00;1752.00;23.31;E0_0_4000m;5.00;146;147;10.45;23.40
2100.00;2400.00;1932.00;25.27;E0_1_4000m;5.00;161;163;10.65;25.50
2100.00;2400.00;1680.00;26.60;E0_0_4100m;5.00;140;140;8.77;26.75
2100.00;2400.00;1956.00;28.81;E0_1_4100m;5.00;163;164;9.48;28.89
2100.00;2400.00;1668.00;26.69;E0_0_4200m;5.00;139;138;8.64;26.85
2100.00;2400.00;1968.00;29.48;E0_1_4200m;5.00;164;164;9.27;29.60
2100.00;2400.00;1632.00;26.50;E0_0_4300m;5.00;136;135;8.51;26.64
2100.00;2400.00;2016.00;29.47;E0_1_4300m;5.00;168;168;9.50;29.59
2100.00;2400.00;1632.00;26.22;E0_0_4400m;5.00;136;136;8.64;26.35
2100.00;2400.00;2040.00;29.12;E0_1_4400m;5.00;170;169;9.71;29.26
2100.00;2400.00;1620.00;25.85;E0_0_4500m;5.00;135;135;8.70;25.97
2100.00;2400.00;2076.00;28.93;E0_1_4500m;5.00;173;172;9.92;29.07
2100.00;2400.00;1620.00;25.60;E0_0_4600m;5.00;135;135;8.79;25.73
2100.00;2400.00;2040.00;28.82;E0_1_4600m;5.00;170;170;9.83;28.97
2100.00;2400.00;1644.00;25.46;E0_0_4700m;5.00;137;138;9.00;25.61
2100.00;2400.00;1968.00;28.81;E0_1_4700m;5.00;164;165;9.54;28.96
2100.00;2400.00;1596.00;25.30;E0_0_4800m;5.00;133;133;8.76;25.45
2100.00;2400.00;1968.00;28.89;E0_1_4800m;5.00;164;164;9.46;29.03
2100.00;2400.00;1560.00;25.22;E0_0_4900m;5.00;130;130;8.59;25.37
2100.00;2400.00;1944.00;29.10;E0_1_4900m;5.00;162;163;9.29;29.23
2100.00;2400.00;1572.00;25.25;E0_0_5000m;5.00;131;131;8.65;25.41
2100.00;2400.00;1920.00;29.21;E0_1_5000m;5.00;160;160;9.13;29.35
2400.00;2700.00;0.00;-1.00;E0_0_0m;-1.00;0;0;0.00;-1.00
2400.00;2700.00;0.00;-1.00;E0_1_0m;-1.00;0;0;0.00;-1.00
2400.00;2700.00;1824.00;26.12;E0_0_100m;5.00;152;153;9.74;26.29
2400.00;2700.00;2244.00;27.31;E0_1_100m;5.00;187;187;11.41;27.48
2400.00;2700.00;1776.00;26.65;E0_0_200m;5.00;148;148;9.26;26.83
2400.00;2700.00;2244.00;27.90;E0_1_200m;5.00;187;187;11.17;28.12
2400.00;2700.00;1740.00;26.84;E0_0_300m;5.00;145;145;9.01;26.98
2400.00;2700.00;2244.00;28.15;E0_1_300m;5.00;187;187;11.07;28.32
2400.00;2700.00;1764.00;26.92;E0_0_400m;5.00;147;147;9.10;27.04
2400.00;2700.00;2208.00;28.33;E0_1_400m;5.00;184;184;10.82;28.49
2400.00;2700.00;1752.00;27.00;E0_0_500m;5.00;146;146;9.01;27.10
2400.00;2700.00;2208.00;28.48;E0_1_500m;5.00;184;184;10.77;28.63
2400.00;2700.00;1728.00;27.07;E0_0_600m;5.00;144;144;8.89;27.17
2400.00;2700.00;2244.00;28.56;E0_1_600m;5.00;187;187;10.91;28.69
2400.00;2700.00;1716.00;27.10;E0_0_700m;5.00;143;143;8.79;27.18
2400.00;2700.00;2244.00;28.69;E0_1_700m;5.00;187;187;10.86;28.81
2400.00;2700.00;1680.00;27.09;E0_0_800m;5.00;140;140;8.61;27.17
2400.00;2700.00;2256.00;28.77;E0_1_800m;5.00;188;188;10.89;28.87
2400.00;2700.00;1704.00;27.03;E0_0_900m;5.00;142;142;8.75;27.10
2400.00;2700.00;2256.00;28.84;E0_1_900m;5.00;188;188;10.87;28.94
2400.00;2700.00;1680.00;27.03;E0_0_1000m;5.00;140;140;8.63;27.11
2400.00;2700.00;2244.00;28.91;E0_1_1000m;5.00;187;188;10.81;29.01
2400.00;2700.00;1704.00;27.09;E0_0_1100m;5.00;142;142;8.73;27.18
2400.00;2700.00;2208.00;28.95;E0_1_1100m;5.00;184;184;10.59;29.05
2400.00;2700.00;1704.00;27.07;E0_0_1200m;5.00;142;143;8.76;27.15
2400.00;2700.00;2196.00;28.89;E0_1_1200m;5.00;183;183;10.56;28.98
2400.00;2700.00;1704.00;26.92;E0_0_1300m;5.00;142;141;8.79;27.00
2400.00;2700.00;2196.00;28.80;E0_1_1300m;5.00;183;183;10.59;28.89
2400.00;2700.00;1740.00;26.82;E0_0_1400m;5.00;145;145;9.01;26.90
2400.00;2700.00;2172.00;28.67;E0_1_1400m;5.00;181;181;10.52;28.78
2400.00;2700.00;1764.00;26.71;E0_0_1500m;5.00;147;147;9.17;26.81
2400.00;2700.00;2160.00;28.51;E0_1_1500m;5.00;180;180;10.52;28.63
2400.00;2700.00;1776.00;26.48;E0_0_1600m;5.00;148;147;9.25;26.60
2400.00;2700.00;2172.00;28.43;E0_1_1600m;5.00;181;181;10.61;28.56
2400.00;2700.00;1752.00;26.29;E0_0_1700m;5.00;146;146;9.27;26.45
2400.00;2700.00;2196.00;28.37;E0_1_1700m;5.00;183;184;10.76;28.50
2400.00;2700.00;1728.00;26.24;E0_0_1800m;5.00;144;144;9.15;26.39
2400.00;2700.00;2232.00;28.28;E0_1_1800m;5.00;186;186;10.96;28.41
2400.00;2700.00;1752.00;26.08;E0_0_1900m;5.00;146;146;9.33;26.24
2400.00;2700.00;2256.00;28.21;E0_1_1900m;5.00;188;188;11.11;28.34
2400.00;2700.00;1764.00;25.92;E0_0_2000m;5.00;147;147;9.45;26.08
2400.00;2700.00;2256.00;28.05;E0_1_2000m;5.00;188;188;11.17;28.19
2400.00;2700.00;1776.00;25.71;E0_0_2100m;5.00;148;148;9.59;25.87
2400.00;2700.00;2292.00;27.75;E0_1_2100m;5.00;191;191;11.47;27.93
2400.00;2700.00;1788.00;25.35;E0_0_2200m;5.00;149;149;9.80;25.50
2400.00;2700.00;2328.00;27.39;E0_1_2200m;5.00;194;194;11.80;27.62
2400.00;2700.00;1824.00;25.00;E0_0_2300m;5.00;152;152;10.13;25.17
2400.00;2700.00;2316.00;26.92;E0_1_2300m;5.00;193;193;11.95;27.20
2400.00;2700.00;1824.00;24.23;E0_0_2400m;5.00;152;152;10.45;24.44
2400.00;2700.00;2304.00;26.06;E0_1_2400m;5.00;192;193;12.28;26.38
2400.00;2700.00;1836.00;23.24;E0_0_2500m;5.00;153;153;10.97;23.48
2400.00;2700.00;2280.00;24.83;E0_1_2500m;5.00;190;190;12.75;25.21
2400.00;2700.00;1848.00;21.84;E0_0_2600m;5.00;154;154;11.75;22.10
2400.00;2700.00;2244.00;23.34;E0_1_2600m;5.00;187;187;13.35;23.73
2400.00;2700.00;1836.00;20.58;E0_0_2700m;5.00;153;152;12.33;20.82
2400.00;2700.00;2220.00;21.82;E0_1_2700m;5.00;185;185;14.13;22.22
2400.00;2700.00;1836.00;19.68;E0_0_2800m;5.00;153;153;12.96;19.87
2400.00;2700.00;2220.00;20.52;E0_1_2800m;5.00;185;185;15.02;20.91
2400.00;2700.00;1836.00;18.77;E0_0_2900m;5.00;153;153;13.58;18.89
2400.00;2700.00;2184.00;19.29;E0_1_2900m;5.00;182;182;15.72;19.54
2400.00;2700.00;1800.00;17.71;E0_0_3000m;5.00;150;151;14.14;17.74
2400.00;2700.00;2232.00;18.21;E0_1_3000m;5.00;186;186;17.02;18.32
2400.00;2700.00;1848.00;17.51;E0_0_3100m;5.00;154;154;14.66;17.53
2400.00;2700.00;2184.00;18.07;E0_1_3100m;5.00;182;182;16.79;18.12
2400.00;2700.00;1896.00;17.72;E0_0_3200m;5.00;158;158;14.86;17.82
2400.00;2700.00;2136.00;18.11;E0_1_3200m;5.00;178;180;16.55;18.17
2400.00;2700.00;1884.00;17.69;E0_0_3300m;5.00;157;157;14.79;17.71
2400.00;2700.00;2148.00;18.17;E0_1_3300m;5.00;179;179;16.42;18.24
2400.00;2700.00;1908.00;17.81;E0_0_3400m;5.00;159;158;14.82;17.83
2400.00;2700.00;2148.00;18.09;E0_1_3400m;5.00;179;178;16.44;18.15
2400.00;2700.00;1884.00;17.85;E0_0_3500m;5.00;157;158;14.71;17.86
2400.00;2700.00;2148.00;18.01;E0_1_3500m;5.00;179;180;16.62;18.05
2400.00;2700.00;1872.00;17.84;E0_0_3600m;5.00;156;157;14.67;17.84
2400.00;2700.00;2148.00;18.03;E0_1_3600m;5.00;179;178;16.51;18.16
2400.00;2700.00;1872.00;17.80;E0_0_3700m;5.00;156;156;14.60;17.81
2400.00;2700.00;2136.00;18.01;E0_1_3700m;5.00;178;178;16.47;18.03
2400.00;2700.00;1872.00;17.78;E0_0_3800m;5.00;156;156;14.62;17.79
2400.00;2700.00;2124.00;18.06;E0_1_3800m;5.00;177;177;16.33;18.09
2400.00;2700.00;1848.00;17.76;E0_0_3900m;5.00;154;155;14.50;17.80
2400.00;2700.00;2100.00;18.55;E0_1_3900m;5.00;175;176;15.77;18.68
2400.00;2700.00;1836.00;19.63;E0_0_4000m;5.00;153;154;13.06;19.84
2400.00;2700.00;2100.00;21.57;E0_1_4000m;5.00;175;176;13.61;21.95
2400.00;2700.00;1776.00;26.40;E0_0_4100m;5.00;148;148;9.34;26.48
2400.00;2700.00;2172.00;27.27;E0_1_4100m;5.00;181;181;11.06;27.33
2400.00;2700.00;1752.00;26.91;E0_0_4200m;5.00;146;146;9.04;27.01
2400.00;2700.00;2184.00;28.37;E0_1_4200m;5.00;182;182;10.69;28.46
2400.00;2700.00;1788.00;26.78;E0_0_4300m;5.00;149;149;9.27;26.90
2400.00;2700.00;2196.00;28.39;E0_1_4300m;5.00;183;183;10.74;28.47
2400.00;2700.00;1752.00;26.62;E0_0_4400m;5.00;146;147;9.19;26.74
2400.00;2700.00;2196.00;28.37;E0_1_4400m;5.00;183;184;10.75;28.47
2400.00;2700.00;1788.00;26.42;E0_0_4500m;5.00;149;149;9.40;26.54
2400.00;2700.00;2160.00;28.29;E0_1_4500m;5.00;180;181;10.66;28.37
2400.00;2700.00;1788.00;26.32;E0_0_4600m;5.00;149;150;9.47;26.44
2400.00;2700.00;2172.00;28.21;E0_1_4600m;5.00;181;181;10.69;28.30
2400.00;2700.00;1800.00;26.35;E0_0_4700m;5.00;150;149;9.46;26.46
2400.00;2700.00;2184.00;28.17;E0_1_4700m;5.00;182;181;10.71;28.26
2400.00;2700.00;1776.00;26.18;E0_0_4800m;5.00;148;148;9.42;26.30
2400.00;2700.00;2184.00;28.15;E0_1_4800m;5.00;182;182;10.77;28.24
2400.00;2700.00;1776.00;25.94;E0_0_4900m;5.00;148;148;9.51;26.05
2400.00;2700.00;2208.00;28.17;E0_1_4900m;5.00;184;183;10.87;28.26
2400.00;2700.00;1776.00;25.78;E0_0_5000m;5.00;148;148;9.57;25.90
2400.00;2700.00;2196.00;28.22;E0_1_5000m;5.00;183;183;10.81;28.30
2700.00;3000.00;0.00;-1.00;E0_0_0m;-1.00;0;0;0.00;-1.00
2700.00;3000.00;0.00;-1.00;E0_1_0m;-1.00;0;0;0.00;-1.00
2700.00;3000.00;1920.00;25.26;E0_0_100m;5.00;160;161;10.57;25.43
2700.00;3000.00;2220.00;26.97;E0_1_100m;5.00;185;185;11.43;27.17
2700.00;3000.00;1968.00;25.53;E0_0_200m;5.00;164;164;10.71;25.72
2700.00;3000.00;2220.00;27.78;E0_1_200m;5.00;185;185;11.10;28.04
2700.00;3000.00;1980.00;25.47;E0_0_300m;5.00;165;165;10.80;25.66
2700.00;3000.00;2232.00;27.56;E0_1_300m;5.00;186;186;11.25;27.83
2700.00;3000.00;1944.00;25.47;E0_0_400m;5.00;162;162;10.60;25.65
2700.00;3000.00;2268.00;27.19;E0_1_400m;5.00;189;190;11.59;27.42
2700.00;3000.00;1956.00;25.35;E0_0_500m;5.00;163;163;10.72;25.52
2700.00;3000.00;2268.00;26.97;E0_1_500m;5.00;189;189;11.68;27.21
2700.00;3000.00;1944.00;25.25;E0_0_600m;5.00;162;162;10.69;25.42
2700.00;3000.00;2292.00;26.82;E0_1_600m;5.00;191;191;11.87;27.06
2700.00;3000.00;1944.00;25.07;E0_0_700m;5.00;162;163;10.81;25.25
2700.00;3000.00;2316.00;26.79;E0_1_700m;5.00;193;193;12.01;27.03
2700.00;3000.00;1956.00;24.91;E0_0_800m;5.00;163;163;10.91;25.08
2700.00;3000.00;2316.00;26.63;E0_1_800m;5.00;193;193;12.08;26.82
2700.00;3000.00;1932.00;24.87;E0_0_900m;5.00;161;161;10.79;25.04
2700.00;3000.00;2280.00;26.58;E0_1_900m;5.00;190;191;11.98;26.75
2700.00;3000.00;1920.00;24.93;E0_0_1000m;5.00;160;160;10.70;25.08
2700.00;3000.00;2292.00;26.40;E0_1_1000m;5.00;191;191;12.03;26.55
2700.00;3000.00;1920.00;24.80;E0_0_1100m;5.00;160;160;10.75;24.93
2700.00;3000.00;2280.00;26.21;E0_1_1100m;5.00;190;190;12.08;26.34
2700.00;3000.00;1968.00;24.63;E0_0_1200m;5.00;164;163;11.08;24.75
2700.00;3000.00;2304.00;25.95;E0_1_1200m;5.00;192;192;12.33;26.06
2700.00;3000.00;1992.00;24.48;E0_0_1300m;5.00;166;166;11.30;24.59
2700.00;3000.00;2340.00;25.66;E0_1_1300m;5.00;195;195;12.67;25.75
2700.00;3000.00;2016.00;24.33;E0_0_1400m;5.00;168;169;11.53;24.46
2700.00;3000.00;2352.00;25.40;E0_1_1400m;5.00;196;196;12.86;25.47
2700.00;3000.00;2028.00;24.22;E0_0_1500m;5.00;169;169;11.63;24.35
2700.00;3000.00;2388.00;25.26;E0_1_1500m;5.00;199;199;13.13;25.35
2700.00;3000.00;2040.00;24.20;E0_0_1600m;5.00;170;170;11.71;24.32
2700.00;3000.00;2388.00;25.12;E0_1_1600m;5.00;199;200;13.25;25.21
2700.00;3000.00;2064.00;24.15;E0_0_1700m;5.00;172;172;11.87;24.25
2700.00;3000.00;2388.00;24.99;E0_1_1700m;5.00;199;199;13.27;25.08
2700.00;3000.00;2076.00;24.00;E0_0_1800m;5.00;173;173;12.01;24.10
2700.00;3000.00;2376.00;24.79;E0_1_1800m;5.00;198;199;13.32;24.86
2700.00;3000.00;2040.00;23.75;E0_0_1900m;5.00;170;170;11.93;23.86
2700.00;3000.00;2376.00;24.59;E0_1_1900m;5.00;198;198;13.42;24.67
2700.00;3000.00;2028.00;23.52;E0_0_2000m;5.00;169;169;11.98;23.66
2700.00;3000.00;2364.00;24.39;E0_1_2000m;5.00;197;197;13.46;24.51
2700.00;3000.00;2016.00;23.29;E0_0_2100m;5.00;168;168;12.02;23.45
2700.00;3000.00;2340.00;24.08;E0_1_2100m;5.00;195;196;13.51;24.24
2700.00;3000.00;2004.00;22.99;E0_0_2200m;5.00;167;167;12.11;23.18
2700.00;3000.00;2304.00;23.65;E0_1_2200m;5.00;192;193;13.59;23.88
2700.00;3000.00;2004.00;22.51;E0_0_2300m;5.00;167;167;12.36;22.73
2700.00;3000.00;2304.00;23.16;E0_1_2300m;5.00;192;192;13.82;23.49
2700.00;3000.00;2004.00;21.91;E0_0_2400m;5.00;167;167;12.70;22.20
2700.00;3000.00;2316.00;22.61;E0_1_2400m;5.00;193;192;14.23;23.05
2700.00;3000.00;1980.00;21.33;E0_0_2500m;5.00;165;165;12.89;21.67
2700.00;3000.00;2280.00;21.98;E0_1_2500m;5.00;190;190;14.41;22.50
2700.00;3000.00;1932.00;20.83;E0_0_2600m;5.00;161;161;12.88;21.18
2700.00;3000.00;2280.00;21.42;E0_1_2600m;5.00;190;190;14.78;22.03
2700.00;3000.00;1944.00;20.37;E0_0_2700m;5.00;162;162;13.26;20.75
2700.00;3000.00;2268.00;20.93;E0_1_2700m;5.00;189;189;15.05;21.61
2700.00;3000.00;1908.00;19.75;E0_0_2800m;5.00;159;159;13.41;20.09
2700.00;3000.00;2232.00;20.31;E0_1_2800m;5.00;186;186;15.26;20.95
2700.00;3000.00;1908.00;19.08;E0_0_2900m;5.00;159;159;13.89;19.34
2700.00;3000.00;2232.00;19.68;E0_1_2900m;5.00;186;186;15.75;20.18
2700.00;3000.00;1860.00;17.80;E0_0_3000m;5.00;155;156;14.60;17.88
2700.00;3000.00;2232.00;18.75;E0_1_3000m;5.00;186;187;16.63;19.07
2700.00;3000.00;1896.00;17.73;E0_0_3100m;5.00;158;158;14.85;17.78
2700.00;3000.00;2172.00;18.45;E0_1_3100m;5.00;181;181;16.35;18.65
2700.00;3000.00;1884.00;17.83;E0_0_3200m;5.00;157;157;14.68;17.86
2700.00;3000.00;2172.00;18.36;E0_1_3200m;5.00;181;180;16.34;18.53
2700.00;3000.00;1860.00;17.79;E0_0_3300m;5.00;155;155;14.52;17.81
2700.00;3000.00;2184.00;18.23;E0_1_3300m;5.00;182;183;16.68;18.32
2700.00;3000.00;1836.00;17.76;E0_0_3400m;5.00;153;153;14.36;17.77
2700.00;3000.00;2196.00;18.09;E0_1_3400m;5.00;183;183;16.86;18.14
2700.00;3000.00;1836.00;17.69;E0_0_3500m;5.00;153;152;14.36;17.71
2700.00;3000.00;2196.00;18.06;E0_1_3500m;5.00;183;182;16.84;18.10
2700.00;3000.00;1848.00;17.64;E0_0_3600m;5.00;154;154;14.55;17.66
2700.00;3000.00;2148.00;18.20;E0_1_3600m;5.00;179;179;16.39;18.30
2700.00;3000.00;1836.00;17.68;E0_0_3700m;5.00;153;153;14.42;17.69
2700.00;3000.00;2160.00;18.19;E0_1_3700m;5.00;180;180;16.50;18.32
2700.00;3000.00;1836.00;17.65;E0_0_3800m;5.00;153;153;14.44;17.66
2700.00;3000.00;2160.00;18.24;E0_1_3800m;5.00;180;180;16.45;18.40
2700.00;3000.00;1824.00;17.75;E0_0_3900m;5.00;152;152;14.30;17.77
2700.00;3000.00;2172.00;18.67;E0_1_3900m;5.00;181;180;16.12;18.94
2700.00;3000.00;1824.00;19.46;E0_0_4000m;5.00;152;153;13.07;19.69
2700.00;3000.00;2172.00;21.56;E0_1_4000m;5.00;181;182;13.96;21.99
2700.00;3000.00;1752.00;25.85;E0_0_4100m;5.00;146;146;9.42;25.96
2700.00;3000.00;2220.00;27.12;E0_1_4100m;5.00;185;186;11.38;27.20
2700.00;3000.00;1788.00;26.84;E0_0_4200m;5.00;149;149;9.25;26.99
2700.00;3000.00;2208.00;28.44;E0_1_4200m;5.00;184;185;10.80;28.56
2700.00;3000.00;1764.00;27.15;E0_0_4300m;5.00;147;148;9.07;27.28
2700.00;3000.00;2172.00;28.95;E0_1_4300m;5.00;181;181;10.42;29.07
2700.00;3000.00;1764.00;27.13;E0_0_4400m;5.00;147;147;9.03;27.27
2700.00;3000.00;2172.00;29.11;E0_1_4400m;5.00;181;180;10.36;29.23
2700.00;3000.00;1752.00;27.07;E0_0_4500m;5.00;146;146;8.99;27.22
2700.00;3000.00;2184.00;29.20;E0_1_4500m;5.00;182;182;10.35;29.32
2700.00;3000.00;1776.00;26.91;E0_0_4600m;5.00;148;147;9.13;27.07
2700.00;3000.00;2172.00;29.22;E0_1_4600m;5.00;181;181;10.32;29.33
2700.00;3000.00;1800.00;26.83;E0_0_4700m;5.00;150;150;9.32;26.99
2700.00;3000.00;2148.00;29.26;E0_1_4700m;5.00;179;179;10.20;29.36
2700.00;3000.00;1824.00;26.69;E0_0_4800m;5.00;152;152;9.49;26.85
2700.00;3000.00;2136.00;29.37;E0_1_4800m;5.00;178;179;10.16;29.47
2700.00;3000.00;1812.00;26.53;E0_0_4900m;5.00;151;151;9.48;26.68
2700.00;3000.00;2148.00;29.41;E0_1_4900m;5.00;179;179;10.14;29.52
2700.00;3000.00;1824.00;26.48;E0_0_5000m;5.00;152;153;9.58;26.63
2700.00;3000.00;2124.00;29.41;E0_1_5000m;5.00;177;177;10.03;29.52
3000.00;3300.00;0.00;-1.00;E0_0_0m;-1.00;0;0;0.00;-1.00
3000.00;3300.00;0.00;-1.00;E0_1_0m;-1.00;0;0;0.00;-1.00
3000.00;3300.00;1800.00;24.84;E0_0_100m;5.00;150;150;10.06;25.12
3000.00;3300.00;2292.00;26.31;E0_1_100m;5.00;191;191;12.10;26.52
3000.00;3300.00;1872.00;25.22;E0_0_200m;5.00;156;156;10.31;25.49
3000.00;3300.00;2184.00;26.74;E0_1_200m;5.00;182;182;11.34;27.01
3000.00;3300.00;1872.00;25.19;E0_0_300m;5.00;156;156;10.32;25.43
3000.00;3300.00;2220.00;26.78;E0_1_300m;5.00;185;185;11.51;27.06
3000.00;3300.00;1884.00;25.14;E0_0_400m;5.00;157;157;10.41;25.36
3000.00;3300.00;2268.00;26.76;E0_1_400m;5.00;189;188;11.76;27.03
3000.00;3300.00;1884.00;25.10;E0_0_500m;5.00;157;157;10.42;25.31
3000.00;3300.00;2292.00;26.65;E0_1_500m;5.00;191;191;11.95;26.89
3000.00;3300.00;1884.00;24.98;E0_0_600m;5.00;157;157;10.47;25.16
3000.00;3300.00;2280.00;26.52;E0_1_600m;5.00;190;190;11.94;26.76
3000.00;3300.00;1908.00;24.77;E0_0_700m;5.00;159;159;10.70;24.93
3000.00;3300.00;2280.00;26.32;E0_1_700m;5.00;190;190;12.03;26.56
3000.00;3300.00;1896.00;24.62;E0_0_800m;5.00;158;158;10.70;24.78
3000.00;3300.00;2304.00;26.03;E0_1_800m;5.00;192;192;12.29;26.26
3000.00;3300.00;1872.00;24.43;E0_0_900m;5.00;156;156;10.64;24.60
3000.00;3300.00;2352.00;25.63;E0_1_900m;5.00;196;195;12.68;25.84
3000.00;3300.00;1860.00;24.19;E0_0_1000m;5.00;155;155;10.68;24.35
3000.00;3300.00;2364.00;25.30;E0_1_1000m;5.00;197;196;12.98;25.50
3000.00;3300.00;1908.00;24.04;E0_0_1100m;5.00;159;159;11.02;24.18
3000.00;3300.00;2364.00;25.09;E0_1_1100m;5.00;197;197;13.09;25.26
3000.00;3300.00;1884.00;23.89;E0_0_1200m;5.00;157;157;10.95;24.01
3000.00;3300.00;2340.00;24.94;E0_1_1200m;5.00;195;195;13.03;25.10
3000.00;3300.00;1860.00;23.84;E0_0_1300m;5.00;155;155;10.84;23.96
3000.00;3300.00;2304.00;24.82;E0_1_1300m;5.00;192;193;12.93;24.97
3000.00;3300.00;1872.00;23.85;E0_0_1400m;5.00;156;155;10.88;23.98
3000.00;3300.00;2280.00;24.79;E0_1_1400m;5.00;190;190;12.77;24.93
3000.00;3300.00;1836.00;23.88;E0_0_1500m;5.00;153;153;10.68;23.99
3000.00;3300.00;2268.00;24.85;E0_1_1500m;5.00;189;189;12.68;24.97
3000.00;3300.00;1836.00;23.93;E0_0_1600m;5.00;153;155;10.76;24.05
3000.00;3300.00;2256.00;25.01;E0_1_1600m;5.00;188;187;12.48;25.16
3000.00;3300.00;1872.00;23.96;E0_0_1700m;5.00;156;156;10.85;24.08
3000.00;3300.00;2220.00;24.96;E0_1_1700m;5.00;185;185;12.35;25.09
3000.00;3300.00;1884.00;23.75;E0_0_1800m;5.00;157;157;11.02;23.89
3000.00;3300.00;2220.00;24.81;E0_1_1800m;5.00;185;185;12.49;24.94
3000.00;3300.00;1884.00;23.62;E0_0_1900m;5.00;157;157;11.08;23.78
3000.00;3300.00;2232.00;24.58;E0_1_1900m;5.00;186;186;12.61;24.73
3000.00;3300.00;1884.00;23.28;E0_0_2000m;5.00;157;157;11.24;23.44
3000.00;3300.00;2232.00;24.25;E0_1_2000m;5.00;186;186;12.78;24.43
3000.00;3300.00;1860.00;22.87;E0_0_2100m;5.00;155;155;11.29;23.03
3000.00;3300.00;2244.00;23.77;E0_1_2100m;5.00;187;186;13.10;23.99
3000.00;3300.00;1860.00;22.47;E0_0_2200m;5.00;155;155;11.50;22.62
3000.00;3300.00;2244.00;23.25;E0_1_2200m;5.00;187;186;13.35;23.49
3000.00;3300.00;1860.00;21.78;E0_0_2300m;5.00;155;155;11.86;21.97
3000.00;3300.00;2256.00;22.68;E0_1_2300m;5.00;188;188;13.82;22.94
3000.00;3300.00;1848.00;21.20;E0_0_2400m;5.00;154;154;12.11;21.35
3000.00;3300.00;2256.00;22.07;E0_1_2400m;5.00;188;188;14.20;22.33
3000.00;3300.00;1848.00;20.72;E0_0_2500m;5.00;154;154;12.39;20.85
3000.00;3300.00;2256.00;21.31;E0_1_2500m;5.00;188;188;14.71;21.51
3000.00;3300.00;1848.00;20.12;E0_0_2600m;5.00;154;155;12.78;20.24
3000.00;3300.00;2256.00;20.55;E0_1_2600m;5.00;188;188;15.25;20.70
3000.00;3300.00;1848.00;19.59;E0_0_2700m;5.00;154;154;13.10;19.69
3000.00;3300.00;2244.00;19.89;E0_1_2700m;5.00;187;188;15.67;20.02
3000.00;3300.00;1872.00;18.93;E0_0_2800m;5.00;156;156;13.73;19.01
3000.00;3300.00;2220.00;19.26;E0_1_2800m;5.00;185;185;16.01;19.34
3000.00;3300.00;1884.00;18.21;E0_0_2900m;5.00;157;157;14.37;18.26
3000.00;3300.00;2208.00;18.57;E0_1_2900m;5.00;184;184;16.51;18.61
3000.00;3300.00;1884.00;17.49;E0_0_3000m;5.00;157;158;15.05;17.52
3000.00;3300.00;2220.00;18.06;E0_1_3000m;5.00;185;185;17.04;18.06
3000.00;3300.00;1932.00;17.44;E0_0_3100m;5.00;161;161;15.38;17.48
3000.00;3300.00;2184.00;17.98;E0_1_3100m;5.00;182;183;16.91;17.99
3000.00;3300.00;1944.00;17.54;E0_0_3200m;5.00;162;163;15.40;17.56
3000.00;3300.00;2172.00;17.93;E0_1_3200m;5.00;181;182;16.87;17.93
3000.00;3300.00;1956.00;17.60;E0_0_3300m;5.00;163;163;15.44;17.62
3000.00;3300.00;2172.00;17.89;E0_1_3300m;5.00;181;180;16.82;17.89
3000.00;3300.00;1956.00;17.61;E0_0_3400m;5.00;163;163;15.43;17.62
3000.00;3300.00;2160.00;17.88;E0_1_3400m;5.00;180;180;16.78;17.88
3000.00;3300.00;1968.00;17.63;E0_0_3500m;5.00;164;165;15.57;17.64
3000.00;3300.00;2160.00;17.88;E0_1_3500m;5.00;180;181;16.84;17.88
3000.00;3300.00;2004.00;17.67;E0_0_3600m;5.00;167;167;15.75;17.69
3000.00;3300.00;2160.00;17.88;E0_1_3600m;5.00;180;180;16.78;17.88
3000.00;3300.00;1992.00;17.68;E0_0_3700m;5.00;166;166;15.65;17.69
3000.00;3300.00;2148.00;17.87;E0_1_3700m;5.00;179;179;16.69;17.87
3000.00;3300.00;1980.00;17.74;E0_0_3800m;5.00;165;165;15.50;17.75
3000.00;3300.00;2148.00;17.91;E0_1_3800m;5.00;179;179;16.65;17.92
3000.00;3300.00;1992.00;17.76;E0_0_3900m;5.00;166;166;15.58;17.79
3000.00;3300.00;2136.00;18.24;E0_1_3900m;5.00;178;179;16.29;18.31
3000.00;3300.00;1956.00;19.68;E0_0_4000m;5.00;163;165;13.95;19.83
3000.00;3300.00;2184.00;21.03;E0_1_4000m;5.00;182;182;14.42;21.43
3000.00;3300.00;1896.00;25.53;E0_0_4100m;5.00;158;158;10.32;25.64
3000.00;3300.00;2244.00;26.23;E0_1_4100m;5.00;187;187;11.88;26.37
3000.00;3300.00;1896.00;25.80;E0_0_4200m;5.00;158;158;10.21;25.90
3000.00;3300.00;2220.00;26.69;E0_1_4200m;5.00;185;185;11.55;26.88
3000.00;3300.00;1908.00;25.75;E0_0_4300m;5.00;159;159;10.29;25.83
3000.00;3300.00;2208.00;26.61;E0_1_4300m;5.00;184;184;11.53;26.76
3000.00;3300.00;1908.00;25.63;E0_0_4400m;5.00;159;159;10.34;25.71
3000.00;3300.00;2220.00;26.56;E0_1_4400m;5.00;185;185;11.61;26.67
3000.00;3300.00;1908.00;25.61;E0_0_4500m;5.00;159;159;10.35;25.68
3000.00;3300.00;2220.00;26.54;E0_1_4500m;5.00;185;184;11.59;26.62
3000.00;3300.00;1908.00;25.56;E0_0_4600m;5.00;159;160;10.42;25.63
3000.00;3300.00;2208.00;26.47;E0_1_4600m;5.00;184;184;11.59;26.54
3000.00;3300.00;1896.00;25.47;E0_0_4700m;5.00;158;158;10.34;25.53
3000.00;3300.00;2208.00;26.38;E0_1_4700m;5.00;184;184;11.63;26.44
3000.00;3300.00;1872.00;25.51;E0_0_4800m;5.00;156;156;10.19;25.56
3000.00;3300.00;2220.00;26.30;E0_1_4800m;5.00;185;184;11.67;26.36
3000.00;3300.00;1848.00;25.49;E0_0_4900m;5.00;154;154;10.07;25.53
3000.00;3300.00;2244.00;26.25;E0_1_4900m;5.00;187;187;11.87;26.30
3000.00;3300.00;1860.00;25.38;E0_0_5000m;5.00;155;155;10.18;25.41
3000.00;3300.00;2244.00;26.19;E0_1_5000m;5.00;187;187;11.90;26.23
3300.00;3600.00;0.00;-1.00;E0_0_0m;-1.00;0;0;0.00;-1.00
3300.00;3600.00;0.00;-1.00;E0_1_0m;-1.00;0;0;0.00;-1.00
3300.00;3600.00;1836.00;26.68;E0_0_100m;5.00;153;154;9.62;26.82
3300.00;3600.00;2232.00;27.87;E0_1_100m;5.00;186;186;11.12;28.00
3300.00;3600.00;1884.00;27.11;E0_0_200m;5.00;157;157;9.65;27.26
3300.00;3600.00;2184.00;28.76;E0_1_200m;5.00;182;183;10.57;28.89
3300.00;3600.00;1872.00;27.16;E0_0_300m;5.00;156;156;9.57;27.30
3300.00;3600.00;2184.00;28.91;E0_1_300m;5.00;182;182;10.49;29.04
3300.00;3600.00;1848.00;27.16;E0_0_400m;5.00;154;154;9.45;27.29
3300.00;3600.00;2160.00;28.97;E0_1_400m;5.00;180;180;10.36;29.10
3300.00;3600.00;1836.00;27.26;E0_0_500m;5.00;153;154;9.41;27.39
3300.00;3600.00;2172.00;29.04;E0_1_500m;5.00;181;181;10.39;29.20
3300.00;3600.00;1824.00;27.25;E0_0_600m;5.00;152;152;9.30;27.38
3300.00;3600.00;2196.00;29.00;E0_1_600m;5.00;183;183;10.52;29.13
3300.00;3600.00;1800.00;27.23;E0_0_700m;5.00;150;150;9.18;27.36
3300.00;3600.00;2184.00;28.93;E0_1_700m;5.00;182;182;10.49;29.03
3300.00;3600.00;1764.00;27.25;E0_0_800m;5.00;147;147;8.99;27.38
3300.00;3600.00;2208.00;28.91;E0_1_800m;5.00;184;184;10.61;29.00
3300.00;3600.00;1764.00;27.25;E0_0_900m;5.00;147;147;8.99;27.39
3300.00;3600.00;2208.00;29.00;E0_1_900m;5.00;184;184;10.57;29.08
3300.00;3600.00;1776.00;27.31;E0_0_1000m;5.00;148;148;9.03;27.44
3300.00;3600.00;2208.00;29.05;E0_1_1000m;5.00;184;184;10.56;29.14
3300.00;3600.00;1752.00;27.38;E0_0_1100m;5.00;146;147;8.93;27.51
3300.00;3600.00;2208.00;28.98;E0_1_1100m;5.00;184;184;10.58;29.07
3300.00;3600.00;1752.00;27.48;E0_0_1200m;5.00;146;146;8.85;27.59
3300.00;3600.00;2184.00;28.88;E0_1_1200m;5.00;182;182;10.50;28.96
3300.00;3600.00;1728.00;27.45;E0_0_1300m;5.00;144;144;8.74;27.53
3300.00;3600.00;2208.00;28.79;E0_1_1300m;5.00;184;183;10.62;28.86
3300.00;3600.00;1728.00;27.38;E0_0_1400m;5.00;144;144;8.77;27.46
3300.00;3600.00;2208.00;28.73;E0_1_1400m;5.00;184;184;10.68;28.81
3300.00;3600.00;1716.00;27.36;E0_0_1500m;5.00;143;143;8.71;27.43
3300.00;3600.00;2220.00;28.61;E0_1_1500m;5.00;185;185;10.78;28.70
3300.00;3600.00;1728.00;27.31;E0_0_1600m;5.00;144;143;8.74;27.38
3300.00;3600.00;2220.00;28.45;E0_1_1600m;5.00;185;185;10.84;28.52
3300.00;3600.00;1716.00;27.34;E0_0_1700m;5.00;143;143;8.72;27.40
3300.00;3600.00;2256.00;28.39;E0_1_1700m;5.00;188;188;11.04;28.47
3300.00;3600.00;1752.00;27.22;E0_0_1800m;5.00;146;146;8.94;27.31
3300.00;3600.00;2256.00;28.49;E0_1_1800m;5.00;188;188;10.94;28.57
3300.00;3600.00;1800.00;27.23;E0_0_1900m;5.00;150;150;9.18;27.30
3300.00;3600.00;2244.00;28.55;E0_1_1900m;5.00;187;187;10.92;28.64
3300.00;3600.00;1812.00;27.11;E0_0_2000m;5.00;151;151;9.28;27.16
3300.00;3600.00;2232.00;28.40;E0_1_2000m;5.00;186;186;10.92;28.48
3300.00;3600.00;1812.00;26.97;E0_0_2100m;5.00;151;151;9.33;27.02
3300.00;3600.00;2232.00;28.18;E0_1_2100m;5.00;186;186;11.00;28.27
3300.00;3600.00;1848.00;26.79;E0_0_2200m;5.00;154;155;9.61;26.85
3300.00;3600.00;2220.00;27.90;E0_1_2200m;5.00;185;185;11.05;28.04
3300.00;3600.00;1824.00;26.38;E0_0_2300m;5.00;152;152;9.60;26.46
3300.00;3600.00;2256.00;27.57;E0_1_2300m;5.00;188;188;11.36;27.73
3300.00;3600.00;1836.00;25.86;E0_0_2400m;5.00;153;154;9.92;25.97
3300.00;3600.00;2268.00;26.82;E0_1_2400m;5.00;189;189;11.74;27.05
3300.00;3600.00;1848.00;25.00;E0_0_2500m;5.00;154;154;10.27;25.18
3300.00;3600.00;2268.00;25.83;E0_1_2500m;5.00;189;190;12.24;26.14
3300.00;3600.00;1860.00;24.06;E0_0_2600m;5.00;155;154;10.71;24.31
3300.00;3600.00;2268.00;24.71;E0_1_2600m;5.00;189;189;12.75;25.10
3300.00;3600.00;1848.00;22.88;E0_0_2700m;5.00;154;154;11.22;23.17
3300.00;3600.00;2268.00;23.37;E0_1_2700m;5.00;189;188;13.48;23.76
3300.00;3600.00;1836.00;21.36;E0_0_2800m;5.00;153;153;11.94;21.59
3300.00;3600.00;2280.00;21.76;E0_1_2800m;5.00;190;190;14.56;22.05
3300.00;3600.00;1836.00;19.70;E0_0_2900m;5.00;153;153;12.94;19.82
3300.00;3600.00;2280.00;20.04;E0_1_2900m;5.00;190;190;15.80;20.20
3300.00;3600.00;1836.00;17.87;E0_0_3000m;5.00;153;152;14.18;17.93
3300.00;3600.00;2256.00;18.39;E0_1_3000m;5.00;188;187;16.99;18.45
3300.00;3600.00;1896.00;17.58;E0_0_3100m;5.00;158;158;14.98;17.63
3300.00;3600.00;2184.00;18.25;E0_1_3100m;5.00;182;182;16.62;18.29
3300.00;3600.00;1932.00;17.71;E0_0_3200m;5.00;161;160;15.15;17.73
3300.00;3600.00;2136.00;18.18;E0_1_3200m;5.00;178;178;16.33;18.21
3300.00;3600.00;1896.00;17.66;E0_0_3300m;5.00;158;159;14.94;17.67
3300.00;3600.00;2148.00;18.12;E0_1_3300m;5.00;179;180;16.48;18.14
3300.00;3600.00;1932.00;17.68;E0_0_3400m;5.00;161;162;15.18;17.70
3300.00;3600.00;2136.00;18.03;E0_1_3400m;5.00;178;178;16.46;18.05
3300.00;3600.00;1944.00;17.62;E0_0_3500m;5.00;162;161;15.26;17.63
3300.00;3600.00;2136.00;17.94;E0_1_3500m;5.00;178;178;16.56;17.95
3300.00;3600.00;1920.00;17.68;E0_0_3600m;5.00;160;161;15.09;17.68
3300.00;3600.00;2136.00;17.87;E0_1_3600m;5.00;178;178;16.60;17.87
3300.00;3600.00;1920.00;17.72;E0_0_3700m;5.00;160;160;15.05;17.72
3300.00;3600.00;2148.00;17.86;E0_1_3700m;5.00;179;180;16.74;17.86
3300.00;3600.00;1920.00;17.73;E0_0_3800m;5.00;160;160;15.04;17.74
3300.00;3600.00;2160.00;17.88;E0_1_3800m;5.00;180;180;16.78;17.88
3300.00;3600.00;1920.00;17.75;E0_0_3900m;5.00;160;160;15.02;17.76
3300.00;3600.00;2160.00;18.06;E0_1_3900m;5.00;180;179;16.59;18.09
3300.00;3600.00;1956.00;19.66;E0_0_4000m;5.00;163;163;13.82;19.87
3300.00;3600.00;2160.00;20.56;E0_1_4000m;5.00;180;181;14.68;20.80
3300.00;3600.00;1896.00;26.33;E0_0_4100m;5.00;158;158;10.00;26.43
3300.00;3600.00;2244.00;27.54;E0_1_4100m;5.00;187;187;11.31;27.61
3300.00;3600.00;1884.00;27.00;E0_0_4200m;5.00;157;157;9.69;27.14
3300.00;3600.00;2220.00;28.91;E0_1_4200m;5.00;185;186;10.67;29.05
3300.00;3600.00;1908.00;26.90;E0_0_4300m;5.00;159;159;9.85;27.03
3300.00;3600.00;2232.00;28.99;E0_1_4300m;5.00;186;186;10.69;29.16
3300.00;3600.00;1908.00;26.77;E0_0_4400m;5.00;159;159;9.90;26.91
3300.00;3600.00;2244.00;28.89;E0_1_4400m;5.00;187;187;10.79;29.04
3300.00;3600.00;1920.00;26.73;E0_0_4500m;5.00;160;160;9.98;26.85
3300.00;3600.00;2220.00;28.83;E0_1_4500m;5.00;185;185;10.69;28.95
3300.00;3600.00;1908.00;26.59;E0_0_4600m;5.00;159;158;9.91;26.71
3300.00;3600.00;2268.00;28.67;E0_1_4600m;5.00;189;189;10.99;28.76
3300.00;3600.00;1920.00;26.41;E0_0_4700m;5.00;160;160;10.10;26.54
3300.00;3600.00;2268.00;28.55;E0_1_4700m;5.00;189;189;11.03;28.63
3300.00;3600.00;1920.00;26.31;E0_0_4800m;5.00;160;160;10.13;26.42
3300.00;3600.00;2292.00;28.32;E0_1_4800m;5.00;191;191;11.24;28.39
3300.00;3600.00;1932.00;26.04;E0_0_4900m;5.00;161;161;10.31;26.14
3300.00;3600.00;2268.00;28.23;E0_1_4900m;5.00;189;190;11.16;28.30
3300.00;3600.00;1956.00;25.79;E0_0_5000m;5.00;163;163;10.54;25.90
3300.00;3600.00;2256.00;28.15;E0_1_5000m;5.00;188;188;11.13;28.21
3600.00;3900.00;0.00;-1.00;E0_0_0m;-1.00;0;0;0.00;-1.00
3600.00;3900.00;0.00;-1.00;E0_1_0m;-1.00;0;0;0.00;-1.00
3600.00;3900.00;1860.00;25.12;E0_0_100m;5.00;155;155;10.28;25.25
3600.00;3900.00;2400.00;26.14;E0_1_100m;5.00;200;200;12.75;26.32
3600.00;3900.00;1920.00;25.52;E0_0_200m;5.00;160;160;10.45;25.62
3600.00;3900.00;2364.00;26.71;E0_1_200m;5.00;197;196;12.27;26.91
3600.00;3900.00;1920.00;25.71;E0_0_300m;5.00;160;160;10.37;25.82
3600.00;3900.00;2328.00;26.81;E0_1_300m;5.00;194;194;12.06;27.00
3600.00;3900.00;1908.00;25.98;E0_0_400m;5.00;159;159;10.20;26.07
3600.00;3900.00;2340.00;26.92;E0_1_400m;5.00;195;195;12.07;27.10
3600.00;3900.00;1908.00;26.05;E0_0_500m;5.00;159;159;10.17;26.15
3600.00;3900.00;2316.00;27.05;E0_1_500m;5.00;193;193;11.89;27.21
3600.00;3900.00;1932.00;26.09;E0_0_600m;5.00;161;161;10.29;26.21
3600.00;3900.00;2280.00;27.05;E0_1_600m;5.00;190;192;11.80;27.22
3600.00;3900.00;1920.00;26.04;E0_0_700m;5.00;160;160;10.24;26.14
3600.00;3900.00;2292.00;26.91;E0_1_700m;5.00;191;191;11.83;27.08
3600.00;3900.00;1932.00;26.03;E0_0_800m;5.00;161;161;10.31;26.11
3600.00;3900.00;2304.00;26.79;E0_1_800m;5.00;192;192;11.95;26.94
3600.00;3900.00;1944.00;25.91;E0_0_900m;5.00;162;162;10.42;25.98
3600.00;3900.00;2292.00;26.70;E0_1_900m;5.00;191;191;11.92;26.85
3600.00;3900.00;1932.00;25.72;E0_0_1000m;5.00;161;161;10.43;25.79
3600.00;3900.00;2292.00;26.67;E0_1_1000m;5.00;191;191;11.94;26.81
3600.00;3900.00;1932.00;25.63;E0_0_1100m;5.00;161;161;10.49;25.70
3600.00;3900.00;2268.00;26.67;E0_1_1100m;5.00;189;190;11.87;26.81
3600.00;3900.00;1944.00;25.55;E0_0_1200m;5.00;162;162;10.57;25.62
3600.00;3900.00;2280.00;26.72;E0_1_1200m;5.00;190;191;11.88;26.87
3600.00;3900.00;1956.00;25.56;E0_0_1300m;5.00;163;163;10.63;25.63
3600.00;3900.00;2280.00;26.79;E0_1_1300m;5.00;190;190;11.82;26.93
3600.00;3900.00;1884.00;25.64;E0_0_1400m;5.00;157;158;10.24;25.71
3600.00;3900.00;2292.00;26.88;E0_1_1400m;5.00;191;191;11.84;27.01
3600.00;3900.00;1908.00;25.63;E0_0_1500m;5.00;159;159;10.34;25.69
3600.00;3900.00;2268.00;26.91;E0_1_1500m;5.00;189;189;11.71;27.04
3600.00;3900.00;1884.00;25.61;E0_0_1600m;5.00;157;157;10.22;25.68
3600.00;3900.00;2268.00;26.92;E0_1_1600m;5.00;189;189;11.70;27.06
3600.00;3900.00;1872.00;25.57;E0_0_1700m;5.00;156;156;10.17;25.64
3600.00;3900.00;2232.00;26.95;E0_1_1700m;5.00;186;186;11.50;27.09
3600.00;3900.00;1860.00;25.49;E0_0_1800m;5.00;155;155;10.13;25.56
3600.00;3900.00;2196.00;26.95;E0_1_1800m;5.00;183;184;11.36;27.08
3600.00;3900.00;1836.00;25.39;E0_0_1900m;5.00;153;153;10.04;25.46
3600.00;3900.00;2184.00;26.89;E0_1_1900m;5.00;182;182;11.28;27.03
3600.00;3900.00;1848.00;25.32;E0_0_2000m;5.00;154;154;10.14;25.39
3600.00;3900.00;2160.00;26.84;E0_1_2000m;5.00;180;181;11.21;27.01
3600.00;3900.00;1860.00;25.07;E0_0_2100m;5.00;155;155;10.31;25.18
3600.00;3900.00;2148.00;26.58;E0_1_2100m;5.00;179;179;11.22;26.79
3600.00;3900.00;1860.00;24.74;E0_0_2200m;5.00;155;155;10.44;24.89
3600.00;3900.00;2172.00;26.21;E0_1_2200m;5.00;181;182;11.56;26.48
3600.00;3900.00;1824.00;24.53;E0_0_2300m;5.00;152;152;10.33;24.71
3600.00;3900.00;2160.00;25.83;E0_1_2300m;5.00;180;180;11.61;26.18
3600.00;3900.00;1824.00;24.17;E0_0_2400m;5.00;152;151;10.42;24.39
3600.00;3900.00;2136.00;25.47;E0_1_2400m;5.00;178;178;11.65;25.91
3600.00;3900.00;1800.00;23.74;E0_0_2500m;5.00;150;150;10.53;24.00
3600.00;3900.00;2148.00;25.10;E0_1_2500m;5.00;179;178;11.84;25.63
3600.00;3900.00;1824.00;23.24;E0_0_2600m;5.00;152;153;10.98;23.54
3600.00;3900.00;2100.00;24.58;E0_1_2600m;5.00;175;176;11.94;25.17
3600.00;3900.00;1836.00;22.44;E0_0_2700m;5.00;153;154;11.38;22.75
3600.00;3900.00;2112.00;23.85;E0_1_2700m;5.00;176;176;12.30;24.48
3600.00;3900.00;1836.00;21.53;E0_0_2800m;5.00;153;154;11.90;21.89
3600.00;3900.00;2100.00;22.78;E0_1_2800m;5.00;175;176;12.82;23.40
3600.00;3900.00;1824.00;19.83;E0_0_2900m;5.00;152;152;12.77;20.15
3600.00;3900.00;2112.00;21.13;E0_1_2900m;5.00;176;176;13.88;21.57
3600.00;3900.00;1848.00;17.81;E0_0_3000m;5.00;154;154;14.41;17.91
3600.00;3900.00;2100.00;19.06;E0_1_3000m;5.00;175;175;15.30;19.30
3600.00;3900.00;1896.00;17.59;E0_0_3100m;5.00;158;158;14.97;17.65
3600.00;3900.00;2052.00;18.61;E0_1_3100m;5.00;171;172;15.39;18.78
3600.00;3900.00;1908.00;17.66;E0_0_3200m;5.00;159;160;15.03;17.69
3600.00;3900.00;2052.00;18.53;E0_1_3200m;5.00;171;171;15.38;18.72
3600.00;3900.00;1908.00;17.63;E0_0_3300m;5.00;159;158;15.00;17.66
3600.00;3900.00;2076.00;18.43;E0_1_3300m;5.00;173;172;15.63;18.62
3600.00;3900.00;1908.00;17.60;E0_0_3400m;5.00;159;159;15.05;17.63
3600.00;3900.00;2064.00;18.41;E0_1_3400m;5.00;172;172;15.57;18.61
3600.00;3900.00;1908.00;17.68;E0_0_3500m;5.00;159;160;15.04;17.81
3600.00;3900.00;2040.00;18.29;E0_1_3500m;5.00;170;171;15.52;18.46
3600.00;3900.00;1908.00;17.72;E0_0_3600m;5.00;159;158;14.95;17.76
3600.00;3900.00;2052.00;18.27;E0_1_3600m;5.00;171;171;15.60;18.44
3600.00;3900.00;1908.00;17.77;E0_0_3700m;5.00;159;159;14.91;17.80
3600.00;3900.00;2040.00;18.21;E0_1_3700m;5.00;170;169;15.53;18.36
3600.00;3900.00;1908.00;17.83;E0_0_3800m;5.00;159;160;14.92;17.85
3600.00;3900.00;2028.00;18.23;E0_1_3800m;5.00;169;170;15.47;18.35
3600.00;3900.00;1920.00;17.85;E0_0_3900m;5.00;160;160;14.94;17.87
3600.00;3900.00;2052.00;18.43;E0_1_3900m;5.00;171;171;15.46;18.61
3600.00;3900.00;1872.00;19.67;E0_0_4000m;5.00;156;156;13.22;19.86
3600.00;3900.00;2040.00;20.97;E0_1_4000m;5.00;170;171;13.59;21.34
3600.00;3900.00;1776.00;26.66;E0_0_4100m;5.00;148;149;9.27;26.75
3600.00;3900.00;2136.00;27.42;E0_1_4100m;5.00;178;179;10.85;27.50
3600.00;3900.00;1800.00;27.37;E0_0_4200m;5.00;150;150;9.13;27.52
3600.00;3900.00;2136.00;28.71;E0_1_4200m;5.00;178;178;10.35;28.87
3600.00;3900.00;1800.00;27.48;E0_0_4300m;5.00;150;150;9.10;27.61
3600.00;3900.00;2088.00;29.02;E0_1_4300m;5.00;174;174;9.99;29.19
3600.00;3900.00;1812.00;27.25;E0_0_4400m;5.00;151;151;9.24;27.37
3600.00;3900.00;2076.00;29.16;E0_1_4400m;5.00;173;174;9.92;29.33
3600.00;3900.00;1800.00;26.94;E0_0_4500m;5.00;150;150;9.28;27.06
3600.00;3900.00;2088.00;29.12;E0_1_4500m;5.00;174;175;10.01;29.28
3600.00;3900.00;1800.00;26.79;E0_0_4600m;5.00;150;150;9.33;26.92
3600.00;3900.00;2052.00;29.14;E0_1_4600m;5.00;171;171;9.78;29.31
3600.00;3900.00;1788.00;26.78;E0_0_4700m;5.00;149;149;9.27;26.89
3600.00;3900.00;2040.00;29.17;E0_1_4700m;5.00;170;170;9.71;29.34
3600.00;3900.00;1776.00;26.67;E0_0_4800m;5.00;148;149;9.32;26.78
3600.00;3900.00;2028.00;29.29;E0_1_4800m;5.00;169;171;9.69;29.45
3600.00;3900.00;1788.00;26.66;E0_0_4900m;5.00;149;149;9.31;26.78
3600.00;3900.00;2028.00;29.24;E0_1_4900m;5.00;169;168;9.63;29.41
3600.00;3900.00;1752.00;26.65;E0_0_5000m;5.00;146;147;9.18;26.77
3600.00;3900.00;2028.00;29.11;E0_1_5000m;5.00;169;169;9.68;29.27
3900.00;4200.00;0.00;-1.00;E0_0_0m;-1.00;0;0;0.00;-1.00
3900.00;4200.00;0.00;-1.00;E0_1_0m;-1.00;0;0;0.00;-1.00
3900.00;4200.00;1788.00;25.34;E0_0_100m;5.00;149;149;9.80;25.53
3900.00;4200.00;2328.00;25.95;E0_1_100m;5.00;194;194;12.46;26.14
3900.00;4200.00;1776.00;25.72;E0_0_200m;5.00;148;148;9.59;25.90
3900.00;4200.00;2340.00;26.53;E0_1_200m;5.00;195;195;12.25;26.71
3900.00;4200.00;1764.00;25.66;E0_0_300m;5.00;147;147;9.55;25.82
3900.00;4200.00;2376.00;26.66;E0_1_300m;5.00;198;198;12.38;26.82
3900.00;4200.00;1776.00;25.61;E0_0_400m;5.00;148;148;9.63;25.76
3900.00;4200.00;2376.00;26.84;E0_1_400m;5.00;198;198;12.29;27.01
3900.00;4200.00;1788.00;25.63;E0_0_500m;5.00;149;149;9.69;25.77
3900.00;4200.00;2352.00;26.91;E0_1_500m;5.00;196;196;12.14;27.05
3900.00;4200.00;1788.00;25.79;E0_0_600m;5.00;149;150;9.64;25.91
3900.00;4200.00;2364.00;26.87;E0_1_600m;5.00;197;196;12.17;26.99
3900.00;4200.00;1800.00;25.83;E0_0_700m;5.00;150;150;9.68;25.92
3900.00;4200.00;2340.00;26.87;E0_1_700m;5.00;195;195;12.10;26.97
3900.00;4200.00;1812.00;25.81;E0_0_800m;5.00;151;151;9.75;25.91
3900.00;4200.00;2304.00;26.77;E0_1_800m;5.00;192;192;11.95;26.87
3900.00;4200.00;1800.00;25.79;E0_0_900m;5.00;150;150;9.69;25.89
3900.00;4200.00;2316.00;26.73;E0_1_900m;5.00;193;193;12.03;26.83
3900.00;4200.00;1824.00;25.88;E0_0_1000m;5.00;152;152;9.79;25.98
3900.00;4200.00;2292.00;26.84;E0_1_1000m;5.00;191;192;11.89;26.95
3900.00;4200.00;1872.00;25.77;E0_0_1100m;5.00;156;155;10.03;25.87
3900.00;4200.00;2256.00;26.99;E0_1_1100m;5.00;188;188;11.57;27.10
3900.00;4200.00;1860.00;25.66;E0_0_1200m;5.00;155;155;10.07;25.74
3900.00;4200.00;2244.00;26.90;E0_1_1200m;5.00;187;186;11.56;27.00
3900.00;4200.00;1860.00;25.48;E0_0_1300m;5.00;155;155;10.14;25.56
3900.00;4200.00;2256.00;26.71;E0_1_1300m;5.00;188;188;11.73;26.81
3900.00;4200.00;1908.00;25.35;E0_0_1400m;5.00;159;158;10.42;25.42
3900.00;4200.00;2268.00;26.46;E0_1_1400m;5.00;189;190;11.95;26.54
3900.00;4200.00;1896.00;25.25;E0_0_1500m;5.00;158;158;10.43;25.31
3900.00;4200.00;2280.00;26.15;E0_1_1500m;5.00;190;190;12.11;26.21
3900.00;4200.00;1896.00;25.09;E0_0_1600m;5.00;158;158;10.50;25.14
3900.00;4200.00;2280.00;25.84;E0_1_1600m;5.00;190;191;12.30;25.89
3900.00;4200.00;1884.00;25.00;E0_0_1700m;5.00;157;157;10.47;25.04
3900.00;4200.00;2316.00;25.62;E0_1_1700m;5.00;193;193;12.56;25.67
3900.00;4200.00;1884.00;24.88;E0_0_1800m;5.00;157;157;10.52;24.92
3900.00;4200.00;2316.00;25.44;E0_1_1800m;5.00;193;192;12.60;25.50
3900.00;4200.00;1884.00;24.60;E0_0_1900m;5.00;157;157;10.64;24.66
3900.00;4200.00;2328.00;25.11;E0_1_1900m;5.00;194;194;12.87;25.18
3900.00;4200.00;1920.00;24.23;E0_0_2000m;5.00;160;160;11.01;24.31
3900.00;4200.00;2316.00;24.67;E0_1_2000m;5.00;193;193;13.04;24.74
3900.00;4200.00;1932.00;23.82;E0_0_2100m;5.00;161;162;11.29;23.92
3900.00;4200.00;2316.00;24.15;E0_1_2100m;5.00;193;194;13.34;24.26
3900.00;4200.00;1920.00;23.27;E0_0_2200m;5.00;160;160;11.46;23.41
3900.00;4200.00;2304.00;23.57;E0_1_2200m;5.00;192;191;13.52;23.74
3900.00;4200.00;1932.00;22.62;E0_0_2300m;5.00;161;161;11.86;22.79
3900.00;4200.00;2316.00;22.80;E0_1_2300m;5.00;193;193;14.11;22.98
3900.00;4200.00;1932.00;21.72;E0_0_2400m;5.00;161;162;12.40;21.90
3900.00;4200.00;2340.00;21.98;E0_1_2400m;5.00;195;195;14.79;22.18
3900.00;4200.00;1932.00;20.94;E0_0_2500m;5.00;161;161;12.81;21.11
3900.00;4200.00;2328.00;21.13;E0_1_2500m;5.00;194;194;15.30;21.33
3900.00;4200.00;1932.00;20.22;E0_0_2600m;5.00;161;160;13.19;20.40
3900.00;4200.00;2340.00;20.37;E0_1_2600m;5.00;195;194;15.88;20.58
3900.00;4200.00;1908.00;19.60;E0_0_2700m;5.00;159;158;13.51;19.77
3900.00;4200.00;2340.00;19.71;E0_1_2700m;5.00;195;195;16.49;19.90
3900.00;4200.00;1896.00;18.98;E0_0_2800m;5.00;158;158;13.88;19.08
3900.00;4200.00;2340.00;19.10;E0_1_2800m;5.00;195;194;17.00;19.23
3900.00;4200.00;1908.00;18.47;E0_0_2900m;5.00;159;159;14.34;18.53
3900.00;4200.00;2328.00;18.56;E0_1_2900m;5.00;194;195;17.46;18.62
3900.00;4200.00;1896.00;17.60;E0_0_3000m;5.00;158;158;14.96;17.61
3900.00;4200.00;2352.00;18.07;E0_1_3000m;5.00;196;196;18.07;18.10
3900.00;4200.00;1968.00;17.40;E0_0_3100m;5.00;164;164;15.71;17.44
3900.00;4200.00;2268.00;18.14;E0_1_3100m;5.00;189;190;17.33;18.17
3900.00;4200.00;2016.00;17.59;E0_0_3200m;5.00;168;168;15.91;17.60
3900.00;4200.00;2232.00;18.09;E0_1_3200m;5.00;186;186;17.14;18.12
3900.00;4200.00;2004.00;17.61;E0_0_3300m;5.00;167;167;15.80;17.62
3900.00;4200.00;2244.00;17.99;E0_1_3300m;5.00;187;187;17.33;18.00
3900.00;4200.00;2028.00;17.57;E0_0_3400m;5.00;169;170;16.05;17.58
3900.00;4200.00;2220.00;17.93;E0_1_3400m;5.00;185;185;17.20;17.93
3900.00;4200.00;2040.00;17.57;E0_0_3500m;5.00;170;169;16.07;17.59
3900.00;4200.00;2220.00;17.91;E0_1_3500m;5.00;185;184;17.17;17.91
3900.00;4200.00;2052.00;17.64;E0_0_3600m;5.00;171;172;16.21;17.66
3900.00;4200.00;2220.00;17.95;E0_1_3600m;5.00;185;185;17.18;17.96
3900.00;4200.00;2052.00;17.69;E0_0_3700m;5.00;171;171;16.12;17.69
3900.00;4200.00;2220.00;18.01;E0_1_3700m;5.00;185;185;17.12;18.03
3900.00;4200.00;2052.00;17.58;E0_0_3800m;5.00;171;170;16.16;17.59
3900.00;4200.00;2232.00;18.18;E0_1_3800m;5.00;186;185;17.04;18.23
3900.00;4200.00;2052.00;17.59;E0_0_3900m;5.00;171;171;16.20;17.61
3900.00;4200.00;2208.00;18.48;E0_1_3900m;5.00;184;184;16.59;18.61
3900.00;4200.00;2064.00;19.46;E0_0_4000m;5.00;172;173;14.80;19.60
3900.00;4200.00;2208.00;21.05;E0_1_4000m;5.00;184;184;14.57;21.37
3900.00;4200.00;1908.00;25.60;E0_0_4100m;5.00;159;160;10.40;25.69
3900.00;4200.00;2328.00;26.35;E0_1_4100m;5.00;194;195;12.27;26.45
3900.00;4200.00;1872.00;25.95;E0_0_4200m;5.00;156;157;10.08;26.03
3900.00;4200.00;2376.00;26.89;E0_1_4200m;5.00;198;198;12.27;27.00
3900.00;4200.00;1872.00;26.02;E0_0_4300m;5.00;156;156;9.99;26.07
3900.00;4200.00;2424.00;26.85;E0_1_4300m;5.00;202;202;12.54;26.95
3900.00;4200.00;1836.00;25.90;E0_0_4400m;5.00;153;153;9.84;25.96
3900.00;4200.00;2448.00;26.76;E0_1_4400m;5.00;204;203;12.67;26.85
3900.00;4200.00;1860.00;25.68;E0_0_4500m;5.00;155;156;10.07;25.74
3900.00;4200.00;2424.00;26.65;E0_1_4500m;5.00;202;201;12.58;26.75
3900.00;4200.00;1860.00;25.56;E0_0_4600m;5.00;155;156;10.12;25.60
3900.00;4200.00;2424.00;26.58;E0_1_4600m;5.00;202;202;12.67;26.68
3900.00;4200.00;1872.00;25.45;E0_0_4700m;5.00;156;156;10.22;25.49
3900.00;4200.00;2424.00;26.48;E0_1_4700m;5.00;202;202;12.71;26.56
3900.00;4200.00;1884.00;25.41;E0_0_4800m;5.00;157;156;10.23;25.44
3900.00;4200.00;2436.00;26.32;E0_1_4800m;5.00;203;202;12.80;26.40
3900.00;4200.00;1872.00;25.35;E0_0_4900m;5.00;156;156;10.26;25.37
3900.00;4200.00;2424.00;26.25;E0_1_4900m;5.00;202;202;12.83;26.32
3900.00;4200.00;1860.00;25.29;E0_0_5000m;5.00;155;155;10.21;25.31
3900.00;4200.00;2424.00;26.17;E0_1_5000m;5.00;202;202;12.86;26.24
4200.00;4500.00;0.00;-1.00;E0_0_0m;-1.00;0;0;0.00;-1.00
4200.00;4500.00;0.00;-1.00;E0_1_0m;-1.00;0;0;0.00;-1.00
4200.00;4500.00;1824.00;25.30;E0_0_100m;5.00;152;154;10.08;25.54
4200.00;4500.00;1992.00;26.65;E0_1_100m;5.00;166;166;10.38;26.89
4200.00;4500.00;1776.00;25.77;E0_0_200m;5.00;148;148;9.57;26.00
4200.00;4500.00;2004.00;27.80;E0_1_200m;5.00;167;167;10.01;28.08
4200.00;4500.00;1740.00;25.98;E0_0_300m;5.00;145;145;9.30;26.17
4200.00;4500.00;2016.00;28.01;E0_1_300m;5.00;168;168;10.00;28.30
4200.00;4500.00;1728.00;26.04;E0_0_400m;5.00;144;144;9.22;26.20
4200.00;4500.00;2004.00;27.94;E0_1_400m;5.00;167;167;9.96;28.19
4200.00;4500.00;1680.00;26.01;E0_0_500m;5.00;140;140;8.97;26.17
4200.00;4500.00;2052.00;27.89;E0_1_500m;5.00;171;171;10.22;28.09
4200.00;4500.00;1692.00;26.11;E0_0_600m;5.00;141;140;8.99;26.26
4200.00;4500.00;2016.00;27.91;E0_1_600m;5.00;168;168;10.03;28.08
4200.00;4500.00;1716.00;26.14;E0_0_700m;5.00;143;143;9.12;26.27
4200.00;4500.00;1992.00;28.09;E0_1_700m;5.00;166;166;9.85;28.25
4200.00;4500.00;1668.00;26.26;E0_0_800m;5.00;139;139;8.82;26.38
4200.00;4500.00;2028.00;28.15;E0_1_800m;5.00;169;169;10.00;28.30
4200.00;4500.00;1704.00;26.21;E0_0_900m;5.00;142;142;9.03;26.33
4200.00;4500.00;2040.00;28.25;E0_1_900m;5.00;170;170;10.03;28.37
4200.00;4500.00;1728.00;25.95;E0_0_1000m;5.00;144;145;9.29;26.07
4200.00;4500.00;2052.00;28.20;E0_1_1000m;5.00;171;170;10.08;28.33
4200.00;4500.00;1752.00;25.83;E0_0_1100m;5.00;146;146;9.42;25.94
4200.00;4500.00;2028.00;27.80;E0_1_1100m;5.00;169;170;10.18;27.92
4200.00;4500.00;1764.00;25.72;E0_0_1200m;5.00;147;147;9.53;25.82
4200.00;4500.00;2028.00;27.52;E0_1_1200m;5.00;169;169;10.24;27.66
4200.00;4500.00;1740.00;25.54;E0_0_1300m;5.00;145;145;9.46;25.65
4200.00;4500.00;2016.00;27.36;E0_1_1300m;5.00;168;169;10.24;27.50
4200.00;4500.00;1692.00;25.46;E0_0_1400m;5.00;141;141;9.23;25.56
4200.00;4500.00;2028.00;27.20;E0_1_1400m;5.00;169;168;10.31;27.35
4200.00;4500.00;1668.00;25.33;E0_0_1500m;5.00;139;140;9.19;25.43
4200.00;4500.00;2040.00;27.05;E0_1_1500m;5.00;170;171;10.53;27.20
4200.00;4500.00;1680.00;25.29;E0_0_1600m;5.00;140;140;9.23;25.38
4200.00;4500.00;2064.00;26.95;E0_1_1600m;5.00;172;171;10.59;27.13
4200.00;4500.00;1716.00;25.07;E0_0_1700m;5.00;143;144;9.52;25.17
4200.00;4500.00;2028.00;26.85;E0_1_1700m;5.00;169;170;10.50;27.03
4200.00;4500.00;1704.00;24.84;E0_0_1800m;5.00;142;143;9.55;24.94
4200.00;4500.00;2040.00;26.73;E0_1_1800m;5.00;170;170;10.60;26.93
4200.00;4500.00;1668.00;24.85;E0_0_1900m;5.00;139;139;9.32;24.96
4200.00;4500.00;2064.00;26.53;E0_1_1900m;5.00;172;172;10.81;26.76
4200.00;4500.00;1680.00;24.75;E0_0_2000m;5.00;140;140;9.43;24.84
4200.00;4500.00;2100.00;26.37;E0_1_2000m;5.00;175;175;11.06;26.61
4200.00;4500.00;1656.00;24.55;E0_0_2100m;5.00;138;137;9.35;24.65
4200.00;4500.00;2112.00;26.07;E0_1_2100m;5.00;176;175;11.23;26.31
4200.00;4500.00;1644.00;24.26;E0_0_2200m;5.00;137;137;9.41;24.38
4200.00;4500.00;2112.00;25.70;E0_1_2200m;5.00;176;176;11.41;25.92
4200.00;4500.00;1644.00;23.69;E0_0_2300m;5.00;137;137;9.64;23.83
4200.00;4500.00;2112.00;25.18;E0_1_2300m;5.00;176;176;11.65;25.39
4200.00;4500.00;1644.00;22.83;E0_0_2400m;5.00;137;137;10.00;23.03
4200.00;4500.00;2124.00;24.20;E0_1_2400m;5.00;177;177;12.19;24.38
4200.00;4500.00;1656.00;21.40;E0_0_2500m;5.00;138;138;10.75;21.69
4200.00;4500.00;2148.00;22.51;E0_1_2500m;5.00;179;180;13.25;22.71
4200.00;4500.00;1704.00;19.73;E0_0_2600m;5.00;142;142;11.99;20.00
4200.00;4500.00;2136.00;20.59;E0_1_2600m;5.00;178;178;14.40;20.83
4200.00;4500.00;1728.00;18.01;E0_0_2700m;5.00;144;144;13.33;18.24
4200.00;4500.00;2124.00;18.50;E0_1_2700m;5.00;177;177;15.94;18.76
4200.00;4500.00;1788.00;16.84;E0_0_2800m;5.00;149;149;14.75;17.02
4200.00;4500.00;2100.00;16.57;E0_1_2800m;5.00;175;175;17.60;16.85
4200.00;4500.00;1812.00;15.93;E0_0_2900m;5.00;151;151;15.80;16.06
4200.00;4500.00;2064.00;14.83;E0_1_2900m;5.00;172;172;19.41;15.00
4200.00;4500.00;1824.00;14.14;E0_0_3000m;5.00;152;152;17.92;14.22
4200.00;4500.00;2052.00;13.70;E0_1_3000m;5.00;171;171;20.80;13.77
4200.00;4500.00;1848.00;13.70;E0_0_3100m;5.00;154;154;18.74;13.75
4200.00;4500.00;2016.00;13.52;E0_1_3100m;5.00;168;169;20.77;13.57
4200.00;4500.00;1860.00;13.54;E0_0_3200m;5.00;155;154;19.06;13.58
4200.00;4500.00;1992.00;13.50;E0_1_3200m;5.00;166;167;20.59;13.56
4200.00;4500.00;1848.00;13.44;E0_0_3300m;5.00;154;154;19.09;13.46
4200.00;4500.00;1980.00;13.46;E0_1_3300m;5.00;165;166;20.55;13.47
4200.00;4500.00;1860.00;13.44;E0_0_3400m;5.00;155;154;19.20;13.45
4200.00;4500.00;1968.00;13.45;E0_1_3400m;5.00;164;164;20.32;13.45
4200.00;4500.00;1848.00;13.43;E0_0_3500m;5.00;154;154;19.11;13.43
4200.00;4500.00;1968.00;13.42;E0_1_3500m;5.00;164;164;20.37;13.42
4200.00;4500.00;1860.00;13.39;E0_0_3600m;5.00;155;156;19.35;13.40
4200.00;4500.00;1908.00;13.44;E0_1_3600m;5.00;159;159;19.71;13.46
4200.00;4500.00;1884.00;13.48;E0_0_3700m;5.00;157;158;19.44;13.50
4200.00;4500.00;1884.00;13.48;E0_1_3700m;5.00;157;157;19.40;13.51
4200.00;4500.00;1860.00;13.47;E0_0_3800m;5.00;155;155;19.18;13.48
4200.00;4500.00;1896.00;13.67;E0_1_3800m;5.00;158;158;19.27;13.74
4200.00;4500.00;1848.00;13.49;E0_0_3900m;5.00;154;155;19.07;13.51
4200.00;4500.00;1896.00;13.86;E0_1_3900m;5.00;158;158;19.00;14.05
4200.00;4500.00;1788.00;15.26;E0_0_4000m;5.00;149;150;16.29;15.46
4200.00;4500.00;1944.00;16.35;E0_1_4000m;5.00;162;162;16.51;16.83
4200.00;4500.00;1800.00;25.05;E0_0_4100m;5.00;150;149;9.93;25.13
4200.00;4500.00;1968.00;25.51;E0_1_4100m;5.00;164;164;10.71;25.56
4200.00;4500.00;1812.00;27.12;E0_0_4200m;5.00;151;150;9.22;27.26
4200.00;4500.00;2004.00;27.95;E0_1_4200m;5.00;167;167;9.96;28.12
4200.00;4500.00;1824.00;27.34;E0_0_4300m;5.00;152;152;9.27;27.49
4200.00;4500.00;2016.00;28.21;E0_1_4300m;5.00;168;168;9.93;28.40
4200.00;4500.00;1884.00;27.32;E0_0_4400m;5.00;157;157;9.58;27.45
4200.00;4500.00;2004.00;28.12;E0_1_4400m;5.00;167;167;9.90;28.29
4200.00;4500.00;1836.00;27.22;E0_0_4500m;5.00;153;153;9.37;27.35
4200.00;4500.00;2064.00;28.06;E0_1_4500m;5.00;172;172;10.22;28.22
4200.00;4500.00;1860.00;27.05;E0_0_4600m;5.00;155;155;9.55;27.16
4200.00;4500.00;2052.00;28.06;E0_1_4600m;5.00;171;171;10.16;28.23
4200.00;4500.00;1872.00;26.78;E0_0_4700m;5.00;156;156;9.71;26.88
4200.00;4500.00;2064.00;27.95;E0_1_4700m;5.00;172;172;10.26;28.11
4200.00;4500.00;1848.00;26.68;E0_0_4800m;5.00;154;154;9.62;26.80
4200.00;4500.00;2076.00;27.78;E0_1_4800m;5.00;173;173;10.38;27.94
4200.00;4500.00;1848.00;26.29;E0_0_4900m;5.00;154;154;9.76;26.44
4200.00;4500.00;2088.00;27.60;E0_1_4900m;5.00;174;175;10.54;27.75
4200.00;4500.00;1800.00;25.99;E0_0_5000m;5.00;150;150;9.62;26.17
4200.00;4500.00;2148.00;27.52;E0_1_5000m;5.00;179;179;10.84;27.68
4500.00;4800.00;0.00;-1.00;E0_0_0m;-1.00;0;0;0.00;-1.00
4500.00;4800.00;0.00;-1.00;E0_1_0m;-1.00;0;0;0.00;-1.00
4500.00;4800.00;2172.00;23.47;E0_0_100m;5.00;181;181;12.85;23.76
4500.00;4800.00;2256.00;25.14;E0_1_100m;5.00;188;188;12.47;25.41
4500.00;4800.00;2148.00;23.99;E0_0_200m;5.00;179;179;12.44;24.33
4500.00;4800.00;2316.00;26.44;E0_1_200m;5.00;193;194;12.18;26.74
4500.00;4800.00;2160.00;24.30;E0_0_300m;5.00;180;180;12.35;24.54
4500.00;4800.00;2328.00;26.56;E0_1_300m;5.00;194;194;12.17;26.79
4500.00;4800.00;2160.00;24.29;E0_0_400m;5.00;180;180;12.35;24.49
4500.00;4800.00;2340.00;26.41;E0_1_400m;5.00;195;195;12.31;26.58
4500.00;4800.00;2136.00;24.26;E0_0_500m;5.00;178;178;12.23;24.46
4500.00;4800.00;2376.00;26.15;E0_1_500m;5.00;198;198;12.62;26.31
4500.00;4800.00;2124.00;24.29;E0_0_600m;5.00;177;177;12.14;24.46
4500.00;4800.00;2400.00;25.97;E0_1_600m;5.00;200;200;12.84;26.12
4500.00;4800.00;2148.00;24.18;E0_0_700m;5.00;179;179;12.34;24.32
4500.00;4800.00;2388.00;25.68;E0_1_700m;5.00;199;200;12.95;25.83
4500.00;4800.00;2148.00;24.06;E0_0_800m;5.00;179;179;12.40;24.19
4500.00;4800.00;2400.00;25.42;E0_1_800m;5.00;200;200;13.12;25.56
4500.00;4800.00;2100.00;23.90;E0_0_900m;5.00;175;175;12.20;24.04
4500.00;4800.00;2388.00;25.21;E0_1_900m;5.00;199;199;13.15;25.35
4500.00;4800.00;2076.00;23.72;E0_0_1000m;5.00;173;172;12.12;23.85
4500.00;4800.00;2376.00;25.06;E0_1_1000m;5.00;198;198;13.17;25.18
4500.00;4800.00;2064.00;23.49;E0_0_1100m;5.00;172;172;12.20;23.61
4500.00;4800.00;2376.00;24.93;E0_1_1100m;5.00;198;198;13.23;25.03
4500.00;4800.00;2040.00;23.29;E0_0_1200m;5.00;170;171;12.18;23.40
4500.00;4800.00;2388.00;24.85;E0_1_1200m;5.00;199;199;13.35;24.95
4500.00;4800.00;2076.00;23.14;E0_0_1300m;5.00;173;173;12.46;23.23
4500.00;4800.00;2388.00;24.74;E0_1_1300m;5.00;199;198;13.40;24.83
4500.00;4800.00;2112.00;22.99;E0_0_1400m;5.00;176;176;12.76;23.06
4500.00;4800.00;2376.00;24.60;E0_1_1400m;5.00;198;198;13.42;24.68
4500.00;4800.00;2136.00;22.71;E0_0_1500m;5.00;178;179;13.07;22.79
4500.00;4800.00;2364.00;24.42;E0_1_1500m;5.00;197;196;13.40;24.53
4500.00;4800.00;2124.00;22.47;E0_0_1600m;5.00;177;177;13.13;22.56
4500.00;4800.00;2352.00;24.24;E0_1_1600m;5.00;196;196;13.47;24.38
4500.00;4800.00;2100.00;22.11;E0_0_1700m;5.00;175;174;13.18;22.21
4500.00;4800.00;2352.00;23.88;E0_1_1700m;5.00;196;195;13.68;24.05
4500.00;4800.00;2148.00;21.73;E0_0_1800m;5.00;179;178;13.71;21.89
4500.00;4800.00;2364.00;23.41;E0_1_1800m;5.00;197;197;14.02;23.66
4500.00;4800.00;2100.00;21.30;E0_0_1900m;5.00;175;176;13.77;21.51
4500.00;4800.00;2376.00;22.90;E0_1_1900m;5.00;198;198;14.41;23.22
4500.00;4800.00;2052.00;20.71;E0_0_2000m;5.00;171;171;13.76;21.00
4500.00;4800.00;2340.00;22.31;E0_1_2000m;5.00;195;195;14.57;22.72
4500.00;4800.00;2052.00;20.24;E0_0_2100m;5.00;171;172;14.12;20.61
4500.00;4800.00;2316.00;21.65;E0_1_2100m;5.00;193;193;14.86;22.20
4500.00;4800.00;2064.00;19.92;E0_0_2200m;5.00;172;172;14.39;20.39
4500.00;4800.00;2280.00;20.83;E0_1_2200m;5.00;190;190;15.20;21.54
4500.00;4800.00;2016.00;19.49;E0_0_2300m;5.00;168;168;14.37;20.04
4500.00;4800.00;2280.00;20.14;E0_1_2300m;5.00;190;190;15.73;21.07
4500.00;4800.00;2016.00;19.14;E0_0_2400m;5.00;168;168;14.63;19.73
4500.00;4800.00;2232.00;19.30;E0_1_2400m;5.00;186;186;16.06;20.49
4500.00;4800.00;2004.00;18.91;E0_0_2500m;5.00;167;167;14.72;19.51
4500.00;4800.00;2184.00;18.40;E0_1_2500m;5.00;182;181;16.49;19.72
4500.00;4800.00;1968.00;18.21;E0_0_2600m;5.00;164;165;15.07;18.83
4500.00;4800.00;2160.00;17.52;E0_1_2600m;5.00;180;180;17.12;18.76
4500.00;4800.00;1944.00;17.22;E0_0_2700m;5.00;162;162;15.68;17.77
4500.00;4800.00;2148.00;16.70;E0_1_2700m;5.00;179;179;17.86;17.68
4500.00;4800.00;1956.00;16.08;E0_0_2800m;5.00;163;163;16.89;16.45
4500.00;4800.00;2112.00;15.76;E0_1_2800m;5.00;176;176;18.61;16.39
4500.00;4800.00;1932.00;15.24;E0_0_2900m;5.00;161;161;17.60;15.47
4500.00;4800.00;2124.00;14.75;E0_1_2900m;5.00;177;176;19.89;15.10
4500.00;4800.00;1932.00;13.86;E0_0_3000m;5.00;161;161;19.36;13.92
4500.00;4800.00;2088.00;13.88;E0_1_3000m;5.00;174;174;20.89;14.07
4500.00;4800.00;1956.00;13.56;E0_0_3100m;5.00;163;164;20.04;13.60
4500.00;4800.00;2052.00;13.60;E0_1_3100m;5.00;171;170;20.89;13.69
4500.00;4800.00;1956.00;13.43;E0_0_3200m;5.00;163;163;20.22;13.44
4500.00;4800.00;2028.00;13.58;E0_1_3200m;5.00;169;168;20.64;13.63
4500.00;4800.00;1968.00;13.48;E0_0_3300m;5.00;164;164;20.28;13.58
4500.00;4800.00;2016.00;13.47;E0_1_3300m;5.00;168;168;20.77;13.48
4500.00;4800.00;1944.00;13.42;E0_0_3400m;5.00;162;162;20.12;13.42
4500.00;4800.00;2004.00;13.41;E0_1_3400m;5.00;167;167;20.75;13.41
4500.00;4800.00;1944.00;13.39;E0_0_3500m;5.00;162;162;20.17;13.39
4500.00;4800.00;2004.00;13.38;E0_1_3500m;5.00;167;167;20.80;13.38
4500.00;4800.00;1980.00;13.42;E0_0_3600m;5.00;165;164;20.43;13.42
4500.00;4800.00;1956.00;13.38;E0_1_3600m;5.00;163;164;20.33;13.38
4500.00;4800.00;1968.00;13.41;E0_0_3700m;5.00;164;163;20.35;13.41
4500.00;4800.00;1968.00;13.42;E0_1_3700m;5.00;164;164;20.37;13.42
4500.00;4800.00;1956.00;13.41;E0_0_3800m;5.00;163;163;20.26;13.41
4500.00;4800.00;1956.00;13.41;E0_1_3800m;5.00;163;164;20.31;13.41
4500.00;4800.00;1956.00;13.44;E0_0_3900m;5.00;163;163;20.21;13.45
4500.00;4800.00;1956.00;13.47;E0_1_3900m;5.00;163;163;20.16;13.50
4500.00;4800.00;1920.00;15.52;E0_0_4000m;5.00;160;162;17.27;15.82
4500.00;4800.00;1968.00;16.18;E0_1_4000m;5.00;164;167;17.08;16.59
4500.00;4800.00;1848.00;25.28;E0_0_4100m;5.00;154;156;10.23;25.33
4500.00;4800.00;2028.00;26.01;E0_1_4100m;5.00;169;169;10.83;26.06
4500.00;4800.00;1800.00;27.03;E0_0_4200m;5.00;150;150;9.25;27.23
4500.00;4800.00;2028.00;28.69;E0_1_4200m;5.00;169;170;9.82;28.86
4500.00;4800.00;1764.00;26.91;E0_0_4300m;5.00;147;148;9.11;27.08
4500.00;4800.00;2028.00;28.92;E0_1_4300m;5.00;169;169;9.74;29.12
4500.00;4800.00;1728.00;26.73;E0_0_4400m;5.00;144;144;8.98;26.88
4500.00;4800.00;2016.00;28.77;E0_1_4400m;5.00;168;169;9.75;28.94
4500.00;4800.00;1728.00;26.53;E0_0_4500m;5.00;144;144;9.04;26.69
4500.00;4800.00;2016.00;28.78;E0_1_4500m;5.00;168;168;9.73;28.92
4500.00;4800.00;1740.00;26.23;E0_0_4600m;5.00;145;145;9.21;26.38
4500.00;4800.00;1992.00;28.70;E0_1_4600m;5.00;166;167;9.67;28.81
4500.00;4800.00;1728.00;25.98;E0_0_4700m;5.00;144;145;9.28;26.13
4500.00;4800.00;1980.00;28.64;E0_1_4700m;5.00;165;165;9.60;28.74
4500.00;4800.00;1776.00;25.90;E0_0_4800m;5.00;148;148;9.52;26.08
4500.00;4800.00;1944.00;28.57;E0_1_4800m;5.00;162;162;9.45;28.66
4500.00;4800.00;1776.00;25.92;E0_0_4900m;5.00;148;148;9.51;26.10
4500.00;4800.00;1944.00;28.39;E0_1_4900m;5.00;162;161;9.48;28.48
4500.00;4800.00;1740.00;25.93;E0_0_5000m;5.00;145;145;9.32;26.09
4500.00;4800.00;1968.00;28.29;E0_1_5000m;5.00;164;164;9.66;28.38
4800.00;5100.00;0.00;-1.00;E0_0_0m;-1.00;0;0;0.00;-1.00
4800.00;5100.00;0.00;-1.00;E0_1_0m;-1.00;0;0;0.00;-1.00
4800.00;5100.00;1764.00;24.72;E0_0_100m;5.00;147;147;9.91;24.99
4800.00;5100.00;2244.00;25.85;E0_1_100m;5.00;187;187;12.06;26.04
4800.00;5100.00;1788.00;25.80;E0_0_200m;5.00;149;150;9.65;26.15
4800.00;5100.00;2208.00;27.55;E0_1_200m;5.00;184;184;11.13;27.91
4800.00;5100.00;1788.00;26.15;E0_0_300m;5.00;149;149;9.50;26.44
4800.00;5100.00;2196.00;27.83;E0_1_300m;5.00;183;184;10.98;28.18
4800.00;5100.00;1812.00;26.25;E0_0_400m;5.00;151;152;9.61;26.49
4800.00;5100.00;2196.00;27.83;E0_1_400m;5.00;183;184;11.00;28.15
4800.00;5100.00;1800.00;26.25;E0_0_500m;5.00;150;150;9.52;26.45
4800.00;5100.00;2208.00;27.81;E0_1_500m;5.00;184;184;11.03;28.10
4800.00;5100.00;1800.00;26.33;E0_0_600m;5.00;150;150;9.49;26.51
4800.00;5100.00;2208.00;27.71;E0_1_600m;5.00;184;184;11.07;27.99
4800.00;5100.00;1800.00;26.27;E0_0_700m;5.00;150;150;9.52;26.44
4800.00;5100.00;2208.00;27.61;E0_1_700m;5.00;184;183;11.07;27.86
4800.00;5100.00;1788.00;26.03;E0_0_800m;5.00;149;149;9.54;26.22
4800.00;5100.00;2208.00;27.53;E0_1_800m;5.00;184;184;11.14;27.76
4800.00;5100.00;1764.00;25.64;E0_0_900m;5.00;147;148;9.56;25.87
4800.00;5100.00;2232.00;27.49;E0_1_900m;5.00;186;186;11.28;27.71
4800.00;5100.00;1764.00;25.56;E0_0_1000m;5.00;147;147;9.59;25.80
4800.00;5100.00;2244.00;27.44;E0_1_1000m;5.00;187;187;11.36;27.64
4800.00;5100.00;1776.00;25.50;E0_0_1100m;5.00;148;148;9.67;25.75
4800.00;5100.00;2244.00;27.45;E0_1_1100m;5.00;187;186;11.32;27.64
4800.00;5100.00;1788.00;25.39;E0_0_1200m;5.00;149;148;9.76;25.65
4800.00;5100.00;2232.00;27.44;E0_1_1200m;5.00;186;186;11.30;27.60
4800.00;5100.00;1752.00;25.37;E0_0_1300m;5.00;146;146;9.59;25.63
4800.00;5100.00;2232.00;27.39;E0_1_1300m;5.00;186;186;11.32;27.54
4800.00;5100.00;1716.00;25.41;E0_0_1400m;5.00;143;143;9.38;25.67
4800.00;5100.00;2232.00;27.41;E0_1_1400m;5.00;186;187;11.35;27.57
4800.00;5100.00;1716.00;25.29;E0_0_1500m;5.00;143;143;9.42;25.53
4800.00;5100.00;2220.00;27.33;E0_1_1500m;5.00;185;186;11.31;27.48
4800.00;5100.00;1716.00;25.10;E0_0_1600m;5.00;143;143;9.49;25.33
4800.00;5100.00;2220.00;26.86;E0_1_1600m;5.00;185;185;11.48;27.01
4800.00;5100.00;1728.00;24.58;E0_0_1700m;5.00;144;144;9.76;24.81
4800.00;5100.00;2208.00;26.31;E0_1_1700m;5.00;184;185;11.67;26.51
4800.00;5100.00;1728.00;23.66;E0_0_1800m;5.00;144;144;10.14;24.03
4800.00;5100.00;2172.00;25.45;E0_1_1800m;5.00;181;181;11.85;25.70
4800.00;5100.00;1764.00;22.45;E0_0_1900m;5.00;147;146;10.83;23.00
4800.00;5100.00;2172.00;24.01;E0_1_1900m;5.00;181;181;12.56;24.42
4800.00;5100.00;1800.00;21.20;E0_0_2000m;5.00;150;150;11.79;21.82
4800.00;5100.00;2160.00;22.35;E0_1_2000m;5.00;180;180;13.42;22.94
4800.00;5100.00;1824.00;19.71;E0_0_2100m;5.00;152;151;12.81;20.35
4800.00;5100.00;2160.00;20.48;E0_1_2100m;5.00;180;180;14.65;21.20
4800.00;5100.00;1860.00;18.74;E0_0_2200m;5.00;155;155;13.78;19.27
4800.00;5100.00;2160.00;18.61;E0_1_2200m;5.00;180;180;16.12;19.34
4800.00;5100.00;1920.00;18.04;E0_0_2300m;5.00;160;160;14.79;18.43
4800.00;5100.00;2196.00;17.25;E0_1_2300m;5.00;183;183;17.68;17.92
4800.00;5100.00;1932.00;17.44;E0_0_2400m;5.00;161;161;15.39;17.65
4800.00;5100.00;2208.00;16.14;E0_1_2400m;5.00;184;184;19.00;16.66
4800.00;5100.00;1956.00;16.98;E0_0_2500m;5.00;163;163;15.99;17.07
4800.00;5100.00;2220.00;15.26;E0_1_2500m;5.00;185;185;20.20;15.63
4800.00;5100.00;1992.00;16.39;E0_0_2600m;5.00;166;165;16.81;16.43
4800.00;5100.00;2184.00;14.71;E0_1_2600m;5.00;182;182;20.62;14.93
4800.00;5100.00;2016.00;15.70;E0_0_2700m;5.00;168;168;17.83;15.76
4800.00;5100.00;2172.00;14.06;E0_1_2700m;5.00;181;181;21.46;14.11
4800.00;5100.00;2004.00;15.12;E0_0_2800m;5.00;167;167;18.41;15.22
4800.00;5100.00;2160.00;13.68;E0_1_2800m;5.00;180;181;21.97;13.69
4800.00;5100.00;2016.00;14.46;E0_0_2900m;5.00;168;168;19.37;14.56
4800.00;5100.00;2148.00;13.47;E0_1_2900m;5.00;179;179;22.15;13.47
4800.00;5100.00;2016.00;13.78;E0_0_3000m;5.00;168;168;20.32;13.82
4800.00;5100.00;2148.00;13.37;E0_1_3000m;5.00;179;180;22.44;13.37
4800.00;5100.00;2040.00;13.50;E0_0_3100m;5.00;170;169;20.97;13.52
4800.00;5100.00;2136.00;13.37;E0_1_3100m;5.00;178;178;22.18;13.38
4800.00;5100.00;2052.00;13.43;E0_0_3200m;5.00;171;172;21.34;13.43
4800.00;5100.00;2148.00;13.34;E0_1_3200m;5.00;179;179;22.36;13.34
4800.00;5100.00;2052.00;13.40;E0_0_3300m;5.00;171;171;21.27;13.40
4800.00;5100.00;2148.00;13.34;E0_1_3300m;5.00;179;180;22.38;13.34
4800.00;5100.00;2076.00;13.41;E0_0_3400m;5.00;173;173;21.51;13.41
4800.00;5100.00;2148.00;13.32;E0_1_3400m;5.00;179;179;22.39;13.33
4800.00;5100.00;2076.00;13.40;E0_0_3500m;5.00;173;173;21.52;13.40
4800.00;5100.00;2148.00;13.31;E0_1_3500m;5.00;179;179;22.42;13.31
4800.00;5100.00;2088.00;13.40;E0_0_3600m;5.00;174;174;21.64;13.40
4800.00;5100.00;2148.00;13.30;E0_1_3600m;5.00;179;178;22.41;13.30
4800.00;5100.00;2112.00;13.41;E0_0_3700m;5.00;176;176;21.88;13.41
4800.00;5100.00;2148.00;13.29;E0_1_3700m;5.00;179;179;22.45;13.29
4800.00;5100.00;2124.00;13.41;E0_0_3800m;5.00;177;177;22.01;13.41
4800.00;5100.00;2160.00;13.29;E0_1_3800m;5.00;180;180;22.54;13.29
4800.00;5100.00;2112.00;13.42;E0_0_3900m;5.00;176;176;21.86;13.42
4800.00;5100.00;2160.00;13.41;E0_1_3900m;5.00;180;180;22.37;13.44
4800.00;5100.00;2040.00;15.26;E0_0_4000m;5.00;170;171;18.57;15.44
4800.00;5100.00;2256.00;16.40;E0_1_4000m;5.00;188;187;19.04;16.86
4800.00;5100.00;1920.00;25.21;E0_0_4100m;5.00;160;160;10.58;25.26
4800.00;5100.00;2364.00;25.61;E0_1_4100m;5.00;197;197;12.82;25.66
4800.00;5100.00;1908.00;27.28;E0_0_4200m;5.00;159;159;9.71;27.44
4800.00;5100.00;2388.00;28.04;E0_1_4200m;5.00;199;199;11.83;28.25
4800.00;5100.00;1920.00;27.41;E0_0_4300m;5.00;160;159;9.72;27.55
4800.00;5100.00;2352.00;28.27;E0_1_4300m;5.00;196;196;11.56;28.45
4800.00;5100.00;1944.00;27.28;E0_0_4400m;5.00;162;162;9.90;27.41
4800.00;5100.00;2340.00;28.32;E0_1_4400m;5.00;195;194;11.46;28.45
4800.00;5100.00;1968.00;27.01;E0_0_4500m;5.00;164;164;10.12;27.13
4800.00;5100.00;2328.00;28.38;E0_1_4500m;5.00;194;194;11.39;28.49
4800.00;5100.00;1968.00;26.77;E0_0_4600m;5.00;164;164;10.21;26.88
4800.00;5100.00;2340.00;28.25;E0_1_4600m;5.00;195;194;11.48;28.34
4800.00;5100.00;1980.00;26.51;E0_0_4700m;5.00;165;164;10.33;26.64
4800.00;5100.00;2340.00;28.14;E0_1_4700m;5.00;195;195;11.55;28.22
4800.00;5100.00;1992.00;26.23;E0_0_4800m;5.00;166;166;10.55;26.36
4800.00;5100.00;2328.00;28.04;E0_1_4800m;5.00;194;194;11.53;28.11
4800.00;5100.00;1992.00;25.94;E0_0_4900m;5.00;166;166;10.67;26.10
4800.00;5100.00;2340.00;28.00;E0_1_4900m;5.00;195;195;11.61;28.06
4800.00;5100.00;1980.00;25.54;E0_0_5000m;5.00;165;165;10.77;25.71
4800.00;5100.00;2352.00;27.95;E0_1_5000m;5.00;196;197;11.73;28.01
5100.00;5400.00;0.00;-1.00;E0_0_0m;-1.00;0;0;0.00;-1.00
5100.00;5400.00;0.00;-1.00;E0_1_0m;-1.00;0;0;0.00;-1.00
5100.00;5400.00;1704.00;25.38;E0_0_100m;5.00;142;143;9.34;25.54
5100.00;5400.00;2100.00;26.54;E0_1_100m;5.00;175;175;10.99;26.70
5100.00;5400.00;1644.00;26.13;E0_0_200m;5.00;137;136;8.71;26.32
5100.00;5400.00;2184.00;27.57;E0_1_200m;5.00;182;182;11.00;27.82
5100.00;5400.00;1632.00;25.96;E0_0_300m;5.00;136;136;8.73;26.13
5100.00;5400.00;2220.00;27.58;E0_1_300m;5.00;185;184;11.16;27.77
5100.00;5400.00;1656.00;25.99;E0_0_400m;5.00;138;138;8.85;26.12
5100.00;5400.00;2208.00;27.44;E0_1_400m;5.00;184;184;11.18;27.62
5100.00;5400.00;1644.00;26.11;E0_0_500m;5.00;137;137;8.75;26.22
5100.00;5400.00;2244.00;27.31;E0_1_500m;5.00;187;187;11.41;27.47
5100.00;5400.00;1680.00;26.03;E0_0_600m;5.00;140;140;8.97;26.13
5100.00;5400.00;2220.00;27.19;E0_1_600m;5.00;185;186;11.38;27.34
5100.00;5400.00;1680.00;25.95;E0_0_700m;5.00;140;140;8.99;26.05
5100.00;5400.00;2244.00;27.00;E0_1_700m;5.00;187;187;11.54;27.15
5100.00;5400.00;1692.00;25.84;E0_0_800m;5.00;141;142;9.13;25.94
5100.00;5400.00;2244.00;26.82;E0_1_800m;5.00;187;187;11.62;26.96
5100.00;5400.00;1704.00;25.79;E0_0_900m;5.00;142;141;9.17;25.89
5100.00;5400.00;2268.00;26.66;E0_1_900m;5.00;189;190;11.84;26.81
5100.00;5400.00;1728.00;25.74;E0_0_1000m;5.00;144;144;9.32;25.84
5100.00;5400.00;2268.00;26.57;E0_1_1000m;5.00;189;189;11.86;26.72
5100.00;5400.00;1728.00;25.64;E0_0_1100m;5.00;144;144;9.36;25.73
5100.00;5400.00;2280.00;26.48;E0_1_1100m;5.00;190;190;11.96;26.64
5100.00;5400.00;1728.00;25.54;E0_0_1200m;5.00;144;144;9.40;25.67
5100.00;5400.00;2292.00;26.41;E0_1_1200m;5.00;191;192;12.06;26.57
5100.00;5400.00;1764.00;25.49;E0_0_1300m;5.00;147;147;9.61;25.60
5100.00;5400.00;2292.00;26.29;E0_1_1300m;5.00;191;191;12.11;26.46
5100.00;5400.00;1788.00;25.23;E0_0_1400m;5.00;149;149;9.84;25.34
5100.00;5400.00;2304.00;26.09;E0_1_1400m;5.00;192;192;12.27;26.25
5100.00;5400.00;1800.00;24.86;E0_0_1500m;5.00;150;150;10.06;24.99
5100.00;5400.00;2304.00;25.94;E0_1_1500m;5.00;192;191;12.31;26.10
5100.00;5400.00;1812.00;24.68;E0_0_1600m;5.00;151;151;10.20;24.80
5100.00;5400.00;2304.00;25.84;E0_1_1600m;5.00;192;192;12.38;26.00
5100.00;5400.00;1812.00;24.47;E0_0_1700m;5.00;151;151;10.28;24.57
5100.00;5400.00;2328.00;25.71;E0_1_1700m;5.00;194;194;12.58;25.84
5100.00;5400.00;1800.00;24.28;E0_0_1800m;5.00;150;150;10.30;24.37
5100.00;5400.00;2316.00;25.47;E0_1_1800m;5.00;193;193;12.63;25.56
5100.00;5400.00;1812.00;24.06;E0_0_1900m;5.00;151;151;10.46;24.16
5100.00;5400.00;2292.00;25.26;E0_1_1900m;5.00;191;191;12.60;25.36
5100.00;5400.00;1800.00;23.71;E0_0_2000m;5.00;150;150;10.54;23.83
5100.00;5400.00;2316.00;25.03;E0_1_2000m;5.00;193;193;12.85;25.16
5100.00;5400.00;1824.00;23.13;E0_0_2100m;5.00;152;152;10.95;23.29
5100.00;5400.00;2292.00;24.49;E0_1_2100m;5.00;191;191;13.00;24.66
5100.00;5400.00;1824.00;22.31;E0_0_2200m;5.00;152;152;11.36;22.55
5100.00;5400.00;2316.00;23.59;E0_1_2200m;5.00;193;193;13.64;23.80
5100.00;5400.00;1800.00;21.23;E0_0_2300m;5.00;150;150;11.77;21.52
5100.00;5400.00;2268.00;22.29;E0_1_2300m;5.00;189;189;14.13;22.51
5100.00;5400.00;1776.00;19.95;E0_0_2400m;5.00;148;149;12.38;20.22
5100.00;5400.00;2256.00;20.68;E0_1_2400m;5.00;188;188;15.15;20.93
5100.00;5400.00;1776.00;18.55;E0_0_2500m;5.00;148;148;13.30;18.78
5100.00;5400.00;2256.00;19.01;E0_1_2500m;5.00;188;188;16.49;19.28
5100.00;5400.00;1800.00;17.67;E0_0_2600m;5.00;150;150;14.15;17.82
5100.00;5400.00;2256.00;17.50;E0_1_2600m;5.00;188;188;17.91;17.77
5100.00;5400.00;1848.00;16.78;E0_0_2700m;5.00;154;155;15.30;16.91
5100.00;5400.00;2196.00;16.22;E0_1_2700m;5.00;183;183;18.80;16.47
5100.00;5400.00;1896.00;16.03;E0_0_2800m;5.00;158;159;16.52;16.12
5100.00;5400.00;2160.00;15.06;E0_1_2800m;5.00;180;179;19.89;15.20
5100.00;5400.00;1920.00;15.21;E0_0_2900m;5.00;160;160;17.53;15.31
5100.00;5400.00;2148.00;14.04;E0_1_2900m;5.00;179;179;21.24;14.07
5100.00;5400.00;1968.00;13.86;E0_0_3000m;5.00;164;164;19.72;13.91
5100.00;5400.00;2136.00;13.52;E0_1_3000m;5.00;178;177;21.83;13.52
5100.00;5400.00;1980.00;13.48;E0_0_3100m;5.00;165;166;20.47;13.49
5100.00;5400.00;2112.00;13.49;E0_1_3100m;5.00;176;176;21.75;13.50
5100.00;5400.00;1968.00;13.43;E0_0_3200m;5.00;164;164;20.30;13.43
5100.00;5400.00;2100.00;13.42;E0_1_3200m;5.00;175;176;21.74;13.42
5100.00;5400.00;1968.00;13.39;E0_0_3300m;5.00;164;164;20.42;13.39
5100.00;5400.00;2100.00;13.41;E0_1_3300m;5.00;175;174;21.74;13.41
5100.00;5400.00;1980.00;13.37;E0_0_3400m;5.00;165;165;20.56;13.38
5100.00;5400.00;2076.00;13.42;E0_1_3400m;5.00;173;174;21.52;13.43
5100.00;5400.00;1980.00;13.41;E0_0_3500m;5.00;165;165;20.51;13.41
5100.00;5400.00;2064.00;13.40;E0_1_3500m;5.00;172;172;21.39;13.40
5100.00;5400.00;1992.00;13.40;E0_0_3600m;5.00;166;166;20.64;13.40
5100.00;5400.00;2076.00;13.38;E0_1_3600m;5.00;173;173;21.54;13.38
5100.00;5400.00;1980.00;13.41;E0_0_3700m;5.00;165;166;20.55;13.41
5100.00;5400.00;2052.00;13.38;E0_1_3700m;5.00;171;171;21.30;13.38
5100.00;5400.00;1980.00;13.41;E0_0_3800m;5.00;165;165;20.51;13.41
5100.00;5400.00;2040.00;13.38;E0_1_3800m;5.00;170;170;21.25;13.38
5100.00;5400.00;2004.00;13.47;E0_0_3900m;5.00;167;167;20.67;13.48
5100.00;5400.00;2040.00;13.40;E0_1_3900m;5.00;170;170;21.14;13.40
5100.00;5400.00;1944.00;15.38;E0_0_4000m;5.00;162;162;17.55;15.59
5100.00;5400.00;2088.00;16.22;E0_1_4000m;5.00;174;175;17.91;16.58
5100.00;5400.00;1884.00;24.75;E0_0_4100m;5.00;157;157;10.57;24.82
5100.00;5400.00;2148.00;25.59;E0_1_4100m;5.00;179;179;11.66;25.65
5100.00;5400.00;1860.00;26.42;E0_0_4200m;5.00;155;155;9.78;26.59
5100.00;5400.00;2160.00;27.78;E0_1_4200m;5.00;180;180;10.80;28.01
5100.00;5400.00;1848.00;26.61;E0_0_4300m;5.00;154;154;9.65;26.77
5100.00;5400.00;2184.00;28.01;E0_1_4300m;5.00;182;182;10.83;28.28
5100.00;5400.00;1860.00;26.61;E0_0_4400m;5.00;155;155;9.71;26.76
5100.00;5400.00;2160.00;28.08;E0_1_4400m;5.00;180;181;10.69;28.32
5100.00;5400.00;1848.00;26.63;E0_0_4500m;5.00;154;154;9.64;26.76
5100.00;5400.00;2148.00;28.01;E0_1_4500m;5.00;179;179;10.65;28.19
5100.00;5400.00;1824.00;26.63;E0_0_4600m;5.00;152;152;9.51;26.75
5100.00;5400.00;2148.00;27.99;E0_1_4600m;5.00;179;180;10.69;28.12
5100.00;5400.00;1800.00;26.58;E0_0_4700m;5.00;150;150;9.41;26.68
5100.00;5400.00;2148.00;27.97;E0_1_4700m;5.00;179;180;10.69;28.07
5100.00;5400.00;1764.00;26.52;E0_0_4800m;5.00;147;147;9.24;26.61
5100.00;5400.00;2184.00;27.89;E0_1_4800m;5.00;182;182;10.88;27.96
5100.00;5400.00;1764.00;26.46;E0_0_4900m;5.00;147;147;9.26;26.55
5100.00;5400.00;2232.00;27.81;E0_1_4900m;5.00;186;186;11.15;27.88
5100.00;5400.00;1800.00;26.48;E0_0_5000m;5.00;150;150;9.44;26.56
5100.00;5400.00;2268.00;27.81;E0_1_5000m;5.00;189;188;11.29;27.88
5400.00;5700.00;0.00;-1.00;E0_0_0m;-1.00;0;0;0.00;-1.00
5400.00;5700.00;0.00;-1.00;E0_1_0m;-1.00;0;0;0.00;-1.00
5400.00;5700.00;1860.00;24.05;E0_0_100m;5.00;155;154;10.73;24.28
5400.00;5700.00;2364.00;25.25;E0_1_100m;5.00;197;197;13.00;25.43
5400.00;5700.00;1908.00;24.80;E0_0_200m;5.00;159;159;10.68;25.00
5400.00;5700.00;2316.00;26.38;E0_1_200m;5.00;193;193;12.19;26.58
5400.00;5700.00;1896.00;25.06;E0_0_300m;5.00;158;160;10.58;25.20
5400.00;5700.00;2340.00;26.61;E0_1_300m;5.00;195;195;12.21;26.81
5400.00;5700.00;1908.00;25.29;E0_0_400m;5.00;159;159;10.48;25.41
5400.00;5700.00;2328.00;26.70;E0_1_400m;5.00;194;194;12.11;26.85
5400.00;5700.00;1908.00;25.34;E0_0_500m;5.00;159;159;10.46;25.47
5400.00;5700.00;2316.00;26.73;E0_1_500m;5.00;193;194;12.04;26.84
5400.00;5700.00;1908.00;25.28;E0_0_600m;5.00;159;159;10.48;25.42
5400.00;5700.00;2340.00;26.85;E0_1_600m;5.00;195;194;12.07;26.95
5400.00;5700.00;1920.00;25.26;E0_0_700m;5.00;160;161;10.59;25.38
5400.00;5700.00;2328.00;26.94;E0_1_700m;5.00;194;194;12.00;27.05
5400.00;5700.00;1908.00;25.01;E0_0_800m;5.00;159;158;10.56;25.13
5400.00;5700.00;2340.00;26.82;E0_1_800m;5.00;195;195;12.12;26.93
5400.00;5700.00;1908.00;24.76;E0_0_900m;5.00;159;159;10.70;24.86
5400.00;5700.00;2316.00;26.79;E0_1_900m;5.00;193;193;12.03;26.92
5400.00;5700.00;1896.00;24.73;E0_0_1000m;5.00;158;158;10.65;24.83
5400.00;5700.00;2304.00;26.76;E0_1_1000m;5.00;192;193;11.99;26.88
5400.00;5700.00;1920.00;24.82;E0_0_1100m;5.00;160;160;10.74;24.92
5400.00;5700.00;2292.00;26.69;E0_1_1100m;5.00;191;191;11.93;26.79
5400.00;5700.00;1944.00;24.83;E0_0_1200m;5.00;162;162;10.87;24.93
5400.00;5700.00;2280.00;26.62;E0_1_1200m;5.00;190;190;11.90;26.71
5400.00;5700.00;1920.00;24.70;E0_0_1300m;5.00;160;160;10.80;24.80
5400.00;5700.00;2268.00;26.54;E0_1_1300m;5.00;189;189;11.87;26.63
5400.00;5700.00;1896.00;24.51;E0_0_1400m;5.00;158;158;10.75;24.59
5400.00;5700.00;2268.00;26.48;E0_1_1400m;5.00;189;189;11.89;26.57
5400.00;5700.00;1872.00;24.21;E0_0_1500m;5.00;156;156;10.74;24.28
5400.00;5700.00;2280.00;26.48;E0_1_1500m;5.00;190;190;11.96;26.56
5400.00;5700.00;1848.00;24.24;E0_0_1600m;5.00;154;155;10.65;24.31
5400.00;5700.00;2280.00;26.52;E0_1_1600m;5.00;190;190;11.94;26.61
5400.00;5700.00;1860.00;24.39;E0_0_1700m;5.00;155;155;10.59;24.49
5400.00;5700.00;2244.00;26.46;E0_1_1700m;5.00;187;187;11.78;26.55
5400.00;5700.00;1884.00;24.27;E0_0_1800m;5.00;157;157;10.78;24.38
5400.00;5700.00;2220.00;26.33;E0_1_1800m;5.00;185;185;11.71;26.43
5400.00;5700.00;1872.00;23.99;E0_0_1900m;5.00;156;157;10.85;24.13
5400.00;5700.00;2220.00;26.03;E0_1_1900m;5.00;185;185;11.85;26.16
5400.00;5700.00;1860.00;23.54;E0_0_2000m;5.00;155;155;10.98;23.70
5400.00;5700.00;2220.00;25.50;E0_1_2000m;5.00;185;185;12.09;25.70
5400.00;5700.00;1860.00;22.86;E0_0_2100m;5.00;155;155;11.30;23.10
5400.00;5700.00;2220.00;24.75;E0_1_2100m;5.00;185;185;12.46;25.07
5400.00;5700.00;1872.00;21.84;E0_0_2200m;5.00;156;156;11.91;22.15
5400.00;5700.00;2232.00;23.69;E0_1_2200m;5.00;186;186;13.08;24.17
5400.00;5700.00;1908.00;20.76;E0_0_2300m;5.00;159;159;12.77;21.09
5400.00;5700.00;2256.00;22.32;E0_1_2300m;5.00;188;189;14.11;22.94
5400.00;5700.00;1932.00;19.54;E0_0_2400m;5.00;161;160;13.72;19.87
5400.00;5700.00;2268.00;20.73;E0_1_2400m;5.00;189;189;15.20;21.43
5400.00;5700.00;1956.00;18.41;E0_0_2500m;5.00;163;163;14.76;18.72
5400.00;5700.00;2256.00;19.08;E0_1_2500m;5.00;188;188;16.42;19.72
5400.00;5700.00;1980.00;17.39;E0_0_2600m;5.00;165;165;15.81;17.63
5400.00;5700.00;2220.00;17.48;E0_1_2600m;5.00;185;185;17.64;18.00
5400.00;5700.00;1980.00;16.38;E0_0_2700m;5.00;165;164;16.78;16.55
5400.00;5700.00;2208.00;16.14;E0_1_2700m;5.00;184;184;19.00;16.46
5400.00;5700.00;1980.00;15.71;E0_0_2800m;5.00;165;165;17.52;15.85
5400.00;5700.00;2196.00;15.23;E0_1_2800m;5.00;183;183;20.03;15.44
5400.00;5700.00;2028.00;15.16;E0_0_2900m;5.00;169;169;18.58;15.28
5400.00;5700.00;2124.00;14.28;E0_1_2900m;5.00;177;178;20.66;14.37
5400.00;5700.00;1992.00;13.90;E0_0_3000m;5.00;166;167;19.96;13.95
5400.00;5700.00;2124.00;13.55;E0_1_3000m;5.00;177;177;21.77;13.56
5400.00;5700.00;2040.00;13.49;E0_0_3100m;5.00;170;169;20.92;13.53
5400.00;5700.00;2088.00;13.49;E0_1_3100m;5.00;174;175;21.51;13.51
5400.00;5700.00;2040.00;13.45;E0_0_3200m;5.00;170;169;21.01;13.45
5400.00;5700.00;2076.00;13.43;E0_1_3200m;5.00;173;173;21.50;13.44
5400.00;5700.00;2040.00;13.41;E0_0_3300m;5.00;170;170;21.13;13.41
5400.00;5700.00;2076.00;13.40;E0_1_3300m;5.00;173;173;21.52;13.40
5400.00;5700.00;2028.00;13.39;E0_0_3400m;5.00;169;169;21.04;13.39
5400.00;5700.00;2076.00;13.41;E0_1_3400m;5.00;173;173;21.52;13.41
5400.00;5700.00;2052.00;13.41;E0_0_3500m;5.00;171;171;21.26;13.41
5400.00;5700.00;2064.00;13.42;E0_1_3500m;5.00;172;172;21.36;13.43
5400.00;5700.00;2052.00;13.41;E0_0_3600m;5.00;171;171;21.26;13.41
5400.00;5700.00;2040.00;13.41;E0_1_3600m;5.00;170;171;21.22;13.41
5400.00;5700.00;2040.00;13.41;E0_0_3700m;5.00;170;169;21.09;13.41
5400.00;5700.00;2052.00;13.39;E0_1_3700m;5.00;171;171;21.29;13.39
5400.00;5700.00;2040.00;13.41;E0_0_3800m;5.00;170;170;21.13;13.41
5400.00;5700.00;2052.00;13.37;E0_1_3800m;5.00;171;170;21.23;13.38
5400.00;5700.00;2016.00;13.49;E0_0_3900m;5.00;168;169;20.81;13.50
5400.00;5700.00;2052.00;13.47;E0_1_3900m;5.00;171;171;21.15;13.50
5400.00;5700.00;1968.00;15.57;E0_0_4000m;5.00;164;164;17.55;15.79
5400.00;5700.00;2100.00;16.22;E0_1_4000m;5.00;175;176;18.01;16.62
5400.00;5700.00;1872.00;25.13;E0_0_4100m;5.00;156;156;10.35;25.18
5400.00;5700.00;2208.00;25.89;E0_1_4100m;5.00;184;185;11.85;25.92
5400.00;5700.00;1908.00;26.77;E0_0_4200m;5.00;159;159;9.90;26.94
5400.00;5700.00;2172.00;28.51;E0_1_4200m;5.00;181;181;10.58;28.66
5400.00;5700.00;1920.00;26.74;E0_0_4300m;5.00;160;160;9.97;26.91
5400.00;5700.00;2160.00;28.72;E0_1_4300m;5.00;180;180;10.44;28.88
5400.00;5700.00;1944.00;26.47;E0_0_4400m;5.00;162;162;10.20;26.64
5400.00;5700.00;2136.00;28.73;E0_1_4400m;5.00;178;178;10.33;28.88
5400.00;5700.00;1920.00;26.10;E0_0_4500m;5.00;160;160;10.22;26.23
5400.00;5700.00;2184.00;28.53;E0_1_4500m;5.00;182;182;10.63;28.70
5400.00;5700.00;1920.00;25.95;E0_0_4600m;5.00;160;160;10.28;26.09
5400.00;5700.00;2196.00;28.18;E0_1_4600m;5.00;183;182;10.79;28.38
5400.00;5700.00;1944.00;25.66;E0_0_4700m;5.00;162;162;10.52;25.81
5400.00;5700.00;2184.00;27.96;E0_1_4700m;5.00;182;182;10.85;28.18
5400.00;5700.00;1980.00;25.43;E0_0_4800m;5.00;165;165;10.81;25.59
5400.00;5700.00;2148.00;27.82;E0_1_4800m;5.00;179;179;10.72;28.07
5400.00;5700.00;1956.00;25.25;E0_0_4900m;5.00;163;163;10.76;25.39
5400.00;5700.00;2136.00;27.68;E0_1_4900m;5.00;178;178;10.72;27.94
5400.00;5700.00;1908.00;25.11;E0_0_5000m;5.00;159;160;10.59;25.26
5400.00;5700.00;2112.00;27.59;E0_1_5000m;5.00;176;176;10.63;27.87
5700.00;6000.00;0.00;-1.00;E0_0_0m;-1.00;0;0;0.00;-1.00
5700.00;6000.00;0.00;-1.00;E0_1_0m;-1.00;0;0;0.00;-1.00
5700.00;6000.00;1500.00;26.25;E0_0_100m;5.00;125;125;7.94;26.42
5700.00;6000.00;1980.00;27.00;E0_1_100m;5.00;165;165;10.18;27.16
5700.00;6000.00;1512.00;27.22;E0_0_200m;5.00;126;126;7.71;27.42
5700.00;6000.00;1980.00;28.64;E0_1_200m;5.00;165;165;9.60;28.84
5700.00;6000.00;1524.00;27.26;E0_0_300m;5.00;127;127;7.76;27.46
5700.00;6000.00;1956.00;29.13;E0_1_300m;5.00;163;163;9.33;29.31
5700.00;6000.00;1524.00;27.14;E0_0_400m;5.00;127;127;7.80;27.34
5700.00;6000.00;1944.00;29.15;E0_1_400m;5.00;162;162;9.26;29.33
5700.00;6000.00;1548.00;27.10;E0_0_500m;5.00;129;129;7.93;27.32
5700.00;6000.00;1932.00;29.11;E0_1_500m;5.00;161;160;9.21;29.28
5700.00;6000.00;1560.00;27.00;E0_0_600m;5.00;130;130;8.03;27.21
5700.00;6000.00;1920.00;29.06;E0_1_600m;5.00;160;160;9.18;29.23
5700.00;6000.00;1548.00;27.00;E0_0_700m;5.00;129;129;7.96;27.21
5700.00;6000.00;1944.00;28.90;E0_1_700m;5.00;162;162;9.34;29.05
5700.00;6000.00;1572.00;26.96;E0_0_800m;5.00;131;132;8.11;27.17
5700.00;6000.00;1968.00;28.84;E0_1_800m;5.00;164;164;9.48;29.00
5700.00;6000.00;1584.00;26.84;E0_0_900m;5.00;132;132;8.20;27.07
5700.00;6000.00;1980.00;28.91;E0_1_900m;5.00;165;164;9.46;29.05
5700.00;6000.00;1560.00;26.72;E0_0_1000m;5.00;130;131;8.15;26.94
5700.00;6000.00;2004.00;28.84;E0_1_1000m;5.00;167;167;9.65;28.99
5700.00;6000.00;1548.00;26.76;E0_0_1100m;5.00;129;130;8.09;26.99
5700.00;6000.00;1980.00;28.87;E0_1_1100m;5.00;165;165;9.53;29.00
5700.00;6000.00;1584.00;26.64;E0_0_1200m;5.00;132;132;8.26;26.86
5700.00;6000.00;1944.00;28.95;E0_1_1200m;5.00;162;162;9.33;29.08
5700.00;6000.00;1608.00;26.43;E0_0_1300m;5.00;134;134;8.45;26.63
5700.00;6000.00;1956.00;28.70;E0_1_1300m;5.00;163;163;9.47;28.82
5700.00;6000.00;1572.00;26.21;E0_0_1400m;5.00;131;131;8.33;26.41
5700.00;6000.00;1992.00;28.50;E0_1_1400m;5.00;166;166;9.71;28.64
5700.00;6000.00;1560.00;26.13;E0_0_1500m;5.00;130;130;8.29;26.35
5700.00;6000.00;2004.00;28.25;E0_1_1500m;5.00;167;167;9.85;28.40
5700.00;6000.00;1584.00;26.11;E0_0_1600m;5.00;132;132;8.43;26.33
5700.00;6000.00;2052.00;27.99;E0_1_1600m;5.00;171;171;10.18;28.16
5700.00;6000.00;1644.00;26.11;E0_0_1700m;5.00;137;137;8.74;26.34
5700.00;6000.00;2064.00;27.85;E0_1_1700m;5.00;172;172;10.29;28.04
5700.00;6000.00;1644.00;25.93;E0_0_1800m;5.00;137;138;8.86;26.17
5700.00;6000.00;2076.00;27.66;E0_1_1800m;5.00;173;174;10.46;27.87
5700.00;6000.00;1656.00;25.78;E0_0_1900m;5.00;138;137;8.91;26.05
5700.00;6000.00;2088.00;27.38;E0_1_1900m;5.00;174;176;10.69;27.61
5700.00;6000.00;1680.00;25.64;E0_0_2000m;5.00;140;140;9.10;25.87
5700.00;6000.00;2100.00;26.96;E0_1_2000m;5.00;175;175;10.82;27.24
5700.00;6000.00;1680.00;25.16;E0_0_2100m;5.00;140;140;9.27;25.45
5700.00;6000.00;2100.00;26.44;E0_1_2100m;5.00;175;175;11.03;26.79
5700.00;6000.00;1632.00;24.37;E0_0_2200m;5.00;136;136;9.30;24.75
5700.00;6000.00;2076.00;25.78;E0_1_2200m;5.00;173;173;11.18;26.26
5700.00;6000.00;1620.00;23.78;E0_0_2300m;5.00;135;135;9.46;24.24
5700.00;6000.00;2052.00;25.01;E0_1_2300m;5.00;171;170;11.32;25.69
5700.00;6000.00;1608.00;22.83;E0_0_2400m;5.00;134;135;9.84;23.45
5700.00;6000.00;2052.00;23.93;E0_1_2400m;5.00;171;171;11.91;24.83
5700.00;6000.00;1608.00;21.89;E0_0_2500m;5.00;134;134;10.20;22.58
5700.00;6000.00;2088.00;22.51;E0_1_2500m;5.00;174;175;12.89;23.62
5700.00;6000.00;1656.00;20.16;E0_0_2600m;5.00;138;138;11.41;20.80
5700.00;6000.00;2100.00;20.86;E0_1_2600m;5.00;175;176;13.99;21.95
5700.00;6000.00;1752.00;18.48;E0_0_2700m;5.00;146;146;13.17;18.90
5700.00;6000.00;2088.00;18.32;E0_1_2700m;5.00;174;174;15.83;19.17
5700.00;6000.00;1788.00;17.07;E0_0_2800m;5.00;149;148;14.43;17.30
5700.00;6000.00;2100.00;16.27;E0_1_2800m;5.00;175;175;17.93;16.76
5700.00;6000.00;1812.00;15.94;E0_0_2900m;5.00;151;151;15.79;16.11
5700.00;6000.00;2100.00;14.84;E0_1_2900m;5.00;175;175;19.67;15.09
5700.00;6000.00;1848.00;14.03;E0_0_3000m;5.00;154;153;18.24;14.09
5700.00;6000.00;2100.00;13.73;E0_1_3000m;5.00;175;175;21.24;13.79
5700.00;6000.00;1884.00;13.59;E0_0_3100m;5.00;157;157;19.26;13.61
5700.00;6000.00;2064.00;13.56;E0_1_3100m;5.00;172;173;21.25;13.60
5700.00;6000.00;1944.00;13.45;E0_0_3200m;5.00;162;162;20.07;13.45
5700.00;6000.00;2040.00;13.48;E0_1_3200m;5.00;170;169;20.96;13.49
5700.00;6000.00;1956.00;13.42;E0_0_3300m;5.00;163;163;20.25;13.42
5700.00;6000.00;2064.00;13.42;E0_1_3300m;5.00;172;172;21.36;13.42
5700.00;6000.00;1968.00;13.41;E0_0_3400m;5.00;164;164;20.38;13.41
5700.00;6000.00;2076.00;13.40;E0_1_3400m;5.00;173;172;21.46;13.40
5700.00;6000.00;1956.00;13.41;E0_0_3500m;5.00;163;163;20.26;13.41
5700.00;6000.00;2064.00;13.39;E0_1_3500m;5.00;172;173;21.47;13.39
5700.00;6000.00;1956.00;13.41;E0_0_3600m;5.00;163;163;20.26;13.41
5700.00;6000.00;2076.00;13.38;E0_1_3600m;5.00;173;172;21.46;13.38
5700.00;6000.00;1980.00;13.41;E0_0_3700m;5.00;165;165;20.51;13.41
5700.00;6000.00;2064.00;13.38;E0_1_3700m;5.00;172;173;21.49;13.38
5700.00;6000.00;1992.00;13.40;E0_0_3800m;5.00;166;166;20.64;13.40
5700.00;6000.00;2100.00;13.37;E0_1_3800m;5.00;175;176;21.91;13.37
5700.00;6000.00;2004.00;13.45;E0_0_3900m;5.00;167;166;20.63;13.46
5700.00;6000.00;2100.00;13.41;E0_1_3900m;5.00;175;175;21.74;13.42
5700.00;6000.00;2004.00;15.30;E0_0_4000m;5.00;167;169;18.25;15.50
5700.00;6000.00;2100.00;16.16;E0_1_4000m;5.00;175;175;18.02;16.57
5700.00;6000.00;1992.00;25.08;E0_0_4100m;5.00;166;167;11.07;25.15
5700.00;6000.00;2124.00;26.07;E0_1_4100m;5.00;177;176;11.31;26.10
5700.00;6000.00;1908.00;26.92;E0_0_4200m;5.00;159;159;9.84;27.11
5700.00;6000.00;2220.00;28.87;E0_1_4200m;5.00;185;185;10.68;29.00
5700.00;6000.00;1956.00;26.73;E0_0_4300m;5.00;163;163;10.16;26.92
5700.00;6000.00;2172.00;28.85;E0_1_4300m;5.00;181;181;10.46;29.01
5700.00;6000.00;1956.00;26.48;E0_0_4400m;5.00;163;163;10.26;26.66
5700.00;6000.00;2184.00;28.65;E0_1_4400m;5.00;182;182;10.59;28.81
5700.00;6000.00;1956.00;26.32;E0_0_4500m;5.00;163;163;10.32;26.49
5700.00;6000.00;2172.00;28.50;E0_1_4500m;5.00;181;181;10.58;28.67
5700.00;6000.00;1968.00;26.11;E0_0_4600m;5.00;164;164;10.47;26.28
5700.00;6000.00;2172.00;28.34;E0_1_4600m;5.00;181;181;10.64;28.50
5700.00;6000.00;1968.00;25.91;E0_0_4700m;5.00;164;164;10.55;26.09
5700.00;6000.00;2172.00;28.16;E0_1_4700m;5.00;181;180;10.68;28.32
5700.00;6000.00;1992.00;25.89;E0_0_4800m;5.00;166;166;10.69;26.06
5700.00;6000.00;2172.00;28.01;E0_1_4800m;5.00;181;181;10.77;28.19
5700.00;6000.00;1992.00;25.76;E0_0_4900m;5.00;166;166;10.74;25.93
5700.00;6000.00;2184.00;27.85;E0_1_4900m;5.00;182;182;10.89;28.03
5700.00;6000.00;1992.00;25.38;E0_0_5000m;5.00;166;167;10.94;25.53
5700.00;6000.00;2196.00;27.67;E0_1_5000m;5.00;183;183;11.02;27.86
6000.00;6300.00;0.00;-1.00;E0_0_0m;-1.00;0;0;0.00;-1.00
6000.00;6300.00;0.00;-1.00;E0_1_0m;-1.00;0;0;0.00;-1.00
6000.00;6300.00;1824.00;22.29;E0_0_100m;5.00;152;152;11.37;22.73
6000.00;6300.00;2292.00;23.84;E0_1_100m;5.00;191;191;13.35;24.10
6000.00;6300.00;1764.00;23.67;E0_0_200m;5.00;147;148;10.36;24.25
6000.00;6300.00;2304.00;25.83;E0_1_200m;5.00;192;192;12.39;26.19
6000.00;6300.00;1800.00;24.09;E0_0_300m;5.00;150;150;10.38;24.61
6000.00;6300.00;2268.00;26.20;E0_1_300m;5.00;189;189;12.02;26.52
6000.00;6300.00;1800.00;24.20;E0_0_400m;5.00;150;150;10.33;24.62
6000.00;6300.00;2256.00;26.42;E0_1_400m;5.00;188;188;11.86;26.70
6000.00;6300.00;1812.00;24.29;E0_0_500m;5.00;151;151;10.36;24.62
6000.00;6300.00;2220.00;26.54;E0_1_500m;5.00;185;185;11.62;26.81
6000.00;6300.00;1836.00;24.19;E0_0_600m;5.00;153;153;10.54;24.47
6000.00;6300.00;2196.00;26.48;E0_1_600m;5.00;183;183;11.52;26.73
6000.00;6300.00;1872.00;24.14;E0_0_700m;5.00;156;156;10.77;24.37
6000.00;6300.00;2148.00;26.35;E0_1_700m;5.00;179;179;11.32;26.59
6000.00;6300.00;1836.00;24.17;E0_0_800m;5.00;153;154;10.61;24.36
6000.00;6300.00;2172.00;26.23;E0_1_800m;5.00;181;181;11.50;26.49
6000.00;6300.00;1848.00;24.05;E0_0_900m;5.00;154;154;10.67;24.20
6000.00;6300.00;2160.00;25.99;E0_1_900m;5.00;180;180;11.54;26.23
6000.00;6300.00;1848.00;23.89;E0_0_1000m;5.00;154;154;10.74;24.03
6000.00;6300.00;2196.00;25.90;E0_1_1000m;5.00;183;183;11.77;26.15
6000.00;6300.00;1836.00;23.97;E0_0_1100m;5.00;153;152;10.58;24.09
6000.00;6300.00;2232.00;25.81;E0_1_1100m;5.00;186;186;12.01;26.04
6000.00;6300.00;1836.00;23.92;E0_0_1200m;5.00;153;153;10.66;24.01
6000.00;6300.00;2220.00;25.71;E0_1_1200m;5.00;185;186;12.04;25.93
6000.00;6300.00;1812.00;23.62;E0_0_1300m;5.00;151;151;10.66;23.73
6000.00;6300.00;2232.00;25.67;E0_1_1300m;5.00;186;187;12.09;25.89
6000.00;6300.00;1824.00;23.48;E0_0_1400m;5.00;152;153;10.84;23.60
6000.00;6300.00;2232.00;25.53;E0_1_1400m;5.00;186;186;12.14;25.75
6000.00;6300.00;1836.00;23.36;E0_0_1500m;5.00;153;153;10.92;23.49
6000.00;6300.00;2232.00;25.33;E0_1_1500m;5.00;186;186;12.24;25.56
6000.00;6300.00;1800.00;23.21;E0_0_1600m;5.00;150;150;10.77;23.39
6000.00;6300.00;2196.00;25.08;E0_1_1600m;5.00;183;183;12.16;25.33
6000.00;6300.00;1740.00;22.97;E0_0_1700m;5.00;145;146;10.59;23.22
6000.00;6300.00;2172.00;24.85;E0_1_1700m;5.00;181;181;12.14;25.17
6000.00;6300.00;1728.00;22.72;E0_0_1800m;5.00;144;143;10.51;23.07
6000.00;6300.00;2148.00;24.74;E0_1_1800m;5.00;179;178;12.02;25.15
6000.00;6300.00;1704.00;22.45;E0_0_1900m;5.00;142;142;10.54;22.91
6000.00;6300.00;2124.00;24.44;E0_1_1900m;5.00;177;176;12.03;24.99
6000.00;6300.00;1656.00;22.15;E0_0_2000m;5.00;138;138;10.39;22.70
6000.00;6300.00;2100.00;23.79;E0_1_2000m;5.00;175;175;12.26;24.57
6000.00;6300.00;1656.00;21.96;E0_0_2100m;5.00;138;139;10.48;22.64
6000.00;6300.00;2052.00;22.89;E0_1_2100m;5.00;171;172;12.46;24.07
6000.00;6300.00;1656.00;21.46;E0_0_2200m;5.00;138;138;10.72;22.40
6000.00;6300.00;2016.00;21.89;E0_1_2200m;5.00;168;168;12.79;23.62
6000.00;6300.00;1632.00;20.63;E0_0_2300m;5.00;136;136;10.99;21.93
6000.00;6300.00;1968.00;20.50;E0_1_2300m;5.00;164;164;13.33;22.98
6000.00;6300.00;1608.00;19.31;E0_0_2400m;5.00;134;134;11.53;21.29
6000.00;6300.00;1932.00;19.11;E0_1_2400m;5.00;161;161;14.04;22.46
6000.00;6300.00;1560.00;18.12;E0_0_2500m;5.00;130;130;11.96;20.78
6000.00;6300.00;1848.00;16.92;E0_1_2500m;5.00;154;153;15.16;21.68
6000.00;6300.00;1524.00;15.65;E0_0_2600m;5.00;127;127;13.52;19.14
6000.00;6300.00;1716.00;14.44;E0_1_2600m;5.00;143;144;16.91;20.30
6000.00;6300.00;1464.00;12.71;E0_0_2700m;5.00;122;123;16.22;16.82
6000.00;6300.00;1608.00;11.36;E0_1_2700m;5.00;134;135;19.82;17.51
6000.00;6300.00;1416.00;9.74;E0_0_2800m;5.00;118;118;20.19;13.28
6000.00;6300.00;1536.00;8.87;E0_1_2800m;5.00;128;128;24.06;13.47
6000.00;6300.00;1428.00;8.16;E0_0_2900m;5.00;119;120;24.66;10.70
6000.00;6300.00;1404.00;6.69;E0_1_2900m;5.00;117;117;29.28;8.84
6000.00;6300.00;1392.00;6.29;E0_0_3000m;5.00;116;117;31.52;7.30
6000.00;6300.00;1344.00;5.50;E0_1_3000m;5.00;112;112;33.93;6.31
6000.00;6300.00;1308.00;7.01;E0_0_3100m;5.00;109;109;25.93;7.42
6000.00;6300.00;1380.00;7.03;E0_1_3100m;5.00;115;114;27.16;7.46
6000.00;6300.00;1272.00;6.90;E0_0_3200m;5.00;106;108;25.89;7.30
6000.00;6300.00;1368.00;6.96;E0_1_3200m;5.00;114;114;27.29;7.46
6000.00;6300.00;1248.00;6.71;E0_0_3300m;5.00;104;104;25.85;7.20
6000.00;6300.00;1320.00;6.70;E0_1_3300m;5.00;110;111;27.49;7.12
6000.00;6300.00;1236.00;6.51;E0_0_3400m;5.00;103;103;26.37;6.87
6000.00;6300.00;1332.00;6.46;E0_1_3400m;5.00;111;111;28.63;6.86
6000.00;6300.00;1176.00;7.76;E0_0_3500m;5.00;98;103;22.05;9.35
6000.00;6300.00;1368.00;5.65;E0_1_3500m;5.00;114;114;33.68;7.86
6000.00;6300.00;1056.00;15.60;E0_0_3600m;5.00;88;93;11.48;15.86
6000.00;6300.00;1524.00;11.02;E0_1_3600m;5.00;127;129;19.27;11.78
6000.00;6300.00;1188.00;14.52;E0_0_3700m;5.00;99;103;11.61;16.02
6000.00;6300.00;1452.00;12.09;E0_1_3700m;5.00;121;126;17.02;13.38
6000.00;6300.00;1140.00;16.41;E0_0_3800m;5.00;95;104;10.65;16.60
6000.00;6300.00;1524.00;12.21;E0_1_3800m;5.00;127;130;17.43;13.54
6000.00;6300.00;1176.00;14.73;E0_0_3900m;5.00;98;100;12.16;15.94
6000.00;6300.00;1500.00;12.15;E0_1_3900m;5.00;125;125;17.14;12.98
6000.00;6300.00;1152.00;16.48;E0_0_4000m;5.00;96;98;9.88;17.04
6000.00;6300.00;1536.00;13.63;E0_1_4000m;5.00;128;130;15.82;14.64
6000.00;6300.00;1020.00;23.22;E0_0_4100m;5.00;85;85;6.10;23.76
6000.00;6300.00;1656.00;23.62;E0_1_4100m;5.00;138;138;9.74;24.47
6000.00;6300.00;972.00;23.60;E0_0_4200m;5.00;81;82;5.73;25.35
6000.00;6300.00;1668.00;24.42;E0_1_4200m;5.00;139;139;9.49;27.03
6000.00;6300.00;984.00;26.19;E0_0_4300m;5.00;82;83;7.81;26.49
6000.00;6300.00;1680.00;25.07;E0_1_4300m;5.00;140;140;9.31;27.98
6000.00;6300.00;984.00;26.84;E0_0_4400m;5.00;82;83;5.13;27.07
6000.00;6300.00;1716.00;27.64;E0_1_4400m;5.00;143;144;8.67;28.36
6000.00;6300.00;984.00;26.66;E0_0_4500m;5.00;82;82;5.13;26.89
6000.00;6300.00;1752.00;27.77;E0_1_4500m;5.00;146;146;8.76;28.42
6000.00;6300.00;996.00;25.86;E0_0_4600m;5.00;83;83;5.35;26.36
6000.00;6300.00;1764.00;25.93;E0_1_4600m;5.00;147;148;9.47;27.55
6000.00;6300.00;1032.00;22.17;E0_0_4700m;5.00;86;87;6.50;25.42
6000.00;6300.00;1752.00;24.25;E0_1_4700m;5.00;146;146;10.03;27.11
6000.00;6300.00;960.00;26.48;E0_0_4800m;5.00;80;80;5.04;26.73
6000.00;6300.00;1788.00;27.36;E0_1_4800m;5.00;149;149;9.07;27.70
6000.00;6300.00;996.00;26.85;E0_0_4900m;5.00;83;83;5.15;27.03
6000.00;6300.00;1752.00;25.43;E0_1_4900m;5.00;146;146;9.57;27.46
6000.00;6300.00;1020.00;26.81;E0_0_5000m;5.00;85;85;5.27;27.02
6000.00;6300.00;1704.00;27.72;E0_1_5000m;5.00;142;142;8.54;27.89
6300.00;6600.00;0.00;-1.00;E0_0_0m;-1.00;0;0;0.00;-1.00
6300.00;6600.00;0.00;-1.00;E0_1_0m;-1.00;0;0;0.00;-1.00
6300.00;6600.00;1968.00;21.84;E0_0_100m;5.00;164;165;12.57;21.96
6300.00;6600.00;2172.00;22.70;E0_1_100m;5.00;181;181;13.29;22.79
6300.00;6600.00;1908.00;24.89;E0_0_200m;5.00;159;158;10.64;25.18
6300.00;6600.00;2232.00;26.95;E0_1_200m;5.00;186;186;11.50;27.10
6300.00;6600.00;1896.00;25.09;E0_0_300m;5.00;158;158;10.49;25.39
6300.00;6600.00;2244.00;27.31;E0_1_300m;5.00;187;187;11.41;27.51
6300.00;6600.00;1944.00;25.15;E0_0_400m;5.00;162;162;10.74;25.42
6300.00;6600.00;2208.00;27.08;E0_1_400m;5.00;184;184;11.32;27.29
6300.00;6600.00;1896.00;25.10;E0_0_500m;5.00;158;158;10.49;25.34
6300.00;6600.00;2256.00;26.98;E0_1_500m;5.00;188;188;11.62;27.17
6300.00;6600.00;1920.00;24.92;E0_0_600m;5.00;160;160;10.70;25.16
6300.00;6600.00;2232.00;26.70;E0_1_600m;5.00;186;186;11.61;26.91
6300.00;6600.00;1920.00;24.36;E0_0_700m;5.00;160;160;10.95;24.62
6300.00;6600.00;2208.00;26.14;E0_1_700m;5.00;184;185;11.79;26.43
6300.00;6600.00;1884.00;23.29;E0_0_800m;5.00;157;158;11.28;23.74
6300.00;6600.00;2196.00;24.96;E0_1_800m;5.00;183;183;12.22;25.53
6300.00;6600.00;1872.00;21.82;E0_0_900m;5.00;156;156;11.91;22.55
6300.00;6600.00;2148.00;22.96;E0_1_900m;5.00;179;180;13.08;24.16
6300.00;6600.00;1836.00;20.07;E0_0_1000m;5.00;153;153;12.70;21.25
6300.00;6600.00;2088.00;20.07;E0_1_1000m;5.00;174;174;14.45;22.40
6300.00;6600.00;1836.00;17.38;E0_0_1100m;5.00;153;154;14.71;19.49
6300.00;6600.00;2004.00;16.83;E0_1_1100m;5.00;167;167;16.54;20.56
6300.00;6600.00;1824.00;15.25;E0_0_1200m;5.00;152;152;16.61;18.40
6300.00;6600.00;1932.00;14.20;E0_1_1200m;5.00;161;160;18.84;18.96
6300.00;6600.00;1776.00;13.69;E0_0_1300m;5.00;148;148;18.01;17.55
6300.00;6600.00;1848.00;12.39;E0_1_1300m;5.00;154;155;20.90;17.91
6300.00;6600.00;1728.00;12.19;E0_0_1400m;5.00;144;143;19.63;16.41
6300.00;6600.00;1764.00;10.83;E0_1_1400m;5.00;147;147;22.63;16.77
6300.00;6600.00;1632.00;10.84;E0_0_1500m;5.00;136;136;20.91;14.70
6300.00;6600.00;1740.00;9.85;E0_1_1500m;5.00;145;145;24.52;15.36
6300.00;6600.00;1584.00;9.69;E0_0_1600m;5.00;132;133;22.73;12.84
6300.00;6600.00;1668.00;8.83;E0_1_1600m;5.00;139;141;26.51;13.20
6300.00;6600.00;1596.00;8.67;E0_0_1700m;5.00;133;132;25.49;11.12
6300.00;6600.00;1572.00;7.54;E0_1_1700m;5.00;131;131;28.97;10.49
6300.00;6600.00;1572.00;8.02;E0_0_1800m;5.00;131;131;27.23;10.20
6300.00;6600.00;1488.00;6.35;E0_1_1800m;5.00;124;124;32.56;7.74
6300.00;6600.00;1548.00;7.28;E0_0_1900m;5.00;129;129;29.53;8.96
6300.00;6600.00;1416.00;5.74;E0_1_1900m;5.00;118;119;34.56;6.60
6300.00;6600.00;1512.00;6.56;E0_0_2000m;5.00;126;126;32.00;7.61
6300.00;6600.00;1380.00;5.40;E0_1_2000m;5.00;115;115;35.47;5.97
6300.00;6600.00;1464.00;6.09;E0_0_2100m;5.00;122;122;33.44;6.78
6300.00;6600.00;1344.00;5.13;E0_1_2100m;5.00;112;111;36.37;5.51
6300.00;6600.00;1428.00;5.72;E0_0_2200m;5.00;119;119;34.67;6.10
6300.00;6600.00;1308.00;4.90;E0_1_2200m;5.00;109;110;37.27;5.11
6300.00;6600.00;1392.00;5.42;E0_0_2300m;5.00;116;117;35.69;5.61
6300.00;6600.00;1284.00;4.68;E0_1_2300m;5.00;107;107;38.14;4.78
6300.00;6600.00;1356.00;5.19;E0_0_2400m;5.00;113;113;36.30;5.29
6300.00;6600.00;1260.00;4.51;E0_1_2400m;5.00;105;105;38.77;4.56
6300.00;6600.00;1332.00;5.00;E0_0_2500m;5.00;111;111;37.01;5.06
6300.00;6600.00;1248.00;4.45;E0_1_2500m;5.00;104;104;38.91;4.51
6300.00;6600.00;1332.00;4.90;E0_0_2600m;5.00;111;111;37.73;4.97
6300.00;6600.00;1260.00;4.44;E0_1_2600m;5.00;105;104;38.98;4.51
6300.00;6600.00;1332.00;4.91;E0_0_2700m;5.00;111;110;37.49;4.98
6300.00;6600.00;1248.00;4.44;E0_1_2700m;5.00;104;103;38.87;4.53
6300.00;6600.00;1332.00;4.94;E0_0_2800m;5.00;111;111;37.46;5.03
6300.00;6600.00;1236.00;4.39;E0_1_2800m;5.00;103;104;39.07;4.51
6300.00;6600.00;1356.00;5.02;E0_0_2900m;5.00;113;112;37.15;5.17
6300.00;6600.00;1236.00;4.38;E0_1_2900m;5.00;103;102;39.08;4.54
6300.00;6600.00;1332.00;5.06;E0_0_3000m;5.00;111;113;38.09;5.47
6300.00;6600.00;1248.00;4.87;E0_1_3000m;5.00;104;104;35.63;5.16
6300.00;6600.00;1296.00;6.10;E0_0_3100m;5.00;108;108;29.53;6.19
6300.00;6600.00;1296.00;6.11;E0_1_3100m;5.00;108;108;29.45;6.21
6300.00;6600.00;1296.00;6.11;E0_0_3200m;5.00;108;107;29.23;6.21
6300.00;6600.00;1284.00;6.10;E0_1_3200m;5.00;107;107;29.23;6.21
6300.00;6600.00;1284.00;6.05;E0_0_3300m;5.00;107;108;29.53;6.21
6300.00;6600.00;1296.00;6.06;E0_1_3300m;5.00;108;107;29.57;6.22
6300.00;6600.00;1284.00;6.08;E0_0_3400m;5.00;107;108;29.45;6.43
6300.00;6600.00;1284.00;6.06;E0_1_3400m;5.00;107;107;29.43;6.42
6300.00;6600.00;1164.00;8.11;E0_0_3500m;5.00;97;106;24.25;9.31
6300.00;6600.00;1344.00;6.24;E0_1_3500m;5.00;112;113;30.03;8.63
6300.00;6600.00;1116.00;15.95;E0_0_3600m;5.00;93;94;9.72;16.12
6300.00;6600.00;1428.00;12.52;E0_1_3600m;5.00;119;122;16.02;12.73
6300.00;6600.00;1116.00;16.62;E0_0_3700m;5.00;93;95;9.42;16.83
6300.00;6600.00;1404.00;13.36;E0_1_3700m;5.00;117;120;14.86;13.54
6300.00;6600.00;1032.00;14.79;E0_0_3800m;5.00;86;86;9.69;15.98
6300.00;6600.00;1488.00;12.73;E0_1_3800m;5.00;124;124;16.24;13.26
6300.00;6600.00;1068.00;16.54;E0_0_3900m;5.00;89;91;9.10;16.55
6300.00;6600.00;1512.00;13.36;E0_1_3900m;5.00;126;128;15.80;13.53
6300.00;6600.00;1020.00;17.38;E0_0_4000m;5.00;85;88;8.30;17.49
6300.00;6600.00;1572.00;14.94;E0_1_4000m;5.00;131;131;14.62;15.45
6300.00;6600.00;936.00;24.83;E0_0_4100m;5.00;78;78;5.24;24.98
6300.00;6600.00;1620.00;25.31;E0_1_4100m;5.00;135;135;8.89;25.46
6300.00;6600.00;936.00;26.59;E0_0_4200m;5.00;78;79;4.90;26.85
6300.00;6600.00;1632.00;27.39;E0_1_4200m;5.00;136;137;8.32;27.74
6300.00;6600.00;936.00;26.19;E0_0_4300m;5.00;78;78;4.96;26.48
6300.00;6600.00;1632.00;26.84;E0_1_4300m;5.00;136;136;8.45;27.30
6300.00;6600.00;960.00;25.64;E0_0_4400m;5.00;80;80;5.20;25.95
6300.00;6600.00;1560.00;26.16;E0_1_4400m;5.00;130;130;8.28;26.65
6300.00;6600.00;948.00;25.27;E0_0_4500m;5.00;79;79;5.21;25.61
6300.00;6600.00;1572.00;25.64;E0_1_4500m;5.00;131;132;8.54;26.25
6300.00;6600.00;972.00;25.10;E0_0_4600m;5.00;81;83;5.41;25.44
6300.00;6600.00;1560.00;25.39;E0_1_4600m;5.00;130;130;8.53;25.89
6300.00;6600.00;996.00;24.76;E0_0_4700m;5.00;83;83;5.59;25.11
6300.00;6600.00;1548.00;25.34;E0_1_4700m;5.00;129;129;8.48;25.84
6300.00;6600.00;996.00;24.35;E0_0_4800m;5.00;83;83;5.68;24.72
6300.00;6600.00;1560.00;25.01;E0_1_4800m;5.00;130;130;8.66;25.58
6300.00;6600.00;948.00;24.66;E0_0_4900m;5.00;79;79;5.34;24.94
6300.00;6600.00;1560.00;25.05;E0_1_4900m;5.00;130;130;8.65;25.56
6300.00;6600.00;996.00;25.18;E0_0_5000m;5.00;83;83;5.49;25.38
6300.00;6600.00;1512.00;25.63;E0_1_5000m;5.00;126;126;8.19;26.07
6600.00;6900.00;0.00;-1.00;E0_0_0m;-1.00;0;0;0.00;-1.00
6600.00;6900.00;0.00;-1.00;E0_1_0m;-1.00;0;0;0.00;-1.00
6600.00;6900.00;1848.00;15.31;E0_0_100m;5.00;154;155;16.96;17.75
6600.00;6900.00;1896.00;14.77;E0_1_100m;5.00;158;158;17.83;18.19
6600.00;6900.00;1776.00;15.09;E0_0_200m;5.00;148;148;16.34;19.21
6600.00;6900.00;1860.00;14.61;E0_1_200m;5.00;155;156;17.80;20.83
6600.00;6900.00;1692.00;13.41;E0_0_300m;5.00;141;142;17.83;17.72
6600.00;6900.00;1776.00;12.74;E0_1_300m;5.00;148;149;19.64;19.12
6600.00;6900.00;1620.00;11.48;E0_0_400m;5.00;135;135;19.60;15.43
6600.00;6900.00;1716.00;10.57;E0_1_400m;5.00;143;143;22.55;16.17
6600.00;6900.00;1620.00;10.00;E0_0_500m;5.00;135;136;22.54;13.59
6600.00;6900.00;1572.00;8.43;E0_1_500m;5.00;131;132;26.18;12.94
6600.00;6900.00;1572.00;7.94;E0_0_600m;5.00;131;131;27.48;10.68
6600.00;6900.00;1476.00;6.58;E0_1_600m;5.00;123;123;31.16;10.12
6600.00;6900.00;1500.00;6.94;E0_0_700m;5.00;125;125;30.02;8.91
6600.00;6900.00;1404.00;5.89;E0_1_700m;5.00;117;117;33.39;8.20
6600.00;6900.00;1440.00;6.41;E0_0_800m;5.00;120;121;31.41;8.00
6600.00;6900.00;1356.00;5.25;E0_1_800m;5.00;113;113;35.86;6.15
6600.00;6900.00;1404.00;5.90;E0_0_900m;5.00;117;117;33.07;6.80
6600.00;6900.00;1296.00;4.80;E0_1_900m;5.00;108;108;37.52;5.12
6600.00;6900.00;1380.00;5.39;E0_0_1000m;5.00;115;115;35.54;5.66
6600.00;6900.00;1260.00;4.54;E0_1_1000m;5.00;105;106;38.56;4.65
6600.00;6900.00;1344.00;5.13;E0_0_1100m;5.00;112;111;36.32;5.24
6600.00;6900.00;1236.00;4.36;E0_1_1100m;5.00;103;104;39.58;4.39
6600.00;6900.00;1308.00;4.94;E0_0_1200m;5.00;109;110;37.10;4.98
6600.00;6900.00;1224.00;4.29;E0_1_1200m;5.00;102;103;39.83;4.30
6600.00;6900.00;1308.00;4.86;E0_0_1300m;5.00;109;109;37.41;4.87
6600.00;6900.00;1224.00;4.26;E0_1_1300m;5.00;102;102;40.01;4.27
6600.00;6900.00;1308.00;4.82;E0_0_1400m;5.00;109;110;37.80;4.83
6600.00;6900.00;1212.00;4.23;E0_1_1400m;5.00;101;102;40.18;4.24
6600.00;6900.00;1308.00;4.82;E0_0_1500m;5.00;109;109;37.69;4.83
6600.00;6900.00;1224.00;4.21;E0_1_1500m;5.00;102;102;40.35;4.22
6600.00;6900.00;1320.00;4.83;E0_0_1600m;5.00;110;109;37.97;4.83
6600.00;6900.00;1212.00;4.20;E0_1_1600m;5.00;101;101;40.19;4.21
6600.00;6900.00;1320.00;4.83;E0_0_1700m;5.00;110;110;37.97;4.83
6600.00;6900.00;1212.00;4.20;E0_1_1700m;5.00;101;101;40.09;4.21
6600.00;6900.00;1320.00;4.84;E0_0_1800m;5.00;110;111;38.04;4.85
6600.00;6900.00;1200.00;4.20;E0_1_1800m;5.00;100;101;40.01;4.21
6600.00;6900.00;1320.00;4.82;E0_0_1900m;5.00;110;110;38.01;4.83
6600.00;6900.00;1212.00;4.18;E0_1_1900m;5.00;101;100;39.96;4.19
6600.00;6900.00;1308.00;4.81;E0_0_2000m;5.00;109;109;37.77;4.82
6600.00;6900.00;1188.00;4.14;E0_1_2000m;5.00;99;100;40.16;4.16
6600.00;6900.00;1308.00;4.76;E0_0_2100m;5.00;109;108;38.11;4.77
6600.00;6900.00;1176.00;4.09;E0_1_2100m;5.00;98;99;40.43;4.11
6600.00;6900.00;1284.00;4.71;E0_0_2200m;5.00;107;108;38.23;4.74
6600.00;6900.00;1176.00;4.01;E0_1_2200m;5.00;98;97;40.55;4.04
6600.00;6900.00;1284.00;4.65;E0_0_2300m;5.00;107;107;38.33;4.70
6600.00;6900.00;1152.00;3.94;E0_1_2300m;5.00;96;96;40.62;3.98
6600.00;6900.00;1284.00;4.63;E0_0_2400m;5.00;107;107;38.50;4.68
6600.00;6900.00;1140.00;3.87;E0_1_2400m;5.00;95;95;40.94;3.92
6600.00;6900.00;1284.00;4.63;E0_0_2500m;5.00;107;107;38.53;4.69
6600.00;6900.00;1128.00;3.82;E0_1_2500m;5.00;94;95;41.09;3.89
6600.00;6900.00;1272.00;4.62;E0_0_2600m;5.00;106;106;38.20;4.70
6600.00;6900.00;1116.00;3.79;E0_1_2600m;5.00;93;94;41.29;3.86
6600.00;6900.00;1272.00;4.60;E0_0_2700m;5.00;106;107;38.54;4.68
6600.00;6900.00;1140.00;3.83;E0_1_2700m;5.00;95;95;41.39;3.91
6600.00;6900.00;1260.00;4.59;E0_0_2800m;5.00;105;105;38.16;4.67
6600.00;6900.00;1152.00;3.87;E0_1_2800m;5.00;96;95;41.29;3.97
6600.00;6900.00;1248.00;4.52;E0_0_2900m;5.00;104;104;38.33;4.61
6600.00;6900.00;1152.00;3.90;E0_1_2900m;5.00;96;97;41.27;4.02
6600.00;6900.00;1224.00;4.38;E0_0_3000m;5.00;102;103;39.60;4.79
6600.00;6900.00;1164.00;4.48;E0_1_3000m;5.00;97;97;36.05;5.00
6600.00;6900.00;1188.00;5.52;E0_0_3100m;5.00;99;99;29.88;5.66
6600.00;6900.00;1164.00;5.51;E0_1_3100m;5.00;97;97;29.33;5.64
6600.00;6900.00;1164.00;5.42;E0_0_3200m;5.00;97;98;29.99;5.59
6600.00;6900.00;1140.00;5.41;E0_1_3200m;5.00;95;96;29.67;5.58
6600.00;6900.00;1164.00;5.22;E0_0_3300m;5.00;97;96;30.93;5.46
6600.00;6900.00;1128.00;5.19;E0_1_3300m;5.00;94;94;30.19;5.45
6600.00;6900.00;1140.00;5.08;E0_0_3400m;5.00;95;94;31.03;5.54
6600.00;6900.00;1104.00;5.10;E0_1_3400m;5.00;92;92;30.08;5.58
6600.00;6900.00;1044.00;7.11;E0_0_3500m;5.00;87;94;23.93;8.20
6600.00;6900.00;1224.00;5.28;E0_1_3500m;5.00;102;101;32.12;7.13
6600.00;6900.00;948.00;13.95;E0_0_3600m;5.00;79;80;9.51;14.88
6600.00;6900.00;1284.00;10.75;E0_1_3600m;5.00;107;110;16.79;11.67
6600.00;6900.00;936.00;15.46;E0_0_3700m;5.00;78;81;8.64;16.14
6600.00;6900.00;1320.00;12.64;E0_1_3700m;5.00;110;113;14.68;13.29
6600.00;6900.00;828.00;16.80;E0_0_3800m;5.00;69;75;7.09;16.92
6600.00;6900.00;1416.00;13.63;E0_1_3800m;5.00;118;121;14.63;14.07
6600.00;6900.00;828.00;15.76;E0_0_3900m;5.00;69;70;7.34;16.70
6600.00;6900.00;1416.00;12.78;E0_1_3900m;5.00;118;122;15.73;13.34
6600.00;6900.00;768.00;17.19;E0_0_4000m;5.00;64;68;6.48;17.29
6600.00;6900.00;1512.00;15.02;E0_1_4000m;5.00;126;128;14.06;15.49
6600.00;6900.00;828.00;25.45;E0_0_4100m;5.00;69;69;4.52;25.55
6600.00;6900.00;1512.00;25.79;E0_1_4100m;5.00;126;126;8.14;25.86
6600.00;6900.00;864.00;27.94;E0_0_4200m;5.00;72;71;4.28;28.12
6600.00;6900.00;1536.00;29.06;E0_1_4200m;5.00;128;128;7.34;29.26
6600.00;6900.00;852.00;27.76;E0_0_4300m;5.00;71;73;4.30;28.00
6600.00;6900.00;1548.00;29.15;E0_1_4300m;5.00;129;130;7.39;29.47
6600.00;6900.00;888.00;27.65;E0_0_4400m;5.00;74;74;4.46;27.87
6600.00;6900.00;1560.00;29.16;E0_1_4400m;5.00;130;131;7.45;29.48
6600.00;6900.00;876.00;27.56;E0_0_4500m;5.00;73;74;4.44;27.79
6600.00;6900.00;1548.00;28.90;E0_1_4500m;5.00;129;129;7.44;29.23
6600.00;6900.00;876.00;27.35;E0_0_4600m;5.00;73;73;4.45;27.60
6600.00;6900.00;1524.00;28.75;E0_1_4600m;5.00;127;129;7.40;29.11
6600.00;6900.00;864.00;27.35;E0_0_4700m;5.00;72;72;4.39;27.54
6600.00;6900.00;1548.00;28.59;E0_1_4700m;5.00;129;129;7.52;28.91
6600.00;6900.00;912.00;26.92;E0_0_4800m;5.00;76;76;4.70;27.43
6600.00;6900.00;1548.00;28.13;E0_1_4800m;5.00;129;131;7.74;28.58
6600.00;6900.00;936.00;26.84;E0_0_4900m;5.00;78;78;4.84;27.13
6600.00;6900.00;1584.00;28.08;E0_1_4900m;5.00;132;133;7.89;28.40
6600.00;6900.00;900.00;26.54;E0_0_5000m;5.00;75;75;4.71;26.82
6600.00;6900.00;1644.00;27.66;E0_1_5000m;5.00;137;137;8.25;28.08
6900.00;7200.00;0.00;-1.00;E0_0_0m;-1.00;0;0;0.00;-1.00
6900.00;7200.00;0.00;-1.00;E0_1_0m;-1.00;0;0;0.00;-1.00
6900.00;7200.00;1320.00;4.86;E0_0_100m;5.00;110;110;37.62;4.88
6900.00;7200.00;1188.00;4.17;E0_1_100m;5.00;99;99;39.57;4.18
6900.00;7200.00;1296.00;4.75;E0_0_200m;5.00;108;109;37.92;4.76
6900.00;7200.00;1176.00;4.07;E0_1_200m;5.00;98;98;40.38;4.08
6900.00;7200.00;1296.00;4.71;E0_0_300m;5.00;108;108;38.31;4.72
6900.00;7200.00;1176.00;4.02;E0_1_300m;5.00;98;97;40.39;4.04
6900.00;7200.00;1284.00;4.68;E0_0_400m;5.00;107;108;38.50;4.69
6900.00;7200.00;1164.00;3.96;E0_1_400m;5.00;97;97;40.85;3.98
6900.00;7200.00;1284.00;4.64;E0_0_500m;5.00;107;107;38.73;4.66
6900.00;7200.00;1164.00;3.92;E0_1_500m;5.00;97;96;40.96;3.95
6900.00;7200.00;1272.00;4.61;E0_0_600m;5.00;106;107;38.38;4.63
6900.00;7200.00;1152.00;3.88;E0_1_600m;5.00;96;96;41.25;3.91
6900.00;7200.00;1272.00;4.58;E0_0_700m;5.00;106;107;38.63;4.60
6900.00;7200.00;1152.00;3.86;E0_1_700m;5.00;96;95;41.06;3.89
6900.00;7200.00;1272.00;4.54;E0_0_800m;5.00;106;105;38.72;4.56
6900.00;7200.00;1128.00;3.85;E0_1_800m;5.00;94;95;40.95;3.88
6900.00;7200.00;1260.00;4.51;E0_0_900m;5.00;105;105;38.84;4.53
6900.00;7200.00;1140.00;3.83;E0_1_900m;5.00;95;94;41.21;3.86
6900.00;7200.00;1236.00;4.45;E0_0_1000m;5.00;103;104;38.76;4.48
6900.00;7200.00;1140.00;3.81;E0_1_1000m;5.00;95;94;41.55;3.84
6900.00;7200.00;1236.00;4.40;E0_0_1100m;5.00;103;103;39.03;4.43
6900.00;7200.00;1128.00;3.78;E0_1_1100m;5.00;94;94;41.34;3.81
6900.00;7200.00;1224.00;4.34;E0_0_1200m;5.00;102;102;39.07;4.38
6900.00;7200.00;1116.00;3.74;E0_1_1200m;5.00;93;93;41.64;3.77
6900.00;7200.00;1212.00;4.29;E0_0_1300m;5.00;101;101;39.24;4.33
6900.00;7200.00;1116.00;3.69;E0_1_1300m;5.00;93;92;41.69;3.73
6900.00;7200.00;1212.00;4.24;E0_0_1400m;5.00;101;100;39.60;4.28
6900.00;7200.00;1104.00;3.65;E0_1_1400m;5.00;92;92;41.73;3.68
6900.00;7200.00;1200.00;4.19;E0_0_1500m;5.00;100;101;39.92;4.23
6900.00;7200.00;1092.00;3.62;E0_1_1500m;5.00;91;91;41.86;3.65
6900.00;7200.00;1188.00;4.16;E0_0_1600m;5.00;99;100;39.94;4.20
6900.00;7200.00;1104.00;3.62;E0_1_1600m;5.00;92;91;41.96;3.65
6900.00;7200.00;1176.00;4.13;E0_0_1700m;5.00;98;99;39.82;4.16
6900.00;7200.00;1092.00;3.61;E0_1_1700m;5.00;91;91;41.98;3.64
6900.00;7200.00;1188.00;4.11;E0_0_1800m;5.00;99;98;40.02;4.14
6900.00;7200.00;1104.00;3.60;E0_1_1800m;5.00;92;91;42.23;3.64
6900.00;7200.00;1176.00;4.08;E0_0_1900m;5.00;98;98;40.04;4.10
6900.00;7200.00;1104.00;3.58;E0_1_1900m;5.00;92;92;42.85;3.62
6900.00;7200.00;1176.00;4.06;E0_0_2000m;5.00;98;98;40.18;4.09
6900.00;7200.00;1092.00;3.55;E0_1_2000m;5.00;91;91;42.66;3.60
6900.00;7200.00;1164.00;4.05;E0_0_2100m;5.00;97;98;40.26;4.09
6900.00;7200.00;1092.00;3.52;E0_1_2100m;5.00;91;91;42.68;3.58
6900.00;7200.00;1188.00;4.07;E0_0_2200m;5.00;99;98;40.16;4.11
6900.00;7200.00;1080.00;3.52;E0_1_2200m;5.00;90;91;43.11;3.60
6900.00;7200.00;1188.00;4.12;E0_0_2300m;5.00;99;99;40.26;4.17
6900.00;7200.00;1092.00;3.56;E0_1_2300m;5.00;91;92;42.91;3.66
6900.00;7200.00;1200.00;4.20;E0_0_2400m;5.00;100;100;39.67;4.27
6900.00;7200.00;1116.00;3.65;E0_1_2400m;5.00;93;93;42.47;3.78
6900.00;7200.00;1212.00;4.25;E0_0_2500m;5.00;101;101;39.58;4.35
6900.00;7200.00;1140.00;3.74;E0_1_2500m;5.00;95;94;42.27;3.91
6900.00;7200.00;1212.00;4.27;E0_0_2600m;5.00;101;102;39.44;4.39
6900.00;7200.00;1152.00;3.81;E0_1_2600m;5.00;96;95;41.68;4.02
6900.00;7200.00;1212.00;4.28;E0_0_2700m;5.00;101;101;39.51;4.42
6900.00;7200.00;1140.00;3.81;E0_1_2700m;5.00;95;95;41.60;4.06
6900.00;7200.00;1224.00;4.27;E0_0_2800m;5.00;102;102;39.77;4.44
6900.00;7200.00;1128.00;3.76;E0_1_2800m;5.00;94;95;42.10;4.06
6900.00;7200.00;1224.00;4.28;E0_0_2900m;5.00;102;102;39.74;4.49
6900.00;7200.00;1128.00;3.71;E0_1_2900m;5.00;94;93;41.91;4.08
6900.00;7200.00;1188.00;4.35;E0_0_3000m;5.00;99;104;41.31;4.89
6900.00;7200.00;1176.00;4.73;E0_1_3000m;5.00;98;98;34.55;5.13
6900.00;7200.00;1176.00;5.59;E0_0_3100m;5.00;98;98;29.22;5.75
6900.00;7200.00;1224.00;5.57;E0_1_3100m;5.00;102;102;30.54;5.71
6900.00;7200.00;1212.00;5.62;E0_0_3200m;5.00;101;100;29.75;5.77
6900.00;7200.00;1260.00;5.63;E0_1_3200m;5.00;105;104;30.72;5.78
6900.00;7200.00;1236.00;5.83;E0_0_3300m;5.00;103;103;29.46;5.99
6900.00;7200.00;1260.00;5.80;E0_1_3300m;5.00;105;105;30.18;5.96
6900.00;7200.00;1236.00;6.09;E0_0_3400m;5.00;103;104;28.34;6.43
6900.00;7200.00;1284.00;5.90;E0_1_3400m;5.00;107;107;30.24;6.21
6900.00;7200.00;1212.00;7.94;E0_0_3500m;5.00;101;107;24.21;9.17
6900.00;7200.00;1380.00;5.92;E0_1_3500m;5.00;115;116;32.45;7.61
6900.00;7200.00;1104.00;13.92;E0_0_3600m;5.00;92;93;11.90;15.11
6900.00;7200.00;1440.00;10.32;E0_1_3600m;5.00;120;122;19.59;11.63
6900.00;7200.00;1128.00;16.11;E0_0_3700m;5.00;94;94;9.73;16.23
6900.00;7200.00;1404.00;12.79;E0_1_3700m;5.00;117;117;15.25;12.99
6900.00;7200.00;1056.00;16.50;E0_0_3800m;5.00;88;89;8.91;16.55
6900.00;7200.00;1416.00;13.37;E0_1_3800m;5.00;118;119;14.77;13.52
6900.00;7200.00;1008.00;16.77;E0_0_3900m;5.00;84;86;8.52;17.27
6900.00;7200.00;1392.00;13.56;E0_1_3900m;5.00;116;122;14.72;13.83
6900.00;7200.00;948.00;17.52;E0_0_4000m;5.00;79;78;7.43;17.65
6900.00;7200.00;1416.00;15.06;E0_1_4000m;5.00;118;119;13.12;15.58
6900.00;7200.00;864.00;24.81;E0_0_4100m;5.00;72;72;4.84;24.96
6900.00;7200.00;1488.00;25.65;E0_1_4100m;5.00;124;126;8.15;25.81
6900.00;7200.00;816.00;27.32;E0_0_4200m;5.00;68;69;4.17;27.63
6900.00;7200.00;1536.00;28.15;E0_1_4200m;5.00;128;128;7.58;28.45
6900.00;7200.00;852.00;27.56;E0_0_4300m;5.00;71;71;4.29;27.96
6900.00;7200.00;1500.00;28.65;E0_1_4300m;5.00;125;128;7.39;28.96
6900.00;7200.00;876.00;27.39;E0_0_4400m;5.00;73;73;4.44;27.67
6900.00;7200.00;1488.00;28.10;E0_1_4400m;5.00;124;124;7.35;28.45
6900.00;7200.00;864.00;26.98;E0_0_4500m;5.00;72;73;4.48;27.33
6900.00;7200.00;1488.00;27.72;E0_1_4500m;5.00;124;125;7.46;28.13
6900.00;7200.00;852.00;26.74;E0_0_4600m;5.00;71;71;4.43;27.08
6900.00;7200.00;1500.00;27.32;E0_1_4600m;5.00;125;124;7.62;27.76
6900.00;7200.00;828.00;26.49;E0_0_4700m;5.00;69;70;4.39;26.86
6900.00;7200.00;1536.00;26.95;E0_1_4700m;5.00;128;128;7.91;27.44
6900.00;7200.00;816.00;26.51;E0_0_4800m;5.00;68;68;4.27;26.79
6900.00;7200.00;1536.00;26.67;E0_1_4800m;5.00;128;128;8.00;27.06
6900.00;7200.00;804.00;26.32;E0_0_4900m;5.00;67;68;4.25;26.57
6900.00;7200.00;1512.00;26.43;E0_1_4900m;5.00;126;126;7.95;26.82
6900.00;7200.00;804.00;26.52;E0_0_5000m;5.00;67;67;4.21;26.71
6900.00;7200.00;1500.00;26.64;E0_1_5000m;5.00;125;125;7.82;26.95
7200.00;7500.00;0.00;-1.00;E0_0_0m;-1.00;0;0;0.00;-1.00
7200.00;7500.00;0.00;-1.00;E0_1_0m;-1.00;0;0;0.00;-1.00
7200.00;7500.00;1200.00;4.17;E0_0_100m;5.00;100;100;40.10;4.18
7200.00;7500.00;1116.00;3.61;E0_1_100m;5.00;93;93;42.93;3.61
7200.00;7500.00;1200.00;4.13;E0_0_200m;5.00;100;100;40.57;4.14
7200.00;7500.00;1116.00;3.58;E0_1_200m;5.00;93;92;42.92;3.58
7200.00;7500.00;1212.00;4.16;E0_0_300m;5.00;101;100;40.06;4.17
7200.00;7500.00;1104.00;3.60;E0_1_300m;5.00;92;93;42.81;3.60
7200.00;7500.00;1212.00;4.19;E0_0_400m;5.00;101;100;39.84;4.20
7200.00;7500.00;1104.00;3.62;E0_1_400m;5.00;92;92;42.32;3.63
7200.00;7500.00;1224.00;4.22;E0_0_500m;5.00;102;101;39.96;4.24
7200.00;7500.00;1116.00;3.66;E0_1_500m;5.00;93;93;42.40;3.66
7200.00;7500.00;1224.00;4.25;E0_0_600m;5.00;102;101;39.95;4.28
7200.00;7500.00;1116.00;3.70;E0_1_600m;5.00;93;93;41.94;3.71
7200.00;7500.00;1236.00;4.28;E0_0_700m;5.00;103;102;40.13;4.30
7200.00;7500.00;1128.00;3.72;E0_1_700m;5.00;94;94;42.14;3.74
7200.00;7500.00;1236.00;4.31;E0_0_800m;5.00;103;103;39.84;4.34
7200.00;7500.00;1140.00;3.77;E0_1_800m;5.00;95;95;41.95;3.79
7200.00;7500.00;1236.00;4.34;E0_0_900m;5.00;103;104;39.68;4.38
7200.00;7500.00;1140.00;3.78;E0_1_900m;5.00;95;95;41.85;3.81
7200.00;7500.00;1260.00;4.41;E0_0_1000m;5.00;105;104;39.54;4.45
7200.00;7500.00;1140.00;3.82;E0_1_1000m;5.00;95;95;41.40;3.86
7200.00;7500.00;1272.00;4.47;E0_0_1100m;5.00;106;106;39.50;4.51
7200.00;7500.00;1152.00;3.88;E0_1_1100m;5.00;96;95;41.18;3.93
7200.00;7500.00;1284.00;4.56;E0_0_1200m;5.00;107;107;39.00;4.60
7200.00;7500.00;1164.00;3.94;E0_1_1200m;5.00;97;96;40.68;3.99
7200.00;7500.00;1296.00;4.64;E0_0_1300m;5.00;108;108;38.83;4.67
7200.00;7500.00;1164.00;4.00;E0_1_1300m;5.00;97;98;40.66;4.05
7200.00;7500.00;1296.00;4.70;E0_0_1400m;5.00;108;109;38.56;4.73
7200.00;7500.00;1188.00;4.04;E0_1_1400m;5.00;99;98;40.71;4.09
7200.00;7500.00;1308.00;4.73;E0_0_1500m;5.00;109;108;38.23;4.76
7200.00;7500.00;1188.00;4.07;E0_1_1500m;5.00;99;99;40.53;4.12
7200.00;7500.00;1308.00;4.75;E0_0_1600m;5.00;109;108;37.97;4.78
7200.00;7500.00;1188.00;4.06;E0_1_1600m;5.00;99;99;40.66;4.11
7200.00;7500.00;1308.00;4.73;E0_0_1700m;5.00;109;109;38.35;4.76
7200.00;7500.00;1176.00;4.05;E0_1_1700m;5.00;98;99;40.69;4.12
7200.00;7500.00;1296.00;4.71;E0_0_1800m;5.00;108;109;38.25;4.75
7200.00;7500.00;1176.00;4.03;E0_1_1800m;5.00;98;98;40.49;4.11
7200.00;7500.00;1296.00;4.68;E0_0_1900m;5.00;108;108;38.44;4.73
7200.00;7500.00;1164.00;4.05;E0_1_1900m;5.00;97;98;40.11;4.13
7200.00;7500.00;1296.00;4.69;E0_0_2000m;5.00;108;108;38.42;4.74
7200.00;7500.00;1188.00;4.09;E0_1_2000m;5.00;99;98;40.11;4.15
7200.00;7500.00;1296.00;4.70;E0_0_2100m;5.00;108;108;38.36;4.76
7200.00;7500.00;1200.00;4.15;E0_1_2100m;5.00;100;99;40.16;4.20
7200.00;7500.00;1284.00;4.68;E0_0_2200m;5.00;107;107;38.12;4.75
7200.00;7500.00;1212.00;4.18;E0_1_2200m;5.00;101;100;39.81;4.23
7200.00;7500.00;1272.00;4.64;E0_0_2300m;5.00;106;106;38.27;4.72
7200.00;7500.00;1200.00;4.15;E0_1_2300m;5.00;100;99;39.86;4.21
7200.00;7500.00;1260.00;4.54;E0_0_2400m;5.00;105;105;38.51;4.65
7200.00;7500.00;1176.00;4.05;E0_1_2400m;5.00;98;98;40.34;4.14
7200.00;7500.00;1236.00;4.45;E0_0_2500m;5.00;103;103;38.61;4.57
7200.00;7500.00;1152.00;3.94;E0_1_2500m;5.00;96;96;40.61;4.05
7200.00;7500.00;1236.00;4.37;E0_0_2600m;5.00;103;102;39.28;4.51
7200.00;7500.00;1140.00;3.82;E0_1_2600m;5.00;95;95;41.48;3.94
7200.00;7500.00;1236.00;4.32;E0_0_2700m;5.00;103;102;39.41;4.48
7200.00;7500.00;1116.00;3.76;E0_1_2700m;5.00;93;94;41.69;3.91
7200.00;7500.00;1224.00;4.33;E0_0_2800m;5.00;102;102;39.27;4.52
7200.00;7500.00;1128.00;3.75;E0_1_2800m;5.00;94;93;41.29;3.94
7200.00;7500.00;1224.00;4.33;E0_0_2900m;5.00;102;103;39.37;4.57
7200.00;7500.00;1128.00;3.80;E0_1_2900m;5.00;94;95;41.33;4.03
7200.00;7500.00;1188.00;4.25;E0_0_3000m;5.00;99;101;40.80;4.89
7200.00;7500.00;1164.00;4.48;E0_1_3000m;5.00;97;97;36.11;4.82
7200.00;7500.00;1176.00;5.39;E0_0_3100m;5.00;98;99;30.41;5.66
7200.00;7500.00;1164.00;5.37;E0_1_3100m;5.00;97;97;30.10;5.62
7200.00;7500.00;1176.00;5.30;E0_0_3200m;5.00;98;98;30.79;5.57
7200.00;7500.00;1140.00;5.27;E0_1_3200m;5.00;95;96;30.27;5.52
7200.00;7500.00;1152.00;5.24;E0_0_3300m;5.00;96;96;30.51;5.53
7200.00;7500.00;1128.00;5.28;E0_1_3300m;5.00;94;94;29.65;5.58
7200.00;7500.00;1140.00;5.20;E0_0_3400m;5.00;95;95;30.30;5.60
7200.00;7500.00;1104.00;5.18;E0_1_3400m;5.00;92;93;29.88;5.59
7200.00;7500.00;1020.00;6.87;E0_0_3500m;5.00;85;92;23.84;7.88
7200.00;7500.00;1200.00;4.42;E0_1_3500m;5.00;100;100;37.68;6.58
7200.00;7500.00;972.00;14.09;E0_0_3600m;5.00;81;81;9.58;15.54
7200.00;7500.00;1296.00;9.44;E0_1_3600m;5.00;108;108;19.07;11.64
7200.00;7500.00;924.00;15.96;E0_0_3700m;5.00;77;84;8.28;16.42
7200.00;7500.00;1356.00;12.22;E0_1_3700m;5.00;113;116;15.71;13.08
7200.00;7500.00;876.00;16.42;E0_0_3800m;5.00;73;77;7.67;16.49
7200.00;7500.00;1464.00;13.34;E0_1_3800m;5.00;122;126;15.45;13.81
7200.00;7500.00;912.00;16.56;E0_0_3900m;5.00;76;79;7.73;16.70
7200.00;7500.00;1452.00;12.78;E0_1_3900m;5.00;121;123;15.95;13.22
7200.00;7500.00;888.00;17.09;E0_0_4000m;5.00;74;78;7.34;17.25
7200.00;7500.00;1488.00;14.62;E0_1_4000m;5.00;124;127;14.28;15.01
7200.00;7500.00;876.00;25.21;E0_0_4100m;5.00;73;74;4.89;25.28
7200.00;7500.00;1500.00;25.84;E0_1_4100m;5.00;125;126;8.09;25.97
7200.00;7500.00;852.00;27.25;E0_0_4200m;5.00;71;71;4.34;27.49
7200.00;7500.00;1512.00;28.82;E0_1_4200m;5.00;126;126;7.29;29.02
7200.00;7500.00;888.00;27.21;E0_0_4300m;5.00;74;74;4.53;27.47
7200.00;7500.00;1464.00;29.14;E0_1_4300m;5.00;122;122;6.97;29.37
7200.00;7500.00;900.00;27.18;E0_0_4400m;5.00;75;75;4.60;27.40
7200.00;7500.00;1428.00;28.91;E0_1_4400m;5.00;119;120;6.89;29.15
7200.00;7500.00;900.00;26.97;E0_0_4500m;5.00;75;75;4.63;27.19
7200.00;7500.00;1464.00;28.59;E0_1_4500m;5.00;122;122;7.11;28.82
7200.00;7500.00;888.00;26.64;E0_0_4600m;5.00;74;75;4.67;26.86
7200.00;7500.00;1464.00;28.23;E0_1_4600m;5.00;122;122;7.20;28.50
7200.00;7500.00;876.00;26.29;E0_0_4700m;5.00;73;75;4.69;26.52
7200.00;7500.00;1428.00;27.91;E0_1_4700m;5.00;119;119;7.11;28.22
7200.00;7500.00;888.00;26.32;E0_0_4800m;5.00;74;74;4.69;26.51
7200.00;7500.00;1404.00;27.74;E0_1_4800m;5.00;117;118;7.07;28.04
7200.00;7500.00;888.00;26.18;E0_0_4900m;5.00;74;73;4.71;26.36
7200.00;7500.00;1440.00;27.66;E0_1_4900m;5.00;120;120;7.23;27.95
7200.00;7500.00;912.00;26.22;E0_0_5000m;5.00;76;76;4.83;26.39
7200.00;7500.00;1464.00;27.58;E0_1_5000m;5.00;122;122;7.37;27.86
7500.00;7800.00;0.00;-1.00;E0_0_0m;-1.00;0;0;0.00;-1.00
7500.00;7800.00;0.00;-1.00;E0_1_0m;-1.00;0;0;0.00;-1.00
7500.00;7800.00;1296.00;4.68;E0_0_100m;5.00;108;107;38.15;4.71
7500.00;7800.00;1176.00;4.12;E0_1_100m;5.00;98;98;39.67;4.14
7500.00;7800.00;1284.00;4.64;E0_0_200m;5.00;107;107;38.47;4.67
7500.00;7800.00;1176.00;4.09;E0_1_200m;5.00;98;99;40.27;4.11
7500.00;7800.00;1272.00;4.58;E0_0_300m;5.00;106;106;38.59;4.62
7500.00;7800.00;1188.00;4.06;E0_1_300m;5.00;99;98;40.46;4.08
7500.00;7800.00;1272.00;4.53;E0_0_400m;5.00;106;106;38.98;4.58
7500.00;7800.00;1188.00;4.03;E0_1_400m;5.00;99;99;40.99;4.06
7500.00;7800.00;1260.00;4.46;E0_0_500m;5.00;105;105;39.23;4.51
7500.00;7800.00;1176.00;3.99;E0_1_500m;5.00;98;98;40.97;4.03
7500.00;7800.00;1248.00;4.43;E0_0_600m;5.00;104;105;39.46;4.48
7500.00;7800.00;1164.00;3.93;E0_1_600m;5.00;97;97;41.19;3.97
7500.00;7800.00;1236.00;4.39;E0_0_700m;5.00;103;103;39.12;4.45
7500.00;7800.00;1152.00;3.89;E0_1_700m;5.00;96;97;41.34;3.94
7500.00;7800.00;1236.00;4.36;E0_0_800m;5.00;103;103;39.34;4.43
7500.00;7800.00;1152.00;3.84;E0_1_800m;5.00;96;95;41.50;3.89
7500.00;7800.00;1236.00;4.33;E0_0_900m;5.00;103;102;39.46;4.39
7500.00;7800.00;1140.00;3.81;E0_1_900m;5.00;95;96;41.83;3.86
7500.00;7800.00;1236.00;4.31;E0_0_1000m;5.00;103;103;39.80;4.37
7500.00;7800.00;1152.00;3.80;E0_1_1000m;5.00;96;96;42.14;3.85
7500.00;7800.00;1224.00;4.29;E0_0_1100m;5.00;102;102;39.60;4.34
7500.00;7800.00;1140.00;3.78;E0_1_1100m;5.00;95;96;42.17;3.83
7500.00;7800.00;1224.00;4.27;E0_0_1200m;5.00;102;102;39.97;4.31
7500.00;7800.00;1152.00;3.79;E0_1_1200m;5.00;96;96;42.23;3.84
7500.00;7800.00;1224.00;4.26;E0_0_1300m;5.00;102;102;39.87;4.31
7500.00;7800.00;1152.00;3.80;E0_1_1300m;5.00;96;96;42.17;3.86
7500.00;7800.00;1224.00;4.27;E0_0_1400m;5.00;102;102;39.80;4.32
7500.00;7800.00;1152.00;3.81;E0_1_1400m;5.00;96;96;41.97;3.88
7500.00;7800.00;1224.00;4.29;E0_0_1500m;5.00;102;103;39.74;4.35
7500.00;7800.00;1152.00;3.84;E0_1_1500m;5.00;96;96;41.67;3.92
7500.00;7800.00;1236.00;4.32;E0_0_1600m;5.00;103;103;39.73;4.39
7500.00;7800.00;1152.00;3.86;E0_1_1600m;5.00;96;96;41.43;3.96
7500.00;7800.00;1248.00;4.37;E0_0_1700m;5.00;104;103;39.44;4.45
7500.00;7800.00;1164.00;3.90;E0_1_1700m;5.00;97;97;41.16;4.01
7500.00;7800.00;1248.00;4.42;E0_0_1800m;5.00;104;104;39.22;4.51
7500.00;7800.00;1176.00;3.95;E0_1_1800m;5.00;98;98;41.32;4.06
7500.00;7800.00;1260.00;4.47;E0_0_1900m;5.00;105;105;39.17;4.55
7500.00;7800.00;1188.00;3.99;E0_1_1900m;5.00;99;98;41.09;4.11
7500.00;7800.00;1260.00;4.48;E0_0_2000m;5.00;105;105;39.04;4.57
7500.00;7800.00;1176.00;4.00;E0_1_2000m;5.00;98;99;41.05;4.12
7500.00;7800.00;1260.00;4.48;E0_0_2100m;5.00;105;105;38.94;4.58
7500.00;7800.00;1176.00;3.98;E0_1_2100m;5.00;98;98;41.08;4.10
7500.00;7800.00;1260.00;4.47;E0_0_2200m;5.00;105;105;39.12;4.58
7500.00;7800.00;1164.00;3.97;E0_1_2200m;5.00;97;97;40.77;4.11
7500.00;7800.00;1272.00;4.47;E0_0_2300m;5.00;106;105;39.14;4.57
7500.00;7800.00;1152.00;3.95;E0_1_2300m;5.00;96;97;40.78;4.10
7500.00;7800.00;1272.00;4.50;E0_0_2400m;5.00;106;106;39.30;4.60
7500.00;7800.00;1164.00;3.95;E0_1_2400m;5.00;97;97;40.91;4.11
7500.00;7800.00;1284.00;4.53;E0_0_2500m;5.00;107;107;39.39;4.62
7500.00;7800.00;1164.00;4.00;E0_1_2500m;5.00;97;98;40.43;4.14
7500.00;7800.00;1284.00;4.60;E0_0_2600m;5.00;107;107;38.74;4.70
7500.00;7800.00;1176.00;4.04;E0_1_2600m;5.00;98;98;40.44;4.17
7500.00;7800.00;1284.00;4.63;E0_0_2700m;5.00;107;107;38.53;4.72
7500.00;7800.00;1200.00;4.08;E0_1_2700m;5.00;100;99;40.44;4.20
7500.00;7800.00;1284.00;4.62;E0_0_2800m;5.00;107;107;38.63;4.72
7500.00;7800.00;1188.00;4.06;E0_1_2800m;5.00;99;99;40.63;4.21
7500.00;7800.00;1284.00;4.61;E0_0_2900m;5.00;107;106;38.54;4.75
7500.00;7800.00;1176.00;3.97;E0_1_2900m;5.00;98;97;41.04;4.17
7500.00;7800.00;1260.00;4.49;E0_0_3000m;5.00;105;106;40.14;5.02
7500.00;7800.00;1176.00;4.79;E0_1_3000m;5.00;98;98;34.12;5.06
7500.00;7800.00;1212.00;6.08;E0_0_3100m;5.00;101;100;27.56;6.18
7500.00;7800.00;1236.00;6.08;E0_1_3100m;5.00;103;103;28.25;6.20
7500.00;7800.00;1224.00;6.10;E0_0_3200m;5.00;102;102;27.88;6.23
7500.00;7800.00;1248.00;6.03;E0_1_3200m;5.00;104;103;28.52;6.16
7500.00;7800.00;1248.00;6.01;E0_0_3300m;5.00;104;104;28.83;6.19
7500.00;7800.00;1248.00;6.00;E0_1_3300m;5.00;104;105;29.03;6.18
7500.00;7800.00;1272.00;6.00;E0_0_3400m;5.00;106;106;29.60;6.33
7500.00;7800.00;1272.00;6.01;E0_1_3400m;5.00;106;105;29.13;6.35
7500.00;7800.00;1188.00;7.39;E0_0_3500m;5.00;99;103;24.95;8.73
7500.00;7800.00;1320.00;5.03;E0_1_3500m;5.00;110;111;36.44;7.49
7500.00;7800.00;1056.00;14.82;E0_0_3600m;5.00;88;88;9.90;15.60
7500.00;7800.00;1476.00;11.70;E0_1_3600m;5.00;123;125;17.66;12.30
7500.00;7800.00;1044.00;16.58;E0_0_3700m;5.00;87;88;8.75;16.89
7500.00;7800.00;1452.00;13.03;E0_1_3700m;5.00;121;122;15.60;13.22
7500.00;7800.00;996.00;16.34;E0_0_3800m;5.00;83;86;8.63;16.42
7500.00;7800.00;1476.00;13.42;E0_1_3800m;5.00;123;125;15.43;13.82
7500.00;7800.00;960.00;16.65;E0_0_3900m;5.00;80;84;8.15;16.71
7500.00;7800.00;1560.00;13.52;E0_1_3900m;5.00;130;131;16.10;13.71
7500.00;7800.00;972.00;17.41;E0_0_4000m;5.00;81;82;7.83;17.58
7500.00;7800.00;1572.00;14.83;E0_1_4000m;5.00;131;131;14.74;15.31
7500.00;7800.00;864.00;25.46;E0_0_4100m;5.00;72;72;4.71;25.52
7500.00;7800.00;1680.00;25.89;E0_1_4100m;5.00;140;140;9.01;25.96
7500.00;7800.00;840.00;28.21;E0_0_4200m;5.00;70;70;4.14;28.35
7500.00;7800.00;1668.00;28.78;E0_1_4200m;5.00;139;139;8.05;28.92
7500.00;7800.00;864.00;28.32;E0_0_4300m;5.00;72;72;4.24;28.44
7500.00;7800.00;1644.00;29.08;E0_1_4300m;5.00;137;137;7.85;29.23
7500.00;7800.00;888.00;28.13;E0_0_4400m;5.00;74;74;4.38;28.30
7500.00;7800.00;1608.00;29.08;E0_1_4400m;5.00;134;135;7.73;29.25
7500.00;7800.00;876.00;28.43;E0_0_4500m;5.00;73;73;4.28;28.61
7500.00;7800.00;1596.00;28.97;E0_1_4500m;5.00;133;134;7.70;29.14
7500.00;7800.00;912.00;27.77;E0_0_4600m;5.00;76;76;4.56;28.02
7500.00;7800.00;1584.00;28.74;E0_1_4600m;5.00;132;133;7.66;28.95
7500.00;7800.00;972.00;27.65;E0_0_4700m;5.00;81;81;4.89;27.89
7500.00;7800.00;1572.00;28.73;E0_1_4700m;5.00;131;133;7.62;28.95
7500.00;7800.00;960.00;27.53;E0_0_4800m;5.00;80;82;4.90;27.69
7500.00;7800.00;1608.00;28.41;E0_1_4800m;5.00;134;135;7.89;28.66
7500.00;7800.00;900.00;27.54;E0_0_4900m;5.00;75;75;4.54;27.66
7500.00;7800.00;1644.00;28.20;E0_1_4900m;5.00;137;137;8.10;28.37
7500.00;7800.00;912.00;27.43;E0_0_5000m;5.00;76;76;4.62;27.57
7500.00;7800.00;1608.00;28.28;E0_1_5000m;5.00;134;134;7.90;28.43
