interval_begin;interval_end;interval_flow;interval_harmonicMeanSpeed;interval_id;interval_length;interval_nVehContrib;interval_nVehEntered;interval_occupancy;interval_speed
0.00;300.00;0.00;-1.00;E0_0_0m;-1.00;0;0;0.00;-1.00
0.00;300.00;0.00;-1.00;E0_1_0m;-1.00;0;0;0.00;-1.00
0.00;300.00;2040.00;26.91;E0_0_100m;5.00;170;170;10.53;26.99
0.00;300.00;2244.00;28.67;E0_1_100m;5.00;187;188;10.92;28.81
0.00;300.00;2076.00;26.81;E0_0_200m;5.00;173;173;10.75;26.89
0.00;300.00;2160.00;28.90;E0_1_200m;5.00;180;180;10.38;29.01
0.00;300.00;2028.00;26.65;E0_0_300m;5.00;169;169;10.57;26.74
0.00;300.00;2148.00;28.76;E0_1_300m;5.00;179;179;10.37;28.85
0.00;300.00;1992.00;26.60;E0_0_400m;5.00;166;167;10.40;26.70
0.00;300.00;2112.00;28.66;E0_1_400m;5.00;176;177;10.26;28.75
0.00;300.00;1992.00;26.52;E0_0_500m;5.00;166;166;10.43;26.61
0.00;300.00;2064.00;28.52;E0_1_500m;5.00;172;172;10.05;28.61
0.00;300.00;1932.00;26.41;E0_0_600m;5.00;161;161;10.16;26.50
0.00;300.00;2064.00;28.28;E0_1_600m;5.00;172;172;10.14;28.38
0.00;300.00;1884.00;26.31;E0_0_700m;5.00;157;158;9.98;26.40
0.00;300.00;2064.00;28.09;E0_1_700m;5.00;172;172;10.20;28.20
0.00;300.00;1848.00;26.17;E0_0_800m;5.00;154;154;9.81;26.26
0.00;300.00;2052.00;27.91;E0_1_800m;5.00;171;171;10.21;28.02
0.00;300.00;1776.00;26.04;E0_0_900m;5.00;148;149;9.48;26.13
0.00;300.00;2052.00;27.71;E0_1_900m;5.00;171;171;10.29;27.82
0.00;300.00;1764.00;25.95;E0_0_1000m;5.00;147;147;9.44;26.04
0.00;300.00;2004.00;27.52;E0_1_1000m;5.00;167;168;10.12;27.65
0.00;300.00;1704.00;25.83;E0_0_1100m;5.00;142;142;9.16;25.91
0.00;300.00;2004.00;27.40;E0_1_1100m;5.00;167;167;10.16;27.54
0.00;300.00;1680.00;25.68;E0_0_1200m;5.00;140;140;9.09;25.76
0.00;300.00;1968.00;27.30;E0_1_1200m;5.00;164;164;10.01;27.44
0.00;300.00;1656.00;25.62;E0_0_1300m;5.00;138;139;9.00;25.71
0.00;300.00;1944.00;27.13;E0_1_1300m;5.00;162;162;9.95;27.29
0.00;300.00;1620.00;25.66;E0_0_1400m;5.00;135;135;8.77;25.75
0.00;300.00;1920.00;27.10;E0_1_1400m;5.00;160;161;9.88;27.23
0.00;300.00;1584.00;25.76;E0_0_1500m;5.00;132;133;8.56;25.84
0.00;300.00;1896.00;27.00;E0_1_1500m;5.00;158;158;9.75;27.13
0.00;300.00;1536.00;25.63;E0_0_1600m;5.00;128;128;8.32;25.71
0.00;300.00;1884.00;26.94;E0_1_1600m;5.00;157;157;9.71;27.08
0.00;300.00;1524.00;25.58;E0_0_1700m;5.00;127;127;8.27;25.65
0.00;300.00;1860.00;26.84;E0_1_1700m;5.00;155;155;9.62;26.99
0.00;300.00;1488.00;25.58;E0_0_1800m;5.00;124;125;8.12;25.65
0.00;300.00;1836.00;26.76;E0_1_1800m;5.00;153;153;9.53;26.91
0.00;300.00;1440.00;25.62;E0_0_1900m;5.00;120;121;7.85;25.69
0.00;300.00;1812.00;26.70;E0_1_1900m;5.00;151;151;9.43;26.86
0.00;300.00;1440.00;25.67;E0_0_2000m;5.00;120;120;7.79;25.74
0.00;300.00;1776.00;26.66;E0_1_2000m;5.00;148;148;9.25;26.82
0.00;300.00;1440.00;25.82;E0_0_2100m;5.00;120;121;7.76;25.99
0.00;300.00;1752.00;26.55;E0_1_2100m;5.00;146;147;9.22;26.69
0.00;300.00;1428.00;25.75;E0_0_2200m;5.00;119;119;7.70;25.85
0.00;300.00;1716.00;26.58;E0_1_2200m;5.00;143;143;8.97;26.71
0.00;300.00;1404.00;25.84;E0_0_2300m;5.00;117;118;7.59;25.94
0.00;300.00;1668.00;26.66;E0_1_2300m;5.00;139;140;8.71;26.81
0.00;300.00;1380.00;25.83;E0_0_2400m;5.00;115;115;7.42;25.94
0.00;300.00;1644.00;26.72;E0_1_2400m;5.00;137;137;8.54;26.87
0.00;300.00;1332.00;25.81;E0_0_2500m;5.00;111;111;7.17;25.92
0.00;300.00;1620.00;26.86;E0_1_2500m;5.00;135;135;8.38;27.01
0.00;300.00;1320.00;25.79;E0_0_2600m;5.00;110;110;7.11;25.90
0.00;300.00;1572.00;26.80;E0_1_2600m;5.00;131;131;8.15;26.95
0.00;300.00;1284.00;25.63;E0_0_2700m;5.00;107;107;6.96;25.76
0.00;300.00;1536.00;26.80;E0_1_2700m;5.00;128;128;7.96;26.95
0.00;300.00;1260.00;25.56;E0_0_2800m;5.00;105;105;6.85;25.70
0.00;300.00;1488.00;26.84;E0_1_2800m;5.00;124;124;7.70;27.00
0.00;300.00;1236.00;25.55;E0_0_2900m;5.00;103;103;6.72;25.72
0.00;300.00;1440.00;26.88;E0_1_2900m;5.00;120;120;7.44;27.04
0.00;300.00;1224.00;25.44;E0_0_3000m;5.00;102;102;6.68;25.62
0.00;300.00;1392.00;26.92;E0_1_3000m;5.00;116;116;7.18;27.09
0.00;300.00;1176.00;25.34;E0_0_3100m;5.00;98;98;6.45;25.53
0.00;300.00;1368.00;26.96;E0_1_3100m;5.00;114;114;7.05;27.13
0.00;300.00;1164.00;25.28;E0_0_3200m;5.00;97;97;6.39;25.49
0.00;300.00;1308.00;27.02;E0_1_3200m;5.00;109;109;6.72;27.19
0.00;300.00;1128.00;25.18;E0_0_3300m;5.00;94;95;6.26;25.40
0.00;300.00;1272.00;27.09;E0_1_3300m;5.00;106;106;6.52;27.26
0.00;300.00;1104.00;25.24;E0_0_3400m;5.00;92;92;6.08;25.47
0.00;300.00;1248.00;27.13;E0_1_3400m;5.00;104;104;6.39;27.31
0.00;300.00;1068.00;25.24;E0_0_3500m;5.00;89;89;5.88;25.49
0.00;300.00;1212.00;27.21;E0_1_3500m;5.00;101;101;6.19;27.38
0.00;300.00;1032.00;25.25;E0_0_3600m;5.00;86;86;5.68;25.50
0.00;300.00;1188.00;27.29;E0_1_3600m;5.00;99;99;6.05;27.46
0.00;300.00;1008.00;25.29;E0_0_3700m;5.00;84;84;5.54;25.57
0.00;300.00;1140.00;27.36;E0_1_3700m;5.00;95;95;5.79;27.52
0.00;300.00;984.00;25.28;E0_0_3800m;5.00;82;82;5.41;25.56
0.00;300.00;1104.00;27.51;E0_1_3800m;5.00;92;92;5.57;27.66
0.00;300.00;948.00;25.40;E0_0_3900m;5.00;79;79;5.18;25.69
0.00;300.00;1068.00;27.62;E0_1_3900m;5.00;89;89;5.37;27.78
0.00;300.00;924.00;25.49;E0_0_4000m;5.00;77;77;5.03;25.78
0.00;300.00;1032.00;27.91;E0_1_4000m;5.00;86;86;5.14;28.08
0.00;300.00;924.00;25.61;E0_0_4100m;5.00;77;77;5.01;25.93
0.00;300.00;972.00;28.15;E0_1_4100m;5.00;81;81;4.80;28.34
0.00;300.00;888.00;25.63;E0_0_4200m;5.00;74;74;4.81;25.95
0.00;300.00;948.00;28.43;E0_1_4200m;5.00;79;79;4.63;28.62
0.00;300.00;864.00;25.82;E0_0_4300m;5.00;72;72;4.65;26.15
0.00;300.00;912.00;28.62;E0_1_4300m;5.00;76;76;4.43;28.82
0.00;300.00;828.00;25.68;E0_0_4400m;5.00;69;69;4.48;26.02
0.00;300.00;876.00;28.79;E0_1_4400m;5.00;73;73;4.23;28.95
0.00;300.00;792.00;25.73;E0_0_4500m;5.00;66;66;4.28;26.08
0.00;300.00;840.00;28.95;E0_1_4500m;5.00;70;70;4.03;29.09
0.00;300.00;768.00;25.87;E0_0_4600m;5.00;64;65;4.13;26.23
0.00;300.00;792.00;29.20;E0_1_4600m;5.00;66;66;3.77;29.31
0.00;300.00;720.00;26.08;E0_0_4700m;5.00;60;60;3.83;26.42
0.00;300.00;768.00;29.46;E0_1_4700m;5.00;64;64;3.62;29.55
0.00;300.00;732.00;25.98;E0_0_4800m;5.00;61;61;3.91;26.31
0.00;300.00;744.00;29.65;E0_1_4800m;5.00;62;62;3.49;29.72
0.00;300.00;732.00;26.13;E0_0_4900m;5.00;61;61;3.89;26.48
0.00;300.00;744.00;29.60;E0_1_4900m;5.00;62;62;3.49;29.67
0.00;300.00;708.00;26.18;E0_0_5000m;5.00;59;59;3.76;26.52
0.00;300.00;768.00;29.43;E0_1_5000m;5.00;64;64;3.62;29.50
300.00;600.00;0.00;-1.00;E0_0_0m;-1.00;0;0;0.00;-1.00
300.00;600.00;0.00;-1.00;E0_1_0m;-1.00;0;0;0.00;-1.00
300.00;600.00;1788.00;25.85;E0_0_100m;5.00;149;149;9.61;26.00
300.00;600.00;2256.00;27.51;E0_1_100m;5.00;188;187;11.33;27.63
300.00;600.00;1848.00;25.83;E0_0_200m;5.00;154;154;9.94;26.00
300.00;600.00;2196.00;27.74;E0_1_200m;5.00;183;183;10.99;27.92
300.00;600.00;1872.00;25.53;E0_0_300m;5.00;156;157;10.24;25.70
300.00;600.00;2184.00;27.49;E0_1_300m;5.00;182;182;11.03;27.67
300.00;600.00;1872.00;25.26;E0_0_400m;5.00;156;155;10.29;25.43
300.00;600.00;2220.00;27.11;E0_1_400m;5.00;185;184;11.35;27.26
300.00;600.00;1860.00;24.93;E0_0_500m;5.00;155;155;10.36;25.12
300.00;600.00;2256.00;26.82;E0_1_500m;5.00;188;188;11.68;26.95
300.00;600.00;1884.00;24.80;E0_0_600m;5.00;157;157;10.55;24.99
300.00;600.00;2268.00;26.57;E0_1_600m;5.00;189;189;11.85;26.71
300.00;600.00;1908.00;24.47;E0_0_700m;5.00;159;158;10.79;24.68
300.00;600.00;2244.00;26.37;E0_1_700m;5.00;187;187;11.82;26.52
300.00;600.00;1908.00;24.36;E0_0_800m;5.00;159;159;10.88;24.58
300.00;600.00;2244.00;26.17;E0_1_800m;5.00;187;187;11.91;26.34
300.00;600.00;1932.00;24.31;E0_0_900m;5.00;161;160;11.03;24.52
300.00;600.00;2256.00;26.01;E0_1_900m;5.00;188;188;12.05;26.18
300.00;600.00;1896.00;24.52;E0_0_1000m;5.00;158;159;10.75;24.70
300.00;600.00;2280.00;25.83;E0_1_1000m;5.00;190;189;12.25;26.00
300.00;600.00;1932.00;24.44;E0_0_1100m;5.00;161;161;10.98;24.61
300.00;600.00;2268.00;25.76;E0_1_1100m;5.00;189;189;12.23;25.92
300.00;600.00;1908.00;24.44;E0_0_1200m;5.00;159;159;10.84;24.60
300.00;600.00;2280.00;25.73;E0_1_1200m;5.00;190;190;12.31;25.88
300.00;600.00;1908.00;24.38;E0_0_1300m;5.00;159;159;10.87;24.53
300.00;600.00;2292.00;25.73;E0_1_1300m;5.00;191;191;12.37;25.86
300.00;600.00;1872.00;24.36;E0_0_1400m;5.00;156;156;10.67;24.51
300.00;600.00;2316.00;25.72;E0_1_1400m;5.00;193;192;12.46;25.85
300.00;600.00;1872.00;24.32;E0_0_1500m;5.00;156;155;10.67;24.47
300.00;600.00;2292.00;25.82;E0_1_1500m;5.00;191;192;12.35;25.93
300.00;600.00;1848.00;24.36;E0_0_1600m;5.00;154;155;10.59;24.50
300.00;600.00;2292.00;25.80;E0_1_1600m;5.00;191;191;12.34;25.90
300.00;600.00;1812.00;24.32;E0_0_1700m;5.00;151;152;10.36;24.47
300.00;600.00;2292.00;25.78;E0_1_1700m;5.00;191;191;12.35;25.89
300.00;600.00;1824.00;24.34;E0_0_1800m;5.00;152;151;10.36;24.49
300.00;600.00;2268.00;25.91;E0_1_1800m;5.00;189;189;12.16;26.00
300.00;600.00;1800.00;24.37;E0_0_1900m;5.00;150;150;10.23;24.51
300.00;600.00;2292.00;25.94;E0_1_1900m;5.00;191;191;12.27;26.04
300.00;600.00;1788.00;24.35;E0_0_2000m;5.00;149;149;10.20;24.48
300.00;600.00;2280.00;26.02;E0_1_2000m;5.00;190;190;12.17;26.11
300.00;600.00;1788.00;24.35;E0_0_2100m;5.00;149;148;10.18;24.48
300.00;600.00;2244.00;26.08;E0_1_2100m;5.00;187;187;11.95;26.17
300.00;600.00;1752.00;24.43;E0_0_2200m;5.00;146;146;9.96;24.55
300.00;600.00;2244.00;26.16;E0_1_2200m;5.00;187;188;11.96;26.24
300.00;600.00;1752.00;24.36;E0_0_2300m;5.00;146;145;9.95;24.50
300.00;600.00;2244.00;26.18;E0_1_2300m;5.00;187;186;11.89;26.25
300.00;600.00;1752.00;24.29;E0_0_2400m;5.00;146;146;10.02;24.42
300.00;600.00;2220.00;26.14;E0_1_2400m;5.00;185;185;11.80;26.20
300.00;600.00;1740.00;24.07;E0_0_2500m;5.00;145;145;10.04;24.21
300.00;600.00;2244.00;26.14;E0_1_2500m;5.00;187;187;11.92;26.20
300.00;600.00;1728.00;23.93;E0_0_2600m;5.00;144;144;10.03;24.08
300.00;600.00;2268.00;26.24;E0_1_2600m;5.00;189;189;12.00;26.30
300.00;600.00;1788.00;23.86;E0_0_2700m;5.00;149;149;10.41;24.01
300.00;600.00;2280.00;26.24;E0_1_2700m;5.00;190;190;12.07;26.30
300.00;600.00;1812.00;23.76;E0_0_2800m;5.00;151;151;10.59;23.92
300.00;600.00;2328.00;26.10;E0_1_2800m;5.00;194;194;12.39;26.14
300.00;600.00;1848.00;23.71;E0_0_2900m;5.00;154;154;10.83;23.85
300.00;600.00;2364.00;26.00;E0_1_2900m;5.00;197;197;12.63;26.05
300.00;600.00;1836.00;23.86;E0_0_3000m;5.00;153;154;10.75;24.01
300.00;600.00;2364.00;25.97;E0_1_3000m;5.00;197;197;12.64;26.04
300.00;600.00;1860.00;23.98;E0_0_3100m;5.00;155;155;10.77;24.14
300.00;600.00;2376.00;26.05;E0_1_3100m;5.00;198;198;12.67;26.15
300.00;600.00;1872.00;24.04;E0_0_3200m;5.00;156;156;10.81;24.20
300.00;600.00;2364.00;26.06;E0_1_3200m;5.00;197;197;12.60;26.17
300.00;600.00;1884.00;24.06;E0_0_3300m;5.00;157;156;10.84;24.23
300.00;600.00;2352.00;26.06;E0_1_3300m;5.00;196;196;12.54;26.17
300.00;600.00;1860.00;24.12;E0_0_3400m;5.00;155;155;10.71;24.29
300.00;600.00;2352.00;26.15;E0_1_3400m;5.00;196;196;12.49;26.27
300.00;600.00;1872.00;24.10;E0_0_3500m;5.00;156;156;10.79;24.25
300.00;600.00;2340.00;26.19;E0_1_3500m;5.00;195;195;12.41;26.32
300.00;600.00;1872.00;24.17;E0_0_3600m;5.00;156;156;10.76;24.30
300.00;600.00;2328.00;26.11;E0_1_3600m;5.00;194;194;12.38;26.25
300.00;600.00;1860.00;24.23;E0_0_3700m;5.00;155;155;10.66;24.35
300.00;600.00;2340.00;26.04;E0_1_3700m;5.00;195;196;12.54;26.17
300.00;600.00;1836.00;24.10;E0_0_3800m;5.00;153;153;10.58;24.24
300.00;600.00;2364.00;26.06;E0_1_3800m;5.00;197;197;12.60;26.20
300.00;600.00;1860.00;24.04;E0_0_3900m;5.00;155;155;10.74;24.20
300.00;600.00;2352.00;26.14;E0_1_3900m;5.00;196;196;12.49;26.30
300.00;600.00;1836.00;24.00;E0_0_4000m;5.00;153;153;10.63;24.16
300.00;600.00;2364.00;26.16;E0_1_4000m;5.00;197;197;12.55;26.32
300.00;600.00;1848.00;24.07;E0_0_4100m;5.00;154;154;10.66;24.22
300.00;600.00;2364.00;26.12;E0_1_4100m;5.00;197;197;12.57;26.27
300.00;600.00;1824.00;24.26;E0_0_4200m;5.00;152;153;10.48;24.38
300.00;600.00;2364.00;25.96;E0_1_4200m;5.00;197;197;12.65;26.09
300.00;600.00;1824.00;24.48;E0_0_4300m;5.00;152;152;10.35;24.57
300.00;600.00;2400.00;25.90;E0_1_4300m;5.00;200;200;12.87;26.01
300.00;600.00;1836.00;24.70;E0_0_4400m;5.00;153;153;10.33;24.75
300.00;600.00;2436.00;25.81;E0_1_4400m;5.00;203;203;13.11;25.92
300.00;600.00;1848.00;24.61;E0_0_4500m;5.00;154;155;10.45;24.68
300.00;600.00;2448.00;25.84;E0_1_4500m;5.00;204;204;13.16;25.92
300.00;600.00;1884.00;24.40;E0_0_4600m;5.00;157;156;10.72;24.49
300.00;600.00;2460.00;25.80;E0_1_4600m;5.00;205;205;13.24;25.87
300.00;600.00;1932.00;24.38;E0_0_4700m;5.00;161;161;11.01;24.49
300.00;600.00;2472.00;25.86;E0_1_4700m;5.00;206;206;13.28;25.94
300.00;600.00;1944.00;24.43;E0_0_4800m;5.00;162;162;11.05;24.58
300.00;600.00;2424.00;25.87;E0_1_4800m;5.00;202;202;13.01;25.95
300.00;600.00;1944.00;24.41;E0_0_4900m;5.00;162;162;11.06;24.55
300.00;600.00;2352.00;25.82;E0_1_4900m;5.00;196;197;12.67;25.88
300.00;600.00;1920.00;24.43;E0_0_5000m;5.00;160;160;10.92;24.58
300.00;600.00;2340.00;25.82;E0_1_5000m;5.00;195;195;12.59;25.87
600.00;900.00;0.00;-1.00;E0_0_0m;-1.00;0;0;0.00;-1.00
600.00;900.00;0.00;-1.00;E0_1_0m;-1.00;0;0;0.00;-1.00
600.00;900.00;1836.00;25.67;E0_0_100m;5.00;153;153;9.94;25.84
600.00;900.00;2232.00;27.08;E0_1_100m;5.00;186;186;11.45;27.29
600.00;900.00;1860.00;25.65;E0_0_200m;5.00;155;156;10.09;25.82
600.00;900.00;2172.00;27.42;E0_1_200m;5.00;181;181;11.00;27.64
600.00;900.00;1860.00;25.53;E0_0_300m;5.00;155;155;10.12;25.68
600.00;900.00;2172.00;27.29;E0_1_300m;5.00;181;182;11.10;27.45
600.00;900.00;1836.00;25.53;E0_0_400m;5.00;153;153;9.99;25.66
600.00;900.00;2160.00;27.08;E0_1_400m;5.00;180;181;11.09;27.24
600.00;900.00;1800.00;25.46;E0_0_500m;5.00;150;150;9.82;25.63
600.00;900.00;2160.00;26.91;E0_1_500m;5.00;180;180;11.15;27.07
600.00;900.00;1764.00;25.35;E0_0_600m;5.00;147;147;9.67;25.53
600.00;900.00;2148.00;26.74;E0_1_600m;5.00;179;179;11.16;26.92
600.00;900.00;1752.00;25.23;E0_0_700m;5.00;146;146;9.64;25.40
600.00;900.00;2136.00;26.61;E0_1_700m;5.00;178;179;11.16;26.82
600.00;900.00;1740.00;25.24;E0_0_800m;5.00;145;145;9.57;25.42
600.00;900.00;2136.00;26.42;E0_1_800m;5.00;178;178;11.23;26.65
600.00;900.00;1728.00;25.13;E0_0_900m;5.00;144;144;9.55;25.32
600.00;900.00;2136.00;26.16;E0_1_900m;5.00;178;178;11.34;26.40
600.00;900.00;1740.00;25.03;E0_0_1000m;5.00;145;144;9.65;25.21
600.00;900.00;2148.00;25.89;E0_1_1000m;5.00;179;179;11.52;26.13
600.00;900.00;1716.00;24.96;E0_0_1100m;5.00;143;143;9.55;25.15
600.00;900.00;2136.00;25.58;E0_1_1100m;5.00;178;178;11.60;25.81
600.00;900.00;1716.00;24.74;E0_0_1200m;5.00;143;144;9.64;24.92
600.00;900.00;2136.00;25.39;E0_1_1200m;5.00;178;179;11.69;25.61
600.00;900.00;1704.00;24.48;E0_0_1300m;5.00;142;142;9.67;24.66
600.00;900.00;2136.00;25.10;E0_1_1300m;5.00;178;178;11.82;25.31
600.00;900.00;1704.00;24.25;E0_0_1400m;5.00;142;142;9.76;24.42
600.00;900.00;2136.00;24.79;E0_1_1400m;5.00;178;178;11.97;24.99
600.00;900.00;1704.00;24.08;E0_0_1500m;5.00;142;142;9.83;24.25
600.00;900.00;2172.00;24.63;E0_1_1500m;5.00;181;182;12.28;24.87
600.00;900.00;1740.00;23.91;E0_0_1600m;5.00;145;144;10.06;24.07
600.00;900.00;2172.00;24.45;E0_1_1600m;5.00;181;181;12.34;24.71
600.00;900.00;1752.00;23.72;E0_0_1700m;5.00;146;146;10.26;23.88
600.00;900.00;2148.00;24.26;E0_1_1700m;5.00;179;180;12.35;24.52
600.00;900.00;1752.00;23.60;E0_0_1800m;5.00;146;146;10.31;23.77
600.00;900.00;2148.00;24.09;E0_1_1800m;5.00;179;180;12.45;24.36
600.00;900.00;1716.00;23.46;E0_0_1900m;5.00;143;142;10.13;23.62
600.00;900.00;2184.00;24.06;E0_1_1900m;5.00;182;183;12.64;24.34
600.00;900.00;1716.00;23.42;E0_0_2000m;5.00;143;143;10.18;23.57
600.00;900.00;2172.00;23.96;E0_1_2000m;5.00;181;181;12.59;24.23
600.00;900.00;1704.00;23.34;E0_0_2100m;5.00;142;142;10.14;23.48
600.00;900.00;2172.00;23.85;E0_1_2100m;5.00;181;181;12.65;24.09
600.00;900.00;1716.00;23.34;E0_0_2200m;5.00;143;143;10.21;23.47
600.00;900.00;2172.00;23.76;E0_1_2200m;5.00;181;180;12.66;23.96
600.00;900.00;1728.00;23.32;E0_0_2300m;5.00;144;144;10.29;23.44
600.00;900.00;2172.00;23.73;E0_1_2300m;5.00;181;181;12.71;23.92
600.00;900.00;1728.00;23.30;E0_0_2400m;5.00;144;144;10.30;23.41
600.00;900.00;2160.00;23.71;E0_1_2400m;5.00;180;180;12.65;23.89
600.00;900.00;1728.00;23.24;E0_0_2500m;5.00;144;144;10.32;23.34
600.00;900.00;2160.00;23.70;E0_1_2500m;5.00;180;180;12.66;23.86
600.00;900.00;1728.00;23.24;E0_0_2600m;5.00;144;144;10.32;23.33
600.00;900.00;2136.00;23.63;E0_1_2600m;5.00;178;178;12.56;23.77
600.00;900.00;1716.00;23.23;E0_0_2700m;5.00;143;143;10.26;23.31
600.00;900.00;2100.00;23.58;E0_1_2700m;5.00;175;175;12.37;23.71
600.00;900.00;1680.00;23.22;E0_0_2800m;5.00;140;140;10.05;23.30
600.00;900.00;2052.00;23.57;E0_1_2800m;5.00;171;171;12.09;23.69
600.00;900.00;1632.00;23.22;E0_0_2900m;5.00;136;136;9.76;23.30
600.00;900.00;2028.00;23.60;E0_1_2900m;5.00;169;169;11.94;23.72
600.00;900.00;1668.00;23.29;E0_0_3000m;5.00;139;138;9.88;23.38
600.00;900.00;2004.00;23.66;E0_1_3000m;5.00;167;168;11.79;23.80
600.00;900.00;1644.00;23.35;E0_0_3100m;5.00;137;137;9.78;23.44
600.00;900.00;1992.00;23.73;E0_1_3100m;5.00;166;166;11.66;23.89
600.00;900.00;1644.00;23.40;E0_0_3200m;5.00;137;138;9.81;23.49
600.00;900.00;1980.00;23.84;E0_1_3200m;5.00;165;165;11.54;24.00
600.00;900.00;1644.00;23.43;E0_0_3300m;5.00;137;137;9.75;23.51
600.00;900.00;1992.00;23.95;E0_1_3300m;5.00;166;166;11.55;24.12
600.00;900.00;1656.00;23.44;E0_0_3400m;5.00;138;138;9.81;23.52
600.00;900.00;1992.00;24.00;E0_1_3400m;5.00;166;166;11.53;24.15
600.00;900.00;1656.00;23.46;E0_0_3500m;5.00;138;138;9.80;23.54
600.00;900.00;2004.00;23.98;E0_1_3500m;5.00;167;167;11.61;24.09
600.00;900.00;1644.00;23.41;E0_0_3600m;5.00;137;138;9.76;23.47
600.00;900.00;1992.00;23.95;E0_1_3600m;5.00;166;166;11.55;24.05
600.00;900.00;1632.00;23.46;E0_0_3700m;5.00;136;136;9.66;23.52
600.00;900.00;2004.00;23.96;E0_1_3700m;5.00;167;166;11.56;24.05
600.00;900.00;1632.00;23.53;E0_0_3800m;5.00;136;136;9.63;23.59
600.00;900.00;2004.00;24.03;E0_1_3800m;5.00;167;167;11.58;24.13
600.00;900.00;1632.00;23.63;E0_0_3900m;5.00;136;136;9.59;23.69
600.00;900.00;1992.00;24.13;E0_1_3900m;5.00;166;166;11.47;24.24
600.00;900.00;1632.00;23.77;E0_0_4000m;5.00;136;136;9.54;23.83
600.00;900.00;1980.00;24.19;E0_1_4000m;5.00;165;165;11.37;24.29
600.00;900.00;1596.00;23.73;E0_0_4100m;5.00;133;135;9.39;23.79
600.00;900.00;1980.00;24.31;E0_1_4100m;5.00;165;165;11.31;24.42
600.00;900.00;1632.00;23.77;E0_0_4200m;5.00;136;135;9.49;23.85
600.00;900.00;1980.00;24.41;E0_1_4200m;5.00;165;165;11.27;24.53
600.00;900.00;1644.00;23.66;E0_0_4300m;5.00;137;137;9.65;23.73
600.00;900.00;1992.00;24.40;E0_1_4300m;5.00;166;166;11.34;24.51
600.00;900.00;1632.00;23.66;E0_0_4400m;5.00;136;136;9.58;23.72
600.00;900.00;2028.00;24.43;E0_1_4400m;5.00;169;169;11.53;24.54
600.00;900.00;1644.00;23.68;E0_0_4500m;5.00;137;136;9.62;23.74
600.00;900.00;2064.00;24.47;E0_1_4500m;5.00;172;172;11.72;24.59
600.00;900.00;1644.00;23.66;E0_0_4600m;5.00;137;137;9.65;23.72
600.00;900.00;2088.00;24.52;E0_1_4600m;5.00;174;174;11.83;24.65
600.00;900.00;1656.00;23.72;E0_0_4700m;5.00;138;138;9.70;23.78
600.00;900.00;2088.00;24.55;E0_1_4700m;5.00;174;174;11.81;24.69
600.00;900.00;1620.00;23.67;E0_0_4800m;5.00;135;135;9.51;23.73
600.00;900.00;2160.00;24.68;E0_1_4800m;5.00;180;180;12.16;24.83
600.00;900.00;1632.00;23.92;E0_0_4900m;5.00;136;136;9.48;23.98
600.00;900.00;2172.00;24.82;E0_1_4900m;5.00;181;180;12.13;24.98
600.00;900.00;1620.00;23.95;E0_0_5000m;5.00;135;135;9.39;24.02
600.00;900.00;2148.00;24.94;E0_1_5000m;5.00;179;180;12.01;25.08
900.00;1200.00;0.00;-1.00;E0_0_0m;-1.00;0;0;0.00;-1.00
900.00;1200.00;0.00;-1.00;E0_1_0m;-1.00;0;0;0.00;-1.00
900.00;1200.00;1728.00;26.49;E0_0_100m;5.00;144;144;9.06;26.60
900.00;1200.00;2088.00;28.06;E0_1_100m;5.00;174;174;10.34;28.20
900.00;1200.00;1800.00;26.74;E0_0_200m;5.00;150;149;9.33;26.88
900.00;1200.00;2088.00;28.46;E0_1_200m;5.00;174;174;10.19;28.66
900.00;1200.00;1800.00;26.91;E0_0_300m;5.00;150;150;9.29;27.05
900.00;1200.00;2076.00;28.53;E0_1_300m;5.00;173;172;10.06;28.75
900.00;1200.00;1824.00;26.83;E0_0_400m;5.00;152;152;9.44;26.96
900.00;1200.00;2076.00;28.55;E0_1_400m;5.00;173;172;10.09;28.74
900.00;1200.00;1860.00;26.71;E0_0_500m;5.00;155;155;9.67;26.85
900.00;1200.00;2064.00;28.51;E0_1_500m;5.00;172;173;10.10;28.70
900.00;1200.00;1860.00;26.53;E0_0_600m;5.00;155;156;9.76;26.64
900.00;1200.00;2076.00;28.51;E0_1_600m;5.00;173;173;10.11;28.67
900.00;1200.00;1896.00;26.45;E0_0_700m;5.00;158;158;9.95;26.56
900.00;1200.00;2076.00;28.42;E0_1_700m;5.00;173;172;10.13;28.57
900.00;1200.00;1872.00;26.29;E0_0_800m;5.00;156;156;9.89;26.39
900.00;1200.00;2100.00;28.28;E0_1_800m;5.00;175;175;10.31;28.42
900.00;1200.00;1872.00;26.08;E0_0_900m;5.00;156;156;9.97;26.18
900.00;1200.00;2100.00;28.23;E0_1_900m;5.00;175;175;10.33;28.36
900.00;1200.00;1872.00;26.05;E0_0_1000m;5.00;156;156;9.98;26.15
900.00;1200.00;2088.00;28.15;E0_1_1000m;5.00;174;174;10.30;28.27
900.00;1200.00;1896.00;26.02;E0_0_1100m;5.00;158;158;10.12;26.12
900.00;1200.00;2112.00;28.11;E0_1_1100m;5.00;176;176;10.44;28.22
900.00;1200.00;1872.00;25.84;E0_0_1200m;5.00;156;155;10.06;25.94
900.00;1200.00;2136.00;28.17;E0_1_1200m;5.00;178;177;10.52;28.30
900.00;1200.00;1860.00;25.64;E0_0_1300m;5.00;155;155;10.07;25.76
900.00;1200.00;2124.00;28.18;E0_1_1300m;5.00;177;177;10.47;28.34
900.00;1200.00;1860.00;25.53;E0_0_1400m;5.00;155;156;10.14;25.66
900.00;1200.00;2136.00;28.02;E0_1_1400m;5.00;178;178;10.59;28.21
900.00;1200.00;1860.00;25.55;E0_0_1500m;5.00;155;155;10.11;25.71
900.00;1200.00;2112.00;27.73;E0_1_1500m;5.00;176;176;10.55;27.97
900.00;1200.00;1848.00;25.57;E0_0_1600m;5.00;154;154;10.04;25.73
900.00;1200.00;2100.00;27.53;E0_1_1600m;5.00;175;175;10.59;27.81
900.00;1200.00;1836.00;25.49;E0_0_1700m;5.00;153;153;10.00;25.65
900.00;1200.00;2148.00;27.27;E0_1_1700m;5.00;179;179;10.89;27.59
900.00;1200.00;1860.00;25.36;E0_0_1800m;5.00;155;155;10.18;25.52
900.00;1200.00;2172.00;27.05;E0_1_1800m;5.00;181;180;11.09;27.40
900.00;1200.00;1860.00;25.19;E0_0_1900m;5.00;155;155;10.26;25.33
900.00;1200.00;2232.00;26.84;E0_1_1900m;5.00;186;185;11.52;27.20
900.00;1200.00;1920.00;24.84;E0_0_2000m;5.00;160;161;10.74;25.00
900.00;1200.00;2220.00;26.41;E0_1_2000m;5.00;185;185;11.68;26.79
900.00;1200.00;1932.00;24.43;E0_0_2100m;5.00;161;161;10.98;24.62
900.00;1200.00;2244.00;25.99;E0_1_2100m;5.00;187;187;11.99;26.39
900.00;1200.00;1944.00;24.24;E0_0_2200m;5.00;162;162;11.14;24.43
900.00;1200.00;2268.00;25.61;E0_1_2200m;5.00;189;189;12.30;26.01
900.00;1200.00;1920.00;24.03;E0_0_2300m;5.00;160;160;11.10;24.20
900.00;1200.00;2292.00;25.29;E0_1_2300m;5.00;191;191;12.59;25.69
900.00;1200.00;1932.00;23.87;E0_0_2400m;5.00;161;161;11.24;24.05
900.00;1200.00;2316.00;25.00;E0_1_2400m;5.00;193;193;12.87;25.42
900.00;1200.00;1944.00;23.71;E0_0_2500m;5.00;162;163;11.40;23.88
900.00;1200.00;2364.00;24.80;E0_1_2500m;5.00;197;197;13.24;25.23
900.00;1200.00;1992.00;23.57;E0_0_2600m;5.00;166;166;11.74;23.73
900.00;1200.00;2364.00;24.61;E0_1_2600m;5.00;197;197;13.34;25.03
900.00;1200.00;1968.00;23.46;E0_0_2700m;5.00;164;164;11.65;23.62
900.00;1200.00;2400.00;24.34;E0_1_2700m;5.00;200;200;13.70;24.70
900.00;1200.00;1992.00;23.35;E0_0_2800m;5.00;166;166;11.85;23.51
900.00;1200.00;2412.00;24.09;E0_1_2800m;5.00;201;202;13.92;24.45
900.00;1200.00;2016.00;23.10;E0_0_2900m;5.00;168;168;12.12;23.31
900.00;1200.00;2424.00;23.89;E0_1_2900m;5.00;202;202;14.09;24.20
900.00;1200.00;2016.00;22.94;E0_0_3000m;5.00;168;168;12.21;23.17
900.00;1200.00;2436.00;23.74;E0_1_3000m;5.00;203;204;14.28;24.02
900.00;1200.00;2016.00;22.88;E0_0_3100m;5.00;168;168;12.24;23.09
900.00;1200.00;2448.00;23.65;E0_1_3100m;5.00;204;204;14.38;23.91
900.00;1200.00;2016.00;22.95;E0_0_3200m;5.00;168;167;12.14;23.12
900.00;1200.00;2460.00;23.57;E0_1_3200m;5.00;205;205;14.50;23.82
900.00;1200.00;2016.00;23.11;E0_0_3300m;5.00;168;168;12.11;23.25
900.00;1200.00;2448.00;23.51;E0_1_3300m;5.00;204;205;14.49;23.74
900.00;1200.00;2016.00;23.25;E0_0_3400m;5.00;168;168;12.04;23.39
900.00;1200.00;2460.00;23.50;E0_1_3400m;5.00;205;205;14.54;23.72
900.00;1200.00;2028.00;23.21;E0_0_3500m;5.00;169;169;12.14;23.34
900.00;1200.00;2448.00;23.47;E0_1_3500m;5.00;204;204;14.49;23.68
900.00;1200.00;2076.00;23.09;E0_0_3600m;5.00;173;172;12.48;23.21
900.00;1200.00;2472.00;23.37;E0_1_3600m;5.00;206;206;14.69;23.56
900.00;1200.00;2076.00;22.88;E0_0_3700m;5.00;173;174;12.65;23.01
900.00;1200.00;2472.00;23.37;E0_1_3700m;5.00;206;206;14.69;23.56
900.00;1200.00;2112.00;22.65;E0_0_3800m;5.00;176;176;12.95;22.78
900.00;1200.00;2448.00;23.21;E0_1_3800m;5.00;204;204;14.65;23.36
900.00;1200.00;2124.00;22.56;E0_0_3900m;5.00;177;178;13.08;22.69
900.00;1200.00;2448.00;23.08;E0_1_3900m;5.00;204;204;14.73;23.22
900.00;1200.00;2136.00;22.72;E0_0_4000m;5.00;178;178;13.06;22.82
900.00;1200.00;2460.00;23.01;E0_1_4000m;5.00;205;205;14.85;23.15
900.00;1200.00;2148.00;22.76;E0_0_4100m;5.00;179;178;13.11;22.85
900.00;1200.00;2460.00;22.98;E0_1_4100m;5.00;205;205;14.87;23.12
900.00;1200.00;2124.00;22.80;E0_0_4200m;5.00;177;177;12.94;22.89
900.00;1200.00;2460.00;22.98;E0_1_4200m;5.00;205;205;14.87;23.12
900.00;1200.00;2100.00;22.86;E0_0_4300m;5.00;175;175;12.76;22.94
900.00;1200.00;2424.00;23.02;E0_1_4300m;5.00;202;203;14.63;23.17
900.00;1200.00;2052.00;22.92;E0_0_4400m;5.00;171;171;12.44;23.00
900.00;1200.00;2400.00;23.11;E0_1_4400m;5.00;200;201;14.49;23.25
900.00;1200.00;2016.00;23.00;E0_0_4500m;5.00;168;168;12.17;23.09
900.00;1200.00;2376.00;23.22;E0_1_4500m;5.00;198;198;14.21;23.36
900.00;1200.00;2004.00;23.15;E0_0_4600m;5.00;167;167;12.02;23.24
900.00;1200.00;2352.00;23.35;E0_1_4600m;5.00;196;196;13.99;23.50
900.00;1200.00;1992.00;23.29;E0_0_4700m;5.00;166;166;11.88;23.38
900.00;1200.00;2352.00;23.53;E0_1_4700m;5.00;196;196;13.88;23.69
900.00;1200.00;1980.00;23.43;E0_0_4800m;5.00;165;165;11.73;23.52
900.00;1200.00;2316.00;23.68;E0_1_4800m;5.00;193;193;13.58;23.84
900.00;1200.00;1956.00;23.53;E0_0_4900m;5.00;163;163;11.54;23.62
900.00;1200.00;2316.00;23.88;E0_1_4900m;5.00;193;193;13.47;24.04
900.00;1200.00;1956.00;23.61;E0_0_5000m;5.00;163;164;11.55;23.69
900.00;1200.00;2340.00;24.15;E0_1_5000m;5.00;195;194;13.41;24.33
1200.00;1500.00;0.00;-1.00;E0_0_0m;-1.00;0;0;0.00;-1.00
1200.00;1500.00;0.00;-1.00;E0_1_0m;-1.00;0;0;0.00;-1.00
1200.00;1500.00;1908.00;26.47;E0_0_100m;5.00;159;160;10.03;26.58
1200.00;1500.00;2220.00;28.06;E0_1_100m;5.00;185;185;10.99;28.24
1200.00;1500.00;1908.00;26.27;E0_0_200m;5.00;159;159;10.09;26.40
1200.00;1500.00;2196.00;28.25;E0_1_200m;5.00;183;183;10.80;28.45
1200.00;1500.00;1860.00;26.11;E0_0_300m;5.00;155;155;9.89;26.26
1200.00;1500.00;2256.00;27.96;E0_1_300m;5.00;188;188;11.21;28.18
1200.00;1500.00;1848.00;26.00;E0_0_400m;5.00;154;154;9.87;26.16
1200.00;1500.00;2280.00;27.74;E0_1_400m;5.00;190;190;11.42;27.97
1200.00;1500.00;1824.00;25.89;E0_0_500m;5.00;152;152;9.79;26.05
1200.00;1500.00;2292.00;27.52;E0_1_500m;5.00;191;191;11.57;27.74
1200.00;1500.00;1848.00;25.73;E0_0_600m;5.00;154;153;9.96;25.90
1200.00;1500.00;2280.00;27.48;E0_1_600m;5.00;190;190;11.52;27.70
1200.00;1500.00;1884.00;25.53;E0_0_700m;5.00;157;157;10.25;25.71
1200.00;1500.00;2244.00;27.46;E0_1_700m;5.00;187;188;11.37;27.70
1200.00;1500.00;1872.00;25.44;E0_0_800m;5.00;156;157;10.24;25.63
1200.00;1500.00;2256.00;27.22;E0_1_800m;5.00;188;188;11.51;27.49
1200.00;1500.00;1860.00;25.55;E0_0_900m;5.00;155;155;10.11;25.72
1200.00;1500.00;2256.00;27.10;E0_1_900m;5.00;188;188;11.56;27.39
1200.00;1500.00;1812.00;25.67;E0_0_1000m;5.00;151;152;9.83;25.84
1200.00;1500.00;2280.00;26.96;E0_1_1000m;5.00;190;190;11.75;27.24
1200.00;1500.00;1788.00;25.66;E0_0_1100m;5.00;149;149;9.68;25.82
1200.00;1500.00;2280.00;26.87;E0_1_1100m;5.00;190;190;11.79;27.15
1200.00;1500.00;1836.00;25.71;E0_0_1200m;5.00;153;153;9.92;25.86
1200.00;1500.00;2280.00;26.83;E0_1_1200m;5.00;190;190;11.80;27.10
1200.00;1500.00;1884.00;25.69;E0_0_1300m;5.00;157;157;10.19;25.83
1200.00;1500.00;2268.00;26.79;E0_1_1300m;5.00;189;190;11.77;27.03
1200.00;1500.00;1896.00;25.50;E0_0_1400m;5.00;158;157;10.31;25.63
1200.00;1500.00;2292.00;26.68;E0_1_1400m;5.00;191;191;11.93;26.93
1200.00;1500.00;1944.00;25.38;E0_0_1500m;5.00;162;162;10.64;25.52
1200.00;1500.00;2268.00;26.52;E0_1_1500m;5.00;189;190;11.91;26.76
1200.00;1500.00;1956.00;25.20;E0_0_1600m;5.00;163;163;10.78;25.33
1200.00;1500.00;2280.00;26.35;E0_1_1600m;5.00;190;190;12.02;26.59
1200.00;1500.00;1920.00;25.03;E0_0_1700m;5.00;160;160;10.66;25.16
1200.00;1500.00;2304.00;26.29;E0_1_1700m;5.00;192;191;12.17;26.53
1200.00;1500.00;1920.00;25.00;E0_0_1800m;5.00;160;160;10.67;25.11
1200.00;1500.00;2316.00;26.32;E0_1_1800m;5.00;193;193;12.22;26.55
1200.00;1500.00;1896.00;25.02;E0_0_1900m;5.00;158;158;10.53;25.12
1200.00;1500.00;2280.00;26.35;E0_1_1900m;5.00;190;190;12.02;26.58
1200.00;1500.00;1848.00;25.06;E0_0_2000m;5.00;154;153;10.23;25.16
1200.00;1500.00;2292.00;26.54;E0_1_2000m;5.00;191;191;12.00;26.77
1200.00;1500.00;1860.00;25.23;E0_0_2100m;5.00;155;155;10.24;25.33
1200.00;1500.00;2244.00;26.72;E0_1_2100m;5.00;187;187;11.66;26.97
1200.00;1500.00;1860.00;25.35;E0_0_2200m;5.00;155;155;10.19;25.45
1200.00;1500.00;2220.00;26.93;E0_1_2200m;5.00;185;185;11.45;27.15
1200.00;1500.00;1884.00;25.50;E0_0_2300m;5.00;157;157;10.26;25.58
1200.00;1500.00;2208.00;27.14;E0_1_2300m;5.00;184;184;11.30;27.32
1200.00;1500.00;1860.00;25.47;E0_0_2400m;5.00;155;155;10.14;25.55
1200.00;1500.00;2220.00;27.39;E0_1_2400m;5.00;185;185;11.26;27.54
1200.00;1500.00;1836.00;25.49;E0_0_2500m;5.00;153;153;10.00;25.58
1200.00;1500.00;2208.00;27.51;E0_1_2500m;5.00;184;184;11.15;27.65
1200.00;1500.00;1812.00;25.55;E0_0_2600m;5.00;151;151;9.85;25.64
1200.00;1500.00;2208.00;27.69;E0_1_2600m;5.00;184;184;11.07;27.83
1200.00;1500.00;1824.00;25.66;E0_0_2700m;5.00;152;152;9.87;25.75
1200.00;1500.00;2184.00;27.93;E0_1_2700m;5.00;182;182;10.86;28.07
1200.00;1500.00;1824.00;25.69;E0_0_2800m;5.00;152;152;9.86;25.79
1200.00;1500.00;2172.00;28.16;E0_1_2800m;5.00;181;181;10.71;28.30
1200.00;1500.00;1812.00;25.49;E0_0_2900m;5.00;151;151;9.87;25.59
1200.00;1500.00;2160.00;28.23;E0_1_2900m;5.00;180;180;10.63;28.35
1200.00;1500.00;1764.00;25.39;E0_0_3000m;5.00;147;149;9.73;25.52
1200.00;1500.00;2196.00;28.23;E0_1_3000m;5.00;183;183;10.80;28.35
1200.00;1500.00;1764.00;25.40;E0_0_3100m;5.00;147;148;9.68;25.54
1200.00;1500.00;2184.00;28.27;E0_1_3100m;5.00;182;182;10.73;28.37
1200.00;1500.00;1788.00;25.62;E0_0_3200m;5.00;149;149;9.69;25.84
1200.00;1500.00;2172.00;28.36;E0_1_3200m;5.00;181;182;10.70;28.46
1200.00;1500.00;1788.00;25.61;E0_0_3300m;5.00;149;149;9.70;25.76
1200.00;1500.00;2172.00;28.48;E0_1_3300m;5.00;181;180;10.56;28.59
1200.00;1500.00;1776.00;25.69;E0_0_3400m;5.00;148;148;9.60;25.84
1200.00;1500.00;2172.00;28.49;E0_1_3400m;5.00;181;181;10.59;28.59
1200.00;1500.00;1740.00;25.72;E0_0_3500m;5.00;145;145;9.39;25.86
1200.00;1500.00;2184.00;28.44;E0_1_3500m;5.00;182;182;10.67;28.53
1200.00;1500.00;1716.00;25.76;E0_0_3600m;5.00;143;143;9.25;25.89
1200.00;1500.00;2160.00;28.41;E0_1_3600m;5.00;180;181;10.59;28.51
1200.00;1500.00;1740.00;25.77;E0_0_3700m;5.00;145;145;9.38;25.89
1200.00;1500.00;2148.00;28.34;E0_1_3700m;5.00;179;179;10.53;28.43
1200.00;1500.00;1728.00;25.74;E0_0_3800m;5.00;144;144;9.32;25.84
1200.00;1500.00;2136.00;28.27;E0_1_3800m;5.00;178;178;10.49;28.36
1200.00;1500.00;1752.00;25.83;E0_0_3900m;5.00;146;145;9.42;25.93
1200.00;1500.00;2112.00;28.10;E0_1_3900m;5.00;176;176;10.44;28.20
1200.00;1500.00;1764.00;25.70;E0_0_4000m;5.00;147;148;9.56;25.80
1200.00;1500.00;2112.00;27.97;E0_1_4000m;5.00;176;177;10.49;28.09
1200.00;1500.00;1788.00;25.67;E0_0_4100m;5.00;149;149;9.67;25.77
1200.00;1500.00;2148.00;27.97;E0_1_4100m;5.00;179;179;10.67;28.08
1200.00;1500.00;1812.00;25.48;E0_0_4200m;5.00;151;152;9.92;25.58
1200.00;1500.00;2160.00;28.02;E0_1_4200m;5.00;180;181;10.71;28.13
1200.00;1500.00;1872.00;25.60;E0_0_4300m;5.00;156;156;10.16;25.69
1200.00;1500.00;2160.00;27.97;E0_1_4300m;5.00;180;179;10.72;28.10
1200.00;1500.00;1872.00;25.62;E0_0_4400m;5.00;156;156;10.15;25.71
1200.00;1500.00;2208.00;27.76;E0_1_4400m;5.00;184;183;10.98;27.88
1200.00;1500.00;1884.00;25.57;E0_0_4500m;5.00;157;157;10.23;25.64
1200.00;1500.00;2232.00;27.69;E0_1_4500m;5.00;186;186;11.20;27.81
1200.00;1500.00;1884.00;25.54;E0_0_4600m;5.00;157;157;10.25;25.61
1200.00;1500.00;2208.00;27.59;E0_1_4600m;5.00;184;184;11.12;27.72
1200.00;1500.00;1848.00;25.51;E0_0_4700m;5.00;154;154;10.06;25.58
1200.00;1500.00;2196.00;27.54;E0_1_4700m;5.00;183;183;11.07;27.67
1200.00;1500.00;1836.00;25.50;E0_0_4800m;5.00;153;153;10.00;25.57
1200.00;1500.00;2208.00;27.53;E0_1_4800m;5.00;184;184;11.14;27.66
1200.00;1500.00;1836.00;25.50;E0_0_4900m;5.00;153;153;10.00;25.57
1200.00;1500.00;2208.00;27.55;E0_1_4900m;5.00;184;184;11.13;27.69
1200.00;1500.00;1836.00;25.53;E0_0_5000m;5.00;153;152;9.94;25.61
1200.00;1500.00;2184.00;27.59;E0_1_5000m;5.00;182;182;10.99;27.74
1500.00;1800.00;0.00;-1.00;E0_0_0m;-1.00;0;0;0.00;-1.00
1500.00;1800.00;0.00;-1.00;E0_1_0m;-1.00;0;0;0.00;-1.00
1500.00;1800.00;1980.00;25.67;E0_0_100m;5.00;165;166;10.76;25.82
1500.00;1800.00;2280.00;27.49;E0_1_100m;5.00;190;190;11.52;27.66
1500.00;1800.00;2004.00;25.48;E0_0_200m;5.00;167;167;10.92;25.65
1500.00;1800.00;2232.00;27.61;E0_1_200m;5.00;186;186;11.23;27.84
1500.00;1800.00;1992.00;25.34;E0_0_300m;5.00;166;166;10.92;25.49
1500.00;1800.00;2232.00;27.24;E0_1_300m;5.00;186;186;11.38;27.48
1500.00;1800.00;1956.00;25.14;E0_0_400m;5.00;163;164;10.86;25.30
1500.00;1800.00;2244.00;26.95;E0_1_400m;5.00;187;187;11.57;27.22
1500.00;1800.00;1944.00;24.80;E0_0_500m;5.00;162;162;10.89;24.97
1500.00;1800.00;2256.00;26.59;E0_1_500m;5.00;188;188;11.79;26.85
1500.00;1800.00;1932.00;24.60;E0_0_600m;5.00;161;161;10.91;24.80
1500.00;1800.00;2256.00;26.27;E0_1_600m;5.00;188;188;11.93;26.55
1500.00;1800.00;1944.00;24.43;E0_0_700m;5.00;162;162;11.05;24.62
1500.00;1800.00;2256.00;25.98;E0_1_700m;5.00;188;188;12.06;26.28
1500.00;1800.00;1956.00;24.00;E0_0_800m;5.00;163;163;11.32;24.24
1500.00;1800.00;2244.00;25.63;E0_1_800m;5.00;187;188;12.20;25.93
1500.00;1800.00;1944.00;23.58;E0_0_900m;5.00;162;163;11.49;23.83
1500.00;1800.00;2268.00;25.36;E0_1_900m;5.00;189;189;12.42;25.67
1500.00;1800.00;1980.00;23.44;E0_0_1000m;5.00;165;164;11.70;23.68
1500.00;1800.00;2268.00;25.16;E0_1_1000m;5.00;189;189;12.52;25.48
1500.00;1800.00;1980.00;23.46;E0_0_1100m;5.00;165;165;11.72;23.67
1500.00;1800.00;2256.00;25.04;E0_1_1100m;5.00;188;188;12.51;25.38
1500.00;1800.00;1944.00;23.52;E0_0_1200m;5.00;162;162;11.48;23.72
1500.00;1800.00;2244.00;24.98;E0_1_1200m;5.00;187;187;12.48;25.35
1500.00;1800.00;1920.00;23.60;E0_0_1300m;5.00;160;160;11.30;23.80
1500.00;1800.00;2244.00;24.97;E0_1_1300m;5.00;187;186;12.47;25.37
1500.00;1800.00;1908.00;23.80;E0_0_1400m;5.00;159;159;11.14;23.99
1500.00;1800.00;2244.00;24.93;E0_1_1400m;5.00;187;187;12.50;25.33
1500.00;1800.00;1872.00;23.86;E0_0_1500m;5.00;156;156;10.90;24.07
1500.00;1800.00;2256.00;24.90;E0_1_1500m;5.00;188;187;12.55;25.29
1500.00;1800.00;1848.00;23.77;E0_0_1600m;5.00;154;154;10.80;24.00
1500.00;1800.00;2268.00;24.86;E0_1_1600m;5.00;189;189;12.67;25.25
1500.00;1800.00;1860.00;23.74;E0_0_1700m;5.00;155;156;10.92;23.97
1500.00;1800.00;2268.00;24.83;E0_1_1700m;5.00;189;189;12.69;25.20
1500.00;1800.00;1824.00;23.76;E0_0_1800m;5.00;152;152;10.66;23.98
1500.00;1800.00;2244.00;24.80;E0_1_1800m;5.00;187;187;12.56;25.17
1500.00;1800.00;1836.00;23.86;E0_0_1900m;5.00;153;153;10.69;24.08
1500.00;1800.00;2232.00;24.81;E0_1_1900m;5.00;186;186;12.49;25.17
1500.00;1800.00;1848.00;23.97;E0_0_2000m;5.00;154;154;10.71;24.21
1500.00;1800.00;2208.00;24.80;E0_1_2000m;5.00;184;184;12.37;25.15
1500.00;1800.00;1860.00;23.96;E0_0_2100m;5.00;155;155;10.78;24.19
1500.00;1800.00;2208.00;24.83;E0_1_2100m;5.00;184;184;12.35;25.18
1500.00;1800.00;1836.00;24.00;E0_0_2200m;5.00;153;154;10.63;24.23
1500.00;1800.00;2208.00;24.87;E0_1_2200m;5.00;184;184;12.33;25.22
1500.00;1800.00;1812.00;24.08;E0_0_2300m;5.00;151;151;10.45;24.32
1500.00;1800.00;2220.00;24.94;E0_1_2300m;5.00;185;185;12.36;25.30
1500.00;1800.00;1812.00;24.12;E0_0_2400m;5.00;151;151;10.43;24.36
1500.00;1800.00;2220.00;25.03;E0_1_2400m;5.00;185;185;12.32;25.41
1500.00;1800.00;1812.00;24.12;E0_0_2500m;5.00;151;151;10.43;24.36
1500.00;1800.00;2208.00;25.09;E0_1_2500m;5.00;184;184;12.22;25.48
1500.00;1800.00;1812.00;24.11;E0_0_2600m;5.00;151;151;10.44;24.35
1500.00;1800.00;2172.00;25.16;E0_1_2600m;5.00;181;182;12.05;25.56
1500.00;1800.00;1788.00;24.11;E0_0_2700m;5.00;149;149;10.30;24.34
1500.00;1800.00;2196.00;25.22;E0_1_2700m;5.00;183;183;12.10;25.61
1500.00;1800.00;1752.00;24.29;E0_0_2800m;5.00;146;147;10.03;24.54
1500.00;1800.00;2196.00;25.24;E0_1_2800m;5.00;183;184;12.09;25.62
1500.00;1800.00;1740.00;24.36;E0_0_2900m;5.00;145;145;9.92;24.60
1500.00;1800.00;2196.00;25.34;E0_1_2900m;5.00;183;183;12.04;25.72
1500.00;1800.00;1764.00;24.30;E0_0_3000m;5.00;147;147;10.08;24.54
1500.00;1800.00;2172.00;25.37;E0_1_3000m;5.00;181;181;11.89;25.74
1500.00;1800.00;1800.00;24.15;E0_0_3100m;5.00;150;149;10.32;24.37
1500.00;1800.00;2160.00;25.42;E0_1_3100m;5.00;180;180;11.80;25.79
1500.00;1800.00;1824.00;23.95;E0_0_3200m;5.00;152;152;10.58;24.17
1500.00;1800.00;2184.00;25.49;E0_1_3200m;5.00;182;182;11.90;25.85
1500.00;1800.00;1836.00;23.88;E0_0_3300m;5.00;153;153;10.68;24.10
1500.00;1800.00;2172.00;25.60;E0_1_3300m;5.00;181;181;11.79;25.97
1500.00;1800.00;1848.00;23.83;E0_0_3400m;5.00;154;154;10.77;24.05
1500.00;1800.00;2148.00;25.66;E0_1_3400m;5.00;179;179;11.63;26.03
1500.00;1800.00;1860.00;23.77;E0_0_3500m;5.00;155;155;10.87;23.99
1500.00;1800.00;2136.00;25.80;E0_1_3500m;5.00;178;179;11.55;26.16
1500.00;1800.00;1836.00;23.68;E0_0_3600m;5.00;153;153;10.77;23.89
1500.00;1800.00;2160.00;25.95;E0_1_3600m;5.00;180;180;11.56;26.30
1500.00;1800.00;1848.00;23.68;E0_0_3700m;5.00;154;154;10.84;23.88
1500.00;1800.00;2136.00;26.06;E0_1_3700m;5.00;178;178;11.38;26.40
1500.00;1800.00;1836.00;23.72;E0_0_3800m;5.00;153;153;10.75;23.94
1500.00;1800.00;2148.00;26.14;E0_1_3800m;5.00;179;179;11.42;26.46
1500.00;1800.00;1836.00;23.74;E0_0_3900m;5.00;153;153;10.74;23.95
1500.00;1800.00;2136.00;26.23;E0_1_3900m;5.00;178;178;11.31;26.54
1500.00;1800.00;1812.00;23.78;E0_0_4000m;5.00;151;151;10.58;24.00
1500.00;1800.00;2136.00;26.31;E0_1_4000m;5.00;178;178;11.28;26.60
1500.00;1800.00;1788.00;23.85;E0_0_4100m;5.00;149;149;10.41;24.06
1500.00;1800.00;2100.00;26.40;E0_1_4100m;5.00;175;176;11.07;26.67
1500.00;1800.00;1764.00;23.93;E0_0_4200m;5.00;147;147;10.24;24.14
1500.00;1800.00;2088.00;26.54;E0_1_4200m;5.00;174;174;10.93;26.81
1500.00;1800.00;1716.00;23.89;E0_0_4300m;5.00;143;143;9.97;24.07
1500.00;1800.00;2052.00;26.58;E0_1_4300m;5.00;171;171;10.72;26.83
1500.00;1800.00;1668.00;23.87;E0_0_4400m;5.00;139;139;9.70;24.05
1500.00;1800.00;2052.00;26.64;E0_1_4400m;5.00;171;171;10.70;26.87
1500.00;1800.00;1644.00;23.77;E0_0_4500m;5.00;137;137;9.60;23.94
1500.00;1800.00;2016.00;26.76;E0_1_4500m;5.00;168;169;10.48;26.97
1500.00;1800.00;1632.00;23.67;E0_0_4600m;5.00;136;136;9.58;23.83
1500.00;1800.00;2016.00;26.89;E0_1_4600m;5.00;168;168;10.41;27.08
1500.00;1800.00;1644.00;23.69;E0_0_4700m;5.00;137;138;9.64;23.87
1500.00;1800.00;1980.00;27.06;E0_1_4700m;5.00;165;165;10.16;27.25
1500.00;1800.00;1656.00;23.68;E0_0_4800m;5.00;138;138;9.71;23.85
1500.00;1800.00;1956.00;27.22;E0_1_4800m;5.00;163;163;9.98;27.39
1500.00;1800.00;1644.00;23.70;E0_0_4900m;5.00;137;137;9.63;23.86
1500.00;1800.00;1956.00;27.41;E0_1_4900m;5.00;163;164;9.97;27.56
1500.00;1800.00;1656.00;23.75;E0_0_5000m;5.00;138;139;9.73;23.90
1500.00;1800.00;1944.00;27.55;E0_1_5000m;5.00;162;162;9.80;27.68
1800.00;2100.00;0.00;-1.00;E0_0_0m;-1.00;0;0;0.00;-1.00
1800.00;2100.00;0.00;-1.00;E0_1_0m;-1.00;0;0;0.00;-1.00
1800.00;2100.00;1668.00;25.91;E0_0_100m;5.00;139;138;8.89;26.05
1800.00;2100.00;2220.00;27.79;E0_1_100m;5.00;185;185;11.09;27.92
1800.00;2100.00;1716.00;25.87;E0_0_200m;5.00;143;143;9.21;26.05
1800.00;2100.00;2196.00;28.08;E0_1_200m;5.00;183;183;10.86;28.22
1800.00;2100.00;1716.00;25.77;E0_0_300m;5.00;143;144;9.30;25.96
1800.00;2100.00;2232.00;28.11;E0_1_300m;5.00;186;186;11.03;28.28
1800.00;2100.00;1716.00;25.75;E0_0_400m;5.00;143;143;9.25;25.93
1800.00;2100.00;2220.00;27.94;E0_1_400m;5.00;185;185;11.04;28.08
1800.00;2100.00;1704.00;25.75;E0_0_500m;5.00;142;142;9.19;25.92
1800.00;2100.00;2220.00;27.86;E0_1_500m;5.00;185;185;11.07;27.98
1800.00;2100.00;1692.00;25.65;E0_0_600m;5.00;141;141;9.16;25.81
1800.00;2100.00;2232.00;27.89;E0_1_600m;5.00;186;186;11.11;28.00
1800.00;2100.00;1608.00;25.71;E0_0_700m;5.00;134;134;8.69;25.86
1800.00;2100.00;2280.00;27.82;E0_1_700m;5.00;190;190;11.38;27.93
1800.00;2100.00;1608.00;25.83;E0_0_800m;5.00;134;134;8.64;25.98
1800.00;2100.00;2280.00;27.84;E0_1_800m;5.00;190;189;11.34;27.95
1800.00;2100.00;1608.00;25.86;E0_0_900m;5.00;134;136;8.70;26.00
1800.00;2100.00;2280.00;27.79;E0_1_900m;5.00;190;191;11.45;27.96
1800.00;2100.00;1620.00;25.77;E0_0_1000m;5.00;135;135;8.73;25.90
1800.00;2100.00;2280.00;27.84;E0_1_1000m;5.00;190;190;11.38;27.97
1800.00;2100.00;1632.00;25.60;E0_0_1100m;5.00;136;136;8.85;25.73
1800.00;2100.00;2280.00;27.71;E0_1_1100m;5.00;190;192;11.48;27.84
1800.00;2100.00;1644.00;25.41;E0_0_1200m;5.00;137;137;8.99;25.54
1800.00;2100.00;2292.00;27.57;E0_1_1200m;5.00;191;191;11.55;27.69
1800.00;2100.00;1644.00;25.46;E0_0_1300m;5.00;137;137;8.97;25.58
1800.00;2100.00;2292.00;27.47;E0_1_1300m;5.00;191;192;11.61;27.59
1800.00;2100.00;1644.00;25.38;E0_0_1400m;5.00;137;137;9.00;25.50
1800.00;2100.00;2268.00;27.56;E0_1_1400m;5.00;189;189;11.43;27.69
1800.00;2100.00;1596.00;25.30;E0_0_1500m;5.00;133;135;8.87;25.42
1800.00;2100.00;2316.00;27.70;E0_1_1500m;5.00;193;193;11.61;27.85
1800.00;2100.00;1608.00;25.33;E0_0_1600m;5.00;134;135;8.86;25.44
1800.00;2100.00;2316.00;27.71;E0_1_1600m;5.00;193;193;11.61;27.83
1800.00;2100.00;1644.00;25.23;E0_0_1700m;5.00;137;138;9.11;25.35
1800.00;2100.00;2280.00;27.70;E0_1_1700m;5.00;190;190;11.43;27.81
1800.00;2100.00;1692.00;25.07;E0_0_1800m;5.00;141;141;9.37;25.20
1800.00;2100.00;2292.00;27.57;E0_1_1800m;5.00;191;191;11.55;27.69
1800.00;2100.00;1716.00;24.88;E0_0_1900m;5.00;143;143;9.58;25.02
1800.00;2100.00;2304.00;27.37;E0_1_1900m;5.00;192;193;11.74;27.50
1800.00;2100.00;1716.00;24.77;E0_0_2000m;5.00;143;144;9.67;24.88
1800.00;2100.00;2328.00;27.19;E0_1_2000m;5.00;194;194;11.89;27.33
1800.00;2100.00;1704.00;24.76;E0_0_2100m;5.00;142;142;9.56;24.87
1800.00;2100.00;2328.00;27.03;E0_1_2100m;5.00;194;194;11.96;27.18
1800.00;2100.00;1740.00;24.64;E0_0_2200m;5.00;145;144;9.81;24.77
1800.00;2100.00;2304.00;26.89;E0_1_2200m;5.00;192;192;11.90;27.06
1800.00;2100.00;1716.00;24.61;E0_0_2300m;5.00;143;143;9.68;24.77
1800.00;2100.00;2316.00;26.79;E0_1_2300m;5.00;193;193;12.01;27.00
1800.00;2100.00;1704.00;24.44;E0_0_2400m;5.00;142;142;9.68;24.57
1800.00;2100.00;2376.00;26.71;E0_1_2400m;5.00;198;198;12.35;26.95
1800.00;2100.00;1716.00;24.33;E0_0_2500m;5.00;143;143;9.80;24.46
1800.00;2100.00;2400.00;26.63;E0_1_2500m;5.00;200;200;12.52;26.87
1800.00;2100.00;1788.00;24.34;E0_0_2600m;5.00;149;149;10.20;24.47
1800.00;2100.00;2388.00;26.46;E0_1_2600m;5.00;199;198;12.48;26.69
1800.00;2100.00;1824.00;24.31;E0_0_2700m;5.00;152;152;10.42;24.44
1800.00;2100.00;2352.00;26.37;E0_1_2700m;5.00;196;197;12.44;26.60
1800.00;2100.00;1860.00;24.22;E0_0_2800m;5.00;155;154;10.65;24.34
1800.00;2100.00;2388.00;26.23;E0_1_2800m;5.00;199;198;12.64;26.46
1800.00;2100.00;1896.00;24.21;E0_0_2900m;5.00;158;158;10.88;24.33
1800.00;2100.00;2412.00;26.09;E0_1_2900m;5.00;201;201;12.84;26.30
1800.00;2100.00;1920.00;24.24;E0_0_3000m;5.00;160;160;11.00;24.36
1800.00;2100.00;2412.00;25.93;E0_1_3000m;5.00;201;201;12.92;26.14
1800.00;2100.00;1908.00;24.07;E0_0_3100m;5.00;159;159;11.01;24.16
1800.00;2100.00;2412.00;25.72;E0_1_3100m;5.00;201;202;13.03;25.91
1800.00;2100.00;1884.00;24.00;E0_0_3200m;5.00;157;157;10.90;24.08
1800.00;2100.00;2400.00;25.49;E0_1_3200m;5.00;200;200;13.08;25.67
1800.00;2100.00;1908.00;23.87;E0_0_3300m;5.00;159;159;11.10;23.96
1800.00;2100.00;2388.00;25.36;E0_1_3300m;5.00;199;199;13.08;25.54
1800.00;2100.00;1908.00;23.74;E0_0_3400m;5.00;159;159;11.16;23.82
1800.00;2100.00;2400.00;25.23;E0_1_3400m;5.00;200;200;13.21;25.41
1800.00;2100.00;1932.00;23.70;E0_0_3500m;5.00;161;161;11.32;23.78
1800.00;2100.00;2424.00;25.12;E0_1_3500m;5.00;202;201;13.35;25.31
1800.00;2100.00;1956.00;23.60;E0_0_3600m;5.00;163;163;11.51;23.67
1800.00;2100.00;2448.00;25.05;E0_1_3600m;5.00;204;204;13.57;25.25
1800.00;2100.00;1968.00;23.58;E0_0_3700m;5.00;164;164;11.59;23.66
1800.00;2100.00;2460.00;25.00;E0_1_3700m;5.00;205;205;13.67;25.21
1800.00;2100.00;1992.00;23.50;E0_0_3800m;5.00;166;166;11.77;23.58
1800.00;2100.00;2472.00;24.90;E0_1_3800m;5.00;206;206;13.79;25.10
1800.00;2100.00;2028.00;23.45;E0_0_3900m;5.00;169;169;12.01;23.52
1800.00;2100.00;2472.00;24.87;E0_1_3900m;5.00;206;206;13.81;25.07
1800.00;2100.00;2064.00;23.40;E0_0_4000m;5.00;172;172;12.25;23.46
1800.00;2100.00;2460.00;24.81;E0_1_4000m;5.00;205;205;13.77;25.02
1800.00;2100.00;2076.00;23.39;E0_0_4100m;5.00;173;174;12.35;23.47
1800.00;2100.00;2448.00;24.62;E0_1_4100m;5.00;204;203;13.78;24.83
1800.00;2100.00;2100.00;23.35;E0_0_4200m;5.00;175;175;12.49;23.42
1800.00;2100.00;2460.00;24.43;E0_1_4200m;5.00;205;205;13.99;24.62
1800.00;2100.00;2100.00;23.32;E0_0_4300m;5.00;175;175;12.51;23.39
1800.00;2100.00;2472.00;24.29;E0_1_4300m;5.00;206;206;14.13;24.46
1800.00;2100.00;2100.00;23.27;E0_0_4400m;5.00;175;175;12.53;23.33
1800.00;2100.00;2472.00;24.21;E0_1_4400m;5.00;206;206;14.18;24.36
1800.00;2100.00;2112.00;23.23;E0_0_4500m;5.00;176;176;12.63;23.29
1800.00;2100.00;2472.00;24.13;E0_1_4500m;5.00;206;205;14.21;24.29
1800.00;2100.00;2100.00;23.22;E0_0_4600m;5.00;175;175;12.56;23.29
1800.00;2100.00;2496.00;24.16;E0_1_4600m;5.00;208;208;14.35;24.32
1800.00;2100.00;2112.00;23.25;E0_0_4700m;5.00;176;175;12.62;23.32
1800.00;2100.00;2496.00;24.15;E0_1_4700m;5.00;208;208;14.36;24.31
1800.00;2100.00;2124.00;23.26;E0_0_4800m;5.00;177;177;12.68;23.33
1800.00;2100.00;2484.00;24.05;E0_1_4800m;5.00;207;207;14.34;24.19
1800.00;2100.00;2112.00;23.23;E0_0_4900m;5.00;176;176;12.63;23.31
1800.00;2100.00;2520.00;24.04;E0_1_4900m;5.00;210;209;14.50;24.17
1800.00;2100.00;2160.00;23.33;E0_0_5000m;5.00;180;179;12.82;23.40
1800.00;2100.00;2544.00;24.15;E0_1_5000m;5.00;212;212;14.63;24.29
2100.00;2400.00;0.00;-1.00;E0_0_0m;-1.00;0;0;0.00;-1.00
2100.00;2400.00;0.00;-1.00;E0_1_0m;-1.00;0;0;0.00;-1.00
2100.00;2400.00;1848.00;26.65;E0_0_100m;5.00;154;154;9.63;26.77
2100.00;2400.00;2124.00;28.30;E0_1_100m;5.00;177;177;10.42;28.42
2100.00;2400.00;1812.00;26.62;E0_0_200m;5.00;151;151;9.45;26.75
2100.00;2400.00;2124.00;28.45;E0_1_200m;5.00;177;177;10.37;28.57
2100.00;2400.00;1812.00;26.43;E0_0_300m;5.00;151;152;9.53;26.55
2100.00;2400.00;2100.00;28.27;E0_1_300m;5.00;175;175;10.32;28.39
2100.00;2400.00;1848.00;26.18;E0_0_400m;5.00;154;154;9.80;26.30
2100.00;2400.00;2088.00;28.18;E0_1_400m;5.00;174;174;10.29;28.30
2100.00;2400.00;1872.00;25.96;E0_0_500m;5.00;156;156;10.01;26.09
2100.00;2400.00;2088.00;28.02;E0_1_500m;5.00;174;174;10.35;28.14
2100.00;2400.00;1896.00;25.67;E0_0_600m;5.00;158;158;10.26;25.80
2100.00;2400.00;2124.00;27.85;E0_1_600m;5.00;177;177;10.59;27.96
2100.00;2400.00;1860.00;25.48;E0_0_700m;5.00;155;155;10.14;25.61
2100.00;2400.00;2172.00;27.57;E0_1_700m;5.00;181;181;10.94;27.66
2100.00;2400.00;1860.00;25.47;E0_0_800m;5.00;155;155;10.14;25.61
2100.00;2400.00;2184.00;27.40;E0_1_800m;5.00;182;182;11.07;27.49
2100.00;2400.00;1860.00;25.45;E0_0_900m;5.00;155;154;10.09;25.59
2100.00;2400.00;2184.00;27.30;E0_1_900m;5.00;182;181;11.06;27.39
2100.00;2400.00;1836.00;25.32;E0_0_1000m;5.00;153;153;10.07;25.45
2100.00;2400.00;2208.00;27.24;E0_1_1000m;5.00;184;184;11.26;27.34
2100.00;2400.00;1860.00;25.31;E0_0_1100m;5.00;155;156;10.21;25.47
2100.00;2400.00;2184.00;27.17;E0_1_1100m;5.00;182;182;11.19;27.28
2100.00;2400.00;1860.00;25.32;E0_0_1200m;5.00;155;155;10.20;25.46
2100.00;2400.00;2160.00;27.13;E0_1_1200m;5.00;180;181;11.11;27.24
2100.00;2400.00;1836.00;25.24;E0_0_1300m;5.00;153;154;10.16;25.37
2100.00;2400.00;2172.00;27.06;E0_1_1300m;5.00;181;182;11.19;27.16
2100.00;2400.00;1812.00;25.20;E0_0_1400m;5.00;151;153;10.05;25.32
2100.00;2400.00;2184.00;27.06;E0_1_1400m;5.00;182;183;11.27;27.17
2100.00;2400.00;1800.00;25.22;E0_0_1500m;5.00;150;149;9.86;25.32
2100.00;2400.00;2208.00;26.92;E0_1_1500m;5.00;184;185;11.40;27.01
2100.00;2400.00;1788.00;25.14;E0_0_1600m;5.00;149;149;9.88;25.24
2100.00;2400.00;2196.00;26.92;E0_1_1600m;5.00;183;183;11.33;27.01
2100.00;2400.00;1764.00;24.99;E0_0_1700m;5.00;147;146;9.74;25.08
2100.00;2400.00;2196.00;26.84;E0_1_1700m;5.00;183;183;11.36;26.93
2100.00;2400.00;1752.00;25.04;E0_0_1800m;5.00;146;146;9.72;25.13
2100.00;2400.00;2148.00;26.79;E0_1_1800m;5.00;179;179;11.14;26.87
2100.00;2400.00;1728.00;24.98;E0_0_1900m;5.00;144;144;9.61;25.08
2100.00;2400.00;2184.00;26.75;E0_1_1900m;5.00;182;182;11.34;26.82
2100.00;2400.00;1740.00;24.85;E0_0_2000m;5.00;145;145;9.73;24.95
2100.00;2400.00;2220.00;26.75;E0_1_2000m;5.00;185;185;11.53;26.82
2100.00;2400.00;1800.00;24.74;E0_0_2100m;5.00;150;150;10.10;24.84
2100.00;2400.00;2232.00;26.76;E0_1_2100m;5.00;186;186;11.58;26.84
2100.00;2400.00;1776.00;24.75;E0_0_2200m;5.00;148;149;10.02;24.84
2100.00;2400.00;2244.00;26.80;E0_1_2200m;5.00;187;187;11.63;26.89
2100.00;2400.00;1776.00;24.73;E0_0_2300m;5.00;148;149;10.00;24.81
2100.00;2400.00;2256.00;26.98;E0_1_2300m;5.00;188;188;11.61;27.06
2100.00;2400.00;1788.00;24.80;E0_0_2400m;5.00;149;149;10.01;24.89
2100.00;2400.00;2208.00;27.24;E0_1_2400m;5.00;184;185;11.29;27.35
2100.00;2400.00;1764.00;24.87;E0_0_2500m;5.00;147;147;9.85;24.94
2100.00;2400.00;2172.00;27.41;E0_1_2500m;5.00;181;181;11.01;27.53
2100.00;2400.00;1752.00;24.87;E0_0_2600m;5.00;146;146;9.79;24.94
2100.00;2400.00;2136.00;27.52;E0_1_2600m;5.00;178;178;10.78;27.65
2100.00;2400.00;1740.00;24.82;E0_0_2700m;5.00;145;145;9.74;24.89
2100.00;2400.00;2148.00;27.44;E0_1_2700m;5.00;179;178;10.82;27.55
2100.00;2400.00;1728.00;24.79;E0_0_2800m;5.00;144;144;9.68;24.87
2100.00;2400.00;2148.00;27.32;E0_1_2800m;5.00;179;179;10.92;27.41
2100.00;2400.00;1704.00;24.79;E0_0_2900m;5.00;142;142;9.55;24.88
2100.00;2400.00;2124.00;27.26;E0_1_2900m;5.00;177;177;10.82;27.35
2100.00;2400.00;1692.00;24.78;E0_0_3000m;5.00;141;141;9.48;24.88
2100.00;2400.00;2100.00;27.31;E0_1_3000m;5.00;175;175;10.68;27.41
2100.00;2400.00;1680.00;24.75;E0_0_3100m;5.00;140;140;9.43;24.85
2100.00;2400.00;2100.00;27.33;E0_1_3100m;5.00;175;174;10.66;27.44
2100.00;2400.00;1668.00;24.75;E0_0_3200m;5.00;139;140;9.37;24.85
2100.00;2400.00;2088.00;27.33;E0_1_3200m;5.00;174;174;10.61;27.44
2100.00;2400.00;1632.00;24.82;E0_0_3300m;5.00;136;137;9.19;24.93
2100.00;2400.00;2124.00;27.48;E0_1_3300m;5.00;177;177;10.74;27.59
2100.00;2400.00;1692.00;24.96;E0_0_3400m;5.00;141;141;9.41;25.07
2100.00;2400.00;2124.00;27.58;E0_1_3400m;5.00;177;177;10.70;27.71
2100.00;2400.00;1692.00;25.02;E0_0_3500m;5.00;141;141;9.39;25.13
2100.00;2400.00;2148.00;27.59;E0_1_3500m;5.00;179;179;10.81;27.73
2100.00;2400.00;1740.00;24.99;E0_0_3600m;5.00;145;145;9.67;25.10
2100.00;2400.00;2124.00;27.57;E0_1_3600m;5.00;177;177;10.70;27.70
2100.00;2400.00;1740.00;24.88;E0_0_3700m;5.00;145;145;9.71;24.99
2100.00;2400.00;2160.00;27.52;E0_1_3700m;5.00;180;180;10.90;27.64
2100.00;2400.00;1716.00;24.85;E0_0_3800m;5.00;143;143;9.59;24.95
2100.00;2400.00;2172.00;27.50;E0_1_3800m;5.00;181;181;10.97;27.61
2100.00;2400.00;1692.00;24.85;E0_0_3900m;5.00;141;141;9.46;24.95
2100.00;2400.00;2196.00;27.40;E0_1_3900m;5.00;183;184;11.16;27.51
2100.00;2400.00;1656.00;24.76;E0_0_4000m;5.00;138;138;9.29;24.86
2100.00;2400.00;2244.00;27.35;E0_1_4000m;5.00;187;187;11.39;27.44
2100.00;2400.00;1680.00;24.65;E0_0_4100m;5.00;140;139;9.45;24.77
2100.00;2400.00;2256.00;27.40;E0_1_4100m;5.00;188;188;11.43;27.49
2100.00;2400.00;1668.00;24.57;E0_0_4200m;5.00;139;139;9.43;24.68
2100.00;2400.00;2256.00;27.54;E0_1_4200m;5.00;188;188;11.38;27.62
2100.00;2400.00;1668.00;24.61;E0_0_4300m;5.00;139;140;9.46;24.73
2100.00;2400.00;2256.00;27.65;E0_1_4300m;5.00;188;188;11.33;27.73
2100.00;2400.00;1704.00;24.66;E0_0_4400m;5.00;142;144;9.64;24.76
2100.00;2400.00;2232.00;27.66;E0_1_4400m;5.00;186;187;11.24;27.77
2100.00;2400.00;1704.00;24.52;E0_0_4500m;5.00;142;143;9.71;24.61
2100.00;2400.00;2244.00;27.65;E0_1_4500m;5.00;187;188;11.33;27.73
2100.00;2400.00;1752.00;24.44;E0_0_4600m;5.00;146;146;9.96;24.54
2100.00;2400.00;2208.00;27.58;E0_1_4600m;5.00;184;184;11.12;27.67
2100.00;2400.00;1752.00;24.39;E0_0_4700m;5.00;146;146;9.98;24.50
2100.00;2400.00;2220.00;27.51;E0_1_4700m;5.00;185;185;11.21;27.60
2100.00;2400.00;1800.00;24.49;E0_0_4800m;5.00;150;150;10.21;24.59
2100.00;2400.00;2244.00;27.49;E0_1_4800m;5.00;187;187;11.34;27.60
2100.00;2400.00;1824.00;24.53;E0_0_4900m;5.00;152;152;10.33;24.62
2100.00;2400.00;2244.00;27.53;E0_1_4900m;5.00;187;187;11.32;27.64
2100.00;2400.00;1764.00;24.51;E0_0_5000m;5.00;147;147;10.00;24.62
2100.00;2400.00;2232.00;27.45;E0_1_5000m;5.00;186;186;11.29;27.56
2400.00;2700.00;0.00;-1.00;E0_0_0m;-1.00;0;0;0.00;-1.00
2400.00;2700.00;0.00;-1.00;E0_1_0m;-1.00;0;0;0.00;-1.00
2400.00;2700.00;2136.00;25.35;E0_0_100m;5.00;178;178;11.70;25.49
2400.00;2700.00;2208.00;27.56;E0_1_100m;5.00;184;185;11.16;27.71
2400.00;2700.00;2160.00;25.17;E0_0_200m;5.00;180;180;11.92;25.33
2400.00;2700.00;2220.00;28.02;E0_1_200m;5.00;185;185;11.00;28.17
2400.00;2700.00;2172.00;24.98;E0_0_300m;5.00;181;182;12.11;25.13
2400.00;2700.00;2184.00;27.88;E0_1_300m;5.00;182;182;10.88;28.02
2400.00;2700.00;2148.00;24.83;E0_0_400m;5.00;179;179;12.02;24.96
2400.00;2700.00;2208.00;27.69;E0_1_400m;5.00;184;185;11.10;27.82
2400.00;2700.00;2100.00;24.56;E0_0_500m;5.00;175;175;11.88;24.68
2400.00;2700.00;2232.00;27.50;E0_1_500m;5.00;186;186;11.27;27.63
2400.00;2700.00;2064.00;24.47;E0_0_600m;5.00;172;172;11.72;24.59
2400.00;2700.00;2208.00;27.36;E0_1_600m;5.00;184;184;11.21;27.50
2400.00;2700.00;1992.00;24.51;E0_0_700m;5.00;166;168;11.33;24.63
2400.00;2700.00;2256.00;27.24;E0_1_700m;5.00;188;188;11.50;27.41
2400.00;2700.00;1968.00;24.38;E0_0_800m;5.00;164;165;11.22;24.50
2400.00;2700.00;2256.00;27.18;E0_1_800m;5.00;188;188;11.53;27.35
2400.00;2700.00;1956.00;24.28;E0_0_900m;5.00;163;163;11.19;24.39
2400.00;2700.00;2244.00;27.00;E0_1_900m;5.00;187;188;11.55;27.17
2400.00;2700.00;1920.00;24.23;E0_0_1000m;5.00;160;160;11.01;24.33
2400.00;2700.00;2256.00;26.76;E0_1_1000m;5.00;188;188;11.71;26.92
2400.00;2700.00;1884.00;24.17;E0_0_1100m;5.00;157;156;10.82;24.27
2400.00;2700.00;2268.00;26.57;E0_1_1100m;5.00;189;189;11.86;26.72
2400.00;2700.00;1896.00;24.19;E0_0_1200m;5.00;158;158;10.89;24.29
2400.00;2700.00;2256.00;26.35;E0_1_1200m;5.00;188;187;11.84;26.52
2400.00;2700.00;1872.00;24.12;E0_0_1300m;5.00;156;155;10.73;24.21
2400.00;2700.00;2292.00;26.16;E0_1_1300m;5.00;191;190;12.12;26.34
2400.00;2700.00;1848.00;23.93;E0_0_1400m;5.00;154;153;10.72;24.02
2400.00;2700.00;2328.00;26.01;E0_1_1400m;5.00;194;193;12.37;26.20
2400.00;2700.00;1836.00;23.85;E0_0_1500m;5.00;153;153;10.69;23.93
2400.00;2700.00;2340.00;25.96;E0_1_1500m;5.00;195;194;12.51;26.14
2400.00;2700.00;1884.00;23.88;E0_0_1600m;5.00;157;157;10.96;23.95
2400.00;2700.00;2340.00;25.89;E0_1_1600m;5.00;195;195;12.55;26.08
2400.00;2700.00;1896.00;23.90;E0_0_1700m;5.00;158;158;11.02;23.96
2400.00;2700.00;2340.00;25.81;E0_1_1700m;5.00;195;195;12.59;26.00
2400.00;2700.00;1884.00;23.91;E0_0_1800m;5.00;157;157;10.94;23.97
2400.00;2700.00;2364.00;25.80;E0_1_1800m;5.00;197;197;12.73;25.99
2400.00;2700.00;1860.00;23.81;E0_0_1900m;5.00;155;156;10.86;23.86
2400.00;2700.00;2340.00;25.72;E0_1_1900m;5.00;195;195;12.63;25.92
2400.00;2700.00;1848.00;23.80;E0_0_2000m;5.00;154;155;10.82;23.86
2400.00;2700.00;2316.00;25.59;E0_1_2000m;5.00;193;193;12.57;25.77
2400.00;2700.00;1788.00;23.82;E0_0_2100m;5.00;149;150;10.45;23.87
2400.00;2700.00;2304.00;25.44;E0_1_2100m;5.00;192;192;12.58;25.61
2400.00;2700.00;1788.00;23.75;E0_0_2200m;5.00;149;149;10.42;23.80
2400.00;2700.00;2316.00;25.46;E0_1_2200m;5.00;193;193;12.63;25.62
2400.00;2700.00;1812.00;23.77;E0_0_2300m;5.00;151;150;10.57;23.83
2400.00;2700.00;2280.00;25.43;E0_1_2300m;5.00;190;191;12.47;25.59
2400.00;2700.00;1824.00;23.87;E0_0_2400m;5.00;152;152;10.61;23.94
2400.00;2700.00;2256.00;25.31;E0_1_2400m;5.00;188;189;12.38;25.48
2400.00;2700.00;1836.00;23.85;E0_0_2500m;5.00;153;153;10.69;23.91
2400.00;2700.00;2268.00;25.15;E0_1_2500m;5.00;189;190;12.57;25.34
2400.00;2700.00;1872.00;23.78;E0_0_2600m;5.00;156;156;10.93;23.84
2400.00;2700.00;2268.00;25.07;E0_1_2600m;5.00;189;189;12.56;25.28
2400.00;2700.00;1848.00;23.77;E0_0_2700m;5.00;154;155;10.83;23.83
2400.00;2700.00;2280.00;25.03;E0_1_2700m;5.00;190;190;12.65;25.24
2400.00;2700.00;1812.00;23.82;E0_0_2800m;5.00;151;152;10.60;23.88
2400.00;2700.00;2280.00;24.99;E0_1_2800m;5.00;190;190;12.67;25.19
2400.00;2700.00;1812.00;23.76;E0_0_2900m;5.00;151;151;10.59;23.81
2400.00;2700.00;2280.00;25.00;E0_1_2900m;5.00;190;190;12.67;25.20
2400.00;2700.00;1824.00;23.78;E0_0_3000m;5.00;152;152;10.65;23.83
2400.00;2700.00;2268.00;24.92;E0_1_3000m;5.00;189;189;12.64;25.14
2400.00;2700.00;1848.00;23.77;E0_0_3100m;5.00;154;155;10.83;23.81
2400.00;2700.00;2280.00;24.77;E0_1_3100m;5.00;190;190;12.78;24.98
2400.00;2700.00;1860.00;23.75;E0_0_3200m;5.00;155;154;10.87;23.78
2400.00;2700.00;2280.00;24.68;E0_1_3200m;5.00;190;190;12.83;24.86
2400.00;2700.00;1836.00;23.72;E0_0_3300m;5.00;153;154;10.79;23.75
2400.00;2700.00;2280.00;24.60;E0_1_3300m;5.00;190;191;12.88;24.76
2400.00;2700.00;1776.00;23.74;E0_0_3400m;5.00;148;149;10.45;23.77
2400.00;2700.00;2268.00;24.59;E0_1_3400m;5.00;189;190;12.86;24.74
2400.00;2700.00;1764.00;23.75;E0_0_3500m;5.00;147;147;10.31;23.79
2400.00;2700.00;2232.00;24.62;E0_1_3500m;5.00;186;187;12.62;24.77
2400.00;2700.00;1764.00;23.75;E0_0_3600m;5.00;147;147;10.31;23.79
2400.00;2700.00;2184.00;24.63;E0_1_3600m;5.00;182;182;12.31;24.76
2400.00;2700.00;1740.00;23.72;E0_0_3700m;5.00;145;145;10.19;23.75
2400.00;2700.00;2136.00;24.50;E0_1_3700m;5.00;178;179;12.16;24.60
2400.00;2700.00;1728.00;23.67;E0_0_3800m;5.00;144;144;10.14;23.70
2400.00;2700.00;2148.00;24.42;E0_1_3800m;5.00;179;179;12.22;24.52
2400.00;2700.00;1704.00;23.65;E0_0_3900m;5.00;142;142;10.01;23.69
2400.00;2700.00;2148.00;24.47;E0_1_3900m;5.00;179;179;12.21;24.59
2400.00;2700.00;1680.00;23.76;E0_0_4000m;5.00;140;140;9.82;23.79
2400.00;2700.00;2136.00;24.50;E0_1_4000m;5.00;178;178;12.11;24.64
2400.00;2700.00;1656.00;23.78;E0_0_4100m;5.00;138;138;9.67;23.81
2400.00;2700.00;2124.00;24.58;E0_1_4100m;5.00;177;177;12.00;24.72
2400.00;2700.00;1632.00;23.82;E0_0_4200m;5.00;136;136;9.51;23.86
2400.00;2700.00;2124.00;24.69;E0_1_4200m;5.00;177;177;11.95;24.82
2400.00;2700.00;1620.00;23.87;E0_0_4300m;5.00;135;134;9.38;23.92
2400.00;2700.00;2136.00;24.83;E0_1_4300m;5.00;178;178;11.95;24.97
2400.00;2700.00;1632.00;23.98;E0_0_4400m;5.00;136;135;9.41;24.04
2400.00;2700.00;2112.00;25.03;E0_1_4400m;5.00;176;176;11.70;25.18
2400.00;2700.00;1656.00;24.11;E0_0_4500m;5.00;138;137;9.48;24.18
2400.00;2700.00;2076.00;25.22;E0_1_4500m;5.00;173;173;11.41;25.39
2400.00;2700.00;1692.00;24.11;E0_0_4600m;5.00;141;141;9.75;24.19
2400.00;2700.00;2028.00;25.21;E0_1_4600m;5.00;169;169;11.17;25.35
2400.00;2700.00;1692.00;24.18;E0_0_4700m;5.00;141;141;9.72;24.26
2400.00;2700.00;2016.00;25.14;E0_1_4700m;5.00;168;168;11.14;25.27
2400.00;2700.00;1656.00;24.21;E0_0_4800m;5.00;138;138;9.50;24.28
2400.00;2700.00;1980.00;25.10;E0_1_4800m;5.00;165;165;10.96;25.22
2400.00;2700.00;1620.00;24.21;E0_0_4900m;5.00;135;135;9.30;24.27
2400.00;2700.00;1980.00;25.05;E0_1_4900m;5.00;165;165;10.98;25.16
2400.00;2700.00;1620.00;24.21;E0_0_5000m;5.00;135;135;9.29;24.26
2400.00;2700.00;1992.00;25.05;E0_1_5000m;5.00;166;166;11.04;25.16
2700.00;3000.00;0.00;-1.00;E0_0_0m;-1.00;0;0;0.00;-1.00
2700.00;3000.00;0.00;-1.00;E0_1_0m;-1.00;0;0;0.00;-1.00
2700.00;3000.00;1836.00;25.81;E0_0_100m;5.00;153;153;9.88;25.93
2700.00;3000.00;2256.00;27.28;E0_1_100m;5.00;188;188;11.51;27.36
2700.00;3000.00;1848.00;25.65;E0_0_200m;5.00;154;155;10.01;25.78
2700.00;3000.00;2232.00;27.10;E0_1_200m;5.00;186;186;11.44;27.23
2700.00;3000.00;1848.00;25.58;E0_0_300m;5.00;154;154;10.04;25.69
2700.00;3000.00;2232.00;26.89;E0_1_300m;5.00;186;186;11.53;27.04
2700.00;3000.00;1824.00;25.59;E0_0_400m;5.00;152;153;9.92;25.68
2700.00;3000.00;2256.00;26.66;E0_1_400m;5.00;188;187;11.73;26.81
2700.00;3000.00;1848.00;25.52;E0_0_500m;5.00;154;154;10.06;25.61
2700.00;3000.00;2244.00;26.60;E0_1_500m;5.00;187;187;11.72;26.77
2700.00;3000.00;1860.00;25.43;E0_0_600m;5.00;155;155;10.16;25.53
2700.00;3000.00;2256.00;26.46;E0_1_600m;5.00;188;188;11.84;26.63
2700.00;3000.00;1896.00;25.37;E0_0_700m;5.00;158;158;10.38;25.45
2700.00;3000.00;2256.00;26.32;E0_1_700m;5.00;188;188;11.90;26.47
2700.00;3000.00;1896.00;25.21;E0_0_800m;5.00;158;157;10.43;25.29
2700.00;3000.00;2280.00;26.17;E0_1_800m;5.00;190;190;12.10;26.32
2700.00;3000.00;1896.00;25.04;E0_0_900m;5.00;158;158;10.52;25.11
2700.00;3000.00;2280.00;26.08;E0_1_900m;5.00;190;189;12.13;26.25
2700.00;3000.00;1908.00;24.79;E0_0_1000m;5.00;159;159;10.69;24.87
2700.00;3000.00;2268.00;26.04;E0_1_1000m;5.00;189;189;12.09;26.22
2700.00;3000.00;1884.00;24.58;E0_0_1100m;5.00;157;157;10.65;24.66
2700.00;3000.00;2316.00;26.14;E0_1_1100m;5.00;193;193;12.31;26.32
2700.00;3000.00;1908.00;24.56;E0_0_1200m;5.00;159;159;10.79;24.66
2700.00;3000.00;2304.00;26.34;E0_1_1200m;5.00;192;192;12.15;26.54
2700.00;3000.00;1908.00;24.57;E0_0_1300m;5.00;159;159;10.79;24.68
2700.00;3000.00;2292.00;26.53;E0_1_1300m;5.00;191;191;12.00;26.72
2700.00;3000.00;1932.00;24.52;E0_0_1400m;5.00;161;161;10.94;24.63
2700.00;3000.00;2256.00;26.61;E0_1_1400m;5.00;188;188;11.77;26.79
2700.00;3000.00;1884.00;24.49;E0_0_1500m;5.00;157;157;10.68;24.58
2700.00;3000.00;2280.00;26.57;E0_1_1500m;5.00;190;191;11.98;26.76
2700.00;3000.00;1848.00;24.39;E0_0_1600m;5.00;154;154;10.53;24.47
2700.00;3000.00;2268.00;26.59;E0_1_1600m;5.00;189;190;11.89;26.77
2700.00;3000.00;1836.00;24.22;E0_0_1700m;5.00;153;153;10.53;24.30
2700.00;3000.00;2268.00;26.65;E0_1_1700m;5.00;189;190;11.85;26.83
2700.00;3000.00;1860.00;24.13;E0_0_1800m;5.00;155;155;10.71;24.21
2700.00;3000.00;2232.00;26.73;E0_1_1800m;5.00;186;186;11.60;26.92
2700.00;3000.00;1872.00;24.07;E0_0_1900m;5.00;156;155;10.79;24.14
2700.00;3000.00;2232.00;26.77;E0_1_1900m;5.00;186;186;11.58;26.95
2700.00;3000.00;1848.00;24.16;E0_0_2000m;5.00;154;155;10.67;24.23
2700.00;3000.00;2208.00;26.77;E0_1_2000m;5.00;184;184;11.45;26.93
2700.00;3000.00;1836.00;24.18;E0_0_2100m;5.00;153;154;10.56;24.27
2700.00;3000.00;2220.00;26.76;E0_1_2100m;5.00;185;185;11.52;26.91
2700.00;3000.00;1836.00;23.99;E0_0_2200m;5.00;153;152;10.61;24.07
2700.00;3000.00;2220.00;26.80;E0_1_2200m;5.00;185;185;11.50;26.93
2700.00;3000.00;1824.00;23.75;E0_0_2300m;5.00;152;152;10.67;23.85
2700.00;3000.00;2232.00;26.85;E0_1_2300m;5.00;186;185;11.53;26.97
2700.00;3000.00;1860.00;23.55;E0_0_2400m;5.00;155;155;10.97;23.65
2700.00;3000.00;2244.00;26.93;E0_1_2400m;5.00;187;186;11.57;27.05
2700.00;3000.00;1884.00;23.47;E0_0_2500m;5.00;157;157;11.15;23.58
2700.00;3000.00;2268.00;27.00;E0_1_2500m;5.00;189;188;11.62;27.13
2700.00;3000.00;1884.00;23.42;E0_0_2600m;5.00;157;157;11.17;23.54
2700.00;3000.00;2244.00;27.14;E0_1_2600m;5.00;187;187;11.48;27.27
2700.00;3000.00;1884.00;23.41;E0_0_2700m;5.00;157;156;11.15;23.52
2700.00;3000.00;2232.00;27.23;E0_1_2700m;5.00;186;186;11.39;27.37
2700.00;3000.00;1872.00;23.41;E0_0_2800m;5.00;156;155;11.07;23.52
2700.00;3000.00;2244.00;27.28;E0_1_2800m;5.00;187;187;11.43;27.44
2700.00;3000.00;1884.00;23.48;E0_0_2900m;5.00;157;158;11.17;23.60
2700.00;3000.00;2220.00;27.33;E0_1_2900m;5.00;185;185;11.28;27.50
2700.00;3000.00;1908.00;23.55;E0_0_3000m;5.00;159;159;11.25;23.67
2700.00;3000.00;2220.00;27.36;E0_1_3000m;5.00;185;186;11.33;27.54
2700.00;3000.00;1860.00;23.57;E0_0_3100m;5.00;155;157;11.07;23.71
2700.00;3000.00;2232.00;27.43;E0_1_3100m;5.00;186;187;11.35;27.60
2700.00;3000.00;1860.00;23.52;E0_0_3200m;5.00;155;155;10.98;23.68
2700.00;3000.00;2232.00;27.49;E0_1_3200m;5.00;186;187;11.31;27.64
2700.00;3000.00;1896.00;23.62;E0_0_3300m;5.00;158;157;11.11;23.78
2700.00;3000.00;2208.00;27.59;E0_1_3300m;5.00;184;184;11.12;27.71
2700.00;3000.00;1932.00;23.68;E0_0_3400m;5.00;161;160;11.27;23.83
2700.00;3000.00;2184.00;27.73;E0_1_3400m;5.00;182;181;10.89;27.84
2700.00;3000.00;1884.00;23.75;E0_0_3500m;5.00;157;157;11.02;23.91
2700.00;3000.00;2220.00;27.65;E0_1_3500m;5.00;185;184;11.12;27.77
2700.00;3000.00;1896.00;23.73;E0_0_3600m;5.00;158;158;11.10;23.87
2700.00;3000.00;2220.00;27.64;E0_1_3600m;5.00;185;185;11.15;27.76
2700.00;3000.00;1908.00;23.74;E0_0_3700m;5.00;159;159;11.16;23.87
2700.00;3000.00;2280.00;27.50;E0_1_3700m;5.00;190;189;11.47;27.64
2700.00;3000.00;1920.00;23.62;E0_0_3800m;5.00;160;160;11.29;23.73
2700.00;3000.00;2316.00;27.47;E0_1_3800m;5.00;193;193;11.71;27.61
2700.00;3000.00;1968.00;23.63;E0_0_3900m;5.00;164;164;11.57;23.75
2700.00;3000.00;2328.00;27.33;E0_1_3900m;5.00;194;194;11.83;27.49
2700.00;3000.00;1980.00;23.63;E0_0_4000m;5.00;165;165;11.64;23.75
2700.00;3000.00;2388.00;27.07;E0_1_4000m;5.00;199;199;12.25;27.22
2700.00;3000.00;2016.00;23.49;E0_0_4100m;5.00;168;168;11.92;23.61
2700.00;3000.00;2424.00;26.81;E0_1_4100m;5.00;202;202;12.56;26.99
2700.00;3000.00;2028.00;23.41;E0_0_4200m;5.00;169;169;12.03;23.52
2700.00;3000.00;2472.00;26.58;E0_1_4200m;5.00;206;206;12.92;26.77
2700.00;3000.00;2076.00;23.42;E0_0_4300m;5.00;173;173;12.31;23.53
2700.00;3000.00;2496.00;26.47;E0_1_4300m;5.00;208;208;13.10;26.69
2700.00;3000.00;2088.00;23.45;E0_0_4400m;5.00;174;174;12.37;23.56
2700.00;3000.00;2508.00;26.38;E0_1_4400m;5.00;209;208;13.20;26.61
2700.00;3000.00;2124.00;23.54;E0_0_4500m;5.00;177;177;12.53;23.65
2700.00;3000.00;2496.00;26.32;E0_1_4500m;5.00;208;207;13.14;26.55
2700.00;3000.00;2160.00;23.62;E0_0_4600m;5.00;180;180;12.70;23.71
2700.00;3000.00;2508.00;26.23;E0_1_4600m;5.00;209;210;13.30;26.46
2700.00;3000.00;2160.00;23.72;E0_0_4700m;5.00;180;180;12.65;23.81
2700.00;3000.00;2544.00;26.14;E0_1_4700m;5.00;212;212;13.51;26.37
2700.00;3000.00;2196.00;23.81;E0_0_4800m;5.00;183;183;12.81;23.89
2700.00;3000.00;2568.00;26.19;E0_1_4800m;5.00;214;214;13.62;26.40
2700.00;3000.00;2208.00;23.85;E0_0_4900m;5.00;184;184;12.86;23.93
2700.00;3000.00;2580.00;26.17;E0_1_4900m;5.00;215;215;13.69;26.37
2700.00;3000.00;2220.00;23.74;E0_0_5000m;5.00;185;185;12.99;23.81
2700.00;3000.00;2592.00;26.25;E0_1_5000m;5.00;216;216;13.72;26.42
3000.00;3300.00;0.00;-1.00;E0_0_0m;-1.00;0;0;0.00;-1.00
3000.00;3300.00;0.00;-1.00;E0_1_0m;-1.00;0;0;0.00;-1.00
3000.00;3300.00;1752.00;26.39;E0_0_100m;5.00;146;146;9.22;26.49
3000.00;3300.00;2316.00;27.78;E0_1_100m;5.00;193;192;11.53;27.91
3000.00;3300.00;1752.00;26.41;E0_0_200m;5.00;146;145;9.21;26.51
3000.00;3300.00;2304.00;28.06;E0_1_200m;5.00;192;192;11.41;28.23
3000.00;3300.00;1764.00;26.30;E0_0_300m;5.00;147;146;9.27;26.40
3000.00;3300.00;2328.00;28.06;E0_1_300m;5.00;194;195;11.55;28.24
3000.00;3300.00;1776.00;26.29;E0_0_400m;5.00;148;149;9.42;26.39
3000.00;3300.00;2316.00;28.16;E0_1_400m;5.00;193;193;11.42;28.36
3000.00;3300.00;1788.00;26.14;E0_0_500m;5.00;149;149;9.50;26.26
3000.00;3300.00;2316.00;28.22;E0_1_500m;5.00;193;193;11.40;28.42
3000.00;3300.00;1800.00;26.02;E0_0_600m;5.00;150;150;9.61;26.15
3000.00;3300.00;2304.00;28.19;E0_1_600m;5.00;192;192;11.35;28.37
3000.00;3300.00;1776.00;25.91;E0_0_700m;5.00;148;148;9.52;26.05
3000.00;3300.00;2352.00;28.15;E0_1_700m;5.00;196;196;11.61;28.31
3000.00;3300.00;1776.00;25.84;E0_0_800m;5.00;148;148;9.55;25.96
3000.00;3300.00;2364.00;28.14;E0_1_800m;5.00;197;197;11.67;28.28
3000.00;3300.00;1800.00;25.66;E0_0_900m;5.00;150;150;9.74;25.80
3000.00;3300.00;2376.00;28.08;E0_1_900m;5.00;198;199;11.76;28.21
3000.00;3300.00;1788.00;25.53;E0_0_1000m;5.00;149;149;9.73;25.65
3000.00;3300.00;2412.00;27.90;E0_1_1000m;5.00;201;201;12.01;28.02
3000.00;3300.00;1788.00;25.53;E0_0_1100m;5.00;149;149;9.73;25.69
3000.00;3300.00;2400.00;27.76;E0_1_1100m;5.00;200;201;12.06;27.89
3000.00;3300.00;1800.00;25.36;E0_0_1200m;5.00;150;150;9.86;25.49
3000.00;3300.00;2388.00;27.60;E0_1_1200m;5.00;199;199;12.02;27.74
3000.00;3300.00;1812.00;25.21;E0_0_1300m;5.00;151;151;9.98;25.32
3000.00;3300.00;2388.00;27.42;E0_1_1300m;5.00;199;200;12.14;27.56
3000.00;3300.00;1824.00;25.08;E0_0_1400m;5.00;152;152;10.10;25.20
3000.00;3300.00;2388.00;27.26;E0_1_1400m;5.00;199;199;12.17;27.41
3000.00;3300.00;1812.00;25.03;E0_0_1500m;5.00;151;151;10.06;25.16
3000.00;3300.00;2412.00;26.99;E0_1_1500m;5.00;201;200;12.35;27.15
3000.00;3300.00;1800.00;24.89;E0_0_1600m;5.00;150;150;10.05;24.99
3000.00;3300.00;2424.00;26.77;E0_1_1600m;5.00;202;201;12.53;26.95
3000.00;3300.00;1800.00;24.72;E0_0_1700m;5.00;150;150;10.11;24.81
3000.00;3300.00;2424.00;26.58;E0_1_1700m;5.00;202;201;12.64;26.78
3000.00;3300.00;1800.00;24.63;E0_0_1800m;5.00;150;150;10.15;24.74
3000.00;3300.00;2424.00;26.41;E0_1_1800m;5.00;202;203;12.80;26.61
3000.00;3300.00;1788.00;24.56;E0_0_1900m;5.00;149;149;10.11;24.66
3000.00;3300.00;2448.00;26.25;E0_1_1900m;5.00;204;204;12.95;26.44
3000.00;3300.00;1884.00;24.52;E0_0_2000m;5.00;157;156;10.62;24.62
3000.00;3300.00;2388.00;26.06;E0_1_2000m;5.00;199;199;12.73;26.26
3000.00;3300.00;1908.00;24.50;E0_0_2100m;5.00;159;158;10.80;24.59
3000.00;3300.00;2376.00;25.87;E0_1_2100m;5.00;198;198;12.76;26.05
3000.00;3300.00;1908.00;24.42;E0_0_2200m;5.00;159;159;10.85;24.50
3000.00;3300.00;2376.00;25.69;E0_1_2200m;5.00;198;199;12.86;25.86
3000.00;3300.00;1956.00;24.38;E0_0_2300m;5.00;163;163;11.14;24.47
3000.00;3300.00;2400.00;25.59;E0_1_2300m;5.00;200;200;13.03;25.75
3000.00;3300.00;1944.00;24.35;E0_0_2400m;5.00;162;163;11.09;24.43
3000.00;3300.00;2400.00;25.58;E0_1_2400m;5.00;200;200;13.03;25.75
3000.00;3300.00;1920.00;24.40;E0_0_2500m;5.00;160;160;10.93;24.48
3000.00;3300.00;2376.00;25.64;E0_1_2500m;5.00;198;199;12.92;25.81
3000.00;3300.00;1884.00;24.39;E0_0_2600m;5.00;157;157;10.73;24.47
3000.00;3300.00;2412.00;25.72;E0_1_2600m;5.00;201;201;13.03;25.89
3000.00;3300.00;1872.00;24.37;E0_0_2700m;5.00;156;156;10.67;24.45
3000.00;3300.00;2424.00;25.77;E0_1_2700m;5.00;202;202;13.06;25.96
3000.00;3300.00;1908.00;24.28;E0_0_2800m;5.00;159;159;10.91;24.37
3000.00;3300.00;2400.00;25.75;E0_1_2800m;5.00;200;200;12.94;25.94
3000.00;3300.00;1920.00;24.23;E0_0_2900m;5.00;160;159;10.98;24.30
3000.00;3300.00;2388.00;25.58;E0_1_2900m;5.00;199;199;12.96;25.77
3000.00;3300.00;1896.00;24.21;E0_0_3000m;5.00;158;158;10.88;24.28
3000.00;3300.00;2412.00;25.50;E0_1_3000m;5.00;201;200;13.08;25.68
3000.00;3300.00;1896.00;24.20;E0_0_3100m;5.00;158;157;10.82;24.27
3000.00;3300.00;2400.00;25.38;E0_1_3100m;5.00;200;199;13.09;25.57
3000.00;3300.00;1884.00;24.16;E0_0_3200m;5.00;157;157;10.83;24.23
3000.00;3300.00;2400.00;25.28;E0_1_3200m;5.00;200;199;13.15;25.47
3000.00;3300.00;1908.00;24.13;E0_0_3300m;5.00;159;159;10.98;24.19
3000.00;3300.00;2376.00;25.15;E0_1_3300m;5.00;198;197;13.11;25.33
3000.00;3300.00;1896.00;24.08;E0_0_3400m;5.00;158;158;10.94;24.13
3000.00;3300.00;2376.00;24.99;E0_1_3400m;5.00;198;199;13.27;25.15
3000.00;3300.00;1908.00;24.07;E0_0_3500m;5.00;159;159;11.01;24.12
3000.00;3300.00;2400.00;24.87;E0_1_3500m;5.00;200;200;13.41;25.01
3000.00;3300.00;1920.00;24.07;E0_0_3600m;5.00;160;160;11.08;24.12
3000.00;3300.00;2388.00;24.76;E0_1_3600m;5.00;199;199;13.40;24.90
3000.00;3300.00;1920.00;24.04;E0_0_3700m;5.00;160;160;11.09;24.10
3000.00;3300.00;2340.00;24.64;E0_1_3700m;5.00;195;195;13.19;24.78
3000.00;3300.00;1884.00;24.00;E0_0_3800m;5.00;157;157;10.90;24.05
3000.00;3300.00;2304.00;24.58;E0_1_3800m;5.00;192;192;13.02;24.71
3000.00;3300.00;1848.00;23.97;E0_0_3900m;5.00;154;154;10.71;24.02
3000.00;3300.00;2280.00;24.51;E0_1_3900m;5.00;190;190;12.92;24.64
3000.00;3300.00;1836.00;23.94;E0_0_4000m;5.00;153;153;10.65;23.99
3000.00;3300.00;2256.00;24.41;E0_1_4000m;5.00;188;188;12.84;24.53
3000.00;3300.00;1836.00;23.94;E0_0_4100m;5.00;153;153;10.65;23.99
3000.00;3300.00;2220.00;24.37;E0_1_4100m;5.00;185;185;12.65;24.50
3000.00;3300.00;1824.00;23.93;E0_0_4200m;5.00;152;153;10.64;23.98
3000.00;3300.00;2208.00;24.37;E0_1_4200m;5.00;184;185;12.60;24.52
3000.00;3300.00;1788.00;23.91;E0_0_4300m;5.00;149;149;10.39;23.95
3000.00;3300.00;2184.00;24.28;E0_1_4300m;5.00;182;182;12.49;24.41
3000.00;3300.00;1764.00;23.92;E0_0_4400m;5.00;147;147;10.24;23.97
3000.00;3300.00;2184.00;24.31;E0_1_4400m;5.00;182;182;12.48;24.44
3000.00;3300.00;1752.00;23.96;E0_0_4500m;5.00;146;146;10.16;24.00
3000.00;3300.00;2172.00;24.36;E0_1_4500m;5.00;181;181;12.38;24.49
3000.00;3300.00;1740.00;23.98;E0_0_4600m;5.00;145;145;10.08;24.03
3000.00;3300.00;2148.00;24.41;E0_1_4600m;5.00;179;179;12.22;24.54
3000.00;3300.00;1764.00;24.04;E0_0_4700m;5.00;147;147;10.19;24.10
3000.00;3300.00;2160.00;24.64;E0_1_4700m;5.00;180;180;12.18;24.82
3000.00;3300.00;1764.00;24.10;E0_0_4800m;5.00;147;147;10.17;24.16
3000.00;3300.00;2148.00;24.81;E0_1_4800m;5.00;179;179;12.02;25.01
3000.00;3300.00;1776.00;24.23;E0_0_4900m;5.00;148;148;10.18;24.30
3000.00;3300.00;2160.00;24.95;E0_1_4900m;5.00;180;181;12.05;25.15
3000.00;3300.00;1776.00;24.32;E0_0_5000m;5.00;148;148;10.14;24.39
3000.00;3300.00;2160.00;25.08;E0_1_5000m;5.00;180;180;11.96;25.27
3300.00;3600.00;0.00;-1.00;E0_0_0m;-1.00;0;0;0.00;-1.00
3300.00;3600.00;0.00;-1.00;E0_1_0m;-1.00;0;0;0.00;-1.00
3300.00;3600.00;1860.00;26.70;E0_0_100m;5.00;155;155;9.68;26.80
3300.00;3600.00;2088.00;28.19;E0_1_100m;5.00;174;174;10.29;28.31
3300.00;3600.00;1908.00;26.65;E0_0_200m;5.00;159;159;9.94;26.78
3300.00;3600.00;2040.00;28.30;E0_1_200m;5.00;170;170;10.01;28.46
3300.00;3600.00;1884.00;26.43;E0_0_300m;5.00;157;157;9.90;26.55
3300.00;3600.00;2052.00;28.06;E0_1_300m;5.00;171;171;10.16;28.23
3300.00;3600.00;1872.00;26.42;E0_0_400m;5.00;156;155;9.81;26.52
3300.00;3600.00;2052.00;27.76;E0_1_400m;5.00;171;171;10.27;27.91
3300.00;3600.00;1824.00;26.38;E0_0_500m;5.00;152;152;9.60;26.48
3300.00;3600.00;2076.00;27.66;E0_1_500m;5.00;173;174;10.44;27.80
3300.00;3600.00;1812.00;26.17;E0_0_600m;5.00;151;151;9.62;26.28
3300.00;3600.00;2088.00;27.68;E0_1_600m;5.00;174;174;10.48;27.82
3300.00;3600.00;1812.00;26.02;E0_0_700m;5.00;151;151;9.67;26.14
3300.00;3600.00;2052.00;27.77;E0_1_700m;5.00;171;171;10.26;27.90
3300.00;3600.00;1776.00;25.90;E0_0_800m;5.00;148;148;9.53;26.02
3300.00;3600.00;2112.00;27.71;E0_1_800m;5.00;176;176;10.59;27.87
3300.00;3600.00;1764.00;25.85;E0_0_900m;5.00;147;148;9.52;25.98
3300.00;3600.00;2112.00;27.56;E0_1_900m;5.00;176;177;10.68;27.73
3300.00;3600.00;1764.00;25.89;E0_0_1000m;5.00;147;147;9.46;25.99
3300.00;3600.00;2100.00;27.43;E0_1_1000m;5.00;175;175;10.63;27.59
3300.00;3600.00;1740.00;25.92;E0_0_1100m;5.00;145;145;9.32;26.00
3300.00;3600.00;2112.00;27.35;E0_1_1100m;5.00;176;176;10.73;27.50
3300.00;3600.00;1704.00;25.90;E0_0_1200m;5.00;142;143;9.15;26.00
3300.00;3600.00;2136.00;27.30;E0_1_1200m;5.00;178;178;10.87;27.46
3300.00;3600.00;1680.00;25.80;E0_0_1300m;5.00;140;141;9.10;25.90
3300.00;3600.00;2148.00;27.33;E0_1_1300m;5.00;179;178;10.87;27.48
3300.00;3600.00;1728.00;25.74;E0_0_1400m;5.00;144;144;9.32;25.85
3300.00;3600.00;2112.00;27.45;E0_1_1400m;5.00;176;176;10.68;27.60
3300.00;3600.00;1716.00;25.67;E0_0_1500m;5.00;143;143;9.28;25.78
3300.00;3600.00;2112.00;27.54;E0_1_1500m;5.00;176;177;10.70;27.67
3300.00;3600.00;1716.00;25.49;E0_0_1600m;5.00;143;143;9.35;25.60
3300.00;3600.00;2112.00;27.55;E0_1_1600m;5.00;176;178;10.71;27.68
3300.00;3600.00;1752.00;25.59;E0_0_1700m;5.00;146;146;9.51;25.70
3300.00;3600.00;2100.00;27.47;E0_1_1700m;5.00;175;175;10.62;27.59
3300.00;3600.00;1788.00;25.54;E0_0_1800m;5.00;149;149;9.72;25.66
3300.00;3600.00;2136.00;27.41;E0_1_1800m;5.00;178;177;10.77;27.53
3300.00;3600.00;1812.00;25.48;E0_0_1900m;5.00;151;151;9.88;25.60
3300.00;3600.00;2160.00;27.39;E0_1_1900m;5.00;180;180;10.95;27.52
3300.00;3600.00;1788.00;25.38;E0_0_2000m;5.00;149;149;9.79;25.49
3300.00;3600.00;2208.00;27.39;E0_1_2000m;5.00;184;184;11.20;27.52
3300.00;3600.00;1800.00;25.33;E0_0_2100m;5.00;150;151;9.93;25.45
3300.00;3600.00;2184.00;27.37;E0_1_2100m;5.00;182;182;11.08;27.50
3300.00;3600.00;1788.00;25.40;E0_0_2200m;5.00;149;150;9.80;25.52
3300.00;3600.00;2196.00;27.25;E0_1_2200m;5.00;183;182;11.18;27.37
3300.00;3600.00;1728.00;25.36;E0_0_2300m;5.00;144;145;9.53;25.48
3300.00;3600.00;2184.00;27.22;E0_1_2300m;5.00;182;183;11.14;27.34
3300.00;3600.00;1692.00;25.48;E0_0_2400m;5.00;141;140;9.22;25.60
3300.00;3600.00;2184.00;27.15;E0_1_2400m;5.00;182;183;11.21;27.26
3300.00;3600.00;1680.00;25.46;E0_0_2500m;5.00;140;140;9.17;25.57
3300.00;3600.00;2184.00;27.06;E0_1_2500m;5.00;182;181;11.16;27.17
3300.00;3600.00;1716.00;25.42;E0_0_2600m;5.00;143;143;9.37;25.52
3300.00;3600.00;2172.00;26.98;E0_1_2600m;5.00;181;181;11.18;27.10
3300.00;3600.00;1764.00;25.40;E0_0_2700m;5.00;147;147;9.65;25.50
3300.00;3600.00;2196.00;26.83;E0_1_2700m;5.00;183;183;11.37;26.98
3300.00;3600.00;1764.00;25.32;E0_0_2800m;5.00;147;147;9.68;25.42
3300.00;3600.00;2232.00;26.78;E0_1_2800m;5.00;186;186;11.58;26.94
3300.00;3600.00;1764.00;25.40;E0_0_2900m;5.00;147;147;9.65;25.51
3300.00;3600.00;2232.00;26.65;E0_1_2900m;5.00;186;186;11.63;26.83
3300.00;3600.00;1788.00;25.30;E0_0_3000m;5.00;149;149;9.82;25.42
3300.00;3600.00;2196.00;26.64;E0_1_3000m;5.00;183;183;11.45;26.83
3300.00;3600.00;1812.00;25.22;E0_0_3100m;5.00;151;151;9.98;25.35
3300.00;3600.00;2184.00;26.50;E0_1_3100m;5.00;182;182;11.44;26.69
3300.00;3600.00;1836.00;25.25;E0_0_3200m;5.00;153;153;10.10;25.38
3300.00;3600.00;2208.00;26.40;E0_1_3200m;5.00;184;184;11.62;26.59
3300.00;3600.00;1860.00;25.26;E0_0_3300m;5.00;155;155;10.23;25.39
3300.00;3600.00;2232.00;26.34;E0_1_3300m;5.00;186;187;11.81;26.53
3300.00;3600.00;1884.00;25.08;E0_0_3400m;5.00;157;157;10.43;25.19
3300.00;3600.00;2244.00;26.31;E0_1_3400m;5.00;187;186;11.79;26.50
3300.00;3600.00;1836.00;24.93;E0_0_3500m;5.00;153;153;10.23;25.03
3300.00;3600.00;2292.00;26.36;E0_1_3500m;5.00;191;191;12.07;26.56
3300.00;3600.00;1848.00;24.93;E0_0_3600m;5.00;154;154;10.30;25.02
3300.00;3600.00;2292.00;26.24;E0_1_3600m;5.00;191;192;12.17;26.42
3300.00;3600.00;1848.00;24.87;E0_0_3700m;5.00;154;154;10.32;24.95
3300.00;3600.00;2328.00;26.05;E0_1_3700m;5.00;194;194;12.41;26.18
3300.00;3600.00;1860.00;24.67;E0_0_3800m;5.00;155;155;10.47;24.75
3300.00;3600.00;2364.00;25.94;E0_1_3800m;5.00;197;197;12.66;26.06
3300.00;3600.00;1860.00;24.62;E0_0_3900m;5.00;155;155;10.49;24.68
3300.00;3600.00;2376.00;25.82;E0_1_3900m;5.00;198;198;12.78;25.91
3300.00;3600.00;1848.00;24.58;E0_0_4000m;5.00;154;155;10.48;24.64
3300.00;3600.00;2388.00;25.81;E0_1_4000m;5.00;199;200;12.90;25.90
3300.00;3600.00;1848.00;24.64;E0_0_4100m;5.00;154;154;10.42;24.69
3300.00;3600.00;2376.00;25.89;E0_1_4100m;5.00;198;198;12.75;26.00
3300.00;3600.00;1848.00;24.70;E0_0_4200m;5.00;154;154;10.39;24.75
3300.00;3600.00;2340.00;25.95;E0_1_4200m;5.00;195;194;12.51;26.09
3300.00;3600.00;1872.00;24.65;E0_0_4300m;5.00;156;156;10.55;24.70
3300.00;3600.00;2316.00;25.89;E0_1_4300m;5.00;193;193;12.42;26.00
3300.00;3600.00;1860.00;24.66;E0_0_4400m;5.00;155;158;10.56;24.72
3300.00;3600.00;2340.00;25.81;E0_1_4400m;5.00;195;195;12.59;25.95
3300.00;3600.00;1872.00;24.73;E0_0_4500m;5.00;156;156;10.51;24.79
3300.00;3600.00;2352.00;25.86;E0_1_4500m;5.00;196;196;12.63;25.96
3300.00;3600.00;1872.00;24.70;E0_0_4600m;5.00;156;156;10.53;24.76
3300.00;3600.00;2376.00;25.89;E0_1_4600m;5.00;198;198;12.75;25.98
3300.00;3600.00;1860.00;24.65;E0_0_4700m;5.00;155;156;10.51;24.73
3300.00;3600.00;2328.00;25.98;E0_1_4700m;5.00;194;194;12.44;26.09
3300.00;3600.00;1860.00;24.66;E0_0_4800m;5.00;155;155;10.48;24.75
3300.00;3600.00;2292.00;26.12;E0_1_4800m;5.00;191;192;12.24;26.26
3300.00;3600.00;1848.00;24.66;E0_0_4900m;5.00;154;154;10.41;24.75
3300.00;3600.00;2268.00;26.25;E0_1_4900m;5.00;189;188;11.98;26.40
3300.00;3600.00;1836.00;24.76;E0_0_5000m;5.00;153;153;10.30;24.84
3300.00;3600.00;2256.00;26.32;E0_1_5000m;5.00;188;188;11.91;26.48
3600.00;3900.00;0.00;-1.00;E0_0_0m;-1.00;0;0;0.00;-1.00
3600.00;3900.00;0.00;-1.00;E0_1_0m;-1.00;0;0;0.00;-1.00
3600.00;3900.00;1812.00;26.41;E0_0_100m;5.00;151;151;9.53;26.56
3600.00;3900.00;2148.00;27.82;E0_1_100m;5.00;179;179;10.72;27.97
3600.00;3900.00;1848.00;26.16;E0_0_200m;5.00;154;155;9.86;26.30
3600.00;3900.00;2112.00;28.23;E0_1_200m;5.00;176;176;10.39;28.42
3600.00;3900.00;1824.00;26.03;E0_0_300m;5.00;152;152;9.73;26.16
3600.00;3900.00;2112.00;28.06;E0_1_300m;5.00;176;176;10.45;28.23
3600.00;3900.00;1800.00;26.07;E0_0_400m;5.00;150;150;9.59;26.19
3600.00;3900.00;2124.00;27.89;E0_1_400m;5.00;177;177;10.58;28.04
3600.00;3900.00;1800.00;26.11;E0_0_500m;5.00;150;150;9.57;26.22
3600.00;3900.00;2112.00;27.74;E0_1_500m;5.00;176;175;10.56;27.88
3600.00;3900.00;1776.00;26.11;E0_0_600m;5.00;148;148;9.45;26.23
3600.00;3900.00;2112.00;27.73;E0_1_600m;5.00;176;177;10.59;27.86
3600.00;3900.00;1764.00;26.18;E0_0_700m;5.00;147;147;9.36;26.34
3600.00;3900.00;2124.00;27.70;E0_1_700m;5.00;177;179;10.71;27.82
3600.00;3900.00;1740.00;26.11;E0_0_800m;5.00;145;145;9.26;26.21
3600.00;3900.00;2100.00;27.67;E0_1_800m;5.00;175;175;10.54;27.77
3600.00;3900.00;1764.00;26.05;E0_0_900m;5.00;147;146;9.36;26.14
3600.00;3900.00;2052.00;27.62;E0_1_900m;5.00;171;170;10.28;27.71
3600.00;3900.00;1752.00;26.00;E0_0_1000m;5.00;146;146;9.36;26.07
3600.00;3900.00;2076.00;27.37;E0_1_1000m;5.00;173;173;10.53;27.46
3600.00;3900.00;1776.00;25.82;E0_0_1100m;5.00;148;148;9.55;25.89
3600.00;3900.00;2112.00;27.24;E0_1_1100m;5.00;176;176;10.77;27.34
3600.00;3900.00;1800.00;25.73;E0_0_1200m;5.00;150;149;9.71;25.81
3600.00;3900.00;2148.00;27.15;E0_1_1200m;5.00;179;179;10.99;27.28
3600.00;3900.00;1836.00;25.55;E0_0_1300m;5.00;153;152;9.93;25.62
3600.00;3900.00;2136.00;27.01;E0_1_1300m;5.00;178;178;10.98;27.15
3600.00;3900.00;1848.00;25.38;E0_0_1400m;5.00;154;154;10.11;25.44
3600.00;3900.00;2136.00;26.83;E0_1_1400m;5.00;178;178;11.06;26.97
3600.00;3900.00;1848.00;25.19;E0_0_1500m;5.00;154;154;10.19;25.24
3600.00;3900.00;2160.00;26.58;E0_1_1500m;5.00;180;179;11.24;26.72
3600.00;3900.00;1848.00;25.02;E0_0_1600m;5.00;154;154;10.26;25.09
3600.00;3900.00;2160.00;26.40;E0_1_1600m;5.00;180;179;11.31;26.54
3600.00;3900.00;1848.00;24.86;E0_0_1700m;5.00;154;154;10.33;24.93
3600.00;3900.00;2184.00;26.25;E0_1_1700m;5.00;182;182;11.55;26.38
3600.00;3900.00;1824.00;24.85;E0_0_1800m;5.00;152;152;10.19;24.93
3600.00;3900.00;2160.00;26.16;E0_1_1800m;5.00;180;180;11.47;26.28
3600.00;3900.00;1776.00;24.91;E0_0_1900m;5.00;148;149;9.96;24.98
3600.00;3900.00;2136.00;26.09;E0_1_1900m;5.00;178;178;11.37;26.20
3600.00;3900.00;1776.00;24.93;E0_0_2000m;5.00;148;148;9.90;25.00
3600.00;3900.00;2100.00;25.99;E0_1_2000m;5.00;175;175;11.22;26.08
3600.00;3900.00;1752.00;25.02;E0_0_2100m;5.00;146;145;9.66;25.09
3600.00;3900.00;2124.00;25.88;E0_1_2100m;5.00;177;177;11.40;25.97
3600.00;3900.00;1740.00;25.04;E0_0_2200m;5.00;145;144;9.63;25.10
3600.00;3900.00;2136.00;25.80;E0_1_2200m;5.00;178;178;11.50;25.89
3600.00;3900.00;1740.00;25.06;E0_0_2300m;5.00;145;144;9.58;25.12
3600.00;3900.00;2148.00;25.78;E0_1_2300m;5.00;179;178;11.57;25.88
3600.00;3900.00;1740.00;25.08;E0_0_2400m;5.00;145;145;9.64;25.13
3600.00;3900.00;2136.00;25.74;E0_1_2400m;5.00;178;177;11.49;25.86
3600.00;3900.00;1752.00;25.12;E0_0_2500m;5.00;146;146;9.69;25.16
3600.00;3900.00;2124.00;25.66;E0_1_2500m;5.00;177;177;11.50;25.77
3600.00;3900.00;1740.00;25.12;E0_0_2600m;5.00;145;145;9.62;25.16
3600.00;3900.00;2124.00;25.56;E0_1_2600m;5.00;177;177;11.54;25.65
3600.00;3900.00;1752.00;25.05;E0_0_2700m;5.00;146;146;9.71;25.09
3600.00;3900.00;2088.00;25.54;E0_1_2700m;5.00;174;174;11.36;25.62
3600.00;3900.00;1728.00;25.02;E0_0_2800m;5.00;144;144;9.59;25.06
3600.00;3900.00;2076.00;25.52;E0_1_2800m;5.00;173;173;11.30;25.61
3600.00;3900.00;1752.00;24.90;E0_0_2900m;5.00;146;146;9.77;24.95
3600.00;3900.00;2076.00;25.54;E0_1_2900m;5.00;173;173;11.29;25.63
3600.00;3900.00;1752.00;24.85;E0_0_3000m;5.00;146;146;9.79;24.90
3600.00;3900.00;2076.00;25.56;E0_1_3000m;5.00;173;173;11.28;25.66
3600.00;3900.00;1752.00;24.78;E0_0_3100m;5.00;146;146;9.82;24.82
3600.00;3900.00;2076.00;25.64;E0_1_3100m;5.00;173;174;11.28;25.75
3600.00;3900.00;1776.00;24.87;E0_0_3200m;5.00;148;148;9.92;24.92
3600.00;3900.00;2064.00;25.65;E0_1_3200m;5.00;172;172;11.18;25.76
3600.00;3900.00;1764.00;24.93;E0_0_3300m;5.00;147;147;9.83;25.00
3600.00;3900.00;2088.00;25.65;E0_1_3300m;5.00;174;174;11.31;25.78
3600.00;3900.00;1776.00;24.92;E0_0_3400m;5.00;148;148;9.90;25.00
3600.00;3900.00;2088.00;25.64;E0_1_3400m;5.00;174;174;11.31;25.79
3600.00;3900.00;1800.00;24.96;E0_0_3500m;5.00;150;150;10.02;25.04
3600.00;3900.00;2100.00;25.61;E0_1_3500m;5.00;175;175;11.39;25.77
3600.00;3900.00;1776.00;24.92;E0_0_3600m;5.00;148;148;9.90;25.00
3600.00;3900.00;2100.00;25.59;E0_1_3600m;5.00;175;174;11.36;25.75
3600.00;3900.00;1764.00;24.81;E0_0_3700m;5.00;147;147;9.87;24.90
3600.00;3900.00;2064.00;25.56;E0_1_3700m;5.00;172;172;11.22;25.72
3600.00;3900.00;1716.00;24.90;E0_0_3800m;5.00;143;143;9.57;24.99
3600.00;3900.00;2064.00;25.57;E0_1_3800m;5.00;172;172;11.21;25.74
3600.00;3900.00;1740.00;25.00;E0_0_3900m;5.00;145;145;9.67;25.10
3600.00;3900.00;2028.00;25.65;E0_1_3900m;5.00;169;170;11.01;25.86
3600.00;3900.00;1740.00;24.99;E0_0_4000m;5.00;145;144;9.64;25.09
3600.00;3900.00;2016.00;25.62;E0_1_4000m;5.00;168;167;10.88;25.83
3600.00;3900.00;1716.00;24.96;E0_0_4100m;5.00;143;144;9.57;25.06
3600.00;3900.00;2016.00;25.56;E0_1_4100m;5.00;168;168;10.96;25.75
3600.00;3900.00;1728.00;24.99;E0_0_4200m;5.00;144;144;9.60;25.10
3600.00;3900.00;2016.00;25.51;E0_1_4200m;5.00;168;169;11.03;25.70
3600.00;3900.00;1704.00;24.92;E0_0_4300m;5.00;142;143;9.51;25.02
3600.00;3900.00;2040.00;25.54;E0_1_4300m;5.00;170;170;11.10;25.72
3600.00;3900.00;1740.00;24.92;E0_0_4400m;5.00;145;144;9.65;25.02
3600.00;3900.00;2052.00;25.56;E0_1_4400m;5.00;171;171;11.15;25.74
3600.00;3900.00;1752.00;24.97;E0_0_4500m;5.00;146;146;9.74;25.07
3600.00;3900.00;2088.00;25.59;E0_1_4500m;5.00;174;175;11.36;25.79
3600.00;3900.00;1728.00;25.03;E0_0_4600m;5.00;144;144;9.59;25.14
3600.00;3900.00;2076.00;25.57;E0_1_4600m;5.00;173;174;11.31;25.77
3600.00;3900.00;1728.00;25.02;E0_0_4700m;5.00;144;143;9.56;25.13
3600.00;3900.00;2076.00;25.54;E0_1_4700m;5.00;173;173;11.29;25.76
3600.00;3900.00;1752.00;25.05;E0_0_4800m;5.00;146;146;9.71;25.17
3600.00;3900.00;2064.00;25.47;E0_1_4800m;5.00;172;171;11.20;25.68
3600.00;3900.00;1740.00;25.04;E0_0_4900m;5.00;145;146;9.72;25.15
3600.00;3900.00;2064.00;25.51;E0_1_4900m;5.00;172;173;11.26;25.74
3600.00;3900.00;1740.00;25.05;E0_0_5000m;5.00;145;145;9.65;25.16
3600.00;3900.00;2064.00;25.49;E0_1_5000m;5.00;172;172;11.25;25.70
3900.00;4200.00;0.00;-1.00;E0_0_0m;-1.00;0;0;0.00;-1.00
3900.00;4200.00;0.00;-1.00;E0_1_0m;-1.00;0;0;0.00;-1.00
3900.00;4200.00;1536.00;27.46;E0_0_100m;5.00;128;128;7.77;27.56
3900.00;4200.00;2088.00;28.88;E0_1_100m;5.00;174;174;10.04;28.98
3900.00;4200.00;1572.00;27.47;E0_0_200m;5.00;131;131;7.95;27.59
3900.00;4200.00;2040.00;29.20;E0_1_200m;5.00;170;170;9.70;29.30
3900.00;4200.00;1632.00;27.33;E0_0_300m;5.00;136;136;8.29;27.46
3900.00;4200.00;2004.00;29.21;E0_1_300m;5.00;167;167;9.53;29.31
3900.00;4200.00;1632.00;27.09;E0_0_400m;5.00;136;136;8.37;27.25
3900.00;4200.00;2016.00;29.03;E0_1_400m;5.00;168;169;9.65;29.15
3900.00;4200.00;1644.00;27.00;E0_0_500m;5.00;137;137;8.46;27.14
3900.00;4200.00;2016.00;28.73;E0_1_500m;5.00;168;168;9.74;28.85
3900.00;4200.00;1644.00;26.85;E0_0_600m;5.00;137;137;8.50;26.99
3900.00;4200.00;2016.00;28.54;E0_1_600m;5.00;168;168;9.81;28.64
3900.00;4200.00;1632.00;26.75;E0_0_700m;5.00;136;136;8.47;26.90
3900.00;4200.00;2016.00;28.40;E0_1_700m;5.00;168;167;9.85;28.50
3900.00;4200.00;1632.00;26.75;E0_0_800m;5.00;136;136;8.47;26.87
3900.00;4200.00;2052.00;28.26;E0_1_800m;5.00;171;171;10.09;28.35
3900.00;4200.00;1644.00;26.67;E0_0_900m;5.00;137;137;8.56;26.79
3900.00;4200.00;2076.00;28.21;E0_1_900m;5.00;173;173;10.22;28.31
3900.00;4200.00;1680.00;26.41;E0_0_1000m;5.00;140;140;8.84;26.56
3900.00;4200.00;2040.00;28.21;E0_1_1000m;5.00;170;170;10.04;28.32
3900.00;4200.00;1692.00;26.34;E0_0_1100m;5.00;141;141;8.92;26.50
3900.00;4200.00;2004.00;28.22;E0_1_1100m;5.00;167;168;9.90;28.36
3900.00;4200.00;1656.00;26.27;E0_0_1200m;5.00;138;139;8.80;26.43
3900.00;4200.00;2004.00;28.24;E0_1_1200m;5.00;167;167;9.86;28.37
3900.00;4200.00;1680.00;26.24;E0_0_1300m;5.00;140;140;8.89;26.41
3900.00;4200.00;1992.00;28.21;E0_1_1300m;5.00;166;166;9.81;28.35
3900.00;4200.00;1668.00;26.19;E0_0_1400m;5.00;139;139;8.84;26.37
3900.00;4200.00;1992.00;28.11;E0_1_1400m;5.00;166;166;9.84;28.25
3900.00;4200.00;1644.00;26.04;E0_0_1500m;5.00;137;137;8.77;26.21
3900.00;4200.00;2016.00;28.04;E0_1_1500m;5.00;168;168;9.99;28.18
3900.00;4200.00;1644.00;25.98;E0_0_1600m;5.00;137;137;8.79;26.16
3900.00;4200.00;2040.00;28.00;E0_1_1600m;5.00;170;170;10.12;28.14
3900.00;4200.00;1632.00;25.97;E0_0_1700m;5.00;136;136;8.73;26.15
3900.00;4200.00;2016.00;27.99;E0_1_1700m;5.00;168;168;10.00;28.13
3900.00;4200.00;1584.00;25.87;E0_0_1800m;5.00;132;132;8.50;26.06
3900.00;4200.00;2040.00;27.90;E0_1_1800m;5.00;170;171;10.17;28.03
3900.00;4200.00;1596.00;25.77;E0_0_1900m;5.00;133;132;8.54;25.97
3900.00;4200.00;2052.00;27.89;E0_1_1900m;5.00;171;172;10.23;28.00
3900.00;4200.00;1596.00;25.74;E0_0_2000m;5.00;133;133;8.61;25.94
3900.00;4200.00;2040.00;27.97;E0_1_2000m;5.00;170;170;10.13;28.08
3900.00;4200.00;1608.00;25.66;E0_0_2100m;5.00;134;135;8.76;25.86
3900.00;4200.00;2040.00;28.06;E0_1_2100m;5.00;170;170;10.10;28.17
3900.00;4200.00;1632.00;25.52;E0_0_2200m;5.00;136;136;8.88;25.73
3900.00;4200.00;2040.00;28.14;E0_1_2200m;5.00;170;170;10.07;28.25
3900.00;4200.00;1668.00;25.44;E0_0_2300m;5.00;139;139;9.11;25.66
3900.00;4200.00;2004.00;28.17;E0_1_2300m;5.00;167;168;9.89;28.29
3900.00;4200.00;1704.00;25.38;E0_0_2400m;5.00;142;142;9.33;25.61
3900.00;4200.00;2040.00;28.15;E0_1_2400m;5.00;170;170;10.06;28.28
3900.00;4200.00;1740.00;25.29;E0_0_2500m;5.00;145;145;9.56;25.53
3900.00;4200.00;2064.00;28.15;E0_1_2500m;5.00;172;172;10.18;28.28
3900.00;4200.00;1728.00;25.23;E0_0_2600m;5.00;144;145;9.56;25.46
3900.00;4200.00;2052.00;28.20;E0_1_2600m;5.00;171;171;10.11;28.34
3900.00;4200.00;1716.00;25.32;E0_0_2700m;5.00;143;143;9.41;25.54
3900.00;4200.00;2052.00;28.20;E0_1_2700m;5.00;171;171;10.11;28.34
3900.00;4200.00;1704.00;25.27;E0_0_2800m;5.00;142;142;9.37;25.49
3900.00;4200.00;2076.00;28.19;E0_1_2800m;5.00;173;173;10.23;28.34
3900.00;4200.00;1740.00;25.29;E0_0_2900m;5.00;145;145;9.56;25.52
3900.00;4200.00;2028.00;28.15;E0_1_2900m;5.00;169;169;10.01;28.31
3900.00;4200.00;1728.00;25.27;E0_0_3000m;5.00;144;144;9.50;25.50
3900.00;4200.00;2052.00;28.02;E0_1_3000m;5.00;171;171;10.17;28.18
3900.00;4200.00;1728.00;25.25;E0_0_3100m;5.00;144;144;9.50;25.46
3900.00;4200.00;2112.00;27.99;E0_1_3100m;5.00;176;175;10.44;28.16
3900.00;4200.00;1764.00;25.23;E0_0_3200m;5.00;147;147;9.71;25.42
3900.00;4200.00;2088.00;27.97;E0_1_3200m;5.00;174;174;10.37;28.14
3900.00;4200.00;1752.00;25.13;E0_0_3300m;5.00;146;146;9.68;25.33
3900.00;4200.00;2088.00;27.95;E0_1_3300m;5.00;174;174;10.38;28.13
3900.00;4200.00;1776.00;25.15;E0_0_3400m;5.00;148;148;9.81;25.34
3900.00;4200.00;2064.00;27.94;E0_1_3400m;5.00;172;172;10.26;28.12
3900.00;4200.00;1728.00;25.19;E0_0_3500m;5.00;144;145;9.56;25.36
3900.00;4200.00;2052.00;27.94;E0_1_3500m;5.00;171;171;10.20;28.14
3900.00;4200.00;1740.00;25.19;E0_0_3600m;5.00;145;145;9.59;25.35
3900.00;4200.00;2040.00;28.01;E0_1_3600m;5.00;170;170;10.11;28.20
3900.00;4200.00;1704.00;25.16;E0_0_3700m;5.00;142;142;9.41;25.31
3900.00;4200.00;2076.00;27.95;E0_1_3700m;5.00;173;173;10.31;28.13
3900.00;4200.00;1752.00;25.10;E0_0_3800m;5.00;146;146;9.69;25.25
3900.00;4200.00;2076.00;27.94;E0_1_3800m;5.00;173;173;10.32;28.10
3900.00;4200.00;1764.00;25.12;E0_0_3900m;5.00;147;147;9.75;25.27
3900.00;4200.00;2064.00;27.85;E0_1_3900m;5.00;172;171;10.26;28.00
3900.00;4200.00;1752.00;25.11;E0_0_4000m;5.00;146;146;9.69;25.27
3900.00;4200.00;2076.00;27.79;E0_1_4000m;5.00;173;173;10.38;27.92
3900.00;4200.00;1764.00;25.11;E0_0_4100m;5.00;147;146;9.73;25.25
3900.00;4200.00;2124.00;27.80;E0_1_4100m;5.00;177;177;10.61;27.92
3900.00;4200.00;1800.00;25.07;E0_0_4200m;5.00;150;150;9.97;25.21
3900.00;4200.00;2124.00;27.91;E0_1_4200m;5.00;177;176;10.51;28.04
3900.00;4200.00;1836.00;25.12;E0_0_4300m;5.00;153;152;10.14;25.26
3900.00;4200.00;2088.00;27.89;E0_1_4300m;5.00;174;174;10.40;28.03
3900.00;4200.00;1812.00;25.18;E0_0_4400m;5.00;151;151;10.00;25.30
3900.00;4200.00;2100.00;27.82;E0_1_4400m;5.00;175;175;10.49;27.94
3900.00;4200.00;1800.00;25.04;E0_0_4500m;5.00;150;150;9.99;25.16
3900.00;4200.00;2088.00;27.74;E0_1_4500m;5.00;174;174;10.46;27.85
3900.00;4200.00;1848.00;24.92;E0_0_4600m;5.00;154;154;10.30;25.05
3900.00;4200.00;2100.00;27.66;E0_1_4600m;5.00;175;175;10.54;27.77
3900.00;4200.00;1836.00;24.88;E0_0_4700m;5.00;153;153;10.25;25.01
3900.00;4200.00;2148.00;27.54;E0_1_4700m;5.00;179;179;10.83;27.63
3900.00;4200.00;1848.00;24.91;E0_0_4800m;5.00;154;154;10.31;25.04
3900.00;4200.00;2136.00;27.39;E0_1_4800m;5.00;178;178;10.83;27.47
3900.00;4200.00;1896.00;24.93;E0_0_4900m;5.00;158;158;10.56;25.05
3900.00;4200.00;2148.00;27.33;E0_1_4900m;5.00;179;178;10.90;27.41
3900.00;4200.00;1920.00;24.94;E0_0_5000m;5.00;160;160;10.69;25.07
3900.00;4200.00;2148.00;27.26;E0_1_5000m;5.00;179;179;10.94;27.35
4200.00;4500.00;0.00;-1.00;E0_0_0m;-1.00;0;0;0.00;-1.00
4200.00;4500.00;0.00;-1.00;E0_1_0m;-1.00;0;0;0.00;-1.00
4200.00;4500.00;2256.00;27.06;E0_0_100m;5.00;188;188;11.58;27.13
4200.00;4500.00;2184.00;28.41;E0_1_100m;5.00;182;182;10.68;28.55
4200.00;4500.00;2184.00;26.92;E0_0_200m;5.00;182;182;11.27;27.02
4200.00;4500.00;2256.00;28.58;E0_1_200m;5.00;188;188;10.96;28.72
4200.00;4500.00;2148.00;26.53;E0_0_300m;5.00;179;179;11.25;26.64
4200.00;4500.00;2280.00;28.44;E0_1_300m;5.00;190;190;11.14;28.57
4200.00;4500.00;2160.00;26.37;E0_0_400m;5.00;180;180;11.38;26.49
4200.00;4500.00;2292.00;28.34;E0_1_400m;5.00;191;191;11.23;28.47
4200.00;4500.00;2136.00;26.42;E0_0_500m;5.00;178;178;11.23;26.52
4200.00;4500.00;2328.00;28.10;E0_1_500m;5.00;194;194;11.51;28.21
4200.00;4500.00;2148.00;26.41;E0_0_600m;5.00;179;179;11.30;26.50
4200.00;4500.00;2328.00;27.90;E0_1_600m;5.00;194;194;11.59;27.99
4200.00;4500.00;2148.00;26.39;E0_0_700m;5.00;179;179;11.31;26.48
4200.00;4500.00;2328.00;27.86;E0_1_700m;5.00;194;194;11.60;27.95
4200.00;4500.00;2112.00;26.32;E0_0_800m;5.00;176;177;11.20;26.41
4200.00;4500.00;2328.00;27.81;E0_1_800m;5.00;194;195;11.64;27.95
4200.00;4500.00;2076.00;26.34;E0_0_900m;5.00;173;173;10.95;26.42
4200.00;4500.00;2340.00;27.73;E0_1_900m;5.00;195;195;11.72;27.82
4200.00;4500.00;2064.00;26.37;E0_0_1000m;5.00;172;173;10.94;26.46
4200.00;4500.00;2304.00;27.84;E0_1_1000m;5.00;192;193;11.54;27.93
4200.00;4500.00;2028.00;26.39;E0_0_1100m;5.00;169;169;10.67;26.46
4200.00;4500.00;2328.00;27.78;E0_1_1100m;5.00;194;193;11.60;27.87
4200.00;4500.00;2004.00;26.42;E0_0_1200m;5.00;167;167;10.53;26.49
4200.00;4500.00;2328.00;27.82;E0_1_1200m;5.00;194;194;11.62;27.91
4200.00;4500.00;1968.00;26.32;E0_0_1300m;5.00;164;164;10.39;26.41
4200.00;4500.00;2328.00;27.75;E0_1_1300m;5.00;194;194;11.65;27.83
4200.00;4500.00;1980.00;26.21;E0_0_1400m;5.00;165;165;10.49;26.31
4200.00;4500.00;2304.00;27.61;E0_1_1400m;5.00;192;192;11.59;27.67
4200.00;4500.00;1980.00;26.05;E0_0_1500m;5.00;165;165;10.56;26.16
4200.00;4500.00;2340.00;27.50;E0_1_1500m;5.00;195;195;11.82;27.56
4200.00;4500.00;1992.00;26.02;E0_0_1600m;5.00;166;166;10.63;26.15
4200.00;4500.00;2316.00;27.43;E0_1_1600m;5.00;193;193;11.73;27.49
4200.00;4500.00;1992.00;25.91;E0_0_1700m;5.00;166;166;10.68;26.04
4200.00;4500.00;2316.00;27.36;E0_1_1700m;5.00;193;193;11.76;27.42
4200.00;4500.00;2028.00;25.78;E0_0_1800m;5.00;169;169;10.93;25.91
4200.00;4500.00;2328.00;27.30;E0_1_1800m;5.00;194;193;11.83;27.35
4200.00;4500.00;2040.00;25.80;E0_0_1900m;5.00;170;170;10.98;25.92
4200.00;4500.00;2328.00;27.24;E0_1_1900m;5.00;194;194;11.87;27.28
4200.00;4500.00;2052.00;25.88;E0_0_2000m;5.00;171;171;11.01;25.99
4200.00;4500.00;2316.00;27.22;E0_1_2000m;5.00;193;193;11.82;27.27
4200.00;4500.00;2064.00;25.87;E0_0_2100m;5.00;172;171;11.02;25.98
4200.00;4500.00;2292.00;27.20;E0_1_2100m;5.00;191;191;11.70;27.25
4200.00;4500.00;2016.00;25.87;E0_0_2200m;5.00;168;168;10.82;25.96
4200.00;4500.00;2304.00;27.07;E0_1_2200m;5.00;192;193;11.86;27.12
4200.00;4500.00;2004.00;25.84;E0_0_2300m;5.00;167;167;10.77;25.91
4200.00;4500.00;2316.00;26.95;E0_1_2300m;5.00;193;192;11.93;26.99
4200.00;4500.00;1956.00;25.87;E0_0_2400m;5.00;163;163;10.50;25.93
4200.00;4500.00;2292.00;26.89;E0_1_2400m;5.00;191;191;11.84;26.93
4200.00;4500.00;1932.00;25.83;E0_0_2500m;5.00;161;161;10.39;25.87
4200.00;4500.00;2244.00;26.82;E0_1_2500m;5.00;187;187;11.62;26.86
4200.00;4500.00;1908.00;25.91;E0_0_2600m;5.00;159;158;10.18;25.94
4200.00;4500.00;2268.00;26.78;E0_1_2600m;5.00;189;190;11.82;26.82
4200.00;4500.00;1908.00;25.97;E0_0_2700m;5.00;159;159;10.20;25.99
4200.00;4500.00;2268.00;26.74;E0_1_2700m;5.00;189;189;11.78;26.78
4200.00;4500.00;1908.00;26.05;E0_0_2800m;5.00;159;159;10.17;26.07
4200.00;4500.00;2280.00;26.71;E0_1_2800m;5.00;190;190;11.86;26.75
4200.00;4500.00;1932.00;26.16;E0_0_2900m;5.00;161;161;10.26;26.17
4200.00;4500.00;2268.00;26.68;E0_1_2900m;5.00;189;189;11.81;26.73
4200.00;4500.00;1932.00;26.12;E0_0_3000m;5.00;161;161;10.27;26.13
4200.00;4500.00;2256.00;26.70;E0_1_3000m;5.00;188;188;11.74;26.74
4200.00;4500.00;1884.00;26.07;E0_0_3100m;5.00;157;157;10.04;26.09
4200.00;4500.00;2244.00;26.68;E0_1_3100m;5.00;187;187;11.68;26.72
4200.00;4500.00;1896.00;26.06;E0_0_3200m;5.00;158;158;10.11;26.08
4200.00;4500.00;2232.00;26.65;E0_1_3200m;5.00;186;186;11.63;26.69
4200.00;4500.00;1884.00;26.17;E0_0_3300m;5.00;157;157;10.00;26.19
4200.00;4500.00;2244.00;26.59;E0_1_3300m;5.00;187;187;11.72;26.62
4200.00;4500.00;1884.00;26.13;E0_0_3400m;5.00;157;157;10.01;26.15
4200.00;4500.00;2268.00;26.60;E0_1_3400m;5.00;189;189;11.84;26.63
4200.00;4500.00;1932.00;26.00;E0_0_3500m;5.00;161;160;10.29;26.03
4200.00;4500.00;2268.00;26.65;E0_1_3500m;5.00;189;189;11.82;26.69
4200.00;4500.00;1944.00;25.94;E0_0_3600m;5.00;162;162;10.41;25.98
4200.00;4500.00;2256.00;26.68;E0_1_3600m;5.00;188;188;11.74;26.72
4200.00;4500.00;1944.00;25.93;E0_0_3700m;5.00;162;162;10.41;25.96
4200.00;4500.00;2256.00;26.68;E0_1_3700m;5.00;188;188;11.75;26.72
4200.00;4500.00;1920.00;25.89;E0_0_3800m;5.00;160;160;10.30;25.93
4200.00;4500.00;2244.00;26.66;E0_1_3800m;5.00;187;188;11.74;26.71
4200.00;4500.00;1920.00;25.93;E0_0_3900m;5.00;160;160;10.28;25.96
4200.00;4500.00;2256.00;26.70;E0_1_3900m;5.00;188;188;11.74;26.74
4200.00;4500.00;1896.00;25.99;E0_0_4000m;5.00;158;158;10.13;26.02
4200.00;4500.00;2256.00;26.73;E0_1_4000m;5.00;188;188;11.72;26.78
4200.00;4500.00;1872.00;26.10;E0_0_4100m;5.00;156;156;9.96;26.12
4200.00;4500.00;2232.00;26.71;E0_1_4100m;5.00;186;186;11.60;26.77
4200.00;4500.00;1848.00;26.14;E0_0_4200m;5.00;154;154;9.82;26.16
4200.00;4500.00;2220.00;26.74;E0_1_4200m;5.00;185;185;11.53;26.79
4200.00;4500.00;1848.00;26.15;E0_0_4300m;5.00;154;154;9.82;26.16
4200.00;4500.00;2220.00;26.80;E0_1_4300m;5.00;185;185;11.50;26.86
4200.00;4500.00;1848.00;26.16;E0_0_4400m;5.00;154;154;9.81;26.19
4200.00;4500.00;2184.00;26.87;E0_1_4400m;5.00;182;183;11.33;26.94
4200.00;4500.00;1812.00;26.11;E0_0_4500m;5.00;151;152;9.64;26.15
4200.00;4500.00;2184.00;26.88;E0_1_4500m;5.00;182;182;11.28;26.95
4200.00;4500.00;1776.00;26.08;E0_0_4600m;5.00;148;149;9.49;26.12
4200.00;4500.00;2148.00;26.91;E0_1_4600m;5.00;179;179;11.09;26.98
4200.00;4500.00;1764.00;26.16;E0_0_4700m;5.00;147;147;9.37;26.19
4200.00;4500.00;2124.00;26.98;E0_1_4700m;5.00;177;177;10.94;27.06
4200.00;4500.00;1752.00;26.20;E0_0_4800m;5.00;146;146;9.29;26.24
4200.00;4500.00;2112.00;27.04;E0_1_4800m;5.00;176;176;10.85;27.14
4200.00;4500.00;1728.00;26.22;E0_0_4900m;5.00;144;144;9.15;26.26
4200.00;4500.00;2088.00;27.10;E0_1_4900m;5.00;174;174;10.70;27.21
4200.00;4500.00;1692.00;26.26;E0_0_5000m;5.00;141;141;8.95;26.30
4200.00;4500.00;2088.00;27.17;E0_1_5000m;5.00;174;174;10.67;27.29
4500.00;4800.00;0.00;-1.00;E0_0_0m;-1.00;0;0;0.00;-1.00
4500.00;4800.00;0.00;-1.00;E0_1_0m;-1.00;0;0;0.00;-1.00
4500.00;4800.00;1812.00;25.92;E0_0_100m;5.00;151;152;9.75;26.05
4500.00;4800.00;2244.00;27.35;E0_1_100m;5.00;187;187;11.39;27.46
4500.00;4800.00;1860.00;25.81;E0_0_200m;5.00;155;155;10.01;25.96
4500.00;4800.00;2220.00;27.42;E0_1_200m;5.00;185;185;11.25;27.58
4500.00;4800.00;1872.00;25.71;E0_0_300m;5.00;156;157;10.16;25.89
4500.00;4800.00;2196.00;27.49;E0_1_300m;5.00;183;183;11.10;27.70
4500.00;4800.00;1860.00;25.56;E0_0_400m;5.00;155;155;10.11;25.76
4500.00;4800.00;2208.00;27.38;E0_1_400m;5.00;184;184;11.20;27.61
4500.00;4800.00;1884.00;25.64;E0_0_500m;5.00;157;157;10.21;25.80
4500.00;4800.00;2208.00;27.41;E0_1_500m;5.00;184;184;11.19;27.64
4500.00;4800.00;1908.00;25.63;E0_0_600m;5.00;159;159;10.34;25.77
4500.00;4800.00;2172.00;27.53;E0_1_600m;5.00;181;181;10.96;27.74
4500.00;4800.00;1872.00;25.63;E0_0_700m;5.00;156;156;10.14;25.76
4500.00;4800.00;2232.00;27.41;E0_1_700m;5.00;186;186;11.31;27.59
4500.00;4800.00;1848.00;25.59;E0_0_800m;5.00;154;154;10.03;25.71
4500.00;4800.00;2244.00;27.33;E0_1_800m;5.00;187;186;11.39;27.47
4500.00;4800.00;1836.00;25.53;E0_0_900m;5.00;153;153;9.99;25.66
4500.00;4800.00;2244.00;27.37;E0_1_900m;5.00;187;188;11.42;27.46
4500.00;4800.00;1860.00;25.51;E0_0_1000m;5.00;155;154;10.06;25.64
4500.00;4800.00;2244.00;27.40;E0_1_1000m;5.00;187;187;11.38;27.48
4500.00;4800.00;1824.00;25.47;E0_0_1100m;5.00;152;153;9.95;25.60
4500.00;4800.00;2280.00;27.35;E0_1_1100m;5.00;190;190;11.58;27.43
4500.00;4800.00;1836.00;25.52;E0_0_1200m;5.00;153;153;9.99;25.64
4500.00;4800.00;2280.00;27.34;E0_1_1200m;5.00;190;190;11.58;27.42
4500.00;4800.00;1848.00;25.52;E0_0_1300m;5.00;154;154;10.06;25.66
4500.00;4800.00;2292.00;27.28;E0_1_1300m;5.00;191;191;11.67;27.36
4500.00;4800.00;1860.00;25.48;E0_0_1400m;5.00;155;155;10.14;25.62
4500.00;4800.00;2304.00;27.23;E0_1_1400m;5.00;192;193;11.78;27.33
4500.00;4800.00;1824.00;25.38;E0_0_1500m;5.00;152;152;9.98;25.49
4500.00;4800.00;2340.00;27.20;E0_1_1500m;5.00;195;195;11.95;27.27
4500.00;4800.00;1836.00;25.29;E0_0_1600m;5.00;153;153;10.08;25.39
4500.00;4800.00;2316.00;27.22;E0_1_1600m;5.00;193;193;11.82;27.28
4500.00;4800.00;1824.00;25.22;E0_0_1700m;5.00;152;152;10.05;25.32
4500.00;4800.00;2328.00;27.31;E0_1_1700m;5.00;194;194;11.84;27.36
4500.00;4800.00;1860.00;25.23;E0_0_1800m;5.00;155;155;10.24;25.33
4500.00;4800.00;2256.00;27.39;E0_1_1800m;5.00;188;188;11.44;27.45
4500.00;4800.00;1836.00;25.12;E0_0_1900m;5.00;153;153;10.15;25.22
4500.00;4800.00;2268.00;27.37;E0_1_1900m;5.00;189;189;11.51;27.44
4500.00;4800.00;1848.00;25.03;E0_0_2000m;5.00;154;155;10.28;25.13
4500.00;4800.00;2280.00;27.34;E0_1_2000m;5.00;190;190;11.58;27.42
4500.00;4800.00;1884.00;25.05;E0_0_2100m;5.00;157;157;10.45;25.15
4500.00;4800.00;2304.00;27.42;E0_1_2100m;5.00;192;192;11.67;27.50
4500.00;4800.00;1932.00;24.96;E0_0_2200m;5.00;161;161;10.75;25.07
4500.00;4800.00;2340.00;27.36;E0_1_2200m;5.00;195;194;11.84;27.46
4500.00;4800.00;1980.00;24.83;E0_0_2300m;5.00;165;165;11.08;24.94
4500.00;4800.00;2316.00;27.33;E0_1_2300m;5.00;193;193;11.77;27.43
4500.00;4800.00;1992.00;24.77;E0_0_2400m;5.00;166;166;11.17;24.87
4500.00;4800.00;2328.00;27.32;E0_1_2400m;5.00;194;194;11.83;27.42
4500.00;4800.00;1992.00;24.61;E0_0_2500m;5.00;166;166;11.24;24.72
4500.00;4800.00;2352.00;27.34;E0_1_2500m;5.00;196;196;11.95;27.43
4500.00;4800.00;1980.00;24.46;E0_0_2600m;5.00;165;165;11.24;24.57
4500.00;4800.00;2364.00;27.40;E0_1_2600m;5.00;197;196;11.93;27.48
4500.00;4800.00;1980.00;24.44;E0_0_2700m;5.00;165;165;11.25;24.54
4500.00;4800.00;2340.00;27.47;E0_1_2700m;5.00;195;196;11.83;27.55
4500.00;4800.00;1968.00;24.48;E0_0_2800m;5.00;164;164;11.17;24.58
4500.00;4800.00;2328.00;27.46;E0_1_2800m;5.00;194;194;11.77;27.54
4500.00;4800.00;1920.00;24.42;E0_0_2900m;5.00;160;160;10.92;24.51
4500.00;4800.00;2352.00;27.35;E0_1_2900m;5.00;196;197;11.96;27.43
4500.00;4800.00;1896.00;24.47;E0_0_3000m;5.00;158;158;10.76;24.56
4500.00;4800.00;2364.00;27.30;E0_1_3000m;5.00;197;198;12.07;27.38
4500.00;4800.00;1884.00;24.58;E0_0_3100m;5.00;157;157;10.65;24.67
4500.00;4800.00;2376.00;27.27;E0_1_3100m;5.00;198;199;12.16;27.36
4500.00;4800.00;1836.00;24.51;E0_0_3200m;5.00;153;154;10.42;24.61
4500.00;4800.00;2352.00;27.32;E0_1_3200m;5.00;196;196;11.96;27.40
4500.00;4800.00;1788.00;24.50;E0_0_3300m;5.00;149;150;10.14;24.60
4500.00;4800.00;2352.00;27.36;E0_1_3300m;5.00;196;196;11.94;27.44
4500.00;4800.00;1764.00;24.43;E0_0_3400m;5.00;147;147;10.03;24.54
4500.00;4800.00;2328.00;27.41;E0_1_3400m;5.00;194;194;11.80;27.50
4500.00;4800.00;1764.00;24.33;E0_0_3500m;5.00;147;147;10.07;24.42
4500.00;4800.00;2280.00;27.39;E0_1_3500m;5.00;190;190;11.56;27.47
4500.00;4800.00;1752.00;24.45;E0_0_3600m;5.00;146;146;9.95;24.56
4500.00;4800.00;2280.00;27.26;E0_1_3600m;5.00;190;191;11.66;27.35
4500.00;4800.00;1788.00;24.57;E0_0_3700m;5.00;149;149;10.11;24.67
4500.00;4800.00;2292.00;27.33;E0_1_3700m;5.00;191;191;11.65;27.44
4500.00;4800.00;1836.00;24.60;E0_0_3800m;5.00;153;154;10.37;24.71
4500.00;4800.00;2256.00;27.33;E0_1_3800m;5.00;188;188;11.43;27.45
4500.00;4800.00;1848.00;24.50;E0_0_3900m;5.00;154;155;10.49;24.61
4500.00;4800.00;2280.00;27.30;E0_1_3900m;5.00;190;190;11.60;27.41
4500.00;4800.00;1872.00;24.59;E0_0_4000m;5.00;156;156;10.57;24.70
4500.00;4800.00;2316.00;27.23;E0_1_4000m;5.00;193;193;11.81;27.34
4500.00;4800.00;1872.00;24.70;E0_0_4100m;5.00;156;156;10.53;24.82
4500.00;4800.00;2304.00;27.22;E0_1_4100m;5.00;192;192;11.76;27.32
4500.00;4800.00;1872.00;24.77;E0_0_4200m;5.00;156;156;10.50;24.88
4500.00;4800.00;2292.00;27.22;E0_1_4200m;5.00;191;191;11.69;27.31
4500.00;4800.00;1848.00;24.74;E0_0_4300m;5.00;154;154;10.37;24.85
4500.00;4800.00;2304.00;27.27;E0_1_4300m;5.00;192;192;11.74;27.36
4500.00;4800.00;1848.00;24.77;E0_0_4400m;5.00;154;154;10.36;24.87
4500.00;4800.00;2292.00;27.30;E0_1_4400m;5.00;191;190;11.62;27.38
4500.00;4800.00;1860.00;24.91;E0_0_4500m;5.00;155;154;10.37;25.02
4500.00;4800.00;2280.00;27.33;E0_1_4500m;5.00;190;191;11.64;27.41
4500.00;4800.00;1872.00;24.93;E0_0_4600m;5.00;156;155;10.40;25.01
4500.00;4800.00;2268.00;27.30;E0_1_4600m;5.00;189;189;11.54;27.38
4500.00;4800.00;1896.00;24.91;E0_0_4700m;5.00;158;158;10.57;25.00
4500.00;4800.00;2268.00;27.13;E0_1_4700m;5.00;189;189;11.61;27.21
4500.00;4800.00;1884.00;24.90;E0_0_4800m;5.00;157;158;10.57;24.99
4500.00;4800.00;2292.00;27.04;E0_1_4800m;5.00;191;191;11.77;27.12
4500.00;4800.00;1944.00;25.01;E0_0_4900m;5.00;162;162;10.80;25.10
4500.00;4800.00;2256.00;27.04;E0_1_4900m;5.00;188;188;11.59;27.12
4500.00;4800.00;1944.00;25.14;E0_0_5000m;5.00;162;162;10.74;25.24
4500.00;4800.00;2304.00;26.97;E0_1_5000m;5.00;192;192;11.87;27.04
4800.00;5100.00;0.00;-1.00;E0_0_0m;-1.00;0;0;0.00;-1.00
4800.00;5100.00;0.00;-1.00;E0_1_0m;-1.00;0;0;0.00;-1.00
4800.00;5100.00;1920.00;26.70;E0_0_100m;5.00;160;160;9.99;26.82
4800.00;5100.00;2232.00;27.66;E0_1_100m;5.00;186;186;11.21;27.83
4800.00;5100.00;1920.00;26.52;E0_0_200m;5.00;160;160;10.05;26.65
4800.00;5100.00;2220.00;27.73;E0_1_200m;5.00;185;185;11.12;27.90
4800.00;5100.00;1908.00;26.38;E0_0_300m;5.00;159;158;10.00;26.51
4800.00;5100.00;2244.00;27.58;E0_1_300m;5.00;187;187;11.30;27.77
4800.00;5100.00;1860.00;26.37;E0_0_400m;5.00;155;155;9.80;26.49
4800.00;5100.00;2256.00;27.50;E0_1_400m;5.00;188;188;11.39;27.69
4800.00;5100.00;1812.00;26.22;E0_0_500m;5.00;151;152;9.64;26.34
4800.00;5100.00;2268.00;27.44;E0_1_500m;5.00;189;189;11.48;27.64
4800.00;5100.00;1824.00;26.07;E0_0_600m;5.00;152;152;9.72;26.20
4800.00;5100.00;2268.00;27.29;E0_1_600m;5.00;189;189;11.54;27.48
4800.00;5100.00;1824.00;25.82;E0_0_700m;5.00;152;152;9.81;25.93
4800.00;5100.00;2244.00;27.08;E0_1_700m;5.00;187;187;11.51;27.25
4800.00;5100.00;1836.00;25.64;E0_0_800m;5.00;153;153;9.95;25.75
4800.00;5100.00;2256.00;26.89;E0_1_800m;5.00;188;189;11.68;27.05
4800.00;5100.00;1848.00;25.40;E0_0_900m;5.00;154;154;10.10;25.50
4800.00;5100.00;2268.00;26.75;E0_1_900m;5.00;189;188;11.74;26.88
4800.00;5100.00;1860.00;25.28;E0_0_1000m;5.00;155;156;10.26;25.36
4800.00;5100.00;2256.00;26.72;E0_1_1000m;5.00;188;189;11.75;26.84
4800.00;5100.00;1884.00;25.30;E0_0_1100m;5.00;157;156;10.34;25.39
4800.00;5100.00;2256.00;26.73;E0_1_1100m;5.00;188;188;11.72;26.86
4800.00;5100.00;1884.00;25.35;E0_0_1200m;5.00;157;157;10.32;25.43
4800.00;5100.00;2268.00;26.70;E0_1_1200m;5.00;189;189;11.80;26.82
4800.00;5100.00;1884.00;25.25;E0_0_1300m;5.00;157;157;10.36;25.33
4800.00;5100.00;2268.00;26.56;E0_1_1300m;5.00;189;189;11.86;26.66
4800.00;5100.00;1884.00;25.17;E0_0_1400m;5.00;157;157;10.40;25.24
4800.00;5100.00;2256.00;26.51;E0_1_1400m;5.00;188;187;11.79;26.61
4800.00;5100.00;1824.00;25.11;E0_0_1500m;5.00;152;153;10.15;25.20
4800.00;5100.00;2268.00;26.49;E0_1_1500m;5.00;189;189;11.89;26.61
4800.00;5100.00;1860.00;25.09;E0_0_1600m;5.00;155;155;10.30;25.18
4800.00;5100.00;2244.00;26.41;E0_1_1600m;5.00;187;188;11.80;26.49
4800.00;5100.00;1860.00;25.09;E0_0_1700m;5.00;155;155;10.30;25.17
4800.00;5100.00;2244.00;26.30;E0_1_1700m;5.00;187;188;11.85;26.38
4800.00;5100.00;1860.00;25.01;E0_0_1800m;5.00;155;156;10.39;25.10
4800.00;5100.00;2220.00;26.27;E0_1_1800m;5.00;185;187;11.81;26.33
4800.00;5100.00;1836.00;25.01;E0_0_1900m;5.00;153;153;10.20;25.08
4800.00;5100.00;2232.00;26.24;E0_1_1900m;5.00;186;187;11.85;26.31
4800.00;5100.00;1812.00;24.99;E0_0_2000m;5.00;151;150;10.04;25.06
4800.00;5100.00;2232.00;26.27;E0_1_2000m;5.00;186;187;11.81;26.33
4800.00;5100.00;1800.00;24.98;E0_0_2100m;5.00;150;150;10.01;25.05
4800.00;5100.00;2256.00;26.27;E0_1_2100m;5.00;188;188;11.93;26.33
4800.00;5100.00;1776.00;25.00;E0_0_2200m;5.00;148;148;9.87;25.06
4800.00;5100.00;2208.00;26.33;E0_1_2200m;5.00;184;184;11.65;26.40
4800.00;5100.00;1776.00;25.12;E0_0_2300m;5.00;148;148;9.82;25.17
4800.00;5100.00;2184.00;26.38;E0_1_2300m;5.00;182;183;11.52;26.46
4800.00;5100.00;1752.00;25.21;E0_0_2400m;5.00;146;146;9.65;25.26
4800.00;5100.00;2196.00;26.43;E0_1_2400m;5.00;183;183;11.54;26.52
4800.00;5100.00;1776.00;25.19;E0_0_2500m;5.00;148;148;9.79;25.24
4800.00;5100.00;2196.00;26.40;E0_1_2500m;5.00;183;183;11.55;26.47
4800.00;5100.00;1776.00;25.15;E0_0_2600m;5.00;148;148;9.81;25.20
4800.00;5100.00;2220.00;26.34;E0_1_2600m;5.00;185;185;11.70;26.40
4800.00;5100.00;1800.00;25.06;E0_0_2700m;5.00;150;150;9.98;25.10
4800.00;5100.00;2208.00;26.35;E0_1_2700m;5.00;184;183;11.64;26.41
4800.00;5100.00;1836.00;24.94;E0_0_2800m;5.00;153;154;10.24;24.98
4800.00;5100.00;2184.00;26.32;E0_1_2800m;5.00;182;182;11.53;26.38
4800.00;5100.00;1824.00;24.91;E0_0_2900m;5.00;152;152;10.17;24.96
4800.00;5100.00;2208.00;26.28;E0_1_2900m;5.00;184;184;11.69;26.34
4800.00;5100.00;1836.00;24.98;E0_0_3000m;5.00;153;153;10.21;25.02
4800.00;5100.00;2220.00;26.26;E0_1_3000m;5.00;185;184;11.70;26.32
4800.00;5100.00;1848.00;24.91;E0_0_3100m;5.00;154;154;10.30;24.96
4800.00;5100.00;2208.00;26.25;E0_1_3100m;5.00;184;183;11.62;26.31
4800.00;5100.00;1884.00;24.80;E0_0_3200m;5.00;157;156;10.53;24.86
4800.00;5100.00;2208.00;26.22;E0_1_3200m;5.00;184;184;11.70;26.29
4800.00;5100.00;1920.00;24.71;E0_0_3300m;5.00;160;159;10.79;24.77
4800.00;5100.00;2208.00;26.14;E0_1_3300m;5.00;184;184;11.73;26.20
4800.00;5100.00;1908.00;24.68;E0_0_3400m;5.00;159;159;10.74;24.74
4800.00;5100.00;2244.00;26.06;E0_1_3400m;5.00;187;187;11.96;26.12
4800.00;5100.00;1920.00;24.60;E0_0_3500m;5.00;160;160;10.84;24.66
4800.00;5100.00;2244.00;26.07;E0_1_3500m;5.00;187;187;11.96;26.13
4800.00;5100.00;1932.00;24.58;E0_0_3600m;5.00;161;161;10.92;24.67
4800.00;5100.00;2220.00;26.05;E0_1_3600m;5.00;185;185;11.81;26.14
4800.00;5100.00;1896.00;24.53;E0_0_3700m;5.00;158;158;10.74;24.61
4800.00;5100.00;2220.00;26.06;E0_1_3700m;5.00;185;186;11.89;26.14
4800.00;5100.00;1872.00;24.42;E0_0_3800m;5.00;156;155;10.65;24.49
4800.00;5100.00;2232.00;26.09;E0_1_3800m;5.00;186;186;11.88;26.18
4800.00;5100.00;1848.00;24.29;E0_0_3900m;5.00;154;153;10.56;24.36
4800.00;5100.00;2208.00;26.17;E0_1_3900m;5.00;184;184;11.72;26.27
4800.00;5100.00;1836.00;24.33;E0_0_4000m;5.00;153;153;10.48;24.39
4800.00;5100.00;2172.00;26.30;E0_1_4000m;5.00;181;181;11.47;26.42
4800.00;5100.00;1836.00;24.32;E0_0_4100m;5.00;153;153;10.49;24.37
4800.00;5100.00;2196.00;26.42;E0_1_4100m;5.00;183;183;11.54;26.56
4800.00;5100.00;1812.00;24.29;E0_0_4200m;5.00;151;152;10.37;24.35
4800.00;5100.00;2232.00;26.59;E0_1_4200m;5.00;186;186;11.66;26.74
4800.00;5100.00;1812.00;24.31;E0_0_4300m;5.00;151;151;10.35;24.37
4800.00;5100.00;2232.00;26.76;E0_1_4300m;5.00;186;186;11.59;26.91
4800.00;5100.00;1812.00;24.33;E0_0_4400m;5.00;151;151;10.34;24.39
4800.00;5100.00;2232.00;26.90;E0_1_4400m;5.00;186;186;11.52;27.06
4800.00;5100.00;1836.00;24.39;E0_0_4500m;5.00;153;153;10.45;24.46
4800.00;5100.00;2196.00;26.97;E0_1_4500m;5.00;183;183;11.31;27.13
4800.00;5100.00;1836.00;24.40;E0_0_4600m;5.00;153;153;10.45;24.48
4800.00;5100.00;2196.00;26.97;E0_1_4600m;5.00;183;183;11.31;27.14
4800.00;5100.00;1812.00;24.39;E0_0_4700m;5.00;151;151;10.32;24.47
4800.00;5100.00;2196.00;27.03;E0_1_4700m;5.00;183;183;11.28;27.20
4800.00;5100.00;1788.00;24.43;E0_0_4800m;5.00;149;148;10.10;24.50
4800.00;5100.00;2208.00;27.06;E0_1_4800m;5.00;184;184;11.33;27.24
4800.00;5100.00;1764.00;24.57;E0_0_4900m;5.00;147;147;9.97;24.65
4800.00;5100.00;2196.00;27.22;E0_1_4900m;5.00;183;183;11.21;27.41
4800.00;5100.00;1764.00;24.50;E0_0_5000m;5.00;147;148;10.07;24.57
4800.00;5100.00;2160.00;27.24;E0_1_5000m;5.00;180;180;11.01;27.42
5100.00;5400.00;0.00;-1.00;E0_0_0m;-1.00;0;0;0.00;-1.00
5100.00;5400.00;0.00;-1.00;E0_1_0m;-1.00;0;0;0.00;-1.00
5100.00;5400.00;1704.00;25.94;E0_0_100m;5.00;142;143;9.15;26.14
5100.00;5400.00;2100.00;27.40;E0_1_100m;5.00;175;175;10.64;27.58
5100.00;5400.00;1752.00;25.89;E0_0_200m;5.00;146;146;9.40;26.11
5100.00;5400.00;2064.00;27.82;E0_1_200m;5.00;172;172;10.31;28.04
5100.00;5400.00;1788.00;25.86;E0_0_300m;5.00;149;149;9.60;26.07
5100.00;5400.00;2028.00;27.65;E0_1_300m;5.00;169;169;10.19;27.89
5100.00;5400.00;1812.00;25.78;E0_0_400m;5.00;151;151;9.76;25.98
5100.00;5400.00;2064.00;27.39;E0_1_400m;5.00;172;172;10.47;27.64
5100.00;5400.00;1764.00;25.45;E0_0_500m;5.00;147;147;9.59;25.67
5100.00;5400.00;2124.00;27.21;E0_1_500m;5.00;177;177;10.84;27.46
5100.00;5400.00;1776.00;25.49;E0_0_600m;5.00;148;148;9.68;25.70
5100.00;5400.00;2124.00;27.14;E0_1_600m;5.00;177;177;10.87;27.37
5100.00;5400.00;1800.00;25.59;E0_0_700m;5.00;150;151;9.80;25.77
5100.00;5400.00;2148.00;27.07;E0_1_700m;5.00;179;179;11.02;27.29
5100.00;5400.00;1764.00;25.45;E0_0_800m;5.00;147;149;9.72;25.63
5100.00;5400.00;2160.00;27.08;E0_1_800m;5.00;180;179;11.04;27.34
5100.00;5400.00;1800.00;25.49;E0_0_900m;5.00;150;150;9.81;25.67
5100.00;5400.00;2148.00;26.96;E0_1_900m;5.00;179;179;11.06;27.21
5100.00;5400.00;1788.00;25.48;E0_0_1000m;5.00;149;149;9.76;25.65
5100.00;5400.00;2160.00;26.93;E0_1_1000m;5.00;180;179;11.12;27.17
5100.00;5400.00;1788.00;25.49;E0_0_1100m;5.00;149;149;9.74;25.65
5100.00;5400.00;2148.00;26.87;E0_1_1100m;5.00;179;179;11.10;27.10
5100.00;5400.00;1776.00;25.47;E0_0_1200m;5.00;148;148;9.69;25.61
5100.00;5400.00;2184.00;26.72;E0_1_1200m;5.00;182;182;11.35;26.92
5100.00;5400.00;1800.00;25.30;E0_0_1300m;5.00;150;150;9.88;25.45
5100.00;5400.00;2208.00;26.56;E0_1_1300m;5.00;184;184;11.55;26.73
5100.00;5400.00;1764.00;25.13;E0_0_1400m;5.00;147;147;9.75;25.29
5100.00;5400.00;2220.00;26.36;E0_1_1400m;5.00;185;186;11.72;26.53
5100.00;5400.00;1776.00;25.01;E0_0_1500m;5.00;148;148;9.86;25.16
5100.00;5400.00;2232.00;26.24;E0_1_1500m;5.00;186;186;11.82;26.42
5100.00;5400.00;1776.00;24.94;E0_0_1600m;5.00;148;148;9.89;25.12
5100.00;5400.00;2220.00;26.17;E0_1_1600m;5.00;185;184;11.78;26.36
5100.00;5400.00;1752.00;24.90;E0_0_1700m;5.00;146;146;9.77;25.08
5100.00;5400.00;2232.00;26.22;E0_1_1700m;5.00;186;185;11.82;26.42
5100.00;5400.00;1776.00;24.86;E0_0_1800m;5.00;148;147;9.86;25.04
5100.00;5400.00;2220.00;26.23;E0_1_1800m;5.00;185;184;11.71;26.43
5100.00;5400.00;1776.00;24.59;E0_0_1900m;5.00;148;148;10.03;24.76
5100.00;5400.00;2220.00;26.17;E0_1_1900m;5.00;185;184;11.75;26.36
5100.00;5400.00;1788.00;24.27;E0_0_2000m;5.00;149;149;10.23;24.47
5100.00;5400.00;2208.00;26.14;E0_1_2000m;5.00;184;184;11.75;26.34
5100.00;5400.00;1776.00;24.15;E0_0_2100m;5.00;148;148;10.21;24.35
5100.00;5400.00;2184.00;26.20;E0_1_2100m;5.00;182;182;11.58;26.42
5100.00;5400.00;1788.00;24.02;E0_0_2200m;5.00;149;149;10.34;24.21
5100.00;5400.00;2172.00;26.15;E0_1_2200m;5.00;181;181;11.54;26.38
5100.00;5400.00;1788.00;23.97;E0_0_2300m;5.00;149;149;10.36;24.16
5100.00;5400.00;2172.00;25.95;E0_1_2300m;5.00;181;180;11.60;26.15
5100.00;5400.00;1776.00;23.95;E0_0_2400m;5.00;148;148;10.30;24.13
5100.00;5400.00;2220.00;25.83;E0_1_2400m;5.00;185;185;11.94;26.02
5100.00;5400.00;1764.00;23.98;E0_0_2500m;5.00;147;147;10.22;24.18
5100.00;5400.00;2184.00;25.73;E0_1_2500m;5.00;182;182;11.79;25.92
5100.00;5400.00;1788.00;23.92;E0_0_2600m;5.00;149;149;10.38;24.13
5100.00;5400.00;2160.00;25.61;E0_1_2600m;5.00;180;181;11.75;25.80
5100.00;5400.00;1788.00;23.88;E0_0_2700m;5.00;149;149;10.40;24.09
5100.00;5400.00;2160.00;25.52;E0_1_2700m;5.00;180;180;11.75;25.71
5100.00;5400.00;1776.00;23.89;E0_0_2800m;5.00;148;147;10.31;24.11
5100.00;5400.00;2172.00;25.45;E0_1_2800m;5.00;181;181;11.85;25.63
5100.00;5400.00;1776.00;23.87;E0_0_2900m;5.00;148;148;10.34;24.07
5100.00;5400.00;2196.00;25.29;E0_1_2900m;5.00;183;182;12.02;25.45
5100.00;5400.00;1800.00;23.84;E0_0_3000m;5.00;150;150;10.49;24.03
5100.00;5400.00;2196.00;25.16;E0_1_3000m;5.00;183;184;12.15;25.29
5100.00;5400.00;1836.00;23.86;E0_0_3100m;5.00;153;153;10.69;24.05
5100.00;5400.00;2196.00;24.93;E0_1_3100m;5.00;183;183;12.23;25.03
5100.00;5400.00;1836.00;23.79;E0_0_3200m;5.00;153;153;10.72;23.98
5100.00;5400.00;2220.00;24.86;E0_1_3200m;5.00;185;185;12.40;24.95
5100.00;5400.00;1860.00;23.81;E0_0_3300m;5.00;155;155;10.85;23.99
5100.00;5400.00;2232.00;24.82;E0_1_3300m;5.00;186;186;12.49;24.91
5100.00;5400.00;1848.00;23.77;E0_0_3400m;5.00;154;154;10.80;23.96
5100.00;5400.00;2244.00;24.82;E0_1_3400m;5.00;187;187;12.56;24.91
5100.00;5400.00;1860.00;23.80;E0_0_3500m;5.00;155;155;10.85;23.98
5100.00;5400.00;2268.00;24.93;E0_1_3500m;5.00;189;189;12.64;25.04
5100.00;5400.00;1848.00;23.82;E0_0_3600m;5.00;154;154;10.78;24.00
5100.00;5400.00;2316.00;25.02;E0_1_3600m;5.00;193;192;12.84;25.14
5100.00;5400.00;1872.00;24.02;E0_0_3700m;5.00;156;156;10.83;24.21
5100.00;5400.00;2328.00;25.16;E0_1_3700m;5.00;194;193;12.79;25.28
5100.00;5400.00;1896.00;24.07;E0_0_3800m;5.00;158;158;10.94;24.27
5100.00;5400.00;2328.00;25.33;E0_1_3800m;5.00;194;194;12.76;25.47
5100.00;5400.00;1872.00;24.03;E0_0_3900m;5.00;156;157;10.85;24.22
5100.00;5400.00;2364.00;25.56;E0_1_3900m;5.00;197;197;12.84;25.71
5100.00;5400.00;1860.00;23.99;E0_0_4000m;5.00;155;156;10.79;24.17
5100.00;5400.00;2364.00;25.81;E0_1_4000m;5.00;197;197;12.72;25.97
5100.00;5400.00;1860.00;23.94;E0_0_4100m;5.00;155;156;10.84;24.12
5100.00;5400.00;2340.00;26.01;E0_1_4100m;5.00;195;195;12.50;26.18
5100.00;5400.00;1860.00;23.85;E0_0_4200m;5.00;155;155;10.82;24.03
5100.00;5400.00;2328.00;26.11;E0_1_4200m;5.00;194;194;12.38;26.29
5100.00;5400.00;1860.00;23.75;E0_0_4300m;5.00;155;155;10.88;23.92
5100.00;5400.00;2328.00;26.11;E0_1_4300m;5.00;194;195;12.41;26.29
5100.00;5400.00;1860.00;23.78;E0_0_4400m;5.00;155;155;10.86;23.95
5100.00;5400.00;2328.00;26.02;E0_1_4400m;5.00;194;195;12.49;26.21
5100.00;5400.00;1896.00;23.76;E0_0_4500m;5.00;158;158;11.08;23.91
5100.00;5400.00;2304.00;25.88;E0_1_4500m;5.00;192;192;12.36;26.05
5100.00;5400.00;1884.00;23.82;E0_0_4600m;5.00;157;157;10.99;23.96
5100.00;5400.00;2316.00;25.70;E0_1_4600m;5.00;193;193;12.52;25.85
5100.00;5400.00;1872.00;23.86;E0_0_4700m;5.00;156;156;10.90;23.98
5100.00;5400.00;2304.00;25.57;E0_1_4700m;5.00;192;192;12.52;25.72
5100.00;5400.00;1872.00;23.82;E0_0_4800m;5.00;156;156;10.92;23.93
5100.00;5400.00;2304.00;25.45;E0_1_4800m;5.00;192;192;12.57;25.60
5100.00;5400.00;1860.00;23.74;E0_0_4900m;5.00;155;156;10.95;23.84
5100.00;5400.00;2304.00;25.40;E0_1_4900m;5.00;192;192;12.60;25.55
5100.00;5400.00;1860.00;23.66;E0_0_5000m;5.00;155;154;10.85;23.75
5100.00;5400.00;2292.00;25.40;E0_1_5000m;5.00;191;191;12.53;25.55
5400.00;5700.00;0.00;-1.00;E0_0_0m;-1.00;0;0;0.00;-1.00
5400.00;5700.00;0.00;-1.00;E0_1_0m;-1.00;0;0;0.00;-1.00
5400.00;5700.00;1800.00;26.46;E0_0_100m;5.00;150;150;9.45;26.62
5400.00;5700.00;2256.00;28.15;E0_1_100m;5.00;188;188;11.13;28.29
5400.00;5700.00;1860.00;26.54;E0_0_200m;5.00;155;155;9.73;26.71
5400.00;5700.00;2208.00;28.44;E0_1_200m;5.00;184;184;10.78;28.63
5400.00;5700.00;1872.00;26.42;E0_0_300m;5.00;156;156;9.84;26.57
5400.00;5700.00;2220.00;28.23;E0_1_300m;5.00;185;185;10.92;28.45
5400.00;5700.00;1896.00;26.07;E0_0_400m;5.00;158;158;10.10;26.18
5400.00;5700.00;2160.00;28.09;E0_1_400m;5.00;180;180;10.68;28.33
5400.00;5700.00;1872.00;25.82;E0_0_500m;5.00;156;156;10.07;25.93
5400.00;5700.00;2184.00;27.87;E0_1_500m;5.00;182;182;10.88;28.11
5400.00;5700.00;1812.00;25.69;E0_0_600m;5.00;151;151;9.79;25.82
5400.00;5700.00;2232.00;27.57;E0_1_600m;5.00;186;186;11.24;27.78
5400.00;5700.00;1812.00;25.77;E0_0_700m;5.00;151;151;9.77;25.87
5400.00;5700.00;2208.00;27.41;E0_1_700m;5.00;184;184;11.19;27.60
5400.00;5700.00;1812.00;25.74;E0_0_800m;5.00;151;150;9.75;25.84
5400.00;5700.00;2256.00;27.23;E0_1_800m;5.00;188;188;11.51;27.40
5400.00;5700.00;1812.00;25.68;E0_0_900m;5.00;151;151;9.80;25.77
5400.00;5700.00;2232.00;27.12;E0_1_900m;5.00;186;186;11.43;27.28
5400.00;5700.00;1800.00;25.63;E0_0_1000m;5.00;150;149;9.70;25.73
5400.00;5700.00;2280.00;27.05;E0_1_1000m;5.00;190;190;11.71;27.20
5400.00;5700.00;1812.00;25.48;E0_0_1100m;5.00;151;151;9.88;25.59
5400.00;5700.00;2268.00;26.99;E0_1_1100m;5.00;189;189;11.67;27.15
5400.00;5700.00;1812.00;25.42;E0_0_1200m;5.00;151;151;9.90;25.52
5400.00;5700.00;2244.00;26.89;E0_1_1200m;5.00;187;187;11.59;27.06
5400.00;5700.00;1812.00;25.39;E0_0_1300m;5.00;151;151;9.91;25.47
5400.00;5700.00;2196.00;26.72;E0_1_1300m;5.00;183;183;11.41;26.90
5400.00;5700.00;1800.00;25.32;E0_0_1400m;5.00;150;150;9.88;25.40
5400.00;5700.00;2220.00;26.60;E0_1_1400m;5.00;185;184;11.57;26.78
5400.00;5700.00;1800.00;25.18;E0_0_1500m;5.00;150;150;9.93;25.27
5400.00;5700.00;2208.00;26.54;E0_1_1500m;5.00;184;184;11.55;26.73
5400.00;5700.00;1836.00;25.08;E0_0_1600m;5.00;153;153;10.17;25.16
5400.00;5700.00;2196.00;26.53;E0_1_1600m;5.00;183;183;11.50;26.74
5400.00;5700.00;1848.00;24.96;E0_0_1700m;5.00;154;154;10.28;25.04
5400.00;5700.00;2184.00;26.46;E0_1_1700m;5.00;182;182;11.46;26.67
5400.00;5700.00;1824.00;24.93;E0_0_1800m;5.00;152;152;10.16;25.00
5400.00;5700.00;2208.00;26.28;E0_1_1800m;5.00;184;185;11.71;26.48
5400.00;5700.00;1788.00;24.91;E0_0_1900m;5.00;149;149;9.97;24.98
5400.00;5700.00;2244.00;26.16;E0_1_1900m;5.00;187;187;11.92;26.35
5400.00;5700.00;1776.00;24.84;E0_0_2000m;5.00;148;148;9.93;24.90
5400.00;5700.00;2256.00;26.12;E0_1_2000m;5.00;188;187;11.96;26.33
5400.00;5700.00;1776.00;24.83;E0_0_2100m;5.00;148;148;9.94;24.89
5400.00;5700.00;2220.00;26.09;E0_1_2100m;5.00;185;185;11.82;26.31
5400.00;5700.00;1800.00;24.80;E0_0_2200m;5.00;150;150;10.08;24.86
5400.00;5700.00;2220.00;26.14;E0_1_2200m;5.00;185;185;11.80;26.38
5400.00;5700.00;1836.00;24.71;E0_0_2300m;5.00;153;153;10.32;24.77
5400.00;5700.00;2208.00;26.10;E0_1_2300m;5.00;184;184;11.75;26.36
5400.00;5700.00;1812.00;24.72;E0_0_2400m;5.00;151;151;10.18;24.78
5400.00;5700.00;2196.00;26.07;E0_1_2400m;5.00;183;183;11.70;26.32
5400.00;5700.00;1812.00;24.74;E0_0_2500m;5.00;151;151;10.17;24.80
5400.00;5700.00;2208.00;26.09;E0_1_2500m;5.00;184;184;11.76;26.34
5400.00;5700.00;1824.00;24.79;E0_0_2600m;5.00;152;152;10.22;24.86
5400.00;5700.00;2220.00;26.10;E0_1_2600m;5.00;185;184;11.78;26.35
5400.00;5700.00;1812.00;24.79;E0_0_2700m;5.00;151;151;10.15;24.85
5400.00;5700.00;2256.00;26.07;E0_1_2700m;5.00;188;189;12.05;26.31
5400.00;5700.00;1800.00;24.73;E0_0_2800m;5.00;150;150;10.11;24.80
5400.00;5700.00;2256.00;26.06;E0_1_2800m;5.00;188;188;12.02;26.29
5400.00;5700.00;1788.00;24.71;E0_0_2900m;5.00;149;150;10.07;24.78
5400.00;5700.00;2244.00;26.05;E0_1_2900m;5.00;187;187;11.96;26.30
5400.00;5700.00;1764.00;24.68;E0_0_3000m;5.00;147;148;9.93;24.75
5400.00;5700.00;2220.00;25.92;E0_1_3000m;5.00;185;184;11.86;26.17
5400.00;5700.00;1728.00;24.65;E0_0_3100m;5.00;144;144;9.74;24.72
5400.00;5700.00;2220.00;25.85;E0_1_3100m;5.00;185;185;11.93;26.10
5400.00;5700.00;1740.00;24.69;E0_0_3200m;5.00;145;145;9.79;24.77
5400.00;5700.00;2196.00;25.80;E0_1_3200m;5.00;183;183;11.82;26.04
5400.00;5700.00;1728.00;24.73;E0_0_3300m;5.00;144;144;9.71;24.80
5400.00;5700.00;2184.00;25.73;E0_1_3300m;5.00;182;182;11.79;25.96
5400.00;5700.00;1728.00;24.70;E0_0_3400m;5.00;144;144;9.72;24.78
5400.00;5700.00;2172.00;25.73;E0_1_3400m;5.00;181;181;11.73;25.96
5400.00;5700.00;1752.00;24.68;E0_0_3500m;5.00;146;146;9.86;24.77
5400.00;5700.00;2124.00;25.66;E0_1_3500m;5.00;177;177;11.50;25.88
5400.00;5700.00;1752.00;24.67;E0_0_3600m;5.00;146;147;9.90;24.76
5400.00;5700.00;2112.00;25.54;E0_1_3600m;5.00;176;177;11.49;25.76
5400.00;5700.00;1728.00;24.63;E0_0_3700m;5.00;144;144;9.74;24.72
5400.00;5700.00;2112.00;25.48;E0_1_3700m;5.00;176;176;11.51;25.70
5400.00;5700.00;1716.00;24.63;E0_0_3800m;5.00;143;143;9.68;24.72
5400.00;5700.00;2088.00;25.35;E0_1_3800m;5.00;174;174;11.44;25.55
5400.00;5700.00;1692.00;24.55;E0_0_3900m;5.00;141;140;9.54;24.64
5400.00;5700.00;2100.00;25.27;E0_1_3900m;5.00;175;176;11.58;25.46
5400.00;5700.00;1740.00;24.56;E0_0_4000m;5.00;145;144;9.82;24.64
5400.00;5700.00;2088.00;25.21;E0_1_4000m;5.00;174;174;11.50;25.39
5400.00;5700.00;1776.00;24.50;E0_0_4100m;5.00;148;147;10.02;24.57
5400.00;5700.00;2100.00;25.19;E0_1_4100m;5.00;175;175;11.58;25.37
5400.00;5700.00;1776.00;24.38;E0_0_4200m;5.00;148;147;10.12;24.45
5400.00;5700.00;2112.00;25.27;E0_1_4200m;5.00;176;176;11.61;25.45
5400.00;5700.00;1788.00;24.34;E0_0_4300m;5.00;149;149;10.20;24.43
5400.00;5700.00;2100.00;25.30;E0_1_4300m;5.00;175;176;11.58;25.48
5400.00;5700.00;1776.00;24.26;E0_0_4400m;5.00;148;148;10.17;24.37
5400.00;5700.00;2112.00;25.26;E0_1_4400m;5.00;176;176;11.60;25.42
5400.00;5700.00;1788.00;24.17;E0_0_4500m;5.00;149;149;10.27;24.31
5400.00;5700.00;2100.00;25.26;E0_1_4500m;5.00;175;175;11.55;25.41
5400.00;5700.00;1788.00;24.06;E0_0_4600m;5.00;149;149;10.32;24.21
5400.00;5700.00;2100.00;25.26;E0_1_4600m;5.00;175;176;11.55;25.41
5400.00;5700.00;1824.00;23.91;E0_0_4700m;5.00;152;152;10.59;24.06
5400.00;5700.00;2100.00;25.29;E0_1_4700m;5.00;175;175;11.53;25.43
5400.00;5700.00;1824.00;23.72;E0_0_4800m;5.00;152;152;10.68;23.87
5400.00;5700.00;2100.00;25.30;E0_1_4800m;5.00;175;176;11.54;25.43
5400.00;5700.00;1848.00;23.63;E0_0_4900m;5.00;154;154;10.86;23.79
5400.00;5700.00;2100.00;25.36;E0_1_4900m;5.00;175;175;11.50;25.47
5400.00;5700.00;1848.00;23.64;E0_0_5000m;5.00;154;155;10.90;23.81
5400.00;5700.00;2100.00;25.45;E0_1_5000m;5.00;175;175;11.46;25.56
5700.00;6000.00;0.00;-1.00;E0_0_0m;-1.00;0;0;0.00;-1.00
5700.00;6000.00;0.00;-1.00;E0_1_0m;-1.00;0;0;0.00;-1.00
5700.00;6000.00;1728.00;27.60;E0_0_100m;5.00;144;146;8.70;27.69
5700.00;6000.00;2016.00;28.77;E0_1_100m;5.00;168;169;9.76;28.96
5700.00;6000.00;1680.00;27.67;E0_0_200m;5.00;140;141;8.47;27.77
5700.00;6000.00;2040.00;29.14;E0_1_200m;5.00;170;170;9.72;29.29
5700.00;6000.00;1668.00;27.61;E0_0_300m;5.00;139;139;8.39;27.72
5700.00;6000.00;2016.00;29.11;E0_1_300m;5.00;168;168;9.62;29.28
5700.00;6000.00;1668.00;27.48;E0_0_400m;5.00;139;139;8.43;27.58
5700.00;6000.00;2028.00;28.93;E0_1_400m;5.00;169;169;9.74;29.09
5700.00;6000.00;1668.00;27.28;E0_0_500m;5.00;139;139;8.49;27.39
5700.00;6000.00;2052.00;28.76;E0_1_500m;5.00;171;171;9.91;28.91
5700.00;6000.00;1656.00;27.10;E0_0_600m;5.00;138;138;8.49;27.21
5700.00;6000.00;2076.00;28.67;E0_1_600m;5.00;173;174;10.10;28.82
5700.00;6000.00;1668.00;27.02;E0_0_700m;5.00;139;139;8.57;27.14
5700.00;6000.00;2064.00;28.53;E0_1_700m;5.00;172;172;10.05;28.67
5700.00;6000.00;1644.00;26.82;E0_0_800m;5.00;137;137;8.51;26.93
5700.00;6000.00;2064.00;28.45;E0_1_800m;5.00;172;173;10.10;28.58
5700.00;6000.00;1644.00;26.79;E0_0_900m;5.00;137;137;8.52;26.90
5700.00;6000.00;2100.00;28.38;E0_1_900m;5.00;175;175;10.28;28.50
5700.00;6000.00;1644.00;26.80;E0_0_1000m;5.00;137;137;8.52;26.92
5700.00;6000.00;2064.00;28.25;E0_1_1000m;5.00;172;172;10.15;28.37
5700.00;6000.00;1644.00;26.68;E0_0_1100m;5.00;137;137;8.56;26.81
5700.00;6000.00;2052.00;28.20;E0_1_1100m;5.00;171;172;10.13;28.32
5700.00;6000.00;1632.00;26.65;E0_0_1200m;5.00;136;136;8.51;26.77
5700.00;6000.00;2076.00;28.08;E0_1_1200m;5.00;173;173;10.27;28.19
5700.00;6000.00;1656.00;26.60;E0_0_1300m;5.00;138;138;8.65;26.73
5700.00;6000.00;2100.00;28.00;E0_1_1300m;5.00;175;175;10.41;28.10
5700.00;6000.00;1680.00;26.52;E0_0_1400m;5.00;140;140;8.80;26.64
5700.00;6000.00;2088.00;27.86;E0_1_1400m;5.00;174;174;10.41;27.94
5700.00;6000.00;1668.00;26.38;E0_0_1500m;5.00;139;140;8.82;26.50
5700.00;6000.00;2088.00;27.68;E0_1_1500m;5.00;174;175;10.51;27.76
5700.00;6000.00;1668.00;26.34;E0_0_1600m;5.00;139;139;8.80;26.46
5700.00;6000.00;2100.00;27.58;E0_1_1600m;5.00;175;175;10.58;27.67
5700.00;6000.00;1692.00;26.22;E0_0_1700m;5.00;141;141;8.96;26.33
5700.00;6000.00;2100.00;27.47;E0_1_1700m;5.00;175;175;10.62;27.57
5700.00;6000.00;1716.00;26.06;E0_0_1800m;5.00;143;143;9.14;26.18
5700.00;6000.00;2100.00;27.41;E0_1_1800m;5.00;175;175;10.61;27.52
5700.00;6000.00;1728.00;25.94;E0_0_1900m;5.00;144;144;9.25;26.07
5700.00;6000.00;2112.00;27.33;E0_1_1900m;5.00;176;177;10.74;27.44
5700.00;6000.00;1740.00;25.85;E0_0_2000m;5.00;145;145;9.35;25.98
5700.00;6000.00;2124.00;27.27;E0_1_2000m;5.00;177;177;10.82;27.39
5700.00;6000.00;1752.00;25.75;E0_0_2100m;5.00;146;146;9.45;25.87
5700.00;6000.00;2112.00;27.23;E0_1_2100m;5.00;176;176;10.77;27.36
5700.00;6000.00;1728.00;25.76;E0_0_2200m;5.00;144;144;9.32;25.87
5700.00;6000.00;2124.00;27.24;E0_1_2200m;5.00;177;177;10.83;27.39
5700.00;6000.00;1752.00;25.81;E0_0_2300m;5.00;146;146;9.43;25.91
5700.00;6000.00;2124.00;27.29;E0_1_2300m;5.00;177;177;10.81;27.45
5700.00;6000.00;1740.00;25.81;E0_0_2400m;5.00;145;145;9.36;25.90
5700.00;6000.00;2124.00;27.29;E0_1_2400m;5.00;177;178;10.83;27.45
5700.00;6000.00;1752.00;25.76;E0_0_2500m;5.00;146;146;9.44;25.87
5700.00;6000.00;2124.00;27.28;E0_1_2500m;5.00;177;177;10.81;27.44
5700.00;6000.00;1740.00;25.64;E0_0_2600m;5.00;145;146;9.47;25.74
5700.00;6000.00;2100.00;27.30;E0_1_2600m;5.00;175;175;10.68;27.46
5700.00;6000.00;1728.00;25.56;E0_0_2700m;5.00;144;145;9.41;25.67
5700.00;6000.00;2064.00;27.34;E0_1_2700m;5.00;172;171;10.45;27.50
5700.00;6000.00;1740.00;25.45;E0_0_2800m;5.00;145;145;9.50;25.55
5700.00;6000.00;2052.00;27.37;E0_1_2800m;5.00;171;171;10.41;27.54
5700.00;6000.00;1728.00;25.40;E0_0_2900m;5.00;144;143;9.43;25.50
5700.00;6000.00;2052.00;27.31;E0_1_2900m;5.00;171;171;10.43;27.47
5700.00;6000.00;1728.00;25.36;E0_0_3000m;5.00;144;143;9.46;25.47
5700.00;6000.00;2052.00;27.31;E0_1_3000m;5.00;171;171;10.44;27.47
5700.00;6000.00;1704.00;25.53;E0_0_3100m;5.00;142;142;9.27;25.63
5700.00;6000.00;2076.00;27.33;E0_1_3100m;5.00;173;173;10.55;27.49
5700.00;6000.00;1704.00;25.49;E0_0_3200m;5.00;142;142;9.29;25.59
5700.00;6000.00;2028.00;27.37;E0_1_3200m;5.00;169;169;10.29;27.54
5700.00;6000.00;1680.00;25.39;E0_0_3300m;5.00;140;140;9.19;25.48
5700.00;6000.00;2016.00;27.40;E0_1_3300m;5.00;168;168;10.22;27.58
5700.00;6000.00;1644.00;25.51;E0_0_3400m;5.00;137;137;8.95;25.62
5700.00;6000.00;2016.00;27.42;E0_1_3400m;5.00;168;168;10.21;27.60
5700.00;6000.00;1608.00;25.49;E0_0_3500m;5.00;134;134;8.76;25.61
5700.00;6000.00;2016.00;27.54;E0_1_3500m;5.00;168;169;10.20;27.73
5700.00;6000.00;1584.00;25.33;E0_0_3600m;5.00;132;131;8.65;25.45
5700.00;6000.00;2016.00;27.63;E0_1_3600m;5.00;168;167;10.13;27.81
5700.00;6000.00;1584.00;25.38;E0_0_3700m;5.00;132;132;8.67;25.50
5700.00;6000.00;1992.00;27.73;E0_1_3700m;5.00;166;166;9.98;27.90
5700.00;6000.00;1608.00;25.46;E0_0_3800m;5.00;134;134;8.77;25.57
5700.00;6000.00;1980.00;27.78;E0_1_3800m;5.00;165;165;9.90;27.93
5700.00;6000.00;1620.00;25.48;E0_0_3900m;5.00;135;135;8.83;25.58
5700.00;6000.00;2028.00;27.75;E0_1_3900m;5.00;169;168;10.11;27.89
5700.00;6000.00;1620.00;25.53;E0_0_4000m;5.00;135;135;8.81;25.62
5700.00;6000.00;2040.00;27.68;E0_1_4000m;5.00;170;170;10.24;27.83
5700.00;6000.00;1560.00;25.52;E0_0_4100m;5.00;130;131;8.51;25.62
5700.00;6000.00;2052.00;27.58;E0_1_4100m;5.00;171;172;10.35;27.74
5700.00;6000.00;1572.00;25.33;E0_0_4200m;5.00;131;131;8.62;25.44
5700.00;6000.00;2088.00;27.58;E0_1_4200m;5.00;174;174;10.52;27.73
5700.00;6000.00;1536.00;25.26;E0_0_4300m;5.00;128;128;8.44;25.39
5700.00;6000.00;2124.00;27.54;E0_1_4300m;5.00;177;176;10.66;27.70
5700.00;6000.00;1536.00;25.36;E0_0_4400m;5.00;128;129;8.42;25.48
5700.00;6000.00;2148.00;27.57;E0_1_4400m;5.00;179;178;10.77;27.74
5700.00;6000.00;1536.00;25.55;E0_0_4500m;5.00;128;128;8.35;25.70
5700.00;6000.00;2160.00;27.47;E0_1_4500m;5.00;180;181;10.97;27.65
5700.00;6000.00;1596.00;25.60;E0_0_4600m;5.00;133;133;8.66;25.69
5700.00;6000.00;2136.00;27.36;E0_1_4600m;5.00;178;177;10.84;27.54
5700.00;6000.00;1608.00;25.64;E0_0_4700m;5.00;134;134;8.71;25.75
5700.00;6000.00;2136.00;27.33;E0_1_4700m;5.00;178;179;10.90;27.51
5700.00;6000.00;1632.00;25.63;E0_0_4800m;5.00;136;136;8.84;25.72
5700.00;6000.00;2184.00;27.35;E0_1_4800m;5.00;182;182;11.09;27.52
5700.00;6000.00;1644.00;25.66;E0_0_4900m;5.00;137;137;8.86;25.75
5700.00;6000.00;2208.00;27.35;E0_1_4900m;5.00;184;184;11.21;27.52
5700.00;6000.00;1656.00;25.58;E0_0_5000m;5.00;138;137;8.95;25.67
5700.00;6000.00;2232.00;27.47;E0_1_5000m;5.00;186;187;11.31;27.62
6000.00;6300.00;0.00;-1.00;E0_0_0m;-1.00;0;0;0.00;-1.00
6000.00;6300.00;0.00;-1.00;E0_1_0m;-1.00;0;0;0.00;-1.00
6000.00;6300.00;1824.00;26.19;E0_0_100m;5.00;152;152;9.67;26.30
6000.00;6300.00;2292.00;27.77;E0_1_100m;5.00;191;190;11.44;27.86
6000.00;6300.00;1812.00;25.91;E0_0_200m;5.00;151;151;9.71;26.06
6000.00;6300.00;2304.00;27.80;E0_1_200m;5.00;192;193;11.55;27.89
6000.00;6300.00;1824.00;25.67;E0_0_300m;5.00;152;152;9.87;25.84
6000.00;6300.00;2328.00;27.64;E0_1_300m;5.00;194;194;11.70;27.74
6000.00;6300.00;1812.00;25.68;E0_0_400m;5.00;151;151;9.80;25.84
6000.00;6300.00;2328.00;27.36;E0_1_400m;5.00;194;194;11.82;27.46
6000.00;6300.00;1788.00;25.58;E0_0_500m;5.00;149;150;9.75;25.74
6000.00;6300.00;2316.00;27.22;E0_1_500m;5.00;193;193;11.82;27.33
6000.00;6300.00;1788.00;25.48;E0_0_600m;5.00;149;150;9.75;25.65
6000.00;6300.00;2280.00;27.09;E0_1_600m;5.00;190;190;11.69;27.21
6000.00;6300.00;1704.00;25.56;E0_0_700m;5.00;142;142;9.26;25.71
6000.00;6300.00;2328.00;27.05;E0_1_700m;5.00;194;194;11.96;27.16
6000.00;6300.00;1704.00;25.49;E0_0_800m;5.00;142;142;9.28;25.64
6000.00;6300.00;2316.00;27.07;E0_1_800m;5.00;193;193;11.88;27.17
6000.00;6300.00;1680.00;25.42;E0_0_900m;5.00;140;140;9.18;25.58
6000.00;6300.00;2280.00;27.00;E0_1_900m;5.00;190;190;11.73;27.11
6000.00;6300.00;1668.00;25.53;E0_0_1000m;5.00;139;139;9.07;25.69
6000.00;6300.00;2280.00;26.98;E0_1_1000m;5.00;190;190;11.74;27.09
6000.00;6300.00;1644.00;25.71;E0_0_1100m;5.00;137;137;8.88;25.84
6000.00;6300.00;2304.00;27.00;E0_1_1100m;5.00;192;192;11.85;27.10
6000.00;6300.00;1668.00;25.62;E0_0_1200m;5.00;139;139;9.04;25.78
6000.00;6300.00;2256.00;27.07;E0_1_1200m;5.00;188;189;11.60;27.17
6000.00;6300.00;1632.00;25.51;E0_0_1300m;5.00;136;136;8.88;25.69
6000.00;6300.00;2232.00;27.02;E0_1_1300m;5.00;186;186;11.47;27.10
6000.00;6300.00;1620.00;25.43;E0_0_1400m;5.00;135;135;8.85;25.62
6000.00;6300.00;2220.00;27.06;E0_1_1400m;5.00;185;185;11.39;27.15
6000.00;6300.00;1632.00;25.28;E0_0_1500m;5.00;136;135;8.93;25.47
6000.00;6300.00;2220.00;27.09;E0_1_1500m;5.00;185;184;11.34;27.17
6000.00;6300.00;1644.00;25.37;E0_0_1600m;5.00;137;137;9.00;25.57
6000.00;6300.00;2172.00;27.22;E0_1_1600m;5.00;181;181;11.08;27.31
6000.00;6300.00;1692.00;25.52;E0_0_1700m;5.00;141;142;9.21;25.75
6000.00;6300.00;2124.00;27.37;E0_1_1700m;5.00;177;177;10.78;27.47
6000.00;6300.00;1704.00;25.55;E0_0_1800m;5.00;142;142;9.26;25.77
6000.00;6300.00;2124.00;27.42;E0_1_1800m;5.00;177;176;10.75;27.51
6000.00;6300.00;1704.00;25.45;E0_0_1900m;5.00;142;142;9.30;25.66
6000.00;6300.00;2160.00;27.26;E0_1_1900m;5.00;180;179;10.99;27.33
6000.00;6300.00;1716.00;25.28;E0_0_2000m;5.00;143;143;9.43;25.48
6000.00;6300.00;2184.00;27.06;E0_1_2000m;5.00;182;182;11.21;27.12
6000.00;6300.00;1740.00;25.19;E0_0_2100m;5.00;145;146;9.61;25.40
6000.00;6300.00;2208.00;26.94;E0_1_2100m;5.00;184;184;11.38;27.00
6000.00;6300.00;1716.00;25.33;E0_0_2200m;5.00;143;143;9.41;25.51
6000.00;6300.00;2232.00;26.77;E0_1_2200m;5.00;186;187;11.60;26.84
6000.00;6300.00;1680.00;25.30;E0_0_2300m;5.00;140;140;9.22;25.48
6000.00;6300.00;2208.00;26.68;E0_1_2300m;5.00;184;185;11.55;26.74
6000.00;6300.00;1668.00;25.15;E0_0_2400m;5.00;139;139;9.21;25.35
6000.00;6300.00;2232.00;26.62;E0_1_2400m;5.00;186;186;11.63;26.68
6000.00;6300.00;1668.00;25.24;E0_0_2500m;5.00;139;139;9.18;25.43
6000.00;6300.00;2208.00;26.60;E0_1_2500m;5.00;184;184;11.53;26.66
6000.00;6300.00;1668.00;25.28;E0_0_2600m;5.00;139;138;9.12;25.48
6000.00;6300.00;2196.00;26.58;E0_1_2600m;5.00;183;183;11.47;26.64
6000.00;6300.00;1692.00;25.24;E0_0_2700m;5.00;141;140;9.29;25.44
6000.00;6300.00;2172.00;26.61;E0_1_2700m;5.00;181;181;11.33;26.68
6000.00;6300.00;1692.00;25.27;E0_0_2800m;5.00;141;141;9.30;25.44
6000.00;6300.00;2184.00;26.60;E0_1_2800m;5.00;182;182;11.40;26.67
6000.00;6300.00;1668.00;25.25;E0_0_2900m;5.00;139;139;9.17;25.42
6000.00;6300.00;2208.00;26.55;E0_1_2900m;5.00;184;184;11.55;26.62
6000.00;6300.00;1680.00;25.17;E0_0_3000m;5.00;140;140;9.27;25.33
6000.00;6300.00;2196.00;26.50;E0_1_3000m;5.00;183;184;11.53;26.58
6000.00;6300.00;1716.00;25.01;E0_0_3100m;5.00;143;143;9.53;25.19
6000.00;6300.00;2184.00;26.48;E0_1_3100m;5.00;182;183;11.47;26.58
6000.00;6300.00;1716.00;24.94;E0_0_3200m;5.00;143;143;9.56;25.12
6000.00;6300.00;2196.00;26.46;E0_1_3200m;5.00;183;184;11.59;26.56
6000.00;6300.00;1680.00;25.06;E0_0_3300m;5.00;140;140;9.31;25.22
6000.00;6300.00;2232.00;26.37;E0_1_3300m;5.00;186;186;11.75;26.47
6000.00;6300.00;1680.00;25.08;E0_0_3400m;5.00;140;141;9.35;25.25
6000.00;6300.00;2220.00;26.34;E0_1_3400m;5.00;185;185;11.70;26.44
6000.00;6300.00;1680.00;25.10;E0_0_3500m;5.00;140;140;9.30;25.27
6000.00;6300.00;2220.00;26.28;E0_1_3500m;5.00;185;185;11.73;26.38
6000.00;6300.00;1680.00;25.15;E0_0_3600m;5.00;140;140;9.28;25.30
6000.00;6300.00;2220.00;26.22;E0_1_3600m;5.00;185;185;11.76;26.31
6000.00;6300.00;1680.00;25.24;E0_0_3700m;5.00;140;140;9.24;25.36
6000.00;6300.00;2220.00;26.15;E0_1_3700m;5.00;185;185;11.79;26.23
6000.00;6300.00;1668.00;25.32;E0_0_3800m;5.00;139;139;9.15;25.43
6000.00;6300.00;2220.00;26.10;E0_1_3800m;5.00;185;185;11.81;26.19
6000.00;6300.00;1620.00;25.36;E0_0_3900m;5.00;135;135;8.87;25.47
6000.00;6300.00;2196.00;26.10;E0_1_3900m;5.00;183;183;11.69;26.18
6000.00;6300.00;1584.00;25.48;E0_0_4000m;5.00;132;133;8.71;25.56
6000.00;6300.00;2172.00;26.09;E0_1_4000m;5.00;181;181;11.56;26.17
6000.00;6300.00;1608.00;25.50;E0_0_4100m;5.00;134;134;8.76;25.57
6000.00;6300.00;2172.00;26.03;E0_1_4100m;5.00;181;180;11.58;26.12
6000.00;6300.00;1632.00;25.52;E0_0_4200m;5.00;136;136;8.88;25.58
6000.00;6300.00;2136.00;25.96;E0_1_4200m;5.00;178;178;11.43;26.04
6000.00;6300.00;1656.00;25.49;E0_0_4300m;5.00;138;138;9.02;25.55
6000.00;6300.00;2160.00;25.94;E0_1_4300m;5.00;180;180;11.56;26.02
6000.00;6300.00;1680.00;25.50;E0_0_4400m;5.00;140;139;9.15;25.55
6000.00;6300.00;2148.00;25.97;E0_1_4400m;5.00;179;179;11.49;26.06
6000.00;6300.00;1704.00;25.58;E0_0_4500m;5.00;142;142;9.25;25.62
6000.00;6300.00;2136.00;26.00;E0_1_4500m;5.00;178;178;11.41;26.10
6000.00;6300.00;1704.00;25.53;E0_0_4600m;5.00;142;142;9.27;25.57
6000.00;6300.00;2136.00;25.92;E0_1_4600m;5.00;178;178;11.45;26.00
6000.00;6300.00;1680.00;25.49;E0_0_4700m;5.00;140;140;9.16;25.52
6000.00;6300.00;2160.00;25.87;E0_1_4700m;5.00;180;180;11.60;25.95
6000.00;6300.00;1692.00;25.53;E0_0_4800m;5.00;141;141;9.21;25.57
6000.00;6300.00;2112.00;25.81;E0_1_4800m;5.00;176;176;11.36;25.88
6000.00;6300.00;1692.00;25.56;E0_0_4900m;5.00;141;141;9.19;25.60
6000.00;6300.00;2100.00;25.83;E0_1_4900m;5.00;175;175;11.29;25.89
6000.00;6300.00;1704.00;25.62;E0_0_5000m;5.00;142;142;9.24;25.67
6000.00;6300.00;2124.00;25.91;E0_1_5000m;5.00;177;176;11.36;25.97
6300.00;6600.00;0.00;-1.00;E0_0_0m;-1.00;0;0;0.00;-1.00
6300.00;6600.00;0.00;-1.00;E0_1_0m;-1.00;0;0;0.00;-1.00
6300.00;6600.00;1860.00;25.14;E0_0_100m;5.00;155;155;10.28;25.24
6300.00;6600.00;2220.00;26.43;E0_1_100m;5.00;185;186;11.68;26.58
6300.00;6600.00;1800.00;25.26;E0_0_200m;5.00;150;150;9.90;25.38
6300.00;6600.00;2280.00;26.55;E0_1_200m;5.00;190;189;11.89;26.70
6300.00;6600.00;1836.00;25.31;E0_0_300m;5.00;153;153;10.07;25.45
6300.00;6600.00;2232.00;26.50;E0_1_300m;5.00;186;186;11.70;26.65
6300.00;6600.00;1848.00;25.31;E0_0_400m;5.00;154;155;10.19;25.44
6300.00;6600.00;2220.00;26.54;E0_1_400m;5.00;185;185;11.62;26.69
6300.00;6600.00;1872.00;25.25;E0_0_500m;5.00;156;156;10.30;25.37
6300.00;6600.00;2220.00;26.55;E0_1_500m;5.00;185;186;11.64;26.69
6300.00;6600.00;1872.00;25.15;E0_0_600m;5.00;156;156;10.34;25.25
6300.00;6600.00;2220.00;26.38;E0_1_600m;5.00;185;185;11.69;26.51
6300.00;6600.00;1860.00;25.08;E0_0_700m;5.00;155;155;10.30;25.19
6300.00;6600.00;2280.00;26.30;E0_1_700m;5.00;190;190;12.04;26.43
6300.00;6600.00;1872.00;25.05;E0_0_800m;5.00;156;157;10.38;25.16
6300.00;6600.00;2256.00;26.20;E0_1_800m;5.00;188;188;11.96;26.32
6300.00;6600.00;1896.00;24.92;E0_0_900m;5.00;158;158;10.57;25.02
6300.00;6600.00;2268.00;26.02;E0_1_900m;5.00;189;189;12.11;26.11
6300.00;6600.00;1932.00;24.75;E0_0_1000m;5.00;161;161;10.84;24.84
6300.00;6600.00;2304.00;25.99;E0_1_1000m;5.00;192;192;12.31;26.10
6300.00;6600.00;1956.00;24.56;E0_0_1100m;5.00;163;163;11.06;24.66
6300.00;6600.00;2304.00;26.02;E0_1_1100m;5.00;192;192;12.30;26.15
6300.00;6600.00;1980.00;24.50;E0_0_1200m;5.00;165;165;11.22;24.60
6300.00;6600.00;2292.00;25.90;E0_1_1200m;5.00;191;191;12.29;26.05
6300.00;6600.00;1956.00;24.50;E0_0_1300m;5.00;163;163;11.09;24.59
6300.00;6600.00;2304.00;25.78;E0_1_1300m;5.00;192;192;12.41;25.95
6300.00;6600.00;1980.00;24.51;E0_0_1400m;5.00;165;165;11.22;24.60
6300.00;6600.00;2304.00;25.61;E0_1_1400m;5.00;192;192;12.49;25.78
6300.00;6600.00;1956.00;24.48;E0_0_1500m;5.00;163;163;11.10;24.56
6300.00;6600.00;2328.00;25.37;E0_1_1500m;5.00;194;194;12.74;25.50
6300.00;6600.00;1956.00;24.41;E0_0_1600m;5.00;163;163;11.13;24.48
6300.00;6600.00;2328.00;25.18;E0_1_1600m;5.00;194;194;12.84;25.28
6300.00;6600.00;1920.00;24.30;E0_0_1700m;5.00;160;159;10.97;24.36
6300.00;6600.00;2340.00;25.02;E0_1_1700m;5.00;195;195;12.99;25.10
6300.00;6600.00;1920.00;24.22;E0_0_1800m;5.00;160;160;11.01;24.27
6300.00;6600.00;2340.00;24.93;E0_1_1800m;5.00;195;195;13.04;25.01
6300.00;6600.00;1908.00;24.08;E0_0_1900m;5.00;159;159;11.00;24.12
6300.00;6600.00;2352.00;24.83;E0_1_1900m;5.00;196;196;13.16;24.91
6300.00;6600.00;1920.00;23.96;E0_0_2000m;5.00;160;160;11.13;24.01
6300.00;6600.00;2316.00;24.71;E0_1_2000m;5.00;193;195;13.09;24.79
6300.00;6600.00;1896.00;23.85;E0_0_2100m;5.00;158;157;11.03;23.89
6300.00;6600.00;2304.00;24.57;E0_1_2100m;5.00;192;192;13.03;24.64
6300.00;6600.00;1872.00;23.69;E0_0_2200m;5.00;156;156;10.97;23.75
6300.00;6600.00;2316.00;24.41;E0_1_2200m;5.00;193;192;13.16;24.47
6300.00;6600.00;1872.00;23.66;E0_0_2300m;5.00;156;156;10.99;23.71
6300.00;6600.00;2316.00;24.33;E0_1_2300m;5.00;193;192;13.16;24.39
6300.00;6600.00;1884.00;23.75;E0_0_2400m;5.00;157;157;11.02;23.79
6300.00;6600.00;2292.00;24.27;E0_1_2400m;5.00;191;191;13.12;24.34
6300.00;6600.00;1872.00;23.87;E0_0_2500m;5.00;156;156;10.89;23.92
6300.00;6600.00;2304.00;24.19;E0_1_2500m;5.00;192;193;13.25;24.25
6300.00;6600.00;1884.00;23.89;E0_0_2600m;5.00;157;157;10.95;23.93
6300.00;6600.00;2304.00;24.15;E0_1_2600m;5.00;192;192;13.25;24.21
6300.00;6600.00;1908.00;23.87;E0_0_2700m;5.00;159;159;11.10;23.91
6300.00;6600.00;2304.00;24.08;E0_1_2700m;5.00;192;192;13.29;24.13
6300.00;6600.00;1896.00;23.80;E0_0_2800m;5.00;158;158;11.06;23.84
6300.00;6600.00;2292.00;24.09;E0_1_2800m;5.00;191;191;13.21;24.15
6300.00;6600.00;1920.00;23.75;E0_0_2900m;5.00;160;160;11.23;23.78
6300.00;6600.00;2280.00;24.11;E0_1_2900m;5.00;190;190;13.13;24.17
6300.00;6600.00;1908.00;23.67;E0_0_3000m;5.00;159;159;11.20;23.70
6300.00;6600.00;2292.00;24.04;E0_1_3000m;5.00;191;191;13.24;24.09
6300.00;6600.00;1884.00;23.54;E0_0_3100m;5.00;157;157;11.12;23.56
6300.00;6600.00;2292.00;23.94;E0_1_3100m;5.00;191;190;13.28;23.98
6300.00;6600.00;1860.00;23.53;E0_0_3200m;5.00;155;155;10.98;23.56
6300.00;6600.00;2304.00;23.88;E0_1_3200m;5.00;192;191;13.34;23.92
6300.00;6600.00;1884.00;23.48;E0_0_3300m;5.00;157;157;11.14;23.51
6300.00;6600.00;2292.00;23.85;E0_1_3300m;5.00;191;191;13.35;23.88
6300.00;6600.00;1908.00;23.50;E0_0_3400m;5.00;159;158;11.23;23.54
6300.00;6600.00;2292.00;23.87;E0_1_3400m;5.00;191;191;13.33;23.91
6300.00;6600.00;1932.00;23.53;E0_0_3500m;5.00;161;161;11.41;23.56
6300.00;6600.00;2292.00;23.96;E0_1_3500m;5.00;191;192;13.29;24.01
6300.00;6600.00;1956.00;23.35;E0_0_3600m;5.00;163;163;11.63;23.38
6300.00;6600.00;2292.00;24.10;E0_1_3600m;5.00;191;191;13.21;24.17
6300.00;6600.00;1956.00;23.09;E0_0_3700m;5.00;163;163;11.76;23.12
6300.00;6600.00;2316.00;24.17;E0_1_3700m;5.00;193;193;13.31;24.25
6300.00;6600.00;1968.00;22.87;E0_0_3800m;5.00;164;165;11.96;22.90
6300.00;6600.00;2328.00;24.19;E0_1_3800m;5.00;194;194;13.37;24.28
6300.00;6600.00;1956.00;22.66;E0_0_3900m;5.00;163;164;12.01;22.69
6300.00;6600.00;2340.00;24.12;E0_1_3900m;5.00;195;195;13.48;24.19
6300.00;6600.00;1968.00;22.49;E0_0_4000m;5.00;164;164;12.09;22.54
6300.00;6600.00;2352.00;24.08;E0_1_4000m;5.00;196;196;13.57;24.15
6300.00;6600.00;1992.00;22.37;E0_0_4100m;5.00;166;166;12.37;22.44
6300.00;6600.00;2340.00;24.16;E0_1_4100m;5.00;195;195;13.45;24.25
6300.00;6600.00;1944.00;22.27;E0_0_4200m;5.00;162;163;12.13;22.35
6300.00;6600.00;2340.00;24.28;E0_1_4200m;5.00;195;195;13.38;24.40
6300.00;6600.00;1908.00;22.14;E0_0_4300m;5.00;159;159;11.97;22.23
6300.00;6600.00;2328.00;24.45;E0_1_4300m;5.00;194;194;13.23;24.59
6300.00;6600.00;1908.00;22.12;E0_0_4400m;5.00;159;159;11.98;22.27
6300.00;6600.00;2292.00;24.61;E0_1_4400m;5.00;191;192;13.00;24.78
6300.00;6600.00;1860.00;21.95;E0_0_4500m;5.00;155;155;11.77;22.04
6300.00;6600.00;2304.00;24.78;E0_1_4500m;5.00;192;192;12.92;24.98
6300.00;6600.00;1836.00;21.97;E0_0_4600m;5.00;153;153;11.61;22.06
6300.00;6600.00;2292.00;24.96;E0_1_4600m;5.00;191;191;12.75;25.18
6300.00;6600.00;1812.00;22.19;E0_0_4700m;5.00;151;151;11.34;22.31
6300.00;6600.00;2280.00;25.08;E0_1_4700m;5.00;190;190;12.63;25.31
6300.00;6600.00;1812.00;22.20;E0_0_4800m;5.00;151;151;11.34;22.33
6300.00;6600.00;2256.00;25.11;E0_1_4800m;5.00;188;188;12.48;25.35
6300.00;6600.00;1800.00;22.28;E0_0_4900m;5.00;150;150;11.22;22.43
6300.00;6600.00;2256.00;25.11;E0_1_4900m;5.00;188;188;12.48;25.36
6300.00;6600.00;1788.00;22.32;E0_0_5000m;5.00;149;149;11.13;22.47
6300.00;6600.00;2208.00;25.15;E0_1_5000m;5.00;184;184;12.20;25.40
6600.00;6900.00;0.00;-1.00;E0_0_0m;-1.00;0;0;0.00;-1.00
6600.00;6900.00;0.00;-1.00;E0_1_0m;-1.00;0;0;0.00;-1.00
6600.00;6900.00;1608.00;27.06;E0_0_100m;5.00;134;134;8.25;27.22
6600.00;6900.00;2028.00;28.37;E0_1_100m;5.00;169;168;9.92;28.54
6600.00;6900.00;1680.00;26.76;E0_0_200m;5.00;140;140;8.72;26.97
6600.00;6900.00;1956.00;29.11;E0_1_200m;5.00;163;163;9.33;29.27
6600.00;6900.00;1704.00;26.57;E0_0_300m;5.00;142;142;8.91;26.81
6600.00;6900.00;1932.00;29.39;E0_1_300m;5.00;161;161;9.13;29.54
6600.00;6900.00;1680.00;26.36;E0_0_400m;5.00;140;140;8.85;26.63
6600.00;6900.00;1932.00;29.41;E0_1_400m;5.00;161;161;9.12;29.55
6600.00;6900.00;1668.00;26.36;E0_0_500m;5.00;139;139;8.79;26.61
6600.00;6900.00;1932.00;29.30;E0_1_500m;5.00;161;161;9.16;29.43
6600.00;6900.00;1656.00;26.28;E0_0_600m;5.00;138;138;8.75;26.53
6600.00;6900.00;1956.00;29.26;E0_1_600m;5.00;163;164;9.33;29.38
6600.00;6900.00;1680.00;26.22;E0_0_700m;5.00;140;140;8.90;26.46
6600.00;6900.00;1896.00;29.31;E0_1_700m;5.00;158;158;8.99;29.41
6600.00;6900.00;1620.00;26.07;E0_0_800m;5.00;135;135;8.69;26.28
6600.00;6900.00;1956.00;29.20;E0_1_800m;5.00;163;163;9.30;29.35
6600.00;6900.00;1584.00;26.15;E0_0_900m;5.00;132;133;8.44;26.35
6600.00;6900.00;1944.00;29.09;E0_1_900m;5.00;162;163;9.33;29.19
6600.00;6900.00;1548.00;26.17;E0_0_1000m;5.00;129;129;8.22;26.31
6600.00;6900.00;1920.00;29.07;E0_1_1000m;5.00;160;160;9.17;29.18
6600.00;6900.00;1500.00;26.20;E0_0_1100m;5.00;125;125;7.95;26.31
6600.00;6900.00;1932.00;29.06;E0_1_1100m;5.00;161;161;9.24;29.18
6600.00;6900.00;1500.00;26.07;E0_0_1200m;5.00;125;125;7.99;26.17
6600.00;6900.00;1944.00;28.95;E0_1_1200m;5.00;162;162;9.33;29.09
6600.00;6900.00;1524.00;25.94;E0_0_1300m;5.00;127;128;8.22;26.03
6600.00;6900.00;1956.00;28.81;E0_1_1300m;5.00;163;163;9.43;28.96
6600.00;6900.00;1488.00;25.97;E0_0_1400m;5.00;124;124;7.96;26.06
6600.00;6900.00;1980.00;28.58;E0_1_1400m;5.00;165;165;9.62;28.74
6600.00;6900.00;1512.00;25.94;E0_0_1500m;5.00;126;126;8.09;26.02
6600.00;6900.00;1968.00;28.47;E0_1_1500m;5.00;164;164;9.60;28.63
6600.00;6900.00;1572.00;25.96;E0_0_1600m;5.00;131;131;8.41;26.05
6600.00;6900.00;1956.00;28.26;E0_1_1600m;5.00;163;164;9.67;28.43
6600.00;6900.00;1620.00;25.92;E0_0_1700m;5.00;135;135;8.68;26.01
6600.00;6900.00;1956.00;28.10;E0_1_1700m;5.00;163;163;9.67;28.27
6600.00;6900.00;1608.00;25.84;E0_0_1800m;5.00;134;134;8.64;25.93
6600.00;6900.00;1944.00;27.97;E0_1_1800m;5.00;162;162;9.65;28.14
6600.00;6900.00;1584.00;25.84;E0_0_1900m;5.00;132;132;8.51;25.93
6600.00;6900.00;1932.00;27.88;E0_1_1900m;5.00;161;161;9.63;28.05
6600.00;6900.00;1572.00;25.89;E0_0_2000m;5.00;131;131;8.43;25.97
6600.00;6900.00;1968.00;27.76;E0_1_2000m;5.00;164;163;9.79;27.94
6600.00;6900.00;1632.00;25.84;E0_0_2100m;5.00;136;136;8.77;25.93
6600.00;6900.00;1956.00;27.58;E0_1_2100m;5.00;163;163;9.85;27.76
6600.00;6900.00;1644.00;25.82;E0_0_2200m;5.00;137;137;8.84;25.92
6600.00;6900.00;1992.00;27.43;E0_1_2200m;5.00;166;166;10.08;27.61
6600.00;6900.00;1644.00;25.73;E0_0_2300m;5.00;137;137;8.88;25.82
6600.00;6900.00;2004.00;27.36;E0_1_2300m;5.00;167;167;10.17;27.54
6600.00;6900.00;1680.00;25.62;E0_0_2400m;5.00;140;140;9.11;25.70
6600.00;6900.00;1992.00;27.27;E0_1_2400m;5.00;166;166;10.15;27.45
6600.00;6900.00;1692.00;25.58;E0_0_2500m;5.00;141;141;9.19;25.66
6600.00;6900.00;2004.00;27.26;E0_1_2500m;5.00;167;166;10.19;27.45
6600.00;6900.00;1716.00;25.53;E0_0_2600m;5.00;143;143;9.34;25.60
6600.00;6900.00;2004.00;27.13;E0_1_2600m;5.00;167;167;10.26;27.33
6600.00;6900.00;1704.00;25.50;E0_0_2700m;5.00;142;142;9.28;25.58
6600.00;6900.00;2028.00;27.09;E0_1_2700m;5.00;169;169;10.40;27.31
6600.00;6900.00;1752.00;25.45;E0_0_2800m;5.00;146;146;9.56;25.54
6600.00;6900.00;2052.00;27.15;E0_1_2800m;5.00;171;172;10.54;27.38
6600.00;6900.00;1764.00;25.29;E0_0_2900m;5.00;147;147;9.69;25.38
6600.00;6900.00;2088.00;27.06;E0_1_2900m;5.00;174;174;10.72;27.30
6600.00;6900.00;1776.00;25.36;E0_0_3000m;5.00;148;148;9.73;25.44
6600.00;6900.00;2088.00;26.96;E0_1_3000m;5.00;174;174;10.76;27.22
6600.00;6900.00;1752.00;25.42;E0_0_3100m;5.00;146;146;9.57;25.49
6600.00;6900.00;2112.00;26.86;E0_1_3100m;5.00;176;176;10.92;27.12
6600.00;6900.00;1740.00;25.40;E0_0_3200m;5.00;145;145;9.51;25.47
6600.00;6900.00;2136.00;26.74;E0_1_3200m;5.00;178;178;11.09;26.99
6600.00;6900.00;1716.00;25.36;E0_0_3300m;5.00;143;143;9.40;25.45
6600.00;6900.00;2148.00;26.63;E0_1_3300m;5.00;179;180;11.24;26.86
6600.00;6900.00;1728.00;25.28;E0_0_3400m;5.00;144;144;9.50;25.37
6600.00;6900.00;2160.00;26.57;E0_1_3400m;5.00;180;180;11.29;26.81
6600.00;6900.00;1728.00;25.30;E0_0_3500m;5.00;144;144;9.49;25.39
6600.00;6900.00;2196.00;26.49;E0_1_3500m;5.00;183;182;11.51;26.70
6600.00;6900.00;1716.00;25.32;E0_0_3600m;5.00;143;143;9.41;25.40
6600.00;6900.00;2220.00;26.53;E0_1_3600m;5.00;185;185;11.62;26.74
6600.00;6900.00;1728.00;25.38;E0_0_3700m;5.00;144;144;9.46;25.46
6600.00;6900.00;2208.00;26.58;E0_1_3700m;5.00;184;184;11.54;26.79
6600.00;6900.00;1752.00;25.39;E0_0_3800m;5.00;146;145;9.58;25.47
6600.00;6900.00;2196.00;26.62;E0_1_3800m;5.00;183;183;11.46;26.82
6600.00;6900.00;1788.00;25.39;E0_0_3900m;5.00;149;148;9.75;25.47
6600.00;6900.00;2196.00;26.74;E0_1_3900m;5.00;183;183;11.41;26.94
6600.00;6900.00;1836.00;25.34;E0_0_4000m;5.00;153;152;10.06;25.42
6600.00;6900.00;2172.00;26.69;E0_1_4000m;5.00;181;181;11.30;26.88
6600.00;6900.00;1836.00;25.30;E0_0_4100m;5.00;153;154;10.11;25.38
6600.00;6900.00;2172.00;26.41;E0_1_4100m;5.00;181;181;11.42;26.58
6600.00;6900.00;1836.00;25.19;E0_0_4200m;5.00;153;153;10.19;25.26
6600.00;6900.00;2184.00;26.15;E0_1_4200m;5.00;182;182;11.60;26.31
6600.00;6900.00;1848.00;25.14;E0_0_4300m;5.00;154;154;10.21;25.20
6600.00;6900.00;2196.00;25.94;E0_1_4300m;5.00;183;183;11.76;26.09
6600.00;6900.00;1872.00;25.12;E0_0_4400m;5.00;156;156;10.35;25.17
6600.00;6900.00;2220.00;25.81;E0_1_4400m;5.00;185;185;11.95;25.96
6600.00;6900.00;1920.00;25.03;E0_0_4500m;5.00;160;160;10.66;25.07
6600.00;6900.00;2220.00;25.70;E0_1_4500m;5.00;185;185;12.00;25.85
6600.00;6900.00;1932.00;24.80;E0_0_4600m;5.00;161;161;10.82;24.84
6600.00;6900.00;2232.00;25.61;E0_1_4600m;5.00;186;186;12.10;25.76
6600.00;6900.00;1932.00;24.68;E0_0_4700m;5.00;161;161;10.87;24.73
6600.00;6900.00;2244.00;25.57;E0_1_4700m;5.00;187;187;12.19;25.72
6600.00;6900.00;1908.00;24.66;E0_0_4800m;5.00;159;160;10.81;24.71
6600.00;6900.00;2256.00;25.56;E0_1_4800m;5.00;188;188;12.26;25.69
6600.00;6900.00;1932.00;24.69;E0_0_4900m;5.00;161;161;10.87;24.73
6600.00;6900.00;2244.00;25.57;E0_1_4900m;5.00;187;187;12.19;25.70
6600.00;6900.00;1932.00;24.75;E0_0_5000m;5.00;161;161;10.84;24.78
6600.00;6900.00;2256.00;25.41;E0_1_5000m;5.00;188;188;12.33;25.51
6900.00;7200.00;0.00;-1.00;E0_0_0m;-1.00;0;0;0.00;-1.00
6900.00;7200.00;0.00;-1.00;E0_1_0m;-1.00;0;0;0.00;-1.00
6900.00;7200.00;1788.00;25.99;E0_0_100m;5.00;149;150;9.60;26.10
6900.00;7200.00;2304.00;27.96;E0_1_100m;5.00;192;192;11.45;28.02
6900.00;7200.00;1836.00;26.20;E0_0_200m;5.00;153;153;9.73;26.31
6900.00;7200.00;2244.00;28.01;E0_1_200m;5.00;187;188;11.15;28.10
6900.00;7200.00;1812.00;26.24;E0_0_300m;5.00;151;151;9.59;26.34
6900.00;7200.00;2268.00;27.99;E0_1_300m;5.00;189;189;11.26;28.07
6900.00;7200.00;1836.00;26.26;E0_0_400m;5.00;153;153;9.71;26.36
6900.00;7200.00;2256.00;27.91;E0_1_400m;5.00;188;188;11.23;28.00
6900.00;7200.00;1824.00;26.11;E0_0_500m;5.00;152;152;9.70;26.21
6900.00;7200.00;2256.00;27.83;E0_1_500m;5.00;188;188;11.26;27.91
6900.00;7200.00;1824.00;25.94;E0_0_600m;5.00;152;152;9.77;26.04
6900.00;7200.00;2256.00;27.79;E0_1_600m;5.00;188;187;11.23;27.88
6900.00;7200.00;1812.00;25.96;E0_0_700m;5.00;151;151;9.69;26.07
6900.00;7200.00;2280.00;27.72;E0_1_700m;5.00;190;190;11.43;27.81
6900.00;7200.00;1788.00;25.92;E0_0_800m;5.00;149;149;9.58;26.05
6900.00;7200.00;2304.00;27.66;E0_1_800m;5.00;192;193;11.62;27.75
6900.00;7200.00;1788.00;25.79;E0_0_900m;5.00;149;148;9.61;25.96
6900.00;7200.00;2328.00;27.70;E0_1_900m;5.00;194;194;11.67;27.78
6900.00;7200.00;1836.00;25.51;E0_0_1000m;5.00;153;153;9.99;25.71
6900.00;7200.00;2280.00;27.71;E0_1_1000m;5.00;190;191;11.45;27.80
6900.00;7200.00;1848.00;25.23;E0_0_1100m;5.00;154;154;10.18;25.45
6900.00;7200.00;2268.00;27.61;E0_1_1100m;5.00;189;189;11.41;27.69
6900.00;7200.00;1860.00;25.14;E0_0_1200m;5.00;155;155;10.28;25.37
6900.00;7200.00;2280.00;27.49;E0_1_1200m;5.00;190;190;11.52;27.56
6900.00;7200.00;1824.00;25.07;E0_0_1300m;5.00;152;152;10.10;25.29
6900.00;7200.00;2304.00;27.33;E0_1_1300m;5.00;192;192;11.71;27.39
6900.00;7200.00;1860.00;24.98;E0_0_1400m;5.00;155;155;10.34;25.17
6900.00;7200.00;2280.00;27.18;E0_1_1400m;5.00;190;190;11.65;27.24
6900.00;7200.00;1872.00;24.76;E0_0_1500m;5.00;156;156;10.50;24.93
6900.00;7200.00;2280.00;27.04;E0_1_1500m;5.00;190;190;11.71;27.10
6900.00;7200.00;1848.00;24.67;E0_0_1600m;5.00;154;154;10.40;24.84
6900.00;7200.00;2256.00;26.93;E0_1_1600m;5.00;188;187;11.58;27.00
6900.00;7200.00;1788.00;24.57;E0_0_1700m;5.00;149;149;10.11;24.74
6900.00;7200.00;2268.00;26.88;E0_1_1700m;5.00;189;189;11.72;26.95
6900.00;7200.00;1788.00;24.57;E0_0_1800m;5.00;149;149;10.11;24.74
6900.00;7200.00;2268.00;26.88;E0_1_1800m;5.00;189;190;11.73;26.95
6900.00;7200.00;1848.00;24.60;E0_0_1900m;5.00;154;154;10.44;24.77
6900.00;7200.00;2220.00;26.95;E0_1_1900m;5.00;185;185;11.44;27.04
6900.00;7200.00;1836.00;24.67;E0_0_2000m;5.00;153;153;10.34;24.83
6900.00;7200.00;2184.00;27.01;E0_1_2000m;5.00;182;182;11.23;27.10
6900.00;7200.00;1800.00;24.78;E0_0_2100m;5.00;150;151;10.14;24.93
6900.00;7200.00;2196.00;27.06;E0_1_2100m;5.00;183;183;11.27;27.17
6900.00;7200.00;1812.00;24.95;E0_0_2200m;5.00;151;151;10.09;25.11
6900.00;7200.00;2208.00;27.02;E0_1_2200m;5.00;184;184;11.35;27.11
6900.00;7200.00;1848.00;24.75;E0_0_2300m;5.00;154;154;10.37;24.91
6900.00;7200.00;2220.00;27.04;E0_1_2300m;5.00;185;185;11.40;27.14
6900.00;7200.00;1848.00;24.66;E0_0_2400m;5.00;154;155;10.42;24.81
6900.00;7200.00;2232.00;27.08;E0_1_2400m;5.00;186;187;11.49;27.17
6900.00;7200.00;1860.00;24.57;E0_0_2500m;5.00;155;155;10.51;24.70
6900.00;7200.00;2220.00;27.03;E0_1_2500m;5.00;185;185;11.41;27.11
6900.00;7200.00;1848.00;24.53;E0_0_2600m;5.00;154;154;10.46;24.65
6900.00;7200.00;2256.00;27.00;E0_1_2600m;5.00;188;188;11.60;27.09
6900.00;7200.00;1824.00;24.67;E0_0_2700m;5.00;152;152;10.27;24.77
6900.00;7200.00;2244.00;27.05;E0_1_2700m;5.00;187;188;11.53;27.15
6900.00;7200.00;1788.00;24.86;E0_0_2800m;5.00;149;150;10.01;24.96
6900.00;7200.00;2208.00;27.11;E0_1_2800m;5.00;184;184;11.31;27.21
6900.00;7200.00;1764.00;24.84;E0_0_2900m;5.00;147;147;9.86;24.94
6900.00;7200.00;2184.00;27.15;E0_1_2900m;5.00;182;183;11.21;27.25
6900.00;7200.00;1764.00;24.63;E0_0_3000m;5.00;147;147;9.95;24.75
6900.00;7200.00;2184.00;27.15;E0_1_3000m;5.00;182;182;11.17;27.25
6900.00;7200.00;1776.00;24.46;E0_0_3100m;5.00;148;148;10.08;24.61
6900.00;7200.00;2172.00;27.22;E0_1_3100m;5.00;181;181;11.08;27.33
6900.00;7200.00;1788.00;24.35;E0_0_3200m;5.00;149;149;10.20;24.52
6900.00;7200.00;2148.00;27.41;E0_1_3200m;5.00;179;180;10.90;27.53
6900.00;7200.00;1776.00;24.41;E0_0_3300m;5.00;148;149;10.13;24.59
6900.00;7200.00;2148.00;27.54;E0_1_3300m;5.00;179;179;10.83;27.67
6900.00;7200.00;1752.00;24.41;E0_0_3400m;5.00;146;147;9.99;24.63
6900.00;7200.00;2148.00;27.61;E0_1_3400m;5.00;179;179;10.81;27.72
6900.00;7200.00;1740.00;24.25;E0_0_3500m;5.00;145;145;9.96;24.47
6900.00;7200.00;2112.00;27.72;E0_1_3500m;5.00;176;177;10.60;27.82
6900.00;7200.00;1740.00;24.08;E0_0_3600m;5.00;145;145;10.04;24.31
6900.00;7200.00;2124.00;27.80;E0_1_3600m;5.00;177;177;10.61;27.88
6900.00;7200.00;1740.00;23.92;E0_0_3700m;5.00;145;145;10.10;24.18
6900.00;7200.00;2172.00;27.81;E0_1_3700m;5.00;181;181;10.85;27.89
6900.00;7200.00;1752.00;23.78;E0_0_3800m;5.00;146;146;10.23;24.07
6900.00;7200.00;2196.00;27.88;E0_1_3800m;5.00;183;183;10.94;27.95
6900.00;7200.00;1764.00;23.68;E0_0_3900m;5.00;147;147;10.35;23.97
6900.00;7200.00;2208.00;27.97;E0_1_3900m;5.00;184;184;10.96;28.04
6900.00;7200.00;1740.00;23.55;E0_0_4000m;5.00;145;145;10.26;23.87
6900.00;7200.00;2220.00;27.98;E0_1_4000m;5.00;185;186;11.02;28.05
6900.00;7200.00;1776.00;23.60;E0_0_4100m;5.00;148;147;10.42;23.93
6900.00;7200.00;2184.00;28.03;E0_1_4100m;5.00;182;182;10.82;28.10
6900.00;7200.00;1776.00;23.53;E0_0_4200m;5.00;148;147;10.42;23.84
6900.00;7200.00;2208.00;28.00;E0_1_4200m;5.00;184;184;10.95;28.06
6900.00;7200.00;1764.00;23.41;E0_0_4300m;5.00;147;147;10.47;23.72
6900.00;7200.00;2196.00;28.00;E0_1_4300m;5.00;183;183;10.89;28.06
6900.00;7200.00;1776.00;23.34;E0_0_4400m;5.00;148;148;10.57;23.66
6900.00;7200.00;2148.00;28.02;E0_1_4400m;5.00;179;181;10.70;28.08
6900.00;7200.00;1764.00;23.28;E0_0_4500m;5.00;147;147;10.52;23.61
6900.00;7200.00;2124.00;28.06;E0_1_4500m;5.00;177;178;10.55;28.12
6900.00;7200.00;1764.00;23.19;E0_0_4600m;5.00;147;148;10.58;23.52
6900.00;7200.00;2112.00;28.15;E0_1_4600m;5.00;176;176;10.42;28.22
6900.00;7200.00;1836.00;23.10;E0_0_4700m;5.00;153;153;11.04;23.42
6900.00;7200.00;2088.00;28.26;E0_1_4700m;5.00;174;174;10.26;28.33
6900.00;7200.00;1824.00;23.04;E0_0_4800m;5.00;152;151;10.94;23.36
6900.00;7200.00;2124.00;28.24;E0_1_4800m;5.00;177;177;10.45;28.31
6900.00;7200.00;1788.00;23.03;E0_0_4900m;5.00;149;149;10.79;23.35
6900.00;7200.00;2124.00;28.28;E0_1_4900m;5.00;177;177;10.43;28.34
6900.00;7200.00;1776.00;23.09;E0_0_5000m;5.00;148;148;10.68;23.40
6900.00;7200.00;2112.00;28.33;E0_1_5000m;5.00;176;177;10.39;28.39
7200.00;7500.00;0.00;-1.00;E0_0_0m;-1.00;0;0;0.00;-1.00
7200.00;7500.00;0.00;-1.00;E0_1_0m;-1.00;0;0;0.00;-1.00
7200.00;7500.00;1980.00;25.97;E0_0_100m;5.00;165;165;10.59;26.05
7200.00;7500.00;2196.00;27.63;E0_1_100m;5.00;183;183;11.04;27.76
7200.00;7500.00;1968.00;25.85;E0_0_200m;5.00;164;165;10.61;25.95
7200.00;7500.00;2208.00;27.63;E0_1_200m;5.00;184;184;11.12;27.78
7200.00;7500.00;1932.00;25.80;E0_0_300m;5.00;161;162;10.44;25.90
7200.00;7500.00;2232.00;27.54;E0_1_300m;5.00;186;186;11.25;27.71
7200.00;7500.00;1908.00;25.69;E0_0_400m;5.00;159;159;10.32;25.79
7200.00;7500.00;2256.00;27.38;E0_1_400m;5.00;188;188;11.44;27.53
7200.00;7500.00;1920.00;25.55;E0_0_500m;5.00;160;160;10.44;25.65
7200.00;7500.00;2256.00;27.16;E0_1_500m;5.00;188;188;11.54;27.28
7200.00;7500.00;1908.00;25.56;E0_0_600m;5.00;159;160;10.43;25.69
7200.00;7500.00;2268.00;26.99;E0_1_600m;5.00;189;190;11.67;27.13
7200.00;7500.00;1896.00;25.70;E0_0_700m;5.00;158;158;10.25;25.82
7200.00;7500.00;2292.00;26.76;E0_1_700m;5.00;191;191;11.90;26.86
7200.00;7500.00;1896.00;25.67;E0_0_800m;5.00;158;158;10.26;25.79
7200.00;7500.00;2292.00;26.67;E0_1_800m;5.00;191;190;11.88;26.79
7200.00;7500.00;1944.00;25.61;E0_0_900m;5.00;162;162;10.54;25.73
7200.00;7500.00;2256.00;26.55;E0_1_900m;5.00;188;188;11.80;26.67
7200.00;7500.00;1944.00;25.44;E0_0_1000m;5.00;162;162;10.61;25.58
7200.00;7500.00;2268.00;26.39;E0_1_1000m;5.00;189;189;11.94;26.51
7200.00;7500.00;1932.00;25.34;E0_0_1100m;5.00;161;161;10.59;25.48
7200.00;7500.00;2280.00;26.26;E0_1_1100m;5.00;190;190;12.06;26.38
7200.00;7500.00;1920.00;25.03;E0_0_1200m;5.00;160;160;10.65;25.20
7200.00;7500.00;2292.00;26.07;E0_1_1200m;5.00;191;191;12.21;26.18
7200.00;7500.00;1956.00;25.07;E0_0_1300m;5.00;163;163;10.84;25.26
7200.00;7500.00;2268.00;25.92;E0_1_1300m;5.00;189;189;12.15;26.03
7200.00;7500.00;1968.00;25.01;E0_0_1400m;5.00;164;164;10.93;25.18
7200.00;7500.00;2280.00;25.89;E0_1_1400m;5.00;190;190;12.23;26.01
7200.00;7500.00;1944.00;24.93;E0_0_1500m;5.00;162;162;10.83;25.08
7200.00;7500.00;2268.00;25.84;E0_1_1500m;5.00;189;189;12.19;25.96
7200.00;7500.00;1932.00;24.95;E0_0_1600m;5.00;161;162;10.81;25.06
7200.00;7500.00;2280.00;25.84;E0_1_1600m;5.00;190;190;12.26;25.97
7200.00;7500.00;1932.00;24.94;E0_0_1700m;5.00;161;161;10.76;25.05
7200.00;7500.00;2292.00;25.85;E0_1_1700m;5.00;191;191;12.32;25.98
7200.00;7500.00;1932.00;25.08;E0_0_1800m;5.00;161;161;10.70;25.18
7200.00;7500.00;2280.00;25.87;E0_1_1800m;5.00;190;189;12.23;26.00
7200.00;7500.00;1908.00;25.18;E0_0_1900m;5.00;159;159;10.52;25.27
7200.00;7500.00;2256.00;25.92;E0_1_1900m;5.00;188;189;12.12;26.06
7200.00;7500.00;1896.00;25.16;E0_0_2000m;5.00;158;158;10.47;25.24
7200.00;7500.00;2256.00;25.93;E0_1_2000m;5.00;188;189;12.10;26.06
7200.00;7500.00;1872.00;25.14;E0_0_2100m;5.00;156;156;10.34;25.22
7200.00;7500.00;2256.00;25.91;E0_1_2100m;5.00;188;188;12.09;26.02
7200.00;7500.00;1836.00;25.16;E0_0_2200m;5.00;153;153;10.13;25.24
7200.00;7500.00;2220.00;25.94;E0_1_2200m;5.00;185;185;11.89;26.04
7200.00;7500.00;1824.00;25.20;E0_0_2300m;5.00;152;152;10.05;25.28
7200.00;7500.00;2184.00;25.99;E0_1_2300m;5.00;182;182;11.67;26.09
7200.00;7500.00;1800.00;25.09;E0_0_2400m;5.00;150;149;9.96;25.16
7200.00;7500.00;2172.00;26.08;E0_1_2400m;5.00;181;180;11.52;26.19
7200.00;7500.00;1800.00;25.00;E0_0_2500m;5.00;150;150;10.00;25.09
7200.00;7500.00;2148.00;26.26;E0_1_2500m;5.00;179;179;11.36;26.38
7200.00;7500.00;1764.00;24.95;E0_0_2600m;5.00;147;147;9.82;25.03
7200.00;7500.00;2124.00;26.27;E0_1_2600m;5.00;177;177;11.23;26.39
7200.00;7500.00;1764.00;24.92;E0_0_2700m;5.00;147;147;9.83;25.01
7200.00;7500.00;2124.00;26.28;E0_1_2700m;5.00;177;177;11.23;26.39
7200.00;7500.00;1752.00;25.02;E0_0_2800m;5.00;146;145;9.71;25.10
7200.00;7500.00;2136.00;26.29;E0_1_2800m;5.00;178;178;11.28;26.41
7200.00;7500.00;1752.00;25.06;E0_0_2900m;5.00;146;146;9.71;25.14
7200.00;7500.00;2124.00;26.36;E0_1_2900m;5.00;177;176;11.16;26.50
7200.00;7500.00;1764.00;25.02;E0_0_3000m;5.00;147;147;9.79;25.10
7200.00;7500.00;2112.00;26.42;E0_1_3000m;5.00;176;176;11.10;26.56
7200.00;7500.00;1764.00;25.06;E0_0_3100m;5.00;147;147;9.78;25.14
7200.00;7500.00;2100.00;26.54;E0_1_3100m;5.00;175;176;11.06;26.68
7200.00;7500.00;1776.00;25.11;E0_0_3200m;5.00;148;148;9.82;25.19
7200.00;7500.00;2112.00;26.56;E0_1_3200m;5.00;176;176;11.04;26.71
7200.00;7500.00;1800.00;25.24;E0_0_3300m;5.00;150;149;9.88;25.32
7200.00;7500.00;2160.00;26.55;E0_1_3300m;5.00;180;180;11.30;26.69
7200.00;7500.00;1824.00;25.34;E0_0_3400m;5.00;152;152;9.99;25.41
7200.00;7500.00;2184.00;26.54;E0_1_3400m;5.00;182;182;11.43;26.68
7200.00;7500.00;1824.00;25.37;E0_0_3500m;5.00;152;152;9.99;25.44
7200.00;7500.00;2184.00;26.58;E0_1_3500m;5.00;182;181;11.40;26.72
7200.00;7500.00;1812.00;25.43;E0_0_3600m;5.00;151;152;9.95;25.50
7200.00;7500.00;2160.00;26.64;E0_1_3600m;5.00;180;180;11.26;26.78
7200.00;7500.00;1776.00;25.50;E0_0_3700m;5.00;148;149;9.74;25.58
7200.00;7500.00;2136.00;26.84;E0_1_3700m;5.00;178;178;11.05;27.02
7200.00;7500.00;1728.00;25.50;E0_0_3800m;5.00;144;145;9.46;25.58
7200.00;7500.00;2112.00;26.96;E0_1_3800m;5.00;176;176;10.88;27.09
7200.00;7500.00;1728.00;25.44;E0_0_3900m;5.00;144;144;9.44;25.51
7200.00;7500.00;2052.00;27.13;E0_1_3900m;5.00;171;172;10.56;27.26
7200.00;7500.00;1716.00;25.38;E0_0_4000m;5.00;143;143;9.39;25.45
7200.00;7500.00;2052.00;27.26;E0_1_4000m;5.00;171;172;10.48;27.38
7200.00;7500.00;1704.00;25.44;E0_0_4100m;5.00;142;143;9.30;25.51
7200.00;7500.00;2028.00;27.43;E0_1_4100m;5.00;169;169;10.27;27.54
7200.00;7500.00;1680.00;25.55;E0_0_4200m;5.00;140;140;9.13;25.59
7200.00;7500.00;2028.00;27.39;E0_1_4200m;5.00;169;169;10.28;27.47
7200.00;7500.00;1704.00;25.63;E0_0_4300m;5.00;142;143;9.27;25.67
7200.00;7500.00;2076.00;27.26;E0_1_4300m;5.00;173;173;10.58;27.34
7200.00;7500.00;1728.00;25.77;E0_0_4400m;5.00;144;144;9.31;25.81
7200.00;7500.00;2112.00;27.26;E0_1_4400m;5.00;176;176;10.76;27.34
7200.00;7500.00;1764.00;25.96;E0_0_4500m;5.00;147;147;9.44;26.00
7200.00;7500.00;2136.00;27.27;E0_1_4500m;5.00;178;178;10.88;27.35
7200.00;7500.00;1776.00;25.98;E0_0_4600m;5.00;148;147;9.48;26.02
7200.00;7500.00;2172.00;27.21;E0_1_4600m;5.00;181;181;11.09;27.28
7200.00;7500.00;1788.00;25.90;E0_0_4700m;5.00;149;149;9.59;25.94
7200.00;7500.00;2160.00;27.17;E0_1_4700m;5.00;180;180;11.04;27.25
7200.00;7500.00;1800.00;25.72;E0_0_4800m;5.00;150;150;9.72;25.76
7200.00;7500.00;2184.00;27.20;E0_1_4800m;5.00;182;182;11.15;27.28
7200.00;7500.00;1824.00;25.71;E0_0_4900m;5.00;152;153;9.92;25.77
7200.00;7500.00;2232.00;27.24;E0_1_4900m;5.00;186;186;11.38;27.37
7200.00;7500.00;1848.00;25.61;E0_0_5000m;5.00;154;154;10.02;25.67
7200.00;7500.00;2244.00;27.23;E0_1_5000m;5.00;187;186;11.42;27.30
7500.00;7800.00;0.00;-1.00;E0_0_0m;-1.00;0;0;0.00;-1.00
7500.00;7800.00;0.00;-1.00;E0_1_0m;-1.00;0;0;0.00;-1.00
7500.00;7800.00;1680.00;26.68;E0_0_100m;5.00;140;142;8.78;26.81
7500.00;7800.00;2112.00;28.24;E0_1_100m;5.00;176;176;10.39;28.41
7500.00;7800.00;1692.00;26.70;E0_0_200m;5.00;141;141;8.80;26.87
7500.00;7800.00;2136.00;28.70;E0_1_200m;5.00;178;178;10.34;28.90
7500.00;7800.00;1692.00;26.48;E0_0_300m;5.00;141;140;8.83;26.64
7500.00;7800.00;2136.00;28.71;E0_1_300m;5.00;178;178;10.33;28.90
7500.00;7800.00;1704.00;26.14;E0_0_400m;5.00;142;142;9.05;26.29
7500.00;7800.00;2148.00;28.50;E0_1_400m;5.00;179;179;10.47;28.66
7500.00;7800.00;1668.00;26.00;E0_0_500m;5.00;139;140;8.97;26.14
7500.00;7800.00;2172.00;28.22;E0_1_500m;5.00;181;181;10.69;28.36
7500.00;7800.00;1632.00;26.11;E0_0_600m;5.00;136;136;8.68;26.24
7500.00;7800.00;2220.00;28.07;E0_1_600m;5.00;185;185;10.98;28.20
7500.00;7800.00;1608.00;26.20;E0_0_700m;5.00;134;134;8.52;26.32
7500.00;7800.00;2220.00;28.05;E0_1_700m;5.00;185;185;10.99;28.17
7500.00;7800.00;1656.00;26.25;E0_0_800m;5.00;138;138;8.76;26.37
7500.00;7800.00;2220.00;28.02;E0_1_800m;5.00;185;185;11.00;28.16
7500.00;7800.00;1668.00;26.03;E0_0_900m;5.00;139;139;8.90;26.15
7500.00;7800.00;2220.00;28.03;E0_1_900m;5.00;185;185;11.00;28.16
7500.00;7800.00;1644.00;25.90;E0_0_1000m;5.00;137;137;8.81;26.02
7500.00;7800.00;2220.00;27.89;E0_1_1000m;5.00;185;186;11.06;28.01
7500.00;7800.00;1644.00;25.84;E0_0_1100m;5.00;137;137;8.84;25.97
7500.00;7800.00;2232.00;27.78;E0_1_1100m;5.00;186;186;11.16;27.91
7500.00;7800.00;1632.00;25.82;E0_0_1200m;5.00;136;136;8.78;25.96
7500.00;7800.00;2208.00;27.76;E0_1_1200m;5.00;184;185;11.07;27.89
7500.00;7800.00;1644.00;25.76;E0_0_1300m;5.00;137;137;8.86;25.90
7500.00;7800.00;2196.00;27.78;E0_1_1300m;5.00;183;183;10.98;27.90
7500.00;7800.00;1644.00;25.77;E0_0_1400m;5.00;137;137;8.86;25.90
7500.00;7800.00;2148.00;27.75;E0_1_1400m;5.00;179;179;10.75;27.87
7500.00;7800.00;1644.00;25.64;E0_0_1500m;5.00;137;137;8.90;25.77
7500.00;7800.00;2160.00;27.62;E0_1_1500m;5.00;180;180;10.86;27.72
7500.00;7800.00;1668.00;25.57;E0_0_1600m;5.00;139;138;9.01;25.70
7500.00;7800.00;2196.00;27.59;E0_1_1600m;5.00;183;183;11.05;27.70
7500.00;7800.00;1668.00;25.67;E0_0_1700m;5.00;139;139;9.02;25.78
7500.00;7800.00;2232.00;27.54;E0_1_1700m;5.00;186;186;11.26;27.64
7500.00;7800.00;1692.00;25.60;E0_0_1800m;5.00;141;141;9.18;25.71
7500.00;7800.00;2244.00;27.55;E0_1_1800m;5.00;187;187;11.31;27.66
7500.00;7800.00;1740.00;25.50;E0_0_1900m;5.00;145;145;9.48;25.63
7500.00;7800.00;2244.00;27.57;E0_1_1900m;5.00;187;187;11.29;27.68
7500.00;7800.00;1776.00;25.61;E0_0_2000m;5.00;148;148;9.63;25.76
7500.00;7800.00;2280.00;27.57;E0_1_2000m;5.00;190;189;11.47;27.70
7500.00;7800.00;1812.00;25.47;E0_0_2100m;5.00;151;151;9.88;25.62
7500.00;7800.00;2256.00;27.57;E0_1_2100m;5.00;188;188;11.36;27.71
7500.00;7800.00;1848.00;25.30;E0_0_2200m;5.00;154;154;10.14;25.44
7500.00;7800.00;2244.00;27.56;E0_1_2200m;5.00;187;187;11.31;27.69
7500.00;7800.00;1860.00;25.30;E0_0_2300m;5.00;155;155;10.21;25.41
7500.00;7800.00;2232.00;27.43;E0_1_2300m;5.00;186;188;11.38;27.56
7500.00;7800.00;1848.00;25.28;E0_0_2400m;5.00;154;154;10.15;25.38
7500.00;7800.00;2256.00;27.25;E0_1_2400m;5.00;188;188;11.50;27.39
7500.00;7800.00;1848.00;25.31;E0_0_2500m;5.00;154;155;10.16;25.42
7500.00;7800.00;2268.00;27.10;E0_1_2500m;5.00;189;189;11.62;27.26
7500.00;7800.00;1872.00;25.19;E0_0_2600m;5.00;156;156;10.32;25.32
7500.00;7800.00;2244.00;27.06;E0_1_2600m;5.00;187;188;11.55;27.22
7500.00;7800.00;1884.00;24.87;E0_0_2700m;5.00;157;157;10.52;25.00
7500.00;7800.00;2244.00;27.04;E0_1_2700m;5.00;187;187;11.53;27.21
7500.00;7800.00;1932.00;24.77;E0_0_2800m;5.00;161;161;10.83;24.89
7500.00;7800.00;2268.00;26.96;E0_1_2800m;5.00;189;189;11.68;27.16
7500.00;7800.00;1980.00;24.85;E0_0_2900m;5.00;165;165;11.07;24.95
7500.00;7800.00;2292.00;26.80;E0_1_2900m;5.00;191;191;11.88;27.00
7500.00;7800.00;1980.00;24.78;E0_0_3000m;5.00;165;165;11.10;24.88
7500.00;7800.00;2340.00;26.70;E0_1_3000m;5.00;195;195;12.17;26.91
7500.00;7800.00;1980.00;24.68;E0_0_3100m;5.00;165;165;11.14;24.78
7500.00;7800.00;2364.00;26.64;E0_1_3100m;5.00;197;196;12.26;26.86
7500.00;7800.00;1980.00;24.76;E0_0_3200m;5.00;165;165;11.11;24.84
7500.00;7800.00;2352.00;26.66;E0_1_3200m;5.00;196;196;12.25;26.89
7500.00;7800.00;1956.00;24.78;E0_0_3300m;5.00;163;163;10.96;24.87
7500.00;7800.00;2304.00;26.60;E0_1_3300m;5.00;192;192;12.03;26.83
7500.00;7800.00;1944.00;24.73;E0_0_3400m;5.00;162;162;10.93;24.81
7500.00;7800.00;2256.00;26.47;E0_1_3400m;5.00;188;188;11.84;26.67
7500.00;7800.00;1944.00;24.62;E0_0_3500m;5.00;162;162;10.97;24.69
7500.00;7800.00;2256.00;26.30;E0_1_3500m;5.00;188;189;11.95;26.50
7500.00;7800.00;1956.00;24.48;E0_0_3600m;5.00;163;162;11.04;24.55
7500.00;7800.00;2268.00;26.18;E0_1_3600m;5.00;189;189;12.03;26.39
7500.00;7800.00;1956.00;24.45;E0_0_3700m;5.00;163;163;11.11;24.53
7500.00;7800.00;2268.00;26.04;E0_1_3700m;5.00;189;189;12.10;26.25
7500.00;7800.00;1956.00;24.40;E0_0_3800m;5.00;163;162;11.09;24.48
7500.00;7800.00;2268.00;25.94;E0_1_3800m;5.00;189;189;12.14;26.15
7500.00;7800.00;1968.00;24.35;E0_0_3900m;5.00;164;164;11.23;24.44
7500.00;7800.00;2268.00;25.82;E0_1_3900m;5.00;189;188;12.15;26.04
7500.00;7800.00;1944.00;24.40;E0_0_4000m;5.00;162;162;11.07;24.50
7500.00;7800.00;2292.00;25.70;E0_1_4000m;5.00;191;190;12.36;25.92
7500.00;7800.00;1968.00;24.36;E0_0_4100m;5.00;164;163;11.22;24.46
7500.00;7800.00;2292.00;25.65;E0_1_4100m;5.00;191;192;12.41;25.88
7500.00;7800.00;1944.00;24.46;E0_0_4200m;5.00;162;163;11.08;24.55
7500.00;7800.00;2316.00;25.60;E0_1_4200m;5.00;193;193;12.57;25.86
7500.00;7800.00;1920.00;24.46;E0_0_4300m;5.00;160;160;10.90;24.54
7500.00;7800.00;2280.00;25.50;E0_1_4300m;5.00;190;190;12.42;25.73
7500.00;7800.00;1896.00;24.30;E0_0_4400m;5.00;158;158;10.84;24.38
7500.00;7800.00;2268.00;25.45;E0_1_4400m;5.00;189;189;12.38;25.68
7500.00;7800.00;1884.00;24.18;E0_0_4500m;5.00;157;158;10.85;24.26
7500.00;7800.00;2244.00;25.40;E0_1_4500m;5.00;187;187;12.27;25.64
7500.00;7800.00;1884.00;24.15;E0_0_4600m;5.00;157;157;10.83;24.23
7500.00;7800.00;2208.00;25.33;E0_1_4600m;5.00;184;184;12.11;25.56
7500.00;7800.00;1860.00;24.11;E0_0_4700m;5.00;155;155;10.71;24.18
7500.00;7800.00;2196.00;25.26;E0_1_4700m;5.00;183;183;12.08;25.46
7500.00;7800.00;1860.00;24.16;E0_0_4800m;5.00;155;155;10.69;24.22
7500.00;7800.00;2196.00;25.28;E0_1_4800m;5.00;183;183;12.07;25.48
7500.00;7800.00;1848.00;24.27;E0_0_4900m;5.00;154;154;10.57;24.31
7500.00;7800.00;2196.00;25.33;E0_1_4900m;5.00;183;183;12.04;25.53
7500.00;7800.00;1860.00;24.29;E0_0_5000m;5.00;155;155;10.63;24.33
7500.00;7800.00;2208.00;25.40;E0_1_5000m;5.00;184;184;12.08;25.57
