interval_begin;interval_end;interval_flow;interval_harmonicMeanSpeed;interval_id;interval_length;interval_nVehContrib;interval_nVehEntered;interval_occupancy;interval_speed
0.00;300.00;0.00;-1.00;E0_0_0m;-1.00;0;0;0.00;-1.00
0.00;300.00;0.00;-1.00;E0_1_0m;-1.00;0;0;0.00;-1.00
0.00;300.00;1608.00;27.12;E0_0_100m;5.00;134;134;8.23;27.29
0.00;300.00;2124.00;28.74;E0_1_100m;5.00;177;177;10.26;28.85
0.00;300.00;1608.00;26.95;E0_0_200m;5.00;134;134;8.29;27.15
0.00;300.00;2076.00;28.83;E0_1_200m;5.00;173;173;10.00;28.95
0.00;300.00;1596.00;26.71;E0_0_300m;5.00;133;133;8.30;26.93
0.00;300.00;2052.00;28.58;E0_1_300m;5.00;171;171;9.97;28.70
0.00;300.00;1548.00;26.34;E0_0_400m;5.00;129;129;8.16;26.58
0.00;300.00;2028.00;28.31;E0_1_400m;5.00;169;169;9.95;28.43
0.00;300.00;1500.00;26.15;E0_0_500m;5.00;125;125;7.97;26.41
0.00;300.00;2028.00;28.14;E0_1_500m;5.00;169;169;10.01;28.27
0.00;300.00;1488.00;26.11;E0_0_600m;5.00;124;124;7.92;26.35
0.00;300.00;1992.00;28.11;E0_1_600m;5.00;166;166;9.84;28.24
0.00;300.00;1476.00;26.24;E0_0_700m;5.00;123;123;7.81;26.44
0.00;300.00;1932.00;28.14;E0_1_700m;5.00;161;162;9.59;28.27
0.00;300.00;1428.00;26.42;E0_0_800m;5.00;119;119;7.51;26.56
0.00;300.00;1908.00;28.05;E0_1_800m;5.00;159;159;9.45;28.19
0.00;300.00;1428.00;26.49;E0_0_900m;5.00;119;119;7.49;26.62
0.00;300.00;1860.00;27.94;E0_1_900m;5.00;155;155;9.25;28.05
0.00;300.00;1428.00;26.33;E0_0_1000m;5.00;119;119;7.53;26.46
0.00;300.00;1836.00;27.83;E0_1_1000m;5.00;153;153;9.16;27.94
0.00;300.00;1392.00;26.24;E0_0_1100m;5.00;116;116;7.37;26.36
0.00;300.00;1836.00;27.69;E0_1_1100m;5.00;153;153;9.21;27.81
0.00;300.00;1392.00;26.17;E0_0_1200m;5.00;116;116;7.39;26.29
0.00;300.00;1800.00;27.71;E0_1_1200m;5.00;150;150;9.02;27.82
0.00;300.00;1356.00;26.15;E0_0_1300m;5.00;113;113;7.20;26.28
0.00;300.00;1776.00;27.64;E0_1_1300m;5.00;148;148;8.92;27.76
0.00;300.00;1332.00;26.12;E0_0_1400m;5.00;111;111;7.08;26.25
0.00;300.00;1752.00;27.55;E0_1_1400m;5.00;146;146;8.83;27.66
0.00;300.00;1296.00;26.14;E0_0_1500m;5.00;108;108;6.89;26.29
0.00;300.00;1728.00;27.47;E0_1_1500m;5.00;144;144;8.74;27.57
0.00;300.00;1260.00;26.11;E0_0_1600m;5.00;105;105;6.70;26.26
0.00;300.00;1704.00;27.43;E0_1_1600m;5.00;142;142;8.63;27.52
0.00;300.00;1248.00;26.11;E0_0_1700m;5.00;104;104;6.64;26.26
0.00;300.00;1668.00;27.38;E0_1_1700m;5.00;139;140;8.49;27.47
0.00;300.00;1236.00;26.03;E0_0_1800m;5.00;103;103;6.59;26.20
0.00;300.00;1668.00;27.36;E0_1_1800m;5.00;139;139;8.47;27.46
0.00;300.00;1212.00;26.10;E0_0_1900m;5.00;101;102;6.47;26.26
0.00;300.00;1632.00;27.42;E0_1_1900m;5.00;136;136;8.27;27.53
0.00;300.00;1164.00;26.11;E0_0_2000m;5.00;97;97;6.19;26.29
0.00;300.00;1620.00;27.53;E0_1_2000m;5.00;135;135;8.17;27.63
0.00;300.00;1152.00;26.11;E0_0_2100m;5.00;96;96;6.13;26.30
0.00;300.00;1560.00;27.63;E0_1_2100m;5.00;130;131;7.88;27.74
0.00;300.00;1116.00;26.12;E0_0_2200m;5.00;93;94;5.95;26.32
0.00;300.00;1548.00;27.68;E0_1_2200m;5.00;129;129;7.77;27.79
0.00;300.00;1104.00;26.06;E0_0_2300m;5.00;92;92;5.88;26.26
0.00;300.00;1524.00;27.73;E0_1_2300m;5.00;127;127;7.63;27.84
0.00;300.00;1104.00;26.04;E0_0_2400m;5.00;92;92;5.89;26.23
0.00;300.00;1512.00;27.71;E0_1_2400m;5.00;126;126;7.58;27.83
0.00;300.00;1080.00;25.95;E0_0_2500m;5.00;90;90;5.78;26.14
0.00;300.00;1464.00;27.57;E0_1_2500m;5.00;122;122;7.38;27.69
0.00;300.00;1044.00;25.93;E0_0_2600m;5.00;87;87;5.59;26.12
0.00;300.00;1452.00;27.36;E0_1_2600m;5.00;121;121;7.37;27.47
0.00;300.00;1032.00;25.88;E0_0_2700m;5.00;86;86;5.54;26.08
0.00;300.00;1404.00;27.30;E0_1_2700m;5.00;117;117;7.14;27.41
0.00;300.00;1044.00;25.84;E0_0_2800m;5.00;87;87;5.61;26.03
0.00;300.00;1380.00;27.20;E0_1_2800m;5.00;115;115;7.05;27.32
0.00;300.00;1032.00;25.80;E0_0_2900m;5.00;86;86;5.56;25.99
0.00;300.00;1356.00;27.07;E0_1_2900m;5.00;113;113;6.96;27.20
0.00;300.00;1008.00;25.73;E0_0_3000m;5.00;84;84;5.44;25.93
0.00;300.00;1332.00;26.95;E0_1_3000m;5.00;111;111;6.87;27.04
0.00;300.00;1020.00;25.81;E0_0_3100m;5.00;85;85;5.49;26.00
0.00;300.00;1320.00;27.00;E0_1_3100m;5.00;110;110;6.79;27.09
0.00;300.00;996.00;25.87;E0_0_3200m;5.00;83;83;5.35;26.07
0.00;300.00;1296.00;27.10;E0_1_3200m;5.00;108;108;6.64;27.18
0.00;300.00;984.00;25.96;E0_0_3300m;5.00;82;82;5.27;26.23
0.00;300.00;1248.00;27.28;E0_1_3300m;5.00;104;106;6.44;27.38
0.00;300.00;972.00;25.79;E0_0_3400m;5.00;81;81;5.23;26.00
0.00;300.00;1212.00;27.36;E0_1_3400m;5.00;101;101;6.15;27.47
0.00;300.00;948.00;25.78;E0_0_3500m;5.00;79;79;5.11;25.99
0.00;300.00;1176.00;27.18;E0_1_3500m;5.00;98;98;6.01;27.28
0.00;300.00;948.00;25.74;E0_0_3600m;5.00;79;79;5.12;25.96
0.00;300.00;1116.00;27.32;E0_1_3600m;5.00;93;93;5.67;27.43
0.00;300.00;924.00;25.86;E0_0_3700m;5.00;77;77;4.96;26.09
0.00;300.00;1080.00;27.37;E0_1_3700m;5.00;90;90;5.48;27.47
0.00;300.00;900.00;25.88;E0_0_3800m;5.00;75;76;4.88;26.12
0.00;300.00;1032.00;27.36;E0_1_3800m;5.00;86;87;5.29;27.46
0.00;300.00;888.00;25.87;E0_0_3900m;5.00;74;74;4.77;26.11
0.00;300.00;1008.00;27.31;E0_1_3900m;5.00;84;84;5.13;27.40
0.00;300.00;888.00;25.88;E0_0_4000m;5.00;74;74;4.76;26.11
0.00;300.00;1008.00;27.14;E0_1_4000m;5.00;84;84;5.16;27.23
0.00;300.00;876.00;25.96;E0_0_4100m;5.00;73;73;4.69;26.19
0.00;300.00;1020.00;27.02;E0_1_4100m;5.00;85;85;5.24;27.11
0.00;300.00;852.00;25.98;E0_0_4200m;5.00;71;71;4.56;26.20
0.00;300.00;996.00;27.01;E0_1_4200m;5.00;83;83;5.12;27.09
0.00;300.00;840.00;25.95;E0_0_4300m;5.00;70;70;4.50;26.18
0.00;300.00;960.00;26.98;E0_1_4300m;5.00;80;80;4.94;27.08
0.00;300.00;840.00;26.00;E0_0_4400m;5.00;70;70;4.49;26.23
0.00;300.00;960.00;27.04;E0_1_4400m;5.00;80;81;4.96;27.14
0.00;300.00;792.00;26.01;E0_0_4500m;5.00;66;67;4.24;26.24
0.00;300.00;936.00;27.17;E0_1_4500m;5.00;78;78;4.79;27.29
0.00;300.00;804.00;25.99;E0_0_4600m;5.00;67;67;4.30;26.23
0.00;300.00;888.00;27.23;E0_1_4600m;5.00;74;74;4.53;27.36
0.00;300.00;780.00;25.94;E0_0_4700m;5.00;65;65;4.18;26.18
0.00;300.00;852.00;27.27;E0_1_4700m;5.00;71;71;4.34;27.40
0.00;300.00;756.00;25.90;E0_0_4800m;5.00;63;63;4.05;26.16
0.00;300.00;816.00;27.34;E0_1_4800m;5.00;68;68;4.15;27.48
0.00;300.00;756.00;25.95;E0_0_4900m;5.00;63;63;4.05;26.22
0.00;300.00;768.00;27.43;E0_1_4900m;5.00;64;64;3.89;27.57
0.00;300.00;720.00;25.89;E0_0_5000m;5.00;60;60;3.86;26.17
0.00;300.00;732.00;27.41;E0_1_5000m;5.00;61;61;3.71;27.53
300.00;600.00;0.00;-1.00;E0_0_0m;-1.00;0;0;0.00;-1.00
300.00;600.00;0.00;-1.00;E0_1_0m;-1.00;0;0;0.00;-1.00
300.00;600.00;1812.00;25.74;E0_0_100m;5.00;151;151;9.78;25.92
300.00;600.00;2220.00;27.58;E0_1_100m;5.00;185;185;11.18;27.73
300.00;600.00;1812.00;25.53;E0_0_200m;5.00;151;151;9.86;25.73
300.00;600.00;2208.00;27.78;E0_1_200m;5.00;184;184;11.04;28.00
300.00;600.00;1776.00;25.46;E0_0_300m;5.00;148;149;9.74;25.67
300.00;600.00;2232.00;27.71;E0_1_300m;5.00;186;186;11.19;27.96
300.00;600.00;1788.00;25.41;E0_0_400m;5.00;149;149;9.77;25.61
300.00;600.00;2232.00;27.70;E0_1_400m;5.00;186;186;11.19;27.89
300.00;600.00;1776.00;25.54;E0_0_500m;5.00;148;148;9.66;25.73
300.00;600.00;2220.00;27.81;E0_1_500m;5.00;185;185;11.09;27.97
300.00;600.00;1788.00;25.40;E0_0_600m;5.00;149;149;9.78;25.58
300.00;600.00;2184.00;27.95;E0_1_600m;5.00;182;183;10.88;28.10
300.00;600.00;1788.00;24.78;E0_0_700m;5.00;149;149;10.02;25.00
300.00;600.00;2208.00;27.78;E0_1_700m;5.00;184;183;10.99;27.94
300.00;600.00;1812.00;24.25;E0_0_800m;5.00;151;151;10.38;24.51
300.00;600.00;2184.00;27.63;E0_1_800m;5.00;182;183;11.00;27.79
300.00;600.00;1800.00;23.95;E0_0_900m;5.00;150;150;10.44;24.22
300.00;600.00;2184.00;27.49;E0_1_900m;5.00;182;182;11.03;27.66
300.00;600.00;1788.00;23.81;E0_0_1000m;5.00;149;149;10.43;24.08
300.00;600.00;2172.00;27.32;E0_1_1000m;5.00;181;181;11.04;27.50
300.00;600.00;1788.00;23.80;E0_0_1100m;5.00;149;149;10.43;24.07
300.00;600.00;2196.00;27.15;E0_1_1100m;5.00;183;183;11.24;27.32
300.00;600.00;1776.00;23.58;E0_0_1200m;5.00;148;148;10.46;23.83
300.00;600.00;2196.00;26.94;E0_1_1200m;5.00;183;183;11.32;27.11
300.00;600.00;1788.00;23.26;E0_0_1300m;5.00;149;149;10.68;23.50
300.00;600.00;2220.00;26.76;E0_1_1300m;5.00;185;185;11.52;26.93
300.00;600.00;1788.00;23.15;E0_0_1400m;5.00;149;149;10.73;23.36
300.00;600.00;2220.00;26.53;E0_1_1400m;5.00;185;185;11.62;26.70
300.00;600.00;1776.00;23.12;E0_0_1500m;5.00;148;148;10.67;23.30
300.00;600.00;2220.00;26.40;E0_1_1500m;5.00;185;185;11.68;26.56
300.00;600.00;1800.00;23.19;E0_0_1600m;5.00;150;150;10.78;23.36
300.00;600.00;2196.00;26.32;E0_1_1600m;5.00;183;183;11.59;26.49
300.00;600.00;1788.00;23.17;E0_0_1700m;5.00;149;149;10.72;23.36
300.00;600.00;2184.00;26.31;E0_1_1700m;5.00;182;182;11.53;26.49
300.00;600.00;1740.00;22.99;E0_0_1800m;5.00;145;145;10.51;23.20
300.00;600.00;2172.00;26.32;E0_1_1800m;5.00;181;181;11.46;26.49
300.00;600.00;1752.00;22.92;E0_0_1900m;5.00;146;145;10.60;23.15
300.00;600.00;2160.00;26.34;E0_1_1900m;5.00;180;180;11.39;26.52
300.00;600.00;1752.00;22.83;E0_0_2000m;5.00;146;146;10.66;23.06
300.00;600.00;2160.00;26.34;E0_1_2000m;5.00;180;180;11.39;26.51
300.00;600.00;1752.00;22.79;E0_0_2100m;5.00;146;146;10.68;23.02
300.00;600.00;2160.00;26.30;E0_1_2100m;5.00;180;179;11.37;26.46
300.00;600.00;1728.00;22.77;E0_0_2200m;5.00;144;143;10.52;22.99
300.00;600.00;2172.00;26.26;E0_1_2200m;5.00;181;181;11.49;26.41
300.00;600.00;1692.00;22.83;E0_0_2300m;5.00;141;141;10.29;23.04
300.00;600.00;2172.00;26.23;E0_1_2300m;5.00;181;181;11.50;26.37
300.00;600.00;1692.00;22.90;E0_0_2400m;5.00;141;141;10.26;23.09
300.00;600.00;2136.00;26.22;E0_1_2400m;5.00;178;178;11.31;26.34
300.00;600.00;1656.00;22.97;E0_0_2500m;5.00;138;138;10.02;23.18
300.00;600.00;2172.00;26.23;E0_1_2500m;5.00;181;181;11.50;26.35
300.00;600.00;1668.00;22.90;E0_0_2600m;5.00;139;139;10.11;23.16
300.00;600.00;2148.00;26.35;E0_1_2600m;5.00;179;179;11.32;26.48
300.00;600.00;1668.00;22.88;E0_0_2700m;5.00;139;139;10.13;23.17
300.00;600.00;2196.00;26.48;E0_1_2700m;5.00;183;183;11.52;26.62
300.00;600.00;1656.00;22.88;E0_0_2800m;5.00;138;138;10.05;23.20
300.00;600.00;2220.00;26.64;E0_1_2800m;5.00;185;185;11.57;26.79
300.00;600.00;1692.00;22.94;E0_0_2900m;5.00;141;141;10.24;23.29
300.00;600.00;2208.00;26.85;E0_1_2900m;5.00;184;184;11.42;27.00
300.00;600.00;1716.00;22.93;E0_0_3000m;5.00;143;143;10.39;23.28
300.00;600.00;2172.00;26.83;E0_1_3000m;5.00;181;181;11.24;26.98
300.00;600.00;1668.00;22.93;E0_0_3100m;5.00;139;139;10.10;23.27
300.00;600.00;2172.00;26.59;E0_1_3100m;5.00;181;181;11.34;26.74
300.00;600.00;1692.00;22.93;E0_0_3200m;5.00;141;141;10.25;23.27
300.00;600.00;2160.00;26.56;E0_1_3200m;5.00;180;180;11.29;26.70
300.00;600.00;1668.00;23.05;E0_0_3300m;5.00;139;139;10.05;23.39
300.00;600.00;2184.00;26.51;E0_1_3300m;5.00;182;181;11.41;26.66
300.00;600.00;1668.00;22.93;E0_0_3400m;5.00;139;139;10.10;23.26
300.00;600.00;2160.00;26.51;E0_1_3400m;5.00;180;180;11.32;26.66
300.00;600.00;1656.00;23.07;E0_0_3500m;5.00;138;138;9.97;23.42
300.00;600.00;2172.00;26.44;E0_1_3500m;5.00;181;181;11.41;26.59
300.00;600.00;1668.00;23.02;E0_0_3600m;5.00;139;139;10.06;23.34
300.00;600.00;2220.00;26.40;E0_1_3600m;5.00;185;185;11.68;26.55
300.00;600.00;1656.00;23.19;E0_0_3700m;5.00;138;138;9.92;23.50
300.00;600.00;2232.00;26.36;E0_1_3700m;5.00;186;186;11.76;26.53
300.00;600.00;1644.00;23.23;E0_0_3800m;5.00;137;136;9.77;23.55
300.00;600.00;2256.00;26.38;E0_1_3800m;5.00;188;187;11.83;26.54
300.00;600.00;1644.00;23.36;E0_0_3900m;5.00;137;137;9.77;23.70
300.00;600.00;2220.00;26.37;E0_1_3900m;5.00;185;185;11.69;26.54
300.00;600.00;1608.00;23.40;E0_0_4000m;5.00;134;134;9.54;23.74
300.00;600.00;2172.00;26.31;E0_1_4000m;5.00;181;182;11.48;26.49
300.00;600.00;1584.00;23.44;E0_0_4100m;5.00;132;132;9.38;23.76
300.00;600.00;2160.00;26.19;E0_1_4100m;5.00;180;180;11.45;26.37
300.00;600.00;1596.00;23.60;E0_0_4200m;5.00;133;134;9.40;23.90
300.00;600.00;2124.00;26.16;E0_1_4200m;5.00;177;177;11.28;26.35
300.00;600.00;1596.00;23.79;E0_0_4300m;5.00;133;133;9.32;24.07
300.00;600.00;2100.00;26.06;E0_1_4300m;5.00;175;175;11.19;26.25
300.00;600.00;1560.00;24.01;E0_0_4400m;5.00;130;130;9.03;24.24
300.00;600.00;2076.00;25.98;E0_1_4400m;5.00;173;173;11.10;26.17
300.00;600.00;1560.00;24.39;E0_0_4500m;5.00;130;129;8.87;24.56
300.00;600.00;2076.00;25.98;E0_1_4500m;5.00;173;173;11.10;26.17
300.00;600.00;1548.00;24.49;E0_0_4600m;5.00;129;129;8.78;24.67
300.00;600.00;2088.00;25.94;E0_1_4600m;5.00;174;174;11.18;26.12
300.00;600.00;1560.00;24.39;E0_0_4700m;5.00;130;130;8.88;24.61
300.00;600.00;2088.00;25.98;E0_1_4700m;5.00;174;174;11.16;26.16
300.00;600.00;1548.00;24.41;E0_0_4800m;5.00;129;129;8.81;24.63
300.00;600.00;2100.00;26.01;E0_1_4800m;5.00;175;175;11.21;26.19
300.00;600.00;1536.00;24.34;E0_0_4900m;5.00;128;128;8.77;24.59
300.00;600.00;2088.00;26.05;E0_1_4900m;5.00;174;174;11.13;26.23
300.00;600.00;1572.00;24.33;E0_0_5000m;5.00;131;131;8.98;24.60
300.00;600.00;2076.00;26.05;E0_1_5000m;5.00;173;173;11.07;26.22
600.00;900.00;0.00;-1.00;E0_0_0m;-1.00;0;0;0.00;-1.00
600.00;900.00;0.00;-1.00;E0_1_0m;-1.00;0;0;0.00;-1.00
600.00;900.00;1812.00;26.35;E0_0_100m;5.00;151;152;9.60;26.44
600.00;900.00;2256.00;27.84;E0_1_100m;5.00;188;188;11.25;27.93
600.00;900.00;1800.00;26.48;E0_0_200m;5.00;150;150;9.44;26.58
600.00;900.00;2268.00;28.03;E0_1_200m;5.00;189;189;11.24;28.13
600.00;900.00;1800.00;26.39;E0_0_300m;5.00;150;150;9.47;26.49
600.00;900.00;2256.00;28.01;E0_1_300m;5.00;188;188;11.19;28.12
600.00;900.00;1812.00;26.20;E0_0_400m;5.00;151;151;9.60;26.31
600.00;900.00;2232.00;27.98;E0_1_400m;5.00;186;186;11.08;28.08
600.00;900.00;1848.00;26.07;E0_0_500m;5.00;154;154;9.84;26.19
600.00;900.00;2232.00;27.84;E0_1_500m;5.00;186;186;11.13;27.92
600.00;900.00;1884.00;25.94;E0_0_600m;5.00;157;157;10.09;26.07
600.00;900.00;2232.00;27.79;E0_1_600m;5.00;186;186;11.16;27.85
600.00;900.00;1896.00;25.69;E0_0_700m;5.00;158;158;10.25;25.82
600.00;900.00;2220.00;27.77;E0_1_700m;5.00;185;185;11.10;27.84
600.00;900.00;1896.00;25.41;E0_0_800m;5.00;158;158;10.36;25.56
600.00;900.00;2244.00;27.66;E0_1_800m;5.00;187;188;11.29;27.71
600.00;900.00;1920.00;25.35;E0_0_900m;5.00;160;161;10.54;25.49
600.00;900.00;2244.00;27.62;E0_1_900m;5.00;187;187;11.28;27.68
600.00;900.00;1920.00;25.21;E0_0_1000m;5.00;160;160;10.58;25.36
600.00;900.00;2244.00;27.58;E0_1_1000m;5.00;187;187;11.30;27.64
600.00;900.00;1884.00;25.20;E0_0_1100m;5.00;157;157;10.39;25.36
600.00;900.00;2244.00;27.59;E0_1_1100m;5.00;187;187;11.30;27.65
600.00;900.00;1920.00;25.33;E0_0_1200m;5.00;160;160;10.53;25.48
600.00;900.00;2220.00;27.62;E0_1_1200m;5.00;185;185;11.16;27.69
600.00;900.00;1884.00;25.26;E0_0_1300m;5.00;157;157;10.36;25.40
600.00;900.00;2208.00;27.61;E0_1_1300m;5.00;184;184;11.11;27.68
600.00;900.00;1860.00;25.07;E0_0_1400m;5.00;155;156;10.37;25.21
600.00;900.00;2220.00;27.63;E0_1_1400m;5.00;185;185;11.16;27.72
600.00;900.00;1860.00;24.93;E0_0_1500m;5.00;155;155;10.36;25.07
600.00;900.00;2232.00;27.47;E0_1_1500m;5.00;186;186;11.29;27.54
600.00;900.00;1812.00;24.78;E0_0_1600m;5.00;151;152;10.16;24.92
600.00;900.00;2268.00;27.33;E0_1_1600m;5.00;189;189;11.52;27.41
600.00;900.00;1860.00;24.73;E0_0_1700m;5.00;155;155;10.45;24.88
600.00;900.00;2256.00;27.24;E0_1_1700m;5.00;188;188;11.50;27.33
600.00;900.00;1872.00;24.69;E0_0_1800m;5.00;156;156;10.53;24.82
600.00;900.00;2268.00;27.19;E0_1_1800m;5.00;189;190;11.59;27.28
600.00;900.00;1872.00;24.65;E0_0_1900m;5.00;156;156;10.55;24.76
600.00;900.00;2268.00;27.18;E0_1_1900m;5.00;189;189;11.59;27.30
600.00;900.00;1872.00;24.61;E0_0_2000m;5.00;156;156;10.56;24.73
600.00;900.00;2292.00;27.11;E0_1_2000m;5.00;191;191;11.74;27.24
600.00;900.00;1872.00;24.58;E0_0_2100m;5.00;156;156;10.58;24.70
600.00;900.00;2292.00;26.97;E0_1_2100m;5.00;191;191;11.80;27.10
600.00;900.00;1872.00;24.62;E0_0_2200m;5.00;156;156;10.56;24.73
600.00;900.00;2292.00;26.85;E0_1_2200m;5.00;191;192;11.89;26.99
600.00;900.00;1848.00;24.81;E0_0_2300m;5.00;154;154;10.35;24.90
600.00;900.00;2328.00;26.71;E0_1_2300m;5.00;194;194;12.11;26.87
600.00;900.00;1812.00;24.83;E0_0_2400m;5.00;151;151;10.14;24.90
600.00;900.00;2328.00;26.57;E0_1_2400m;5.00;194;194;12.17;26.74
600.00;900.00;1824.00;24.69;E0_0_2500m;5.00;152;152;10.26;24.74
600.00;900.00;2316.00;26.36;E0_1_2500m;5.00;193;193;12.20;26.56
600.00;900.00;1848.00;24.60;E0_0_2600m;5.00;154;154;10.43;24.66
600.00;900.00;2316.00;26.11;E0_1_2600m;5.00;193;193;12.32;26.33
600.00;900.00;1812.00;24.26;E0_0_2700m;5.00;151;151;10.37;24.34
600.00;900.00;2340.00;25.64;E0_1_2700m;5.00;195;195;12.68;25.84
600.00;900.00;1800.00;23.62;E0_0_2800m;5.00;150;150;10.58;23.70
600.00;900.00;2316.00;24.96;E0_1_2800m;5.00;193;193;12.89;25.15
600.00;900.00;1812.00;22.93;E0_0_2900m;5.00;151;151;10.97;23.03
600.00;900.00;2280.00;23.98;E0_1_2900m;5.00;190;190;13.21;24.11
600.00;900.00;1812.00;21.89;E0_0_3000m;5.00;151;151;11.50;21.95
600.00;900.00;2292.00;22.65;E0_1_3000m;5.00;191;191;14.06;22.68
600.00;900.00;1860.00;21.80;E0_0_3100m;5.00;155;155;11.85;21.85
600.00;900.00;2232.00;22.54;E0_1_3100m;5.00;186;186;13.76;22.56
600.00;900.00;1920.00;21.82;E0_0_3200m;5.00;160;161;12.24;21.87
600.00;900.00;2148.00;22.63;E0_1_3200m;5.00;179;179;13.18;22.69
600.00;900.00;1968.00;22.05;E0_0_3300m;5.00;164;164;12.40;22.12
600.00;900.00;2100.00;22.67;E0_1_3300m;5.00;175;176;12.92;22.73
600.00;900.00;1968.00;22.13;E0_0_3400m;5.00;164;164;12.35;22.15
600.00;900.00;2100.00;22.67;E0_1_3400m;5.00;175;175;12.86;22.73
600.00;900.00;1956.00;22.13;E0_0_3500m;5.00;163;163;12.27;22.16
600.00;900.00;2088.00;22.61;E0_1_3500m;5.00;174;175;12.87;22.65
600.00;900.00;1920.00;22.12;E0_0_3600m;5.00;160;160;12.06;22.14
600.00;900.00;2064.00;22.59;E0_1_3600m;5.00;172;172;12.69;22.63
600.00;900.00;1908.00;22.11;E0_0_3700m;5.00;159;159;11.98;22.13
600.00;900.00;2052.00;22.53;E0_1_3700m;5.00;171;171;12.65;22.55
600.00;900.00;1896.00;22.03;E0_0_3800m;5.00;158;158;11.95;22.05
600.00;900.00;2052.00;22.52;E0_1_3800m;5.00;171;171;12.66;22.54
600.00;900.00;1896.00;21.96;E0_0_3900m;5.00;158;158;11.99;21.99
600.00;900.00;2052.00;22.62;E0_1_3900m;5.00;171;171;12.60;22.65
600.00;900.00;1968.00;23.04;E0_0_4000m;5.00;164;164;11.86;23.12
600.00;900.00;1992.00;24.17;E0_1_4000m;5.00;166;165;11.43;24.29
600.00;900.00;1920.00;25.95;E0_0_4100m;5.00;160;160;10.28;26.06
600.00;900.00;2004.00;27.48;E0_1_4100m;5.00;167;168;10.14;27.61
600.00;900.00;1932.00;25.82;E0_0_4200m;5.00;161;160;10.38;25.96
600.00;900.00;2016.00;27.77;E0_1_4200m;5.00;168;168;10.08;27.92
600.00;900.00;1932.00;25.39;E0_0_4300m;5.00;161;161;10.57;25.55
600.00;900.00;2028.00;27.44;E0_1_4300m;5.00;169;169;10.27;27.57
600.00;900.00;1944.00;25.25;E0_0_4400m;5.00;162;162;10.69;25.43
600.00;900.00;2028.00;27.09;E0_1_4400m;5.00;169;169;10.40;27.23
600.00;900.00;1944.00;25.10;E0_0_4500m;5.00;162;162;10.76;25.27
600.00;900.00;2088.00;26.84;E0_1_4500m;5.00;174;174;10.80;26.97
600.00;900.00;1896.00;24.92;E0_0_4600m;5.00;158;158;10.57;25.07
600.00;900.00;2136.00;26.64;E0_1_4600m;5.00;178;178;11.14;26.78
600.00;900.00;1896.00;24.79;E0_0_4700m;5.00;158;158;10.62;24.93
600.00;900.00;2172.00;26.38;E0_1_4700m;5.00;181;181;11.44;26.50
600.00;900.00;1908.00;24.63;E0_0_4800m;5.00;159;159;10.76;24.76
600.00;900.00;2196.00;26.08;E0_1_4800m;5.00;183;183;11.69;26.19
600.00;900.00;1932.00;24.45;E0_0_4900m;5.00;161;161;10.98;24.56
600.00;900.00;2220.00;25.84;E0_1_4900m;5.00;185;186;11.94;25.94
600.00;900.00;1908.00;24.32;E0_0_5000m;5.00;159;159;10.89;24.42
600.00;900.00;2256.00;25.68;E0_1_5000m;5.00;188;188;12.20;25.77
900.00;1200.00;0.00;-1.00;E0_0_0m;-1.00;0;0;0.00;-1.00
900.00;1200.00;0.00;-1.00;E0_1_0m;-1.00;0;0;0.00;-1.00
900.00;1200.00;1692.00;25.84;E0_0_100m;5.00;141;140;9.05;26.03
900.00;1200.00;2268.00;27.36;E0_1_100m;5.00;189;190;11.56;27.49
900.00;1200.00;1728.00;25.95;E0_0_200m;5.00;144;144;9.25;26.17
900.00;1200.00;2244.00;27.79;E0_1_200m;5.00;187;188;11.25;27.98
900.00;1200.00;1728.00;25.94;E0_0_300m;5.00;144;145;9.28;26.16
900.00;1200.00;2232.00;27.67;E0_1_300m;5.00;186;186;11.20;27.84
900.00;1200.00;1728.00;25.92;E0_0_400m;5.00;144;144;9.26;26.13
900.00;1200.00;2256.00;27.58;E0_1_400m;5.00;188;188;11.36;27.73
900.00;1200.00;1740.00;25.73;E0_0_500m;5.00;145;145;9.39;25.94
900.00;1200.00;2220.00;27.67;E0_1_500m;5.00;185;186;11.16;27.81
900.00;1200.00;1788.00;25.61;E0_0_600m;5.00;149;149;9.70;25.83
900.00;1200.00;2184.00;27.81;E0_1_600m;5.00;182;183;10.91;27.93
900.00;1200.00;1764.00;25.56;E0_0_700m;5.00;147;147;9.59;25.76
900.00;1200.00;2208.00;27.81;E0_1_700m;5.00;184;185;11.03;27.94
900.00;1200.00;1740.00;25.41;E0_0_800m;5.00;145;145;9.51;25.60
900.00;1200.00;2220.00;27.69;E0_1_800m;5.00;185;184;11.11;27.83
900.00;1200.00;1704.00;25.41;E0_0_900m;5.00;142;141;9.29;25.59
900.00;1200.00;2232.00;27.54;E0_1_900m;5.00;186;186;11.25;27.68
900.00;1200.00;1716.00;25.31;E0_0_1000m;5.00;143;143;9.42;25.48
900.00;1200.00;2256.00;27.50;E0_1_1000m;5.00;188;188;11.40;27.63
900.00;1200.00;1704.00;25.27;E0_0_1100m;5.00;142;142;9.36;25.44
900.00;1200.00;2256.00;27.46;E0_1_1100m;5.00;188;188;11.41;27.57
900.00;1200.00;1704.00;25.02;E0_0_1200m;5.00;142;142;9.46;25.18
900.00;1200.00;2244.00;27.29;E0_1_1200m;5.00;187;187;11.42;27.40
900.00;1200.00;1764.00;25.11;E0_0_1300m;5.00;147;147;9.76;25.25
900.00;1200.00;2220.00;27.08;E0_1_1300m;5.00;185;185;11.38;27.22
900.00;1200.00;1776.00;24.94;E0_0_1400m;5.00;148;148;9.89;25.08
900.00;1200.00;2256.00;26.94;E0_1_1400m;5.00;188;188;11.63;27.08
900.00;1200.00;1788.00;24.71;E0_0_1500m;5.00;149;149;10.05;24.82
900.00;1200.00;2280.00;26.77;E0_1_1500m;5.00;190;190;11.83;26.89
900.00;1200.00;1824.00;24.48;E0_0_1600m;5.00;152;151;10.34;24.59
900.00;1200.00;2316.00;26.71;E0_1_1600m;5.00;193;193;12.04;26.82
900.00;1200.00;1812.00;24.28;E0_0_1700m;5.00;151;151;10.36;24.39
900.00;1200.00;2328.00;26.73;E0_1_1700m;5.00;194;194;12.10;26.83
900.00;1200.00;1776.00;24.17;E0_0_1800m;5.00;148;148;10.21;24.29
900.00;1200.00;2352.00;26.79;E0_1_1800m;5.00;196;195;12.19;26.90
900.00;1200.00;1800.00;24.08;E0_0_1900m;5.00;150;151;10.44;24.21
900.00;1200.00;2328.00;26.93;E0_1_1900m;5.00;194;194;12.01;27.04
900.00;1200.00;1848.00;23.94;E0_0_2000m;5.00;154;154;10.72;24.07
900.00;1200.00;2268.00;27.14;E0_1_2000m;5.00;189;189;11.61;27.26
900.00;1200.00;1860.00;23.85;E0_0_2100m;5.00;155;155;10.83;24.00
900.00;1200.00;2280.00;27.17;E0_1_2100m;5.00;190;191;11.67;27.31
900.00;1200.00;1848.00;23.76;E0_0_2200m;5.00;154;154;10.80;23.92
900.00;1200.00;2292.00;27.19;E0_1_2200m;5.00;191;191;11.71;27.32
900.00;1200.00;1860.00;23.54;E0_0_2300m;5.00;155;155;10.98;23.70
900.00;1200.00;2280.00;27.20;E0_1_2300m;5.00;190;190;11.64;27.32
900.00;1200.00;1848.00;23.36;E0_0_2400m;5.00;154;154;10.99;23.52
900.00;1200.00;2304.00;27.14;E0_1_2400m;5.00;192;192;11.79;27.25
900.00;1200.00;1836.00;23.19;E0_0_2500m;5.00;153;153;11.00;23.36
900.00;1200.00;2316.00;27.11;E0_1_2500m;5.00;193;193;11.86;27.22
900.00;1200.00;1824.00;23.03;E0_0_2600m;5.00;152;152;11.00;23.19
900.00;1200.00;2292.00;27.08;E0_1_2600m;5.00;191;191;11.75;27.20
900.00;1200.00;1812.00;22.82;E0_0_2700m;5.00;151;151;11.03;22.98
900.00;1200.00;2268.00;26.94;E0_1_2700m;5.00;189;189;11.69;27.09
900.00;1200.00;1788.00;22.43;E0_0_2800m;5.00;149;149;11.07;22.58
900.00;1200.00;2244.00;26.36;E0_1_2800m;5.00;187;188;11.87;26.54
900.00;1200.00;1776.00;21.90;E0_0_2900m;5.00;148;149;11.29;22.04
900.00;1200.00;2220.00;25.10;E0_1_2900m;5.00;185;187;12.35;25.29
900.00;1200.00;1764.00;21.08;E0_0_3000m;5.00;147;148;11.63;21.16
900.00;1200.00;2220.00;23.44;E0_1_3000m;5.00;185;185;13.16;23.58
900.00;1200.00;1824.00;21.12;E0_0_3100m;5.00;152;152;11.99;21.20
900.00;1200.00;2160.00;23.16;E0_1_3100m;5.00;180;181;12.96;23.31
900.00;1200.00;1908.00;21.38;E0_0_3200m;5.00;159;158;12.38;21.44
900.00;1200.00;2088.00;23.20;E0_1_3200m;5.00;174;174;12.50;23.37
900.00;1200.00;1932.00;21.68;E0_0_3300m;5.00;161;162;12.45;21.72
900.00;1200.00;2124.00;23.19;E0_1_3300m;5.00;177;177;12.72;23.41
900.00;1200.00;1932.00;21.67;E0_0_3400m;5.00;161;162;12.44;21.72
900.00;1200.00;2136.00;23.10;E0_1_3400m;5.00;178;178;12.84;23.27
900.00;1200.00;1944.00;21.63;E0_0_3500m;5.00;162;163;12.49;21.69
900.00;1200.00;2136.00;23.13;E0_1_3500m;5.00;178;177;12.78;23.32
900.00;1200.00;1956.00;21.81;E0_0_3600m;5.00;163;163;12.46;21.84
900.00;1200.00;2124.00;23.12;E0_1_3600m;5.00;177;177;12.76;23.31
900.00;1200.00;1944.00;21.92;E0_0_3700m;5.00;162;162;12.32;21.93
900.00;1200.00;2148.00;23.05;E0_1_3700m;5.00;179;179;12.94;23.21
900.00;1200.00;1956.00;21.83;E0_0_3800m;5.00;163;163;12.44;21.86
900.00;1200.00;2148.00;23.05;E0_1_3800m;5.00;179;179;12.94;23.19
900.00;1200.00;1944.00;21.78;E0_0_3900m;5.00;162;163;12.41;21.83
900.00;1200.00;2148.00;23.13;E0_1_3900m;5.00;179;180;12.91;23.27
900.00;1200.00;1944.00;23.07;E0_0_4000m;5.00;162;162;11.71;23.15
900.00;1200.00;2148.00;24.62;E0_1_4000m;5.00;179;180;12.16;24.79
900.00;1200.00;1908.00;25.72;E0_0_4100m;5.00;159;160;10.32;25.86
900.00;1200.00;2208.00;27.80;E0_1_4100m;5.00;184;186;11.07;27.88
900.00;1200.00;1908.00;25.68;E0_0_4200m;5.00;159;159;10.32;25.84
900.00;1200.00;2244.00;28.24;E0_1_4200m;5.00;187;187;11.04;28.33
900.00;1200.00;1944.00;25.56;E0_0_4300m;5.00;162;162;10.56;25.73
900.00;1200.00;2256.00;28.25;E0_1_4300m;5.00;188;188;11.09;28.34
900.00;1200.00;1932.00;25.41;E0_0_4400m;5.00;161;161;10.56;25.58
900.00;1200.00;2268.00;28.20;E0_1_4400m;5.00;189;189;11.17;28.27
900.00;1200.00;1956.00;25.06;E0_0_4500m;5.00;163;163;10.84;25.26
900.00;1200.00;2244.00;28.15;E0_1_4500m;5.00;187;188;11.09;28.22
900.00;1200.00;1944.00;24.73;E0_0_4600m;5.00;162;162;10.92;24.96
900.00;1200.00;2256.00;28.02;E0_1_4600m;5.00;188;188;11.18;28.09
900.00;1200.00;1920.00;24.39;E0_0_4700m;5.00;160;160;10.93;24.64
900.00;1200.00;2244.00;27.87;E0_1_4700m;5.00;187;187;11.18;27.93
900.00;1200.00;1932.00;24.21;E0_0_4800m;5.00;161;161;11.08;24.50
900.00;1200.00;2208.00;27.74;E0_1_4800m;5.00;184;185;11.10;27.80
900.00;1200.00;1932.00;24.13;E0_0_4900m;5.00;161;161;11.12;24.42
900.00;1200.00;2160.00;27.65;E0_1_4900m;5.00;180;179;10.84;27.71
900.00;1200.00;1920.00;24.07;E0_0_5000m;5.00;160;160;11.08;24.36
900.00;1200.00;2148.00;27.53;E0_1_5000m;5.00;179;179;10.84;27.58
1200.00;1500.00;0.00;-1.00;E0_0_0m;-1.00;0;0;0.00;-1.00
1200.00;1500.00;0.00;-1.00;E0_1_0m;-1.00;0;0;0.00;-1.00
1200.00;1500.00;1896.00;25.63;E0_0_100m;5.00;158;158;10.28;25.74
1200.00;1500.00;2340.00;27.03;E0_1_100m;5.00;195;194;11.98;27.19
1200.00;1500.00;1932.00;25.71;E0_0_200m;5.00;161;161;10.44;25.84
1200.00;1500.00;2280.00;27.32;E0_1_200m;5.00;190;190;11.59;27.54
1200.00;1500.00;1932.00;25.84;E0_0_300m;5.00;161;160;10.36;25.96
1200.00;1500.00;2292.00;27.35;E0_1_300m;5.00;191;191;11.64;27.55
1200.00;1500.00;1896.00;25.98;E0_0_400m;5.00;158;158;10.14;26.08
1200.00;1500.00;2328.00;27.28;E0_1_400m;5.00;194;195;11.85;27.45
1200.00;1500.00;1896.00;25.93;E0_0_500m;5.00;158;158;10.16;26.02
1200.00;1500.00;2340.00;27.20;E0_1_500m;5.00;195;194;11.93;27.34
1200.00;1500.00;1860.00;25.88;E0_0_600m;5.00;155;155;9.98;25.99
1200.00;1500.00;2328.00;27.20;E0_1_600m;5.00;194;193;11.88;27.33
1200.00;1500.00;1848.00;25.92;E0_0_700m;5.00;154;154;9.90;26.02
1200.00;1500.00;2328.00;27.21;E0_1_700m;5.00;194;193;11.88;27.34
1200.00;1500.00;1872.00;25.85;E0_0_800m;5.00;156;156;10.06;25.94
1200.00;1500.00;2340.00;27.13;E0_1_800m;5.00;195;195;11.98;27.26
1200.00;1500.00;1860.00;25.82;E0_0_900m;5.00;155;155;10.01;25.91
1200.00;1500.00;2352.00;27.11;E0_1_900m;5.00;196;196;12.05;27.24
1200.00;1500.00;1860.00;25.77;E0_0_1000m;5.00;155;155;10.02;25.86
1200.00;1500.00;2292.00;27.07;E0_1_1000m;5.00;191;192;11.77;27.21
1200.00;1500.00;1848.00;25.61;E0_0_1100m;5.00;154;154;10.02;25.71
1200.00;1500.00;2316.00;26.85;E0_1_1100m;5.00;193;193;11.98;27.00
1200.00;1500.00;1872.00;25.59;E0_0_1200m;5.00;156;156;10.16;25.67
1200.00;1500.00;2280.00;26.72;E0_1_1200m;5.00;190;190;11.85;26.88
1200.00;1500.00;1860.00;25.49;E0_0_1300m;5.00;155;155;10.14;25.54
1200.00;1500.00;2268.00;26.54;E0_1_1300m;5.00;189;189;11.87;26.69
1200.00;1500.00;1860.00;25.41;E0_0_1400m;5.00;155;155;10.17;25.45
1200.00;1500.00;2232.00;26.32;E0_1_1400m;5.00;186;186;11.78;26.47
1200.00;1500.00;1824.00;25.33;E0_0_1500m;5.00;152;152;10.00;25.37
1200.00;1500.00;2220.00;26.16;E0_1_1500m;5.00;185;185;11.79;26.31
1200.00;1500.00;1788.00;25.29;E0_0_1600m;5.00;149;149;9.82;25.33
1200.00;1500.00;2184.00;25.97;E0_1_1600m;5.00;182;182;11.68;26.10
1200.00;1500.00;1776.00;25.26;E0_0_1700m;5.00;148;148;9.77;25.30
1200.00;1500.00;2184.00;25.79;E0_1_1700m;5.00;182;182;11.76;25.90
1200.00;1500.00;1812.00;25.25;E0_0_1800m;5.00;151;151;9.97;25.30
1200.00;1500.00;2208.00;25.74;E0_1_1800m;5.00;184;184;11.91;25.84
1200.00;1500.00;1836.00;25.29;E0_0_1900m;5.00;153;153;10.08;25.34
1200.00;1500.00;2220.00;25.81;E0_1_1900m;5.00;185;185;11.95;25.97
1200.00;1500.00;1824.00;25.22;E0_0_2000m;5.00;152;152;10.04;25.28
1200.00;1500.00;2256.00;25.73;E0_1_2000m;5.00;188;188;12.18;25.83
1200.00;1500.00;1848.00;25.16;E0_0_2100m;5.00;154;155;10.26;25.21
1200.00;1500.00;2244.00;25.59;E0_1_2100m;5.00;187;187;12.18;25.69
1200.00;1500.00;1860.00;25.05;E0_0_2200m;5.00;155;155;10.31;25.10
1200.00;1500.00;2244.00;25.45;E0_1_2200m;5.00;187;187;12.25;25.56
1200.00;1500.00;1848.00;24.93;E0_0_2300m;5.00;154;154;10.30;24.99
1200.00;1500.00;2256.00;25.33;E0_1_2300m;5.00;188;188;12.37;25.44
1200.00;1500.00;1860.00;24.76;E0_0_2400m;5.00;155;156;10.48;24.84
1200.00;1500.00;2232.00;25.17;E0_1_2400m;5.00;186;188;12.39;25.29
1200.00;1500.00;1860.00;24.79;E0_0_2500m;5.00;155;155;10.42;24.87
1200.00;1500.00;2232.00;25.02;E0_1_2500m;5.00;186;187;12.45;25.16
1200.00;1500.00;1848.00;24.57;E0_0_2600m;5.00;154;155;10.48;24.66
1200.00;1500.00;2244.00;24.87;E0_1_2600m;5.00;187;187;12.53;25.04
1200.00;1500.00;1860.00;24.31;E0_0_2700m;5.00;155;155;10.63;24.41
1200.00;1500.00;2244.00;24.63;E0_1_2700m;5.00;187;187;12.65;24.82
1200.00;1500.00;1860.00;23.93;E0_0_2800m;5.00;155;155;10.79;24.04
1200.00;1500.00;2256.00;24.30;E0_1_2800m;5.00;188;187;12.85;24.49
1200.00;1500.00;1872.00;23.25;E0_0_2900m;5.00;156;156;11.23;23.34
1200.00;1500.00;2244.00;23.72;E0_1_2900m;5.00;187;186;13.12;23.85
1200.00;1500.00;1872.00;22.13;E0_0_3000m;5.00;156;155;11.74;22.19
1200.00;1500.00;2256.00;22.74;E0_1_3000m;5.00;188;188;13.78;22.80
1200.00;1500.00;1896.00;21.93;E0_0_3100m;5.00;158;158;12.01;22.02
1200.00;1500.00;2220.00;22.68;E0_1_3100m;5.00;185;186;13.66;22.72
1200.00;1500.00;1920.00;21.86;E0_0_3200m;5.00;160;161;12.25;21.92
1200.00;1500.00;2160.00;22.62;E0_1_3200m;5.00;180;181;13.30;22.65
1200.00;1500.00;1860.00;21.90;E0_0_3300m;5.00;155;155;11.80;21.95
1200.00;1500.00;2148.00;22.61;E0_1_3300m;5.00;179;179;13.19;22.64
1200.00;1500.00;1884.00;21.93;E0_0_3400m;5.00;157;156;11.87;21.97
1200.00;1500.00;2124.00;22.61;E0_1_3400m;5.00;177;177;13.05;22.65
1200.00;1500.00;1884.00;22.02;E0_0_3500m;5.00;157;156;11.87;22.05
1200.00;1500.00;2136.00;22.59;E0_1_3500m;5.00;178;178;13.13;22.62
1200.00;1500.00;1884.00;22.06;E0_0_3600m;5.00;157;157;11.86;22.08
1200.00;1500.00;2136.00;22.58;E0_1_3600m;5.00;178;178;13.14;22.61
1200.00;1500.00;1896.00;22.03;E0_0_3700m;5.00;158;159;11.97;22.06
1200.00;1500.00;2124.00;22.51;E0_1_3700m;5.00;177;178;13.17;22.55
1200.00;1500.00;1884.00;21.98;E0_0_3800m;5.00;157;157;11.91;22.01
1200.00;1500.00;2172.00;22.56;E0_1_3800m;5.00;181;181;13.37;22.59
1200.00;1500.00;1920.00;22.00;E0_0_3900m;5.00;160;159;12.11;22.04
1200.00;1500.00;2196.00;22.76;E0_1_3900m;5.00;183;182;13.39;22.81
1200.00;1500.00;1980.00;23.40;E0_0_4000m;5.00;165;165;11.75;23.49
1200.00;1500.00;2196.00;24.34;E0_1_4000m;5.00;183;183;12.53;24.45
1200.00;1500.00;1968.00;25.95;E0_0_4100m;5.00;164;164;10.53;26.06
1200.00;1500.00;2220.00;27.22;E0_1_4100m;5.00;185;186;11.34;27.32
1200.00;1500.00;1944.00;26.01;E0_0_4200m;5.00;162;162;10.38;26.14
1200.00;1500.00;2208.00;27.51;E0_1_4200m;5.00;184;184;11.15;27.64
1200.00;1500.00;1908.00;25.95;E0_0_4300m;5.00;159;160;10.23;26.11
1200.00;1500.00;2184.00;27.51;E0_1_4300m;5.00;182;183;11.06;27.66
1200.00;1500.00;1896.00;25.93;E0_0_4400m;5.00;158;158;10.15;26.09
1200.00;1500.00;2196.00;27.38;E0_1_4400m;5.00;183;183;11.14;27.55
1200.00;1500.00;1860.00;25.90;E0_0_4500m;5.00;155;155;9.97;26.04
1200.00;1500.00;2184.00;27.28;E0_1_4500m;5.00;182;182;11.12;27.45
1200.00;1500.00;1848.00;25.88;E0_0_4600m;5.00;154;155;9.92;26.00
1200.00;1500.00;2172.00;27.11;E0_1_4600m;5.00;181;181;11.13;27.29
1200.00;1500.00;1848.00;25.79;E0_0_4700m;5.00;154;154;9.95;25.91
1200.00;1500.00;2160.00;27.02;E0_1_4700m;5.00;180;180;11.10;27.20
1200.00;1500.00;1836.00;25.71;E0_0_4800m;5.00;153;153;9.92;25.82
1200.00;1500.00;2160.00;26.90;E0_1_4800m;5.00;180;180;11.15;27.07
1200.00;1500.00;1836.00;25.59;E0_0_4900m;5.00;153;154;10.01;25.68
1200.00;1500.00;2160.00;26.78;E0_1_4900m;5.00;180;181;11.25;26.96
1200.00;1500.00;1836.00;25.40;E0_0_5000m;5.00;153;153;10.04;25.49
1200.00;1500.00;2172.00;26.70;E0_1_5000m;5.00;181;181;11.30;26.89
1500.00;1800.00;0.00;-1.00;E0_0_0m;-1.00;0;0;0.00;-1.00
1500.00;1800.00;0.00;-1.00;E0_1_0m;-1.00;0;0;0.00;-1.00
1500.00;1800.00;1752.00;25.32;E0_0_100m;5.00;146;147;9.62;25.57
1500.00;1800.00;2208.00;27.11;E0_1_100m;5.00;184;184;11.31;27.36
1500.00;1800.00;1884.00;24.88;E0_0_200m;5.00;157;157;10.52;25.25
1500.00;1800.00;2112.00;27.85;E0_1_200m;5.00;176;176;10.53;28.16
1500.00;1800.00;1872.00;24.47;E0_0_300m;5.00;156;156;10.62;24.84
1500.00;1800.00;2148.00;27.49;E0_1_300m;5.00;179;179;10.85;27.80
1500.00;1800.00;1848.00;24.04;E0_0_400m;5.00;154;154;10.68;24.38
1500.00;1800.00;2160.00;27.08;E0_1_400m;5.00;180;179;11.08;27.38
1500.00;1800.00;1824.00;23.63;E0_0_500m;5.00;152;153;10.73;23.99
1500.00;1800.00;2196.00;26.78;E0_1_500m;5.00;183;183;11.39;27.07
1500.00;1800.00;1836.00;23.29;E0_0_600m;5.00;153;153;10.95;23.76
1500.00;1800.00;2220.00;26.54;E0_1_600m;5.00;185;186;11.68;26.81
1500.00;1800.00;1848.00;22.86;E0_0_700m;5.00;154;154;11.23;23.28
1500.00;1800.00;2208.00;26.39;E0_1_700m;5.00;184;184;11.62;26.65
1500.00;1800.00;1848.00;22.76;E0_0_800m;5.00;154;154;11.28;23.22
1500.00;1800.00;2172.00;26.20;E0_1_800m;5.00;181;181;11.51;26.46
1500.00;1800.00;1848.00;22.65;E0_0_900m;5.00;154;154;11.33;23.13
1500.00;1800.00;2172.00;26.11;E0_1_900m;5.00;181;181;11.55;26.36
1500.00;1800.00;1848.00;22.49;E0_0_1000m;5.00;154;154;11.41;22.96
1500.00;1800.00;2208.00;26.13;E0_1_1000m;5.00;184;183;11.73;26.40
1500.00;1800.00;1860.00;22.27;E0_0_1100m;5.00;155;155;11.60;22.71
1500.00;1800.00;2196.00;26.13;E0_1_1100m;5.00;183;183;11.67;26.37
1500.00;1800.00;1848.00;22.07;E0_0_1200m;5.00;154;154;11.63;22.46
1500.00;1800.00;2232.00;26.08;E0_1_1200m;5.00;186;186;11.89;26.32
1500.00;1800.00;1848.00;21.89;E0_0_1300m;5.00;154;154;11.73;22.30
1500.00;1800.00;2256.00;26.03;E0_1_1300m;5.00;188;188;12.04;26.29
1500.00;1800.00;1848.00;21.79;E0_0_1400m;5.00;154;154;11.78;22.18
1500.00;1800.00;2244.00;26.03;E0_1_1400m;5.00;187;187;11.97;26.27
1500.00;1800.00;1848.00;21.75;E0_0_1500m;5.00;154;154;11.80;22.10
1500.00;1800.00;2256.00;26.04;E0_1_1500m;5.00;188;188;12.03;26.28
1500.00;1800.00;1860.00;21.88;E0_0_1600m;5.00;155;155;11.81;22.20
1500.00;1800.00;2256.00;26.03;E0_1_1600m;5.00;188;188;12.04;26.27
1500.00;1800.00;1872.00;22.05;E0_0_1700m;5.00;156;156;11.79;22.37
1500.00;1800.00;2268.00;26.09;E0_1_1700m;5.00;189;189;12.07;26.32
1500.00;1800.00;1836.00;22.08;E0_0_1800m;5.00;153;153;11.55;22.38
1500.00;1800.00;2268.00;26.07;E0_1_1800m;5.00;189;190;12.10;26.29
1500.00;1800.00;1848.00;21.97;E0_0_1900m;5.00;154;154;11.68;22.30
1500.00;1800.00;2244.00;26.16;E0_1_1900m;5.00;187;187;11.91;26.36
1500.00;1800.00;1872.00;22.05;E0_0_2000m;5.00;156;156;11.79;22.38
1500.00;1800.00;2208.00;26.30;E0_1_2000m;5.00;184;186;11.75;26.47
1500.00;1800.00;1836.00;22.14;E0_0_2100m;5.00;153;153;11.48;22.46
1500.00;1800.00;2208.00;26.21;E0_1_2100m;5.00;184;184;11.70;26.44
1500.00;1800.00;1812.00;22.02;E0_0_2200m;5.00;151;151;11.43;22.37
1500.00;1800.00;2220.00;26.21;E0_1_2200m;5.00;185;185;11.77;26.40
1500.00;1800.00;1812.00;21.95;E0_0_2300m;5.00;151;151;11.47;22.33
1500.00;1800.00;2220.00;26.16;E0_1_2300m;5.00;185;185;11.78;26.34
1500.00;1800.00;1824.00;21.87;E0_0_2400m;5.00;152;151;11.53;22.26
1500.00;1800.00;2220.00;25.97;E0_1_2400m;5.00;185;184;11.80;26.16
1500.00;1800.00;1812.00;21.70;E0_0_2500m;5.00;151;151;11.60;22.04
1500.00;1800.00;2232.00;25.75;E0_1_2500m;5.00;186;185;11.98;25.96
1500.00;1800.00;1848.00;21.82;E0_0_2600m;5.00;154;153;11.73;22.14
1500.00;1800.00;2208.00;25.51;E0_1_2600m;5.00;184;185;12.02;25.76
1500.00;1800.00;1824.00;21.82;E0_0_2700m;5.00;152;152;11.61;22.12
1500.00;1800.00;2208.00;25.09;E0_1_2700m;5.00;184;184;12.22;25.32
1500.00;1800.00;1836.00;21.83;E0_0_2800m;5.00;153;153;11.68;22.08
1500.00;1800.00;2196.00;24.53;E0_1_2800m;5.00;183;184;12.48;24.73
1500.00;1800.00;1860.00;21.71;E0_0_2900m;5.00;155;155;11.91;21.90
1500.00;1800.00;2208.00;23.88;E0_1_2900m;5.00;184;184;12.84;24.05
1500.00;1800.00;1884.00;21.12;E0_0_3000m;5.00;157;157;12.39;21.26
1500.00;1800.00;2220.00;22.90;E0_1_3000m;5.00;185;186;13.54;22.96
1500.00;1800.00;1920.00;20.90;E0_0_3100m;5.00;160;160;12.76;21.02
1500.00;1800.00;2220.00;22.71;E0_1_3100m;5.00;185;185;13.58;22.75
1500.00;1800.00;1980.00;20.94;E0_0_3200m;5.00;165;164;13.08;21.07
1500.00;1800.00;2196.00;22.69;E0_1_3200m;5.00;183;182;13.41;22.74
1500.00;1800.00;1980.00;20.92;E0_0_3300m;5.00;165;166;13.21;21.05
1500.00;1800.00;2184.00;22.67;E0_1_3300m;5.00;182;183;13.41;22.74
1500.00;1800.00;1968.00;21.01;E0_0_3400m;5.00;164;164;13.01;21.14
1500.00;1800.00;2184.00;22.65;E0_1_3400m;5.00;182;182;13.40;22.72
1500.00;1800.00;1944.00;21.05;E0_0_3500m;5.00;162;162;12.82;21.19
1500.00;1800.00;2172.00;22.63;E0_1_3500m;5.00;181;183;13.41;22.70
1500.00;1800.00;1932.00;21.04;E0_0_3600m;5.00;161;161;12.75;21.16
1500.00;1800.00;2172.00;22.59;E0_1_3600m;5.00;181;181;13.35;22.65
1500.00;1800.00;1908.00;21.34;E0_0_3700m;5.00;159;159;12.42;21.46
1500.00;1800.00;2184.00;22.57;E0_1_3700m;5.00;182;181;13.38;22.64
1500.00;1800.00;1920.00;21.47;E0_0_3800m;5.00;160;160;12.42;21.57
1500.00;1800.00;2124.00;22.66;E0_1_3800m;5.00;177;177;13.02;22.74
1500.00;1800.00;1872.00;21.70;E0_0_3900m;5.00;156;156;11.98;21.80
1500.00;1800.00;2112.00;22.87;E0_1_3900m;5.00;176;176;12.82;23.01
1500.00;1800.00;1860.00;22.53;E0_0_4000m;5.00;155;155;11.47;22.74
1500.00;1800.00;2064.00;24.13;E0_1_4000m;5.00;172;172;11.88;24.32
1500.00;1800.00;1788.00;24.22;E0_0_4100m;5.00;149;149;10.25;24.77
1500.00;1800.00;2088.00;26.68;E0_1_4100m;5.00;174;173;10.86;26.96
1500.00;1800.00;1776.00;24.43;E0_0_4200m;5.00;148;148;10.10;24.99
1500.00;1800.00;2076.00;27.26;E0_1_4200m;5.00;173;173;10.58;27.61
1500.00;1800.00;1788.00;24.63;E0_0_4300m;5.00;149;148;10.06;25.11
1500.00;1800.00;2052.00;27.51;E0_1_4300m;5.00;171;170;10.32;27.89
1500.00;1800.00;1752.00;24.79;E0_0_4400m;5.00;146;147;9.89;25.23
1500.00;1800.00;2064.00;27.56;E0_1_4400m;5.00;172;172;10.40;27.94
1500.00;1800.00;1716.00;24.88;E0_0_4500m;5.00;143;143;9.58;25.25
1500.00;1800.00;2088.00;27.43;E0_1_4500m;5.00;174;174;10.57;27.76
1500.00;1800.00;1704.00;25.05;E0_0_4600m;5.00;142;142;9.45;25.39
1500.00;1800.00;2088.00;27.32;E0_1_4600m;5.00;174;175;10.64;27.65
1500.00;1800.00;1728.00;25.25;E0_0_4700m;5.00;144;144;9.50;25.55
1500.00;1800.00;2052.00;27.16;E0_1_4700m;5.00;171;172;10.51;27.50
1500.00;1800.00;1704.00;25.38;E0_0_4800m;5.00;142;142;9.33;25.60
1500.00;1800.00;2064.00;27.08;E0_1_4800m;5.00;172;172;10.59;27.41
1500.00;1800.00;1728.00;25.41;E0_0_4900m;5.00;144;143;9.40;25.60
1500.00;1800.00;2064.00;26.91;E0_1_4900m;5.00;172;171;10.61;27.21
1500.00;1800.00;1764.00;25.35;E0_0_5000m;5.00;147;147;9.66;25.54
1500.00;1800.00;2040.00;26.67;E0_1_5000m;5.00;170;171;10.65;26.97
1800.00;2100.00;0.00;-1.00;E0_0_0m;-1.00;0;0;0.00;-1.00
1800.00;2100.00;0.00;-1.00;E0_1_0m;-1.00;0;0;0.00;-1.00
1800.00;2100.00;1764.00;27.01;E0_0_100m;5.00;147;148;9.10;27.16
1800.00;2100.00;2088.00;28.45;E0_1_100m;5.00;174;174;10.19;28.59
1800.00;2100.00;1800.00;26.94;E0_0_200m;5.00;150;150;9.28;27.10
1800.00;2100.00;2028.00;28.83;E0_1_200m;5.00;169;170;9.79;29.02
1800.00;2100.00;1776.00;26.74;E0_0_300m;5.00;148;149;9.23;26.91
1800.00;2100.00;2040.00;28.60;E0_1_300m;5.00;170;170;9.91;28.82
1800.00;2100.00;1776.00;26.69;E0_0_400m;5.00;148;148;9.24;26.84
1800.00;2100.00;2028.00;28.54;E0_1_400m;5.00;169;169;9.87;28.73
1800.00;2100.00;1752.00;26.62;E0_0_500m;5.00;146;146;9.17;26.75
1800.00;2100.00;2016.00;28.39;E0_1_500m;5.00;168;168;9.86;28.58
1800.00;2100.00;1788.00;26.59;E0_0_600m;5.00;149;149;9.34;26.72
1800.00;2100.00;2004.00;28.20;E0_1_600m;5.00;167;167;9.87;28.40
1800.00;2100.00;1788.00;26.50;E0_0_700m;5.00;149;149;9.37;26.61
1800.00;2100.00;2028.00;27.82;E0_1_700m;5.00;169;169;10.12;28.01
1800.00;2100.00;1776.00;26.31;E0_0_800m;5.00;148;149;9.43;26.42
1800.00;2100.00;2028.00;27.62;E0_1_800m;5.00;169;169;10.20;27.84
1800.00;2100.00;1776.00;26.09;E0_0_900m;5.00;148;148;9.46;26.22
1800.00;2100.00;2052.00;27.47;E0_1_900m;5.00;171;171;10.37;27.70
1800.00;2100.00;1752.00;25.99;E0_0_1000m;5.00;146;146;9.36;26.14
1800.00;2100.00;2076.00;27.39;E0_1_1000m;5.00;173;173;10.53;27.63
1800.00;2100.00;1740.00;25.99;E0_0_1100m;5.00;145;145;9.30;26.12
1800.00;2100.00;2100.00;27.23;E0_1_1100m;5.00;175;175;10.71;27.46
1800.00;2100.00;1764.00;25.97;E0_0_1200m;5.00;147;147;9.44;26.09
1800.00;2100.00;2088.00;26.98;E0_1_1200m;5.00;174;174;10.75;27.20
1800.00;2100.00;1752.00;25.84;E0_0_1300m;5.00;146;146;9.42;25.96
1800.00;2100.00;2064.00;26.71;E0_1_1300m;5.00;172;173;10.77;26.92
1800.00;2100.00;1740.00;25.78;E0_0_1400m;5.00;145;146;9.39;25.91
1800.00;2100.00;2088.00;26.57;E0_1_1400m;5.00;174;174;10.92;26.77
1800.00;2100.00;1752.00;25.85;E0_0_1500m;5.00;146;147;9.44;25.98
1800.00;2100.00;2076.00;26.56;E0_1_1500m;5.00;173;173;10.86;26.77
1800.00;2100.00;1752.00;25.93;E0_0_1600m;5.00;146;147;9.45;26.07
1800.00;2100.00;2064.00;26.58;E0_1_1600m;5.00;172;172;10.78;26.79
1800.00;2100.00;1740.00;25.83;E0_0_1700m;5.00;145;145;9.36;25.96
1800.00;2100.00;2040.00;26.60;E0_1_1700m;5.00;170;170;10.65;26.80
1800.00;2100.00;1728.00;25.86;E0_0_1800m;5.00;144;144;9.28;25.98
1800.00;2100.00;2028.00;26.62;E0_1_1800m;5.00;169;168;10.57;26.80
1800.00;2100.00;1692.00;25.94;E0_0_1900m;5.00;141;141;9.06;26.05
1800.00;2100.00;2028.00;26.65;E0_1_1900m;5.00;169;169;10.57;26.81
1800.00;2100.00;1656.00;25.85;E0_0_2000m;5.00;138;139;8.96;25.96
1800.00;2100.00;2028.00;26.71;E0_1_2000m;5.00;169;169;10.55;26.86
1800.00;2100.00;1680.00;25.80;E0_0_2100m;5.00;140;140;9.05;25.92
1800.00;2100.00;2016.00;26.76;E0_1_2100m;5.00;168;169;10.50;26.90
1800.00;2100.00;1668.00;25.69;E0_0_2200m;5.00;139;139;9.02;25.82
1800.00;2100.00;2004.00;26.94;E0_1_2200m;5.00;167;168;10.35;27.08
1800.00;2100.00;1692.00;25.58;E0_0_2300m;5.00;141;141;9.19;25.72
1800.00;2100.00;1968.00;27.08;E0_1_2300m;5.00;164;164;10.09;27.22
1800.00;2100.00;1680.00;25.54;E0_0_2400m;5.00;140;141;9.20;25.69
1800.00;2100.00;1968.00;27.10;E0_1_2400m;5.00;164;164;10.08;27.25
1800.00;2100.00;1668.00;25.37;E0_0_2500m;5.00;139;140;9.15;25.53
1800.00;2100.00;1980.00;27.07;E0_1_2500m;5.00;165;165;10.16;27.21
1800.00;2100.00;1704.00;25.20;E0_0_2600m;5.00;142;142;9.39;25.38
1800.00;2100.00;1944.00;26.98;E0_1_2600m;5.00;162;162;10.01;27.13
1800.00;2100.00;1692.00;24.92;E0_0_2700m;5.00;141;141;9.43;25.10
1800.00;2100.00;1956.00;26.87;E0_1_2700m;5.00;163;163;10.11;27.04
1800.00;2100.00;1716.00;24.36;E0_0_2800m;5.00;143;143;9.78;24.53
1800.00;2100.00;1992.00;26.43;E0_1_2800m;5.00;166;165;10.42;26.63
1800.00;2100.00;1728.00;23.49;E0_0_2900m;5.00;144;144;10.22;23.65
1800.00;2100.00;2016.00;25.23;E0_1_2900m;5.00;168;168;11.10;25.42
1800.00;2100.00;1704.00;21.89;E0_0_3000m;5.00;142;142;10.81;21.98
1800.00;2100.00;2052.00;23.43;E0_1_3000m;5.00;171;170;12.09;23.54
1800.00;2100.00;1764.00;21.68;E0_0_3100m;5.00;147;147;11.30;21.74
1800.00;2100.00;2028.00;22.98;E0_1_3100m;5.00;169;169;12.26;23.06
1800.00;2100.00;1836.00;21.95;E0_0_3200m;5.00;153;153;11.62;21.98
1800.00;2100.00;2004.00;22.86;E0_1_3200m;5.00;167;167;12.17;22.93
1800.00;2100.00;1872.00;22.03;E0_0_3300m;5.00;156;155;11.74;22.07
1800.00;2100.00;2052.00;22.77;E0_1_3300m;5.00;171;171;12.52;22.82
1800.00;2100.00;1908.00;22.07;E0_0_3400m;5.00;159;159;12.01;22.11
1800.00;2100.00;2064.00;22.68;E0_1_3400m;5.00;172;172;12.64;22.72
1800.00;2100.00;1956.00;21.87;E0_0_3500m;5.00;163;163;12.42;21.93
1800.00;2100.00;2088.00;22.58;E0_1_3500m;5.00;174;173;12.82;22.60
1800.00;2100.00;1944.00;21.81;E0_0_3600m;5.00;162;162;12.38;21.87
1800.00;2100.00;2112.00;22.56;E0_1_3600m;5.00;176;176;13.01;22.58
1800.00;2100.00;1956.00;21.84;E0_0_3700m;5.00;163;163;12.44;21.91
1800.00;2100.00;2100.00;22.60;E0_1_3700m;5.00;175;175;12.91;22.63
1800.00;2100.00;1944.00;21.84;E0_0_3800m;5.00;162;162;12.36;21.90
1800.00;2100.00;2100.00;22.67;E0_1_3800m;5.00;175;175;12.87;22.71
1800.00;2100.00;1968.00;22.00;E0_0_3900m;5.00;164;164;12.42;22.06
1800.00;2100.00;2124.00;23.06;E0_1_3900m;5.00;177;177;12.79;23.14
1800.00;2100.00;1956.00;22.94;E0_0_4000m;5.00;163;163;11.84;23.10
1800.00;2100.00;2148.00;24.71;E0_1_4000m;5.00;179;179;12.07;24.85
1800.00;2100.00;1932.00;25.34;E0_0_4100m;5.00;161;161;10.59;25.77
1800.00;2100.00;2196.00;27.54;E0_1_4100m;5.00;183;183;11.07;27.71
1800.00;2100.00;2016.00;25.46;E0_0_4200m;5.00;168;168;11.00;25.96
1800.00;2100.00;2124.00;27.89;E0_1_4200m;5.00;177;178;10.63;28.11
1800.00;2100.00;2028.00;25.15;E0_0_4300m;5.00;169;169;11.20;25.55
1800.00;2100.00;2148.00;27.82;E0_1_4300m;5.00;179;179;10.73;28.05
1800.00;2100.00;2028.00;24.91;E0_0_4400m;5.00;169;168;11.23;25.27
1800.00;2100.00;2172.00;27.61;E0_1_4400m;5.00;181;181;10.93;27.85
1800.00;2100.00;2040.00;24.70;E0_0_4500m;5.00;170;170;11.47;25.04
1800.00;2100.00;2172.00;27.53;E0_1_4500m;5.00;181;181;10.96;27.75
1800.00;2100.00;2040.00;24.34;E0_0_4600m;5.00;170;170;11.64;24.67
1800.00;2100.00;2172.00;27.47;E0_1_4600m;5.00;181;180;10.95;27.70
1800.00;2100.00;2028.00;24.02;E0_0_4700m;5.00;169;170;11.77;24.38
1800.00;2100.00;2184.00;27.51;E0_1_4700m;5.00;182;182;11.05;27.75
1800.00;2100.00;2040.00;23.82;E0_0_4800m;5.00;170;170;11.89;24.20
1800.00;2100.00;2184.00;27.44;E0_1_4800m;5.00;182;182;11.05;27.68
1800.00;2100.00;2004.00;23.71;E0_0_4900m;5.00;167;168;11.75;24.06
1800.00;2100.00;2220.00;27.27;E0_1_4900m;5.00;185;185;11.31;27.50
1800.00;2100.00;1968.00;23.60;E0_0_5000m;5.00;164;164;11.58;23.92
1800.00;2100.00;2232.00;27.17;E0_1_5000m;5.00;186;186;11.42;27.39
2100.00;2400.00;0.00;-1.00;E0_0_0m;-1.00;0;0;0.00;-1.00
2100.00;2400.00;0.00;-1.00;E0_1_0m;-1.00;0;0;0.00;-1.00
2100.00;2400.00;1644.00;26.83;E0_0_100m;5.00;137;137;8.51;26.99
2100.00;2400.00;1968.00;28.37;E0_1_100m;5.00;164;165;9.69;28.50
2100.00;2400.00;1680.00;26.84;E0_0_200m;5.00;140;140;8.69;27.03
2100.00;2400.00;1956.00;28.88;E0_1_200m;5.00;163;162;9.38;29.05
2100.00;2400.00;1740.00;26.48;E0_0_300m;5.00;145;145;9.13;26.68
2100.00;2400.00;1932.00;29.02;E0_1_300m;5.00;161;161;9.25;29.19
2100.00;2400.00;1740.00;26.24;E0_0_400m;5.00;145;145;9.21;26.43
2100.00;2400.00;1968.00;28.93;E0_1_400m;5.00;164;164;9.45;29.09
2100.00;2400.00;1740.00;25.99;E0_0_500m;5.00;145;144;9.26;26.17
2100.00;2400.00;2004.00;28.77;E0_1_500m;5.00;167;167;9.67;28.93
2100.00;2400.00;1752.00;25.75;E0_0_600m;5.00;146;146;9.45;25.96
2100.00;2400.00;1980.00;28.63;E0_1_600m;5.00;165;166;9.60;28.78
2100.00;2400.00;1752.00;25.83;E0_0_700m;5.00;146;146;9.42;26.01
2100.00;2400.00;1980.00;28.54;E0_1_700m;5.00;165;165;9.63;28.68
2100.00;2400.00;1740.00;25.63;E0_0_800m;5.00;145;144;9.37;25.81
2100.00;2400.00;2004.00;28.42;E0_1_800m;5.00;167;167;9.79;28.56
2100.00;2400.00;1752.00;25.61;E0_0_900m;5.00;146;146;9.50;25.80
2100.00;2400.00;2004.00;28.32;E0_1_900m;5.00;167;167;9.83;28.46
2100.00;2400.00;1728.00;25.56;E0_0_1000m;5.00;144;144;9.39;25.75
2100.00;2400.00;2040.00;28.25;E0_1_1000m;5.00;170;170;10.03;28.38
2100.00;2400.00;1716.00;25.46;E0_0_1100m;5.00;143;143;9.36;25.65
2100.00;2400.00;2064.00;28.13;E0_1_1100m;5.00;172;172;10.19;28.25
2100.00;2400.00;1716.00;25.44;E0_0_1200m;5.00;143;143;9.37;25.63
2100.00;2400.00;2052.00;28.11;E0_1_1200m;5.00;171;171;10.14;28.23
2100.00;2400.00;1728.00;25.52;E0_0_1300m;5.00;144;144;9.41;25.71
2100.00;2400.00;2064.00;28.18;E0_1_1300m;5.00;172;172;10.17;28.30
2100.00;2400.00;1752.00;25.51;E0_0_1400m;5.00;146;146;9.58;25.70
2100.00;2400.00;2040.00;28.23;E0_1_1400m;5.00;170;170;10.04;28.37
2100.00;2400.00;1716.00;25.37;E0_0_1500m;5.00;143;142;9.37;25.56
2100.00;2400.00;2064.00;28.01;E0_1_1500m;5.00;172;172;10.23;28.13
2100.00;2400.00;1752.00;25.30;E0_0_1600m;5.00;146;145;9.56;25.48
2100.00;2400.00;2040.00;27.88;E0_1_1600m;5.00;170;170;10.16;28.00
2100.00;2400.00;1728.00;25.13;E0_0_1700m;5.00;144;145;9.55;25.33
2100.00;2400.00;2076.00;27.82;E0_1_1700m;5.00;173;173;10.36;27.94
2100.00;2400.00;1740.00;25.10;E0_0_1800m;5.00;145;145;9.63;25.30
2100.00;2400.00;2112.00;27.70;E0_1_1800m;5.00;176;176;10.59;27.82
2100.00;2400.00;1800.00;25.28;E0_0_1900m;5.00;150;150;9.89;25.48
2100.00;2400.00;2124.00;27.46;E0_1_1900m;5.00;177;177;10.74;27.61
2100.00;2400.00;1812.00;25.06;E0_0_2000m;5.00;151;150;9.98;25.25
2100.00;2400.00;2136.00;27.48;E0_1_2000m;5.00;178;178;10.80;27.64
2100.00;2400.00;1800.00;24.86;E0_0_2100m;5.00;150;151;10.08;25.04
2100.00;2400.00;2172.00;27.38;E0_1_2100m;5.00;181;181;11.02;27.57
2100.00;2400.00;1836.00;24.80;E0_0_2200m;5.00;153;153;10.28;24.97
2100.00;2400.00;2208.00;27.40;E0_1_2200m;5.00;184;184;11.20;27.60
2100.00;2400.00;1848.00;24.75;E0_0_2300m;5.00;154;154;10.37;24.92
2100.00;2400.00;2208.00;27.28;E0_1_2300m;5.00;184;185;11.26;27.52
2100.00;2400.00;1860.00;24.49;E0_0_2400m;5.00;155;154;10.48;24.67
2100.00;2400.00;2220.00;27.11;E0_1_2400m;5.00;185;185;11.37;27.39
2100.00;2400.00;1872.00;24.38;E0_0_2500m;5.00;156;155;10.65;24.55
2100.00;2400.00;2208.00;26.95;E0_1_2500m;5.00;184;184;11.38;27.26
2100.00;2400.00;1872.00;24.14;E0_0_2600m;5.00;156;156;10.77;24.29
2100.00;2400.00;2208.00;26.68;E0_1_2600m;5.00;184;184;11.49;27.02
2100.00;2400.00;1824.00;23.81;E0_0_2700m;5.00;152;152;10.64;23.97
2100.00;2400.00;2256.00;26.27;E0_1_2700m;5.00;188;188;11.93;26.60
2100.00;2400.00;1788.00;23.60;E0_0_2800m;5.00;149;149;10.52;23.72
2100.00;2400.00;2244.00;25.72;E0_1_2800m;5.00;187;187;12.12;26.04
2100.00;2400.00;1752.00;23.11;E0_0_2900m;5.00;146;147;10.57;23.20
2100.00;2400.00;2196.00;24.80;E0_1_2900m;5.00;183;183;12.30;25.07
2100.00;2400.00;1740.00;22.08;E0_0_3000m;5.00;145;145;10.95;22.14
2100.00;2400.00;2160.00;23.26;E0_1_3000m;5.00;180;180;12.90;23.42
2100.00;2400.00;1776.00;21.80;E0_0_3100m;5.00;148;148;11.31;21.86
2100.00;2400.00;2076.00;22.93;E0_1_3100m;5.00;173;173;12.57;23.07
2100.00;2400.00;1788.00;21.66;E0_0_3200m;5.00;149;149;11.47;21.72
2100.00;2400.00;2040.00;22.96;E0_1_3200m;5.00;170;170;12.34;23.13
2100.00;2400.00;1788.00;21.83;E0_0_3300m;5.00;149;149;11.38;21.86
2100.00;2400.00;2028.00;22.88;E0_1_3300m;5.00;169;169;12.31;23.02
2100.00;2400.00;1812.00;22.07;E0_0_3400m;5.00;151;151;11.40;22.08
2100.00;2400.00;2016.00;22.74;E0_1_3400m;5.00;168;168;12.31;22.81
2100.00;2400.00;1800.00;22.12;E0_0_3500m;5.00;150;150;11.30;22.13
2100.00;2400.00;2040.00;22.63;E0_1_3500m;5.00;170;170;12.52;22.65
2100.00;2400.00;1824.00;22.22;E0_0_3600m;5.00;152;152;11.40;22.22
2100.00;2400.00;2004.00;22.51;E0_1_3600m;5.00;167;168;12.39;22.52
2100.00;2400.00;1824.00;22.26;E0_0_3700m;5.00;152;152;11.38;22.26
2100.00;2400.00;2004.00;22.51;E0_1_3700m;5.00;167;167;12.36;22.53
2100.00;2400.00;1860.00;22.19;E0_0_3800m;5.00;155;155;11.64;22.20
2100.00;2400.00;1992.00;22.51;E0_1_3800m;5.00;166;167;12.29;22.54
2100.00;2400.00;1872.00;22.08;E0_0_3900m;5.00;156;156;11.77;22.12
2100.00;2400.00;1956.00;22.82;E0_1_3900m;5.00;163;164;11.94;22.89
2100.00;2400.00;1848.00;23.35;E0_0_4000m;5.00;154;154;10.99;23.43
2100.00;2400.00;1992.00;25.03;E0_1_4000m;5.00;166;166;11.05;25.20
2100.00;2400.00;1812.00;26.16;E0_0_4100m;5.00;151;152;9.68;26.28
2100.00;2400.00;2016.00;28.16;E0_1_4100m;5.00;168;168;9.94;28.23
2100.00;2400.00;1824.00;26.24;E0_0_4200m;5.00;152;152;9.66;26.39
2100.00;2400.00;2004.00;28.56;E0_1_4200m;5.00;167;167;9.74;28.64
2100.00;2400.00;1812.00;26.01;E0_0_4300m;5.00;151;151;9.68;26.17
2100.00;2400.00;2016.00;28.67;E0_1_4300m;5.00;168;169;9.79;28.74
2100.00;2400.00;1800.00;25.80;E0_0_4400m;5.00;150;150;9.69;25.96
2100.00;2400.00;2040.00;28.76;E0_1_4400m;5.00;170;170;9.85;28.83
2100.00;2400.00;1800.00;25.55;E0_0_4500m;5.00;150;151;9.79;25.72
2100.00;2400.00;2028.00;28.72;E0_1_4500m;5.00;169;169;9.81;28.77
2100.00;2400.00;1824.00;25.32;E0_0_4600m;5.00;152;152;10.01;25.48
2100.00;2400.00;2040.00;28.61;E0_1_4600m;5.00;170;170;9.90;28.67
2100.00;2400.00;1860.00;25.11;E0_0_4700m;5.00;155;155;10.29;25.27
2100.00;2400.00;2028.00;28.55;E0_1_4700m;5.00;169;168;9.82;28.61
2100.00;2400.00;1872.00;25.09;E0_0_4800m;5.00;156;156;10.36;25.26
2100.00;2400.00;2064.00;28.46;E0_1_4800m;5.00;172;172;10.07;28.52
2100.00;2400.00;1836.00;25.02;E0_0_4900m;5.00;153;153;10.23;25.19
2100.00;2400.00;2064.00;28.50;E0_1_4900m;5.00;172;172;10.06;28.57
2100.00;2400.00;1836.00;24.94;E0_0_5000m;5.00;153;153;10.22;25.11
2100.00;2400.00;2064.00;28.50;E0_1_5000m;5.00;172;171;10.02;28.56
2400.00;2700.00;0.00;-1.00;E0_0_0m;-1.00;0;0;0.00;-1.00
2400.00;2700.00;0.00;-1.00;E0_1_0m;-1.00;0;0;0.00;-1.00
2400.00;2700.00;1848.00;25.96;E0_0_100m;5.00;154;154;9.89;26.11
2400.00;2700.00;2088.00;27.29;E0_1_100m;5.00;174;173;10.57;27.49
2400.00;2700.00;1884.00;25.92;E0_0_200m;5.00;157;158;10.12;26.09
2400.00;2700.00;2064.00;27.65;E0_1_200m;5.00;172;173;10.39;27.88
2400.00;2700.00;1884.00;25.91;E0_0_300m;5.00;157;157;10.10;26.04
2400.00;2700.00;2064.00;27.76;E0_1_300m;5.00;172;172;10.33;28.02
2400.00;2700.00;1860.00;25.89;E0_0_400m;5.00;155;155;9.98;26.03
2400.00;2700.00;2088.00;27.60;E0_1_400m;5.00;174;174;10.51;27.85
2400.00;2700.00;1812.00;25.78;E0_0_500m;5.00;151;151;9.76;25.92
2400.00;2700.00;2124.00;27.56;E0_1_500m;5.00;177;177;10.71;27.80
2400.00;2700.00;1800.00;25.75;E0_0_600m;5.00;150;150;9.71;25.92
2400.00;2700.00;2112.00;27.62;E0_1_600m;5.00;176;176;10.62;27.86
2400.00;2700.00;1776.00;25.69;E0_0_700m;5.00;148;148;9.60;25.85
2400.00;2700.00;2124.00;27.60;E0_1_700m;5.00;177;177;10.69;27.83
2400.00;2700.00;1776.00;25.68;E0_0_800m;5.00;148;148;9.61;25.83
2400.00;2700.00;2124.00;27.52;E0_1_800m;5.00;177;178;10.73;27.73
2400.00;2700.00;1728.00;25.59;E0_0_900m;5.00;144;145;9.41;25.76
2400.00;2700.00;2124.00;27.54;E0_1_900m;5.00;177;178;10.76;27.74
2400.00;2700.00;1728.00;25.53;E0_0_1000m;5.00;144;144;9.40;25.70
2400.00;2700.00;2076.00;27.67;E0_1_1000m;5.00;173;174;10.45;27.86
2400.00;2700.00;1680.00;25.52;E0_0_1100m;5.00;140;140;9.14;25.71
2400.00;2700.00;2088.00;27.78;E0_1_1100m;5.00;174;174;10.44;27.95
2400.00;2700.00;1680.00;25.59;E0_0_1200m;5.00;140;140;9.12;25.77
2400.00;2700.00;2064.00;27.94;E0_1_1200m;5.00;172;172;10.26;28.08
2400.00;2700.00;1644.00;25.69;E0_0_1300m;5.00;137;137;8.89;25.86
2400.00;2700.00;2076.00;28.04;E0_1_1300m;5.00;173;173;10.28;28.16
2400.00;2700.00;1572.00;25.70;E0_0_1400m;5.00;131;132;8.56;25.86
2400.00;2700.00;2112.00;28.05;E0_1_1400m;5.00;176;176;10.46;28.16
2400.00;2700.00;1572.00;25.65;E0_0_1500m;5.00;131;132;8.56;25.80
2400.00;2700.00;2112.00;28.14;E0_1_1500m;5.00;176;176;10.42;28.24
2400.00;2700.00;1608.00;25.68;E0_0_1600m;5.00;134;134;8.70;25.81
2400.00;2700.00;2076.00;28.06;E0_1_1600m;5.00;173;173;10.28;28.15
2400.00;2700.00;1596.00;25.68;E0_0_1700m;5.00;133;132;8.63;25.80
2400.00;2700.00;2088.00;27.90;E0_1_1700m;5.00;174;174;10.39;27.99
2400.00;2700.00;1584.00;25.76;E0_0_1800m;5.00;132;132;8.54;25.88
2400.00;2700.00;2088.00;27.81;E0_1_1800m;5.00;174;174;10.43;27.90
2400.00;2700.00;1572.00;25.91;E0_0_1900m;5.00;131;131;8.43;26.02
2400.00;2700.00;2064.00;27.79;E0_1_1900m;5.00;172;172;10.32;27.89
2400.00;2700.00;1572.00;25.90;E0_0_2000m;5.00;131;131;8.43;26.01
2400.00;2700.00;2040.00;27.75;E0_1_2000m;5.00;170;171;10.21;27.85
2400.00;2700.00;1584.00;25.94;E0_0_2100m;5.00;132;131;8.46;26.06
2400.00;2700.00;2016.00;27.70;E0_1_2100m;5.00;168;168;10.11;27.80
2400.00;2700.00;1560.00;26.08;E0_0_2200m;5.00;130;131;8.35;26.18
2400.00;2700.00;1968.00;27.71;E0_1_2200m;5.00;164;164;9.86;27.81
2400.00;2700.00;1548.00;26.31;E0_0_2300m;5.00;129;129;8.17;26.39
2400.00;2700.00;1980.00;27.78;E0_1_2300m;5.00;165;164;9.88;27.89
2400.00;2700.00;1572.00;26.19;E0_0_2400m;5.00;131;131;8.34;26.28
2400.00;2700.00;1980.00;27.86;E0_1_2400m;5.00;165;166;9.88;27.98
2400.00;2700.00;1620.00;25.98;E0_0_2500m;5.00;135;135;8.66;26.08
2400.00;2700.00;1980.00;27.88;E0_1_2500m;5.00;165;165;9.86;27.99
2400.00;2700.00;1656.00;25.74;E0_0_2600m;5.00;138;138;8.94;25.85
2400.00;2700.00;1956.00;27.81;E0_1_2600m;5.00;163;163;9.77;27.92
2400.00;2700.00;1644.00;25.38;E0_0_2700m;5.00;137;138;9.03;25.53
2400.00;2700.00;1968.00;27.56;E0_1_2700m;5.00;164;164;9.92;27.70
2400.00;2700.00;1668.00;24.10;E0_0_2800m;5.00;139;139;9.61;24.37
2400.00;2700.00;1956.00;26.37;E0_1_2800m;5.00;163;163;10.30;26.61
2400.00;2700.00;1644.00;21.64;E0_0_2900m;5.00;137;136;10.51;22.02
2400.00;2700.00;1992.00;23.54;E0_1_2900m;5.00;166;166;11.75;23.98
2400.00;2700.00;1632.00;18.47;E0_0_3000m;5.00;136;136;12.27;18.70
2400.00;2700.00;1980.00;19.83;E0_1_3000m;5.00;165;165;13.87;20.21
2400.00;2700.00;1644.00;17.99;E0_0_3100m;5.00;137;138;12.71;18.09
2400.00;2700.00;1920.00;19.21;E0_1_3100m;5.00;160;161;13.89;19.55
2400.00;2700.00;1584.00;18.05;E0_0_3200m;5.00;132;133;12.24;18.11
2400.00;2700.00;1932.00;19.23;E0_1_3200m;5.00;161;161;13.95;19.62
2400.00;2700.00;1584.00;18.11;E0_0_3300m;5.00;132;132;12.15;18.20
2400.00;2700.00;1920.00;19.01;E0_1_3300m;5.00;160;160;14.03;19.33
2400.00;2700.00;1584.00;18.07;E0_0_3400m;5.00;132;133;12.17;18.14
2400.00;2700.00;1860.00;18.90;E0_1_3400m;5.00;155;155;13.67;19.22
2400.00;2700.00;1572.00;18.04;E0_0_3500m;5.00;131;131;12.10;18.10
2400.00;2700.00;1812.00;18.64;E0_1_3500m;5.00;151;151;13.50;18.90
2400.00;2700.00;1572.00;18.09;E0_0_3600m;5.00;131;132;12.16;18.28
2400.00;2700.00;1788.00;18.53;E0_1_3600m;5.00;149;150;13.54;18.76
2400.00;2700.00;1596.00;18.00;E0_0_3700m;5.00;133;133;12.31;18.05
2400.00;2700.00;1788.00;18.36;E0_1_3700m;5.00;149;149;13.52;18.56
2400.00;2700.00;1608.00;18.02;E0_0_3800m;5.00;134;134;12.39;18.06
2400.00;2700.00;1824.00;18.40;E0_1_3800m;5.00;152;151;13.76;18.60
2400.00;2700.00;1584.00;18.19;E0_0_3900m;5.00;132;132;12.10;18.26
2400.00;2700.00;1812.00;18.87;E0_1_3900m;5.00;151;152;13.38;19.16
2400.00;2700.00;1536.00;19.71;E0_0_4000m;5.00;128;128;10.82;19.94
2400.00;2700.00;1836.00;21.54;E0_1_4000m;5.00;153;153;11.84;21.99
2400.00;2700.00;1464.00;26.70;E0_0_4100m;5.00;122;121;7.56;26.77
2400.00;2700.00;1908.00;27.86;E0_1_4100m;5.00;159;159;9.51;27.92
2400.00;2700.00;1476.00;27.86;E0_0_4200m;5.00;123;123;7.36;28.03
2400.00;2700.00;1896.00;29.24;E0_1_4200m;5.00;158;159;9.05;29.39
2400.00;2700.00;1488.00;27.99;E0_0_4300m;5.00;124;125;7.39;28.14
2400.00;2700.00;1872.00;29.55;E0_1_4300m;5.00;156;155;8.78;29.72
2400.00;2700.00;1500.00;27.87;E0_0_4400m;5.00;125;125;7.48;28.01
2400.00;2700.00;1848.00;29.42;E0_1_4400m;5.00;154;154;8.72;29.58
2400.00;2700.00;1524.00;27.75;E0_0_4500m;5.00;127;126;7.62;27.88
2400.00;2700.00;1872.00;29.37;E0_1_4500m;5.00;156;156;8.85;29.51
2400.00;2700.00;1548.00;27.56;E0_0_4600m;5.00;129;129;7.80;27.67
2400.00;2700.00;1860.00;29.37;E0_1_4600m;5.00;155;156;8.81;29.50
2400.00;2700.00;1548.00;27.64;E0_0_4700m;5.00;129;129;7.78;27.73
2400.00;2700.00;1848.00;29.37;E0_1_4700m;5.00;154;156;8.78;29.47
2400.00;2700.00;1536.00;27.65;E0_0_4800m;5.00;128;130;7.80;27.74
2400.00;2700.00;1824.00;29.25;E0_1_4800m;5.00;152;152;8.66;29.38
2400.00;2700.00;1548.00;27.59;E0_0_4900m;5.00;129;129;7.76;27.69
2400.00;2700.00;1836.00;29.24;E0_1_4900m;5.00;153;153;8.72;29.36
2400.00;2700.00;1560.00;27.60;E0_0_5000m;5.00;130;130;7.85;27.70
2400.00;2700.00;1836.00;29.25;E0_1_5000m;5.00;153;153;8.72;29.38
2700.00;3000.00;0.00;-1.00;E0_0_0m;-1.00;0;0;0.00;-1.00
2700.00;3000.00;0.00;-1.00;E0_1_0m;-1.00;0;0;0.00;-1.00
2700.00;3000.00;1668.00;25.42;E0_0_100m;5.00;139;140;9.12;25.59
2700.00;3000.00;2052.00;26.81;E0_1_100m;5.00;171;171;10.63;26.99
2700.00;3000.00;1692.00;25.82;E0_0_200m;5.00;141;141;9.10;25.99
2700.00;3000.00;1992.00;27.58;E0_1_200m;5.00;166;166;10.03;27.74
2700.00;3000.00;1632.00;25.92;E0_0_300m;5.00;136;137;8.76;26.08
2700.00;3000.00;2004.00;27.73;E0_1_300m;5.00;167;167;10.04;27.93
2700.00;3000.00;1596.00;26.10;E0_0_400m;5.00;133;133;8.49;26.27
2700.00;3000.00;2004.00;27.81;E0_1_400m;5.00;167;167;10.01;27.99
2700.00;3000.00;1584.00;26.28;E0_0_500m;5.00;132;132;8.37;26.47
2700.00;3000.00;2004.00;27.98;E0_1_500m;5.00;167;168;9.99;28.16
2700.00;3000.00;1596.00;26.17;E0_0_600m;5.00;133;133;8.47;26.35
2700.00;3000.00;2004.00;27.95;E0_1_600m;5.00;167;167;9.96;28.12
2700.00;3000.00;1620.00;26.07;E0_0_700m;5.00;135;135;8.63;26.25
2700.00;3000.00;2004.00;27.89;E0_1_700m;5.00;167;168;10.01;28.05
2700.00;3000.00;1620.00;25.83;E0_0_800m;5.00;135;135;8.71;26.00
2700.00;3000.00;2004.00;27.76;E0_1_800m;5.00;167;166;10.01;27.91
2700.00;3000.00;1644.00;25.57;E0_0_900m;5.00;137;136;8.90;25.74
2700.00;3000.00;2016.00;27.58;E0_1_900m;5.00;168;167;10.11;27.73
2700.00;3000.00;1620.00;25.38;E0_0_1000m;5.00;135;135;8.86;25.55
2700.00;3000.00;2040.00;27.55;E0_1_1000m;5.00;170;169;10.26;27.68
2700.00;3000.00;1656.00;25.31;E0_0_1100m;5.00;138;138;9.09;25.47
2700.00;3000.00;2004.00;27.57;E0_1_1100m;5.00;167;167;10.09;27.71
2700.00;3000.00;1620.00;25.30;E0_0_1200m;5.00;135;135;8.89;25.46
2700.00;3000.00;2040.00;27.47;E0_1_1200m;5.00;170;170;10.31;27.59
2700.00;3000.00;1656.00;25.36;E0_0_1300m;5.00;138;138;9.07;25.50
2700.00;3000.00;2028.00;27.41;E0_1_1300m;5.00;169;169;10.27;27.52
2700.00;3000.00;1680.00;25.18;E0_0_1400m;5.00;140;139;9.21;25.31
2700.00;3000.00;2064.00;27.26;E0_1_1400m;5.00;172;172;10.51;27.36
2700.00;3000.00;1704.00;25.19;E0_0_1500m;5.00;142;141;9.35;25.31
2700.00;3000.00;2100.00;27.14;E0_1_1500m;5.00;175;175;10.75;27.23
2700.00;3000.00;1728.00;25.10;E0_0_1600m;5.00;144;144;9.56;25.21
2700.00;3000.00;2112.00;27.10;E0_1_1600m;5.00;176;176;10.82;27.19
2700.00;3000.00;1704.00;25.10;E0_0_1700m;5.00;142;143;9.47;25.27
2700.00;3000.00;2112.00;27.10;E0_1_1700m;5.00;176;177;10.88;27.20
2700.00;3000.00;1704.00;24.91;E0_0_1800m;5.00;142;142;9.50;25.03
2700.00;3000.00;2124.00;27.07;E0_1_1800m;5.00;177;177;10.90;27.17
2700.00;3000.00;1716.00;24.92;E0_0_1900m;5.00;143;143;9.56;25.01
2700.00;3000.00;2100.00;27.00;E0_1_1900m;5.00;175;176;10.85;27.09
2700.00;3000.00;1728.00;24.80;E0_0_2000m;5.00;144;144;9.68;24.88
2700.00;3000.00;2100.00;26.96;E0_1_2000m;5.00;175;174;10.82;27.03
2700.00;3000.00;1716.00;24.62;E0_0_2100m;5.00;143;143;9.68;24.71
2700.00;3000.00;2088.00;26.92;E0_1_2100m;5.00;174;174;10.77;26.99
2700.00;3000.00;1740.00;24.41;E0_0_2200m;5.00;145;144;9.86;24.52
2700.00;3000.00;2088.00;26.92;E0_1_2200m;5.00;174;175;10.78;26.98
2700.00;3000.00;1740.00;24.27;E0_0_2300m;5.00;145;145;9.96;24.38
2700.00;3000.00;2088.00;26.97;E0_1_2300m;5.00;174;174;10.75;27.04
2700.00;3000.00;1704.00;24.30;E0_0_2400m;5.00;142;142;9.74;24.41
2700.00;3000.00;2088.00;27.00;E0_1_2400m;5.00;174;173;10.73;27.08
2700.00;3000.00;1680.00;24.33;E0_0_2500m;5.00;140;140;9.59;24.45
2700.00;3000.00;2064.00;26.90;E0_1_2500m;5.00;172;174;10.76;27.01
2700.00;3000.00;1692.00;24.06;E0_0_2600m;5.00;141;141;9.77;24.21
2700.00;3000.00;2040.00;26.26;E0_1_2600m;5.00;170;170;10.79;26.42
2700.00;3000.00;1668.00;23.17;E0_0_2700m;5.00;139;138;9.96;23.45
2700.00;3000.00;2076.00;25.00;E0_1_2700m;5.00;173;173;11.53;25.21
2700.00;3000.00;1668.00;22.06;E0_0_2800m;5.00;139;139;10.50;22.41
2700.00;3000.00;2076.00;23.30;E0_1_2800m;5.00;173;173;12.37;23.58
2700.00;3000.00;1704.00;20.51;E0_0_2900m;5.00;142;142;11.54;20.84
2700.00;3000.00;2076.00;21.47;E0_1_2900m;5.00;173;173;13.43;21.78
2700.00;3000.00;1668.00;18.31;E0_0_3000m;5.00;139;140;12.69;18.51
2700.00;3000.00;2100.00;19.24;E0_1_3000m;5.00;175;175;15.16;19.48
2700.00;3000.00;1764.00;17.74;E0_0_3100m;5.00;147;147;13.81;17.91
2700.00;3000.00;2016.00;18.89;E0_1_3100m;5.00;168;169;14.84;19.11
2700.00;3000.00;1764.00;17.82;E0_0_3200m;5.00;147;147;13.75;17.92
2700.00;3000.00;2004.00;18.78;E0_1_3200m;5.00;167;167;14.82;19.06
2700.00;3000.00;1716.00;17.87;E0_0_3300m;5.00;143;143;13.34;17.95
2700.00;3000.00;1980.00;18.65;E0_1_3300m;5.00;165;166;14.77;18.92
2700.00;3000.00;1740.00;17.81;E0_0_3400m;5.00;145;144;13.57;17.89
2700.00;3000.00;1980.00;18.57;E0_1_3400m;5.00;165;165;14.81;18.81
2700.00;3000.00;1788.00;17.73;E0_0_3500m;5.00;149;149;14.00;17.79
2700.00;3000.00;1968.00;18.50;E0_1_3500m;5.00;164;164;14.78;18.66
2700.00;3000.00;1836.00;17.76;E0_0_3600m;5.00;153;152;14.27;17.78
2700.00;3000.00;1956.00;18.36;E0_1_3600m;5.00;163;162;14.71;18.47
2700.00;3000.00;1800.00;17.88;E0_0_3700m;5.00;150;150;13.99;17.90
2700.00;3000.00;1980.00;18.21;E0_1_3700m;5.00;165;165;15.11;18.27
2700.00;3000.00;1776.00;17.86;E0_0_3800m;5.00;148;148;13.81;17.88
2700.00;3000.00;1932.00;18.23;E0_1_3800m;5.00;161;161;14.72;18.31
2700.00;3000.00;1800.00;17.86;E0_0_3900m;5.00;150;150;14.00;17.91
2700.00;3000.00;1920.00;18.65;E0_1_3900m;5.00;160;159;14.25;18.81
2700.00;3000.00;1812.00;19.42;E0_0_4000m;5.00;151;151;12.96;19.58
2700.00;3000.00;1896.00;21.16;E0_1_4000m;5.00;158;158;12.44;21.48
2700.00;3000.00;1752.00;25.16;E0_0_4100m;5.00;146;146;9.67;25.31
2700.00;3000.00;2004.00;26.70;E0_1_4100m;5.00;167;167;10.42;26.80
2700.00;3000.00;1752.00;25.90;E0_0_4200m;5.00;146;146;9.40;26.12
2700.00;3000.00;2064.00;27.82;E0_1_4200m;5.00;172;172;10.30;27.99
2700.00;3000.00;1764.00;26.09;E0_0_4300m;5.00;147;146;9.39;26.29
2700.00;3000.00;2088.00;28.10;E0_1_4300m;5.00;174;174;10.32;28.27
2700.00;3000.00;1800.00;26.11;E0_0_4400m;5.00;150;150;9.57;26.30
2700.00;3000.00;2100.00;28.37;E0_1_4400m;5.00;175;175;10.28;28.52
2700.00;3000.00;1800.00;25.89;E0_0_4500m;5.00;150;150;9.66;26.06
2700.00;3000.00;2112.00;28.35;E0_1_4500m;5.00;176;176;10.35;28.50
2700.00;3000.00;1788.00;25.67;E0_0_4600m;5.00;149;149;9.67;25.84
2700.00;3000.00;2124.00;28.23;E0_1_4600m;5.00;177;177;10.45;28.38
2700.00;3000.00;1740.00;25.77;E0_0_4700m;5.00;145;145;9.38;25.93
2700.00;3000.00;2160.00;28.12;E0_1_4700m;5.00;180;179;10.67;28.25
2700.00;3000.00;1740.00;25.61;E0_0_4800m;5.00;145;144;9.38;25.75
2700.00;3000.00;2136.00;28.15;E0_1_4800m;5.00;178;178;10.54;28.27
2700.00;3000.00;1740.00;25.50;E0_0_4900m;5.00;145;144;9.45;25.62
2700.00;3000.00;2136.00;28.14;E0_1_4900m;5.00;178;178;10.54;28.26
2700.00;3000.00;1752.00;25.44;E0_0_5000m;5.00;146;146;9.57;25.56
2700.00;3000.00;2124.00;27.99;E0_1_5000m;5.00;177;177;10.54;28.11
3000.00;3300.00;0.00;-1.00;E0_0_0m;-1.00;0;0;0.00;-1.00
3000.00;3300.00;0.00;-1.00;E0_1_0m;-1.00;0;0;0.00;-1.00
3000.00;3300.00;1896.00;24.92;E0_0_100m;5.00;158;158;10.57;25.14
3000.00;3300.00;2292.00;26.32;E0_1_100m;5.00;191;191;12.09;26.49
3000.00;3300.00;1896.00;25.13;E0_0_200m;5.00;158;159;10.49;25.37
3000.00;3300.00;2292.00;26.90;E0_1_200m;5.00;191;191;11.83;27.16
3000.00;3300.00;1872.00;25.11;E0_0_300m;5.00;156;156;10.35;25.34
3000.00;3300.00;2316.00;27.05;E0_1_300m;5.00;193;193;11.89;27.32
3000.00;3300.00;1860.00;25.13;E0_0_400m;5.00;155;155;10.28;25.35
3000.00;3300.00;2328.00;27.20;E0_1_400m;5.00;194;195;11.89;27.46
3000.00;3300.00;1872.00;25.30;E0_0_500m;5.00;156;157;10.34;25.50
3000.00;3300.00;2292.00;27.38;E0_1_500m;5.00;191;192;11.68;27.63
3000.00;3300.00;1848.00;25.16;E0_0_600m;5.00;154;154;10.20;25.33
3000.00;3300.00;2292.00;27.45;E0_1_600m;5.00;191;191;11.60;27.68
3000.00;3300.00;1812.00;25.06;E0_0_700m;5.00;151;151;10.04;25.24
3000.00;3300.00;2280.00;27.59;E0_1_700m;5.00;190;190;11.48;27.81
3000.00;3300.00;1800.00;25.01;E0_0_800m;5.00;150;151;10.01;25.19
3000.00;3300.00;2292.00;27.55;E0_1_800m;5.00;191;191;11.56;27.76
3000.00;3300.00;1788.00;24.98;E0_0_900m;5.00;149;149;9.94;25.16
3000.00;3300.00;2268.00;27.60;E0_1_900m;5.00;189;189;11.41;27.76
3000.00;3300.00;1752.00;25.09;E0_0_1000m;5.00;146;146;9.70;25.29
3000.00;3300.00;2304.00;27.60;E0_1_1000m;5.00;192;192;11.59;27.75
3000.00;3300.00;1776.00;25.14;E0_0_1100m;5.00;148;148;9.81;25.33
3000.00;3300.00;2268.00;27.70;E0_1_1100m;5.00;189;189;11.37;27.83
3000.00;3300.00;1788.00;25.37;E0_0_1200m;5.00;149;149;9.79;25.54
3000.00;3300.00;2268.00;27.71;E0_1_1200m;5.00;189;189;11.37;27.84
3000.00;3300.00;1764.00;25.36;E0_0_1300m;5.00;147;147;9.66;25.53
3000.00;3300.00;2268.00;27.67;E0_1_1300m;5.00;189;189;11.38;27.82
3000.00;3300.00;1704.00;25.25;E0_0_1400m;5.00;142;143;9.38;25.43
3000.00;3300.00;2280.00;27.74;E0_1_1400m;5.00;190;190;11.41;27.87
3000.00;3300.00;1656.00;25.19;E0_0_1500m;5.00;138;139;9.16;25.38
3000.00;3300.00;2268.00;27.74;E0_1_1500m;5.00;189;189;11.35;27.87
3000.00;3300.00;1668.00;25.41;E0_0_1600m;5.00;139;139;9.12;25.57
3000.00;3300.00;2268.00;27.71;E0_1_1600m;5.00;189;189;11.37;27.83
3000.00;3300.00;1680.00;25.53;E0_0_1700m;5.00;140;139;9.10;25.69
3000.00;3300.00;2280.00;27.72;E0_1_1700m;5.00;190;191;11.43;27.83
3000.00;3300.00;1656.00;25.28;E0_0_1800m;5.00;138;138;9.10;25.46
3000.00;3300.00;2280.00;27.79;E0_1_1800m;5.00;190;190;11.39;27.89
3000.00;3300.00;1716.00;25.23;E0_0_1900m;5.00;143;143;9.45;25.41
3000.00;3300.00;2256.00;27.80;E0_1_1900m;5.00;188;187;11.22;27.90
3000.00;3300.00;1692.00;25.21;E0_0_2000m;5.00;141;141;9.32;25.39
3000.00;3300.00;2280.00;27.66;E0_1_2000m;5.00;190;190;11.45;27.75
3000.00;3300.00;1704.00;25.10;E0_0_2100m;5.00;142;142;9.43;25.29
3000.00;3300.00;2268.00;27.61;E0_1_2100m;5.00;189;191;11.42;27.69
3000.00;3300.00;1740.00;25.02;E0_0_2200m;5.00;145;145;9.66;25.18
3000.00;3300.00;2268.00;27.47;E0_1_2200m;5.00;189;188;11.46;27.54
3000.00;3300.00;1776.00;24.83;E0_0_2300m;5.00;148;148;9.93;24.98
3000.00;3300.00;2244.00;27.21;E0_1_2300m;5.00;187;187;11.45;27.28
3000.00;3300.00;1764.00;24.60;E0_0_2400m;5.00;147;148;10.02;24.74
3000.00;3300.00;2268.00;26.77;E0_1_2400m;5.00;189;189;11.77;26.84
3000.00;3300.00;1800.00;23.97;E0_0_2500m;5.00;150;150;10.43;24.11
3000.00;3300.00;2244.00;26.20;E0_1_2500m;5.00;187;186;11.84;26.30
3000.00;3300.00;1860.00;23.25;E0_0_2600m;5.00;155;155;11.11;23.38
3000.00;3300.00;2244.00;25.28;E0_1_2600m;5.00;187;187;12.33;25.43
3000.00;3300.00;1848.00;22.24;E0_0_2700m;5.00;154;155;11.57;22.39
3000.00;3300.00;2244.00;24.03;E0_1_2700m;5.00;187;187;12.97;24.25
3000.00;3300.00;1824.00;20.65;E0_0_2800m;5.00;152;152;12.27;20.85
3000.00;3300.00;2244.00;22.47;E0_1_2800m;5.00;187;187;13.87;22.76
3000.00;3300.00;1788.00;19.21;E0_0_2900m;5.00;149;149;12.93;19.40
3000.00;3300.00;2232.00;20.63;E0_1_2900m;5.00;186;187;15.07;20.91
3000.00;3300.00;1800.00;17.82;E0_0_3000m;5.00;150;150;14.03;17.95
3000.00;3300.00;2220.00;18.74;E0_1_3000m;5.00;185;186;16.53;18.89
3000.00;3300.00;1896.00;17.66;E0_0_3100m;5.00;158;158;14.92;17.70
3000.00;3300.00;2124.00;18.55;E0_1_3100m;5.00;177;179;15.96;18.71
3000.00;3300.00;1872.00;17.77;E0_0_3200m;5.00;156;156;14.63;17.78
3000.00;3300.00;2136.00;18.57;E0_1_3200m;5.00;178;178;15.98;18.77
3000.00;3300.00;1860.00;17.71;E0_0_3300m;5.00;155;155;14.59;17.72
3000.00;3300.00;2148.00;18.41;E0_1_3300m;5.00;179;178;16.18;18.55
3000.00;3300.00;1848.00;17.65;E0_0_3400m;5.00;154;154;14.54;17.67
3000.00;3300.00;2136.00;18.24;E0_1_3400m;5.00;178;178;16.27;18.30
3000.00;3300.00;1812.00;17.59;E0_0_3500m;5.00;151;151;14.30;17.61
3000.00;3300.00;2112.00;18.08;E0_1_3500m;5.00;176;176;16.22;18.10
3000.00;3300.00;1812.00;17.62;E0_0_3600m;5.00;151;151;14.28;17.65
3000.00;3300.00;2100.00;17.99;E0_1_3600m;5.00;175;176;16.27;18.00
3000.00;3300.00;1848.00;17.72;E0_0_3700m;5.00;154;154;14.49;17.72
3000.00;3300.00;2100.00;17.94;E0_1_3700m;5.00;175;175;16.26;17.94
3000.00;3300.00;1884.00;17.81;E0_0_3800m;5.00;157;157;14.69;17.82
3000.00;3300.00;2148.00;18.04;E0_1_3800m;5.00;179;179;16.53;18.07
3000.00;3300.00;1884.00;17.99;E0_0_3900m;5.00;157;157;14.55;18.02
3000.00;3300.00;2160.00;18.58;E0_1_3900m;5.00;180;180;16.15;18.75
3000.00;3300.00;1908.00;19.60;E0_0_4000m;5.00;159;160;13.56;19.86
3000.00;3300.00;2136.00;21.20;E0_1_4000m;5.00;178;180;14.10;21.57
3000.00;3300.00;1800.00;26.02;E0_0_4100m;5.00;150;151;9.63;26.13
3000.00;3300.00;2208.00;27.22;E0_1_4100m;5.00;184;184;11.27;27.30
3000.00;3300.00;1776.00;26.85;E0_0_4200m;5.00;148;148;9.19;27.02
3000.00;3300.00;2196.00;28.42;E0_1_4200m;5.00;183;183;10.73;28.59
3000.00;3300.00;1788.00;26.87;E0_0_4300m;5.00;149;149;9.24;27.03
3000.00;3300.00;2172.00;28.69;E0_1_4300m;5.00;181;181;10.52;28.85
3000.00;3300.00;1788.00;26.70;E0_0_4400m;5.00;149;149;9.30;26.85
3000.00;3300.00;2124.00;28.78;E0_1_4400m;5.00;177;177;10.25;28.93
3000.00;3300.00;1788.00;26.41;E0_0_4500m;5.00;149;149;9.40;26.55
3000.00;3300.00;2088.00;28.81;E0_1_4500m;5.00;174;174;10.07;28.93
3000.00;3300.00;1776.00;26.05;E0_0_4600m;5.00;148;148;9.47;26.22
3000.00;3300.00;2064.00;28.78;E0_1_4600m;5.00;172;173;10.00;28.88
3000.00;3300.00;1812.00;25.79;E0_0_4700m;5.00;151;151;9.76;25.96
3000.00;3300.00;2052.00;28.69;E0_1_4700m;5.00;171;171;9.93;28.79
3000.00;3300.00;1788.00;25.58;E0_0_4800m;5.00;149;150;9.73;25.79
3000.00;3300.00;2088.00;28.51;E0_1_4800m;5.00;174;174;10.17;28.60
3000.00;3300.00;1812.00;25.50;E0_0_4900m;5.00;151;151;9.87;25.70
3000.00;3300.00;2076.00;28.43;E0_1_4900m;5.00;173;173;10.14;28.52
3000.00;3300.00;1800.00;25.37;E0_0_5000m;5.00;150;150;9.86;25.57
3000.00;3300.00;2112.00;28.26;E0_1_5000m;5.00;176;176;10.38;28.35
3300.00;3600.00;0.00;-1.00;E0_0_0m;-1.00;0;0;0.00;-1.00
3300.00;3600.00;0.00;-1.00;E0_1_0m;-1.00;0;0;0.00;-1.00
3300.00;3600.00;1752.00;25.21;E0_0_100m;5.00;146;146;9.65;25.45
3300.00;3600.00;2232.00;26.66;E0_1_100m;5.00;186;186;11.63;26.87
3300.00;3600.00;1812.00;25.38;E0_0_200m;5.00;151;150;9.91;25.64
3300.00;3600.00;2196.00;27.44;E0_1_200m;5.00;183;183;11.12;27.73
3300.00;3600.00;1872.00;25.25;E0_0_300m;5.00;156;156;10.30;25.50
3300.00;3600.00;2136.00;27.47;E0_1_300m;5.00;178;178;10.80;27.77
3300.00;3600.00;1896.00;25.14;E0_0_400m;5.00;158;158;10.48;25.38
3300.00;3600.00;2148.00;27.19;E0_1_400m;5.00;179;179;10.97;27.49
3300.00;3600.00;1932.00;24.79;E0_0_500m;5.00;161;160;10.76;25.04
3300.00;3600.00;2148.00;26.93;E0_1_500m;5.00;179;180;11.10;27.24
3300.00;3600.00;1908.00;24.55;E0_0_600m;5.00;159;159;10.79;24.81
3300.00;3600.00;2172.00;26.64;E0_1_600m;5.00;181;181;11.32;26.95
3300.00;3600.00;1896.00;24.44;E0_0_700m;5.00;158;158;10.77;24.71
3300.00;3600.00;2184.00;26.41;E0_1_700m;5.00;182;182;11.49;26.72
3300.00;3600.00;1896.00;24.49;E0_0_800m;5.00;158;158;10.75;24.74
3300.00;3600.00;2172.00;26.21;E0_1_800m;5.00;181;181;11.51;26.52
3300.00;3600.00;1872.00;24.40;E0_0_900m;5.00;156;157;10.72;24.64
3300.00;3600.00;2196.00;26.05;E0_1_900m;5.00;183;184;11.73;26.36
3300.00;3600.00;1896.00;24.25;E0_0_1000m;5.00;158;158;10.86;24.52
3300.00;3600.00;2184.00;25.90;E0_1_1000m;5.00;182;182;11.71;26.22
3300.00;3600.00;1884.00;24.26;E0_0_1100m;5.00;157;158;10.80;24.52
3300.00;3600.00;2220.00;25.77;E0_1_1100m;5.00;185;186;12.02;26.06
3300.00;3600.00;1896.00;24.33;E0_0_1200m;5.00;158;158;10.82;24.56
3300.00;3600.00;2232.00;25.73;E0_1_1200m;5.00;186;186;12.05;26.02
3300.00;3600.00;1944.00;24.34;E0_0_1300m;5.00;162;162;11.09;24.55
3300.00;3600.00;2244.00;25.62;E0_1_1300m;5.00;187;188;12.18;25.91
3300.00;3600.00;1956.00;24.26;E0_0_1400m;5.00;163;162;11.19;24.47
3300.00;3600.00;2268.00;25.37;E0_1_1400m;5.00;189;189;12.42;25.64
3300.00;3600.00;1980.00;24.15;E0_0_1500m;5.00;165;164;11.36;24.35
3300.00;3600.00;2268.00;25.19;E0_1_1500m;5.00;189;189;12.50;25.46
3300.00;3600.00;1944.00;24.08;E0_0_1600m;5.00;162;162;11.21;24.29
3300.00;3600.00;2256.00;25.12;E0_1_1600m;5.00;188;188;12.48;25.38
3300.00;3600.00;1908.00;23.99;E0_0_1700m;5.00;159;159;11.05;24.18
3300.00;3600.00;2268.00;25.09;E0_1_1700m;5.00;189;188;12.55;25.33
3300.00;3600.00;1884.00;23.79;E0_0_1800m;5.00;157;157;11.00;23.98
3300.00;3600.00;2256.00;25.09;E0_1_1800m;5.00;188;188;12.49;25.32
3300.00;3600.00;1872.00;23.76;E0_0_1900m;5.00;156;156;10.95;23.93
3300.00;3600.00;2208.00;25.02;E0_1_1900m;5.00;184;185;12.28;25.24
3300.00;3600.00;1884.00;23.69;E0_0_2000m;5.00;157;157;11.05;23.86
3300.00;3600.00;2196.00;24.89;E0_1_2000m;5.00;183;183;12.25;25.10
3300.00;3600.00;1896.00;23.46;E0_0_2100m;5.00;158;158;11.22;23.64
3300.00;3600.00;2208.00;24.91;E0_1_2100m;5.00;184;183;12.30;25.11
3300.00;3600.00;1848.00;23.32;E0_0_2200m;5.00;154;154;11.01;23.50
3300.00;3600.00;2220.00;24.95;E0_1_2200m;5.00;185;185;12.36;25.14
3300.00;3600.00;1788.00;23.42;E0_0_2300m;5.00;149;150;10.63;23.59
3300.00;3600.00;2256.00;24.82;E0_1_2300m;5.00;188;188;12.63;25.02
3300.00;3600.00;1824.00;23.43;E0_0_2400m;5.00;152;151;10.75;23.59
3300.00;3600.00;2244.00;24.55;E0_1_2400m;5.00;187;187;12.70;24.76
3300.00;3600.00;1848.00;23.08;E0_0_2500m;5.00;154;154;11.12;23.28
3300.00;3600.00;2256.00;24.21;E0_1_2500m;5.00;188;189;12.96;24.43
3300.00;3600.00;1848.00;22.56;E0_0_2600m;5.00;154;154;11.38;22.78
3300.00;3600.00;2208.00;23.47;E0_1_2600m;5.00;184;184;13.07;23.74
3300.00;3600.00;1836.00;21.61;E0_0_2700m;5.00;153;152;11.78;21.86
3300.00;3600.00;2220.00;22.36;E0_1_2700m;5.00;185;185;13.79;22.66
3300.00;3600.00;1836.00;20.34;E0_0_2800m;5.00;153;154;12.54;20.56
3300.00;3600.00;2220.00;21.10;E0_1_2800m;5.00;185;185;14.61;21.37
3300.00;3600.00;1872.00;18.86;E0_0_2900m;5.00;156;156;13.79;19.00
3300.00;3600.00;2232.00;19.72;E0_1_2900m;5.00;186;186;15.72;19.88
3300.00;3600.00;1896.00;17.51;E0_0_3000m;5.00;158;158;15.04;17.60
3300.00;3600.00;2268.00;18.38;E0_1_3000m;5.00;189;190;17.22;18.43
3300.00;3600.00;1980.00;17.41;E0_0_3100m;5.00;165;165;15.79;17.44
3300.00;3600.00;2196.00;18.12;E0_1_3100m;5.00;183;183;16.83;18.15
3300.00;3600.00;1980.00;17.47;E0_0_3200m;5.00;165;165;15.74;17.49
3300.00;3600.00;2196.00;18.02;E0_1_3200m;5.00;183;183;16.93;18.03
3300.00;3600.00;2004.00;17.50;E0_0_3300m;5.00;167;167;15.90;17.52
3300.00;3600.00;2184.00;17.98;E0_1_3300m;5.00;182;182;16.87;17.99
3300.00;3600.00;2028.00;17.57;E0_0_3400m;5.00;169;169;16.03;17.59
3300.00;3600.00;2184.00;17.93;E0_1_3400m;5.00;182;182;16.92;17.93
3300.00;3600.00;2040.00;17.57;E0_0_3500m;5.00;170;170;16.12;17.59
3300.00;3600.00;2196.00;17.90;E0_1_3500m;5.00;183;183;17.04;17.90
3300.00;3600.00;2040.00;17.68;E0_0_3600m;5.00;170;170;16.03;17.69
3300.00;3600.00;2172.00;17.88;E0_1_3600m;5.00;181;181;16.87;17.88
3300.00;3600.00;2016.00;17.63;E0_0_3700m;5.00;168;168;15.88;17.64
3300.00;3600.00;2148.00;17.88;E0_1_3700m;5.00;179;180;16.69;17.88
3300.00;3600.00;1992.00;17.49;E0_0_3800m;5.00;166;166;15.82;17.50
3300.00;3600.00;2100.00;17.88;E0_1_3800m;5.00;175;175;16.31;17.88
3300.00;3600.00;1968.00;17.46;E0_0_3900m;5.00;164;164;15.65;17.49
3300.00;3600.00;2100.00;18.04;E0_1_3900m;5.00;175;175;16.17;18.07
3300.00;3600.00;1980.00;19.09;E0_0_4000m;5.00;165;167;14.47;19.20
3300.00;3600.00;2100.00;20.25;E0_1_4000m;5.00;175;175;14.40;20.46
3300.00;3600.00;1920.00;24.93;E0_0_4100m;5.00;160;160;10.70;25.13
3300.00;3600.00;2148.00;26.27;E0_1_4100m;5.00;179;179;11.35;26.44
3300.00;3600.00;1860.00;25.26;E0_0_4200m;5.00;155;155;10.23;25.46
3300.00;3600.00;2160.00;26.84;E0_1_4200m;5.00;180;181;11.22;27.09
3300.00;3600.00;1872.00;25.23;E0_0_4300m;5.00;156;156;10.30;25.41
3300.00;3600.00;2136.00;26.55;E0_1_4300m;5.00;178;178;11.17;26.79
3300.00;3600.00;1872.00;25.05;E0_0_4400m;5.00;156;156;10.38;25.23
3300.00;3600.00;2124.00;26.31;E0_1_4400m;5.00;177;177;11.21;26.55
3300.00;3600.00;1860.00;24.76;E0_0_4500m;5.00;155;156;10.49;24.92
3300.00;3600.00;2148.00;26.29;E0_1_4500m;5.00;179;179;11.35;26.58
3300.00;3600.00;1884.00;24.49;E0_0_4600m;5.00;157;157;10.69;24.66
3300.00;3600.00;2136.00;26.18;E0_1_4600m;5.00;178;178;11.33;26.44
3300.00;3600.00;1884.00;24.18;E0_0_4700m;5.00;157;157;10.82;24.36
3300.00;3600.00;2124.00;26.13;E0_1_4700m;5.00;177;177;11.29;26.41
3300.00;3600.00;1872.00;23.92;E0_0_4800m;5.00;156;156;10.87;24.10
3300.00;3600.00;2124.00;26.15;E0_1_4800m;5.00;177;177;11.28;26.45
3300.00;3600.00;1872.00;23.71;E0_0_4900m;5.00;156;156;10.96;23.91
3300.00;3600.00;2112.00;26.19;E0_1_4900m;5.00;176;176;11.20;26.51
3300.00;3600.00;1836.00;23.57;E0_0_5000m;5.00;153;153;10.82;23.78
3300.00;3600.00;2100.00;26.21;E0_1_5000m;5.00;175;175;11.13;26.54
3600.00;3900.00;0.00;-1.00;E0_0_0m;-1.00;0;0;0.00;-1.00
3600.00;3900.00;0.00;-1.00;E0_1_0m;-1.00;0;0;0.00;-1.00
3600.00;3900.00;1692.00;25.82;E0_0_100m;5.00;141;143;9.14;26.01
3600.00;3900.00;1980.00;27.18;E0_1_100m;5.00;165;165;10.12;27.38
3600.00;3900.00;1704.00;26.09;E0_0_200m;5.00;142;142;9.07;26.29
3600.00;3900.00;1968.00;27.89;E0_1_200m;5.00;164;164;9.80;28.09
3600.00;3900.00;1740.00;26.11;E0_0_300m;5.00;145;145;9.25;26.30
3600.00;3900.00;1944.00;28.06;E0_1_300m;5.00;162;162;9.62;28.25
3600.00;3900.00;1668.00;25.98;E0_0_400m;5.00;139;139;8.92;26.15
3600.00;3900.00;1992.00;27.94;E0_1_400m;5.00;166;166;9.90;28.13
3600.00;3900.00;1680.00;25.92;E0_0_500m;5.00;140;140;9.00;26.08
3600.00;3900.00;1968.00;27.78;E0_1_500m;5.00;164;163;9.82;27.95
3600.00;3900.00;1656.00;25.83;E0_0_600m;5.00;138;139;8.94;26.00
3600.00;3900.00;2004.00;27.43;E0_1_600m;5.00;167;167;10.15;27.58
3600.00;3900.00;1632.00;25.89;E0_0_700m;5.00;136;137;8.82;26.03
3600.00;3900.00;2040.00;27.15;E0_1_700m;5.00;170;170;10.44;27.28
3600.00;3900.00;1668.00;25.83;E0_0_800m;5.00;139;139;8.97;25.97
3600.00;3900.00;2040.00;27.04;E0_1_800m;5.00;170;171;10.50;27.17
3600.00;3900.00;1680.00;25.75;E0_0_900m;5.00;140;139;9.00;25.87
3600.00;3900.00;2064.00;27.01;E0_1_900m;5.00;172;172;10.61;27.13
3600.00;3900.00;1680.00;25.74;E0_0_1000m;5.00;140;140;9.07;25.86
3600.00;3900.00;2064.00;27.06;E0_1_1000m;5.00;172;172;10.59;27.18
3600.00;3900.00;1668.00;25.79;E0_0_1100m;5.00;139;138;8.97;25.90
3600.00;3900.00;2064.00;27.12;E0_1_1100m;5.00;172;171;10.52;27.25
3600.00;3900.00;1680.00;25.94;E0_0_1200m;5.00;140;140;9.00;26.04
3600.00;3900.00;2016.00;27.15;E0_1_1200m;5.00;168;168;10.31;27.27
3600.00;3900.00;1656.00;25.85;E0_0_1300m;5.00;138;138;8.90;25.96
3600.00;3900.00;2040.00;27.17;E0_1_1300m;5.00;170;170;10.43;27.29
3600.00;3900.00;1644.00;25.80;E0_0_1400m;5.00;137;137;8.85;25.91
3600.00;3900.00;2064.00;27.23;E0_1_1400m;5.00;172;172;10.53;27.36
3600.00;3900.00;1632.00;25.85;E0_0_1500m;5.00;136;136;8.77;25.96
3600.00;3900.00;2064.00;27.27;E0_1_1500m;5.00;172;172;10.51;27.38
3600.00;3900.00;1668.00;25.84;E0_0_1600m;5.00;139;139;8.96;25.94
3600.00;3900.00;2028.00;27.34;E0_1_1600m;5.00;169;169;10.30;27.45
3600.00;3900.00;1680.00;25.69;E0_0_1700m;5.00;140;140;9.08;25.79
3600.00;3900.00;2040.00;27.21;E0_1_1700m;5.00;170;170;10.41;27.31
3600.00;3900.00;1668.00;25.52;E0_0_1800m;5.00;139;140;9.14;25.61
3600.00;3900.00;2052.00;27.05;E0_1_1800m;5.00;171;171;10.54;27.14
3600.00;3900.00;1680.00;25.40;E0_0_1900m;5.00;140;140;9.19;25.49
3600.00;3900.00;2076.00;26.89;E0_1_1900m;5.00;173;172;10.70;26.98
3600.00;3900.00;1704.00;25.30;E0_0_2000m;5.00;142;142;9.36;25.40
3600.00;3900.00;2100.00;26.78;E0_1_2000m;5.00;175;175;10.89;26.88
3600.00;3900.00;1692.00;25.27;E0_0_2100m;5.00;141;141;9.30;25.37
3600.00;3900.00;2112.00;26.76;E0_1_2100m;5.00;176;176;10.96;26.87
3600.00;3900.00;1716.00;25.35;E0_0_2200m;5.00;143;143;9.40;25.46
3600.00;3900.00;2124.00;26.77;E0_1_2200m;5.00;177;177;11.02;26.90
3600.00;3900.00;1752.00;25.44;E0_0_2300m;5.00;146;146;9.56;25.56
3600.00;3900.00;2136.00;26.78;E0_1_2300m;5.00;178;178;11.08;26.92
3600.00;3900.00;1740.00;25.34;E0_0_2400m;5.00;145;145;9.54;25.46
3600.00;3900.00;2148.00;26.72;E0_1_2400m;5.00;179;179;11.17;26.86
3600.00;3900.00;1728.00;25.26;E0_0_2500m;5.00;144;144;9.50;25.39
3600.00;3900.00;2112.00;26.56;E0_1_2500m;5.00;176;176;11.05;26.71
3600.00;3900.00;1704.00;25.10;E0_0_2600m;5.00;142;143;9.45;25.26
3600.00;3900.00;2100.00;26.14;E0_1_2600m;5.00;175;175;11.16;26.34
3600.00;3900.00;1704.00;24.61;E0_0_2700m;5.00;142;142;9.61;24.83
3600.00;3900.00;2100.00;25.57;E0_1_2700m;5.00;175;175;11.41;25.84
3600.00;3900.00;1716.00;23.35;E0_0_2800m;5.00;143;142;10.20;23.67
3600.00;3900.00;2112.00;24.32;E0_1_2800m;5.00;176;176;12.06;24.73
3600.00;3900.00;1704.00;21.16;E0_0_2900m;5.00;142;143;11.22;21.52
3600.00;3900.00;2100.00;22.20;E0_1_2900m;5.00;175;175;13.14;22.65
3600.00;3900.00;1692.00;18.37;E0_0_3000m;5.00;141;141;12.80;18.52
3600.00;3900.00;2064.00;19.40;E0_1_3000m;5.00;172;172;14.78;19.65
3600.00;3900.00;1788.00;17.70;E0_0_3100m;5.00;149;150;14.11;17.76
3600.00;3900.00;1968.00;18.75;E0_1_3100m;5.00;164;165;14.59;18.90
3600.00;3900.00;1812.00;17.90;E0_0_3200m;5.00;151;151;14.06;17.93
3600.00;3900.00;1968.00;18.49;E0_1_3200m;5.00;164;164;14.79;18.61
3600.00;3900.00;1764.00;17.93;E0_0_3300m;5.00;147;147;13.67;17.94
3600.00;3900.00;2028.00;18.35;E0_1_3300m;5.00;169;169;15.35;18.45
3600.00;3900.00;1752.00;17.90;E0_0_3400m;5.00;146;146;13.59;17.92
3600.00;3900.00;1992.00;18.61;E0_1_3400m;5.00;166;166;14.87;18.75
3600.00;3900.00;1728.00;17.89;E0_0_3500m;5.00;144;145;13.44;17.89
3600.00;3900.00;2016.00;18.57;E0_1_3500m;5.00;168;168;15.07;18.72
3600.00;3900.00;1788.00;17.88;E0_0_3600m;5.00;149;149;13.89;17.88
3600.00;3900.00;2040.00;18.41;E0_1_3600m;5.00;170;170;15.39;18.51
3600.00;3900.00;1788.00;17.87;E0_0_3700m;5.00;149;150;13.92;17.87
3600.00;3900.00;2064.00;18.41;E0_1_3700m;5.00;172;171;15.56;18.54
3600.00;3900.00;1776.00;17.86;E0_0_3800m;5.00;148;148;13.81;17.86
3600.00;3900.00;2064.00;18.48;E0_1_3800m;5.00;172;172;15.51;18.66
3600.00;3900.00;1776.00;17.91;E0_0_3900m;5.00;148;149;13.82;17.91
3600.00;3900.00;2064.00;18.81;E0_1_3900m;5.00;172;173;15.29;19.03
3600.00;3900.00;1776.00;19.46;E0_0_4000m;5.00;148;148;12.68;19.59
3600.00;3900.00;2064.00;21.30;E0_1_4000m;5.00;172;172;13.46;21.61
3600.00;3900.00;1704.00;26.33;E0_0_4100m;5.00;142;142;8.99;26.43
3600.00;3900.00;2160.00;27.14;E0_1_4100m;5.00;180;180;11.06;27.23
3600.00;3900.00;1764.00;26.73;E0_0_4200m;5.00;147;147;9.17;26.92
3600.00;3900.00;2172.00;28.35;E0_1_4200m;5.00;181;180;10.59;28.53
3600.00;3900.00;1788.00;26.40;E0_0_4300m;5.00;149;149;9.41;26.62
3600.00;3900.00;2172.00;28.56;E0_1_4300m;5.00;181;181;10.56;28.71
3600.00;3900.00;1812.00;26.16;E0_0_4400m;5.00;151;151;9.62;26.40
3600.00;3900.00;2160.00;28.54;E0_1_4400m;5.00;180;180;10.51;28.68
3600.00;3900.00;1848.00;26.04;E0_0_4500m;5.00;154;154;9.86;26.29
3600.00;3900.00;2136.00;28.40;E0_1_4500m;5.00;178;178;10.45;28.53
3600.00;3900.00;1872.00;25.79;E0_0_4600m;5.00;156;156;10.08;26.04
3600.00;3900.00;2160.00;28.24;E0_1_4600m;5.00;180;180;10.62;28.37
3600.00;3900.00;1908.00;25.49;E0_0_4700m;5.00;159;159;10.40;25.75
3600.00;3900.00;2172.00;28.11;E0_1_4700m;5.00;181;181;10.73;28.25
3600.00;3900.00;1920.00;25.19;E0_0_4800m;5.00;160;159;10.56;25.44
3600.00;3900.00;2160.00;27.85;E0_1_4800m;5.00;180;180;10.77;27.98
3600.00;3900.00;1932.00;24.96;E0_0_4900m;5.00;161;161;10.75;25.21
3600.00;3900.00;2172.00;27.65;E0_1_4900m;5.00;181;181;10.91;27.79
3600.00;3900.00;1944.00;24.70;E0_0_5000m;5.00;162;162;10.93;24.93
3600.00;3900.00;2208.00;27.54;E0_1_5000m;5.00;184;184;11.14;27.69
3900.00;4200.00;0.00;-1.00;E0_0_0m;-1.00;0;0;0.00;-1.00
3900.00;4200.00;0.00;-1.00;E0_1_0m;-1.00;0;0;0.00;-1.00
3900.00;4200.00;1812.00;24.29;E0_0_100m;5.00;151;151;10.36;24.59
3900.00;4200.00;2292.00;26.62;E0_1_100m;5.00;191;191;11.96;26.78
3900.00;4200.00;1848.00;24.37;E0_0_200m;5.00;154;154;10.53;24.79
3900.00;4200.00;2232.00;27.20;E0_1_200m;5.00;186;186;11.40;27.40
3900.00;4200.00;1884.00;24.26;E0_0_300m;5.00;157;157;10.79;24.74
3900.00;4200.00;2196.00;27.56;E0_1_300m;5.00;183;183;11.07;27.72
3900.00;4200.00;1860.00;24.17;E0_0_400m;5.00;155;155;10.69;24.70
3900.00;4200.00;2208.00;27.79;E0_1_400m;5.00;184;184;11.03;27.95
3900.00;4200.00;1836.00;24.21;E0_0_500m;5.00;153;153;10.53;24.72
3900.00;4200.00;2220.00;27.89;E0_1_500m;5.00;185;185;11.06;28.03
3900.00;4200.00;1836.00;24.49;E0_0_600m;5.00;153;152;10.37;24.94
3900.00;4200.00;2184.00;27.96;E0_1_600m;5.00;182;182;10.85;28.08
3900.00;4200.00;1836.00;24.80;E0_0_700m;5.00;153;153;10.25;25.17
3900.00;4200.00;2172.00;27.93;E0_1_700m;5.00;181;182;10.80;28.05
3900.00;4200.00;1812.00;25.06;E0_0_800m;5.00;151;151;10.04;25.40
3900.00;4200.00;2160.00;28.08;E0_1_800m;5.00;180;180;10.69;28.16
3900.00;4200.00;1788.00;25.24;E0_0_900m;5.00;149;149;9.84;25.56
3900.00;4200.00;2160.00;28.02;E0_1_900m;5.00;180;180;10.70;28.12
3900.00;4200.00;1776.00;25.12;E0_0_1000m;5.00;148;148;9.82;25.43
3900.00;4200.00;2160.00;27.87;E0_1_1000m;5.00;180;180;10.76;27.98
3900.00;4200.00;1740.00;25.26;E0_0_1100m;5.00;145;145;9.57;25.47
3900.00;4200.00;2172.00;27.69;E0_1_1100m;5.00;181;182;10.93;27.82
3900.00;4200.00;1716.00;25.44;E0_0_1200m;5.00;143;143;9.37;25.64
3900.00;4200.00;2196.00;27.52;E0_1_1200m;5.00;183;183;11.08;27.65
3900.00;4200.00;1668.00;25.58;E0_0_1300m;5.00;139;139;9.06;25.73
3900.00;4200.00;2196.00;27.46;E0_1_1300m;5.00;183;183;11.11;27.60
3900.00;4200.00;1692.00;25.58;E0_0_1400m;5.00;141;141;9.19;25.74
3900.00;4200.00;2160.00;27.37;E0_1_1400m;5.00;180;180;10.96;27.50
3900.00;4200.00;1704.00;25.46;E0_0_1500m;5.00;142;142;9.30;25.61
3900.00;4200.00;2172.00;27.38;E0_1_1500m;5.00;181;181;11.02;27.52
3900.00;4200.00;1716.00;25.34;E0_0_1600m;5.00;143;143;9.40;25.49
3900.00;4200.00;2220.00;27.37;E0_1_1600m;5.00;185;185;11.27;27.52
3900.00;4200.00;1752.00;25.37;E0_0_1700m;5.00;146;146;9.59;25.50
3900.00;4200.00;2196.00;27.24;E0_1_1700m;5.00;183;183;11.20;27.39
3900.00;4200.00;1752.00;25.28;E0_0_1800m;5.00;146;145;9.57;25.41
3900.00;4200.00;2256.00;27.20;E0_1_1800m;5.00;188;188;11.52;27.32
3900.00;4200.00;1728.00;25.26;E0_0_1900m;5.00;144;145;9.53;25.38
3900.00;4200.00;2256.00;27.10;E0_1_1900m;5.00;188;188;11.56;27.21
3900.00;4200.00;1728.00;25.28;E0_0_2000m;5.00;144;144;9.49;25.41
3900.00;4200.00;2220.00;27.07;E0_1_2000m;5.00;185;185;11.39;27.16
3900.00;4200.00;1704.00;25.22;E0_0_2100m;5.00;142;142;9.39;25.34
3900.00;4200.00;2220.00;27.07;E0_1_2100m;5.00;185;185;11.39;27.16
3900.00;4200.00;1704.00;25.16;E0_0_2200m;5.00;142;142;9.41;25.29
3900.00;4200.00;2220.00;27.06;E0_1_2200m;5.00;185;186;11.44;27.14
3900.00;4200.00;1692.00;25.16;E0_0_2300m;5.00;141;141;9.34;25.27
3900.00;4200.00;2196.00;26.94;E0_1_2300m;5.00;183;183;11.32;27.02
3900.00;4200.00;1644.00;25.09;E0_0_2400m;5.00;137;137;9.10;25.18
3900.00;4200.00;2208.00;26.52;E0_1_2400m;5.00;184;184;11.56;26.60
3900.00;4200.00;1644.00;24.76;E0_0_2500m;5.00;137;138;9.27;24.86
3900.00;4200.00;2196.00;26.01;E0_1_2500m;5.00;183;183;11.73;26.14
3900.00;4200.00;1656.00;24.22;E0_0_2600m;5.00;138;138;9.50;24.36
3900.00;4200.00;2196.00;25.25;E0_1_2600m;5.00;183;183;12.08;25.46
3900.00;4200.00;1668.00;23.22;E0_0_2700m;5.00;139;140;9.99;23.42
3900.00;4200.00;2208.00;24.17;E0_1_2700m;5.00;184;184;12.69;24.48
3900.00;4200.00;1692.00;21.60;E0_0_2800m;5.00;141;141;10.88;21.84
3900.00;4200.00;2196.00;22.57;E0_1_2800m;5.00;183;183;13.52;22.86
3900.00;4200.00;1692.00;19.79;E0_0_2900m;5.00;141;141;11.88;19.94
3900.00;4200.00;2196.00;20.69;E0_1_2900m;5.00;183;183;14.74;20.89
3900.00;4200.00;1680.00;17.82;E0_0_3000m;5.00;140;141;13.10;17.88
3900.00;4200.00;2184.00;18.67;E0_1_3000m;5.00;182;183;16.28;18.78
3900.00;4200.00;1800.00;17.56;E0_0_3100m;5.00;150;150;14.23;17.64
3900.00;4200.00;2076.00;18.46;E0_1_3100m;5.00;173;173;15.62;18.58
3900.00;4200.00;1812.00;17.77;E0_0_3200m;5.00;151;151;14.17;17.82
3900.00;4200.00;2076.00;18.46;E0_1_3200m;5.00;173;174;15.65;18.58
3900.00;4200.00;1848.00;17.85;E0_0_3300m;5.00;154;154;14.38;17.88
3900.00;4200.00;2040.00;18.45;E0_1_3300m;5.00;170;170;15.36;18.56
3900.00;4200.00;1896.00;17.85;E0_0_3400m;5.00;158;159;14.77;17.87
3900.00;4200.00;2028.00;18.18;E0_1_3400m;5.00;169;169;15.49;18.22
3900.00;4200.00;1896.00;17.85;E0_0_3500m;5.00;158;157;14.72;17.86
3900.00;4200.00;2040.00;18.02;E0_1_3500m;5.00;170;170;15.72;18.03
3900.00;4200.00;1860.00;17.83;E0_0_3600m;5.00;155;155;14.49;17.84
3900.00;4200.00;2004.00;17.94;E0_1_3600m;5.00;167;167;15.51;17.94
3900.00;4200.00;1824.00;17.78;E0_0_3700m;5.00;152;151;14.23;17.79
3900.00;4200.00;2004.00;17.92;E0_1_3700m;5.00;167;168;15.58;17.92
3900.00;4200.00;1824.00;17.79;E0_0_3800m;5.00;152;152;14.24;17.80
3900.00;4200.00;2016.00;18.13;E0_1_3800m;5.00;168;168;15.45;18.16
3900.00;4200.00;1800.00;17.97;E0_0_3900m;5.00;150;150;13.87;17.99
3900.00;4200.00;2040.00;18.58;E0_1_3900m;5.00;170;169;15.20;18.71
3900.00;4200.00;1800.00;19.82;E0_0_4000m;5.00;150;150;12.62;20.01
3900.00;4200.00;2052.00;21.32;E0_1_4000m;5.00;171;171;13.37;21.61
3900.00;4200.00;1704.00;26.02;E0_0_4100m;5.00;142;142;9.10;26.11
3900.00;4200.00;2112.00;26.75;E0_1_4100m;5.00;176;176;10.96;26.84
3900.00;4200.00;1668.00;26.50;E0_0_4200m;5.00;139;140;8.75;26.61
3900.00;4200.00;2100.00;27.62;E0_1_4200m;5.00;175;175;10.56;27.79
3900.00;4200.00;1680.00;26.50;E0_0_4300m;5.00;140;141;8.86;26.61
3900.00;4200.00;2088.00;27.88;E0_1_4300m;5.00;174;175;10.44;28.05
3900.00;4200.00;1644.00;26.28;E0_0_4400m;5.00;137;137;8.69;26.37
3900.00;4200.00;2112.00;27.75;E0_1_4400m;5.00;176;176;10.57;27.87
3900.00;4200.00;1644.00;26.09;E0_0_4500m;5.00;137;137;8.75;26.18
3900.00;4200.00;2088.00;27.65;E0_1_4500m;5.00;174;174;10.49;27.77
3900.00;4200.00;1596.00;25.88;E0_0_4600m;5.00;133;133;8.57;25.96
3900.00;4200.00;2076.00;27.52;E0_1_4600m;5.00;173;174;10.52;27.63
3900.00;4200.00;1596.00;25.80;E0_0_4700m;5.00;133;133;8.59;25.88
3900.00;4200.00;2052.00;27.39;E0_1_4700m;5.00;171;171;10.40;27.51
3900.00;4200.00;1608.00;25.74;E0_0_4800m;5.00;134;134;8.68;25.82
3900.00;4200.00;2052.00;27.31;E0_1_4800m;5.00;171;171;10.44;27.42
3900.00;4200.00;1560.00;25.69;E0_0_4900m;5.00;130;132;8.53;25.78
3900.00;4200.00;2088.00;27.26;E0_1_4900m;5.00;174;175;10.66;27.39
3900.00;4200.00;1536.00;25.60;E0_0_5000m;5.00;128;128;8.33;25.68
3900.00;4200.00;2124.00;27.15;E0_1_5000m;5.00;177;177;10.86;27.27
4200.00;4500.00;0.00;-1.00;E0_0_0m;-1.00;0;0;0.00;-1.00
4200.00;4500.00;0.00;-1.00;E0_1_0m;-1.00;0;0;0.00;-1.00
4200.00;4500.00;1836.00;25.12;E0_0_100m;5.00;153;153;10.15;25.26
4200.00;4500.00;2160.00;26.49;E0_1_100m;5.00;180;180;11.33;26.62
4200.00;4500.00;1788.00;25.93;E0_0_200m;5.00;149;149;9.58;26.05
4200.00;4500.00;2196.00;27.64;E0_1_200m;5.00;183;183;11.03;27.82
4200.00;4500.00;1752.00;26.06;E0_0_300m;5.00;146;147;9.40;26.17
4200.00;4500.00;2208.00;27.73;E0_1_300m;5.00;184;184;11.06;27.91
4200.00;4500.00;1752.00;25.89;E0_0_400m;5.00;146;147;9.41;26.00
4200.00;4500.00;2208.00;27.48;E0_1_400m;5.00;184;184;11.16;27.66
4200.00;4500.00;1764.00;25.60;E0_0_500m;5.00;147;147;9.57;25.74
4200.00;4500.00;2220.00;27.19;E0_1_500m;5.00;185;185;11.34;27.37
4200.00;4500.00;1788.00;25.38;E0_0_600m;5.00;149;149;9.78;25.52
4200.00;4500.00;2256.00;26.87;E0_1_600m;5.00;188;188;11.66;27.04
4200.00;4500.00;1800.00;25.33;E0_0_700m;5.00;150;150;9.87;25.45
4200.00;4500.00;2280.00;26.64;E0_1_700m;5.00;190;189;11.89;26.80
4200.00;4500.00;1824.00;25.20;E0_0_800m;5.00;152;152;10.05;25.31
4200.00;4500.00;2304.00;26.46;E0_1_800m;5.00;192;192;12.10;26.60
4200.00;4500.00;1812.00;25.06;E0_0_900m;5.00;151;151;10.04;25.20
4200.00;4500.00;2304.00;26.33;E0_1_900m;5.00;192;192;12.15;26.46
4200.00;4500.00;1836.00;24.61;E0_0_1000m;5.00;153;153;10.36;24.81
4200.00;4500.00;2340.00;26.37;E0_1_1000m;5.00;195;195;12.32;26.49
4200.00;4500.00;1896.00;24.29;E0_0_1100m;5.00;158;158;10.84;24.55
4200.00;4500.00;2352.00;26.46;E0_1_1100m;5.00;196;195;12.31;26.57
4200.00;4500.00;1920.00;24.00;E0_0_1200m;5.00;160;160;11.11;24.31
4200.00;4500.00;2328.00;26.51;E0_1_1200m;5.00;194;195;12.21;26.59
4200.00;4500.00;1944.00;23.58;E0_0_1300m;5.00;162;162;11.45;23.93
4200.00;4500.00;2316.00;26.51;E0_1_1300m;5.00;193;193;12.13;26.59
4200.00;4500.00;1920.00;23.57;E0_0_1400m;5.00;160;160;11.31;23.93
4200.00;4500.00;2316.00;26.62;E0_1_1400m;5.00;193;194;12.13;26.72
4200.00;4500.00;1884.00;23.37;E0_0_1500m;5.00;157;157;11.20;23.77
4200.00;4500.00;2340.00;26.80;E0_1_1500m;5.00;195;195;12.13;26.91
4200.00;4500.00;1872.00;23.25;E0_0_1600m;5.00;156;156;11.18;23.69
4200.00;4500.00;2304.00;26.89;E0_1_1600m;5.00;192;192;11.90;27.01
4200.00;4500.00;1872.00;23.27;E0_0_1700m;5.00;156;156;11.17;23.73
4200.00;4500.00;2328.00;26.87;E0_1_1700m;5.00;194;194;12.03;26.98
4200.00;4500.00;1848.00;23.23;E0_0_1800m;5.00;154;154;11.05;23.64
4200.00;4500.00;2292.00;26.87;E0_1_1800m;5.00;191;191;11.85;26.99
4200.00;4500.00;1836.00;23.17;E0_0_1900m;5.00;153;153;11.01;23.52
4200.00;4500.00;2292.00;26.84;E0_1_1900m;5.00;191;192;11.92;26.96
4200.00;4500.00;1860.00;23.13;E0_0_2000m;5.00;155;155;11.17;23.49
4200.00;4500.00;2280.00;26.60;E0_1_2000m;5.00;190;190;11.90;26.72
4200.00;4500.00;1872.00;22.83;E0_0_2100m;5.00;156;156;11.39;23.16
4200.00;4500.00;2280.00;26.25;E0_1_2100m;5.00;190;190;12.06;26.39
4200.00;4500.00;1920.00;22.34;E0_0_2200m;5.00;160;160;11.94;22.68
4200.00;4500.00;2196.00;25.71;E0_1_2200m;5.00;183;183;11.82;25.91
4200.00;4500.00;1920.00;21.63;E0_0_2300m;5.00;160;160;12.33;22.02
4200.00;4500.00;2184.00;24.96;E0_1_2300m;5.00;182;182;12.16;25.23
4200.00;4500.00;1872.00;20.64;E0_0_2400m;5.00;156;156;12.60;21.05
4200.00;4500.00;2220.00;23.72;E0_1_2400m;5.00;185;185;13.00;24.14
4200.00;4500.00;1872.00;19.80;E0_0_2500m;5.00;156;155;13.08;20.24
4200.00;4500.00;2208.00;22.30;E0_1_2500m;5.00;184;185;13.78;22.86
4200.00;4500.00;1860.00;18.63;E0_0_2600m;5.00;155;155;13.86;18.98
4200.00;4500.00;2196.00;20.77;E0_1_2600m;5.00;183;184;14.80;21.43
4200.00;4500.00;1836.00;17.43;E0_0_2700m;5.00;153;154;14.70;17.72
4200.00;4500.00;2172.00;18.78;E0_1_2700m;5.00;181;181;16.06;19.55
4200.00;4500.00;1812.00;16.52;E0_0_2800m;5.00;151;151;15.23;16.81
4200.00;4500.00;2148.00;16.90;E0_1_2800m;5.00;179;179;17.66;17.64
4200.00;4500.00;1812.00;15.54;E0_0_2900m;5.00;151;151;16.20;15.77
4200.00;4500.00;2124.00;15.50;E0_1_2900m;5.00;177;177;19.04;16.04
4200.00;4500.00;1860.00;13.96;E0_0_3000m;5.00;155;155;18.58;14.12
4200.00;4500.00;2064.00;14.13;E0_1_3000m;5.00;172;172;20.34;14.38
4200.00;4500.00;1848.00;13.61;E0_0_3100m;5.00;154;155;18.95;13.65
4200.00;4500.00;2040.00;13.77;E0_1_3100m;5.00;170;170;20.58;13.90
4200.00;4500.00;1872.00;13.50;E0_0_3200m;5.00;156;156;19.26;13.53
4200.00;4500.00;1992.00;13.69;E0_1_3200m;5.00;166;166;20.19;13.77
4200.00;4500.00;1848.00;13.49;E0_0_3300m;5.00;154;155;19.14;13.51
4200.00;4500.00;1980.00;13.76;E0_1_3300m;5.00;165;165;19.99;14.00
4200.00;4500.00;1824.00;13.48;E0_0_3400m;5.00;152;151;18.77;13.50
4200.00;4500.00;1968.00;13.64;E0_1_3400m;5.00;164;164;20.04;13.69
4200.00;4500.00;1812.00;13.42;E0_0_3500m;5.00;151;151;18.76;13.42
4200.00;4500.00;1932.00;13.51;E0_1_3500m;5.00;161;161;19.86;13.52
4200.00;4500.00;1824.00;13.45;E0_0_3600m;5.00;152;153;18.85;13.45
4200.00;4500.00;1896.00;13.56;E0_1_3600m;5.00;158;158;19.42;13.59
4200.00;4500.00;1824.00;13.42;E0_0_3700m;5.00;152;152;18.88;13.42
4200.00;4500.00;1884.00;13.51;E0_1_3700m;5.00;157;156;19.32;13.52
4200.00;4500.00;1824.00;13.45;E0_0_3800m;5.00;152;153;18.94;13.57
4200.00;4500.00;1848.00;13.50;E0_1_3800m;5.00;154;155;19.13;13.51
4200.00;4500.00;1824.00;13.44;E0_0_3900m;5.00;152;152;18.85;13.44
4200.00;4500.00;1836.00;13.53;E0_1_3900m;5.00;153;154;18.87;13.54
4200.00;4500.00;1764.00;15.06;E0_0_4000m;5.00;147;149;16.40;15.27
4200.00;4500.00;1860.00;16.56;E0_1_4000m;5.00;155;155;15.60;17.13
4200.00;4500.00;1728.00;24.87;E0_0_4100m;5.00;144;144;9.65;24.98
4200.00;4500.00;1932.00;25.78;E0_1_4100m;5.00;161;161;10.41;25.83
4200.00;4500.00;1716.00;26.66;E0_0_4200m;5.00;143;143;8.94;26.95
4200.00;4500.00;1944.00;28.61;E0_1_4200m;5.00;162;162;9.44;28.77
4200.00;4500.00;1728.00;26.70;E0_0_4300m;5.00;144;144;8.99;26.98
4200.00;4500.00;1956.00;29.03;E0_1_4300m;5.00;163;163;9.36;29.22
4200.00;4500.00;1740.00;26.64;E0_0_4400m;5.00;145;145;9.07;26.90
4200.00;4500.00;1956.00;29.01;E0_1_4400m;5.00;163;163;9.37;29.20
4200.00;4500.00;1704.00;26.50;E0_0_4500m;5.00;142;142;8.93;26.75
4200.00;4500.00;1968.00;28.85;E0_1_4500m;5.00;164;164;9.47;29.06
4200.00;4500.00;1728.00;26.44;E0_0_4600m;5.00;144;144;9.08;26.70
4200.00;4500.00;1956.00;28.82;E0_1_4600m;5.00;163;163;9.43;29.01
4200.00;4500.00;1704.00;26.49;E0_0_4700m;5.00;142;142;8.93;26.79
4200.00;4500.00;1980.00;28.69;E0_1_4700m;5.00;165;166;9.59;28.88
4200.00;4500.00;1692.00;26.69;E0_0_4800m;5.00;141;143;8.84;26.96
4200.00;4500.00;1992.00;28.49;E0_1_4800m;5.00;166;166;9.71;28.71
4200.00;4500.00;1668.00;26.48;E0_0_4900m;5.00;139;139;8.74;26.75
4200.00;4500.00;1992.00;28.72;E0_1_4900m;5.00;166;165;9.61;28.88
4200.00;4500.00;1644.00;26.35;E0_0_5000m;5.00;137;138;8.70;26.61
4200.00;4500.00;1956.00;28.75;E0_1_5000m;5.00;163;163;9.45;28.91
4500.00;4800.00;0.00;-1.00;E0_0_0m;-1.00;0;0;0.00;-1.00
4500.00;4800.00;0.00;-1.00;E0_1_0m;-1.00;0;0;0.00;-1.00
4500.00;4800.00;1872.00;24.96;E0_0_100m;5.00;156;156;10.42;25.17
4500.00;4800.00;2172.00;26.12;E0_1_100m;5.00;181;181;11.55;26.27
4500.00;4800.00;1860.00;25.58;E0_0_200m;5.00;155;156;10.14;25.81
4500.00;4800.00;2220.00;27.15;E0_1_200m;5.00;185;185;11.36;27.33
4500.00;4800.00;1908.00;25.65;E0_0_300m;5.00;159;158;10.27;25.84
4500.00;4800.00;2208.00;27.16;E0_1_300m;5.00;184;185;11.35;27.34
4500.00;4800.00;1872.00;25.58;E0_0_400m;5.00;156;156;10.17;25.76
4500.00;4800.00;2256.00;27.04;E0_1_400m;5.00;188;188;11.59;27.22
4500.00;4800.00;1860.00;25.65;E0_0_500m;5.00;155;156;10.08;25.80
4500.00;4800.00;2268.00;26.98;E0_1_500m;5.00;189;189;11.67;27.14
4500.00;4800.00;1872.00;25.58;E0_0_600m;5.00;156;156;10.16;25.72
4500.00;4800.00;2256.00;26.93;E0_1_600m;5.00;188;188;11.63;27.09
4500.00;4800.00;1872.00;25.53;E0_0_700m;5.00;156;157;10.21;25.66
4500.00;4800.00;2220.00;27.01;E0_1_700m;5.00;185;185;11.42;27.18
4500.00;4800.00;1884.00;25.44;E0_0_800m;5.00;157;157;10.29;25.56
4500.00;4800.00;2184.00;26.93;E0_1_800m;5.00;182;182;11.26;27.08
4500.00;4800.00;1872.00;25.38;E0_0_900m;5.00;156;157;10.29;25.49
4500.00;4800.00;2208.00;26.94;E0_1_900m;5.00;184;184;11.38;27.08
4500.00;4800.00;1848.00;25.38;E0_0_1000m;5.00;154;154;10.11;25.50
4500.00;4800.00;2196.00;26.88;E0_1_1000m;5.00;183;183;11.35;27.02
4500.00;4800.00;1812.00;25.33;E0_0_1100m;5.00;151;151;9.94;25.44
4500.00;4800.00;2184.00;26.88;E0_1_1100m;5.00;182;182;11.29;27.00
4500.00;4800.00;1848.00;25.36;E0_0_1200m;5.00;154;154;10.12;25.49
4500.00;4800.00;2196.00;26.93;E0_1_1200m;5.00;183;182;11.31;27.05
4500.00;4800.00;1872.00;25.37;E0_0_1300m;5.00;156;156;10.25;25.51
4500.00;4800.00;2160.00;26.98;E0_1_1300m;5.00;180;181;11.15;27.11
4500.00;4800.00;1848.00;25.29;E0_0_1400m;5.00;154;154;10.15;25.43
4500.00;4800.00;2172.00;26.96;E0_1_1400m;5.00;181;181;11.19;27.10
4500.00;4800.00;1860.00;25.24;E0_0_1500m;5.00;155;155;10.24;25.38
4500.00;4800.00;2136.00;26.92;E0_1_1500m;5.00;178;179;11.08;27.08
4500.00;4800.00;1836.00;25.14;E0_0_1600m;5.00;153;153;10.14;25.27
4500.00;4800.00;2172.00;26.87;E0_1_1600m;5.00;181;181;11.23;27.02
4500.00;4800.00;1800.00;25.06;E0_0_1700m;5.00;150;150;9.98;25.19
4500.00;4800.00;2160.00;26.81;E0_1_1700m;5.00;180;180;11.19;26.95
4500.00;4800.00;1824.00;25.09;E0_0_1800m;5.00;152;152;10.10;25.23
4500.00;4800.00;2184.00;26.81;E0_1_1800m;5.00;182;182;11.31;26.95
4500.00;4800.00;1824.00;25.04;E0_0_1900m;5.00;152;153;10.16;25.16
4500.00;4800.00;2208.00;26.62;E0_1_1900m;5.00;184;183;11.46;26.74
4500.00;4800.00;1788.00;24.49;E0_0_2000m;5.00;149;149;10.14;24.59
4500.00;4800.00;2220.00;26.08;E0_1_2000m;5.00;185;185;11.82;26.20
4500.00;4800.00;1812.00;23.64;E0_0_2100m;5.00;151;151;10.65;23.76
4500.00;4800.00;2196.00;25.17;E0_1_2100m;5.00;183;183;12.12;25.34
4500.00;4800.00;1824.00;22.65;E0_0_2200m;5.00;152;152;11.18;22.83
4500.00;4800.00;2184.00;23.88;E0_1_2200m;5.00;182;182;12.70;24.20
4500.00;4800.00;1848.00;21.32;E0_0_2300m;5.00;154;154;12.04;21.60
4500.00;4800.00;2184.00;22.33;E0_1_2300m;5.00;182;183;13.61;22.75
4500.00;4800.00;1860.00;19.76;E0_0_2400m;5.00;155;155;13.07;20.10
4500.00;4800.00;2184.00;20.47;E0_1_2400m;5.00;182;182;14.82;20.92
4500.00;4800.00;1872.00;18.51;E0_0_2500m;5.00;156;156;14.04;18.84
4500.00;4800.00;2184.00;18.61;E0_1_2500m;5.00;182;181;16.27;19.16
4500.00;4800.00;1884.00;17.83;E0_0_2600m;5.00;157;157;14.67;18.13
4500.00;4800.00;2196.00;17.33;E0_1_2600m;5.00;183;182;17.50;17.93
4500.00;4800.00;1896.00;17.40;E0_0_2700m;5.00;158;157;15.07;17.60
4500.00;4800.00;2208.00;16.39;E0_1_2700m;5.00;184;184;18.71;16.95
4500.00;4800.00;1920.00;16.81;E0_0_2800m;5.00;160;160;15.86;16.91
4500.00;4800.00;2172.00;15.48;E0_1_2800m;5.00;181;181;19.49;15.89
4500.00;4800.00;1956.00;15.79;E0_0_2900m;5.00;163;163;17.20;15.88
4500.00;4800.00;2124.00;14.48;E0_1_2900m;5.00;177;177;20.37;14.68
4500.00;4800.00;1968.00;14.01;E0_0_3000m;5.00;164;163;19.41;14.07
4500.00;4800.00;2124.00;13.60;E0_1_3000m;5.00;177;177;21.68;13.63
4500.00;4800.00;1980.00;13.57;E0_0_3100m;5.00;165;164;20.18;13.59
4500.00;4800.00;2124.00;13.46;E0_1_3100m;5.00;177;177;21.92;13.46
4500.00;4800.00;1980.00;13.46;E0_0_3200m;5.00;165;165;20.43;13.47
4500.00;4800.00;2100.00;13.40;E0_1_3200m;5.00;175;176;21.83;13.41
4500.00;4800.00;1992.00;13.42;E0_0_3300m;5.00;166;166;20.61;13.42
4500.00;4800.00;2112.00;13.39;E0_1_3300m;5.00;176;176;21.90;13.39
4500.00;4800.00;2004.00;13.41;E0_0_3400m;5.00;167;167;20.75;13.41
4500.00;4800.00;2124.00;13.39;E0_1_3400m;5.00;177;177;22.04;13.39
4500.00;4800.00;2016.00;13.41;E0_0_3500m;5.00;168;168;20.88;13.41
4500.00;4800.00;2124.00;13.38;E0_1_3500m;5.00;177;178;22.06;13.38
4500.00;4800.00;2028.00;13.41;E0_0_3600m;5.00;169;168;21.00;13.41
4500.00;4800.00;2124.00;13.37;E0_1_3600m;5.00;177;177;22.07;13.37
4500.00;4800.00;2028.00;13.41;E0_0_3700m;5.00;169;169;21.01;13.41
4500.00;4800.00;2136.00;13.36;E0_1_3700m;5.00;178;178;22.21;13.36
4500.00;4800.00;2028.00;13.41;E0_0_3800m;5.00;169;169;20.97;13.41
4500.00;4800.00;2124.00;13.34;E0_1_3800m;5.00;177;177;22.11;13.35
4500.00;4800.00;2016.00;13.46;E0_0_3900m;5.00;168;168;20.80;13.47
4500.00;4800.00;2136.00;13.44;E0_1_3900m;5.00;178;178;22.17;13.48
4500.00;4800.00;1968.00;15.44;E0_0_4000m;5.00;164;166;17.85;15.62
4500.00;4800.00;2196.00;16.13;E0_1_4000m;5.00;183;183;18.90;16.65
4500.00;4800.00;1932.00;25.02;E0_0_4100m;5.00;161;161;10.73;25.08
4500.00;4800.00;2232.00;25.89;E0_1_4100m;5.00;186;186;11.98;25.91
4500.00;4800.00;1944.00;26.66;E0_0_4200m;5.00;162;162;10.13;26.82
4500.00;4800.00;2220.00;28.49;E0_1_4200m;5.00;185;185;10.82;28.63
4500.00;4800.00;1884.00;26.61;E0_0_4300m;5.00;157;158;9.85;26.74
4500.00;4800.00;2232.00;28.54;E0_1_4300m;5.00;186;187;10.89;28.71
4500.00;4800.00;1908.00;26.48;E0_0_4400m;5.00;159;159;10.01;26.64
4500.00;4800.00;2208.00;28.45;E0_1_4400m;5.00;184;185;10.83;28.56
4500.00;4800.00;1908.00;26.44;E0_0_4500m;5.00;159;161;10.08;26.56
4500.00;4800.00;2220.00;28.22;E0_1_4500m;5.00;185;185;10.93;28.33
4500.00;4800.00;1908.00;26.17;E0_0_4600m;5.00;159;159;10.13;26.28
4500.00;4800.00;2220.00;28.18;E0_1_4600m;5.00;185;184;10.89;28.29
4500.00;4800.00;1932.00;25.84;E0_0_4700m;5.00;161;161;10.38;25.95
4500.00;4800.00;2196.00;28.04;E0_1_4700m;5.00;183;183;10.88;28.16
4500.00;4800.00;1908.00;25.72;E0_0_4800m;5.00;159;159;10.30;25.83
4500.00;4800.00;2220.00;27.89;E0_1_4800m;5.00;185;185;11.06;28.00
4500.00;4800.00;1860.00;25.84;E0_0_4900m;5.00;155;155;10.00;25.95
4500.00;4800.00;2304.00;27.77;E0_1_4900m;5.00;192;192;11.52;27.89
4500.00;4800.00;1908.00;25.77;E0_0_5000m;5.00;159;158;10.25;25.88
4500.00;4800.00;2280.00;27.81;E0_1_5000m;5.00;190;190;11.39;27.94
4800.00;5100.00;0.00;-1.00;E0_0_0m;-1.00;0;0;0.00;-1.00
4800.00;5100.00;0.00;-1.00;E0_1_0m;-1.00;0;0;0.00;-1.00
4800.00;5100.00;1860.00;23.93;E0_0_100m;5.00;155;156;10.85;24.32
4800.00;5100.00;2148.00;25.01;E0_1_100m;5.00;179;179;11.93;25.40
4800.00;5100.00;1860.00;24.77;E0_0_200m;5.00;155;155;10.43;25.18
4800.00;5100.00;2136.00;25.75;E0_1_200m;5.00;178;178;11.52;26.28
4800.00;5100.00;1812.00;24.91;E0_0_300m;5.00;151;151;10.10;25.28
4800.00;5100.00;2172.00;25.86;E0_1_300m;5.00;181;180;11.61;26.35
4800.00;5100.00;1824.00;24.76;E0_0_400m;5.00;152;152;10.23;25.10
4800.00;5100.00;2172.00;26.08;E0_1_400m;5.00;181;183;11.62;26.57
4800.00;5100.00;1872.00;24.48;E0_0_500m;5.00;156;155;10.61;24.87
4800.00;5100.00;2124.00;26.09;E0_1_500m;5.00;177;177;11.31;26.59
4800.00;5100.00;1788.00;24.18;E0_0_600m;5.00;149;150;10.33;24.62
4800.00;5100.00;2160.00;25.91;E0_1_600m;5.00;180;181;11.60;26.42
4800.00;5100.00;1776.00;24.14;E0_0_700m;5.00;148;147;10.19;24.51
4800.00;5100.00;2196.00;25.70;E0_1_700m;5.00;183;183;11.87;26.16
4800.00;5100.00;1800.00;24.34;E0_0_800m;5.00;150;150;10.27;24.66
4800.00;5100.00;2184.00;25.52;E0_1_800m;5.00;182;182;11.88;25.98
4800.00;5100.00;1812.00;24.37;E0_0_900m;5.00;151;151;10.33;24.65
4800.00;5100.00;2184.00;25.46;E0_1_900m;5.00;182;183;11.96;25.90
4800.00;5100.00;1788.00;24.29;E0_0_1000m;5.00;149;149;10.22;24.52
4800.00;5100.00;2208.00;25.42;E0_1_1000m;5.00;184;184;12.06;25.82
4800.00;5100.00;1800.00;24.23;E0_0_1100m;5.00;150;150;10.32;24.43
4800.00;5100.00;2184.00;25.23;E0_1_1100m;5.00;182;182;12.02;25.60
4800.00;5100.00;1764.00;24.14;E0_0_1200m;5.00;147;147;10.15;24.33
4800.00;5100.00;2160.00;25.04;E0_1_1200m;5.00;180;181;11.99;25.40
4800.00;5100.00;1788.00;24.08;E0_0_1300m;5.00;149;149;10.31;24.27
4800.00;5100.00;2160.00;24.93;E0_1_1300m;5.00;180;179;12.00;25.29
4800.00;5100.00;1824.00;24.08;E0_0_1400m;5.00;152;152;10.52;24.26
4800.00;5100.00;2148.00;24.90;E0_1_1400m;5.00;179;179;11.97;25.26
4800.00;5100.00;1836.00;24.08;E0_0_1500m;5.00;153;153;10.59;24.25
4800.00;5100.00;2148.00;24.97;E0_1_1500m;5.00;179;179;11.93;25.32
4800.00;5100.00;1812.00;24.08;E0_0_1600m;5.00;151;152;10.50;24.24
4800.00;5100.00;2136.00;25.07;E0_1_1600m;5.00;178;179;11.88;25.40
4800.00;5100.00;1836.00;24.04;E0_0_1700m;5.00;153;153;10.61;24.19
4800.00;5100.00;2112.00;25.16;E0_1_1700m;5.00;176;177;11.67;25.48
4800.00;5100.00;1824.00;24.04;E0_0_1800m;5.00;152;152;10.54;24.19
4800.00;5100.00;2088.00;25.06;E0_1_1800m;5.00;174;174;11.57;25.37
4800.00;5100.00;1812.00;24.09;E0_0_1900m;5.00;151;151;10.45;24.24
4800.00;5100.00;2076.00;25.02;E0_1_1900m;5.00;173;173;11.52;25.33
4800.00;5100.00;1812.00;24.14;E0_0_2000m;5.00;151;151;10.43;24.31
4800.00;5100.00;2064.00;24.99;E0_1_2000m;5.00;172;172;11.47;25.30
4800.00;5100.00;1824.00;24.11;E0_0_2100m;5.00;152;152;10.51;24.27
4800.00;5100.00;2052.00;24.99;E0_1_2100m;5.00;171;171;11.41;25.29
4800.00;5100.00;1800.00;24.04;E0_0_2200m;5.00;150;151;10.47;24.20
4800.00;5100.00;2040.00;24.88;E0_1_2200m;5.00;170;171;11.39;25.17
4800.00;5100.00;1788.00;23.78;E0_0_2300m;5.00;149;149;10.44;23.95
4800.00;5100.00;2028.00;24.55;E0_1_2300m;5.00;169;168;11.45;24.84
4800.00;5100.00;1776.00;23.14;E0_0_2400m;5.00;148;148;10.66;23.34
4800.00;5100.00;2040.00;23.76;E0_1_2400m;5.00;170;170;11.93;24.03
4800.00;5100.00;1788.00;22.02;E0_0_2500m;5.00;149;149;11.28;22.27
4800.00;5100.00;2028.00;22.48;E0_1_2500m;5.00;169;170;12.57;22.74
4800.00;5100.00;1776.00;20.31;E0_0_2600m;5.00;148;148;12.14;20.58
4800.00;5100.00;2028.00;20.70;E0_1_2600m;5.00;169;169;13.61;20.98
4800.00;5100.00;1764.00;18.31;E0_0_2700m;5.00;147;148;13.48;18.53
4800.00;5100.00;2016.00;18.59;E0_1_2700m;5.00;168;168;15.06;18.83
4800.00;5100.00;1800.00;16.84;E0_0_2800m;5.00;150;150;14.84;16.97
4800.00;5100.00;1992.00;16.47;E0_1_2800m;5.00;166;167;16.81;16.69
4800.00;5100.00;1812.00;15.89;E0_0_2900m;5.00;151;151;15.84;16.00
4800.00;5100.00;1992.00;14.72;E0_1_2900m;5.00;166;167;18.84;14.90
4800.00;5100.00;1812.00;13.97;E0_0_3000m;5.00;151;151;18.02;14.02
4800.00;5100.00;1992.00;13.65;E0_1_3000m;5.00;166;166;20.26;13.72
4800.00;5100.00;1836.00;13.56;E0_0_3100m;5.00;153;153;18.80;13.58
4800.00;5100.00;1956.00;13.44;E0_1_3100m;5.00;163;163;20.22;13.47
4800.00;5100.00;1824.00;13.45;E0_0_3200m;5.00;152;153;18.84;13.46
4800.00;5100.00;1968.00;13.39;E0_1_3200m;5.00;164;163;20.34;13.41
4800.00;5100.00;1836.00;13.40;E0_0_3300m;5.00;153;153;19.02;13.41
4800.00;5100.00;1944.00;13.39;E0_1_3300m;5.00;162;163;20.25;13.41
4800.00;5100.00;1812.00;13.41;E0_0_3400m;5.00;151;151;18.77;13.41
4800.00;5100.00;1932.00;13.38;E0_1_3400m;5.00;161;161;20.06;13.38
4800.00;5100.00;1836.00;13.41;E0_0_3500m;5.00;153;153;19.01;13.41
4800.00;5100.00;1968.00;13.36;E0_1_3500m;5.00;164;163;20.46;13.36
4800.00;5100.00;1884.00;13.41;E0_0_3600m;5.00;157;157;19.51;13.41
4800.00;5100.00;2016.00;13.33;E0_1_3600m;5.00;168;168;21.00;13.33
4800.00;5100.00;1932.00;13.41;E0_0_3700m;5.00;161;161;20.01;13.41
4800.00;5100.00;2064.00;13.32;E0_1_3700m;5.00;172;172;21.52;13.32
4800.00;5100.00;1956.00;13.41;E0_0_3800m;5.00;163;162;20.19;13.41
4800.00;5100.00;2088.00;13.32;E0_1_3800m;5.00;174;175;21.82;13.32
4800.00;5100.00;1956.00;13.43;E0_0_3900m;5.00;163;163;20.22;13.44
4800.00;5100.00;2100.00;13.55;E0_1_3900m;5.00;175;174;21.41;13.61
4800.00;5100.00;1884.00;15.19;E0_0_4000m;5.00;157;158;17.28;15.36
4800.00;5100.00;2184.00;16.43;E0_1_4000m;5.00;182;182;18.46;16.92
4800.00;5100.00;1896.00;24.99;E0_0_4100m;5.00;158;158;10.54;25.06
4800.00;5100.00;2160.00;25.70;E0_1_4100m;5.00;180;180;11.67;25.75
4800.00;5100.00;1896.00;26.62;E0_0_4200m;5.00;158;158;9.89;26.76
4800.00;5100.00;2160.00;28.21;E0_1_4200m;5.00;180;180;10.63;28.42
4800.00;5100.00;1872.00;26.49;E0_0_4300m;5.00;156;156;9.81;26.62
4800.00;5100.00;2172.00;28.30;E0_1_4300m;5.00;181;181;10.66;28.51
4800.00;5100.00;1848.00;26.28;E0_0_4400m;5.00;154;154;9.76;26.39
4800.00;5100.00;2184.00;28.12;E0_1_4400m;5.00;182;182;10.79;28.31
4800.00;5100.00;1860.00;26.11;E0_0_4500m;5.00;155;154;9.85;26.21
4800.00;5100.00;2184.00;27.87;E0_1_4500m;5.00;182;182;10.88;28.03
4800.00;5100.00;1872.00;26.07;E0_0_4600m;5.00;156;156;9.97;26.17
4800.00;5100.00;2208.00;27.64;E0_1_4600m;5.00;184;184;11.09;27.77
4800.00;5100.00;1812.00;25.95;E0_0_4700m;5.00;151;152;9.71;26.06
4800.00;5100.00;2256.00;27.39;E0_1_4700m;5.00;188;189;11.45;27.53
4800.00;5100.00;1824.00;25.75;E0_0_4800m;5.00;152;152;9.84;25.85
4800.00;5100.00;2244.00;27.34;E0_1_4800m;5.00;187;187;11.40;27.47
4800.00;5100.00;1800.00;25.71;E0_0_4900m;5.00;150;150;9.72;25.81
4800.00;5100.00;2256.00;27.10;E0_1_4900m;5.00;188;188;11.56;27.21
4800.00;5100.00;1776.00;25.75;E0_0_5000m;5.00;148;148;9.58;25.85
4800.00;5100.00;2256.00;26.96;E0_1_5000m;5.00;188;188;11.62;27.06
5100.00;5400.00;0.00;-1.00;E0_0_0m;-1.00;0;0;0.00;-1.00
5100.00;5400.00;0.00;-1.00;E0_1_0m;-1.00;0;0;0.00;-1.00
5100.00;5400.00;1764.00;24.44;E0_0_100m;5.00;147;146;9.97;24.66
5100.00;5400.00;2196.00;25.45;E0_1_100m;5.00;183;183;11.99;25.68
5100.00;5400.00;1716.00;25.66;E0_0_200m;5.00;143;145;9.42;25.84
5100.00;5400.00;2220.00;26.87;E0_1_200m;5.00;185;185;11.47;27.19
5100.00;5400.00;1704.00;25.83;E0_0_300m;5.00;142;142;9.16;25.96
5100.00;5400.00;2208.00;27.21;E0_1_300m;5.00;184;185;11.33;27.50
5100.00;5400.00;1668.00;25.99;E0_0_400m;5.00;139;139;8.91;26.11
5100.00;5400.00;2232.00;27.45;E0_1_400m;5.00;186;185;11.26;27.72
5100.00;5400.00;1656.00;25.99;E0_0_500m;5.00;138;139;8.89;26.11
5100.00;5400.00;2256.00;27.58;E0_1_500m;5.00;188;188;11.36;27.84
5100.00;5400.00;1728.00;26.06;E0_0_600m;5.00;144;144;9.21;26.19
5100.00;5400.00;2208.00;27.65;E0_1_600m;5.00;184;183;11.07;27.93
5100.00;5400.00;1704.00;26.00;E0_0_700m;5.00;142;142;9.10;26.12
5100.00;5400.00;2220.00;27.49;E0_1_700m;5.00;185;185;11.22;27.74
5100.00;5400.00;1692.00;25.87;E0_0_800m;5.00;141;141;9.08;25.98
5100.00;5400.00;2208.00;27.16;E0_1_800m;5.00;184;184;11.29;27.38
5100.00;5400.00;1668.00;25.79;E0_0_900m;5.00;139;140;9.01;25.91
5100.00;5400.00;2220.00;26.92;E0_1_900m;5.00;185;184;11.40;27.14
5100.00;5400.00;1656.00;25.72;E0_0_1000m;5.00;138;138;8.94;25.83
5100.00;5400.00;2208.00;26.75;E0_1_1000m;5.00;184;184;11.47;26.96
5100.00;5400.00;1644.00;25.73;E0_0_1100m;5.00;137;137;8.87;25.84
5100.00;5400.00;2244.00;26.66;E0_1_1100m;5.00;187;187;11.69;26.86
5100.00;5400.00;1656.00;25.68;E0_0_1200m;5.00;138;138;8.96;25.78
5100.00;5400.00;2280.00;26.53;E0_1_1200m;5.00;190;189;11.93;26.70
5100.00;5400.00;1668.00;25.52;E0_0_1300m;5.00;139;139;9.08;25.61
5100.00;5400.00;2256.00;26.38;E0_1_1300m;5.00;188;188;11.88;26.52
5100.00;5400.00;1680.00;25.21;E0_0_1400m;5.00;140;141;9.28;25.29
5100.00;5400.00;2280.00;25.99;E0_1_1400m;5.00;190;189;12.15;26.14
5100.00;5400.00;1704.00;25.00;E0_0_1500m;5.00;142;142;9.47;25.09
5100.00;5400.00;2256.00;25.54;E0_1_1500m;5.00;188;188;12.26;25.71
5100.00;5400.00;1704.00;24.60;E0_0_1600m;5.00;142;141;9.57;24.68
5100.00;5400.00;2268.00;25.12;E0_1_1600m;5.00;189;188;12.50;25.30
5100.00;5400.00;1740.00;24.05;E0_0_1700m;5.00;145;145;10.05;24.14
5100.00;5400.00;2256.00;24.66;E0_1_1700m;5.00;188;188;12.75;24.86
5100.00;5400.00;1764.00;23.12;E0_0_1800m;5.00;147;147;10.60;23.22
5100.00;5400.00;2244.00;23.75;E0_1_1800m;5.00;187;187;13.12;23.93
5100.00;5400.00;1812.00;22.02;E0_0_1900m;5.00;151;151;11.43;22.13
5100.00;5400.00;2256.00;22.41;E0_1_1900m;5.00;188;188;13.98;22.51
5100.00;5400.00;1812.00;20.86;E0_0_2000m;5.00;151;151;12.07;21.00
5100.00;5400.00;2256.00;21.11;E0_1_2000m;5.00;188;188;14.85;21.23
5100.00;5400.00;1800.00;19.63;E0_0_2100m;5.00;150;150;12.74;19.85
5100.00;5400.00;2256.00;19.83;E0_1_2100m;5.00;188;188;15.80;20.03
5100.00;5400.00;1836.00;18.64;E0_0_2200m;5.00;153;152;13.61;18.87
5100.00;5400.00;2268.00;18.59;E0_1_2200m;5.00;189;188;16.94;18.87
5100.00;5400.00;1836.00;17.89;E0_0_2300m;5.00;153;153;14.25;18.04
5100.00;5400.00;2256.00;17.49;E0_1_2300m;5.00;188;189;17.92;17.78
5100.00;5400.00;1848.00;17.30;E0_0_2400m;5.00;154;154;14.83;17.41
5100.00;5400.00;2244.00;16.46;E0_1_2400m;5.00;187;187;18.93;16.73
5100.00;5400.00;1872.00;16.88;E0_0_2500m;5.00;156;156;15.40;16.94
5100.00;5400.00;2220.00;15.63;E0_1_2500m;5.00;185;184;19.69;15.86
5100.00;5400.00;1896.00;16.55;E0_0_2600m;5.00;158;158;15.91;16.58
5100.00;5400.00;2184.00;14.83;E0_1_2600m;5.00;182;183;20.54;14.98
5100.00;5400.00;1920.00;16.47;E0_0_2700m;5.00;160;159;16.09;16.48
5100.00;5400.00;2172.00;14.16;E0_1_2700m;5.00;181;181;21.30;14.23
5100.00;5400.00;1920.00;16.49;E0_0_2800m;5.00;160;160;16.17;16.49
5100.00;5400.00;2160.00;13.74;E0_1_2800m;5.00;180;179;21.82;13.76
5100.00;5400.00;1908.00;16.04;E0_0_2900m;5.00;159;160;16.59;16.07
5100.00;5400.00;2148.00;13.58;E0_1_2900m;5.00;179;179;21.94;13.59
5100.00;5400.00;1932.00;14.18;E0_0_3000m;5.00;161;161;18.93;14.24
5100.00;5400.00;2136.00;13.43;E0_1_3000m;5.00;178;178;22.08;13.44
5100.00;5400.00;1944.00;13.58;E0_0_3100m;5.00;162;162;19.88;13.60
5100.00;5400.00;2124.00;13.41;E0_1_3100m;5.00;177;178;22.10;13.41
5100.00;5400.00;1980.00;13.39;E0_0_3200m;5.00;165;164;20.53;13.41
5100.00;5400.00;2112.00;13.45;E0_1_3200m;5.00;176;176;21.81;13.46
5100.00;5400.00;1980.00;13.42;E0_0_3300m;5.00;165;165;20.48;13.43
5100.00;5400.00;2112.00;13.44;E0_1_3300m;5.00;176;175;21.73;13.44
5100.00;5400.00;1992.00;13.41;E0_0_3400m;5.00;166;166;20.63;13.41
5100.00;5400.00;2112.00;13.41;E0_1_3400m;5.00;176;176;21.87;13.41
5100.00;5400.00;1956.00;13.41;E0_0_3500m;5.00;163;163;20.26;13.41
5100.00;5400.00;2076.00;13.40;E0_1_3500m;5.00;173;173;21.51;13.40
5100.00;5400.00;1908.00;13.41;E0_0_3600m;5.00;159;159;19.76;13.41
5100.00;5400.00;2028.00;13.40;E0_1_3600m;5.00;169;169;21.03;13.40
5100.00;5400.00;1860.00;13.41;E0_0_3700m;5.00;155;155;19.26;13.41
5100.00;5400.00;1968.00;13.40;E0_1_3700m;5.00;164;165;20.46;13.40
5100.00;5400.00;1848.00;13.40;E0_0_3800m;5.00;154;154;19.16;13.40
5100.00;5400.00;1956.00;13.38;E0_1_3800m;5.00;163;162;20.25;13.38
5100.00;5400.00;1848.00;13.39;E0_0_3900m;5.00;154;154;19.16;13.40
5100.00;5400.00;1944.00;13.42;E0_1_3900m;5.00;162;162;20.11;13.43
5100.00;5400.00;1824.00;15.36;E0_0_4000m;5.00;152;152;16.50;15.57
5100.00;5400.00;1956.00;16.14;E0_1_4000m;5.00;163;163;16.83;16.52
5100.00;5400.00;1824.00;25.02;E0_0_4100m;5.00;152;152;10.12;25.12
5100.00;5400.00;1944.00;25.66;E0_1_4100m;5.00;162;162;10.52;25.75
5100.00;5400.00;1836.00;26.85;E0_0_4200m;5.00;153;154;9.53;27.08
5100.00;5400.00;1968.00;28.44;E0_1_4200m;5.00;164;164;9.61;28.76
5100.00;5400.00;1824.00;26.58;E0_0_4300m;5.00;152;152;9.53;26.80
5100.00;5400.00;1968.00;28.44;E0_1_4300m;5.00;164;164;9.61;28.77
5100.00;5400.00;1800.00;26.23;E0_0_4400m;5.00;150;150;9.53;26.41
5100.00;5400.00;2004.00;27.75;E0_1_4400m;5.00;167;167;10.03;28.03
5100.00;5400.00;1800.00;26.09;E0_0_4500m;5.00;150;150;9.58;26.27
5100.00;5400.00;2004.00;27.32;E0_1_4500m;5.00;167;167;10.19;27.61
5100.00;5400.00;1752.00;25.82;E0_0_4600m;5.00;146;146;9.42;26.00
5100.00;5400.00;2004.00;27.03;E0_1_4600m;5.00;167;167;10.30;27.32
5100.00;5400.00;1716.00;25.63;E0_0_4700m;5.00;143;144;9.32;25.80
5100.00;5400.00;2028.00;26.67;E0_1_4700m;5.00;169;169;10.56;26.95
5100.00;5400.00;1704.00;25.41;E0_0_4800m;5.00;142;142;9.31;25.58
5100.00;5400.00;2064.00;26.42;E0_1_4800m;5.00;172;172;10.85;26.71
5100.00;5400.00;1692.00;25.28;E0_0_4900m;5.00;141;141;9.30;25.47
5100.00;5400.00;2052.00;26.15;E0_1_4900m;5.00;171;172;10.95;26.45
5100.00;5400.00;1716.00;25.17;E0_0_5000m;5.00;143;143;9.47;25.37
5100.00;5400.00;2076.00;26.02;E0_1_5000m;5.00;173;173;11.08;26.34
5400.00;5700.00;0.00;-1.00;E0_0_0m;-1.00;0;0;0.00;-1.00
5400.00;5700.00;0.00;-1.00;E0_1_0m;-1.00;0;0;0.00;-1.00
5400.00;5700.00;2100.00;23.20;E0_0_100m;5.00;175;175;12.57;23.40
5400.00;5700.00;2472.00;24.37;E0_1_100m;5.00;206;206;14.09;24.53
5400.00;5700.00;2160.00;23.99;E0_0_200m;5.00;180;180;12.45;24.14
5400.00;5700.00;2460.00;25.39;E0_1_200m;5.00;205;205;13.45;25.54
5400.00;5700.00;2160.00;24.56;E0_0_300m;5.00;180;180;12.21;24.65
5400.00;5700.00;2496.00;25.72;E0_1_300m;5.00;208;207;13.42;25.81
5400.00;5700.00;2160.00;24.87;E0_0_400m;5.00;180;180;12.06;24.95
5400.00;5700.00;2508.00;25.92;E0_1_400m;5.00;209;209;13.44;25.98
5400.00;5700.00;2136.00;24.84;E0_0_500m;5.00;178;177;11.90;24.93
5400.00;5700.00;2508.00;26.12;E0_1_500m;5.00;209;209;13.33;26.19
5400.00;5700.00;2148.00;24.83;E0_0_600m;5.00;179;179;12.01;24.93
5400.00;5700.00;2472.00;26.19;E0_1_600m;5.00;206;206;13.11;26.25
5400.00;5700.00;2136.00;24.75;E0_0_700m;5.00;178;179;11.99;24.84
5400.00;5700.00;2472.00;26.23;E0_1_700m;5.00;206;206;13.09;26.29
5400.00;5700.00;2124.00;24.73;E0_0_800m;5.00;177;177;11.93;24.82
5400.00;5700.00;2472.00;26.30;E0_1_800m;5.00;206;207;13.08;26.36
5400.00;5700.00;2124.00;24.60;E0_0_900m;5.00;177;176;11.97;24.69
5400.00;5700.00;2472.00;26.42;E0_1_900m;5.00;206;206;13.00;26.49
5400.00;5700.00;2124.00;24.34;E0_0_1000m;5.00;177;177;12.12;24.43
5400.00;5700.00;2472.00;26.60;E0_1_1000m;5.00;206;206;12.91;26.67
5400.00;5700.00;2160.00;24.19;E0_0_1100m;5.00;180;180;12.40;24.30
5400.00;5700.00;2412.00;26.71;E0_1_1100m;5.00;201;202;12.54;26.79
5400.00;5700.00;2136.00;24.25;E0_0_1200m;5.00;178;178;12.23;24.33
5400.00;5700.00;2388.00;26.66;E0_1_1200m;5.00;199;199;12.44;26.74
5400.00;5700.00;2112.00;24.16;E0_0_1300m;5.00;176;177;12.17;24.25
5400.00;5700.00;2400.00;26.52;E0_1_1300m;5.00;200;200;12.57;26.60
5400.00;5700.00;2064.00;24.00;E0_0_1400m;5.00;172;173;11.96;24.09
5400.00;5700.00;2388.00;26.24;E0_1_1400m;5.00;199;200;12.70;26.35
5400.00;5700.00;2016.00;23.80;E0_0_1500m;5.00;168;168;11.77;23.92
5400.00;5700.00;2436.00;25.89;E0_1_1500m;5.00;203;202;13.03;26.03
5400.00;5700.00;2028.00;23.47;E0_0_1600m;5.00;169;169;12.00;23.64
5400.00;5700.00;2412.00;25.42;E0_1_1600m;5.00;201;201;13.18;25.65
5400.00;5700.00;2016.00;23.03;E0_0_1700m;5.00;168;168;12.16;23.25
5400.00;5700.00;2388.00;24.72;E0_1_1700m;5.00;199;198;13.37;25.08
5400.00;5700.00;2004.00;22.40;E0_0_1800m;5.00;167;167;12.43;22.72
5400.00;5700.00;2364.00;24.08;E0_1_1800m;5.00;197;198;13.66;24.60
5400.00;5700.00;1968.00;21.83;E0_0_1900m;5.00;164;164;12.52;22.22
5400.00;5700.00;2328.00;23.38;E0_1_1900m;5.00;194;194;13.83;24.08
5400.00;5700.00;1980.00;21.15;E0_0_2000m;5.00;165;165;13.00;21.64
5400.00;5700.00;2304.00;22.62;E0_1_2000m;5.00;192;193;14.18;23.49
5400.00;5700.00;1968.00;20.19;E0_0_2100m;5.00;164;164;13.54;20.72
5400.00;5700.00;2316.00;21.75;E0_1_2100m;5.00;193;194;14.79;22.69
5400.00;5700.00;1980.00;19.37;E0_0_2200m;5.00;165;165;14.20;19.83
5400.00;5700.00;2280.00;20.39;E0_1_2200m;5.00;190;190;15.53;21.23
5400.00;5700.00;1980.00;18.33;E0_0_2300m;5.00;165;165;15.00;18.65
5400.00;5700.00;2268.00;18.75;E0_1_2300m;5.00;189;188;16.80;19.31
5400.00;5700.00;1992.00;17.51;E0_0_2400m;5.00;166;166;15.80;17.64
5400.00;5700.00;2220.00;17.08;E0_1_2400m;5.00;185;186;18.16;17.48
5400.00;5700.00;1992.00;16.97;E0_0_2500m;5.00;166;166;16.31;17.01
5400.00;5700.00;2220.00;15.88;E0_1_2500m;5.00;185;185;19.42;16.12
5400.00;5700.00;1992.00;16.65;E0_0_2600m;5.00;166;166;16.62;16.65
5400.00;5700.00;2220.00;15.13;E0_1_2600m;5.00;185;185;20.38;15.30
5400.00;5700.00;2016.00;16.39;E0_0_2700m;5.00;168;169;17.13;16.40
5400.00;5700.00;2184.00;14.60;E0_1_2700m;5.00;182;182;20.77;14.74
5400.00;5700.00;2052.00;16.03;E0_0_2800m;5.00;171;171;17.78;16.06
5400.00;5700.00;2148.00;13.92;E0_1_2800m;5.00;179;180;21.51;13.94
5400.00;5700.00;2040.00;15.38;E0_0_2900m;5.00;170;170;18.48;15.45
5400.00;5700.00;2160.00;13.58;E0_1_2900m;5.00;180;179;22.07;13.59
5400.00;5700.00;2028.00;13.92;E0_0_3000m;5.00;169;169;20.24;13.97
5400.00;5700.00;2148.00;13.43;E0_1_3000m;5.00;179;179;22.21;13.43
5400.00;5700.00;2040.00;13.52;E0_0_3100m;5.00;170;170;20.95;13.53
5400.00;5700.00;2136.00;13.46;E0_1_3100m;5.00;178;177;21.94;13.48
5400.00;5700.00;2016.00;13.44;E0_0_3200m;5.00;168;168;20.83;13.45
5400.00;5700.00;2124.00;13.42;E0_1_3200m;5.00;177;177;21.98;13.42
5400.00;5700.00;2016.00;13.42;E0_0_3300m;5.00;168;168;20.87;13.42
5400.00;5700.00;2124.00;13.41;E0_1_3300m;5.00;177;177;22.00;13.41
5400.00;5700.00;2004.00;13.41;E0_0_3400m;5.00;167;168;20.87;13.41
5400.00;5700.00;2124.00;13.40;E0_1_3400m;5.00;177;177;22.01;13.40
5400.00;5700.00;2004.00;13.41;E0_0_3500m;5.00;167;167;20.75;13.41
5400.00;5700.00;2124.00;13.40;E0_1_3500m;5.00;177;178;22.04;13.40
5400.00;5700.00;2004.00;13.41;E0_0_3600m;5.00;167;167;20.76;13.41
5400.00;5700.00;2124.00;13.40;E0_1_3600m;5.00;177;177;22.02;13.40
5400.00;5700.00;1992.00;13.41;E0_0_3700m;5.00;166;167;20.69;13.41
5400.00;5700.00;2124.00;13.40;E0_1_3700m;5.00;177;177;21.99;13.40
5400.00;5700.00;1992.00;13.41;E0_0_3800m;5.00;166;166;20.63;13.41
5400.00;5700.00;2124.00;13.40;E0_1_3800m;5.00;177;177;22.01;13.40
5400.00;5700.00;1980.00;13.43;E0_0_3900m;5.00;165;166;20.51;13.44
5400.00;5700.00;2124.00;13.58;E0_1_3900m;5.00;177;177;21.72;13.63
5400.00;5700.00;1992.00;15.58;E0_0_4000m;5.00;166;166;17.76;15.80
5400.00;5700.00;2088.00;16.20;E0_1_4000m;5.00;174;175;18.01;16.70
5400.00;5700.00;1944.00;24.96;E0_0_4100m;5.00;162;162;10.82;25.01
5400.00;5700.00;2148.00;26.01;E0_1_4100m;5.00;179;179;11.47;26.04
5400.00;5700.00;1920.00;26.69;E0_0_4200m;5.00;160;161;10.02;26.83
5400.00;5700.00;2160.00;28.61;E0_1_4200m;5.00;180;182;10.54;28.76
5400.00;5700.00;1872.00;26.82;E0_0_4300m;5.00;156;157;9.73;26.97
5400.00;5700.00;2208.00;28.92;E0_1_4300m;5.00;184;184;10.60;29.04
5400.00;5700.00;1884.00;26.71;E0_0_4400m;5.00;157;157;9.80;26.84
5400.00;5700.00;2196.00;28.87;E0_1_4400m;5.00;183;184;10.60;28.97
5400.00;5700.00;1884.00;26.57;E0_0_4500m;5.00;157;157;9.85;26.70
5400.00;5700.00;2196.00;28.81;E0_1_4500m;5.00;183;184;10.60;28.90
5400.00;5700.00;1848.00;26.50;E0_0_4600m;5.00;154;154;9.69;26.63
5400.00;5700.00;2244.00;28.65;E0_1_4600m;5.00;187;187;10.88;28.75
5400.00;5700.00;1860.00;26.24;E0_0_4700m;5.00;155;155;9.85;26.37
5400.00;5700.00;2244.00;28.52;E0_1_4700m;5.00;187;187;10.93;28.61
5400.00;5700.00;1872.00;26.07;E0_0_4800m;5.00;156;157;10.02;26.21
5400.00;5700.00;2232.00;28.45;E0_1_4800m;5.00;186;186;10.90;28.55
5400.00;5700.00;1884.00;25.92;E0_0_4900m;5.00;157;157;10.10;26.06
5400.00;5700.00;2244.00;28.47;E0_1_4900m;5.00;187;186;10.89;28.57
5400.00;5700.00;1872.00;25.79;E0_0_5000m;5.00;156;156;10.08;25.93
5400.00;5700.00;2220.00;28.53;E0_1_5000m;5.00;185;186;10.81;28.63
5700.00;6000.00;0.00;-1.00;E0_0_0m;-1.00;0;0;0.00;-1.00
5700.00;6000.00;0.00;-1.00;E0_1_0m;-1.00;0;0;0.00;-1.00
5700.00;6000.00;1836.00;25.17;E0_0_100m;5.00;153;155;10.20;25.30
5700.00;6000.00;1992.00;26.14;E0_1_100m;5.00;166;166;10.58;26.23
5700.00;6000.00;1764.00;26.13;E0_0_200m;5.00;147;146;9.35;26.33
5700.00;6000.00;2028.00;27.99;E0_1_200m;5.00;169;170;10.07;28.20
5700.00;6000.00;1800.00;26.34;E0_0_300m;5.00;150;150;9.49;26.51
5700.00;6000.00;1968.00;28.35;E0_1_300m;5.00;164;164;9.64;28.58
5700.00;6000.00;1776.00;26.43;E0_0_400m;5.00;148;148;9.33;26.57
5700.00;6000.00;1992.00;28.33;E0_1_400m;5.00;166;166;9.76;28.53
5700.00;6000.00;1800.00;26.35;E0_0_500m;5.00;150;150;9.49;26.47
5700.00;6000.00;2004.00;28.34;E0_1_500m;5.00;167;167;9.82;28.51
5700.00;6000.00;1788.00;26.31;E0_0_600m;5.00;149;149;9.44;26.43
5700.00;6000.00;2052.00;28.37;E0_1_600m;5.00;171;171;10.05;28.49
5700.00;6000.00;1776.00;26.31;E0_0_700m;5.00;148;147;9.37;26.43
5700.00;6000.00;2064.00;28.39;E0_1_700m;5.00;172;172;10.10;28.50
5700.00;6000.00;1764.00;26.21;E0_0_800m;5.00;147;148;9.37;26.32
5700.00;6000.00;2124.00;28.23;E0_1_800m;5.00;177;176;10.43;28.36
5700.00;6000.00;1788.00;26.00;E0_0_900m;5.00;149;149;9.55;26.11
5700.00;6000.00;2136.00;28.14;E0_1_900m;5.00;178;178;10.54;28.25
5700.00;6000.00;1824.00;25.77;E0_0_1000m;5.00;152;152;9.83;25.90
5700.00;6000.00;2160.00;27.96;E0_1_1000m;5.00;180;180;10.73;28.08
5700.00;6000.00;1812.00;25.55;E0_0_1100m;5.00;151;151;9.85;25.69
5700.00;6000.00;2220.00;27.71;E0_1_1100m;5.00;185;185;11.13;27.85
5700.00;6000.00;1788.00;25.37;E0_0_1200m;5.00;149;149;9.79;25.49
5700.00;6000.00;2256.00;27.10;E0_1_1200m;5.00;188;189;11.57;27.28
5700.00;6000.00;1788.00;24.43;E0_0_1300m;5.00;149;148;10.13;24.55
5700.00;6000.00;2292.00;25.79;E0_1_1300m;5.00;191;191;12.35;25.98
5700.00;6000.00;1812.00;22.64;E0_0_1400m;5.00;151;150;11.10;22.78
5700.00;6000.00;2304.00;23.79;E0_1_1400m;5.00;192;191;13.39;24.02
5700.00;6000.00;1836.00;20.49;E0_0_1500m;5.00;153;153;12.45;20.65
5700.00;6000.00;2292.00;21.56;E0_1_1500m;5.00;191;191;14.77;21.83
5700.00;6000.00;1872.00;18.74;E0_0_1600m;5.00;156;156;13.88;18.90
5700.00;6000.00;2268.00;19.56;E0_1_1600m;5.00;189;189;16.10;19.86
5700.00;6000.00;1896.00;17.41;E0_0_1700m;5.00;158;158;15.13;17.52
5700.00;6000.00;2244.00;17.77;E0_1_1700m;5.00;187;187;17.54;17.99
5700.00;6000.00;1908.00;16.83;E0_0_1800m;5.00;159;159;15.74;16.87
5700.00;6000.00;2244.00;16.43;E0_1_1800m;5.00;187;186;18.94;16.62
5700.00;6000.00;1944.00;16.64;E0_0_1900m;5.00;162;162;16.22;16.65
5700.00;6000.00;2220.00;15.47;E0_1_1900m;5.00;185;185;19.94;15.60
5700.00;6000.00;1992.00;16.60;E0_0_2000m;5.00;166;166;16.67;16.61
5700.00;6000.00;2196.00;14.78;E0_1_2000m;5.00;183;183;20.66;14.88
5700.00;6000.00;1992.00;16.53;E0_0_2100m;5.00;166;166;16.74;16.53
5700.00;6000.00;2196.00;14.39;E0_1_2100m;5.00;183;183;21.19;14.45
5700.00;6000.00;1980.00;16.54;E0_0_2200m;5.00;165;165;16.62;16.54
5700.00;6000.00;2196.00;14.27;E0_1_2200m;5.00;183;184;21.40;14.33
5700.00;6000.00;2016.00;16.53;E0_0_2300m;5.00;168;168;16.93;16.54
5700.00;6000.00;2160.00;14.12;E0_1_2300m;5.00;180;182;21.40;14.19
5700.00;6000.00;2040.00;16.44;E0_0_2400m;5.00;170;170;17.23;16.45
5700.00;6000.00;2160.00;13.93;E0_1_2400m;5.00;180;180;21.49;13.97
5700.00;6000.00;2052.00;16.39;E0_0_2500m;5.00;171;171;17.39;16.39
5700.00;6000.00;2148.00;13.71;E0_1_2500m;5.00;179;180;21.84;13.74
5700.00;6000.00;2064.00;16.26;E0_0_2600m;5.00;172;172;17.63;16.27
5700.00;6000.00;2136.00;13.47;E0_1_2600m;5.00;178;178;22.02;13.48
5700.00;6000.00;2064.00;15.87;E0_0_2700m;5.00;172;171;18.02;15.91
5700.00;6000.00;2136.00;13.37;E0_1_2700m;5.00;178;178;22.20;13.37
5700.00;6000.00;2064.00;15.25;E0_0_2800m;5.00;172;172;18.79;15.33
5700.00;6000.00;2136.00;13.32;E0_1_2800m;5.00;178;178;22.28;13.32
5700.00;6000.00;2076.00;14.53;E0_0_2900m;5.00;173;172;19.72;14.62
5700.00;6000.00;2136.00;13.30;E0_1_2900m;5.00;178;178;22.31;13.30
5700.00;6000.00;2064.00;13.60;E0_0_3000m;5.00;172;173;21.17;13.61
5700.00;6000.00;2136.00;13.29;E0_1_3000m;5.00;178;178;22.32;13.29
5700.00;6000.00;2064.00;13.44;E0_0_3100m;5.00;172;172;21.33;13.44
5700.00;6000.00;2136.00;13.28;E0_1_3100m;5.00;178;178;22.34;13.28
5700.00;6000.00;2076.00;13.41;E0_0_3200m;5.00;173;173;21.50;13.41
5700.00;6000.00;2136.00;13.28;E0_1_3200m;5.00;178;178;22.34;13.28
5700.00;6000.00;2064.00;13.40;E0_0_3300m;5.00;172;173;21.42;13.40
5700.00;6000.00;2136.00;13.29;E0_1_3300m;5.00;178;178;22.33;13.29
5700.00;6000.00;2076.00;13.40;E0_0_3400m;5.00;173;172;21.39;13.40
5700.00;6000.00;2124.00;13.28;E0_1_3400m;5.00;177;178;22.31;13.28
5700.00;6000.00;2064.00;13.40;E0_0_3500m;5.00;172;172;21.39;13.40
5700.00;6000.00;2136.00;13.28;E0_1_3500m;5.00;178;177;22.31;13.29
5700.00;6000.00;2064.00;13.38;E0_0_3600m;5.00;172;172;21.43;13.38
5700.00;6000.00;2124.00;13.28;E0_1_3600m;5.00;177;178;22.32;13.28
5700.00;6000.00;2088.00;13.39;E0_0_3700m;5.00;174;173;21.59;13.39
5700.00;6000.00;2124.00;13.29;E0_1_3700m;5.00;177;176;22.17;13.29
5700.00;6000.00;2088.00;13.39;E0_0_3800m;5.00;174;174;21.65;13.39
5700.00;6000.00;2124.00;13.29;E0_1_3800m;5.00;177;177;22.20;13.29
5700.00;6000.00;2100.00;13.47;E0_0_3900m;5.00;175;175;21.65;13.49
5700.00;6000.00;2124.00;13.39;E0_1_3900m;5.00;177;178;22.04;13.42
5700.00;6000.00;2040.00;15.48;E0_0_4000m;5.00;170;171;18.33;15.71
5700.00;6000.00;2196.00;16.21;E0_1_4000m;5.00;183;182;18.71;16.60
5700.00;6000.00;2028.00;24.92;E0_0_4100m;5.00;169;169;11.31;24.99
5700.00;6000.00;2196.00;25.49;E0_1_4100m;5.00;183;183;11.96;25.55
5700.00;6000.00;1992.00;26.67;E0_0_4200m;5.00;166;167;10.43;26.83
5700.00;6000.00;2220.00;27.85;E0_1_4200m;5.00;185;184;11.04;28.05
5700.00;6000.00;1992.00;26.58;E0_0_4300m;5.00;166;166;10.41;26.71
5700.00;6000.00;2256.00;27.79;E0_1_4300m;5.00;188;188;11.27;27.97
5700.00;6000.00;1992.00;26.27;E0_0_4400m;5.00;166;166;10.53;26.39
5700.00;6000.00;2244.00;27.68;E0_1_4400m;5.00;187;186;11.22;27.83
5700.00;6000.00;1956.00;26.09;E0_0_4500m;5.00;163;163;10.41;26.21
5700.00;6000.00;2292.00;27.60;E0_1_4500m;5.00;191;190;11.52;27.72
5700.00;6000.00;1956.00;25.90;E0_0_4600m;5.00;163;163;10.49;26.02
5700.00;6000.00;2304.00;27.51;E0_1_4600m;5.00;192;192;11.63;27.61
5700.00;6000.00;1968.00;25.70;E0_0_4700m;5.00;164;164;10.63;25.82
5700.00;6000.00;2292.00;27.47;E0_1_4700m;5.00;191;191;11.59;27.56
5700.00;6000.00;1956.00;25.61;E0_0_4800m;5.00;163;162;10.56;25.73
5700.00;6000.00;2280.00;27.35;E0_1_4800m;5.00;190;190;11.58;27.44
5700.00;6000.00;1932.00;25.49;E0_0_4900m;5.00;161;161;10.53;25.62
5700.00;6000.00;2304.00;27.29;E0_1_4900m;5.00;192;192;11.72;27.39
5700.00;6000.00;1908.00;25.45;E0_0_5000m;5.00;159;160;10.46;25.58
5700.00;6000.00;2328.00;27.27;E0_1_5000m;5.00;194;193;11.86;27.35
6000.00;6300.00;0.00;-1.00;E0_0_0m;-1.00;0;0;0.00;-1.00
6000.00;6300.00;0.00;-1.00;E0_1_0m;-1.00;0;0;0.00;-1.00
6000.00;6300.00;1872.00;23.15;E0_0_100m;5.00;156;156;11.24;23.25
6000.00;6300.00;1968.00;24.04;E0_1_100m;5.00;164;164;11.37;24.11
6000.00;6300.00;1812.00;25.73;E0_0_200m;5.00;151;151;9.78;25.95
6000.00;6300.00;2052.00;27.34;E0_1_200m;5.00;171;171;10.43;27.54
6000.00;6300.00;1824.00;25.90;E0_0_300m;5.00;152;153;9.83;26.13
6000.00;6300.00;2064.00;28.04;E0_1_300m;5.00;172;172;10.22;28.28
6000.00;6300.00;1800.00;25.89;E0_0_400m;5.00;150;150;9.66;26.12
6000.00;6300.00;2076.00;28.02;E0_1_400m;5.00;173;173;10.29;28.26
6000.00;6300.00;1752.00;25.82;E0_0_500m;5.00;146;146;9.42;26.04
6000.00;6300.00;2112.00;27.99;E0_1_500m;5.00;176;176;10.48;28.22
6000.00;6300.00;1740.00;25.80;E0_0_600m;5.00;145;145;9.37;25.99
6000.00;6300.00;2100.00;27.81;E0_1_600m;5.00;175;175;10.49;28.05
6000.00;6300.00;1728.00;25.66;E0_0_700m;5.00;144;145;9.37;25.83
6000.00;6300.00;2112.00;27.48;E0_1_700m;5.00;176;176;10.68;27.74
6000.00;6300.00;1704.00;25.50;E0_0_800m;5.00;142;142;9.28;25.65
6000.00;6300.00;2100.00;27.31;E0_1_800m;5.00;175;175;10.68;27.59
6000.00;6300.00;1692.00;25.35;E0_0_900m;5.00;141;141;9.27;25.51
6000.00;6300.00;2100.00;27.22;E0_1_900m;5.00;175;175;10.71;27.51
6000.00;6300.00;1668.00;25.29;E0_0_1000m;5.00;139;139;9.16;25.46
6000.00;6300.00;2112.00;27.14;E0_1_1000m;5.00;176;176;10.81;27.44
6000.00;6300.00;1644.00;25.17;E0_0_1100m;5.00;137;137;9.07;25.35
6000.00;6300.00;2112.00;27.14;E0_1_1100m;5.00;176;176;10.81;27.44
6000.00;6300.00;1704.00;24.99;E0_0_1200m;5.00;142;142;9.47;25.18
6000.00;6300.00;2040.00;27.17;E0_1_1200m;5.00;170;170;10.48;27.53
6000.00;6300.00;1668.00;24.90;E0_0_1300m;5.00;139;139;9.31;25.08
6000.00;6300.00;2052.00;26.99;E0_1_1300m;5.00;171;171;10.56;27.35
6000.00;6300.00;1668.00;24.80;E0_0_1400m;5.00;139;139;9.34;24.98
6000.00;6300.00;2052.00;26.79;E0_1_1400m;5.00;171;171;10.64;27.13
6000.00;6300.00;1656.00;24.50;E0_0_1500m;5.00;138;139;9.39;24.68
6000.00;6300.00;2064.00;26.31;E0_1_1500m;5.00;172;173;10.90;26.64
6000.00;6300.00;1668.00;23.93;E0_0_1600m;5.00;139;139;9.68;24.13
6000.00;6300.00;2052.00;25.45;E0_1_1600m;5.00;171;171;11.20;25.75
6000.00;6300.00;1680.00;22.53;E0_0_1700m;5.00;140;140;10.36;22.87
6000.00;6300.00;2040.00;23.46;E0_1_1700m;5.00;170;170;12.08;23.84
6000.00;6300.00;1680.00;20.39;E0_0_1800m;5.00;140;140;11.44;20.98
6000.00;6300.00;2016.00;20.40;E0_1_1800m;5.00;168;169;13.75;21.36
6000.00;6300.00;1680.00;18.26;E0_0_1900m;5.00;140;140;12.78;19.32
6000.00;6300.00;1968.00;16.32;E0_1_1900m;5.00;164;164;16.75;19.03
6000.00;6300.00;1656.00;15.07;E0_0_2000m;5.00;138;139;15.28;17.25
6000.00;6300.00;1860.00;12.50;E0_1_2000m;5.00;155;155;21.07;17.02
6000.00;6300.00;1632.00;11.33;E0_0_2100m;5.00;136;136;20.00;14.77
6000.00;6300.00;1776.00;10.46;E0_1_2100m;5.00;148;148;23.58;15.13
6000.00;6300.00;1596.00;10.05;E0_0_2200m;5.00;133;133;22.07;13.84
6000.00;6300.00;1704.00;9.12;E0_1_2200m;5.00;142;142;26.26;13.33
6000.00;6300.00;1560.00;9.31;E0_0_2300m;5.00;130;131;23.34;13.15
6000.00;6300.00;1656.00;8.12;E0_1_2300m;5.00;138;138;28.24;11.73
6000.00;6300.00;1548.00;8.37;E0_0_2400m;5.00;129;129;25.69;11.78
6000.00;6300.00;1584.00;7.33;E0_1_2400m;5.00;132;131;29.94;10.46
6000.00;6300.00;1560.00;7.66;E0_0_2500m;5.00;130;131;28.32;10.61
6000.00;6300.00;1488.00;6.37;E0_1_2500m;5.00;124;123;32.37;8.46
6000.00;6300.00;1536.00;6.86;E0_0_2600m;5.00;128;128;31.09;9.09
6000.00;6300.00;1440.00;5.86;E0_1_2600m;5.00;120;120;34.15;7.62
6000.00;6300.00;1500.00;6.41;E0_0_2700m;5.00;125;126;32.80;8.26
6000.00;6300.00;1380.00;5.47;E0_1_2700m;5.00;115;116;35.06;6.97
6000.00;6300.00;1440.00;5.90;E0_0_2800m;5.00;120;121;34.18;7.24
6000.00;6300.00;1344.00;5.18;E0_1_2800m;5.00;112;112;36.09;6.56
6000.00;6300.00;1404.00;5.51;E0_0_2900m;5.00;117;117;35.41;6.55
6000.00;6300.00;1296.00;4.83;E0_1_2900m;5.00;108;108;37.24;6.05
6000.00;6300.00;1332.00;5.46;E0_0_3000m;5.00;111;113;37.05;6.49
6000.00;6300.00;1284.00;4.96;E0_1_3000m;5.00;107;107;35.94;5.88
6000.00;6300.00;1284.00;6.44;E0_0_3100m;5.00;107;107;27.71;7.12
6000.00;6300.00;1272.00;6.30;E0_1_3100m;5.00;106;107;28.08;7.00
6000.00;6300.00;1248.00;5.91;E0_0_3200m;5.00;104;104;29.35;6.67
6000.00;6300.00;1248.00;5.87;E0_1_3200m;5.00;104;104;29.55;6.65
6000.00;6300.00;1236.00;5.61;E0_0_3300m;5.00;103;103;30.72;6.37
6000.00;6300.00;1224.00;5.67;E0_1_3300m;5.00;102;102;29.98;6.43
6000.00;6300.00;1212.00;5.47;E0_0_3400m;5.00;101;101;30.79;6.18
6000.00;6300.00;1200.00;5.50;E0_1_3400m;5.00;100;99;30.20;6.31
6000.00;6300.00;1056.00;7.89;E0_0_3500m;5.00;88;99;23.40;9.24
6000.00;6300.00;1332.00;4.74;E0_1_3500m;5.00;111;111;38.99;7.69
6000.00;6300.00;1020.00;13.99;E0_0_3600m;5.00;85;90;13.24;15.34
6000.00;6300.00;1356.00;9.83;E0_1_3600m;5.00;113;116;19.39;11.53
6000.00;6300.00;1008.00;14.77;E0_0_3700m;5.00;84;87;11.57;16.03
6000.00;6300.00;1392.00;11.60;E0_1_3700m;5.00;116;122;17.02;12.75
6000.00;6300.00;1008.00;16.13;E0_0_3800m;5.00;84;87;8.76;16.27
6000.00;6300.00;1428.00;13.06;E0_1_3800m;5.00;119;120;15.20;13.26
6000.00;6300.00;1068.00;14.86;E0_0_3900m;5.00;89;91;10.10;15.87
6000.00;6300.00;1440.00;11.83;E0_1_3900m;5.00;120;122;17.12;12.94
6000.00;6300.00;1020.00;16.95;E0_0_4000m;5.00;85;89;8.62;17.15
6000.00;6300.00;1524.00;13.86;E0_1_4000m;5.00;127;130;15.38;15.10
6000.00;6300.00;1044.00;24.47;E0_0_4100m;5.00;87;87;5.93;24.74
6000.00;6300.00;1572.00;25.00;E0_1_4100m;5.00;131;131;8.73;25.30
6000.00;6300.00;1044.00;26.31;E0_0_4200m;5.00;87;86;5.46;26.62
6000.00;6300.00;1572.00;27.44;E0_1_4200m;5.00;131;131;7.96;27.89
6000.00;6300.00;1056.00;25.44;E0_0_4300m;5.00;88;88;5.76;26.09
6000.00;6300.00;1596.00;26.52;E0_1_4300m;5.00;133;134;8.40;27.56
6000.00;6300.00;1044.00;25.37;E0_0_4400m;5.00;87;87;5.71;25.84
6000.00;6300.00;1668.00;25.73;E0_1_4400m;5.00;139;139;9.01;26.89
6000.00;6300.00;1092.00;24.61;E0_0_4500m;5.00;91;91;6.16;25.22
6000.00;6300.00;1644.00;25.10;E0_1_4500m;5.00;137;138;9.12;26.30
6000.00;6300.00;1068.00;23.35;E0_0_4600m;5.00;89;89;6.35;24.72
6000.00;6300.00;1656.00;24.89;E0_1_4600m;5.00;138;139;9.28;26.17
6000.00;6300.00;1068.00;24.37;E0_0_4700m;5.00;89;89;6.09;24.90
6000.00;6300.00;1644.00;26.03;E0_1_4700m;5.00;137;138;8.77;26.57
6000.00;6300.00;1056.00;24.18;E0_0_4800m;5.00;88;88;6.07;24.92
6000.00;6300.00;1704.00;25.76;E0_1_4800m;5.00;142;143;9.21;26.48
6000.00;6300.00;1068.00;24.69;E0_0_4900m;5.00;89;90;6.08;25.09
6000.00;6300.00;1740.00;25.89;E0_1_4900m;5.00;145;147;9.38;26.51
6000.00;6300.00;1032.00;25.42;E0_0_5000m;5.00;86;86;5.64;25.63
6000.00;6300.00;1788.00;26.19;E0_1_5000m;5.00;149;149;9.48;26.95
6300.00;6600.00;0.00;-1.00;E0_0_0m;-1.00;0;0;0.00;-1.00
6300.00;6600.00;0.00;-1.00;E0_1_0m;-1.00;0;0;0.00;-1.00
6300.00;6600.00;1812.00;21.76;E0_0_100m;5.00;151;151;11.57;21.80
6300.00;6600.00;2208.00;22.09;E0_1_100m;5.00;184;184;13.88;22.15
6300.00;6600.00;1764.00;26.54;E0_0_200m;5.00;147;147;9.23;26.67
6300.00;6600.00;2220.00;27.96;E0_1_200m;5.00;185;185;11.03;28.04
6300.00;6600.00;1836.00;26.92;E0_0_300m;5.00;153;152;9.43;27.10
6300.00;6600.00;2160.00;28.82;E0_1_300m;5.00;180;181;10.46;28.94
6300.00;6600.00;1860.00;26.60;E0_0_400m;5.00;155;155;9.71;26.74
6300.00;6600.00;2124.00;28.43;E0_1_400m;5.00;177;178;10.39;28.57
6300.00;6600.00;1824.00;26.10;E0_0_500m;5.00;152;152;9.71;26.38
6300.00;6600.00;2148.00;27.79;E0_1_500m;5.00;179;179;10.73;28.08
6300.00;6600.00;1836.00;25.06;E0_0_600m;5.00;153;153;10.17;25.68
6300.00;6600.00;2136.00;26.87;E0_1_600m;5.00;178;178;11.04;27.55
6300.00;6600.00;1848.00;24.41;E0_0_700m;5.00;154;155;10.58;25.15
6300.00;6600.00;2100.00;25.28;E0_1_700m;5.00;175;175;11.54;26.76
6300.00;6600.00;1860.00;22.43;E0_0_800m;5.00;155;155;11.52;23.84
6300.00;6600.00;2040.00;22.97;E0_1_800m;5.00;170;171;12.36;25.57
6300.00;6600.00;1836.00;19.73;E0_0_900m;5.00;153;153;12.93;22.16
6300.00;6600.00;1968.00;19.39;E0_1_900m;5.00;164;165;14.12;23.41
6300.00;6600.00;1752.00;16.57;E0_0_1000m;5.00;146;146;14.68;20.17
6300.00;6600.00;1896.00;15.27;E0_1_1000m;5.00;158;158;17.25;21.09
6300.00;6600.00;1704.00;13.38;E0_0_1100m;5.00;142;143;18.01;17.82
6300.00;6600.00;1788.00;12.01;E0_1_1100m;5.00;149;150;20.77;18.97
6300.00;6600.00;1644.00;10.54;E0_0_1200m;5.00;137;137;21.66;15.14
6300.00;6600.00;1716.00;9.74;E0_1_1200m;5.00;143;143;24.56;16.38
6300.00;6600.00;1596.00;9.07;E0_0_1300m;5.00;133;134;24.64;13.21
6300.00;6600.00;1608.00;8.30;E0_1_1300m;5.00;134;135;27.21;13.95
6300.00;6600.00;1536.00;7.89;E0_0_1400m;5.00;128;128;27.05;11.28
6300.00;6600.00;1512.00;6.78;E0_1_1400m;5.00;126;126;30.96;11.26
6300.00;6600.00;1452.00;6.73;E0_0_1500m;5.00;121;121;30.23;9.03
6300.00;6600.00;1428.00;5.91;E0_1_1500m;5.00;119;119;33.57;9.23
6300.00;6600.00;1404.00;6.01;E0_0_1600m;5.00;117;117;32.46;7.71
6300.00;6600.00;1332.00;5.22;E0_1_1600m;5.00;111;112;35.50;7.35
6300.00;6600.00;1356.00;5.57;E0_0_1700m;5.00;113;113;33.83;6.95
6300.00;6600.00;1248.00;4.56;E0_1_1700m;5.00;104;104;38.01;5.48
6300.00;6600.00;1320.00;5.06;E0_0_1800m;5.00;110;110;36.21;5.60
6300.00;6600.00;1176.00;3.99;E0_1_1800m;5.00;98;97;40.87;4.25
6300.00;6600.00;1272.00;4.66;E0_0_1900m;5.00;106;106;37.89;4.78
6300.00;6600.00;1140.00;3.79;E0_1_1900m;5.00;95;96;41.89;3.96
6300.00;6600.00;1260.00;4.54;E0_0_2000m;5.00;105;104;38.57;4.59
6300.00;6600.00;1152.00;3.81;E0_1_2000m;5.00;96;95;41.51;3.98
6300.00;6600.00;1260.00;4.55;E0_0_2100m;5.00;105;106;38.48;4.62
6300.00;6600.00;1152.00;3.83;E0_1_2100m;5.00;96;96;41.76;4.01
6300.00;6600.00;1272.00;4.61;E0_0_2200m;5.00;106;106;38.36;4.68
6300.00;6600.00;1152.00;3.84;E0_1_2200m;5.00;96;95;41.39;4.03
6300.00;6600.00;1284.00;4.62;E0_0_2300m;5.00;107;106;38.49;4.72
6300.00;6600.00;1140.00;3.81;E0_1_2300m;5.00;95;94;41.56;4.01
6300.00;6600.00;1272.00;4.61;E0_0_2400m;5.00;106;107;38.34;4.71
6300.00;6600.00;1128.00;3.76;E0_1_2400m;5.00;94;95;42.01;3.94
6300.00;6600.00;1272.00;4.57;E0_0_2500m;5.00;106;105;38.64;4.66
6300.00;6600.00;1116.00;3.70;E0_1_2500m;5.00;93;94;42.16;3.86
6300.00;6600.00;1260.00;4.52;E0_0_2600m;5.00;105;105;38.73;4.61
6300.00;6600.00;1104.00;3.63;E0_1_2600m;5.00;92;93;42.35;3.76
6300.00;6600.00;1260.00;4.51;E0_0_2700m;5.00;105;105;38.83;4.61
6300.00;6600.00;1104.00;3.59;E0_1_2700m;5.00;92;91;42.66;3.73
6300.00;6600.00;1272.00;4.51;E0_0_2800m;5.00;106;105;38.86;4.63
6300.00;6600.00;1104.00;3.58;E0_1_2800m;5.00;92;91;42.61;3.75
6300.00;6600.00;1260.00;4.52;E0_0_2900m;5.00;105;106;38.96;4.68
6300.00;6600.00;1092.00;3.60;E0_1_2900m;5.00;91;92;42.48;3.82
6300.00;6600.00;1224.00;4.76;E0_0_3000m;5.00;102;106;39.19;5.21
6300.00;6600.00;1152.00;4.29;E0_1_3000m;5.00;96;97;37.37;4.65
6300.00;6600.00;1212.00;5.45;E0_0_3100m;5.00;101;102;31.07;5.65
6300.00;6600.00;1188.00;5.48;E0_1_3100m;5.00;99;99;30.28;5.66
6300.00;6600.00;1248.00;5.69;E0_0_3200m;5.00;104;104;30.47;5.89
6300.00;6600.00;1200.00;5.66;E0_1_3200m;5.00;100;100;29.45;5.86
6300.00;6600.00;1248.00;5.58;E0_0_3300m;5.00;104;103;30.87;5.86
6300.00;6600.00;1200.00;5.64;E0_1_3300m;5.00;100;101;29.56;5.93
6300.00;6600.00;1236.00;5.59;E0_0_3400m;5.00;103;103;30.71;6.22
6300.00;6600.00;1212.00;5.60;E0_1_3400m;5.00;101;101;30.07;6.16
6300.00;6600.00;1104.00;8.33;E0_0_3500m;5.00;92;102;23.52;9.57
6300.00;6600.00;1332.00;5.49;E0_1_3500m;5.00;111;112;33.71;7.72
6300.00;6600.00;1092.00;13.84;E0_0_3600m;5.00;91;91;10.96;15.02
6300.00;6600.00;1416.00;9.98;E0_1_3600m;5.00;118;119;19.80;11.69
6300.00;6600.00;1068.00;15.47;E0_0_3700m;5.00;89;90;9.69;15.71
6300.00;6600.00;1440.00;12.26;E0_1_3700m;5.00;120;121;16.33;12.60
6300.00;6600.00;1104.00;13.80;E0_0_3800m;5.00;92;94;11.23;14.85
6300.00;6600.00;1416.00;10.95;E0_1_3800m;5.00;118;120;18.35;12.25
6300.00;6600.00;1104.00;16.48;E0_0_3900m;5.00;92;92;9.30;16.70
6300.00;6600.00;1416.00;12.66;E0_1_3900m;5.00;118;120;15.75;12.92
6300.00;6600.00;1056.00;17.23;E0_0_4000m;5.00;88;92;8.72;17.44
6300.00;6600.00;1512.00;14.54;E0_1_4000m;5.00;126;127;14.56;15.11
6300.00;6600.00;936.00;24.48;E0_0_4100m;5.00;78;80;5.39;24.65
6300.00;6600.00;1608.00;25.46;E0_1_4100m;5.00;134;134;8.77;25.58
6300.00;6600.00;912.00;26.43;E0_0_4200m;5.00;76;77;4.86;26.74
6300.00;6600.00;1632.00;27.97;E0_1_4200m;5.00;136;138;8.15;28.26
6300.00;6600.00;876.00;26.87;E0_0_4300m;5.00;73;74;4.54;27.11
6300.00;6600.00;1584.00;28.03;E0_1_4300m;5.00;132;133;7.89;28.32
6300.00;6600.00;876.00;26.27;E0_0_4400m;5.00;73;73;4.63;26.49
6300.00;6600.00;1524.00;27.94;E0_1_4400m;5.00;127;128;7.58;28.23
6300.00;6600.00;852.00;26.04;E0_0_4500m;5.00;71;71;4.54;26.25
6300.00;6600.00;1524.00;27.51;E0_1_4500m;5.00;127;127;7.69;27.88
6300.00;6600.00;888.00;25.65;E0_0_4600m;5.00;74;75;4.84;25.90
6300.00;6600.00;1512.00;27.12;E0_1_4600m;5.00;126;127;7.75;27.46
6300.00;6600.00;888.00;25.30;E0_0_4700m;5.00;74;75;4.93;25.62
6300.00;6600.00;1512.00;26.39;E0_1_4700m;5.00;126;126;7.96;26.87
6300.00;6600.00;888.00;25.09;E0_0_4800m;5.00;74;74;4.92;25.45
6300.00;6600.00;1464.00;25.96;E0_1_4800m;5.00;122;122;7.83;26.44
6300.00;6600.00;864.00;25.70;E0_0_4900m;5.00;72;72;4.67;25.92
6300.00;6600.00;1452.00;26.16;E0_1_4900m;5.00;121;121;7.71;26.57
6300.00;6600.00;864.00;25.98;E0_0_5000m;5.00;72;72;4.62;26.13
6300.00;6600.00;1416.00;26.65;E0_1_5000m;5.00;118;118;7.38;26.93
6600.00;6900.00;0.00;-1.00;E0_0_0m;-1.00;0;0;0.00;-1.00
6600.00;6900.00;0.00;-1.00;E0_1_0m;-1.00;0;0;0.00;-1.00
6600.00;6900.00;1716.00;10.20;E0_0_100m;5.00;143;144;23.41;14.56
6600.00;6900.00;1560.00;8.94;E0_1_100m;5.00;130;130;24.25;15.19
6600.00;6900.00;1656.00;9.62;E0_0_200m;5.00;138;139;23.92;14.72
6600.00;6900.00;1500.00;7.88;E0_1_200m;5.00;125;125;26.46;14.53
6600.00;6900.00;1584.00;8.12;E0_0_300m;5.00;132;132;27.10;12.12
6600.00;6900.00;1416.00;6.29;E0_1_300m;5.00;118;118;31.28;11.69
6600.00;6900.00;1524.00;7.16;E0_0_400m;5.00;127;128;29.68;10.37
6600.00;6900.00;1356.00;5.52;E0_1_400m;5.00;113;112;34.08;9.37
6600.00;6900.00;1464.00;6.44;E0_0_500m;5.00;122;122;31.57;8.59
6600.00;6900.00;1284.00;4.91;E0_1_500m;5.00;107;107;36.31;7.11
6600.00;6900.00;1392.00;5.81;E0_0_600m;5.00;116;117;33.61;7.28
6600.00;6900.00;1224.00;4.43;E0_1_600m;5.00;102;102;38.37;5.53
6600.00;6900.00;1368.00;5.40;E0_0_700m;5.00;114;114;35.32;6.33
6600.00;6900.00;1164.00;4.08;E0_1_700m;5.00;97;97;39.65;4.58
6600.00;6900.00;1320.00;4.96;E0_0_800m;5.00;110;110;36.99;5.22
6600.00;6900.00;1140.00;3.85;E0_1_800m;5.00;95;95;41.18;3.99
6600.00;6900.00;1284.00;4.72;E0_0_900m;5.00;107;107;37.76;4.78
6600.00;6900.00;1116.00;3.70;E0_1_900m;5.00;93;93;41.84;3.76
6600.00;6900.00;1272.00;4.59;E0_0_1000m;5.00;106;107;38.70;4.62
6600.00;6900.00;1116.00;3.68;E0_1_1000m;5.00;93;93;42.07;3.74
6600.00;6900.00;1284.00;4.57;E0_0_1100m;5.00;107;106;38.73;4.60
6600.00;6900.00;1116.00;3.70;E0_1_1100m;5.00;93;93;42.04;3.76
6600.00;6900.00;1284.00;4.58;E0_0_1200m;5.00;107;107;38.95;4.61
6600.00;6900.00;1128.00;3.72;E0_1_1200m;5.00;94;93;41.92;3.78
6600.00;6900.00;1284.00;4.59;E0_0_1300m;5.00;107;106;38.68;4.62
6600.00;6900.00;1128.00;3.74;E0_1_1300m;5.00;94;94;42.03;3.79
6600.00;6900.00;1284.00;4.59;E0_0_1400m;5.00;107;107;38.88;4.63
6600.00;6900.00;1128.00;3.76;E0_1_1400m;5.00;94;94;41.65;3.81
6600.00;6900.00;1284.00;4.60;E0_0_1500m;5.00;107;107;38.87;4.64
6600.00;6900.00;1128.00;3.78;E0_1_1500m;5.00;94;95;41.51;3.83
6600.00;6900.00;1296.00;4.60;E0_0_1600m;5.00;108;108;39.16;4.64
6600.00;6900.00;1128.00;3.80;E0_1_1600m;5.00;94;95;41.53;3.84
6600.00;6900.00;1296.00;4.61;E0_0_1700m;5.00;108;108;39.05;4.65
6600.00;6900.00;1140.00;3.80;E0_1_1700m;5.00;95;95;41.72;3.84
6600.00;6900.00;1296.00;4.61;E0_0_1800m;5.00;108;108;39.01;4.65
6600.00;6900.00;1140.00;3.80;E0_1_1800m;5.00;95;95;41.64;3.85
6600.00;6900.00;1296.00;4.62;E0_0_1900m;5.00;108;108;38.93;4.66
6600.00;6900.00;1140.00;3.80;E0_1_1900m;5.00;95;95;41.54;3.85
6600.00;6900.00;1296.00;4.61;E0_0_2000m;5.00;108;109;39.04;4.66
6600.00;6900.00;1140.00;3.78;E0_1_2000m;5.00;95;95;41.84;3.83
6600.00;6900.00;1284.00;4.59;E0_0_2100m;5.00;107;107;38.96;4.64
6600.00;6900.00;1140.00;3.78;E0_1_2100m;5.00;95;95;41.93;3.83
6600.00;6900.00;1284.00;4.57;E0_0_2200m;5.00;107;107;38.99;4.61
6600.00;6900.00;1140.00;3.79;E0_1_2200m;5.00;95;95;41.83;3.84
6600.00;6900.00;1272.00;4.56;E0_0_2300m;5.00;106;107;38.87;4.59
6600.00;6900.00;1140.00;3.78;E0_1_2300m;5.00;95;95;41.87;3.84
6600.00;6900.00;1284.00;4.54;E0_0_2400m;5.00;107;106;39.24;4.57
6600.00;6900.00;1140.00;3.78;E0_1_2400m;5.00;95;94;41.53;3.84
6600.00;6900.00;1284.00;4.54;E0_0_2500m;5.00;107;107;39.28;4.58
6600.00;6900.00;1140.00;3.79;E0_1_2500m;5.00;95;94;41.43;3.87
6600.00;6900.00;1284.00;4.55;E0_0_2600m;5.00;107;107;39.16;4.60
6600.00;6900.00;1140.00;3.80;E0_1_2600m;5.00;95;95;41.62;3.89
6600.00;6900.00;1284.00;4.56;E0_0_2700m;5.00;107;107;38.92;4.61
6600.00;6900.00;1140.00;3.79;E0_1_2700m;5.00;95;95;41.80;3.89
6600.00;6900.00;1272.00;4.56;E0_0_2800m;5.00;106;107;38.95;4.62
6600.00;6900.00;1128.00;3.78;E0_1_2800m;5.00;94;95;41.73;3.91
6600.00;6900.00;1272.00;4.53;E0_0_2900m;5.00;106;105;38.77;4.62
6600.00;6900.00;1140.00;3.76;E0_1_2900m;5.00;95;94;41.70;3.96
6600.00;6900.00;1188.00;4.59;E0_0_3000m;5.00;99;105;39.98;5.05
6600.00;6900.00;1188.00;4.44;E0_1_3000m;5.00;99;99;37.30;4.75
6600.00;6900.00;1188.00;5.47;E0_0_3100m;5.00;99;99;30.02;5.59
6600.00;6900.00;1188.00;5.43;E0_1_3100m;5.00;99;98;30.15;5.55
6600.00;6900.00;1176.00;5.49;E0_0_3200m;5.00;98;98;29.73;5.63
6600.00;6900.00;1164.00;5.45;E0_1_3200m;5.00;97;97;29.68;5.57
6600.00;6900.00;1176.00;5.49;E0_0_3300m;5.00;98;99;29.82;5.66
6600.00;6900.00;1176.00;5.45;E0_1_3300m;5.00;98;97;29.94;5.63
6600.00;6900.00;1200.00;5.40;E0_0_3400m;5.00;100;100;30.85;5.76
6600.00;6900.00;1176.00;5.35;E0_1_3400m;5.00;98;98;30.52;5.72
6600.00;6900.00;1044.00;7.32;E0_0_3500m;5.00;87;100;25.99;8.59
6600.00;6900.00;1344.00;5.18;E0_1_3500m;5.00;112;112;36.01;7.58
6600.00;6900.00;936.00;14.29;E0_0_3600m;5.00;78;82;10.53;15.41
6600.00;6900.00;1392.00;10.91;E0_1_3600m;5.00;116;119;17.98;12.12
6600.00;6900.00;972.00;16.56;E0_0_3700m;5.00;81;82;8.22;16.68
6600.00;6900.00;1404.00;13.36;E0_1_3700m;5.00;117;119;14.80;13.70
6600.00;6900.00;900.00;16.59;E0_0_3800m;5.00;75;81;7.98;16.64
6600.00;6900.00;1452.00;13.37;E0_1_3800m;5.00;121;126;15.26;13.75
6600.00;6900.00;912.00;16.80;E0_0_3900m;5.00;76;80;7.84;17.21
6600.00;6900.00;1428.00;13.77;E0_1_3900m;5.00;119;124;14.83;14.25
6600.00;6900.00;888.00;17.69;E0_0_4000m;5.00;74;79;7.14;18.01
6600.00;6900.00;1452.00;14.90;E0_1_4000m;5.00;121;124;13.74;15.39
6600.00;6900.00;828.00;25.19;E0_0_4100m;5.00;69;68;4.51;25.28
6600.00;6900.00;1488.00;25.93;E0_1_4100m;5.00;124;124;7.97;26.03
6600.00;6900.00;792.00;27.06;E0_0_4200m;5.00;66;66;4.06;27.31
6600.00;6900.00;1524.00;28.27;E0_1_4200m;5.00;127;127;7.49;28.54
6600.00;6900.00;840.00;26.68;E0_0_4300m;5.00;70;70;4.38;27.01
6600.00;6900.00;1500.00;28.10;E0_1_4300m;5.00;125;126;7.45;28.45
6600.00;6900.00;876.00;26.56;E0_0_4400m;5.00;73;73;4.58;26.88
6600.00;6900.00;1524.00;27.83;E0_1_4400m;5.00;127;127;7.61;28.17
6600.00;6900.00;900.00;26.07;E0_0_4500m;5.00;75;75;4.80;26.44
6600.00;6900.00;1524.00;27.31;E0_1_4500m;5.00;127;127;7.75;27.71
6600.00;6900.00;852.00;25.71;E0_0_4600m;5.00;71;72;4.61;26.06
6600.00;6900.00;1572.00;27.03;E0_1_4600m;5.00;131;130;8.07;27.41
6600.00;6900.00;912.00;25.35;E0_0_4700m;5.00;76;75;4.94;25.74
6600.00;6900.00;1548.00;26.65;E0_1_4700m;5.00;129;130;8.09;27.09
6600.00;6900.00;912.00;25.48;E0_0_4800m;5.00;76;76;4.97;25.82
6600.00;6900.00;1572.00;26.45;E0_1_4800m;5.00;131;132;8.29;26.81
6600.00;6900.00;924.00;25.20;E0_0_4900m;5.00;77;78;5.11;25.55
6600.00;6900.00;1572.00;26.20;E0_1_4900m;5.00;131;131;8.33;26.59
6600.00;6900.00;912.00;25.74;E0_0_5000m;5.00;76;76;4.92;25.97
6600.00;6900.00;1620.00;26.53;E0_1_5000m;5.00;135;135;8.48;26.78
6900.00;7200.00;0.00;-1.00;E0_0_0m;-1.00;0;0;0.00;-1.00
6900.00;7200.00;0.00;-1.00;E0_1_0m;-1.00;0;0;0.00;-1.00
6900.00;7200.00;1284.00;4.63;E0_0_100m;5.00;107;107;38.53;4.64
6900.00;7200.00;1128.00;3.83;E0_1_100m;5.00;94;95;41.07;3.85
6900.00;7200.00;1284.00;4.60;E0_0_200m;5.00;107;107;38.75;4.61
6900.00;7200.00;1128.00;3.78;E0_1_200m;5.00;94;94;41.45;3.80
6900.00;7200.00;1284.00;4.59;E0_0_300m;5.00;107;107;38.82;4.61
6900.00;7200.00;1116.00;3.78;E0_1_300m;5.00;93;94;41.35;3.80
6900.00;7200.00;1284.00;4.58;E0_0_400m;5.00;107;106;38.77;4.60
6900.00;7200.00;1128.00;3.78;E0_1_400m;5.00;94;94;41.43;3.80
6900.00;7200.00;1272.00;4.57;E0_0_500m;5.00;106;106;38.66;4.58
6900.00;7200.00;1128.00;3.78;E0_1_500m;5.00;94;94;41.40;3.81
6900.00;7200.00;1272.00;4.55;E0_0_600m;5.00;106;106;38.56;4.56
6900.00;7200.00;1128.00;3.78;E0_1_600m;5.00;94;94;41.46;3.80
6900.00;7200.00;1260.00;4.53;E0_0_700m;5.00;105;105;38.52;4.54
6900.00;7200.00;1128.00;3.77;E0_1_700m;5.00;94;94;41.51;3.80
6900.00;7200.00;1260.00;4.52;E0_0_800m;5.00;105;105;38.72;4.53
6900.00;7200.00;1116.00;3.77;E0_1_800m;5.00;93;93;41.54;3.79
6900.00;7200.00;1260.00;4.50;E0_0_900m;5.00;105;105;38.86;4.52
6900.00;7200.00;1116.00;3.75;E0_1_900m;5.00;93;93;41.28;3.78
6900.00;7200.00;1260.00;4.52;E0_0_1000m;5.00;105;105;38.82;4.53
6900.00;7200.00;1116.00;3.75;E0_1_1000m;5.00;93;94;41.33;3.78
6900.00;7200.00;1260.00;4.53;E0_0_1100m;5.00;105;105;38.61;4.55
6900.00;7200.00;1128.00;3.77;E0_1_1100m;5.00;94;94;41.34;3.80
6900.00;7200.00;1260.00;4.55;E0_0_1200m;5.00;105;106;38.63;4.56
6900.00;7200.00;1128.00;3.77;E0_1_1200m;5.00;94;94;41.58;3.80
6900.00;7200.00;1260.00;4.57;E0_0_1300m;5.00;105;105;38.28;4.59
6900.00;7200.00;1140.00;3.80;E0_1_1300m;5.00;95;94;41.26;3.83
6900.00;7200.00;1260.00;4.59;E0_0_1400m;5.00;105;106;38.36;4.61
6900.00;7200.00;1140.00;3.84;E0_1_1400m;5.00;95;95;41.24;3.87
6900.00;7200.00;1284.00;4.61;E0_0_1500m;5.00;107;106;38.31;4.63
6900.00;7200.00;1152.00;3.86;E0_1_1500m;5.00;96;95;41.36;3.89
6900.00;7200.00;1272.00;4.63;E0_0_1600m;5.00;106;106;38.19;4.64
6900.00;7200.00;1164.00;3.90;E0_1_1600m;5.00;97;96;41.21;3.92
6900.00;7200.00;1272.00;4.65;E0_0_1700m;5.00;106;106;38.02;4.66
6900.00;7200.00;1164.00;3.95;E0_1_1700m;5.00;97;97;40.91;3.97
6900.00;7200.00;1272.00;4.65;E0_0_1800m;5.00;106;107;38.02;4.66
6900.00;7200.00;1164.00;3.98;E0_1_1800m;5.00;97;98;40.70;4.00
6900.00;7200.00;1284.00;4.64;E0_0_1900m;5.00;107;107;38.43;4.65
6900.00;7200.00;1176.00;4.01;E0_1_1900m;5.00;98;98;40.77;4.02
6900.00;7200.00;1284.00;4.64;E0_0_2000m;5.00;107;106;38.44;4.65
6900.00;7200.00;1176.00;4.02;E0_1_2000m;5.00;98;98;40.63;4.03
6900.00;7200.00;1284.00;4.61;E0_0_2100m;5.00;107;107;38.49;4.63
6900.00;7200.00;1164.00;4.01;E0_1_2100m;5.00;97;98;40.69;4.02
6900.00;7200.00;1272.00;4.59;E0_0_2200m;5.00;106;106;38.47;4.61
6900.00;7200.00;1164.00;3.97;E0_1_2200m;5.00;97;97;40.68;3.99
6900.00;7200.00;1272.00;4.57;E0_0_2300m;5.00;106;106;38.66;4.59
6900.00;7200.00;1152.00;3.92;E0_1_2300m;5.00;96;97;41.16;3.94
6900.00;7200.00;1260.00;4.51;E0_0_2400m;5.00;105;106;38.95;4.53
6900.00;7200.00;1140.00;3.83;E0_1_2400m;5.00;95;95;41.33;3.87
6900.00;7200.00;1248.00;4.46;E0_0_2500m;5.00;104;105;38.99;4.48
6900.00;7200.00;1116.00;3.74;E0_1_2500m;5.00;93;94;42.01;3.80
6900.00;7200.00;1248.00;4.45;E0_0_2600m;5.00;104;105;39.33;4.48
6900.00;7200.00;1104.00;3.66;E0_1_2600m;5.00;92;92;42.26;3.74
6900.00;7200.00;1260.00;4.45;E0_0_2700m;5.00;105;105;39.25;4.49
6900.00;7200.00;1116.00;3.67;E0_1_2700m;5.00;93;93;42.19;3.76
6900.00;7200.00;1272.00;4.49;E0_0_2800m;5.00;106;105;39.19;4.56
6900.00;7200.00;1128.00;3.72;E0_1_2800m;5.00;94;93;41.91;3.84
6900.00;7200.00;1272.00;4.55;E0_0_2900m;5.00;106;107;39.14;4.66
6900.00;7200.00;1140.00;3.78;E0_1_2900m;5.00;95;95;41.88;3.99
6900.00;7200.00;1272.00;4.68;E0_0_3000m;5.00;106;108;39.35;5.19
6900.00;7200.00;1176.00;4.71;E0_1_3000m;5.00;98;98;34.52;4.94
6900.00;7200.00;1248.00;5.75;E0_0_3100m;5.00;104;103;30.08;5.90
6900.00;7200.00;1200.00;5.68;E0_1_3100m;5.00;100;100;29.34;5.82
6900.00;7200.00;1236.00;5.72;E0_0_3200m;5.00;103;103;30.04;5.88
6900.00;7200.00;1212.00;5.76;E0_1_3200m;5.00;101;102;29.25;5.94
6900.00;7200.00;1248.00;5.60;E0_0_3300m;5.00;104;103;30.92;5.86
6900.00;7200.00;1188.00;5.61;E0_1_3300m;5.00;99;99;29.42;5.86
6900.00;7200.00;1236.00;5.80;E0_0_3400m;5.00;103;103;29.60;6.30
6900.00;7200.00;1200.00;5.74;E0_1_3400m;5.00;100;100;29.06;6.18
6900.00;7200.00;1104.00;8.46;E0_0_3500m;5.00;92;102;21.89;9.60
6900.00;7200.00;1356.00;5.89;E0_1_3500m;5.00;113;113;31.96;8.33
6900.00;7200.00;996.00;15.08;E0_0_3600m;5.00;83;86;10.92;15.44
6900.00;7200.00;1428.00;10.72;E0_1_3600m;5.00;119;121;18.73;11.64
6900.00;7200.00;924.00;15.97;E0_0_3700m;5.00;77;83;8.30;16.27
6900.00;7200.00;1416.00;12.57;E0_1_3700m;5.00;118;121;15.90;13.36
6900.00;7200.00;972.00;14.52;E0_0_3800m;5.00;81;85;9.60;15.73
6900.00;7200.00;1380.00;11.74;E0_1_3800m;5.00;115;122;16.85;12.76
6900.00;7200.00;984.00;16.02;E0_0_3900m;5.00;82;84;8.55;16.18
6900.00;7200.00;1380.00;13.01;E0_1_3900m;5.00;115;117;14.86;13.14
6900.00;7200.00;900.00;17.17;E0_0_4000m;5.00;75;77;7.37;17.29
6900.00;7200.00;1392.00;14.81;E0_1_4000m;5.00;116;117;13.11;15.26
6900.00;7200.00;852.00;25.05;E0_0_4100m;5.00;71;71;4.72;25.13
6900.00;7200.00;1440.00;25.99;E0_1_4100m;5.00;120;120;7.69;26.06
6900.00;7200.00;864.00;27.33;E0_0_4200m;5.00;72;73;4.45;27.54
6900.00;7200.00;1476.00;29.19;E0_1_4200m;5.00;123;123;7.02;29.43
6900.00;7200.00;852.00;27.51;E0_0_4300m;5.00;71;73;4.34;27.72
6900.00;7200.00;1536.00;29.27;E0_1_4300m;5.00;128;127;7.25;29.50
6900.00;7200.00;840.00;27.27;E0_0_4400m;5.00;70;70;4.28;27.46
6900.00;7200.00;1536.00;29.40;E0_1_4400m;5.00;128;128;7.26;29.60
6900.00;7200.00;840.00;27.22;E0_0_4500m;5.00;70;70;4.29;27.40
6900.00;7200.00;1536.00;29.21;E0_1_4500m;5.00;128;128;7.30;29.42
6900.00;7200.00;840.00;27.19;E0_0_4600m;5.00;70;69;4.28;27.39
6900.00;7200.00;1560.00;29.09;E0_1_4600m;5.00;130;130;7.45;29.29
6900.00;7200.00;876.00;27.18;E0_0_4700m;5.00;73;73;4.48;27.40
6900.00;7200.00;1548.00;29.20;E0_1_4700m;5.00;129;129;7.36;29.39
6900.00;7200.00;864.00;26.90;E0_0_4800m;5.00;72;73;4.49;27.11
6900.00;7200.00;1536.00;28.87;E0_1_4800m;5.00;128;129;7.40;29.07
6900.00;7200.00;840.00;27.22;E0_0_4900m;5.00;70;69;4.27;27.44
6900.00;7200.00;1536.00;28.75;E0_1_4900m;5.00;128;128;7.42;28.93
6900.00;7200.00;816.00;27.59;E0_0_5000m;5.00;68;69;4.16;27.77
6900.00;7200.00;1524.00;28.87;E0_1_5000m;5.00;127;128;7.38;29.03
7200.00;7500.00;0.00;-1.00;E0_0_0m;-1.00;0;0;0.00;-1.00
7200.00;7500.00;0.00;-1.00;E0_1_0m;-1.00;0;0;0.00;-1.00
7200.00;7500.00;1248.00;4.55;E0_0_100m;5.00;104;104;38.07;4.56
7200.00;7500.00;1164.00;3.98;E0_1_100m;5.00;97;96;40.48;3.98
7200.00;7500.00;1248.00;4.52;E0_0_200m;5.00;104;103;38.30;4.53
7200.00;7500.00;1164.00;3.93;E0_1_200m;5.00;97;97;41.09;3.94
7200.00;7500.00;1236.00;4.51;E0_0_300m;5.00;103;104;38.26;4.52
7200.00;7500.00;1164.00;3.92;E0_1_300m;5.00;97;96;40.90;3.92
7200.00;7500.00;1248.00;4.52;E0_0_400m;5.00;104;104;38.38;4.52
7200.00;7500.00;1140.00;3.88;E0_1_400m;5.00;95;96;40.94;3.89
7200.00;7500.00;1260.00;4.52;E0_0_500m;5.00;105;105;38.70;4.53
7200.00;7500.00;1128.00;3.84;E0_1_500m;5.00;94;95;41.23;3.85
7200.00;7500.00;1260.00;4.53;E0_0_600m;5.00;105;105;38.67;4.54
7200.00;7500.00;1128.00;3.79;E0_1_600m;5.00;94;94;41.29;3.81
7200.00;7500.00;1272.00;4.54;E0_0_700m;5.00;106;105;38.81;4.55
7200.00;7500.00;1116.00;3.77;E0_1_700m;5.00;93;94;41.51;3.79
7200.00;7500.00;1260.00;4.55;E0_0_800m;5.00;105;105;38.45;4.56
7200.00;7500.00;1128.00;3.75;E0_1_800m;5.00;94;94;41.39;3.77
7200.00;7500.00;1272.00;4.55;E0_0_900m;5.00;106;106;38.80;4.56
7200.00;7500.00;1128.00;3.76;E0_1_900m;5.00;94;95;41.87;3.78
7200.00;7500.00;1272.00;4.55;E0_0_1000m;5.00;106;105;38.56;4.56
7200.00;7500.00;1140.00;3.78;E0_1_1000m;5.00;95;94;41.83;3.81
7200.00;7500.00;1260.00;4.56;E0_0_1100m;5.00;105;106;38.63;4.57
7200.00;7500.00;1140.00;3.80;E0_1_1100m;5.00;95;94;41.62;3.83
7200.00;7500.00;1272.00;4.58;E0_0_1200m;5.00;106;105;38.39;4.60
7200.00;7500.00;1140.00;3.81;E0_1_1200m;5.00;95;95;41.60;3.84
7200.00;7500.00;1284.00;4.59;E0_0_1300m;5.00;107;107;38.82;4.61
7200.00;7500.00;1140.00;3.83;E0_1_1300m;5.00;95;95;41.32;3.87
7200.00;7500.00;1284.00;4.61;E0_0_1400m;5.00;107;107;38.68;4.62
7200.00;7500.00;1140.00;3.83;E0_1_1400m;5.00;95;95;41.29;3.88
7200.00;7500.00;1284.00;4.62;E0_0_1500m;5.00;107;107;38.59;4.64
7200.00;7500.00;1140.00;3.86;E0_1_1500m;5.00;95;95;41.03;3.91
7200.00;7500.00;1284.00;4.62;E0_0_1600m;5.00;107;107;38.56;4.64
7200.00;7500.00;1140.00;3.87;E0_1_1600m;5.00;95;95;40.90;3.92
7200.00;7500.00;1284.00;4.63;E0_0_1700m;5.00;107;108;38.59;4.64
7200.00;7500.00;1140.00;3.86;E0_1_1700m;5.00;95;95;41.02;3.92
7200.00;7500.00;1284.00;4.62;E0_0_1800m;5.00;107;106;38.54;4.64
7200.00;7500.00;1140.00;3.87;E0_1_1800m;5.00;95;95;41.09;3.93
7200.00;7500.00;1272.00;4.63;E0_0_1900m;5.00;106;107;38.38;4.65
7200.00;7500.00;1140.00;3.86;E0_1_1900m;5.00;95;94;40.89;3.93
7200.00;7500.00;1272.00;4.63;E0_0_2000m;5.00;106;107;38.42;4.65
7200.00;7500.00;1140.00;3.86;E0_1_2000m;5.00;95;95;41.03;3.93
7200.00;7500.00;1284.00;4.66;E0_0_2100m;5.00;107;106;38.26;4.68
7200.00;7500.00;1152.00;3.88;E0_1_2100m;5.00;96;95;40.92;3.96
7200.00;7500.00;1284.00;4.68;E0_0_2200m;5.00;107;108;38.17;4.70
7200.00;7500.00;1152.00;3.91;E0_1_2200m;5.00;96;96;40.97;3.99
7200.00;7500.00;1296.00;4.72;E0_0_2300m;5.00;108;107;38.05;4.74
7200.00;7500.00;1164.00;3.97;E0_1_2300m;5.00;97;97;40.57;4.06
7200.00;7500.00;1308.00;4.77;E0_0_2400m;5.00;109;108;37.98;4.80
7200.00;7500.00;1188.00;4.06;E0_1_2400m;5.00;99;99;40.63;4.14
7200.00;7500.00;1308.00;4.80;E0_0_2500m;5.00;109;109;38.05;4.82
7200.00;7500.00;1212.00;4.16;E0_1_2500m;5.00;101;100;39.89;4.22
7200.00;7500.00;1320.00;4.84;E0_0_2600m;5.00;110;109;37.51;4.87
7200.00;7500.00;1236.00;4.27;E0_1_2600m;5.00;103;102;39.74;4.31
7200.00;7500.00;1308.00;4.84;E0_0_2700m;5.00;109;108;37.50;4.87
7200.00;7500.00;1224.00;4.34;E0_1_2700m;5.00;102;102;39.20;4.39
7200.00;7500.00;1308.00;4.85;E0_0_2800m;5.00;109;109;37.48;4.89
7200.00;7500.00;1236.00;4.35;E0_1_2800m;5.00;103;103;39.49;4.42
7200.00;7500.00;1308.00;4.84;E0_0_2900m;5.00;109;109;37.41;4.91
7200.00;7500.00;1224.00;4.35;E0_1_2900m;5.00;102;103;39.41;4.45
7200.00;7500.00;1308.00;4.78;E0_0_3000m;5.00;109;108;37.92;5.13
7200.00;7500.00;1236.00;4.73;E0_1_3000m;5.00;103;102;36.23;5.04
7200.00;7500.00;1272.00;5.91;E0_0_3100m;5.00;106;106;29.87;6.01
7200.00;7500.00;1248.00;5.94;E0_1_3100m;5.00;104;105;29.44;6.05
7200.00;7500.00;1284.00;5.87;E0_0_3200m;5.00;107;107;30.36;5.98
7200.00;7500.00;1260.00;5.87;E0_1_3200m;5.00;105;105;30.03;5.97
7200.00;7500.00;1284.00;5.87;E0_0_3300m;5.00;107;107;30.40;6.01
7200.00;7500.00;1260.00;5.86;E0_1_3300m;5.00;105;106;30.08;6.02
7200.00;7500.00;1296.00;5.88;E0_0_3400m;5.00;108;108;30.63;6.22
7200.00;7500.00;1260.00;5.80;E0_1_3400m;5.00;105;105;30.17;6.13
7200.00;7500.00;1176.00;8.19;E0_0_3500m;5.00;98;108;25.63;9.36
7200.00;7500.00;1356.00;5.24;E0_1_3500m;5.00;113;114;36.02;7.74
7200.00;7500.00;1164.00;14.05;E0_0_3600m;5.00;97;99;12.38;15.37
7200.00;7500.00;1380.00;10.56;E0_1_3600m;5.00;115;118;18.39;11.70
7200.00;7500.00;1188.00;16.18;E0_0_3700m;5.00;99;101;10.28;16.54
7200.00;7500.00;1416.00;12.94;E0_1_3700m;5.00;118;120;15.32;13.23
7200.00;7500.00;1188.00;16.02;E0_0_3800m;5.00;99;102;10.53;16.31
7200.00;7500.00;1464.00;12.85;E0_1_3800m;5.00;122;126;16.02;13.12
7200.00;7500.00;1176.00;14.93;E0_0_3900m;5.00;98;101;11.10;15.80
7200.00;7500.00;1476.00;11.68;E0_1_3900m;5.00;123;126;17.79;12.81
7200.00;7500.00;1068.00;17.06;E0_0_4000m;5.00;89;90;8.76;17.15
7200.00;7500.00;1584.00;14.94;E0_1_4000m;5.00;132;133;14.81;15.58
7200.00;7500.00;1020.00;24.50;E0_0_4100m;5.00;85;85;5.78;24.68
7200.00;7500.00;1584.00;25.61;E0_1_4100m;5.00;132;133;8.60;25.70
7200.00;7500.00;984.00;26.73;E0_0_4200m;5.00;82;85;5.19;27.09
7200.00;7500.00;1572.00;27.88;E0_1_4200m;5.00;131;133;7.89;28.17
7200.00;7500.00;936.00;26.65;E0_0_4300m;5.00;78;79;4.88;26.97
7200.00;7500.00;1620.00;28.01;E0_1_4300m;5.00;135;135;8.03;28.34
7200.00;7500.00;912.00;26.38;E0_0_4400m;5.00;76;77;4.82;26.68
7200.00;7500.00;1608.00;27.82;E0_1_4400m;5.00;134;134;8.03;28.16
7200.00;7500.00;876.00;26.11;E0_0_4500m;5.00;73;73;4.66;26.43
7200.00;7500.00;1620.00;27.43;E0_1_4500m;5.00;135;135;8.20;27.77
7200.00;7500.00;888.00;26.00;E0_0_4600m;5.00;74;74;4.74;26.43
7200.00;7500.00;1584.00;27.01;E0_1_4600m;5.00;132;133;8.21;27.33
7200.00;7500.00;852.00;25.56;E0_0_4700m;5.00;71;72;4.65;25.89
7200.00;7500.00;1572.00;26.66;E0_1_4700m;5.00;131;131;8.19;26.94
7200.00;7500.00;900.00;25.75;E0_0_4800m;5.00;75;75;4.85;26.19
7200.00;7500.00;1548.00;26.54;E0_1_4800m;5.00;129;130;8.20;26.79
7200.00;7500.00;912.00;25.91;E0_0_4900m;5.00;76;77;4.92;26.15
7200.00;7500.00;1584.00;26.44;E0_1_4900m;5.00;132;132;8.32;26.64
7200.00;7500.00;900.00;26.01;E0_0_5000m;5.00;75;74;4.76;26.24
7200.00;7500.00;1620.00;26.74;E0_1_5000m;5.00;135;134;8.36;26.92
7500.00;7800.00;0.00;-1.00;E0_0_0m;-1.00;0;0;0.00;-1.00
7500.00;7800.00;0.00;-1.00;E0_1_0m;-1.00;0;0;0.00;-1.00
7500.00;7800.00;1296.00;4.76;E0_0_100m;5.00;108;108;37.79;4.77
7500.00;7800.00;1140.00;3.94;E0_1_100m;5.00;95;95;40.18;3.96
7500.00;7800.00;1296.00;4.74;E0_0_200m;5.00;108;109;38.23;4.75
7500.00;7800.00;1140.00;3.93;E0_1_200m;5.00;95;95;40.24;3.96
7500.00;7800.00;1308.00;4.76;E0_0_300m;5.00;109;108;37.94;4.76
7500.00;7800.00;1152.00;3.99;E0_1_300m;5.00;96;97;40.15;4.02
7500.00;7800.00;1296.00;4.76;E0_0_400m;5.00;108;109;38.11;4.76
7500.00;7800.00;1164.00;4.01;E0_1_400m;5.00;97;97;40.41;4.04
7500.00;7800.00;1296.00;4.77;E0_0_500m;5.00;108;108;37.77;4.77
7500.00;7800.00;1188.00;4.10;E0_1_500m;5.00;99;98;39.82;4.12
7500.00;7800.00;1296.00;4.76;E0_0_600m;5.00;108;107;37.73;4.76
7500.00;7800.00;1188.00;4.17;E0_1_600m;5.00;99;100;39.91;4.19
7500.00;7800.00;1296.00;4.77;E0_0_700m;5.00;108;108;37.75;4.77
7500.00;7800.00;1212.00;4.23;E0_1_700m;5.00;101;100;39.39;4.25
7500.00;7800.00;1296.00;4.77;E0_0_800m;5.00;108;109;37.75;4.78
7500.00;7800.00;1212.00;4.28;E0_1_800m;5.00;101;100;39.29;4.29
7500.00;7800.00;1296.00;4.79;E0_0_900m;5.00;108;108;37.61;4.79
7500.00;7800.00;1212.00;4.30;E0_1_900m;5.00;101;101;39.16;4.31
7500.00;7800.00;1296.00;4.79;E0_0_1000m;5.00;108;108;37.56;4.80
7500.00;7800.00;1212.00;4.31;E0_1_1000m;5.00;101;101;39.08;4.33
7500.00;7800.00;1296.00;4.76;E0_0_1100m;5.00;108;108;37.60;4.77
7500.00;7800.00;1212.00;4.32;E0_1_1100m;5.00;101;101;39.01;4.33
7500.00;7800.00;1284.00;4.74;E0_0_1200m;5.00;107;108;37.83;4.75
7500.00;7800.00;1212.00;4.32;E0_1_1200m;5.00;101;102;38.98;4.34
7500.00;7800.00;1272.00;4.71;E0_0_1300m;5.00;106;107;37.85;4.72
7500.00;7800.00;1212.00;4.31;E0_1_1300m;5.00;101;102;39.34;4.33
7500.00;7800.00;1272.00;4.69;E0_0_1400m;5.00;106;106;37.63;4.70
7500.00;7800.00;1212.00;4.28;E0_1_1400m;5.00;101;102;39.67;4.30
7500.00;7800.00;1260.00;4.65;E0_0_1500m;5.00;105;106;37.85;4.67
7500.00;7800.00;1212.00;4.24;E0_1_1500m;5.00;101;101;39.69;4.27
7500.00;7800.00;1260.00;4.60;E0_0_1600m;5.00;105;105;38.08;4.63
7500.00;7800.00;1200.00;4.22;E0_1_1600m;5.00;100;101;39.70;4.25
7500.00;7800.00;1260.00;4.55;E0_0_1700m;5.00;105;104;38.39;4.60
7500.00;7800.00;1200.00;4.19;E0_1_1700m;5.00;100;100;39.78;4.23
7500.00;7800.00;1260.00;4.51;E0_0_1800m;5.00;105;105;38.84;4.56
7500.00;7800.00;1212.00;4.20;E0_1_1800m;5.00;101;100;39.83;4.24
7500.00;7800.00;1260.00;4.48;E0_0_1900m;5.00;105;104;38.86;4.54
7500.00;7800.00;1200.00;4.20;E0_1_1900m;5.00;100;101;40.03;4.25
7500.00;7800.00;1248.00;4.45;E0_0_2000m;5.00;104;104;38.97;4.52
7500.00;7800.00;1200.00;4.18;E0_1_2000m;5.00;100;100;39.89;4.23
7500.00;7800.00;1236.00;4.40;E0_0_2100m;5.00;103;104;39.25;4.47
7500.00;7800.00;1188.00;4.17;E0_1_2100m;5.00;99;100;39.99;4.22
7500.00;7800.00;1236.00;4.36;E0_0_2200m;5.00;103;102;39.29;4.44
7500.00;7800.00;1188.00;4.10;E0_1_2200m;5.00;99;100;40.38;4.17
7500.00;7800.00;1224.00;4.30;E0_0_2300m;5.00;102;102;39.51;4.38
7500.00;7800.00;1176.00;4.04;E0_1_2300m;5.00;98;98;40.66;4.12
7500.00;7800.00;1212.00;4.25;E0_0_2400m;5.00;101;101;39.63;4.31
7500.00;7800.00;1164.00;3.98;E0_1_2400m;5.00;97;97;40.59;4.07
7500.00;7800.00;1212.00;4.23;E0_0_2500m;5.00;101;101;39.73;4.29
7500.00;7800.00;1164.00;3.96;E0_1_2500m;5.00;97;97;40.78;4.05
7500.00;7800.00;1212.00;4.22;E0_0_2600m;5.00;101;101;39.88;4.28
7500.00;7800.00;1140.00;3.93;E0_1_2600m;5.00;95;96;40.58;4.02
7500.00;7800.00;1212.00;4.18;E0_0_2700m;5.00;101;102;40.30;4.24
7500.00;7800.00;1140.00;3.90;E0_1_2700m;5.00;95;96;40.91;3.98
7500.00;7800.00;1200.00;4.14;E0_0_2800m;5.00;100;100;40.27;4.20
7500.00;7800.00;1128.00;3.82;E0_1_2800m;5.00;94;95;41.04;3.91
7500.00;7800.00;1212.00;4.13;E0_0_2900m;5.00;101;100;40.60;4.21
7500.00;7800.00;1128.00;3.78;E0_1_2900m;5.00;94;94;41.35;3.89
7500.00;7800.00;1188.00;4.09;E0_0_3000m;5.00;99;101;41.40;4.54
7500.00;7800.00;1140.00;4.40;E0_1_3000m;5.00;95;95;36.02;4.60
7500.00;7800.00;1176.00;5.24;E0_0_3100m;5.00;98;99;31.30;5.35
7500.00;7800.00;1140.00;5.26;E0_1_3100m;5.00;95;94;29.85;5.37
7500.00;7800.00;1176.00;5.33;E0_0_3200m;5.00;98;98;30.62;5.47
7500.00;7800.00;1128.00;5.32;E0_1_3200m;5.00;94;93;29.23;5.46
7500.00;7800.00;1176.00;5.29;E0_0_3300m;5.00;98;98;30.90;5.50
7500.00;7800.00;1140.00;5.31;E0_1_3300m;5.00;95;94;29.61;5.52
7500.00;7800.00;1152.00;5.34;E0_0_3400m;5.00;96;97;30.19;5.75
7500.00;7800.00;1116.00;5.35;E0_1_3400m;5.00;93;94;29.19;5.75
7500.00;7800.00;984.00;7.08;E0_0_3500m;5.00;82;93;23.66;8.17
7500.00;7800.00;1248.00;5.00;E0_1_3500m;5.00;104;104;34.66;7.25
7500.00;7800.00;972.00;14.25;E0_0_3600m;5.00;81;84;10.59;15.49
7500.00;7800.00;1332.00;11.14;E0_1_3600m;5.00;111;115;17.41;11.93
7500.00;7800.00;936.00;16.66;E0_0_3700m;5.00;78;79;7.87;16.87
7500.00;7800.00;1356.00;13.30;E0_1_3700m;5.00;113;115;14.33;13.46
7500.00;7800.00;840.00;16.59;E0_0_3800m;5.00;70;73;7.20;16.72
7500.00;7800.00;1452.00;13.54;E0_1_3800m;5.00;121;123;15.03;13.85
7500.00;7800.00;840.00;14.57;E0_0_3900m;5.00;70;72;8.14;16.00
7500.00;7800.00;1416.00;12.62;E0_1_3900m;5.00;118;121;15.77;13.22
7500.00;7800.00;864.00;17.30;E0_0_4000m;5.00;72;73;6.96;17.47
7500.00;7800.00;1404.00;14.32;E0_1_4000m;5.00;117;117;13.61;14.66
7500.00;7800.00;828.00;25.01;E0_0_4100m;5.00;69;69;4.60;25.10
7500.00;7800.00;1488.00;25.61;E0_1_4100m;5.00;124;124;8.11;25.68
7500.00;7800.00;840.00;27.46;E0_0_4200m;5.00;70;72;4.30;27.83
7500.00;7800.00;1464.00;28.14;E0_1_4200m;5.00;122;124;7.32;28.44
7500.00;7800.00;840.00;27.05;E0_0_4300m;5.00;70;71;4.36;27.32
7500.00;7800.00;1476.00;28.29;E0_1_4300m;5.00;123;123;7.25;28.65
7500.00;7800.00;888.00;26.78;E0_0_4400m;5.00;74;75;4.63;27.07
7500.00;7800.00;1452.00;27.71;E0_1_4400m;5.00;121;121;7.28;28.18
7500.00;7800.00;876.00;26.33;E0_0_4500m;5.00;73;73;4.62;26.69
7500.00;7800.00;1440.00;27.29;E0_1_4500m;5.00;120;120;7.33;27.74
7500.00;7800.00;828.00;25.80;E0_0_4600m;5.00;69;69;4.46;26.23
7500.00;7800.00;1452.00;26.90;E0_1_4600m;5.00;121;121;7.50;27.41
7500.00;7800.00;816.00;25.52;E0_0_4700m;5.00;68;67;4.42;25.98
7500.00;7800.00;1464.00;26.64;E0_1_4700m;5.00;122;123;7.68;27.18
7500.00;7800.00;804.00;25.33;E0_0_4800m;5.00;67;68;4.47;25.85
7500.00;7800.00;1452.00;26.38;E0_1_4800m;5.00;121;121;7.65;26.97
7500.00;7800.00;792.00;25.59;E0_0_4900m;5.00;66;66;4.30;26.03
7500.00;7800.00;1440.00;26.42;E0_1_4900m;5.00;120;120;7.57;26.96
7500.00;7800.00;828.00;26.37;E0_0_5000m;5.00;69;71;4.40;26.62
7500.00;7800.00;1428.00;27.20;E0_1_5000m;5.00;119;119;7.29;27.53
