interval_begin;interval_end;interval_flow;interval_harmonicMeanSpeed;interval_id;interval_length;interval_nVehContrib;interval_nVehEntered;interval_occupancy;interval_speed
0.00;300.00;0.00;-1.00;E0_0_0m;-1.00;0;0;0.00;-1.00
0.00;300.00;0.00;-1.00;E0_1_0m;-1.00;0;0;0.00;-1.00
0.00;300.00;1800.00;26.61;E0_0_100m;5.00;150;151;9.41;26.75
0.00;300.00;2028.00;27.96;E0_1_100m;5.00;169;169;10.07;28.11
0.00;300.00;1752.00;26.45;E0_0_200m;5.00;146;146;9.20;26.59
0.00;300.00;2040.00;27.92;E0_1_200m;5.00;170;170;10.15;28.05
0.00;300.00;1728.00;26.30;E0_0_300m;5.00;144;144;9.12;26.43
0.00;300.00;2016.00;27.77;E0_1_300m;5.00;168;168;10.08;27.91
0.00;300.00;1680.00;25.99;E0_0_400m;5.00;140;140;8.98;26.13
0.00;300.00;2028.00;27.66;E0_1_400m;5.00;169;170;10.22;27.80
0.00;300.00;1680.00;25.83;E0_0_500m;5.00;140;140;9.03;25.99
0.00;300.00;1968.00;27.61;E0_1_500m;5.00;164;164;9.90;27.75
0.00;300.00;1668.00;25.74;E0_0_600m;5.00;139;139;9.00;25.89
0.00;300.00;1932.00;27.64;E0_1_600m;5.00;161;161;9.71;27.79
0.00;300.00;1644.00;25.72;E0_0_700m;5.00;137;137;8.88;25.84
0.00;300.00;1920.00;27.39;E0_1_700m;5.00;160;160;9.74;27.52
0.00;300.00;1620.00;25.61;E0_0_800m;5.00;135;135;8.79;25.74
0.00;300.00;1896.00;27.33;E0_1_800m;5.00;158;158;9.64;27.45
0.00;300.00;1584.00;25.51;E0_0_900m;5.00;132;132;8.62;25.66
0.00;300.00;1872.00;27.38;E0_1_900m;5.00;156;156;9.49;27.51
0.00;300.00;1548.00;25.46;E0_0_1000m;5.00;129;129;8.44;25.60
0.00;300.00;1836.00;27.42;E0_1_1000m;5.00;153;153;9.30;27.55
0.00;300.00;1524.00;25.52;E0_0_1100m;5.00;127;127;8.30;25.64
0.00;300.00;1800.00;27.41;E0_1_1100m;5.00;150;150;9.12;27.55
0.00;300.00;1488.00;25.52;E0_0_1200m;5.00;124;124;8.10;25.64
0.00;300.00;1764.00;27.42;E0_1_1200m;5.00;147;147;8.93;27.56
0.00;300.00;1464.00;25.47;E0_0_1300m;5.00;122;122;7.98;25.57
0.00;300.00;1716.00;27.42;E0_1_1300m;5.00;143;143;8.69;27.57
0.00;300.00;1404.00;25.51;E0_0_1400m;5.00;117;117;7.64;25.61
0.00;300.00;1704.00;27.30;E0_1_1400m;5.00;142;142;8.67;27.46
0.00;300.00;1356.00;25.43;E0_0_1500m;5.00;113;113;7.40;25.53
0.00;300.00;1680.00;27.17;E0_1_1500m;5.00;140;140;8.59;27.33
0.00;300.00;1320.00;25.44;E0_0_1600m;5.00;110;110;7.21;25.54
0.00;300.00;1680.00;27.12;E0_1_1600m;5.00;140;140;8.61;27.29
0.00;300.00;1296.00;25.61;E0_0_1700m;5.00;108;108;7.03;25.73
0.00;300.00;1644.00;27.08;E0_1_1700m;5.00;137;137;8.43;27.27
0.00;300.00;1260.00;25.67;E0_0_1800m;5.00;105;105;6.82;25.80
0.00;300.00;1608.00;26.88;E0_1_1800m;5.00;134;134;8.31;27.05
0.00;300.00;1212.00;25.92;E0_0_1900m;5.00;101;101;6.49;26.07
0.00;300.00;1596.00;26.77;E0_1_1900m;5.00;133;133;8.28;26.95
0.00;300.00;1164.00;25.88;E0_0_2000m;5.00;97;97;6.25;26.01
0.00;300.00;1572.00;26.71;E0_1_2000m;5.00;131;131;8.17;26.90
0.00;300.00;1152.00;25.77;E0_0_2100m;5.00;96;96;6.21;25.90
0.00;300.00;1536.00;26.59;E0_1_2100m;5.00;128;128;8.02;26.77
0.00;300.00;1164.00;25.78;E0_0_2200m;5.00;97;97;6.27;25.91
0.00;300.00;1488.00;26.47;E0_1_2200m;5.00;124;125;7.82;26.66
0.00;300.00;1128.00;25.78;E0_0_2300m;5.00;94;94;6.08;25.91
0.00;300.00;1476.00;26.41;E0_1_2300m;5.00;123;123;7.76;26.60
0.00;300.00;1104.00;25.75;E0_0_2400m;5.00;92;92;5.95;25.88
0.00;300.00;1440.00;26.30;E0_1_2400m;5.00;120;120;7.60;26.47
0.00;300.00;1056.00;25.74;E0_0_2500m;5.00;88;88;5.70;25.89
0.00;300.00;1416.00;26.18;E0_1_2500m;5.00;118;119;7.54;26.34
0.00;300.00;1008.00;25.78;E0_0_2600m;5.00;84;85;5.44;25.94
0.00;300.00;1404.00;26.11;E0_1_2600m;5.00;117;117;7.47;26.26
0.00;300.00;984.00;25.79;E0_0_2700m;5.00;82;82;5.30;25.95
0.00;300.00;1368.00;26.03;E0_1_2700m;5.00;114;114;7.30;26.17
0.00;300.00;972.00;25.70;E0_0_2800m;5.00;81;81;5.25;25.85
0.00;300.00;1344.00;25.95;E0_1_2800m;5.00;112;112;7.19;26.09
0.00;300.00;984.00;25.66;E0_0_2900m;5.00;82;82;5.33;25.81
0.00;300.00;1296.00;25.86;E0_1_2900m;5.00;108;108;6.96;26.00
0.00;300.00;984.00;25.63;E0_0_3000m;5.00;82;82;5.33;25.79
0.00;300.00;1248.00;25.71;E0_1_3000m;5.00;104;104;6.74;25.84
0.00;300.00;984.00;25.61;E0_0_3100m;5.00;82;82;5.34;25.78
0.00;300.00;1200.00;25.63;E0_1_3100m;5.00;100;100;6.50;25.76
0.00;300.00;960.00;25.63;E0_0_3200m;5.00;80;80;5.20;25.80
0.00;300.00;1164.00;25.58;E0_1_3200m;5.00;97;98;6.35;25.72
0.00;300.00;924.00;25.60;E0_0_3300m;5.00;77;77;5.01;25.77
0.00;300.00;1140.00;25.56;E0_1_3300m;5.00;95;95;6.19;25.69
0.00;300.00;900.00;25.55;E0_0_3400m;5.00;75;75;4.89;25.73
0.00;300.00;1104.00;25.55;E0_1_3400m;5.00;92;92;6.00;25.68
0.00;300.00;876.00;25.58;E0_0_3500m;5.00;73;73;4.76;25.76
0.00;300.00;1068.00;25.55;E0_1_3500m;5.00;89;89;5.81;25.68
0.00;300.00;864.00;25.57;E0_0_3600m;5.00;72;72;4.69;25.76
0.00;300.00;1032.00;25.54;E0_1_3600m;5.00;86;86;5.61;25.68
0.00;300.00;828.00;25.59;E0_0_3700m;5.00;69;70;4.52;25.78
0.00;300.00;996.00;25.52;E0_1_3700m;5.00;83;83;5.42;25.66
0.00;300.00;804.00;25.56;E0_0_3800m;5.00;67;67;4.37;25.76
0.00;300.00;960.00;25.54;E0_1_3800m;5.00;80;80;5.22;25.69
0.00;300.00;780.00;25.59;E0_0_3900m;5.00;65;65;4.23;25.79
0.00;300.00;924.00;25.55;E0_1_3900m;5.00;77;77;5.02;25.71
0.00;300.00;768.00;25.61;E0_0_4000m;5.00;64;64;4.16;25.81
0.00;300.00;900.00;25.74;E0_1_4000m;5.00;75;75;4.86;25.92
0.00;300.00;744.00;25.73;E0_0_4100m;5.00;62;63;4.09;25.94
0.00;300.00;852.00;25.99;E0_1_4100m;5.00;71;71;4.55;26.24
0.00;300.00;708.00;25.83;E0_0_4200m;5.00;59;59;3.81;26.03
0.00;300.00;828.00;26.18;E0_1_4200m;5.00;69;69;4.39;26.45
0.00;300.00;672.00;25.84;E0_0_4300m;5.00;56;56;3.61;26.05
0.00;300.00;804.00;26.38;E0_1_4300m;5.00;67;67;4.23;26.67
0.00;300.00;636.00;25.96;E0_0_4400m;5.00;53;54;3.44;26.17
0.00;300.00;768.00;26.52;E0_1_4400m;5.00;64;64;4.02;26.81
0.00;300.00;612.00;26.16;E0_0_4500m;5.00;51;52;3.31;26.37
0.00;300.00;732.00;26.79;E0_1_4500m;5.00;61;61;3.80;27.15
0.00;300.00;588.00;26.27;E0_0_4600m;5.00;49;49;3.11;26.49
0.00;300.00;696.00;26.88;E0_1_4600m;5.00;58;58;3.60;27.19
0.00;300.00;552.00;26.48;E0_0_4700m;5.00;46;47;2.95;26.69
0.00;300.00;660.00;27.12;E0_1_4700m;5.00;55;55;3.38;27.43
0.00;300.00;516.00;26.86;E0_0_4800m;5.00;43;43;2.67;27.06
0.00;300.00;624.00;27.59;E0_1_4800m;5.00;52;52;3.14;27.88
0.00;300.00;504.00;26.94;E0_0_4900m;5.00;42;42;2.60;27.18
0.00;300.00;624.00;28.24;E0_1_4900m;5.00;52;52;3.07;28.52
0.00;300.00;528.00;27.09;E0_0_5000m;5.00;44;44;2.71;27.30
0.00;300.00;600.00;28.68;E0_1_5000m;5.00;50;50;2.91;29.01
300.00;600.00;0.00;-1.00;E0_0_0m;-1.00;0;0;0.00;-1.00
300.00;600.00;0.00;-1.00;E0_1_0m;-1.00;0;0;0.00;-1.00
300.00;600.00;1608.00;26.30;E0_0_100m;5.00;134;134;8.49;26.44
300.00;600.00;2196.00;27.42;E0_1_100m;5.00;183;183;11.12;27.55
300.00;600.00;1680.00;26.52;E0_0_200m;5.00;140;140;8.80;26.68
300.00;600.00;2112.00;27.75;E0_1_200m;5.00;176;176;10.57;27.94
300.00;600.00;1656.00;26.55;E0_0_300m;5.00;138;138;8.66;26.70
300.00;600.00;2136.00;27.65;E0_1_300m;5.00;178;178;10.73;27.84
300.00;600.00;1656.00;26.58;E0_0_400m;5.00;138;138;8.65;26.73
300.00;600.00;2136.00;27.52;E0_1_400m;5.00;178;177;10.75;27.71
300.00;600.00;1644.00;26.50;E0_0_500m;5.00;137;137;8.62;26.65
300.00;600.00;2136.00;27.47;E0_1_500m;5.00;178;178;10.80;27.65
300.00;600.00;1656.00;26.42;E0_0_600m;5.00;138;138;8.71;26.57
300.00;600.00;2112.00;27.42;E0_1_600m;5.00;176;176;10.70;27.59
300.00;600.00;1692.00;26.23;E0_0_700m;5.00;141;141;8.96;26.39
300.00;600.00;2040.00;27.26;E0_1_700m;5.00;170;170;10.39;27.47
300.00;600.00;1668.00;26.00;E0_0_800m;5.00;139;139;8.91;26.18
300.00;600.00;2052.00;26.88;E0_1_800m;5.00;171;171;10.60;27.11
300.00;600.00;1668.00;25.70;E0_0_900m;5.00;139;139;9.02;25.88
300.00;600.00;2052.00;26.59;E0_1_900m;5.00;171;171;10.72;26.85
300.00;600.00;1692.00;25.37;E0_0_1000m;5.00;141;141;9.26;25.55
300.00;600.00;2076.00;26.32;E0_1_1000m;5.00;173;173;10.96;26.61
300.00;600.00;1680.00;25.28;E0_0_1100m;5.00;140;141;9.26;25.48
300.00;600.00;2076.00;26.10;E0_1_1100m;5.00;173;173;11.05;26.41
300.00;600.00;1728.00;25.21;E0_0_1200m;5.00;144;144;9.52;25.41
300.00;600.00;2100.00;25.98;E0_1_1200m;5.00;175;175;11.23;26.30
300.00;600.00;1752.00;24.93;E0_0_1300m;5.00;146;147;9.77;25.12
300.00;600.00;2148.00;25.69;E0_1_1300m;5.00;179;179;11.61;26.00
300.00;600.00;1776.00;24.65;E0_0_1400m;5.00;148;148;10.01;24.83
300.00;600.00;2172.00;25.46;E0_1_1400m;5.00;181;181;11.85;25.73
300.00;600.00;1776.00;24.44;E0_0_1500m;5.00;148;148;10.09;24.61
300.00;600.00;2184.00;25.22;E0_1_1500m;5.00;182;182;12.03;25.48
300.00;600.00;1728.00;24.44;E0_0_1600m;5.00;144;144;9.82;24.61
300.00;600.00;2196.00;25.04;E0_1_1600m;5.00;183;183;12.18;25.28
300.00;600.00;1716.00;24.50;E0_0_1700m;5.00;143;143;9.73;24.68
300.00;600.00;2208.00;24.92;E0_1_1700m;5.00;184;184;12.31;25.16
300.00;600.00;1740.00;24.48;E0_0_1800m;5.00;145;146;9.88;24.66
300.00;600.00;2208.00;24.99;E0_1_1800m;5.00;184;184;12.27;25.25
300.00;600.00;1788.00;24.37;E0_0_1900m;5.00;149;149;10.19;24.54
300.00;600.00;2208.00;25.05;E0_1_1900m;5.00;184;184;12.24;25.32
300.00;600.00;1836.00;24.28;E0_0_2000m;5.00;153;153;10.50;24.44
300.00;600.00;2232.00;25.11;E0_1_2000m;5.00;186;186;12.34;25.40
300.00;600.00;1824.00;24.11;E0_0_2100m;5.00;152;152;10.51;24.26
300.00;600.00;2244.00;25.00;E0_1_2100m;5.00;187;188;12.49;25.28
300.00;600.00;1824.00;24.06;E0_0_2200m;5.00;152;152;10.53;24.21
300.00;600.00;2220.00;25.00;E0_1_2200m;5.00;185;184;12.32;25.28
300.00;600.00;1848.00;24.07;E0_0_2300m;5.00;154;154;10.66;24.23
300.00;600.00;2184.00;24.99;E0_1_2300m;5.00;182;182;12.14;25.27
300.00;600.00;1824.00;24.07;E0_0_2400m;5.00;152;153;10.57;24.21
300.00;600.00;2184.00;25.09;E0_1_2400m;5.00;182;182;12.09;25.38
300.00;600.00;1812.00;24.04;E0_0_2500m;5.00;151;151;10.47;24.18
300.00;600.00;2196.00;25.15;E0_1_2500m;5.00;183;182;12.10;25.44
300.00;600.00;1800.00;24.20;E0_0_2600m;5.00;150;149;10.32;24.34
300.00;600.00;2208.00;25.20;E0_1_2600m;5.00;184;185;12.21;25.48
300.00;600.00;1800.00;24.19;E0_0_2700m;5.00;150;150;10.33;24.32
300.00;600.00;2208.00;25.36;E0_1_2700m;5.00;184;184;12.09;25.65
300.00;600.00;1788.00;24.22;E0_0_2800m;5.00;149;149;10.26;24.34
300.00;600.00;2184.00;25.44;E0_1_2800m;5.00;182;182;11.92;25.74
300.00;600.00;1740.00;24.18;E0_0_2900m;5.00;145;145;9.99;24.30
300.00;600.00;2184.00;25.55;E0_1_2900m;5.00;182;182;11.87;25.84
300.00;600.00;1704.00;24.23;E0_0_3000m;5.00;142;142;9.77;24.35
300.00;600.00;2196.00;25.62;E0_1_3000m;5.00;183;183;11.90;25.91
300.00;600.00;1704.00;24.35;E0_0_3100m;5.00;142;142;9.72;24.47
300.00;600.00;2196.00;25.70;E0_1_3100m;5.00;183;183;11.87;25.98
300.00;600.00;1680.00;24.41;E0_0_3200m;5.00;140;140;9.56;24.53
300.00;600.00;2208.00;25.81;E0_1_3200m;5.00;184;183;11.85;26.09
300.00;600.00;1728.00;24.50;E0_0_3300m;5.00;144;144;9.80;24.63
300.00;600.00;2160.00;25.97;E0_1_3300m;5.00;180;181;11.62;26.27
300.00;600.00;1728.00;24.56;E0_0_3400m;5.00;144;145;9.81;24.68
300.00;600.00;2148.00;26.01;E0_1_3400m;5.00;179;179;11.47;26.31
300.00;600.00;1704.00;24.58;E0_0_3500m;5.00;142;143;9.69;24.69
300.00;600.00;2160.00;26.02;E0_1_3500m;5.00;180;180;11.53;26.30
300.00;600.00;1668.00;24.57;E0_0_3600m;5.00;139;140;9.44;24.67
300.00;600.00;2172.00;25.97;E0_1_3600m;5.00;181;181;11.62;26.24
300.00;600.00;1716.00;24.65;E0_0_3700m;5.00;143;142;9.64;24.76
300.00;600.00;2148.00;26.00;E0_1_3700m;5.00;179;179;11.48;26.22
300.00;600.00;1704.00;24.74;E0_0_3800m;5.00;142;142;9.57;24.84
300.00;600.00;2136.00;25.96;E0_1_3800m;5.00;178;179;11.50;26.16
300.00;600.00;1668.00;24.76;E0_0_3900m;5.00;139;139;9.35;24.86
300.00;600.00;2160.00;25.92;E0_1_3900m;5.00;180;181;11.64;26.09
300.00;600.00;1620.00;24.78;E0_0_4000m;5.00;135;135;9.08;24.87
300.00;600.00;2172.00;25.95;E0_1_4000m;5.00;181;181;11.62;26.12
300.00;600.00;1656.00;24.78;E0_0_4100m;5.00;138;137;9.21;24.87
300.00;600.00;2160.00;25.99;E0_1_4100m;5.00;180;180;11.54;26.17
300.00;600.00;1680.00;24.75;E0_0_4200m;5.00;140;140;9.43;24.84
300.00;600.00;2136.00;25.95;E0_1_4200m;5.00;178;178;11.43;26.13
300.00;600.00;1704.00;24.70;E0_0_4300m;5.00;142;142;9.58;24.78
300.00;600.00;2124.00;25.89;E0_1_4300m;5.00;177;177;11.40;26.05
300.00;600.00;1704.00;24.60;E0_0_4400m;5.00;142;141;9.58;24.67
300.00;600.00;2124.00;25.71;E0_1_4400m;5.00;177;177;11.47;25.85
300.00;600.00;1692.00;24.49;E0_0_4500m;5.00;141;142;9.62;24.54
300.00;600.00;2112.00;25.57;E0_1_4500m;5.00;176;176;11.47;25.70
300.00;600.00;1692.00;24.48;E0_0_4600m;5.00;141;141;9.60;24.54
300.00;600.00;2112.00;25.48;E0_1_4600m;5.00;176;176;11.51;25.60
300.00;600.00;1692.00;24.48;E0_0_4700m;5.00;141;140;9.54;24.53
300.00;600.00;2112.00;25.47;E0_1_4700m;5.00;176;176;11.52;25.60
300.00;600.00;1692.00;24.51;E0_0_4800m;5.00;141;141;9.59;24.55
300.00;600.00;2100.00;25.44;E0_1_4800m;5.00;175;175;11.46;25.57
300.00;600.00;1692.00;24.47;E0_0_4900m;5.00;141;141;9.60;24.52
300.00;600.00;2100.00;25.41;E0_1_4900m;5.00;175;175;11.48;25.53
300.00;600.00;1680.00;24.46;E0_0_5000m;5.00;140;140;9.54;24.50
300.00;600.00;2112.00;25.45;E0_1_5000m;5.00;176;176;11.53;25.56
600.00;900.00;0.00;-1.00;E0_0_0m;-1.00;0;0;0.00;-1.00
600.00;900.00;0.00;-1.00;E0_1_0m;-1.00;0;0;0.00;-1.00
600.00;900.00;1800.00;26.00;E0_0_100m;5.00;150;150;9.61;26.11
600.00;900.00;2208.00;27.58;E0_1_100m;5.00;184;184;11.12;27.69
600.00;900.00;1848.00;26.02;E0_0_200m;5.00;154;154;9.86;26.14
600.00;900.00;2148.00;27.78;E0_1_200m;5.00;179;179;10.74;27.96
600.00;900.00;1824.00;26.00;E0_0_300m;5.00;152;152;9.74;26.13
600.00;900.00;2172.00;27.82;E0_1_300m;5.00;181;181;10.84;27.99
600.00;900.00;1824.00;25.99;E0_0_400m;5.00;152;152;9.75;26.11
600.00;900.00;2136.00;27.71;E0_1_400m;5.00;178;178;10.71;27.89
600.00;900.00;1812.00;25.89;E0_0_500m;5.00;151;151;9.72;26.01
600.00;900.00;2160.00;27.54;E0_1_500m;5.00;180;180;10.89;27.73
600.00;900.00;1764.00;25.76;E0_0_600m;5.00;147;148;9.56;25.87
600.00;900.00;2208.00;27.43;E0_1_600m;5.00;184;184;11.18;27.62
600.00;900.00;1776.00;25.66;E0_0_700m;5.00;148;148;9.61;25.76
600.00;900.00;2196.00;27.23;E0_1_700m;5.00;183;184;11.23;27.40
600.00;900.00;1764.00;25.50;E0_0_800m;5.00;147;147;9.61;25.58
600.00;900.00;2208.00;27.03;E0_1_800m;5.00;184;184;11.35;27.19
600.00;900.00;1752.00;25.37;E0_0_900m;5.00;146;146;9.59;25.45
600.00;900.00;2232.00;26.97;E0_1_900m;5.00;186;187;11.53;27.13
600.00;900.00;1728.00;25.44;E0_0_1000m;5.00;144;144;9.43;25.53
600.00;900.00;2220.00;26.97;E0_1_1000m;5.00;185;185;11.43;27.12
600.00;900.00;1752.00;25.36;E0_0_1100m;5.00;146;145;9.56;25.44
600.00;900.00;2196.00;26.92;E0_1_1100m;5.00;183;183;11.33;27.09
600.00;900.00;1704.00;25.34;E0_0_1200m;5.00;142;143;9.38;25.42
600.00;900.00;2172.00;26.76;E0_1_1200m;5.00;181;181;11.27;26.92
600.00;900.00;1680.00;25.30;E0_0_1300m;5.00;140;140;9.22;25.38
600.00;900.00;2136.00;26.70;E0_1_1300m;5.00;178;178;11.11;26.87
600.00;900.00;1680.00;25.31;E0_0_1400m;5.00;140;141;9.25;25.39
600.00;900.00;2100.00;26.71;E0_1_1400m;5.00;175;175;10.92;26.89
600.00;900.00;1656.00;25.33;E0_0_1500m;5.00;138;138;9.08;25.42
600.00;900.00;2124.00;26.76;E0_1_1500m;5.00;177;177;11.03;26.97
600.00;900.00;1656.00;25.36;E0_0_1600m;5.00;138;139;9.13;25.45
600.00;900.00;2112.00;26.93;E0_1_1600m;5.00;176;176;10.89;27.14
600.00;900.00;1644.00;25.28;E0_0_1700m;5.00;137;138;9.05;25.37
600.00;900.00;2124.00;26.87;E0_1_1700m;5.00;177;178;10.98;27.08
600.00;900.00;1632.00;25.26;E0_0_1800m;5.00;136;135;8.96;25.35
600.00;900.00;2124.00;26.86;E0_1_1800m;5.00;177;178;11.00;27.08
600.00;900.00;1596.00;25.23;E0_0_1900m;5.00;133;133;8.79;25.31
600.00;900.00;2100.00;26.85;E0_1_1900m;5.00;175;175;10.86;27.07
600.00;900.00;1536.00;25.25;E0_0_2000m;5.00;128;129;8.46;25.33
600.00;900.00;2088.00;26.86;E0_1_2000m;5.00;174;174;10.80;27.08
600.00;900.00;1512.00;25.25;E0_0_2100m;5.00;126;127;8.36;25.33
600.00;900.00;2088.00;26.94;E0_1_2100m;5.00;174;173;10.74;27.16
600.00;900.00;1524.00;25.26;E0_0_2200m;5.00;127;127;8.38;25.34
600.00;900.00;2076.00;26.92;E0_1_2200m;5.00;173;173;10.71;27.14
600.00;900.00;1536.00;25.22;E0_0_2300m;5.00;128;128;8.46;25.32
600.00;900.00;2052.00;26.77;E0_1_2300m;5.00;171;171;10.64;27.00
600.00;900.00;1560.00;25.03;E0_0_2400m;5.00;130;129;8.61;25.12
600.00;900.00;2064.00;26.65;E0_1_2400m;5.00;172;172;10.75;26.89
600.00;900.00;1548.00;24.93;E0_0_2500m;5.00;129;129;8.62;25.03
600.00;900.00;2076.00;26.61;E0_1_2500m;5.00;173;174;10.87;26.84
600.00;900.00;1572.00;24.86;E0_0_2600m;5.00;131;131;8.78;24.97
600.00;900.00;2088.00;26.43;E0_1_2600m;5.00;174;174;10.97;26.67
600.00;900.00;1596.00;24.84;E0_0_2700m;5.00;133;133;8.92;24.96
600.00;900.00;2124.00;26.17;E0_1_2700m;5.00;177;177;11.27;26.43
600.00;900.00;1632.00;24.74;E0_0_2800m;5.00;136;136;9.16;24.86
600.00;900.00;2160.00;26.10;E0_1_2800m;5.00;180;180;11.49;26.38
600.00;900.00;1680.00;24.58;E0_0_2900m;5.00;140;140;9.49;24.68
600.00;900.00;2172.00;25.91;E0_1_2900m;5.00;181;181;11.64;26.20
600.00;900.00;1668.00;24.51;E0_0_3000m;5.00;139;139;9.45;24.62
600.00;900.00;2196.00;25.64;E0_1_3000m;5.00;183;183;11.89;25.94
600.00;900.00;1680.00;24.46;E0_0_3100m;5.00;140;140;9.54;24.56
600.00;900.00;2208.00;25.51;E0_1_3100m;5.00;184;184;12.02;25.80
600.00;900.00;1728.00;24.37;E0_0_3200m;5.00;144;144;9.85;24.47
600.00;900.00;2196.00;25.42;E0_1_3200m;5.00;183;183;12.00;25.70
600.00;900.00;1740.00;24.23;E0_0_3300m;5.00;145;145;9.97;24.33
600.00;900.00;2196.00;25.19;E0_1_3300m;5.00;183;182;12.04;25.44
600.00;900.00;1752.00;24.25;E0_0_3400m;5.00;146;145;10.00;24.36
600.00;900.00;2208.00;25.06;E0_1_3400m;5.00;184;184;12.24;25.31
600.00;900.00;1740.00;24.19;E0_0_3500m;5.00;145;144;9.93;24.29
600.00;900.00;2244.00;25.03;E0_1_3500m;5.00;187;187;12.45;25.29
600.00;900.00;1752.00;24.11;E0_0_3600m;5.00;146;147;10.13;24.22
600.00;900.00;2232.00;24.97;E0_1_3600m;5.00;186;186;12.42;25.24
600.00;900.00;1728.00;24.00;E0_0_3700m;5.00;144;145;10.06;24.11
600.00;900.00;2232.00;24.89;E0_1_3700m;5.00;186;186;12.45;25.16
600.00;900.00;1740.00;24.03;E0_0_3800m;5.00;145;145;10.06;24.14
600.00;900.00;2244.00;24.77;E0_1_3800m;5.00;187;186;12.51;25.02
600.00;900.00;1740.00;24.01;E0_0_3900m;5.00;145;145;10.06;24.12
600.00;900.00;2244.00;24.75;E0_1_3900m;5.00;187;186;12.52;24.99
600.00;900.00;1740.00;24.01;E0_0_4000m;5.00;145;145;10.07;24.11
600.00;900.00;2244.00;24.83;E0_1_4000m;5.00;187;187;12.55;25.06
600.00;900.00;1752.00;24.08;E0_0_4100m;5.00;146;146;10.10;24.19
600.00;900.00;2232.00;24.83;E0_1_4100m;5.00;186;187;12.52;25.10
600.00;900.00;1776.00;24.00;E0_0_4200m;5.00;148;148;10.28;24.10
600.00;900.00;2268.00;24.64;E0_1_4200m;5.00;189;189;12.78;24.90
600.00;900.00;1800.00;23.96;E0_0_4300m;5.00;150;150;10.43;24.06
600.00;900.00;2292.00;24.48;E0_1_4300m;5.00;191;191;13.00;24.74
600.00;900.00;1824.00;23.96;E0_0_4400m;5.00;152;152;10.57;24.07
600.00;900.00;2328.00;24.44;E0_1_4400m;5.00;194;194;13.23;24.70
600.00;900.00;1848.00;23.89;E0_0_4500m;5.00;154;153;10.72;23.99
600.00;900.00;2364.00;24.26;E0_1_4500m;5.00;197;197;13.53;24.47
600.00;900.00;1848.00;23.75;E0_0_4600m;5.00;154;154;10.81;23.83
600.00;900.00;2400.00;24.09;E0_1_4600m;5.00;200;200;13.84;24.25
600.00;900.00;1872.00;23.67;E0_0_4700m;5.00;156;156;10.98;23.74
600.00;900.00;2400.00;23.93;E0_1_4700m;5.00;200;200;13.93;24.04
600.00;900.00;1920.00;23.70;E0_0_4800m;5.00;160;160;11.25;23.77
600.00;900.00;2424.00;23.94;E0_1_4800m;5.00;202;203;14.07;24.03
600.00;900.00;1908.00;23.81;E0_0_4900m;5.00;159;159;11.13;23.88
600.00;900.00;2424.00;24.06;E0_1_4900m;5.00;202;202;13.99;24.16
600.00;900.00;1884.00;23.91;E0_0_5000m;5.00;157;158;10.98;23.97
600.00;900.00;2376.00;24.21;E0_1_5000m;5.00;198;199;13.64;24.33
900.00;1200.00;0.00;-1.00;E0_0_0m;-1.00;0;0;0.00;-1.00
900.00;1200.00;0.00;-1.00;E0_1_0m;-1.00;0;0;0.00;-1.00
900.00;1200.00;1716.00;27.08;E0_0_100m;5.00;143;143;8.80;27.23
900.00;1200.00;1980.00;28.05;E0_1_100m;5.00;165;165;9.81;28.20
900.00;1200.00;1704.00;27.20;E0_0_200m;5.00;142;142;8.70;27.35
900.00;1200.00;1992.00;28.33;E0_1_200m;5.00;166;166;9.77;28.52
900.00;1200.00;1692.00;27.17;E0_0_300m;5.00;141;141;8.65;27.31
900.00;1200.00;1980.00;28.35;E0_1_300m;5.00;165;165;9.70;28.53
900.00;1200.00;1716.00;27.00;E0_0_400m;5.00;143;143;8.83;27.13
900.00;1200.00;2004.00;28.26;E0_1_400m;5.00;167;167;9.85;28.43
900.00;1200.00;1764.00;26.69;E0_0_500m;5.00;147;147;9.18;26.81
900.00;1200.00;1980.00;28.12;E0_1_500m;5.00;165;165;9.78;28.28
900.00;1200.00;1740.00;26.39;E0_0_600m;5.00;145;145;9.16;26.50
900.00;1200.00;2016.00;27.82;E0_1_600m;5.00;168;168;10.06;27.98
900.00;1200.00;1728.00;26.29;E0_0_700m;5.00;144;144;9.13;26.40
900.00;1200.00;2028.00;27.64;E0_1_700m;5.00;169;168;10.16;27.81
900.00;1200.00;1740.00;26.18;E0_0_800m;5.00;145;145;9.23;26.29
900.00;1200.00;2040.00;27.47;E0_1_800m;5.00;170;170;10.31;27.64
900.00;1200.00;1728.00;26.07;E0_0_900m;5.00;144;144;9.21;26.19
900.00;1200.00;2052.00;27.44;E0_1_900m;5.00;171;170;10.36;27.58
900.00;1200.00;1716.00;26.13;E0_0_1000m;5.00;143;144;9.15;26.25
900.00;1200.00;2052.00;27.40;E0_1_1000m;5.00;171;171;10.40;27.55
900.00;1200.00;1704.00;26.10;E0_0_1100m;5.00;142;142;9.07;26.22
900.00;1200.00;2064.00;27.47;E0_1_1100m;5.00;172;172;10.44;27.61
900.00;1200.00;1704.00;25.97;E0_0_1200m;5.00;142;141;9.08;26.08
900.00;1200.00;2088.00;27.48;E0_1_1200m;5.00;174;174;10.55;27.62
900.00;1200.00;1704.00;25.89;E0_0_1300m;5.00;142;142;9.14;26.00
900.00;1200.00;2100.00;27.30;E0_1_1300m;5.00;175;175;10.68;27.45
900.00;1200.00;1716.00;25.80;E0_0_1400m;5.00;143;142;9.21;25.91
900.00;1200.00;2100.00;27.15;E0_1_1400m;5.00;175;175;10.74;27.29
900.00;1200.00;1716.00;25.67;E0_0_1500m;5.00;143;143;9.28;25.79
900.00;1200.00;2088.00;27.07;E0_1_1500m;5.00;174;174;10.71;27.23
900.00;1200.00;1764.00;25.54;E0_0_1600m;5.00;147;146;9.53;25.67
900.00;1200.00;2112.00;26.94;E0_1_1600m;5.00;176;176;10.89;27.12
900.00;1200.00;1752.00;25.49;E0_0_1700m;5.00;146;145;9.53;25.61
900.00;1200.00;2160.00;26.73;E0_1_1700m;5.00;180;179;11.22;26.91
900.00;1200.00;1764.00;25.50;E0_0_1800m;5.00;147;147;9.61;25.68
900.00;1200.00;2148.00;26.62;E0_1_1800m;5.00;179;180;11.31;26.82
900.00;1200.00;1776.00;25.30;E0_0_1900m;5.00;148;148;9.75;25.45
900.00;1200.00;2148.00;26.61;E0_1_1900m;5.00;179;179;11.21;26.81
900.00;1200.00;1836.00;25.14;E0_0_2000m;5.00;153;152;10.13;25.28
900.00;1200.00;2148.00;26.47;E0_1_2000m;5.00;179;179;11.27;26.67
900.00;1200.00;1860.00;24.99;E0_0_2100m;5.00;155;155;10.34;25.13
900.00;1200.00;2184.00;26.23;E0_1_2100m;5.00;182;182;11.57;26.42
900.00;1200.00;1884.00;24.95;E0_0_2200m;5.00;157;157;10.49;25.09
900.00;1200.00;2220.00;26.09;E0_1_2200m;5.00;185;185;11.82;26.27
900.00;1200.00;1872.00;24.86;E0_0_2300m;5.00;156;156;10.46;24.99
900.00;1200.00;2256.00;25.96;E0_1_2300m;5.00;188;189;12.08;26.13
900.00;1200.00;1872.00;24.80;E0_0_2400m;5.00;156;156;10.48;24.93
900.00;1200.00;2256.00;25.84;E0_1_2400m;5.00;188;189;12.16;26.03
900.00;1200.00;1860.00;24.73;E0_0_2500m;5.00;155;156;10.45;24.86
900.00;1200.00;2268.00;25.72;E0_1_2500m;5.00;189;188;12.22;25.92
900.00;1200.00;1872.00;24.64;E0_0_2600m;5.00;156;156;10.55;24.78
900.00;1200.00;2244.00;25.66;E0_1_2600m;5.00;187;187;12.14;25.88
900.00;1200.00;1848.00;24.60;E0_0_2700m;5.00;154;154;10.43;24.75
900.00;1200.00;2232.00;25.64;E0_1_2700m;5.00;186;186;12.09;25.87
900.00;1200.00;1848.00;24.57;E0_0_2800m;5.00;154;154;10.44;24.73
900.00;1200.00;2196.00;25.60;E0_1_2800m;5.00;183;183;11.91;25.83
900.00;1200.00;1860.00;24.50;E0_0_2900m;5.00;155;155;10.54;24.65
900.00;1200.00;2160.00;25.46;E0_1_2900m;5.00;180;181;11.82;25.68
900.00;1200.00;1872.00;24.33;E0_0_3000m;5.00;156;156;10.69;24.47
900.00;1200.00;2160.00;25.40;E0_1_3000m;5.00;180;180;11.81;25.62
900.00;1200.00;1836.00;24.26;E0_0_3100m;5.00;153;153;10.51;24.39
900.00;1200.00;2160.00;25.35;E0_1_3100m;5.00;180;180;11.84;25.54
900.00;1200.00;1824.00;24.18;E0_0_3200m;5.00;152;152;10.48;24.30
900.00;1200.00;2160.00;25.32;E0_1_3200m;5.00;180;180;11.85;25.50
900.00;1200.00;1776.00;24.05;E0_0_3300m;5.00;148;148;10.26;24.16
900.00;1200.00;2196.00;25.34;E0_1_3300m;5.00;183;183;12.04;25.51
900.00;1200.00;1764.00;24.03;E0_0_3400m;5.00;147;147;10.19;24.13
900.00;1200.00;2184.00;25.37;E0_1_3400m;5.00;182;182;11.96;25.53
900.00;1200.00;1776.00;24.06;E0_0_3500m;5.00;148;148;10.25;24.16
900.00;1200.00;2148.00;25.43;E0_1_3500m;5.00;179;179;11.73;25.62
900.00;1200.00;1812.00;24.17;E0_0_3600m;5.00;151;150;10.38;24.28
900.00;1200.00;2112.00;25.51;E0_1_3600m;5.00;176;176;11.50;25.70
900.00;1200.00;1800.00;24.23;E0_0_3700m;5.00;150;149;10.26;24.32
900.00;1200.00;2124.00;25.44;E0_1_3700m;5.00;177;177;11.59;25.61
900.00;1200.00;1764.00;24.23;E0_0_3800m;5.00;147;147;10.11;24.32
900.00;1200.00;2148.00;25.40;E0_1_3800m;5.00;179;179;11.75;25.56
900.00;1200.00;1776.00;24.31;E0_0_3900m;5.00;148;148;10.14;24.39
900.00;1200.00;2136.00;25.31;E0_1_3900m;5.00;178;179;11.75;25.49
900.00;1200.00;1776.00;24.49;E0_0_4000m;5.00;148;149;10.08;24.56
900.00;1200.00;2136.00;25.15;E0_1_4000m;5.00;178;178;11.80;25.35
900.00;1200.00;1800.00;24.51;E0_0_4100m;5.00;150;150;10.20;24.58
900.00;1200.00;2148.00;24.98;E0_1_4100m;5.00;179;179;11.94;25.17
900.00;1200.00;1788.00;24.48;E0_0_4200m;5.00;149;149;10.14;24.55
900.00;1200.00;2112.00;24.81;E0_1_4200m;5.00;176;176;11.82;24.98
900.00;1200.00;1776.00;24.38;E0_0_4300m;5.00;148;148;10.12;24.45
900.00;1200.00;2112.00;24.74;E0_1_4300m;5.00;176;176;11.86;24.90
900.00;1200.00;1776.00;24.19;E0_0_4400m;5.00;148;148;10.20;24.25
900.00;1200.00;2100.00;24.61;E0_1_4400m;5.00;175;175;11.85;24.73
900.00;1200.00;1764.00;23.92;E0_0_4500m;5.00;147;147;10.24;24.02
900.00;1200.00;2100.00;24.57;E0_1_4500m;5.00;175;175;11.87;24.66
900.00;1200.00;1776.00;23.95;E0_0_4600m;5.00;148;148;10.30;24.06
900.00;1200.00;2112.00;24.57;E0_1_4600m;5.00;176;176;11.94;24.67
900.00;1200.00;1764.00;24.07;E0_0_4700m;5.00;147;147;10.18;24.16
900.00;1200.00;2160.00;24.65;E0_1_4700m;5.00;180;180;12.17;24.76
900.00;1200.00;1764.00;24.22;E0_0_4800m;5.00;147;147;10.11;24.30
900.00;1200.00;2172.00;24.72;E0_1_4800m;5.00;181;180;12.20;24.84
900.00;1200.00;1776.00;24.45;E0_0_4900m;5.00;148;148;10.09;24.52
900.00;1200.00;2172.00;24.77;E0_1_4900m;5.00;181;181;12.18;24.89
900.00;1200.00;1788.00;24.59;E0_0_5000m;5.00;149;148;10.06;24.65
900.00;1200.00;2220.00;24.86;E0_1_5000m;5.00;185;185;12.40;24.97
1200.00;1500.00;0.00;-1.00;E0_0_0m;-1.00;0;0;0.00;-1.00
1200.00;1500.00;0.00;-1.00;E0_1_0m;-1.00;0;0;0.00;-1.00
1200.00;1500.00;1872.00;25.66;E0_0_100m;5.00;156;156;10.13;25.78
1200.00;1500.00;2148.00;26.79;E0_1_100m;5.00;179;179;11.14;26.91
1200.00;1500.00;1860.00;25.57;E0_0_200m;5.00;155;155;10.10;25.65
1200.00;1500.00;2172.00;26.65;E0_1_200m;5.00;181;181;11.32;26.78
1200.00;1500.00;1908.00;25.54;E0_0_300m;5.00;159;159;10.37;25.61
1200.00;1500.00;2148.00;26.36;E0_1_300m;5.00;179;179;11.32;26.49
1200.00;1500.00;1872.00;25.42;E0_0_400m;5.00;156;156;10.23;25.49
1200.00;1500.00;2160.00;26.24;E0_1_400m;5.00;180;180;11.43;26.38
1200.00;1500.00;1836.00;25.27;E0_0_500m;5.00;153;154;10.11;25.34
1200.00;1500.00;2160.00;26.18;E0_1_500m;5.00;180;180;11.46;26.32
1200.00;1500.00;1824.00;25.10;E0_0_600m;5.00;152;152;10.09;25.18
1200.00;1500.00;2160.00;26.16;E0_1_600m;5.00;180;180;11.47;26.30
1200.00;1500.00;1812.00;25.04;E0_0_700m;5.00;151;152;10.06;25.11
1200.00;1500.00;2196.00;26.01;E0_1_700m;5.00;183;183;11.73;26.15
1200.00;1500.00;1812.00;25.08;E0_0_800m;5.00;151;151;10.03;25.15
1200.00;1500.00;2196.00;25.94;E0_1_800m;5.00;183;184;11.80;26.05
1200.00;1500.00;1812.00;25.02;E0_0_900m;5.00;151;151;10.06;25.09
1200.00;1500.00;2196.00;25.81;E0_1_900m;5.00;183;183;11.82;25.92
1200.00;1500.00;1836.00;24.92;E0_0_1000m;5.00;153;154;10.29;24.98
1200.00;1500.00;2196.00;25.69;E0_1_1000m;5.00;183;183;11.87;25.79
1200.00;1500.00;1884.00;24.91;E0_0_1100m;5.00;157;157;10.50;24.98
1200.00;1500.00;2196.00;25.58;E0_1_1100m;5.00;183;183;11.92;25.66
1200.00;1500.00;1860.00;24.95;E0_0_1200m;5.00;155;155;10.36;25.01
1200.00;1500.00;2196.00;25.53;E0_1_1200m;5.00;183;183;11.95;25.60
1200.00;1500.00;1872.00;24.92;E0_0_1300m;5.00;156;156;10.43;24.98
1200.00;1500.00;2172.00;25.51;E0_1_1300m;5.00;181;181;11.82;25.59
1200.00;1500.00;1848.00;24.95;E0_0_1400m;5.00;154;154;10.29;25.01
1200.00;1500.00;2184.00;25.54;E0_1_1400m;5.00;182;182;11.88;25.61
1200.00;1500.00;1860.00;25.05;E0_0_1500m;5.00;155;155;10.31;25.12
1200.00;1500.00;2172.00;25.62;E0_1_1500m;5.00;181;182;11.81;25.71
1200.00;1500.00;1836.00;24.94;E0_0_1600m;5.00;153;154;10.26;25.00
1200.00;1500.00;2136.00;25.60;E0_1_1600m;5.00;178;178;11.59;25.70
1200.00;1500.00;1812.00;24.86;E0_0_1700m;5.00;151;151;10.12;24.92
1200.00;1500.00;2124.00;25.53;E0_1_1700m;5.00;177;177;11.56;25.62
1200.00;1500.00;1812.00;24.88;E0_0_1800m;5.00;151;151;10.11;24.94
1200.00;1500.00;2124.00;25.44;E0_1_1800m;5.00;177;177;11.56;25.51
1200.00;1500.00;1812.00;24.90;E0_0_1900m;5.00;151;151;10.11;24.95
1200.00;1500.00;2124.00;25.42;E0_1_1900m;5.00;177;177;11.61;25.49
1200.00;1500.00;1812.00;24.87;E0_0_2000m;5.00;151;151;10.12;24.93
1200.00;1500.00;2124.00;25.33;E0_1_2000m;5.00;177;177;11.64;25.40
1200.00;1500.00;1800.00;24.79;E0_0_2100m;5.00;150;150;10.09;24.84
1200.00;1500.00;2100.00;25.19;E0_1_2100m;5.00;175;175;11.58;25.24
1200.00;1500.00;1764.00;24.66;E0_0_2200m;5.00;147;147;9.94;24.70
1200.00;1500.00;2064.00;25.09;E0_1_2200m;5.00;172;172;11.43;25.13
1200.00;1500.00;1740.00;24.58;E0_0_2300m;5.00;145;145;9.83;24.63
1200.00;1500.00;2064.00;25.03;E0_1_2300m;5.00;172;171;11.44;25.08
1200.00;1500.00;1728.00;24.57;E0_0_2400m;5.00;144;144;9.77;24.61
1200.00;1500.00;2052.00;24.98;E0_1_2400m;5.00;171;171;11.41;25.03
1200.00;1500.00;1764.00;24.55;E0_0_2500m;5.00;147;146;9.98;24.59
1200.00;1500.00;2052.00;24.95;E0_1_2500m;5.00;171;171;11.42;25.00
1200.00;1500.00;1764.00;24.53;E0_0_2600m;5.00;147;147;9.99;24.57
1200.00;1500.00;2028.00;24.88;E0_1_2600m;5.00;169;169;11.32;24.93
1200.00;1500.00;1776.00;24.55;E0_0_2700m;5.00;148;148;10.05;24.59
1200.00;1500.00;2040.00;24.80;E0_1_2700m;5.00;170;170;11.43;24.84
1200.00;1500.00;1764.00;24.53;E0_0_2800m;5.00;147;147;9.99;24.57
1200.00;1500.00;2064.00;24.79;E0_1_2800m;5.00;172;172;11.56;24.85
1200.00;1500.00;1740.00;24.55;E0_0_2900m;5.00;145;145;9.85;24.59
1200.00;1500.00;2064.00;24.81;E0_1_2900m;5.00;172;171;11.51;24.88
1200.00;1500.00;1716.00;24.53;E0_0_3000m;5.00;143;143;9.71;24.59
1200.00;1500.00;2064.00;24.80;E0_1_3000m;5.00;172;172;11.56;24.85
1200.00;1500.00;1728.00;24.52;E0_0_3100m;5.00;144;144;9.79;24.58
1200.00;1500.00;2052.00;24.81;E0_1_3100m;5.00;171;171;11.49;24.87
1200.00;1500.00;1704.00;24.49;E0_0_3200m;5.00;142;142;9.66;24.56
1200.00;1500.00;2052.00;24.85;E0_1_3200m;5.00;171;171;11.47;24.90
1200.00;1500.00;1728.00;24.54;E0_0_3300m;5.00;144;144;9.78;24.61
1200.00;1500.00;2016.00;24.88;E0_1_3300m;5.00;168;169;11.26;24.94
1200.00;1500.00;1728.00;24.47;E0_0_3400m;5.00;144;144;9.81;24.51
1200.00;1500.00;2016.00;24.96;E0_1_3400m;5.00;168;168;11.22;25.02
1200.00;1500.00;1740.00;24.21;E0_0_3500m;5.00;145;146;9.99;24.25
1200.00;1500.00;2040.00;24.98;E0_1_3500m;5.00;170;170;11.34;25.05
1200.00;1500.00;1800.00;24.10;E0_0_3600m;5.00;150;150;10.37;24.14
1200.00;1500.00;2052.00;25.14;E0_1_3600m;5.00;171;171;11.34;25.21
1200.00;1500.00;1848.00;24.02;E0_0_3700m;5.00;154;154;10.68;24.07
1200.00;1500.00;2076.00;25.08;E0_1_3700m;5.00;173;173;11.50;25.15
1200.00;1500.00;1872.00;24.00;E0_0_3800m;5.00;156;156;10.83;24.05
1200.00;1500.00;2112.00;25.05;E0_1_3800m;5.00;176;176;11.71;25.12
1200.00;1500.00;1896.00;23.95;E0_0_3900m;5.00;158;158;10.99;24.00
1200.00;1500.00;2160.00;25.04;E0_1_3900m;5.00;180;179;11.95;25.12
1200.00;1500.00;1932.00;23.91;E0_0_4000m;5.00;161;160;11.22;23.96
1200.00;1500.00;2160.00;25.04;E0_1_4000m;5.00;180;180;11.98;25.13
1200.00;1500.00;1884.00;23.87;E0_0_4100m;5.00;157;157;10.96;23.93
1200.00;1500.00;2148.00;25.08;E0_1_4100m;5.00;179;179;11.89;25.19
1200.00;1500.00;1848.00;23.88;E0_0_4200m;5.00;154;154;10.75;23.94
1200.00;1500.00;2160.00;25.19;E0_1_4200m;5.00;180;180;11.91;25.32
1200.00;1500.00;1836.00;23.92;E0_0_4300m;5.00;153;153;10.66;23.99
1200.00;1500.00;2100.00;25.21;E0_1_4300m;5.00;175;176;11.63;25.35
1200.00;1500.00;1812.00;23.98;E0_0_4400m;5.00;151;151;10.50;24.04
1200.00;1500.00;2076.00;25.26;E0_1_4400m;5.00;173;174;11.47;25.42
1200.00;1500.00;1788.00;23.97;E0_0_4500m;5.00;149;149;10.36;24.03
1200.00;1500.00;2064.00;25.34;E0_1_4500m;5.00;172;173;11.37;25.50
1200.00;1500.00;1740.00;23.92;E0_0_4600m;5.00;145;145;10.10;23.99
1200.00;1500.00;2052.00;25.35;E0_1_4600m;5.00;171;171;11.24;25.52
1200.00;1500.00;1716.00;23.94;E0_0_4700m;5.00;143;143;9.96;24.05
1200.00;1500.00;2016.00;25.38;E0_1_4700m;5.00;168;168;11.03;25.55
1200.00;1500.00;1692.00;23.82;E0_0_4800m;5.00;141;141;9.86;23.95
1200.00;1500.00;1956.00;25.49;E0_1_4800m;5.00;163;164;10.71;25.67
1200.00;1500.00;1680.00;23.95;E0_0_4900m;5.00;140;140;9.74;24.06
1200.00;1500.00;1920.00;25.46;E0_1_4900m;5.00;160;160;10.47;25.64
1200.00;1500.00;1644.00;24.07;E0_0_5000m;5.00;137;137;9.49;24.16
1200.00;1500.00;1896.00;25.48;E0_1_5000m;5.00;158;158;10.33;25.66
1500.00;1800.00;0.00;-1.00;E0_0_0m;-1.00;0;0;0.00;-1.00
1500.00;1800.00;0.00;-1.00;E0_1_0m;-1.00;0;0;0.00;-1.00
1500.00;1800.00;1668.00;27.50;E0_0_100m;5.00;139;140;8.47;27.61
1500.00;1800.00;2064.00;28.68;E0_1_100m;5.00;172;172;10.00;28.84
1500.00;1800.00;1668.00;27.33;E0_0_200m;5.00;139;139;8.48;27.54
1500.00;1800.00;2052.00;28.86;E0_1_200m;5.00;171;172;9.93;29.08
1500.00;1800.00;1632.00;26.94;E0_0_300m;5.00;136;136;8.41;27.10
1500.00;1800.00;2064.00;28.65;E0_1_300m;5.00;172;172;10.01;28.87
1500.00;1800.00;1620.00;26.72;E0_0_400m;5.00;135;135;8.42;26.89
1500.00;1800.00;2076.00;28.34;E0_1_400m;5.00;173;173;10.18;28.56
1500.00;1800.00;1632.00;26.52;E0_0_500m;5.00;136;135;8.53;26.68
1500.00;1800.00;2112.00;27.95;E0_1_500m;5.00;176;176;10.49;28.17
1500.00;1800.00;1632.00;26.35;E0_0_600m;5.00;136;136;8.60;26.51
1500.00;1800.00;2124.00;27.68;E0_1_600m;5.00;177;177;10.66;27.89
1500.00;1800.00;1620.00;26.25;E0_0_700m;5.00;135;135;8.57;26.39
1500.00;1800.00;2112.00;27.56;E0_1_700m;5.00;176;176;10.65;27.76
1500.00;1800.00;1644.00;26.17;E0_0_800m;5.00;137;137;8.73;26.31
1500.00;1800.00;2064.00;27.55;E0_1_800m;5.00;172;172;10.41;27.76
1500.00;1800.00;1644.00;26.13;E0_0_900m;5.00;137;137;8.74;26.27
1500.00;1800.00;2040.00;27.62;E0_1_900m;5.00;170;170;10.26;27.81
1500.00;1800.00;1632.00;26.24;E0_0_1000m;5.00;136;135;8.58;26.36
1500.00;1800.00;2040.00;27.65;E0_1_1000m;5.00;170;170;10.25;27.84
1500.00;1800.00;1608.00;26.21;E0_0_1100m;5.00;134;134;8.52;26.34
1500.00;1800.00;2064.00;27.67;E0_1_1100m;5.00;172;172;10.36;27.85
1500.00;1800.00;1620.00;26.09;E0_0_1200m;5.00;135;135;8.62;26.23
1500.00;1800.00;2112.00;27.73;E0_1_1200m;5.00;176;176;10.58;27.92
1500.00;1800.00;1644.00;26.10;E0_0_1300m;5.00;137;137;8.75;26.22
1500.00;1800.00;2076.00;27.79;E0_1_1300m;5.00;173;173;10.37;28.00
1500.00;1800.00;1608.00;26.00;E0_0_1400m;5.00;134;134;8.59;26.11
1500.00;1800.00;2112.00;27.71;E0_1_1400m;5.00;176;176;10.59;27.88
1500.00;1800.00;1596.00;25.97;E0_0_1500m;5.00;133;133;8.53;26.09
1500.00;1800.00;2124.00;27.72;E0_1_1500m;5.00;177;178;10.66;27.87
1500.00;1800.00;1572.00;26.13;E0_0_1600m;5.00;131;130;8.32;26.24
1500.00;1800.00;2148.00;27.83;E0_1_1600m;5.00;179;179;10.72;27.96
1500.00;1800.00;1596.00;26.20;E0_0_1700m;5.00;133;133;8.46;26.31
1500.00;1800.00;2124.00;27.99;E0_1_1700m;5.00;177;177;10.54;28.10
1500.00;1800.00;1620.00;26.22;E0_0_1800m;5.00;135;135;8.58;26.32
1500.00;1800.00;2112.00;27.93;E0_1_1800m;5.00;176;175;10.48;28.02
1500.00;1800.00;1632.00;26.08;E0_0_1900m;5.00;136;136;8.69;26.17
1500.00;1800.00;2160.00;27.78;E0_1_1900m;5.00;180;180;10.80;27.88
1500.00;1800.00;1668.00;26.11;E0_0_2000m;5.00;139;139;8.87;26.20
1500.00;1800.00;2136.00;27.84;E0_1_2000m;5.00;178;178;10.66;27.95
1500.00;1800.00;1716.00;26.15;E0_0_2100m;5.00;143;143;9.12;26.24
1500.00;1800.00;2136.00;27.78;E0_1_2100m;5.00;178;178;10.68;27.91
1500.00;1800.00;1728.00;26.08;E0_0_2200m;5.00;144;144;9.20;26.16
1500.00;1800.00;2184.00;27.69;E0_1_2200m;5.00;182;182;10.96;27.81
1500.00;1800.00;1704.00;26.00;E0_0_2300m;5.00;142;142;9.10;26.08
1500.00;1800.00;2232.00;27.62;E0_1_2300m;5.00;186;186;11.22;27.73
1500.00;1800.00;1704.00;26.04;E0_0_2400m;5.00;142;142;9.09;26.11
1500.00;1800.00;2244.00;27.64;E0_1_2400m;5.00;187;187;11.28;27.75
1500.00;1800.00;1740.00;26.13;E0_0_2500m;5.00;145;145;9.25;26.19
1500.00;1800.00;2220.00;27.66;E0_1_2500m;5.00;185;185;11.15;27.78
1500.00;1800.00;1752.00;26.04;E0_0_2600m;5.00;146;146;9.35;26.10
1500.00;1800.00;2244.00;27.61;E0_1_2600m;5.00;187;187;11.29;27.72
1500.00;1800.00;1776.00;25.99;E0_0_2700m;5.00;148;149;9.53;26.07
1500.00;1800.00;2196.00;27.62;E0_1_2700m;5.00;183;183;11.04;27.75
1500.00;1800.00;1788.00;26.02;E0_0_2800m;5.00;149;149;9.54;26.09
1500.00;1800.00;2160.00;27.68;E0_1_2800m;5.00;180;180;10.84;27.81
1500.00;1800.00;1788.00;26.03;E0_0_2900m;5.00;149;149;9.54;26.11
1500.00;1800.00;2172.00;27.57;E0_1_2900m;5.00;181;181;10.94;27.72
1500.00;1800.00;1800.00;25.96;E0_0_3000m;5.00;150;150;9.63;26.04
1500.00;1800.00;2184.00;27.43;E0_1_3000m;5.00;182;182;11.06;27.58
1500.00;1800.00;1836.00;25.81;E0_0_3100m;5.00;153;153;9.88;25.89
1500.00;1800.00;2208.00;27.20;E0_1_3100m;5.00;184;185;11.29;27.35
1500.00;1800.00;1860.00;25.78;E0_0_3200m;5.00;155;156;10.06;25.85
1500.00;1800.00;2256.00;27.06;E0_1_3200m;5.00;188;188;11.58;27.22
1500.00;1800.00;1848.00;25.64;E0_0_3300m;5.00;154;155;10.01;25.71
1500.00;1800.00;2280.00;26.93;E0_1_3300m;5.00;190;190;11.76;27.10
1500.00;1800.00;1848.00;25.56;E0_0_3400m;5.00;154;155;10.08;25.64
1500.00;1800.00;2292.00;26.80;E0_1_3400m;5.00;191;191;11.88;26.97
1500.00;1800.00;1836.00;25.47;E0_0_3500m;5.00;153;153;10.01;25.57
1500.00;1800.00;2304.00;26.69;E0_1_3500m;5.00;192;192;11.99;26.86
1500.00;1800.00;1848.00;25.54;E0_0_3600m;5.00;154;154;10.05;25.63
1500.00;1800.00;2256.00;26.64;E0_1_3600m;5.00;188;188;11.76;26.81
1500.00;1800.00;1836.00;25.60;E0_0_3700m;5.00;153;153;9.96;25.68
1500.00;1800.00;2220.00;26.66;E0_1_3700m;5.00;185;185;11.57;26.83
1500.00;1800.00;1824.00;25.56;E0_0_3800m;5.00;152;152;9.91;25.65
1500.00;1800.00;2196.00;26.73;E0_1_3800m;5.00;183;183;11.41;26.91
1500.00;1800.00;1812.00;25.59;E0_0_3900m;5.00;151;151;9.83;25.68
1500.00;1800.00;2148.00;26.79;E0_1_3900m;5.00;179;179;11.14;26.99
1500.00;1800.00;1812.00;25.53;E0_0_4000m;5.00;151;151;9.86;25.62
1500.00;1800.00;2124.00;26.69;E0_1_4000m;5.00;177;178;11.10;26.88
1500.00;1800.00;1848.00;25.39;E0_0_4100m;5.00;154;154;10.11;25.46
1500.00;1800.00;2136.00;26.61;E0_1_4100m;5.00;178;178;11.15;26.78
1500.00;1800.00;1872.00;25.21;E0_0_4200m;5.00;156;156;10.31;25.29
1500.00;1800.00;2124.00;26.59;E0_1_4200m;5.00;177;178;11.14;26.74
1500.00;1800.00;1884.00;25.16;E0_0_4300m;5.00;157;157;10.40;25.25
1500.00;1800.00;2148.00;26.47;E0_1_4300m;5.00;179;178;11.21;26.62
1500.00;1800.00;1920.00;25.15;E0_0_4400m;5.00;160;160;10.60;25.24
1500.00;1800.00;2172.00;26.42;E0_1_4400m;5.00;181;180;11.36;26.59
1500.00;1800.00;1944.00;25.09;E0_0_4500m;5.00;162;162;10.76;25.18
1500.00;1800.00;2196.00;26.37;E0_1_4500m;5.00;183;182;11.51;26.55
1500.00;1800.00;1980.00;25.01;E0_0_4600m;5.00;165;165;11.00;25.10
1500.00;1800.00;2196.00;26.42;E0_1_4600m;5.00;183;183;11.54;26.61
1500.00;1800.00;1992.00;24.88;E0_0_4700m;5.00;166;167;11.17;24.97
1500.00;1800.00;2220.00;26.53;E0_1_4700m;5.00;185;185;11.62;26.74
1500.00;1800.00;2028.00;24.79;E0_0_4800m;5.00;169;169;11.36;24.88
1500.00;1800.00;2232.00;26.54;E0_1_4800m;5.00;186;187;11.69;26.76
1500.00;1800.00;2052.00;24.75;E0_0_4900m;5.00;171;171;11.52;24.84
1500.00;1800.00;2256.00;26.57;E0_1_4900m;5.00;188;188;11.79;26.81
1500.00;1800.00;2064.00;24.68;E0_0_5000m;5.00;172;172;11.62;24.76
1500.00;1800.00;2280.00;26.63;E0_1_5000m;5.00;190;190;11.89;26.88
1800.00;2100.00;0.00;-1.00;E0_0_0m;-1.00;0;0;0.00;-1.00
1800.00;2100.00;0.00;-1.00;E0_1_0m;-1.00;0;0;0.00;-1.00
1800.00;2100.00;1800.00;26.56;E0_0_100m;5.00;150;151;9.46;26.66
1800.00;2100.00;2040.00;28.10;E0_1_100m;5.00;170;170;10.08;28.24
1800.00;2100.00;1800.00;26.66;E0_0_200m;5.00;150;150;9.38;26.73
1800.00;2100.00;2052.00;28.45;E0_1_200m;5.00;171;171;10.02;28.60
1800.00;2100.00;1800.00;26.50;E0_0_300m;5.00;150;150;9.43;26.60
1800.00;2100.00;2088.00;28.45;E0_1_300m;5.00;174;175;10.20;28.57
1800.00;2100.00;1788.00;26.40;E0_0_400m;5.00;149;149;9.41;26.49
1800.00;2100.00;2136.00;28.28;E0_1_400m;5.00;178;178;10.49;28.36
1800.00;2100.00;1776.00;26.39;E0_0_500m;5.00;148;148;9.35;26.47
1800.00;2100.00;2124.00;28.10;E0_1_500m;5.00;177;177;10.50;28.18
1800.00;2100.00;1800.00;26.26;E0_0_600m;5.00;150;150;9.52;26.35
1800.00;2100.00;2124.00;27.95;E0_1_600m;5.00;177;177;10.55;28.03
1800.00;2100.00;1812.00;26.08;E0_0_700m;5.00;151;151;9.65;26.17
1800.00;2100.00;2148.00;27.79;E0_1_700m;5.00;179;180;10.76;27.87
1800.00;2100.00;1812.00;25.91;E0_0_800m;5.00;151;151;9.71;26.00
1800.00;2100.00;2172.00;27.71;E0_1_800m;5.00;181;181;10.89;27.78
1800.00;2100.00;1812.00;25.67;E0_0_900m;5.00;151;152;9.85;25.76
1800.00;2100.00;2184.00;27.76;E0_1_900m;5.00;182;182;10.93;27.84
1800.00;2100.00;1836.00;25.44;E0_0_1000m;5.00;153;153;10.03;25.55
1800.00;2100.00;2208.00;27.82;E0_1_1000m;5.00;184;184;11.02;27.90
1800.00;2100.00;1824.00;25.26;E0_0_1100m;5.00;152;152;10.03;25.39
1800.00;2100.00;2184.00;27.92;E0_1_1100m;5.00;182;182;10.87;28.00
1800.00;2100.00;1800.00;25.39;E0_0_1200m;5.00;150;151;9.90;25.50
1800.00;2100.00;2160.00;27.86;E0_1_1200m;5.00;180;180;10.77;27.95
1800.00;2100.00;1800.00;25.43;E0_0_1300m;5.00;150;150;9.83;25.53
1800.00;2100.00;2184.00;27.82;E0_1_1300m;5.00;182;182;10.90;27.92
1800.00;2100.00;1776.00;25.36;E0_0_1400m;5.00;148;148;9.73;25.45
1800.00;2100.00;2208.00;27.62;E0_1_1400m;5.00;184;184;11.10;27.72
1800.00;2100.00;1788.00;25.26;E0_0_1500m;5.00;149;149;9.83;25.37
1800.00;2100.00;2244.00;27.34;E0_1_1500m;5.00;187;187;11.40;27.44
1800.00;2100.00;1776.00;25.21;E0_0_1600m;5.00;148;148;9.79;25.31
1800.00;2100.00;2256.00;27.09;E0_1_1600m;5.00;188;188;11.57;27.22
1800.00;2100.00;1764.00;25.12;E0_0_1700m;5.00;147;147;9.75;25.23
1800.00;2100.00;2268.00;27.09;E0_1_1700m;5.00;189;189;11.63;27.23
1800.00;2100.00;1788.00;25.06;E0_0_1800m;5.00;149;149;9.91;25.18
1800.00;2100.00;2220.00;27.14;E0_1_1800m;5.00;185;185;11.36;27.30
1800.00;2100.00;1740.00;24.92;E0_0_1900m;5.00;145;146;9.71;25.05
1800.00;2100.00;2196.00;26.83;E0_1_1900m;5.00;183;183;11.37;26.98
1800.00;2100.00;1704.00;24.82;E0_0_2000m;5.00;142;143;9.59;24.96
1800.00;2100.00;2172.00;26.66;E0_1_2000m;5.00;181;181;11.31;26.83
1800.00;2100.00;1656.00;24.82;E0_0_2100m;5.00;138;138;9.27;24.95
1800.00;2100.00;2160.00;26.44;E0_1_2100m;5.00;180;180;11.35;26.61
1800.00;2100.00;1656.00;24.89;E0_0_2200m;5.00;138;138;9.24;25.03
1800.00;2100.00;2124.00;26.27;E0_1_2200m;5.00;177;178;11.27;26.45
1800.00;2100.00;1644.00;24.65;E0_0_2300m;5.00;137;137;9.26;24.78
1800.00;2100.00;2124.00;26.18;E0_1_2300m;5.00;177;177;11.27;26.39
1800.00;2100.00;1680.00;24.32;E0_0_2400m;5.00;140;140;9.59;24.46
1800.00;2100.00;2124.00;26.14;E0_1_2400m;5.00;177;177;11.28;26.37
1800.00;2100.00;1644.00;24.10;E0_0_2500m;5.00;137;137;9.48;24.22
1800.00;2100.00;2112.00;26.06;E0_1_2500m;5.00;176;177;11.26;26.30
1800.00;2100.00;1632.00;24.04;E0_0_2600m;5.00;136;136;9.43;24.15
1800.00;2100.00;2088.00;25.92;E0_1_2600m;5.00;174;174;11.19;26.18
1800.00;2100.00;1632.00;23.89;E0_0_2700m;5.00;136;136;9.49;24.00
1800.00;2100.00;2076.00;25.83;E0_1_2700m;5.00;173;173;11.16;26.10
1800.00;2100.00;1596.00;23.74;E0_0_2800m;5.00;133;133;9.34;23.85
1800.00;2100.00;2088.00;25.79;E0_1_2800m;5.00;174;175;11.30;26.07
1800.00;2100.00;1608.00;23.73;E0_0_2900m;5.00;134;135;9.41;23.84
1800.00;2100.00;2076.00;25.79;E0_1_2900m;5.00;173;173;11.18;26.10
1800.00;2100.00;1620.00;23.82;E0_0_3000m;5.00;135;135;9.44;23.95
1800.00;2100.00;2040.00;25.76;E0_1_3000m;5.00;170;172;11.05;26.11
1800.00;2100.00;1560.00;23.90;E0_0_3100m;5.00;130;130;9.07;24.04
1800.00;2100.00;2028.00;25.78;E0_1_3100m;5.00;169;169;10.93;26.16
1800.00;2100.00;1536.00;23.90;E0_0_3200m;5.00;128;128;8.93;24.06
1800.00;2100.00;1992.00;25.84;E0_1_3200m;5.00;166;166;10.71;26.23
1800.00;2100.00;1548.00;24.00;E0_0_3300m;5.00;129;128;8.96;24.14
1800.00;2100.00;1968.00;26.00;E0_1_3300m;5.00;164;165;10.52;26.40
1800.00;2100.00;1512.00;23.97;E0_0_3400m;5.00;126;125;8.72;24.11
1800.00;2100.00;2004.00;25.93;E0_1_3400m;5.00;167;167;10.73;26.33
1800.00;2100.00;1500.00;24.05;E0_0_3500m;5.00;125;125;8.66;24.21
1800.00;2100.00;1980.00;25.90;E0_1_3500m;5.00;165;165;10.62;26.32
1800.00;2100.00;1476.00;24.10;E0_0_3600m;5.00;123;123;8.51;24.27
1800.00;2100.00;1968.00;25.94;E0_1_3600m;5.00;164;164;10.54;26.37
1800.00;2100.00;1452.00;24.15;E0_0_3700m;5.00;121;121;8.35;24.31
1800.00;2100.00;2028.00;25.99;E0_1_3700m;5.00;169;169;10.84;26.42
1800.00;2100.00;1464.00;24.04;E0_0_3800m;5.00;122;122;8.46;24.19
1800.00;2100.00;2052.00;26.04;E0_1_3800m;5.00;171;171;10.94;26.48
1800.00;2100.00;1476.00;23.98;E0_0_3900m;5.00;123;123;8.55;24.13
1800.00;2100.00;2052.00;26.04;E0_1_3900m;5.00;171;171;10.94;26.48
1800.00;2100.00;1464.00;24.07;E0_0_4000m;5.00;122;122;8.45;24.22
1800.00;2100.00;2076.00;26.05;E0_1_4000m;5.00;173;172;11.01;26.50
1800.00;2100.00;1416.00;24.10;E0_0_4100m;5.00;118;118;8.16;24.24
1800.00;2100.00;2076.00;26.06;E0_1_4100m;5.00;173;174;11.11;26.51
1800.00;2100.00;1392.00;24.15;E0_0_4200m;5.00;116;116;8.00;24.28
1800.00;2100.00;2088.00;26.11;E0_1_4200m;5.00;174;173;11.06;26.58
1800.00;2100.00;1416.00;24.19;E0_0_4300m;5.00;118;118;8.13;24.31
1800.00;2100.00;2076.00;26.11;E0_1_4300m;5.00;173;173;11.04;26.61
1800.00;2100.00;1464.00;24.30;E0_0_4400m;5.00;122;122;8.37;24.45
1800.00;2100.00;2004.00;26.01;E0_1_4400m;5.00;167;167;10.70;26.51
1800.00;2100.00;1476.00;24.32;E0_0_4500m;5.00;123;124;8.45;24.48
1800.00;2100.00;1980.00;25.93;E0_1_4500m;5.00;165;165;10.61;26.42
1800.00;2100.00;1476.00;24.31;E0_0_4600m;5.00;123;123;8.43;24.47
1800.00;2100.00;1980.00;25.87;E0_1_4600m;5.00;165;166;10.64;26.34
1800.00;2100.00;1500.00;24.46;E0_0_4700m;5.00;125;124;8.47;24.62
1800.00;2100.00;1968.00;25.87;E0_1_4700m;5.00;164;164;10.57;26.32
1800.00;2100.00;1452.00;24.54;E0_0_4800m;5.00;121;121;8.22;24.69
1800.00;2100.00;1980.00;25.98;E0_1_4800m;5.00;165;164;10.55;26.43
1800.00;2100.00;1416.00;24.60;E0_0_4900m;5.00;118;118;7.99;24.74
1800.00;2100.00;1980.00;26.09;E0_1_4900m;5.00;165;165;10.54;26.52
1800.00;2100.00;1428.00;24.73;E0_0_5000m;5.00;119;119;8.02;24.87
1800.00;2100.00;1944.00;26.11;E0_1_5000m;5.00;162;163;10.34;26.52
2100.00;2400.00;0.00;-1.00;E0_0_0m;-1.00;0;0;0.00;-1.00
2100.00;2400.00;0.00;-1.00;E0_1_0m;-1.00;0;0;0.00;-1.00
2100.00;2400.00;2064.00;26.05;E0_0_100m;5.00;172;172;11.00;26.16
2100.00;2400.00;2184.00;27.66;E0_1_100m;5.00;182;182;10.97;27.83
2100.00;2400.00;2076.00;26.15;E0_0_200m;5.00;173;174;11.09;26.31
2100.00;2400.00;2172.00;27.82;E0_1_200m;5.00;181;182;10.88;28.04
2100.00;2400.00;2040.00;26.22;E0_0_300m;5.00;170;171;10.87;26.37
2100.00;2400.00;2208.00;27.67;E0_1_300m;5.00;184;184;11.08;27.90
2100.00;2400.00;2016.00;26.21;E0_0_400m;5.00;168;168;10.68;26.36
2100.00;2400.00;2208.00;27.49;E0_1_400m;5.00;184;184;11.16;27.73
2100.00;2400.00;1992.00;26.16;E0_0_500m;5.00;166;167;10.63;26.31
2100.00;2400.00;2232.00;27.38;E0_1_500m;5.00;186;186;11.32;27.63
2100.00;2400.00;1956.00;25.99;E0_0_600m;5.00;163;163;10.45;26.14
2100.00;2400.00;2244.00;27.21;E0_1_600m;5.00;187;187;11.45;27.46
2100.00;2400.00;1932.00;25.83;E0_0_700m;5.00;161;161;10.39;25.96
2100.00;2400.00;2268.00;27.10;E0_1_700m;5.00;189;188;11.60;27.35
2100.00;2400.00;1932.00;25.64;E0_0_800m;5.00;161;161;10.47;25.80
2100.00;2400.00;2244.00;27.02;E0_1_800m;5.00;187;188;11.58;27.28
2100.00;2400.00;1932.00;25.61;E0_0_900m;5.00;161;161;10.48;25.74
2100.00;2400.00;2256.00;26.97;E0_1_900m;5.00;188;188;11.62;27.23
2100.00;2400.00;1884.00;25.57;E0_0_1000m;5.00;157;159;10.30;25.70
2100.00;2400.00;2268.00;26.82;E0_1_1000m;5.00;189;189;11.75;27.09
2100.00;2400.00;1908.00;25.55;E0_0_1100m;5.00;159;159;10.37;25.68
2100.00;2400.00;2268.00;26.82;E0_1_1100m;5.00;189;189;11.75;27.09
2100.00;2400.00;1920.00;25.51;E0_0_1200m;5.00;160;159;10.40;25.65
2100.00;2400.00;2268.00;26.81;E0_1_1200m;5.00;189;189;11.75;27.13
2100.00;2400.00;1896.00;25.44;E0_0_1300m;5.00;158;159;10.36;25.59
2100.00;2400.00;2268.00;26.77;E0_1_1300m;5.00;189;189;11.77;27.10
2100.00;2400.00;1908.00;25.39;E0_0_1400m;5.00;159;159;10.44;25.53
2100.00;2400.00;2268.00;26.74;E0_1_1400m;5.00;189;189;11.78;27.07
2100.00;2400.00;1884.00;25.35;E0_0_1500m;5.00;157;157;10.32;25.47
2100.00;2400.00;2256.00;26.75;E0_1_1500m;5.00;188;188;11.71;27.07
2100.00;2400.00;1932.00;25.34;E0_0_1600m;5.00;161;161;10.59;25.46
2100.00;2400.00;2268.00;26.72;E0_1_1600m;5.00;189;189;11.79;27.02
2100.00;2400.00;1920.00;25.31;E0_0_1700m;5.00;160;160;10.53;25.44
2100.00;2400.00;2268.00;26.70;E0_1_1700m;5.00;189;190;11.86;26.98
2100.00;2400.00;1920.00;25.24;E0_0_1800m;5.00;160;161;10.61;25.36
2100.00;2400.00;2280.00;26.56;E0_1_1800m;5.00;190;190;11.92;26.84
2100.00;2400.00;1932.00;25.09;E0_0_1900m;5.00;161;160;10.68;25.21
2100.00;2400.00;2280.00;26.32;E0_1_1900m;5.00;190;190;12.03;26.58
2100.00;2400.00;1932.00;24.97;E0_0_2000m;5.00;161;161;10.75;25.08
2100.00;2400.00;2292.00;26.15;E0_1_2000m;5.00;191;191;12.17;26.41
2100.00;2400.00;1920.00;24.87;E0_0_2100m;5.00;160;160;10.72;24.98
2100.00;2400.00;2316.00;26.03;E0_1_2100m;5.00;193;193;12.36;26.29
2100.00;2400.00;1884.00;24.74;E0_0_2200m;5.00;157;157;10.58;24.86
2100.00;2400.00;2328.00;25.93;E0_1_2200m;5.00;194;194;12.47;26.20
2100.00;2400.00;1884.00;24.68;E0_0_2300m;5.00;157;157;10.60;24.79
2100.00;2400.00;2328.00;25.86;E0_1_2300m;5.00;194;194;12.50;26.13
2100.00;2400.00;1860.00;24.70;E0_0_2400m;5.00;155;155;10.46;24.82
2100.00;2400.00;2316.00;25.79;E0_1_2400m;5.00;193;193;12.47;26.05
2100.00;2400.00;1848.00;24.71;E0_0_2500m;5.00;154;155;10.42;24.84
2100.00;2400.00;2328.00;25.69;E0_1_2500m;5.00;194;194;12.58;25.95
2100.00;2400.00;1848.00;24.76;E0_0_2600m;5.00;154;154;10.37;24.89
2100.00;2400.00;2328.00;25.63;E0_1_2600m;5.00;194;194;12.62;25.88
2100.00;2400.00;1872.00;24.74;E0_0_2700m;5.00;156;156;10.51;24.87
2100.00;2400.00;2328.00;25.54;E0_1_2700m;5.00;194;194;12.66;25.79
2100.00;2400.00;1884.00;24.59;E0_0_2800m;5.00;157;157;10.64;24.71
2100.00;2400.00;2328.00;25.37;E0_1_2800m;5.00;194;193;12.69;25.59
2100.00;2400.00;1896.00;24.43;E0_0_2900m;5.00;158;157;10.77;24.54
2100.00;2400.00;2316.00;25.19;E0_1_2900m;5.00;193;193;12.77;25.39
2100.00;2400.00;1884.00;24.35;E0_0_3000m;5.00;157;157;10.75;24.45
2100.00;2400.00;2328.00;25.05;E0_1_3000m;5.00;194;194;12.91;25.26
2100.00;2400.00;1884.00;24.29;E0_0_3100m;5.00;157;157;10.77;24.41
2100.00;2400.00;2340.00;25.02;E0_1_3100m;5.00;195;195;12.99;25.23
2100.00;2400.00;1896.00;24.24;E0_0_3200m;5.00;158;158;10.87;24.35
2100.00;2400.00;2316.00;24.97;E0_1_3200m;5.00;193;193;12.88;25.17
2100.00;2400.00;1896.00;24.27;E0_0_3300m;5.00;158;159;10.86;24.38
2100.00;2400.00;2316.00;24.94;E0_1_3300m;5.00;193;192;12.88;25.16
2100.00;2400.00;1908.00;24.26;E0_0_3400m;5.00;159;159;10.92;24.37
2100.00;2400.00;2292.00;25.11;E0_1_3400m;5.00;191;191;12.68;25.34
2100.00;2400.00;1908.00;24.11;E0_0_3500m;5.00;159;159;10.99;24.21
2100.00;2400.00;2292.00;25.20;E0_1_3500m;5.00;191;191;12.63;25.41
2100.00;2400.00;1956.00;24.16;E0_0_3600m;5.00;163;163;11.24;24.27
2100.00;2400.00;2244.00;25.26;E0_1_3600m;5.00;187;187;12.34;25.48
2100.00;2400.00;1932.00;24.39;E0_0_3700m;5.00;161;161;11.00;24.50
2100.00;2400.00;2220.00;25.22;E0_1_3700m;5.00;185;186;12.27;25.45
2100.00;2400.00;1908.00;24.41;E0_0_3800m;5.00;159;159;10.86;24.52
2100.00;2400.00;2184.00;25.19;E0_1_3800m;5.00;182;182;12.04;25.42
2100.00;2400.00;1896.00;24.33;E0_0_3900m;5.00;158;158;10.82;24.43
2100.00;2400.00;2172.00;25.21;E0_1_3900m;5.00;181;181;11.97;25.44
2100.00;2400.00;1884.00;24.14;E0_0_4000m;5.00;157;157;10.84;24.25
2100.00;2400.00;2160.00;25.25;E0_1_4000m;5.00;180;180;11.88;25.49
2100.00;2400.00;1884.00;24.24;E0_0_4100m;5.00;157;157;10.79;24.35
2100.00;2400.00;2160.00;25.36;E0_1_4100m;5.00;180;179;11.78;25.61
2100.00;2400.00;1920.00;24.24;E0_0_4200m;5.00;160;160;11.00;24.35
2100.00;2400.00;2124.00;25.54;E0_1_4200m;5.00;177;177;11.55;25.83
2100.00;2400.00;1920.00;24.25;E0_0_4300m;5.00;160;160;10.99;24.37
2100.00;2400.00;2100.00;25.60;E0_1_4300m;5.00;175;175;11.39;25.89
2100.00;2400.00;1884.00;24.20;E0_0_4400m;5.00;157;157;10.81;24.31
2100.00;2400.00;2088.00;25.72;E0_1_4400m;5.00;174;175;11.33;26.01
2100.00;2400.00;1872.00;24.30;E0_0_4500m;5.00;156;156;10.69;24.43
2100.00;2400.00;2064.00;25.70;E0_1_4500m;5.00;172;172;11.15;26.02
2100.00;2400.00;1836.00;24.42;E0_0_4600m;5.00;153;153;10.44;24.56
2100.00;2400.00;2064.00;25.82;E0_1_4600m;5.00;172;172;11.10;26.10
2100.00;2400.00;1812.00;24.46;E0_0_4700m;5.00;151;152;10.30;24.60
2100.00;2400.00;2040.00;25.90;E0_1_4700m;5.00;170;170;10.94;26.18
2100.00;2400.00;1776.00;24.45;E0_0_4800m;5.00;148;149;10.09;24.60
2100.00;2400.00;2076.00;25.91;E0_1_4800m;5.00;173;173;11.13;26.21
2100.00;2400.00;1788.00;24.54;E0_0_4900m;5.00;149;149;10.12;24.68
2100.00;2400.00;2040.00;26.11;E0_1_4900m;5.00;170;170;10.85;26.37
2100.00;2400.00;1752.00;24.82;E0_0_5000m;5.00;146;147;9.85;24.95
2100.00;2400.00;2052.00;26.27;E0_1_5000m;5.00;171;170;10.85;26.54
2400.00;2700.00;0.00;-1.00;E0_0_0m;-1.00;0;0;0.00;-1.00
2400.00;2700.00;0.00;-1.00;E0_1_0m;-1.00;0;0;0.00;-1.00
2400.00;2700.00;1800.00;26.00;E0_0_100m;5.00;150;150;9.62;26.18
2400.00;2700.00;1992.00;27.53;E0_1_100m;5.00;166;166;10.05;27.71
2400.00;2700.00;1812.00;25.95;E0_0_200m;5.00;151;150;9.64;26.12
2400.00;2700.00;1992.00;27.41;E0_1_200m;5.00;166;166;10.09;27.63
2400.00;2700.00;1776.00;25.80;E0_0_300m;5.00;148;147;9.50;25.93
2400.00;2700.00;2004.00;27.25;E0_1_300m;5.00;167;167;10.21;27.48
2400.00;2700.00;1776.00;25.68;E0_0_400m;5.00;148;148;9.61;25.80
2400.00;2700.00;2028.00;27.26;E0_1_400m;5.00;169;169;10.33;27.49
2400.00;2700.00;1788.00;25.55;E0_0_500m;5.00;149;149;9.72;25.66
2400.00;2700.00;2016.00;27.01;E0_1_500m;5.00;168;168;10.37;27.22
2400.00;2700.00;1764.00;25.48;E0_0_600m;5.00;147;147;9.61;25.59
2400.00;2700.00;2052.00;26.86;E0_1_600m;5.00;171;171;10.61;27.06
2400.00;2700.00;1752.00;25.41;E0_0_700m;5.00;146;146;9.58;25.52
2400.00;2700.00;2052.00;26.90;E0_1_700m;5.00;171;171;10.59;27.11
2400.00;2700.00;1728.00;25.25;E0_0_800m;5.00;144;144;9.51;25.36
2400.00;2700.00;2076.00;27.01;E0_1_800m;5.00;173;173;10.68;27.23
2400.00;2700.00;1740.00;25.30;E0_0_900m;5.00;145;145;9.55;25.41
2400.00;2700.00;2064.00;27.00;E0_1_900m;5.00;172;172;10.62;27.22
2400.00;2700.00;1728.00;25.24;E0_0_1000m;5.00;144;144;9.49;25.33
2400.00;2700.00;2088.00;26.96;E0_1_1000m;5.00;174;174;10.76;27.16
2400.00;2700.00;1704.00;25.14;E0_0_1100m;5.00;142;142;9.41;25.22
2400.00;2700.00;2112.00;26.71;E0_1_1100m;5.00;176;176;10.98;26.92
2400.00;2700.00;1716.00;25.03;E0_0_1200m;5.00;143;143;9.52;25.10
2400.00;2700.00;2112.00;26.48;E0_1_1200m;5.00;176;176;11.08;26.67
2400.00;2700.00;1692.00;24.94;E0_0_1300m;5.00;141;141;9.44;25.00
2400.00;2700.00;2136.00;26.22;E0_1_1300m;5.00;178;178;11.31;26.39
2400.00;2700.00;1704.00;24.92;E0_0_1400m;5.00;142;142;9.50;24.98
2400.00;2700.00;2112.00;26.11;E0_1_1400m;5.00;176;177;11.29;26.28
2400.00;2700.00;1704.00;24.78;E0_0_1500m;5.00;142;142;9.55;24.85
2400.00;2700.00;2124.00;26.10;E0_1_1500m;5.00;177;178;11.32;26.27
2400.00;2700.00;1668.00;24.83;E0_0_1600m;5.00;139;139;9.33;24.90
2400.00;2700.00;2100.00;26.10;E0_1_1600m;5.00;175;175;11.17;26.29
2400.00;2700.00;1692.00;24.80;E0_0_1700m;5.00;141;141;9.48;24.89
2400.00;2700.00;2076.00;26.10;E0_1_1700m;5.00;173;173;11.03;26.29
2400.00;2700.00;1728.00;24.89;E0_0_1800m;5.00;144;144;9.64;24.97
2400.00;2700.00;2100.00;26.09;E0_1_1800m;5.00;175;175;11.18;26.29
2400.00;2700.00;1728.00;24.90;E0_0_1900m;5.00;144;144;9.64;24.99
2400.00;2700.00;2088.00;26.04;E0_1_1900m;5.00;174;174;11.14;26.24
2400.00;2700.00;1704.00;24.81;E0_0_2000m;5.00;142;142;9.54;24.93
2400.00;2700.00;2088.00;25.99;E0_1_2000m;5.00;174;174;11.16;26.19
2400.00;2700.00;1692.00;24.85;E0_0_2100m;5.00;141;141;9.46;24.95
2400.00;2700.00;2088.00;25.87;E0_1_2100m;5.00;174;174;11.21;26.05
2400.00;2700.00;1680.00;25.06;E0_0_2200m;5.00;140;140;9.31;25.16
2400.00;2700.00;2124.00;25.81;E0_1_2200m;5.00;177;177;11.43;25.97
2400.00;2700.00;1716.00;25.06;E0_0_2300m;5.00;143;143;9.51;25.16
2400.00;2700.00;2112.00;25.84;E0_1_2300m;5.00;176;176;11.35;26.00
2400.00;2700.00;1752.00;25.02;E0_0_2400m;5.00;146;146;9.72;25.11
2400.00;2700.00;2112.00;25.81;E0_1_2400m;5.00;176;177;11.38;25.97
2400.00;2700.00;1764.00;24.98;E0_0_2500m;5.00;147;147;9.81;25.06
2400.00;2700.00;2160.00;25.76;E0_1_2500m;5.00;180;180;11.65;25.87
2400.00;2700.00;1800.00;24.94;E0_0_2600m;5.00;150;150;10.02;25.01
2400.00;2700.00;2172.00;25.74;E0_1_2600m;5.00;181;181;11.72;25.84
2400.00;2700.00;1788.00;24.91;E0_0_2700m;5.00;149;149;9.97;24.98
2400.00;2700.00;2184.00;25.74;E0_1_2700m;5.00;182;182;11.79;25.81
2400.00;2700.00;1788.00;24.80;E0_0_2800m;5.00;149;149;10.01;24.87
2400.00;2700.00;2208.00;25.73;E0_1_2800m;5.00;184;184;11.92;25.80
2400.00;2700.00;1812.00;24.82;E0_0_2900m;5.00;151;151;10.14;24.88
2400.00;2700.00;2196.00;25.74;E0_1_2900m;5.00;183;183;11.85;25.83
2400.00;2700.00;1836.00;24.84;E0_0_3000m;5.00;153;153;10.27;24.89
2400.00;2700.00;2196.00;25.66;E0_1_3000m;5.00;183;183;11.88;25.76
2400.00;2700.00;1872.00;24.69;E0_0_3100m;5.00;156;156;10.53;24.75
2400.00;2700.00;2172.00;25.51;E0_1_3100m;5.00;181;181;11.83;25.61
2400.00;2700.00;1884.00;24.71;E0_0_3200m;5.00;157;157;10.59;24.76
2400.00;2700.00;2172.00;25.29;E0_1_3200m;5.00;181;181;11.93;25.40
2400.00;2700.00;1872.00;24.60;E0_0_3300m;5.00;156;156;10.57;24.64
2400.00;2700.00;2172.00;25.05;E0_1_3300m;5.00;181;181;12.04;25.14
2400.00;2700.00;1884.00;24.45;E0_0_3400m;5.00;157;157;10.70;24.48
2400.00;2700.00;2184.00;24.75;E0_1_3400m;5.00;182;182;12.26;24.81
2400.00;2700.00;1896.00;24.36;E0_0_3500m;5.00;158;158;10.81;24.39
2400.00;2700.00;2196.00;24.52;E0_1_3500m;5.00;183;183;12.44;24.56
2400.00;2700.00;1896.00;24.16;E0_0_3600m;5.00;158;158;10.90;24.20
2400.00;2700.00;2208.00;24.47;E0_1_3600m;5.00;184;184;12.53;24.52
2400.00;2700.00;1908.00;23.98;E0_0_3700m;5.00;159;159;11.05;24.03
2400.00;2700.00;2208.00;24.45;E0_1_3700m;5.00;184;183;12.49;24.53
2400.00;2700.00;1908.00;23.90;E0_0_3800m;5.00;159;160;11.14;23.95
2400.00;2700.00;2196.00;24.38;E0_1_3800m;5.00;183;183;12.51;24.47
2400.00;2700.00;1932.00;23.81;E0_0_3900m;5.00;161;161;11.27;23.85
2400.00;2700.00;2208.00;24.28;E0_1_3900m;5.00;184;184;12.63;24.37
2400.00;2700.00;1944.00;23.72;E0_0_4000m;5.00;162;163;11.41;23.77
2400.00;2700.00;2232.00;24.27;E0_1_4000m;5.00;186;186;12.77;24.38
2400.00;2700.00;1932.00;23.67;E0_0_4100m;5.00;161;161;11.34;23.71
2400.00;2700.00;2244.00;24.32;E0_1_4100m;5.00;187;187;12.82;24.46
2400.00;2700.00;1932.00;23.70;E0_0_4200m;5.00;161;162;11.39;23.75
2400.00;2700.00;2256.00;24.29;E0_1_4200m;5.00;188;188;12.90;24.42
2400.00;2700.00;1920.00;23.74;E0_0_4300m;5.00;160;161;11.27;23.79
2400.00;2700.00;2256.00;24.26;E0_1_4300m;5.00;188;188;12.91;24.37
2400.00;2700.00;1932.00;23.83;E0_0_4400m;5.00;161;161;11.26;23.89
2400.00;2700.00;2268.00;24.28;E0_1_4400m;5.00;189;188;12.92;24.38
2400.00;2700.00;1944.00;23.89;E0_0_4500m;5.00;162;162;11.30;23.95
2400.00;2700.00;2280.00;24.37;E0_1_4500m;5.00;190;191;13.02;24.48
2400.00;2700.00;1968.00;23.99;E0_0_4600m;5.00;164;164;11.39;24.07
2400.00;2700.00;2292.00;24.47;E0_1_4600m;5.00;191;192;13.05;24.59
2400.00;2700.00;1956.00;23.99;E0_0_4700m;5.00;163;162;11.31;24.05
2400.00;2700.00;2316.00;24.57;E0_1_4700m;5.00;193;193;13.09;24.69
2400.00;2700.00;1956.00;24.01;E0_0_4800m;5.00;163;163;11.32;24.07
2400.00;2700.00;2316.00;24.69;E0_1_4800m;5.00;193;193;13.03;24.82
2400.00;2700.00;1968.00;24.03;E0_0_4900m;5.00;164;164;11.38;24.08
2400.00;2700.00;2304.00;24.73;E0_1_4900m;5.00;192;192;12.94;24.86
2400.00;2700.00;1968.00;24.19;E0_0_5000m;5.00;164;163;11.25;24.25
2400.00;2700.00;2304.00;24.81;E0_1_5000m;5.00;192;193;12.96;24.94
2700.00;3000.00;0.00;-1.00;E0_0_0m;-1.00;0;0;0.00;-1.00
2700.00;3000.00;0.00;-1.00;E0_1_0m;-1.00;0;0;0.00;-1.00
2700.00;3000.00;1884.00;26.49;E0_0_100m;5.00;157;157;9.88;26.59
2700.00;3000.00;2112.00;27.67;E0_1_100m;5.00;176;176;10.60;27.79
2700.00;3000.00;1860.00;26.19;E0_0_200m;5.00;155;156;9.90;26.31
2700.00;3000.00;2112.00;27.64;E0_1_200m;5.00;176;176;10.61;27.82
2700.00;3000.00;1860.00;26.08;E0_0_300m;5.00;155;156;9.91;26.20
2700.00;3000.00;2100.00;27.56;E0_1_300m;5.00;175;175;10.58;27.74
2700.00;3000.00;1860.00;25.99;E0_0_400m;5.00;155;155;9.94;26.10
2700.00;3000.00;2064.00;27.48;E0_1_400m;5.00;172;172;10.43;27.66
2700.00;3000.00;1848.00;25.94;E0_0_500m;5.00;154;154;9.89;26.04
2700.00;3000.00;2064.00;27.39;E0_1_500m;5.00;172;173;10.47;27.57
2700.00;3000.00;1800.00;25.89;E0_0_600m;5.00;150;151;9.67;25.98
2700.00;3000.00;2100.00;27.33;E0_1_600m;5.00;175;175;10.67;27.47
2700.00;3000.00;1776.00;25.77;E0_0_700m;5.00;148;149;9.63;25.85
2700.00;3000.00;2112.00;27.23;E0_1_700m;5.00;176;176;10.77;27.35
2700.00;3000.00;1764.00;25.65;E0_0_800m;5.00;147;147;9.55;25.73
2700.00;3000.00;2124.00;27.12;E0_1_800m;5.00;177;177;10.88;27.24
2700.00;3000.00;1764.00;25.62;E0_0_900m;5.00;147;147;9.56;25.69
2700.00;3000.00;2136.00;27.04;E0_1_900m;5.00;178;178;10.97;27.14
2700.00;3000.00;1752.00;25.62;E0_0_1000m;5.00;146;146;9.48;25.68
2700.00;3000.00;2112.00;27.06;E0_1_1000m;5.00;176;176;10.84;27.16
2700.00;3000.00;1740.00;25.68;E0_0_1100m;5.00;145;145;9.41;25.74
2700.00;3000.00;2112.00;27.08;E0_1_1100m;5.00;176;177;10.85;27.18
2700.00;3000.00;1716.00;25.78;E0_0_1200m;5.00;143;143;9.25;25.83
2700.00;3000.00;2112.00;27.22;E0_1_1200m;5.00;176;177;10.80;27.31
2700.00;3000.00;1728.00;25.84;E0_0_1300m;5.00;144;143;9.26;25.90
2700.00;3000.00;2124.00;27.23;E0_1_1300m;5.00;177;177;10.83;27.32
2700.00;3000.00;1764.00;25.85;E0_0_1400m;5.00;147;147;9.48;25.90
2700.00;3000.00;2112.00;27.24;E0_1_1400m;5.00;176;175;10.71;27.33
2700.00;3000.00;1728.00;25.89;E0_0_1500m;5.00;144;145;9.32;25.95
2700.00;3000.00;2124.00;27.24;E0_1_1500m;5.00;177;178;10.86;27.33
2700.00;3000.00;1752.00;25.83;E0_0_1600m;5.00;146;147;9.45;25.89
2700.00;3000.00;2100.00;27.26;E0_1_1600m;5.00;175;175;10.70;27.34
2700.00;3000.00;1752.00;25.88;E0_0_1700m;5.00;146;147;9.44;25.94
2700.00;3000.00;2112.00;27.18;E0_1_1700m;5.00;176;176;10.79;27.26
2700.00;3000.00;1728.00;25.91;E0_0_1800m;5.00;144;144;9.26;25.96
2700.00;3000.00;2076.00;27.10;E0_1_1800m;5.00;173;173;10.64;27.16
2700.00;3000.00;1752.00;25.80;E0_0_1900m;5.00;146;147;9.46;25.84
2700.00;3000.00;2124.00;27.09;E0_1_1900m;5.00;177;177;10.89;27.16
2700.00;3000.00;1776.00;25.71;E0_0_2000m;5.00;148;148;9.59;25.76
2700.00;3000.00;2112.00;27.28;E0_1_2000m;5.00;176;176;10.75;27.38
2700.00;3000.00;1800.00;25.78;E0_0_2100m;5.00;150;150;9.70;25.84
2700.00;3000.00;2076.00;27.37;E0_1_2100m;5.00;173;173;10.54;27.49
2700.00;3000.00;1800.00;25.77;E0_0_2200m;5.00;150;150;9.70;25.83
2700.00;3000.00;2052.00;27.50;E0_1_2200m;5.00;171;171;10.36;27.64
2700.00;3000.00;1764.00;25.69;E0_0_2300m;5.00;147;148;9.58;25.76
2700.00;3000.00;2076.00;27.55;E0_1_2300m;5.00;173;174;10.51;27.69
2700.00;3000.00;1752.00;25.67;E0_0_2400m;5.00;146;147;9.49;25.73
2700.00;3000.00;2052.00;27.56;E0_1_2400m;5.00;171;172;10.39;27.70
2700.00;3000.00;1752.00;25.73;E0_0_2500m;5.00;146;147;9.48;25.81
2700.00;3000.00;2016.00;27.60;E0_1_2500m;5.00;168;170;10.23;27.75
2700.00;3000.00;1740.00;25.67;E0_0_2600m;5.00;145;145;9.42;25.74
2700.00;3000.00;1992.00;27.70;E0_1_2600m;5.00;166;166;9.99;27.86
2700.00;3000.00;1692.00;25.70;E0_0_2700m;5.00;141;141;9.14;25.79
2700.00;3000.00;1992.00;27.80;E0_1_2700m;5.00;166;166;9.95;27.98
2700.00;3000.00;1680.00;25.90;E0_0_2800m;5.00;140;141;9.07;25.97
2700.00;3000.00;1956.00;27.84;E0_1_2800m;5.00;163;163;9.76;28.02
2700.00;3000.00;1668.00;25.86;E0_0_2900m;5.00;139;139;8.96;25.93
2700.00;3000.00;1992.00;27.70;E0_1_2900m;5.00;166;166;9.99;27.87
2700.00;3000.00;1680.00;25.78;E0_0_3000m;5.00;140;140;9.05;25.84
2700.00;3000.00;2028.00;27.63;E0_1_3000m;5.00;169;169;10.19;27.78
2700.00;3000.00;1680.00;25.59;E0_0_3100m;5.00;140;140;9.12;25.66
2700.00;3000.00;2052.00;27.63;E0_1_3100m;5.00;171;171;10.32;27.78
2700.00;3000.00;1668.00;25.48;E0_0_3200m;5.00;139;139;9.09;25.56
2700.00;3000.00;2064.00;27.57;E0_1_3200m;5.00;172;172;10.40;27.69
2700.00;3000.00;1716.00;25.44;E0_0_3300m;5.00;143;143;9.37;25.54
2700.00;3000.00;2040.00;27.47;E0_1_3300m;5.00;170;170;10.31;27.58
2700.00;3000.00;1704.00;25.49;E0_0_3400m;5.00;142;143;9.31;25.60
2700.00;3000.00;2052.00;27.37;E0_1_3400m;5.00;171;172;10.41;27.47
2700.00;3000.00;1716.00;25.59;E0_0_3500m;5.00;143;143;9.31;25.69
2700.00;3000.00;2064.00;27.35;E0_1_3500m;5.00;172;172;10.48;27.41
2700.00;3000.00;1716.00;25.65;E0_0_3600m;5.00;143;144;9.30;25.73
2700.00;3000.00;2112.00;27.30;E0_1_3600m;5.00;176;176;10.74;27.37
2700.00;3000.00;1704.00;25.61;E0_0_3700m;5.00;142;142;9.24;25.69
2700.00;3000.00;2124.00;27.25;E0_1_3700m;5.00;177;177;10.83;27.31
2700.00;3000.00;1752.00;25.55;E0_0_3800m;5.00;146;145;9.47;25.63
2700.00;3000.00;2124.00;27.15;E0_1_3800m;5.00;177;177;10.87;27.22
2700.00;3000.00;1716.00;25.52;E0_0_3900m;5.00;143;143;9.34;25.59
2700.00;3000.00;2124.00;27.12;E0_1_3900m;5.00;177;177;10.88;27.20
2700.00;3000.00;1716.00;25.45;E0_0_4000m;5.00;143;142;9.34;25.52
2700.00;3000.00;2088.00;27.21;E0_1_4000m;5.00;174;174;10.66;27.31
2700.00;3000.00;1692.00;25.48;E0_0_4100m;5.00;141;142;9.27;25.55
2700.00;3000.00;2124.00;27.21;E0_1_4100m;5.00;177;177;10.84;27.31
2700.00;3000.00;1704.00;25.42;E0_0_4200m;5.00;142;141;9.25;25.51
2700.00;3000.00;2100.00;27.27;E0_1_4200m;5.00;175;176;10.70;27.37
2700.00;3000.00;1704.00;25.46;E0_0_4300m;5.00;142;141;9.26;25.52
2700.00;3000.00;2100.00;27.29;E0_1_4300m;5.00;175;175;10.69;27.40
2700.00;3000.00;1692.00;25.45;E0_0_4400m;5.00;141;141;9.23;25.52
2700.00;3000.00;2112.00;27.28;E0_1_4400m;5.00;176;176;10.75;27.41
2700.00;3000.00;1728.00;25.47;E0_0_4500m;5.00;144;144;9.42;25.55
2700.00;3000.00;2100.00;27.18;E0_1_4500m;5.00;175;174;10.70;27.30
2700.00;3000.00;1728.00;25.49;E0_0_4600m;5.00;144;144;9.41;25.58
2700.00;3000.00;2088.00;27.03;E0_1_4600m;5.00;174;174;10.73;27.12
2700.00;3000.00;1740.00;25.51;E0_0_4700m;5.00;145;145;9.47;25.59
2700.00;3000.00;2136.00;27.03;E0_1_4700m;5.00;178;178;10.98;27.12
2700.00;3000.00;1800.00;25.47;E0_0_4800m;5.00;150;150;9.81;25.57
2700.00;3000.00;2136.00;27.03;E0_1_4800m;5.00;178;178;10.98;27.15
2700.00;3000.00;1836.00;25.58;E0_0_4900m;5.00;153;154;10.00;25.67
2700.00;3000.00;2160.00;27.01;E0_1_4900m;5.00;180;180;11.11;27.15
2700.00;3000.00;1848.00;25.51;E0_0_5000m;5.00;154;154;10.06;25.60
2700.00;3000.00;2160.00;27.04;E0_1_5000m;5.00;180;179;11.03;27.20
3000.00;3300.00;0.00;-1.00;E0_0_0m;-1.00;0;0;0.00;-1.00
3000.00;3300.00;0.00;-1.00;E0_1_0m;-1.00;0;0;0.00;-1.00
3000.00;3300.00;1920.00;24.08;E0_0_100m;5.00;160;161;11.12;24.27
3000.00;3300.00;2376.00;24.78;E0_1_100m;5.00;198;198;13.32;25.06
3000.00;3300.00;1908.00;23.47;E0_0_200m;5.00;159;159;11.29;23.73
3000.00;3300.00;2388.00;24.19;E0_1_200m;5.00;199;199;13.71;24.54
3000.00;3300.00;1908.00;23.16;E0_0_300m;5.00;159;158;11.44;23.44
3000.00;3300.00;2388.00;23.68;E0_1_300m;5.00;199;199;14.01;24.03
3000.00;3300.00;1884.00;22.91;E0_0_400m;5.00;157;158;11.46;23.19
3000.00;3300.00;2412.00;23.31;E0_1_400m;5.00;201;201;14.37;23.66
3000.00;3300.00;1896.00;22.65;E0_0_500m;5.00;158;158;11.63;22.96
3000.00;3300.00;2400.00;23.01;E0_1_500m;5.00;200;199;14.48;23.38
3000.00;3300.00;1944.00;22.28;E0_0_600m;5.00;162;161;12.11;22.62
3000.00;3300.00;2352.00;22.61;E0_1_600m;5.00;196;197;14.46;23.02
3000.00;3300.00;1968.00;22.01;E0_0_700m;5.00;164;163;12.36;22.42
3000.00;3300.00;2340.00;22.32;E0_1_700m;5.00;195;196;14.62;22.78
3000.00;3300.00;1968.00;21.99;E0_0_800m;5.00;164;164;12.43;22.45
3000.00;3300.00;2340.00;22.23;E0_1_800m;5.00;195;196;14.66;22.78
3000.00;3300.00;1956.00;21.91;E0_0_900m;5.00;163;163;12.40;22.38
3000.00;3300.00;2328.00;22.22;E0_1_900m;5.00;194;194;14.55;22.82
3000.00;3300.00;1944.00;21.95;E0_0_1000m;5.00;162;162;12.30;22.42
3000.00;3300.00;2316.00;22.24;E0_1_1000m;5.00;193;193;14.46;22.84
3000.00;3300.00;1932.00;21.92;E0_0_1100m;5.00;161;161;12.24;22.39
3000.00;3300.00;2304.00;22.27;E0_1_1100m;5.00;192;192;14.42;22.85
3000.00;3300.00;1920.00;21.94;E0_0_1200m;5.00;160;160;12.15;22.39
3000.00;3300.00;2292.00;22.24;E0_1_1200m;5.00;191;190;14.29;22.78
3000.00;3300.00;1908.00;21.98;E0_0_1300m;5.00;159;159;12.05;22.42
3000.00;3300.00;2268.00;22.21;E0_1_1300m;5.00;189;189;14.19;22.70
3000.00;3300.00;1884.00;22.03;E0_0_1400m;5.00;157;157;11.88;22.44
3000.00;3300.00;2244.00;22.20;E0_1_1400m;5.00;187;187;14.04;22.67
3000.00;3300.00;1908.00;22.10;E0_0_1500m;5.00;159;158;11.95;22.50
3000.00;3300.00;2220.00;22.24;E0_1_1500m;5.00;185;185;13.86;22.70
3000.00;3300.00;1896.00;22.14;E0_0_1600m;5.00;158;157;11.87;22.52
3000.00;3300.00;2220.00;22.27;E0_1_1600m;5.00;185;186;13.92;22.68
3000.00;3300.00;1884.00;22.18;E0_0_1700m;5.00;157;157;11.80;22.54
3000.00;3300.00;2220.00;22.29;E0_1_1700m;5.00;185;185;13.83;22.67
3000.00;3300.00;1860.00;22.25;E0_0_1800m;5.00;155;155;11.61;22.58
3000.00;3300.00;2208.00;22.35;E0_1_1800m;5.00;184;185;13.76;22.71
3000.00;3300.00;1824.00;22.26;E0_0_1900m;5.00;152;152;11.38;22.58
3000.00;3300.00;2172.00;22.35;E0_1_1900m;5.00;181;181;13.50;22.68
3000.00;3300.00;1800.00;22.35;E0_0_2000m;5.00;150;151;11.19;22.66
3000.00;3300.00;2160.00;22.45;E0_1_2000m;5.00;180;180;13.37;22.77
3000.00;3300.00;1800.00;22.45;E0_0_2100m;5.00;150;150;11.14;22.75
3000.00;3300.00;2148.00;22.56;E0_1_2100m;5.00;179;180;13.27;22.88
3000.00;3300.00;1788.00;22.58;E0_0_2200m;5.00;149;149;11.00;22.86
3000.00;3300.00;2148.00;22.67;E0_1_2200m;5.00;179;179;13.16;22.98
3000.00;3300.00;1752.00;22.67;E0_0_2300m;5.00;146;146;10.76;22.93
3000.00;3300.00;2136.00;22.81;E0_1_2300m;5.00;178;177;12.96;23.12
3000.00;3300.00;1764.00;22.68;E0_0_2400m;5.00;147;146;10.80;22.92
3000.00;3300.00;2124.00;22.85;E0_1_2400m;5.00;177;176;12.86;23.15
3000.00;3300.00;1740.00;22.75;E0_0_2500m;5.00;145;145;10.62;22.97
3000.00;3300.00;2112.00;22.92;E0_1_2500m;5.00;176;175;12.76;23.18
3000.00;3300.00;1728.00;22.81;E0_0_2600m;5.00;144;144;10.52;23.02
3000.00;3300.00;2088.00;23.06;E0_1_2600m;5.00;174;174;12.58;23.33
3000.00;3300.00;1704.00;22.88;E0_0_2700m;5.00;142;142;10.34;23.07
3000.00;3300.00;2100.00;23.24;E0_1_2700m;5.00;175;175;12.55;23.53
3000.00;3300.00;1728.00;22.90;E0_0_2800m;5.00;144;143;10.42;23.08
3000.00;3300.00;2088.00;23.44;E0_1_2800m;5.00;174;174;12.37;23.74
3000.00;3300.00;1704.00;22.98;E0_0_2900m;5.00;142;142;10.30;23.13
3000.00;3300.00;2064.00;23.56;E0_1_2900m;5.00;172;172;12.17;23.88
3000.00;3300.00;1680.00;23.06;E0_0_3000m;5.00;140;141;10.16;23.20
3000.00;3300.00;2004.00;23.68;E0_1_3000m;5.00;167;167;11.75;23.99
3000.00;3300.00;1668.00;23.14;E0_0_3100m;5.00;139;139;10.01;23.27
3000.00;3300.00;1968.00;23.83;E0_1_3100m;5.00;164;164;11.47;24.12
3000.00;3300.00;1656.00;23.26;E0_0_3200m;5.00;138;138;9.89;23.38
3000.00;3300.00;1968.00;23.97;E0_1_3200m;5.00;164;164;11.40;24.24
3000.00;3300.00;1632.00;23.37;E0_0_3300m;5.00;136;136;9.70;23.47
3000.00;3300.00;1968.00;24.16;E0_1_3300m;5.00;164;164;11.31;24.40
3000.00;3300.00;1632.00;23.41;E0_0_3400m;5.00;136;136;9.68;23.51
3000.00;3300.00;1992.00;24.23;E0_1_3400m;5.00;166;165;11.42;24.46
3000.00;3300.00;1644.00;23.44;E0_0_3500m;5.00;137;137;9.74;23.53
3000.00;3300.00;2004.00;24.24;E0_1_3500m;5.00;167;167;11.48;24.47
3000.00;3300.00;1644.00;23.46;E0_0_3600m;5.00;137;136;9.72;23.55
3000.00;3300.00;1992.00;24.26;E0_1_3600m;5.00;166;166;11.40;24.49
3000.00;3300.00;1632.00;23.57;E0_0_3700m;5.00;136;137;9.67;23.65
3000.00;3300.00;1980.00;24.38;E0_1_3700m;5.00;165;165;11.28;24.60
3000.00;3300.00;1608.00;23.68;E0_0_3800m;5.00;134;134;9.43;23.77
3000.00;3300.00;1968.00;24.49;E0_1_3800m;5.00;164;164;11.16;24.70
3000.00;3300.00;1596.00;23.80;E0_0_3900m;5.00;133;133;9.31;23.88
3000.00;3300.00;1968.00;24.66;E0_1_3900m;5.00;164;164;11.08;24.86
3000.00;3300.00;1584.00;23.92;E0_0_4000m;5.00;132;132;9.20;23.98
3000.00;3300.00;1980.00;24.81;E0_1_4000m;5.00;165;165;11.09;24.99
3000.00;3300.00;1560.00;24.06;E0_0_4100m;5.00;130;131;9.08;24.10
3000.00;3300.00;1968.00;24.97;E0_1_4100m;5.00;164;164;10.95;25.13
3000.00;3300.00;1608.00;24.19;E0_0_4200m;5.00;134;134;9.23;24.24
3000.00;3300.00;1956.00;25.05;E0_1_4200m;5.00;163;163;10.84;25.21
3000.00;3300.00;1644.00;24.17;E0_0_4300m;5.00;137;137;9.45;24.22
3000.00;3300.00;1992.00;25.10;E0_1_4300m;5.00;166;166;11.02;25.27
3000.00;3300.00;1692.00;24.17;E0_0_4400m;5.00;141;141;9.72;24.23
3000.00;3300.00;2004.00;25.15;E0_1_4400m;5.00;167;167;11.07;25.33
3000.00;3300.00;1692.00;24.15;E0_0_4500m;5.00;141;141;9.73;24.20
3000.00;3300.00;2028.00;25.25;E0_1_4500m;5.00;169;169;11.16;25.46
3000.00;3300.00;1716.00;24.25;E0_0_4600m;5.00;143;143;9.83;24.30
3000.00;3300.00;2040.00;25.26;E0_1_4600m;5.00;170;170;11.21;25.48
3000.00;3300.00;1704.00;24.33;E0_0_4700m;5.00;142;142;9.73;24.39
3000.00;3300.00;2052.00;25.27;E0_1_4700m;5.00;171;171;11.28;25.49
3000.00;3300.00;1716.00;24.32;E0_0_4800m;5.00;143;143;9.80;24.38
3000.00;3300.00;2052.00;25.31;E0_1_4800m;5.00;171;171;11.26;25.53
3000.00;3300.00;1740.00;24.30;E0_0_4900m;5.00;145;144;9.92;24.36
3000.00;3300.00;2040.00;25.32;E0_1_4900m;5.00;170;171;11.22;25.54
3000.00;3300.00;1740.00;24.36;E0_0_5000m;5.00;145;145;9.92;24.41
3000.00;3300.00;2052.00;25.37;E0_1_5000m;5.00;171;171;11.23;25.57
3300.00;3600.00;0.00;-1.00;E0_0_0m;-1.00;0;0;0.00;-1.00
3300.00;3600.00;0.00;-1.00;E0_1_0m;-1.00;0;0;0.00;-1.00
3300.00;3600.00;1620.00;25.21;E0_0_100m;5.00;135;135;8.92;25.46
3300.00;3600.00;2016.00;25.79;E0_1_100m;5.00;168;168;10.86;26.00
3300.00;3600.00;1608.00;25.60;E0_0_200m;5.00;134;135;8.73;25.90
3300.00;3600.00;2028.00;26.46;E0_1_200m;5.00;169;170;10.66;26.83
3300.00;3600.00;1584.00;25.68;E0_0_300m;5.00;132;133;8.63;25.92
3300.00;3600.00;2040.00;26.64;E0_1_300m;5.00;170;170;10.63;27.00
3300.00;3600.00;1596.00;25.66;E0_0_400m;5.00;133;132;8.60;25.90
3300.00;3600.00;2004.00;26.66;E0_1_400m;5.00;167;167;10.44;26.98
3300.00;3600.00;1608.00;25.51;E0_0_500m;5.00;134;134;8.75;25.75
3300.00;3600.00;1980.00;26.52;E0_1_500m;5.00;165;165;10.37;26.82
3300.00;3600.00;1548.00;25.41;E0_0_600m;5.00;129;129;8.46;25.62
3300.00;3600.00;2016.00;26.29;E0_1_600m;5.00;168;167;10.63;26.59
3300.00;3600.00;1560.00;25.27;E0_0_700m;5.00;130;130;8.57;25.47
3300.00;3600.00;1980.00;26.06;E0_1_700m;5.00;165;165;10.54;26.35
3300.00;3600.00;1560.00;24.82;E0_0_800m;5.00;130;130;8.73;25.06
3300.00;3600.00;1968.00;25.48;E0_1_800m;5.00;164;164;10.73;25.78
3300.00;3600.00;1560.00;24.37;E0_0_900m;5.00;130;131;8.95;24.68
3300.00;3600.00;1980.00;25.14;E0_1_900m;5.00;165;165;10.94;25.56
3300.00;3600.00;1608.00;24.08;E0_0_1000m;5.00;134;133;9.26;24.45
3300.00;3600.00;1968.00;24.81;E0_1_1000m;5.00;164;164;11.02;25.32
3300.00;3600.00;1596.00;23.92;E0_0_1100m;5.00;133;133;9.27;24.29
3300.00;3600.00;2004.00;24.62;E0_1_1100m;5.00;167;166;11.23;25.19
3300.00;3600.00;1608.00;23.33;E0_0_1200m;5.00;134;134;9.57;23.72
3300.00;3600.00;2004.00;24.36;E0_1_1200m;5.00;167;167;11.42;24.96
3300.00;3600.00;1620.00;22.98;E0_0_1300m;5.00;135;135;9.79;23.38
3300.00;3600.00;2016.00;23.83;E0_1_1300m;5.00;168;169;11.79;24.44
3300.00;3600.00;1632.00;22.81;E0_0_1400m;5.00;136;136;9.94;23.24
3300.00;3600.00;2040.00;23.48;E0_1_1400m;5.00;170;170;12.07;24.11
3300.00;3600.00;1644.00;22.53;E0_0_1500m;5.00;137;137;10.13;22.95
3300.00;3600.00;2100.00;23.18;E0_1_1500m;5.00;175;175;12.58;23.78
3300.00;3600.00;1668.00;22.20;E0_0_1600m;5.00;139;139;10.44;22.56
3300.00;3600.00;2148.00;22.74;E0_1_1600m;5.00;179;178;13.04;23.28
3300.00;3600.00;1680.00;21.87;E0_0_1700m;5.00;140;140;10.67;22.22
3300.00;3600.00;2136.00;22.39;E0_1_1700m;5.00;178;179;13.25;22.85
3300.00;3600.00;1704.00;21.53;E0_0_1800m;5.00;142;142;10.99;21.84
3300.00;3600.00;2148.00;21.90;E0_1_1800m;5.00;179;178;13.58;22.29
3300.00;3600.00;1716.00;21.23;E0_0_1900m;5.00;143;143;11.23;21.49
3300.00;3600.00;2148.00;21.53;E0_1_1900m;5.00;179;180;13.90;21.85
3300.00;3600.00;1728.00;21.01;E0_0_2000m;5.00;144;143;11.42;21.24
3300.00;3600.00;2160.00;21.29;E0_1_2000m;5.00;180;181;14.16;21.58
3300.00;3600.00;1740.00;20.89;E0_0_2100m;5.00;145;146;11.57;21.10
3300.00;3600.00;2172.00;21.12;E0_1_2100m;5.00;181;180;14.24;21.39
3300.00;3600.00;1764.00;20.76;E0_0_2200m;5.00;147;147;11.80;20.94
3300.00;3600.00;2160.00;20.95;E0_1_2200m;5.00;180;181;14.34;21.18
3300.00;3600.00;1800.00;20.49;E0_0_2300m;5.00;150;149;12.13;20.63
3300.00;3600.00;2220.00;20.83;E0_1_2300m;5.00;185;185;14.80;21.01
3300.00;3600.00;1824.00;20.44;E0_0_2400m;5.00;152;152;12.39;20.57
3300.00;3600.00;2256.00;20.67;E0_1_2400m;5.00;188;188;15.16;20.81
3300.00;3600.00;1860.00;20.43;E0_0_2500m;5.00;155;155;12.65;20.52
3300.00;3600.00;2304.00;20.58;E0_1_2500m;5.00;192;192;15.55;20.69
3300.00;3600.00;1872.00;20.38;E0_0_2600m;5.00;156;156;12.76;20.48
3300.00;3600.00;2328.00;20.49;E0_1_2600m;5.00;194;195;15.84;20.59
3300.00;3600.00;1884.00;20.32;E0_0_2700m;5.00;157;157;12.88;20.42
3300.00;3600.00;2340.00;20.45;E0_1_2700m;5.00;195;195;15.90;20.56
3300.00;3600.00;1872.00;20.16;E0_0_2800m;5.00;156;156;12.90;20.25
3300.00;3600.00;2340.00;20.39;E0_1_2800m;5.00;195;196;16.01;20.51
3300.00;3600.00;1908.00;19.97;E0_0_2900m;5.00;159;159;13.27;20.06
3300.00;3600.00;2316.00;20.23;E0_1_2900m;5.00;193;194;15.96;20.33
3300.00;3600.00;1908.00;19.91;E0_0_3000m;5.00;159;158;13.27;19.98
3300.00;3600.00;2328.00;20.07;E0_1_3000m;5.00;194;195;16.14;20.16
3300.00;3600.00;1896.00;19.86;E0_0_3100m;5.00;158;158;13.26;19.92
3300.00;3600.00;2340.00;19.94;E0_1_3100m;5.00;195;196;16.31;20.01
3300.00;3600.00;1896.00;19.73;E0_0_3200m;5.00;158;158;13.35;19.77
3300.00;3600.00;2340.00;19.78;E0_1_3200m;5.00;195;196;16.45;19.82
3300.00;3600.00;1920.00;19.51;E0_0_3300m;5.00;160;160;13.67;19.53
3300.00;3600.00;2340.00;19.58;E0_1_3300m;5.00;195;195;16.60;19.60
3300.00;3600.00;1908.00;19.33;E0_0_3400m;5.00;159;159;13.71;19.34
3300.00;3600.00;2316.00;19.39;E0_1_3400m;5.00;193;193;16.59;19.39
3300.00;3600.00;1884.00;19.27;E0_0_3500m;5.00;157;157;13.58;19.27
3300.00;3600.00;2292.00;19.28;E0_1_3500m;5.00;191;191;16.51;19.28
3300.00;3600.00;1896.00;19.25;E0_0_3600m;5.00;158;158;13.68;19.25
3300.00;3600.00;2304.00;19.25;E0_1_3600m;5.00;192;192;16.62;19.25
3300.00;3600.00;1932.00;19.27;E0_0_3700m;5.00;161;160;13.87;19.27
3300.00;3600.00;2340.00;19.26;E0_1_3700m;5.00;195;195;16.87;19.26
3300.00;3600.00;1944.00;19.29;E0_0_3800m;5.00;162;163;14.02;19.30
3300.00;3600.00;2352.00;19.29;E0_1_3800m;5.00;196;196;16.94;19.29
3300.00;3600.00;1956.00;19.32;E0_0_3900m;5.00;163;163;14.06;19.33
3300.00;3600.00;2352.00;19.32;E0_1_3900m;5.00;196;196;16.91;19.33
3300.00;3600.00;1968.00;19.37;E0_0_4000m;5.00;164;164;14.11;19.38
3300.00;3600.00;2352.00;19.37;E0_1_4000m;5.00;196;196;16.86;19.38
3300.00;3600.00;1980.00;19.42;E0_0_4100m;5.00;165;164;14.08;19.43
3300.00;3600.00;2364.00;19.44;E0_1_4100m;5.00;197;197;16.89;19.45
3300.00;3600.00;1956.00;19.46;E0_0_4200m;5.00;163;164;13.99;19.48
3300.00;3600.00;2340.00;19.49;E0_1_4200m;5.00;195;195;16.67;19.51
3300.00;3600.00;1932.00;19.52;E0_0_4300m;5.00;161;161;13.74;19.54
3300.00;3600.00;2304.00;19.57;E0_1_4300m;5.00;192;192;16.35;19.59
3300.00;3600.00;1908.00;19.60;E0_0_4400m;5.00;159;159;13.52;19.63
3300.00;3600.00;2268.00;19.66;E0_1_4400m;5.00;189;189;16.02;19.69
3300.00;3600.00;1896.00;19.71;E0_0_4500m;5.00;158;158;13.36;19.75
3300.00;3600.00;2220.00;19.75;E0_1_4500m;5.00;185;186;15.61;19.79
3300.00;3600.00;1872.00;19.83;E0_0_4600m;5.00;156;156;13.11;19.88
3300.00;3600.00;2184.00;19.89;E0_1_4600m;5.00;182;183;15.27;19.94
3300.00;3600.00;1848.00;19.97;E0_0_4700m;5.00;154;154;12.85;20.04
3300.00;3600.00;2148.00;20.03;E0_1_4700m;5.00;179;179;14.89;20.10
3300.00;3600.00;1824.00;20.14;E0_0_4800m;5.00;152;152;12.58;20.22
3300.00;3600.00;2112.00;20.20;E0_1_4800m;5.00;176;176;14.52;20.29
3300.00;3600.00;1812.00;20.34;E0_0_4900m;5.00;151;151;12.37;20.45
3300.00;3600.00;2076.00;20.39;E0_1_4900m;5.00;173;173;14.14;20.49
3300.00;3600.00;1800.00;20.58;E0_0_5000m;5.00;150;150;12.15;20.71
3300.00;3600.00;2064.00;20.62;E0_1_5000m;5.00;172;172;13.90;20.76
3600.00;3900.00;0.00;-1.00;E0_0_0m;-1.00;0;0;0.00;-1.00
3600.00;3900.00;0.00;-1.00;E0_1_0m;-1.00;0;0;0.00;-1.00
3600.00;3900.00;1932.00;25.68;E0_0_100m;5.00;161;161;10.45;25.84
3600.00;3900.00;2184.00;27.14;E0_1_100m;5.00;182;182;11.18;27.30
3600.00;3900.00;1980.00;25.84;E0_0_200m;5.00;165;165;10.64;25.99
3600.00;3900.00;2124.00;27.46;E0_1_200m;5.00;177;177;10.74;27.66
3600.00;3900.00;2004.00;25.69;E0_0_300m;5.00;167;166;10.77;25.82
3600.00;3900.00;2160.00;27.52;E0_1_300m;5.00;180;180;10.90;27.76
3600.00;3900.00;1980.00;25.31;E0_0_400m;5.00;165;166;10.91;25.47
3600.00;3900.00;2208.00;27.37;E0_1_400m;5.00;184;184;11.21;27.60
3600.00;3900.00;2016.00;25.12;E0_0_500m;5.00;168;168;11.14;25.32
3600.00;3900.00;2208.00;26.97;E0_1_500m;5.00;184;184;11.37;27.16
3600.00;3900.00;2052.00;25.05;E0_0_600m;5.00;171;171;11.38;25.21
3600.00;3900.00;2208.00;26.73;E0_1_600m;5.00;184;184;11.47;26.91
3600.00;3900.00;2028.00;24.88;E0_0_700m;5.00;169;170;11.36;25.03
3600.00;3900.00;2232.00;26.65;E0_1_700m;5.00;186;187;11.69;26.81
3600.00;3900.00;2028.00;24.62;E0_0_800m;5.00;169;169;11.44;24.78
3600.00;3900.00;2244.00;26.61;E0_1_800m;5.00;187;187;11.71;26.77
3600.00;3900.00;1992.00;24.50;E0_0_900m;5.00;166;167;11.31;24.67
3600.00;3900.00;2256.00;26.61;E0_1_900m;5.00;188;188;11.78;26.75
3600.00;3900.00;1968.00;24.39;E0_0_1000m;5.00;164;165;11.24;24.57
3600.00;3900.00;2268.00;26.59;E0_1_1000m;5.00;189;189;11.85;26.72
3600.00;3900.00;1920.00;24.29;E0_0_1100m;5.00;160;161;11.02;24.48
3600.00;3900.00;2292.00;26.60;E0_1_1100m;5.00;191;191;11.97;26.72
3600.00;3900.00;1932.00;24.19;E0_0_1200m;5.00;161;161;11.09;24.39
3600.00;3900.00;2292.00;26.62;E0_1_1200m;5.00;191;191;11.96;26.75
3600.00;3900.00;1956.00;24.10;E0_0_1300m;5.00;163;164;11.33;24.30
3600.00;3900.00;2280.00;26.64;E0_1_1300m;5.00;190;189;11.85;26.76
3600.00;3900.00;1908.00;23.94;E0_0_1400m;5.00;159;160;11.10;24.14
3600.00;3900.00;2304.00;26.74;E0_1_1400m;5.00;192;192;11.97;26.85
3600.00;3900.00;1920.00;23.90;E0_0_1500m;5.00;160;160;11.16;24.09
3600.00;3900.00;2232.00;26.82;E0_1_1500m;5.00;186;186;11.56;26.94
3600.00;3900.00;1884.00;23.84;E0_0_1600m;5.00;157;157;10.97;24.03
3600.00;3900.00;2208.00;26.77;E0_1_1600m;5.00;184;184;11.46;26.88
3600.00;3900.00;1920.00;23.89;E0_0_1700m;5.00;160;160;11.16;24.07
3600.00;3900.00;2244.00;26.70;E0_1_1700m;5.00;187;186;11.67;26.81
3600.00;3900.00;1956.00;23.85;E0_0_1800m;5.00;163;163;11.39;24.03
3600.00;3900.00;2244.00;26.73;E0_1_1800m;5.00;187;187;11.66;26.85
3600.00;3900.00;1932.00;23.82;E0_0_1900m;5.00;161;161;11.26;24.00
3600.00;3900.00;2268.00;26.65;E0_1_1900m;5.00;189;188;11.78;26.76
3600.00;3900.00;1908.00;23.78;E0_0_2000m;5.00;159;160;11.19;23.95
3600.00;3900.00;2292.00;26.49;E0_1_2000m;5.00;191;190;11.95;26.61
3600.00;3900.00;1920.00;23.68;E0_0_2100m;5.00;160;159;11.26;23.84
3600.00;3900.00;2292.00;26.39;E0_1_2100m;5.00;191;191;12.06;26.52
3600.00;3900.00;1920.00;23.59;E0_0_2200m;5.00;160;160;11.31;23.72
3600.00;3900.00;2304.00;26.34;E0_1_2200m;5.00;192;191;12.13;26.46
3600.00;3900.00;1908.00;23.53;E0_0_2300m;5.00;159;159;11.26;23.66
3600.00;3900.00;2268.00;26.26;E0_1_2300m;5.00;189;189;12.00;26.38
3600.00;3900.00;1884.00;23.38;E0_0_2400m;5.00;157;157;11.19;23.50
3600.00;3900.00;2232.00;26.11;E0_1_2400m;5.00;186;186;11.87;26.23
3600.00;3900.00;1860.00;23.29;E0_0_2500m;5.00;155;156;11.14;23.40
3600.00;3900.00;2184.00;25.96;E0_1_2500m;5.00;182;182;11.69;26.08
3600.00;3900.00;1872.00;23.22;E0_0_2600m;5.00;156;156;11.20;23.33
3600.00;3900.00;2172.00;25.84;E0_1_2600m;5.00;181;180;11.62;25.97
3600.00;3900.00;1872.00;23.25;E0_0_2700m;5.00;156;156;11.18;23.35
3600.00;3900.00;2160.00;25.78;E0_1_2700m;5.00;180;181;11.67;25.91
3600.00;3900.00;1872.00;23.32;E0_0_2800m;5.00;156;156;11.15;23.43
3600.00;3900.00;2172.00;25.71;E0_1_2800m;5.00;181;180;11.67;25.85
3600.00;3900.00;1848.00;23.34;E0_0_2900m;5.00;154;154;11.00;23.45
3600.00;3900.00;2184.00;25.59;E0_1_2900m;5.00;182;182;11.82;25.73
3600.00;3900.00;1836.00;23.23;E0_0_3000m;5.00;153;153;10.98;23.34
3600.00;3900.00;2196.00;25.56;E0_1_3000m;5.00;183;183;11.97;25.71
3600.00;3900.00;1884.00;23.19;E0_0_3100m;5.00;157;157;11.28;23.30
3600.00;3900.00;2220.00;25.54;E0_1_3100m;5.00;185;184;12.06;25.69
3600.00;3900.00;1932.00;23.25;E0_0_3200m;5.00;161;161;11.54;23.37
3600.00;3900.00;2244.00;25.55;E0_1_3200m;5.00;187;186;12.18;25.72
3600.00;3900.00;1956.00;23.24;E0_0_3300m;5.00;163;163;11.69;23.36
3600.00;3900.00;2268.00;25.45;E0_1_3300m;5.00;189;189;12.38;25.60
3600.00;3900.00;1980.00;23.13;E0_0_3400m;5.00;165;165;11.89;23.24
3600.00;3900.00;2292.00;25.27;E0_1_3400m;5.00;191;191;12.60;25.42
3600.00;3900.00;2004.00;23.04;E0_0_3500m;5.00;167;167;12.08;23.15
3600.00;3900.00;2292.00;25.14;E0_1_3500m;5.00;191;191;12.66;25.28
3600.00;3900.00;1968.00;23.01;E0_0_3600m;5.00;164;164;11.88;23.10
3600.00;3900.00;2256.00;25.06;E0_1_3600m;5.00;188;189;12.51;25.18
3600.00;3900.00;1932.00;22.98;E0_0_3700m;5.00;161;162;11.69;23.06
3600.00;3900.00;2232.00;25.02;E0_1_3700m;5.00;186;186;12.39;25.15
3600.00;3900.00;1956.00;22.94;E0_0_3800m;5.00;163;162;11.82;23.04
3600.00;3900.00;2232.00;24.89;E0_1_3800m;5.00;186;187;12.47;25.03
3600.00;3900.00;1968.00;23.03;E0_0_3900m;5.00;164;164;11.87;23.17
3600.00;3900.00;2232.00;24.73;E0_1_3900m;5.00;186;186;12.54;24.89
3600.00;3900.00;1980.00;23.01;E0_0_4000m;5.00;165;165;11.95;23.15
3600.00;3900.00;2232.00;24.57;E0_1_4000m;5.00;186;186;12.61;24.75
3600.00;3900.00;1992.00;22.80;E0_0_4100m;5.00;166;166;12.14;22.90
3600.00;3900.00;2244.00;24.45;E0_1_4100m;5.00;187;187;12.75;24.61
3600.00;3900.00;2028.00;22.66;E0_0_4200m;5.00;169;168;12.40;22.72
3600.00;3900.00;2292.00;24.38;E0_1_4200m;5.00;191;191;13.06;24.52
3600.00;3900.00;2040.00;22.58;E0_0_4300m;5.00;170;170;12.55;22.62
3600.00;3900.00;2304.00;24.28;E0_1_4300m;5.00;192;192;13.18;24.37
3600.00;3900.00;2052.00;22.49;E0_0_4400m;5.00;171;171;12.67;22.53
3600.00;3900.00;2304.00;24.29;E0_1_4400m;5.00;192;192;13.17;24.38
3600.00;3900.00;2028.00;22.43;E0_0_4500m;5.00;169;169;12.56;22.46
3600.00;3900.00;2328.00;24.19;E0_1_4500m;5.00;194;193;13.36;24.25
3600.00;3900.00;2016.00;22.42;E0_0_4600m;5.00;168;168;12.49;22.46
3600.00;3900.00;2328.00;24.17;E0_1_4600m;5.00;194;193;13.37;24.23
3600.00;3900.00;2004.00;22.45;E0_0_4700m;5.00;167;167;12.40;22.49
3600.00;3900.00;2328.00;24.21;E0_1_4700m;5.00;194;194;13.35;24.27
3600.00;3900.00;1992.00;22.49;E0_0_4800m;5.00;166;166;12.30;22.53
3600.00;3900.00;2328.00;24.28;E0_1_4800m;5.00;194;194;13.32;24.34
3600.00;3900.00;1968.00;22.58;E0_0_4900m;5.00;164;165;12.17;22.63
3600.00;3900.00;2316.00;24.34;E0_1_4900m;5.00;193;193;13.21;24.41
3600.00;3900.00;1968.00;22.68;E0_0_5000m;5.00;164;164;12.05;22.74
3600.00;3900.00;2316.00;24.33;E0_1_5000m;5.00;193;193;13.22;24.38
3900.00;4200.00;0.00;-1.00;E0_0_0m;-1.00;0;0;0.00;-1.00
3900.00;4200.00;0.00;-1.00;E0_1_0m;-1.00;0;0;0.00;-1.00
3900.00;4200.00;1848.00;25.68;E0_0_100m;5.00;154;154;10.00;25.81
3900.00;4200.00;2220.00;26.99;E0_1_100m;5.00;185;185;11.42;27.12
3900.00;4200.00;1884.00;25.66;E0_0_200m;5.00;157;157;10.20;25.79
3900.00;4200.00;2220.00;27.24;E0_1_200m;5.00;185;185;11.32;27.41
3900.00;4200.00;1848.00;25.55;E0_0_300m;5.00;154;155;10.07;25.66
3900.00;4200.00;2244.00;26.98;E0_1_300m;5.00;187;187;11.55;27.12
3900.00;4200.00;1860.00;25.39;E0_0_400m;5.00;155;155;10.17;25.50
3900.00;4200.00;2280.00;26.84;E0_1_400m;5.00;190;190;11.80;27.00
3900.00;4200.00;1860.00;25.22;E0_0_500m;5.00;155;155;10.24;25.32
3900.00;4200.00;2280.00;26.71;E0_1_500m;5.00;190;191;11.88;26.86
3900.00;4200.00;1848.00;25.03;E0_0_600m;5.00;154;154;10.25;25.13
3900.00;4200.00;2280.00;26.60;E0_1_600m;5.00;190;190;11.90;26.74
3900.00;4200.00;1884.00;24.85;E0_0_700m;5.00;157;157;10.53;24.96
3900.00;4200.00;2268.00;26.35;E0_1_700m;5.00;189;189;11.90;26.47
3900.00;4200.00;1896.00;24.64;E0_0_800m;5.00;158;158;10.69;24.72
3900.00;4200.00;2268.00;25.98;E0_1_800m;5.00;189;189;12.13;26.06
3900.00;4200.00;1908.00;24.50;E0_0_900m;5.00;159;158;10.80;24.58
3900.00;4200.00;2256.00;25.66;E0_1_900m;5.00;188;189;12.21;25.74
3900.00;4200.00;1908.00;24.39;E0_0_1000m;5.00;159;158;10.83;24.47
3900.00;4200.00;2268.00;25.41;E0_1_1000m;5.00;189;189;12.40;25.47
3900.00;4200.00;1908.00;24.42;E0_0_1100m;5.00;159;158;10.81;24.48
3900.00;4200.00;2268.00;25.24;E0_1_1100m;5.00;189;189;12.48;25.31
3900.00;4200.00;1896.00;24.49;E0_0_1200m;5.00;158;158;10.75;24.54
3900.00;4200.00;2268.00;25.24;E0_1_1200m;5.00;189;189;12.48;25.32
3900.00;4200.00;1908.00;24.47;E0_0_1300m;5.00;159;158;10.77;24.54
3900.00;4200.00;2232.00;25.25;E0_1_1300m;5.00;186;186;12.28;25.35
3900.00;4200.00;1908.00;24.41;E0_0_1400m;5.00;159;158;10.82;24.50
3900.00;4200.00;2232.00;25.15;E0_1_1400m;5.00;186;186;12.33;25.24
3900.00;4200.00;1908.00;24.30;E0_0_1500m;5.00;159;159;10.91;24.38
3900.00;4200.00;2220.00;25.15;E0_1_1500m;5.00;185;185;12.26;25.25
3900.00;4200.00;1920.00;24.21;E0_0_1600m;5.00;160;160;11.02;24.28
3900.00;4200.00;2196.00;24.97;E0_1_1600m;5.00;183;184;12.28;25.05
3900.00;4200.00;1896.00;24.15;E0_0_1700m;5.00;158;158;10.90;24.23
3900.00;4200.00;2148.00;24.86;E0_1_1700m;5.00;179;180;12.06;24.95
3900.00;4200.00;1860.00;24.20;E0_0_1800m;5.00;155;156;10.74;24.27
3900.00;4200.00;2124.00;24.79;E0_1_1800m;5.00;177;178;11.94;24.89
3900.00;4200.00;1836.00;24.26;E0_0_1900m;5.00;153;154;10.55;24.32
3900.00;4200.00;2136.00;24.73;E0_1_1900m;5.00;178;179;12.03;24.81
3900.00;4200.00;1836.00;24.19;E0_0_2000m;5.00;153;153;10.55;24.25
3900.00;4200.00;2136.00;24.70;E0_1_2000m;5.00;178;179;12.02;24.78
3900.00;4200.00;1836.00;24.13;E0_0_2100m;5.00;153;153;10.57;24.19
3900.00;4200.00;2124.00;24.64;E0_1_2100m;5.00;177;177;11.97;24.72
3900.00;4200.00;1812.00;24.20;E0_0_2200m;5.00;151;152;10.42;24.25
3900.00;4200.00;2136.00;24.58;E0_1_2200m;5.00;178;178;12.07;24.66
3900.00;4200.00;1776.00;24.29;E0_0_2300m;5.00;148;148;10.15;24.34
3900.00;4200.00;2148.00;24.60;E0_1_2300m;5.00;179;179;12.13;24.68
3900.00;4200.00;1764.00;24.28;E0_0_2400m;5.00;147;147;10.09;24.33
3900.00;4200.00;2160.00;24.64;E0_1_2400m;5.00;180;180;12.17;24.73
3900.00;4200.00;1788.00;24.19;E0_0_2500m;5.00;149;148;10.22;24.24
3900.00;4200.00;2148.00;24.73;E0_1_2500m;5.00;179;179;12.06;24.82
3900.00;4200.00;1764.00;24.00;E0_0_2600m;5.00;147;147;10.21;24.08
3900.00;4200.00;2148.00;24.79;E0_1_2600m;5.00;179;179;12.04;24.88
3900.00;4200.00;1764.00;23.92;E0_0_2700m;5.00;147;147;10.24;24.02
3900.00;4200.00;2148.00;24.80;E0_1_2700m;5.00;179;179;12.03;24.89
3900.00;4200.00;1764.00;24.21;E0_0_2800m;5.00;147;147;10.12;24.28
3900.00;4200.00;2136.00;24.85;E0_1_2800m;5.00;178;179;12.00;24.93
3900.00;4200.00;1788.00;24.41;E0_0_2900m;5.00;149;149;10.17;24.45
3900.00;4200.00;2160.00;24.95;E0_1_2900m;5.00;180;179;12.00;25.03
3900.00;4200.00;1836.00;24.52;E0_0_3000m;5.00;153;153;10.40;24.56
3900.00;4200.00;2184.00;25.04;E0_1_3000m;5.00;182;181;12.05;25.13
3900.00;4200.00;1848.00;24.56;E0_0_3100m;5.00;154;154;10.45;24.59
3900.00;4200.00;2172.00;25.05;E0_1_3100m;5.00;181;181;12.04;25.10
3900.00;4200.00;1848.00;24.51;E0_0_3200m;5.00;154;154;10.47;24.53
3900.00;4200.00;2172.00;25.02;E0_1_3200m;5.00;181;181;12.06;25.05
3900.00;4200.00;1860.00;24.43;E0_0_3300m;5.00;155;155;10.58;24.44
3900.00;4200.00;2148.00;25.00;E0_1_3300m;5.00;179;179;11.93;25.02
3900.00;4200.00;1836.00;24.31;E0_0_3400m;5.00;153;153;10.49;24.33
3900.00;4200.00;2112.00;24.92;E0_1_3400m;5.00;176;176;11.77;24.94
3900.00;4200.00;1800.00;24.30;E0_0_3500m;5.00;150;150;10.29;24.32
3900.00;4200.00;2100.00;24.98;E0_1_3500m;5.00;175;175;11.68;25.01
3900.00;4200.00;1824.00;24.33;E0_0_3600m;5.00;152;152;10.41;24.35
3900.00;4200.00;2076.00;25.07;E0_1_3600m;5.00;173;173;11.49;25.13
3900.00;4200.00;1812.00;24.31;E0_0_3700m;5.00;151;150;10.34;24.34
3900.00;4200.00;2076.00;25.02;E0_1_3700m;5.00;173;173;11.53;25.08
3900.00;4200.00;1788.00;24.34;E0_0_3800m;5.00;149;149;10.20;24.36
3900.00;4200.00;2052.00;24.96;E0_1_3800m;5.00;171;171;11.41;25.01
3900.00;4200.00;1788.00;24.38;E0_0_3900m;5.00;149;149;10.19;24.41
3900.00;4200.00;2052.00;24.93;E0_1_3900m;5.00;171;171;11.43;24.99
3900.00;4200.00;1788.00;24.37;E0_0_4000m;5.00;149;149;10.19;24.39
3900.00;4200.00;2028.00;24.99;E0_1_4000m;5.00;169;169;11.27;25.05
3900.00;4200.00;1764.00;24.42;E0_0_4100m;5.00;147;147;10.03;24.45
3900.00;4200.00;2028.00;25.09;E0_1_4100m;5.00;169;169;11.22;25.17
3900.00;4200.00;1752.00;24.43;E0_0_4200m;5.00;146;146;9.96;24.46
3900.00;4200.00;1980.00;25.13;E0_1_4200m;5.00;165;165;10.94;25.21
3900.00;4200.00;1728.00;24.48;E0_0_4300m;5.00;144;144;9.81;24.51
3900.00;4200.00;1968.00;25.13;E0_1_4300m;5.00;164;164;10.88;25.20
3900.00;4200.00;1728.00;24.47;E0_0_4400m;5.00;144;144;9.81;24.51
3900.00;4200.00;1956.00;25.14;E0_1_4400m;5.00;163;163;10.81;25.21
3900.00;4200.00;1740.00;24.45;E0_0_4500m;5.00;145;145;9.88;24.48
3900.00;4200.00;1944.00;25.16;E0_1_4500m;5.00;162;162;10.73;25.23
3900.00;4200.00;1776.00;24.37;E0_0_4600m;5.00;148;148;10.12;24.40
3900.00;4200.00;1980.00;25.13;E0_1_4600m;5.00;165;165;10.94;25.20
3900.00;4200.00;1800.00;24.31;E0_0_4700m;5.00;150;150;10.28;24.35
3900.00;4200.00;2028.00;25.09;E0_1_4700m;5.00;169;169;11.22;25.15
3900.00;4200.00;1836.00;24.31;E0_0_4800m;5.00;153;153;10.49;24.35
3900.00;4200.00;2064.00;25.07;E0_1_4800m;5.00;172;172;11.43;25.12
3900.00;4200.00;1884.00;24.31;E0_0_4900m;5.00;157;156;10.70;24.35
3900.00;4200.00;2100.00;25.09;E0_1_4900m;5.00;175;175;11.63;25.14
3900.00;4200.00;1920.00;24.33;E0_0_5000m;5.00;160;160;10.96;24.37
3900.00;4200.00;2124.00;25.13;E0_1_5000m;5.00;177;177;11.74;25.18
4200.00;4500.00;0.00;-1.00;E0_0_0m;-1.00;0;0;0.00;-1.00
4200.00;4500.00;0.00;-1.00;E0_1_0m;-1.00;0;0;0.00;-1.00
4200.00;4500.00;1944.00;26.40;E0_0_100m;5.00;162;162;10.23;26.57
4200.00;4500.00;1968.00;27.82;E0_1_100m;5.00;164;164;9.82;27.94
4200.00;4500.00;1908.00;26.92;E0_0_200m;5.00;159;160;9.90;27.10
4200.00;4500.00;2004.00;28.48;E0_1_200m;5.00;167;167;9.77;28.61
4200.00;4500.00;1848.00;26.98;E0_0_300m;5.00;154;153;9.49;27.20
4200.00;4500.00;2052.00;28.52;E0_1_300m;5.00;171;171;9.99;28.66
4200.00;4500.00;1776.00;26.74;E0_0_400m;5.00;148;148;9.23;26.96
4200.00;4500.00;2088.00;28.31;E0_1_400m;5.00;174;174;10.24;28.45
4200.00;4500.00;1764.00;26.42;E0_0_500m;5.00;147;148;9.33;26.64
4200.00;4500.00;2088.00;28.10;E0_1_500m;5.00;174;173;10.30;28.23
4200.00;4500.00;1764.00;26.23;E0_0_600m;5.00;147;148;9.35;26.43
4200.00;4500.00;2100.00;27.85;E0_1_600m;5.00;175;175;10.47;27.96
4200.00;4500.00;1776.00;25.99;E0_0_700m;5.00;148;148;9.49;26.19
4200.00;4500.00;2112.00;27.70;E0_1_700m;5.00;176;176;10.61;27.82
4200.00;4500.00;1776.00;25.65;E0_0_800m;5.00;148;148;9.62;25.84
4200.00;4500.00;2112.00;27.55;E0_1_800m;5.00;176;176;10.65;27.67
4200.00;4500.00;1800.00;25.38;E0_0_900m;5.00;150;150;9.85;25.58
4200.00;4500.00;2088.00;27.52;E0_1_900m;5.00;174;174;10.56;27.64
4200.00;4500.00;1812.00;25.36;E0_0_1000m;5.00;151;151;9.92;25.53
4200.00;4500.00;2076.00;27.40;E0_1_1000m;5.00;173;173;10.52;27.53
4200.00;4500.00;1812.00;25.25;E0_0_1100m;5.00;151;151;9.97;25.43
4200.00;4500.00;2124.00;27.14;E0_1_1100m;5.00;177;177;10.87;27.27
4200.00;4500.00;1836.00;24.93;E0_0_1200m;5.00;153;153;10.23;25.09
4200.00;4500.00;2160.00;26.98;E0_1_1200m;5.00;180;180;11.12;27.12
4200.00;4500.00;1824.00;24.68;E0_0_1300m;5.00;152;152;10.26;24.82
4200.00;4500.00;2220.00;26.70;E0_1_1300m;5.00;185;185;11.55;26.84
4200.00;4500.00;1812.00;24.49;E0_0_1400m;5.00;151;151;10.28;24.61
4200.00;4500.00;2268.00;26.27;E0_1_1400m;5.00;189;189;11.99;26.38
4200.00;4500.00;1812.00;24.28;E0_0_1500m;5.00;151;152;10.41;24.38
4200.00;4500.00;2292.00;26.19;E0_1_1500m;5.00;191;191;12.16;26.34
4200.00;4500.00;1848.00;24.10;E0_0_1600m;5.00;154;154;10.65;24.19
4200.00;4500.00;2340.00;26.04;E0_1_1600m;5.00;195;194;12.41;26.18
4200.00;4500.00;1860.00;23.92;E0_0_1700m;5.00;155;155;10.80;24.01
4200.00;4500.00;2340.00;25.89;E0_1_1700m;5.00;195;194;12.49;26.04
4200.00;4500.00;1884.00;23.84;E0_0_1800m;5.00;157;156;10.91;23.91
4200.00;4500.00;2340.00;25.73;E0_1_1800m;5.00;195;194;12.58;25.90
4200.00;4500.00;1896.00;23.81;E0_0_1900m;5.00;158;157;11.02;23.88
4200.00;4500.00;2352.00;25.59;E0_1_1900m;5.00;196;195;12.73;25.77
4200.00;4500.00;1896.00;23.79;E0_0_2000m;5.00;158;157;11.01;23.86
4200.00;4500.00;2364.00;25.53;E0_1_2000m;5.00;197;196;12.86;25.71
4200.00;4500.00;1896.00;23.51;E0_0_2100m;5.00;158;158;11.20;23.58
4200.00;4500.00;2352.00;25.55;E0_1_2100m;5.00;196;196;12.79;25.73
4200.00;4500.00;1908.00;23.37;E0_0_2200m;5.00;159;159;11.34;23.45
4200.00;4500.00;2340.00;25.52;E0_1_2200m;5.00;195;195;12.74;25.71
4200.00;4500.00;1908.00;23.33;E0_0_2300m;5.00;159;159;11.36;23.42
4200.00;4500.00;2340.00;25.50;E0_1_2300m;5.00;195;195;12.74;25.68
4200.00;4500.00;1896.00;23.37;E0_0_2400m;5.00;158;158;11.27;23.45
4200.00;4500.00;2340.00;25.52;E0_1_2400m;5.00;195;195;12.74;25.69
4200.00;4500.00;1896.00;23.37;E0_0_2500m;5.00;158;158;11.27;23.45
4200.00;4500.00;2328.00;25.49;E0_1_2500m;5.00;194;194;12.68;25.68
4200.00;4500.00;1896.00;23.41;E0_0_2600m;5.00;158;158;11.25;23.48
4200.00;4500.00;2340.00;25.45;E0_1_2600m;5.00;195;195;12.77;25.65
4200.00;4500.00;1908.00;23.41;E0_0_2700m;5.00;159;159;11.32;23.49
4200.00;4500.00;2328.00;25.42;E0_1_2700m;5.00;194;194;12.72;25.63
4200.00;4500.00;1932.00;23.48;E0_0_2800m;5.00;161;161;11.43;23.57
4200.00;4500.00;2328.00;25.36;E0_1_2800m;5.00;194;193;12.69;25.57
4200.00;4500.00;1896.00;23.53;E0_0_2900m;5.00;158;158;11.19;23.62
4200.00;4500.00;2316.00;25.34;E0_1_2900m;5.00;193;193;12.69;25.54
4200.00;4500.00;1884.00;23.46;E0_0_3000m;5.00;157;157;11.15;23.55
4200.00;4500.00;2280.00;25.34;E0_1_3000m;5.00;190;191;12.53;25.54
4200.00;4500.00;1848.00;23.42;E0_0_3100m;5.00;154;154;10.96;23.51
4200.00;4500.00;2244.00;25.39;E0_1_3100m;5.00;187;188;12.34;25.60
4200.00;4500.00;1848.00;23.35;E0_0_3200m;5.00;154;154;10.99;23.43
4200.00;4500.00;2244.00;25.31;E0_1_3200m;5.00;187;187;12.31;25.50
4200.00;4500.00;1836.00;23.32;E0_0_3300m;5.00;153;153;10.93;23.40
4200.00;4500.00;2268.00;25.21;E0_1_3300m;5.00;189;189;12.49;25.38
4200.00;4500.00;1860.00;23.27;E0_0_3400m;5.00;155;156;11.12;23.34
4200.00;4500.00;2304.00;25.11;E0_1_3400m;5.00;192;192;12.75;25.26
4200.00;4500.00;1896.00;23.24;E0_0_3500m;5.00;158;158;11.33;23.29
4200.00;4500.00;2304.00;25.05;E0_1_3500m;5.00;192;192;12.78;25.19
4200.00;4500.00;1896.00;23.28;E0_0_3600m;5.00;158;158;11.31;23.32
4200.00;4500.00;2328.00;24.92;E0_1_3600m;5.00;194;193;12.97;25.04
4200.00;4500.00;1920.00;23.37;E0_0_3700m;5.00;160;160;11.41;23.41
4200.00;4500.00;2304.00;24.87;E0_1_3700m;5.00;192;193;12.89;24.99
4200.00;4500.00;1908.00;23.46;E0_0_3800m;5.00;159;159;11.30;23.51
4200.00;4500.00;2316.00;24.88;E0_1_3800m;5.00;193;192;12.93;25.02
4200.00;4500.00;1896.00;23.43;E0_0_3900m;5.00;158;158;11.24;23.48
4200.00;4500.00;2328.00;24.85;E0_1_3900m;5.00;194;194;13.01;25.00
4200.00;4500.00;1908.00;23.41;E0_0_4000m;5.00;159;159;11.32;23.46
4200.00;4500.00;2316.00;24.71;E0_1_4000m;5.00;193;193;13.02;24.85
4200.00;4500.00;1908.00;23.39;E0_0_4100m;5.00;159;160;11.38;23.45
4200.00;4500.00;2304.00;24.61;E0_1_4100m;5.00;192;192;13.00;24.74
4200.00;4500.00;1872.00;23.38;E0_0_4200m;5.00;156;156;11.12;23.45
4200.00;4500.00;2328.00;24.52;E0_1_4200m;5.00;194;195;13.23;24.66
4200.00;4500.00;1884.00;23.39;E0_0_4300m;5.00;157;157;11.19;23.45
4200.00;4500.00;2328.00;24.50;E0_1_4300m;5.00;194;194;13.20;24.65
4200.00;4500.00;1872.00;23.34;E0_0_4400m;5.00;156;156;11.14;23.41
4200.00;4500.00;2328.00;24.43;E0_1_4400m;5.00;194;194;13.23;24.59
4200.00;4500.00;1860.00;23.41;E0_0_4500m;5.00;155;155;11.03;23.48
4200.00;4500.00;2328.00;24.43;E0_1_4500m;5.00;194;195;13.29;24.59
4200.00;4500.00;1836.00;23.47;E0_0_4600m;5.00;153;153;10.86;23.54
4200.00;4500.00;2304.00;24.37;E0_1_4600m;5.00;192;192;13.13;24.52
4200.00;4500.00;1824.00;23.43;E0_0_4700m;5.00;152;153;10.83;23.49
4200.00;4500.00;2280.00;24.28;E0_1_4700m;5.00;190;190;13.04;24.40
4200.00;4500.00;1800.00;23.45;E0_0_4800m;5.00;150;150;10.66;23.51
4200.00;4500.00;2256.00;24.23;E0_1_4800m;5.00;188;188;12.93;24.33
4200.00;4500.00;1788.00;23.47;E0_0_4900m;5.00;149;149;10.58;23.53
4200.00;4500.00;2220.00;24.29;E0_1_4900m;5.00;185;186;12.73;24.40
4200.00;4500.00;1764.00;23.52;E0_0_5000m;5.00;147;147;10.42;23.58
4200.00;4500.00;2208.00;24.34;E0_1_5000m;5.00;184;184;12.60;24.46
4500.00;4800.00;0.00;-1.00;E0_0_0m;-1.00;0;0;0.00;-1.00
4500.00;4800.00;0.00;-1.00;E0_1_0m;-1.00;0;0;0.00;-1.00
4500.00;4800.00;1764.00;25.72;E0_0_100m;5.00;147;147;9.53;25.81
4500.00;4800.00;2436.00;27.59;E0_1_100m;5.00;203;203;12.26;27.67
4500.00;4800.00;1788.00;25.46;E0_0_200m;5.00;149;149;9.75;25.57
4500.00;4800.00;2388.00;27.59;E0_1_200m;5.00;199;199;12.02;27.70
4500.00;4800.00;1728.00;25.59;E0_0_300m;5.00;144;145;9.42;25.70
4500.00;4800.00;2436.00;27.44;E0_1_300m;5.00;203;203;12.33;27.54
4500.00;4800.00;1764.00;25.53;E0_0_400m;5.00;147;147;9.60;25.66
4500.00;4800.00;2376.00;27.45;E0_1_400m;5.00;198;199;12.04;27.55
4500.00;4800.00;1764.00;25.55;E0_0_500m;5.00;147;146;9.54;25.68
4500.00;4800.00;2364.00;27.31;E0_1_500m;5.00;197;197;12.02;27.41
4500.00;4800.00;1740.00;25.56;E0_0_600m;5.00;145;144;9.45;25.72
4500.00;4800.00;2364.00;27.17;E0_1_600m;5.00;197;197;12.08;27.29
4500.00;4800.00;1776.00;25.38;E0_0_700m;5.00;148;148;9.72;25.57
4500.00;4800.00;2328.00;27.16;E0_1_700m;5.00;194;193;11.88;27.29
4500.00;4800.00;1788.00;25.18;E0_0_800m;5.00;149;149;9.86;25.38
4500.00;4800.00;2352.00;27.08;E0_1_800m;5.00;196;197;12.07;27.22
4500.00;4800.00;1824.00;25.07;E0_0_900m;5.00;152;152;10.11;25.26
4500.00;4800.00;2364.00;27.03;E0_1_900m;5.00;197;197;12.15;27.16
4500.00;4800.00;1836.00;24.87;E0_0_1000m;5.00;153;154;10.26;25.08
4500.00;4800.00;2364.00;26.96;E0_1_1000m;5.00;197;198;12.20;27.12
4500.00;4800.00;1848.00;24.94;E0_0_1100m;5.00;154;155;10.29;25.15
4500.00;4800.00;2316.00;26.95;E0_1_1100m;5.00;193;193;11.93;27.11
4500.00;4800.00;1824.00;24.98;E0_0_1200m;5.00;152;152;10.14;25.18
4500.00;4800.00;2280.00;26.87;E0_1_1200m;5.00;190;190;11.79;27.02
4500.00;4800.00;1788.00;25.07;E0_0_1300m;5.00;149;149;9.90;25.26
4500.00;4800.00;2268.00;26.81;E0_1_1300m;5.00;189;189;11.75;26.96
4500.00;4800.00;1740.00;25.10;E0_0_1400m;5.00;145;146;9.67;25.24
4500.00;4800.00;2268.00;26.82;E0_1_1400m;5.00;189;190;11.76;26.97
4500.00;4800.00;1752.00;25.11;E0_0_1500m;5.00;146;146;9.69;25.23
4500.00;4800.00;2244.00;26.85;E0_1_1500m;5.00;187;187;11.61;26.99
4500.00;4800.00;1740.00;25.12;E0_0_1600m;5.00;145;145;9.62;25.22
4500.00;4800.00;2196.00;26.93;E0_1_1600m;5.00;183;183;11.33;27.05
4500.00;4800.00;1776.00;25.12;E0_0_1700m;5.00;148;148;9.82;25.22
4500.00;4800.00;2172.00;26.82;E0_1_1700m;5.00;181;181;11.25;26.96
4500.00;4800.00;1752.00;25.11;E0_0_1800m;5.00;146;146;9.69;25.22
4500.00;4800.00;2220.00;26.75;E0_1_1800m;5.00;185;186;11.55;26.90
4500.00;4800.00;1776.00;25.16;E0_0_1900m;5.00;148;148;9.80;25.26
4500.00;4800.00;2196.00;26.71;E0_1_1900m;5.00;183;183;11.42;26.87
4500.00;4800.00;1764.00;25.18;E0_0_2000m;5.00;147;148;9.75;25.28
4500.00;4800.00;2184.00;26.63;E0_1_2000m;5.00;182;183;11.43;26.78
4500.00;4800.00;1752.00;25.18;E0_0_2100m;5.00;146;147;9.69;25.28
4500.00;4800.00;2196.00;26.58;E0_1_2100m;5.00;183;184;11.53;26.74
4500.00;4800.00;1764.00;25.15;E0_0_2200m;5.00;147;147;9.74;25.26
4500.00;4800.00;2196.00;26.58;E0_1_2200m;5.00;183;184;11.48;26.74
4500.00;4800.00;1752.00;25.03;E0_0_2300m;5.00;146;146;9.72;25.13
4500.00;4800.00;2208.00;26.60;E0_1_2300m;5.00;184;185;11.54;26.77
4500.00;4800.00;1764.00;25.01;E0_0_2400m;5.00;147;147;9.79;25.10
4500.00;4800.00;2208.00;26.62;E0_1_2400m;5.00;184;184;11.52;26.80
4500.00;4800.00;1776.00;25.07;E0_0_2500m;5.00;148;148;9.84;25.16
4500.00;4800.00;2196.00;26.61;E0_1_2500m;5.00;183;184;11.49;26.78
4500.00;4800.00;1764.00;25.18;E0_0_2600m;5.00;147;147;9.73;25.27
4500.00;4800.00;2196.00;26.69;E0_1_2600m;5.00;183;183;11.43;26.87
4500.00;4800.00;1752.00;25.18;E0_0_2700m;5.00;146;146;9.67;25.28
4500.00;4800.00;2208.00;26.81;E0_1_2700m;5.00;184;184;11.44;26.99
4500.00;4800.00;1764.00;25.22;E0_0_2800m;5.00;147;147;9.72;25.31
4500.00;4800.00;2184.00;26.93;E0_1_2800m;5.00;182;182;11.26;27.12
4500.00;4800.00;1764.00;25.29;E0_0_2900m;5.00;147;147;9.69;25.37
4500.00;4800.00;2184.00;26.97;E0_1_2900m;5.00;182;183;11.28;27.16
4500.00;4800.00;1740.00;25.26;E0_0_3000m;5.00;145;145;9.57;25.34
4500.00;4800.00;2184.00;27.07;E0_1_3000m;5.00;182;182;11.19;27.27
4500.00;4800.00;1728.00;25.32;E0_0_3100m;5.00;144;144;9.48;25.40
4500.00;4800.00;2196.00;27.12;E0_1_3100m;5.00;183;182;11.18;27.32
4500.00;4800.00;1692.00;25.32;E0_0_3200m;5.00;141;141;9.28;25.39
4500.00;4800.00;2148.00;27.20;E0_1_3200m;5.00;179;180;11.03;27.38
4500.00;4800.00;1656.00;25.21;E0_0_3300m;5.00;138;138;9.12;25.30
4500.00;4800.00;2124.00;27.22;E0_1_3300m;5.00;177;178;10.87;27.38
4500.00;4800.00;1620.00;25.24;E0_0_3400m;5.00;135;135;8.91;25.33
4500.00;4800.00;2100.00;27.27;E0_1_3400m;5.00;175;175;10.69;27.42
4500.00;4800.00;1596.00;25.38;E0_0_3500m;5.00;133;133;8.73;25.45
4500.00;4800.00;2136.00;27.31;E0_1_3500m;5.00;178;178;10.86;27.46
4500.00;4800.00;1596.00;25.32;E0_0_3600m;5.00;133;133;8.75;25.39
4500.00;4800.00;2184.00;27.32;E0_1_3600m;5.00;182;182;11.10;27.48
4500.00;4800.00;1620.00;25.28;E0_0_3700m;5.00;135;135;8.90;25.34
4500.00;4800.00;2220.00;27.30;E0_1_3700m;5.00;185;185;11.30;27.46
4500.00;4800.00;1680.00;25.32;E0_0_3800m;5.00;140;140;9.22;25.40
4500.00;4800.00;2220.00;27.31;E0_1_3800m;5.00;185;185;11.29;27.49
4500.00;4800.00;1728.00;25.22;E0_0_3900m;5.00;144;144;9.52;25.30
4500.00;4800.00;2232.00;27.32;E0_1_3900m;5.00;186;186;11.35;27.51
4500.00;4800.00;1752.00;25.13;E0_0_4000m;5.00;146;146;9.68;25.22
4500.00;4800.00;2280.00;27.25;E0_1_4000m;5.00;190;190;11.62;27.42
4500.00;4800.00;1776.00;25.00;E0_0_4100m;5.00;148;147;9.82;25.09
4500.00;4800.00;2280.00;27.15;E0_1_4100m;5.00;190;190;11.66;27.29
4500.00;4800.00;1788.00;25.05;E0_0_4200m;5.00;149;149;9.91;25.14
4500.00;4800.00;2292.00;27.13;E0_1_4200m;5.00;191;190;11.69;27.26
4500.00;4800.00;1812.00;25.01;E0_0_4300m;5.00;151;151;10.06;25.11
4500.00;4800.00;2268.00;27.20;E0_1_4300m;5.00;189;189;11.58;27.34
4500.00;4800.00;1812.00;24.99;E0_0_4400m;5.00;151;151;10.07;25.09
4500.00;4800.00;2280.00;27.34;E0_1_4400m;5.00;190;190;11.58;27.49
4500.00;4800.00;1812.00;24.95;E0_0_4500m;5.00;151;151;10.09;25.06
4500.00;4800.00;2280.00;27.45;E0_1_4500m;5.00;190;190;11.49;27.59
4500.00;4800.00;1836.00;24.86;E0_0_4600m;5.00;153;153;10.26;24.97
4500.00;4800.00;2280.00;27.61;E0_1_4600m;5.00;190;190;11.47;27.74
4500.00;4800.00;1824.00;24.85;E0_0_4700m;5.00;152;151;10.17;24.95
4500.00;4800.00;2316.00;27.62;E0_1_4700m;5.00;193;193;11.65;27.75
4500.00;4800.00;1836.00;24.87;E0_0_4800m;5.00;153;153;10.25;24.96
4500.00;4800.00;2352.00;27.58;E0_1_4800m;5.00;196;196;11.85;27.70
4500.00;4800.00;1848.00;24.85;E0_0_4900m;5.00;154;154;10.33;24.96
4500.00;4800.00;2328.00;27.52;E0_1_4900m;5.00;194;193;11.72;27.67
4500.00;4800.00;1860.00;24.88;E0_0_5000m;5.00;155;155;10.38;24.98
4500.00;4800.00;2328.00;27.41;E0_1_5000m;5.00;194;194;11.80;27.55
4800.00;5100.00;0.00;-1.00;E0_0_0m;-1.00;0;0;0.00;-1.00
4800.00;5100.00;0.00;-1.00;E0_1_0m;-1.00;0;0;0.00;-1.00
4800.00;5100.00;1908.00;25.86;E0_0_100m;5.00;159;159;10.25;25.98
4800.00;5100.00;2160.00;27.41;E0_1_100m;5.00;180;180;10.94;27.56
4800.00;5100.00;1908.00;25.83;E0_0_200m;5.00;159;159;10.26;25.98
4800.00;5100.00;2172.00;27.42;E0_1_200m;5.00;181;181;11.00;27.58
4800.00;5100.00;1884.00;25.73;E0_0_300m;5.00;157;156;10.13;25.90
4800.00;5100.00;2196.00;27.43;E0_1_300m;5.00;183;184;11.13;27.61
4800.00;5100.00;1872.00;25.69;E0_0_400m;5.00;156;156;10.12;25.86
4800.00;5100.00;2244.00;27.45;E0_1_400m;5.00;187;186;11.34;27.63
4800.00;5100.00;1884.00;25.74;E0_0_500m;5.00;157;157;10.16;25.91
4800.00;5100.00;2256.00;27.38;E0_1_500m;5.00;188;188;11.44;27.56
4800.00;5100.00;1872.00;25.69;E0_0_600m;5.00;156;156;10.12;25.88
4800.00;5100.00;2280.00;27.42;E0_1_600m;5.00;190;190;11.55;27.61
4800.00;5100.00;1848.00;25.62;E0_0_700m;5.00;154;155;10.02;25.80
4800.00;5100.00;2268.00;27.29;E0_1_700m;5.00;189;189;11.54;27.49
4800.00;5100.00;1848.00;25.66;E0_0_800m;5.00;154;154;10.00;25.82
4800.00;5100.00;2244.00;27.12;E0_1_800m;5.00;187;186;11.48;27.33
4800.00;5100.00;1860.00;25.72;E0_0_900m;5.00;155;155;10.04;25.86
4800.00;5100.00;2232.00;26.94;E0_1_900m;5.00;186;186;11.51;27.14
4800.00;5100.00;1860.00;25.70;E0_0_1000m;5.00;155;155;10.05;25.84
4800.00;5100.00;2232.00;26.83;E0_1_1000m;5.00;186;185;11.53;27.03
4800.00;5100.00;1848.00;25.55;E0_0_1100m;5.00;154;153;10.05;25.71
4800.00;5100.00;2232.00;26.71;E0_1_1100m;5.00;186;186;11.61;26.92
4800.00;5100.00;1860.00;25.34;E0_0_1200m;5.00;155;155;10.19;25.53
4800.00;5100.00;2232.00;26.58;E0_1_1200m;5.00;186;187;11.68;26.78
4800.00;5100.00;1872.00;25.22;E0_0_1300m;5.00;156;156;10.31;25.42
4800.00;5100.00;2232.00;26.46;E0_1_1300m;5.00;186;186;11.72;26.65
4800.00;5100.00;1932.00;25.00;E0_0_1400m;5.00;161;160;10.69;25.21
4800.00;5100.00;2232.00;26.43;E0_1_1400m;5.00;186;186;11.74;26.62
4800.00;5100.00;1956.00;24.79;E0_0_1500m;5.00;163;163;10.96;25.01
4800.00;5100.00;2244.00;26.40;E0_1_1500m;5.00;187;187;11.80;26.59
4800.00;5100.00;1944.00;24.59;E0_0_1600m;5.00;162;163;11.04;24.81
4800.00;5100.00;2244.00;26.37;E0_1_1600m;5.00;187;187;11.82;26.55
4800.00;5100.00;1944.00;24.51;E0_0_1700m;5.00;162;162;11.01;24.74
4800.00;5100.00;2244.00;26.41;E0_1_1700m;5.00;187;188;11.84;26.59
4800.00;5100.00;1920.00;24.51;E0_0_1800m;5.00;160;161;10.95;24.75
4800.00;5100.00;2244.00;26.38;E0_1_1800m;5.00;187;186;11.79;26.57
4800.00;5100.00;1908.00;24.50;E0_0_1900m;5.00;159;160;10.88;24.73
4800.00;5100.00;2232.00;26.29;E0_1_1900m;5.00;186;186;11.79;26.49
4800.00;5100.00;1908.00;24.37;E0_0_2000m;5.00;159;159;10.87;24.58
4800.00;5100.00;2244.00;26.20;E0_1_2000m;5.00;187;186;11.85;26.40
4800.00;5100.00;1908.00;24.23;E0_0_2100m;5.00;159;158;10.91;24.46
4800.00;5100.00;2256.00;26.15;E0_1_2100m;5.00;188;187;11.93;26.36
4800.00;5100.00;1920.00;24.15;E0_0_2200m;5.00;160;160;11.04;24.37
4800.00;5100.00;2256.00;26.08;E0_1_2200m;5.00;188;187;12.01;26.30
4800.00;5100.00;1944.00;24.05;E0_0_2300m;5.00;162;162;11.23;24.26
4800.00;5100.00;2244.00;26.08;E0_1_2300m;5.00;187;186;11.94;26.31
4800.00;5100.00;1932.00;24.03;E0_0_2400m;5.00;161;161;11.17;24.23
4800.00;5100.00;2244.00;26.09;E0_1_2400m;5.00;187;187;11.94;26.35
4800.00;5100.00;1908.00;23.95;E0_0_2500m;5.00;159;159;11.07;24.15
4800.00;5100.00;2268.00;26.10;E0_1_2500m;5.00;189;188;12.04;26.37
4800.00;5100.00;1920.00;23.90;E0_0_2600m;5.00;160;160;11.16;24.11
4800.00;5100.00;2268.00;26.07;E0_1_2600m;5.00;189;189;12.08;26.34
4800.00;5100.00;1920.00;23.90;E0_0_2700m;5.00;160;160;11.16;24.12
4800.00;5100.00;2268.00;26.00;E0_1_2700m;5.00;189;189;12.12;26.26
4800.00;5100.00;1908.00;23.87;E0_0_2800m;5.00;159;159;11.10;24.10
4800.00;5100.00;2280.00;25.94;E0_1_2800m;5.00;190;190;12.21;26.20
4800.00;5100.00;1908.00;23.76;E0_0_2900m;5.00;159;159;11.15;23.98
4800.00;5100.00;2280.00;25.85;E0_1_2900m;5.00;190;190;12.25;26.11
4800.00;5100.00;1908.00;23.67;E0_0_3000m;5.00;159;159;11.20;23.87
4800.00;5100.00;2280.00;25.72;E0_1_3000m;5.00;190;190;12.31;25.95
4800.00;5100.00;1908.00;23.63;E0_0_3100m;5.00;159;159;11.21;23.83
4800.00;5100.00;2280.00;25.58;E0_1_3100m;5.00;190;190;12.38;25.80
4800.00;5100.00;1896.00;23.59;E0_0_3200m;5.00;158;158;11.16;23.78
4800.00;5100.00;2304.00;25.53;E0_1_3200m;5.00;192;191;12.47;25.74
4800.00;5100.00;1884.00;23.54;E0_0_3300m;5.00;157;157;11.12;23.73
4800.00;5100.00;2292.00;25.52;E0_1_3300m;5.00;191;190;12.44;25.72
4800.00;5100.00;1884.00;23.51;E0_0_3400m;5.00;157;157;11.13;23.69
4800.00;5100.00;2292.00;25.44;E0_1_3400m;5.00;191;191;12.51;25.62
4800.00;5100.00;1860.00;23.42;E0_0_3500m;5.00;155;155;11.03;23.59
4800.00;5100.00;2268.00;25.45;E0_1_3500m;5.00;189;190;12.38;25.64
4800.00;5100.00;1824.00;23.36;E0_0_3600m;5.00;152;152;10.85;23.53
4800.00;5100.00;2232.00;25.46;E0_1_3600m;5.00;186;186;12.17;25.65
4800.00;5100.00;1812.00;23.34;E0_0_3700m;5.00;151;152;10.82;23.53
4800.00;5100.00;2184.00;25.49;E0_1_3700m;5.00;182;182;11.90;25.67
4800.00;5100.00;1788.00;23.26;E0_0_3800m;5.00;149;149;10.68;23.44
4800.00;5100.00;2148.00;25.39;E0_1_3800m;5.00;179;180;11.77;25.55
4800.00;5100.00;1752.00;23.22;E0_0_3900m;5.00;146;146;10.48;23.41
4800.00;5100.00;2112.00;25.41;E0_1_3900m;5.00;176;177;11.60;25.56
4800.00;5100.00;1692.00;23.22;E0_0_4000m;5.00;141;141;10.12;23.40
4800.00;5100.00;2100.00;25.34;E0_1_4000m;5.00;175;175;11.51;25.48
4800.00;5100.00;1716.00;23.17;E0_0_4100m;5.00;143;143;10.29;23.36
4800.00;5100.00;2100.00;25.32;E0_1_4100m;5.00;175;175;11.52;25.47
4800.00;5100.00;1728.00;23.20;E0_0_4200m;5.00;144;144;10.34;23.40
4800.00;5100.00;2136.00;25.35;E0_1_4200m;5.00;178;178;11.70;25.51
4800.00;5100.00;1764.00;23.23;E0_0_4300m;5.00;147;147;10.55;23.42
4800.00;5100.00;2160.00;25.35;E0_1_4300m;5.00;180;180;11.83;25.50
4800.00;5100.00;1788.00;23.23;E0_0_4400m;5.00;149;149;10.69;23.43
4800.00;5100.00;2196.00;25.35;E0_1_4400m;5.00;183;183;12.03;25.50
4800.00;5100.00;1812.00;23.32;E0_0_4500m;5.00;151;151;10.79;23.51
4800.00;5100.00;2220.00;25.40;E0_1_4500m;5.00;185;184;12.14;25.54
4800.00;5100.00;1836.00;23.38;E0_0_4600m;5.00;153;153;10.90;23.56
4800.00;5100.00;2208.00;25.46;E0_1_4600m;5.00;184;184;12.05;25.61
4800.00;5100.00;1860.00;23.54;E0_0_4700m;5.00;155;155;10.98;23.71
4800.00;5100.00;2196.00;25.36;E0_1_4700m;5.00;183;183;12.03;25.51
4800.00;5100.00;1800.00;23.52;E0_0_4800m;5.00;150;150;10.63;23.69
4800.00;5100.00;2208.00;25.26;E0_1_4800m;5.00;184;184;12.14;25.41
4800.00;5100.00;1824.00;23.44;E0_0_4900m;5.00;152;152;10.81;23.63
4800.00;5100.00;2208.00;25.25;E0_1_4900m;5.00;184;184;12.15;25.41
4800.00;5100.00;1836.00;23.41;E0_0_5000m;5.00;153;153;10.89;23.60
4800.00;5100.00;2220.00;25.26;E0_1_5000m;5.00;185;185;12.21;25.42
5100.00;5400.00;0.00;-1.00;E0_0_0m;-1.00;0;0;0.00;-1.00
5100.00;5400.00;0.00;-1.00;E0_1_0m;-1.00;0;0;0.00;-1.00
5100.00;5400.00;2172.00;25.81;E0_0_100m;5.00;181;181;11.69;25.97
5100.00;5400.00;2208.00;27.81;E0_1_100m;5.00;184;184;11.03;27.91
5100.00;5400.00;2124.00;25.67;E0_0_200m;5.00;177;178;11.49;25.82
5100.00;5400.00;2244.00;28.04;E0_1_200m;5.00;187;187;11.11;28.16
5100.00;5400.00;2100.00;25.53;E0_0_300m;5.00;175;175;11.42;25.66
5100.00;5400.00;2280.00;27.98;E0_1_300m;5.00;190;189;11.30;28.07
5100.00;5400.00;2028.00;25.43;E0_0_400m;5.00;169;169;11.07;25.57
5100.00;5400.00;2340.00;27.84;E0_1_400m;5.00;195;195;11.67;27.90
5100.00;5400.00;1992.00;25.27;E0_0_500m;5.00;166;166;10.95;25.42
5100.00;5400.00;2376.00;27.79;E0_1_500m;5.00;198;198;11.88;27.85
5100.00;5400.00;1980.00;25.29;E0_0_600m;5.00;165;165;10.87;25.44
5100.00;5400.00;2388.00;27.73;E0_1_600m;5.00;199;199;11.96;27.79
5100.00;5400.00;1980.00;25.21;E0_0_700m;5.00;165;164;10.91;25.35
5100.00;5400.00;2388.00;27.59;E0_1_700m;5.00;199;199;12.02;27.65
5100.00;5400.00;1944.00;25.05;E0_0_800m;5.00;162;162;10.78;25.19
5100.00;5400.00;2424.00;27.57;E0_1_800m;5.00;202;203;12.27;27.63
5100.00;5400.00;1908.00;24.92;E0_0_900m;5.00;159;159;10.63;25.06
5100.00;5400.00;2424.00;27.55;E0_1_900m;5.00;202;202;12.22;27.62
5100.00;5400.00;1920.00;24.87;E0_0_1000m;5.00;160;160;10.72;25.01
5100.00;5400.00;2388.00;27.55;E0_1_1000m;5.00;199;200;12.05;27.63
5100.00;5400.00;1944.00;24.98;E0_0_1100m;5.00;162;162;10.81;25.10
5100.00;5400.00;2388.00;27.56;E0_1_1100m;5.00;199;200;12.08;27.63
5100.00;5400.00;1920.00;24.87;E0_0_1200m;5.00;160;160;10.72;24.98
5100.00;5400.00;2412.00;27.53;E0_1_1200m;5.00;201;201;12.17;27.60
5100.00;5400.00;1920.00;24.69;E0_0_1300m;5.00;160;160;10.80;24.82
5100.00;5400.00;2400.00;27.50;E0_1_1300m;5.00;200;200;12.12;27.57
5100.00;5400.00;1884.00;24.67;E0_0_1400m;5.00;157;157;10.60;24.81
5100.00;5400.00;2400.00;27.53;E0_1_1400m;5.00;200;199;12.09;27.61
5100.00;5400.00;1872.00;24.73;E0_0_1500m;5.00;156;156;10.51;24.87
5100.00;5400.00;2376.00;27.57;E0_1_1500m;5.00;198;198;11.97;27.65
5100.00;5400.00;1884.00;24.68;E0_0_1600m;5.00;157;156;10.55;24.82
5100.00;5400.00;2376.00;27.59;E0_1_1600m;5.00;198;198;11.96;27.66
5100.00;5400.00;1896.00;24.51;E0_0_1700m;5.00;158;158;10.74;24.65
5100.00;5400.00;2376.00;27.64;E0_1_1700m;5.00;198;197;11.90;27.70
5100.00;5400.00;1908.00;24.43;E0_0_1800m;5.00;159;158;10.78;24.57
5100.00;5400.00;2352.00;27.61;E0_1_1800m;5.00;196;196;11.83;27.67
5100.00;5400.00;1932.00;24.34;E0_0_1900m;5.00;161;160;10.96;24.48
5100.00;5400.00;2352.00;27.41;E0_1_1900m;5.00;196;196;11.92;27.48
5100.00;5400.00;1944.00;24.25;E0_0_2000m;5.00;162;161;11.12;24.38
5100.00;5400.00;2352.00;27.22;E0_1_2000m;5.00;196;196;12.00;27.31
5100.00;5400.00;1932.00;24.24;E0_0_2100m;5.00;161;161;11.07;24.36
5100.00;5400.00;2364.00;27.13;E0_1_2100m;5.00;197;197;12.10;27.24
5100.00;5400.00;1920.00;24.25;E0_0_2200m;5.00;160;160;11.00;24.37
5100.00;5400.00;2364.00;27.15;E0_1_2200m;5.00;197;197;12.09;27.29
5100.00;5400.00;1932.00;24.09;E0_0_2300m;5.00;161;161;11.14;24.21
5100.00;5400.00;2412.00;27.10;E0_1_2300m;5.00;201;201;12.36;27.24
5100.00;5400.00;1944.00;23.86;E0_0_2400m;5.00;162;162;11.32;23.97
5100.00;5400.00;2424.00;26.98;E0_1_2400m;5.00;202;202;12.48;27.12
5100.00;5400.00;1968.00;23.57;E0_0_2500m;5.00;164;164;11.60;23.67
5100.00;5400.00;2412.00;26.83;E0_1_2500m;5.00;201;201;12.49;26.97
5100.00;5400.00;1956.00;23.55;E0_0_2600m;5.00;163;163;11.54;23.64
5100.00;5400.00;2448.00;26.60;E0_1_2600m;5.00;204;204;12.78;26.76
5100.00;5400.00;1956.00;23.47;E0_0_2700m;5.00;163;164;11.64;23.57
5100.00;5400.00;2460.00;26.51;E0_1_2700m;5.00;205;205;12.89;26.68
5100.00;5400.00;1956.00;23.34;E0_0_2800m;5.00;163;164;11.67;23.44
5100.00;5400.00;2460.00;26.43;E0_1_2800m;5.00;205;205;12.93;26.61
5100.00;5400.00;1944.00;23.27;E0_0_2900m;5.00;162;162;11.60;23.36
5100.00;5400.00;2472.00;26.26;E0_1_2900m;5.00;206;206;13.07;26.45
5100.00;5400.00;1944.00;23.18;E0_0_3000m;5.00;162;162;11.65;23.27
5100.00;5400.00;2484.00;26.13;E0_1_3000m;5.00;207;207;13.21;26.32
5100.00;5400.00;1956.00;23.17;E0_0_3100m;5.00;163;163;11.72;23.26
5100.00;5400.00;2472.00;26.07;E0_1_3100m;5.00;206;206;13.17;26.26
5100.00;5400.00;1968.00;23.23;E0_0_3200m;5.00;164;164;11.77;23.32
5100.00;5400.00;2460.00;26.01;E0_1_3200m;5.00;205;205;13.13;26.20
5100.00;5400.00;1968.00;23.30;E0_0_3300m;5.00;164;165;11.78;23.39
5100.00;5400.00;2472.00;25.89;E0_1_3300m;5.00;206;206;13.26;26.09
5100.00;5400.00;1980.00;23.44;E0_0_3400m;5.00;165;165;11.73;23.53
5100.00;5400.00;2460.00;25.82;E0_1_3400m;5.00;205;205;13.23;26.06
5100.00;5400.00;1992.00;23.55;E0_0_3500m;5.00;166;166;11.75;23.65
5100.00;5400.00;2448.00;25.80;E0_1_3500m;5.00;204;205;13.24;26.07
5100.00;5400.00;1992.00;23.50;E0_0_3600m;5.00;166;166;11.77;23.59
5100.00;5400.00;2472.00;25.72;E0_1_3600m;5.00;206;206;13.35;25.97
5100.00;5400.00;1980.00;23.64;E0_0_3700m;5.00;165;164;11.60;23.72
5100.00;5400.00;2484.00;25.51;E0_1_3700m;5.00;207;207;13.52;25.74
5100.00;5400.00;1944.00;23.67;E0_0_3800m;5.00;162;162;11.40;23.76
5100.00;5400.00;2520.00;25.28;E0_1_3800m;5.00;210;209;13.83;25.47
5100.00;5400.00;1944.00;23.56;E0_0_3900m;5.00;162;162;11.46;23.63
5100.00;5400.00;2520.00;25.19;E0_1_3900m;5.00;210;209;13.84;25.36
5100.00;5400.00;1968.00;23.55;E0_0_4000m;5.00;164;164;11.61;23.61
5100.00;5400.00;2496.00;25.06;E0_1_4000m;5.00;208;209;13.84;25.21
5100.00;5400.00;1956.00;23.54;E0_0_4100m;5.00;163;164;11.60;23.59
5100.00;5400.00;2472.00;24.94;E0_1_4100m;5.00;206;206;13.76;25.09
5100.00;5400.00;1908.00;23.48;E0_0_4200m;5.00;159;159;11.29;23.53
5100.00;5400.00;2448.00;24.73;E0_1_4200m;5.00;204;204;13.75;24.86
5100.00;5400.00;1920.00;23.39;E0_0_4300m;5.00;160;160;11.40;23.44
5100.00;5400.00;2400.00;24.60;E0_1_4300m;5.00;200;200;13.55;24.74
5100.00;5400.00;1932.00;23.37;E0_0_4400m;5.00;161;161;11.48;23.42
5100.00;5400.00;2364.00;24.58;E0_1_4400m;5.00;197;197;13.36;24.74
5100.00;5400.00;1932.00;23.33;E0_0_4500m;5.00;161;161;11.50;23.38
5100.00;5400.00;2328.00;24.51;E0_1_4500m;5.00;194;194;13.19;24.66
5100.00;5400.00;1896.00;23.27;E0_0_4600m;5.00;158;158;11.31;23.32
5100.00;5400.00;2304.00;24.46;E0_1_4600m;5.00;192;193;13.12;24.57
5100.00;5400.00;1860.00;23.38;E0_0_4700m;5.00;155;156;11.12;23.43
5100.00;5400.00;2268.00;24.41;E0_1_4700m;5.00;189;189;12.91;24.49
5100.00;5400.00;1860.00;23.58;E0_0_4800m;5.00;155;155;10.95;23.63
5100.00;5400.00;2244.00;24.45;E0_1_4800m;5.00;187;187;12.75;24.53
5100.00;5400.00;1824.00;23.80;E0_0_4900m;5.00;152;152;10.65;23.86
5100.00;5400.00;2244.00;24.58;E0_1_4900m;5.00;187;187;12.68;24.67
5100.00;5400.00;1800.00;23.86;E0_0_5000m;5.00;150;150;10.48;23.93
5100.00;5400.00;2196.00;24.78;E0_1_5000m;5.00;183;184;12.35;24.88
5400.00;5700.00;0.00;-1.00;E0_0_0m;-1.00;0;0;0.00;-1.00
5400.00;5700.00;0.00;-1.00;E0_1_0m;-1.00;0;0;0.00;-1.00
5400.00;5700.00;1824.00;26.54;E0_0_100m;5.00;152;152;9.54;26.70
5400.00;5700.00;2100.00;27.80;E0_1_100m;5.00;175;175;10.49;27.95
5400.00;5700.00;1848.00;26.53;E0_0_200m;5.00;154;154;9.68;26.67
5400.00;5700.00;2088.00;28.04;E0_1_200m;5.00;174;174;10.34;28.25
5400.00;5700.00;1860.00;26.47;E0_0_300m;5.00;155;155;9.76;26.60
5400.00;5700.00;2064.00;28.00;E0_1_300m;5.00;172;172;10.24;28.21
5400.00;5700.00;1836.00;26.46;E0_0_400m;5.00;153;153;9.64;26.60
5400.00;5700.00;2064.00;27.72;E0_1_400m;5.00;172;172;10.34;27.91
5400.00;5700.00;1800.00;26.47;E0_0_500m;5.00;150;150;9.44;26.63
5400.00;5700.00;2076.00;27.53;E0_1_500m;5.00;173;173;10.47;27.72
5400.00;5700.00;1788.00;26.29;E0_0_600m;5.00;149;149;9.44;26.43
5400.00;5700.00;2100.00;27.43;E0_1_600m;5.00;175;175;10.63;27.62
5400.00;5700.00;1776.00;26.02;E0_0_700m;5.00;148;148;9.48;26.16
5400.00;5700.00;2100.00;27.31;E0_1_700m;5.00;175;175;10.68;27.48
5400.00;5700.00;1764.00;25.94;E0_0_800m;5.00;147;148;9.48;26.09
5400.00;5700.00;2076.00;27.14;E0_1_800m;5.00;173;172;10.57;27.32
5400.00;5700.00;1800.00;25.90;E0_0_900m;5.00;150;150;9.65;26.06
5400.00;5700.00;2052.00;27.07;E0_1_900m;5.00;171;171;10.53;27.27
5400.00;5700.00;1800.00;25.76;E0_0_1000m;5.00;150;152;9.72;25.92
5400.00;5700.00;2076.00;26.84;E0_1_1000m;5.00;173;173;10.74;27.06
5400.00;5700.00;1788.00;25.78;E0_0_1100m;5.00;149;149;9.63;25.93
5400.00;5700.00;2088.00;26.83;E0_1_1100m;5.00;174;174;10.82;27.01
5400.00;5700.00;1788.00;25.73;E0_0_1200m;5.00;149;149;9.65;25.87
5400.00;5700.00;2100.00;26.79;E0_1_1200m;5.00;175;175;10.89;26.96
5400.00;5700.00;1812.00;25.69;E0_0_1300m;5.00;151;151;9.80;25.82
5400.00;5700.00;2112.00;26.79;E0_1_1300m;5.00;176;176;10.95;26.95
5400.00;5700.00;1836.00;25.62;E0_0_1400m;5.00;153;153;9.95;25.74
5400.00;5700.00;2124.00;26.72;E0_1_1400m;5.00;177;177;11.04;26.87
5400.00;5700.00;1812.00;25.55;E0_0_1500m;5.00;151;151;9.85;25.68
5400.00;5700.00;2148.00;26.72;E0_1_1500m;5.00;179;179;11.17;26.86
5400.00;5700.00;1824.00;25.46;E0_0_1600m;5.00;152;152;9.95;25.57
5400.00;5700.00;2136.00;26.71;E0_1_1600m;5.00;178;178;11.11;26.84
5400.00;5700.00;1800.00;25.30;E0_0_1700m;5.00;150;150;9.88;25.39
5400.00;5700.00;2136.00;26.63;E0_1_1700m;5.00;178;178;11.14;26.75
5400.00;5700.00;1800.00;25.13;E0_0_1800m;5.00;150;150;9.95;25.25
5400.00;5700.00;2136.00;26.37;E0_1_1800m;5.00;178;179;11.26;26.49
5400.00;5700.00;1800.00;25.03;E0_0_1900m;5.00;150;150;9.99;25.16
5400.00;5700.00;2136.00;26.26;E0_1_1900m;5.00;178;178;11.30;26.39
5400.00;5700.00;1800.00;24.95;E0_0_2000m;5.00;150;151;10.02;25.06
5400.00;5700.00;2196.00;26.16;E0_1_2000m;5.00;183;183;11.66;26.31
5400.00;5700.00;1800.00;24.98;E0_0_2100m;5.00;150;151;10.06;25.08
5400.00;5700.00;2196.00;26.19;E0_1_2100m;5.00;183;183;11.64;26.33
5400.00;5700.00;1800.00;24.98;E0_0_2200m;5.00;150;150;10.01;25.08
5400.00;5700.00;2196.00;26.17;E0_1_2200m;5.00;183;184;11.66;26.29
5400.00;5700.00;1788.00;24.85;E0_0_2300m;5.00;149;149;9.99;24.96
5400.00;5700.00;2160.00;26.10;E0_1_2300m;5.00;180;181;11.55;26.23
5400.00;5700.00;1776.00;24.78;E0_0_2400m;5.00;148;148;9.95;24.88
5400.00;5700.00;2160.00;26.08;E0_1_2400m;5.00;180;180;11.51;26.22
5400.00;5700.00;1764.00;24.68;E0_0_2500m;5.00;147;147;9.93;24.78
5400.00;5700.00;2160.00;26.11;E0_1_2500m;5.00;180;180;11.49;26.28
5400.00;5700.00;1776.00;24.73;E0_0_2600m;5.00;148;148;9.98;24.85
5400.00;5700.00;2148.00;26.13;E0_1_2600m;5.00;179;179;11.42;26.32
5400.00;5700.00;1812.00;24.67;E0_0_2700m;5.00;151;150;10.14;24.79
5400.00;5700.00;2172.00;26.16;E0_1_2700m;5.00;181;181;11.53;26.35
5400.00;5700.00;1836.00;24.53;E0_0_2800m;5.00;153;152;10.37;24.64
5400.00;5700.00;2220.00;26.20;E0_1_2800m;5.00;185;185;11.77;26.39
5400.00;5700.00;1872.00;24.42;E0_0_2900m;5.00;156;156;10.65;24.54
5400.00;5700.00;2208.00;26.18;E0_1_2900m;5.00;184;184;11.71;26.38
5400.00;5700.00;1908.00;24.33;E0_0_3000m;5.00;159;159;10.89;24.43
5400.00;5700.00;2232.00;26.12;E0_1_3000m;5.00;186;186;11.87;26.29
5400.00;5700.00;1896.00;24.15;E0_0_3100m;5.00;158;160;10.99;24.25
5400.00;5700.00;2268.00;26.07;E0_1_3100m;5.00;189;189;12.08;26.22
5400.00;5700.00;1920.00;24.19;E0_0_3200m;5.00;160;160;11.03;24.27
5400.00;5700.00;2268.00;25.98;E0_1_3200m;5.00;189;189;12.13;26.14
5400.00;5700.00;1932.00;24.11;E0_0_3300m;5.00;161;160;11.08;24.19
5400.00;5700.00;2268.00;25.85;E0_1_3300m;5.00;189;189;12.19;26.04
5400.00;5700.00;1944.00;24.04;E0_0_3400m;5.00;162;162;11.23;24.11
5400.00;5700.00;2268.00;25.66;E0_1_3400m;5.00;189;189;12.28;25.83
5400.00;5700.00;1956.00;23.82;E0_0_3500m;5.00;163;163;11.41;23.90
5400.00;5700.00;2304.00;25.57;E0_1_3500m;5.00;192;191;12.46;25.72
5400.00;5700.00;1944.00;23.56;E0_0_3600m;5.00;162;162;11.46;23.64
5400.00;5700.00;2292.00;25.55;E0_1_3600m;5.00;191;191;12.46;25.72
5400.00;5700.00;1956.00;23.56;E0_0_3700m;5.00;163;164;11.53;23.67
5400.00;5700.00;2292.00;25.51;E0_1_3700m;5.00;191;192;12.52;25.70
5400.00;5700.00;1968.00;23.72;E0_0_3800m;5.00;164;164;11.52;23.84
5400.00;5700.00;2280.00;25.59;E0_1_3800m;5.00;190;190;12.38;25.75
5400.00;5700.00;1980.00;23.80;E0_0_3900m;5.00;165;165;11.55;23.91
5400.00;5700.00;2268.00;25.60;E0_1_3900m;5.00;189;189;12.31;25.76
5400.00;5700.00;1968.00;23.70;E0_0_4000m;5.00;164;164;11.53;23.80
5400.00;5700.00;2292.00;25.52;E0_1_4000m;5.00;191;190;12.47;25.67
5400.00;5700.00;1980.00;23.64;E0_0_4100m;5.00;165;164;11.58;23.71
5400.00;5700.00;2292.00;25.46;E0_1_4100m;5.00;191;191;12.51;25.61
5400.00;5700.00;1980.00;23.68;E0_0_4200m;5.00;165;165;11.61;23.76
5400.00;5700.00;2292.00;25.41;E0_1_4200m;5.00;191;191;12.53;25.59
5400.00;5700.00;1944.00;23.65;E0_0_4300m;5.00;162;162;11.42;23.73
5400.00;5700.00;2304.00;25.31;E0_1_4300m;5.00;192;192;12.64;25.47
5400.00;5700.00;1944.00;23.71;E0_0_4400m;5.00;162;162;11.39;23.79
5400.00;5700.00;2292.00;25.18;E0_1_4400m;5.00;191;191;12.64;25.33
5400.00;5700.00;1956.00;23.74;E0_0_4500m;5.00;163;163;11.44;23.83
5400.00;5700.00;2304.00;25.10;E0_1_4500m;5.00;192;192;12.75;25.24
5400.00;5700.00;1956.00;23.65;E0_0_4600m;5.00;163;163;11.49;23.73
5400.00;5700.00;2316.00;25.13;E0_1_4600m;5.00;193;192;12.76;25.28
5400.00;5700.00;1992.00;23.47;E0_0_4700m;5.00;166;165;11.71;23.56
5400.00;5700.00;2292.00;25.16;E0_1_4700m;5.00;191;191;12.65;25.32
5400.00;5700.00;2004.00;23.44;E0_0_4800m;5.00;167;168;11.88;23.53
5400.00;5700.00;2292.00;25.20;E0_1_4800m;5.00;191;191;12.63;25.35
5400.00;5700.00;2016.00;23.41;E0_0_4900m;5.00;168;168;11.96;23.50
5400.00;5700.00;2292.00;25.24;E0_1_4900m;5.00;191;191;12.61;25.38
5400.00;5700.00;2028.00;23.39;E0_0_5000m;5.00;169;169;12.04;23.47
5400.00;5700.00;2292.00;25.25;E0_1_5000m;5.00;191;191;12.61;25.39
5700.00;6000.00;0.00;-1.00;E0_0_0m;-1.00;0;0;0.00;-1.00
5700.00;6000.00;0.00;-1.00;E0_1_0m;-1.00;0;0;0.00;-1.00
5700.00;6000.00;1932.00;26.03;E0_0_100m;5.00;161;161;10.31;26.16
5700.00;6000.00;2076.00;27.79;E0_1_100m;5.00;173;173;10.38;27.93
5700.00;6000.00;1908.00;25.88;E0_0_200m;5.00;159;159;10.24;26.04
5700.00;6000.00;2076.00;28.13;E0_1_200m;5.00;173;173;10.25;28.30
5700.00;6000.00;1920.00;25.82;E0_0_300m;5.00;160;160;10.33;25.98
5700.00;6000.00;2100.00;28.23;E0_1_300m;5.00;175;175;10.33;28.43
5700.00;6000.00;1920.00;25.75;E0_0_400m;5.00;160;160;10.36;25.91
5700.00;6000.00;2124.00;28.04;E0_1_400m;5.00;177;177;10.52;28.20
5700.00;6000.00;1920.00;25.52;E0_0_500m;5.00;160;160;10.45;25.66
5700.00;6000.00;2148.00;27.72;E0_1_500m;5.00;179;179;10.76;27.86
5700.00;6000.00;1896.00;25.40;E0_0_600m;5.00;158;158;10.37;25.54
5700.00;6000.00;2172.00;27.52;E0_1_600m;5.00;181;181;10.96;27.66
5700.00;6000.00;1872.00;25.37;E0_0_700m;5.00;156;156;10.25;25.51
5700.00;6000.00;2256.00;27.43;E0_1_700m;5.00;188;188;11.42;27.56
5700.00;6000.00;1884.00;25.21;E0_0_800m;5.00;157;157;10.39;25.33
5700.00;6000.00;2256.00;27.29;E0_1_800m;5.00;188;189;11.50;27.40
5700.00;6000.00;1848.00;25.07;E0_0_900m;5.00;154;154;10.24;25.19
5700.00;6000.00;2292.00;27.20;E0_1_900m;5.00;191;191;11.70;27.30
5700.00;6000.00;1848.00;24.83;E0_0_1000m;5.00;154;154;10.34;24.95
5700.00;6000.00;2268.00;27.24;E0_1_1000m;5.00;189;190;11.58;27.33
5700.00;6000.00;1836.00;24.53;E0_0_1100m;5.00;153;153;10.40;24.64
5700.00;6000.00;2292.00;27.13;E0_1_1100m;5.00;191;190;11.68;27.20
5700.00;6000.00;1812.00;24.34;E0_0_1200m;5.00;151;151;10.34;24.46
5700.00;6000.00;2304.00;27.01;E0_1_1200m;5.00;192;192;11.85;27.08
5700.00;6000.00;1800.00;24.40;E0_0_1300m;5.00;150;150;10.25;24.53
5700.00;6000.00;2280.00;26.97;E0_1_1300m;5.00;190;191;11.79;27.04
5700.00;6000.00;1776.00;24.36;E0_0_1400m;5.00;148;148;10.13;24.50
5700.00;6000.00;2268.00;26.79;E0_1_1400m;5.00;189;189;11.76;26.85
5700.00;6000.00;1776.00;24.36;E0_0_1500m;5.00;148;148;10.12;24.51
5700.00;6000.00;2280.00;26.62;E0_1_1500m;5.00;190;190;11.89;26.68
5700.00;6000.00;1788.00;24.39;E0_0_1600m;5.00;149;149;10.18;24.54
5700.00;6000.00;2292.00;26.55;E0_1_1600m;5.00;191;191;11.99;26.62
5700.00;6000.00;1812.00;24.46;E0_0_1700m;5.00;151;151;10.29;24.61
5700.00;6000.00;2292.00;26.53;E0_1_1700m;5.00;191;191;12.00;26.60
5700.00;6000.00;1788.00;24.39;E0_0_1800m;5.00;149;150;10.23;24.56
5700.00;6000.00;2316.00;26.58;E0_1_1800m;5.00;193;192;12.09;26.66
5700.00;6000.00;1800.00;24.45;E0_0_1900m;5.00;150;150;10.23;24.61
5700.00;6000.00;2304.00;26.61;E0_1_1900m;5.00;192;193;12.08;26.69
5700.00;6000.00;1788.00;24.37;E0_0_2000m;5.00;149;149;10.19;24.53
5700.00;6000.00;2268.00;26.63;E0_1_2000m;5.00;189;189;11.83;26.69
5700.00;6000.00;1764.00;24.40;E0_0_2100m;5.00;147;147;10.04;24.57
5700.00;6000.00;2280.00;26.53;E0_1_2100m;5.00;190;190;11.94;26.58
5700.00;6000.00;1764.00;24.40;E0_0_2200m;5.00;147;147;10.04;24.56
5700.00;6000.00;2268.00;26.53;E0_1_2200m;5.00;189;188;11.87;26.61
5700.00;6000.00;1776.00;24.41;E0_0_2300m;5.00;148;148;10.10;24.58
5700.00;6000.00;2244.00;26.51;E0_1_2300m;5.00;187;186;11.70;26.61
5700.00;6000.00;1764.00;24.38;E0_0_2400m;5.00;147;148;10.07;24.55
5700.00;6000.00;2232.00;26.32;E0_1_2400m;5.00;186;186;11.78;26.41
5700.00;6000.00;1740.00;24.38;E0_0_2500m;5.00;145;145;9.91;24.54
5700.00;6000.00;2256.00;26.18;E0_1_2500m;5.00;188;188;11.97;26.27
5700.00;6000.00;1728.00;24.35;E0_0_2600m;5.00;144;144;9.86;24.50
5700.00;6000.00;2268.00;26.11;E0_1_2600m;5.00;189;189;12.07;26.19
5700.00;6000.00;1728.00;24.24;E0_0_2700m;5.00;144;144;9.90;24.39
5700.00;6000.00;2244.00;26.13;E0_1_2700m;5.00;187;187;11.93;26.20
5700.00;6000.00;1704.00;24.15;E0_0_2800m;5.00;142;142;9.80;24.32
5700.00;6000.00;2208.00;26.19;E0_1_2800m;5.00;184;184;11.71;26.24
5700.00;6000.00;1716.00;24.15;E0_0_2900m;5.00;143;143;9.87;24.32
5700.00;6000.00;2196.00;26.29;E0_1_2900m;5.00;183;183;11.60;26.34
5700.00;6000.00;1716.00;24.20;E0_0_3000m;5.00;143;143;9.85;24.36
5700.00;6000.00;2136.00;26.34;E0_1_3000m;5.00;178;178;11.26;26.39
5700.00;6000.00;1716.00;24.23;E0_0_3100m;5.00;143;142;9.80;24.40
5700.00;6000.00;2124.00;26.31;E0_1_3100m;5.00;177;177;11.21;26.37
5700.00;6000.00;1716.00;24.21;E0_0_3200m;5.00;143;143;9.84;24.38
5700.00;6000.00;2112.00;26.30;E0_1_3200m;5.00;176;176;11.15;26.36
5700.00;6000.00;1740.00;24.23;E0_0_3300m;5.00;145;145;9.97;24.40
5700.00;6000.00;2160.00;26.33;E0_1_3300m;5.00;180;180;11.39;26.41
5700.00;6000.00;1776.00;24.28;E0_0_3400m;5.00;148;148;10.16;24.46
5700.00;6000.00;2184.00;26.36;E0_1_3400m;5.00;182;182;11.51;26.46
5700.00;6000.00;1776.00;24.28;E0_0_3500m;5.00;148;148;10.16;24.46
5700.00;6000.00;2196.00;26.29;E0_1_3500m;5.00;183;183;11.60;26.38
5700.00;6000.00;1788.00;24.26;E0_0_3600m;5.00;149;149;10.23;24.44
5700.00;6000.00;2184.00;26.10;E0_1_3600m;5.00;182;182;11.62;26.20
5700.00;6000.00;1800.00;24.13;E0_0_3700m;5.00;150;150;10.36;24.30
5700.00;6000.00;2172.00;25.83;E0_1_3700m;5.00;181;181;11.68;25.93
5700.00;6000.00;1812.00;24.04;E0_0_3800m;5.00;151;151;10.47;24.19
5700.00;6000.00;2172.00;25.77;E0_1_3800m;5.00;181;181;11.70;25.89
5700.00;6000.00;1788.00;24.02;E0_0_3900m;5.00;149;149;10.34;24.15
5700.00;6000.00;2196.00;25.75;E0_1_3900m;5.00;183;183;11.85;25.88
5700.00;6000.00;1800.00;23.86;E0_0_4000m;5.00;150;150;10.48;23.99
5700.00;6000.00;2184.00;25.76;E0_1_4000m;5.00;182;182;11.77;25.90
5700.00;6000.00;1812.00;23.82;E0_0_4100m;5.00;151;152;10.58;23.94
5700.00;6000.00;2172.00;25.82;E0_1_4100m;5.00;181;181;11.69;25.96
5700.00;6000.00;1824.00;23.74;E0_0_4200m;5.00;152;152;10.67;23.87
5700.00;6000.00;2184.00;25.93;E0_1_4200m;5.00;182;182;11.70;26.08
5700.00;6000.00;1812.00;23.58;E0_0_4300m;5.00;151;151;10.67;23.70
5700.00;6000.00;2184.00;26.06;E0_1_4300m;5.00;182;182;11.64;26.18
5700.00;6000.00;1788.00;23.45;E0_0_4400m;5.00;149;150;10.60;23.57
5700.00;6000.00;2196.00;26.15;E0_1_4400m;5.00;183;183;11.66;26.30
5700.00;6000.00;1776.00;23.35;E0_0_4500m;5.00;148;148;10.56;23.48
5700.00;6000.00;2172.00;26.37;E0_1_4500m;5.00;181;181;11.44;26.49
5700.00;6000.00;1740.00;23.14;E0_0_4600m;5.00;145;145;10.44;23.25
5700.00;6000.00;2196.00;26.41;E0_1_4600m;5.00;183;183;11.55;26.54
5700.00;6000.00;1740.00;23.00;E0_0_4700m;5.00;145;145;10.51;23.10
5700.00;6000.00;2184.00;26.49;E0_1_4700m;5.00;182;182;11.45;26.61
5700.00;6000.00;1776.00;22.98;E0_0_4800m;5.00;148;147;10.73;23.08
5700.00;6000.00;2196.00;26.29;E0_1_4800m;5.00;183;183;11.60;26.41
5700.00;6000.00;1776.00;23.01;E0_0_4900m;5.00;148;149;10.73;23.12
5700.00;6000.00;2232.00;26.13;E0_1_4900m;5.00;186;186;11.86;26.24
5700.00;6000.00;1764.00;23.07;E0_0_5000m;5.00;147;147;10.62;23.19
5700.00;6000.00;2232.00;26.04;E0_1_5000m;5.00;186;186;11.90;26.14
6000.00;6300.00;0.00;-1.00;E0_0_0m;-1.00;0;0;0.00;-1.00
6000.00;6300.00;0.00;-1.00;E0_1_0m;-1.00;0;0;0.00;-1.00
6000.00;6300.00;1920.00;25.89;E0_0_100m;5.00;160;160;10.30;26.07
6000.00;6300.00;2268.00;27.29;E0_1_100m;5.00;189;189;11.54;27.46
6000.00;6300.00;1968.00;25.96;E0_0_200m;5.00;164;164;10.53;26.19
6000.00;6300.00;2232.00;27.22;E0_1_200m;5.00;186;186;11.39;27.44
6000.00;6300.00;1980.00;25.90;E0_0_300m;5.00;165;165;10.62;26.11
6000.00;6300.00;2196.00;27.10;E0_1_300m;5.00;183;183;11.26;27.36
6000.00;6300.00;1992.00;25.66;E0_0_400m;5.00;166;166;10.78;25.87
6000.00;6300.00;2184.00;27.01;E0_1_400m;5.00;182;182;11.23;27.28
6000.00;6300.00;1956.00;25.43;E0_0_500m;5.00;163;163;10.68;25.64
6000.00;6300.00;2184.00;26.90;E0_1_500m;5.00;182;182;11.28;27.16
6000.00;6300.00;1932.00;25.17;E0_0_600m;5.00;161;161;10.66;25.39
6000.00;6300.00;2160.00;26.98;E0_1_600m;5.00;180;181;11.19;27.21
6000.00;6300.00;1920.00;25.15;E0_0_700m;5.00;160;160;10.60;25.36
6000.00;6300.00;2124.00;27.02;E0_1_700m;5.00;177;177;10.92;27.24
6000.00;6300.00;1908.00;25.17;E0_0_800m;5.00;159;158;10.49;25.37
6000.00;6300.00;2148.00;26.94;E0_1_800m;5.00;179;178;11.05;27.16
6000.00;6300.00;1872.00;25.18;E0_0_900m;5.00;156;157;10.36;25.37
6000.00;6300.00;2160.00;26.94;E0_1_900m;5.00;180;180;11.14;27.14
6000.00;6300.00;1860.00;25.18;E0_0_1000m;5.00;155;155;10.26;25.37
6000.00;6300.00;2160.00;26.95;E0_1_1000m;5.00;180;180;11.16;27.15
6000.00;6300.00;1848.00;25.16;E0_0_1100m;5.00;154;154;10.20;25.35
6000.00;6300.00;2148.00;26.97;E0_1_1100m;5.00;179;180;11.06;27.16
6000.00;6300.00;1860.00;25.11;E0_0_1200m;5.00;155;156;10.34;25.29
6000.00;6300.00;2136.00;27.02;E0_1_1200m;5.00;178;178;10.98;27.23
6000.00;6300.00;1884.00;24.92;E0_0_1300m;5.00;157;157;10.50;25.06
6000.00;6300.00;2160.00;26.88;E0_1_1300m;5.00;180;179;11.11;27.10
6000.00;6300.00;1908.00;24.73;E0_0_1400m;5.00;159;159;10.71;24.88
6000.00;6300.00;2196.00;26.81;E0_1_1400m;5.00;183;183;11.38;27.03
6000.00;6300.00;1908.00;24.66;E0_0_1500m;5.00;159;159;10.75;24.80
6000.00;6300.00;2244.00;26.81;E0_1_1500m;5.00;187;187;11.62;27.04
6000.00;6300.00;1884.00;24.60;E0_0_1600m;5.00;157;157;10.64;24.73
6000.00;6300.00;2268.00;26.84;E0_1_1600m;5.00;189;189;11.73;27.07
6000.00;6300.00;1848.00;24.56;E0_0_1700m;5.00;154;154;10.45;24.69
6000.00;6300.00;2292.00;26.78;E0_1_1700m;5.00;191;191;11.89;27.02
6000.00;6300.00;1872.00;24.53;E0_0_1800m;5.00;156;155;10.55;24.69
6000.00;6300.00;2280.00;26.79;E0_1_1800m;5.00;190;191;11.87;27.02
6000.00;6300.00;1836.00;24.46;E0_0_1900m;5.00;153;154;10.48;24.58
6000.00;6300.00;2304.00;26.77;E0_1_1900m;5.00;192;191;11.90;27.02
6000.00;6300.00;1824.00;24.39;E0_0_2000m;5.00;152;152;10.39;24.51
6000.00;6300.00;2304.00;26.74;E0_1_2000m;5.00;192;192;11.97;26.98
6000.00;6300.00;1836.00;24.32;E0_0_2100m;5.00;153;153;10.49;24.44
6000.00;6300.00;2304.00;26.73;E0_1_2100m;5.00;192;192;11.97;26.97
6000.00;6300.00;1812.00;24.20;E0_0_2200m;5.00;151;151;10.40;24.31
6000.00;6300.00;2328.00;26.76;E0_1_2200m;5.00;194;194;12.08;26.98
6000.00;6300.00;1824.00;24.18;E0_0_2300m;5.00;152;152;10.47;24.30
6000.00;6300.00;2316.00;26.84;E0_1_2300m;5.00;193;194;12.01;27.07
6000.00;6300.00;1872.00;24.09;E0_0_2400m;5.00;156;155;10.77;24.19
6000.00;6300.00;2304.00;26.95;E0_1_2400m;5.00;192;193;11.94;27.17
6000.00;6300.00;1896.00;24.10;E0_0_2500m;5.00;158;158;10.93;24.26
6000.00;6300.00;2292.00;27.00;E0_1_2500m;5.00;191;193;11.85;27.21
6000.00;6300.00;1884.00;24.12;E0_0_2600m;5.00;157;157;10.85;24.25
6000.00;6300.00;2268.00;27.08;E0_1_2600m;5.00;189;189;11.63;27.31
6000.00;6300.00;1884.00;24.46;E0_0_2700m;5.00;157;157;10.70;24.59
6000.00;6300.00;2220.00;27.09;E0_1_2700m;5.00;185;185;11.38;27.35
6000.00;6300.00;1860.00;24.49;E0_0_2800m;5.00;155;156;10.61;24.64
6000.00;6300.00;2232.00;27.01;E0_1_2800m;5.00;186;186;11.48;27.25
6000.00;6300.00;1836.00;24.41;E0_0_2900m;5.00;153;153;10.45;24.56
6000.00;6300.00;2232.00;26.92;E0_1_2900m;5.00;186;186;11.51;27.16
6000.00;6300.00;1812.00;24.32;E0_0_3000m;5.00;151;151;10.35;24.46
6000.00;6300.00;2244.00;26.82;E0_1_3000m;5.00;187;187;11.62;27.04
6000.00;6300.00;1800.00;24.30;E0_0_3100m;5.00;150;150;10.29;24.43
6000.00;6300.00;2244.00;26.74;E0_1_3100m;5.00;187;187;11.65;26.97
6000.00;6300.00;1800.00;24.38;E0_0_3200m;5.00;150;150;10.25;24.53
6000.00;6300.00;2232.00;26.75;E0_1_3200m;5.00;186;186;11.59;26.98
6000.00;6300.00;1740.00;24.38;E0_0_3300m;5.00;145;145;9.91;24.55
6000.00;6300.00;2220.00;26.84;E0_1_3300m;5.00;185;185;11.49;27.10
6000.00;6300.00;1704.00;24.37;E0_0_3400m;5.00;142;142;9.71;24.54
6000.00;6300.00;2184.00;26.97;E0_1_3400m;5.00;182;182;11.25;27.23
6000.00;6300.00;1680.00;24.35;E0_0_3500m;5.00;140;140;9.58;24.53
6000.00;6300.00;2148.00;27.06;E0_1_3500m;5.00;179;179;11.03;27.31
6000.00;6300.00;1692.00;24.43;E0_0_3600m;5.00;141;141;9.62;24.62
6000.00;6300.00;2124.00;27.14;E0_1_3600m;5.00;177;178;10.92;27.40
6000.00;6300.00;1668.00;24.40;E0_0_3700m;5.00;139;139;9.49;24.56
6000.00;6300.00;2136.00;27.06;E0_1_3700m;5.00;178;179;11.00;27.30
6000.00;6300.00;1680.00;24.28;E0_0_3800m;5.00;140;140;9.61;24.42
6000.00;6300.00;2124.00;27.06;E0_1_3800m;5.00;177;178;10.93;27.27
6000.00;6300.00;1680.00;24.35;E0_0_3900m;5.00;140;140;9.58;24.49
6000.00;6300.00;2148.00;27.05;E0_1_3900m;5.00;179;179;11.03;27.25
6000.00;6300.00;1728.00;24.36;E0_0_4000m;5.00;144;144;9.85;24.51
6000.00;6300.00;2160.00;27.03;E0_1_4000m;5.00;180;181;11.14;27.24
6000.00;6300.00;1764.00;24.28;E0_0_4100m;5.00;147;146;10.07;24.42
6000.00;6300.00;2184.00;26.97;E0_1_4100m;5.00;182;182;11.25;27.18
6000.00;6300.00;1764.00;24.35;E0_0_4200m;5.00;147;147;10.06;24.49
6000.00;6300.00;2172.00;27.02;E0_1_4200m;5.00;181;181;11.16;27.22
6000.00;6300.00;1752.00;24.40;E0_0_4300m;5.00;146;146;9.97;24.55
6000.00;6300.00;2184.00;27.04;E0_1_4300m;5.00;182;183;11.23;27.22
6000.00;6300.00;1752.00;24.36;E0_0_4400m;5.00;146;146;9.99;24.48
6000.00;6300.00;2184.00;27.05;E0_1_4400m;5.00;182;182;11.21;27.22
6000.00;6300.00;1752.00;24.45;E0_0_4500m;5.00;146;146;9.95;24.57
6000.00;6300.00;2184.00;26.99;E0_1_4500m;5.00;182;182;11.24;27.15
6000.00;6300.00;1752.00;24.38;E0_0_4600m;5.00;146;146;9.98;24.49
6000.00;6300.00;2184.00;26.93;E0_1_4600m;5.00;182;182;11.26;27.09
6000.00;6300.00;1776.00;24.41;E0_0_4700m;5.00;148;148;10.11;24.53
6000.00;6300.00;2160.00;26.92;E0_1_4700m;5.00;180;180;11.15;27.07
6000.00;6300.00;1716.00;24.48;E0_0_4800m;5.00;143;143;9.74;24.60
6000.00;6300.00;2160.00;26.85;E0_1_4800m;5.00;180;180;11.17;27.01
6000.00;6300.00;1704.00;24.43;E0_0_4900m;5.00;142;141;9.67;24.55
6000.00;6300.00;2124.00;26.72;E0_1_4900m;5.00;177;177;11.04;26.85
6000.00;6300.00;1692.00;24.32;E0_0_5000m;5.00;141;141;9.66;24.45
6000.00;6300.00;2136.00;26.63;E0_1_5000m;5.00;178;179;11.15;26.75
6300.00;6600.00;0.00;-1.00;E0_0_0m;-1.00;0;0;0.00;-1.00
6300.00;6600.00;0.00;-1.00;E0_1_0m;-1.00;0;0;0.00;-1.00
6300.00;6600.00;1752.00;25.48;E0_0_100m;5.00;146;146;9.55;25.62
6300.00;6600.00;2256.00;25.97;E0_1_100m;5.00;188;189;12.12;26.10
6300.00;6600.00;1764.00;25.62;E0_0_200m;5.00;147;147;9.56;25.76
6300.00;6600.00;2268.00;26.38;E0_1_200m;5.00;189;189;11.94;26.55
6300.00;6600.00;1752.00;25.33;E0_0_300m;5.00;146;146;9.61;25.46
6300.00;6600.00;2304.00;26.45;E0_1_300m;5.00;192;192;12.10;26.61
6300.00;6600.00;1752.00;25.28;E0_0_400m;5.00;146;146;9.63;25.40
6300.00;6600.00;2304.00;26.34;E0_1_400m;5.00;192;192;12.15;26.49
6300.00;6600.00;1764.00;25.17;E0_0_500m;5.00;147;147;9.74;25.29
6300.00;6600.00;2328.00;26.18;E0_1_500m;5.00;194;194;12.35;26.33
6300.00;6600.00;1776.00;25.01;E0_0_600m;5.00;148;148;9.86;25.16
6300.00;6600.00;2352.00;26.13;E0_1_600m;5.00;196;195;12.43;26.29
6300.00;6600.00;1800.00;24.90;E0_0_700m;5.00;150;150;10.04;25.04
6300.00;6600.00;2328.00;26.16;E0_1_700m;5.00;194;194;12.36;26.34
6300.00;6600.00;1788.00;24.68;E0_0_800m;5.00;149;149;10.06;24.82
6300.00;6600.00;2316.00;26.07;E0_1_800m;5.00;193;193;12.34;26.28
6300.00;6600.00;1824.00;24.49;E0_0_900m;5.00;152;152;10.34;24.62
6300.00;6600.00;2292.00;25.95;E0_1_900m;5.00;191;192;12.32;26.18
6300.00;6600.00;1824.00;24.33;E0_0_1000m;5.00;152;152;10.41;24.45
6300.00;6600.00;2328.00;25.76;E0_1_1000m;5.00;194;193;12.51;25.99
6300.00;6600.00;1812.00;24.19;E0_0_1100m;5.00;151;151;10.41;24.31
6300.00;6600.00;2340.00;25.66;E0_1_1100m;5.00;195;194;12.67;25.91
6300.00;6600.00;1800.00;24.22;E0_0_1200m;5.00;150;151;10.38;24.35
6300.00;6600.00;2340.00;25.62;E0_1_1200m;5.00;195;195;12.69;25.89
6300.00;6600.00;1788.00;24.13;E0_0_1300m;5.00;149;149;10.29;24.26
6300.00;6600.00;2304.00;25.58;E0_1_1300m;5.00;192;193;12.57;25.84
6300.00;6600.00;1776.00;23.99;E0_0_1400m;5.00;148;148;10.28;24.10
6300.00;6600.00;2268.00;25.44;E0_1_1400m;5.00;189;189;12.38;25.65
6300.00;6600.00;1752.00;23.86;E0_0_1500m;5.00;146;146;10.20;23.97
6300.00;6600.00;2220.00;25.34;E0_1_1500m;5.00;185;185;12.17;25.54
6300.00;6600.00;1740.00;23.69;E0_0_1600m;5.00;145;146;10.25;23.80
6300.00;6600.00;2220.00;25.26;E0_1_1600m;5.00;185;185;12.21;25.46
6300.00;6600.00;1716.00;23.48;E0_0_1700m;5.00;143;143;10.15;23.60
6300.00;6600.00;2220.00;25.19;E0_1_1700m;5.00;185;185;12.24;25.38
6300.00;6600.00;1752.00;23.57;E0_0_1800m;5.00;146;146;10.32;23.71
6300.00;6600.00;2172.00;25.19;E0_1_1800m;5.00;181;181;11.98;25.40
6300.00;6600.00;1752.00;23.82;E0_0_1900m;5.00;146;146;10.22;23.98
6300.00;6600.00;2184.00;25.14;E0_1_1900m;5.00;182;183;12.10;25.35
6300.00;6600.00;1740.00;23.82;E0_0_2000m;5.00;145;145;10.15;23.95
6300.00;6600.00;2196.00;25.13;E0_1_2000m;5.00;183;184;12.17;25.32
6300.00;6600.00;1728.00;23.91;E0_0_2100m;5.00;144;144;10.04;24.02
6300.00;6600.00;2196.00;25.13;E0_1_2100m;5.00;183;183;12.13;25.30
6300.00;6600.00;1716.00;23.90;E0_0_2200m;5.00;143;143;9.97;24.00
6300.00;6600.00;2208.00;25.20;E0_1_2200m;5.00;184;184;12.17;25.36
6300.00;6600.00;1728.00;23.76;E0_0_2300m;5.00;144;145;10.15;23.87
6300.00;6600.00;2196.00;25.23;E0_1_2300m;5.00;183;182;12.06;25.38
6300.00;6600.00;1752.00;23.62;E0_0_2400m;5.00;146;146;10.30;23.73
6300.00;6600.00;2184.00;25.06;E0_1_2400m;5.00;182;181;12.04;25.20
6300.00;6600.00;1776.00;23.45;E0_0_2500m;5.00;148;148;10.52;23.56
6300.00;6600.00;2220.00;24.83;E0_1_2500m;5.00;185;184;12.41;24.97
6300.00;6600.00;1824.00;23.32;E0_0_2600m;5.00;152;152;10.86;23.43
6300.00;6600.00;2244.00;24.54;E0_1_2600m;5.00;187;187;12.70;24.67
6300.00;6600.00;1860.00;23.22;E0_0_2700m;5.00;155;155;11.12;23.33
6300.00;6600.00;2268.00;24.29;E0_1_2700m;5.00;189;189;12.97;24.39
6300.00;6600.00;1860.00;23.13;E0_0_2800m;5.00;155;154;11.10;23.22
6300.00;6600.00;2268.00;24.16;E0_1_2800m;5.00;189;189;13.04;24.26
6300.00;6600.00;1860.00;23.21;E0_0_2900m;5.00;155;155;11.13;23.29
6300.00;6600.00;2292.00;24.10;E0_1_2900m;5.00;191;191;13.21;24.19
6300.00;6600.00;1860.00;23.26;E0_0_3000m;5.00;155;155;11.11;23.31
6300.00;6600.00;2292.00;24.10;E0_1_3000m;5.00;191;191;13.21;24.19
6300.00;6600.00;1884.00;23.21;E0_0_3100m;5.00;157;157;11.27;23.25
6300.00;6600.00;2292.00;24.12;E0_1_3100m;5.00;191;192;13.23;24.20
6300.00;6600.00;1884.00;23.25;E0_0_3200m;5.00;157;158;11.26;23.29
6300.00;6600.00;2304.00;24.02;E0_1_3200m;5.00;192;192;13.32;24.12
6300.00;6600.00;1884.00;23.20;E0_0_3300m;5.00;157;157;11.28;23.25
6300.00;6600.00;2316.00;24.00;E0_1_3300m;5.00;193;193;13.40;24.06
6300.00;6600.00;1908.00;23.25;E0_0_3400m;5.00;159;159;11.40;23.29
6300.00;6600.00;2304.00;23.87;E0_1_3400m;5.00;192;192;13.40;23.92
6300.00;6600.00;1908.00;23.23;E0_0_3500m;5.00;159;159;11.41;23.27
6300.00;6600.00;2316.00;23.70;E0_1_3500m;5.00;193;193;13.57;23.74
6300.00;6600.00;1956.00;23.25;E0_0_3600m;5.00;163;163;11.69;23.28
6300.00;6600.00;2316.00;23.59;E0_1_3600m;5.00;193;193;13.61;23.64
6300.00;6600.00;1980.00;23.19;E0_0_3700m;5.00;165;165;11.86;23.23
6300.00;6600.00;2328.00;23.50;E0_1_3700m;5.00;194;193;13.72;23.56
6300.00;6600.00;1980.00;23.32;E0_0_3800m;5.00;165;165;11.79;23.34
6300.00;6600.00;2340.00;23.45;E0_1_3800m;5.00;195;194;13.83;23.50
6300.00;6600.00;1968.00;23.24;E0_0_3900m;5.00;164;164;11.76;23.26
6300.00;6600.00;2328.00;23.38;E0_1_3900m;5.00;194;194;13.83;23.43
6300.00;6600.00;1968.00;23.14;E0_0_4000m;5.00;164;164;11.81;23.17
6300.00;6600.00;2316.00;23.34;E0_1_4000m;5.00;193;193;13.78;23.38
6300.00;6600.00;1944.00;22.98;E0_0_4100m;5.00;162;162;11.75;23.01
6300.00;6600.00;2304.00;23.30;E0_1_4100m;5.00;192;192;13.74;23.33
6300.00;6600.00;1956.00;22.87;E0_0_4200m;5.00;163;163;11.88;22.92
6300.00;6600.00;2316.00;23.28;E0_1_4200m;5.00;193;193;13.82;23.30
6300.00;6600.00;1980.00;22.89;E0_0_4300m;5.00;165;165;12.01;22.93
6300.00;6600.00;2328.00;23.27;E0_1_4300m;5.00;194;193;13.88;23.28
6300.00;6600.00;1980.00;22.98;E0_0_4400m;5.00;165;165;11.97;23.01
6300.00;6600.00;2316.00;23.30;E0_1_4400m;5.00;193;193;13.81;23.32
6300.00;6600.00;1992.00;22.87;E0_0_4500m;5.00;166;166;12.10;22.93
6300.00;6600.00;2316.00;23.35;E0_1_4500m;5.00;193;193;13.78;23.37
6300.00;6600.00;1992.00;22.95;E0_0_4600m;5.00;166;166;12.06;22.99
6300.00;6600.00;2316.00;23.41;E0_1_4600m;5.00;193;193;13.74;23.43
6300.00;6600.00;1980.00;23.02;E0_0_4700m;5.00;165;166;11.97;23.06
6300.00;6600.00;2316.00;23.48;E0_1_4700m;5.00;193;193;13.70;23.50
6300.00;6600.00;1980.00;23.07;E0_0_4800m;5.00;165;165;11.92;23.12
6300.00;6600.00;2316.00;23.57;E0_1_4800m;5.00;193;193;13.65;23.59
6300.00;6600.00;1980.00;23.18;E0_0_4900m;5.00;165;165;11.87;23.21
6300.00;6600.00;2316.00;23.66;E0_1_4900m;5.00;193;193;13.59;23.69
6300.00;6600.00;1980.00;23.33;E0_0_5000m;5.00;165;165;11.79;23.36
6300.00;6600.00;2316.00;23.78;E0_1_5000m;5.00;193;192;13.52;23.81
6600.00;6900.00;0.00;-1.00;E0_0_0m;-1.00;0;0;0.00;-1.00
6600.00;6900.00;0.00;-1.00;E0_1_0m;-1.00;0;0;0.00;-1.00
6600.00;6900.00;2112.00;26.35;E0_0_100m;5.00;176;176;11.13;26.48
6600.00;6900.00;2016.00;28.02;E0_1_100m;5.00;168;167;9.94;28.14
6600.00;6900.00;2112.00;26.24;E0_0_200m;5.00;176;176;11.18;26.38
6600.00;6900.00;1992.00;28.38;E0_1_200m;5.00;166;166;9.75;28.58
6600.00;6900.00;2064.00;26.24;E0_0_300m;5.00;172;173;10.96;26.37
6600.00;6900.00;1992.00;28.21;E0_1_300m;5.00;166;167;9.85;28.41
6600.00;6900.00;2028.00;26.04;E0_0_400m;5.00;169;169;10.82;26.17
6600.00;6900.00;2004.00;27.93;E0_1_400m;5.00;167;167;9.97;28.14
6600.00;6900.00;1992.00;25.75;E0_0_500m;5.00;166;166;10.75;25.88
6600.00;6900.00;2004.00;27.57;E0_1_500m;5.00;167;167;10.10;27.80
6600.00;6900.00;1980.00;25.76;E0_0_600m;5.00;165;165;10.67;25.90
6600.00;6900.00;2016.00;27.29;E0_1_600m;5.00;168;168;10.26;27.54
6600.00;6900.00;1920.00;25.89;E0_0_700m;5.00;160;160;10.30;26.02
6600.00;6900.00;2064.00;27.16;E0_1_700m;5.00;172;172;10.56;27.40
6600.00;6900.00;1908.00;25.80;E0_0_800m;5.00;159;159;10.27;25.91
6600.00;6900.00;2076.00;27.12;E0_1_800m;5.00;173;174;10.67;27.34
6600.00;6900.00;1884.00;25.75;E0_0_900m;5.00;157;157;10.16;25.87
6600.00;6900.00;2100.00;26.88;E0_1_900m;5.00;175;174;10.79;27.10
6600.00;6900.00;1872.00;25.68;E0_0_1000m;5.00;156;156;10.12;25.80
6600.00;6900.00;2088.00;26.91;E0_1_1000m;5.00;174;174;10.78;27.11
6600.00;6900.00;1788.00;25.82;E0_0_1100m;5.00;149;150;9.64;25.93
6600.00;6900.00;2160.00;26.97;E0_1_1100m;5.00;180;180;11.12;27.15
6600.00;6900.00;1824.00;25.77;E0_0_1200m;5.00;152;151;9.77;25.86
6600.00;6900.00;2148.00;27.04;E0_1_1200m;5.00;179;179;11.03;27.19
6600.00;6900.00;1824.00;25.76;E0_0_1300m;5.00;152;153;9.85;25.84
6600.00;6900.00;2148.00;27.05;E0_1_1300m;5.00;179;178;10.97;27.20
6600.00;6900.00;1812.00;25.76;E0_0_1400m;5.00;151;151;9.77;25.83
6600.00;6900.00;2136.00;27.08;E0_1_1400m;5.00;178;178;10.96;27.20
6600.00;6900.00;1812.00;25.77;E0_0_1500m;5.00;151;151;9.77;25.82
6600.00;6900.00;2124.00;27.09;E0_1_1500m;5.00;177;178;10.94;27.18
6600.00;6900.00;1824.00;25.79;E0_0_1600m;5.00;152;152;9.82;25.83
6600.00;6900.00;2160.00;27.00;E0_1_1600m;5.00;180;180;11.11;27.08
6600.00;6900.00;1860.00;25.72;E0_0_1700m;5.00;155;155;10.05;25.76
6600.00;6900.00;2196.00;26.97;E0_1_1700m;5.00;183;183;11.31;27.03
6600.00;6900.00;1872.00;25.70;E0_0_1800m;5.00;156;156;10.12;25.74
6600.00;6900.00;2232.00;26.96;E0_1_1800m;5.00;186;186;11.50;27.01
6600.00;6900.00;1908.00;25.66;E0_0_1900m;5.00;159;159;10.33;25.71
6600.00;6900.00;2244.00;26.95;E0_1_1900m;5.00;187;186;11.53;26.99
6600.00;6900.00;1908.00;25.60;E0_0_2000m;5.00;159;159;10.35;25.65
6600.00;6900.00;2292.00;27.01;E0_1_2000m;5.00;191;190;11.75;27.06
6600.00;6900.00;1944.00;25.60;E0_0_2100m;5.00;162;162;10.55;25.65
6600.00;6900.00;2292.00;27.10;E0_1_2100m;5.00;191;191;11.75;27.18
6600.00;6900.00;1944.00;25.61;E0_0_2200m;5.00;162;162;10.54;25.66
6600.00;6900.00;2304.00;27.08;E0_1_2200m;5.00;192;192;11.81;27.17
6600.00;6900.00;1932.00;25.55;E0_0_2300m;5.00;161;160;10.45;25.61
6600.00;6900.00;2316.00;27.15;E0_1_2300m;5.00;193;193;11.85;27.25
6600.00;6900.00;1944.00;25.54;E0_0_2400m;5.00;162;162;10.57;25.61
6600.00;6900.00;2280.00;27.28;E0_1_2400m;5.00;190;190;11.61;27.39
6600.00;6900.00;1944.00;25.56;E0_0_2500m;5.00;162;163;10.61;25.64
6600.00;6900.00;2268.00;27.39;E0_1_2500m;5.00;189;190;11.56;27.47
6600.00;6900.00;1956.00;25.44;E0_0_2600m;5.00;163;163;10.68;25.51
6600.00;6900.00;2256.00;27.37;E0_1_2600m;5.00;188;188;11.45;27.44
6600.00;6900.00;1944.00;25.35;E0_0_2700m;5.00;162;162;10.65;25.41
6600.00;6900.00;2280.00;27.18;E0_1_2700m;5.00;190;190;11.65;27.26
6600.00;6900.00;1968.00;25.35;E0_0_2800m;5.00;164;164;10.78;25.41
6600.00;6900.00;2316.00;27.05;E0_1_2800m;5.00;193;193;11.89;27.14
6600.00;6900.00;1980.00;25.34;E0_0_2900m;5.00;165;165;10.85;25.40
6600.00;6900.00;2340.00;26.98;E0_1_2900m;5.00;195;195;12.05;27.06
6600.00;6900.00;1980.00;25.46;E0_0_3000m;5.00;165;166;10.80;25.51
6600.00;6900.00;2340.00;26.91;E0_1_3000m;5.00;195;195;12.08;26.99
6600.00;6900.00;1944.00;25.34;E0_0_3100m;5.00;162;163;10.71;25.39
6600.00;6900.00;2364.00;26.90;E0_1_3100m;5.00;197;196;12.18;26.97
6600.00;6900.00;1968.00;25.15;E0_0_3200m;5.00;164;164;10.87;25.20
6600.00;6900.00;2352.00;26.90;E0_1_3200m;5.00;196;196;12.14;26.98
6600.00;6900.00;1992.00;25.04;E0_0_3300m;5.00;166;166;11.05;25.09
6600.00;6900.00;2328.00;26.79;E0_1_3300m;5.00;194;194;12.07;26.87
6600.00;6900.00;1980.00;24.85;E0_0_3400m;5.00;165;165;11.07;24.91
6600.00;6900.00;2328.00;26.50;E0_1_3400m;5.00;194;194;12.20;26.59
6600.00;6900.00;1980.00;24.81;E0_0_3500m;5.00;165;165;11.08;24.87
6600.00;6900.00;2328.00;26.33;E0_1_3500m;5.00;194;194;12.28;26.44
6600.00;6900.00;1944.00;24.64;E0_0_3600m;5.00;162;162;10.96;24.70
6600.00;6900.00;2328.00;26.19;E0_1_3600m;5.00;194;194;12.35;26.29
6600.00;6900.00;1920.00;24.52;E0_0_3700m;5.00;160;160;10.88;24.59
6600.00;6900.00;2328.00;26.09;E0_1_3700m;5.00;194;194;12.39;26.20
6600.00;6900.00;1896.00;24.54;E0_0_3800m;5.00;158;158;10.73;24.61
6600.00;6900.00;2328.00;26.04;E0_1_3800m;5.00;194;194;12.42;26.15
6600.00;6900.00;1908.00;24.66;E0_0_3900m;5.00;159;159;10.75;24.74
6600.00;6900.00;2316.00;26.04;E0_1_3900m;5.00;193;193;12.35;26.17
6600.00;6900.00;1872.00;24.78;E0_0_4000m;5.00;156;157;10.55;24.87
6600.00;6900.00;2292.00;26.09;E0_1_4000m;5.00;191;191;12.20;26.23
6600.00;6900.00;1872.00;24.81;E0_0_4100m;5.00;156;157;10.54;24.89
6600.00;6900.00;2256.00;26.05;E0_1_4100m;5.00;188;188;12.03;26.17
6600.00;6900.00;1896.00;24.76;E0_0_4200m;5.00;158;159;10.66;24.84
6600.00;6900.00;2232.00;25.94;E0_1_4200m;5.00;186;186;11.95;26.03
6600.00;6900.00;1884.00;24.68;E0_0_4300m;5.00;157;157;10.60;24.76
6600.00;6900.00;2244.00;25.88;E0_1_4300m;5.00;187;187;12.04;25.96
6600.00;6900.00;1884.00;24.59;E0_0_4400m;5.00;157;157;10.64;24.67
6600.00;6900.00;2256.00;25.84;E0_1_4400m;5.00;188;188;12.13;25.91
6600.00;6900.00;1884.00;24.56;E0_0_4500m;5.00;157;158;10.66;24.64
6600.00;6900.00;2256.00;25.83;E0_1_4500m;5.00;188;188;12.13;25.91
6600.00;6900.00;1884.00;24.65;E0_0_4600m;5.00;157;157;10.62;24.73
6600.00;6900.00;2268.00;25.87;E0_1_4600m;5.00;189;189;12.18;25.94
6600.00;6900.00;1896.00;24.50;E0_0_4700m;5.00;158;157;10.72;24.59
6600.00;6900.00;2268.00;25.95;E0_1_4700m;5.00;189;190;12.16;26.02
6600.00;6900.00;1920.00;24.37;E0_0_4800m;5.00;160;160;10.94;24.46
6600.00;6900.00;2256.00;26.10;E0_1_4800m;5.00;188;188;12.01;26.18
6600.00;6900.00;1932.00;24.25;E0_0_4900m;5.00;161;161;11.07;24.33
6600.00;6900.00;2256.00;26.06;E0_1_4900m;5.00;188;188;12.02;26.15
6600.00;6900.00;1932.00;24.34;E0_0_5000m;5.00;161;161;11.02;24.41
6600.00;6900.00;2256.00;25.99;E0_1_5000m;5.00;188;188;12.06;26.09
6900.00;7200.00;0.00;-1.00;E0_0_0m;-1.00;0;0;0.00;-1.00
6900.00;7200.00;0.00;-1.00;E0_1_0m;-1.00;0;0;0.00;-1.00
6900.00;7200.00;2028.00;25.42;E0_0_100m;5.00;169;169;11.08;25.59
6900.00;7200.00;2124.00;26.38;E0_1_100m;5.00;177;177;11.18;26.61
6900.00;7200.00;2004.00;25.33;E0_0_200m;5.00;167;167;10.99;25.50
6900.00;7200.00;2160.00;26.76;E0_1_200m;5.00;180;180;11.21;27.08
6900.00;7200.00;1968.00;25.11;E0_0_300m;5.00;164;164;10.88;25.27
6900.00;7200.00;2220.00;26.59;E0_1_300m;5.00;185;184;11.55;26.89
6900.00;7200.00;1980.00;24.93;E0_0_400m;5.00;165;165;11.03;25.08
6900.00;7200.00;2232.00;26.29;E0_1_400m;5.00;186;187;11.82;26.58
6900.00;7200.00;1992.00;24.59;E0_0_500m;5.00;166;166;11.25;24.73
6900.00;7200.00;2256.00;25.85;E0_1_500m;5.00;188;188;12.12;26.10
6900.00;7200.00;1992.00;24.28;E0_0_600m;5.00;166;166;11.39;24.39
6900.00;7200.00;2280.00;25.37;E0_1_600m;5.00;190;190;12.48;25.59
6900.00;7200.00;2004.00;24.03;E0_0_700m;5.00;167;167;11.58;24.14
6900.00;7200.00;2292.00;24.88;E0_1_700m;5.00;191;191;12.80;25.06
6900.00;7200.00;2004.00;23.77;E0_0_800m;5.00;167;167;11.71;23.87
6900.00;7200.00;2292.00;24.44;E0_1_800m;5.00;191;190;12.99;24.59
6900.00;7200.00;1992.00;23.37;E0_0_900m;5.00;166;166;11.84;23.44
6900.00;7200.00;2292.00;23.89;E0_1_900m;5.00;191;191;13.32;24.00
6900.00;7200.00;1992.00;23.04;E0_0_1000m;5.00;166;166;12.01;23.10
6900.00;7200.00;2292.00;23.51;E0_1_1000m;5.00;191;192;13.58;23.61
6900.00;7200.00;2004.00;22.77;E0_0_1100m;5.00;167;166;12.20;22.81
6900.00;7200.00;2292.00;23.17;E0_1_1100m;5.00;191;191;13.74;23.27
6900.00;7200.00;1992.00;22.56;E0_0_1200m;5.00;166;166;12.26;22.60
6900.00;7200.00;2292.00;22.84;E0_1_1200m;5.00;191;191;13.94;22.92
6900.00;7200.00;1992.00;22.34;E0_0_1300m;5.00;166;165;12.37;22.37
6900.00;7200.00;2304.00;22.52;E0_1_1300m;5.00;192;192;14.21;22.57
6900.00;7200.00;1992.00;22.16;E0_0_1400m;5.00;166;166;12.48;22.19
6900.00;7200.00;2304.00;22.29;E0_1_1400m;5.00;192;193;14.39;22.32
6900.00;7200.00;1980.00;22.06;E0_0_1500m;5.00;165;166;12.48;22.08
6900.00;7200.00;2328.00;22.15;E0_1_1500m;5.00;194;193;14.54;22.18
6900.00;7200.00;1968.00;22.00;E0_0_1600m;5.00;164;164;12.42;22.02
6900.00;7200.00;2292.00;22.05;E0_1_1600m;5.00;191;192;14.44;22.07
6900.00;7200.00;1944.00;21.94;E0_0_1700m;5.00;162;162;12.31;21.95
6900.00;7200.00;2256.00;21.97;E0_1_1700m;5.00;188;189;14.28;21.99
6900.00;7200.00;1944.00;21.79;E0_0_1800m;5.00;162;162;12.39;21.82
6900.00;7200.00;2220.00;21.90;E0_1_1800m;5.00;185;186;14.09;21.91
6900.00;7200.00;1908.00;21.80;E0_0_1900m;5.00;159;159;12.16;21.82
6900.00;7200.00;2184.00;21.84;E0_1_1900m;5.00;182;182;13.89;21.85
6900.00;7200.00;1884.00;21.81;E0_0_2000m;5.00;157;157;12.00;21.83
6900.00;7200.00;2148.00;21.79;E0_1_2000m;5.00;179;179;13.69;21.80
6900.00;7200.00;1884.00;21.82;E0_0_2100m;5.00;157;157;11.99;21.84
6900.00;7200.00;2160.00;21.82;E0_1_2100m;5.00;180;180;13.75;21.84
6900.00;7200.00;1896.00;21.85;E0_0_2200m;5.00;158;158;12.05;21.88
6900.00;7200.00;2148.00;21.84;E0_1_2200m;5.00;179;179;13.66;21.86
6900.00;7200.00;1908.00;21.87;E0_0_2300m;5.00;159;159;12.12;21.90
6900.00;7200.00;2136.00;21.87;E0_1_2300m;5.00;178;179;13.57;21.91
6900.00;7200.00;1896.00;21.90;E0_0_2400m;5.00;158;158;12.02;21.94
6900.00;7200.00;2136.00;21.91;E0_1_2400m;5.00;178;178;13.54;21.95
6900.00;7200.00;1896.00;21.92;E0_0_2500m;5.00;158;157;11.96;21.96
6900.00;7200.00;2124.00;21.90;E0_1_2500m;5.00;177;177;13.47;21.94
6900.00;7200.00;1884.00;21.90;E0_0_2600m;5.00;157;157;11.95;21.93
6900.00;7200.00;2136.00;21.91;E0_1_2600m;5.00;178;178;13.54;21.95
6900.00;7200.00;1872.00;21.90;E0_0_2700m;5.00;156;156;11.87;21.94
6900.00;7200.00;2136.00;21.91;E0_1_2700m;5.00;178;178;13.54;21.95
6900.00;7200.00;1848.00;21.92;E0_0_2800m;5.00;154;155;11.74;21.97
6900.00;7200.00;2088.00;21.91;E0_1_2800m;5.00;174;174;13.23;21.96
6900.00;7200.00;1824.00;21.98;E0_0_2900m;5.00;152;153;11.60;22.04
6900.00;7200.00;2052.00;21.94;E0_1_2900m;5.00;171;171;12.99;21.98
6900.00;7200.00;1812.00;22.10;E0_0_3000m;5.00;151;151;11.42;22.17
6900.00;7200.00;2064.00;22.12;E0_1_3000m;5.00;172;172;12.96;22.20
6900.00;7200.00;1824.00;22.21;E0_0_3100m;5.00;152;152;11.41;22.29
6900.00;7200.00;2040.00;22.21;E0_1_3100m;5.00;170;170;12.76;22.29
6900.00;7200.00;1800.00;22.29;E0_0_3200m;5.00;150;150;11.22;22.38
6900.00;7200.00;2040.00;22.38;E0_1_3200m;5.00;170;170;12.66;22.49
6900.00;7200.00;1800.00;22.33;E0_0_3300m;5.00;150;150;11.19;22.43
6900.00;7200.00;2028.00;22.43;E0_1_3300m;5.00;169;169;12.56;22.56
6900.00;7200.00;1800.00;22.40;E0_0_3400m;5.00;150;150;11.16;22.50
6900.00;7200.00;2028.00;22.50;E0_1_3400m;5.00;169;169;12.52;22.63
6900.00;7200.00;1800.00;22.47;E0_0_3500m;5.00;150;150;11.12;22.57
6900.00;7200.00;2004.00;22.60;E0_1_3500m;5.00;167;167;12.31;22.75
6900.00;7200.00;1800.00;22.51;E0_0_3600m;5.00;150;150;11.11;22.59
6900.00;7200.00;2004.00;22.75;E0_1_3600m;5.00;167;166;12.21;22.91
6900.00;7200.00;1800.00;22.54;E0_0_3700m;5.00;150;150;11.09;22.61
6900.00;7200.00;1980.00;22.92;E0_1_3700m;5.00;165;166;12.06;23.12
6900.00;7200.00;1800.00;22.62;E0_0_3800m;5.00;150;150;11.05;22.69
6900.00;7200.00;1980.00;23.07;E0_1_3800m;5.00;165;165;11.92;23.27
6900.00;7200.00;1800.00;22.69;E0_0_3900m;5.00;150;150;11.02;22.74
6900.00;7200.00;1980.00;23.22;E0_1_3900m;5.00;165;165;11.84;23.43
6900.00;7200.00;1812.00;22.76;E0_0_4000m;5.00;151;150;11.00;22.81
6900.00;7200.00;1956.00;23.35;E0_1_4000m;5.00;163;164;11.70;23.57
6900.00;7200.00;1800.00;22.84;E0_0_4100m;5.00;150;149;10.89;22.90
6900.00;7200.00;1968.00;23.48;E0_1_4100m;5.00;164;164;11.64;23.71
6900.00;7200.00;1776.00;22.98;E0_0_4200m;5.00;148;147;10.71;23.06
6900.00;7200.00;1956.00;23.62;E0_1_4200m;5.00;163;163;11.50;23.87
6900.00;7200.00;1764.00;23.00;E0_0_4300m;5.00;147;147;10.65;23.09
6900.00;7200.00;1932.00;23.69;E0_1_4300m;5.00;161;162;11.40;23.93
6900.00;7200.00;1740.00;22.93;E0_0_4400m;5.00;145;145;10.54;23.02
6900.00;7200.00;1932.00;23.53;E0_1_4400m;5.00;161;161;11.40;23.75
6900.00;7200.00;1716.00;22.89;E0_0_4500m;5.00;143;143;10.42;22.97
6900.00;7200.00;1932.00;23.51;E0_1_4500m;5.00;161;161;11.42;23.71
6900.00;7200.00;1704.00;22.92;E0_0_4600m;5.00;142;142;10.33;23.00
6900.00;7200.00;1932.00;23.56;E0_1_4600m;5.00;161;161;11.39;23.76
6900.00;7200.00;1692.00;23.02;E0_0_4700m;5.00;141;141;10.21;23.11
6900.00;7200.00;1932.00;23.67;E0_1_4700m;5.00;161;160;11.31;23.88
6900.00;7200.00;1680.00;23.14;E0_0_4800m;5.00;140;140;10.08;23.23
6900.00;7200.00;1932.00;23.81;E0_1_4800m;5.00;161;161;11.27;24.01
6900.00;7200.00;1704.00;23.24;E0_0_4900m;5.00;142;142;10.19;23.32
6900.00;7200.00;1968.00;23.96;E0_1_4900m;5.00;164;164;11.41;24.16
6900.00;7200.00;1740.00;23.40;E0_0_5000m;5.00;145;145;10.33;23.49
6900.00;7200.00;2004.00;24.17;E0_1_5000m;5.00;167;167;11.51;24.38
7200.00;7500.00;0.00;-1.00;E0_0_0m;-1.00;0;0;0.00;-1.00
7200.00;7500.00;0.00;-1.00;E0_1_0m;-1.00;0;0;0.00;-1.00
7200.00;7500.00;1824.00;26.58;E0_0_100m;5.00;152;152;9.53;26.72
7200.00;7500.00;2172.00;27.54;E0_1_100m;5.00;181;181;10.95;27.67
7200.00;7500.00;1836.00;26.66;E0_0_200m;5.00;153;153;9.57;26.78
7200.00;7500.00;2136.00;28.16;E0_1_200m;5.00;178;178;10.53;28.33
7200.00;7500.00;1788.00;26.64;E0_0_300m;5.00;149;149;9.32;26.76
7200.00;7500.00;2160.00;28.25;E0_1_300m;5.00;180;180;10.62;28.42
7200.00;7500.00;1776.00;26.54;E0_0_400m;5.00;148;148;9.30;26.66
7200.00;7500.00;2148.00;28.26;E0_1_400m;5.00;179;178;10.52;28.41
7200.00;7500.00;1752.00;26.56;E0_0_500m;5.00;146;146;9.16;26.67
7200.00;7500.00;2148.00;28.18;E0_1_500m;5.00;179;179;10.59;28.33
7200.00;7500.00;1740.00;26.54;E0_0_600m;5.00;145;145;9.11;26.65
7200.00;7500.00;2148.00;28.05;E0_1_600m;5.00;179;179;10.64;28.19
7200.00;7500.00;1752.00;26.33;E0_0_700m;5.00;146;146;9.24;26.44
7200.00;7500.00;2136.00;27.85;E0_1_700m;5.00;178;178;10.65;27.98
7200.00;7500.00;1752.00;26.16;E0_0_800m;5.00;146;146;9.30;26.26
7200.00;7500.00;2148.00;27.64;E0_1_800m;5.00;179;179;10.79;27.78
7200.00;7500.00;1764.00;25.94;E0_0_900m;5.00;147;147;9.45;26.04
7200.00;7500.00;2184.00;27.48;E0_1_900m;5.00;182;182;11.04;27.61
7200.00;7500.00;1824.00;25.82;E0_0_1000m;5.00;152;152;9.81;25.92
7200.00;7500.00;2172.00;27.37;E0_1_1000m;5.00;181;180;10.98;27.48
7200.00;7500.00;1812.00;25.69;E0_0_1100m;5.00;151;151;9.80;25.79
7200.00;7500.00;2196.00;27.23;E0_1_1100m;5.00;183;183;11.20;27.33
7200.00;7500.00;1776.00;25.67;E0_0_1200m;5.00;148;148;9.61;25.76
7200.00;7500.00;2256.00;27.09;E0_1_1200m;5.00;188;188;11.57;27.17
7200.00;7500.00;1788.00;25.71;E0_0_1300m;5.00;149;149;9.66;25.80
7200.00;7500.00;2256.00;27.02;E0_1_1300m;5.00;188;188;11.60;27.09
7200.00;7500.00;1776.00;25.77;E0_0_1400m;5.00;148;149;9.59;25.85
7200.00;7500.00;2268.00;26.93;E0_1_1400m;5.00;189;188;11.67;27.01
7200.00;7500.00;1824.00;25.64;E0_0_1500m;5.00;152;151;9.87;25.73
7200.00;7500.00;2244.00;27.03;E0_1_1500m;5.00;187;187;11.53;27.10
7200.00;7500.00;1812.00;25.31;E0_0_1600m;5.00;151;152;9.97;25.39
7200.00;7500.00;2244.00;26.87;E0_1_1600m;5.00;187;186;11.59;26.94
7200.00;7500.00;1800.00;25.27;E0_0_1700m;5.00;150;150;9.89;25.37
7200.00;7500.00;2244.00;26.71;E0_1_1700m;5.00;187;186;11.65;26.79
7200.00;7500.00;1788.00;25.10;E0_0_1800m;5.00;149;149;9.89;25.21
7200.00;7500.00;2244.00;26.56;E0_1_1800m;5.00;187;187;11.73;26.64
7200.00;7500.00;1788.00;24.91;E0_0_1900m;5.00;149;149;9.97;25.02
7200.00;7500.00;2316.00;26.48;E0_1_1900m;5.00;193;193;12.15;26.57
7200.00;7500.00;1824.00;24.87;E0_0_2000m;5.00;152;152;10.18;24.97
7200.00;7500.00;2340.00;26.43;E0_1_2000m;5.00;195;195;12.30;26.53
7200.00;7500.00;1836.00;24.91;E0_0_2100m;5.00;153;153;10.24;25.00
7200.00;7500.00;2328.00;26.35;E0_1_2100m;5.00;194;194;12.27;26.45
7200.00;7500.00;1836.00;24.79;E0_0_2200m;5.00;153;153;10.28;24.87
7200.00;7500.00;2340.00;26.26;E0_1_2200m;5.00;195;195;12.38;26.36
7200.00;7500.00;1872.00;24.74;E0_0_2300m;5.00;156;156;10.51;24.83
7200.00;7500.00;2316.00;26.18;E0_1_2300m;5.00;193;192;12.28;26.28
7200.00;7500.00;1872.00;24.59;E0_0_2400m;5.00;156;157;10.59;24.68
7200.00;7500.00;2328.00;25.99;E0_1_2400m;5.00;194;194;12.44;26.10
7200.00;7500.00;1836.00;24.53;E0_0_2500m;5.00;153;153;10.40;24.61
7200.00;7500.00;2340.00;25.79;E0_1_2500m;5.00;195;195;12.60;25.86
7200.00;7500.00;1836.00;24.50;E0_0_2600m;5.00;153;153;10.41;24.58
7200.00;7500.00;2328.00;25.69;E0_1_2600m;5.00;194;195;12.61;25.76
7200.00;7500.00;1812.00;24.42;E0_0_2700m;5.00;151;151;10.31;24.51
7200.00;7500.00;2304.00;25.63;E0_1_2700m;5.00;192;192;12.49;25.70
7200.00;7500.00;1848.00;24.37;E0_0_2800m;5.00;154;153;10.50;24.47
7200.00;7500.00;2292.00;25.48;E0_1_2800m;5.00;191;191;12.49;25.58
7200.00;7500.00;1872.00;24.47;E0_0_2900m;5.00;156;155;10.56;24.56
7200.00;7500.00;2280.00;25.31;E0_1_2900m;5.00;190;190;12.51;25.40
7200.00;7500.00;1860.00;24.31;E0_0_3000m;5.00;155;154;10.59;24.39
7200.00;7500.00;2292.00;25.11;E0_1_3000m;5.00;191;191;12.68;25.21
7200.00;7500.00;1860.00;23.98;E0_0_3100m;5.00;155;154;10.72;24.06
7200.00;7500.00;2292.00;24.87;E0_1_3100m;5.00;191;192;12.86;24.97
7200.00;7500.00;1860.00;23.70;E0_0_3200m;5.00;155;155;10.90;23.79
7200.00;7500.00;2304.00;24.65;E0_1_3200m;5.00;192;192;12.98;24.75
7200.00;7500.00;1896.00;23.57;E0_0_3300m;5.00;158;158;11.17;23.67
7200.00;7500.00;2304.00;24.46;E0_1_3300m;5.00;192;192;13.09;24.56
7200.00;7500.00;1944.00;23.49;E0_0_3400m;5.00;162;162;11.49;23.59
7200.00;7500.00;2292.00;24.33;E0_1_3400m;5.00;191;191;13.08;24.44
7200.00;7500.00;1980.00;23.36;E0_0_3500m;5.00;165;165;11.77;23.45
7200.00;7500.00;2340.00;24.05;E0_1_3500m;5.00;195;195;13.51;24.16
7200.00;7500.00;2016.00;23.22;E0_0_3600m;5.00;168;168;12.06;23.33
7200.00;7500.00;2328.00;23.84;E0_1_3600m;5.00;194;194;13.56;23.97
7200.00;7500.00;2016.00;23.13;E0_0_3700m;5.00;168;168;12.11;23.26
7200.00;7500.00;2340.00;23.76;E0_1_3700m;5.00;195;194;13.62;23.92
7200.00;7500.00;2028.00;23.00;E0_0_3800m;5.00;169;169;12.24;23.15
7200.00;7500.00;2340.00;23.68;E0_1_3800m;5.00;195;195;13.72;23.86
7200.00;7500.00;2040.00;23.00;E0_0_3900m;5.00;170;170;12.32;23.13
7200.00;7500.00;2352.00;23.45;E0_1_3900m;5.00;196;197;13.96;23.58
7200.00;7500.00;2064.00;23.07;E0_0_4000m;5.00;172;172;12.42;23.19
7200.00;7500.00;2376.00;23.27;E0_1_4000m;5.00;198;198;14.15;23.38
7200.00;7500.00;2076.00;23.01;E0_0_4100m;5.00;173;173;12.53;23.11
7200.00;7500.00;2388.00;23.15;E0_1_4100m;5.00;199;199;14.33;23.25
7200.00;7500.00;2112.00;22.97;E0_0_4200m;5.00;176;176;12.77;23.07
7200.00;7500.00;2388.00;23.04;E0_1_4200m;5.00;199;199;14.40;23.13
7200.00;7500.00;2100.00;22.89;E0_0_4300m;5.00;175;175;12.74;22.98
7200.00;7500.00;2400.00;22.94;E0_1_4300m;5.00;200;200;14.47;23.03
7200.00;7500.00;2100.00;22.81;E0_0_4400m;5.00;175;175;12.79;22.89
7200.00;7500.00;2400.00;22.86;E0_1_4400m;5.00;200;201;14.63;22.95
7200.00;7500.00;2112.00;22.72;E0_0_4500m;5.00;176;175;12.90;22.80
7200.00;7500.00;2412.00;22.80;E0_1_4500m;5.00;201;201;14.69;22.89
7200.00;7500.00;2136.00;22.68;E0_0_4600m;5.00;178;178;13.08;22.76
7200.00;7500.00;2412.00;22.73;E0_1_4600m;5.00;201;201;14.74;22.82
7200.00;7500.00;2136.00;22.61;E0_0_4700m;5.00;178;178;13.12;22.68
7200.00;7500.00;2424.00;22.67;E0_1_4700m;5.00;202;202;14.85;22.74
7200.00;7500.00;2136.00;22.55;E0_0_4800m;5.00;178;178;13.15;22.62
7200.00;7500.00;2424.00;22.62;E0_1_4800m;5.00;202;202;14.89;22.69
7200.00;7500.00;2112.00;22.55;E0_0_4900m;5.00;176;176;13.01;22.62
7200.00;7500.00;2388.00;22.60;E0_1_4900m;5.00;199;199;14.67;22.67
7200.00;7500.00;2100.00;22.59;E0_0_5000m;5.00;175;175;12.91;22.65
7200.00;7500.00;2352.00;22.61;E0_1_5000m;5.00;196;196;14.45;22.67
7500.00;7800.00;0.00;-1.00;E0_0_0m;-1.00;0;0;0.00;-1.00
7500.00;7800.00;0.00;-1.00;E0_1_0m;-1.00;0;0;0.00;-1.00
7500.00;7800.00;2064.00;26.46;E0_0_100m;5.00;172;172;10.83;26.54
7500.00;7800.00;2088.00;28.80;E0_1_100m;5.00;174;174;10.07;28.90
7500.00;7800.00;2052.00;26.49;E0_0_200m;5.00;171;171;10.76;26.58
7500.00;7800.00;2112.00;28.73;E0_1_200m;5.00;176;176;10.21;28.88
7500.00;7800.00;1980.00;26.50;E0_0_300m;5.00;165;165;10.38;26.59
7500.00;7800.00;2208.00;28.47;E0_1_300m;5.00;184;184;10.77;28.61
7500.00;7800.00;1944.00;26.42;E0_0_400m;5.00;162;163;10.23;26.50
7500.00;7800.00;2232.00;28.34;E0_1_400m;5.00;186;187;10.95;28.46
7500.00;7800.00;1956.00;26.38;E0_0_500m;5.00;163;163;10.30;26.48
7500.00;7800.00;2280.00;28.27;E0_1_500m;5.00;190;190;11.20;28.39
7500.00;7800.00;1968.00;26.23;E0_0_600m;5.00;164;164;10.42;26.32
7500.00;7800.00;2280.00;28.29;E0_1_600m;5.00;190;190;11.19;28.41
7500.00;7800.00;1980.00;26.09;E0_0_700m;5.00;165;165;10.54;26.18
7500.00;7800.00;2256.00;28.27;E0_1_700m;5.00;188;188;11.08;28.40
7500.00;7800.00;1980.00;26.17;E0_0_800m;5.00;165;165;10.51;26.24
7500.00;7800.00;2244.00;28.11;E0_1_800m;5.00;187;187;11.09;28.24
7500.00;7800.00;1944.00;26.11;E0_0_900m;5.00;162;162;10.34;26.18
7500.00;7800.00;2256.00;28.10;E0_1_900m;5.00;188;189;11.22;28.22
7500.00;7800.00;1932.00;26.07;E0_0_1000m;5.00;161;161;10.29;26.15
7500.00;7800.00;2232.00;28.11;E0_1_1000m;5.00;186;186;11.03;28.23
7500.00;7800.00;1920.00;25.97;E0_0_1100m;5.00;160;160;10.27;26.05
7500.00;7800.00;2220.00;28.15;E0_1_1100m;5.00;185;185;10.95;28.28
7500.00;7800.00;1908.00;25.96;E0_0_1200m;5.00;159;159;10.21;26.05
7500.00;7800.00;2208.00;28.13;E0_1_1200m;5.00;184;184;10.90;28.25
7500.00;7800.00;1908.00;25.92;E0_0_1300m;5.00;159;159;10.22;26.00
7500.00;7800.00;2184.00;28.14;E0_1_1300m;5.00;182;182;10.78;28.26
7500.00;7800.00;1920.00;25.83;E0_0_1400m;5.00;160;160;10.32;25.91
7500.00;7800.00;2184.00;28.15;E0_1_1400m;5.00;182;182;10.78;28.26
7500.00;7800.00;1884.00;25.89;E0_0_1500m;5.00;157;157;10.11;25.97
7500.00;7800.00;2196.00;28.09;E0_1_1500m;5.00;183;183;10.86;28.19
7500.00;7800.00;1908.00;25.85;E0_0_1600m;5.00;159;158;10.23;25.93
7500.00;7800.00;2160.00;28.16;E0_1_1600m;5.00;180;180;10.65;28.26
7500.00;7800.00;1896.00;25.72;E0_0_1700m;5.00;158;158;10.24;25.80
7500.00;7800.00;2172.00;28.12;E0_1_1700m;5.00;181;181;10.73;28.22
7500.00;7800.00;1920.00;25.59;E0_0_1800m;5.00;160;160;10.42;25.67
7500.00;7800.00;2184.00;28.07;E0_1_1800m;5.00;182;182;10.81;28.15
7500.00;7800.00;1932.00;25.47;E0_0_1900m;5.00;161;161;10.54;25.55
7500.00;7800.00;2148.00;28.07;E0_1_1900m;5.00;179;179;10.63;28.14
7500.00;7800.00;1932.00;25.47;E0_0_2000m;5.00;161;161;10.54;25.54
7500.00;7800.00;2160.00;28.09;E0_1_2000m;5.00;180;180;10.68;28.17
7500.00;7800.00;1956.00;25.54;E0_0_2100m;5.00;163;163;10.64;25.62
7500.00;7800.00;2160.00;28.24;E0_1_2100m;5.00;180;180;10.62;28.32
7500.00;7800.00;1932.00;25.60;E0_0_2200m;5.00;161;161;10.48;25.69
7500.00;7800.00;2220.00;28.30;E0_1_2200m;5.00;185;185;10.89;28.40
7500.00;7800.00;1908.00;25.64;E0_0_2300m;5.00;159;160;10.38;25.72
7500.00;7800.00;2244.00;28.39;E0_1_2300m;5.00;187;187;10.98;28.49
7500.00;7800.00;1908.00;25.65;E0_0_2400m;5.00;159;159;10.33;25.73
7500.00;7800.00;2268.00;28.43;E0_1_2400m;5.00;189;189;11.08;28.52
7500.00;7800.00;1908.00;25.52;E0_0_2500m;5.00;159;159;10.38;25.62
7500.00;7800.00;2244.00;28.47;E0_1_2500m;5.00;187;188;10.95;28.57
7500.00;7800.00;1824.00;25.53;E0_0_2600m;5.00;152;152;9.92;25.61
7500.00;7800.00;2280.00;28.44;E0_1_2600m;5.00;190;189;11.11;28.55
7500.00;7800.00;1848.00;25.50;E0_0_2700m;5.00;154;154;10.06;25.57
7500.00;7800.00;2256.00;28.48;E0_1_2700m;5.00;188;188;11.00;28.60
7500.00;7800.00;1860.00;25.50;E0_0_2800m;5.00;155;155;10.13;25.57
7500.00;7800.00;2268.00;28.41;E0_1_2800m;5.00;189;189;11.09;28.53
7500.00;7800.00;1884.00;25.38;E0_0_2900m;5.00;157;157;10.31;25.44
7500.00;7800.00;2280.00;28.35;E0_1_2900m;5.00;190;190;11.17;28.47
7500.00;7800.00;1908.00;25.39;E0_0_3000m;5.00;159;159;10.44;25.45
7500.00;7800.00;2328.00;28.12;E0_1_3000m;5.00;194;194;11.50;28.23
7500.00;7800.00;1908.00;25.33;E0_0_3100m;5.00;159;159;10.46;25.40
7500.00;7800.00;2340.00;27.93;E0_1_3100m;5.00;195;194;11.57;28.02
7500.00;7800.00;1908.00;25.29;E0_0_3200m;5.00;159;160;10.50;25.37
7500.00;7800.00;2328.00;27.80;E0_1_3200m;5.00;194;194;11.63;27.89
7500.00;7800.00;1896.00;25.30;E0_0_3300m;5.00;158;158;10.41;25.38
7500.00;7800.00;2316.00;27.73;E0_1_3300m;5.00;193;194;11.61;27.83
7500.00;7800.00;1896.00;25.36;E0_0_3400m;5.00;158;158;10.39;25.45
7500.00;7800.00;2304.00;27.69;E0_1_3400m;5.00;192;192;11.55;27.80
7500.00;7800.00;1860.00;25.31;E0_0_3500m;5.00;155;155;10.21;25.41
7500.00;7800.00;2268.00;27.78;E0_1_3500m;5.00;189;189;11.34;27.90
7500.00;7800.00;1848.00;25.31;E0_0_3600m;5.00;154;154;10.14;25.41
7500.00;7800.00;2256.00;27.94;E0_1_3600m;5.00;188;188;11.22;28.05
7500.00;7800.00;1860.00;25.31;E0_0_3700m;5.00;155;155;10.21;25.41
7500.00;7800.00;2244.00;28.11;E0_1_3700m;5.00;187;188;11.14;28.22
7500.00;7800.00;1860.00;25.26;E0_0_3800m;5.00;155;155;10.23;25.35
7500.00;7800.00;2244.00;28.23;E0_1_3800m;5.00;187;187;11.04;28.32
7500.00;7800.00;1860.00;25.23;E0_0_3900m;5.00;155;155;10.24;25.32
7500.00;7800.00;2220.00;28.27;E0_1_3900m;5.00;185;184;10.88;28.35
7500.00;7800.00;1860.00;25.29;E0_0_4000m;5.00;155;155;10.22;25.38
7500.00;7800.00;2208.00;28.22;E0_1_4000m;5.00;184;184;10.85;28.30
7500.00;7800.00;1872.00;25.51;E0_0_4100m;5.00;156;156;10.19;25.61
7500.00;7800.00;2196.00;28.22;E0_1_4100m;5.00;183;183;10.81;28.29
7500.00;7800.00;1824.00;25.58;E0_0_4200m;5.00;152;152;9.90;25.68
7500.00;7800.00;2232.00;28.23;E0_1_4200m;5.00;186;186;10.98;28.30
7500.00;7800.00;1848.00;25.57;E0_0_4300m;5.00;154;154;10.04;25.66
7500.00;7800.00;2220.00;28.20;E0_1_4300m;5.00;185;184;10.93;28.26
7500.00;7800.00;1860.00;25.47;E0_0_4400m;5.00;155;155;10.14;25.56
7500.00;7800.00;2220.00;28.12;E0_1_4400m;5.00;185;184;10.91;28.19
7500.00;7800.00;1884.00;25.38;E0_0_4500m;5.00;157;157;10.31;25.47
7500.00;7800.00;2208.00;28.13;E0_1_4500m;5.00;184;184;10.90;28.19
7500.00;7800.00;1884.00;25.20;E0_0_4600m;5.00;157;157;10.38;25.29
7500.00;7800.00;2220.00;28.16;E0_1_4600m;5.00;185;186;10.98;28.22
7500.00;7800.00;1944.00;25.15;E0_0_4700m;5.00;162;162;10.74;25.24
7500.00;7800.00;2232.00;28.08;E0_1_4700m;5.00;186;186;11.04;28.15
7500.00;7800.00;1956.00;25.20;E0_0_4800m;5.00;163;163;10.78;25.29
7500.00;7800.00;2244.00;27.96;E0_1_4800m;5.00;187;187;11.15;28.02
7500.00;7800.00;1932.00;25.18;E0_0_4900m;5.00;161;161;10.66;25.28
7500.00;7800.00;2256.00;27.86;E0_1_4900m;5.00;188;189;11.26;27.93
7500.00;7800.00;1908.00;25.10;E0_0_5000m;5.00;159;159;10.56;25.18
7500.00;7800.00;2268.00;27.76;E0_1_5000m;5.00;189;189;11.35;27.83
