interval_begin;interval_end;interval_flow;interval_harmonicMeanSpeed;interval_id;interval_length;interval_nVehContrib;interval_nVehEntered;interval_occupancy;interval_speed
0.00;300.00;0.00;-1.00;E0_0_0m;-1.00;0;0;0.00;-1.00
0.00;300.00;0.00;-1.00;E0_1_0m;-1.00;0;0;0.00;-1.00
0.00;300.00;1836.00;27.90;E0_0_100m;5.00;153;153;9.14;28.01
0.00;300.00;2064.00;29.64;E0_1_100m;5.00;172;172;9.67;29.75
0.00;300.00;1848.00;27.62;E0_0_200m;5.00;154;154;9.29;27.74
0.00;300.00;1992.00;29.73;E0_1_200m;5.00;166;166;9.31;29.87
0.00;300.00;1848.00;27.46;E0_0_300m;5.00;154;154;9.35;27.58
0.00;300.00;1944.00;29.53;E0_1_300m;5.00;162;163;9.18;29.66
0.00;300.00;1776.00;27.28;E0_0_400m;5.00;148;148;9.04;27.39
0.00;300.00;2004.00;29.37;E0_1_400m;5.00;167;167;9.48;29.48
0.00;300.00;1776.00;27.20;E0_0_500m;5.00;148;148;9.07;27.31
0.00;300.00;1968.00;29.17;E0_1_500m;5.00;164;164;9.37;29.28
0.00;300.00;1704.00;27.12;E0_0_600m;5.00;142;142;8.73;27.23
0.00;300.00;1980.00;29.09;E0_1_600m;5.00;165;165;9.45;29.19
0.00;300.00;1668.00;27.11;E0_0_700m;5.00;139;139;8.55;27.21
0.00;300.00;1944.00;29.02;E0_1_700m;5.00;162;162;9.31;29.12
0.00;300.00;1620.00;27.00;E0_0_800m;5.00;135;135;8.33;27.10
0.00;300.00;1920.00;28.99;E0_1_800m;5.00;160;160;9.20;29.10
0.00;300.00;1608.00;27.06;E0_0_900m;5.00;134;134;8.25;27.17
0.00;300.00;1896.00;28.93;E0_1_900m;5.00;158;158;9.10;29.03
0.00;300.00;1596.00;27.06;E0_0_1000m;5.00;133;133;8.19;27.16
0.00;300.00;1872.00;28.83;E0_1_1000m;5.00;156;156;9.02;28.92
0.00;300.00;1548.00;26.97;E0_0_1100m;5.00;129;130;8.04;27.04
0.00;300.00;1860.00;28.72;E0_1_1100m;5.00;155;155;9.00;28.79
0.00;300.00;1536.00;26.94;E0_0_1200m;5.00;128;128;7.92;27.01
0.00;300.00;1812.00;28.69;E0_1_1200m;5.00;151;151;8.77;28.76
0.00;300.00;1488.00;26.96;E0_0_1300m;5.00;124;124;7.67;27.03
0.00;300.00;1788.00;28.70;E0_1_1300m;5.00;149;149;8.65;28.77
0.00;300.00;1464.00;27.13;E0_0_1400m;5.00;122;123;7.51;27.19
0.00;300.00;1740.00;28.56;E0_1_1400m;5.00;145;146;8.51;28.65
0.00;300.00;1452.00;27.12;E0_0_1500m;5.00;121;121;7.44;27.18
0.00;300.00;1728.00;28.56;E0_1_1500m;5.00;144;144;8.40;28.62
0.00;300.00;1416.00;27.17;E0_0_1600m;5.00;118;118;7.24;27.22
0.00;300.00;1704.00;28.52;E0_1_1600m;5.00;142;142;8.30;28.56
0.00;300.00;1380.00;27.16;E0_0_1700m;5.00;115;115;7.06;27.20
0.00;300.00;1668.00;28.57;E0_1_1700m;5.00;139;140;8.16;28.61
0.00;300.00;1380.00;27.12;E0_0_1800m;5.00;115;115;7.07;27.18
0.00;300.00;1620.00;28.65;E0_1_1800m;5.00;135;135;7.85;28.70
0.00;300.00;1356.00;27.04;E0_0_1900m;5.00;113;113;6.97;27.09
0.00;300.00;1584.00;28.69;E0_1_1900m;5.00;132;132;7.67;28.74
0.00;300.00;1308.00;27.08;E0_0_2000m;5.00;109;109;6.71;27.13
0.00;300.00;1584.00;28.68;E0_1_2000m;5.00;132;132;7.67;28.74
0.00;300.00;1296.00;27.06;E0_0_2100m;5.00;108;108;6.65;27.11
0.00;300.00;1560.00;28.68;E0_1_2100m;5.00;130;130;7.55;28.73
0.00;300.00;1296.00;27.01;E0_0_2200m;5.00;108;108;6.66;27.06
0.00;300.00;1548.00;28.66;E0_1_2200m;5.00;129;129;7.50;28.73
0.00;300.00;1296.00;26.97;E0_0_2300m;5.00;108;108;6.67;27.03
0.00;300.00;1512.00;28.64;E0_1_2300m;5.00;126;126;7.33;28.72
0.00;300.00;1260.00;26.90;E0_0_2400m;5.00;105;105;6.50;26.97
0.00;300.00;1488.00;28.63;E0_1_2400m;5.00;124;125;7.26;28.71
0.00;300.00;1272.00;26.82;E0_0_2500m;5.00;106;106;6.59;26.89
0.00;300.00;1476.00;28.68;E0_1_2500m;5.00;123;123;7.15;28.76
0.00;300.00;1260.00;26.81;E0_0_2600m;5.00;105;105;6.53;26.88
0.00;300.00;1488.00;28.64;E0_1_2600m;5.00;124;124;7.22;28.72
0.00;300.00;1260.00;26.85;E0_0_2700m;5.00;105;105;6.52;26.91
0.00;300.00;1452.00;28.65;E0_1_2700m;5.00;121;121;7.04;28.73
0.00;300.00;1224.00;26.83;E0_0_2800m;5.00;102;102;6.34;26.89
0.00;300.00;1428.00;28.65;E0_1_2800m;5.00;119;119;6.92;28.73
0.00;300.00;1212.00;26.80;E0_0_2900m;5.00;101;101;6.28;26.85
0.00;300.00;1392.00;28.60;E0_1_2900m;5.00;116;116;6.76;28.67
0.00;300.00;1176.00;26.74;E0_0_3000m;5.00;98;98;6.11;26.80
0.00;300.00;1356.00;28.57;E0_1_3000m;5.00;113;114;6.63;28.63
0.00;300.00;1152.00;26.75;E0_0_3100m;5.00;96;96;5.98;26.80
0.00;300.00;1320.00;28.58;E0_1_3100m;5.00;110;110;6.41;28.64
0.00;300.00;1116.00;26.75;E0_0_3200m;5.00;93;93;5.79;26.80
0.00;300.00;1284.00;28.58;E0_1_3200m;5.00;107;107;6.24;28.64
0.00;300.00;1104.00;26.85;E0_0_3300m;5.00;92;92;5.71;26.90
0.00;300.00;1248.00;28.57;E0_1_3300m;5.00;104;104;6.07;28.63
0.00;300.00;1080.00;26.86;E0_0_3400m;5.00;90;90;5.58;26.91
0.00;300.00;1236.00;28.71;E0_1_3400m;5.00;103;103;5.98;28.78
0.00;300.00;1044.00;26.91;E0_0_3500m;5.00;87;87;5.39;26.97
0.00;300.00;1212.00;28.90;E0_1_3500m;5.00;101;102;5.86;28.99
0.00;300.00;1032.00;26.88;E0_0_3600m;5.00;86;86;5.33;26.95
0.00;300.00;1164.00;29.13;E0_1_3600m;5.00;97;97;5.55;29.25
0.00;300.00;1020.00;26.88;E0_0_3700m;5.00;85;85;5.27;26.94
0.00;300.00;1128.00;29.28;E0_1_3700m;5.00;94;94;5.35;29.40
0.00;300.00;972.00;26.85;E0_0_3800m;5.00;81;81;5.03;26.91
0.00;300.00;1116.00;29.39;E0_1_3800m;5.00;93;93;5.27;29.52
0.00;300.00;936.00;26.78;E0_0_3900m;5.00;78;79;4.87;26.84
0.00;300.00;1080.00;29.55;E0_1_3900m;5.00;90;90;5.08;29.66
0.00;300.00;912.00;26.77;E0_0_4000m;5.00;76;76;4.73;26.84
0.00;300.00;1068.00;29.54;E0_1_4000m;5.00;89;89;5.02;29.65
0.00;300.00;888.00;26.93;E0_0_4100m;5.00;74;75;4.64;27.00
0.00;300.00;1044.00;29.63;E0_1_4100m;5.00;87;87;4.89;29.75
0.00;300.00;864.00;27.11;E0_0_4200m;5.00;72;72;4.43;27.18
0.00;300.00;1020.00;29.70;E0_1_4200m;5.00;85;85;4.77;29.84
0.00;300.00;852.00;27.11;E0_0_4300m;5.00;71;71;4.36;27.18
0.00;300.00;1008.00;29.65;E0_1_4300m;5.00;84;84;4.72;29.79
0.00;300.00;840.00;27.14;E0_0_4400m;5.00;70;70;4.30;27.21
0.00;300.00;1020.00;29.53;E0_1_4400m;5.00;85;85;4.80;29.68
0.00;300.00;816.00;27.15;E0_0_4500m;5.00;68;68;4.17;27.21
0.00;300.00;1008.00;29.59;E0_1_4500m;5.00;84;84;4.73;29.73
0.00;300.00;792.00;27.26;E0_0_4600m;5.00;66;66;4.03;27.32
0.00;300.00;960.00;29.54;E0_1_4600m;5.00;80;80;4.51;29.69
0.00;300.00;756.00;27.42;E0_0_4700m;5.00;63;63;3.83;27.46
0.00;300.00;936.00;29.52;E0_1_4700m;5.00;78;78;4.40;29.67
0.00;300.00;720.00;27.56;E0_0_4800m;5.00;60;60;3.63;27.61
0.00;300.00;900.00;29.45;E0_1_4800m;5.00;75;75;4.25;29.61
0.00;300.00;732.00;27.38;E0_0_4900m;5.00;61;61;3.71;27.45
0.00;300.00;852.00;29.40;E0_1_4900m;5.00;71;71;4.02;29.58
0.00;300.00;732.00;27.23;E0_0_5000m;5.00;61;61;3.73;27.31
0.00;300.00;852.00;29.28;E0_1_5000m;5.00;71;71;4.04;29.45
300.00;600.00;0.00;-1.00;E0_0_0m;-1.00;0;0;0.00;-1.00
300.00;600.00;0.00;-1.00;E0_1_0m;-1.00;0;0;0.00;-1.00
300.00;600.00;1824.00;25.92;E0_0_100m;5.00;152;152;9.77;26.06
300.00;600.00;2220.00;27.36;E0_1_100m;5.00;185;185;11.27;27.50
300.00;600.00;1884.00;25.95;E0_0_200m;5.00;157;157;10.08;26.09
300.00;600.00;2196.00;27.38;E0_1_200m;5.00;183;183;11.14;27.54
300.00;600.00;1896.00;25.83;E0_0_300m;5.00;158;158;10.20;25.94
300.00;600.00;2220.00;27.13;E0_1_300m;5.00;185;184;11.32;27.30
300.00;600.00;1884.00;25.73;E0_0_400m;5.00;157;157;10.17;25.83
300.00;600.00;2196.00;27.00;E0_1_400m;5.00;183;183;11.30;27.17
300.00;600.00;1860.00;25.63;E0_0_500m;5.00;155;155;10.08;25.73
300.00;600.00;2208.00;26.99;E0_1_500m;5.00;184;184;11.36;27.18
300.00;600.00;1884.00;25.54;E0_0_600m;5.00;157;157;10.25;25.65
300.00;600.00;2220.00;26.86;E0_1_600m;5.00;185;185;11.48;27.03
300.00;600.00;1896.00;25.45;E0_0_700m;5.00;158;158;10.35;25.56
300.00;600.00;2256.00;26.77;E0_1_700m;5.00;188;188;11.70;26.95
300.00;600.00;1920.00;25.43;E0_0_800m;5.00;160;161;10.53;25.55
300.00;600.00;2244.00;26.67;E0_1_800m;5.00;187;187;11.69;26.86
300.00;600.00;1908.00;25.37;E0_0_900m;5.00;159;159;10.45;25.49
300.00;600.00;2244.00;26.52;E0_1_900m;5.00;187;187;11.75;26.72
300.00;600.00;1848.00;25.18;E0_0_1000m;5.00;154;154;10.19;25.30
300.00;600.00;2280.00;26.36;E0_1_1000m;5.00;190;190;12.01;26.55
300.00;600.00;1848.00;24.99;E0_0_1100m;5.00;154;153;10.21;25.09
300.00;600.00;2280.00;26.14;E0_1_1100m;5.00;190;191;12.12;26.32
300.00;600.00;1848.00;24.86;E0_0_1200m;5.00;154;154;10.32;24.95
300.00;600.00;2316.00;25.89;E0_1_1200m;5.00;193;193;12.43;26.05
300.00;600.00;1848.00;24.79;E0_0_1300m;5.00;154;154;10.35;24.88
300.00;600.00;2316.00;25.75;E0_1_1300m;5.00;193;193;12.49;25.92
300.00;600.00;1848.00;24.74;E0_0_1400m;5.00;154;154;10.37;24.83
300.00;600.00;2328.00;25.68;E0_1_1400m;5.00;194;193;12.55;25.85
300.00;600.00;1836.00;24.73;E0_0_1500m;5.00;153;153;10.31;24.82
300.00;600.00;2304.00;25.79;E0_1_1500m;5.00;192;192;12.41;25.98
300.00;600.00;1824.00;24.68;E0_0_1600m;5.00;152;152;10.26;24.78
300.00;600.00;2304.00;25.66;E0_1_1600m;5.00;192;192;12.47;25.86
300.00;600.00;1836.00;24.68;E0_0_1700m;5.00;153;153;10.33;24.78
300.00;600.00;2316.00;25.63;E0_1_1700m;5.00;193;193;12.52;25.82
300.00;600.00;1848.00;24.60;E0_0_1800m;5.00;154;154;10.43;24.70
300.00;600.00;2316.00;25.64;E0_1_1800m;5.00;193;193;12.55;25.82
300.00;600.00;1836.00;24.53;E0_0_1900m;5.00;153;153;10.40;24.64
300.00;600.00;2316.00;25.41;E0_1_1900m;5.00;193;194;12.71;25.58
300.00;600.00;1824.00;24.43;E0_0_2000m;5.00;152;153;10.41;24.55
300.00;600.00;2316.00;25.30;E0_1_2000m;5.00;193;193;12.71;25.48
300.00;600.00;1824.00;24.46;E0_0_2100m;5.00;152;152;10.36;24.57
300.00;600.00;2304.00;25.25;E0_1_2100m;5.00;192;192;12.67;25.44
300.00;600.00;1824.00;24.47;E0_0_2200m;5.00;152;152;10.35;24.58
300.00;600.00;2268.00;25.18;E0_1_2200m;5.00;189;189;12.51;25.39
300.00;600.00;1812.00;24.46;E0_0_2300m;5.00;151;151;10.29;24.57
300.00;600.00;2268.00;25.20;E0_1_2300m;5.00;189;189;12.50;25.41
300.00;600.00;1800.00;24.50;E0_0_2400m;5.00;150;150;10.21;24.61
300.00;600.00;2268.00;25.30;E0_1_2400m;5.00;189;188;12.41;25.54
300.00;600.00;1776.00;24.48;E0_0_2500m;5.00;148;148;10.08;24.59
300.00;600.00;2220.00;25.29;E0_1_2500m;5.00;185;185;12.19;25.51
300.00;600.00;1752.00;24.46;E0_0_2600m;5.00;146;146;9.95;24.55
300.00;600.00;2184.00;25.29;E0_1_2600m;5.00;182;182;11.99;25.50
300.00;600.00;1704.00;24.49;E0_0_2700m;5.00;142;142;9.66;24.58
300.00;600.00;2196.00;25.38;E0_1_2700m;5.00;183;183;12.02;25.57
300.00;600.00;1704.00;24.55;E0_0_2800m;5.00;142;142;9.64;24.63
300.00;600.00;2196.00;25.44;E0_1_2800m;5.00;183;184;12.01;25.62
300.00;600.00;1680.00;24.51;E0_0_2900m;5.00;140;140;9.52;24.59
300.00;600.00;2208.00;25.47;E0_1_2900m;5.00;184;184;12.04;25.64
300.00;600.00;1740.00;24.44;E0_0_3000m;5.00;145;145;9.89;24.53
300.00;600.00;2172.00;25.51;E0_1_3000m;5.00;181;180;11.79;25.71
300.00;600.00;1764.00;24.31;E0_0_3100m;5.00;147;147;10.08;24.40
300.00;600.00;2148.00;25.36;E0_1_3100m;5.00;179;179;11.77;25.56
300.00;600.00;1776.00;24.24;E0_0_3200m;5.00;148;148;10.17;24.34
300.00;600.00;2148.00;25.22;E0_1_3200m;5.00;179;180;11.87;25.44
300.00;600.00;1740.00;24.24;E0_0_3300m;5.00;145;146;10.01;24.35
300.00;600.00;2148.00;25.15;E0_1_3300m;5.00;179;180;11.93;25.38
300.00;600.00;1764.00;24.31;E0_0_3400m;5.00;147;147;10.08;24.43
300.00;600.00;2112.00;25.11;E0_1_3400m;5.00;176;177;11.70;25.35
300.00;600.00;1764.00;24.39;E0_0_3500m;5.00;147;147;10.04;24.52
300.00;600.00;2112.00;25.14;E0_1_3500m;5.00;176;177;11.72;25.39
300.00;600.00;1752.00;24.45;E0_0_3600m;5.00;146;146;9.95;24.58
300.00;600.00;2112.00;25.22;E0_1_3600m;5.00;176;177;11.63;25.48
300.00;600.00;1764.00;24.55;E0_0_3700m;5.00;147;147;9.98;24.68
300.00;600.00;2124.00;25.33;E0_1_3700m;5.00;177;177;11.65;25.58
300.00;600.00;1752.00;24.55;E0_0_3800m;5.00;146;146;9.91;24.68
300.00;600.00;2160.00;25.39;E0_1_3800m;5.00;180;181;11.84;25.64
300.00;600.00;1776.00;24.51;E0_0_3900m;5.00;148;147;10.05;24.65
300.00;600.00;2148.00;25.36;E0_1_3900m;5.00;179;180;11.79;25.61
300.00;600.00;1776.00;24.48;E0_0_4000m;5.00;148;148;10.08;24.62
300.00;600.00;2136.00;25.36;E0_1_4000m;5.00;178;178;11.70;25.63
300.00;600.00;1776.00;24.49;E0_0_4100m;5.00;148;147;10.01;24.64
300.00;600.00;2112.00;25.40;E0_1_4100m;5.00;176;176;11.55;25.69
300.00;600.00;1764.00;24.47;E0_0_4200m;5.00;147;148;10.02;24.62
300.00;600.00;2100.00;25.47;E0_1_4200m;5.00;175;175;11.45;25.77
300.00;600.00;1728.00;24.54;E0_0_4300m;5.00;144;144;9.78;24.70
300.00;600.00;2088.00;25.54;E0_1_4300m;5.00;174;174;11.35;25.85
300.00;600.00;1680.00;24.59;E0_0_4400m;5.00;140;140;9.49;24.74
300.00;600.00;2064.00;25.62;E0_1_4400m;5.00;172;172;11.19;25.93
300.00;600.00;1680.00;24.64;E0_0_4500m;5.00;140;141;9.48;24.80
300.00;600.00;2040.00;25.69;E0_1_4500m;5.00;170;170;11.03;25.99
300.00;600.00;1704.00;24.69;E0_0_4600m;5.00;142;142;9.58;24.85
300.00;600.00;2028.00;25.80;E0_1_4600m;5.00;169;169;10.92;26.10
300.00;600.00;1704.00;24.73;E0_0_4700m;5.00;142;142;9.57;24.88
300.00;600.00;2016.00;25.88;E0_1_4700m;5.00;168;168;10.82;26.18
300.00;600.00;1704.00;24.76;E0_0_4800m;5.00;142;142;9.56;24.90
300.00;600.00;2016.00;26.05;E0_1_4800m;5.00;168;168;10.75;26.34
300.00;600.00;1656.00;24.85;E0_0_4900m;5.00;138;139;9.32;24.99
300.00;600.00;2016.00;26.21;E0_1_4900m;5.00;168;168;10.68;26.51
300.00;600.00;1632.00;24.90;E0_0_5000m;5.00;136;136;9.10;25.05
300.00;600.00;1980.00;26.37;E0_1_5000m;5.00;165;165;10.43;26.69
600.00;900.00;0.00;-1.00;E0_0_0m;-1.00;0;0;0.00;-1.00
600.00;900.00;0.00;-1.00;E0_1_0m;-1.00;0;0;0.00;-1.00
600.00;900.00;1908.00;25.99;E0_0_100m;5.00;159;159;10.19;26.10
600.00;900.00;2268.00;28.22;E0_1_100m;5.00;189;189;11.16;28.31
600.00;900.00;1968.00;25.80;E0_0_200m;5.00;164;164;10.60;25.91
600.00;900.00;2172.00;28.50;E0_1_200m;5.00;181;181;10.58;28.61
600.00;900.00;1920.00;25.75;E0_0_300m;5.00;160;160;10.36;25.88
600.00;900.00;2172.00;28.52;E0_1_300m;5.00;181;181;10.58;28.64
600.00;900.00;1932.00;25.85;E0_0_400m;5.00;161;161;10.38;26.00
600.00;900.00;2136.00;28.47;E0_1_400m;5.00;178;178;10.42;28.58
600.00;900.00;1896.00;25.78;E0_0_500m;5.00;158;158;10.22;25.92
600.00;900.00;2148.00;28.30;E0_1_500m;5.00;179;179;10.54;28.42
600.00;900.00;1884.00;25.66;E0_0_600m;5.00;157;157;10.20;25.79
600.00;900.00;2124.00;28.11;E0_1_600m;5.00;177;177;10.50;28.21
600.00;900.00;1824.00;25.74;E0_0_700m;5.00;152;152;9.84;25.87
600.00;900.00;2148.00;27.93;E0_1_700m;5.00;179;179;10.68;28.03
600.00;900.00;1824.00;25.77;E0_0_800m;5.00;152;151;9.78;25.89
600.00;900.00;2148.00;27.80;E0_1_800m;5.00;179;179;10.73;27.90
600.00;900.00;1800.00;25.65;E0_0_900m;5.00;150;150;9.75;25.76
600.00;900.00;2148.00;27.74;E0_1_900m;5.00;179;179;10.75;27.84
600.00;900.00;1812.00;25.65;E0_0_1000m;5.00;151;151;9.81;25.77
600.00;900.00;2136.00;27.79;E0_1_1000m;5.00;178;178;10.67;27.89
600.00;900.00;1764.00;25.74;E0_0_1100m;5.00;147;147;9.52;25.86
600.00;900.00;2172.00;27.70;E0_1_1100m;5.00;181;180;10.89;27.80
600.00;900.00;1716.00;25.82;E0_0_1200m;5.00;143;143;9.23;25.93
600.00;900.00;2172.00;27.73;E0_1_1200m;5.00;181;181;10.88;27.82
600.00;900.00;1728.00;25.80;E0_0_1300m;5.00;144;144;9.30;25.92
600.00;900.00;2184.00;27.70;E0_1_1300m;5.00;182;182;10.95;27.78
600.00;900.00;1752.00;25.82;E0_0_1400m;5.00;146;146;9.42;25.93
600.00;900.00;2160.00;27.73;E0_1_1400m;5.00;180;181;10.85;27.81
600.00;900.00;1728.00;25.82;E0_0_1500m;5.00;144;144;9.29;25.92
600.00;900.00;2172.00;27.72;E0_1_1500m;5.00;181;181;10.88;27.79
600.00;900.00;1728.00;25.85;E0_0_1600m;5.00;144;144;9.28;25.96
600.00;900.00;2184.00;27.73;E0_1_1600m;5.00;182;182;10.94;27.80
600.00;900.00;1740.00;25.83;E0_0_1700m;5.00;145;145;9.36;25.93
600.00;900.00;2172.00;27.70;E0_1_1700m;5.00;181;181;10.89;27.76
600.00;900.00;1764.00;25.74;E0_0_1800m;5.00;147;147;9.52;25.83
600.00;900.00;2148.00;27.63;E0_1_1800m;5.00;179;180;10.83;27.69
600.00;900.00;1776.00;25.72;E0_0_1900m;5.00;148;148;9.59;25.81
600.00;900.00;2148.00;27.62;E0_1_1900m;5.00;179;179;10.78;27.70
600.00;900.00;1776.00;25.77;E0_0_2000m;5.00;148;147;9.53;25.86
600.00;900.00;2148.00;27.69;E0_1_2000m;5.00;179;179;10.77;27.76
600.00;900.00;1764.00;25.79;E0_0_2100m;5.00;147;148;9.50;25.88
600.00;900.00;2148.00;27.80;E0_1_2100m;5.00;179;179;10.73;27.87
600.00;900.00;1764.00;25.80;E0_0_2200m;5.00;147;147;9.50;25.89
600.00;900.00;2136.00;27.95;E0_1_2200m;5.00;178;179;10.61;28.02
600.00;900.00;1776.00;25.75;E0_0_2300m;5.00;148;148;9.58;25.84
600.00;900.00;2124.00;28.06;E0_1_2300m;5.00;177;177;10.51;28.14
600.00;900.00;1776.00;25.77;E0_0_2400m;5.00;148;149;9.63;25.86
600.00;900.00;2124.00;28.03;E0_1_2400m;5.00;177;177;10.53;28.14
600.00;900.00;1764.00;25.71;E0_0_2500m;5.00;147;147;9.53;25.79
600.00;900.00;2136.00;27.86;E0_1_2500m;5.00;178;179;10.68;27.96
600.00;900.00;1728.00;25.67;E0_0_2600m;5.00;144;145;9.36;25.76
600.00;900.00;2160.00;27.68;E0_1_2600m;5.00;180;180;10.84;27.77
600.00;900.00;1752.00;25.66;E0_0_2700m;5.00;146;146;9.48;25.75
600.00;900.00;2160.00;27.55;E0_1_2700m;5.00;180;180;10.89;27.65
600.00;900.00;1752.00;25.63;E0_0_2800m;5.00;146;147;9.51;25.71
600.00;900.00;2172.00;27.50;E0_1_2800m;5.00;181;180;10.95;27.61
600.00;900.00;1728.00;25.60;E0_0_2900m;5.00;144;144;9.38;25.68
600.00;900.00;2184.00;27.56;E0_1_2900m;5.00;182;182;11.01;27.66
600.00;900.00;1752.00;25.55;E0_0_3000m;5.00;146;146;9.53;25.62
600.00;900.00;2196.00;27.58;E0_1_3000m;5.00;183;183;11.06;27.69
600.00;900.00;1788.00;25.53;E0_0_3100m;5.00;149;149;9.73;25.61
600.00;900.00;2208.00;27.60;E0_1_3100m;5.00;184;184;11.11;27.72
600.00;900.00;1836.00;25.48;E0_0_3200m;5.00;153;153;10.01;25.56
600.00;900.00;2220.00;27.53;E0_1_3200m;5.00;185;185;11.19;27.64
600.00;900.00;1872.00;25.40;E0_0_3300m;5.00;156;155;10.20;25.48
600.00;900.00;2256.00;27.41;E0_1_3300m;5.00;188;187;11.36;27.52
600.00;900.00;1884.00;25.35;E0_0_3400m;5.00;157;157;10.32;25.43
600.00;900.00;2292.00;27.21;E0_1_3400m;5.00;191;190;11.68;27.32
600.00;900.00;1884.00;25.33;E0_0_3500m;5.00;157;157;10.33;25.40
600.00;900.00;2304.00;27.01;E0_1_3500m;5.00;192;191;11.80;27.12
600.00;900.00;1884.00;25.31;E0_0_3600m;5.00;157;157;10.34;25.39
600.00;900.00;2304.00;26.84;E0_1_3600m;5.00;192;191;11.92;26.96
600.00;900.00;1848.00;25.38;E0_0_3700m;5.00;154;155;10.17;25.46
600.00;900.00;2292.00;26.80;E0_1_3700m;5.00;191;191;11.88;26.94
600.00;900.00;1824.00;25.38;E0_0_3800m;5.00;152;152;9.98;25.46
600.00;900.00;2280.00;26.66;E0_1_3800m;5.00;190;190;11.90;26.79
600.00;900.00;1824.00;25.41;E0_0_3900m;5.00;152;152;9.97;25.49
600.00;900.00;2292.00;26.55;E0_1_3900m;5.00;191;190;11.97;26.70
600.00;900.00;1800.00;25.37;E0_0_4000m;5.00;150;150;9.85;25.45
600.00;900.00;2316.00;26.52;E0_1_4000m;5.00;193;193;12.13;26.69
600.00;900.00;1860.00;25.32;E0_0_4100m;5.00;155;155;10.20;25.40
600.00;900.00;2292.00;26.50;E0_1_4100m;5.00;191;191;12.01;26.70
600.00;900.00;1860.00;25.23;E0_0_4200m;5.00;155;154;10.23;25.31
600.00;900.00;2292.00;26.47;E0_1_4200m;5.00;191;191;12.03;26.68
600.00;900.00;1860.00;25.11;E0_0_4300m;5.00;155;155;10.29;25.19
600.00;900.00;2292.00;26.44;E0_1_4300m;5.00;191;191;12.04;26.66
600.00;900.00;1884.00;25.00;E0_0_4400m;5.00;157;157;10.47;25.09
600.00;900.00;2280.00;26.43;E0_1_4400m;5.00;190;190;11.98;26.67
600.00;900.00;1896.00;24.95;E0_0_4500m;5.00;158;157;10.54;25.03
600.00;900.00;2292.00;26.40;E0_1_4500m;5.00;191;191;12.06;26.65
600.00;900.00;1896.00;24.87;E0_0_4600m;5.00;158;159;10.65;24.94
600.00;900.00;2352.00;26.29;E0_1_4600m;5.00;196;196;12.42;26.57
600.00;900.00;1908.00;24.78;E0_0_4700m;5.00;159;159;10.70;24.85
600.00;900.00;2352.00;26.10;E0_1_4700m;5.00;196;196;12.52;26.35
600.00;900.00;1932.00;24.77;E0_0_4800m;5.00;161;161;10.83;24.84
600.00;900.00;2400.00;25.95;E0_1_4800m;5.00;200;200;12.84;26.19
600.00;900.00;1968.00;24.79;E0_0_4900m;5.00;164;163;10.97;24.86
600.00;900.00;2448.00;25.90;E0_1_4900m;5.00;204;204;13.13;26.14
600.00;900.00;1992.00;24.85;E0_0_5000m;5.00;166;166;11.13;24.92
600.00;900.00;2484.00;25.88;E0_1_5000m;5.00;207;207;13.33;26.11
900.00;1200.00;0.00;-1.00;E0_0_0m;-1.00;0;0;0.00;-1.00
900.00;1200.00;0.00;-1.00;E0_1_0m;-1.00;0;0;0.00;-1.00
900.00;1200.00;1728.00;26.81;E0_0_100m;5.00;144;144;8.95;26.94
900.00;1200.00;1992.00;28.01;E0_1_100m;5.00;166;166;9.88;28.13
900.00;1200.00;1740.00;26.90;E0_0_200m;5.00;145;145;8.98;27.03
900.00;1200.00;1992.00;28.25;E0_1_200m;5.00;166;167;9.80;28.42
900.00;1200.00;1740.00;26.79;E0_0_300m;5.00;145;145;9.02;26.91
900.00;1200.00;2016.00;28.27;E0_1_300m;5.00;168;168;9.90;28.47
900.00;1200.00;1728.00;26.48;E0_0_400m;5.00;144;144;9.06;26.61
900.00;1200.00;2064.00;28.14;E0_1_400m;5.00;172;173;10.21;28.35
900.00;1200.00;1716.00;26.45;E0_0_500m;5.00;143;144;9.04;26.56
900.00;1200.00;2112.00;27.82;E0_1_500m;5.00;176;176;10.54;28.02
900.00;1200.00;1728.00;26.36;E0_0_600m;5.00;144;144;9.10;26.46
900.00;1200.00;2136.00;27.56;E0_1_600m;5.00;178;178;10.76;27.74
900.00;1200.00;1728.00;26.13;E0_0_700m;5.00;144;144;9.19;26.22
900.00;1200.00;2136.00;27.36;E0_1_700m;5.00;178;178;10.84;27.51
900.00;1200.00;1752.00;25.99;E0_0_800m;5.00;146;146;9.36;26.07
900.00;1200.00;2160.00;27.23;E0_1_800m;5.00;180;181;11.05;27.38
900.00;1200.00;1764.00;25.82;E0_0_900m;5.00;147;147;9.49;25.90
900.00;1200.00;2172.00;27.16;E0_1_900m;5.00;181;181;11.11;27.30
900.00;1200.00;1776.00;25.64;E0_0_1000m;5.00;148;148;9.62;25.73
900.00;1200.00;2184.00;27.05;E0_1_1000m;5.00;182;182;11.21;27.19
900.00;1200.00;1788.00;25.44;E0_0_1100m;5.00;149;149;9.76;25.53
900.00;1200.00;2244.00;26.92;E0_1_1100m;5.00;187;187;11.58;27.03
900.00;1200.00;1800.00;25.41;E0_0_1200m;5.00;150;151;9.86;25.49
900.00;1200.00;2244.00;26.82;E0_1_1200m;5.00;187;188;11.66;26.92
900.00;1200.00;1800.00;25.50;E0_0_1300m;5.00;150;150;9.80;25.58
900.00;1200.00;2256.00;26.85;E0_1_1300m;5.00;188;188;11.67;26.94
900.00;1200.00;1788.00;25.64;E0_0_1400m;5.00;149;149;9.69;25.71
900.00;1200.00;2256.00;26.96;E0_1_1400m;5.00;188;188;11.62;27.04
900.00;1200.00;1788.00;25.58;E0_0_1500m;5.00;149;149;9.71;25.66
900.00;1200.00;2256.00;27.06;E0_1_1500m;5.00;188;188;11.58;27.14
900.00;1200.00;1812.00;25.46;E0_0_1600m;5.00;151;151;9.89;25.55
900.00;1200.00;2220.00;27.23;E0_1_1600m;5.00;185;186;11.33;27.32
900.00;1200.00;1824.00;25.32;E0_0_1700m;5.00;152;152;10.01;25.41
900.00;1200.00;2208.00;27.19;E0_1_1700m;5.00;184;184;11.28;27.29
900.00;1200.00;1812.00;25.15;E0_0_1800m;5.00;151;151;10.01;25.24
900.00;1200.00;2184.00;27.14;E0_1_1800m;5.00;182;182;11.17;27.26
900.00;1200.00;1788.00;24.94;E0_0_1900m;5.00;149;149;9.96;25.04
900.00;1200.00;2208.00;27.06;E0_1_1900m;5.00;184;184;11.33;27.17
900.00;1200.00;1788.00;24.82;E0_0_2000m;5.00;149;149;10.00;24.94
900.00;1200.00;2208.00;26.95;E0_1_2000m;5.00;184;184;11.38;27.05
900.00;1200.00;1812.00;24.95;E0_0_2100m;5.00;151;150;10.08;25.05
900.00;1200.00;2244.00;26.82;E0_1_2100m;5.00;187;187;11.62;26.92
900.00;1200.00;1800.00;24.96;E0_0_2200m;5.00;150;150;10.02;25.05
900.00;1200.00;2280.00;26.68;E0_1_2200m;5.00;190;189;11.87;26.78
900.00;1200.00;1812.00;24.89;E0_0_2300m;5.00;151;151;10.11;24.99
900.00;1200.00;2256.00;26.64;E0_1_2300m;5.00;188;188;11.76;26.73
900.00;1200.00;1824.00;24.77;E0_0_2400m;5.00;152;152;10.23;24.87
900.00;1200.00;2256.00;26.62;E0_1_2400m;5.00;188;188;11.77;26.70
900.00;1200.00;1812.00;24.69;E0_0_2500m;5.00;151;152;10.25;24.77
900.00;1200.00;2292.00;26.66;E0_1_2500m;5.00;191;190;11.91;26.78
900.00;1200.00;1872.00;24.60;E0_0_2600m;5.00;156;155;10.55;24.67
900.00;1200.00;2304.00;26.64;E0_1_2600m;5.00;192;192;12.01;26.72
900.00;1200.00;1860.00;24.60;E0_0_2700m;5.00;155;155;10.50;24.68
900.00;1200.00;2316.00;26.55;E0_1_2700m;5.00;193;193;12.12;26.62
900.00;1200.00;1848.00;24.63;E0_0_2800m;5.00;154;154;10.42;24.70
900.00;1200.00;2304.00;26.38;E0_1_2800m;5.00;192;192;12.13;26.44
900.00;1200.00;1860.00;24.58;E0_0_2900m;5.00;155;155;10.51;24.65
900.00;1200.00;2316.00;26.22;E0_1_2900m;5.00;193;193;12.27;26.27
900.00;1200.00;1812.00;24.50;E0_0_3000m;5.00;151;152;10.33;24.57
900.00;1200.00;2304.00;26.13;E0_1_3000m;5.00;192;192;12.25;26.17
900.00;1200.00;1812.00;24.67;E0_0_3100m;5.00;151;152;10.24;24.74
900.00;1200.00;2256.00;26.16;E0_1_3100m;5.00;188;188;11.98;26.21
900.00;1200.00;1788.00;24.77;E0_0_3200m;5.00;149;149;10.03;24.83
900.00;1200.00;2232.00;26.32;E0_1_3200m;5.00;186;186;11.78;26.39
900.00;1200.00;1824.00;24.76;E0_0_3300m;5.00;152;152;10.23;24.83
900.00;1200.00;2184.00;26.49;E0_1_3300m;5.00;182;182;11.45;26.59
900.00;1200.00;1836.00;24.89;E0_0_3400m;5.00;153;153;10.25;24.96
900.00;1200.00;2160.00;26.50;E0_1_3400m;5.00;180;180;11.32;26.61
900.00;1200.00;1848.00;25.07;E0_0_3500m;5.00;154;154;10.24;25.15
900.00;1200.00;2172.00;26.52;E0_1_3500m;5.00;181;181;11.38;26.65
900.00;1200.00;1860.00;24.96;E0_0_3600m;5.00;155;155;10.35;25.02
900.00;1200.00;2172.00;26.41;E0_1_3600m;5.00;181;181;11.42;26.53
900.00;1200.00;1860.00;24.87;E0_0_3700m;5.00;155;155;10.39;24.93
900.00;1200.00;2172.00;26.29;E0_1_3700m;5.00;181;181;11.48;26.39
900.00;1200.00;1836.00;24.70;E0_0_3800m;5.00;153;153;10.32;24.77
900.00;1200.00;2196.00;26.17;E0_1_3800m;5.00;183;183;11.67;26.26
900.00;1200.00;1860.00;24.49;E0_0_3900m;5.00;155;155;10.55;24.56
900.00;1200.00;2184.00;26.11;E0_1_3900m;5.00;182;182;11.62;26.20
900.00;1200.00;1836.00;24.44;E0_0_4000m;5.00;153;153;10.44;24.50
900.00;1200.00;2196.00;26.01;E0_1_4000m;5.00;183;183;11.73;26.09
900.00;1200.00;1812.00;24.48;E0_0_4100m;5.00;151;151;10.28;24.55
900.00;1200.00;2208.00;25.93;E0_1_4100m;5.00;184;184;11.83;26.01
900.00;1200.00;1812.00;24.56;E0_0_4200m;5.00;151;152;10.28;24.62
900.00;1200.00;2220.00;25.91;E0_1_4200m;5.00;185;185;11.90;25.99
900.00;1200.00;1836.00;24.56;E0_0_4300m;5.00;153;153;10.38;24.62
900.00;1200.00;2244.00;26.00;E0_1_4300m;5.00;187;187;11.99;26.08
900.00;1200.00;1836.00;24.54;E0_0_4400m;5.00;153;154;10.42;24.59
900.00;1200.00;2244.00;25.94;E0_1_4400m;5.00;187;188;12.04;26.03
900.00;1200.00;1812.00;24.43;E0_0_4500m;5.00;151;151;10.30;24.48
900.00;1200.00;2256.00;25.83;E0_1_4500m;5.00;188;188;12.13;25.90
900.00;1200.00;1776.00;24.36;E0_0_4600m;5.00;148;148;10.12;24.41
900.00;1200.00;2220.00;25.86;E0_1_4600m;5.00;185;185;11.92;25.93
900.00;1200.00;1788.00;24.36;E0_0_4700m;5.00;149;149;10.19;24.40
900.00;1200.00;2232.00;25.86;E0_1_4700m;5.00;186;186;11.99;25.94
900.00;1200.00;1776.00;24.30;E0_0_4800m;5.00;148;148;10.15;24.36
900.00;1200.00;2208.00;25.89;E0_1_4800m;5.00;184;185;11.89;25.96
900.00;1200.00;1776.00;24.15;E0_0_4900m;5.00;148;148;10.21;24.20
900.00;1200.00;2184.00;25.86;E0_1_4900m;5.00;182;182;11.73;25.93
900.00;1200.00;1764.00;24.21;E0_0_5000m;5.00;147;147;10.12;24.25
900.00;1200.00;2172.00;25.80;E0_1_5000m;5.00;181;181;11.69;25.87
1200.00;1500.00;0.00;-1.00;E0_0_0m;-1.00;0;0;0.00;-1.00
1200.00;1500.00;0.00;-1.00;E0_1_0m;-1.00;0;0;0.00;-1.00
1200.00;1500.00;1848.00;27.12;E0_0_100m;5.00;154;156;9.51;27.25
1200.00;1500.00;2136.00;28.19;E0_1_100m;5.00;178;178;10.52;28.31
1200.00;1500.00;1884.00;27.07;E0_0_200m;5.00;157;157;9.67;27.22
1200.00;1500.00;2136.00;28.47;E0_1_200m;5.00;178;177;10.42;28.63
1200.00;1500.00;1860.00;26.97;E0_0_300m;5.00;155;155;9.58;27.12
1200.00;1500.00;2172.00;28.37;E0_1_300m;5.00;181;181;10.63;28.53
1200.00;1500.00;1836.00;26.70;E0_0_400m;5.00;153;153;9.55;26.87
1200.00;1500.00;2196.00;28.21;E0_1_400m;5.00;183;182;10.79;28.36
1200.00;1500.00;1824.00;26.56;E0_0_500m;5.00;152;151;9.51;26.73
1200.00;1500.00;2208.00;28.17;E0_1_500m;5.00;184;184;10.89;28.32
1200.00;1500.00;1800.00;26.47;E0_0_600m;5.00;150;150;9.44;26.65
1200.00;1500.00;2196.00;28.10;E0_1_600m;5.00;183;183;10.85;28.25
1200.00;1500.00;1812.00;26.58;E0_0_700m;5.00;151;151;9.47;26.74
1200.00;1500.00;2196.00;28.11;E0_1_700m;5.00;183;183;10.85;28.27
1200.00;1500.00;1764.00;26.56;E0_0_800m;5.00;147;147;9.23;26.68
1200.00;1500.00;2184.00;28.12;E0_1_800m;5.00;182;181;10.75;28.27
1200.00;1500.00;1788.00;26.46;E0_0_900m;5.00;149;149;9.38;26.61
1200.00;1500.00;2160.00;27.99;E0_1_900m;5.00;180;181;10.77;28.14
1200.00;1500.00;1764.00;26.22;E0_0_1000m;5.00;147;147;9.34;26.29
1200.00;1500.00;2172.00;27.80;E0_1_1000m;5.00;181;181;10.85;27.93
1200.00;1500.00;1704.00;26.20;E0_0_1100m;5.00;142;142;9.03;26.26
1200.00;1500.00;2160.00;27.56;E0_1_1100m;5.00;180;181;10.93;27.68
1200.00;1500.00;1728.00;26.05;E0_0_1200m;5.00;144;143;9.19;26.10
1200.00;1500.00;2160.00;27.46;E0_1_1200m;5.00;180;179;10.89;27.57
1200.00;1500.00;1752.00;25.96;E0_0_1300m;5.00;146;146;9.37;26.01
1200.00;1500.00;2124.00;27.28;E0_1_1300m;5.00;177;177;10.81;27.39
1200.00;1500.00;1752.00;25.94;E0_0_1400m;5.00;146;147;9.39;25.98
1200.00;1500.00;2136.00;27.04;E0_1_1400m;5.00;178;178;10.97;27.15
1200.00;1500.00;1764.00;25.88;E0_0_1500m;5.00;147;147;9.47;25.92
1200.00;1500.00;2160.00;26.90;E0_1_1500m;5.00;180;180;11.15;27.01
1200.00;1500.00;1788.00;25.84;E0_0_1600m;5.00;149;149;9.61;25.89
1200.00;1500.00;2148.00;26.86;E0_1_1600m;5.00;179;178;11.10;26.98
1200.00;1500.00;1800.00;25.81;E0_0_1700m;5.00;150;151;9.75;25.85
1200.00;1500.00;2172.00;26.91;E0_1_1700m;5.00;181;181;11.21;27.06
1200.00;1500.00;1848.00;25.81;E0_0_1800m;5.00;154;154;9.95;25.84
1200.00;1500.00;2196.00;26.78;E0_1_1800m;5.00;183;183;11.39;26.89
1200.00;1500.00;1836.00;25.75;E0_0_1900m;5.00;153;153;9.90;25.78
1200.00;1500.00;2220.00;26.70;E0_1_1900m;5.00;185;185;11.55;26.80
1200.00;1500.00;1836.00;25.68;E0_0_2000m;5.00;153;153;9.93;25.71
1200.00;1500.00;2220.00;26.64;E0_1_2000m;5.00;185;185;11.57;26.74
1200.00;1500.00;1800.00;25.64;E0_0_2100m;5.00;150;150;9.75;25.67
1200.00;1500.00;2184.00;26.56;E0_1_2100m;5.00;182;182;11.42;26.65
1200.00;1500.00;1800.00;25.56;E0_0_2200m;5.00;150;150;9.78;25.61
1200.00;1500.00;2160.00;26.53;E0_1_2200m;5.00;180;180;11.31;26.62
1200.00;1500.00;1776.00;25.63;E0_0_2300m;5.00;148;148;9.63;25.66
1200.00;1500.00;2172.00;26.53;E0_1_2300m;5.00;181;181;11.37;26.62
1200.00;1500.00;1776.00;25.70;E0_0_2400m;5.00;148;148;9.60;25.74
1200.00;1500.00;2184.00;26.53;E0_1_2400m;5.00;182;182;11.43;26.62
1200.00;1500.00;1764.00;25.70;E0_0_2500m;5.00;147;147;9.53;25.74
1200.00;1500.00;2172.00;26.53;E0_1_2500m;5.00;181;181;11.37;26.62
1200.00;1500.00;1740.00;25.67;E0_0_2600m;5.00;145;145;9.41;25.72
1200.00;1500.00;2124.00;26.59;E0_1_2600m;5.00;177;177;11.10;26.69
1200.00;1500.00;1740.00;25.76;E0_0_2700m;5.00;145;146;9.41;25.80
1200.00;1500.00;2112.00;26.65;E0_1_2700m;5.00;176;176;11.01;26.78
1200.00;1500.00;1752.00;25.75;E0_0_2800m;5.00;146;146;9.45;25.80
1200.00;1500.00;2160.00;26.67;E0_1_2800m;5.00;180;180;11.25;26.79
1200.00;1500.00;1764.00;25.81;E0_0_2900m;5.00;147;147;9.49;25.86
1200.00;1500.00;2136.00;26.64;E0_1_2900m;5.00;178;178;11.14;26.77
1200.00;1500.00;1764.00;25.79;E0_0_3000m;5.00;147;146;9.45;25.83
1200.00;1500.00;2148.00;26.57;E0_1_3000m;5.00;179;180;11.25;26.70
1200.00;1500.00;1788.00;25.69;E0_0_3100m;5.00;149;148;9.63;25.73
1200.00;1500.00;2148.00;26.49;E0_1_3100m;5.00;179;179;11.26;26.60
1200.00;1500.00;1776.00;25.68;E0_0_3200m;5.00;148;148;9.61;25.72
1200.00;1500.00;2172.00;26.49;E0_1_3200m;5.00;181;181;11.39;26.59
1200.00;1500.00;1752.00;25.62;E0_0_3300m;5.00;146;147;9.56;25.66
1200.00;1500.00;2160.00;26.54;E0_1_3300m;5.00;180;180;11.31;26.63
1200.00;1500.00;1764.00;25.52;E0_0_3400m;5.00;147;147;9.60;25.58
1200.00;1500.00;2100.00;26.63;E0_1_3400m;5.00;175;176;10.96;26.74
1200.00;1500.00;1764.00;25.65;E0_0_3500m;5.00;147;147;9.55;25.69
1200.00;1500.00;2052.00;26.56;E0_1_3500m;5.00;171;171;10.73;26.66
1200.00;1500.00;1752.00;25.61;E0_0_3600m;5.00;146;146;9.50;25.65
1200.00;1500.00;2064.00;26.45;E0_1_3600m;5.00;172;172;10.84;26.53
1200.00;1500.00;1752.00;25.58;E0_0_3700m;5.00;146;146;9.51;25.61
1200.00;1500.00;2064.00;26.37;E0_1_3700m;5.00;172;172;10.87;26.44
1200.00;1500.00;1776.00;25.49;E0_0_3800m;5.00;148;148;9.68;25.54
1200.00;1500.00;2076.00;26.24;E0_1_3800m;5.00;173;173;10.99;26.31
1200.00;1500.00;1752.00;25.50;E0_0_3900m;5.00;146;146;9.54;25.54
1200.00;1500.00;2112.00;26.13;E0_1_3900m;5.00;176;176;11.23;26.19
1200.00;1500.00;1776.00;25.52;E0_0_4000m;5.00;148;148;9.67;25.56
1200.00;1500.00;2124.00;26.03;E0_1_4000m;5.00;177;177;11.33;26.08
1200.00;1500.00;1776.00;25.59;E0_0_4100m;5.00;148;148;9.64;25.63
1200.00;1500.00;2136.00;25.91;E0_1_4100m;5.00;178;179;11.46;25.95
1200.00;1500.00;1764.00;25.58;E0_0_4200m;5.00;147;147;9.58;25.61
1200.00;1500.00;2160.00;25.85;E0_1_4200m;5.00;180;180;11.61;25.89
1200.00;1500.00;1752.00;25.52;E0_0_4300m;5.00;146;146;9.53;25.55
1200.00;1500.00;2136.00;25.78;E0_1_4300m;5.00;178;179;11.55;25.81
1200.00;1500.00;1740.00;25.46;E0_0_4400m;5.00;145;144;9.47;25.49
1200.00;1500.00;2148.00;25.74;E0_1_4400m;5.00;179;178;11.57;25.77
1200.00;1500.00;1740.00;25.40;E0_0_4500m;5.00;145;145;9.51;25.44
1200.00;1500.00;2136.00;25.69;E0_1_4500m;5.00;178;178;11.55;25.71
1200.00;1500.00;1752.00;25.48;E0_0_4600m;5.00;146;146;9.55;25.51
1200.00;1500.00;2172.00;25.71;E0_1_4600m;5.00;181;181;11.73;25.73
1200.00;1500.00;1752.00;25.48;E0_0_4700m;5.00;146;146;9.55;25.51
1200.00;1500.00;2148.00;25.76;E0_1_4700m;5.00;179;179;11.58;25.79
1200.00;1500.00;1740.00;25.46;E0_0_4800m;5.00;145;145;9.49;25.49
1200.00;1500.00;2136.00;25.81;E0_1_4800m;5.00;178;179;11.54;25.85
1200.00;1500.00;1716.00;25.46;E0_0_4900m;5.00;143;143;9.36;25.49
1200.00;1500.00;2112.00;25.93;E0_1_4900m;5.00;176;177;11.36;26.00
1200.00;1500.00;1680.00;25.47;E0_0_5000m;5.00;140;140;9.16;25.50
1200.00;1500.00;2100.00;26.00;E0_1_5000m;5.00;175;176;11.28;26.08
1500.00;1800.00;0.00;-1.00;E0_0_0m;-1.00;0;0;0.00;-1.00
1500.00;1800.00;0.00;-1.00;E0_1_0m;-1.00;0;0;0.00;-1.00
1500.00;1800.00;1716.00;26.63;E0_0_100m;5.00;143;143;8.97;26.77
1500.00;1800.00;2196.00;28.19;E0_1_100m;5.00;183;183;10.82;28.32
1500.00;1800.00;1704.00;26.61;E0_0_200m;5.00;142;142;8.89;26.77
1500.00;1800.00;2172.00;27.97;E0_1_200m;5.00;181;181;10.79;28.14
1500.00;1800.00;1716.00;26.42;E0_0_300m;5.00;143;143;9.02;26.58
1500.00;1800.00;2136.00;27.65;E0_1_300m;5.00;178;178;10.73;27.82
1500.00;1800.00;1704.00;26.18;E0_0_400m;5.00;142;142;9.04;26.34
1500.00;1800.00;2148.00;27.36;E0_1_400m;5.00;179;179;10.90;27.51
1500.00;1800.00;1704.00;25.95;E0_0_500m;5.00;142;142;9.12;26.11
1500.00;1800.00;2160.00;27.04;E0_1_500m;5.00;180;180;11.09;27.18
1500.00;1800.00;1740.00;25.80;E0_0_600m;5.00;145;145;9.37;25.95
1500.00;1800.00;2148.00;26.90;E0_1_600m;5.00;179;179;11.09;27.02
1500.00;1800.00;1728.00;25.64;E0_0_700m;5.00;144;144;9.36;25.79
1500.00;1800.00;2160.00;26.88;E0_1_700m;5.00;180;180;11.16;27.02
1500.00;1800.00;1716.00;25.42;E0_0_800m;5.00;143;143;9.37;25.60
1500.00;1800.00;2184.00;26.64;E0_1_800m;5.00;182;182;11.39;26.77
1500.00;1800.00;1716.00;25.24;E0_0_900m;5.00;143;143;9.44;25.40
1500.00;1800.00;2172.00;26.58;E0_1_900m;5.00;181;181;11.35;26.71
1500.00;1800.00;1704.00;25.08;E0_0_1000m;5.00;142;142;9.44;25.22
1500.00;1800.00;2184.00;26.55;E0_1_1000m;5.00;182;182;11.43;26.66
1500.00;1800.00;1728.00;24.92;E0_0_1100m;5.00;144;144;9.63;25.06
1500.00;1800.00;2172.00;26.68;E0_1_1100m;5.00;181;180;11.26;26.78
1500.00;1800.00;1740.00;24.86;E0_0_1200m;5.00;145;145;9.72;25.00
1500.00;1800.00;2148.00;26.85;E0_1_1200m;5.00;179;179;11.11;26.96
1500.00;1800.00;1704.00;24.74;E0_0_1300m;5.00;142;142;9.57;24.88
1500.00;1800.00;2160.00;26.97;E0_1_1300m;5.00;180;180;11.13;27.05
1500.00;1800.00;1668.00;24.86;E0_0_1400m;5.00;139;139;9.33;25.00
1500.00;1800.00;2184.00;27.01;E0_1_1400m;5.00;182;182;11.23;27.08
1500.00;1800.00;1668.00;24.92;E0_0_1500m;5.00;139;140;9.30;25.05
1500.00;1800.00;2160.00;27.00;E0_1_1500m;5.00;180;180;11.11;27.09
1500.00;1800.00;1632.00;24.82;E0_0_1600m;5.00;136;136;9.13;24.94
1500.00;1800.00;2184.00;27.06;E0_1_1600m;5.00;182;182;11.21;27.11
1500.00;1800.00;1620.00;24.73;E0_0_1700m;5.00;135;135;9.10;24.84
1500.00;1800.00;2172.00;27.10;E0_1_1700m;5.00;181;181;11.13;27.15
1500.00;1800.00;1668.00;24.74;E0_0_1800m;5.00;139;139;9.36;24.87
1500.00;1800.00;2124.00;27.11;E0_1_1800m;5.00;177;177;10.88;27.18
1500.00;1800.00;1656.00;24.72;E0_0_1900m;5.00;138;139;9.31;24.86
1500.00;1800.00;2184.00;27.03;E0_1_1900m;5.00;182;182;11.22;27.12
1500.00;1800.00;1680.00;24.70;E0_0_2000m;5.00;140;141;9.48;24.83
1500.00;1800.00;2196.00;27.18;E0_1_2000m;5.00;183;184;11.23;27.25
1500.00;1800.00;1704.00;24.69;E0_0_2100m;5.00;142;142;9.59;24.81
1500.00;1800.00;2196.00;27.28;E0_1_2100m;5.00;183;183;11.18;27.36
1500.00;1800.00;1716.00;24.67;E0_0_2200m;5.00;143;143;9.66;24.80
1500.00;1800.00;2172.00;27.38;E0_1_2200m;5.00;181;182;11.04;27.49
1500.00;1800.00;1704.00;24.72;E0_0_2300m;5.00;142;142;9.57;24.85
1500.00;1800.00;2184.00;27.40;E0_1_2300m;5.00;182;182;11.07;27.53
1500.00;1800.00;1716.00;24.74;E0_0_2400m;5.00;143;143;9.63;24.87
1500.00;1800.00;2184.00;27.42;E0_1_2400m;5.00;182;182;11.06;27.53
1500.00;1800.00;1740.00;24.79;E0_0_2500m;5.00;145;145;9.75;24.91
1500.00;1800.00;2196.00;27.38;E0_1_2500m;5.00;183;183;11.14;27.49
1500.00;1800.00;1764.00;24.78;E0_0_2600m;5.00;147;147;9.89;24.89
1500.00;1800.00;2208.00;27.30;E0_1_2600m;5.00;184;184;11.23;27.40
1500.00;1800.00;1776.00;24.72;E0_0_2700m;5.00;148;148;9.98;24.83
1500.00;1800.00;2232.00;27.22;E0_1_2700m;5.00;186;186;11.39;27.32
1500.00;1800.00;1800.00;24.82;E0_0_2800m;5.00;150;150;10.07;24.93
1500.00;1800.00;2208.00;27.12;E0_1_2800m;5.00;184;184;11.31;27.21
1500.00;1800.00;1800.00;24.72;E0_0_2900m;5.00;150;150;10.12;24.83
1500.00;1800.00;2232.00;27.06;E0_1_2900m;5.00;186;186;11.46;27.14
1500.00;1800.00;1812.00;24.69;E0_0_3000m;5.00;151;151;10.19;24.80
1500.00;1800.00;2256.00;27.07;E0_1_3000m;5.00;188;187;11.55;27.14
1500.00;1800.00;1812.00;24.68;E0_0_3100m;5.00;151;151;10.20;24.78
1500.00;1800.00;2256.00;27.11;E0_1_3100m;5.00;188;188;11.56;27.19
1500.00;1800.00;1836.00;24.65;E0_0_3200m;5.00;153;153;10.34;24.75
1500.00;1800.00;2232.00;27.11;E0_1_3200m;5.00;186;186;11.44;27.19
1500.00;1800.00;1860.00;24.59;E0_0_3300m;5.00;155;154;10.44;24.69
1500.00;1800.00;2220.00;27.17;E0_1_3300m;5.00;185;185;11.35;27.26
1500.00;1800.00;1860.00;24.58;E0_0_3400m;5.00;155;155;10.51;24.67
1500.00;1800.00;2232.00;27.09;E0_1_3400m;5.00;186;186;11.44;27.16
1500.00;1800.00;1872.00;24.62;E0_0_3500m;5.00;156;156;10.56;24.71
1500.00;1800.00;2292.00;27.03;E0_1_3500m;5.00;191;191;11.78;27.10
1500.00;1800.00;1908.00;24.57;E0_0_3600m;5.00;159;159;10.79;24.65
1500.00;1800.00;2292.00;27.06;E0_1_3600m;5.00;191;191;11.76;27.12
1500.00;1800.00;1932.00;24.63;E0_0_3700m;5.00;161;161;10.89;24.71
1500.00;1800.00;2268.00;27.04;E0_1_3700m;5.00;189;190;11.70;27.10
1500.00;1800.00;1908.00;24.68;E0_0_3800m;5.00;159;159;10.74;24.76
1500.00;1800.00;2268.00;26.98;E0_1_3800m;5.00;189;188;11.62;27.04
1500.00;1800.00;1872.00;24.76;E0_0_3900m;5.00;156;157;10.56;24.84
1500.00;1800.00;2244.00;26.93;E0_1_3900m;5.00;187;187;11.57;26.99
1500.00;1800.00;1836.00;24.82;E0_0_4000m;5.00;153;154;10.30;24.90
1500.00;1800.00;2232.00;26.96;E0_1_4000m;5.00;186;186;11.50;27.03
1500.00;1800.00;1812.00;24.94;E0_0_4100m;5.00;151;152;10.15;25.02
1500.00;1800.00;2232.00;27.03;E0_1_4100m;5.00;186;185;11.45;27.13
1500.00;1800.00;1824.00;25.14;E0_0_4200m;5.00;152;152;10.08;25.21
1500.00;1800.00;2196.00;26.91;E0_1_4200m;5.00;183;183;11.33;27.01
1500.00;1800.00;1812.00;25.16;E0_0_4300m;5.00;151;151;10.00;25.24
1500.00;1800.00;2196.00;26.87;E0_1_4300m;5.00;183;182;11.31;26.96
1500.00;1800.00;1788.00;25.22;E0_0_4400m;5.00;149;149;9.85;25.30
1500.00;1800.00;2220.00;26.84;E0_1_4400m;5.00;185;185;11.49;26.93
1500.00;1800.00;1800.00;25.43;E0_0_4500m;5.00;150;150;9.83;25.51
1500.00;1800.00;2208.00;26.97;E0_1_4500m;5.00;184;184;11.37;27.09
1500.00;1800.00;1812.00;25.51;E0_0_4600m;5.00;151;151;9.87;25.59
1500.00;1800.00;2184.00;27.03;E0_1_4600m;5.00;182;182;11.22;27.16
1500.00;1800.00;1848.00;25.48;E0_0_4700m;5.00;154;154;10.07;25.59
1500.00;1800.00;2184.00;27.04;E0_1_4700m;5.00;182;182;11.22;27.17
1500.00;1800.00;1848.00;25.35;E0_0_4800m;5.00;154;154;10.12;25.49
1500.00;1800.00;2208.00;27.08;E0_1_4800m;5.00;184;184;11.32;27.19
1500.00;1800.00;1860.00;25.28;E0_0_4900m;5.00;155;156;10.26;25.41
1500.00;1800.00;2196.00;27.03;E0_1_4900m;5.00;183;182;11.23;27.14
1500.00;1800.00;1872.00;25.22;E0_0_5000m;5.00;156;156;10.31;25.34
1500.00;1800.00;2196.00;26.92;E0_1_5000m;5.00;183;182;11.27;27.03
1800.00;2100.00;0.00;-1.00;E0_0_0m;-1.00;0;0;0.00;-1.00
1800.00;2100.00;0.00;-1.00;E0_1_0m;-1.00;0;0;0.00;-1.00
1800.00;2100.00;1644.00;26.00;E0_0_100m;5.00;137;137;8.78;26.16
1800.00;2100.00;2232.00;27.04;E0_1_100m;5.00;186;187;11.50;27.23
1800.00;2100.00;1680.00;25.68;E0_0_200m;5.00;140;140;9.09;25.87
1800.00;2100.00;2196.00;27.00;E0_1_200m;5.00;183;183;11.30;27.33
1800.00;2100.00;1668.00;25.49;E0_0_300m;5.00;139;139;9.09;25.70
1800.00;2100.00;2184.00;26.91;E0_1_300m;5.00;182;183;11.32;27.29
1800.00;2100.00;1668.00;25.20;E0_0_400m;5.00;139;139;9.19;25.40
1800.00;2100.00;2148.00;26.92;E0_1_400m;5.00;179;180;11.14;27.33
1800.00;2100.00;1632.00;25.13;E0_0_500m;5.00;136;136;9.02;25.34
1800.00;2100.00;2148.00;26.95;E0_1_500m;5.00;179;179;11.07;27.35
1800.00;2100.00;1632.00;24.92;E0_0_600m;5.00;136;136;9.10;25.14
1800.00;2100.00;2136.00;26.96;E0_1_600m;5.00;178;178;11.01;27.36
1800.00;2100.00;1668.00;24.49;E0_0_700m;5.00;139;139;9.46;24.70
1800.00;2100.00;2100.00;26.96;E0_1_700m;5.00;175;175;10.82;27.37
1800.00;2100.00;1704.00;24.24;E0_0_800m;5.00;142;142;9.76;24.42
1800.00;2100.00;2076.00;26.80;E0_1_800m;5.00;173;173;10.76;27.24
1800.00;2100.00;1704.00;24.19;E0_0_900m;5.00;142;143;9.84;24.37
1800.00;2100.00;2064.00;26.68;E0_1_900m;5.00;172;172;10.74;27.10
1800.00;2100.00;1704.00;24.19;E0_0_1000m;5.00;142;142;9.78;24.39
1800.00;2100.00;2064.00;26.47;E0_1_1000m;5.00;172;172;10.83;26.83
1800.00;2100.00;1704.00;24.07;E0_0_1100m;5.00;142;142;9.83;24.27
1800.00;2100.00;2064.00;26.17;E0_1_1100m;5.00;172;172;10.95;26.54
1800.00;2100.00;1668.00;23.98;E0_0_1200m;5.00;139;139;9.66;24.21
1800.00;2100.00;2088.00;26.05;E0_1_1200m;5.00;174;174;11.13;26.44
1800.00;2100.00;1668.00;23.85;E0_0_1300m;5.00;139;140;9.76;24.10
1800.00;2100.00;2112.00;26.04;E0_1_1300m;5.00;176;176;11.27;26.44
1800.00;2100.00;1656.00;23.73;E0_0_1400m;5.00;138;137;9.68;23.96
1800.00;2100.00;2124.00;25.94;E0_1_1400m;5.00;177;177;11.37;26.33
1800.00;2100.00;1656.00;23.56;E0_0_1500m;5.00;138;138;9.76;23.76
1800.00;2100.00;2112.00;25.92;E0_1_1500m;5.00;176;176;11.32;26.30
1800.00;2100.00;1632.00;23.64;E0_0_1600m;5.00;136;137;9.62;23.84
1800.00;2100.00;2124.00;25.90;E0_1_1600m;5.00;177;177;11.39;26.27
1800.00;2100.00;1608.00;23.65;E0_0_1700m;5.00;134;134;9.44;23.84
1800.00;2100.00;2112.00;25.92;E0_1_1700m;5.00;176;176;11.32;26.27
1800.00;2100.00;1596.00;23.66;E0_0_1800m;5.00;133;133;9.37;23.83
1800.00;2100.00;2040.00;26.03;E0_1_1800m;5.00;170;170;10.89;26.38
1800.00;2100.00;1548.00;23.75;E0_0_1900m;5.00;129;130;9.09;23.93
1800.00;2100.00;2004.00;26.08;E0_1_1900m;5.00;167;167;10.67;26.41
1800.00;2100.00;1512.00;23.81;E0_0_2000m;5.00;126;125;8.78;23.99
1800.00;2100.00;1992.00;26.13;E0_1_2000m;5.00;166;165;10.58;26.42
1800.00;2100.00;1512.00;23.82;E0_0_2100m;5.00;126;126;8.81;24.00
1800.00;2100.00;1980.00;26.23;E0_1_2100m;5.00;165;166;10.52;26.49
1800.00;2100.00;1500.00;23.63;E0_0_2200m;5.00;125;125;8.82;23.78
1800.00;2100.00;2004.00;26.35;E0_1_2200m;5.00;167;167;10.56;26.59
1800.00;2100.00;1536.00;23.57;E0_0_2300m;5.00;128;128;9.05;23.72
1800.00;2100.00;2040.00;26.41;E0_1_2300m;5.00;170;170;10.73;26.66
1800.00;2100.00;1572.00;23.58;E0_0_2400m;5.00;131;131;9.26;23.73
1800.00;2100.00;2040.00;26.48;E0_1_2400m;5.00;170;170;10.70;26.74
1800.00;2100.00;1584.00;23.66;E0_0_2500m;5.00;132;133;9.36;23.90
1800.00;2100.00;2064.00;26.55;E0_1_2500m;5.00;172;173;10.85;26.84
1800.00;2100.00;1596.00;23.57;E0_0_2600m;5.00;133;133;9.40;23.73
1800.00;2100.00;2088.00;26.55;E0_1_2600m;5.00;174;174;10.92;26.84
1800.00;2100.00;1596.00;23.68;E0_0_2700m;5.00;133;133;9.36;23.82
1800.00;2100.00;2100.00;26.55;E0_1_2700m;5.00;175;175;10.98;26.86
1800.00;2100.00;1572.00;23.80;E0_0_2800m;5.00;131;131;9.18;23.93
1800.00;2100.00;2076.00;26.54;E0_1_2800m;5.00;173;173;10.87;26.86
1800.00;2100.00;1548.00;23.67;E0_0_2900m;5.00;129;129;9.08;23.84
1800.00;2100.00;2088.00;26.55;E0_1_2900m;5.00;174;175;10.97;26.89
1800.00;2100.00;1560.00;23.58;E0_0_3000m;5.00;130;130;9.19;23.72
1800.00;2100.00;2052.00;26.56;E0_1_3000m;5.00;171;171;10.73;26.92
1800.00;2100.00;1512.00;23.76;E0_0_3100m;5.00;126;126;8.84;23.91
1800.00;2100.00;2064.00;26.49;E0_1_3100m;5.00;172;172;10.82;26.87
1800.00;2100.00;1536.00;23.70;E0_0_3200m;5.00;128;128;9.00;23.84
1800.00;2100.00;2040.00;26.59;E0_1_3200m;5.00;170;171;10.68;27.00
1800.00;2100.00;1548.00;23.87;E0_0_3300m;5.00;129;129;9.01;24.03
1800.00;2100.00;2076.00;26.49;E0_1_3300m;5.00;173;173;10.88;26.89
1800.00;2100.00;1524.00;23.96;E0_0_3400m;5.00;127;128;8.90;24.11
1800.00;2100.00;2112.00;26.56;E0_1_3400m;5.00;176;176;11.05;26.98
1800.00;2100.00;1488.00;23.97;E0_0_3500m;5.00;124;124;8.62;24.13
1800.00;2100.00;2088.00;26.47;E0_1_3500m;5.00;174;174;10.96;26.87
1800.00;2100.00;1464.00;23.92;E0_0_3600m;5.00;122;122;8.50;24.09
1800.00;2100.00;2064.00;26.36;E0_1_3600m;5.00;172;172;10.87;26.77
1800.00;2100.00;1464.00;23.91;E0_0_3700m;5.00;122;122;8.51;24.06
1800.00;2100.00;2076.00;26.32;E0_1_3700m;5.00;173;172;10.90;26.72
1800.00;2100.00;1476.00;23.96;E0_0_3800m;5.00;123;123;8.56;24.11
1800.00;2100.00;2064.00;26.28;E0_1_3800m;5.00;172;172;10.91;26.69
1800.00;2100.00;1524.00;24.27;E0_0_3900m;5.00;127;126;8.66;24.44
1800.00;2100.00;2040.00;26.14;E0_1_3900m;5.00;170;170;10.84;26.54
1800.00;2100.00;1536.00;24.20;E0_0_4000m;5.00;128;128;8.83;24.37
1800.00;2100.00;2064.00;26.07;E0_1_4000m;5.00;172;172;11.00;26.45
1800.00;2100.00;1548.00;24.06;E0_0_4100m;5.00;129;129;8.94;24.21
1800.00;2100.00;2088.00;26.01;E0_1_4100m;5.00;174;174;11.15;26.38
1800.00;2100.00;1584.00;23.99;E0_0_4200m;5.00;132;132;9.17;24.13
1800.00;2100.00;2088.00;25.89;E0_1_4200m;5.00;174;175;11.23;26.24
1800.00;2100.00;1620.00;23.89;E0_0_4300m;5.00;135;135;9.42;24.02
1800.00;2100.00;2100.00;25.86;E0_1_4300m;5.00;175;175;11.28;26.20
1800.00;2100.00;1620.00;23.76;E0_0_4400m;5.00;135;136;9.52;23.87
1800.00;2100.00;2112.00;25.84;E0_1_4400m;5.00;176;176;11.35;26.18
1800.00;2100.00;1632.00;23.71;E0_0_4500m;5.00;136;136;9.56;23.81
1800.00;2100.00;2112.00;25.73;E0_1_4500m;5.00;176;176;11.40;26.05
1800.00;2100.00;1608.00;23.70;E0_0_4600m;5.00;134;134;9.42;23.80
1800.00;2100.00;2112.00;25.69;E0_1_4600m;5.00;176;176;11.42;26.00
1800.00;2100.00;1608.00;23.74;E0_0_4700m;5.00;134;134;9.41;23.85
1800.00;2100.00;2100.00;25.71;E0_1_4700m;5.00;175;176;11.39;26.01
1800.00;2100.00;1620.00;23.82;E0_0_4800m;5.00;135;135;9.45;23.94
1800.00;2100.00;2124.00;25.86;E0_1_4800m;5.00;177;178;11.45;26.16
1800.00;2100.00;1608.00;23.87;E0_0_4900m;5.00;134;133;9.31;23.98
1800.00;2100.00;2148.00;26.04;E0_1_4900m;5.00;179;179;11.46;26.36
1800.00;2100.00;1596.00;24.03;E0_0_5000m;5.00;133;133;9.22;24.14
1800.00;2100.00;2160.00;26.20;E0_1_5000m;5.00;180;180;11.45;26.51
2100.00;2400.00;0.00;-1.00;E0_0_0m;-1.00;0;0;0.00;-1.00
2100.00;2400.00;0.00;-1.00;E0_1_0m;-1.00;0;0;0.00;-1.00
2100.00;2400.00;2016.00;25.95;E0_0_100m;5.00;168;168;10.79;26.08
2100.00;2400.00;2064.00;27.59;E0_1_100m;5.00;172;171;10.35;27.71
2100.00;2400.00;1992.00;26.35;E0_0_200m;5.00;166;166;10.50;26.46
2100.00;2400.00;2076.00;28.18;E0_1_200m;5.00;173;173;10.23;28.35
2100.00;2400.00;1992.00;26.40;E0_0_300m;5.00;166;166;10.48;26.48
2100.00;2400.00;2100.00;28.07;E0_1_300m;5.00;175;175;10.39;28.23
2100.00;2400.00;1968.00;26.28;E0_0_400m;5.00;164;164;10.40;26.35
2100.00;2400.00;2124.00;27.85;E0_1_400m;5.00;177;176;10.53;27.99
2100.00;2400.00;1968.00;26.18;E0_0_500m;5.00;164;164;10.44;26.23
2100.00;2400.00;2136.00;27.66;E0_1_500m;5.00;178;178;10.73;27.80
2100.00;2400.00;1944.00;25.97;E0_0_600m;5.00;162;163;10.44;26.03
2100.00;2400.00;2148.00;27.47;E0_1_600m;5.00;179;179;10.86;27.61
2100.00;2400.00;1896.00;25.80;E0_0_700m;5.00;158;158;10.21;25.86
2100.00;2400.00;2184.00;27.24;E0_1_700m;5.00;182;182;11.13;27.39
2100.00;2400.00;1860.00;25.75;E0_0_800m;5.00;155;155;10.03;25.80
2100.00;2400.00;2220.00;27.05;E0_1_800m;5.00;185;186;11.41;27.21
2100.00;2400.00;1872.00;25.52;E0_0_900m;5.00;156;155;10.13;25.60
2100.00;2400.00;2220.00;26.92;E0_1_900m;5.00;185;186;11.47;27.11
2100.00;2400.00;1872.00;25.17;E0_0_1000m;5.00;156;156;10.33;25.30
2100.00;2400.00;2208.00;26.55;E0_1_1000m;5.00;184;184;11.55;26.81
2100.00;2400.00;1872.00;24.87;E0_0_1100m;5.00;156;156;10.45;25.03
2100.00;2400.00;2220.00;26.05;E0_1_1100m;5.00;185;185;11.84;26.37
2100.00;2400.00;1896.00;24.74;E0_0_1200m;5.00;158;158;10.65;24.91
2100.00;2400.00;2244.00;25.72;E0_1_1200m;5.00;187;187;12.12;26.09
2100.00;2400.00;1848.00;24.48;E0_0_1300m;5.00;154;154;10.48;24.66
2100.00;2400.00;2292.00;25.39;E0_1_1300m;5.00;191;192;12.58;25.78
2100.00;2400.00;1848.00;24.17;E0_0_1400m;5.00;154;155;10.66;24.37
2100.00;2400.00;2316.00;25.09;E0_1_1400m;5.00;193;193;12.82;25.48
2100.00;2400.00;1836.00;24.08;E0_0_1500m;5.00;153;153;10.59;24.30
2100.00;2400.00;2364.00;24.87;E0_1_1500m;5.00;197;197;13.20;25.24
2100.00;2400.00;1884.00;23.92;E0_0_1600m;5.00;157;156;10.91;24.14
2100.00;2400.00;2352.00;24.57;E0_1_1600m;5.00;196;196;13.30;24.95
2100.00;2400.00;1884.00;23.76;E0_0_1700m;5.00;157;157;11.01;23.99
2100.00;2400.00;2352.00;24.32;E0_1_1700m;5.00;196;196;13.43;24.71
2100.00;2400.00;1848.00;23.60;E0_0_1800m;5.00;154;154;10.88;23.84
2100.00;2400.00;2424.00;24.17;E0_1_1800m;5.00;202;202;13.93;24.55
2100.00;2400.00;1884.00;23.52;E0_0_1900m;5.00;157;156;11.08;23.78
2100.00;2400.00;2412.00;24.00;E0_1_1900m;5.00;201;201;13.96;24.39
2100.00;2400.00;1884.00;23.37;E0_0_2000m;5.00;157;157;11.20;23.62
2100.00;2400.00;2412.00;23.87;E0_1_2000m;5.00;201;201;14.03;24.26
2100.00;2400.00;1884.00;23.28;E0_0_2100m;5.00;157;157;11.24;23.56
2100.00;2400.00;2400.00;23.69;E0_1_2100m;5.00;200;199;14.04;24.07
2100.00;2400.00;1872.00;23.23;E0_0_2200m;5.00;156;156;11.19;23.49
2100.00;2400.00;2412.00;23.61;E0_1_2200m;5.00;201;201;14.19;24.00
2100.00;2400.00;1836.00;23.22;E0_0_2300m;5.00;153;153;10.98;23.47
2100.00;2400.00;2376.00;23.62;E0_1_2300m;5.00;198;198;13.97;24.03
2100.00;2400.00;1788.00;23.19;E0_0_2400m;5.00;149;149;10.71;23.42
2100.00;2400.00;2364.00;23.67;E0_1_2400m;5.00;197;197;13.87;24.10
2100.00;2400.00;1800.00;23.07;E0_0_2500m;5.00;150;150;10.84;23.28
2100.00;2400.00;2352.00;23.56;E0_1_2500m;5.00;196;196;13.86;23.98
2100.00;2400.00;1788.00;22.95;E0_0_2600m;5.00;149;149;10.82;23.12
2100.00;2400.00;2340.00;23.46;E0_1_2600m;5.00;195;195;13.85;23.85
2100.00;2400.00;1776.00;22.76;E0_0_2700m;5.00;148;148;10.84;22.92
2100.00;2400.00;2292.00;23.27;E0_1_2700m;5.00;191;191;13.68;23.60
2100.00;2400.00;1776.00;22.61;E0_0_2800m;5.00;148;148;10.91;22.76
2100.00;2400.00;2292.00;22.95;E0_1_2800m;5.00;191;192;13.93;23.21
2100.00;2400.00;1752.00;22.52;E0_0_2900m;5.00;146;146;10.81;22.66
2100.00;2400.00;2292.00;22.78;E0_1_2900m;5.00;191;192;14.04;22.99
2100.00;2400.00;1752.00;22.46;E0_0_3000m;5.00;146;146;10.84;22.60
2100.00;2400.00;2292.00;22.70;E0_1_3000m;5.00;191;191;14.03;22.89
2100.00;2400.00;1776.00;22.24;E0_0_3100m;5.00;148;148;11.09;22.39
2100.00;2400.00;2268.00;22.60;E0_1_3100m;5.00;189;190;13.98;22.78
2100.00;2400.00;1752.00;22.03;E0_0_3200m;5.00;146;146;11.04;22.15
2100.00;2400.00;2256.00;22.31;E0_1_3200m;5.00;188;188;14.05;22.43
2100.00;2400.00;1728.00;21.95;E0_0_3300m;5.00;144;144;10.94;22.04
2100.00;2400.00;2220.00;22.06;E0_1_3300m;5.00;185;185;13.98;22.15
2100.00;2400.00;1716.00;21.85;E0_0_3400m;5.00;143;143;10.91;21.95
2100.00;2400.00;2208.00;21.99;E0_1_3400m;5.00;184;185;13.96;22.09
2100.00;2400.00;1728.00;21.80;E0_0_3500m;5.00;144;144;11.01;21.88
2100.00;2400.00;2184.00;21.86;E0_1_3500m;5.00;182;183;13.89;21.96
2100.00;2400.00;1716.00;21.69;E0_0_3600m;5.00;143;143;10.99;21.75
2100.00;2400.00;2208.00;21.81;E0_1_3600m;5.00;184;184;14.06;21.90
2100.00;2400.00;1716.00;21.60;E0_0_3700m;5.00;143;143;11.04;21.64
2100.00;2400.00;2196.00;21.76;E0_1_3700m;5.00;183;183;14.02;21.86
2100.00;2400.00;1704.00;21.63;E0_0_3800m;5.00;142;142;10.94;21.70
2100.00;2400.00;2196.00;21.75;E0_1_3800m;5.00;183;183;14.02;21.86
2100.00;2400.00;1728.00;21.49;E0_0_3900m;5.00;144;144;11.17;21.52
2100.00;2400.00;2208.00;21.82;E0_1_3900m;5.00;184;184;14.05;21.96
2100.00;2400.00;1740.00;21.56;E0_0_4000m;5.00;145;144;11.17;21.62
2100.00;2400.00;2184.00;21.87;E0_1_4000m;5.00;182;182;13.87;22.03
2100.00;2400.00;1716.00;21.62;E0_0_4100m;5.00;143;143;11.02;21.72
2100.00;2400.00;2160.00;21.92;E0_1_4100m;5.00;180;180;13.68;22.10
2100.00;2400.00;1680.00;21.64;E0_0_4200m;5.00;140;140;10.78;21.74
2100.00;2400.00;2148.00;22.08;E0_1_4200m;5.00;179;179;13.54;22.29
2100.00;2400.00;1680.00;21.75;E0_0_4300m;5.00;140;141;10.74;21.89
2100.00;2400.00;2112.00;22.13;E0_1_4300m;5.00;176;176;13.25;22.35
2100.00;2400.00;1692.00;21.91;E0_0_4400m;5.00;141;141;10.72;22.07
2100.00;2400.00;2088.00;22.26;E0_1_4400m;5.00;174;174;13.03;22.50
2100.00;2400.00;1704.00;22.07;E0_0_4500m;5.00;142;142;10.72;22.24
2100.00;2400.00;2064.00;22.39;E0_1_4500m;5.00;172;172;12.80;22.65
2100.00;2400.00;1668.00;22.18;E0_0_4600m;5.00;139;141;10.51;22.36
2100.00;2400.00;2088.00;22.62;E0_1_4600m;5.00;174;174;12.82;22.91
2100.00;2400.00;1656.00;22.34;E0_0_4700m;5.00;138;138;10.30;22.53
2100.00;2400.00;2076.00;22.86;E0_1_4700m;5.00;173;172;12.57;23.19
2100.00;2400.00;1644.00;22.56;E0_0_4800m;5.00;137;137;10.12;22.75
2100.00;2400.00;2040.00;23.01;E0_1_4800m;5.00;170;170;12.31;23.35
2100.00;2400.00;1656.00;22.80;E0_0_4900m;5.00;138;138;10.09;22.99
2100.00;2400.00;2028.00;23.24;E0_1_4900m;5.00;169;169;12.12;23.59
2100.00;2400.00;1644.00;23.10;E0_0_5000m;5.00;137;137;9.89;23.30
2100.00;2400.00;2028.00;23.54;E0_1_5000m;5.00;169;170;11.98;23.92
2400.00;2700.00;0.00;-1.00;E0_0_0m;-1.00;0;0;0.00;-1.00
2400.00;2700.00;0.00;-1.00;E0_1_0m;-1.00;0;0;0.00;-1.00
2400.00;2700.00;1812.00;26.26;E0_0_100m;5.00;151;151;9.58;26.39
2400.00;2700.00;2040.00;27.36;E0_1_100m;5.00;170;170;10.35;27.53
2400.00;2700.00;1824.00;26.33;E0_0_200m;5.00;152;152;9.62;26.49
2400.00;2700.00;2016.00;27.71;E0_1_200m;5.00;168;168;10.11;27.92
2400.00;2700.00;1836.00;26.16;E0_0_300m;5.00;153;153;9.75;26.32
2400.00;2700.00;1992.00;27.68;E0_1_300m;5.00;166;166;10.00;27.91
2400.00;2700.00;1812.00;26.04;E0_0_400m;5.00;151;151;9.66;26.19
2400.00;2700.00;2040.00;27.58;E0_1_400m;5.00;170;170;10.27;27.81
2400.00;2700.00;1812.00;25.96;E0_0_500m;5.00;151;151;9.69;26.11
2400.00;2700.00;2028.00;27.38;E0_1_500m;5.00;169;169;10.29;27.62
2400.00;2700.00;1776.00;25.85;E0_0_600m;5.00;148;147;9.49;26.00
2400.00;2700.00;2064.00;27.20;E0_1_600m;5.00;172;172;10.54;27.42
2400.00;2700.00;1776.00;25.70;E0_0_700m;5.00;148;148;9.60;25.85
2400.00;2700.00;2064.00;27.06;E0_1_700m;5.00;172;172;10.59;27.28
2400.00;2700.00;1764.00;25.56;E0_0_800m;5.00;147;147;9.59;25.69
2400.00;2700.00;2076.00;26.95;E0_1_800m;5.00;173;172;10.69;27.16
2400.00;2700.00;1788.00;25.45;E0_0_900m;5.00;149;149;9.76;25.55
2400.00;2700.00;2064.00;26.81;E0_1_900m;5.00;172;172;10.69;27.00
2400.00;2700.00;1800.00;25.35;E0_0_1000m;5.00;150;150;9.86;25.44
2400.00;2700.00;2064.00;26.75;E0_1_1000m;5.00;172;172;10.72;26.94
2400.00;2700.00;1824.00;25.30;E0_0_1100m;5.00;152;152;10.01;25.39
2400.00;2700.00;2064.00;26.65;E0_1_1100m;5.00;172;172;10.76;26.85
2400.00;2700.00;1776.00;25.27;E0_0_1200m;5.00;148;148;9.76;25.38
2400.00;2700.00;2064.00;26.64;E0_1_1200m;5.00;172;173;10.79;26.84
2400.00;2700.00;1788.00;25.27;E0_0_1300m;5.00;149;149;9.83;25.37
2400.00;2700.00;2040.00;26.52;E0_1_1300m;5.00;170;169;10.64;26.72
2400.00;2700.00;1776.00;25.20;E0_0_1400m;5.00;148;148;9.79;25.29
2400.00;2700.00;2076.00;26.36;E0_1_1400m;5.00;173;173;10.94;26.55
2400.00;2700.00;1800.00;25.09;E0_0_1500m;5.00;150;150;9.96;25.18
2400.00;2700.00;2040.00;26.22;E0_1_1500m;5.00;170;170;10.81;26.41
2400.00;2700.00;1776.00;24.94;E0_0_1600m;5.00;148;149;9.89;25.02
2400.00;2700.00;2064.00;26.27;E0_1_1600m;5.00;172;173;10.92;26.47
2400.00;2700.00;1788.00;24.95;E0_0_1700m;5.00;149;149;9.95;25.02
2400.00;2700.00;2088.00;26.18;E0_1_1700m;5.00;174;174;11.08;26.36
2400.00;2700.00;1800.00;24.96;E0_0_1800m;5.00;150;150;10.01;25.04
2400.00;2700.00;2076.00;26.17;E0_1_1800m;5.00;173;173;11.02;26.34
2400.00;2700.00;1812.00;25.02;E0_0_1900m;5.00;151;151;10.06;25.09
2400.00;2700.00;2052.00;26.03;E0_1_1900m;5.00;171;171;10.95;26.19
2400.00;2700.00;1776.00;25.08;E0_0_2000m;5.00;148;148;9.84;25.14
2400.00;2700.00;2100.00;25.94;E0_1_2000m;5.00;175;175;11.24;26.09
2400.00;2700.00;1788.00;25.02;E0_0_2100m;5.00;149;149;9.93;25.08
2400.00;2700.00;2112.00;25.74;E0_1_2100m;5.00;176;176;11.39;25.88
2400.00;2700.00;1824.00;25.03;E0_0_2200m;5.00;152;152;10.12;25.09
2400.00;2700.00;2112.00;25.57;E0_1_2200m;5.00;176;176;11.47;25.69
2400.00;2700.00;1812.00;24.98;E0_0_2300m;5.00;151;151;10.08;25.03
2400.00;2700.00;2136.00;25.54;E0_1_2300m;5.00;178;178;11.61;25.66
2400.00;2700.00;1824.00;24.93;E0_0_2400m;5.00;152;152;10.16;24.98
2400.00;2700.00;2124.00;25.47;E0_1_2400m;5.00;177;178;11.59;25.59
2400.00;2700.00;1812.00;24.82;E0_0_2500m;5.00;151;151;10.14;24.88
2400.00;2700.00;2088.00;25.33;E0_1_2500m;5.00;174;174;11.45;25.46
2400.00;2700.00;1824.00;24.76;E0_0_2600m;5.00;152;152;10.23;24.82
2400.00;2700.00;2100.00;25.14;E0_1_2600m;5.00;175;175;11.60;25.26
2400.00;2700.00;1848.00;24.68;E0_0_2700m;5.00;154;154;10.40;24.74
2400.00;2700.00;2136.00;25.03;E0_1_2700m;5.00;178;179;11.89;25.14
2400.00;2700.00;1848.00;24.62;E0_0_2800m;5.00;154;154;10.42;24.67
2400.00;2700.00;2148.00;24.87;E0_1_2800m;5.00;179;178;11.94;24.94
2400.00;2700.00;1848.00;24.47;E0_0_2900m;5.00;154;155;10.54;24.52
2400.00;2700.00;2160.00;24.73;E0_1_2900m;5.00;180;179;12.07;24.79
2400.00;2700.00;1848.00;24.59;E0_0_3000m;5.00;154;154;10.44;24.63
2400.00;2700.00;2136.00;24.69;E0_1_3000m;5.00;178;179;12.08;24.74
2400.00;2700.00;1860.00;24.61;E0_0_3100m;5.00;155;155;10.50;24.65
2400.00;2700.00;2136.00;24.67;E0_1_3100m;5.00;178;179;12.09;24.71
2400.00;2700.00;1860.00;24.62;E0_0_3200m;5.00;155;155;10.49;24.66
2400.00;2700.00;2136.00;24.67;E0_1_3200m;5.00;178;179;12.08;24.72
2400.00;2700.00;1860.00;24.66;E0_0_3300m;5.00;155;155;10.48;24.70
2400.00;2700.00;2136.00;24.68;E0_1_3300m;5.00;178;179;12.06;24.73
2400.00;2700.00;1860.00;24.65;E0_0_3400m;5.00;155;155;10.48;24.69
2400.00;2700.00;2136.00;24.70;E0_1_3400m;5.00;178;178;12.04;24.74
2400.00;2700.00;1872.00;24.63;E0_0_3500m;5.00;156;156;10.56;24.67
2400.00;2700.00;2148.00;24.71;E0_1_3500m;5.00;179;178;12.06;24.76
2400.00;2700.00;1872.00;24.66;E0_0_3600m;5.00;156;157;10.57;24.70
2400.00;2700.00;2136.00;24.73;E0_1_3600m;5.00;178;178;12.00;24.78
2400.00;2700.00;1884.00;24.63;E0_0_3700m;5.00;157;157;10.63;24.66
2400.00;2700.00;2136.00;24.76;E0_1_3700m;5.00;178;178;11.98;24.81
2400.00;2700.00;1896.00;24.65;E0_0_3800m;5.00;158;158;10.68;24.68
2400.00;2700.00;2124.00;24.79;E0_1_3800m;5.00;177;178;11.95;24.84
2400.00;2700.00;1872.00;24.64;E0_0_3900m;5.00;156;157;10.60;24.68
2400.00;2700.00;2100.00;24.81;E0_1_3900m;5.00;175;175;11.75;24.86
2400.00;2700.00;1860.00;24.62;E0_0_4000m;5.00;155;155;10.49;24.66
2400.00;2700.00;2088.00;24.86;E0_1_4000m;5.00;174;174;11.67;24.91
2400.00;2700.00;1860.00;24.60;E0_0_4100m;5.00;155;155;10.50;24.65
2400.00;2700.00;2088.00;24.89;E0_1_4100m;5.00;174;174;11.65;24.96
2400.00;2700.00;1872.00;24.64;E0_0_4200m;5.00;156;156;10.55;24.73
2400.00;2700.00;2088.00;24.96;E0_1_4200m;5.00;174;174;11.62;25.06
2400.00;2700.00;1860.00;24.58;E0_0_4300m;5.00;155;154;10.50;24.62
2400.00;2700.00;2088.00;24.96;E0_1_4300m;5.00;174;174;11.62;25.06
2400.00;2700.00;1848.00;24.58;E0_0_4400m;5.00;154;154;10.44;24.62
2400.00;2700.00;2076.00;24.89;E0_1_4400m;5.00;173;174;11.64;24.97
2400.00;2700.00;1872.00;24.61;E0_0_4500m;5.00;156;156;10.56;24.65
2400.00;2700.00;2112.00;24.87;E0_1_4500m;5.00;176;176;11.80;24.93
2400.00;2700.00;1908.00;24.60;E0_0_4600m;5.00;159;158;10.72;24.64
2400.00;2700.00;2148.00;24.88;E0_1_4600m;5.00;179;179;11.99;24.94
2400.00;2700.00;1932.00;24.54;E0_0_4700m;5.00;161;161;10.93;24.58
2400.00;2700.00;2184.00;24.91;E0_1_4700m;5.00;182;182;12.18;24.96
2400.00;2700.00;1920.00;24.48;E0_0_4800m;5.00;160;160;10.89;24.51
2400.00;2700.00;2208.00;24.95;E0_1_4800m;5.00;184;184;12.29;25.00
2400.00;2700.00;1896.00;24.46;E0_0_4900m;5.00;158;158;10.77;24.49
2400.00;2700.00;2220.00;25.01;E0_1_4900m;5.00;185;185;12.33;25.06
2400.00;2700.00;1896.00;24.51;E0_0_5000m;5.00;158;159;10.79;24.53
2400.00;2700.00;2220.00;25.09;E0_1_5000m;5.00;185;184;12.27;25.15
2700.00;3000.00;0.00;-1.00;E0_0_0m;-1.00;0;0;0.00;-1.00
2700.00;3000.00;0.00;-1.00;E0_1_0m;-1.00;0;0;0.00;-1.00
2700.00;3000.00;1584.00;26.81;E0_0_100m;5.00;132;132;8.21;26.90
2700.00;3000.00;2208.00;27.44;E0_1_100m;5.00;184;184;11.17;27.58
2700.00;3000.00;1692.00;26.88;E0_0_200m;5.00;141;141;8.74;26.99
2700.00;3000.00;2136.00;27.57;E0_1_200m;5.00;178;178;10.76;27.80
2700.00;3000.00;1692.00;26.85;E0_0_300m;5.00;141;141;8.75;26.96
2700.00;3000.00;2160.00;27.73;E0_1_300m;5.00;180;180;10.82;27.96
2700.00;3000.00;1680.00;26.81;E0_0_400m;5.00;140;141;8.74;26.92
2700.00;3000.00;2148.00;27.87;E0_1_400m;5.00;179;179;10.70;28.11
2700.00;3000.00;1692.00;26.74;E0_0_500m;5.00;141;141;8.79;26.84
2700.00;3000.00;2136.00;27.88;E0_1_500m;5.00;178;178;10.64;28.11
2700.00;3000.00;1716.00;26.53;E0_0_600m;5.00;143;143;8.98;26.64
2700.00;3000.00;2124.00;27.84;E0_1_600m;5.00;177;177;10.60;28.05
2700.00;3000.00;1716.00;26.42;E0_0_700m;5.00;143;143;9.02;26.52
2700.00;3000.00;2136.00;27.66;E0_1_700m;5.00;178;178;10.73;27.86
2700.00;3000.00;1692.00;26.36;E0_0_800m;5.00;141;141;8.92;26.45
2700.00;3000.00;2136.00;27.39;E0_1_800m;5.00;178;179;10.88;27.59
2700.00;3000.00;1668.00;26.23;E0_0_900m;5.00;139;139;8.83;26.32
2700.00;3000.00;2172.00;27.16;E0_1_900m;5.00;181;181;11.11;27.35
2700.00;3000.00;1680.00;26.21;E0_0_1000m;5.00;140;141;8.92;26.30
2700.00;3000.00;2160.00;26.97;E0_1_1000m;5.00;180;180;11.12;27.14
2700.00;3000.00;1656.00;26.16;E0_0_1100m;5.00;138;139;8.84;26.25
2700.00;3000.00;2136.00;26.83;E0_1_1100m;5.00;178;178;11.06;26.99
2700.00;3000.00;1656.00;26.19;E0_0_1200m;5.00;138;138;8.78;26.28
2700.00;3000.00;2148.00;26.79;E0_1_1200m;5.00;179;178;11.11;26.96
2700.00;3000.00;1632.00;26.22;E0_0_1300m;5.00;136;136;8.64;26.32
2700.00;3000.00;2160.00;26.79;E0_1_1300m;5.00;180;181;11.21;26.95
2700.00;3000.00;1608.00;26.20;E0_0_1400m;5.00;134;135;8.57;26.29
2700.00;3000.00;2136.00;26.83;E0_1_1400m;5.00;178;179;11.11;27.00
2700.00;3000.00;1596.00;26.26;E0_0_1500m;5.00;133;133;8.44;26.35
2700.00;3000.00;2136.00;26.84;E0_1_1500m;5.00;178;178;11.05;27.00
2700.00;3000.00;1584.00;26.29;E0_0_1600m;5.00;132;133;8.41;26.38
2700.00;3000.00;2112.00;26.71;E0_1_1600m;5.00;176;176;11.04;26.88
2700.00;3000.00;1608.00;26.27;E0_0_1700m;5.00;134;134;8.50;26.35
2700.00;3000.00;2088.00;26.73;E0_1_1700m;5.00;174;174;10.85;26.89
2700.00;3000.00;1620.00;26.24;E0_0_1800m;5.00;135;135;8.58;26.33
2700.00;3000.00;2064.00;26.79;E0_1_1800m;5.00;172;172;10.70;26.96
2700.00;3000.00;1620.00;26.17;E0_0_1900m;5.00;135;135;8.60;26.26
2700.00;3000.00;2076.00;26.92;E0_1_1900m;5.00;173;173;10.71;27.10
2700.00;3000.00;1644.00;25.99;E0_0_2000m;5.00;137;137;8.79;26.09
2700.00;3000.00;2064.00;27.10;E0_1_2000m;5.00;172;172;10.58;27.30
2700.00;3000.00;1656.00;25.85;E0_0_2100m;5.00;138;138;8.90;25.97
2700.00;3000.00;2040.00;27.14;E0_1_2100m;5.00;170;170;10.44;27.34
2700.00;3000.00;1620.00;25.86;E0_0_2200m;5.00;135;135;8.70;25.99
2700.00;3000.00;2028.00;27.19;E0_1_2200m;5.00;169;169;10.36;27.38
2700.00;3000.00;1608.00;25.84;E0_0_2300m;5.00;134;134;8.64;25.97
2700.00;3000.00;2028.00;27.21;E0_1_2300m;5.00;169;169;10.35;27.40
2700.00;3000.00;1620.00;25.79;E0_0_2400m;5.00;135;135;8.72;25.92
2700.00;3000.00;2064.00;27.08;E0_1_2400m;5.00;172;171;10.57;27.25
2700.00;3000.00;1644.00;25.67;E0_0_2500m;5.00;137;137;8.90;25.79
2700.00;3000.00;2052.00;26.97;E0_1_2500m;5.00;171;171;10.57;27.12
2700.00;3000.00;1608.00;25.64;E0_0_2600m;5.00;134;134;8.71;25.76
2700.00;3000.00;2016.00;26.88;E0_1_2600m;5.00;168;168;10.42;27.02
2700.00;3000.00;1608.00;25.71;E0_0_2700m;5.00;134;134;8.69;25.83
2700.00;3000.00;2004.00;26.79;E0_1_2700m;5.00;167;166;10.35;26.93
2700.00;3000.00;1644.00;25.73;E0_0_2800m;5.00;137;137;8.87;25.85
2700.00;3000.00;2016.00;26.73;E0_1_2800m;5.00;168;168;10.47;26.88
2700.00;3000.00;1656.00;25.80;E0_0_2900m;5.00;138;137;8.86;25.91
2700.00;3000.00;2040.00;26.56;E0_1_2900m;5.00;170;171;10.69;26.68
2700.00;3000.00;1656.00;25.76;E0_0_3000m;5.00;138;138;8.93;25.89
2700.00;3000.00;2088.00;26.37;E0_1_3000m;5.00;174;173;10.93;26.48
2700.00;3000.00;1668.00;25.70;E0_0_3100m;5.00;139;139;9.02;25.82
2700.00;3000.00;2100.00;26.30;E0_1_3100m;5.00;175;174;11.03;26.40
2700.00;3000.00;1668.00;25.61;E0_0_3200m;5.00;139;139;9.05;25.72
2700.00;3000.00;2112.00;26.26;E0_1_3200m;5.00;176;175;11.11;26.37
2700.00;3000.00;1668.00;25.51;E0_0_3300m;5.00;139;140;9.12;25.62
2700.00;3000.00;2112.00;26.26;E0_1_3300m;5.00;176;175;11.13;26.39
2700.00;3000.00;1680.00;25.35;E0_0_3400m;5.00;140;140;9.20;25.47
2700.00;3000.00;2100.00;26.17;E0_1_3400m;5.00;175;175;11.11;26.31
2700.00;3000.00;1656.00;25.38;E0_0_3500m;5.00;138;138;9.06;25.47
2700.00;3000.00;2100.00;26.09;E0_1_3500m;5.00;175;175;11.18;26.23
2700.00;3000.00;1680.00;25.15;E0_0_3600m;5.00;140;140;9.28;25.27
2700.00;3000.00;2076.00;26.01;E0_1_3600m;5.00;173;174;11.11;26.16
2700.00;3000.00;1668.00;25.08;E0_0_3700m;5.00;139;139;9.24;25.19
2700.00;3000.00;2100.00;26.02;E0_1_3700m;5.00;175;175;11.21;26.16
2700.00;3000.00;1680.00;25.03;E0_0_3800m;5.00;140;140;9.32;25.12
2700.00;3000.00;2112.00;25.86;E0_1_3800m;5.00;176;175;11.29;25.98
2700.00;3000.00;1692.00;24.94;E0_0_3900m;5.00;141;140;9.37;25.03
2700.00;3000.00;2124.00;25.64;E0_1_3900m;5.00;177;177;11.50;25.74
2700.00;3000.00;1728.00;24.96;E0_0_4000m;5.00;144;144;9.62;25.03
2700.00;3000.00;2160.00;25.50;E0_1_4000m;5.00;180;180;11.76;25.59
2700.00;3000.00;1716.00;24.95;E0_0_4100m;5.00;143;143;9.55;25.02
2700.00;3000.00;2220.00;25.40;E0_1_4100m;5.00;185;185;12.14;25.49
2700.00;3000.00;1728.00;24.93;E0_0_4200m;5.00;144;145;9.68;25.00
2700.00;3000.00;2280.00;25.39;E0_1_4200m;5.00;190;190;12.47;25.51
2700.00;3000.00;1752.00;24.93;E0_0_4300m;5.00;146;146;9.76;24.99
2700.00;3000.00;2304.00;25.31;E0_1_4300m;5.00;192;192;12.64;25.40
2700.00;3000.00;1764.00;24.90;E0_0_4400m;5.00;147;147;9.84;24.96
2700.00;3000.00;2328.00;25.28;E0_1_4400m;5.00;194;193;12.74;25.37
2700.00;3000.00;1752.00;24.81;E0_0_4500m;5.00;146;146;9.81;24.86
2700.00;3000.00;2280.00;25.22;E0_1_4500m;5.00;190;190;12.56;25.31
2700.00;3000.00;1752.00;24.80;E0_0_4600m;5.00;146;146;9.81;24.86
2700.00;3000.00;2256.00;25.14;E0_1_4600m;5.00;188;188;12.47;25.21
2700.00;3000.00;1740.00;24.76;E0_0_4700m;5.00;145;145;9.76;24.81
2700.00;3000.00;2256.00;25.06;E0_1_4700m;5.00;188;188;12.50;25.11
2700.00;3000.00;1764.00;24.81;E0_0_4800m;5.00;147;147;9.88;24.85
2700.00;3000.00;2256.00;25.05;E0_1_4800m;5.00;188;188;12.51;25.11
2700.00;3000.00;1788.00;24.85;E0_0_4900m;5.00;149;149;9.99;24.88
2700.00;3000.00;2304.00;25.05;E0_1_4900m;5.00;192;192;12.77;25.11
2700.00;3000.00;1812.00;24.74;E0_0_5000m;5.00;151;150;10.13;24.77
2700.00;3000.00;2340.00;25.08;E0_1_5000m;5.00;195;195;12.96;25.13
3000.00;3300.00;0.00;-1.00;E0_0_0m;-1.00;0;0;0.00;-1.00
3000.00;3300.00;0.00;-1.00;E0_1_0m;-1.00;0;0;0.00;-1.00
3000.00;3300.00;1956.00;26.44;E0_0_100m;5.00;163;164;10.30;26.56
3000.00;3300.00;2184.00;27.24;E0_1_100m;5.00;182;182;11.13;27.43
3000.00;3300.00;1896.00;26.25;E0_0_200m;5.00;158;158;10.03;26.39
3000.00;3300.00;2244.00;27.26;E0_1_200m;5.00;187;187;11.43;27.47
3000.00;3300.00;1884.00;25.98;E0_0_300m;5.00;157;157;10.07;26.13
3000.00;3300.00;2244.00;27.13;E0_1_300m;5.00;187;187;11.49;27.33
3000.00;3300.00;1872.00;25.90;E0_0_400m;5.00;156;155;10.00;26.03
3000.00;3300.00;2256.00;27.05;E0_1_400m;5.00;188;188;11.58;27.27
3000.00;3300.00;1860.00;25.89;E0_0_500m;5.00;155;155;9.98;26.01
3000.00;3300.00;2280.00;26.79;E0_1_500m;5.00;190;190;11.82;27.00
3000.00;3300.00;1872.00;25.78;E0_0_600m;5.00;156;156;10.08;25.90
3000.00;3300.00;2268.00;26.46;E0_1_600m;5.00;189;189;11.91;26.66
3000.00;3300.00;1872.00;25.58;E0_0_700m;5.00;156;156;10.16;25.70
3000.00;3300.00;2304.00;26.12;E0_1_700m;5.00;192;192;12.25;26.32
3000.00;3300.00;1884.00;25.27;E0_0_800m;5.00;157;157;10.35;25.39
3000.00;3300.00;2304.00;25.79;E0_1_800m;5.00;192;192;12.37;25.97
3000.00;3300.00;1860.00;24.97;E0_0_900m;5.00;155;155;10.34;25.09
3000.00;3300.00;2304.00;25.53;E0_1_900m;5.00;192;192;12.53;25.74
3000.00;3300.00;1836.00;24.70;E0_0_1000m;5.00;153;152;10.30;24.82
3000.00;3300.00;2328.00;25.34;E0_1_1000m;5.00;194;194;12.76;25.58
3000.00;3300.00;1884.00;24.56;E0_0_1100m;5.00;157;156;10.60;24.69
3000.00;3300.00;2316.00;25.11;E0_1_1100m;5.00;193;193;12.81;25.36
3000.00;3300.00;1872.00;24.32;E0_0_1200m;5.00;156;156;10.69;24.44
3000.00;3300.00;2328.00;24.83;E0_1_1200m;5.00;194;194;13.02;25.07
3000.00;3300.00;1896.00;24.15;E0_0_1300m;5.00;158;158;10.91;24.27
3000.00;3300.00;2328.00;24.54;E0_1_1300m;5.00;194;193;13.17;24.75
3000.00;3300.00;1884.00;24.09;E0_0_1400m;5.00;157;157;10.86;24.21
3000.00;3300.00;2340.00;24.41;E0_1_1400m;5.00;195;194;13.26;24.60
3000.00;3300.00;1908.00;24.04;E0_0_1500m;5.00;159;159;11.02;24.19
3000.00;3300.00;2328.00;24.37;E0_1_1500m;5.00;194;194;13.27;24.56
3000.00;3300.00;1908.00;24.11;E0_0_1600m;5.00;159;158;10.96;24.26
3000.00;3300.00;2340.00;24.44;E0_1_1600m;5.00;195;194;13.24;24.64
3000.00;3300.00;1896.00;24.19;E0_0_1700m;5.00;158;158;10.88;24.34
3000.00;3300.00;2316.00;24.47;E0_1_1700m;5.00;193;193;13.14;24.67
3000.00;3300.00;1896.00;24.21;E0_0_1800m;5.00;158;158;10.88;24.34
3000.00;3300.00;2304.00;24.48;E0_1_1800m;5.00;192;192;13.07;24.66
3000.00;3300.00;1908.00;24.19;E0_0_1900m;5.00;159;159;10.95;24.32
3000.00;3300.00;2280.00;24.36;E0_1_1900m;5.00;190;190;13.00;24.53
3000.00;3300.00;1884.00;24.17;E0_0_2000m;5.00;157;157;10.83;24.30
3000.00;3300.00;2280.00;24.33;E0_1_2000m;5.00;190;190;13.02;24.49
3000.00;3300.00;1896.00;24.12;E0_0_2100m;5.00;158;158;10.92;24.25
3000.00;3300.00;2268.00;24.32;E0_1_2100m;5.00;189;189;12.95;24.49
3000.00;3300.00;1896.00;24.11;E0_0_2200m;5.00;158;158;10.92;24.23
3000.00;3300.00;2268.00;24.27;E0_1_2200m;5.00;189;189;12.98;24.43
3000.00;3300.00;1908.00;24.11;E0_0_2300m;5.00;159;159;10.99;24.23
3000.00;3300.00;2256.00;24.23;E0_1_2300m;5.00;188;189;13.00;24.38
3000.00;3300.00;1884.00;24.12;E0_0_2400m;5.00;157;157;10.85;24.23
3000.00;3300.00;2232.00;24.27;E0_1_2400m;5.00;186;187;12.78;24.42
3000.00;3300.00;1860.00;24.12;E0_0_2500m;5.00;155;155;10.71;24.23
3000.00;3300.00;2220.00;24.30;E0_1_2500m;5.00;185;185;12.69;24.44
3000.00;3300.00;1860.00;24.17;E0_0_2600m;5.00;155;155;10.69;24.27
3000.00;3300.00;2220.00;24.28;E0_1_2600m;5.00;185;185;12.70;24.40
3000.00;3300.00;1824.00;24.12;E0_0_2700m;5.00;152;152;10.50;24.21
3000.00;3300.00;2196.00;24.26;E0_1_2700m;5.00;183;183;12.57;24.36
3000.00;3300.00;1788.00;24.14;E0_0_2800m;5.00;149;149;10.29;24.22
3000.00;3300.00;2160.00;24.24;E0_1_2800m;5.00;180;180;12.38;24.33
3000.00;3300.00;1764.00;24.15;E0_0_2900m;5.00;147;147;10.14;24.23
3000.00;3300.00;2136.00;24.27;E0_1_2900m;5.00;178;177;12.20;24.36
3000.00;3300.00;1752.00;24.18;E0_0_3000m;5.00;146;146;10.07;24.25
3000.00;3300.00;2100.00;24.32;E0_1_3000m;5.00;175;176;12.05;24.42
3000.00;3300.00;1728.00;24.25;E0_0_3100m;5.00;144;144;9.90;24.32
3000.00;3300.00;2088.00;24.37;E0_1_3100m;5.00;174;174;11.90;24.46
3000.00;3300.00;1716.00;24.32;E0_0_3200m;5.00;143;143;9.80;24.40
3000.00;3300.00;2088.00;24.50;E0_1_3200m;5.00;174;174;11.84;24.60
3000.00;3300.00;1716.00;24.48;E0_0_3300m;5.00;143;142;9.70;24.56
3000.00;3300.00;2076.00;24.65;E0_1_3300m;5.00;173;173;11.70;24.76
3000.00;3300.00;1692.00;24.62;E0_0_3400m;5.00;141;141;9.55;24.70
3000.00;3300.00;2076.00;24.84;E0_1_3400m;5.00;173;174;11.63;24.96
3000.00;3300.00;1692.00;24.79;E0_0_3500m;5.00;141;141;9.48;24.87
3000.00;3300.00;2076.00;25.00;E0_1_3500m;5.00;173;173;11.54;25.12
3000.00;3300.00;1704.00;24.90;E0_0_3600m;5.00;142;141;9.48;24.99
3000.00;3300.00;2076.00;25.11;E0_1_3600m;5.00;173;172;11.46;25.23
3000.00;3300.00;1692.00;24.94;E0_0_3700m;5.00;141;142;9.48;25.02
3000.00;3300.00;2064.00;25.15;E0_1_3700m;5.00;172;172;11.40;25.26
3000.00;3300.00;1692.00;24.94;E0_0_3800m;5.00;141;141;9.42;25.01
3000.00;3300.00;2052.00;25.15;E0_1_3800m;5.00;171;171;11.33;25.26
3000.00;3300.00;1692.00;24.96;E0_0_3900m;5.00;141;141;9.41;25.03
3000.00;3300.00;2028.00;25.21;E0_1_3900m;5.00;169;170;11.23;25.32
3000.00;3300.00;1632.00;25.03;E0_0_4000m;5.00;136;136;9.06;25.09
3000.00;3300.00;2016.00;25.24;E0_1_4000m;5.00;168;168;11.09;25.34
3000.00;3300.00;1608.00;25.10;E0_0_4100m;5.00;134;135;8.95;25.15
3000.00;3300.00;1980.00;25.28;E0_1_4100m;5.00;165;165;10.88;25.37
3000.00;3300.00;1584.00;25.09;E0_0_4200m;5.00;132;132;8.77;25.13
3000.00;3300.00;1944.00;25.32;E0_1_4200m;5.00;162;162;10.66;25.41
3000.00;3300.00;1560.00;25.09;E0_0_4300m;5.00;130;130;8.64;25.11
3000.00;3300.00;1920.00;25.40;E0_1_4300m;5.00;160;160;10.50;25.48
3000.00;3300.00;1572.00;25.08;E0_0_4400m;5.00;131;131;8.71;25.11
3000.00;3300.00;1944.00;25.45;E0_1_4400m;5.00;162;162;10.61;25.54
3000.00;3300.00;1596.00;25.14;E0_0_4500m;5.00;133;133;8.82;25.17
3000.00;3300.00;1980.00;25.49;E0_1_4500m;5.00;165;165;10.79;25.58
3000.00;3300.00;1608.00;25.21;E0_0_4600m;5.00;134;134;8.86;25.26
3000.00;3300.00;1992.00;25.50;E0_1_4600m;5.00;166;166;10.85;25.59
3000.00;3300.00;1608.00;25.22;E0_0_4700m;5.00;134;134;8.85;25.27
3000.00;3300.00;2004.00;25.49;E0_1_4700m;5.00;167;167;10.92;25.59
3000.00;3300.00;1632.00;25.28;E0_0_4800m;5.00;136;136;8.97;25.34
3000.00;3300.00;1992.00;25.48;E0_1_4800m;5.00;166;166;10.86;25.58
3000.00;3300.00;1632.00;25.29;E0_0_4900m;5.00;136;136;8.96;25.35
3000.00;3300.00;1992.00;25.48;E0_1_4900m;5.00;166;166;10.86;25.58
3000.00;3300.00;1644.00;25.34;E0_0_5000m;5.00;137;137;9.01;25.40
3000.00;3300.00;1992.00;25.50;E0_1_5000m;5.00;166;166;10.85;25.61
3300.00;3600.00;0.00;-1.00;E0_0_0m;-1.00;0;0;0.00;-1.00
3300.00;3600.00;0.00;-1.00;E0_1_0m;-1.00;0;0;0.00;-1.00
3300.00;3600.00;1668.00;26.46;E0_0_100m;5.00;139;139;8.75;26.63
3300.00;3600.00;2076.00;27.00;E0_1_100m;5.00;173;174;10.68;27.17
3300.00;3600.00;1680.00;26.56;E0_0_200m;5.00;140;140;8.79;26.74
3300.00;3600.00;2040.00;27.26;E0_1_200m;5.00;170;170;10.40;27.50
3300.00;3600.00;1632.00;26.56;E0_0_300m;5.00;136;136;8.53;26.73
3300.00;3600.00;2076.00;27.33;E0_1_300m;5.00;173;173;10.55;27.59
3300.00;3600.00;1644.00;26.50;E0_0_400m;5.00;137;137;8.62;26.66
3300.00;3600.00;2076.00;27.40;E0_1_400m;5.00;173;173;10.52;27.67
3300.00;3600.00;1656.00;26.50;E0_0_500m;5.00;138;138;8.68;26.66
3300.00;3600.00;2052.00;27.31;E0_1_500m;5.00;171;171;10.43;27.55
3300.00;3600.00;1656.00;26.45;E0_0_600m;5.00;138;138;8.70;26.60
3300.00;3600.00;2052.00;27.13;E0_1_600m;5.00;171;172;10.54;27.36
3300.00;3600.00;1656.00;26.38;E0_0_700m;5.00;138;138;8.72;26.52
3300.00;3600.00;2016.00;26.99;E0_1_700m;5.00;168;168;10.37;27.21
3300.00;3600.00;1608.00;26.10;E0_0_800m;5.00;134;134;8.56;26.22
3300.00;3600.00;2064.00;26.90;E0_1_800m;5.00;172;171;10.65;27.10
3300.00;3600.00;1632.00;25.98;E0_0_900m;5.00;136;136;8.73;26.10
3300.00;3600.00;2052.00;26.81;E0_1_900m;5.00;171;171;10.63;27.00
3300.00;3600.00;1620.00;25.94;E0_0_1000m;5.00;135;135;8.67;26.05
3300.00;3600.00;2076.00;26.75;E0_1_1000m;5.00;173;173;10.78;26.91
3300.00;3600.00;1620.00;25.93;E0_0_1100m;5.00;135;135;8.68;26.04
3300.00;3600.00;2052.00;26.81;E0_1_1100m;5.00;171;172;10.67;26.96
3300.00;3600.00;1608.00;25.94;E0_0_1200m;5.00;134;134;8.61;26.05
3300.00;3600.00;2064.00;26.76;E0_1_1200m;5.00;172;172;10.71;26.91
3300.00;3600.00;1584.00;25.94;E0_0_1300m;5.00;132;132;8.48;26.06
3300.00;3600.00;2064.00;26.61;E0_1_1300m;5.00;172;172;10.77;26.76
3300.00;3600.00;1584.00;25.80;E0_0_1400m;5.00;132;133;8.55;25.92
3300.00;3600.00;2064.00;26.55;E0_1_1400m;5.00;172;172;10.80;26.70
3300.00;3600.00;1560.00;25.70;E0_0_1500m;5.00;130;131;8.47;25.82
3300.00;3600.00;2064.00;26.47;E0_1_1500m;5.00;172;172;10.83;26.62
3300.00;3600.00;1596.00;25.69;E0_0_1600m;5.00;133;133;8.63;25.82
3300.00;3600.00;2040.00;26.42;E0_1_1600m;5.00;170;171;10.77;26.58
3300.00;3600.00;1620.00;25.52;E0_0_1700m;5.00;135;135;8.82;25.65
3300.00;3600.00;2028.00;26.39;E0_1_1700m;5.00;169;169;10.67;26.57
3300.00;3600.00;1620.00;25.32;E0_0_1800m;5.00;135;136;8.90;25.47
3300.00;3600.00;2040.00;26.21;E0_1_1800m;5.00;170;170;10.81;26.38
3300.00;3600.00;1656.00;25.20;E0_0_1900m;5.00;138;138;9.13;25.39
3300.00;3600.00;2040.00;26.09;E0_1_1900m;5.00;170;171;10.92;26.25
3300.00;3600.00;1656.00;24.80;E0_0_2000m;5.00;138;138;9.27;24.95
3300.00;3600.00;2040.00;25.86;E0_1_2000m;5.00;170;170;10.96;26.05
3300.00;3600.00;1656.00;24.63;E0_0_2100m;5.00;138;139;9.34;24.79
3300.00;3600.00;2028.00;25.55;E0_1_2100m;5.00;169;169;11.03;25.78
3300.00;3600.00;1704.00;24.45;E0_0_2200m;5.00;142;143;9.70;24.61
3300.00;3600.00;2016.00;25.19;E0_1_2200m;5.00;168;168;11.12;25.45
3300.00;3600.00;1716.00;24.24;E0_0_2300m;5.00;143;143;9.83;24.40
3300.00;3600.00;2064.00;24.87;E0_1_2300m;5.00;172;171;11.45;25.12
3300.00;3600.00;1692.00;24.10;E0_0_2400m;5.00;141;141;9.75;24.28
3300.00;3600.00;2100.00;24.69;E0_1_2400m;5.00;175;174;11.80;24.94
3300.00;3600.00;1716.00;24.02;E0_0_2500m;5.00;143;143;9.92;24.20
3300.00;3600.00;2100.00;24.62;E0_1_2500m;5.00;175;175;11.85;24.89
3300.00;3600.00;1728.00;23.92;E0_0_2600m;5.00;144;144;10.03;24.11
3300.00;3600.00;2088.00;24.50;E0_1_2600m;5.00;174;174;11.84;24.77
3300.00;3600.00;1740.00;23.90;E0_0_2700m;5.00;145;145;10.11;24.09
3300.00;3600.00;2100.00;24.42;E0_1_2700m;5.00;175;175;11.94;24.68
3300.00;3600.00;1764.00;23.84;E0_0_2800m;5.00;147;147;10.28;24.02
3300.00;3600.00;2088.00;24.31;E0_1_2800m;5.00;174;174;11.93;24.56
3300.00;3600.00;1776.00;23.78;E0_0_2900m;5.00;148;148;10.37;23.97
3300.00;3600.00;2076.00;24.15;E0_1_2900m;5.00;173;173;11.94;24.38
3300.00;3600.00;1752.00;23.60;E0_0_3000m;5.00;146;146;10.31;23.78
3300.00;3600.00;2088.00;24.11;E0_1_3000m;5.00;174;173;11.97;24.34
3300.00;3600.00;1764.00;23.52;E0_0_3100m;5.00;147;147;10.42;23.69
3300.00;3600.00;2100.00;24.10;E0_1_3100m;5.00;175;175;12.10;24.36
3300.00;3600.00;1824.00;23.53;E0_0_3200m;5.00;152;152;10.77;23.70
3300.00;3600.00;2112.00;24.17;E0_1_3200m;5.00;176;176;12.14;24.47
3300.00;3600.00;1860.00;23.48;E0_0_3300m;5.00;155;155;11.00;23.64
3300.00;3600.00;2148.00;24.07;E0_1_3300m;5.00;179;179;12.39;24.36
3300.00;3600.00;1896.00;23.46;E0_0_3400m;5.00;158;158;11.22;23.63
3300.00;3600.00;2196.00;23.92;E0_1_3400m;5.00;183;182;12.73;24.17
3300.00;3600.00;1932.00;23.41;E0_0_3500m;5.00;161;161;11.46;23.56
3300.00;3600.00;2232.00;23.83;E0_1_3500m;5.00;186;186;13.01;24.06
3300.00;3600.00;1944.00;23.30;E0_0_3600m;5.00;162;162;11.59;23.44
3300.00;3600.00;2280.00;23.79;E0_1_3600m;5.00;190;190;13.31;24.01
3300.00;3600.00;1980.00;23.27;E0_0_3700m;5.00;165;164;11.76;23.41
3300.00;3600.00;2316.00;23.78;E0_1_3700m;5.00;193;193;13.53;24.01
3300.00;3600.00;2004.00;23.27;E0_0_3800m;5.00;167;167;11.96;23.40
3300.00;3600.00;2352.00;23.79;E0_1_3800m;5.00;196;196;13.73;24.03
3300.00;3600.00;1992.00;23.15;E0_0_3900m;5.00;166;166;11.95;23.26
3300.00;3600.00;2388.00;23.68;E0_1_3900m;5.00;199;198;13.95;23.90
3300.00;3600.00;1980.00;23.04;E0_0_4000m;5.00;165;166;11.99;23.13
3300.00;3600.00;2400.00;23.61;E0_1_4000m;5.00;200;200;14.12;23.82
3300.00;3600.00;2004.00;22.97;E0_0_4100m;5.00;167;166;12.07;23.06
3300.00;3600.00;2412.00;23.59;E0_1_4100m;5.00;201;201;14.20;23.81
3300.00;3600.00;2004.00;22.91;E0_0_4200m;5.00;167;167;12.15;22.99
3300.00;3600.00;2400.00;23.55;E0_1_4200m;5.00;200;200;14.15;23.78
3300.00;3600.00;2052.00;22.92;E0_0_4300m;5.00;171;171;12.43;22.99
3300.00;3600.00;2412.00;23.53;E0_1_4300m;5.00;201;202;14.25;23.76
3300.00;3600.00;2028.00;22.90;E0_0_4400m;5.00;169;169;12.30;22.96
3300.00;3600.00;2400.00;23.52;E0_1_4400m;5.00;200;200;14.17;23.75
3300.00;3600.00;2028.00;22.95;E0_0_4500m;5.00;169;169;12.27;23.00
3300.00;3600.00;2364.00;23.52;E0_1_4500m;5.00;197;197;13.96;23.73
3300.00;3600.00;2004.00;22.98;E0_0_4600m;5.00;167;167;12.11;23.03
3300.00;3600.00;2328.00;23.59;E0_1_4600m;5.00;194;194;13.70;23.81
3300.00;3600.00;2004.00;23.06;E0_0_4700m;5.00;167;167;12.07;23.11
3300.00;3600.00;2316.00;23.67;E0_1_4700m;5.00;193;193;13.59;23.88
3300.00;3600.00;1992.00;23.17;E0_0_4800m;5.00;166;166;11.94;23.21
3300.00;3600.00;2304.00;23.69;E0_1_4800m;5.00;192;192;13.51;23.85
3300.00;3600.00;1956.00;23.32;E0_0_4900m;5.00;163;164;11.65;23.37
3300.00;3600.00;2268.00;23.69;E0_1_4900m;5.00;189;190;13.31;23.80
3300.00;3600.00;1920.00;23.49;E0_0_5000m;5.00;160;160;11.35;23.55
3300.00;3600.00;2244.00;23.76;E0_1_5000m;5.00;187;187;13.12;23.86
3600.00;3900.00;0.00;-1.00;E0_0_0m;-1.00;0;0;0.00;-1.00
3600.00;3900.00;0.00;-1.00;E0_1_0m;-1.00;0;0;0.00;-1.00
3600.00;3900.00;1836.00;25.83;E0_0_100m;5.00;153;154;9.94;25.96
3600.00;3900.00;2256.00;27.24;E0_1_100m;5.00;188;187;11.50;27.37
3600.00;3900.00;1848.00;25.91;E0_0_200m;5.00;154;154;9.90;26.05
3600.00;3900.00;2244.00;27.40;E0_1_200m;5.00;187;187;11.37;27.55
3600.00;3900.00;1848.00;25.89;E0_0_300m;5.00;154;154;9.91;26.01
3600.00;3900.00;2232.00;27.41;E0_1_300m;5.00;186;187;11.34;27.57
3600.00;3900.00;1836.00;25.79;E0_0_400m;5.00;153;153;9.89;25.88
3600.00;3900.00;2268.00;27.26;E0_1_400m;5.00;189;189;11.56;27.40
3600.00;3900.00;1860.00;25.70;E0_0_500m;5.00;155;155;10.05;25.77
3600.00;3900.00;2292.00;27.00;E0_1_500m;5.00;191;191;11.79;27.12
3600.00;3900.00;1848.00;25.56;E0_0_600m;5.00;154;154;10.04;25.63
3600.00;3900.00;2316.00;26.78;E0_1_600m;5.00;193;192;11.97;26.89
3600.00;3900.00;1836.00;25.42;E0_0_700m;5.00;153;153;10.03;25.49
3600.00;3900.00;2316.00;26.57;E0_1_700m;5.00;193;193;12.11;26.64
3600.00;3900.00;1896.00;25.38;E0_0_800m;5.00;158;158;10.38;25.45
3600.00;3900.00;2304.00;26.55;E0_1_800m;5.00;192;192;12.05;26.61
3600.00;3900.00;1860.00;25.28;E0_0_900m;5.00;155;156;10.25;25.36
3600.00;3900.00;2316.00;26.52;E0_1_900m;5.00;193;193;12.13;26.58
3600.00;3900.00;1884.00;25.25;E0_0_1000m;5.00;157;157;10.36;25.33
3600.00;3900.00;2292.00;26.53;E0_1_1000m;5.00;191;191;12.00;26.60
3600.00;3900.00;1896.00;25.31;E0_0_1100m;5.00;158;159;10.41;25.38
3600.00;3900.00;2304.00;26.41;E0_1_1100m;5.00;192;191;12.07;26.48
3600.00;3900.00;1872.00;25.26;E0_0_1200m;5.00;156;156;10.29;25.34
3600.00;3900.00;2304.00;26.32;E0_1_1200m;5.00;192;193;12.16;26.38
3600.00;3900.00;1884.00;25.23;E0_0_1300m;5.00;157;158;10.41;25.32
3600.00;3900.00;2304.00;26.26;E0_1_1300m;5.00;192;193;12.24;26.32
3600.00;3900.00;1884.00;25.23;E0_0_1400m;5.00;157;156;10.35;25.31
3600.00;3900.00;2304.00;26.24;E0_1_1400m;5.00;192;193;12.23;26.30
3600.00;3900.00;1872.00;25.33;E0_0_1500m;5.00;156;155;10.23;25.39
3600.00;3900.00;2316.00;26.29;E0_1_1500m;5.00;193;193;12.24;26.34
3600.00;3900.00;1896.00;25.35;E0_0_1600m;5.00;158;158;10.39;25.41
3600.00;3900.00;2280.00;26.36;E0_1_1600m;5.00;190;192;12.05;26.42
3600.00;3900.00;1884.00;25.31;E0_0_1700m;5.00;157;158;10.37;25.37
3600.00;3900.00;2280.00;26.40;E0_1_1700m;5.00;190;191;12.02;26.45
3600.00;3900.00;1860.00;25.27;E0_0_1800m;5.00;155;155;10.26;25.33
3600.00;3900.00;2292.00;26.44;E0_1_1800m;5.00;191;192;12.08;26.50
3600.00;3900.00;1860.00;25.27;E0_0_1900m;5.00;155;155;10.22;25.33
3600.00;3900.00;2268.00;26.51;E0_1_1900m;5.00;189;189;11.88;26.57
3600.00;3900.00;1848.00;25.21;E0_0_2000m;5.00;154;154;10.18;25.28
3600.00;3900.00;2280.00;26.50;E0_1_2000m;5.00;190;190;11.95;26.56
3600.00;3900.00;1848.00;25.19;E0_0_2100m;5.00;154;153;10.19;25.25
3600.00;3900.00;2280.00;26.50;E0_1_2100m;5.00;190;190;11.95;26.55
3600.00;3900.00;1824.00;25.25;E0_0_2200m;5.00;152;152;10.03;25.31
3600.00;3900.00;2268.00;26.47;E0_1_2200m;5.00;189;189;11.90;26.52
3600.00;3900.00;1800.00;25.24;E0_0_2300m;5.00;150;151;9.96;25.30
3600.00;3900.00;2232.00;26.44;E0_1_2300m;5.00;186;186;11.73;26.48
3600.00;3900.00;1800.00;25.22;E0_0_2400m;5.00;150;150;9.91;25.27
3600.00;3900.00;2220.00;26.42;E0_1_2400m;5.00;185;185;11.67;26.46
3600.00;3900.00;1800.00;25.25;E0_0_2500m;5.00;150;150;9.90;25.29
3600.00;3900.00;2208.00;26.40;E0_1_2500m;5.00;184;184;11.62;26.45
3600.00;3900.00;1800.00;25.30;E0_0_2600m;5.00;150;150;9.88;25.34
3600.00;3900.00;2220.00;26.33;E0_1_2600m;5.00;185;186;11.73;26.38
3600.00;3900.00;1776.00;25.25;E0_0_2700m;5.00;148;148;9.77;25.30
3600.00;3900.00;2232.00;26.28;E0_1_2700m;5.00;186;186;11.80;26.33
3600.00;3900.00;1788.00;25.19;E0_0_2800m;5.00;149;149;9.86;25.24
3600.00;3900.00;2268.00;26.20;E0_1_2800m;5.00;189;189;12.02;26.25
3600.00;3900.00;1788.00;25.15;E0_0_2900m;5.00;149;149;9.88;25.20
3600.00;3900.00;2304.00;26.10;E0_1_2900m;5.00;192;192;12.26;26.16
3600.00;3900.00;1788.00;25.18;E0_0_3000m;5.00;149;149;9.86;25.23
3600.00;3900.00;2316.00;26.02;E0_1_3000m;5.00;193;193;12.36;26.08
3600.00;3900.00;1800.00;25.08;E0_0_3100m;5.00;150;151;9.98;25.14
3600.00;3900.00;2304.00;25.99;E0_1_3100m;5.00;192;192;12.31;26.06
3600.00;3900.00;1788.00;25.02;E0_0_3200m;5.00;149;149;9.93;25.07
3600.00;3900.00;2256.00;26.01;E0_1_3200m;5.00;188;188;12.04;26.09
3600.00;3900.00;1764.00;25.02;E0_0_3300m;5.00;147;147;9.79;25.08
3600.00;3900.00;2208.00;25.99;E0_1_3300m;5.00;184;184;11.80;26.07
3600.00;3900.00;1728.00;25.06;E0_0_3400m;5.00;144;144;9.58;25.11
3600.00;3900.00;2184.00;26.00;E0_1_3400m;5.00;182;182;11.67;26.07
3600.00;3900.00;1692.00;25.13;E0_0_3500m;5.00;141;141;9.35;25.19
3600.00;3900.00;2148.00;26.03;E0_1_3500m;5.00;179;179;11.46;26.11
3600.00;3900.00;1668.00;25.13;E0_0_3600m;5.00;139;139;9.22;25.18
3600.00;3900.00;2100.00;26.15;E0_1_3600m;5.00;175;175;11.16;26.23
3600.00;3900.00;1668.00;24.98;E0_0_3700m;5.00;139;139;9.27;25.03
3600.00;3900.00;2100.00;26.18;E0_1_3700m;5.00;175;175;11.14;26.26
3600.00;3900.00;1680.00;24.84;E0_0_3800m;5.00;140;140;9.39;24.89
3600.00;3900.00;2064.00;26.12;E0_1_3800m;5.00;172;172;10.98;26.20
3600.00;3900.00;1716.00;24.68;E0_0_3900m;5.00;143;144;9.70;24.75
3600.00;3900.00;2028.00;25.93;E0_1_3900m;5.00;169;169;10.86;26.00
3600.00;3900.00;1752.00;24.63;E0_0_4000m;5.00;146;145;9.83;24.70
3600.00;3900.00;2052.00;25.79;E0_1_4000m;5.00;171;171;11.05;25.87
3600.00;3900.00;1752.00;24.69;E0_0_4100m;5.00;146;146;9.85;24.76
3600.00;3900.00;2052.00;25.66;E0_1_4100m;5.00;171;171;11.11;25.75
3600.00;3900.00;1752.00;24.83;E0_0_4200m;5.00;146;146;9.80;24.89
3600.00;3900.00;2052.00;25.59;E0_1_4200m;5.00;171;171;11.14;25.69
3600.00;3900.00;1704.00;24.79;E0_0_4300m;5.00;142;142;9.55;24.85
3600.00;3900.00;2040.00;25.52;E0_1_4300m;5.00;170;169;11.08;25.63
3600.00;3900.00;1692.00;24.75;E0_0_4400m;5.00;141;141;9.50;24.81
3600.00;3900.00;2028.00;25.50;E0_1_4400m;5.00;169;169;11.05;25.61
3600.00;3900.00;1644.00;24.68;E0_0_4500m;5.00;137;137;9.25;24.74
3600.00;3900.00;2040.00;25.51;E0_1_4500m;5.00;170;170;11.11;25.63
3600.00;3900.00;1632.00;24.68;E0_0_4600m;5.00;136;136;9.19;24.74
3600.00;3900.00;2040.00;25.51;E0_1_4600m;5.00;170;170;11.11;25.63
3600.00;3900.00;1620.00;24.66;E0_0_4700m;5.00;135;135;9.12;24.74
3600.00;3900.00;1992.00;25.46;E0_1_4700m;5.00;166;166;10.87;25.60
3600.00;3900.00;1596.00;24.64;E0_0_4800m;5.00;133;133;9.00;24.72
3600.00;3900.00;1968.00;25.45;E0_1_4800m;5.00;164;164;10.74;25.59
3600.00;3900.00;1596.00;24.55;E0_0_4900m;5.00;133;132;9.03;24.64
3600.00;3900.00;1980.00;25.49;E0_1_4900m;5.00;165;164;10.77;25.65
3600.00;3900.00;1608.00;24.46;E0_0_5000m;5.00;134;134;9.13;24.56
3600.00;3900.00;1980.00;25.51;E0_1_5000m;5.00;165;165;10.78;25.68
3900.00;4200.00;0.00;-1.00;E0_0_0m;-1.00;0;0;0.00;-1.00
3900.00;4200.00;0.00;-1.00;E0_1_0m;-1.00;0;0;0.00;-1.00
3900.00;4200.00;1752.00;26.15;E0_0_100m;5.00;146;146;9.26;26.27
3900.00;4200.00;2100.00;27.00;E0_1_100m;5.00;175;175;10.80;27.15
3900.00;4200.00;1752.00;26.12;E0_0_200m;5.00;146;147;9.36;26.28
3900.00;4200.00;2088.00;27.10;E0_1_200m;5.00;174;174;10.70;27.35
3900.00;4200.00;1752.00;25.95;E0_0_300m;5.00;146;147;9.39;26.14
3900.00;4200.00;2088.00;26.83;E0_1_300m;5.00;174;174;10.81;27.11
3900.00;4200.00;1716.00;25.84;E0_0_400m;5.00;143;143;9.23;26.04
3900.00;4200.00;2100.00;26.59;E0_1_400m;5.00;175;175;10.97;26.89
3900.00;4200.00;1668.00;25.77;E0_0_500m;5.00;139;140;9.01;25.99
3900.00;4200.00;2076.00;26.46;E0_1_500m;5.00;173;173;10.90;26.78
3900.00;4200.00;1680.00;25.61;E0_0_600m;5.00;140;140;9.11;25.82
3900.00;4200.00;2040.00;26.33;E0_1_600m;5.00;170;170;10.76;26.67
3900.00;4200.00;1692.00;25.42;E0_0_700m;5.00;141;141;9.25;25.62
3900.00;4200.00;2052.00;26.23;E0_1_700m;5.00;171;171;10.86;26.61
3900.00;4200.00;1644.00;25.26;E0_0_800m;5.00;137;138;9.09;25.47
3900.00;4200.00;2040.00;26.13;E0_1_800m;5.00;170;170;10.84;26.52
3900.00;4200.00;1668.00;25.21;E0_0_900m;5.00;139;138;9.16;25.42
3900.00;4200.00;2052.00;26.06;E0_1_900m;5.00;171;171;10.94;26.45
3900.00;4200.00;1656.00;25.01;E0_0_1000m;5.00;138;138;9.20;25.21
3900.00;4200.00;2064.00;25.82;E0_1_1000m;5.00;172;172;11.10;26.19
3900.00;4200.00;1644.00;24.83;E0_0_1100m;5.00;137;136;9.19;25.02
3900.00;4200.00;2064.00;25.60;E0_1_1100m;5.00;172;172;11.20;25.95
3900.00;4200.00;1668.00;24.69;E0_0_1200m;5.00;139;139;9.38;24.88
3900.00;4200.00;2076.00;25.40;E0_1_1200m;5.00;173;172;11.35;25.74
3900.00;4200.00;1656.00;24.41;E0_0_1300m;5.00;138;139;9.45;24.59
3900.00;4200.00;2076.00;25.09;E0_1_1300m;5.00;173;172;11.44;25.42
3900.00;4200.00;1680.00;24.28;E0_0_1400m;5.00;140;140;9.61;24.46
3900.00;4200.00;2088.00;24.88;E0_1_1400m;5.00;174;173;11.62;25.19
3900.00;4200.00;1728.00;24.16;E0_0_1500m;5.00;144;144;9.93;24.32
3900.00;4200.00;2112.00;24.68;E0_1_1500m;5.00;176;176;11.88;24.97
3900.00;4200.00;1752.00;24.01;E0_0_1600m;5.00;146;146;10.14;24.15
3900.00;4200.00;2124.00;24.30;E0_1_1600m;5.00;177;176;12.14;24.50
3900.00;4200.00;1752.00;23.86;E0_0_1700m;5.00;146;145;10.16;24.00
3900.00;4200.00;2136.00;24.07;E0_1_1700m;5.00;178;177;12.30;24.25
3900.00;4200.00;1752.00;23.72;E0_0_1800m;5.00;146;145;10.20;23.86
3900.00;4200.00;2148.00;23.92;E0_1_1800m;5.00;179;178;12.43;24.08
3900.00;4200.00;1776.00;23.70;E0_0_1900m;5.00;148;148;10.41;23.83
3900.00;4200.00;2136.00;23.75;E0_1_1900m;5.00;178;178;12.49;23.89
3900.00;4200.00;1776.00;23.60;E0_0_2000m;5.00;148;148;10.45;23.72
3900.00;4200.00;2148.00;23.64;E0_1_2000m;5.00;179;179;12.62;23.77
3900.00;4200.00;1812.00;23.55;E0_0_2100m;5.00;151;151;10.69;23.66
3900.00;4200.00;2172.00;23.57;E0_1_2100m;5.00;181;181;12.80;23.70
3900.00;4200.00;1824.00;23.49;E0_0_2200m;5.00;152;152;10.79;23.58
3900.00;4200.00;2196.00;23.52;E0_1_2200m;5.00;183;184;13.00;23.63
3900.00;4200.00;1860.00;23.46;E0_0_2300m;5.00;155;154;10.95;23.55
3900.00;4200.00;2196.00;23.43;E0_1_2300m;5.00;183;183;13.02;23.53
3900.00;4200.00;1872.00;23.41;E0_0_2400m;5.00;156;156;11.11;23.48
3900.00;4200.00;2208.00;23.36;E0_1_2400m;5.00;184;184;13.13;23.44
3900.00;4200.00;1872.00;23.36;E0_0_2500m;5.00;156;156;11.13;23.43
3900.00;4200.00;2244.00;23.35;E0_1_2500m;5.00;187;187;13.35;23.43
3900.00;4200.00;1884.00;23.35;E0_0_2600m;5.00;157;157;11.21;23.41
3900.00;4200.00;2244.00;23.34;E0_1_2600m;5.00;187;187;13.35;23.41
3900.00;4200.00;1896.00;23.35;E0_0_2700m;5.00;158;158;11.28;23.42
3900.00;4200.00;2244.00;23.34;E0_1_2700m;5.00;187;187;13.35;23.41
3900.00;4200.00;1872.00;23.34;E0_0_2800m;5.00;156;156;11.14;23.40
3900.00;4200.00;2208.00;23.32;E0_1_2800m;5.00;184;184;13.15;23.39
3900.00;4200.00;1848.00;23.32;E0_0_2900m;5.00;154;155;11.01;23.39
3900.00;4200.00;2196.00;23.32;E0_1_2900m;5.00;183;183;13.08;23.40
3900.00;4200.00;1848.00;23.31;E0_0_3000m;5.00;154;155;11.02;23.38
3900.00;4200.00;2196.00;23.35;E0_1_3000m;5.00;183;183;13.06;23.43
3900.00;4200.00;1836.00;23.31;E0_0_3100m;5.00;153;152;10.93;23.38
3900.00;4200.00;2196.00;23.37;E0_1_3100m;5.00;183;183;13.05;23.45
3900.00;4200.00;1824.00;23.27;E0_0_3200m;5.00;152;153;10.90;23.33
3900.00;4200.00;2196.00;23.37;E0_1_3200m;5.00;183;183;13.05;23.45
3900.00;4200.00;1836.00;23.23;E0_0_3300m;5.00;153;153;10.98;23.29
3900.00;4200.00;2196.00;23.39;E0_1_3300m;5.00;183;183;13.04;23.47
3900.00;4200.00;1836.00;23.21;E0_0_3400m;5.00;153;154;11.00;23.27
3900.00;4200.00;2184.00;23.42;E0_1_3400m;5.00;182;182;12.95;23.53
3900.00;4200.00;1836.00;23.16;E0_0_3500m;5.00;153;154;11.03;23.21
3900.00;4200.00;2184.00;23.40;E0_1_3500m;5.00;182;182;12.96;23.50
3900.00;4200.00;1824.00;23.10;E0_0_3600m;5.00;152;153;10.98;23.16
3900.00;4200.00;2196.00;23.45;E0_1_3600m;5.00;183;183;13.01;23.56
3900.00;4200.00;1788.00;23.05;E0_0_3700m;5.00;149;150;10.78;23.11
3900.00;4200.00;2160.00;23.45;E0_1_3700m;5.00;180;180;12.79;23.57
3900.00;4200.00;1752.00;23.03;E0_0_3800m;5.00;146;147;10.58;23.10
3900.00;4200.00;2148.00;23.53;E0_1_3800m;5.00;179;179;12.68;23.68
3900.00;4200.00;1740.00;23.08;E0_0_3900m;5.00;145;144;10.43;23.15
3900.00;4200.00;2136.00;23.60;E0_1_3900m;5.00;178;178;12.57;23.78
3900.00;4200.00;1728.00;23.08;E0_0_4000m;5.00;144;144;10.40;23.15
3900.00;4200.00;2112.00;23.62;E0_1_4000m;5.00;176;176;12.42;23.80
3900.00;4200.00;1728.00;23.08;E0_0_4100m;5.00;144;144;10.40;23.15
3900.00;4200.00;2100.00;23.63;E0_1_4100m;5.00;175;175;12.34;23.82
3900.00;4200.00;1740.00;23.11;E0_0_4200m;5.00;145;145;10.46;23.18
3900.00;4200.00;2100.00;23.65;E0_1_4200m;5.00;175;175;12.33;23.84
3900.00;4200.00;1764.00;23.15;E0_0_4300m;5.00;147;147;10.59;23.22
3900.00;4200.00;2148.00;23.69;E0_1_4300m;5.00;179;179;12.60;23.87
3900.00;4200.00;1800.00;23.17;E0_0_4400m;5.00;150;150;10.79;23.25
3900.00;4200.00;2184.00;23.71;E0_1_4400m;5.00;182;182;12.80;23.89
3900.00;4200.00;1824.00;23.18;E0_0_4500m;5.00;152;152;10.93;23.25
3900.00;4200.00;2196.00;23.73;E0_1_4500m;5.00;183;183;12.85;23.90
3900.00;4200.00;1824.00;23.18;E0_0_4600m;5.00;152;152;10.93;23.25
3900.00;4200.00;2184.00;23.78;E0_1_4600m;5.00;182;183;12.77;23.95
3900.00;4200.00;1824.00;23.24;E0_0_4700m;5.00;152;152;10.90;23.30
3900.00;4200.00;2184.00;23.83;E0_1_4700m;5.00;182;182;12.73;24.00
3900.00;4200.00;1824.00;23.24;E0_0_4800m;5.00;152;153;10.91;23.30
3900.00;4200.00;2184.00;23.88;E0_1_4800m;5.00;182;182;12.70;24.05
3900.00;4200.00;1824.00;23.19;E0_0_4900m;5.00;152;152;10.92;23.25
3900.00;4200.00;2184.00;23.93;E0_1_4900m;5.00;182;182;12.67;24.10
3900.00;4200.00;1800.00;23.16;E0_0_5000m;5.00;150;150;10.80;23.21
3900.00;4200.00;2172.00;24.00;E0_1_5000m;5.00;181;182;12.60;24.16
4200.00;4500.00;0.00;-1.00;E0_0_0m;-1.00;0;0;0.00;-1.00
4200.00;4500.00;0.00;-1.00;E0_1_0m;-1.00;0;0;0.00;-1.00
4200.00;4500.00;2208.00;24.73;E0_0_100m;5.00;184;183;12.38;24.81
4200.00;4500.00;2436.00;26.04;E0_1_100m;5.00;203;203;12.99;26.12
4200.00;4500.00;2220.00;24.70;E0_0_200m;5.00;185;184;12.44;24.79
4200.00;4500.00;2436.00;26.20;E0_1_200m;5.00;203;203;12.91;26.35
4200.00;4500.00;2232.00;24.49;E0_0_300m;5.00;186;185;12.65;24.59
4200.00;4500.00;2424.00;26.18;E0_1_300m;5.00;202;202;12.86;26.37
4200.00;4500.00;2208.00;24.27;E0_0_400m;5.00;184;184;12.63;24.41
4200.00;4500.00;2436.00;26.05;E0_1_400m;5.00;203;203;12.99;26.23
4200.00;4500.00;2208.00;24.22;E0_0_500m;5.00;184;183;12.64;24.35
4200.00;4500.00;2460.00;25.87;E0_1_500m;5.00;205;205;13.21;26.02
4200.00;4500.00;2196.00;24.15;E0_0_600m;5.00;183;183;12.63;24.27
4200.00;4500.00;2460.00;25.68;E0_1_600m;5.00;205;206;13.37;25.82
4200.00;4500.00;2184.00;24.07;E0_0_700m;5.00;182;182;12.60;24.20
4200.00;4500.00;2460.00;25.54;E0_1_700m;5.00;205;205;13.38;25.65
4200.00;4500.00;2184.00;24.06;E0_0_800m;5.00;182;182;12.59;24.21
4200.00;4500.00;2460.00;25.41;E0_1_800m;5.00;205;205;13.45;25.51
4200.00;4500.00;2184.00;24.13;E0_0_900m;5.00;182;182;12.57;24.27
4200.00;4500.00;2436.00;25.30;E0_1_900m;5.00;203;203;13.37;25.40
4200.00;4500.00;2208.00;24.17;E0_0_1000m;5.00;184;184;12.69;24.31
4200.00;4500.00;2448.00;25.24;E0_1_1000m;5.00;204;204;13.47;25.35
4200.00;4500.00;2220.00;24.23;E0_0_1100m;5.00;185;185;12.73;24.36
4200.00;4500.00;2412.00;25.22;E0_1_1100m;5.00;201;202;13.29;25.34
4200.00;4500.00;2184.00;23.89;E0_0_1200m;5.00;182;183;12.74;24.05
4200.00;4500.00;2412.00;25.15;E0_1_1200m;5.00;201;201;13.32;25.27
4200.00;4500.00;2184.00;23.65;E0_0_1300m;5.00;182;181;12.80;23.83
4200.00;4500.00;2412.00;25.11;E0_1_1300m;5.00;201;201;13.34;25.24
4200.00;4500.00;2148.00;23.65;E0_0_1400m;5.00;179;179;12.61;23.83
4200.00;4500.00;2412.00;25.08;E0_1_1400m;5.00;201;201;13.36;25.21
4200.00;4500.00;2112.00;23.95;E0_0_1500m;5.00;176;176;12.25;24.08
4200.00;4500.00;2376.00;25.05;E0_1_1500m;5.00;198;198;13.18;25.18
4200.00;4500.00;2100.00;24.17;E0_0_1600m;5.00;175;175;12.07;24.26
4200.00;4500.00;2364.00;25.05;E0_1_1600m;5.00;197;197;13.10;25.20
4200.00;4500.00;2136.00;24.21;E0_0_1700m;5.00;178;178;12.25;24.28
4200.00;4500.00;2352.00;25.03;E0_1_1700m;5.00;196;196;13.05;25.18
4200.00;4500.00;2148.00;24.16;E0_0_1800m;5.00;179;179;12.35;24.22
4200.00;4500.00;2352.00;25.00;E0_1_1800m;5.00;196;197;13.10;25.14
4200.00;4500.00;2124.00;24.21;E0_0_1900m;5.00;177;178;12.24;24.27
4200.00;4500.00;2400.00;25.03;E0_1_1900m;5.00;200;200;13.32;25.17
4200.00;4500.00;2136.00;24.18;E0_0_2000m;5.00;178;178;12.27;24.24
4200.00;4500.00;2388.00;25.02;E0_1_2000m;5.00;199;199;13.26;25.15
4200.00;4500.00;2112.00;24.10;E0_0_2100m;5.00;176;176;12.17;24.15
4200.00;4500.00;2352.00;24.96;E0_1_2100m;5.00;196;197;13.14;25.09
4200.00;4500.00;2076.00;24.15;E0_0_2200m;5.00;173;173;11.94;24.20
4200.00;4500.00;2364.00;24.90;E0_1_2200m;5.00;197;196;13.16;25.03
4200.00;4500.00;2076.00;24.20;E0_0_2300m;5.00;173;173;11.92;24.28
4200.00;4500.00;2328.00;24.88;E0_1_2300m;5.00;194;194;13.00;25.02
4200.00;4500.00;2052.00;24.19;E0_0_2400m;5.00;171;171;11.78;24.28
4200.00;4500.00;2316.00;24.91;E0_1_2400m;5.00;193;193;12.91;25.05
4200.00;4500.00;2028.00;24.22;E0_0_2500m;5.00;169;169;11.63;24.29
4200.00;4500.00;2292.00;24.95;E0_1_2500m;5.00;191;191;12.76;25.10
4200.00;4500.00;2028.00;24.29;E0_0_2600m;5.00;169;169;11.60;24.35
4200.00;4500.00;2280.00;24.97;E0_1_2600m;5.00;190;189;12.67;25.13
4200.00;4500.00;1992.00;24.31;E0_0_2700m;5.00;166;167;11.44;24.37
4200.00;4500.00;2316.00;24.98;E0_1_2700m;5.00;193;193;12.88;25.14
4200.00;4500.00;2004.00;24.26;E0_0_2800m;5.00;167;167;11.47;24.33
4200.00;4500.00;2316.00;25.06;E0_1_2800m;5.00;193;193;12.84;25.22
4200.00;4500.00;2016.00;24.19;E0_0_2900m;5.00;168;168;11.60;24.26
4200.00;4500.00;2292.00;25.01;E0_1_2900m;5.00;191;191;12.73;25.15
4200.00;4500.00;1992.00;24.17;E0_0_3000m;5.00;166;165;11.43;24.23
4200.00;4500.00;2328.00;24.94;E0_1_3000m;5.00;194;194;12.97;25.06
4200.00;4500.00;1980.00;24.23;E0_0_3100m;5.00;165;166;11.37;24.28
4200.00;4500.00;2328.00;24.89;E0_1_3100m;5.00;194;194;12.99;25.02
4200.00;4500.00;1992.00;24.33;E0_0_3200m;5.00;166;165;11.36;24.38
4200.00;4500.00;2328.00;24.85;E0_1_3200m;5.00;194;194;13.01;24.98
4200.00;4500.00;1968.00;24.22;E0_0_3300m;5.00;164;164;11.29;24.27
4200.00;4500.00;2340.00;24.85;E0_1_3300m;5.00;195;196;13.08;24.99
4200.00;4500.00;2004.00;24.04;E0_0_3400m;5.00;167;166;11.57;24.10
4200.00;4500.00;2340.00;24.84;E0_1_3400m;5.00;195;195;13.08;24.98
4200.00;4500.00;2016.00;23.84;E0_0_3500m;5.00;168;167;11.73;23.90
4200.00;4500.00;2340.00;24.68;E0_1_3500m;5.00;195;195;13.17;24.81
4200.00;4500.00;2028.00;23.94;E0_0_3600m;5.00;169;168;11.75;23.98
4200.00;4500.00;2340.00;24.57;E0_1_3600m;5.00;195;195;13.23;24.71
4200.00;4500.00;2040.00;23.90;E0_0_3700m;5.00;170;169;11.84;23.95
4200.00;4500.00;2340.00;24.48;E0_1_3700m;5.00;195;195;13.27;24.61
4200.00;4500.00;2040.00;23.80;E0_0_3800m;5.00;170;169;11.89;23.86
4200.00;4500.00;2340.00;24.42;E0_1_3800m;5.00;195;195;13.31;24.54
4200.00;4500.00;2040.00;23.74;E0_0_3900m;5.00;170;170;11.94;23.79
4200.00;4500.00;2340.00;24.38;E0_1_3900m;5.00;195;195;13.33;24.49
4200.00;4500.00;2016.00;23.62;E0_0_4000m;5.00;168;168;11.86;23.69
4200.00;4500.00;2340.00;24.34;E0_1_4000m;5.00;195;195;13.35;24.45
4200.00;4500.00;2028.00;23.60;E0_0_4100m;5.00;169;169;11.94;23.67
4200.00;4500.00;2340.00;24.25;E0_1_4100m;5.00;195;195;13.40;24.32
4200.00;4500.00;2028.00;23.79;E0_0_4200m;5.00;169;170;11.87;23.84
4200.00;4500.00;2340.00;24.19;E0_1_4200m;5.00;195;195;13.43;24.26
4200.00;4500.00;1992.00;23.88;E0_0_4300m;5.00;166;166;11.59;23.91
4200.00;4500.00;2304.00;24.20;E0_1_4300m;5.00;192;192;13.22;24.26
4200.00;4500.00;1956.00;23.86;E0_0_4400m;5.00;163;163;11.39;23.90
4200.00;4500.00;2256.00;24.22;E0_1_4400m;5.00;188;188;12.93;24.30
4200.00;4500.00;1932.00;23.95;E0_0_4500m;5.00;161;161;11.21;23.98
4200.00;4500.00;2244.00;24.16;E0_1_4500m;5.00;187;187;12.90;24.22
4200.00;4500.00;1932.00;23.88;E0_0_4600m;5.00;161;161;11.24;23.91
4200.00;4500.00;2256.00;24.06;E0_1_4600m;5.00;188;187;13.01;24.11
4200.00;4500.00;1932.00;23.78;E0_0_4700m;5.00;161;161;11.28;23.81
4200.00;4500.00;2256.00;23.98;E0_1_4700m;5.00;188;188;13.07;24.02
4200.00;4500.00;1932.00;23.72;E0_0_4800m;5.00;161;160;11.30;23.75
4200.00;4500.00;2256.00;23.95;E0_1_4800m;5.00;188;188;13.08;23.99
4200.00;4500.00;1920.00;23.66;E0_0_4900m;5.00;160;160;11.27;23.70
4200.00;4500.00;2256.00;23.95;E0_1_4900m;5.00;188;188;13.08;23.98
4200.00;4500.00;1920.00;23.57;E0_0_5000m;5.00;160;160;11.31;23.63
4200.00;4500.00;2268.00;23.98;E0_1_5000m;5.00;189;188;13.10;24.02
4500.00;4800.00;0.00;-1.00;E0_0_0m;-1.00;0;0;0.00;-1.00
4500.00;4800.00;0.00;-1.00;E0_1_0m;-1.00;0;0;0.00;-1.00
4500.00;4800.00;1776.00;26.16;E0_0_100m;5.00;148;149;9.45;26.27
4500.00;4800.00;2124.00;27.48;E0_1_100m;5.00;177;177;10.73;27.64
4500.00;4800.00;1788.00;26.25;E0_0_200m;5.00;149;150;9.47;26.39
4500.00;4800.00;2124.00;27.99;E0_1_200m;5.00;177;177;10.54;28.19
4500.00;4800.00;1752.00;26.25;E0_0_300m;5.00;146;146;9.27;26.36
4500.00;4800.00;2196.00;27.76;E0_1_300m;5.00;183;183;10.99;27.96
4500.00;4800.00;1752.00;26.08;E0_0_400m;5.00;146;146;9.33;26.18
4500.00;4800.00;2220.00;27.52;E0_1_400m;5.00;185;185;11.20;27.71
4500.00;4800.00;1776.00;25.88;E0_0_500m;5.00;148;148;9.53;25.97
4500.00;4800.00;2220.00;27.28;E0_1_500m;5.00;185;185;11.30;27.45
4500.00;4800.00;1764.00;25.62;E0_0_600m;5.00;147;147;9.56;25.71
4500.00;4800.00;2256.00;27.00;E0_1_600m;5.00;188;188;11.58;27.15
4500.00;4800.00;1776.00;25.34;E0_0_700m;5.00;148;148;9.73;25.44
4500.00;4800.00;2244.00;26.83;E0_1_700m;5.00;187;187;11.62;26.97
4500.00;4800.00;1764.00;25.16;E0_0_800m;5.00;147;146;9.70;25.25
4500.00;4800.00;2292.00;26.56;E0_1_800m;5.00;191;191;11.98;26.70
4500.00;4800.00;1764.00;25.01;E0_0_900m;5.00;147;147;9.79;25.13
4500.00;4800.00;2304.00;26.30;E0_1_900m;5.00;192;192;12.17;26.43
4500.00;4800.00;1728.00;24.84;E0_0_1000m;5.00;144;144;9.66;24.97
4500.00;4800.00;2280.00;26.26;E0_1_1000m;5.00;190;190;12.06;26.40
4500.00;4800.00;1716.00;24.85;E0_0_1100m;5.00;143;143;9.59;24.97
4500.00;4800.00;2292.00;26.33;E0_1_1100m;5.00;191;191;12.10;26.47
4500.00;4800.00;1740.00;24.71;E0_0_1200m;5.00;145;144;9.74;24.79
4500.00;4800.00;2268.00;26.32;E0_1_1200m;5.00;189;190;12.02;26.46
4500.00;4800.00;1788.00;24.53;E0_0_1300m;5.00;149;149;10.12;24.61
4500.00;4800.00;2292.00;26.15;E0_1_1300m;5.00;191;191;12.17;26.27
4500.00;4800.00;1812.00;24.39;E0_0_1400m;5.00;151;151;10.32;24.47
4500.00;4800.00;2292.00;25.94;E0_1_1400m;5.00;191;191;12.27;26.06
4500.00;4800.00;1812.00;24.36;E0_0_1500m;5.00;151;151;10.33;24.44
4500.00;4800.00;2304.00;25.79;E0_1_1500m;5.00;192;192;12.41;25.91
4500.00;4800.00;1800.00;24.23;E0_0_1600m;5.00;150;150;10.32;24.31
4500.00;4800.00;2316.00;25.68;E0_1_1600m;5.00;193;193;12.52;25.81
4500.00;4800.00;1764.00;24.03;E0_0_1700m;5.00;147;147;10.20;24.11
4500.00;4800.00;2316.00;25.75;E0_1_1700m;5.00;193;193;12.49;25.90
4500.00;4800.00;1764.00;23.93;E0_0_1800m;5.00;147;147;10.24;24.01
4500.00;4800.00;2304.00;25.83;E0_1_1800m;5.00;192;191;12.36;26.00
4500.00;4800.00;1788.00;24.03;E0_0_1900m;5.00;149;148;10.28;24.10
4500.00;4800.00;2304.00;25.67;E0_1_1900m;5.00;192;192;12.47;25.82
4500.00;4800.00;1824.00;24.03;E0_0_2000m;5.00;152;152;10.54;24.11
4500.00;4800.00;2328.00;25.62;E0_1_2000m;5.00;194;194;12.62;25.76
4500.00;4800.00;1836.00;24.05;E0_0_2100m;5.00;153;153;10.60;24.12
4500.00;4800.00;2376.00;25.62;E0_1_2100m;5.00;198;197;12.83;25.75
4500.00;4800.00;1848.00;24.04;E0_0_2200m;5.00;154;154;10.68;24.11
4500.00;4800.00;2364.00;25.63;E0_1_2200m;5.00;197;197;12.81;25.76
4500.00;4800.00;1884.00;24.09;E0_0_2300m;5.00;157;157;10.86;24.16
4500.00;4800.00;2352.00;25.70;E0_1_2300m;5.00;196;196;12.71;25.82
4500.00;4800.00;1920.00;24.13;E0_0_2400m;5.00;160;160;11.05;24.22
4500.00;4800.00;2352.00;25.74;E0_1_2400m;5.00;196;196;12.69;25.87
4500.00;4800.00;1932.00;23.98;E0_0_2500m;5.00;161;161;11.19;24.06
4500.00;4800.00;2352.00;25.79;E0_1_2500m;5.00;196;197;12.72;25.92
4500.00;4800.00;1944.00;23.87;E0_0_2600m;5.00;162;162;11.31;23.94
4500.00;4800.00;2352.00;25.75;E0_1_2600m;5.00;196;196;12.68;25.88
4500.00;4800.00;1980.00;23.77;E0_0_2700m;5.00;165;164;11.52;23.83
4500.00;4800.00;2328.00;25.50;E0_1_2700m;5.00;194;194;12.68;25.61
4500.00;4800.00;2004.00;23.71;E0_0_2800m;5.00;167;167;11.74;23.78
4500.00;4800.00;2352.00;25.33;E0_1_2800m;5.00;196;196;12.90;25.44
4500.00;4800.00;2028.00;23.59;E0_0_2900m;5.00;169;168;11.91;23.66
4500.00;4800.00;2364.00;25.20;E0_1_2900m;5.00;197;197;13.03;25.30
4500.00;4800.00;2004.00;23.56;E0_0_3000m;5.00;167;167;11.81;23.62
4500.00;4800.00;2376.00;25.10;E0_1_3000m;5.00;198;198;13.15;25.20
4500.00;4800.00;1968.00;23.51;E0_0_3100m;5.00;164;164;11.62;23.55
4500.00;4800.00;2412.00;25.08;E0_1_3100m;5.00;201;201;13.36;25.18
4500.00;4800.00;1968.00;23.45;E0_0_3200m;5.00;164;164;11.66;23.48
4500.00;4800.00;2400.00;25.09;E0_1_3200m;5.00;200;200;13.28;25.19
4500.00;4800.00;1968.00;23.43;E0_0_3300m;5.00;164;164;11.66;23.47
4500.00;4800.00;2400.00;25.10;E0_1_3300m;5.00;200;199;13.28;25.20
4500.00;4800.00;1944.00;23.60;E0_0_3400m;5.00;162;162;11.44;23.64
4500.00;4800.00;2388.00;25.09;E0_1_3400m;5.00;199;199;13.22;25.20
4500.00;4800.00;1920.00;23.68;E0_0_3500m;5.00;160;160;11.26;23.72
4500.00;4800.00;2412.00;25.06;E0_1_3500m;5.00;201;201;13.37;25.19
4500.00;4800.00;1908.00;23.68;E0_0_3600m;5.00;159;159;11.19;23.73
4500.00;4800.00;2400.00;25.05;E0_1_3600m;5.00;200;200;13.31;25.19
4500.00;4800.00;1908.00;23.71;E0_0_3700m;5.00;159;159;11.18;23.75
4500.00;4800.00;2388.00;24.91;E0_1_3700m;5.00;199;199;13.31;25.07
4500.00;4800.00;1944.00;23.59;E0_0_3800m;5.00;162;162;11.44;23.62
4500.00;4800.00;2400.00;24.78;E0_1_3800m;5.00;200;200;13.45;24.93
4500.00;4800.00;1968.00;23.58;E0_0_3900m;5.00;164;165;11.61;23.60
4500.00;4800.00;2412.00;24.62;E0_1_3900m;5.00;201;201;13.60;24.78
4500.00;4800.00;1980.00;23.47;E0_0_4000m;5.00;165;165;11.72;23.49
4500.00;4800.00;2412.00;24.63;E0_1_4000m;5.00;201;201;13.60;24.79
4500.00;4800.00;1968.00;23.37;E0_0_4100m;5.00;164;164;11.70;23.39
4500.00;4800.00;2412.00;24.62;E0_1_4100m;5.00;201;201;13.61;24.79
4500.00;4800.00;1956.00;23.51;E0_0_4200m;5.00;163;162;11.53;23.53
4500.00;4800.00;2424.00;24.59;E0_1_4200m;5.00;202;202;13.69;24.75
4500.00;4800.00;1944.00;23.58;E0_0_4300m;5.00;162;162;11.45;23.60
4500.00;4800.00;2436.00;24.63;E0_1_4300m;5.00;203;203;13.74;24.78
4500.00;4800.00;1956.00;23.74;E0_0_4400m;5.00;163;164;11.48;23.78
4500.00;4800.00;2436.00;24.78;E0_1_4400m;5.00;203;203;13.65;24.95
4500.00;4800.00;1992.00;23.94;E0_0_4500m;5.00;166;166;11.56;23.99
4500.00;4800.00;2412.00;24.85;E0_1_4500m;5.00;201;201;13.48;25.02
4500.00;4800.00;2004.00;23.97;E0_0_4600m;5.00;167;167;11.61;24.02
4500.00;4800.00;2436.00;24.84;E0_1_4600m;5.00;203;203;13.62;24.97
4500.00;4800.00;2028.00;24.04;E0_0_4700m;5.00;169;169;11.71;24.10
4500.00;4800.00;2436.00;24.84;E0_1_4700m;5.00;203;203;13.62;24.96
4500.00;4800.00;2064.00;24.13;E0_0_4800m;5.00;172;172;11.88;24.20
4500.00;4800.00;2460.00;24.96;E0_1_4800m;5.00;205;205;13.69;25.07
4500.00;4800.00;2112.00;24.12;E0_0_4900m;5.00;176;176;12.16;24.18
4500.00;4800.00;2484.00;25.03;E0_1_4900m;5.00;207;207;13.79;25.14
4500.00;4800.00;2136.00;24.10;E0_0_5000m;5.00;178;178;12.31;24.16
4500.00;4800.00;2496.00;25.04;E0_1_5000m;5.00;208;208;13.85;25.13
4800.00;5100.00;0.00;-1.00;E0_0_0m;-1.00;0;0;0.00;-1.00
4800.00;5100.00;0.00;-1.00;E0_1_0m;-1.00;0;0;0.00;-1.00
4800.00;5100.00;1716.00;26.27;E0_0_100m;5.00;143;143;9.07;26.44
4800.00;5100.00;2136.00;28.17;E0_1_100m;5.00;178;178;10.53;28.29
4800.00;5100.00;1752.00;26.09;E0_0_200m;5.00;146;145;9.31;26.30
4800.00;5100.00;2076.00;28.32;E0_1_200m;5.00;173;173;10.18;28.51
4800.00;5100.00;1680.00;25.83;E0_0_300m;5.00;140;141;9.09;26.06
4800.00;5100.00;2124.00;28.12;E0_1_300m;5.00;177;177;10.49;28.31
4800.00;5100.00;1644.00;25.60;E0_0_400m;5.00;137;137;8.92;25.82
4800.00;5100.00;2136.00;27.90;E0_1_400m;5.00;178;178;10.63;28.08
4800.00;5100.00;1632.00;25.54;E0_0_500m;5.00;136;136;8.87;25.76
4800.00;5100.00;2124.00;27.70;E0_1_500m;5.00;177;177;10.65;27.87
4800.00;5100.00;1608.00;25.51;E0_0_600m;5.00;134;134;8.76;25.70
4800.00;5100.00;2124.00;27.62;E0_1_600m;5.00;177;176;10.64;27.80
4800.00;5100.00;1608.00;25.56;E0_0_700m;5.00;134;134;8.74;25.74
4800.00;5100.00;2100.00;27.62;E0_1_700m;5.00;175;175;10.56;27.79
4800.00;5100.00;1608.00;25.73;E0_0_800m;5.00;134;134;8.68;25.89
4800.00;5100.00;2052.00;27.57;E0_1_800m;5.00;171;171;10.34;27.75
4800.00;5100.00;1572.00;25.79;E0_0_900m;5.00;131;131;8.47;25.91
4800.00;5100.00;2088.00;27.31;E0_1_900m;5.00;174;174;10.62;27.48
4800.00;5100.00;1572.00;25.65;E0_0_1000m;5.00;131;131;8.51;25.78
4800.00;5100.00;2112.00;27.06;E0_1_1000m;5.00;176;176;10.84;27.23
4800.00;5100.00;1584.00;25.50;E0_0_1100m;5.00;132;132;8.63;25.60
4800.00;5100.00;2148.00;26.90;E0_1_1100m;5.00;179;178;11.08;27.07
4800.00;5100.00;1608.00;25.41;E0_0_1200m;5.00;134;134;8.79;25.51
4800.00;5100.00;2136.00;26.86;E0_1_1200m;5.00;178;177;10.99;27.04
4800.00;5100.00;1560.00;25.40;E0_0_1300m;5.00;130;130;8.53;25.52
4800.00;5100.00;2112.00;26.84;E0_1_1300m;5.00;176;176;10.93;27.03
4800.00;5100.00;1608.00;25.45;E0_0_1400m;5.00;134;134;8.77;25.60
4800.00;5100.00;2076.00;26.94;E0_1_1400m;5.00;173;174;10.75;27.16
4800.00;5100.00;1620.00;25.43;E0_0_1500m;5.00;135;136;8.91;25.55
4800.00;5100.00;2076.00;26.97;E0_1_1500m;5.00;173;173;10.69;27.20
4800.00;5100.00;1608.00;25.39;E0_0_1600m;5.00;134;134;8.80;25.49
4800.00;5100.00;2076.00;26.81;E0_1_1600m;5.00;173;173;10.76;27.02
4800.00;5100.00;1596.00;25.31;E0_0_1700m;5.00;133;133;8.76;25.41
4800.00;5100.00;2088.00;26.72;E0_1_1700m;5.00;174;174;10.85;26.92
4800.00;5100.00;1596.00;25.25;E0_0_1800m;5.00;133;133;8.78;25.34
4800.00;5100.00;2088.00;26.75;E0_1_1800m;5.00;174;175;10.85;26.95
4800.00;5100.00;1572.00;25.29;E0_0_1900m;5.00;131;132;8.65;25.36
4800.00;5100.00;2040.00;26.77;E0_1_1900m;5.00;170;170;10.58;26.97
4800.00;5100.00;1536.00;25.29;E0_0_2000m;5.00;128;129;8.49;25.36
4800.00;5100.00;2004.00;26.77;E0_1_2000m;5.00;167;167;10.40;26.96
4800.00;5100.00;1548.00;25.32;E0_0_2100m;5.00;129;129;8.49;25.39
4800.00;5100.00;1992.00;26.72;E0_1_2100m;5.00;166;166;10.36;26.91
4800.00;5100.00;1584.00;25.33;E0_0_2200m;5.00;132;132;8.69;25.41
4800.00;5100.00;2016.00;26.76;E0_1_2200m;5.00;168;168;10.46;26.96
4800.00;5100.00;1584.00;25.50;E0_0_2300m;5.00;132;132;8.63;25.58
4800.00;5100.00;1992.00;26.88;E0_1_2300m;5.00;166;166;10.29;27.10
4800.00;5100.00;1536.00;25.56;E0_0_2400m;5.00;128;128;8.35;25.64
4800.00;5100.00;2064.00;26.81;E0_1_2400m;5.00;172;172;10.69;27.00
4800.00;5100.00;1560.00;25.50;E0_0_2500m;5.00;130;130;8.50;25.58
4800.00;5100.00;2064.00;26.76;E0_1_2500m;5.00;172;172;10.71;26.93
4800.00;5100.00;1620.00;25.57;E0_0_2600m;5.00;135;136;8.81;25.65
4800.00;5100.00;2016.00;26.74;E0_1_2600m;5.00;168;168;10.47;26.90
4800.00;5100.00;1596.00;25.51;E0_0_2700m;5.00;133;133;8.69;25.59
4800.00;5100.00;2040.00;26.58;E0_1_2700m;5.00;170;171;10.72;26.73
4800.00;5100.00;1572.00;25.44;E0_0_2800m;5.00;131;131;8.58;25.52
4800.00;5100.00;2028.00;26.41;E0_1_2800m;5.00;169;169;10.67;26.53
4800.00;5100.00;1560.00;25.34;E0_0_2900m;5.00;130;131;8.61;25.41
4800.00;5100.00;2016.00;26.29;E0_1_2900m;5.00;168;168;10.65;26.39
4800.00;5100.00;1560.00;25.17;E0_0_3000m;5.00;130;130;8.61;25.24
4800.00;5100.00;2028.00;26.22;E0_1_3000m;5.00;169;169;10.74;26.31
4800.00;5100.00;1596.00;25.05;E0_0_3100m;5.00;133;132;8.84;25.12
4800.00;5100.00;2016.00;26.18;E0_1_3100m;5.00;168;168;10.70;26.27
4800.00;5100.00;1632.00;25.02;E0_0_3200m;5.00;136;136;9.06;25.09
4800.00;5100.00;2052.00;26.26;E0_1_3200m;5.00;171;171;10.85;26.37
4800.00;5100.00;1644.00;25.02;E0_0_3300m;5.00;137;137;9.13;25.11
4800.00;5100.00;2064.00;26.31;E0_1_3300m;5.00;172;173;10.91;26.42
4800.00;5100.00;1668.00;24.81;E0_0_3400m;5.00;139;139;9.34;24.90
4800.00;5100.00;2064.00;26.32;E0_1_3400m;5.00;172;172;10.89;26.44
4800.00;5100.00;1656.00;24.66;E0_0_3500m;5.00;138;138;9.33;24.74
4800.00;5100.00;2064.00;26.34;E0_1_3500m;5.00;172;172;10.89;26.46
4800.00;5100.00;1692.00;24.55;E0_0_3600m;5.00;141;141;9.57;24.64
4800.00;5100.00;2076.00;26.39;E0_1_3600m;5.00;173;173;10.93;26.52
4800.00;5100.00;1752.00;24.47;E0_0_3700m;5.00;146;146;9.94;24.57
4800.00;5100.00;2088.00;26.37;E0_1_3700m;5.00;174;174;11.00;26.50
4800.00;5100.00;1752.00;24.44;E0_0_3800m;5.00;146;146;9.96;24.53
4800.00;5100.00;2112.00;26.35;E0_1_3800m;5.00;176;176;11.13;26.48
4800.00;5100.00;1740.00;24.38;E0_0_3900m;5.00;145;145;9.91;24.47
4800.00;5100.00;2124.00;26.30;E0_1_3900m;5.00;177;177;11.21;26.43
4800.00;5100.00;1740.00;24.33;E0_0_4000m;5.00;145;145;9.93;24.42
4800.00;5100.00;2148.00;26.29;E0_1_4000m;5.00;179;179;11.35;26.42
4800.00;5100.00;1740.00;24.44;E0_0_4100m;5.00;145;145;9.89;24.52
4800.00;5100.00;2148.00;26.38;E0_1_4100m;5.00;179;179;11.31;26.53
4800.00;5100.00;1740.00;24.43;E0_0_4200m;5.00;145;145;9.89;24.53
4800.00;5100.00;2160.00;26.53;E0_1_4200m;5.00;180;180;11.31;26.69
4800.00;5100.00;1752.00;24.39;E0_0_4300m;5.00;146;146;9.98;24.51
4800.00;5100.00;2148.00;26.64;E0_1_4300m;5.00;179;179;11.20;26.81
4800.00;5100.00;1800.00;24.28;E0_0_4400m;5.00;150;149;10.25;24.41
4800.00;5100.00;2124.00;26.59;E0_1_4400m;5.00;177;177;11.09;26.78
4800.00;5100.00;1824.00;24.21;E0_0_4500m;5.00;152;152;10.46;24.32
4800.00;5100.00;2112.00;26.55;E0_1_4500m;5.00;176;176;11.05;26.75
4800.00;5100.00;1788.00;24.23;E0_0_4600m;5.00;149;150;10.30;24.33
4800.00;5100.00;2124.00;26.53;E0_1_4600m;5.00;177;177;11.12;26.73
4800.00;5100.00;1764.00;24.33;E0_0_4700m;5.00;147;147;10.07;24.42
4800.00;5100.00;2124.00;26.55;E0_1_4700m;5.00;177;177;11.11;26.73
4800.00;5100.00;1728.00;24.22;E0_0_4800m;5.00;144;144;9.91;24.30
4800.00;5100.00;2124.00;26.53;E0_1_4800m;5.00;177;177;11.12;26.71
4800.00;5100.00;1716.00;24.14;E0_0_4900m;5.00;143;143;9.87;24.21
4800.00;5100.00;2100.00;26.43;E0_1_4900m;5.00;175;175;11.03;26.60
4800.00;5100.00;1716.00;24.16;E0_0_5000m;5.00;143;143;9.87;24.22
4800.00;5100.00;2112.00;26.42;E0_1_5000m;5.00;176;176;11.10;26.59
5100.00;5400.00;0.00;-1.00;E0_0_0m;-1.00;0;0;0.00;-1.00
5100.00;5400.00;0.00;-1.00;E0_1_0m;-1.00;0;0;0.00;-1.00
5100.00;5400.00;1944.00;25.85;E0_0_100m;5.00;162;162;10.44;25.99
5100.00;5400.00;1980.00;27.63;E0_1_100m;5.00;165;165;9.95;27.78
5100.00;5400.00;1980.00;25.92;E0_0_200m;5.00;165;165;10.61;26.08
5100.00;5400.00;1980.00;28.05;E0_1_200m;5.00;165;165;9.80;28.24
5100.00;5400.00;2004.00;25.64;E0_0_300m;5.00;167;166;10.80;25.81
5100.00;5400.00;1944.00;27.85;E0_1_300m;5.00;162;162;9.70;28.08
5100.00;5400.00;1956.00;25.37;E0_0_400m;5.00;163;163;10.71;25.53
5100.00;5400.00;2016.00;27.54;E0_1_400m;5.00;168;168;10.17;27.75
5100.00;5400.00;1932.00;25.32;E0_0_500m;5.00;161;161;10.60;25.44
5100.00;5400.00;2040.00;27.20;E0_1_500m;5.00;170;170;10.42;27.39
5100.00;5400.00;1920.00;25.16;E0_0_600m;5.00;160;161;10.62;25.31
5100.00;5400.00;2076.00;26.96;E0_1_600m;5.00;173;174;10.74;27.14
5100.00;5400.00;1932.00;24.95;E0_0_700m;5.00;161;162;10.82;25.09
5100.00;5400.00;2100.00;26.80;E0_1_700m;5.00;175;175;10.88;26.98
5100.00;5400.00;1932.00;24.93;E0_0_800m;5.00;161;161;10.76;25.06
5100.00;5400.00;2136.00;26.67;E0_1_800m;5.00;178;178;11.12;26.85
5100.00;5400.00;1884.00;24.89;E0_0_900m;5.00;157;157;10.51;25.02
5100.00;5400.00;2160.00;26.65;E0_1_900m;5.00;180;180;11.26;26.83
5100.00;5400.00;1872.00;24.83;E0_0_1000m;5.00;156;156;10.47;24.98
5100.00;5400.00;2148.00;26.54;E0_1_1000m;5.00;179;180;11.28;26.71
5100.00;5400.00;1860.00;24.71;E0_0_1100m;5.00;155;155;10.45;24.89
5100.00;5400.00;2160.00;26.38;E0_1_1100m;5.00;180;180;11.37;26.53
5100.00;5400.00;1872.00;24.62;E0_0_1200m;5.00;156;156;10.56;24.81
5100.00;5400.00;2172.00;26.30;E0_1_1200m;5.00;181;182;11.48;26.44
5100.00;5400.00;1896.00;24.67;E0_0_1300m;5.00;158;158;10.67;24.87
5100.00;5400.00;2172.00;26.30;E0_1_1300m;5.00;181;181;11.47;26.46
5100.00;5400.00;1860.00;24.66;E0_0_1400m;5.00;155;155;10.47;24.86
5100.00;5400.00;2196.00;26.39;E0_1_1400m;5.00;183;183;11.56;26.57
5100.00;5400.00;1896.00;24.50;E0_0_1500m;5.00;158;157;10.69;24.70
5100.00;5400.00;2172.00;26.53;E0_1_1500m;5.00;181;181;11.37;26.73
5100.00;5400.00;1944.00;24.32;E0_0_1600m;5.00;162;162;11.10;24.53
5100.00;5400.00;2148.00;26.41;E0_1_1600m;5.00;179;179;11.30;26.59
5100.00;5400.00;1968.00;24.19;E0_0_1700m;5.00;164;164;11.30;24.36
5100.00;5400.00;2160.00;26.27;E0_1_1700m;5.00;180;180;11.42;26.43
5100.00;5400.00;1968.00;24.17;E0_0_1800m;5.00;164;165;11.35;24.34
5100.00;5400.00;2184.00;26.06;E0_1_1800m;5.00;182;183;11.70;26.20
5100.00;5400.00;1968.00;24.15;E0_0_1900m;5.00;164;163;11.30;24.30
5100.00;5400.00;2208.00;25.80;E0_1_1900m;5.00;184;184;11.89;25.93
5100.00;5400.00;1968.00;24.04;E0_0_2000m;5.00;164;164;11.32;24.18
5100.00;5400.00;2220.00;25.68;E0_1_2000m;5.00;185;185;12.01;25.81
5100.00;5400.00;1944.00;24.03;E0_0_2100m;5.00;162;162;11.23;24.18
5100.00;5400.00;2208.00;25.58;E0_1_2100m;5.00;184;184;11.99;25.71
5100.00;5400.00;1908.00;23.96;E0_0_2200m;5.00;159;159;11.06;24.09
5100.00;5400.00;2172.00;25.50;E0_1_2200m;5.00;181;181;11.83;25.65
5100.00;5400.00;1932.00;24.07;E0_0_2300m;5.00;161;161;11.15;24.18
5100.00;5400.00;2172.00;25.44;E0_1_2300m;5.00;181;181;11.86;25.59
5100.00;5400.00;1920.00;24.16;E0_0_2400m;5.00;160;160;11.04;24.24
5100.00;5400.00;2136.00;25.33;E0_1_2400m;5.00;178;178;11.71;25.47
5100.00;5400.00;1872.00;24.06;E0_0_2500m;5.00;156;156;10.81;24.14
5100.00;5400.00;2160.00;25.25;E0_1_2500m;5.00;180;179;11.83;25.38
5100.00;5400.00;1860.00;23.97;E0_0_2600m;5.00;155;154;10.76;24.06
5100.00;5400.00;2148.00;25.16;E0_1_2600m;5.00;179;179;11.86;25.29
5100.00;5400.00;1824.00;23.97;E0_0_2700m;5.00;152;152;10.57;24.06
5100.00;5400.00;2160.00;25.04;E0_1_2700m;5.00;180;179;11.93;25.15
5100.00;5400.00;1824.00;23.76;E0_0_2800m;5.00;152;152;10.66;23.87
5100.00;5400.00;2136.00;24.92;E0_1_2800m;5.00;178;178;11.90;25.01
5100.00;5400.00;1824.00;23.68;E0_0_2900m;5.00;152;151;10.64;23.80
5100.00;5400.00;2136.00;24.86;E0_1_2900m;5.00;178;178;11.94;24.95
5100.00;5400.00;1800.00;23.84;E0_0_3000m;5.00;150;151;10.51;23.93
5100.00;5400.00;2148.00;24.69;E0_1_3000m;5.00;179;179;12.08;24.78
5100.00;5400.00;1764.00;23.83;E0_0_3100m;5.00;147;148;10.31;23.93
5100.00;5400.00;2160.00;24.75;E0_1_3100m;5.00;180;180;12.12;24.83
5100.00;5400.00;1740.00;23.78;E0_0_3200m;5.00;145;146;10.17;23.89
5100.00;5400.00;2112.00;24.79;E0_1_3200m;5.00;176;176;11.83;24.87
5100.00;5400.00;1740.00;23.82;E0_0_3300m;5.00;145;145;10.15;23.92
5100.00;5400.00;2100.00;24.77;E0_1_3300m;5.00;175;174;11.76;24.84
5100.00;5400.00;1764.00;23.85;E0_0_3400m;5.00;147;147;10.27;23.96
5100.00;5400.00;2064.00;24.85;E0_1_3400m;5.00;172;172;11.54;24.94
5100.00;5400.00;1764.00;23.87;E0_0_3500m;5.00;147;147;10.26;23.98
5100.00;5400.00;2064.00;24.85;E0_1_3500m;5.00;172;172;11.54;24.96
5100.00;5400.00;1740.00;23.86;E0_0_3600m;5.00;145;145;10.13;23.97
5100.00;5400.00;2052.00;24.80;E0_1_3600m;5.00;171;171;11.49;24.90
5100.00;5400.00;1680.00;23.89;E0_0_3700m;5.00;140;142;9.83;24.02
5100.00;5400.00;2028.00;24.81;E0_1_3700m;5.00;169;169;11.35;24.92
5100.00;5400.00;1668.00;23.93;E0_0_3800m;5.00;139;139;9.68;24.05
5100.00;5400.00;1992.00;24.82;E0_1_3800m;5.00;166;166;11.15;24.94
5100.00;5400.00;1680.00;24.19;E0_0_3900m;5.00;140;140;9.65;24.29
5100.00;5400.00;2004.00;24.77;E0_1_3900m;5.00;167;167;11.24;24.89
5100.00;5400.00;1704.00;24.12;E0_0_4000m;5.00;142;142;9.81;24.23
5100.00;5400.00;2016.00;24.77;E0_1_4000m;5.00;168;168;11.31;24.88
5100.00;5400.00;1728.00;24.04;E0_0_4100m;5.00;144;144;9.98;24.15
5100.00;5400.00;2052.00;24.83;E0_1_4100m;5.00;171;171;11.48;24.96
5100.00;5400.00;1764.00;24.07;E0_0_4200m;5.00;147;147;10.18;24.18
5100.00;5400.00;2064.00;24.90;E0_1_4200m;5.00;172;172;11.51;25.03
5100.00;5400.00;1800.00;24.24;E0_0_4300m;5.00;150;150;10.31;24.32
5100.00;5400.00;2100.00;24.90;E0_1_4300m;5.00;175;175;11.71;25.04
5100.00;5400.00;1800.00;24.25;E0_0_4400m;5.00;150;151;10.32;24.34
5100.00;5400.00;2148.00;24.85;E0_1_4400m;5.00;179;179;12.01;25.00
5100.00;5400.00;1776.00;24.06;E0_0_4500m;5.00;148;148;10.25;24.17
5100.00;5400.00;2160.00;24.97;E0_1_4500m;5.00;180;180;12.01;25.14
5100.00;5400.00;1788.00;23.93;E0_0_4600m;5.00;149;148;10.32;24.03
5100.00;5400.00;2148.00;25.06;E0_1_4600m;5.00;179;180;11.94;25.23
5100.00;5400.00;1800.00;23.85;E0_0_4700m;5.00;150;150;10.48;23.94
5100.00;5400.00;2148.00;25.03;E0_1_4700m;5.00;179;179;11.92;25.19
5100.00;5400.00;1776.00;23.76;E0_0_4800m;5.00;148;148;10.38;23.87
5100.00;5400.00;2148.00;24.95;E0_1_4800m;5.00;179;179;11.96;25.10
5100.00;5400.00;1752.00;23.68;E0_0_4900m;5.00;146;146;10.27;23.80
5100.00;5400.00;2136.00;24.90;E0_1_4900m;5.00;178;178;11.91;25.07
5100.00;5400.00;1716.00;23.70;E0_0_5000m;5.00;143;143;10.06;23.81
5100.00;5400.00;2124.00;24.91;E0_1_5000m;5.00;177;177;11.84;25.09
5400.00;5700.00;0.00;-1.00;E0_0_0m;-1.00;0;0;0.00;-1.00
5400.00;5700.00;0.00;-1.00;E0_1_0m;-1.00;0;0;0.00;-1.00
5400.00;5700.00;2064.00;26.12;E0_0_100m;5.00;172;172;10.98;26.23
5400.00;5700.00;2304.00;27.53;E0_1_100m;5.00;192;192;11.62;27.67
5400.00;5700.00;2052.00;26.13;E0_0_200m;5.00;171;171;10.91;26.24
5400.00;5700.00;2316.00;27.26;E0_1_200m;5.00;193;193;11.80;27.41
5400.00;5700.00;2052.00;26.05;E0_0_300m;5.00;171;171;10.94;26.14
5400.00;5700.00;2364.00;26.90;E0_1_300m;5.00;197;197;12.20;27.05
5400.00;5700.00;2040.00;25.87;E0_0_400m;5.00;170;170;10.95;25.93
5400.00;5700.00;2376.00;26.57;E0_1_400m;5.00;198;198;12.42;26.70
5400.00;5700.00;2076.00;25.73;E0_0_500m;5.00;173;173;11.21;25.80
5400.00;5700.00;2388.00;26.35;E0_1_500m;5.00;199;199;12.59;26.47
5400.00;5700.00;2064.00;25.54;E0_0_600m;5.00;172;172;11.22;25.63
5400.00;5700.00;2376.00;26.19;E0_1_600m;5.00;198;198;12.60;26.31
5400.00;5700.00;2052.00;25.42;E0_0_700m;5.00;171;170;11.15;25.49
5400.00;5700.00;2376.00;26.07;E0_1_700m;5.00;198;198;12.66;26.19
5400.00;5700.00;2040.00;25.30;E0_0_800m;5.00;170;170;11.20;25.37
5400.00;5700.00;2364.00;25.96;E0_1_800m;5.00;197;197;12.65;26.08
5400.00;5700.00;2016.00;25.14;E0_0_900m;5.00;168;168;11.14;25.23
5400.00;5700.00;2388.00;25.93;E0_1_900m;5.00;199;199;12.79;26.06
5400.00;5700.00;2016.00;25.07;E0_0_1000m;5.00;168;169;11.17;25.15
5400.00;5700.00;2376.00;25.96;E0_1_1000m;5.00;198;197;12.67;26.09
5400.00;5700.00;2028.00;25.06;E0_0_1100m;5.00;169;169;11.24;25.13
5400.00;5700.00;2352.00;26.07;E0_1_1100m;5.00;196;196;12.53;26.21
5400.00;5700.00;1980.00;25.01;E0_0_1200m;5.00;165;165;11.00;25.07
5400.00;5700.00;2364.00;26.20;E0_1_1200m;5.00;197;196;12.52;26.33
5400.00;5700.00;1968.00;25.04;E0_0_1300m;5.00;164;164;10.92;25.10
5400.00;5700.00;2352.00;26.24;E0_1_1300m;5.00;196;196;12.45;26.38
5400.00;5700.00;1956.00;25.01;E0_0_1400m;5.00;163;163;10.86;25.06
5400.00;5700.00;2340.00;26.23;E0_1_1400m;5.00;195;195;12.39;26.36
5400.00;5700.00;1908.00;25.03;E0_0_1500m;5.00;159;159;10.59;25.09
5400.00;5700.00;2352.00;26.28;E0_1_1500m;5.00;196;196;12.43;26.40
5400.00;5700.00;1884.00;25.00;E0_0_1600m;5.00;157;157;10.47;25.06
5400.00;5700.00;2352.00;26.37;E0_1_1600m;5.00;196;196;12.39;26.50
5400.00;5700.00;1872.00;24.99;E0_0_1700m;5.00;156;156;10.40;25.04
5400.00;5700.00;2340.00;26.51;E0_1_1700m;5.00;195;195;12.26;26.65
5400.00;5700.00;1860.00;25.05;E0_0_1800m;5.00;155;154;10.27;25.11
5400.00;5700.00;2316.00;26.58;E0_1_1800m;5.00;193;192;12.05;26.72
5400.00;5700.00;1848.00;25.12;E0_0_1900m;5.00;154;154;10.22;25.18
5400.00;5700.00;2304.00;26.67;E0_1_1900m;5.00;192;192;12.00;26.82
5400.00;5700.00;1860.00;25.19;E0_0_2000m;5.00;155;154;10.25;25.24
5400.00;5700.00;2268.00;26.78;E0_1_2000m;5.00;189;189;11.76;26.92
5400.00;5700.00;1860.00;25.19;E0_0_2100m;5.00;155;155;10.25;25.24
5400.00;5700.00;2280.00;26.82;E0_1_2100m;5.00;190;190;11.81;26.96
5400.00;5700.00;1896.00;25.19;E0_0_2200m;5.00;158;158;10.45;25.24
5400.00;5700.00;2316.00;26.86;E0_1_2200m;5.00;193;193;11.98;26.99
5400.00;5700.00;1872.00;25.36;E0_0_2300m;5.00;156;156;10.25;25.43
5400.00;5700.00;2328.00;26.89;E0_1_2300m;5.00;194;194;12.02;27.02
5400.00;5700.00;1872.00;25.48;E0_0_2400m;5.00;156;156;10.20;25.55
5400.00;5700.00;2316.00;26.90;E0_1_2400m;5.00;193;193;11.96;27.02
5400.00;5700.00;1872.00;25.43;E0_0_2500m;5.00;156;156;10.22;25.49
5400.00;5700.00;2316.00;26.90;E0_1_2500m;5.00;193;193;11.96;27.02
5400.00;5700.00;1884.00;25.25;E0_0_2600m;5.00;157;157;10.36;25.30
5400.00;5700.00;2292.00;26.89;E0_1_2600m;5.00;191;192;11.89;27.01
5400.00;5700.00;1860.00;25.09;E0_0_2700m;5.00;155;155;10.29;25.15
5400.00;5700.00;2328.00;26.86;E0_1_2700m;5.00;194;194;12.04;26.98
5400.00;5700.00;1872.00;24.90;E0_0_2800m;5.00;156;157;10.45;24.96
5400.00;5700.00;2340.00;26.79;E0_1_2800m;5.00;195;195;12.13;26.92
5400.00;5700.00;1896.00;24.82;E0_0_2900m;5.00;158;158;10.61;24.89
5400.00;5700.00;2316.00;26.78;E0_1_2900m;5.00;193;193;12.01;26.89
5400.00;5700.00;1884.00;24.85;E0_0_3000m;5.00;157;157;10.53;24.91
5400.00;5700.00;2328.00;26.62;E0_1_3000m;5.00;194;194;12.15;26.72
5400.00;5700.00;1872.00;24.97;E0_0_3100m;5.00;156;155;10.39;25.04
5400.00;5700.00;2340.00;26.61;E0_1_3100m;5.00;195;195;12.22;26.70
5400.00;5700.00;1896.00;24.87;E0_0_3200m;5.00;158;157;10.59;24.94
5400.00;5700.00;2316.00;26.65;E0_1_3200m;5.00;193;193;12.07;26.75
5400.00;5700.00;1872.00;24.74;E0_0_3300m;5.00;156;156;10.51;24.82
5400.00;5700.00;2328.00;26.55;E0_1_3300m;5.00;194;194;12.18;26.64
5400.00;5700.00;1860.00;24.63;E0_0_3400m;5.00;155;155;10.49;24.73
5400.00;5700.00;2328.00;26.57;E0_1_3400m;5.00;194;194;12.17;26.67
5400.00;5700.00;1836.00;24.85;E0_0_3500m;5.00;153;153;10.26;24.93
5400.00;5700.00;2352.00;26.54;E0_1_3500m;5.00;196;196;12.31;26.65
5400.00;5700.00;1872.00;24.95;E0_0_3600m;5.00;156;156;10.42;25.02
5400.00;5700.00;2352.00;26.55;E0_1_3600m;5.00;196;196;12.30;26.64
5400.00;5700.00;1920.00;24.76;E0_0_3700m;5.00;160;159;10.75;24.83
5400.00;5700.00;2388.00;26.53;E0_1_3700m;5.00;199;199;12.50;26.62
5400.00;5700.00;1908.00;24.67;E0_0_3800m;5.00;159;159;10.74;24.75
5400.00;5700.00;2400.00;26.49;E0_1_3800m;5.00;200;200;12.59;26.57
5400.00;5700.00;1884.00;24.82;E0_0_3900m;5.00;157;157;10.54;24.90
5400.00;5700.00;2364.00;26.50;E0_1_3900m;5.00;197;197;12.39;26.57
5400.00;5700.00;1812.00;24.92;E0_0_4000m;5.00;151;151;10.10;24.99
5400.00;5700.00;2364.00;26.57;E0_1_4000m;5.00;197;198;12.36;26.64
5400.00;5700.00;1788.00;24.93;E0_0_4100m;5.00;149;149;9.96;25.00
5400.00;5700.00;2328.00;26.65;E0_1_4100m;5.00;194;195;12.15;26.72
5400.00;5700.00;1764.00;24.88;E0_0_4200m;5.00;147;147;9.85;24.95
5400.00;5700.00;2292.00;26.76;E0_1_4200m;5.00;191;191;11.90;26.82
5400.00;5700.00;1740.00;24.80;E0_0_4300m;5.00;145;145;9.75;24.86
5400.00;5700.00;2244.00;26.82;E0_1_4300m;5.00;187;187;11.62;26.88
5400.00;5700.00;1704.00;24.79;E0_0_4400m;5.00;142;142;9.55;24.86
5400.00;5700.00;2208.00;26.78;E0_1_4400m;5.00;184;184;11.45;26.84
5400.00;5700.00;1692.00;24.79;E0_0_4500m;5.00;141;141;9.48;24.86
5400.00;5700.00;2208.00;26.80;E0_1_4500m;5.00;184;184;11.44;26.87
5400.00;5700.00;1704.00;24.88;E0_0_4600m;5.00;142;143;9.56;24.95
5400.00;5700.00;2208.00;26.82;E0_1_4600m;5.00;184;183;11.40;26.90
5400.00;5700.00;1728.00;24.90;E0_0_4700m;5.00;144;144;9.64;24.98
5400.00;5700.00;2184.00;26.87;E0_1_4700m;5.00;182;182;11.29;26.93
5400.00;5700.00;1752.00;24.89;E0_0_4800m;5.00;146;147;9.84;24.97
5400.00;5700.00;2172.00;27.00;E0_1_4800m;5.00;181;181;11.17;27.06
5400.00;5700.00;1788.00;24.94;E0_0_4900m;5.00;149;149;9.96;25.03
5400.00;5700.00;2148.00;27.09;E0_1_4900m;5.00;179;179;11.01;27.17
5400.00;5700.00;1788.00;24.99;E0_0_5000m;5.00;149;150;9.96;25.08
5400.00;5700.00;2136.00;27.18;E0_1_5000m;5.00;178;178;10.92;27.26
5700.00;6000.00;0.00;-1.00;E0_0_0m;-1.00;0;0;0.00;-1.00
5700.00;6000.00;0.00;-1.00;E0_1_0m;-1.00;0;0;0.00;-1.00
5700.00;6000.00;2004.00;27.04;E0_0_100m;5.00;167;167;10.29;27.14
5700.00;6000.00;2016.00;28.07;E0_1_100m;5.00;168;168;9.97;28.20
5700.00;6000.00;1920.00;27.23;E0_0_200m;5.00;160;160;9.79;27.35
5700.00;6000.00;2076.00;28.50;E0_1_200m;5.00;173;173;10.12;28.69
5700.00;6000.00;1932.00;27.27;E0_0_300m;5.00;161;161;9.84;27.40
5700.00;6000.00;2028.00;28.52;E0_1_300m;5.00;169;170;9.91;28.72
5700.00;6000.00;1944.00;27.27;E0_0_400m;5.00;162;162;9.90;27.40
5700.00;6000.00;2016.00;28.56;E0_1_400m;5.00;168;168;9.80;28.76
5700.00;6000.00;1920.00;27.03;E0_0_500m;5.00;160;160;9.86;27.15
5700.00;6000.00;1992.00;28.52;E0_1_500m;5.00;166;166;9.70;28.71
5700.00;6000.00;1932.00;26.78;E0_0_600m;5.00;161;161;10.02;26.89
5700.00;6000.00;1992.00;28.42;E0_1_600m;5.00;166;166;9.74;28.59
5700.00;6000.00;1932.00;26.59;E0_0_700m;5.00;161;161;10.09;26.69
5700.00;6000.00;1980.00;28.20;E0_1_700m;5.00;165;166;9.78;28.37
5700.00;6000.00;1956.00;26.37;E0_0_800m;5.00;163;163;10.30;26.45
5700.00;6000.00;1992.00;27.91;E0_1_800m;5.00;166;166;9.91;28.07
5700.00;6000.00;1980.00;26.15;E0_0_900m;5.00;165;165;10.51;26.24
5700.00;6000.00;1992.00;27.62;E0_1_900m;5.00;166;166;10.02;27.79
5700.00;6000.00;1980.00;25.88;E0_0_1000m;5.00;165;164;10.62;25.96
5700.00;6000.00;2004.00;27.40;E0_1_1000m;5.00;167;167;10.16;27.59
5700.00;6000.00;1908.00;25.71;E0_0_1100m;5.00;159;160;10.33;25.78
5700.00;6000.00;2040.00;27.22;E0_1_1100m;5.00;170;171;10.45;27.43
5700.00;6000.00;1896.00;25.65;E0_0_1200m;5.00;158;159;10.27;25.73
5700.00;6000.00;2088.00;26.96;E0_1_1200m;5.00;174;174;10.75;27.21
5700.00;6000.00;1908.00;25.66;E0_0_1300m;5.00;159;160;10.33;25.75
5700.00;6000.00;2112.00;26.83;E0_1_1300m;5.00;176;176;10.93;27.03
5700.00;6000.00;1932.00;25.45;E0_0_1400m;5.00;161;161;10.54;25.54
5700.00;6000.00;2124.00;26.69;E0_1_1400m;5.00;177;177;11.05;26.88
5700.00;6000.00;1920.00;25.25;E0_0_1500m;5.00;160;160;10.56;25.34
5700.00;6000.00;2148.00;26.51;E0_1_1500m;5.00;179;179;11.25;26.71
5700.00;6000.00;1908.00;25.18;E0_0_1600m;5.00;159;159;10.53;25.26
5700.00;6000.00;2160.00;26.41;E0_1_1600m;5.00;180;180;11.36;26.62
5700.00;6000.00;1884.00;25.07;E0_0_1700m;5.00;157;158;10.50;25.15
5700.00;6000.00;2172.00;26.30;E0_1_1700m;5.00;181;181;11.47;26.51
5700.00;6000.00;1908.00;24.96;E0_0_1800m;5.00;159;160;10.65;25.04
5700.00;6000.00;2172.00;26.21;E0_1_1800m;5.00;181;181;11.51;26.43
5700.00;6000.00;1920.00;24.81;E0_0_1900m;5.00;160;160;10.75;24.88
5700.00;6000.00;2172.00;26.05;E0_1_1900m;5.00;181;181;11.58;26.26
5700.00;6000.00;1920.00;24.69;E0_0_2000m;5.00;160;160;10.80;24.76
5700.00;6000.00;2184.00;25.86;E0_1_2000m;5.00;182;182;11.73;26.06
5700.00;6000.00;1872.00;24.72;E0_0_2100m;5.00;156;156;10.52;24.79
5700.00;6000.00;2220.00;25.78;E0_1_2100m;5.00;185;185;11.96;25.98
5700.00;6000.00;1872.00;24.74;E0_0_2200m;5.00;156;156;10.51;24.81
5700.00;6000.00;2220.00;25.79;E0_1_2200m;5.00;185;185;11.96;25.99
5700.00;6000.00;1896.00;24.89;E0_0_2300m;5.00;158;158;10.58;24.97
5700.00;6000.00;2232.00;25.81;E0_1_2300m;5.00;186;186;12.01;26.03
5700.00;6000.00;1908.00;24.89;E0_0_2400m;5.00;159;159;10.64;25.01
5700.00;6000.00;2232.00;25.84;E0_1_2400m;5.00;186;187;12.06;26.05
5700.00;6000.00;1908.00;24.69;E0_0_2500m;5.00;159;159;10.73;24.75
5700.00;6000.00;2244.00;25.68;E0_1_2500m;5.00;187;187;12.13;25.88
5700.00;6000.00;1896.00;24.56;E0_0_2600m;5.00;158;159;10.73;24.61
5700.00;6000.00;2256.00;25.49;E0_1_2600m;5.00;188;188;12.27;25.68
5700.00;6000.00;1908.00;24.49;E0_0_2700m;5.00;159;159;10.82;24.54
5700.00;6000.00;2268.00;25.36;E0_1_2700m;5.00;189;189;12.42;25.52
5700.00;6000.00;1896.00;24.46;E0_0_2800m;5.00;158;158;10.77;24.50
5700.00;6000.00;2256.00;25.32;E0_1_2800m;5.00;188;189;12.43;25.49
5700.00;6000.00;1932.00;24.40;E0_0_2900m;5.00;161;161;11.00;24.44
5700.00;6000.00;2268.00;25.23;E0_1_2900m;5.00;189;189;12.48;25.39
5700.00;6000.00;1932.00;24.37;E0_0_3000m;5.00;161;161;11.01;24.41
5700.00;6000.00;2280.00;25.07;E0_1_3000m;5.00;190;190;12.63;25.21
5700.00;6000.00;1944.00;24.35;E0_0_3100m;5.00;162;162;11.09;24.39
5700.00;6000.00;2268.00;24.92;E0_1_3100m;5.00;189;189;12.64;25.06
5700.00;6000.00;1932.00;24.26;E0_0_3200m;5.00;161;162;11.09;24.30
5700.00;6000.00;2268.00;24.81;E0_1_3200m;5.00;189;189;12.70;24.94
5700.00;6000.00;1920.00;24.27;E0_0_3300m;5.00;160;160;10.99;24.32
5700.00;6000.00;2280.00;24.80;E0_1_3300m;5.00;190;190;12.77;24.93
5700.00;6000.00;1944.00;24.27;E0_0_3400m;5.00;162;162;11.13;24.32
5700.00;6000.00;2268.00;24.83;E0_1_3400m;5.00;189;189;12.68;24.98
5700.00;6000.00;1944.00;24.30;E0_0_3500m;5.00;162;162;11.11;24.35
5700.00;6000.00;2268.00;24.71;E0_1_3500m;5.00;189;189;12.75;24.84
5700.00;6000.00;1944.00;24.32;E0_0_3600m;5.00;162;162;11.10;24.37
5700.00;6000.00;2244.00;24.66;E0_1_3600m;5.00;187;187;12.64;24.80
5700.00;6000.00;1920.00;24.29;E0_0_3700m;5.00;160;160;10.98;24.32
5700.00;6000.00;2220.00;24.62;E0_1_3700m;5.00;185;185;12.53;24.74
5700.00;6000.00;1920.00;24.25;E0_0_3800m;5.00;160;160;10.99;24.29
5700.00;6000.00;2208.00;24.52;E0_1_3800m;5.00;184;184;12.51;24.60
5700.00;6000.00;1908.00;24.20;E0_0_3900m;5.00;159;159;10.95;24.23
5700.00;6000.00;2220.00;24.42;E0_1_3900m;5.00;185;185;12.63;24.47
5700.00;6000.00;1908.00;24.20;E0_0_4000m;5.00;159;159;10.95;24.22
5700.00;6000.00;2220.00;24.34;E0_1_4000m;5.00;185;184;12.66;24.38
5700.00;6000.00;1896.00;24.16;E0_0_4100m;5.00;158;158;10.90;24.18
5700.00;6000.00;2220.00;24.31;E0_1_4100m;5.00;185;184;12.67;24.34
5700.00;6000.00;1896.00;24.12;E0_0_4200m;5.00;158;158;10.92;24.14
5700.00;6000.00;2208.00;24.32;E0_1_4200m;5.00;184;184;12.61;24.35
5700.00;6000.00;1908.00;24.14;E0_0_4300m;5.00;159;159;10.98;24.17
5700.00;6000.00;2208.00;24.38;E0_1_4300m;5.00;184;184;12.58;24.42
5700.00;6000.00;1908.00;24.15;E0_0_4400m;5.00;159;159;10.97;24.17
5700.00;6000.00;2208.00;24.44;E0_1_4400m;5.00;184;184;12.55;24.49
5700.00;6000.00;1908.00;24.18;E0_0_4500m;5.00;159;159;10.96;24.20
5700.00;6000.00;2208.00;24.36;E0_1_4500m;5.00;184;184;12.59;24.39
5700.00;6000.00;1896.00;24.14;E0_0_4600m;5.00;158;158;10.91;24.16
5700.00;6000.00;2196.00;24.35;E0_1_4600m;5.00;183;184;12.55;24.38
5700.00;6000.00;1896.00;24.12;E0_0_4700m;5.00;158;158;10.92;24.15
5700.00;6000.00;2196.00;24.38;E0_1_4700m;5.00;183;184;12.52;24.41
5700.00;6000.00;1896.00;24.20;E0_0_4800m;5.00;158;157;10.82;24.22
5700.00;6000.00;2208.00;24.45;E0_1_4800m;5.00;184;184;12.54;24.49
5700.00;6000.00;1920.00;24.32;E0_0_4900m;5.00;160;160;10.96;24.35
5700.00;6000.00;2244.00;24.55;E0_1_4900m;5.00;187;187;12.70;24.59
5700.00;6000.00;1956.00;24.35;E0_0_5000m;5.00;163;163;11.16;24.38
5700.00;6000.00;2280.00;24.70;E0_1_5000m;5.00;190;190;12.82;24.76
6000.00;6300.00;0.00;-1.00;E0_0_0m;-1.00;0;0;0.00;-1.00
6000.00;6300.00;0.00;-1.00;E0_1_0m;-1.00;0;0;0.00;-1.00
6000.00;6300.00;1524.00;26.34;E0_0_100m;5.00;127;128;8.07;26.47
6000.00;6300.00;2256.00;27.42;E0_1_100m;5.00;188;188;11.43;27.57
6000.00;6300.00;1584.00;25.95;E0_0_200m;5.00;132;132;8.48;26.11
6000.00;6300.00;2196.00;27.43;E0_1_200m;5.00;183;183;11.12;27.64
6000.00;6300.00;1572.00;25.61;E0_0_300m;5.00;131;132;8.58;25.77
6000.00;6300.00;2220.00;27.25;E0_1_300m;5.00;185;184;11.28;27.48
6000.00;6300.00;1584.00;25.51;E0_0_400m;5.00;132;132;8.62;25.69
6000.00;6300.00;2196.00;27.03;E0_1_400m;5.00;183;184;11.33;27.28
6000.00;6300.00;1596.00;25.79;E0_0_500m;5.00;133;133;8.60;25.93
6000.00;6300.00;2196.00;26.99;E0_1_500m;5.00;183;183;11.30;27.21
6000.00;6300.00;1608.00;25.76;E0_0_600m;5.00;134;134;8.67;25.91
6000.00;6300.00;2184.00;26.92;E0_1_600m;5.00;182;182;11.27;27.13
6000.00;6300.00;1596.00;25.75;E0_0_700m;5.00;133;134;8.66;25.91
6000.00;6300.00;2196.00;26.69;E0_1_700m;5.00;183;183;11.42;26.90
6000.00;6300.00;1596.00;25.79;E0_0_800m;5.00;133;133;8.60;25.95
6000.00;6300.00;2172.00;26.69;E0_1_800m;5.00;181;182;11.33;26.90
6000.00;6300.00;1608.00;25.90;E0_0_900m;5.00;134;134;8.62;26.06
6000.00;6300.00;2136.00;26.65;E0_1_900m;5.00;178;178;11.13;26.84
6000.00;6300.00;1584.00;25.98;E0_0_1000m;5.00;132;132;8.47;26.12
6000.00;6300.00;2148.00;26.73;E0_1_1000m;5.00;179;179;11.16;26.91
6000.00;6300.00;1620.00;25.96;E0_0_1100m;5.00;135;134;8.64;26.09
6000.00;6300.00;2124.00;26.87;E0_1_1100m;5.00;177;176;10.94;27.06
6000.00;6300.00;1620.00;25.89;E0_0_1200m;5.00;135;135;8.69;26.01
6000.00;6300.00;2100.00;27.05;E0_1_1200m;5.00;175;176;10.81;27.22
6000.00;6300.00;1644.00;25.88;E0_0_1300m;5.00;137;136;8.82;25.99
6000.00;6300.00;2112.00;26.96;E0_1_1300m;5.00;176;176;10.88;27.12
6000.00;6300.00;1656.00;25.85;E0_0_1400m;5.00;138;138;8.90;25.96
6000.00;6300.00;2136.00;26.87;E0_1_1400m;5.00;178;178;11.04;27.02
6000.00;6300.00;1644.00;25.95;E0_0_1500m;5.00;137;137;8.80;26.05
6000.00;6300.00;2172.00;26.83;E0_1_1500m;5.00;181;181;11.25;26.98
6000.00;6300.00;1656.00;26.02;E0_0_1600m;5.00;138;138;8.84;26.12
6000.00;6300.00;2172.00;26.88;E0_1_1600m;5.00;181;181;11.22;27.03
6000.00;6300.00;1680.00;26.02;E0_0_1700m;5.00;140;139;8.91;26.11
6000.00;6300.00;2160.00;26.85;E0_1_1700m;5.00;180;180;11.17;26.99
6000.00;6300.00;1668.00;26.04;E0_0_1800m;5.00;139;138;8.87;26.12
6000.00;6300.00;2148.00;26.86;E0_1_1800m;5.00;179;179;11.11;27.00
6000.00;6300.00;1680.00;26.00;E0_0_1900m;5.00;140;140;8.97;26.10
6000.00;6300.00;2124.00;26.91;E0_1_1900m;5.00;177;178;10.98;27.05
6000.00;6300.00;1668.00;26.06;E0_0_2000m;5.00;139;140;8.95;26.14
6000.00;6300.00;2136.00;26.95;E0_1_2000m;5.00;178;178;11.01;27.08
6000.00;6300.00;1692.00;26.07;E0_0_2100m;5.00;141;141;9.01;26.15
6000.00;6300.00;2124.00;26.95;E0_1_2100m;5.00;177;177;10.94;27.07
6000.00;6300.00;1692.00;26.03;E0_0_2200m;5.00;141;141;9.03;26.10
6000.00;6300.00;2112.00;26.92;E0_1_2200m;5.00;176;177;10.93;27.03
6000.00;6300.00;1692.00;26.04;E0_0_2300m;5.00;141;141;9.02;26.11
6000.00;6300.00;2088.00;26.92;E0_1_2300m;5.00;174;174;10.77;27.04
6000.00;6300.00;1728.00;26.05;E0_0_2400m;5.00;144;144;9.21;26.12
6000.00;6300.00;2100.00;26.86;E0_1_2400m;5.00;175;175;10.86;26.98
6000.00;6300.00;1752.00;26.04;E0_0_2500m;5.00;146;146;9.34;26.11
6000.00;6300.00;2124.00;26.77;E0_1_2500m;5.00;177;177;11.02;26.88
6000.00;6300.00;1776.00;26.06;E0_0_2600m;5.00;148;147;9.46;26.12
6000.00;6300.00;2172.00;26.69;E0_1_2600m;5.00;181;180;11.28;26.79
6000.00;6300.00;1776.00;26.00;E0_0_2700m;5.00;148;148;9.49;26.06
6000.00;6300.00;2184.00;26.61;E0_1_2700m;5.00;182;182;11.40;26.71
6000.00;6300.00;1788.00;25.94;E0_0_2800m;5.00;149;149;9.57;26.00
6000.00;6300.00;2184.00;26.49;E0_1_2800m;5.00;182;182;11.45;26.58
6000.00;6300.00;1776.00;25.84;E0_0_2900m;5.00;148;148;9.55;25.89
6000.00;6300.00;2160.00;26.36;E0_1_2900m;5.00;180;180;11.38;26.43
6000.00;6300.00;1776.00;25.71;E0_0_3000m;5.00;148;148;9.60;25.75
6000.00;6300.00;2196.00;26.20;E0_1_3000m;5.00;183;183;11.64;26.24
6000.00;6300.00;1776.00;25.60;E0_0_3100m;5.00;148;148;9.64;25.64
6000.00;6300.00;2208.00;26.08;E0_1_3100m;5.00;184;184;11.76;26.11
6000.00;6300.00;1800.00;25.48;E0_0_3200m;5.00;150;149;9.79;25.52
6000.00;6300.00;2208.00;25.96;E0_1_3200m;5.00;184;184;11.81;25.99
6000.00;6300.00;1836.00;25.42;E0_0_3300m;5.00;153;153;10.03;25.46
6000.00;6300.00;2244.00;25.89;E0_1_3300m;5.00;187;187;12.04;25.91
6000.00;6300.00;1860.00;25.34;E0_0_3400m;5.00;155;155;10.19;25.37
6000.00;6300.00;2256.00;25.81;E0_1_3400m;5.00;188;188;12.14;25.83
6000.00;6300.00;1872.00;25.20;E0_0_3500m;5.00;156;156;10.32;25.23
6000.00;6300.00;2256.00;25.68;E0_1_3500m;5.00;188;188;12.20;25.70
6000.00;6300.00;1872.00;24.98;E0_0_3600m;5.00;156;156;10.41;25.02
6000.00;6300.00;2256.00;25.55;E0_1_3600m;5.00;188;188;12.26;25.57
6000.00;6300.00;1884.00;24.75;E0_0_3700m;5.00;157;157;10.57;24.82
6000.00;6300.00;2244.00;25.43;E0_1_3700m;5.00;187;188;12.28;25.45
6000.00;6300.00;1872.00;24.74;E0_0_3800m;5.00;156;156;10.51;24.80
6000.00;6300.00;2268.00;25.28;E0_1_3800m;5.00;189;189;12.46;25.30
6000.00;6300.00;1872.00;24.83;E0_0_3900m;5.00;156;156;10.47;24.87
6000.00;6300.00;2268.00;25.16;E0_1_3900m;5.00;189;189;12.52;25.19
6000.00;6300.00;1896.00;24.86;E0_0_4000m;5.00;158;158;10.59;24.90
6000.00;6300.00;2268.00;25.09;E0_1_4000m;5.00;189;189;12.56;25.11
6000.00;6300.00;1896.00;24.83;E0_0_4100m;5.00;158;158;10.61;24.87
6000.00;6300.00;2268.00;25.06;E0_1_4100m;5.00;189;189;12.57;25.09
6000.00;6300.00;1920.00;24.79;E0_0_4200m;5.00;160;160;10.76;24.82
6000.00;6300.00;2256.00;25.04;E0_1_4200m;5.00;188;189;12.52;25.08
6000.00;6300.00;1932.00;24.75;E0_0_4300m;5.00;161;161;10.84;24.78
6000.00;6300.00;2292.00;25.00;E0_1_4300m;5.00;191;191;12.73;25.04
6000.00;6300.00;1956.00;24.73;E0_0_4400m;5.00;163;163;10.98;24.77
6000.00;6300.00;2292.00;24.97;E0_1_4400m;5.00;191;191;12.75;25.01
6000.00;6300.00;1968.00;24.75;E0_0_4500m;5.00;164;164;11.05;24.78
6000.00;6300.00;2280.00;24.94;E0_1_4500m;5.00;190;190;12.70;24.99
6000.00;6300.00;1968.00;24.75;E0_0_4600m;5.00;164;164;11.04;24.79
6000.00;6300.00;2304.00;24.85;E0_1_4600m;5.00;192;191;12.85;24.89
6000.00;6300.00;1980.00;24.75;E0_0_4700m;5.00;165;165;11.11;24.79
6000.00;6300.00;2316.00;24.82;E0_1_4700m;5.00;193;192;12.95;24.86
6000.00;6300.00;1968.00;24.71;E0_0_4800m;5.00;164;164;11.06;24.75
6000.00;6300.00;2304.00;24.81;E0_1_4800m;5.00;192;192;12.90;24.85
6000.00;6300.00;1968.00;24.68;E0_0_4900m;5.00;164;164;11.07;24.72
6000.00;6300.00;2256.00;24.85;E0_1_4900m;5.00;188;188;12.61;24.91
6000.00;6300.00;1944.00;24.68;E0_0_5000m;5.00;162;162;10.94;24.72
6000.00;6300.00;2220.00;24.79;E0_1_5000m;5.00;185;185;12.44;24.84
6300.00;6600.00;0.00;-1.00;E0_0_0m;-1.00;0;0;0.00;-1.00
6300.00;6600.00;0.00;-1.00;E0_1_0m;-1.00;0;0;0.00;-1.00
6300.00;6600.00;2028.00;25.51;E0_0_100m;5.00;169;169;11.04;25.65
6300.00;6600.00;2196.00;26.41;E0_1_100m;5.00;183;184;11.59;26.59
6300.00;6600.00;2052.00;25.70;E0_0_200m;5.00;171;171;11.09;25.81
6300.00;6600.00;2172.00;27.03;E0_1_200m;5.00;181;182;11.22;27.25
6300.00;6600.00;2064.00;25.67;E0_0_300m;5.00;172;171;11.11;25.75
6300.00;6600.00;2148.00;27.34;E0_1_300m;5.00;179;180;10.95;27.54
6300.00;6600.00;2028.00;25.79;E0_0_400m;5.00;169;169;10.92;25.86
6300.00;6600.00;2184.00;27.36;E0_1_400m;5.00;182;181;11.04;27.53
6300.00;6600.00;2016.00;25.86;E0_0_500m;5.00;168;168;10.83;25.91
6300.00;6600.00;2172.00;27.28;E0_1_500m;5.00;181;181;11.06;27.41
6300.00;6600.00;1980.00;25.90;E0_0_600m;5.00;165;165;10.62;25.94
6300.00;6600.00;2184.00;27.22;E0_1_600m;5.00;182;183;11.20;27.34
6300.00;6600.00;1968.00;25.77;E0_0_700m;5.00;164;163;10.56;25.82
6300.00;6600.00;2220.00;26.98;E0_1_700m;5.00;185;184;11.41;27.10
6300.00;6600.00;1944.00;25.55;E0_0_800m;5.00;162;162;10.57;25.61
6300.00;6600.00;2232.00;26.71;E0_1_800m;5.00;186;185;11.58;26.84
6300.00;6600.00;1932.00;25.34;E0_0_900m;5.00;161;161;10.59;25.42
6300.00;6600.00;2232.00;26.40;E0_1_900m;5.00;186;187;11.76;26.56
6300.00;6600.00;1920.00;24.96;E0_0_1000m;5.00;160;160;10.69;25.06
6300.00;6600.00;2256.00;26.13;E0_1_1000m;5.00;188;189;12.02;26.33
6300.00;6600.00;1920.00;24.71;E0_0_1100m;5.00;160;160;10.79;24.83
6300.00;6600.00;2268.00;25.87;E0_1_1100m;5.00;189;190;12.21;26.11
6300.00;6600.00;1944.00;24.39;E0_0_1200m;5.00;162;162;11.07;24.52
6300.00;6600.00;2304.00;25.51;E0_1_1200m;5.00;192;192;12.54;25.76
6300.00;6600.00;1920.00;24.01;E0_0_1300m;5.00;160;160;11.11;24.17
6300.00;6600.00;2316.00;25.12;E0_1_1300m;5.00;193;193;12.80;25.35
6300.00;6600.00;1908.00;23.81;E0_0_1400m;5.00;159;159;11.13;23.97
6300.00;6600.00;2280.00;24.71;E0_1_1400m;5.00;190;190;12.82;24.93
6300.00;6600.00;1896.00;23.66;E0_0_1500m;5.00;158;158;11.13;23.83
6300.00;6600.00;2268.00;24.25;E0_1_1500m;5.00;189;189;12.99;24.45
6300.00;6600.00;1920.00;23.51;E0_0_1600m;5.00;160;160;11.34;23.68
6300.00;6600.00;2304.00;23.97;E0_1_1600m;5.00;192;192;13.35;24.20
6300.00;6600.00;1908.00;23.25;E0_0_1700m;5.00;159;160;11.45;23.42
6300.00;6600.00;2328.00;23.77;E0_1_1700m;5.00;194;194;13.60;24.02
6300.00;6600.00;1956.00;23.02;E0_0_1800m;5.00;163;163;11.80;23.22
6300.00;6600.00;2352.00;23.65;E0_1_1800m;5.00;196;196;13.82;23.91
6300.00;6600.00;2004.00;22.77;E0_0_1900m;5.00;167;167;12.22;23.03
6300.00;6600.00;2328.00;23.48;E0_1_1900m;5.00;194;194;13.77;23.75
6300.00;6600.00;2004.00;22.51;E0_0_2000m;5.00;167;166;12.31;22.76
6300.00;6600.00;2328.00;23.29;E0_1_2000m;5.00;194;195;13.89;23.53
6300.00;6600.00;1980.00;22.45;E0_0_2100m;5.00;165;165;12.25;22.69
6300.00;6600.00;2328.00;23.13;E0_1_2100m;5.00;194;194;13.98;23.36
6300.00;6600.00;1956.00;22.49;E0_0_2200m;5.00;163;163;12.08;22.72
6300.00;6600.00;2304.00;22.98;E0_1_2200m;5.00;192;191;13.89;23.20
6300.00;6600.00;1956.00;22.52;E0_0_2300m;5.00;163;163;12.06;22.74
6300.00;6600.00;2304.00;22.90;E0_1_2300m;5.00;192;192;13.97;23.11
6300.00;6600.00;1944.00;22.56;E0_0_2400m;5.00;162;162;11.97;22.77
6300.00;6600.00;2280.00;22.85;E0_1_2400m;5.00;190;190;13.86;23.07
6300.00;6600.00;1932.00;22.55;E0_0_2500m;5.00;161;161;11.90;22.73
6300.00;6600.00;2232.00;22.67;E0_1_2500m;5.00;186;187;13.71;22.86
6300.00;6600.00;1908.00;22.44;E0_0_2600m;5.00;159;159;11.81;22.59
6300.00;6600.00;2208.00;22.50;E0_1_2600m;5.00;184;184;13.63;22.65
6300.00;6600.00;1896.00;22.38;E0_0_2700m;5.00;158;158;11.77;22.52
6300.00;6600.00;2184.00;22.39;E0_1_2700m;5.00;182;183;13.58;22.53
6300.00;6600.00;1884.00;22.34;E0_0_2800m;5.00;157;157;11.71;22.49
6300.00;6600.00;2196.00;22.40;E0_1_2800m;5.00;183;182;13.56;22.56
6300.00;6600.00;1884.00;22.34;E0_0_2900m;5.00;157;157;11.71;22.51
6300.00;6600.00;2184.00;22.37;E0_1_2900m;5.00;182;182;13.56;22.53
6300.00;6600.00;1884.00;22.29;E0_0_3000m;5.00;157;157;11.74;22.45
6300.00;6600.00;2172.00;22.33;E0_1_3000m;5.00;181;181;13.51;22.49
6300.00;6600.00;1884.00;22.22;E0_0_3100m;5.00;157;157;11.77;22.37
6300.00;6600.00;2160.00;22.30;E0_1_3100m;5.00;180;180;13.45;22.47
6300.00;6600.00;1872.00;22.09;E0_0_3200m;5.00;156;156;11.77;22.22
6300.00;6600.00;2160.00;22.29;E0_1_3200m;5.00;180;180;13.46;22.46
6300.00;6600.00;1824.00;22.00;E0_0_3300m;5.00;152;152;11.52;22.13
6300.00;6600.00;2136.00;22.19;E0_1_3300m;5.00;178;178;13.37;22.36
6300.00;6600.00;1800.00;22.07;E0_0_3400m;5.00;150;150;11.33;22.21
6300.00;6600.00;2100.00;22.19;E0_1_3400m;5.00;175;176;13.21;22.37
6300.00;6600.00;1788.00;22.14;E0_0_3500m;5.00;149;149;11.22;22.29
6300.00;6600.00;2100.00;22.27;E0_1_3500m;5.00;175;175;13.09;22.49
6300.00;6600.00;1788.00;22.24;E0_0_3600m;5.00;149;149;11.17;22.41
6300.00;6600.00;2088.00;22.33;E0_1_3600m;5.00;174;174;12.99;22.55
6300.00;6600.00;1764.00;22.25;E0_0_3700m;5.00;147;147;11.01;22.42
6300.00;6600.00;2100.00;22.43;E0_1_3700m;5.00;175;174;12.98;22.67
6300.00;6600.00;1752.00;22.32;E0_0_3800m;5.00;146;146;10.90;22.50
6300.00;6600.00;2076.00;22.50;E0_1_3800m;5.00;173;174;12.88;22.75
6300.00;6600.00;1764.00;22.40;E0_0_3900m;5.00;147;147;10.94;22.59
6300.00;6600.00;2076.00;22.58;E0_1_3900m;5.00;173;173;12.77;22.84
6300.00;6600.00;1728.00;22.45;E0_0_4000m;5.00;144;145;10.76;22.65
6300.00;6600.00;2076.00;22.66;E0_1_4000m;5.00;173;173;12.72;22.93
6300.00;6600.00;1728.00;22.54;E0_0_4100m;5.00;144;145;10.69;22.75
6300.00;6600.00;2076.00;22.74;E0_1_4100m;5.00;173;173;12.68;23.01
6300.00;6600.00;1704.00;22.59;E0_0_4200m;5.00;142;142;10.48;22.81
6300.00;6600.00;2076.00;22.84;E0_1_4200m;5.00;173;173;12.66;23.12
6300.00;6600.00;1680.00;22.64;E0_0_4300m;5.00;140;140;10.31;22.86
6300.00;6600.00;2040.00;22.85;E0_1_4300m;5.00;170;170;12.40;23.12
6300.00;6600.00;1656.00;22.66;E0_0_4400m;5.00;138;138;10.15;22.88
6300.00;6600.00;2040.00;22.92;E0_1_4400m;5.00;170;170;12.36;23.18
6300.00;6600.00;1668.00;22.70;E0_0_4500m;5.00;139;139;10.21;22.91
6300.00;6600.00;2028.00;23.03;E0_1_4500m;5.00;169;170;12.30;23.29
6300.00;6600.00;1644.00;22.77;E0_0_4600m;5.00;137;137;10.03;22.98
6300.00;6600.00;2016.00;23.11;E0_1_4600m;5.00;168;168;12.12;23.38
6300.00;6600.00;1620.00;22.83;E0_0_4700m;5.00;135;135;9.86;23.04
6300.00;6600.00;2004.00;23.17;E0_1_4700m;5.00;167;167;12.01;23.42
6300.00;6600.00;1620.00;22.92;E0_0_4800m;5.00;135;135;9.82;23.12
6300.00;6600.00;1992.00;23.24;E0_1_4800m;5.00;166;167;11.92;23.49
6300.00;6600.00;1608.00;23.08;E0_0_4900m;5.00;134;134;9.68;23.36
6300.00;6600.00;1980.00;23.33;E0_1_4900m;5.00;165;166;11.85;23.56
6300.00;6600.00;1584.00;23.15;E0_0_5000m;5.00;132;133;9.55;23.34
6300.00;6600.00;1980.00;23.45;E0_1_5000m;5.00;165;165;11.73;23.68
6600.00;6900.00;0.00;-1.00;E0_0_0m;-1.00;0;0;0.00;-1.00
6600.00;6900.00;0.00;-1.00;E0_1_0m;-1.00;0;0;0.00;-1.00
6600.00;6900.00;1920.00;25.42;E0_0_100m;5.00;160;160;10.49;25.54
6600.00;6900.00;2328.00;25.32;E0_1_100m;5.00;194;193;12.73;25.43
6600.00;6900.00;1884.00;25.53;E0_0_200m;5.00;157;157;10.25;25.66
6600.00;6900.00;2352.00;25.68;E0_1_200m;5.00;196;195;12.66;25.86
6600.00;6900.00;1884.00;25.49;E0_0_300m;5.00;157;157;10.27;25.60
6600.00;6900.00;2352.00;25.89;E0_1_300m;5.00;196;195;12.58;26.09
6600.00;6900.00;1908.00;25.40;E0_0_400m;5.00;159;159;10.43;25.52
6600.00;6900.00;2328.00;25.91;E0_1_400m;5.00;194;195;12.52;26.12
6600.00;6900.00;1920.00;25.30;E0_0_500m;5.00;160;160;10.54;25.41
6600.00;6900.00;2328.00;25.85;E0_1_500m;5.00;194;194;12.51;26.06
6600.00;6900.00;1944.00;25.14;E0_0_600m;5.00;162;162;10.74;25.24
6600.00;6900.00;2328.00;25.86;E0_1_600m;5.00;194;193;12.45;26.09
6600.00;6900.00;1920.00;25.04;E0_0_700m;5.00;160;160;10.65;25.12
6600.00;6900.00;2316.00;25.71;E0_1_700m;5.00;193;193;12.51;25.93
6600.00;6900.00;1944.00;24.88;E0_0_800m;5.00;162;162;10.85;24.95
6600.00;6900.00;2304.00;25.56;E0_1_800m;5.00;192;192;12.52;25.76
6600.00;6900.00;1980.00;24.72;E0_0_900m;5.00;165;165;11.12;24.79
6600.00;6900.00;2352.00;25.43;E0_1_900m;5.00;196;195;12.83;25.63
6600.00;6900.00;2004.00;24.68;E0_0_1000m;5.00;167;167;11.28;24.74
6600.00;6900.00;2376.00;25.35;E0_1_1000m;5.00;198;197;12.99;25.54
6600.00;6900.00;2004.00;24.48;E0_0_1100m;5.00;167;167;11.37;24.52
6600.00;6900.00;2376.00;25.18;E0_1_1100m;5.00;198;197;13.07;25.37
6600.00;6900.00;1956.00;24.31;E0_0_1200m;5.00;163;164;11.19;24.35
6600.00;6900.00;2364.00;24.93;E0_1_1200m;5.00;197;197;13.17;25.10
6600.00;6900.00;1944.00;24.16;E0_0_1300m;5.00;162;162;11.18;24.20
6600.00;6900.00;2328.00;24.60;E0_1_1300m;5.00;194;194;13.14;24.73
6600.00;6900.00;1932.00;24.03;E0_0_1400m;5.00;161;161;11.16;24.08
6600.00;6900.00;2328.00;24.43;E0_1_1400m;5.00;194;194;13.23;24.55
6600.00;6900.00;1920.00;23.90;E0_0_1500m;5.00;160;160;11.16;23.93
6600.00;6900.00;2328.00;24.27;E0_1_1500m;5.00;194;194;13.32;24.37
6600.00;6900.00;1860.00;23.84;E0_0_1600m;5.00;155;155;10.84;23.86
6600.00;6900.00;2316.00;24.14;E0_1_1600m;5.00;193;193;13.32;24.22
6600.00;6900.00;1872.00;23.88;E0_0_1700m;5.00;156;155;10.84;23.91
6600.00;6900.00;2316.00;24.09;E0_1_1700m;5.00;193;193;13.35;24.19
6600.00;6900.00;1836.00;23.83;E0_0_1800m;5.00;153;153;10.70;23.86
6600.00;6900.00;2292.00;24.02;E0_1_1800m;5.00;191;191;13.25;24.12
6600.00;6900.00;1848.00;23.76;E0_0_1900m;5.00;154;154;10.80;23.80
6600.00;6900.00;2292.00;24.02;E0_1_1900m;5.00;191;191;13.25;24.12
6600.00;6900.00;1860.00;23.75;E0_0_2000m;5.00;155;155;10.88;23.79
6600.00;6900.00;2328.00;24.07;E0_1_2000m;5.00;194;193;13.43;24.18
6600.00;6900.00;1872.00;23.74;E0_0_2100m;5.00;156;156;10.95;23.77
6600.00;6900.00;2328.00;24.02;E0_1_2100m;5.00;194;194;13.46;24.13
6600.00;6900.00;1860.00;23.70;E0_0_2200m;5.00;155;155;10.90;23.72
6600.00;6900.00;2328.00;24.05;E0_1_2200m;5.00;194;194;13.44;24.17
6600.00;6900.00;1848.00;23.74;E0_0_2300m;5.00;154;154;10.81;23.77
6600.00;6900.00;2316.00;24.07;E0_1_2300m;5.00;193;193;13.36;24.20
6600.00;6900.00;1812.00;23.76;E0_0_2400m;5.00;151;152;10.64;23.79
6600.00;6900.00;2328.00;24.13;E0_1_2400m;5.00;194;194;13.40;24.26
6600.00;6900.00;1812.00;23.80;E0_0_2500m;5.00;151;151;10.57;23.84
6600.00;6900.00;2328.00;24.16;E0_1_2500m;5.00;194;193;13.35;24.29
6600.00;6900.00;1776.00;23.81;E0_0_2600m;5.00;148;148;10.36;23.85
6600.00;6900.00;2328.00;24.17;E0_1_2600m;5.00;194;194;13.38;24.29
6600.00;6900.00;1776.00;23.86;E0_0_2700m;5.00;148;148;10.34;23.90
6600.00;6900.00;2316.00;24.16;E0_1_2700m;5.00;193;192;13.28;24.27
6600.00;6900.00;1776.00;23.88;E0_0_2800m;5.00;148;148;10.33;23.92
6600.00;6900.00;2304.00;24.14;E0_1_2800m;5.00;192;192;13.26;24.23
6600.00;6900.00;1800.00;23.96;E0_0_2900m;5.00;150;150;10.43;24.00
6600.00;6900.00;2292.00;24.12;E0_1_2900m;5.00;191;191;13.20;24.21
6600.00;6900.00;1752.00;23.91;E0_0_3000m;5.00;146;147;10.24;23.94
6600.00;6900.00;2292.00;24.14;E0_1_3000m;5.00;191;191;13.19;24.23
6600.00;6900.00;1776.00;23.70;E0_0_3100m;5.00;148;148;10.41;23.73
6600.00;6900.00;2280.00;23.96;E0_1_3100m;5.00;190;190;13.22;24.02
6600.00;6900.00;1776.00;23.45;E0_0_3200m;5.00;148;149;10.56;23.48
6600.00;6900.00;2280.00;23.70;E0_1_3200m;5.00;190;190;13.36;23.73
6600.00;6900.00;1776.00;23.18;E0_0_3300m;5.00;148;149;10.71;23.23
6600.00;6900.00;2280.00;23.50;E0_1_3300m;5.00;190;190;13.47;23.53
6600.00;6900.00;1788.00;23.16;E0_0_3400m;5.00;149;149;10.72;23.21
6600.00;6900.00;2280.00;23.35;E0_1_3400m;5.00;190;189;13.50;23.38
6600.00;6900.00;1788.00;23.20;E0_0_3500m;5.00;149;149;10.70;23.25
6600.00;6900.00;2280.00;23.27;E0_1_3500m;5.00;190;191;13.65;23.31
6600.00;6900.00;1800.00;23.19;E0_0_3600m;5.00;150;150;10.78;23.23
6600.00;6900.00;2328.00;23.28;E0_1_3600m;5.00;194;194;13.89;23.33
6600.00;6900.00;1824.00;23.13;E0_0_3700m;5.00;152;152;10.95;23.17
6600.00;6900.00;2316.00;23.22;E0_1_3700m;5.00;193;193;13.85;23.28
6600.00;6900.00;1824.00;23.08;E0_0_3800m;5.00;152;152;10.98;23.13
6600.00;6900.00;2316.00;23.12;E0_1_3800m;5.00;193;193;13.88;23.16
6600.00;6900.00;1812.00;23.03;E0_0_3900m;5.00;151;151;10.93;23.08
6600.00;6900.00;2316.00;23.09;E0_1_3900m;5.00;193;193;13.93;23.12
6600.00;6900.00;1836.00;23.02;E0_0_4000m;5.00;153;152;11.01;23.06
6600.00;6900.00;2316.00;23.11;E0_1_4000m;5.00;193;193;13.92;23.14
6600.00;6900.00;1836.00;23.12;E0_0_4100m;5.00;153;152;10.99;23.15
6600.00;6900.00;2316.00;23.16;E0_1_4100m;5.00;193;193;13.89;23.19
6600.00;6900.00;1848.00;23.19;E0_0_4200m;5.00;154;154;11.07;23.22
6600.00;6900.00;2328.00;23.22;E0_1_4200m;5.00;194;193;13.89;23.25
6600.00;6900.00;1848.00;23.28;E0_0_4300m;5.00;154;154;11.03;23.30
6600.00;6900.00;2340.00;23.32;E0_1_4300m;5.00;195;195;13.94;23.35
6600.00;6900.00;1872.00;23.39;E0_0_4400m;5.00;156;156;11.12;23.41
6600.00;6900.00;2340.00;23.44;E0_1_4400m;5.00;195;195;13.87;23.46
6600.00;6900.00;1860.00;23.52;E0_0_4500m;5.00;155;156;10.98;23.54
6600.00;6900.00;2352.00;23.54;E0_1_4500m;5.00;196;195;13.81;23.56
6600.00;6900.00;1896.00;23.63;E0_0_4600m;5.00;158;158;11.15;23.64
6600.00;6900.00;2340.00;23.67;E0_1_4600m;5.00;195;196;13.74;23.69
6600.00;6900.00;1908.00;23.76;E0_0_4700m;5.00;159;159;11.15;23.77
6600.00;6900.00;2340.00;23.81;E0_1_4700m;5.00;195;195;13.65;23.83
6600.00;6900.00;1932.00;23.89;E0_0_4800m;5.00;161;161;11.23;23.91
6600.00;6900.00;2352.00;23.94;E0_1_4800m;5.00;196;195;13.63;23.96
6600.00;6900.00;1944.00;24.03;E0_0_4900m;5.00;162;162;11.24;24.04
6600.00;6900.00;2352.00;24.12;E0_1_4900m;5.00;196;196;13.55;24.14
6600.00;6900.00;1956.00;24.06;E0_0_5000m;5.00;163;163;11.29;24.08
6600.00;6900.00;2352.00;24.30;E0_1_5000m;5.00;196;196;13.44;24.34
6900.00;7200.00;0.00;-1.00;E0_0_0m;-1.00;0;0;0.00;-1.00
6900.00;7200.00;0.00;-1.00;E0_1_0m;-1.00;0;0;0.00;-1.00
6900.00;7200.00;1716.00;25.32;E0_0_100m;5.00;143;143;9.41;25.45
6900.00;7200.00;2376.00;26.12;E0_1_100m;5.00;198;198;12.63;26.26
6900.00;7200.00;1728.00;25.27;E0_0_200m;5.00;144;144;9.50;25.42
6900.00;7200.00;2364.00;26.48;E0_1_200m;5.00;197;198;12.45;26.68
6900.00;7200.00;1728.00;25.37;E0_0_300m;5.00;144;144;9.46;25.49
6900.00;7200.00;2376.00;26.59;E0_1_300m;5.00;198;198;12.41;26.81
6900.00;7200.00;1740.00;25.17;E0_0_400m;5.00;145;145;9.60;25.29
6900.00;7200.00;2364.00;26.56;E0_1_400m;5.00;197;196;12.32;26.79
6900.00;7200.00;1752.00;24.89;E0_0_500m;5.00;146;146;9.78;25.06
6900.00;7200.00;2352.00;26.41;E0_1_500m;5.00;196;196;12.37;26.64
6900.00;7200.00;1800.00;24.53;E0_0_600m;5.00;150;150;10.19;24.72
6900.00;7200.00;2340.00;26.08;E0_1_600m;5.00;195;195;12.46;26.30
6900.00;7200.00;1812.00;24.20;E0_0_700m;5.00;151;152;10.43;24.41
6900.00;7200.00;2352.00;25.60;E0_1_700m;5.00;196;197;12.82;25.81
6900.00;7200.00;1812.00;24.01;E0_0_800m;5.00;151;151;10.48;24.18
6900.00;7200.00;2364.00;25.24;E0_1_800m;5.00;197;197;13.01;25.45
6900.00;7200.00;1800.00;24.07;E0_0_900m;5.00;150;150;10.39;24.22
6900.00;7200.00;2316.00;25.02;E0_1_900m;5.00;193;193;12.86;25.23
6900.00;7200.00;1788.00;24.07;E0_0_1000m;5.00;149;149;10.32;24.20
6900.00;7200.00;2328.00;24.87;E0_1_1000m;5.00;194;194;13.00;25.09
6900.00;7200.00;1776.00;24.00;E0_0_1100m;5.00;148;148;10.28;24.13
6900.00;7200.00;2340.00;24.82;E0_1_1100m;5.00;195;195;13.09;25.04
6900.00;7200.00;1788.00;24.05;E0_0_1200m;5.00;149;148;10.31;24.17
6900.00;7200.00;2316.00;24.67;E0_1_1200m;5.00;193;193;13.04;24.87
6900.00;7200.00;1788.00;24.06;E0_0_1300m;5.00;149;149;10.32;24.18
6900.00;7200.00;2328.00;24.53;E0_1_1300m;5.00;194;194;13.18;24.71
6900.00;7200.00;1824.00;24.06;E0_0_1400m;5.00;152;152;10.53;24.18
6900.00;7200.00;2316.00;24.40;E0_1_1400m;5.00;193;193;13.18;24.57
6900.00;7200.00;1848.00;23.99;E0_0_1500m;5.00;154;154;10.70;24.10
6900.00;7200.00;2340.00;24.36;E0_1_1500m;5.00;195;195;13.34;24.54
6900.00;7200.00;1872.00;23.98;E0_0_1600m;5.00;156;157;10.88;24.09
6900.00;7200.00;2340.00;24.33;E0_1_1600m;5.00;195;195;13.36;24.51
6900.00;7200.00;1872.00;23.92;E0_0_1700m;5.00;156;156;10.87;24.05
6900.00;7200.00;2316.00;24.34;E0_1_1700m;5.00;193;194;13.27;24.54
6900.00;7200.00;1884.00;24.04;E0_0_1800m;5.00;157;157;10.88;24.15
6900.00;7200.00;2316.00;24.36;E0_1_1800m;5.00;193;193;13.21;24.56
6900.00;7200.00;1872.00;24.05;E0_0_1900m;5.00;156;156;10.81;24.17
6900.00;7200.00;2304.00;24.35;E0_1_1900m;5.00;192;192;13.14;24.56
6900.00;7200.00;1908.00;24.07;E0_0_2000m;5.00;159;159;11.01;24.17
6900.00;7200.00;2256.00;24.25;E0_1_2000m;5.00;188;188;12.92;24.45
6900.00;7200.00;1932.00;24.00;E0_0_2100m;5.00;161;161;11.18;24.10
6900.00;7200.00;2232.00;24.15;E0_1_2100m;5.00;186;186;12.84;24.32
6900.00;7200.00;1968.00;23.96;E0_0_2200m;5.00;164;164;11.41;24.05
6900.00;7200.00;2268.00;24.10;E0_1_2200m;5.00;189;189;13.07;24.25
6900.00;7200.00;1980.00;23.93;E0_0_2300m;5.00;165;165;11.49;24.01
6900.00;7200.00;2280.00;24.03;E0_1_2300m;5.00;190;191;13.23;24.16
6900.00;7200.00;1992.00;23.89;E0_0_2400m;5.00;166;166;11.58;23.98
6900.00;7200.00;2280.00;24.05;E0_1_2400m;5.00;190;191;13.21;24.17
6900.00;7200.00;1980.00;23.77;E0_0_2500m;5.00;165;165;11.57;23.85
6900.00;7200.00;2292.00;23.93;E0_1_2500m;5.00;191;191;13.30;24.04
6900.00;7200.00;2016.00;23.72;E0_0_2600m;5.00;168;168;11.81;23.78
6900.00;7200.00;2292.00;23.80;E0_1_2600m;5.00;191;192;13.40;23.89
6900.00;7200.00;2028.00;23.69;E0_0_2700m;5.00;169;169;11.89;23.76
6900.00;7200.00;2292.00;23.74;E0_1_2700m;5.00;191;192;13.45;23.82
6900.00;7200.00;2028.00;23.64;E0_0_2800m;5.00;169;169;11.92;23.70
6900.00;7200.00;2304.00;23.69;E0_1_2800m;5.00;192;192;13.51;23.77
6900.00;7200.00;2028.00;23.57;E0_0_2900m;5.00;169;169;11.95;23.63
6900.00;7200.00;2316.00;23.65;E0_1_2900m;5.00;193;193;13.60;23.72
6900.00;7200.00;2028.00;23.51;E0_0_3000m;5.00;169;168;11.91;23.57
6900.00;7200.00;2328.00;23.59;E0_1_3000m;5.00;194;194;13.71;23.65
6900.00;7200.00;2016.00;23.50;E0_0_3100m;5.00;168;168;11.92;23.55
6900.00;7200.00;2328.00;23.54;E0_1_3100m;5.00;194;194;13.74;23.59
6900.00;7200.00;2004.00;23.46;E0_0_3200m;5.00;167;166;11.82;23.50
6900.00;7200.00;2352.00;23.52;E0_1_3200m;5.00;196;196;13.89;23.57
6900.00;7200.00;2016.00;23.38;E0_0_3300m;5.00;168;167;11.90;23.43
6900.00;7200.00;2340.00;23.54;E0_1_3300m;5.00;195;195;13.81;23.59
6900.00;7200.00;2004.00;23.30;E0_0_3400m;5.00;167;168;12.01;23.35
6900.00;7200.00;2364.00;23.44;E0_1_3400m;5.00;197;197;14.01;23.49
6900.00;7200.00;2028.00;23.30;E0_0_3500m;5.00;169;169;12.09;23.34
6900.00;7200.00;2364.00;23.36;E0_1_3500m;5.00;197;196;14.01;23.40
6900.00;7200.00;2016.00;23.23;E0_0_3600m;5.00;168;168;12.05;23.26
6900.00;7200.00;2328.00;23.26;E0_1_3600m;5.00;194;194;13.90;23.29
6900.00;7200.00;2004.00;23.16;E0_0_3700m;5.00;167;167;12.02;23.18
6900.00;7200.00;2328.00;23.17;E0_1_3700m;5.00;194;194;13.95;23.19
6900.00;7200.00;2004.00;23.08;E0_0_3800m;5.00;167;167;12.06;23.10
6900.00;7200.00;2340.00;23.09;E0_1_3800m;5.00;195;194;14.04;23.11
6900.00;7200.00;2016.00;23.01;E0_0_3900m;5.00;168;168;12.17;23.02
6900.00;7200.00;2340.00;23.01;E0_1_3900m;5.00;195;195;14.12;23.02
6900.00;7200.00;2016.00;22.96;E0_0_4000m;5.00;168;168;12.19;22.97
6900.00;7200.00;2340.00;22.96;E0_1_4000m;5.00;195;195;14.15;22.97
6900.00;7200.00;2028.00;22.91;E0_0_4100m;5.00;169;169;12.30;22.92
6900.00;7200.00;2340.00;22.93;E0_1_4100m;5.00;195;195;14.17;22.94
6900.00;7200.00;2028.00;22.92;E0_0_4200m;5.00;169;169;12.29;22.93
6900.00;7200.00;2328.00;22.92;E0_1_4200m;5.00;194;194;14.11;22.93
6900.00;7200.00;2016.00;22.91;E0_0_4300m;5.00;168;168;12.22;22.92
6900.00;7200.00;2340.00;22.91;E0_1_4300m;5.00;195;195;14.19;22.92
6900.00;7200.00;1992.00;22.93;E0_0_4400m;5.00;166;166;12.07;22.94
6900.00;7200.00;2328.00;22.93;E0_1_4400m;5.00;194;194;14.10;22.94
6900.00;7200.00;1992.00;22.98;E0_0_4500m;5.00;166;165;12.04;23.00
6900.00;7200.00;2328.00;22.98;E0_1_4500m;5.00;194;194;14.07;23.00
6900.00;7200.00;1980.00;23.05;E0_0_4600m;5.00;165;165;11.93;23.07
6900.00;7200.00;2340.00;23.06;E0_1_4600m;5.00;195;194;14.08;23.08
6900.00;7200.00;1956.00;23.13;E0_0_4700m;5.00;163;163;11.74;23.16
6900.00;7200.00;2340.00;23.16;E0_1_4700m;5.00;195;195;14.03;23.19
6900.00;7200.00;1932.00;23.24;E0_0_4800m;5.00;161;161;11.55;23.28
6900.00;7200.00;2340.00;23.28;E0_1_4800m;5.00;195;195;13.96;23.33
6900.00;7200.00;1932.00;23.36;E0_0_4900m;5.00;161;161;11.49;23.43
6900.00;7200.00;2328.00;23.43;E0_1_4900m;5.00;194;194;13.80;23.50
6900.00;7200.00;1932.00;23.38;E0_0_5000m;5.00;161;161;11.48;23.45
6900.00;7200.00;2304.00;23.48;E0_1_5000m;5.00;192;192;13.63;23.55
7200.00;7500.00;0.00;-1.00;E0_0_0m;-1.00;0;0;0.00;-1.00
7200.00;7500.00;0.00;-1.00;E0_1_0m;-1.00;0;0;0.00;-1.00
7200.00;7500.00;1908.00;25.75;E0_0_100m;5.00;159;160;10.29;25.89
7200.00;7500.00;2100.00;27.57;E0_1_100m;5.00;175;175;10.58;27.70
7200.00;7500.00;1968.00;25.64;E0_0_200m;5.00;164;164;10.66;25.78
7200.00;7500.00;2088.00;27.55;E0_1_200m;5.00;174;173;10.48;27.72
7200.00;7500.00;1968.00;25.51;E0_0_300m;5.00;164;165;10.76;25.63
7200.00;7500.00;2100.00;27.50;E0_1_300m;5.00;175;176;10.64;27.68
7200.00;7500.00;1944.00;25.25;E0_0_400m;5.00;162;162;10.69;25.38
7200.00;7500.00;2160.00;27.38;E0_1_400m;5.00;180;180;10.96;27.54
7200.00;7500.00;1944.00;25.25;E0_0_500m;5.00;162;162;10.69;25.38
7200.00;7500.00;2148.00;27.35;E0_1_500m;5.00;179;180;10.94;27.50
7200.00;7500.00;1920.00;25.33;E0_0_600m;5.00;160;160;10.53;25.47
7200.00;7500.00;2160.00;27.31;E0_1_600m;5.00;180;180;10.99;27.45
7200.00;7500.00;1896.00;25.27;E0_0_700m;5.00;158;158;10.42;25.42
7200.00;7500.00;2208.00;27.26;E0_1_700m;5.00;184;183;11.19;27.40
7200.00;7500.00;1896.00;25.17;E0_0_800m;5.00;158;158;10.46;25.31
7200.00;7500.00;2232.00;27.17;E0_1_800m;5.00;186;186;11.41;27.28
7200.00;7500.00;1908.00;25.08;E0_0_900m;5.00;159;159;10.57;25.20
7200.00;7500.00;2268.00;27.02;E0_1_900m;5.00;189;189;11.66;27.13
7200.00;7500.00;1884.00;25.03;E0_0_1000m;5.00;157;157;10.46;25.15
7200.00;7500.00;2256.00;26.89;E0_1_1000m;5.00;188;188;11.65;27.01
7200.00;7500.00;1860.00;24.98;E0_0_1100m;5.00;155;155;10.34;25.10
7200.00;7500.00;2268.00;26.81;E0_1_1100m;5.00;189;189;11.75;26.93
7200.00;7500.00;1884.00;24.95;E0_0_1200m;5.00;157;157;10.49;25.08
7200.00;7500.00;2256.00;26.87;E0_1_1200m;5.00;188;188;11.66;26.99
7200.00;7500.00;1872.00;24.90;E0_0_1300m;5.00;156;156;10.44;25.03
7200.00;7500.00;2256.00;26.98;E0_1_1300m;5.00;188;188;11.61;27.11
7200.00;7500.00;1860.00;24.88;E0_0_1400m;5.00;155;155;10.38;25.02
7200.00;7500.00;2244.00;27.05;E0_1_1400m;5.00;187;187;11.52;27.18
7200.00;7500.00;1908.00;24.90;E0_0_1500m;5.00;159;159;10.64;25.03
7200.00;7500.00;2220.00;27.01;E0_1_1500m;5.00;185;185;11.42;27.14
7200.00;7500.00;1884.00;24.83;E0_0_1600m;5.00;157;156;10.50;24.96
7200.00;7500.00;2256.00;26.87;E0_1_1600m;5.00;188;188;11.66;26.98
7200.00;7500.00;1872.00;24.86;E0_0_1700m;5.00;156;157;10.50;24.98
7200.00;7500.00;2304.00;26.75;E0_1_1700m;5.00;192;192;11.95;26.86
7200.00;7500.00;1860.00;24.80;E0_0_1800m;5.00;155;155;10.42;24.91
7200.00;7500.00;2328.00;26.68;E0_1_1800m;5.00;194;194;12.12;26.79
7200.00;7500.00;1872.00;24.73;E0_0_1900m;5.00;156;156;10.51;24.84
7200.00;7500.00;2304.00;26.64;E0_1_1900m;5.00;192;193;12.07;26.74
7200.00;7500.00;1860.00;24.78;E0_0_2000m;5.00;155;155;10.42;24.89
7200.00;7500.00;2304.00;26.60;E0_1_2000m;5.00;192;192;12.03;26.71
7200.00;7500.00;1812.00;24.72;E0_0_2100m;5.00;151;151;10.18;24.81
7200.00;7500.00;2328.00;26.52;E0_1_2100m;5.00;194;194;12.19;26.62
7200.00;7500.00;1800.00;24.55;E0_0_2200m;5.00;150;150;10.18;24.65
7200.00;7500.00;2292.00;26.54;E0_1_2200m;5.00;191;191;11.99;26.64
7200.00;7500.00;1800.00;24.49;E0_0_2300m;5.00;150;150;10.21;24.60
7200.00;7500.00;2280.00;26.60;E0_1_2300m;5.00;190;189;11.85;26.70
7200.00;7500.00;1788.00;24.44;E0_0_2400m;5.00;149;149;10.16;24.55
7200.00;7500.00;2280.00;26.58;E0_1_2400m;5.00;190;190;11.91;26.68
7200.00;7500.00;1788.00;24.38;E0_0_2500m;5.00;149;149;10.19;24.48
7200.00;7500.00;2268.00;26.51;E0_1_2500m;5.00;189;189;11.88;26.60
7200.00;7500.00;1752.00;24.39;E0_0_2600m;5.00;146;146;9.98;24.48
7200.00;7500.00;2280.00;26.42;E0_1_2600m;5.00;190;189;11.96;26.50
7200.00;7500.00;1728.00;24.45;E0_0_2700m;5.00;144;144;9.82;24.55
7200.00;7500.00;2292.00;26.40;E0_1_2700m;5.00;191;190;12.01;26.50
7200.00;7500.00;1740.00;24.39;E0_0_2800m;5.00;145;145;9.91;24.51
7200.00;7500.00;2268.00;26.49;E0_1_2800m;5.00;189;189;11.89;26.59
7200.00;7500.00;1740.00;24.42;E0_0_2900m;5.00;145;145;9.90;24.56
7200.00;7500.00;2268.00;26.67;E0_1_2900m;5.00;189;189;11.81;26.80
7200.00;7500.00;1740.00;24.51;E0_0_3000m;5.00;145;146;9.91;24.65
7200.00;7500.00;2256.00;26.97;E0_1_3000m;5.00;188;189;11.62;27.12
7200.00;7500.00;1752.00;24.73;E0_0_3100m;5.00;146;146;9.84;24.85
7200.00;7500.00;2256.00;27.05;E0_1_3100m;5.00;188;188;11.58;27.21
7200.00;7500.00;1764.00;24.90;E0_0_3200m;5.00;147;148;9.88;25.06
7200.00;7500.00;2220.00;27.00;E0_1_3200m;5.00;185;186;11.48;27.17
7200.00;7500.00;1788.00;24.90;E0_0_3300m;5.00;149;149;9.98;24.99
7200.00;7500.00;2208.00;26.87;E0_1_3300m;5.00;184;185;11.47;27.05
7200.00;7500.00;1800.00;24.86;E0_0_3400m;5.00;150;149;9.99;24.95
7200.00;7500.00;2220.00;26.75;E0_1_3400m;5.00;185;186;11.59;26.92
7200.00;7500.00;1800.00;24.80;E0_0_3500m;5.00;150;150;10.08;24.88
7200.00;7500.00;2232.00;26.66;E0_1_3500m;5.00;186;186;11.63;26.83
7200.00;7500.00;1800.00;24.74;E0_0_3600m;5.00;150;150;10.11;24.81
7200.00;7500.00;2232.00;26.61;E0_1_3600m;5.00;186;186;11.65;26.77
7200.00;7500.00;1800.00;24.68;E0_0_3700m;5.00;150;150;10.13;24.74
7200.00;7500.00;2244.00;26.59;E0_1_3700m;5.00;187;187;11.72;26.75
7200.00;7500.00;1788.00;24.69;E0_0_3800m;5.00;149;149;10.06;24.74
7200.00;7500.00;2268.00;26.58;E0_1_3800m;5.00;189;189;11.85;26.74
7200.00;7500.00;1776.00;24.64;E0_0_3900m;5.00;148;148;10.01;24.68
7200.00;7500.00;2268.00;26.57;E0_1_3900m;5.00;189;189;11.86;26.72
7200.00;7500.00;1776.00;24.57;E0_0_4000m;5.00;148;148;10.04;24.62
7200.00;7500.00;2256.00;26.54;E0_1_4000m;5.00;188;188;11.80;26.71
7200.00;7500.00;1752.00;24.63;E0_0_4100m;5.00;146;146;9.88;24.69
7200.00;7500.00;2256.00;26.57;E0_1_4100m;5.00;188;189;11.85;26.76
7200.00;7500.00;1800.00;24.49;E0_0_4200m;5.00;150;150;10.21;24.56
7200.00;7500.00;2280.00;26.60;E0_1_4200m;5.00;190;190;11.91;26.80
7200.00;7500.00;1848.00;24.42;E0_0_4300m;5.00;154;154;10.51;24.48
7200.00;7500.00;2292.00;26.36;E0_1_4300m;5.00;191;191;12.07;26.57
7200.00;7500.00;1896.00;24.29;E0_0_4400m;5.00;158;158;10.84;24.36
7200.00;7500.00;2328.00;26.06;E0_1_4400m;5.00;194;196;12.43;26.27
7200.00;7500.00;1932.00;24.35;E0_0_4500m;5.00;161;161;11.02;24.42
7200.00;7500.00;2364.00;25.82;E0_1_4500m;5.00;197;197;12.72;26.02
7200.00;7500.00;1956.00;24.37;E0_0_4600m;5.00;163;163;11.15;24.44
7200.00;7500.00;2400.00;25.64;E0_1_4600m;5.00;200;200;13.00;25.82
7200.00;7500.00;1968.00;24.33;E0_0_4700m;5.00;164;164;11.24;24.40
7200.00;7500.00;2472.00;25.56;E0_1_4700m;5.00;206;206;13.43;25.73
7200.00;7500.00;2004.00;24.28;E0_0_4800m;5.00;167;167;11.46;24.35
7200.00;7500.00;2508.00;25.57;E0_1_4800m;5.00;209;209;13.62;25.74
7200.00;7500.00;2016.00;24.28;E0_0_4900m;5.00;168;168;11.53;24.35
7200.00;7500.00;2520.00;25.61;E0_1_4900m;5.00;210;210;13.67;25.77
7200.00;7500.00;2028.00;24.31;E0_0_5000m;5.00;169;169;11.59;24.38
7200.00;7500.00;2532.00;25.63;E0_1_5000m;5.00;211;211;13.72;25.78
7500.00;7800.00;0.00;-1.00;E0_0_0m;-1.00;0;0;0.00;-1.00
7500.00;7800.00;0.00;-1.00;E0_1_0m;-1.00;0;0;0.00;-1.00
7500.00;7800.00;1788.00;27.46;E0_0_100m;5.00;149;148;9.04;27.55
7500.00;7800.00;2028.00;28.50;E0_1_100m;5.00;169;169;9.88;28.64
7500.00;7800.00;1812.00;27.49;E0_0_200m;5.00;151;152;9.17;27.62
7500.00;7800.00;1968.00;29.18;E0_1_200m;5.00;164;164;9.37;29.36
7500.00;7800.00;1788.00;27.41;E0_0_300m;5.00;149;149;9.06;27.51
7500.00;7800.00;1980.00;29.14;E0_1_300m;5.00;165;165;9.44;29.32
7500.00;7800.00;1764.00;27.22;E0_0_400m;5.00;147;147;9.00;27.30
7500.00;7800.00;1992.00;29.03;E0_1_400m;5.00;166;166;9.53;29.20
7500.00;7800.00;1728.00;27.00;E0_0_500m;5.00;144;144;8.89;27.09
7500.00;7800.00;2040.00;28.84;E0_1_500m;5.00;170;170;9.83;29.02
7500.00;7800.00;1692.00;26.82;E0_0_600m;5.00;141;141;8.76;26.91
7500.00;7800.00;2040.00;28.76;E0_1_600m;5.00;170;170;9.85;28.94
7500.00;7800.00;1632.00;26.71;E0_0_700m;5.00;136;136;8.49;26.80
7500.00;7800.00;2076.00;28.69;E0_1_700m;5.00;173;173;10.05;28.85
7500.00;7800.00;1584.00;26.69;E0_0_800m;5.00;132;132;8.24;26.79
7500.00;7800.00;2076.00;28.77;E0_1_800m;5.00;173;173;10.02;28.95
7500.00;7800.00;1584.00;26.71;E0_0_900m;5.00;132;132;8.24;26.81
7500.00;7800.00;2040.00;28.80;E0_1_900m;5.00;170;170;9.84;29.00
7500.00;7800.00;1560.00;26.67;E0_0_1000m;5.00;130;131;8.16;26.75
7500.00;7800.00;2088.00;28.75;E0_1_1000m;5.00;174;174;10.09;28.95
7500.00;7800.00;1608.00;26.62;E0_0_1100m;5.00;134;134;8.39;26.71
7500.00;7800.00;2076.00;28.76;E0_1_1100m;5.00;173;173;10.02;28.96
7500.00;7800.00;1620.00;26.67;E0_0_1200m;5.00;135;135;8.44;26.75
7500.00;7800.00;2088.00;28.66;E0_1_1200m;5.00;174;174;10.12;28.83
7500.00;7800.00;1608.00;26.77;E0_0_1300m;5.00;134;134;8.34;26.85
7500.00;7800.00;2136.00;28.64;E0_1_1300m;5.00;178;178;10.36;28.80
7500.00;7800.00;1608.00;26.74;E0_0_1400m;5.00;134;134;8.35;26.82
7500.00;7800.00;2124.00;28.61;E0_1_1400m;5.00;177;177;10.31;28.77
7500.00;7800.00;1560.00;26.66;E0_0_1500m;5.00;130;131;8.16;26.74
7500.00;7800.00;2112.00;28.35;E0_1_1500m;5.00;176;176;10.35;28.51
7500.00;7800.00;1572.00;26.48;E0_0_1600m;5.00;131;131;8.24;26.56
7500.00;7800.00;2076.00;28.16;E0_1_1600m;5.00;173;173;10.24;28.32
7500.00;7800.00;1536.00;26.39;E0_0_1700m;5.00;128;127;8.04;26.47
7500.00;7800.00;2064.00;28.00;E0_1_1700m;5.00;172;172;10.24;28.15
7500.00;7800.00;1488.00;26.30;E0_0_1800m;5.00;124;124;7.86;26.38
7500.00;7800.00;2100.00;27.83;E0_1_1800m;5.00;175;175;10.48;27.97
7500.00;7800.00;1548.00;26.19;E0_0_1900m;5.00;129;129;8.21;26.28
7500.00;7800.00;2064.00;27.67;E0_1_1900m;5.00;172;171;10.30;27.80
7500.00;7800.00;1572.00;26.14;E0_0_2000m;5.00;131;131;8.35;26.23
7500.00;7800.00;2040.00;27.58;E0_1_2000m;5.00;170;170;10.27;27.72
7500.00;7800.00;1572.00;26.12;E0_0_2100m;5.00;131;131;8.36;26.21
7500.00;7800.00;2052.00;27.50;E0_1_2100m;5.00;171;171;10.36;27.64
7500.00;7800.00;1584.00;25.94;E0_0_2200m;5.00;132;132;8.48;26.04
7500.00;7800.00;2040.00;27.48;E0_1_2200m;5.00;170;170;10.31;27.64
7500.00;7800.00;1584.00;25.84;E0_0_2300m;5.00;132;132;8.52;25.92
7500.00;7800.00;2040.00;27.37;E0_1_2300m;5.00;170;170;10.35;27.52
7500.00;7800.00;1620.00;25.74;E0_0_2400m;5.00;135;135;8.74;25.83
7500.00;7800.00;2052.00;27.37;E0_1_2400m;5.00;171;171;10.41;27.53
7500.00;7800.00;1668.00;25.67;E0_0_2500m;5.00;139;139;9.02;25.76
7500.00;7800.00;2040.00;27.33;E0_1_2500m;5.00;170;170;10.37;27.52
7500.00;7800.00;1668.00;25.55;E0_0_2600m;5.00;139;139;9.07;25.64
7500.00;7800.00;2040.00;27.22;E0_1_2600m;5.00;170;170;10.41;27.41
7500.00;7800.00;1692.00;25.35;E0_0_2700m;5.00;141;141;9.27;25.46
7500.00;7800.00;2028.00;27.16;E0_1_2700m;5.00;169;170;10.38;27.37
7500.00;7800.00;1704.00;25.15;E0_0_2800m;5.00;142;142;9.41;25.28
7500.00;7800.00;2040.00;27.10;E0_1_2800m;5.00;170;170;10.46;27.32
7500.00;7800.00;1728.00;24.98;E0_0_2900m;5.00;144;144;9.61;25.13
7500.00;7800.00;2052.00;27.08;E0_1_2900m;5.00;171;171;10.52;27.31
7500.00;7800.00;1752.00;24.71;E0_0_3000m;5.00;146;145;9.80;24.89
7500.00;7800.00;2064.00;26.98;E0_1_3000m;5.00;172;172;10.62;27.20
7500.00;7800.00;1764.00;24.48;E0_0_3100m;5.00;147;147;10.01;24.66
7500.00;7800.00;2052.00;26.90;E0_1_3100m;5.00;171;171;10.59;27.12
7500.00;7800.00;1776.00;24.14;E0_0_3200m;5.00;148;148;10.18;24.33
7500.00;7800.00;2052.00;26.89;E0_1_3200m;5.00;171;171;10.60;27.12
7500.00;7800.00;1788.00;24.20;E0_0_3300m;5.00;149;149;10.26;24.40
7500.00;7800.00;2064.00;26.73;E0_1_3300m;5.00;172;171;10.67;26.94
7500.00;7800.00;1752.00;24.37;E0_0_3400m;5.00;146;146;9.99;24.53
7500.00;7800.00;2100.00;26.61;E0_1_3400m;5.00;175;174;10.90;26.79
7500.00;7800.00;1740.00;24.21;E0_0_3500m;5.00;145;145;9.98;24.37
7500.00;7800.00;2136.00;26.49;E0_1_3500m;5.00;178;178;11.20;26.66
7500.00;7800.00;1764.00;24.16;E0_0_3600m;5.00;147;148;10.18;24.33
7500.00;7800.00;2160.00;26.32;E0_1_3600m;5.00;180;180;11.40;26.47
7500.00;7800.00;1752.00;24.08;E0_0_3700m;5.00;146;146;10.10;24.27
7500.00;7800.00;2196.00;26.21;E0_1_3700m;5.00;183;183;11.64;26.36
7500.00;7800.00;1752.00;23.81;E0_0_3800m;5.00;146;146;10.22;24.01
7500.00;7800.00;2232.00;26.21;E0_1_3800m;5.00;186;186;11.83;26.37
7500.00;7800.00;1752.00;23.61;E0_0_3900m;5.00;146;146;10.31;23.81
7500.00;7800.00;2256.00;26.18;E0_1_3900m;5.00;188;188;11.97;26.35
7500.00;7800.00;1764.00;23.59;E0_0_4000m;5.00;147;147;10.38;23.81
7500.00;7800.00;2244.00;26.14;E0_1_4000m;5.00;187;188;11.95;26.32
7500.00;7800.00;1764.00;23.62;E0_0_4100m;5.00;147;147;10.37;23.85
7500.00;7800.00;2268.00;26.02;E0_1_4100m;5.00;189;188;12.05;26.21
7500.00;7800.00;1752.00;23.57;E0_0_4200m;5.00;146;147;10.36;23.81
7500.00;7800.00;2232.00;25.89;E0_1_4200m;5.00;186;186;11.97;26.07
7500.00;7800.00;1752.00;23.57;E0_0_4300m;5.00;146;146;10.32;23.80
7500.00;7800.00;2220.00;25.78;E0_1_4300m;5.00;185;185;11.96;25.94
7500.00;7800.00;1752.00;23.56;E0_0_4400m;5.00;146;146;10.33;23.76
7500.00;7800.00;2184.00;25.78;E0_1_4400m;5.00;182;182;11.76;25.94
7500.00;7800.00;1752.00;23.70;E0_0_4500m;5.00;146;146;10.27;23.88
7500.00;7800.00;2160.00;25.85;E0_1_4500m;5.00;180;180;11.60;26.04
7500.00;7800.00;1728.00;23.76;E0_0_4600m;5.00;144;144;10.10;23.92
7500.00;7800.00;2136.00;25.85;E0_1_4600m;5.00;178;179;11.52;26.03
7500.00;7800.00;1704.00;23.78;E0_0_4700m;5.00;142;142;9.95;23.91
7500.00;7800.00;2112.00;25.82;E0_1_4700m;5.00;176;176;11.36;25.99
7500.00;7800.00;1656.00;23.89;E0_0_4800m;5.00;138;138;9.63;24.02
7500.00;7800.00;2088.00;25.78;E0_1_4800m;5.00;174;174;11.25;25.94
7500.00;7800.00;1668.00;23.79;E0_0_4900m;5.00;139;140;9.76;23.95
7500.00;7800.00;2064.00;25.83;E0_1_4900m;5.00;172;172;11.10;25.99
7500.00;7800.00;1656.00;23.69;E0_0_5000m;5.00;138;138;9.71;23.86
7500.00;7800.00;2076.00;25.91;E0_1_5000m;5.00;173;173;11.13;26.06
