interval_begin;interval_end;interval_flow;interval_harmonicMeanSpeed;interval_id;interval_length;interval_nVehContrib;interval_nVehEntered;interval_occupancy;interval_speed
0.00;300.00;0.00;-1.00;E0_0_0m;-1.00;0;0;0.00;-1.00
0.00;300.00;0.00;-1.00;E0_1_0m;-1.00;0;0;0.00;-1.00
0.00;300.00;1980.00;26.45;E0_0_100m;5.00;165;165;10.40;26.68
0.00;300.00;2004.00;27.75;E0_1_100m;5.00;167;167;10.03;27.96
0.00;300.00;1944.00;25.93;E0_0_200m;5.00;162;163;10.43;26.31
0.00;300.00;1980.00;27.16;E0_1_200m;5.00;165;166;10.14;27.56
0.00;300.00;1884.00;25.77;E0_0_300m;5.00;157;158;10.18;26.18
0.00;300.00;1968.00;26.95;E0_1_300m;5.00;164;164;10.14;27.40
0.00;300.00;1836.00;25.69;E0_0_400m;5.00;153;153;9.93;26.06
0.00;300.00;1944.00;26.74;E0_1_400m;5.00;162;162;10.10;27.20
0.00;300.00;1800.00;25.58;E0_0_500m;5.00;150;150;9.77;25.96
0.00;300.00;1908.00;26.57;E0_1_500m;5.00;159;159;9.97;27.01
0.00;300.00;1740.00;25.56;E0_0_600m;5.00;145;145;9.45;25.90
0.00;300.00;1884.00;26.59;E0_1_600m;5.00;157;158;9.89;26.97
0.00;300.00;1692.00;25.65;E0_0_700m;5.00;141;141;9.16;25.91
0.00;300.00;1860.00;26.65;E0_1_700m;5.00;155;155;9.69;26.99
0.00;300.00;1668.00;25.65;E0_0_800m;5.00;139;139;9.03;25.86
0.00;300.00;1812.00;26.77;E0_1_800m;5.00;151;151;9.40;27.07
0.00;300.00;1632.00;25.71;E0_0_900m;5.00;136;136;8.82;25.87
0.00;300.00;1752.00;26.93;E0_1_900m;5.00;146;146;9.04;27.17
0.00;300.00;1596.00;25.57;E0_0_1000m;5.00;133;134;8.67;25.71
0.00;300.00;1728.00;26.89;E0_1_1000m;5.00;144;144;8.93;27.09
0.00;300.00;1584.00;25.51;E0_0_1100m;5.00;132;132;8.62;25.63
0.00;300.00;1740.00;26.83;E0_1_1100m;5.00;145;145;9.01;26.99
0.00;300.00;1584.00;25.45;E0_0_1200m;5.00;132;132;8.64;25.59
0.00;300.00;1740.00;26.68;E0_1_1200m;5.00;145;145;9.06;26.82
0.00;300.00;1584.00;25.38;E0_0_1300m;5.00;132;132;8.67;25.51
0.00;300.00;1740.00;26.57;E0_1_1300m;5.00;145;145;9.09;26.71
0.00;300.00;1572.00;25.28;E0_0_1400m;5.00;131;131;8.64;25.39
0.00;300.00;1740.00;26.53;E0_1_1400m;5.00;145;145;9.11;26.68
0.00;300.00;1548.00;25.22;E0_0_1500m;5.00;129;129;8.53;25.32
0.00;300.00;1740.00;26.39;E0_1_1500m;5.00;145;145;9.16;26.53
0.00;300.00;1512.00;25.10;E0_0_1600m;5.00;126;126;8.37;25.21
0.00;300.00;1716.00;26.30;E0_1_1600m;5.00;143;143;9.06;26.45
0.00;300.00;1512.00;25.00;E0_0_1700m;5.00;126;126;8.40;25.13
0.00;300.00;1656.00;26.41;E0_1_1700m;5.00;138;138;8.71;26.60
0.00;300.00;1464.00;25.17;E0_0_1800m;5.00;122;122;8.08;25.28
0.00;300.00;1632.00;26.56;E0_1_1800m;5.00;136;136;8.53;26.76
0.00;300.00;1404.00;25.24;E0_0_1900m;5.00;117;118;7.75;25.33
0.00;300.00;1608.00;26.78;E0_1_1900m;5.00;134;134;8.34;26.97
0.00;300.00;1392.00;25.21;E0_0_2000m;5.00;116;116;7.67;25.30
0.00;300.00;1560.00;27.06;E0_1_2000m;5.00;130;130;8.01;27.25
0.00;300.00;1356.00;25.18;E0_0_2100m;5.00;113;113;7.48;25.27
0.00;300.00;1524.00;27.31;E0_1_2100m;5.00;127;127;7.75;27.51
0.00;300.00;1320.00;25.31;E0_0_2200m;5.00;110;111;7.30;25.42
0.00;300.00;1464.00;27.57;E0_1_2200m;5.00;122;123;7.44;27.76
0.00;300.00;1272.00;25.44;E0_0_2300m;5.00;106;107;6.98;25.54
0.00;300.00;1440.00;27.70;E0_1_2300m;5.00;120;121;7.27;27.88
0.00;300.00;1224.00;25.48;E0_0_2400m;5.00;102;103;6.73;25.57
0.00;300.00;1416.00;27.84;E0_1_2400m;5.00;118;119;7.10;28.00
0.00;300.00;1176.00;25.51;E0_0_2500m;5.00;98;98;6.40;25.61
0.00;300.00;1392.00;27.98;E0_1_2500m;5.00;116;116;6.91;28.13
0.00;300.00;1152.00;25.42;E0_0_2600m;5.00;96;97;6.32;25.53
0.00;300.00;1344.00;28.12;E0_1_2600m;5.00;112;113;6.64;28.24
0.00;300.00;1128.00;25.59;E0_0_2700m;5.00;94;95;6.14;25.70
0.00;300.00;1296.00;28.35;E0_1_2700m;5.00;108;108;6.35;28.46
0.00;300.00;1104.00;25.63;E0_0_2800m;5.00;92;92;5.98;25.74
0.00;300.00;1260.00;28.50;E0_1_2800m;5.00;105;105;6.14;28.58
0.00;300.00;1116.00;25.62;E0_0_2900m;5.00;93;93;6.05;25.73
0.00;300.00;1248.00;28.42;E0_1_2900m;5.00;104;104;6.10;28.49
0.00;300.00;1116.00;25.60;E0_0_3000m;5.00;93;93;6.05;25.72
0.00;300.00;1248.00;28.32;E0_1_3000m;5.00;104;104;6.12;28.38
0.00;300.00;1092.00;25.62;E0_0_3100m;5.00;91;91;5.92;25.73
0.00;300.00;1272.00;28.23;E0_1_3100m;5.00;106;106;6.26;28.29
0.00;300.00;1080.00;25.60;E0_0_3200m;5.00;90;90;5.86;25.70
0.00;300.00;1260.00;28.12;E0_1_3200m;5.00;105;106;6.24;28.17
0.00;300.00;1044.00;25.70;E0_0_3300m;5.00;87;88;5.68;25.79
0.00;300.00;1248.00;28.12;E0_1_3300m;5.00;104;104;6.16;28.18
0.00;300.00;1068.00;25.76;E0_0_3400m;5.00;89;89;5.76;25.87
0.00;300.00;1224.00;28.21;E0_1_3400m;5.00;102;102;6.03;28.28
0.00;300.00;1020.00;25.83;E0_0_3500m;5.00;85;86;5.49;25.94
0.00;300.00;1200.00;28.13;E0_1_3500m;5.00;100;101;5.93;28.19
0.00;300.00;996.00;25.61;E0_0_3600m;5.00;83;83;5.40;25.72
0.00;300.00;1176.00;28.03;E0_1_3600m;5.00;98;98;5.83;28.08
0.00;300.00;960.00;25.55;E0_0_3700m;5.00;80;80;5.22;25.66
0.00;300.00;1140.00;27.92;E0_1_3700m;5.00;95;95;5.67;27.96
0.00;300.00;936.00;25.51;E0_0_3800m;5.00;78;78;5.10;25.63
0.00;300.00;1116.00;27.85;E0_1_3800m;5.00;93;93;5.56;27.90
0.00;300.00;912.00;25.41;E0_0_3900m;5.00;76;76;4.99;25.53
0.00;300.00;1116.00;27.87;E0_1_3900m;5.00;93;93;5.56;27.92
0.00;300.00;912.00;25.36;E0_0_4000m;5.00;76;76;4.99;25.48
0.00;300.00;1104.00;28.00;E0_1_4000m;5.00;92;93;5.50;28.05
0.00;300.00;936.00;25.39;E0_0_4100m;5.00;78;78;5.12;25.51
0.00;300.00;1068.00;28.19;E0_1_4100m;5.00;89;89;5.26;28.24
0.00;300.00;936.00;25.48;E0_0_4200m;5.00;78;78;5.10;25.61
0.00;300.00;1068.00;28.12;E0_1_4200m;5.00;89;89;5.27;28.19
0.00;300.00;888.00;25.50;E0_0_4300m;5.00;74;74;4.84;25.63
0.00;300.00;1068.00;27.94;E0_1_4300m;5.00;89;89;5.31;27.98
0.00;300.00;852.00;25.66;E0_0_4400m;5.00;71;71;4.61;25.79
0.00;300.00;1032.00;27.92;E0_1_4400m;5.00;86;86;5.13;27.98
0.00;300.00;816.00;25.65;E0_0_4500m;5.00;68;69;4.44;25.78
0.00;300.00;996.00;27.89;E0_1_4500m;5.00;83;84;4.98;27.96
0.00;300.00;792.00;25.65;E0_0_4600m;5.00;66;66;4.29;25.79
0.00;300.00;972.00;27.86;E0_1_4600m;5.00;81;81;4.85;27.93
0.00;300.00;768.00;25.77;E0_0_4700m;5.00;64;64;4.14;25.92
0.00;300.00;924.00;27.89;E0_1_4700m;5.00;77;77;4.60;27.97
0.00;300.00;780.00;26.06;E0_0_4800m;5.00;65;66;4.21;26.24
0.00;300.00;864.00;28.04;E0_1_4800m;5.00;72;72;4.28;28.13
0.00;300.00;768.00;25.95;E0_0_4900m;5.00;64;64;4.11;26.12
0.00;300.00;828.00;28.24;E0_1_4900m;5.00;69;70;4.08;28.36
0.00;300.00;744.00;25.82;E0_0_5000m;5.00;62;62;4.00;25.99
0.00;300.00;804.00;28.21;E0_1_5000m;5.00;67;67;3.96;28.33
300.00;600.00;0.00;-1.00;E0_0_0m;-1.00;0;0;0.00;-1.00
300.00;600.00;0.00;-1.00;E0_1_0m;-1.00;0;0;0.00;-1.00
300.00;600.00;1800.00;24.58;E0_0_100m;5.00;150;150;10.17;24.71
300.00;600.00;2304.00;25.45;E0_1_100m;5.00;192;192;12.57;25.62
300.00;600.00;1836.00;24.82;E0_0_200m;5.00;153;153;10.27;25.01
300.00;600.00;2292.00;26.03;E0_1_200m;5.00;191;191;12.23;26.28
300.00;600.00;1872.00;24.67;E0_0_300m;5.00;156;155;10.51;24.88
300.00;600.00;2280.00;25.83;E0_1_300m;5.00;190;190;12.26;26.14
300.00;600.00;1848.00;24.35;E0_0_400m;5.00;154;154;10.54;24.62
300.00;600.00;2304.00;25.42;E0_1_400m;5.00;192;192;12.59;25.77
300.00;600.00;1824.00;24.08;E0_0_500m;5.00;152;152;10.52;24.41
300.00;600.00;2328.00;25.07;E0_1_500m;5.00;194;194;12.90;25.47
300.00;600.00;1872.00;23.90;E0_0_600m;5.00;156;156;10.88;24.25
300.00;600.00;2316.00;24.74;E0_1_600m;5.00;193;192;12.95;25.19
300.00;600.00;1872.00;23.67;E0_0_700m;5.00;156;156;10.98;24.05
300.00;600.00;2316.00;24.36;E0_1_700m;5.00;193;193;13.20;24.86
300.00;600.00;1896.00;23.32;E0_0_800m;5.00;158;158;11.29;23.70
300.00;600.00;2328.00;24.14;E0_1_800m;5.00;194;194;13.39;24.69
300.00;600.00;1944.00;22.92;E0_0_900m;5.00;162;162;11.78;23.31
300.00;600.00;2316.00;23.81;E0_1_900m;5.00;193;193;13.51;24.38
300.00;600.00;1956.00;22.36;E0_0_1000m;5.00;163;164;12.21;22.82
300.00;600.00;2352.00;23.36;E0_1_1000m;5.00;196;196;13.99;23.92
300.00;600.00;1944.00;22.11;E0_0_1100m;5.00;162;162;12.21;22.57
300.00;600.00;2304.00;22.94;E0_1_1100m;5.00;192;192;13.95;23.52
300.00;600.00;1908.00;22.09;E0_0_1200m;5.00;159;159;12.00;22.50
300.00;600.00;2268.00;22.57;E0_1_1200m;5.00;189;189;13.95;23.18
300.00;600.00;1872.00;21.83;E0_0_1300m;5.00;156;156;11.91;22.25
300.00;600.00;2232.00;22.22;E0_1_1300m;5.00;186;187;13.98;22.83
300.00;600.00;1848.00;21.60;E0_0_1400m;5.00;154;154;11.88;21.99
300.00;600.00;2208.00;21.93;E0_1_1400m;5.00;184;184;13.98;22.49
300.00;600.00;1812.00;21.36;E0_0_1500m;5.00;151;151;11.78;21.72
300.00;600.00;2196.00;21.76;E0_1_1500m;5.00;183;183;14.02;22.29
300.00;600.00;1812.00;21.31;E0_0_1600m;5.00;151;151;11.81;21.63
300.00;600.00;2184.00;21.54;E0_1_1600m;5.00;182;182;14.08;21.99
300.00;600.00;1812.00;21.05;E0_0_1700m;5.00;151;152;12.02;21.28
300.00;600.00;2184.00;21.25;E0_1_1700m;5.00;182;182;14.28;21.57
300.00;600.00;1824.00;20.77;E0_0_1800m;5.00;152;152;12.20;20.96
300.00;600.00;2184.00;20.91;E0_1_1800m;5.00;182;182;14.51;21.14
300.00;600.00;1824.00;20.57;E0_0_1900m;5.00;152;152;12.31;20.72
300.00;600.00;2208.00;20.71;E0_1_1900m;5.00;184;184;14.81;20.89
300.00;600.00;1812.00;20.29;E0_0_2000m;5.00;151;152;12.43;20.41
300.00;600.00;2208.00;20.45;E0_1_2000m;5.00;184;184;15.00;20.57
300.00;600.00;1824.00;20.15;E0_0_2100m;5.00;152;153;12.61;20.27
300.00;600.00;2196.00;20.19;E0_1_2100m;5.00;183;183;15.11;20.29
300.00;600.00;1836.00;19.99;E0_0_2200m;5.00;153;153;12.74;20.15
300.00;600.00;2208.00;20.13;E0_1_2200m;5.00;184;183;15.16;20.25
300.00;600.00;1860.00;20.00;E0_0_2300m;5.00;155;154;12.88;20.17
300.00;600.00;2196.00;20.11;E0_1_2300m;5.00;183;182;15.11;20.25
300.00;600.00;1872.00;20.08;E0_0_2400m;5.00;156;155;12.89;20.22
300.00;600.00;2184.00;20.08;E0_1_2400m;5.00;182;181;15.07;20.20
300.00;600.00;1872.00;20.08;E0_0_2500m;5.00;156;156;12.95;20.22
300.00;600.00;2184.00;19.98;E0_1_2500m;5.00;182;182;15.18;20.09
300.00;600.00;1872.00;20.11;E0_0_2600m;5.00;156;155;12.90;20.25
300.00;600.00;2172.00;19.97;E0_1_2600m;5.00;181;181;15.10;20.10
300.00;600.00;1872.00;20.16;E0_0_2700m;5.00;156;155;12.88;20.31
300.00;600.00;2172.00;20.01;E0_1_2700m;5.00;181;181;15.08;20.14
300.00;600.00;1860.00;20.21;E0_0_2800m;5.00;155;155;12.79;20.37
300.00;600.00;2172.00;20.06;E0_1_2800m;5.00;181;181;15.04;20.20
300.00;600.00;1812.00;20.23;E0_0_2900m;5.00;151;152;12.44;20.40
300.00;600.00;2124.00;20.07;E0_1_2900m;5.00;177;177;14.70;20.22
300.00;600.00;1788.00;20.24;E0_0_3000m;5.00;149;149;12.27;20.41
300.00;600.00;2076.00;20.09;E0_1_3000m;5.00;173;173;14.35;20.23
300.00;600.00;1764.00;20.25;E0_0_3100m;5.00;147;147;12.10;20.42
300.00;600.00;2028.00;20.11;E0_1_3100m;5.00;169;170;14.09;20.25
300.00;600.00;1728.00;20.28;E0_0_3200m;5.00;144;144;11.83;20.46
300.00;600.00;2016.00;20.18;E0_1_3200m;5.00;168;167;13.86;20.34
300.00;600.00;1716.00;20.37;E0_0_3300m;5.00;143;144;11.78;20.56
300.00;600.00;2004.00;20.25;E0_1_3300m;5.00;167;167;13.74;20.44
300.00;600.00;1680.00;20.40;E0_0_3400m;5.00;140;141;11.51;20.59
300.00;600.00;1956.00;20.27;E0_1_3400m;5.00;163;163;13.40;20.46
300.00;600.00;1680.00;20.52;E0_0_3500m;5.00;140;139;11.36;20.74
300.00;600.00;1956.00;20.39;E0_1_3500m;5.00;163;162;13.32;20.61
300.00;600.00;1692.00;20.58;E0_0_3600m;5.00;141;141;11.42;20.81
300.00;600.00;1932.00;20.48;E0_1_3600m;5.00;161;161;13.10;20.72
300.00;600.00;1692.00;20.73;E0_0_3700m;5.00;141;141;11.34;20.99
300.00;600.00;1920.00;20.61;E0_1_3700m;5.00;160;161;12.96;20.88
300.00;600.00;1668.00;20.81;E0_0_3800m;5.00;139;139;11.14;21.09
300.00;600.00;1920.00;20.74;E0_1_3800m;5.00;160;160;12.86;21.03
300.00;600.00;1668.00;20.89;E0_0_3900m;5.00;139;139;11.09;21.19
300.00;600.00;1872.00;20.78;E0_1_3900m;5.00;156;156;12.51;21.08
300.00;600.00;1644.00;20.92;E0_0_4000m;5.00;137;137;10.91;21.22
300.00;600.00;1848.00;20.86;E0_1_4000m;5.00;154;153;12.28;21.18
300.00;600.00;1608.00;20.96;E0_0_4100m;5.00;134;134;10.65;21.27
300.00;600.00;1812.00;20.95;E0_1_4100m;5.00;151;151;12.01;21.31
300.00;600.00;1572.00;20.97;E0_0_4200m;5.00;131;132;10.50;21.27
300.00;600.00;1776.00;20.99;E0_1_4200m;5.00;148;148;11.75;21.35
300.00;600.00;1584.00;21.13;E0_0_4300m;5.00;132;132;10.41;21.47
300.00;600.00;1740.00;21.03;E0_1_4300m;5.00;145;146;11.52;21.36
300.00;600.00;1560.00;21.25;E0_0_4400m;5.00;130;130;10.20;21.59
300.00;600.00;1752.00;21.23;E0_1_4400m;5.00;146;146;11.46;21.62
300.00;600.00;1560.00;21.36;E0_0_4500m;5.00;130;129;10.13;21.71
300.00;600.00;1740.00;21.41;E0_1_4500m;5.00;145;144;11.26;21.83
300.00;600.00;1560.00;21.38;E0_0_4600m;5.00;130;130;10.13;21.73
300.00;600.00;1728.00;21.57;E0_1_4600m;5.00;144;144;11.13;22.04
300.00;600.00;1560.00;21.32;E0_0_4700m;5.00;130;130;10.16;21.65
300.00;600.00;1716.00;21.80;E0_1_4700m;5.00;143;143;10.93;22.34
300.00;600.00;1560.00;21.31;E0_0_4800m;5.00;130;129;10.11;21.66
300.00;600.00;1692.00;22.00;E0_1_4800m;5.00;141;142;10.76;22.58
300.00;600.00;1524.00;21.56;E0_0_4900m;5.00;127;127;9.82;21.93
300.00;600.00;1704.00;22.16;E0_1_4900m;5.00;142;141;10.67;22.75
300.00;600.00;1512.00;21.83;E0_0_5000m;5.00;126;126;9.62;22.21
300.00;600.00;1680.00;22.25;E0_1_5000m;5.00;140;141;10.54;22.80
600.00;900.00;0.00;-1.00;E0_0_0m;-1.00;0;0;0.00;-1.00
600.00;900.00;0.00;-1.00;E0_1_0m;-1.00;0;0;0.00;-1.00
600.00;900.00;1740.00;26.15;E0_0_100m;5.00;145;146;9.27;26.35
600.00;900.00;2124.00;26.91;E0_1_100m;5.00;177;177;10.96;27.14
600.00;900.00;1800.00;26.78;E0_0_200m;5.00;150;151;9.39;26.99
600.00;900.00;2052.00;27.91;E0_1_200m;5.00;171;172;10.26;28.18
600.00;900.00;1788.00;26.75;E0_0_300m;5.00;149;150;9.31;26.90
600.00;900.00;2052.00;27.99;E0_1_300m;5.00;171;172;10.22;28.25
600.00;900.00;1824.00;26.55;E0_0_400m;5.00;152;152;9.54;26.67
600.00;900.00;2064.00;27.81;E0_1_400m;5.00;172;172;10.31;28.05
600.00;900.00;1824.00;26.37;E0_0_500m;5.00;152;153;9.62;26.50
600.00;900.00;2088.00;27.55;E0_1_500m;5.00;174;174;10.53;27.81
600.00;900.00;1776.00;26.20;E0_0_600m;5.00;148;148;9.42;26.32
600.00;900.00;2148.00;27.47;E0_1_600m;5.00;179;179;10.86;27.73
600.00;900.00;1788.00;25.94;E0_0_700m;5.00;149;149;9.57;26.06
600.00;900.00;2160.00;27.37;E0_1_700m;5.00;180;180;10.96;27.65
600.00;900.00;1788.00;25.87;E0_0_800m;5.00;149;149;9.60;25.99
600.00;900.00;2172.00;27.11;E0_1_800m;5.00;181;181;11.13;27.40
600.00;900.00;1776.00;25.72;E0_0_900m;5.00;148;148;9.59;25.84
600.00;900.00;2208.00;26.91;E0_1_900m;5.00;184;184;11.40;27.19
600.00;900.00;1764.00;25.61;E0_0_1000m;5.00;147;148;9.53;25.76
600.00;900.00;2196.00;26.87;E0_1_1000m;5.00;183;184;11.36;27.15
600.00;900.00;1776.00;25.68;E0_0_1100m;5.00;148;148;9.60;25.84
600.00;900.00;2220.00;26.79;E0_1_1100m;5.00;185;186;11.57;27.04
600.00;900.00;1800.00;25.25;E0_0_1200m;5.00;150;150;9.90;25.38
600.00;900.00;2244.00;26.51;E0_1_1200m;5.00;187;187;11.76;26.73
600.00;900.00;1824.00;25.18;E0_0_1300m;5.00;152;152;10.06;25.28
600.00;900.00;2292.00;26.23;E0_1_1300m;5.00;191;190;12.10;26.44
600.00;900.00;1824.00;25.07;E0_0_1400m;5.00;152;153;10.14;25.14
600.00;900.00;2316.00;25.97;E0_1_1400m;5.00;193;193;12.38;26.16
600.00;900.00;1836.00;24.94;E0_0_1500m;5.00;153;154;10.26;25.01
600.00;900.00;2304.00;25.76;E0_1_1500m;5.00;192;192;12.42;25.94
600.00;900.00;1872.00;24.87;E0_0_1600m;5.00;156;156;10.45;24.94
600.00;900.00;2292.00;25.53;E0_1_1600m;5.00;191;191;12.47;25.69
600.00;900.00;1872.00;24.79;E0_0_1700m;5.00;156;155;10.43;24.86
600.00;900.00;2280.00;25.34;E0_1_1700m;5.00;190;190;12.50;25.48
600.00;900.00;1848.00;24.63;E0_0_1800m;5.00;154;154;10.42;24.70
600.00;900.00;2292.00;25.14;E0_1_1800m;5.00;191;191;12.66;25.26
600.00;900.00;1836.00;24.39;E0_0_1900m;5.00;153;152;10.44;24.46
600.00;900.00;2292.00;24.91;E0_1_1900m;5.00;191;192;12.82;25.01
600.00;900.00;1836.00;24.08;E0_0_2000m;5.00;153;152;10.56;24.17
600.00;900.00;2316.00;24.77;E0_1_2000m;5.00;193;193;12.98;24.88
600.00;900.00;1860.00;24.10;E0_0_2100m;5.00;155;155;10.72;24.18
600.00;900.00;2304.00;24.55;E0_1_2100m;5.00;192;192;13.03;24.67
600.00;900.00;1860.00;23.90;E0_0_2200m;5.00;155;155;10.82;23.99
600.00;900.00;2304.00;24.23;E0_1_2200m;5.00;192;192;13.21;24.34
600.00;900.00;1872.00;23.64;E0_0_2300m;5.00;156;156;11.00;23.75
600.00;900.00;2292.00;23.98;E0_1_2300m;5.00;191;192;13.32;24.13
600.00;900.00;1872.00;23.29;E0_0_2400m;5.00;156;156;11.16;23.44
600.00;900.00;2304.00;23.69;E0_1_2400m;5.00;192;192;13.51;23.85
600.00;900.00;1884.00;22.99;E0_0_2500m;5.00;157;157;11.38;23.18
600.00;900.00;2304.00;23.35;E0_1_2500m;5.00;192;192;13.70;23.54
600.00;900.00;1884.00;22.80;E0_0_2600m;5.00;157;157;11.48;23.00
600.00;900.00;2340.00;23.07;E0_1_2600m;5.00;195;195;14.09;23.27
600.00;900.00;1920.00;22.53;E0_0_2700m;5.00;160;160;11.83;22.76
600.00;900.00;2376.00;22.81;E0_1_2700m;5.00;198;198;14.47;23.04
600.00;900.00;1944.00;22.11;E0_0_2800m;5.00;162;162;12.21;22.32
600.00;900.00;2376.00;22.47;E0_1_2800m;5.00;198;199;14.71;22.70
600.00;900.00;1980.00;21.49;E0_0_2900m;5.00;165;164;12.79;21.69
600.00;900.00;2388.00;22.01;E0_1_2900m;5.00;199;199;15.07;22.21
600.00;900.00;1992.00;20.57;E0_0_3000m;5.00;166;166;13.45;20.74
600.00;900.00;2400.00;21.49;E0_1_3000m;5.00;200;200;15.51;21.63
600.00;900.00;2016.00;20.42;E0_0_3100m;5.00;168;168;13.71;20.57
600.00;900.00;2400.00;21.40;E0_1_3100m;5.00;200;199;15.50;21.54
600.00;900.00;2088.00;20.50;E0_0_3200m;5.00;174;174;14.15;20.65
600.00;900.00;2352.00;21.31;E0_1_3200m;5.00;196;196;15.33;21.45
600.00;900.00;2136.00;20.44;E0_0_3300m;5.00;178;177;14.44;20.63
600.00;900.00;2340.00;21.19;E0_1_3300m;5.00;195;195;15.34;21.32
600.00;900.00;2136.00;20.49;E0_0_3400m;5.00;178;177;14.41;20.67
600.00;900.00;2352.00;21.05;E0_1_3400m;5.00;196;196;15.52;21.17
600.00;900.00;2136.00;20.52;E0_0_3500m;5.00;178;178;14.46;20.68
600.00;900.00;2376.00;20.99;E0_1_3500m;5.00;198;198;15.72;21.10
600.00;900.00;2136.00;20.62;E0_0_3600m;5.00;178;178;14.39;20.78
600.00;900.00;2376.00;20.93;E0_1_3600m;5.00;198;198;15.77;21.04
600.00;900.00;2148.00;20.75;E0_0_3700m;5.00;179;179;14.38;20.86
600.00;900.00;2400.00;20.91;E0_1_3700m;5.00;200;199;15.93;21.01
600.00;900.00;2160.00;20.70;E0_0_3800m;5.00;180;180;14.49;20.82
600.00;900.00;2400.00;20.91;E0_1_3800m;5.00;200;200;15.94;21.01
600.00;900.00;2136.00;20.68;E0_0_3900m;5.00;178;178;14.35;20.80
600.00;900.00;2400.00;20.93;E0_1_3900m;5.00;200;201;15.95;21.02
600.00;900.00;2136.00;21.25;E0_0_4000m;5.00;178;178;13.96;21.40
600.00;900.00;2388.00;21.37;E0_1_4000m;5.00;199;199;15.52;21.54
600.00;900.00;2124.00;22.26;E0_0_4100m;5.00;177;177;13.26;22.60
600.00;900.00;2412.00;22.35;E0_1_4100m;5.00;201;201;14.99;22.76
600.00;900.00;2136.00;22.51;E0_0_4200m;5.00;178;177;13.09;22.83
600.00;900.00;2424.00;22.50;E0_1_4200m;5.00;202;202;14.96;22.89
600.00;900.00;2124.00;22.69;E0_0_4300m;5.00;177;177;13.00;22.98
600.00;900.00;2436.00;22.64;E0_1_4300m;5.00;203;203;14.94;23.01
600.00;900.00;2136.00;22.69;E0_0_4400m;5.00;178;178;13.07;22.97
600.00;900.00;2460.00;22.86;E0_1_4400m;5.00;205;205;14.95;23.21
600.00;900.00;2136.00;22.70;E0_0_4500m;5.00;178;178;13.07;22.95
600.00;900.00;2496.00;23.09;E0_1_4500m;5.00;208;208;15.01;23.43
600.00;900.00;2148.00;22.73;E0_0_4600m;5.00;179;179;13.13;22.95
600.00;900.00;2532.00;23.40;E0_1_4600m;5.00;211;211;15.03;23.71
600.00;900.00;2184.00;22.98;E0_0_4700m;5.00;182;182;13.20;23.16
600.00;900.00;2544.00;23.61;E0_1_4700m;5.00;212;212;14.97;23.91
600.00;900.00;2172.00;23.25;E0_0_4800m;5.00;181;182;13.00;23.41
600.00;900.00;2568.00;23.77;E0_1_4800m;5.00;214;214;14.94;24.03
600.00;900.00;2172.00;23.43;E0_0_4900m;5.00;181;181;12.88;23.57
600.00;900.00;2580.00;23.99;E0_1_4900m;5.00;215;215;14.94;24.21
600.00;900.00;2184.00;23.62;E0_0_5000m;5.00;182;182;12.84;23.75
600.00;900.00;2592.00;24.21;E0_1_5000m;5.00;216;215;14.81;24.41
900.00;1200.00;0.00;-1.00;E0_0_0m;-1.00;0;0;0.00;-1.00
900.00;1200.00;0.00;-1.00;E0_1_0m;-1.00;0;0;0.00;-1.00
900.00;1200.00;1932.00;26.52;E0_0_100m;5.00;161;160;10.09;26.76
900.00;1200.00;2040.00;28.21;E0_1_100m;5.00;170;171;10.12;28.32
900.00;1200.00;1908.00;26.38;E0_0_200m;5.00;159;159;10.05;26.68
900.00;1200.00;2040.00;28.65;E0_1_200m;5.00;170;170;9.89;28.78
900.00;1200.00;1848.00;26.20;E0_0_300m;5.00;154;154;9.79;26.53
900.00;1200.00;2088.00;28.58;E0_1_300m;5.00;174;174;10.14;28.71
900.00;1200.00;1812.00;26.16;E0_0_400m;5.00;151;151;9.62;26.50
900.00;1200.00;2100.00;28.49;E0_1_400m;5.00;175;175;10.24;28.62
900.00;1200.00;1776.00;26.14;E0_0_500m;5.00;148;148;9.44;26.47
900.00;1200.00;2124.00;28.16;E0_1_500m;5.00;177;177;10.48;28.33
900.00;1200.00;1764.00;26.24;E0_0_600m;5.00;147;147;9.34;26.53
900.00;1200.00;2100.00;28.01;E0_1_600m;5.00;175;175;10.41;28.19
900.00;1200.00;1740.00;26.45;E0_0_700m;5.00;145;145;9.14;26.67
900.00;1200.00;2088.00;27.97;E0_1_700m;5.00;174;174;10.37;28.15
900.00;1200.00;1692.00;26.66;E0_0_800m;5.00;141;141;8.82;26.84
900.00;1200.00;2088.00;28.00;E0_1_800m;5.00;174;174;10.36;28.14
900.00;1200.00;1656.00;26.84;E0_0_900m;5.00;138;138;8.57;26.95
900.00;1200.00;2088.00;28.10;E0_1_900m;5.00;174;174;10.32;28.22
900.00;1200.00;1644.00;26.76;E0_0_1000m;5.00;137;136;8.52;26.85
900.00;1200.00;2088.00;27.97;E0_1_1000m;5.00;174;174;10.37;28.08
900.00;1200.00;1644.00;26.83;E0_0_1100m;5.00;137;137;8.51;26.91
900.00;1200.00;2064.00;27.95;E0_1_1100m;5.00;172;172;10.26;28.04
900.00;1200.00;1620.00;26.84;E0_0_1200m;5.00;135;135;8.38;26.92
900.00;1200.00;2052.00;27.98;E0_1_1200m;5.00;171;171;10.19;28.06
900.00;1200.00;1608.00;26.82;E0_0_1300m;5.00;134;134;8.33;26.89
900.00;1200.00;2064.00;27.93;E0_1_1300m;5.00;172;172;10.26;28.00
900.00;1200.00;1632.00;26.76;E0_0_1400m;5.00;136;136;8.47;26.84
900.00;1200.00;2076.00;27.87;E0_1_1400m;5.00;173;173;10.35;27.95
900.00;1200.00;1644.00;26.67;E0_0_1500m;5.00;137;136;8.52;26.74
900.00;1200.00;2076.00;27.82;E0_1_1500m;5.00;173;173;10.36;27.89
900.00;1200.00;1668.00;26.62;E0_0_1600m;5.00;139;140;8.75;26.70
900.00;1200.00;2028.00;27.80;E0_1_1600m;5.00;169;170;10.17;27.88
900.00;1200.00;1668.00;26.56;E0_0_1700m;5.00;139;140;8.74;26.64
900.00;1200.00;2052.00;27.77;E0_1_1700m;5.00;171;171;10.26;27.86
900.00;1200.00;1716.00;26.44;E0_0_1800m;5.00;143;143;9.01;26.51
900.00;1200.00;2064.00;27.80;E0_1_1800m;5.00;172;172;10.31;27.89
900.00;1200.00;1752.00;26.39;E0_0_1900m;5.00;146;146;9.22;26.46
900.00;1200.00;2088.00;27.78;E0_1_1900m;5.00;174;173;10.40;27.86
900.00;1200.00;1764.00;26.36;E0_0_2000m;5.00;147;147;9.29;26.42
900.00;1200.00;2088.00;27.73;E0_1_2000m;5.00;174;174;10.46;27.80
900.00;1200.00;1764.00;26.30;E0_0_2100m;5.00;147;146;9.28;26.36
900.00;1200.00;2112.00;27.58;E0_1_2100m;5.00;176;176;10.64;27.65
900.00;1200.00;1788.00;26.23;E0_0_2200m;5.00;149;148;9.42;26.31
900.00;1200.00;2100.00;27.45;E0_1_2200m;5.00;175;175;10.63;27.52
900.00;1200.00;1776.00;26.13;E0_0_2300m;5.00;148;148;9.44;26.20
900.00;1200.00;2112.00;27.38;E0_1_2300m;5.00;176;175;10.67;27.45
900.00;1200.00;1824.00;26.12;E0_0_2400m;5.00;152;152;9.70;26.18
900.00;1200.00;2088.00;27.32;E0_1_2400m;5.00;174;174;10.62;27.39
900.00;1200.00;1812.00;25.95;E0_0_2500m;5.00;151;152;9.74;26.02
900.00;1200.00;2088.00;27.27;E0_1_2500m;5.00;174;174;10.63;27.35
900.00;1200.00;1824.00;25.70;E0_0_2600m;5.00;152;152;9.86;25.78
900.00;1200.00;2088.00;27.13;E0_1_2600m;5.00;174;174;10.69;27.24
900.00;1200.00;1776.00;25.41;E0_0_2700m;5.00;148;148;9.71;25.50
900.00;1200.00;2064.00;26.65;E0_1_2700m;5.00;172;173;10.80;26.77
900.00;1200.00;1764.00;24.67;E0_0_2800m;5.00;147;147;9.93;24.81
900.00;1200.00;2064.00;25.78;E0_1_2800m;5.00;172;172;11.12;25.93
900.00;1200.00;1728.00;23.75;E0_0_2900m;5.00;144;144;10.11;23.90
900.00;1200.00;2076.00;24.65;E0_1_2900m;5.00;173;173;11.70;24.82
900.00;1200.00;1692.00;22.16;E0_0_3000m;5.00;141;141;10.61;22.24
900.00;1200.00;2088.00;23.01;E0_1_3000m;5.00;174;174;12.60;23.11
900.00;1200.00;1668.00;21.71;E0_0_3100m;5.00;139;140;10.70;21.77
900.00;1200.00;2088.00;22.69;E0_1_3100m;5.00;174;174;12.78;22.74
900.00;1200.00;1752.00;21.99;E0_0_3200m;5.00;146;146;11.07;22.02
900.00;1200.00;1992.00;22.67;E0_1_3200m;5.00;166;166;12.21;22.72
900.00;1200.00;1740.00;22.15;E0_0_3300m;5.00;145;145;10.91;22.16
900.00;1200.00;1980.00;22.58;E0_1_3300m;5.00;165;165;12.18;22.61
900.00;1200.00;1764.00;22.25;E0_0_3400m;5.00;147;147;11.01;22.26
900.00;1200.00;2016.00;22.50;E0_1_3400m;5.00;168;168;12.45;22.51
900.00;1200.00;1788.00;22.30;E0_0_3500m;5.00;149;149;11.14;22.30
900.00;1200.00;1980.00;22.44;E0_1_3500m;5.00;165;165;12.25;22.45
900.00;1200.00;1776.00;22.32;E0_0_3600m;5.00;148;148;11.05;22.32
900.00;1200.00;1980.00;22.42;E0_1_3600m;5.00;165;165;12.27;22.43
900.00;1200.00;1764.00;22.23;E0_0_3700m;5.00;147;148;11.08;22.23
900.00;1200.00;1968.00;22.41;E0_1_3700m;5.00;164;164;12.20;22.42
900.00;1200.00;1764.00;22.24;E0_0_3800m;5.00;147;147;11.02;22.24
900.00;1200.00;1968.00;22.39;E0_1_3800m;5.00;164;164;12.21;22.40
900.00;1200.00;1812.00;22.31;E0_0_3900m;5.00;151;151;11.28;22.31
900.00;1200.00;1980.00;22.42;E0_1_3900m;5.00;165;164;12.24;22.43
900.00;1200.00;1860.00;23.18;E0_0_4000m;5.00;155;155;11.15;23.23
900.00;1200.00;2004.00;23.71;E0_1_4000m;5.00;167;169;11.82;23.79
900.00;1200.00;1836.00;26.75;E0_0_4100m;5.00;153;153;9.53;26.89
900.00;1200.00;2052.00;28.12;E0_1_4100m;5.00;171;172;10.20;28.19
900.00;1200.00;1836.00;26.66;E0_0_4200m;5.00;153;153;9.56;26.73
900.00;1200.00;2028.00;28.82;E0_1_4200m;5.00;169;169;9.77;28.93
900.00;1200.00;1848.00;26.51;E0_0_4300m;5.00;154;154;9.68;26.57
900.00;1200.00;2052.00;28.89;E0_1_4300m;5.00;171;171;9.87;29.01
900.00;1200.00;1848.00;26.31;E0_0_4400m;5.00;154;154;9.76;26.37
900.00;1200.00;2052.00;28.76;E0_1_4400m;5.00;171;171;9.91;28.89
900.00;1200.00;1860.00;26.17;E0_0_4500m;5.00;155;155;9.87;26.23
900.00;1200.00;2064.00;28.60;E0_1_4500m;5.00;172;172;10.02;28.71
900.00;1200.00;1824.00;26.13;E0_0_4600m;5.00;152;152;9.69;26.18
900.00;1200.00;2100.00;28.34;E0_1_4600m;5.00;175;175;10.29;28.43
900.00;1200.00;1836.00;25.99;E0_0_4700m;5.00;153;153;9.81;26.04
900.00;1200.00;2100.00;28.22;E0_1_4700m;5.00;175;175;10.34;28.30
900.00;1200.00;1836.00;25.95;E0_0_4800m;5.00;153;153;9.83;26.00
900.00;1200.00;2100.00;28.05;E0_1_4800m;5.00;175;174;10.38;28.14
900.00;1200.00;1848.00;25.82;E0_0_4900m;5.00;154;154;9.94;25.88
900.00;1200.00;2076.00;27.87;E0_1_4900m;5.00;173;174;10.35;27.95
900.00;1200.00;1848.00;25.81;E0_0_5000m;5.00;154;154;9.94;25.87
900.00;1200.00;2076.00;27.65;E0_1_5000m;5.00;173;173;10.43;27.72
1200.00;1500.00;0.00;-1.00;E0_0_0m;-1.00;0;0;0.00;-1.00
1200.00;1500.00;0.00;-1.00;E0_1_0m;-1.00;0;0;0.00;-1.00
1200.00;1500.00;2028.00;24.85;E0_0_100m;5.00;169;169;11.34;25.05
1200.00;1500.00;2244.00;27.22;E0_1_100m;5.00;187;187;11.45;27.39
1200.00;1500.00;2052.00;24.92;E0_0_200m;5.00;171;171;11.44;25.13
1200.00;1500.00;2244.00;27.41;E0_1_200m;5.00;187;188;11.38;27.63
1200.00;1500.00;2028.00;24.64;E0_0_300m;5.00;169;169;11.43;24.86
1200.00;1500.00;2268.00;27.19;E0_1_300m;5.00;189;188;11.55;27.39
1200.00;1500.00;2028.00;24.53;E0_0_400m;5.00;169;169;11.48;24.76
1200.00;1500.00;2244.00;27.13;E0_1_400m;5.00;187;187;11.49;27.31
1200.00;1500.00;2004.00;24.32;E0_0_500m;5.00;167;168;11.48;24.55
1200.00;1500.00;2316.00;26.91;E0_1_500m;5.00;193;193;11.95;27.07
1200.00;1500.00;2016.00;23.85;E0_0_600m;5.00;168;168;11.74;24.14
1200.00;1500.00;2328.00;26.81;E0_1_600m;5.00;194;194;12.06;26.93
1200.00;1500.00;2052.00;23.38;E0_0_700m;5.00;171;171;12.19;23.71
1200.00;1500.00;2304.00;26.67;E0_1_700m;5.00;192;192;12.00;26.79
1200.00;1500.00;2064.00;23.30;E0_0_800m;5.00;172;172;12.30;23.63
1200.00;1500.00;2304.00;26.42;E0_1_800m;5.00;192;192;12.11;26.55
1200.00;1500.00;2064.00;23.25;E0_0_900m;5.00;172;172;12.33;23.57
1200.00;1500.00;2304.00;26.27;E0_1_900m;5.00;192;193;12.23;26.40
1200.00;1500.00;2040.00;23.10;E0_0_1000m;5.00;170;170;12.26;23.42
1200.00;1500.00;2316.00;26.13;E0_1_1000m;5.00;193;193;12.31;26.27
1200.00;1500.00;2016.00;22.87;E0_0_1100m;5.00;168;168;12.24;23.15
1200.00;1500.00;2316.00;26.06;E0_1_1100m;5.00;193;193;12.34;26.20
1200.00;1500.00;2016.00;22.67;E0_0_1200m;5.00;168;169;12.39;22.96
1200.00;1500.00;2304.00;25.96;E0_1_1200m;5.00;192;192;12.33;26.10
1200.00;1500.00;2004.00;22.49;E0_0_1300m;5.00;167;167;12.38;22.78
1200.00;1500.00;2268.00;25.89;E0_1_1300m;5.00;189;189;12.17;26.02
1200.00;1500.00;1980.00;22.37;E0_0_1400m;5.00;165;165;12.29;22.66
1200.00;1500.00;2232.00;25.72;E0_1_1400m;5.00;186;186;12.05;25.85
1200.00;1500.00;1992.00;22.39;E0_0_1500m;5.00;166;166;12.36;22.68
1200.00;1500.00;2244.00;25.59;E0_1_1500m;5.00;187;188;12.23;25.71
1200.00;1500.00;1992.00;22.58;E0_0_1600m;5.00;166;165;12.21;22.87
1200.00;1500.00;2256.00;25.64;E0_1_1600m;5.00;188;187;12.19;25.77
1200.00;1500.00;1980.00;22.74;E0_0_1700m;5.00;165;165;12.10;23.00
1200.00;1500.00;2244.00;25.63;E0_1_1700m;5.00;187;187;12.16;25.78
1200.00;1500.00;1944.00;22.61;E0_0_1800m;5.00;162;163;11.99;22.88
1200.00;1500.00;2220.00;25.63;E0_1_1800m;5.00;185;187;12.13;25.78
1200.00;1500.00;1920.00;22.59;E0_0_1900m;5.00;160;160;11.80;22.85
1200.00;1500.00;2196.00;25.62;E0_1_1900m;5.00;183;183;11.91;25.76
1200.00;1500.00;1908.00;22.55;E0_0_2000m;5.00;159;160;11.78;22.81
1200.00;1500.00;2172.00;25.58;E0_1_2000m;5.00;181;181;11.79;25.73
1200.00;1500.00;1932.00;22.54;E0_0_2100m;5.00;161;161;11.91;22.80
1200.00;1500.00;2172.00;25.58;E0_1_2100m;5.00;181;181;11.79;25.74
1200.00;1500.00;1932.00;22.50;E0_0_2200m;5.00;161;161;11.93;22.75
1200.00;1500.00;2196.00;25.50;E0_1_2200m;5.00;183;183;11.96;25.64
1200.00;1500.00;1932.00;22.49;E0_0_2300m;5.00;161;161;11.93;22.75
1200.00;1500.00;2232.00;25.39;E0_1_2300m;5.00;186;186;12.21;25.53
1200.00;1500.00;1908.00;22.26;E0_0_2400m;5.00;159;159;11.90;22.53
1200.00;1500.00;2280.00;25.33;E0_1_2400m;5.00;190;190;12.50;25.46
1200.00;1500.00;1956.00;22.16;E0_0_2500m;5.00;163;162;12.22;22.45
1200.00;1500.00;2304.00;25.18;E0_1_2500m;5.00;192;192;12.71;25.31
1200.00;1500.00;1956.00;21.99;E0_0_2600m;5.00;163;163;12.35;22.29
1200.00;1500.00;2304.00;24.79;E0_1_2600m;5.00;192;192;12.91;24.89
1200.00;1500.00;1944.00;21.76;E0_0_2700m;5.00;162;162;12.41;22.03
1200.00;1500.00;2328.00;24.30;E0_1_2700m;5.00;194;193;13.27;24.37
1200.00;1500.00;1956.00;21.56;E0_0_2800m;5.00;163;163;12.60;21.82
1200.00;1500.00;2304.00;23.79;E0_1_2800m;5.00;192;193;13.51;23.85
1200.00;1500.00;1956.00;21.16;E0_0_2900m;5.00;163;163;12.84;21.32
1200.00;1500.00;2304.00;23.25;E0_1_2900m;5.00;192;192;13.77;23.29
1200.00;1500.00;1968.00;20.76;E0_0_3000m;5.00;164;164;13.16;20.84
1200.00;1500.00;2304.00;22.62;E0_1_3000m;5.00;192;192;14.15;22.64
1200.00;1500.00;1992.00;20.82;E0_0_3100m;5.00;166;166;13.29;20.88
1200.00;1500.00;2292.00;22.70;E0_1_3100m;5.00;191;192;14.04;22.75
1200.00;1500.00;2064.00;21.16;E0_0_3200m;5.00;172;172;13.55;21.22
1200.00;1500.00;2208.00;22.79;E0_1_3200m;5.00;184;184;13.45;22.88
1200.00;1500.00;2052.00;21.29;E0_0_3300m;5.00;171;171;13.38;21.36
1200.00;1500.00;2208.00;22.85;E0_1_3300m;5.00;184;184;13.42;22.95
1200.00;1500.00;2004.00;21.38;E0_0_3400m;5.00;167;167;13.02;21.43
1200.00;1500.00;2184.00;22.78;E0_1_3400m;5.00;182;183;13.38;22.88
1200.00;1500.00;1992.00;21.31;E0_0_3500m;5.00;166;166;12.98;21.38
1200.00;1500.00;2184.00;22.77;E0_1_3500m;5.00;182;183;13.33;22.86
1200.00;1500.00;1992.00;21.09;E0_0_3600m;5.00;166;166;13.12;21.16
1200.00;1500.00;2184.00;22.67;E0_1_3600m;5.00;182;182;13.38;22.74
1200.00;1500.00;1992.00;21.28;E0_0_3700m;5.00;166;165;12.95;21.34
1200.00;1500.00;2208.00;22.60;E0_1_3700m;5.00;184;184;13.57;22.65
1200.00;1500.00;1992.00;21.67;E0_0_3800m;5.00;166;166;12.77;21.71
1200.00;1500.00;2208.00;22.56;E0_1_3800m;5.00;184;184;13.59;22.61
1200.00;1500.00;1992.00;21.90;E0_0_3900m;5.00;166;166;12.63;21.92
1200.00;1500.00;2208.00;22.67;E0_1_3900m;5.00;184;184;13.53;22.73
1200.00;1500.00;1932.00;22.67;E0_0_4000m;5.00;161;161;11.83;22.74
1200.00;1500.00;2196.00;24.01;E0_1_4000m;5.00;183;183;12.71;24.12
1200.00;1500.00;1920.00;24.23;E0_0_4100m;5.00;160;160;11.01;24.52
1200.00;1500.00;2196.00;26.73;E0_1_4100m;5.00;183;183;11.41;26.86
1200.00;1500.00;1944.00;24.16;E0_0_4200m;5.00;162;162;11.17;24.53
1200.00;1500.00;2172.00;27.13;E0_1_4200m;5.00;181;181;11.12;27.32
1200.00;1500.00;1944.00;24.08;E0_0_4300m;5.00;162;163;11.26;24.43
1200.00;1500.00;2148.00;27.21;E0_1_4300m;5.00;179;179;10.96;27.44
1200.00;1500.00;1920.00;23.95;E0_0_4400m;5.00;160;160;11.13;24.31
1200.00;1500.00;2148.00;27.20;E0_1_4400m;5.00;179;179;10.97;27.42
1200.00;1500.00;1896.00;23.96;E0_0_4500m;5.00;158;158;10.99;24.30
1200.00;1500.00;2136.00;27.21;E0_1_4500m;5.00;178;178;10.90;27.45
1200.00;1500.00;1884.00;24.18;E0_0_4600m;5.00;157;157;10.82;24.49
1200.00;1500.00;2088.00;27.08;E0_1_4600m;5.00;174;174;10.71;27.33
1200.00;1500.00;1836.00;24.24;E0_0_4700m;5.00;153;153;10.52;24.56
1200.00;1500.00;2076.00;27.03;E0_1_4700m;5.00;173;173;10.67;27.26
1200.00;1500.00;1824.00;24.07;E0_0_4800m;5.00;152;152;10.52;24.40
1200.00;1500.00;2076.00;27.11;E0_1_4800m;5.00;173;173;10.64;27.34
1200.00;1500.00;1812.00;24.08;E0_0_4900m;5.00;151;151;10.45;24.42
1200.00;1500.00;2088.00;27.18;E0_1_4900m;5.00;174;173;10.67;27.42
1200.00;1500.00;1776.00;24.35;E0_0_5000m;5.00;148;149;10.19;24.67
1200.00;1500.00;2100.00;27.17;E0_1_5000m;5.00;175;175;10.74;27.41
1500.00;1800.00;0.00;-1.00;E0_0_0m;-1.00;0;0;0.00;-1.00
1500.00;1800.00;0.00;-1.00;E0_1_0m;-1.00;0;0;0.00;-1.00
1500.00;1800.00;1932.00;25.64;E0_0_100m;5.00;161;161;10.47;25.76
1500.00;1800.00;2268.00;26.48;E0_1_100m;5.00;189;189;11.90;26.61
1500.00;1800.00;1944.00;25.82;E0_0_200m;5.00;162;162;10.46;25.96
1500.00;1800.00;2268.00;26.77;E0_1_200m;5.00;189;189;11.77;26.92
1500.00;1800.00;1968.00;25.82;E0_0_300m;5.00;164;164;10.59;25.97
1500.00;1800.00;2268.00;26.77;E0_1_300m;5.00;189;189;11.77;26.91
1500.00;1800.00;1992.00;25.80;E0_0_400m;5.00;166;166;10.72;25.96
1500.00;1800.00;2256.00;26.75;E0_1_400m;5.00;188;188;11.71;26.91
1500.00;1800.00;1944.00;25.57;E0_0_500m;5.00;162;162;10.56;25.73
1500.00;1800.00;2256.00;26.66;E0_1_500m;5.00;188;188;11.75;26.81
1500.00;1800.00;1980.00;25.26;E0_0_600m;5.00;165;165;10.89;25.45
1500.00;1800.00;2208.00;26.52;E0_1_600m;5.00;184;184;11.57;26.67
1500.00;1800.00;1956.00;25.00;E0_0_700m;5.00;163;163;10.87;25.19
1500.00;1800.00;2244.00;26.17;E0_1_700m;5.00;187;187;11.91;26.30
1500.00;1800.00;1944.00;25.07;E0_0_800m;5.00;162;162;10.77;25.22
1500.00;1800.00;2256.00;25.85;E0_1_800m;5.00;188;188;12.12;25.97
1500.00;1800.00;1944.00;25.01;E0_0_900m;5.00;162;162;10.79;25.15
1500.00;1800.00;2268.00;25.70;E0_1_900m;5.00;189;188;12.21;25.83
1500.00;1800.00;1980.00;24.92;E0_0_1000m;5.00;165;165;11.04;25.05
1500.00;1800.00;2232.00;25.64;E0_1_1000m;5.00;186;187;12.12;25.78
1500.00;1800.00;1992.00;24.82;E0_0_1100m;5.00;166;166;11.15;24.93
1500.00;1800.00;2268.00;25.57;E0_1_1100m;5.00;189;189;12.32;25.71
1500.00;1800.00;2016.00;24.51;E0_0_1200m;5.00;168;167;11.39;24.64
1500.00;1800.00;2280.00;25.51;E0_1_1200m;5.00;190;190;12.41;25.64
1500.00;1800.00;2016.00;24.21;E0_0_1300m;5.00;168;168;11.57;24.38
1500.00;1800.00;2280.00;25.36;E0_1_1300m;5.00;190;190;12.49;25.48
1500.00;1800.00;2028.00;24.14;E0_0_1400m;5.00;169;169;11.67;24.27
1500.00;1800.00;2280.00;25.10;E0_1_1400m;5.00;190;191;12.64;25.21
1500.00;1800.00;2040.00;24.16;E0_0_1500m;5.00;170;170;11.73;24.26
1500.00;1800.00;2268.00;25.01;E0_1_1500m;5.00;189;188;12.55;25.13
1500.00;1800.00;2040.00;24.09;E0_0_1600m;5.00;170;170;11.76;24.18
1500.00;1800.00;2256.00;24.93;E0_1_1600m;5.00;188;188;12.57;25.07
1500.00;1800.00;2040.00;23.86;E0_0_1700m;5.00;170;169;11.85;23.94
1500.00;1800.00;2268.00;24.87;E0_1_1700m;5.00;189;189;12.67;25.01
1500.00;1800.00;2052.00;23.73;E0_0_1800m;5.00;171;170;11.96;23.79
1500.00;1800.00;2268.00;24.81;E0_1_1800m;5.00;189;188;12.64;24.96
1500.00;1800.00;2052.00;23.64;E0_0_1900m;5.00;171;171;12.06;23.71
1500.00;1800.00;2256.00;24.74;E0_1_1900m;5.00;188;188;12.66;24.90
1500.00;1800.00;2088.00;23.50;E0_0_2000m;5.00;174;173;12.31;23.57
1500.00;1800.00;2280.00;24.74;E0_1_2000m;5.00;190;190;12.80;24.88
1500.00;1800.00;2088.00;23.19;E0_0_2100m;5.00;174;174;12.50;23.27
1500.00;1800.00;2292.00;24.68;E0_1_2100m;5.00;191;191;12.90;24.85
1500.00;1800.00;2076.00;23.06;E0_0_2200m;5.00;173;173;12.50;23.12
1500.00;1800.00;2268.00;24.61;E0_1_2200m;5.00;189;189;12.80;24.79
1500.00;1800.00;2052.00;23.05;E0_0_2300m;5.00;171;171;12.36;23.12
1500.00;1800.00;2244.00;24.47;E0_1_2300m;5.00;187;187;12.74;24.66
1500.00;1800.00;2028.00;22.84;E0_0_2400m;5.00;169;169;12.33;22.94
1500.00;1800.00;2220.00;24.32;E0_1_2400m;5.00;185;185;12.68;24.52
1500.00;1800.00;1992.00;22.78;E0_0_2500m;5.00;166;166;12.14;22.87
1500.00;1800.00;2184.00;24.11;E0_1_2500m;5.00;182;182;12.58;24.33
1500.00;1800.00;1968.00;22.78;E0_0_2600m;5.00;164;164;12.00;22.86
1500.00;1800.00;2172.00;24.01;E0_1_2600m;5.00;181;181;12.57;24.26
1500.00;1800.00;1956.00;22.78;E0_0_2700m;5.00;163;163;11.93;22.85
1500.00;1800.00;2172.00;23.85;E0_1_2700m;5.00;181;182;12.66;24.11
1500.00;1800.00;1944.00;22.59;E0_0_2800m;5.00;162;162;11.95;22.67
1500.00;1800.00;2184.00;23.63;E0_1_2800m;5.00;182;182;12.84;23.87
1500.00;1800.00;1932.00;22.10;E0_0_2900m;5.00;161;161;12.14;22.20
1500.00;1800.00;2196.00;23.25;E0_1_2900m;5.00;183;183;13.12;23.44
1500.00;1800.00;1932.00;21.34;E0_0_3000m;5.00;161;161;12.57;21.42
1500.00;1800.00;2196.00;22.55;E0_1_3000m;5.00;183;183;13.53;22.63
1500.00;1800.00;1932.00;21.35;E0_0_3100m;5.00;161;161;12.57;21.40
1500.00;1800.00;2196.00;22.31;E0_1_3100m;5.00;183;183;13.67;22.34
1500.00;1800.00;1956.00;21.76;E0_0_3200m;5.00;163;163;12.48;21.78
1500.00;1800.00;2172.00;22.33;E0_1_3200m;5.00;181;181;13.51;22.37
1500.00;1800.00;1968.00;21.75;E0_0_3300m;5.00;164;165;12.64;21.78
1500.00;1800.00;2160.00;22.30;E0_1_3300m;5.00;180;181;13.51;22.33
1500.00;1800.00;1992.00;21.51;E0_0_3400m;5.00;166;166;12.86;21.56
1500.00;1800.00;2184.00;22.27;E0_1_3400m;5.00;182;181;13.56;22.29
1500.00;1800.00;1992.00;21.38;E0_0_3500m;5.00;166;166;12.94;21.43
1500.00;1800.00;2208.00;22.21;E0_1_3500m;5.00;184;183;13.80;22.22
1500.00;1800.00;2016.00;21.57;E0_0_3600m;5.00;168;168;12.98;21.61
1500.00;1800.00;2220.00;22.20;E0_1_3600m;5.00;185;186;13.91;22.20
1500.00;1800.00;2052.00;21.69;E0_0_3700m;5.00;171;171;13.14;21.72
1500.00;1800.00;2220.00;22.19;E0_1_3700m;5.00;185;185;13.89;22.20
1500.00;1800.00;2040.00;21.80;E0_0_3800m;5.00;170;171;13.04;21.82
1500.00;1800.00;2220.00;22.19;E0_1_3800m;5.00;185;185;13.90;22.19
1500.00;1800.00;2016.00;21.77;E0_0_3900m;5.00;168;168;12.86;21.80
1500.00;1800.00;2208.00;22.18;E0_1_3900m;5.00;184;184;13.83;22.18
1500.00;1800.00;2016.00;22.27;E0_0_4000m;5.00;168;168;12.57;22.33
1500.00;1800.00;2196.00;22.67;E0_1_4000m;5.00;183;184;13.52;22.72
1500.00;1800.00;1992.00;23.36;E0_0_4100m;5.00;166;166;11.84;23.64
1500.00;1800.00;2208.00;24.50;E0_1_4100m;5.00;184;184;12.52;24.88
1500.00;1800.00;1992.00;23.41;E0_0_4200m;5.00;166;166;11.82;23.69
1500.00;1800.00;2208.00;24.82;E0_1_4200m;5.00;184;184;12.36;25.29
1500.00;1800.00;1992.00;23.39;E0_0_4300m;5.00;166;166;11.83;23.67
1500.00;1800.00;2196.00;24.87;E0_1_4300m;5.00;183;183;12.27;25.33
1500.00;1800.00;1980.00;23.40;E0_0_4400m;5.00;165;165;11.75;23.61
1500.00;1800.00;2196.00;24.98;E0_1_4400m;5.00;183;184;12.24;25.45
1500.00;1800.00;1980.00;23.32;E0_0_4500m;5.00;165;165;11.79;23.51
1500.00;1800.00;2172.00;24.97;E0_1_4500m;5.00;181;181;12.08;25.42
1500.00;1800.00;1968.00;23.41;E0_0_4600m;5.00;164;164;11.68;23.56
1500.00;1800.00;2184.00;25.02;E0_1_4600m;5.00;182;182;12.12;25.48
1500.00;1800.00;1980.00;23.35;E0_0_4700m;5.00;165;165;11.78;23.47
1500.00;1800.00;2184.00;25.08;E0_1_4700m;5.00;182;182;12.10;25.52
1500.00;1800.00;1992.00;23.32;E0_0_4800m;5.00;166;166;11.86;23.43
1500.00;1800.00;2172.00;25.12;E0_1_4800m;5.00;181;181;12.01;25.56
1500.00;1800.00;1980.00;23.30;E0_0_4900m;5.00;165;166;11.81;23.41
1500.00;1800.00;2160.00;25.18;E0_1_4900m;5.00;180;181;11.92;25.60
1500.00;1800.00;1992.00;23.22;E0_0_5000m;5.00;166;165;11.85;23.31
1500.00;1800.00;2160.00;25.14;E0_1_5000m;5.00;180;180;11.93;25.54
1800.00;2100.00;0.00;-1.00;E0_0_0m;-1.00;0;0;0.00;-1.00
1800.00;2100.00;0.00;-1.00;E0_1_0m;-1.00;0;0;0.00;-1.00
1800.00;2100.00;1716.00;26.42;E0_0_100m;5.00;143;143;9.02;26.53
1800.00;2100.00;2316.00;27.11;E0_1_100m;5.00;193;194;11.88;27.21
1800.00;2100.00;1776.00;26.34;E0_0_200m;5.00;148;149;9.40;26.50
1800.00;2100.00;2220.00;27.65;E0_1_200m;5.00;185;186;11.19;27.76
1800.00;2100.00;1776.00;26.42;E0_0_300m;5.00;148;148;9.34;26.58
1800.00;2100.00;2232.00;27.71;E0_1_300m;5.00;186;186;11.19;27.83
1800.00;2100.00;1776.00;26.29;E0_0_400m;5.00;148;149;9.41;26.44
1800.00;2100.00;2220.00;27.79;E0_1_400m;5.00;185;185;11.10;27.90
1800.00;2100.00;1800.00;26.15;E0_0_500m;5.00;150;150;9.56;26.30
1800.00;2100.00;2208.00;27.77;E0_1_500m;5.00;184;184;11.04;27.89
1800.00;2100.00;1812.00;25.95;E0_0_600m;5.00;151;151;9.70;26.10
1800.00;2100.00;2220.00;27.68;E0_1_600m;5.00;185;185;11.14;27.80
1800.00;2100.00;1812.00;25.66;E0_0_700m;5.00;151;151;9.81;25.83
1800.00;2100.00;2232.00;27.45;E0_1_700m;5.00;186;186;11.30;27.56
1800.00;2100.00;1812.00;25.62;E0_0_800m;5.00;151;151;9.82;25.80
1800.00;2100.00;2220.00;27.35;E0_1_800m;5.00;185;185;11.27;27.46
1800.00;2100.00;1812.00;25.56;E0_0_900m;5.00;151;151;9.85;25.74
1800.00;2100.00;2208.00;27.30;E0_1_900m;5.00;184;184;11.23;27.40
1800.00;2100.00;1788.00;25.51;E0_0_1000m;5.00;149;149;9.74;25.70
1800.00;2100.00;2220.00;27.37;E0_1_1000m;5.00;185;184;11.24;27.48
1800.00;2100.00;1800.00;25.35;E0_0_1100m;5.00;150;150;9.86;25.58
1800.00;2100.00;2184.00;27.38;E0_1_1100m;5.00;182;183;11.10;27.47
1800.00;2100.00;1788.00;25.34;E0_0_1200m;5.00;149;149;9.80;25.57
1800.00;2100.00;2196.00;27.40;E0_1_1200m;5.00;183;183;11.13;27.50
1800.00;2100.00;1824.00;25.30;E0_0_1300m;5.00;152;152;10.01;25.53
1800.00;2100.00;2160.00;27.41;E0_1_1300m;5.00;180;181;10.94;27.51
1800.00;2100.00;1824.00;25.17;E0_0_1400m;5.00;152;152;10.06;25.40
1800.00;2100.00;2148.00;27.43;E0_1_1400m;5.00;179;179;10.88;27.52
1800.00;2100.00;1824.00;25.13;E0_0_1500m;5.00;152;153;10.12;25.36
1800.00;2100.00;2136.00;27.44;E0_1_1500m;5.00;178;178;10.81;27.55
1800.00;2100.00;1848.00;25.15;E0_0_1600m;5.00;154;154;10.21;25.38
1800.00;2100.00;2136.00;27.50;E0_1_1600m;5.00;178;178;10.79;27.61
1800.00;2100.00;1872.00;25.09;E0_0_1700m;5.00;156;156;10.36;25.30
1800.00;2100.00;2172.00;27.51;E0_1_1700m;5.00;181;181;10.96;27.62
1800.00;2100.00;1896.00;25.04;E0_0_1800m;5.00;158;158;10.52;25.21
1800.00;2100.00;2196.00;27.35;E0_1_1800m;5.00;183;183;11.15;27.44
1800.00;2100.00;1896.00;25.01;E0_0_1900m;5.00;158;159;10.56;25.19
1800.00;2100.00;2232.00;27.06;E0_1_1900m;5.00;186;187;11.47;27.15
1800.00;2100.00;1896.00;24.92;E0_0_2000m;5.00;158;158;10.57;25.11
1800.00;2100.00;2208.00;26.92;E0_1_2000m;5.00;184;184;11.39;27.00
1800.00;2100.00;1884.00;24.84;E0_0_2100m;5.00;157;157;10.53;25.04
1800.00;2100.00;2172.00;26.75;E0_1_2100m;5.00;181;182;11.29;26.85
1800.00;2100.00;1848.00;24.74;E0_0_2200m;5.00;154;154;10.38;24.92
1800.00;2100.00;2220.00;26.68;E0_1_2200m;5.00;185;185;11.55;26.79
1800.00;2100.00;1872.00;24.75;E0_0_2300m;5.00;156;156;10.51;24.91
1800.00;2100.00;2208.00;26.67;E0_1_2300m;5.00;184;184;11.50;26.77
1800.00;2100.00;1872.00;24.82;E0_0_2400m;5.00;156;157;10.52;24.96
1800.00;2100.00;2208.00;26.64;E0_1_2400m;5.00;184;184;11.51;26.73
1800.00;2100.00;1872.00;24.66;E0_0_2500m;5.00;156;156;10.55;24.79
1800.00;2100.00;2232.00;26.41;E0_1_2500m;5.00;186;186;11.74;26.50
1800.00;2100.00;1896.00;24.41;E0_0_2600m;5.00;158;158;10.79;24.55
1800.00;2100.00;2220.00;26.04;E0_1_2600m;5.00;185;185;11.84;26.14
1800.00;2100.00;1908.00;24.15;E0_0_2700m;5.00;159;159;10.97;24.30
1800.00;2100.00;2196.00;25.63;E0_1_2700m;5.00;183;182;11.89;25.76
1800.00;2100.00;1896.00;23.69;E0_0_2800m;5.00;158;158;11.12;23.83
1800.00;2100.00;2208.00;25.10;E0_1_2800m;5.00;184;185;12.27;25.27
1800.00;2100.00;1920.00;22.98;E0_0_2900m;5.00;160;160;11.60;23.08
1800.00;2100.00;2196.00;24.12;E0_1_2900m;5.00;183;183;12.64;24.27
1800.00;2100.00;1896.00;21.65;E0_0_3000m;5.00;158;159;12.21;21.72
1800.00;2100.00;2220.00;22.72;E0_1_3000m;5.00;185;185;13.57;22.78
1800.00;2100.00;1896.00;21.49;E0_0_3100m;5.00;158;158;12.26;21.55
1800.00;2100.00;2196.00;22.55;E0_1_3100m;5.00;183;185;13.63;22.59
1800.00;2100.00;1956.00;21.89;E0_0_3200m;5.00;163;164;12.48;21.91
1800.00;2100.00;2124.00;22.54;E0_1_3200m;5.00;177;178;13.10;22.58
1800.00;2100.00;1956.00;22.09;E0_0_3300m;5.00;163;162;12.23;22.10
1800.00;2100.00;2136.00;22.52;E0_1_3300m;5.00;178;177;13.11;22.55
1800.00;2100.00;1968.00;22.24;E0_0_3400m;5.00;164;164;12.29;22.25
1800.00;2100.00;2112.00;22.50;E0_1_3400m;5.00;176;176;13.04;22.52
1800.00;2100.00;1980.00;22.28;E0_0_3500m;5.00;165;165;12.34;22.29
1800.00;2100.00;2124.00;22.50;E0_1_3500m;5.00;177;177;13.11;22.53
1800.00;2100.00;1968.00;22.21;E0_0_3600m;5.00;164;164;12.31;22.23
1800.00;2100.00;2112.00;22.46;E0_1_3600m;5.00;176;175;13.04;22.48
1800.00;2100.00;1944.00;22.23;E0_0_3700m;5.00;162;162;12.15;22.25
1800.00;2100.00;2100.00;22.43;E0_1_3700m;5.00;175;175;13.00;22.44
1800.00;2100.00;1956.00;22.09;E0_0_3800m;5.00;163;163;12.31;22.12
1800.00;2100.00;2148.00;22.43;E0_1_3800m;5.00;179;179;13.30;22.44
1800.00;2100.00;2004.00;22.08;E0_0_3900m;5.00;167;167;12.61;22.11
1800.00;2100.00;2160.00;22.37;E0_1_3900m;5.00;180;180;13.41;22.38
1800.00;2100.00;2016.00;23.06;E0_0_4000m;5.00;168;168;12.14;23.12
1800.00;2100.00;2172.00;23.34;E0_1_4000m;5.00;181;180;12.86;23.41
1800.00;2100.00;2040.00;26.14;E0_0_4100m;5.00;170;170;10.84;26.32
1800.00;2100.00;2172.00;26.90;E0_1_4100m;5.00;181;181;11.21;27.09
1800.00;2100.00;2016.00;26.37;E0_0_4200m;5.00;168;168;10.62;26.60
1800.00;2100.00;2208.00;27.20;E0_1_4200m;5.00;184;184;11.27;27.46
1800.00;2100.00;2028.00;26.16;E0_0_4300m;5.00;169;169;10.77;26.39
1800.00;2100.00;2220.00;27.04;E0_1_4300m;5.00;185;186;11.43;27.31
1800.00;2100.00;2028.00;25.87;E0_0_4400m;5.00;169;170;10.94;26.08
1800.00;2100.00;2244.00;26.65;E0_1_4400m;5.00;187;186;11.67;26.91
1800.00;2100.00;2052.00;25.48;E0_0_4500m;5.00;171;171;11.18;25.69
1800.00;2100.00;2244.00;26.38;E0_1_4500m;5.00;187;187;11.81;26.62
1800.00;2100.00;2052.00;25.30;E0_0_4600m;5.00;171;171;11.26;25.52
1800.00;2100.00;2244.00;26.21;E0_1_4600m;5.00;187;187;11.89;26.44
1800.00;2100.00;2040.00;25.36;E0_0_4700m;5.00;170;170;11.17;25.54
1800.00;2100.00;2256.00;26.13;E0_1_4700m;5.00;188;188;11.99;26.34
1800.00;2100.00;2028.00;25.47;E0_0_4800m;5.00;169;169;11.06;25.63
1800.00;2100.00;2268.00;26.08;E0_1_4800m;5.00;189;189;12.08;26.28
1800.00;2100.00;1992.00;25.44;E0_0_4900m;5.00;166;166;10.92;25.60
1800.00;2100.00;2316.00;26.11;E0_1_4900m;5.00;193;192;12.31;26.29
1800.00;2100.00;1992.00;25.40;E0_0_5000m;5.00;166;166;10.89;25.55
1800.00;2100.00;2328.00;26.17;E0_1_5000m;5.00;194;194;12.36;26.33
2100.00;2400.00;0.00;-1.00;E0_0_0m;-1.00;0;0;0.00;-1.00
2100.00;2400.00;0.00;-1.00;E0_1_0m;-1.00;0;0;0.00;-1.00
2100.00;2400.00;1824.00;26.22;E0_0_100m;5.00;152;152;9.66;26.34
2100.00;2400.00;2256.00;27.50;E0_1_100m;5.00;188;188;11.39;27.61
2100.00;2400.00;1824.00;26.10;E0_0_200m;5.00;152;151;9.68;26.22
2100.00;2400.00;2268.00;27.61;E0_1_200m;5.00;189;188;11.37;27.76
2100.00;2400.00;1788.00;26.24;E0_0_300m;5.00;149;149;9.46;26.35
2100.00;2400.00;2268.00;27.59;E0_1_300m;5.00;189;189;11.42;27.76
2100.00;2400.00;1788.00;26.18;E0_0_400m;5.00;149;148;9.46;26.29
2100.00;2400.00;2280.00;27.61;E0_1_400m;5.00;190;190;11.47;27.77
2100.00;2400.00;1812.00;26.14;E0_0_500m;5.00;151;151;9.63;26.25
2100.00;2400.00;2268.00;27.72;E0_1_500m;5.00;189;189;11.36;27.87
2100.00;2400.00;1800.00;26.29;E0_0_600m;5.00;150;150;9.51;26.39
2100.00;2400.00;2268.00;27.75;E0_1_600m;5.00;189;189;11.35;27.90
2100.00;2400.00;1788.00;26.41;E0_0_700m;5.00;149;149;9.40;26.51
2100.00;2400.00;2268.00;27.88;E0_1_700m;5.00;189;189;11.30;28.03
2100.00;2400.00;1836.00;26.34;E0_0_800m;5.00;153;153;9.68;26.43
2100.00;2400.00;2232.00;27.99;E0_1_800m;5.00;186;186;11.07;28.13
2100.00;2400.00;1836.00;26.28;E0_0_900m;5.00;153;153;9.70;26.38
2100.00;2400.00;2304.00;27.92;E0_1_900m;5.00;192;192;11.46;28.05
2100.00;2400.00;1836.00;26.25;E0_0_1000m;5.00;153;153;9.72;26.35
2100.00;2400.00;2328.00;27.88;E0_1_1000m;5.00;194;194;11.60;27.99
2100.00;2400.00;1836.00;26.16;E0_0_1100m;5.00;153;153;9.75;26.25
2100.00;2400.00;2304.00;27.77;E0_1_1100m;5.00;192;192;11.52;27.88
2100.00;2400.00;1812.00;26.07;E0_0_1200m;5.00;151;151;9.66;26.15
2100.00;2400.00;2304.00;27.70;E0_1_1200m;5.00;192;192;11.55;27.79
2100.00;2400.00;1824.00;26.05;E0_0_1300m;5.00;152;152;9.72;26.15
2100.00;2400.00;2316.00;27.53;E0_1_1300m;5.00;193;192;11.69;27.61
2100.00;2400.00;1836.00;25.94;E0_0_1400m;5.00;153;153;9.83;26.03
2100.00;2400.00;2340.00;27.39;E0_1_1400m;5.00;195;195;11.86;27.46
2100.00;2400.00;1836.00;25.95;E0_0_1500m;5.00;153;152;9.78;26.02
2100.00;2400.00;2352.00;27.26;E0_1_1500m;5.00;196;196;11.98;27.33
2100.00;2400.00;1812.00;25.98;E0_0_1600m;5.00;151;151;9.69;26.05
2100.00;2400.00;2376.00;27.13;E0_1_1600m;5.00;198;198;12.17;27.18
2100.00;2400.00;1788.00;25.94;E0_0_1700m;5.00;149;149;9.57;26.01
2100.00;2400.00;2340.00;27.00;E0_1_1700m;5.00;195;195;12.04;27.05
2100.00;2400.00;1800.00;25.84;E0_0_1800m;5.00;150;150;9.67;25.90
2100.00;2400.00;2340.00;27.00;E0_1_1800m;5.00;195;195;12.04;27.05
2100.00;2400.00;1824.00;25.68;E0_0_1900m;5.00;152;153;9.90;25.74
2100.00;2400.00;2316.00;27.06;E0_1_1900m;5.00;193;193;11.89;27.12
2100.00;2400.00;1824.00;25.71;E0_0_2000m;5.00;152;152;9.85;25.77
2100.00;2400.00;2304.00;27.17;E0_1_2000m;5.00;192;192;11.78;27.24
2100.00;2400.00;1812.00;25.74;E0_0_2100m;5.00;151;151;9.78;25.80
2100.00;2400.00;2304.00;27.21;E0_1_2100m;5.00;192;191;11.75;27.28
2100.00;2400.00;1824.00;25.85;E0_0_2200m;5.00;152;152;9.80;25.92
2100.00;2400.00;2292.00;27.22;E0_1_2200m;5.00;191;191;11.70;27.30
2100.00;2400.00;1848.00;25.80;E0_0_2300m;5.00;154;154;9.95;25.87
2100.00;2400.00;2280.00;27.19;E0_1_2300m;5.00;190;190;11.65;27.27
2100.00;2400.00;1860.00;25.69;E0_0_2400m;5.00;155;154;10.01;25.76
2100.00;2400.00;2316.00;27.16;E0_1_2400m;5.00;193;193;11.84;27.23
2100.00;2400.00;1872.00;25.59;E0_0_2500m;5.00;156;156;10.16;25.64
2100.00;2400.00;2316.00;27.03;E0_1_2500m;5.00;193;193;11.90;27.09
2100.00;2400.00;1860.00;25.40;E0_0_2600m;5.00;155;155;10.17;25.44
2100.00;2400.00;2316.00;26.72;E0_1_2600m;5.00;193;193;12.04;26.79
2100.00;2400.00;1884.00;24.91;E0_0_2700m;5.00;157;157;10.50;24.96
2100.00;2400.00;2304.00;26.24;E0_1_2700m;5.00;192;192;12.19;26.31
2100.00;2400.00;1908.00;24.12;E0_0_2800m;5.00;159;159;10.99;24.20
2100.00;2400.00;2304.00;25.40;E0_1_2800m;5.00;192;192;12.56;25.48
2100.00;2400.00;1920.00;23.09;E0_0_2900m;5.00;160;160;11.55;23.19
2100.00;2400.00;2304.00;24.27;E0_1_2900m;5.00;192;192;13.18;24.35
2100.00;2400.00;1908.00;21.73;E0_0_3000m;5.00;159;160;12.20;21.78
2100.00;2400.00;2304.00;22.83;E0_1_3000m;5.00;192;192;14.02;22.88
2100.00;2400.00;1956.00;21.76;E0_0_3100m;5.00;163;163;12.48;21.79
2100.00;2400.00;2268.00;22.64;E0_1_3100m;5.00;189;188;13.86;22.69
2100.00;2400.00;2052.00;21.93;E0_0_3200m;5.00;171;170;12.93;21.95
2100.00;2400.00;2184.00;22.65;E0_1_3200m;5.00;182;182;13.39;22.70
2100.00;2400.00;2088.00;21.99;E0_0_3300m;5.00;174;174;13.19;22.01
2100.00;2400.00;2208.00;22.57;E0_1_3300m;5.00;184;184;13.59;22.61
2100.00;2400.00;2088.00;22.05;E0_0_3400m;5.00;174;174;13.15;22.08
2100.00;2400.00;2184.00;22.52;E0_1_3400m;5.00;182;183;13.52;22.56
2100.00;2400.00;2076.00;22.06;E0_0_3500m;5.00;173;174;13.10;22.07
2100.00;2400.00;2136.00;22.50;E0_1_3500m;5.00;178;179;13.19;22.55
2100.00;2400.00;2040.00;22.00;E0_0_3600m;5.00;170;170;12.88;22.02
2100.00;2400.00;2160.00;22.51;E0_1_3600m;5.00;180;181;13.36;22.56
2100.00;2400.00;2040.00;21.72;E0_0_3700m;5.00;170;170;13.04;21.76
2100.00;2400.00;2136.00;22.52;E0_1_3700m;5.00;178;178;13.17;22.56
2100.00;2400.00;2040.00;21.58;E0_0_3800m;5.00;170;170;13.13;21.63
2100.00;2400.00;2088.00;22.56;E0_1_3800m;5.00;174;174;12.86;22.61
2100.00;2400.00;2004.00;21.68;E0_0_3900m;5.00;167;167;12.84;21.73
2100.00;2400.00;2088.00;22.57;E0_1_3900m;5.00;174;174;12.85;22.62
2100.00;2400.00;2004.00;22.71;E0_0_4000m;5.00;167;167;12.26;22.76
2100.00;2400.00;2088.00;23.99;E0_1_4000m;5.00;174;174;12.09;24.12
2100.00;2400.00;1944.00;25.60;E0_0_4100m;5.00;162;162;10.55;25.75
2100.00;2400.00;2124.00;27.41;E0_1_4100m;5.00;177;177;10.76;27.53
2100.00;2400.00;1944.00;25.85;E0_0_4200m;5.00;162;163;10.49;26.02
2100.00;2400.00;2112.00;27.77;E0_1_4200m;5.00;176;177;10.62;27.97
2100.00;2400.00;1896.00;25.69;E0_0_4300m;5.00;158;159;10.31;25.87
2100.00;2400.00;2148.00;27.77;E0_1_4300m;5.00;179;178;10.72;27.98
2100.00;2400.00;1920.00;25.73;E0_0_4400m;5.00;160;159;10.31;25.90
2100.00;2400.00;2124.00;27.70;E0_1_4400m;5.00;177;177;10.65;27.91
2100.00;2400.00;1860.00;25.56;E0_0_4500m;5.00;155;155;10.11;25.70
2100.00;2400.00;2172.00;27.64;E0_1_4500m;5.00;181;181;10.91;27.85
2100.00;2400.00;1884.00;25.40;E0_0_4600m;5.00;157;157;10.30;25.53
2100.00;2400.00;2172.00;27.59;E0_1_4600m;5.00;181;181;10.94;27.79
2100.00;2400.00;1872.00;25.14;E0_0_4700m;5.00;156;156;10.34;25.27
2100.00;2400.00;2196.00;27.48;E0_1_4700m;5.00;183;184;11.14;27.65
2100.00;2400.00;1872.00;25.02;E0_0_4800m;5.00;156;156;10.39;25.15
2100.00;2400.00;2220.00;27.40;E0_1_4800m;5.00;185;185;11.25;27.55
2100.00;2400.00;1896.00;24.94;E0_0_4900m;5.00;158;157;10.50;25.06
2100.00;2400.00;2244.00;27.37;E0_1_4900m;5.00;187;187;11.39;27.50
2100.00;2400.00;1884.00;25.00;E0_0_5000m;5.00;157;157;10.47;25.12
2100.00;2400.00;2244.00;27.23;E0_1_5000m;5.00;187;187;11.45;27.36
2400.00;2700.00;0.00;-1.00;E0_0_0m;-1.00;0;0;0.00;-1.00
2400.00;2700.00;0.00;-1.00;E0_1_0m;-1.00;0;0;0.00;-1.00
2400.00;2700.00;1824.00;25.81;E0_0_100m;5.00;152;152;9.82;25.94
2400.00;2700.00;2208.00;26.96;E0_1_100m;5.00;184;183;11.37;27.07
2400.00;2700.00;1836.00;26.05;E0_0_200m;5.00;153;154;9.85;26.21
2400.00;2700.00;2172.00;27.85;E0_1_200m;5.00;181;181;10.83;27.97
2400.00;2700.00;1848.00;26.05;E0_0_300m;5.00;154;155;9.91;26.22
2400.00;2700.00;2160.00;27.90;E0_1_300m;5.00;180;181;10.76;28.02
2400.00;2700.00;1836.00;26.18;E0_0_400m;5.00;153;153;9.74;26.34
2400.00;2700.00;2160.00;27.91;E0_1_400m;5.00;180;181;10.81;28.04
2400.00;2700.00;1812.00;26.18;E0_0_500m;5.00;151;152;9.68;26.33
2400.00;2700.00;2184.00;27.91;E0_1_500m;5.00;182;182;10.87;28.01
2400.00;2700.00;1800.00;25.98;E0_0_600m;5.00;150;150;9.62;26.14
2400.00;2700.00;2184.00;27.86;E0_1_600m;5.00;182;182;10.89;27.96
2400.00;2700.00;1800.00;25.76;E0_0_700m;5.00;150;150;9.71;25.93
2400.00;2700.00;2184.00;27.59;E0_1_700m;5.00;182;182;10.99;27.70
2400.00;2700.00;1776.00;25.70;E0_0_800m;5.00;148;148;9.60;25.87
2400.00;2700.00;2196.00;27.44;E0_1_800m;5.00;183;183;11.12;27.56
2400.00;2700.00;1728.00;25.49;E0_0_900m;5.00;144;144;9.41;25.66
2400.00;2700.00;2196.00;27.48;E0_1_900m;5.00;183;183;11.10;27.59
2400.00;2700.00;1764.00;25.32;E0_0_1000m;5.00;147;147;9.67;25.51
2400.00;2700.00;2148.00;27.59;E0_1_1000m;5.00;179;180;10.85;27.70
2400.00;2700.00;1812.00;25.19;E0_0_1100m;5.00;151;151;9.99;25.37
2400.00;2700.00;2172.00;27.59;E0_1_1100m;5.00;181;181;10.94;27.71
2400.00;2700.00;1800.00;25.14;E0_0_1200m;5.00;150;150;9.94;25.34
2400.00;2700.00;2196.00;27.40;E0_1_1200m;5.00;183;183;11.13;27.52
2400.00;2700.00;1800.00;24.87;E0_0_1300m;5.00;150;150;10.05;25.04
2400.00;2700.00;2172.00;27.12;E0_1_1300m;5.00;181;181;11.12;27.24
2400.00;2700.00;1776.00;24.83;E0_0_1400m;5.00;148;148;9.93;24.98
2400.00;2700.00;2172.00;26.88;E0_1_1400m;5.00;181;181;11.22;27.04
2400.00;2700.00;1752.00;24.77;E0_0_1500m;5.00;146;146;9.82;24.91
2400.00;2700.00;2172.00;26.75;E0_1_1500m;5.00;181;181;11.28;26.95
2400.00;2700.00;1752.00;24.70;E0_0_1600m;5.00;146;146;9.85;24.84
2400.00;2700.00;2172.00;26.64;E0_1_1600m;5.00;181;181;11.32;26.88
2400.00;2700.00;1728.00;24.64;E0_0_1700m;5.00;144;145;9.77;24.78
2400.00;2700.00;2184.00;26.54;E0_1_1700m;5.00;182;182;11.43;26.79
2400.00;2700.00;1716.00;24.54;E0_0_1800m;5.00;143;143;9.71;24.69
2400.00;2700.00;2160.00;26.45;E0_1_1800m;5.00;180;180;11.34;26.70
2400.00;2700.00;1728.00;24.55;E0_0_1900m;5.00;144;143;9.74;24.69
2400.00;2700.00;2160.00;26.44;E0_1_1900m;5.00;180;180;11.34;26.71
2400.00;2700.00;1716.00;24.42;E0_0_2000m;5.00;143;143;9.76;24.55
2400.00;2700.00;2148.00;26.42;E0_1_2000m;5.00;179;180;11.31;26.70
2400.00;2700.00;1728.00;24.19;E0_0_2100m;5.00;144;144;9.92;24.30
2400.00;2700.00;2148.00;26.17;E0_1_2100m;5.00;179;180;11.44;26.48
2400.00;2700.00;1752.00;23.81;E0_0_2200m;5.00;146;146;10.22;23.93
2400.00;2700.00;2136.00;25.73;E0_1_2200m;5.00;178;178;11.53;26.10
2400.00;2700.00;1764.00;23.40;E0_0_2300m;5.00;147;147;10.47;23.62
2400.00;2700.00;2124.00;25.07;E0_1_2300m;5.00;177;178;11.83;25.50
2400.00;2700.00;1764.00;22.72;E0_0_2400m;5.00;147;147;10.78;22.95
2400.00;2700.00;2112.00;24.26;E0_1_2400m;5.00;176;176;12.09;24.81
2400.00;2700.00;1776.00;22.17;E0_0_2500m;5.00;148;148;11.13;22.47
2400.00;2700.00;2136.00;23.58;E0_1_2500m;5.00;178;178;12.58;24.27
2400.00;2700.00;1764.00;21.58;E0_0_2600m;5.00;147;147;11.35;21.93
2400.00;2700.00;2184.00;22.91;E0_1_2600m;5.00;182;182;13.24;23.69
2400.00;2700.00;1776.00;20.91;E0_0_2700m;5.00;148;148;11.80;21.27
2400.00;2700.00;2196.00;22.13;E0_1_2700m;5.00;183;183;13.78;22.94
2400.00;2700.00;1776.00;20.04;E0_0_2800m;5.00;148;148;12.31;20.34
2400.00;2700.00;2220.00;21.01;E0_1_2800m;5.00;185;184;14.65;21.55
2400.00;2700.00;1752.00;18.88;E0_0_2900m;5.00;146;146;12.89;19.01
2400.00;2700.00;2208.00;19.55;E0_1_2900m;5.00;184;184;15.69;19.76
2400.00;2700.00;1728.00;17.52;E0_0_3000m;5.00;144;144;13.71;17.57
2400.00;2700.00;2220.00;18.19;E0_1_3000m;5.00;185;185;16.95;18.23
2400.00;2700.00;1860.00;17.45;E0_0_3100m;5.00;155;155;14.80;17.54
2400.00;2700.00;2076.00;18.19;E0_1_3100m;5.00;173;175;15.96;18.25
2400.00;2700.00;1860.00;17.63;E0_0_3200m;5.00;155;155;14.65;17.66
2400.00;2700.00;2052.00;18.16;E0_1_3200m;5.00;171;171;15.78;18.23
2400.00;2700.00;1848.00;17.72;E0_0_3300m;5.00;154;154;14.49;17.73
2400.00;2700.00;2028.00;18.03;E0_1_3300m;5.00;169;169;15.62;18.06
2400.00;2700.00;1860.00;17.71;E0_0_3400m;5.00;155;155;14.59;17.72
2400.00;2700.00;2016.00;17.98;E0_1_3400m;5.00;168;167;15.52;18.01
2400.00;2700.00;1872.00;17.68;E0_0_3500m;5.00;156;155;14.68;17.70
2400.00;2700.00;2028.00;17.97;E0_1_3500m;5.00;169;169;15.67;18.00
2400.00;2700.00;1896.00;17.78;E0_0_3600m;5.00;158;159;14.86;17.79
2400.00;2700.00;2004.00;17.99;E0_1_3600m;5.00;167;166;15.44;18.02
2400.00;2700.00;1896.00;17.75;E0_0_3700m;5.00;158;158;14.83;17.76
2400.00;2700.00;2004.00;17.94;E0_1_3700m;5.00;167;168;15.58;17.95
2400.00;2700.00;1872.00;17.69;E0_0_3800m;5.00;156;156;14.70;17.70
2400.00;2700.00;2004.00;17.89;E0_1_3800m;5.00;167;167;15.55;17.90
2400.00;2700.00;1884.00;17.60;E0_0_3900m;5.00;157;157;14.87;17.62
2400.00;2700.00;1956.00;17.89;E0_1_3900m;5.00;163;163;15.18;17.90
2400.00;2700.00;1872.00;18.65;E0_0_4000m;5.00;156;156;13.94;18.75
2400.00;2700.00;1932.00;19.48;E0_1_4000m;5.00;161;162;13.80;19.67
2400.00;2700.00;1764.00;25.95;E0_0_4100m;5.00;147;147;9.44;26.05
2400.00;2700.00;2040.00;26.88;E0_1_4100m;5.00;170;171;10.56;26.96
2400.00;2700.00;1788.00;26.61;E0_0_4200m;5.00;149;148;9.29;26.76
2400.00;2700.00;2040.00;27.85;E0_1_4200m;5.00;170;169;10.12;28.01
2400.00;2700.00;1776.00;26.68;E0_0_4300m;5.00;148;147;9.19;26.84
2400.00;2700.00;2052.00;27.88;E0_1_4300m;5.00;171;172;10.24;28.08
2400.00;2700.00;1776.00;26.58;E0_0_4400m;5.00;148;148;9.28;26.71
2400.00;2700.00;2064.00;27.73;E0_1_4400m;5.00;172;172;10.34;27.93
2400.00;2700.00;1800.00;26.22;E0_0_4500m;5.00;150;150;9.54;26.35
2400.00;2700.00;2064.00;27.54;E0_1_4500m;5.00;172;172;10.41;27.73
2400.00;2700.00;1776.00;25.91;E0_0_4600m;5.00;148;148;9.52;26.06
2400.00;2700.00;2076.00;27.42;E0_1_4600m;5.00;173;173;10.52;27.63
2400.00;2700.00;1800.00;25.99;E0_0_4700m;5.00;150;150;9.62;26.12
2400.00;2700.00;2064.00;27.31;E0_1_4700m;5.00;172;171;10.45;27.53
2400.00;2700.00;1824.00;25.87;E0_0_4800m;5.00;152;152;9.79;26.02
2400.00;2700.00;2040.00;27.31;E0_1_4800m;5.00;170;171;10.38;27.54
2400.00;2700.00;1812.00;25.92;E0_0_4900m;5.00;151;151;9.71;26.05
2400.00;2700.00;2028.00;27.24;E0_1_4900m;5.00;169;169;10.34;27.48
2400.00;2700.00;1824.00;25.80;E0_0_5000m;5.00;152;152;9.82;25.92
2400.00;2700.00;2028.00;27.30;E0_1_5000m;5.00;169;169;10.32;27.54
2700.00;3000.00;0.00;-1.00;E0_0_0m;-1.00;0;0;0.00;-1.00
2700.00;3000.00;0.00;-1.00;E0_1_0m;-1.00;0;0;0.00;-1.00
2700.00;3000.00;1920.00;25.02;E0_0_100m;5.00;160;160;10.66;25.25
2700.00;3000.00;2184.00;27.30;E0_1_100m;5.00;182;182;11.11;27.42
2700.00;3000.00;1980.00;25.12;E0_0_200m;5.00;165;164;10.88;25.43
2700.00;3000.00;2160.00;27.91;E0_1_200m;5.00;180;182;10.84;28.08
2700.00;3000.00;1992.00;24.99;E0_0_300m;5.00;166;165;11.02;25.34
2700.00;3000.00;2208.00;27.97;E0_1_300m;5.00;184;183;10.96;28.13
2700.00;3000.00;2016.00;24.60;E0_0_400m;5.00;168;168;11.38;24.97
2700.00;3000.00;2244.00;27.88;E0_1_400m;5.00;187;186;11.12;28.02
2700.00;3000.00;1992.00;24.28;E0_0_500m;5.00;166;165;11.33;24.66
2700.00;3000.00;2268.00;27.74;E0_1_500m;5.00;189;189;11.35;27.85
2700.00;3000.00;1992.00;23.99;E0_0_600m;5.00;166;166;11.53;24.38
2700.00;3000.00;2256.00;27.67;E0_1_600m;5.00;188;189;11.33;27.77
2700.00;3000.00;1992.00;23.87;E0_0_700m;5.00;166;166;11.59;24.26
2700.00;3000.00;2292.00;27.66;E0_1_700m;5.00;191;191;11.51;27.77
2700.00;3000.00;2004.00;23.84;E0_0_800m;5.00;167;167;11.68;24.24
2700.00;3000.00;2304.00;27.63;E0_1_800m;5.00;192;192;11.58;27.75
2700.00;3000.00;2004.00;23.87;E0_0_900m;5.00;167;167;11.66;24.28
2700.00;3000.00;2304.00;27.55;E0_1_900m;5.00;192;192;11.62;27.65
2700.00;3000.00;2028.00;23.88;E0_0_1000m;5.00;169;169;11.79;24.29
2700.00;3000.00;2304.00;27.55;E0_1_1000m;5.00;192;193;11.64;27.63
2700.00;3000.00;2004.00;23.87;E0_0_1100m;5.00;167;167;11.66;24.26
2700.00;3000.00;2292.00;27.60;E0_1_1100m;5.00;191;191;11.53;27.68
2700.00;3000.00;2004.00;23.91;E0_0_1200m;5.00;167;167;11.64;24.28
2700.00;3000.00;2328.00;27.61;E0_1_1200m;5.00;194;194;11.71;27.68
2700.00;3000.00;2004.00;23.95;E0_0_1300m;5.00;167;168;11.68;24.27
2700.00;3000.00;2340.00;27.55;E0_1_1300m;5.00;195;195;11.80;27.61
2700.00;3000.00;1980.00;23.95;E0_0_1400m;5.00;165;165;11.48;24.24
2700.00;3000.00;2364.00;27.37;E0_1_1400m;5.00;197;197;12.00;27.41
2700.00;3000.00;2016.00;24.07;E0_0_1500m;5.00;168;168;11.63;24.34
2700.00;3000.00;2328.00;27.25;E0_1_1500m;5.00;194;194;11.86;27.29
2700.00;3000.00;1980.00;24.10;E0_0_1600m;5.00;165;166;11.44;24.35
2700.00;3000.00;2340.00;27.17;E0_1_1600m;5.00;195;195;11.96;27.21
2700.00;3000.00;1992.00;24.17;E0_0_1700m;5.00;166;165;11.41;24.40
2700.00;3000.00;2340.00;27.10;E0_1_1700m;5.00;195;195;11.99;27.14
2700.00;3000.00;1956.00;24.09;E0_0_1800m;5.00;163;163;11.28;24.33
2700.00;3000.00;2340.00;27.03;E0_1_1800m;5.00;195;196;12.08;27.07
2700.00;3000.00;1932.00;23.89;E0_0_1900m;5.00;161;161;11.23;24.13
2700.00;3000.00;2328.00;26.93;E0_1_1900m;5.00;194;194;12.01;26.96
2700.00;3000.00;1932.00;23.80;E0_0_2000m;5.00;161;162;11.29;24.04
2700.00;3000.00;2328.00;26.80;E0_1_2000m;5.00;194;193;12.05;26.83
2700.00;3000.00;1908.00;23.75;E0_0_2100m;5.00;159;159;11.16;24.00
2700.00;3000.00;2352.00;26.62;E0_1_2100m;5.00;196;195;12.24;26.66
2700.00;3000.00;1932.00;23.41;E0_0_2200m;5.00;161;161;11.46;23.71
2700.00;3000.00;2340.00;26.43;E0_1_2200m;5.00;195;195;12.30;26.48
2700.00;3000.00;1944.00;22.93;E0_0_2300m;5.00;162;162;11.77;23.31
2700.00;3000.00;2364.00;26.10;E0_1_2300m;5.00;197;197;12.58;26.20
2700.00;3000.00;1956.00;22.27;E0_0_2400m;5.00;163;163;12.20;22.70
2700.00;3000.00;2340.00;25.58;E0_1_2400m;5.00;195;195;12.70;25.78
2700.00;3000.00;1920.00;21.60;E0_0_2500m;5.00;160;161;12.40;22.09
2700.00;3000.00;2304.00;24.77;E0_1_2500m;5.00;192;192;12.92;25.10
2700.00;3000.00;1944.00;20.96;E0_0_2600m;5.00;162;162;12.88;21.51
2700.00;3000.00;2268.00;23.80;E0_1_2600m;5.00;189;189;13.23;24.28
2700.00;3000.00;1920.00;20.26;E0_0_2700m;5.00;160;160;13.16;20.86
2700.00;3000.00;2280.00;22.92;E0_1_2700m;5.00;190;190;13.82;23.48
2700.00;3000.00;1932.00;19.45;E0_0_2800m;5.00;161;161;13.80;20.00
2700.00;3000.00;2220.00;21.61;E0_1_2800m;5.00;185;185;14.27;22.13
2700.00;3000.00;1944.00;18.54;E0_0_2900m;5.00;162;163;14.57;18.88
2700.00;3000.00;2220.00;20.16;E0_1_2900m;5.00;185;185;15.29;20.54
2700.00;3000.00;1980.00;17.29;E0_0_3000m;5.00;165;165;15.91;17.38
2700.00;3000.00;2208.00;18.49;E0_1_3000m;5.00;184;184;16.59;18.63
2700.00;3000.00;2016.00;17.20;E0_0_3100m;5.00;168;170;16.34;17.26
2700.00;3000.00;2172.00;18.25;E0_1_3100m;5.00;181;182;16.58;18.37
2700.00;3000.00;2052.00;17.29;E0_0_3200m;5.00;171;171;16.48;17.33
2700.00;3000.00;2172.00;18.16;E0_1_3200m;5.00;181;180;16.52;18.24
2700.00;3000.00;2040.00;17.41;E0_0_3300m;5.00;170;170;16.27;17.44
2700.00;3000.00;2124.00;18.06;E0_1_3300m;5.00;177;177;16.34;18.09
2700.00;3000.00;2040.00;17.49;E0_0_3400m;5.00;170;170;16.20;17.50
2700.00;3000.00;2112.00;17.97;E0_1_3400m;5.00;176;176;16.32;17.98
2700.00;3000.00;2040.00;17.37;E0_0_3500m;5.00;170;170;16.31;17.39
2700.00;3000.00;2076.00;17.94;E0_1_3500m;5.00;173;173;16.07;17.95
2700.00;3000.00;2028.00;17.37;E0_0_3600m;5.00;169;168;16.17;17.39
2700.00;3000.00;2100.00;17.91;E0_1_3600m;5.00;175;175;16.29;17.91
2700.00;3000.00;2004.00;17.44;E0_0_3700m;5.00;167;167;15.96;17.46
2700.00;3000.00;2100.00;17.89;E0_1_3700m;5.00;175;174;16.24;17.89
2700.00;3000.00;2016.00;17.54;E0_0_3800m;5.00;168;168;15.97;17.55
2700.00;3000.00;2076.00;17.88;E0_1_3800m;5.00;173;173;16.12;17.88
2700.00;3000.00;2004.00;17.54;E0_0_3900m;5.00;167;167;15.87;17.56
2700.00;3000.00;2076.00;17.96;E0_1_3900m;5.00;173;174;16.13;17.98
2700.00;3000.00;2016.00;18.70;E0_0_4000m;5.00;168;169;14.99;18.78
2700.00;3000.00;2088.00;19.83;E0_1_4000m;5.00;174;174;14.62;20.05
2700.00;3000.00;1992.00;25.45;E0_0_4100m;5.00;166;167;10.91;25.59
2700.00;3000.00;2112.00;27.23;E0_1_4100m;5.00;176;176;10.80;27.28
2700.00;3000.00;1944.00;26.08;E0_0_4200m;5.00;162;163;10.37;26.30
2700.00;3000.00;2148.00;28.28;E0_1_4200m;5.00;179;180;10.60;28.43
2700.00;3000.00;1932.00;25.85;E0_0_4300m;5.00;161;162;10.42;26.07
2700.00;3000.00;2172.00;28.50;E0_1_4300m;5.00;181;180;10.57;28.63
2700.00;3000.00;1944.00;25.46;E0_0_4400m;5.00;162;163;10.65;25.67
2700.00;3000.00;2148.00;28.41;E0_1_4400m;5.00;179;179;10.50;28.54
2700.00;3000.00;1920.00;25.12;E0_0_4500m;5.00;160;160;10.62;25.31
2700.00;3000.00;2160.00;28.28;E0_1_4500m;5.00;180;180;10.61;28.39
2700.00;3000.00;1932.00;24.80;E0_0_4600m;5.00;161;161;10.82;24.99
2700.00;3000.00;2172.00;28.15;E0_1_4600m;5.00;181;181;10.72;28.24
2700.00;3000.00;1884.00;24.69;E0_0_4700m;5.00;157;158;10.64;24.87
2700.00;3000.00;2208.00;27.90;E0_1_4700m;5.00;184;184;10.99;28.00
2700.00;3000.00;1896.00;24.53;E0_0_4800m;5.00;158;158;10.74;24.71
2700.00;3000.00;2196.00;27.82;E0_1_4800m;5.00;183;183;10.96;27.90
2700.00;3000.00;1884.00;24.39;E0_0_4900m;5.00;157;157;10.73;24.58
2700.00;3000.00;2196.00;27.72;E0_1_4900m;5.00;183;183;11.00;27.81
2700.00;3000.00;1884.00;24.36;E0_0_5000m;5.00;157;157;10.74;24.55
2700.00;3000.00;2196.00;27.66;E0_1_5000m;5.00;183;183;11.03;27.75
3000.00;3300.00;0.00;-1.00;E0_0_0m;-1.00;0;0;0.00;-1.00
3000.00;3300.00;0.00;-1.00;E0_1_0m;-1.00;0;0;0.00;-1.00
3000.00;3300.00;1812.00;25.84;E0_0_100m;5.00;151;151;9.74;25.95
3000.00;3300.00;2436.00;26.52;E0_1_100m;5.00;203;203;12.76;26.60
3000.00;3300.00;1872.00;26.21;E0_0_200m;5.00;156;156;9.92;26.31
3000.00;3300.00;2364.00;27.07;E0_1_200m;5.00;197;196;12.07;27.18
3000.00;3300.00;1872.00;26.37;E0_0_300m;5.00;156;156;9.86;26.45
3000.00;3300.00;2316.00;27.14;E0_1_300m;5.00;193;193;11.85;27.22
3000.00;3300.00;1848.00;26.33;E0_0_400m;5.00;154;154;9.75;26.40
3000.00;3300.00;2304.00;27.25;E0_1_400m;5.00;192;192;11.75;27.31
3000.00;3300.00;1860.00;26.36;E0_0_500m;5.00;155;155;9.80;26.43
3000.00;3300.00;2268.00;27.32;E0_1_500m;5.00;189;189;11.53;27.37
3000.00;3300.00;1908.00;26.29;E0_0_600m;5.00;159;159;10.08;26.35
3000.00;3300.00;2244.00;27.41;E0_1_600m;5.00;187;186;11.36;27.46
3000.00;3300.00;1932.00;26.27;E0_0_700m;5.00;161;161;10.22;26.33
3000.00;3300.00;2232.00;27.51;E0_1_700m;5.00;186;186;11.27;27.59
3000.00;3300.00;1896.00;26.22;E0_0_800m;5.00;158;159;10.11;26.30
3000.00;3300.00;2244.00;27.57;E0_1_800m;5.00;187;187;11.30;27.65
3000.00;3300.00;1920.00;26.07;E0_0_900m;5.00;160;160;10.23;26.15
3000.00;3300.00;2220.00;27.63;E0_1_900m;5.00;185;185;11.16;27.71
3000.00;3300.00;1896.00;26.03;E0_0_1000m;5.00;158;158;10.12;26.10
3000.00;3300.00;2256.00;27.65;E0_1_1000m;5.00;188;187;11.30;27.74
3000.00;3300.00;1860.00;26.03;E0_0_1100m;5.00;155;156;9.95;26.11
3000.00;3300.00;2256.00;27.66;E0_1_1100m;5.00;188;188;11.33;27.76
3000.00;3300.00;1884.00;26.03;E0_0_1200m;5.00;157;157;10.05;26.10
3000.00;3300.00;2232.00;27.65;E0_1_1200m;5.00;186;186;11.21;27.73
3000.00;3300.00;1860.00;25.97;E0_0_1300m;5.00;155;156;9.92;26.04
3000.00;3300.00;2232.00;27.54;E0_1_1300m;5.00;186;186;11.25;27.64
3000.00;3300.00;1848.00;25.99;E0_0_1400m;5.00;154;154;9.88;26.07
3000.00;3300.00;2232.00;27.65;E0_1_1400m;5.00;186;187;11.22;27.73
3000.00;3300.00;1872.00;25.96;E0_0_1500m;5.00;156;156;10.02;26.05
3000.00;3300.00;2232.00;27.67;E0_1_1500m;5.00;186;186;11.20;27.75
3000.00;3300.00;1872.00;25.88;E0_0_1600m;5.00;156;155;10.02;25.97
3000.00;3300.00;2256.00;27.63;E0_1_1600m;5.00;188;188;11.34;27.71
3000.00;3300.00;1848.00;25.81;E0_0_1700m;5.00;154;154;9.94;25.90
3000.00;3300.00;2280.00;27.61;E0_1_1700m;5.00;190;190;11.47;27.67
3000.00;3300.00;1872.00;25.86;E0_0_1800m;5.00;156;157;10.09;25.95
3000.00;3300.00;2268.00;27.60;E0_1_1800m;5.00;189;189;11.40;27.67
3000.00;3300.00;1896.00;25.86;E0_0_1900m;5.00;158;158;10.18;25.96
3000.00;3300.00;2256.00;27.64;E0_1_1900m;5.00;188;188;11.34;27.72
3000.00;3300.00;1908.00;25.77;E0_0_2000m;5.00;159;158;10.28;25.87
3000.00;3300.00;2256.00;27.60;E0_1_2000m;5.00;188;188;11.35;27.68
3000.00;3300.00;1896.00;25.61;E0_0_2100m;5.00;158;158;10.28;25.71
3000.00;3300.00;2244.00;27.61;E0_1_2100m;5.00;187;187;11.29;27.67
3000.00;3300.00;1896.00;25.49;E0_0_2200m;5.00;158;158;10.33;25.58
3000.00;3300.00;2220.00;27.62;E0_1_2200m;5.00;185;185;11.16;27.68
3000.00;3300.00;1884.00;25.36;E0_0_2300m;5.00;157;157;10.32;25.46
3000.00;3300.00;2184.00;27.66;E0_1_2300m;5.00;182;183;11.00;27.71
3000.00;3300.00;1860.00;25.37;E0_0_2400m;5.00;155;155;10.18;25.47
3000.00;3300.00;2196.00;27.63;E0_1_2400m;5.00;183;183;11.04;27.69
3000.00;3300.00;1884.00;25.20;E0_0_2500m;5.00;157;156;10.33;25.33
3000.00;3300.00;2184.00;27.40;E0_1_2500m;5.00;182;182;11.07;27.49
3000.00;3300.00;1872.00;24.52;E0_0_2600m;5.00;156;156;10.60;24.73
3000.00;3300.00;2172.00;26.68;E0_1_2600m;5.00;181;181;11.30;26.86
3000.00;3300.00;1860.00;23.28;E0_0_2700m;5.00;155;155;11.10;23.58
3000.00;3300.00;2172.00;25.25;E0_1_2700m;5.00;181;181;11.95;25.59
3000.00;3300.00;1884.00;21.67;E0_0_2800m;5.00;157;158;12.08;22.03
3000.00;3300.00;2136.00;23.27;E0_1_2800m;5.00;178;178;12.75;23.78
3000.00;3300.00;1860.00;19.46;E0_0_2900m;5.00;155;155;13.30;19.78
3000.00;3300.00;2160.00;20.98;E0_1_2900m;5.00;180;180;14.30;21.41
3000.00;3300.00;1836.00;17.59;E0_0_3000m;5.00;153;154;14.53;17.66
3000.00;3300.00;2184.00;18.44;E0_1_3000m;5.00;182;182;16.45;18.52
3000.00;3300.00;1896.00;17.42;E0_0_3100m;5.00;158;157;15.05;17.45
3000.00;3300.00;2112.00;18.10;E0_1_3100m;5.00;176;175;16.16;18.13
3000.00;3300.00;1932.00;17.48;E0_0_3200m;5.00;161;161;15.35;17.50
3000.00;3300.00;2040.00;18.11;E0_1_3200m;5.00;170;170;15.65;18.16
3000.00;3300.00;1956.00;17.58;E0_0_3300m;5.00;163;163;15.46;17.59
3000.00;3300.00;2028.00;18.11;E0_1_3300m;5.00;169;170;15.56;18.20
3000.00;3300.00;1956.00;17.66;E0_0_3400m;5.00;163;163;15.38;17.67
3000.00;3300.00;2028.00;18.06;E0_1_3400m;5.00;169;169;15.60;18.12
3000.00;3300.00;1956.00;17.74;E0_0_3500m;5.00;163;163;15.32;17.74
3000.00;3300.00;2028.00;18.01;E0_1_3500m;5.00;169;169;15.64;18.05
3000.00;3300.00;1956.00;17.72;E0_0_3600m;5.00;163;164;15.37;17.73
3000.00;3300.00;1992.00;17.99;E0_1_3600m;5.00;166;167;15.45;18.03
3000.00;3300.00;1980.00;17.70;E0_0_3700m;5.00;165;165;15.53;17.71
3000.00;3300.00;1992.00;18.00;E0_1_3700m;5.00;166;166;15.37;18.04
3000.00;3300.00;2004.00;17.71;E0_0_3800m;5.00;167;167;15.72;17.71
3000.00;3300.00;1980.00;17.96;E0_1_3800m;5.00;165;165;15.32;17.97
3000.00;3300.00;2004.00;17.62;E0_0_3900m;5.00;167;167;15.80;17.63
3000.00;3300.00;1992.00;17.93;E0_1_3900m;5.00;166;165;15.35;17.94
3000.00;3300.00;2016.00;18.67;E0_0_4000m;5.00;168;168;14.99;18.77
3000.00;3300.00;1956.00;19.38;E0_1_4000m;5.00;163;163;14.02;19.53
3000.00;3300.00;1980.00;26.07;E0_0_4100m;5.00;165;165;10.55;26.16
3000.00;3300.00;2004.00;27.53;E0_1_4100m;5.00;167;166;10.07;27.58
3000.00;3300.00;1932.00;27.06;E0_0_4200m;5.00;161;161;9.91;27.16
3000.00;3300.00;2076.00;28.90;E0_1_4200m;5.00;173;172;9.93;29.00
3000.00;3300.00;1968.00;27.08;E0_0_4300m;5.00;164;164;10.09;27.16
3000.00;3300.00;2076.00;28.97;E0_1_4300m;5.00;173;173;9.95;29.07
3000.00;3300.00;1992.00;27.04;E0_0_4400m;5.00;166;165;10.19;27.11
3000.00;3300.00;2064.00;28.80;E0_1_4400m;5.00;172;172;9.95;28.90
3000.00;3300.00;1992.00;26.82;E0_0_4500m;5.00;166;166;10.32;26.90
3000.00;3300.00;2100.00;28.61;E0_1_4500m;5.00;175;175;10.19;28.70
3000.00;3300.00;1992.00;26.72;E0_0_4600m;5.00;166;166;10.35;26.80
3000.00;3300.00;2064.00;28.44;E0_1_4600m;5.00;172;172;10.08;28.53
3000.00;3300.00;1992.00;26.62;E0_0_4700m;5.00;166;165;10.35;26.72
3000.00;3300.00;2076.00;28.29;E0_1_4700m;5.00;173;175;10.22;28.37
3000.00;3300.00;1980.00;26.53;E0_0_4800m;5.00;165;165;10.37;26.62
3000.00;3300.00;2112.00;28.25;E0_1_4800m;5.00;176;176;10.38;28.33
3000.00;3300.00;2004.00;26.42;E0_0_4900m;5.00;167;167;10.54;26.52
3000.00;3300.00;2148.00;28.30;E0_1_4900m;5.00;179;179;10.54;28.40
3000.00;3300.00;2028.00;26.24;E0_0_5000m;5.00;169;170;10.75;26.36
3000.00;3300.00;2148.00;28.27;E0_1_5000m;5.00;179;179;10.55;28.38
3300.00;3600.00;0.00;-1.00;E0_0_0m;-1.00;0;0;0.00;-1.00
3300.00;3600.00;0.00;-1.00;E0_1_0m;-1.00;0;0;0.00;-1.00
3300.00;3600.00;1536.00;25.13;E0_0_100m;5.00;128;129;8.51;25.26
3300.00;3600.00;2340.00;26.05;E0_1_100m;5.00;195;195;12.47;26.21
3300.00;3600.00;1620.00;25.23;E0_0_200m;5.00;135;135;8.92;25.37
3300.00;3600.00;2256.00;26.88;E0_1_200m;5.00;188;189;11.72;27.07
3300.00;3600.00;1644.00;25.47;E0_0_300m;5.00;137;137;8.97;25.59
3300.00;3600.00;2244.00;27.03;E0_1_300m;5.00;187;187;11.53;27.22
3300.00;3600.00;1632.00;25.57;E0_0_400m;5.00;136;136;8.87;25.66
3300.00;3600.00;2244.00;27.16;E0_1_400m;5.00;187;187;11.48;27.33
3300.00;3600.00;1620.00;25.58;E0_0_500m;5.00;135;135;8.80;25.69
3300.00;3600.00;2244.00;27.21;E0_1_500m;5.00;187;187;11.45;27.35
3300.00;3600.00;1680.00;25.59;E0_0_600m;5.00;140;140;9.12;25.71
3300.00;3600.00;2184.00;27.30;E0_1_600m;5.00;182;183;11.12;27.44
3300.00;3600.00;1668.00;25.63;E0_0_700m;5.00;139;139;9.04;25.75
3300.00;3600.00;2160.00;27.19;E0_1_700m;5.00;180;180;11.03;27.33
3300.00;3600.00;1704.00;25.58;E0_0_800m;5.00;142;141;9.19;25.70
3300.00;3600.00;2148.00;27.12;E0_1_800m;5.00;179;179;11.00;27.26
3300.00;3600.00;1668.00;25.68;E0_0_900m;5.00;139;139;9.02;25.78
3300.00;3600.00;2172.00;27.01;E0_1_900m;5.00;181;181;11.17;27.15
3300.00;3600.00;1644.00;25.75;E0_0_1000m;5.00;137;137;8.87;25.84
3300.00;3600.00;2184.00;27.00;E0_1_1000m;5.00;182;182;11.24;27.14
3300.00;3600.00;1656.00;25.80;E0_0_1100m;5.00;138;137;8.89;25.86
3300.00;3600.00;2196.00;26.95;E0_1_1100m;5.00;183;183;11.32;27.09
3300.00;3600.00;1620.00;25.71;E0_0_1200m;5.00;135;135;8.75;25.77
3300.00;3600.00;2184.00;26.89;E0_1_1200m;5.00;182;182;11.28;27.02
3300.00;3600.00;1632.00;25.65;E0_0_1300m;5.00;136;135;8.81;25.72
3300.00;3600.00;2160.00;26.83;E0_1_1300m;5.00;180;180;11.18;26.97
3300.00;3600.00;1644.00;25.57;E0_0_1400m;5.00;137;137;8.93;25.63
3300.00;3600.00;2160.00;26.73;E0_1_1400m;5.00;180;180;11.22;26.87
3300.00;3600.00;1608.00;25.54;E0_0_1500m;5.00;134;134;8.74;25.61
3300.00;3600.00;2172.00;26.69;E0_1_1500m;5.00;181;181;11.30;26.82
3300.00;3600.00;1572.00;25.49;E0_0_1600m;5.00;131;131;8.57;25.55
3300.00;3600.00;2184.00;26.58;E0_1_1600m;5.00;182;183;11.43;26.69
3300.00;3600.00;1560.00;25.28;E0_0_1700m;5.00;130;130;8.57;25.33
3300.00;3600.00;2184.00;26.50;E0_1_1700m;5.00;182;182;11.45;26.59
3300.00;3600.00;1572.00;25.27;E0_0_1800m;5.00;131;130;8.60;25.33
3300.00;3600.00;2172.00;26.43;E0_1_1800m;5.00;181;181;11.40;26.52
3300.00;3600.00;1584.00;25.25;E0_0_1900m;5.00;132;132;8.71;25.30
3300.00;3600.00;2160.00;26.44;E0_1_1900m;5.00;180;181;11.40;26.54
3300.00;3600.00;1584.00;25.37;E0_0_2000m;5.00;132;132;8.67;25.41
3300.00;3600.00;2160.00;26.51;E0_1_2000m;5.00;180;180;11.32;26.63
3300.00;3600.00;1644.00;25.09;E0_0_2100m;5.00;137;137;9.10;25.14
3300.00;3600.00;2160.00;26.30;E0_1_2100m;5.00;180;180;11.41;26.41
3300.00;3600.00;1680.00;24.81;E0_0_2200m;5.00;140;140;9.41;24.87
3300.00;3600.00;2184.00;26.01;E0_1_2200m;5.00;182;182;11.66;26.16
3300.00;3600.00;1704.00;24.51;E0_0_2300m;5.00;142;142;9.66;24.59
3300.00;3600.00;2220.00;25.55;E0_1_2300m;5.00;185;184;12.04;25.73
3300.00;3600.00;1716.00;23.91;E0_0_2400m;5.00;143;143;9.97;24.00
3300.00;3600.00;2256.00;24.76;E0_1_2400m;5.00;188;188;12.66;24.96
3300.00;3600.00;1728.00;23.02;E0_0_2500m;5.00;144;144;10.42;23.15
3300.00;3600.00;2268.00;23.65;E0_1_2500m;5.00;189;189;13.32;23.88
3300.00;3600.00;1752.00;21.89;E0_0_2600m;5.00;146;146;11.12;22.07
3300.00;3600.00;2292.00;22.40;E0_1_2600m;5.00;191;191;14.21;22.65
3300.00;3600.00;1776.00;20.73;E0_0_2700m;5.00;148;148;11.90;20.90
3300.00;3600.00;2328.00;21.10;E0_1_2700m;5.00;194;195;15.34;21.34
3300.00;3600.00;1788.00;19.49;E0_0_2800m;5.00;149;148;12.74;19.61
3300.00;3600.00;2352.00;19.87;E0_1_2800m;5.00;196;196;16.44;20.04
3300.00;3600.00;1800.00;18.59;E0_0_2900m;5.00;150;149;13.42;18.63
3300.00;3600.00;2340.00;18.76;E0_1_2900m;5.00;195;195;17.32;18.83
3300.00;3600.00;1800.00;17.61;E0_0_3000m;5.00;150;150;14.20;17.63
3300.00;3600.00;2328.00;17.99;E0_1_3000m;5.00;194;195;17.98;18.00
3300.00;3600.00;1932.00;17.54;E0_0_3100m;5.00;161;161;15.30;17.57
3300.00;3600.00;2244.00;18.03;E0_1_3100m;5.00;187;187;17.28;18.06
3300.00;3600.00;1956.00;17.71;E0_0_3200m;5.00;163;163;15.34;17.72
3300.00;3600.00;2244.00;17.96;E0_1_3200m;5.00;187;187;17.36;17.96
3300.00;3600.00;1968.00;17.70;E0_0_3300m;5.00;164;164;15.44;17.70
3300.00;3600.00;2220.00;17.94;E0_1_3300m;5.00;185;184;17.18;17.95
3300.00;3600.00;1968.00;17.55;E0_0_3400m;5.00;164;164;15.58;17.56
3300.00;3600.00;2232.00;17.91;E0_1_3400m;5.00;186;186;17.31;17.91
3300.00;3600.00;1980.00;17.52;E0_0_3500m;5.00;165;165;15.69;17.54
3300.00;3600.00;2220.00;17.89;E0_1_3500m;5.00;185;185;17.24;17.89
3300.00;3600.00;2004.00;17.61;E0_0_3600m;5.00;167;166;15.77;17.62
3300.00;3600.00;2208.00;17.88;E0_1_3600m;5.00;184;184;17.13;17.88
3300.00;3600.00;2016.00;17.57;E0_0_3700m;5.00;168;168;15.94;17.58
3300.00;3600.00;2208.00;17.88;E0_1_3700m;5.00;184;184;17.15;17.88
3300.00;3600.00;2052.00;17.36;E0_0_3800m;5.00;171;171;16.42;17.39
3300.00;3600.00;2184.00;17.91;E0_1_3800m;5.00;182;182;16.94;17.92
3300.00;3600.00;2076.00;17.48;E0_0_3900m;5.00;173;173;16.49;17.50
3300.00;3600.00;2160.00;17.89;E0_1_3900m;5.00;180;181;16.85;17.90
3300.00;3600.00;2028.00;18.66;E0_0_4000m;5.00;169;169;15.10;18.74
3300.00;3600.00;2232.00;19.49;E0_1_4000m;5.00;186;186;15.90;19.64
3300.00;3600.00;1968.00;25.67;E0_0_4100m;5.00;164;164;10.65;25.75
3300.00;3600.00;2280.00;26.75;E0_1_4100m;5.00;190;190;11.84;26.82
3300.00;3600.00;1980.00;26.40;E0_0_4200m;5.00;165;165;10.42;26.50
3300.00;3600.00;2268.00;27.63;E0_1_4200m;5.00;189;189;11.40;27.77
3300.00;3600.00;1992.00;26.52;E0_0_4300m;5.00;166;166;10.43;26.62
3300.00;3600.00;2220.00;27.69;E0_1_4300m;5.00;185;185;11.13;27.82
3300.00;3600.00;1992.00;26.42;E0_0_4400m;5.00;166;166;10.47;26.51
3300.00;3600.00;2208.00;27.65;E0_1_4400m;5.00;184;184;11.09;27.78
3300.00;3600.00;1956.00;26.23;E0_0_4500m;5.00;163;163;10.36;26.32
3300.00;3600.00;2208.00;27.67;E0_1_4500m;5.00;184;184;11.08;27.79
3300.00;3600.00;1968.00;26.00;E0_0_4600m;5.00;164;164;10.51;26.08
3300.00;3600.00;2232.00;27.63;E0_1_4600m;5.00;186;186;11.22;27.76
3300.00;3600.00;1956.00;25.80;E0_0_4700m;5.00;163;164;10.58;25.89
3300.00;3600.00;2220.00;27.63;E0_1_4700m;5.00;185;184;11.13;27.75
3300.00;3600.00;1908.00;25.77;E0_0_4800m;5.00;159;159;10.28;25.86
3300.00;3600.00;2232.00;27.63;E0_1_4800m;5.00;186;187;11.25;27.76
3300.00;3600.00;1896.00;25.66;E0_0_4900m;5.00;158;158;10.26;25.75
3300.00;3600.00;2208.00;27.64;E0_1_4900m;5.00;184;184;11.09;27.78
3300.00;3600.00;1908.00;25.54;E0_0_5000m;5.00;159;158;10.35;25.64
3300.00;3600.00;2172.00;27.62;E0_1_5000m;5.00;181;181;10.92;27.76
3600.00;3900.00;0.00;-1.00;E0_0_0m;-1.00;0;0;0.00;-1.00
3600.00;3900.00;0.00;-1.00;E0_1_0m;-1.00;0;0;0.00;-1.00
3600.00;3900.00;1872.00;25.40;E0_0_100m;5.00;156;156;10.24;25.59
3600.00;3900.00;2184.00;26.43;E0_1_100m;5.00;182;182;11.48;26.61
3600.00;3900.00;1848.00;25.66;E0_0_200m;5.00;154;154;10.00;25.87
3600.00;3900.00;2256.00;26.64;E0_1_200m;5.00;188;187;11.70;26.84
3600.00;3900.00;1848.00;25.76;E0_0_300m;5.00;154;154;9.97;25.93
3600.00;3900.00;2244.00;26.83;E0_1_300m;5.00;187;187;11.62;27.00
3600.00;3900.00;1848.00;25.75;E0_0_400m;5.00;154;154;9.97;25.93
3600.00;3900.00;2232.00;27.08;E0_1_400m;5.00;186;187;11.46;27.23
3600.00;3900.00;1836.00;25.74;E0_0_500m;5.00;153;154;9.94;25.92
3600.00;3900.00;2268.00;27.18;E0_1_500m;5.00;189;189;11.59;27.32
3600.00;3900.00;1824.00;25.69;E0_0_600m;5.00;152;152;9.86;25.86
3600.00;3900.00;2280.00;27.23;E0_1_600m;5.00;190;189;11.63;27.37
3600.00;3900.00;1800.00;25.60;E0_0_700m;5.00;150;150;9.76;25.76
3600.00;3900.00;2280.00;26.93;E0_1_700m;5.00;190;190;11.76;27.06
3600.00;3900.00;1800.00;25.45;E0_0_800m;5.00;150;150;9.82;25.60
3600.00;3900.00;2280.00;26.66;E0_1_800m;5.00;190;190;11.88;26.79
3600.00;3900.00;1812.00;25.22;E0_0_900m;5.00;151;151;9.98;25.36
3600.00;3900.00;2292.00;26.45;E0_1_900m;5.00;191;191;12.03;26.59
3600.00;3900.00;1824.00;25.24;E0_0_1000m;5.00;152;152;10.04;25.38
3600.00;3900.00;2304.00;26.17;E0_1_1000m;5.00;192;193;12.25;26.28
3600.00;3900.00;1812.00;25.20;E0_0_1100m;5.00;151;151;9.99;25.32
3600.00;3900.00;2316.00;25.95;E0_1_1100m;5.00;193;193;12.39;26.05
3600.00;3900.00;1812.00;25.21;E0_0_1200m;5.00;151;151;9.98;25.30
3600.00;3900.00;2328.00;25.85;E0_1_1200m;5.00;194;194;12.51;25.94
3600.00;3900.00;1836.00;25.12;E0_0_1300m;5.00;153;153;10.15;25.20
3600.00;3900.00;2316.00;25.75;E0_1_1300m;5.00;193;193;12.49;25.83
3600.00;3900.00;1800.00;24.93;E0_0_1400m;5.00;150;150;10.03;25.01
3600.00;3900.00;2352.00;25.65;E0_1_1400m;5.00;196;195;12.73;25.73
3600.00;3900.00;1836.00;24.73;E0_0_1500m;5.00;153;153;10.31;24.81
3600.00;3900.00;2364.00;25.60;E0_1_1500m;5.00;197;197;12.83;25.68
3600.00;3900.00;1884.00;24.58;E0_0_1600m;5.00;157;157;10.65;24.67
3600.00;3900.00;2388.00;25.52;E0_1_1600m;5.00;199;198;12.97;25.59
3600.00;3900.00;1896.00;24.61;E0_0_1700m;5.00;158;158;10.70;24.69
3600.00;3900.00;2388.00;25.37;E0_1_1700m;5.00;199;200;13.08;25.42
3600.00;3900.00;1920.00;24.83;E0_0_1800m;5.00;160;160;10.74;24.89
3600.00;3900.00;2400.00;25.34;E0_1_1800m;5.00;200;199;13.13;25.38
3600.00;3900.00;1872.00;24.87;E0_0_1900m;5.00;156;156;10.45;24.92
3600.00;3900.00;2424.00;25.28;E0_1_1900m;5.00;202;202;13.29;25.32
3600.00;3900.00;1896.00;24.68;E0_0_2000m;5.00;158;159;10.73;24.74
3600.00;3900.00;2412.00;25.32;E0_1_2000m;5.00;201;201;13.23;25.35
3600.00;3900.00;1908.00;24.58;E0_0_2100m;5.00;159;159;10.78;24.64
3600.00;3900.00;2364.00;25.31;E0_1_2100m;5.00;197;197;12.97;25.35
3600.00;3900.00;1884.00;24.49;E0_0_2200m;5.00;157;157;10.68;24.55
3600.00;3900.00;2340.00;25.25;E0_1_2200m;5.00;195;195;12.87;25.30
3600.00;3900.00;1860.00;24.52;E0_0_2300m;5.00;155;155;10.53;24.58
3600.00;3900.00;2292.00;25.14;E0_1_2300m;5.00;191;191;12.66;25.17
3600.00;3900.00;1812.00;24.35;E0_0_2400m;5.00;151;151;10.33;24.41
3600.00;3900.00;2268.00;24.89;E0_1_2400m;5.00;189;189;12.65;24.91
3600.00;3900.00;1788.00;24.04;E0_0_2500m;5.00;149;149;10.33;24.12
3600.00;3900.00;2268.00;24.54;E0_1_2500m;5.00;189;189;12.83;24.59
3600.00;3900.00;1776.00;23.41;E0_0_2600m;5.00;148;148;10.54;23.57
3600.00;3900.00;2244.00;23.93;E0_1_2600m;5.00;187;187;13.02;24.02
3600.00;3900.00;1752.00;22.35;E0_0_2700m;5.00;146;147;10.93;22.60
3600.00;3900.00;2196.00;23.03;E0_1_2700m;5.00;183;183;13.26;23.19
3600.00;3900.00;1752.00;20.93;E0_0_2800m;5.00;146;147;11.69;21.17
3600.00;3900.00;2160.00;21.49;E0_1_2800m;5.00;180;181;14.01;21.71
3600.00;3900.00;1776.00;19.39;E0_0_2900m;5.00;148;148;12.72;19.53
3600.00;3900.00;2160.00;19.70;E0_1_2900m;5.00;180;180;15.23;19.86
3600.00;3900.00;1716.00;17.69;E0_0_3000m;5.00;143;143;13.48;17.71
3600.00;3900.00;2208.00;18.12;E0_1_3000m;5.00;184;183;16.91;18.15
3600.00;3900.00;1776.00;17.52;E0_0_3100m;5.00;148;148;14.08;17.56
3600.00;3900.00;2124.00;18.03;E0_1_3100m;5.00;177;177;16.36;18.04
3600.00;3900.00;1824.00;17.64;E0_0_3200m;5.00;152;152;14.36;17.66
3600.00;3900.00;2064.00;18.04;E0_1_3200m;5.00;172;172;15.89;18.06
3600.00;3900.00;1824.00;17.66;E0_0_3300m;5.00;152;152;14.34;17.69
3600.00;3900.00;2064.00;17.96;E0_1_3300m;5.00;172;172;15.96;17.97
3600.00;3900.00;1824.00;17.64;E0_0_3400m;5.00;152;153;14.42;17.66
3600.00;3900.00;2040.00;17.92;E0_1_3400m;5.00;170;171;15.84;17.92
3600.00;3900.00;1836.00;17.60;E0_0_3500m;5.00;153;153;14.49;17.63
3600.00;3900.00;2052.00;17.93;E0_1_3500m;5.00;171;171;15.89;17.94
3600.00;3900.00;1872.00;17.65;E0_0_3600m;5.00;156;156;14.73;17.67
3600.00;3900.00;2016.00;17.96;E0_1_3600m;5.00;168;167;15.54;17.98
3600.00;3900.00;1848.00;17.77;E0_0_3700m;5.00;154;154;14.45;17.79
3600.00;3900.00;2004.00;17.92;E0_1_3700m;5.00;167;167;15.53;17.93
3600.00;3900.00;1836.00;17.76;E0_0_3800m;5.00;153;153;14.36;17.78
3600.00;3900.00;2028.00;17.90;E0_1_3800m;5.00;169;169;15.74;17.90
3600.00;3900.00;1836.00;17.76;E0_0_3900m;5.00;153;153;14.36;17.78
3600.00;3900.00;2040.00;17.92;E0_1_3900m;5.00;170;169;15.73;17.92
3600.00;3900.00;1860.00;18.82;E0_0_4000m;5.00;155;155;13.72;18.91
3600.00;3900.00;2028.00;19.57;E0_1_4000m;5.00;169;169;14.40;19.73
3600.00;3900.00;1800.00;25.84;E0_0_4100m;5.00;150;150;9.68;25.94
3600.00;3900.00;2100.00;26.55;E0_1_4100m;5.00;175;177;11.06;26.66
3600.00;3900.00;1788.00;26.35;E0_0_4200m;5.00;149;149;9.43;26.49
3600.00;3900.00;2088.00;27.81;E0_1_4200m;5.00;174;174;10.43;27.96
3600.00;3900.00;1776.00;26.35;E0_0_4300m;5.00;148;148;9.36;26.50
3600.00;3900.00;2088.00;27.85;E0_1_4300m;5.00;174;174;10.41;28.01
3600.00;3900.00;1776.00;26.27;E0_0_4400m;5.00;148;148;9.39;26.42
3600.00;3900.00;2088.00;27.81;E0_1_4400m;5.00;174;174;10.43;27.97
3600.00;3900.00;1776.00;26.05;E0_0_4500m;5.00;148;148;9.47;26.19
3600.00;3900.00;2076.00;27.74;E0_1_4500m;5.00;173;173;10.39;27.89
3600.00;3900.00;1752.00;25.92;E0_0_4600m;5.00;146;146;9.39;26.04
3600.00;3900.00;2064.00;27.65;E0_1_4600m;5.00;172;172;10.37;27.78
3600.00;3900.00;1764.00;25.77;E0_0_4700m;5.00;147;146;9.46;25.88
3600.00;3900.00;2088.00;27.59;E0_1_4700m;5.00;174;174;10.51;27.72
3600.00;3900.00;1800.00;25.61;E0_0_4800m;5.00;150;150;9.76;25.71
3600.00;3900.00;2112.00;27.53;E0_1_4800m;5.00;176;175;10.63;27.67
3600.00;3900.00;1800.00;25.55;E0_0_4900m;5.00;150;150;9.79;25.64
3600.00;3900.00;2100.00;27.44;E0_1_4900m;5.00;175;175;10.63;27.60
3600.00;3900.00;1788.00;25.55;E0_0_5000m;5.00;149;149;9.72;25.64
3600.00;3900.00;2088.00;27.42;E0_1_5000m;5.00;174;175;10.61;27.59
3900.00;4200.00;0.00;-1.00;E0_0_0m;-1.00;0;0;0.00;-1.00
3900.00;4200.00;0.00;-1.00;E0_1_0m;-1.00;0;0;0.00;-1.00
3900.00;4200.00;1824.00;25.26;E0_0_100m;5.00;152;152;10.03;25.38
3900.00;4200.00;2196.00;26.58;E0_1_100m;5.00;183;183;11.47;26.75
3900.00;4200.00;1860.00;25.59;E0_0_200m;5.00;155;155;10.09;25.75
3900.00;4200.00;2148.00;27.17;E0_1_200m;5.00;179;179;10.98;27.37
3900.00;4200.00;1884.00;25.57;E0_0_300m;5.00;157;157;10.23;25.73
3900.00;4200.00;2148.00;27.23;E0_1_300m;5.00;179;179;10.96;27.40
3900.00;4200.00;1920.00;25.36;E0_0_400m;5.00;160;160;10.52;25.50
3900.00;4200.00;2136.00;27.20;E0_1_400m;5.00;178;179;10.97;27.37
3900.00;4200.00;1872.00;25.26;E0_0_500m;5.00;156;156;10.29;25.41
3900.00;4200.00;2172.00;27.14;E0_1_500m;5.00;181;181;11.11;27.30
3900.00;4200.00;1884.00;25.13;E0_0_600m;5.00;157;157;10.41;25.28
3900.00;4200.00;2196.00;27.25;E0_1_600m;5.00;183;183;11.19;27.42
3900.00;4200.00;1908.00;24.91;E0_0_700m;5.00;159;159;10.64;25.07
3900.00;4200.00;2208.00;27.12;E0_1_700m;5.00;184;184;11.31;27.26
3900.00;4200.00;1872.00;24.72;E0_0_800m;5.00;156;157;10.55;24.87
3900.00;4200.00;2244.00;26.98;E0_1_800m;5.00;187;187;11.55;27.11
3900.00;4200.00;1860.00;24.62;E0_0_900m;5.00;155;155;10.49;24.76
3900.00;4200.00;2232.00;26.74;E0_1_900m;5.00;186;186;11.59;26.86
3900.00;4200.00;1788.00;24.65;E0_0_1000m;5.00;149;149;10.07;24.78
3900.00;4200.00;2256.00;26.50;E0_1_1000m;5.00;188;187;11.80;26.61
3900.00;4200.00;1776.00;24.65;E0_0_1100m;5.00;148;148;10.01;24.80
3900.00;4200.00;2244.00;26.35;E0_1_1100m;5.00;187;187;11.83;26.44
3900.00;4200.00;1740.00;24.65;E0_0_1200m;5.00;145;145;9.80;24.78
3900.00;4200.00;2256.00;26.29;E0_1_1200m;5.00;188;188;11.92;26.39
3900.00;4200.00;1728.00;24.65;E0_0_1300m;5.00;144;144;9.73;24.79
3900.00;4200.00;2256.00;26.40;E0_1_1300m;5.00;188;189;11.92;26.51
3900.00;4200.00;1752.00;24.85;E0_0_1400m;5.00;146;146;9.79;24.99
3900.00;4200.00;2220.00;26.47;E0_1_1400m;5.00;185;186;11.70;26.59
3900.00;4200.00;1728.00;24.91;E0_0_1500m;5.00;144;144;9.64;25.03
3900.00;4200.00;2196.00;26.40;E0_1_1500m;5.00;183;183;11.55;26.54
3900.00;4200.00;1716.00;24.78;E0_0_1600m;5.00;143;143;9.62;24.91
3900.00;4200.00;2196.00;26.32;E0_1_1600m;5.00;183;183;11.59;26.45
3900.00;4200.00;1704.00;24.68;E0_0_1700m;5.00;142;142;9.59;24.80
3900.00;4200.00;2208.00;26.22;E0_1_1700m;5.00;184;183;11.68;26.35
3900.00;4200.00;1656.00;24.55;E0_0_1800m;5.00;138;138;9.37;24.65
3900.00;4200.00;2256.00;26.14;E0_1_1800m;5.00;188;188;11.98;26.28
3900.00;4200.00;1704.00;24.42;E0_0_1900m;5.00;142;142;9.69;24.55
3900.00;4200.00;2268.00;26.13;E0_1_1900m;5.00;189;188;12.03;26.27
3900.00;4200.00;1716.00;24.53;E0_0_2000m;5.00;143;142;9.65;24.63
3900.00;4200.00;2304.00;25.99;E0_1_2000m;5.00;192;192;12.31;26.13
3900.00;4200.00;1716.00;24.53;E0_0_2100m;5.00;143;143;9.71;24.61
3900.00;4200.00;2316.00;25.87;E0_1_2100m;5.00;193;193;12.44;26.02
3900.00;4200.00;1692.00;24.43;E0_0_2200m;5.00;141;141;9.62;24.49
3900.00;4200.00;2316.00;25.70;E0_1_2200m;5.00;193;193;12.52;25.85
3900.00;4200.00;1716.00;24.31;E0_0_2300m;5.00;143;143;9.80;24.37
3900.00;4200.00;2304.00;25.52;E0_1_2300m;5.00;192;192;12.54;25.67
3900.00;4200.00;1752.00;24.03;E0_0_2400m;5.00;146;146;10.12;24.10
3900.00;4200.00;2304.00;25.21;E0_1_2400m;5.00;192;192;12.69;25.36
3900.00;4200.00;1776.00;23.66;E0_0_2500m;5.00;148;149;10.49;23.74
3900.00;4200.00;2292.00;24.71;E0_1_2500m;5.00;191;191;12.88;24.87
3900.00;4200.00;1788.00;22.88;E0_0_2600m;5.00;149;150;10.88;23.00
3900.00;4200.00;2268.00;23.83;E0_1_2600m;5.00;189;189;13.22;24.05
3900.00;4200.00;1812.00;21.83;E0_0_2700m;5.00;151;150;11.49;21.99
3900.00;4200.00;2256.00;22.51;E0_1_2700m;5.00;188;188;13.92;22.74
3900.00;4200.00;1824.00;20.58;E0_0_2800m;5.00;152;151;12.24;20.78
3900.00;4200.00;2256.00;21.06;E0_1_2800m;5.00;188;187;14.83;21.32
3900.00;4200.00;1800.00;19.00;E0_0_2900m;5.00;150;150;13.16;19.14
3900.00;4200.00;2244.00;19.51;E0_1_2900m;5.00;187;187;15.97;19.71
3900.00;4200.00;1824.00;17.40;E0_0_3000m;5.00;152;152;14.56;17.43
3900.00;4200.00;2220.00;18.02;E0_1_3000m;5.00;185;185;17.11;18.08
3900.00;4200.00;1848.00;17.48;E0_0_3100m;5.00;154;154;14.68;17.50
3900.00;4200.00;2184.00;17.84;E0_1_3100m;5.00;182;182;17.01;17.84
3900.00;4200.00;1884.00;17.59;E0_0_3200m;5.00;157;157;14.87;17.61
3900.00;4200.00;2184.00;17.90;E0_1_3200m;5.00;182;182;16.95;17.91
3900.00;4200.00;1908.00;17.66;E0_0_3300m;5.00;159;159;15.01;17.67
3900.00;4200.00;2184.00;17.88;E0_1_3300m;5.00;182;182;16.96;17.89
3900.00;4200.00;1932.00;17.69;E0_0_3400m;5.00;161;160;15.11;17.69
3900.00;4200.00;2172.00;17.84;E0_1_3400m;5.00;181;180;16.88;17.84
3900.00;4200.00;1920.00;17.60;E0_0_3500m;5.00;160;160;15.16;17.61
3900.00;4200.00;2172.00;17.80;E0_1_3500m;5.00;181;182;16.97;17.80
3900.00;4200.00;1956.00;17.55;E0_0_3600m;5.00;163;163;15.48;17.59
3900.00;4200.00;2148.00;17.76;E0_1_3600m;5.00;179;181;16.94;17.76
3900.00;4200.00;1980.00;17.49;E0_0_3700m;5.00;165;165;15.73;17.50
3900.00;4200.00;2172.00;17.74;E0_1_3700m;5.00;181;181;17.00;17.75
3900.00;4200.00;1992.00;17.57;E0_0_3800m;5.00;166;166;15.75;17.59
3900.00;4200.00;2148.00;17.80;E0_1_3800m;5.00;179;180;16.78;17.81
3900.00;4200.00;1992.00;17.74;E0_0_3900m;5.00;166;166;15.59;17.75
3900.00;4200.00;2160.00;17.91;E0_1_3900m;5.00;180;180;16.75;17.92
3900.00;4200.00;2016.00;18.79;E0_0_4000m;5.00;168;168;14.90;18.87
3900.00;4200.00;2112.00;19.64;E0_1_4000m;5.00;176;176;14.93;19.83
3900.00;4200.00;1980.00;26.04;E0_0_4100m;5.00;165;167;10.60;26.13
3900.00;4200.00;2148.00;26.97;E0_1_4100m;5.00;179;178;11.04;27.08
3900.00;4200.00;2004.00;26.69;E0_0_4200m;5.00;167;168;10.45;26.82
3900.00;4200.00;2148.00;27.81;E0_1_4200m;5.00;179;179;10.73;28.01
3900.00;4200.00;1968.00;26.59;E0_0_4300m;5.00;164;164;10.28;26.74
3900.00;4200.00;2172.00;27.84;E0_1_4300m;5.00;181;181;10.84;28.04
3900.00;4200.00;1992.00;26.45;E0_0_4400m;5.00;166;166;10.46;26.60
3900.00;4200.00;2148.00;27.64;E0_1_4400m;5.00;179;180;10.85;27.80
3900.00;4200.00;2028.00;26.38;E0_0_4500m;5.00;169;169;10.68;26.53
3900.00;4200.00;2148.00;27.59;E0_1_4500m;5.00;179;179;10.81;27.75
3900.00;4200.00;2028.00;26.21;E0_0_4600m;5.00;169;169;10.74;26.36
3900.00;4200.00;2160.00;27.52;E0_1_4600m;5.00;180;180;10.90;27.67
3900.00;4200.00;2016.00;25.83;E0_0_4700m;5.00;168;168;10.84;25.97
3900.00;4200.00;2172.00;27.48;E0_1_4700m;5.00;181;181;10.98;27.67
3900.00;4200.00;1956.00;25.53;E0_0_4800m;5.00;163;163;10.64;25.68
3900.00;4200.00;2160.00;27.40;E0_1_4800m;5.00;180;180;10.95;27.60
3900.00;4200.00;1956.00;25.22;E0_0_4900m;5.00;163;164;10.83;25.35
3900.00;4200.00;2148.00;27.29;E0_1_4900m;5.00;179;179;10.93;27.49
3900.00;4200.00;1956.00;25.00;E0_0_5000m;5.00;163;163;10.87;25.13
3900.00;4200.00;2172.00;27.19;E0_1_5000m;5.00;181;181;11.10;27.38
4200.00;4500.00;0.00;-1.00;E0_0_0m;-1.00;0;0;0.00;-1.00
4200.00;4500.00;0.00;-1.00;E0_1_0m;-1.00;0;0;0.00;-1.00
4200.00;4500.00;1656.00;24.44;E0_0_100m;5.00;138;138;9.41;24.66
4200.00;4500.00;2220.00;25.16;E0_1_100m;5.00;185;185;12.25;25.36
4200.00;4500.00;1704.00;25.15;E0_0_200m;5.00;142;142;9.41;25.39
4200.00;4500.00;2172.00;26.16;E0_1_200m;5.00;181;181;11.53;26.44
4200.00;4500.00;1692.00;25.45;E0_0_300m;5.00;141;141;9.23;25.61
4200.00;4500.00;2172.00;26.43;E0_1_300m;5.00;181;182;11.44;26.69
4200.00;4500.00;1692.00;25.41;E0_0_400m;5.00;141;141;9.25;25.51
4200.00;4500.00;2184.00;26.48;E0_1_400m;5.00;182;181;11.40;26.70
4200.00;4500.00;1668.00;25.27;E0_0_500m;5.00;139;139;9.17;25.38
4200.00;4500.00;2196.00;26.35;E0_1_500m;5.00;183;183;11.57;26.56
4200.00;4500.00;1656.00;25.12;E0_0_600m;5.00;138;139;9.17;25.25
4200.00;4500.00;2172.00;26.13;E0_1_600m;5.00;181;181;11.54;26.34
4200.00;4500.00;1644.00;25.21;E0_0_700m;5.00;137;137;9.06;25.32
4200.00;4500.00;2184.00;26.17;E0_1_700m;5.00;182;182;11.59;26.38
4200.00;4500.00;1656.00;25.16;E0_0_800m;5.00;138;138;9.14;25.25
4200.00;4500.00;2184.00;26.22;E0_1_800m;5.00;182;182;11.57;26.42
4200.00;4500.00;1656.00;25.24;E0_0_900m;5.00;138;138;9.11;25.33
4200.00;4500.00;2196.00;26.13;E0_1_900m;5.00;183;183;11.67;26.30
4200.00;4500.00;1668.00;25.25;E0_0_1000m;5.00;139;139;9.17;25.34
4200.00;4500.00;2184.00;26.25;E0_1_1000m;5.00;182;182;11.56;26.41
4200.00;4500.00;1704.00;25.18;E0_0_1100m;5.00;142;142;9.40;25.26
4200.00;4500.00;2172.00;26.32;E0_1_1100m;5.00;181;182;11.51;26.48
4200.00;4500.00;1692.00;24.95;E0_0_1200m;5.00;141;141;9.42;25.02
4200.00;4500.00;2196.00;26.28;E0_1_1200m;5.00;183;183;11.61;26.45
4200.00;4500.00;1716.00;24.83;E0_0_1300m;5.00;143;143;9.60;24.90
4200.00;4500.00;2184.00;26.28;E0_1_1300m;5.00;182;182;11.51;26.46
4200.00;4500.00;1716.00;24.79;E0_0_1400m;5.00;143;144;9.66;24.86
4200.00;4500.00;2172.00;26.24;E0_1_1400m;5.00;181;182;11.56;26.43
4200.00;4500.00;1728.00;24.81;E0_0_1500m;5.00;144;144;9.67;24.87
4200.00;4500.00;2160.00;26.22;E0_1_1500m;5.00;180;181;11.49;26.43
4200.00;4500.00;1680.00;24.78;E0_0_1600m;5.00;140;140;9.42;24.85
4200.00;4500.00;2148.00;26.24;E0_1_1600m;5.00;179;180;11.42;26.46
4200.00;4500.00;1692.00;24.74;E0_0_1700m;5.00;141;141;9.50;24.82
4200.00;4500.00;2148.00;26.31;E0_1_1700m;5.00;179;179;11.34;26.53
4200.00;4500.00;1716.00;24.82;E0_0_1800m;5.00;143;143;9.60;24.90
4200.00;4500.00;2100.00;26.24;E0_1_1800m;5.00;175;175;11.12;26.45
4200.00;4500.00;1680.00;24.97;E0_0_1900m;5.00;140;142;9.45;25.05
4200.00;4500.00;2088.00;26.28;E0_1_1900m;5.00;174;174;11.03;26.51
4200.00;4500.00;1644.00;25.07;E0_0_2000m;5.00;137;137;9.11;25.16
4200.00;4500.00;2064.00;26.27;E0_1_2000m;5.00;172;172;10.91;26.49
4200.00;4500.00;1644.00;25.08;E0_0_2100m;5.00;137;138;9.15;25.17
4200.00;4500.00;2040.00;26.30;E0_1_2100m;5.00;170;170;10.77;26.52
4200.00;4500.00;1644.00;25.05;E0_0_2200m;5.00;137;138;9.16;25.13
4200.00;4500.00;2052.00;26.36;E0_1_2200m;5.00;171;171;10.81;26.57
4200.00;4500.00;1632.00;25.15;E0_0_2300m;5.00;136;137;9.06;25.22
4200.00;4500.00;2040.00;26.39;E0_1_2300m;5.00;170;170;10.74;26.59
4200.00;4500.00;1632.00;25.20;E0_0_2400m;5.00;136;137;9.03;25.27
4200.00;4500.00;2016.00;26.49;E0_1_2400m;5.00;168;169;10.58;26.68
4200.00;4500.00;1632.00;25.16;E0_0_2500m;5.00;136;135;8.94;25.24
4200.00;4500.00;1992.00;26.23;E0_1_2500m;5.00;166;166;10.55;26.38
4200.00;4500.00;1656.00;24.50;E0_0_2600m;5.00;138;137;9.37;24.59
4200.00;4500.00;1980.00;25.39;E0_1_2600m;5.00;165;165;10.83;25.55
4200.00;4500.00;1656.00;22.73;E0_0_2700m;5.00;138;138;10.12;23.02
4200.00;4500.00;1992.00;23.70;E0_1_2700m;5.00;166;166;11.68;23.95
4200.00;4500.00;1668.00;20.14;E0_0_2800m;5.00;139;139;11.50;20.62
4200.00;4500.00;1992.00;20.96;E0_1_2800m;5.00;166;166;13.20;21.44
4200.00;4500.00;1680.00;17.43;E0_0_2900m;5.00;140;140;13.39;17.78
4200.00;4500.00;1992.00;17.26;E0_1_2900m;5.00;166;166;16.03;17.78
4200.00;4500.00;1704.00;14.17;E0_0_3000m;5.00;142;142;16.70;14.29
4200.00;4500.00;1980.00;14.11;E0_1_3000m;5.00;165;165;19.49;14.28
4200.00;4500.00;1776.00;13.57;E0_0_3100m;5.00;148;148;18.17;13.59
4200.00;4500.00;1920.00;13.56;E0_1_3100m;5.00;160;160;19.66;13.59
4200.00;4500.00;1764.00;13.44;E0_0_3200m;5.00;147;147;18.23;13.44
4200.00;4500.00;1884.00;13.53;E0_1_3200m;5.00;157;157;19.34;13.55
4200.00;4500.00;1776.00;13.42;E0_0_3300m;5.00;148;148;18.38;13.42
4200.00;4500.00;1848.00;13.45;E0_1_3300m;5.00;154;154;19.09;13.45
4200.00;4500.00;1776.00;13.41;E0_0_3400m;5.00;148;148;18.39;13.41
4200.00;4500.00;1824.00;13.42;E0_1_3400m;5.00;152;152;18.88;13.42
4200.00;4500.00;1764.00;13.41;E0_0_3500m;5.00;147;147;18.27;13.41
4200.00;4500.00;1824.00;13.44;E0_1_3500m;5.00;152;152;18.95;13.45
4200.00;4500.00;1776.00;13.41;E0_0_3600m;5.00;148;148;18.39;13.41
4200.00;4500.00;1836.00;13.46;E0_1_3600m;5.00;153;152;18.87;13.47
4200.00;4500.00;1764.00;13.43;E0_0_3700m;5.00;147;147;18.24;13.43
4200.00;4500.00;1800.00;13.42;E0_1_3700m;5.00;150;150;18.63;13.42
4200.00;4500.00;1740.00;13.39;E0_0_3800m;5.00;145;145;18.05;13.40
4200.00;4500.00;1812.00;13.42;E0_1_3800m;5.00;151;151;18.76;13.42
4200.00;4500.00;1752.00;13.43;E0_0_3900m;5.00;146;146;18.12;13.43
4200.00;4500.00;1788.00;13.42;E0_1_3900m;5.00;149;149;18.50;13.43
4200.00;4500.00;1752.00;14.60;E0_0_4000m;5.00;146;147;16.68;14.74
4200.00;4500.00;1776.00;15.41;E0_1_4000m;5.00;148;149;16.06;15.68
4200.00;4500.00;1728.00;25.05;E0_0_4100m;5.00;144;143;9.57;25.11
4200.00;4500.00;1788.00;25.96;E0_1_4100m;5.00;149;150;9.61;26.00
4200.00;4500.00;1644.00;26.71;E0_0_4200m;5.00;137;139;8.64;26.88
4200.00;4500.00;1860.00;28.94;E0_1_4200m;5.00;155;155;8.93;29.10
4200.00;4500.00;1644.00;26.44;E0_0_4300m;5.00;137;137;8.64;26.61
4200.00;4500.00;1884.00;29.05;E0_1_4300m;5.00;157;157;9.01;29.26
4200.00;4500.00;1632.00;26.15;E0_0_4400m;5.00;136;137;8.72;26.36
4200.00;4500.00;1908.00;28.73;E0_1_4400m;5.00;159;158;9.16;28.98
4200.00;4500.00;1656.00;25.90;E0_0_4500m;5.00;138;138;8.88;26.07
4200.00;4500.00;1884.00;28.44;E0_1_4500m;5.00;157;158;9.25;28.66
4200.00;4500.00;1644.00;25.72;E0_0_4600m;5.00;137;139;8.90;25.87
4200.00;4500.00;1896.00;28.14;E0_1_4600m;5.00;158;158;9.36;28.40
4200.00;4500.00;1632.00;25.57;E0_0_4700m;5.00;136;136;8.86;25.73
4200.00;4500.00;1896.00;27.92;E0_1_4700m;5.00;158;158;9.43;28.13
4200.00;4500.00;1644.00;25.52;E0_0_4800m;5.00;137;137;8.95;25.65
4200.00;4500.00;1932.00;27.58;E0_1_4800m;5.00;161;161;9.73;27.79
4200.00;4500.00;1656.00;25.45;E0_0_4900m;5.00;138;138;8.99;25.59
4200.00;4500.00;1944.00;27.23;E0_1_4900m;5.00;162;163;9.95;27.46
4200.00;4500.00;1656.00;25.35;E0_0_5000m;5.00;138;138;9.07;25.48
4200.00;4500.00;1932.00;27.06;E0_1_5000m;5.00;161;161;9.92;27.27
4500.00;4800.00;0.00;-1.00;E0_0_0m;-1.00;0;0;0.00;-1.00
4500.00;4800.00;0.00;-1.00;E0_1_0m;-1.00;0;0;0.00;-1.00
4500.00;4800.00;1812.00;25.03;E0_0_100m;5.00;151;151;10.06;25.23
4500.00;4800.00;2196.00;25.98;E0_1_100m;5.00;183;183;11.74;26.23
4500.00;4800.00;1788.00;25.72;E0_0_200m;5.00;149;149;9.66;25.94
4500.00;4800.00;2184.00;26.98;E0_1_200m;5.00;182;182;11.24;27.35
4500.00;4800.00;1800.00;25.72;E0_0_300m;5.00;150;150;9.72;25.92
4500.00;4800.00;2184.00;27.05;E0_1_300m;5.00;182;181;11.18;27.41
4500.00;4800.00;1788.00;25.55;E0_0_400m;5.00;149;149;9.72;25.75
4500.00;4800.00;2196.00;26.94;E0_1_400m;5.00;183;183;11.32;27.27
4500.00;4800.00;1788.00;25.34;E0_0_500m;5.00;149;149;9.80;25.54
4500.00;4800.00;2232.00;26.99;E0_1_500m;5.00;186;186;11.49;27.32
4500.00;4800.00;1764.00;25.32;E0_0_600m;5.00;147;147;9.68;25.52
4500.00;4800.00;2268.00;26.94;E0_1_600m;5.00;189;189;11.69;27.26
4500.00;4800.00;1764.00;25.27;E0_0_700m;5.00;147;147;9.70;25.47
4500.00;4800.00;2244.00;26.97;E0_1_700m;5.00;187;187;11.56;27.28
4500.00;4800.00;1740.00;25.16;E0_0_800m;5.00;145;146;9.62;25.35
4500.00;4800.00;2244.00;26.97;E0_1_800m;5.00;187;187;11.56;27.30
4500.00;4800.00;1740.00;25.13;E0_0_900m;5.00;145;145;9.62;25.32
4500.00;4800.00;2256.00;26.91;E0_1_900m;5.00;188;188;11.64;27.23
4500.00;4800.00;1716.00;25.04;E0_0_1000m;5.00;143;144;9.57;25.21
4500.00;4800.00;2268.00;27.03;E0_1_1000m;5.00;189;189;11.65;27.35
4500.00;4800.00;1728.00;25.01;E0_0_1100m;5.00;144;144;9.60;25.16
4500.00;4800.00;2256.00;27.19;E0_1_1100m;5.00;188;187;11.48;27.49
4500.00;4800.00;1716.00;24.93;E0_0_1200m;5.00;143;143;9.56;25.05
4500.00;4800.00;2256.00;27.26;E0_1_1200m;5.00;188;188;11.50;27.53
4500.00;4800.00;1704.00;24.83;E0_0_1300m;5.00;142;142;9.53;24.94
4500.00;4800.00;2244.00;27.32;E0_1_1300m;5.00;187;186;11.39;27.58
4500.00;4800.00;1728.00;24.75;E0_0_1400m;5.00;144;144;9.70;24.87
4500.00;4800.00;2220.00;27.29;E0_1_1400m;5.00;185;184;11.24;27.58
4500.00;4800.00;1716.00;24.64;E0_0_1500m;5.00;143;143;9.67;24.75
4500.00;4800.00;2232.00;27.27;E0_1_1500m;5.00;186;185;11.32;27.57
4500.00;4800.00;1740.00;24.62;E0_0_1600m;5.00;145;145;9.81;24.74
4500.00;4800.00;2208.00;27.21;E0_1_1600m;5.00;184;183;11.22;27.48
4500.00;4800.00;1716.00;24.60;E0_0_1700m;5.00;143;143;9.69;24.72
4500.00;4800.00;2196.00;27.15;E0_1_1700m;5.00;183;184;11.28;27.38
4500.00;4800.00;1680.00;24.73;E0_0_1800m;5.00;140;141;9.47;24.91
4500.00;4800.00;2196.00;27.11;E0_1_1800m;5.00;183;184;11.30;27.33
4500.00;4800.00;1656.00;24.60;E0_0_1900m;5.00;138;138;9.35;24.71
4500.00;4800.00;2208.00;27.10;E0_1_1900m;5.00;184;184;11.31;27.33
4500.00;4800.00;1644.00;24.43;E0_0_2000m;5.00;137;137;9.35;24.53
4500.00;4800.00;2208.00;26.97;E0_1_2000m;5.00;184;184;11.37;27.17
4500.00;4800.00;1656.00;24.05;E0_0_2100m;5.00;138;137;9.51;24.16
4500.00;4800.00;2184.00;26.48;E0_1_2100m;5.00;182;183;11.52;26.66
4500.00;4800.00;1668.00;23.42;E0_0_2200m;5.00;139;139;9.89;23.53
4500.00;4800.00;2184.00;25.56;E0_1_2200m;5.00;182;182;11.87;25.74
4500.00;4800.00;1680.00;22.29;E0_0_2300m;5.00;140;140;10.46;22.49
4500.00;4800.00;2184.00;24.20;E0_1_2300m;5.00;182;182;12.53;24.49
4500.00;4800.00;1728.00;20.76;E0_0_2400m;5.00;144;143;11.53;21.08
4500.00;4800.00;2184.00;22.39;E0_1_2400m;5.00;182;182;13.55;22.86
4500.00;4800.00;1788.00;19.56;E0_0_2500m;5.00;149;149;12.70;19.89
4500.00;4800.00;2196.00;20.31;E0_1_2500m;5.00;183;183;15.02;20.86
4500.00;4800.00;1836.00;18.55;E0_0_2600m;5.00;153;153;13.75;18.86
4500.00;4800.00;2208.00;18.62;E0_1_2600m;5.00;184;184;16.47;19.24
4500.00;4800.00;1896.00;17.58;E0_0_2700m;5.00;158;158;14.98;17.82
4500.00;4800.00;2208.00;17.13;E0_1_2700m;5.00;184;184;17.91;17.71
4500.00;4800.00;1932.00;16.90;E0_0_2800m;5.00;161;161;15.88;17.00
4500.00;4800.00;2172.00;15.47;E0_1_2800m;5.00;181;181;19.50;15.82
4500.00;4800.00;1932.00;16.28;E0_0_2900m;5.00;161;162;16.51;16.31
4500.00;4800.00;2148.00;14.24;E0_1_2900m;5.00;179;179;20.95;14.32
4500.00;4800.00;1908.00;14.05;E0_0_3000m;5.00;159;159;18.87;14.10
4500.00;4800.00;2136.00;13.47;E0_1_3000m;5.00;178;179;22.06;13.48
4500.00;4800.00;1908.00;13.57;E0_0_3100m;5.00;159;159;19.52;13.59
4500.00;4800.00;2112.00;13.44;E0_1_3100m;5.00;176;176;21.82;13.44
4500.00;4800.00;1932.00;13.48;E0_0_3200m;5.00;161;161;19.90;13.49
4500.00;4800.00;2076.00;13.41;E0_1_3200m;5.00;173;173;21.50;13.41
4500.00;4800.00;1944.00;13.41;E0_0_3300m;5.00;162;162;20.14;13.41
4500.00;4800.00;2064.00;13.40;E0_1_3300m;5.00;172;172;21.39;13.40
4500.00;4800.00;1944.00;13.41;E0_0_3400m;5.00;162;162;20.13;13.41
4500.00;4800.00;2064.00;13.41;E0_1_3400m;5.00;172;173;21.47;13.41
4500.00;4800.00;1944.00;13.41;E0_0_3500m;5.00;162;162;20.13;13.41
4500.00;4800.00;2064.00;13.41;E0_1_3500m;5.00;172;171;21.26;13.41
4500.00;4800.00;1920.00;13.41;E0_0_3600m;5.00;160;160;19.89;13.41
4500.00;4800.00;2052.00;13.41;E0_1_3600m;5.00;171;171;21.26;13.41
4500.00;4800.00;1920.00;13.41;E0_0_3700m;5.00;160;160;19.89;13.41
4500.00;4800.00;2052.00;13.41;E0_1_3700m;5.00;171;171;21.25;13.41
4500.00;4800.00;1920.00;13.41;E0_0_3800m;5.00;160;160;19.88;13.41
4500.00;4800.00;2028.00;13.41;E0_1_3800m;5.00;169;169;21.01;13.41
4500.00;4800.00;1896.00;13.41;E0_0_3900m;5.00;158;159;19.75;13.41
4500.00;4800.00;2016.00;13.41;E0_1_3900m;5.00;168;168;20.88;13.41
4500.00;4800.00;1956.00;14.91;E0_0_4000m;5.00;163;162;18.21;15.05
4500.00;4800.00;1968.00;15.07;E0_1_4000m;5.00;164;164;18.14;15.27
4500.00;4800.00;1908.00;25.17;E0_0_4100m;5.00;159;159;10.53;25.22
4500.00;4800.00;2004.00;26.01;E0_1_4100m;5.00;167;166;10.65;26.04
4500.00;4800.00;1908.00;27.24;E0_0_4200m;5.00;159;158;9.67;27.37
4500.00;4800.00;2004.00;29.20;E0_1_4200m;5.00;167;167;9.53;29.35
4500.00;4800.00;1908.00;27.09;E0_0_4300m;5.00;159;159;9.78;27.21
4500.00;4800.00;2004.00;29.26;E0_1_4300m;5.00;167;167;9.51;29.44
4500.00;4800.00;1932.00;26.76;E0_0_4400m;5.00;161;161;10.03;26.87
4500.00;4800.00;1980.00;29.11;E0_1_4400m;5.00;165;166;9.48;29.29
4500.00;4800.00;1884.00;26.57;E0_0_4500m;5.00;157;157;9.85;26.69
4500.00;4800.00;2028.00;28.95;E0_1_4500m;5.00;169;168;9.68;29.12
4500.00;4800.00;1860.00;26.42;E0_0_4600m;5.00;155;155;9.82;26.54
4500.00;4800.00;2052.00;28.79;E0_1_4600m;5.00;171;172;9.92;28.96
4500.00;4800.00;1872.00;26.31;E0_0_4700m;5.00;156;156;9.88;26.43
4500.00;4800.00;2052.00;28.68;E0_1_4700m;5.00;171;171;9.94;28.82
4500.00;4800.00;1836.00;26.33;E0_0_4800m;5.00;153;153;9.69;26.49
4500.00;4800.00;2052.00;28.61;E0_1_4800m;5.00;171;172;10.02;28.74
4500.00;4800.00;1812.00;26.08;E0_0_4900m;5.00;151;151;9.65;26.18
4500.00;4800.00;2064.00;28.65;E0_1_4900m;5.00;172;172;10.00;28.77
4500.00;4800.00;1848.00;25.89;E0_0_5000m;5.00;154;154;9.91;26.00
4500.00;4800.00;2040.00;28.74;E0_1_5000m;5.00;170;170;9.86;28.86
4800.00;5100.00;0.00;-1.00;E0_0_0m;-1.00;0;0;0.00;-1.00
4800.00;5100.00;0.00;-1.00;E0_1_0m;-1.00;0;0;0.00;-1.00
4800.00;5100.00;1704.00;25.47;E0_0_100m;5.00;142;142;9.29;25.63
4800.00;5100.00;2148.00;26.37;E0_1_100m;5.00;179;179;11.31;26.54
4800.00;5100.00;1752.00;26.09;E0_0_200m;5.00;146;146;9.33;26.27
4800.00;5100.00;2112.00;27.73;E0_1_200m;5.00;176;176;10.58;27.92
4800.00;5100.00;1716.00;26.08;E0_0_300m;5.00;143;143;9.14;26.24
4800.00;5100.00;2136.00;27.89;E0_1_300m;5.00;178;178;10.64;28.06
4800.00;5100.00;1704.00;25.86;E0_0_400m;5.00;142;142;9.15;26.03
4800.00;5100.00;2124.00;27.87;E0_1_400m;5.00;177;177;10.58;28.03
4800.00;5100.00;1728.00;25.80;E0_0_500m;5.00;144;144;9.30;25.98
4800.00;5100.00;2100.00;27.96;E0_1_500m;5.00;175;175;10.43;28.10
4800.00;5100.00;1764.00;25.46;E0_0_600m;5.00;147;147;9.62;25.64
4800.00;5100.00;2064.00;27.91;E0_1_600m;5.00;172;172;10.27;28.05
4800.00;5100.00;1776.00;25.37;E0_0_700m;5.00;148;148;9.72;25.53
4800.00;5100.00;2064.00;27.68;E0_1_700m;5.00;172;172;10.36;27.81
4800.00;5100.00;1716.00;25.18;E0_0_800m;5.00;143;143;9.48;25.34
4800.00;5100.00;2172.00;27.45;E0_1_800m;5.00;181;181;10.99;27.58
4800.00;5100.00;1680.00;24.98;E0_0_900m;5.00;140;140;9.34;25.15
4800.00;5100.00;2196.00;27.37;E0_1_900m;5.00;183;183;11.14;27.50
4800.00;5100.00;1692.00;24.96;E0_0_1000m;5.00;141;140;9.36;25.12
4800.00;5100.00;2196.00;27.27;E0_1_1000m;5.00;183;183;11.19;27.40
4800.00;5100.00;1656.00;25.03;E0_0_1100m;5.00;138;138;9.19;25.19
4800.00;5100.00;2196.00;27.10;E0_1_1100m;5.00;183;183;11.25;27.23
4800.00;5100.00;1644.00;24.87;E0_0_1200m;5.00;137;137;9.18;25.02
4800.00;5100.00;2232.00;26.96;E0_1_1200m;5.00;186;186;11.50;27.09
4800.00;5100.00;1680.00;24.69;E0_0_1300m;5.00;140;140;9.45;24.87
4800.00;5100.00;2244.00;26.92;E0_1_1300m;5.00;187;187;11.58;27.07
4800.00;5100.00;1752.00;24.54;E0_0_1400m;5.00;146;146;9.91;24.73
4800.00;5100.00;2208.00;26.94;E0_1_1400m;5.00;184;184;11.38;27.14
4800.00;5100.00;1752.00;24.54;E0_0_1500m;5.00;146;146;9.92;24.71
4800.00;5100.00;2220.00;26.81;E0_1_1500m;5.00;185;185;11.50;27.05
4800.00;5100.00;1776.00;24.37;E0_0_1600m;5.00;148;148;10.12;24.54
4800.00;5100.00;2208.00;26.68;E0_1_1600m;5.00;184;185;11.51;26.94
4800.00;5100.00;1788.00;24.16;E0_0_1700m;5.00;149;150;10.33;24.33
4800.00;5100.00;2220.00;26.39;E0_1_1700m;5.00;185;185;11.68;26.68
4800.00;5100.00;1800.00;23.89;E0_0_1800m;5.00;150;149;10.43;24.06
4800.00;5100.00;2244.00;26.07;E0_1_1800m;5.00;187;187;11.95;26.37
4800.00;5100.00;1788.00;23.70;E0_0_1900m;5.00;149;150;10.54;23.87
4800.00;5100.00;2256.00;25.84;E0_1_1900m;5.00;188;188;12.12;26.18
4800.00;5100.00;1800.00;23.59;E0_0_2000m;5.00;150;150;10.60;23.76
4800.00;5100.00;2256.00;25.61;E0_1_2000m;5.00;188;188;12.23;25.94
4800.00;5100.00;1800.00;23.43;E0_0_2100m;5.00;150;150;10.67;23.61
4800.00;5100.00;2268.00;25.36;E0_1_2100m;5.00;189;188;12.36;25.71
4800.00;5100.00;1800.00;23.31;E0_0_2200m;5.00;150;151;10.79;23.48
4800.00;5100.00;2256.00;25.07;E0_1_2200m;5.00;188;188;12.50;25.42
4800.00;5100.00;1836.00;22.80;E0_0_2300m;5.00;153;152;11.14;22.94
4800.00;5100.00;2232.00;24.35;E0_1_2300m;5.00;186;186;12.73;24.67
4800.00;5100.00;1812.00;21.65;E0_0_2400m;5.00;151;151;11.62;21.83
4800.00;5100.00;2220.00;22.94;E0_1_2400m;5.00;185;185;13.44;23.24
4800.00;5100.00;1800.00;20.20;E0_0_2500m;5.00;150;150;12.38;20.44
4800.00;5100.00;2220.00;21.26;E0_1_2500m;5.00;185;185;14.50;21.56
4800.00;5100.00;1800.00;18.39;E0_0_2600m;5.00;150;150;13.60;18.56
4800.00;5100.00;2172.00;19.08;E0_1_2600m;5.00;181;181;15.81;19.28
4800.00;5100.00;1800.00;17.30;E0_0_2700m;5.00;150;150;14.45;17.43
4800.00;5100.00;2136.00;16.99;E0_1_2700m;5.00;178;178;17.46;17.20
4800.00;5100.00;1836.00;16.76;E0_0_2800m;5.00;153;153;15.21;17.02
4800.00;5100.00;2112.00;15.70;E0_1_2800m;5.00;176;178;18.80;15.96
4800.00;5100.00;1860.00;15.35;E0_0_2900m;5.00;155;155;16.88;15.48
4800.00;5100.00;2100.00;14.62;E0_1_2900m;5.00;175;176;19.97;14.83
4800.00;5100.00;1932.00;13.66;E0_0_3000m;5.00;161;161;19.65;13.70
4800.00;5100.00;2052.00;13.59;E0_1_3000m;5.00;171;170;20.93;13.62
4800.00;5100.00;1944.00;13.47;E0_0_3100m;5.00;162;163;20.06;13.47
4800.00;5100.00;2028.00;13.44;E0_1_3100m;5.00;169;169;20.95;13.44
4800.00;5100.00;1944.00;13.42;E0_0_3200m;5.00;162;162;20.12;13.42
4800.00;5100.00;2040.00;13.41;E0_1_3200m;5.00;170;170;21.13;13.41
4800.00;5100.00;1932.00;13.41;E0_0_3300m;5.00;161;162;20.09;13.41
4800.00;5100.00;2028.00;13.41;E0_1_3300m;5.00;169;169;21.01;13.41
4800.00;5100.00;1932.00;13.41;E0_0_3400m;5.00;161;161;20.01;13.41
4800.00;5100.00;2040.00;13.41;E0_1_3400m;5.00;170;169;21.04;13.41
4800.00;5100.00;1932.00;13.41;E0_0_3500m;5.00;161;161;20.02;13.41
4800.00;5100.00;2028.00;13.40;E0_1_3500m;5.00;169;169;21.01;13.40
4800.00;5100.00;1932.00;13.41;E0_0_3600m;5.00;161;161;20.02;13.41
4800.00;5100.00;2016.00;13.41;E0_1_3600m;5.00;168;168;20.89;13.41
4800.00;5100.00;1920.00;13.41;E0_0_3700m;5.00;160;161;19.94;13.41
4800.00;5100.00;2004.00;13.41;E0_1_3700m;5.00;167;168;20.83;13.41
4800.00;5100.00;1920.00;13.41;E0_0_3800m;5.00;160;160;19.89;13.41
4800.00;5100.00;2016.00;13.40;E0_1_3800m;5.00;168;168;20.89;13.40
4800.00;5100.00;1920.00;13.39;E0_0_3900m;5.00;160;159;19.80;13.39
4800.00;5100.00;2004.00;13.40;E0_1_3900m;5.00;167;168;20.90;13.40
4800.00;5100.00;1944.00;14.61;E0_0_4000m;5.00;162;162;18.49;14.74
4800.00;5100.00;1968.00;15.04;E0_1_4000m;5.00;164;164;18.17;15.26
4800.00;5100.00;1908.00;24.59;E0_0_4100m;5.00;159;159;10.78;24.68
4800.00;5100.00;2016.00;25.76;E0_1_4100m;5.00;168;168;10.87;25.80
4800.00;5100.00;1848.00;26.25;E0_0_4200m;5.00;154;154;9.78;26.45
4800.00;5100.00;2064.00;28.53;E0_1_4200m;5.00;172;172;10.05;28.75
4800.00;5100.00;1800.00;26.27;E0_0_4300m;5.00;150;151;9.58;26.44
4800.00;5100.00;2088.00;28.56;E0_1_4300m;5.00;174;174;10.16;28.84
4800.00;5100.00;1824.00;25.87;E0_0_4400m;5.00;152;152;9.79;26.01
4800.00;5100.00;2088.00;28.16;E0_1_4400m;5.00;174;173;10.26;28.46
4800.00;5100.00;1860.00;25.55;E0_0_4500m;5.00;155;155;10.11;25.68
4800.00;5100.00;2076.00;27.75;E0_1_4500m;5.00;173;173;10.39;28.07
4800.00;5100.00;1836.00;25.27;E0_0_4600m;5.00;153;154;10.09;25.41
4800.00;5100.00;2088.00;27.43;E0_1_4600m;5.00;174;173;10.55;27.76
4800.00;5100.00;1824.00;24.93;E0_0_4700m;5.00;152;152;10.16;25.09
4800.00;5100.00;2088.00;27.16;E0_1_4700m;5.00;174;175;10.69;27.48
4800.00;5100.00;1800.00;24.54;E0_0_4800m;5.00;150;150;10.19;24.71
4800.00;5100.00;2112.00;26.98;E0_1_4800m;5.00;176;176;10.87;27.31
4800.00;5100.00;1824.00;24.40;E0_0_4900m;5.00;152;153;10.44;24.57
4800.00;5100.00;2088.00;26.84;E0_1_4900m;5.00;174;174;10.80;27.22
4800.00;5100.00;1800.00;24.40;E0_0_5000m;5.00;150;150;10.24;24.56
4800.00;5100.00;2100.00;26.57;E0_1_5000m;5.00;175;175;10.98;26.94
5100.00;5400.00;0.00;-1.00;E0_0_0m;-1.00;0;0;0.00;-1.00
5100.00;5400.00;0.00;-1.00;E0_1_0m;-1.00;0;0;0.00;-1.00
5100.00;5400.00;1596.00;25.63;E0_0_100m;5.00;133;133;8.65;25.79
5100.00;5400.00;1944.00;27.26;E0_1_100m;5.00;162;162;9.91;27.41
5100.00;5400.00;1584.00;26.34;E0_0_200m;5.00;132;132;8.35;26.50
5100.00;5400.00;1944.00;28.52;E0_1_200m;5.00;162;163;9.50;28.76
5100.00;5400.00;1536.00;26.30;E0_0_300m;5.00;128;128;8.11;26.46
5100.00;5400.00;1968.00;28.59;E0_1_300m;5.00;164;165;9.57;28.86
5100.00;5400.00;1548.00;26.26;E0_0_400m;5.00;129;129;8.19;26.42
5100.00;5400.00;1992.00;28.47;E0_1_400m;5.00;166;166;9.72;28.73
5100.00;5400.00;1524.00;26.12;E0_0_500m;5.00;127;127;8.10;26.30
5100.00;5400.00;2004.00;28.46;E0_1_500m;5.00;167;167;9.78;28.73
5100.00;5400.00;1548.00;25.92;E0_0_600m;5.00;129;129;8.29;26.13
5100.00;5400.00;1956.00;28.61;E0_1_600m;5.00;163;163;9.50;28.87
5100.00;5400.00;1584.00;25.86;E0_0_700m;5.00;132;132;8.51;26.10
5100.00;5400.00;1944.00;28.49;E0_1_700m;5.00;162;162;9.48;28.73
5100.00;5400.00;1572.00;25.81;E0_0_800m;5.00;131;131;8.46;26.06
5100.00;5400.00;1956.00;28.17;E0_1_800m;5.00;163;163;9.64;28.42
5100.00;5400.00;1572.00;25.83;E0_0_900m;5.00;131;131;8.45;26.07
5100.00;5400.00;1968.00;28.05;E0_1_900m;5.00;164;164;9.74;28.30
5100.00;5400.00;1596.00;25.62;E0_0_1000m;5.00;133;133;8.65;25.88
5100.00;5400.00;1980.00;27.92;E0_1_1000m;5.00;165;165;9.85;28.16
5100.00;5400.00;1632.00;25.34;E0_0_1100m;5.00;136;136;8.95;25.61
5100.00;5400.00;1980.00;27.77;E0_1_1100m;5.00;165;166;9.93;28.00
5100.00;5400.00;1608.00;25.21;E0_0_1200m;5.00;134;135;8.92;25.48
5100.00;5400.00;1992.00;27.56;E0_1_1200m;5.00;166;166;10.04;27.76
5100.00;5400.00;1572.00;25.04;E0_0_1300m;5.00;131;131;8.72;25.29
5100.00;5400.00;2004.00;27.41;E0_1_1300m;5.00;167;167;10.15;27.58
5100.00;5400.00;1584.00;24.82;E0_0_1400m;5.00;132;132;8.87;25.07
5100.00;5400.00;2004.00;27.47;E0_1_1400m;5.00;167;168;10.15;27.64
5100.00;5400.00;1596.00;24.80;E0_0_1500m;5.00;133;133;8.94;25.03
5100.00;5400.00;1980.00;27.36;E0_1_1500m;5.00;165;165;10.05;27.53
5100.00;5400.00;1584.00;24.85;E0_0_1600m;5.00;132;132;8.85;25.02
5100.00;5400.00;1992.00;27.19;E0_1_1600m;5.00;166;165;10.16;27.36
5100.00;5400.00;1620.00;24.58;E0_0_1700m;5.00;135;134;9.11;24.78
5100.00;5400.00;1968.00;27.17;E0_1_1700m;5.00;164;164;10.08;27.33
5100.00;5400.00;1644.00;24.49;E0_0_1800m;5.00;137;137;9.33;24.73
5100.00;5400.00;1932.00;27.31;E0_1_1800m;5.00;161;163;9.87;27.49
5100.00;5400.00;1644.00;24.61;E0_0_1900m;5.00;137;137;9.28;24.83
5100.00;5400.00;1956.00;27.37;E0_1_1900m;5.00;163;163;9.93;27.55
5100.00;5400.00;1656.00;24.62;E0_0_2000m;5.00;138;138;9.34;24.85
5100.00;5400.00;1944.00;27.32;E0_1_2000m;5.00;162;162;9.88;27.48
5100.00;5400.00;1656.00;24.78;E0_0_2100m;5.00;138;139;9.33;25.01
5100.00;5400.00;1944.00;27.37;E0_1_2100m;5.00;162;162;9.86;27.53
5100.00;5400.00;1668.00;24.76;E0_0_2200m;5.00;139;138;9.30;24.99
5100.00;5400.00;1920.00;27.46;E0_1_2200m;5.00;160;161;9.78;27.60
5100.00;5400.00;1656.00;24.72;E0_0_2300m;5.00;138;139;9.34;24.94
5100.00;5400.00;1968.00;27.23;E0_1_2300m;5.00;164;164;10.04;27.37
5100.00;5400.00;1668.00;24.65;E0_0_2400m;5.00;139;139;9.40;24.85
5100.00;5400.00;1992.00;27.12;E0_1_2400m;5.00;166;166;10.20;27.26
5100.00;5400.00;1656.00;24.36;E0_0_2500m;5.00;138;138;9.44;24.56
5100.00;5400.00;2016.00;26.76;E0_1_2500m;5.00;168;168;10.47;26.93
5100.00;5400.00;1656.00;23.40;E0_0_2600m;5.00;138;139;9.84;23.63
5100.00;5400.00;2064.00;25.55;E0_1_2600m;5.00;172;172;11.22;25.95
5100.00;5400.00;1620.00;21.53;E0_0_2700m;5.00;135;135;10.45;21.93
5100.00;5400.00;2088.00;23.41;E0_1_2700m;5.00;174;174;12.39;24.23
5100.00;5400.00;1608.00;19.07;E0_0_2800m;5.00;134;134;11.71;19.46
5100.00;5400.00;2076.00;20.07;E0_1_2800m;5.00;173;173;14.37;20.94
5100.00;5400.00;1632.00;16.78;E0_0_2900m;5.00;136;135;13.43;16.98
5100.00;5400.00;2052.00;16.41;E0_1_2900m;5.00;171;172;17.40;16.85
5100.00;5400.00;1632.00;14.12;E0_0_3000m;5.00;136;136;16.05;14.20
5100.00;5400.00;2052.00;13.75;E0_1_3000m;5.00;171;171;20.73;13.80
5100.00;5400.00;1740.00;13.56;E0_0_3100m;5.00;145;145;17.83;13.58
5100.00;5400.00;1956.00;13.50;E0_1_3100m;5.00;163;163;20.13;13.51
5100.00;5400.00;1800.00;13.44;E0_0_3200m;5.00;150;150;18.61;13.44
5100.00;5400.00;1932.00;13.45;E0_1_3200m;5.00;161;162;19.96;13.46
5100.00;5400.00;1800.00;13.42;E0_0_3300m;5.00;150;150;18.62;13.42
5100.00;5400.00;1944.00;13.42;E0_1_3300m;5.00;162;163;20.15;13.42
5100.00;5400.00;1800.00;13.41;E0_0_3400m;5.00;150;150;18.64;13.41
5100.00;5400.00;1944.00;13.41;E0_1_3400m;5.00;162;162;20.13;13.41
5100.00;5400.00;1848.00;13.43;E0_0_3500m;5.00;154;154;19.12;13.43
5100.00;5400.00;1920.00;13.43;E0_1_3500m;5.00;160;160;19.85;13.44
5100.00;5400.00;1860.00;13.41;E0_0_3600m;5.00;155;155;19.26;13.41
5100.00;5400.00;1944.00;13.41;E0_1_3600m;5.00;162;162;20.13;13.41
5100.00;5400.00;1872.00;13.41;E0_0_3700m;5.00;156;156;19.46;13.41
5100.00;5400.00;1968.00;13.41;E0_1_3700m;5.00;164;163;20.31;13.41
5100.00;5400.00;1884.00;13.41;E0_0_3800m;5.00;157;157;19.52;13.41
5100.00;5400.00;1968.00;13.40;E0_1_3800m;5.00;164;164;20.40;13.40
5100.00;5400.00;1896.00;13.40;E0_0_3900m;5.00;158;158;19.65;13.40
5100.00;5400.00;1968.00;13.39;E0_1_3900m;5.00;164;163;20.28;13.39
5100.00;5400.00;1944.00;14.70;E0_0_4000m;5.00;162;162;18.36;14.85
5100.00;5400.00;1920.00;15.09;E0_1_4000m;5.00;160;161;17.71;15.31
5100.00;5400.00;1908.00;24.93;E0_0_4100m;5.00;159;160;10.67;25.00
5100.00;5400.00;1956.00;26.09;E0_1_4100m;5.00;163;163;10.41;26.11
5100.00;5400.00;1872.00;26.49;E0_0_4200m;5.00;156;157;9.86;26.75
5100.00;5400.00;1992.00;29.37;E0_1_4200m;5.00;166;166;9.42;29.50
5100.00;5400.00;1836.00;26.27;E0_0_4300m;5.00;153;152;9.64;26.62
5100.00;5400.00;2064.00;29.64;E0_1_4300m;5.00;172;172;9.67;29.81
5100.00;5400.00;1848.00;26.12;E0_0_4400m;5.00;154;154;9.83;26.46
5100.00;5400.00;2028.00;29.53;E0_1_4400m;5.00;169;169;9.54;29.71
5100.00;5400.00;1836.00;25.94;E0_0_4500m;5.00;153;153;9.83;26.27
5100.00;5400.00;2004.00;29.39;E0_1_4500m;5.00;167;167;9.47;29.55
5100.00;5400.00;1824.00;25.71;E0_0_4600m;5.00;152;151;9.83;26.00
5100.00;5400.00;2052.00;29.15;E0_1_4600m;5.00;171;171;9.78;29.29
5100.00;5400.00;1836.00;25.48;E0_0_4700m;5.00;153;153;10.01;25.73
5100.00;5400.00;2016.00;28.80;E0_1_4700m;5.00;168;168;9.72;28.94
5100.00;5400.00;1848.00;25.24;E0_0_4800m;5.00;154;154;10.17;25.49
5100.00;5400.00;2016.00;28.51;E0_1_4800m;5.00;168;169;9.86;28.66
5100.00;5400.00;1836.00;25.23;E0_0_4900m;5.00;153;154;10.13;25.45
5100.00;5400.00;2052.00;28.23;E0_1_4900m;5.00;171;171;10.10;28.38
5100.00;5400.00;1884.00;25.30;E0_0_5000m;5.00;157;157;10.34;25.53
5100.00;5400.00;2040.00;28.01;E0_1_5000m;5.00;170;170;10.12;28.16
5400.00;5700.00;0.00;-1.00;E0_0_0m;-1.00;0;0;0.00;-1.00
5400.00;5700.00;0.00;-1.00;E0_1_0m;-1.00;0;0;0.00;-1.00
5400.00;5700.00;1692.00;25.61;E0_0_100m;5.00;141;141;9.17;25.76
5400.00;5700.00;2112.00;26.90;E0_1_100m;5.00;176;176;10.90;27.05
5400.00;5700.00;1728.00;26.36;E0_0_200m;5.00;144;144;9.10;26.55
5400.00;5700.00;2088.00;27.84;E0_1_200m;5.00;174;174;10.42;28.04
5400.00;5700.00;1740.00;26.51;E0_0_300m;5.00;145;145;9.12;26.67
5400.00;5700.00;2100.00;28.06;E0_1_300m;5.00;175;174;10.38;28.26
5400.00;5700.00;1704.00;26.65;E0_0_400m;5.00;142;142;8.88;26.78
5400.00;5700.00;2136.00;28.14;E0_1_400m;5.00;178;178;10.54;28.32
5400.00;5700.00;1716.00;26.66;E0_0_500m;5.00;143;143;8.94;26.79
5400.00;5700.00;2148.00;28.17;E0_1_500m;5.00;179;179;10.59;28.34
5400.00;5700.00;1716.00;26.71;E0_0_600m;5.00;143;144;8.94;26.83
5400.00;5700.00;2136.00;28.03;E0_1_600m;5.00;178;178;10.58;28.18
5400.00;5700.00;1716.00;26.64;E0_0_700m;5.00;143;143;8.95;26.75
5400.00;5700.00;2124.00;27.90;E0_1_700m;5.00;177;177;10.57;28.04
5400.00;5700.00;1692.00;26.72;E0_0_800m;5.00;141;141;8.79;26.88
5400.00;5700.00;2124.00;27.82;E0_1_800m;5.00;177;178;10.66;27.95
5400.00;5700.00;1692.00;26.75;E0_0_900m;5.00;141;141;8.78;26.87
5400.00;5700.00;2100.00;27.76;E0_1_900m;5.00;175;176;10.53;27.91
5400.00;5700.00;1692.00;26.71;E0_0_1000m;5.00;141;141;8.80;26.83
5400.00;5700.00;2100.00;27.71;E0_1_1000m;5.00;175;175;10.53;27.86
5400.00;5700.00;1704.00;26.71;E0_0_1100m;5.00;142;142;8.86;26.82
5400.00;5700.00;2076.00;27.72;E0_1_1100m;5.00;173;173;10.40;27.87
5400.00;5700.00;1692.00;26.73;E0_0_1200m;5.00;141;140;8.73;26.84
5400.00;5700.00;2088.00;27.69;E0_1_1200m;5.00;174;174;10.47;27.84
5400.00;5700.00;1680.00;26.73;E0_0_1300m;5.00;140;141;8.79;26.84
5400.00;5700.00;2088.00;27.70;E0_1_1300m;5.00;174;174;10.47;27.85
5400.00;5700.00;1632.00;26.75;E0_0_1400m;5.00;136;136;8.47;26.86
5400.00;5700.00;2100.00;27.65;E0_1_1400m;5.00;175;176;10.61;27.79
5400.00;5700.00;1620.00;26.69;E0_0_1500m;5.00;135;135;8.43;26.79
5400.00;5700.00;2112.00;27.60;E0_1_1500m;5.00;176;177;10.68;27.74
5400.00;5700.00;1608.00;26.60;E0_0_1600m;5.00;134;134;8.39;26.69
5400.00;5700.00;2124.00;27.51;E0_1_1600m;5.00;177;177;10.72;27.65
5400.00;5700.00;1608.00;26.57;E0_0_1700m;5.00;134;134;8.41;26.66
5400.00;5700.00;2112.00;27.47;E0_1_1700m;5.00;176;175;10.61;27.62
5400.00;5700.00;1620.00;26.40;E0_0_1800m;5.00;135;135;8.52;26.48
5400.00;5700.00;2124.00;27.43;E0_1_1800m;5.00;177;178;10.78;27.59
5400.00;5700.00;1620.00;26.30;E0_0_1900m;5.00;135;135;8.55;26.38
5400.00;5700.00;2112.00;27.26;E0_1_1900m;5.00;176;177;10.79;27.40
5400.00;5700.00;1656.00;26.24;E0_0_2000m;5.00;138;139;8.79;26.33
5400.00;5700.00;2100.00;27.12;E0_1_2000m;5.00;175;175;10.75;27.27
5400.00;5700.00;1656.00;26.23;E0_0_2100m;5.00;138;138;8.77;26.32
5400.00;5700.00;2112.00;27.09;E0_1_2100m;5.00;176;176;10.83;27.22
5400.00;5700.00;1656.00;26.22;E0_0_2200m;5.00;138;138;8.77;26.31
5400.00;5700.00;2124.00;27.09;E0_1_2200m;5.00;177;176;10.82;27.21
5400.00;5700.00;1704.00;26.17;E0_0_2300m;5.00;142;142;9.04;26.26
5400.00;5700.00;2100.00;27.13;E0_1_2300m;5.00;175;175;10.75;27.25
5400.00;5700.00;1716.00;25.95;E0_0_2400m;5.00;143;143;9.18;26.04
5400.00;5700.00;2100.00;26.75;E0_1_2400m;5.00;175;175;10.91;26.87
5400.00;5700.00;1680.00;25.22;E0_0_2500m;5.00;140;140;9.25;25.35
5400.00;5700.00;2088.00;25.86;E0_1_2500m;5.00;174;174;11.21;26.04
5400.00;5700.00;1656.00;23.99;E0_0_2600m;5.00;138;138;9.59;24.22
5400.00;5700.00;2064.00;24.45;E0_1_2600m;5.00;172;172;11.73;24.80
5400.00;5700.00;1644.00;22.00;E0_0_2700m;5.00;137;137;10.38;22.40
5400.00;5700.00;2064.00;22.49;E0_1_2700m;5.00;172;172;12.75;23.00
5400.00;5700.00;1656.00;19.22;E0_0_2800m;5.00;138;139;11.97;19.64
5400.00;5700.00;2028.00;19.76;E0_1_2800m;5.00;169;169;14.25;20.21
5400.00;5700.00;1644.00;17.12;E0_0_2900m;5.00;137;137;13.34;17.35
5400.00;5700.00;2028.00;16.58;E0_1_2900m;5.00;169;169;17.03;16.98
5400.00;5700.00;1692.00;14.24;E0_0_3000m;5.00;141;141;16.51;14.36
5400.00;5700.00;1968.00;13.98;E0_1_3000m;5.00;164;165;19.60;14.11
5400.00;5700.00;1740.00;13.54;E0_0_3100m;5.00;145;146;17.88;13.57
5400.00;5700.00;1908.00;13.63;E0_1_3100m;5.00;159;159;19.44;13.69
5400.00;5700.00;1728.00;13.48;E0_0_3200m;5.00;144;144;17.80;13.49
5400.00;5700.00;1872.00;13.50;E0_1_3200m;5.00;156;156;19.28;13.51
5400.00;5700.00;1752.00;13.43;E0_0_3300m;5.00;146;145;18.06;13.43
5400.00;5700.00;1884.00;13.43;E0_1_3300m;5.00;157;156;19.44;13.43
5400.00;5700.00;1764.00;13.41;E0_0_3400m;5.00;147;147;18.26;13.41
5400.00;5700.00;1884.00;13.41;E0_1_3400m;5.00;157;157;19.51;13.41
5400.00;5700.00;1752.00;13.41;E0_0_3500m;5.00;146;147;18.26;13.41
5400.00;5700.00;1884.00;13.41;E0_1_3500m;5.00;157;157;19.51;13.41
5400.00;5700.00;1740.00;13.41;E0_0_3600m;5.00;145;145;18.02;13.41
5400.00;5700.00;1848.00;13.41;E0_1_3600m;5.00;154;154;19.14;13.41
5400.00;5700.00;1728.00;13.41;E0_0_3700m;5.00;144;144;17.83;13.41
5400.00;5700.00;1836.00;13.41;E0_1_3700m;5.00;153;153;19.02;13.41
5400.00;5700.00;1728.00;13.41;E0_0_3800m;5.00;144;144;17.89;13.41
5400.00;5700.00;1836.00;13.41;E0_1_3800m;5.00;153;153;19.02;13.41
5400.00;5700.00;1728.00;13.41;E0_0_3900m;5.00;144;144;17.90;13.41
5400.00;5700.00;1848.00;13.43;E0_1_3900m;5.00;154;154;19.11;13.43
5400.00;5700.00;1764.00;14.56;E0_0_4000m;5.00;147;147;16.83;14.66
5400.00;5700.00;1812.00;15.21;E0_1_4000m;5.00;151;151;16.55;15.45
5400.00;5700.00;1776.00;25.02;E0_0_4100m;5.00;148;148;9.86;25.12
5400.00;5700.00;1800.00;25.72;E0_1_4100m;5.00;150;150;9.72;25.77
5400.00;5700.00;1728.00;27.19;E0_0_4200m;5.00;144;143;8.78;27.46
5400.00;5700.00;1872.00;29.06;E0_1_4200m;5.00;156;156;8.95;29.31
5400.00;5700.00;1764.00;27.08;E0_0_4300m;5.00;147;147;9.05;27.35
5400.00;5700.00;1860.00;29.46;E0_1_4300m;5.00;155;155;8.77;29.71
5400.00;5700.00;1776.00;26.77;E0_0_4400m;5.00;148;148;9.22;27.05
5400.00;5700.00;1860.00;29.26;E0_1_4400m;5.00;155;155;8.83;29.51
5400.00;5700.00;1764.00;26.55;E0_0_4500m;5.00;147;150;9.33;26.85
5400.00;5700.00;1884.00;29.10;E0_1_4500m;5.00;157;157;8.99;29.39
5400.00;5700.00;1776.00;26.65;E0_0_4600m;5.00;148;148;9.26;26.91
5400.00;5700.00;1872.00;29.04;E0_1_4600m;5.00;156;157;8.98;29.25
5400.00;5700.00;1776.00;26.63;E0_0_4700m;5.00;148;148;9.26;26.87
5400.00;5700.00;1932.00;28.92;E0_1_4700m;5.00;161;161;9.28;29.12
5400.00;5700.00;1800.00;26.45;E0_0_4800m;5.00;150;150;9.45;26.69
5400.00;5700.00;1908.00;28.75;E0_1_4800m;5.00;159;159;9.21;28.94
5400.00;5700.00;1824.00;26.22;E0_0_4900m;5.00;152;151;9.64;26.47
5400.00;5700.00;1896.00;28.65;E0_1_4900m;5.00;158;158;9.19;28.85
5400.00;5700.00;1776.00;26.01;E0_0_5000m;5.00;148;148;9.48;26.25
5400.00;5700.00;1920.00;28.57;E0_1_5000m;5.00;160;160;9.34;28.76
5700.00;6000.00;0.00;-1.00;E0_0_0m;-1.00;0;0;0.00;-1.00
5700.00;6000.00;0.00;-1.00;E0_1_0m;-1.00;0;0;0.00;-1.00
5700.00;6000.00;1932.00;24.85;E0_0_100m;5.00;161;161;10.80;25.02
5700.00;6000.00;2340.00;25.47;E0_1_100m;5.00;195;195;12.76;25.61
5700.00;6000.00;1920.00;25.81;E0_0_200m;5.00;160;160;10.33;25.95
5700.00;6000.00;2340.00;26.35;E0_1_200m;5.00;195;196;12.38;26.53
5700.00;6000.00;1908.00;25.91;E0_0_300m;5.00;159;159;10.23;26.00
5700.00;6000.00;2328.00;26.42;E0_1_300m;5.00;194;194;12.24;26.56
5700.00;6000.00;1884.00;25.91;E0_0_400m;5.00;157;157;10.10;25.97
5700.00;6000.00;2316.00;26.43;E0_1_400m;5.00;193;193;12.17;26.56
5700.00;6000.00;1860.00;25.81;E0_0_500m;5.00;155;155;10.01;25.88
5700.00;6000.00;2304.00;26.38;E0_1_500m;5.00;192;193;12.14;26.50
5700.00;6000.00;1884.00;25.72;E0_0_600m;5.00;157;156;10.15;25.77
5700.00;6000.00;2316.00;26.34;E0_1_600m;5.00;193;193;12.21;26.46
5700.00;6000.00;1872.00;25.66;E0_0_700m;5.00;156;156;10.13;25.70
5700.00;6000.00;2304.00;26.25;E0_1_700m;5.00;192;192;12.19;26.36
5700.00;6000.00;1872.00;25.65;E0_0_800m;5.00;156;156;10.14;25.70
5700.00;6000.00;2292.00;26.18;E0_1_800m;5.00;191;191;12.16;26.30
5700.00;6000.00;1884.00;25.60;E0_0_900m;5.00;157;157;10.22;25.64
5700.00;6000.00;2316.00;26.11;E0_1_900m;5.00;193;192;12.30;26.22
5700.00;6000.00;1860.00;25.52;E0_0_1000m;5.00;155;156;10.17;25.55
5700.00;6000.00;2316.00;26.02;E0_1_1000m;5.00;193;193;12.36;26.13
5700.00;6000.00;1848.00;25.41;E0_0_1100m;5.00;154;155;10.16;25.44
5700.00;6000.00;2316.00;25.94;E0_1_1100m;5.00;193;193;12.40;26.04
5700.00;6000.00;1860.00;25.32;E0_0_1200m;5.00;155;155;10.20;25.35
5700.00;6000.00;2304.00;25.89;E0_1_1200m;5.00;192;192;12.36;26.00
5700.00;6000.00;1884.00;25.35;E0_0_1300m;5.00;157;156;10.26;25.38
5700.00;6000.00;2304.00;25.79;E0_1_1300m;5.00;192;192;12.41;25.88
5700.00;6000.00;1872.00;25.32;E0_0_1400m;5.00;156;156;10.27;25.35
5700.00;6000.00;2316.00;25.70;E0_1_1400m;5.00;193;192;12.46;25.78
5700.00;6000.00;1884.00;25.27;E0_0_1500m;5.00;157;157;10.36;25.30
5700.00;6000.00;2328.00;25.65;E0_1_1500m;5.00;194;193;12.56;25.73
5700.00;6000.00;1908.00;25.16;E0_0_1600m;5.00;159;159;10.53;25.19
5700.00;6000.00;2352.00;25.57;E0_1_1600m;5.00;196;196;12.78;25.65
5700.00;6000.00;1932.00;25.01;E0_0_1700m;5.00;161;161;10.73;25.04
5700.00;6000.00;2388.00;25.47;E0_1_1700m;5.00;199;199;13.02;25.56
5700.00;6000.00;1908.00;24.86;E0_0_1800m;5.00;159;159;10.66;24.91
5700.00;6000.00;2376.00;25.38;E0_1_1800m;5.00;198;197;12.97;25.51
5700.00;6000.00;1920.00;24.72;E0_0_1900m;5.00;160;160;10.79;24.79
5700.00;6000.00;2364.00;25.27;E0_1_1900m;5.00;197;196;12.96;25.42
5700.00;6000.00;1908.00;24.57;E0_0_2000m;5.00;159;158;10.76;24.68
5700.00;6000.00;2340.00;25.10;E0_1_2000m;5.00;195;195;12.95;25.29
5700.00;6000.00;1908.00;24.22;E0_0_2100m;5.00;159;159;10.94;24.38
5700.00;6000.00;2316.00;24.90;E0_1_2100m;5.00;193;193;12.92;25.14
5700.00;6000.00;1896.00;23.74;E0_0_2200m;5.00;158;158;11.09;23.96
5700.00;6000.00;2316.00;24.39;E0_1_2200m;5.00;193;193;13.19;24.68
5700.00;6000.00;1848.00;23.18;E0_0_2300m;5.00;154;154;11.07;23.50
5700.00;6000.00;2268.00;23.77;E0_1_2300m;5.00;189;189;13.25;24.13
5700.00;6000.00;1800.00;22.43;E0_0_2400m;5.00;150;150;11.15;22.84
5700.00;6000.00;2220.00;22.95;E0_1_2400m;5.00;185;185;13.44;23.41
5700.00;6000.00;1788.00;21.31;E0_0_2500m;5.00;149;149;11.65;21.82
5700.00;6000.00;2184.00;21.75;E0_1_2500m;5.00;182;182;13.95;22.31
5700.00;6000.00;1764.00;19.65;E0_0_2600m;5.00;147;147;12.47;20.13
5700.00;6000.00;2172.00;19.82;E0_1_2600m;5.00;181;181;15.22;20.43
5700.00;6000.00;1740.00;18.14;E0_0_2700m;5.00;145;145;13.32;18.50
5700.00;6000.00;2160.00;17.68;E0_1_2700m;5.00;180;180;16.97;18.24
5700.00;6000.00;1740.00;17.19;E0_0_2800m;5.00;145;145;14.13;17.36
5700.00;6000.00;2160.00;15.90;E0_1_2800m;5.00;180;180;18.87;16.29
5700.00;6000.00;1752.00;16.43;E0_0_2900m;5.00;146;146;14.81;16.46
5700.00;6000.00;2148.00;14.47;E0_1_2900m;5.00;179;179;20.62;14.60
5700.00;6000.00;1788.00;14.12;E0_0_3000m;5.00;149;149;17.58;14.20
5700.00;6000.00;2136.00;13.51;E0_1_3000m;5.00;178;178;21.95;13.52
5700.00;6000.00;1836.00;13.58;E0_0_3100m;5.00;153;152;18.74;13.60
5700.00;6000.00;2088.00;13.43;E0_1_3100m;5.00;174;175;21.69;13.43
5700.00;6000.00;1848.00;13.47;E0_0_3200m;5.00;154;154;19.05;13.48
5700.00;6000.00;2088.00;13.41;E0_1_3200m;5.00;174;173;21.60;13.41
5700.00;6000.00;1836.00;13.44;E0_0_3300m;5.00;153;153;18.98;13.44
5700.00;6000.00;2052.00;13.41;E0_1_3300m;5.00;171;172;21.37;13.41
5700.00;6000.00;1824.00;13.42;E0_0_3400m;5.00;152;152;18.88;13.42
5700.00;6000.00;2052.00;13.40;E0_1_3400m;5.00;171;171;21.26;13.40
5700.00;6000.00;1824.00;13.41;E0_0_3500m;5.00;152;151;18.77;13.41
5700.00;6000.00;2052.00;13.41;E0_1_3500m;5.00;171;171;21.26;13.41
5700.00;6000.00;1824.00;13.41;E0_0_3600m;5.00;152;152;18.89;13.41
5700.00;6000.00;2052.00;13.41;E0_1_3600m;5.00;171;171;21.26;13.41
5700.00;6000.00;1860.00;13.42;E0_0_3700m;5.00;155;154;19.20;13.42
5700.00;6000.00;2052.00;13.41;E0_1_3700m;5.00;171;171;21.26;13.41
5700.00;6000.00;1872.00;13.41;E0_0_3800m;5.00;156;156;19.38;13.41
5700.00;6000.00;2028.00;13.41;E0_1_3800m;5.00;169;170;21.05;13.41
5700.00;6000.00;1872.00;13.41;E0_0_3900m;5.00;156;156;19.39;13.41
5700.00;6000.00;2028.00;13.41;E0_1_3900m;5.00;169;169;21.01;13.41
5700.00;6000.00;1920.00;14.95;E0_0_4000m;5.00;160;160;17.84;15.14
5700.00;6000.00;1980.00;15.32;E0_1_4000m;5.00;165;167;18.07;15.54
5700.00;6000.00;1920.00;25.30;E0_0_4100m;5.00;160;161;10.54;25.34
5700.00;6000.00;1992.00;25.76;E0_1_4100m;5.00;166;166;10.74;25.82
5700.00;6000.00;1848.00;27.42;E0_0_4200m;5.00;154;156;9.48;27.55
5700.00;6000.00;2040.00;28.86;E0_1_4200m;5.00;170;170;9.82;29.07
5700.00;6000.00;1824.00;27.53;E0_0_4300m;5.00;152;152;9.20;27.65
5700.00;6000.00;2040.00;29.07;E0_1_4300m;5.00;170;170;9.75;29.27
5700.00;6000.00;1836.00;27.26;E0_0_4400m;5.00;153;153;9.35;27.37
5700.00;6000.00;2004.00;28.89;E0_1_4400m;5.00;167;167;9.64;29.08
5700.00;6000.00;1836.00;27.09;E0_0_4500m;5.00;153;152;9.36;27.18
5700.00;6000.00;2004.00;28.63;E0_1_4500m;5.00;167;167;9.72;28.83
5700.00;6000.00;1836.00;26.98;E0_0_4600m;5.00;153;153;9.45;27.08
5700.00;6000.00;2004.00;28.62;E0_1_4600m;5.00;167;167;9.73;28.83
5700.00;6000.00;1836.00;27.00;E0_0_4700m;5.00;153;154;9.45;27.11
5700.00;6000.00;1944.00;28.52;E0_1_4700m;5.00;162;162;9.47;28.77
5700.00;6000.00;1800.00;26.93;E0_0_4800m;5.00;150;150;9.28;27.03
5700.00;6000.00;1968.00;28.58;E0_1_4800m;5.00;164;165;9.57;28.78
5700.00;6000.00;1776.00;26.98;E0_0_4900m;5.00;148;148;9.14;27.08
5700.00;6000.00;1956.00;28.50;E0_1_4900m;5.00;163;163;9.53;28.68
5700.00;6000.00;1752.00;26.99;E0_0_5000m;5.00;146;147;9.05;27.08
5700.00;6000.00;1956.00;28.46;E0_1_5000m;5.00;163;163;9.55;28.62
6000.00;6300.00;0.00;-1.00;E0_0_0m;-1.00;0;0;0.00;-1.00
6000.00;6300.00;0.00;-1.00;E0_1_0m;-1.00;0;0;0.00;-1.00
6000.00;6300.00;1920.00;22.94;E0_0_100m;5.00;160;161;11.66;23.02
6000.00;6300.00;2292.00;23.51;E0_1_100m;5.00;191;191;13.54;23.58
6000.00;6300.00;1920.00;25.62;E0_0_200m;5.00;160;160;10.41;25.75
6000.00;6300.00;2280.00;26.49;E0_1_200m;5.00;190;191;11.98;26.61
6000.00;6300.00;1908.00;26.06;E0_0_300m;5.00;159;159;10.17;26.17
6000.00;6300.00;2304.00;26.89;E0_1_300m;5.00;192;192;11.90;27.01
6000.00;6300.00;1920.00;26.12;E0_0_400m;5.00;160;160;10.21;26.23
6000.00;6300.00;2304.00;27.04;E0_1_400m;5.00;192;192;11.84;27.14
6000.00;6300.00;1932.00;26.20;E0_0_500m;5.00;161;161;10.24;26.29
6000.00;6300.00;2280.00;27.04;E0_1_500m;5.00;190;189;11.70;27.14
6000.00;6300.00;1896.00;26.24;E0_0_600m;5.00;158;158;10.04;26.31
6000.00;6300.00;2292.00;26.97;E0_1_600m;5.00;191;191;11.80;27.06
6000.00;6300.00;1896.00;26.35;E0_0_700m;5.00;158;158;9.99;26.41
6000.00;6300.00;2280.00;26.98;E0_1_700m;5.00;190;191;11.76;27.07
6000.00;6300.00;1896.00;26.41;E0_0_800m;5.00;158;158;9.97;26.46
6000.00;6300.00;2268.00;26.92;E0_1_800m;5.00;189;189;11.70;27.01
6000.00;6300.00;1920.00;26.41;E0_0_900m;5.00;160;160;10.10;26.46
6000.00;6300.00;2232.00;26.87;E0_1_900m;5.00;186;186;11.54;26.97
6000.00;6300.00;1872.00;26.38;E0_0_1000m;5.00;156;155;9.81;26.44
6000.00;6300.00;2268.00;26.75;E0_1_1000m;5.00;189;189;11.78;26.84
6000.00;6300.00;1860.00;26.33;E0_0_1100m;5.00;155;154;9.76;26.39
6000.00;6300.00;2280.00;26.65;E0_1_1100m;5.00;190;190;11.88;26.74
6000.00;6300.00;1860.00;26.23;E0_0_1200m;5.00;155;155;9.85;26.29
6000.00;6300.00;2280.00;26.55;E0_1_1200m;5.00;190;190;11.93;26.64
6000.00;6300.00;1836.00;25.77;E0_0_1300m;5.00;153;153;9.89;25.82
6000.00;6300.00;2280.00;26.24;E0_1_1300m;5.00;190;190;12.07;26.31
6000.00;6300.00;1812.00;24.28;E0_0_1400m;5.00;151;151;10.36;24.53
6000.00;6300.00;2280.00;24.95;E0_1_1400m;5.00;190;190;12.69;25.15
6000.00;6300.00;1800.00;22.05;E0_0_1500m;5.00;150;150;11.34;22.76
6000.00;6300.00;2244.00;21.98;E0_1_1500m;5.00;187;187;14.18;23.10
6000.00;6300.00;1788.00;20.24;E0_0_1600m;5.00;149;150;12.43;21.30
6000.00;6300.00;2160.00;18.52;E0_1_1600m;5.00;180;180;16.20;21.14
6000.00;6300.00;1764.00;17.39;E0_0_1700m;5.00;147;147;14.09;19.48
6000.00;6300.00;2028.00;14.86;E0_1_1700m;5.00;169;169;18.96;19.31
6000.00;6300.00;1704.00;13.94;E0_0_1800m;5.00;142;143;17.19;17.68
6000.00;6300.00;1956.00;12.14;E0_1_1800m;5.00;163;163;22.37;17.73
6000.00;6300.00;1656.00;11.33;E0_0_1900m;5.00;138;139;20.78;16.12
6000.00;6300.00;1848.00;10.40;E0_1_1900m;5.00;154;154;24.67;16.22
6000.00;6300.00;1620.00;9.69;E0_0_2000m;5.00;135;136;23.32;14.69
6000.00;6300.00;1740.00;9.03;E0_1_2000m;5.00;145;146;26.80;14.77
6000.00;6300.00;1548.00;8.44;E0_0_2100m;5.00;129;130;25.63;13.52
6000.00;6300.00;1668.00;7.77;E0_1_2100m;5.00;139;139;29.80;13.23
6000.00;6300.00;1512.00;7.59;E0_0_2200m;5.00;126;126;27.67;12.44
6000.00;6300.00;1536.00;6.80;E0_1_2200m;5.00;128;129;32.19;11.67
6000.00;6300.00;1452.00;6.76;E0_0_2300m;5.00;121;121;29.85;11.27
6000.00;6300.00;1476.00;5.91;E0_1_2300m;5.00;123;123;34.66;10.06
6000.00;6300.00;1416.00;6.06;E0_0_2400m;5.00;118;118;32.47;10.23
6000.00;6300.00;1380.00;5.25;E0_1_2400m;5.00;115;115;36.49;8.70
6000.00;6300.00;1368.00;5.57;E0_0_2500m;5.00;114;115;34.40;9.66
6000.00;6300.00;1272.00;4.73;E0_1_2500m;5.00;106;108;37.92;7.81
6000.00;6300.00;1296.00;4.93;E0_0_2600m;5.00;108;109;36.91;8.47
6000.00;6300.00;1188.00;4.11;E0_1_2600m;5.00;99;99;40.17;6.59
6000.00;6300.00;1236.00;4.37;E0_0_2700m;5.00;103;103;39.28;7.24
6000.00;6300.00;1104.00;3.75;E0_1_2700m;5.00;92;93;41.51;5.90
6000.00;6300.00;1176.00;3.98;E0_0_2800m;5.00;98;97;40.96;6.26
6000.00;6300.00;1044.00;3.45;E0_1_2800m;5.00;87;88;42.52;5.21
6000.00;6300.00;1104.00;3.59;E0_0_2900m;5.00;92;92;42.74;5.16
6000.00;6300.00;996.00;3.20;E0_1_2900m;5.00;83;83;43.37;4.59
6000.00;6300.00;960.00;3.00;E0_0_3000m;5.00;80;84;48.40;4.30
6000.00;6300.00;984.00;3.99;E0_1_3000m;5.00;82;83;34.23;4.69
6000.00;6300.00;924.00;4.66;E0_0_3100m;5.00;77;77;27.51;5.12
6000.00;6300.00;996.00;4.69;E0_1_3100m;5.00;83;82;29.42;5.22
6000.00;6300.00;900.00;4.52;E0_0_3200m;5.00;75;75;27.65;4.88
6000.00;6300.00;960.00;4.49;E0_1_3200m;5.00;80;80;29.72;4.88
6000.00;6300.00;888.00;4.35;E0_0_3300m;5.00;74;74;28.38;4.71
6000.00;6300.00;948.00;4.35;E0_1_3300m;5.00;79;78;30.17;4.78
6000.00;6300.00;876.00;4.13;E0_0_3400m;5.00;73;74;29.58;4.65
6000.00;6300.00;912.00;4.12;E0_1_3400m;5.00;76;77;30.85;4.55
6000.00;6300.00;660.00;6.74;E0_0_3500m;5.00;55;70;20.88;7.41
6000.00;6300.00;1116.00;4.25;E0_1_3500m;5.00;93;94;36.56;6.18
6000.00;6300.00;648.00;14.01;E0_0_3600m;5.00;54;60;8.88;15.42
6000.00;6300.00;1176.00;10.46;E0_1_3600m;5.00;98;105;16.66;11.97
6000.00;6300.00;588.00;13.84;E0_0_3700m;5.00;49;51;6.01;15.15
6000.00;6300.00;1260.00;10.49;E0_1_3700m;5.00;105;107;16.79;12.14
6000.00;6300.00;624.00;15.07;E0_0_3800m;5.00;52;57;5.94;15.65
6000.00;6300.00;1308.00;12.26;E0_1_3800m;5.00;109;110;14.91;12.89
6000.00;6300.00;636.00;16.07;E0_0_3900m;5.00;53;56;5.68;16.39
6000.00;6300.00;1320.00;12.36;E0_1_3900m;5.00;110;112;14.98;13.44
6000.00;6300.00;636.00;17.14;E0_0_4000m;5.00;53;55;5.27;17.49
6000.00;6300.00;1392.00;14.01;E0_1_4000m;5.00;116;117;13.87;14.50
6000.00;6300.00;612.00;24.38;E0_0_4100m;5.00;51;53;3.56;24.69
6000.00;6300.00;1440.00;24.86;E0_1_4100m;5.00;120;122;8.08;25.11
6000.00;6300.00;636.00;24.87;E0_0_4200m;5.00;53;52;3.49;25.98
6000.00;6300.00;1440.00;24.99;E0_1_4200m;5.00;120;121;8.02;26.80
6000.00;6300.00;672.00;22.42;E0_0_4300m;5.00;56;57;4.18;25.51
6000.00;6300.00;1416.00;22.30;E0_1_4300m;5.00;118;119;8.84;26.66
6000.00;6300.00;660.00;24.89;E0_0_4400m;5.00;55;55;3.68;26.02
6000.00;6300.00;1476.00;26.01;E0_1_4400m;5.00;123;123;7.88;27.26
6000.00;6300.00;672.00;25.42;E0_0_4500m;5.00;56;57;3.72;25.97
6000.00;6300.00;1464.00;26.37;E0_1_4500m;5.00;122;122;7.71;27.08
6000.00;6300.00;648.00;24.10;E0_0_4600m;5.00;54;54;3.73;25.02
6000.00;6300.00;1500.00;23.93;E0_1_4600m;5.00;125;125;8.71;25.54
6000.00;6300.00;684.00;23.57;E0_0_4700m;5.00;57;58;4.04;24.55
6000.00;6300.00;1524.00;23.43;E0_1_4700m;5.00;127;127;9.03;24.87
6000.00;6300.00;720.00;22.79;E0_0_4800m;5.00;60;62;4.47;24.05
6000.00;6300.00;1548.00;22.96;E0_1_4800m;5.00;129;130;9.40;24.73
6000.00;6300.00;696.00;22.07;E0_0_4900m;5.00;58;58;4.38;23.97
6000.00;6300.00;1620.00;21.62;E0_1_4900m;5.00;135;135;10.41;24.66
6000.00;6300.00;732.00;24.00;E0_0_5000m;5.00;61;60;4.21;25.00
6000.00;6300.00;1620.00;24.17;E0_1_5000m;5.00;135;135;9.31;25.68
6300.00;6600.00;0.00;-1.00;E0_0_0m;-1.00;0;0;0.00;-1.00
6300.00;6600.00;0.00;-1.00;E0_1_0m;-1.00;0;0;0.00;-1.00
6300.00;6600.00;2016.00;20.09;E0_0_100m;5.00;168;168;13.94;20.34
6300.00;6600.00;2016.00;19.43;E0_1_100m;5.00;168;169;14.61;20.32
6300.00;6600.00;2004.00;21.27;E0_0_200m;5.00;167;167;13.08;22.93
6300.00;6600.00;1980.00;20.46;E0_1_200m;5.00;165;165;13.69;23.80
6300.00;6600.00;1932.00;19.05;E0_0_300m;5.00;161;161;14.08;21.88
6300.00;6600.00;1944.00;17.28;E0_1_300m;5.00;162;163;16.06;23.08
6300.00;6600.00;1872.00;16.67;E0_0_400m;5.00;156;157;15.99;20.87
6300.00;6600.00;1848.00;13.76;E0_1_400m;5.00;154;155;18.69;21.99
6300.00;6600.00;1788.00;14.00;E0_0_500m;5.00;149;150;18.31;19.63
6300.00;6600.00;1776.00;11.29;E0_1_500m;5.00;148;148;21.84;20.94
6300.00;6600.00;1716.00;11.38;E0_0_600m;5.00;143;144;20.99;18.00
6300.00;6600.00;1680.00;9.52;E0_1_600m;5.00;140;140;24.51;19.19
6300.00;6600.00;1668.00;9.67;E0_0_700m;5.00;139;139;23.95;16.56
6300.00;6600.00;1572.00;8.14;E0_1_700m;5.00;131;131;26.99;17.38
6300.00;6600.00;1584.00;8.15;E0_0_800m;5.00;132;133;27.54;14.35
6300.00;6600.00;1476.00;6.77;E0_1_800m;5.00;123;124;30.77;15.14
6300.00;6600.00;1488.00;6.86;E0_0_900m;5.00;124;125;30.52;12.48
6300.00;6600.00;1392.00;5.72;E0_1_900m;5.00;116;116;33.80;13.11
6300.00;6600.00;1404.00;5.90;E0_0_1000m;5.00;117;118;33.08;10.82
6300.00;6600.00;1320.00;5.08;E0_1_1000m;5.00;110;110;36.08;11.61
6300.00;6600.00;1332.00;5.24;E0_0_1100m;5.00;111;111;35.33;9.50
6300.00;6600.00;1248.00;4.52;E0_1_1100m;5.00;104;104;38.34;9.91
6300.00;6600.00;1236.00;4.71;E0_0_1200m;5.00;103;104;36.98;8.40
6300.00;6600.00;1164.00;4.06;E0_1_1200m;5.00;97;98;40.40;8.36
6300.00;6600.00;1176.00;4.29;E0_0_1300m;5.00;98;99;38.60;7.30
6300.00;6600.00;1080.00;3.62;E0_1_1300m;5.00;90;91;41.70;6.76
6300.00;6600.00;1128.00;3.92;E0_0_1400m;5.00;94;95;40.43;6.13
6300.00;6600.00;996.00;3.20;E0_1_1400m;5.00;83;84;43.31;4.86
6300.00;6600.00;1056.00;3.52;E0_0_1500m;5.00;88;89;41.85;4.88
6300.00;6600.00;936.00;2.88;E0_1_1500m;5.00;78;79;45.48;3.51
6300.00;6600.00;996.00;3.17;E0_0_1600m;5.00;83;82;43.53;3.64
6300.00;6600.00;888.00;2.64;E0_1_1600m;5.00;74;75;47.03;2.74
6300.00;6600.00;936.00;2.91;E0_0_1700m;5.00;78;79;45.37;2.98
6300.00;6600.00;876.00;2.58;E0_1_1700m;5.00;73;73;47.16;2.63
6300.00;6600.00;924.00;2.78;E0_0_1800m;5.00;77;77;46.02;2.80
6300.00;6600.00;864.00;2.56;E0_1_1800m;5.00;72;73;47.15;2.61
6300.00;6600.00;924.00;2.73;E0_0_1900m;5.00;77;76;46.44;2.75
6300.00;6600.00;852.00;2.53;E0_1_1900m;5.00;71;72;47.51;2.58
6300.00;6600.00;924.00;2.73;E0_0_2000m;5.00;77;76;46.92;2.74
6300.00;6600.00;852.00;2.51;E0_1_2000m;5.00;71;71;47.13;2.56
6300.00;6600.00;912.00;2.71;E0_0_2100m;5.00;76;76;47.01;2.72
6300.00;6600.00;852.00;2.51;E0_1_2100m;5.00;71;71;47.13;2.57
6300.00;6600.00;912.00;2.69;E0_0_2200m;5.00;76;77;47.31;2.71
6300.00;6600.00;864.00;2.54;E0_1_2200m;5.00;72;72;46.66;2.59
6300.00;6600.00;900.00;2.67;E0_0_2300m;5.00;75;76;47.47;2.69
6300.00;6600.00;852.00;2.56;E0_1_2300m;5.00;71;72;46.96;2.61
6300.00;6600.00;888.00;2.61;E0_0_2400m;5.00;74;74;47.21;2.65
6300.00;6600.00;852.00;2.55;E0_1_2400m;5.00;71;71;46.44;2.61
6300.00;6600.00;876.00;2.58;E0_0_2500m;5.00;73;73;47.38;2.63
6300.00;6600.00;864.00;2.51;E0_1_2500m;5.00;72;71;47.28;2.59
6300.00;6600.00;876.00;2.57;E0_0_2600m;5.00;73;73;47.45;2.64
6300.00;6600.00;852.00;2.54;E0_1_2600m;5.00;71;72;47.41;2.62
6300.00;6600.00;876.00;2.58;E0_0_2700m;5.00;73;73;47.14;2.65
6300.00;6600.00;876.00;2.53;E0_1_2700m;5.00;73;72;47.51;2.62
6300.00;6600.00;864.00;2.56;E0_0_2800m;5.00;72;73;47.36;2.64
6300.00;6600.00;864.00;2.50;E0_1_2800m;5.00;72;72;47.92;2.59
6300.00;6600.00;864.00;2.55;E0_0_2900m;5.00;72;72;47.10;2.64
6300.00;6600.00;864.00;2.46;E0_1_2900m;5.00;72;71;48.57;2.57
6300.00;6600.00;852.00;2.16;E0_0_3000m;5.00;71;72;55.60;2.54
6300.00;6600.00;852.00;3.66;E0_1_3000m;5.00;71;70;32.36;3.80
6300.00;6600.00;864.00;3.74;E0_0_3100m;5.00;72;72;32.10;3.92
6300.00;6600.00;840.00;3.74;E0_1_3100m;5.00;70;70;31.21;3.93
6300.00;6600.00;852.00;3.75;E0_0_3200m;5.00;71;71;31.53;3.96
6300.00;6600.00;852.00;3.75;E0_1_3200m;5.00;71;71;31.58;3.96
6300.00;6600.00;828.00;3.72;E0_0_3300m;5.00;69;70;31.08;4.00
6300.00;6600.00;840.00;3.73;E0_1_3300m;5.00;70;70;31.25;4.04
6300.00;6600.00;816.00;3.72;E0_0_3400m;5.00;68;67;30.36;4.18
6300.00;6600.00;840.00;3.78;E0_1_3400m;5.00;70;69;30.79;4.29
6300.00;6600.00;516.00;6.08;E0_0_3500m;5.00;43;62;22.01;6.81
6300.00;6600.00;1068.00;3.52;E0_1_3500m;5.00;89;91;42.37;5.87
6300.00;6600.00;408.00;16.80;E0_0_3600m;5.00;34;42;7.69;17.04
6300.00;6600.00;1200.00;11.04;E0_1_3600m;5.00;100;105;15.45;12.43
6300.00;6600.00;372.00;15.19;E0_0_3700m;5.00;31;38;3.85;15.66
6300.00;6600.00;1212.00;13.24;E0_1_3700m;5.00;101;108;13.21;13.90
6300.00;6600.00;312.00;15.88;E0_0_3800m;5.00;26;29;2.89;16.12
6300.00;6600.00;1236.00;13.26;E0_1_3800m;5.00;103;105;13.04;13.46
6300.00;6600.00;348.00;16.80;E0_0_3900m;5.00;29;31;3.01;16.85
6300.00;6600.00;1248.00;13.44;E0_1_3900m;5.00;104;106;13.02;13.77
6300.00;6600.00;324.00;17.88;E0_0_4000m;5.00;27;32;2.79;18.55
6300.00;6600.00;1272.00;14.42;E0_1_4000m;5.00;106;110;12.59;15.12
6300.00;6600.00;312.00;25.62;E0_0_4100m;5.00;26;27;1.76;25.67
6300.00;6600.00;1284.00;25.97;E0_1_4100m;5.00;107;107;6.88;26.07
6300.00;6600.00;372.00;27.96;E0_0_4200m;5.00;31;31;1.85;28.11
6300.00;6600.00;1260.00;29.06;E0_1_4200m;5.00;105;104;6.01;29.23
6300.00;6600.00;408.00;27.62;E0_0_4300m;5.00;34;34;2.05;27.78
6300.00;6600.00;1248.00;29.28;E0_1_4300m;5.00;104;105;5.93;29.49
6300.00;6600.00;360.00;27.95;E0_0_4400m;5.00;30;32;1.85;28.07
6300.00;6600.00;1284.00;28.95;E0_1_4400m;5.00;107;107;6.16;29.25
6300.00;6600.00;372.00;27.84;E0_0_4500m;5.00;31;31;1.86;27.99
6300.00;6600.00;1272.00;28.96;E0_1_4500m;5.00;106;106;6.10;29.22
6300.00;6600.00;360.00;27.90;E0_0_4600m;5.00;30;31;1.84;28.02
6300.00;6600.00;1296.00;28.71;E0_1_4600m;5.00;108;108;6.27;29.00
6300.00;6600.00;372.00;27.37;E0_0_4700m;5.00;31;31;1.89;27.57
6300.00;6600.00;1284.00;28.37;E0_1_4700m;5.00;107;107;6.29;28.68
6300.00;6600.00;336.00;27.64;E0_0_4800m;5.00;28;28;1.69;27.77
6300.00;6600.00;1272.00;28.14;E0_1_4800m;5.00;106;106;6.28;28.45
6300.00;6600.00;360.00;27.04;E0_0_4900m;5.00;30;30;1.85;27.26
6300.00;6600.00;1248.00;27.77;E0_1_4900m;5.00;104;104;6.24;28.12
6300.00;6600.00;360.00;27.49;E0_0_5000m;5.00;30;30;1.82;27.64
6300.00;6600.00;1272.00;27.94;E0_1_5000m;5.00;106;106;6.32;28.24
6600.00;6900.00;0.00;-1.00;E0_0_0m;-1.00;0;0;0.00;-1.00
6600.00;6900.00;0.00;-1.00;E0_1_0m;-1.00;0;0;0.00;-1.00
6600.00;6900.00;1032.00;3.33;E0_0_100m;5.00;86;87;43.55;4.21
6600.00;6900.00;936.00;2.80;E0_1_100m;5.00;78;77;46.21;3.08
6600.00;6900.00;972.00;3.01;E0_0_200m;5.00;81;81;44.79;3.36
6600.00;6900.00;888.00;2.62;E0_1_200m;5.00;74;73;46.81;2.68
6600.00;6900.00;924.00;2.80;E0_0_300m;5.00;77;78;45.85;2.88
6600.00;6900.00;864.00;2.54;E0_1_300m;5.00;72;72;46.93;2.56
6600.00;6900.00;900.00;2.69;E0_0_400m;5.00;75;75;46.24;2.71
6600.00;6900.00;852.00;2.52;E0_1_400m;5.00;71;71;47.60;2.54
6600.00;6900.00;900.00;2.64;E0_0_500m;5.00;75;74;46.76;2.65
6600.00;6900.00;852.00;2.53;E0_1_500m;5.00;71;72;47.58;2.55
6600.00;6900.00;888.00;2.62;E0_0_600m;5.00;74;73;47.03;2.63
6600.00;6900.00;864.00;2.52;E0_1_600m;5.00;72;72;47.63;2.54
6600.00;6900.00;876.00;2.61;E0_0_700m;5.00;73;74;46.93;2.62
6600.00;6900.00;864.00;2.51;E0_1_700m;5.00;72;72;47.75;2.54
6600.00;6900.00;876.00;2.59;E0_0_800m;5.00;73;73;46.99;2.61
6600.00;6900.00;864.00;2.50;E0_1_800m;5.00;72;71;47.54;2.53
6600.00;6900.00;876.00;2.56;E0_0_900m;5.00;73;72;47.07;2.58
6600.00;6900.00;852.00;2.48;E0_1_900m;5.00;71;71;47.67;2.52
6600.00;6900.00;864.00;2.53;E0_0_1000m;5.00;72;71;47.45;2.55
6600.00;6900.00;840.00;2.45;E0_1_1000m;5.00;70;70;47.62;2.49
6600.00;6900.00;852.00;2.50;E0_0_1100m;5.00;71;72;47.43;2.52
6600.00;6900.00;828.00;2.41;E0_1_1100m;5.00;69;69;47.71;2.45
6600.00;6900.00;852.00;2.48;E0_0_1200m;5.00;71;71;47.57;2.50
6600.00;6900.00;828.00;2.38;E0_1_1200m;5.00;69;68;47.81;2.42
6600.00;6900.00;852.00;2.45;E0_0_1300m;5.00;71;70;47.88;2.47
6600.00;6900.00;816.00;2.34;E0_1_1300m;5.00;68;67;48.12;2.38
6600.00;6900.00;840.00;2.42;E0_0_1400m;5.00;70;69;47.71;2.44
6600.00;6900.00;804.00;2.31;E0_1_1400m;5.00;67;66;48.35;2.34
6600.00;6900.00;828.00;2.39;E0_0_1500m;5.00;69;69;48.08;2.41
6600.00;6900.00;792.00;2.27;E0_1_1500m;5.00;66;65;48.16;2.30
6600.00;6900.00;816.00;2.35;E0_0_1600m;5.00;68;69;48.72;2.37
6600.00;6900.00;780.00;2.22;E0_1_1600m;5.00;65;64;48.49;2.24
6600.00;6900.00;828.00;2.34;E0_0_1700m;5.00;69;68;48.53;2.35
6600.00;6900.00;768.00;2.17;E0_1_1700m;5.00;64;64;49.07;2.20
6600.00;6900.00;816.00;2.33;E0_0_1800m;5.00;68;67;48.56;2.34
6600.00;6900.00;768.00;2.15;E0_1_1800m;5.00;64;64;49.66;2.17
6600.00;6900.00;804.00;2.32;E0_0_1900m;5.00;67;68;48.50;2.33
6600.00;6900.00;768.00;2.14;E0_1_1900m;5.00;64;63;49.25;2.16
6600.00;6900.00;804.00;2.31;E0_0_2000m;5.00;67;67;48.38;2.32
6600.00;6900.00;756.00;2.11;E0_1_2000m;5.00;63;64;49.93;2.13
6600.00;6900.00;804.00;2.30;E0_0_2100m;5.00;67;67;48.59;2.32
6600.00;6900.00;744.00;2.10;E0_1_2100m;5.00;62;63;49.73;2.12
6600.00;6900.00;804.00;2.30;E0_0_2200m;5.00;67;66;48.30;2.32
6600.00;6900.00;756.00;2.09;E0_1_2200m;5.00;63;62;50.01;2.11
6600.00;6900.00;804.00;2.30;E0_0_2300m;5.00;67;67;48.07;2.32
6600.00;6900.00;756.00;2.09;E0_1_2300m;5.00;63;63;50.10;2.11
6600.00;6900.00;804.00;2.33;E0_0_2400m;5.00;67;68;48.55;2.35
6600.00;6900.00;768.00;2.12;E0_1_2400m;5.00;64;64;50.36;2.14
6600.00;6900.00;828.00;2.36;E0_0_2500m;5.00;69;68;48.25;2.38
6600.00;6900.00;756.00;2.14;E0_1_2500m;5.00;63;64;49.66;2.16
6600.00;6900.00;828.00;2.38;E0_0_2600m;5.00;69;69;48.10;2.40
6600.00;6900.00;768.00;2.13;E0_1_2600m;5.00;64;63;49.23;2.16
6600.00;6900.00;828.00;2.38;E0_0_2700m;5.00;69;69;48.35;2.41
6600.00;6900.00;756.00;2.14;E0_1_2700m;5.00;63;63;49.04;2.18
6600.00;6900.00;828.00;2.36;E0_0_2800m;5.00;69;69;48.67;2.40
6600.00;6900.00;756.00;2.14;E0_1_2800m;5.00;63;63;49.28;2.20
6600.00;6900.00;828.00;2.34;E0_0_2900m;5.00;69;69;49.05;2.43
6600.00;6900.00;756.00;2.14;E0_1_2900m;5.00;63;63;49.05;2.23
6600.00;6900.00;804.00;2.12;E0_0_3000m;5.00;67;71;56.99;2.75
6600.00;6900.00;840.00;3.40;E0_1_3000m;5.00;70;70;34.29;3.60
6600.00;6900.00;780.00;3.82;E0_0_3100m;5.00;65;65;28.35;3.90
6600.00;6900.00;828.00;3.84;E0_1_3100m;5.00;69;69;29.91;3.92
6600.00;6900.00;804.00;3.87;E0_0_3200m;5.00;67;67;28.85;3.96
6600.00;6900.00;840.00;3.88;E0_1_3200m;5.00;70;70;30.04;3.98
6600.00;6900.00;828.00;3.92;E0_0_3300m;5.00;69;69;29.24;4.08
6600.00;6900.00;852.00;3.93;E0_1_3300m;5.00;71;71;30.10;4.09
6600.00;6900.00;852.00;3.90;E0_0_3400m;5.00;71;71;30.33;4.24
6600.00;6900.00;864.00;3.97;E0_1_3400m;5.00;72;72;30.24;4.31
6600.00;6900.00;648.00;6.26;E0_0_3500m;5.00;54;67;21.57;7.17
6600.00;6900.00;1092.00;3.91;E0_1_3500m;5.00;91;91;38.99;5.79
6600.00;6900.00;552.00;14.86;E0_0_3600m;5.00;46;50;6.56;15.82
6600.00;6900.00;1200.00;11.08;E0_1_3600m;5.00;100;105;16.07;12.15
6600.00;6900.00;540.00;14.39;E0_0_3700m;5.00;45;45;5.21;15.80
6600.00;6900.00;1212.00;11.98;E0_1_3700m;5.00;101;102;14.08;12.49
6600.00;6900.00;468.00;15.39;E0_0_3800m;5.00;39;40;4.27;15.77
6600.00;6900.00;1284.00;12.41;E0_1_3800m;5.00;107;107;14.37;12.79
6600.00;6900.00;492.00;15.74;E0_0_3900m;5.00;41;41;4.34;16.10
6600.00;6900.00;1236.00;10.92;E0_1_3900m;5.00;103;105;15.91;12.48
6600.00;6900.00;444.00;14.91;E0_0_4000m;5.00;37;42;5.42;16.73
6600.00;6900.00;1248.00;12.16;E0_1_4000m;5.00;104;108;14.51;13.83
6600.00;6900.00;396.00;24.38;E0_0_4100m;5.00;33;35;2.33;24.61
6600.00;6900.00;1284.00;25.26;E0_1_4100m;5.00;107;108;7.06;25.36
6600.00;6900.00;396.00;27.38;E0_0_4200m;5.00;33;33;2.01;27.53
6600.00;6900.00;1248.00;28.73;E0_1_4200m;5.00;104;104;6.03;28.88
6600.00;6900.00;432.00;27.39;E0_0_4300m;5.00;36;37;2.24;27.61
6600.00;6900.00;1200.00;28.84;E0_1_4300m;5.00;100;101;5.80;29.06
6600.00;6900.00;384.00;27.20;E0_0_4400m;5.00;32;32;1.96;27.33
6600.00;6900.00;1236.00;28.75;E0_1_4400m;5.00;103;103;5.97;28.94
6600.00;6900.00;408.00;26.89;E0_0_4500m;5.00;34;37;2.25;27.10
6600.00;6900.00;1236.00;28.40;E0_1_4500m;5.00;103;104;6.07;28.83
6600.00;6900.00;384.00;26.74;E0_0_4600m;5.00;32;33;2.01;26.93
6600.00;6900.00;1224.00;28.17;E0_1_4600m;5.00;102;102;6.03;28.43
6600.00;6900.00;360.00;26.98;E0_0_4700m;5.00;30;32;1.91;27.20
6600.00;6900.00;1188.00;28.21;E0_1_4700m;5.00;99;101;5.89;28.55
6600.00;6900.00;360.00;26.97;E0_0_4800m;5.00;30;31;1.89;27.12
6600.00;6900.00;1224.00;28.13;E0_1_4800m;5.00;102;102;6.04;28.31
6600.00;6900.00;384.00;26.52;E0_0_4900m;5.00;32;33;2.08;26.73
6600.00;6900.00;1200.00;28.00;E0_1_4900m;5.00;100;103;6.00;28.22
6600.00;6900.00;348.00;27.53;E0_0_5000m;5.00;29;29;1.76;27.61
6600.00;6900.00;1236.00;28.31;E0_1_5000m;5.00;103;103;6.06;28.45
6900.00;7200.00;0.00;-1.00;E0_0_0m;-1.00;0;0;0.00;-1.00
6900.00;7200.00;0.00;-1.00;E0_1_0m;-1.00;0;0;0.00;-1.00
6900.00;7200.00;828.00;2.34;E0_0_100m;5.00;69;69;48.81;2.35
6900.00;7200.00;768.00;2.16;E0_1_100m;5.00;64;64;49.32;2.17
6900.00;7200.00;816.00;2.34;E0_0_200m;5.00;68;69;48.99;2.34
6900.00;7200.00;768.00;2.15;E0_1_200m;5.00;64;65;50.01;2.16
6900.00;7200.00;828.00;2.34;E0_0_300m;5.00;69;68;49.15;2.34
6900.00;7200.00;780.00;2.14;E0_1_300m;5.00;65;64;50.51;2.15
6900.00;7200.00;828.00;2.33;E0_0_400m;5.00;69;69;49.17;2.34
6900.00;7200.00;780.00;2.13;E0_1_400m;5.00;65;64;50.18;2.13
6900.00;7200.00;828.00;2.33;E0_0_500m;5.00;69;69;49.40;2.33
6900.00;7200.00;780.00;2.12;E0_1_500m;5.00;65;64;50.24;2.13
6900.00;7200.00;828.00;2.33;E0_0_600m;5.00;69;69;49.29;2.34
6900.00;7200.00;768.00;2.13;E0_1_600m;5.00;64;64;50.07;2.13
6900.00;7200.00;828.00;2.33;E0_0_700m;5.00;69;68;48.93;2.34
6900.00;7200.00;768.00;2.14;E0_1_700m;5.00;64;64;49.90;2.14
6900.00;7200.00;828.00;2.34;E0_0_800m;5.00;69;68;48.54;2.34
6900.00;7200.00;768.00;2.15;E0_1_800m;5.00;64;64;49.69;2.15
6900.00;7200.00;816.00;2.35;E0_0_900m;5.00;68;69;48.63;2.36
6900.00;7200.00;768.00;2.17;E0_1_900m;5.00;64;64;49.27;2.17
6900.00;7200.00;828.00;2.39;E0_0_1000m;5.00;69;70;48.34;2.40
6900.00;7200.00;768.00;2.18;E0_1_1000m;5.00;64;65;49.47;2.19
6900.00;7200.00;840.00;2.43;E0_0_1100m;5.00;70;69;48.05;2.44
6900.00;7200.00;780.00;2.22;E0_1_1100m;5.00;65;66;49.00;2.23
6900.00;7200.00;852.00;2.46;E0_0_1200m;5.00;71;70;47.68;2.48
6900.00;7200.00;792.00;2.25;E0_1_1200m;5.00;66;66;48.96;2.27
6900.00;7200.00;852.00;2.50;E0_0_1300m;5.00;71;72;47.51;2.52
6900.00;7200.00;792.00;2.27;E0_1_1300m;5.00;66;67;49.08;2.30
6900.00;7200.00;864.00;2.54;E0_0_1400m;5.00;72;73;47.47;2.57
6900.00;7200.00;804.00;2.29;E0_1_1400m;5.00;67;68;48.91;2.32
6900.00;7200.00;876.00;2.58;E0_0_1500m;5.00;73;73;47.47;2.61
6900.00;7200.00;816.00;2.32;E0_1_1500m;5.00;68;68;48.93;2.35
6900.00;7200.00;888.00;2.63;E0_0_1600m;5.00;74;74;46.66;2.66
6900.00;7200.00;816.00;2.35;E0_1_1600m;5.00;68;69;48.45;2.38
6900.00;7200.00;888.00;2.67;E0_0_1700m;5.00;74;74;46.21;2.70
6900.00;7200.00;828.00;2.39;E0_1_1700m;5.00;69;70;48.19;2.41
6900.00;7200.00;900.00;2.70;E0_0_1800m;5.00;75;75;46.25;2.74
6900.00;7200.00;828.00;2.42;E0_1_1800m;5.00;69;69;47.95;2.44
6900.00;7200.00;912.00;2.72;E0_0_1900m;5.00;76;75;46.33;2.75
6900.00;7200.00;840.00;2.44;E0_1_1900m;5.00;70;70;47.83;2.46
6900.00;7200.00;912.00;2.73;E0_0_2000m;5.00;76;76;46.38;2.76
6900.00;7200.00;840.00;2.46;E0_1_2000m;5.00;70;70;47.90;2.48
6900.00;7200.00;924.00;2.76;E0_0_2100m;5.00;77;76;45.90;2.80
6900.00;7200.00;852.00;2.48;E0_1_2100m;5.00;71;70;47.25;2.51
6900.00;7200.00;924.00;2.80;E0_0_2200m;5.00;77;77;45.82;2.84
6900.00;7200.00;852.00;2.50;E0_1_2200m;5.00;71;71;47.28;2.53
6900.00;7200.00;936.00;2.85;E0_0_2300m;5.00;78;78;45.92;2.89
6900.00;7200.00;864.00;2.53;E0_1_2300m;5.00;72;71;46.88;2.56
6900.00;7200.00;960.00;2.89;E0_0_2400m;5.00;80;79;45.44;2.94
6900.00;7200.00;852.00;2.54;E0_1_2400m;5.00;71;72;46.96;2.58
6900.00;7200.00;960.00;2.93;E0_0_2500m;5.00;80;80;45.49;2.98
6900.00;7200.00;876.00;2.56;E0_1_2500m;5.00;73;73;47.00;2.60
6900.00;7200.00;972.00;2.97;E0_0_2600m;5.00;81;80;45.11;3.01
6900.00;7200.00;876.00;2.59;E0_1_2600m;5.00;73;74;47.32;2.62
6900.00;7200.00;972.00;3.01;E0_0_2700m;5.00;81;81;44.85;3.06
6900.00;7200.00;876.00;2.59;E0_1_2700m;5.00;73;74;47.35;2.63
6900.00;7200.00;984.00;3.05;E0_0_2800m;5.00;82;81;44.35;3.11
6900.00;7200.00;888.00;2.58;E0_1_2800m;5.00;74;73;47.13;2.64
6900.00;7200.00;972.00;3.09;E0_0_2900m;5.00;81;82;44.32;3.18
6900.00;7200.00;864.00;2.53;E0_1_2900m;5.00;72;72;47.49;2.66
6900.00;7200.00;876.00;2.86;E0_0_3000m;5.00;73;81;49.49;3.41
6900.00;7200.00;924.00;3.59;E0_1_3000m;5.00;77;77;35.73;4.00
6900.00;7200.00;876.00;4.38;E0_0_3100m;5.00;73;74;27.89;4.53
6900.00;7200.00;972.00;4.36;E0_1_3100m;5.00;81;81;30.94;4.52
6900.00;7200.00;876.00;4.36;E0_0_3200m;5.00;73;73;27.90;4.56
6900.00;7200.00;948.00;4.33;E0_1_3200m;5.00;79;79;30.37;4.54
6900.00;7200.00;900.00;4.44;E0_0_3300m;5.00;75;74;28.07;4.71
6900.00;7200.00;948.00;4.40;E0_1_3300m;5.00;79;79;29.94;4.68
6900.00;7200.00;888.00;4.47;E0_0_3400m;5.00;74;74;27.58;4.91
6900.00;7200.00;948.00;4.27;E0_1_3400m;5.00;79;79;30.83;4.76
6900.00;7200.00;708.00;6.51;E0_0_3500m;5.00;59;70;20.61;7.28
6900.00;7200.00;1152.00;4.33;E0_1_3500m;5.00;96;95;36.63;6.36
6900.00;7200.00;624.00;12.28;E0_0_3600m;5.00;52;56;8.20;14.70
6900.00;7200.00;1176.00;9.96;E0_1_3600m;5.00;98;102;16.78;11.89
6900.00;7200.00;612.00;16.40;E0_0_3700m;5.00;51;56;5.46;16.93
6900.00;7200.00;1236.00;13.00;E0_1_3700m;5.00;103;109;13.70;13.66
6900.00;7200.00;552.00;14.64;E0_0_3800m;5.00;46;47;5.25;15.59
6900.00;7200.00;1308.00;10.96;E0_1_3800m;5.00;109;112;16.78;12.24
6900.00;7200.00;588.00;15.18;E0_0_3900m;5.00;49;54;6.57;16.22
6900.00;7200.00;1272.00;11.43;E0_1_3900m;5.00;106;111;15.99;12.57
6900.00;7200.00;576.00;17.62;E0_0_4000m;5.00;48;51;4.69;17.85
6900.00;7200.00;1284.00;13.71;E0_1_4000m;5.00;107;108;13.02;14.16
6900.00;7200.00;564.00;25.53;E0_0_4100m;5.00;47;47;3.13;25.65
6900.00;7200.00;1308.00;26.08;E0_1_4100m;5.00;109;110;6.98;26.16
6900.00;7200.00;576.00;27.61;E0_0_4200m;5.00;48;48;2.90;27.81
6900.00;7200.00;1308.00;29.10;E0_1_4200m;5.00;109;109;6.24;29.33
6900.00;7200.00;540.00;27.55;E0_0_4300m;5.00;45;46;2.78;27.76
6900.00;7200.00;1332.00;29.74;E0_1_4300m;5.00;111;111;6.22;30.09
6900.00;7200.00;528.00;27.39;E0_0_4400m;5.00;44;44;2.68;27.64
6900.00;7200.00;1332.00;29.49;E0_1_4400m;5.00;111;111;6.27;29.85
6900.00;7200.00;552.00;27.11;E0_0_4500m;5.00;46;46;2.83;27.38
6900.00;7200.00;1308.00;29.38;E0_1_4500m;5.00;109;109;6.18;29.74
6900.00;7200.00;564.00;27.05;E0_0_4600m;5.00;47;47;2.90;27.27
6900.00;7200.00;1332.00;28.76;E0_1_4600m;5.00;111;111;6.43;29.10
6900.00;7200.00;588.00;26.45;E0_0_4700m;5.00;49;49;3.09;26.73
6900.00;7200.00;1380.00;28.25;E0_1_4700m;5.00;115;116;6.82;28.67
6900.00;7200.00;588.00;26.52;E0_0_4800m;5.00;49;49;3.08;26.75
6900.00;7200.00;1368.00;28.08;E0_1_4800m;5.00;114;114;6.77;28.45
6900.00;7200.00;600.00;26.50;E0_0_4900m;5.00;50;51;3.18;26.82
6900.00;7200.00;1308.00;27.57;E0_1_4900m;5.00;109;109;6.59;28.07
6900.00;7200.00;588.00;26.97;E0_0_5000m;5.00;49;49;3.03;27.16
6900.00;7200.00;1332.00;27.95;E0_1_5000m;5.00;111;111;6.62;28.31
7200.00;7500.00;0.00;-1.00;E0_0_0m;-1.00;0;0;0.00;-1.00
7200.00;7500.00;0.00;-1.00;E0_1_0m;-1.00;0;0;0.00;-1.00
7200.00;7500.00;912.00;2.72;E0_0_100m;5.00;76;75;46.24;2.75
7200.00;7500.00;840.00;2.43;E0_1_100m;5.00;70;71;48.33;2.45
7200.00;7500.00;924.00;2.76;E0_0_200m;5.00;77;77;46.16;2.79
7200.00;7500.00;852.00;2.45;E0_1_200m;5.00;71;70;47.86;2.47
7200.00;7500.00;936.00;2.81;E0_0_300m;5.00;78;78;46.27;2.84
7200.00;7500.00;852.00;2.48;E0_1_300m;5.00;71;71;47.68;2.49
7200.00;7500.00;948.00;2.85;E0_0_400m;5.00;79;78;46.10;2.88
7200.00;7500.00;852.00;2.51;E0_1_400m;5.00;71;71;47.23;2.52
7200.00;7500.00;948.00;2.89;E0_0_500m;5.00;79;79;45.50;2.91
7200.00;7500.00;852.00;2.52;E0_1_500m;5.00;71;72;47.40;2.53
7200.00;7500.00;960.00;2.93;E0_0_600m;5.00;80;81;45.53;2.95
7200.00;7500.00;864.00;2.54;E0_1_600m;5.00;72;72;47.29;2.54
7200.00;7500.00;972.00;2.96;E0_0_700m;5.00;81;81;45.56;2.97
7200.00;7500.00;864.00;2.55;E0_1_700m;5.00;72;73;47.42;2.55
7200.00;7500.00;984.00;2.99;E0_0_800m;5.00;82;82;45.70;3.00
7200.00;7500.00;864.00;2.54;E0_1_800m;5.00;72;73;47.42;2.55
7200.00;7500.00;984.00;3.00;E0_0_900m;5.00;82;82;45.53;3.00
7200.00;7500.00;864.00;2.52;E0_1_900m;5.00;72;73;48.08;2.53
7200.00;7500.00;984.00;3.00;E0_0_1000m;5.00;82;82;45.56;3.01
7200.00;7500.00;864.00;2.50;E0_1_1000m;5.00;72;72;48.11;2.52
7200.00;7500.00;984.00;3.01;E0_0_1100m;5.00;82;83;45.78;3.01
7200.00;7500.00;864.00;2.47;E0_1_1100m;5.00;72;71;48.46;2.49
7200.00;7500.00;984.00;3.00;E0_0_1200m;5.00;82;83;45.71;3.01
7200.00;7500.00;852.00;2.45;E0_1_1200m;5.00;71;71;48.22;2.47
7200.00;7500.00;984.00;3.01;E0_0_1300m;5.00;82;82;45.57;3.01
7200.00;7500.00;864.00;2.46;E0_1_1300m;5.00;72;71;48.22;2.48
7200.00;7500.00;984.00;3.01;E0_0_1400m;5.00;82;82;45.64;3.02
7200.00;7500.00;852.00;2.48;E0_1_1400m;5.00;71;71;47.86;2.50
7200.00;7500.00;996.00;3.03;E0_0_1500m;5.00;83;82;45.15;3.04
7200.00;7500.00;852.00;2.51;E0_1_1500m;5.00;71;72;47.64;2.55
7200.00;7500.00;996.00;3.07;E0_0_1600m;5.00;83;83;45.08;3.09
7200.00;7500.00;876.00;2.55;E0_1_1600m;5.00;73;72;47.49;2.61
7200.00;7500.00;1008.00;3.11;E0_0_1700m;5.00;84;84;44.98;3.14
7200.00;7500.00;876.00;2.59;E0_1_1700m;5.00;73;72;46.87;2.67
7200.00;7500.00;1008.00;3.16;E0_0_1800m;5.00;84;85;44.69;3.20
7200.00;7500.00;900.00;2.65;E0_1_1800m;5.00;75;74;46.51;2.75
7200.00;7500.00;1020.00;3.22;E0_0_1900m;5.00;85;85;43.97;3.27
7200.00;7500.00;900.00;2.71;E0_1_1900m;5.00;75;76;46.35;2.83
7200.00;7500.00;1032.00;3.28;E0_0_2000m;5.00;86;86;43.68;3.33
7200.00;7500.00;912.00;2.75;E0_1_2000m;5.00;76;76;46.01;2.87
7200.00;7500.00;1032.00;3.29;E0_0_2100m;5.00;86;86;43.55;3.34
7200.00;7500.00;912.00;2.76;E0_1_2100m;5.00;76;77;46.41;2.89
7200.00;7500.00;1032.00;3.26;E0_0_2200m;5.00;86;86;43.95;3.32
7200.00;7500.00;912.00;2.74;E0_1_2200m;5.00;76;77;46.20;2.88
7200.00;7500.00;1020.00;3.23;E0_0_2300m;5.00;85;85;43.89;3.31
7200.00;7500.00;900.00;2.73;E0_1_2300m;5.00;75;76;46.34;2.88
7200.00;7500.00;1008.00;3.19;E0_0_2400m;5.00;84;85;43.95;3.27
7200.00;7500.00;912.00;2.71;E0_1_2400m;5.00;76;75;46.22;2.87
7200.00;7500.00;1008.00;3.16;E0_0_2500m;5.00;84;84;44.32;3.26
7200.00;7500.00;912.00;2.74;E0_1_2500m;5.00;76;75;46.28;2.90
7200.00;7500.00;996.00;3.16;E0_0_2600m;5.00;83;84;43.98;3.26
7200.00;7500.00;924.00;2.77;E0_1_2600m;5.00;77;76;46.06;2.93
7200.00;7500.00;996.00;3.14;E0_0_2700m;5.00;83;83;44.07;3.26
7200.00;7500.00;924.00;2.79;E0_1_2700m;5.00;77;77;45.87;2.96
7200.00;7500.00;984.00;3.10;E0_0_2800m;5.00;82;83;44.80;3.24
7200.00;7500.00;912.00;2.76;E0_1_2800m;5.00;76;76;45.92;2.97
7200.00;7500.00;984.00;3.06;E0_0_2900m;5.00;82;82;44.71;3.24
7200.00;7500.00;912.00;2.81;E0_1_2900m;5.00;76;77;45.51;3.02
7200.00;7500.00;948.00;2.74;E0_0_3000m;5.00;79;81;51.11;3.36
7200.00;7500.00;936.00;3.91;E0_1_3000m;5.00;78;78;33.22;4.19
7200.00;7500.00;924.00;4.65;E0_0_3100m;5.00;77;76;27.51;4.93
7200.00;7500.00;960.00;4.62;E0_1_3100m;5.00;80;80;28.88;4.89
7200.00;7500.00;936.00;4.70;E0_0_3200m;5.00;78;78;27.66;5.02
7200.00;7500.00;984.00;4.69;E0_1_3200m;5.00;82;82;29.17;4.99
7200.00;7500.00;900.00;4.78;E0_0_3300m;5.00;75;76;26.29;5.16
7200.00;7500.00;984.00;4.73;E0_1_3300m;5.00;82;82;28.88;5.10
7200.00;7500.00;900.00;4.92;E0_0_3400m;5.00;75;75;25.39;5.47
7200.00;7500.00;984.00;4.79;E0_1_3400m;5.00;82;83;28.55;5.41
7200.00;7500.00;684.00;6.67;E0_0_3500m;5.00;57;73;21.13;7.96
7200.00;7500.00;1188.00;5.04;E0_1_3500m;5.00;99;101;33.69;7.49
7200.00;7500.00;684.00;13.90;E0_0_3600m;5.00;57;60;8.05;15.42
7200.00;7500.00;1224.00;11.06;E0_1_3600m;5.00;102;107;15.81;12.16
7200.00;7500.00;600.00;16.27;E0_0_3700m;5.00;50;54;5.31;16.70
7200.00;7500.00;1284.00;13.04;E0_1_3700m;5.00;107;108;13.79;13.42
7200.00;7500.00;552.00;14.53;E0_0_3800m;5.00;46;46;5.28;16.04
7200.00;7500.00;1308.00;12.33;E0_1_3800m;5.00;109;110;14.85;12.91
7200.00;7500.00;600.00;16.48;E0_0_3900m;5.00;50;50;5.06;16.77
7200.00;7500.00;1272.00;12.93;E0_1_3900m;5.00;106;108;13.78;13.18
7200.00;7500.00;540.00;17.31;E0_0_4000m;5.00;45;50;5.53;17.55
7200.00;7500.00;1320.00;13.58;E0_1_4000m;5.00;110;113;13.68;14.56
7200.00;7500.00;480.00;25.17;E0_0_4100m;5.00;40;40;2.65;25.29
7200.00;7500.00;1380.00;25.60;E0_1_4100m;5.00;115;115;7.49;25.71
7200.00;7500.00;516.00;27.45;E0_0_4200m;5.00;43;43;2.61;27.99
7200.00;7500.00;1368.00;28.31;E0_1_4200m;5.00;114;115;6.77;28.66
7200.00;7500.00;516.00;27.25;E0_0_4300m;5.00;43;43;2.63;27.68
7200.00;7500.00;1380.00;28.25;E0_1_4300m;5.00;115;115;6.79;28.70
7200.00;7500.00;540.00;27.46;E0_0_4400m;5.00;45;45;2.73;27.81
7200.00;7500.00;1404.00;28.21;E0_1_4400m;5.00;117;117;6.91;28.63
7200.00;7500.00;600.00;26.38;E0_0_4500m;5.00;50;50;3.16;27.10
7200.00;7500.00;1320.00;27.72;E0_1_4500m;5.00;110;112;6.68;28.29
7200.00;7500.00;564.00;26.27;E0_0_4600m;5.00;47;47;2.98;26.89
7200.00;7500.00;1356.00;27.38;E0_1_4600m;5.00;113;113;6.88;27.94
7200.00;7500.00;576.00;25.55;E0_0_4700m;5.00;48;48;3.13;26.47
7200.00;7500.00;1332.00;26.62;E0_1_4700m;5.00;111;112;6.99;27.37
7200.00;7500.00;576.00;26.19;E0_0_4800m;5.00;48;50;3.08;26.72
7200.00;7500.00;1356.00;26.52;E0_1_4800m;5.00;113;113;7.10;27.03
7200.00;7500.00;576.00;26.59;E0_0_4900m;5.00;48;48;3.01;26.95
7200.00;7500.00;1380.00;26.86;E0_1_4900m;5.00;115;115;7.14;27.23
7200.00;7500.00;600.00;26.55;E0_0_5000m;5.00;50;50;3.14;26.90
7200.00;7500.00;1320.00;26.87;E0_1_5000m;5.00;110;111;6.84;27.24
7500.00;7800.00;0.00;-1.00;E0_0_0m;-1.00;0;0;0.00;-1.00
7500.00;7800.00;0.00;-1.00;E0_1_0m;-1.00;0;0;0.00;-1.00
7500.00;7800.00;1020.00;3.23;E0_0_100m;5.00;85;85;43.86;3.25
7500.00;7800.00;912.00;2.71;E0_1_100m;5.00;76;75;46.40;2.77
7500.00;7800.00;1020.00;3.24;E0_0_200m;5.00;85;84;43.57;3.26
7500.00;7800.00;912.00;2.72;E0_1_200m;5.00;76;76;46.49;2.79
7500.00;7800.00;1008.00;3.23;E0_0_300m;5.00;84;84;43.36;3.26
7500.00;7800.00;912.00;2.74;E0_1_300m;5.00;76;76;46.25;2.81
7500.00;7800.00;1008.00;3.21;E0_0_400m;5.00;84;84;43.56;3.24
7500.00;7800.00;912.00;2.74;E0_1_400m;5.00;76;77;46.76;2.82
7500.00;7800.00;1008.00;3.20;E0_0_500m;5.00;84;84;43.78;3.23
7500.00;7800.00;924.00;2.75;E0_1_500m;5.00;77;77;46.41;2.82
7500.00;7800.00;996.00;3.18;E0_0_600m;5.00;83;83;44.02;3.22
7500.00;7800.00;924.00;2.75;E0_1_600m;5.00;77;77;46.67;2.83
7500.00;7800.00;996.00;3.14;E0_0_700m;5.00;83;83;43.99;3.19
7500.00;7800.00;924.00;2.75;E0_1_700m;5.00;77;76;46.30;2.83
7500.00;7800.00;996.00;3.12;E0_0_800m;5.00;83;83;44.27;3.18
7500.00;7800.00;924.00;2.76;E0_1_800m;5.00;77;77;46.63;2.84
7500.00;7800.00;996.00;3.10;E0_0_900m;5.00;83;83;44.57;3.17
7500.00;7800.00;936.00;2.79;E0_1_900m;5.00;78;77;46.14;2.86
7500.00;7800.00;996.00;3.10;E0_0_1000m;5.00;83;82;44.43;3.16
7500.00;7800.00;936.00;2.80;E0_1_1000m;5.00;78;77;45.75;2.87
7500.00;7800.00;996.00;3.10;E0_0_1100m;5.00;83;82;44.36;3.17
7500.00;7800.00;924.00;2.82;E0_1_1100m;5.00;77;78;46.19;2.88
7500.00;7800.00;996.00;3.10;E0_0_1200m;5.00;83;83;44.72;3.17
7500.00;7800.00;936.00;2.84;E0_1_1200m;5.00;78;78;45.82;2.90
7500.00;7800.00;996.00;3.11;E0_0_1300m;5.00;83;83;44.64;3.18
7500.00;7800.00;936.00;2.86;E0_1_1300m;5.00;78;78;45.53;2.92
7500.00;7800.00;1008.00;3.09;E0_0_1400m;5.00;84;83;44.78;3.17
7500.00;7800.00;948.00;2.85;E0_1_1400m;5.00;79;79;46.01;2.93
7500.00;7800.00;996.00;3.08;E0_0_1500m;5.00;83;83;44.94;3.16
7500.00;7800.00;948.00;2.84;E0_1_1500m;5.00;79;78;45.93;2.91
7500.00;7800.00;996.00;3.05;E0_0_1600m;5.00;83;82;45.20;3.12
7500.00;7800.00;936.00;2.81;E0_1_1600m;5.00;78;78;46.34;2.87
7500.00;7800.00;984.00;3.01;E0_0_1700m;5.00;82;82;45.42;3.07
7500.00;7800.00;936.00;2.78;E0_1_1700m;5.00;78;78;46.79;2.84
7500.00;7800.00;984.00;2.99;E0_0_1800m;5.00;82;81;45.40;3.04
7500.00;7800.00;924.00;2.74;E0_1_1800m;5.00;77;77;46.85;2.79
7500.00;7800.00;972.00;2.96;E0_0_1900m;5.00;81;82;45.82;3.00
7500.00;7800.00;924.00;2.73;E0_1_1900m;5.00;77;76;46.88;2.77
7500.00;7800.00;972.00;2.95;E0_0_2000m;5.00;81;81;45.69;3.00
7500.00;7800.00;924.00;2.73;E0_1_2000m;5.00;77;77;46.73;2.78
7500.00;7800.00;972.00;2.96;E0_0_2100m;5.00;81;82;46.08;3.01
7500.00;7800.00;924.00;2.73;E0_1_2100m;5.00;77;76;46.37;2.79
7500.00;7800.00;984.00;3.00;E0_0_2200m;5.00;82;82;45.62;3.05
7500.00;7800.00;924.00;2.75;E0_1_2200m;5.00;77;76;46.67;2.81
7500.00;7800.00;1008.00;3.04;E0_0_2300m;5.00;84;83;45.45;3.10
7500.00;7800.00;924.00;2.76;E0_1_2300m;5.00;77;77;46.34;2.83
7500.00;7800.00;1008.00;3.10;E0_0_2400m;5.00;84;83;45.13;3.16
7500.00;7800.00;924.00;2.79;E0_1_2400m;5.00;77;78;46.44;2.86
7500.00;7800.00;1008.00;3.16;E0_0_2500m;5.00;84;85;44.71;3.22
7500.00;7800.00;924.00;2.81;E0_1_2500m;5.00;77;77;45.66;2.90
7500.00;7800.00;1032.00;3.21;E0_0_2600m;5.00;86;85;44.52;3.28
7500.00;7800.00;924.00;2.82;E0_1_2600m;5.00;77;77;45.54;2.92
7500.00;7800.00;1032.00;3.23;E0_0_2700m;5.00;86;86;44.35;3.32
7500.00;7800.00;936.00;2.81;E0_1_2700m;5.00;78;77;45.89;2.93
7500.00;7800.00;1032.00;3.23;E0_0_2800m;5.00;86;85;43.66;3.33
7500.00;7800.00;936.00;2.85;E0_1_2800m;5.00;78;78;45.69;2.98
7500.00;7800.00;1044.00;3.27;E0_0_2900m;5.00;87;86;43.58;3.38
7500.00;7800.00;948.00;2.85;E0_1_2900m;5.00;79;78;45.74;3.02
7500.00;7800.00;1020.00;3.09;E0_0_3000m;5.00;85;87;47.27;3.71
7500.00;7800.00;996.00;3.89;E0_1_3000m;5.00;83;83;35.54;4.37
7500.00;7800.00;984.00;4.43;E0_0_3100m;5.00;82;83;31.18;4.61
7500.00;7800.00;984.00;4.40;E0_1_3100m;5.00;82;82;31.03;4.57
7500.00;7800.00;948.00;4.39;E0_0_3200m;5.00;79;79;30.02;4.55
7500.00;7800.00;972.00;4.39;E0_1_3200m;5.00;81;82;31.06;4.56
7500.00;7800.00;960.00;4.34;E0_0_3300m;5.00;80;79;30.58;4.59
7500.00;7800.00;972.00;4.30;E0_1_3300m;5.00;81;81;31.40;4.55
7500.00;7800.00;960.00;4.38;E0_0_3400m;5.00;80;80;30.47;4.87
7500.00;7800.00;984.00;4.40;E0_1_3400m;5.00;82;81;31.03;4.86
7500.00;7800.00;804.00;6.29;E0_0_3500m;5.00;67;76;22.75;7.38
7500.00;7800.00;1164.00;4.53;E0_1_3500m;5.00;97;96;34.72;7.07
7500.00;7800.00;612.00;15.12;E0_0_3600m;5.00;51;56;8.92;15.99
7500.00;7800.00;1320.00;10.62;E0_1_3600m;5.00;110;113;18.44;11.91
7500.00;7800.00;624.00;16.18;E0_0_3700m;5.00;52;52;5.36;16.34
7500.00;7800.00;1296.00;13.16;E0_1_3700m;5.00;108;108;13.68;13.37
7500.00;7800.00;552.00;16.71;E0_0_3800m;5.00;46;51;5.87;17.10
7500.00;7800.00;1320.00;12.59;E0_1_3800m;5.00;110;114;14.70;13.20
7500.00;7800.00;528.00;16.38;E0_0_3900m;5.00;44;48;4.74;17.35
7500.00;7800.00;1296.00;12.66;E0_1_3900m;5.00;108;115;14.76;13.67
7500.00;7800.00;528.00;17.82;E0_0_4000m;5.00;44;47;4.22;18.62
7500.00;7800.00;1320.00;14.43;E0_1_4000m;5.00;110;113;12.98;14.84
7500.00;7800.00;552.00;25.19;E0_0_4100m;5.00;46;46;3.04;25.30
7500.00;7800.00;1284.00;25.68;E0_1_4100m;5.00;107;108;6.96;25.76
7500.00;7800.00;492.00;27.68;E0_0_4200m;5.00;41;42;2.49;27.94
7500.00;7800.00;1284.00;28.58;E0_1_4200m;5.00;107;108;6.26;28.86
7500.00;7800.00;456.00;27.75;E0_0_4300m;5.00;38;42;2.41;28.01
7500.00;7800.00;1332.00;28.81;E0_1_4300m;5.00;111;111;6.42;29.21
7500.00;7800.00;480.00;27.29;E0_0_4400m;5.00;40;40;2.44;27.59
7500.00;7800.00;1308.00;28.66;E0_1_4400m;5.00;109;109;6.34;29.01
7500.00;7800.00;480.00;27.38;E0_0_4500m;5.00;40;43;2.55;27.61
7500.00;7800.00;1332.00;28.23;E0_1_4500m;5.00;111;111;6.55;28.71
7500.00;7800.00;468.00;27.06;E0_0_4600m;5.00;39;40;2.41;27.30
7500.00;7800.00;1356.00;27.68;E0_1_4600m;5.00;113;113;6.80;28.16
7500.00;7800.00;492.00;26.65;E0_0_4700m;5.00;41;41;2.56;27.05
7500.00;7800.00;1332.00;27.46;E0_1_4700m;5.00;111;112;6.79;27.93
7500.00;7800.00;504.00;25.91;E0_0_4800m;5.00;42;43;2.71;26.62
7500.00;7800.00;1308.00;27.11;E0_1_4800m;5.00;109;111;6.77;27.64
7500.00;7800.00;492.00;25.55;E0_0_4900m;5.00;41;40;2.64;25.94
7500.00;7800.00;1332.00;26.81;E0_1_4900m;5.00;111;111;6.90;27.27
7500.00;7800.00;492.00;26.05;E0_0_5000m;5.00;41;41;2.62;26.31
7500.00;7800.00;1332.00;27.18;E0_1_5000m;5.00;111;111;6.81;27.50
