interval_begin;interval_end;interval_flow;interval_harmonicMeanSpeed;interval_id;interval_length;interval_nVehContrib;interval_nVehEntered;interval_occupancy;interval_speed
0.00;300.00;0.00;-1.00;E0_0_0m;-1.00;0;0;0.00;-1.00
0.00;300.00;0.00;-1.00;E0_1_0m;-1.00;0;0;0.00;-1.00
0.00;300.00;1836.00;26.37;E0_0_100m;5.00;153;153;9.67;26.48
0.00;300.00;2196.00;28.32;E0_1_100m;5.00;183;183;10.77;28.45
0.00;300.00;1848.00;26.00;E0_0_200m;5.00;154;155;9.88;26.12
0.00;300.00;2160.00;28.37;E0_1_200m;5.00;180;180;10.58;28.51
0.00;300.00;1812.00;25.71;E0_0_300m;5.00;151;151;9.79;25.84
0.00;300.00;2148.00;28.14;E0_1_300m;5.00;179;179;10.60;28.28
0.00;300.00;1752.00;25.62;E0_0_400m;5.00;146;146;9.50;25.74
0.00;300.00;2148.00;27.87;E0_1_400m;5.00;179;179;10.70;28.02
0.00;300.00;1704.00;25.65;E0_0_500m;5.00;142;142;9.23;25.77
0.00;300.00;2136.00;27.66;E0_1_500m;5.00;178;178;10.72;27.82
0.00;300.00;1656.00;25.56;E0_0_600m;5.00;138;138;9.00;25.69
0.00;300.00;2112.00;27.57;E0_1_600m;5.00;176;176;10.64;27.74
0.00;300.00;1632.00;25.49;E0_0_700m;5.00;136;136;8.89;25.62
0.00;300.00;2064.00;27.51;E0_1_700m;5.00;172;172;10.42;27.70
0.00;300.00;1584.00;25.41;E0_0_800m;5.00;132;132;8.66;25.54
0.00;300.00;2040.00;27.45;E0_1_800m;5.00;170;170;10.32;27.67
0.00;300.00;1560.00;25.29;E0_0_900m;5.00;130;130;8.57;25.42
0.00;300.00;2016.00;27.32;E0_1_900m;5.00;168;168;10.25;27.55
0.00;300.00;1512.00;25.25;E0_0_1000m;5.00;126;127;8.36;25.37
0.00;300.00;2004.00;27.19;E0_1_1000m;5.00;167;167;10.24;27.43
0.00;300.00;1488.00;25.21;E0_0_1100m;5.00;124;125;8.21;25.34
0.00;300.00;1992.00;27.04;E0_1_1100m;5.00;166;166;10.23;27.30
0.00;300.00;1488.00;25.06;E0_0_1200m;5.00;124;124;8.25;25.20
0.00;300.00;1956.00;26.82;E0_1_1200m;5.00;163;163;10.13;27.08
0.00;300.00;1488.00;24.92;E0_0_1300m;5.00;124;124;8.29;25.04
0.00;300.00;1932.00;26.59;E0_1_1300m;5.00;161;161;10.09;26.85
0.00;300.00;1476.00;24.92;E0_0_1400m;5.00;123;123;8.22;25.03
0.00;300.00;1920.00;26.41;E0_1_1400m;5.00;160;160;10.10;26.66
0.00;300.00;1452.00;24.83;E0_0_1500m;5.00;121;121;8.12;24.94
0.00;300.00;1908.00;26.19;E0_1_1500m;5.00;159;159;10.12;26.44
0.00;300.00;1416.00;24.83;E0_0_1600m;5.00;118;118;7.92;24.94
0.00;300.00;1884.00;26.02;E0_1_1600m;5.00;157;157;10.06;26.26
0.00;300.00;1404.00;24.81;E0_0_1700m;5.00;117;117;7.86;24.91
0.00;300.00;1860.00;25.92;E0_1_1700m;5.00;155;155;9.97;26.16
0.00;300.00;1380.00;24.70;E0_0_1800m;5.00;115;116;7.77;24.80
0.00;300.00;1824.00;25.82;E0_1_1800m;5.00;152;152;9.81;26.07
0.00;300.00;1392.00;24.68;E0_0_1900m;5.00;116;116;7.83;24.78
0.00;300.00;1776.00;25.61;E0_1_1900m;5.00;148;148;9.63;25.86
0.00;300.00;1356.00;24.64;E0_0_2000m;5.00;113;113;7.64;24.75
0.00;300.00;1752.00;25.48;E0_1_2000m;5.00;146;146;9.55;25.75
0.00;300.00;1320.00;24.45;E0_0_2100m;5.00;110;110;7.50;24.55
0.00;300.00;1716.00;25.31;E0_1_2100m;5.00;143;143;9.42;25.59
0.00;300.00;1296.00;24.37;E0_0_2200m;5.00;108;109;7.39;24.48
0.00;300.00;1692.00;25.12;E0_1_2200m;5.00;141;141;9.36;25.43
0.00;300.00;1296.00;24.48;E0_0_2300m;5.00;108;109;7.39;24.60
0.00;300.00;1656.00;25.18;E0_1_2300m;5.00;138;139;9.14;25.49
0.00;300.00;1248.00;24.47;E0_0_2400m;5.00;104;105;7.10;24.58
0.00;300.00;1644.00;25.19;E0_1_2400m;5.00;137;137;9.06;25.52
0.00;300.00;1188.00;24.43;E0_0_2500m;5.00;99;99;6.75;24.54
0.00;300.00;1632.00;25.19;E0_1_2500m;5.00;136;136;9.00;25.51
0.00;300.00;1164.00;24.46;E0_0_2600m;5.00;97;97;6.61;24.58
0.00;300.00;1608.00;25.22;E0_1_2600m;5.00;134;134;8.86;25.54
0.00;300.00;1152.00;24.48;E0_0_2700m;5.00;96;96;6.54;24.60
0.00;300.00;1548.00;25.34;E0_1_2700m;5.00;129;129;8.48;25.69
0.00;300.00;1140.00;24.44;E0_0_2800m;5.00;95;95;6.48;24.54
0.00;300.00;1512.00;25.51;E0_1_2800m;5.00;126;126;8.23;25.89
0.00;300.00;1128.00;24.57;E0_0_2900m;5.00;94;94;6.38;24.69
0.00;300.00;1464.00;25.64;E0_1_2900m;5.00;122;122;7.93;26.04
0.00;300.00;1092.00;24.62;E0_0_3000m;5.00;91;91;6.16;24.74
0.00;300.00;1428.00;25.75;E0_1_3000m;5.00;119;119;7.70;26.18
0.00;300.00;1068.00;24.72;E0_0_3100m;5.00;89;89;6.00;24.83
0.00;300.00;1380.00;25.90;E0_1_3100m;5.00;115;115;7.40;26.32
0.00;300.00;1068.00;24.74;E0_0_3200m;5.00;89;89;6.00;24.85
0.00;300.00;1332.00;26.04;E0_1_3200m;5.00;111;111;7.10;26.47
0.00;300.00;1044.00;24.81;E0_0_3300m;5.00;87;87;5.85;24.95
0.00;300.00;1296.00;26.03;E0_1_3300m;5.00;108;108;6.92;26.43
0.00;300.00;1008.00;24.83;E0_0_3400m;5.00;84;84;5.64;24.97
0.00;300.00;1260.00;26.08;E0_1_3400m;5.00;105;105;6.71;26.48
0.00;300.00;996.00;24.85;E0_0_3500m;5.00;83;83;5.57;25.04
0.00;300.00;1188.00;26.08;E0_1_3500m;5.00;99;101;6.42;26.48
0.00;300.00;948.00;24.86;E0_0_3600m;5.00;79;80;5.34;25.04
0.00;300.00;1152.00;26.13;E0_1_3600m;5.00;96;96;6.12;26.54
0.00;300.00;912.00;25.08;E0_0_3700m;5.00;76;77;5.07;25.29
0.00;300.00;1116.00;26.13;E0_1_3700m;5.00;93;93;5.93;26.52
0.00;300.00;888.00;25.14;E0_0_3800m;5.00;74;74;4.91;25.35
0.00;300.00;1080.00;26.22;E0_1_3800m;5.00;90;90;5.72;26.61
0.00;300.00;876.00;25.14;E0_0_3900m;5.00;73;73;4.84;25.35
0.00;300.00;1044.00;26.32;E0_1_3900m;5.00;87;87;5.51;26.71
0.00;300.00;840.00;25.22;E0_0_4000m;5.00;70;70;4.63;25.43
0.00;300.00;1008.00;26.40;E0_1_4000m;5.00;84;84;5.30;26.78
0.00;300.00;816.00;25.35;E0_0_4100m;5.00;68;68;4.47;25.56
0.00;300.00;960.00;26.57;E0_1_4100m;5.00;80;80;5.02;26.97
0.00;300.00;792.00;25.49;E0_0_4200m;5.00;66;66;4.32;25.72
0.00;300.00;912.00;26.69;E0_1_4200m;5.00;76;76;4.75;27.10
0.00;300.00;768.00;25.55;E0_0_4300m;5.00;64;64;4.18;25.76
0.00;300.00;876.00;26.85;E0_1_4300m;5.00;73;73;4.53;27.25
0.00;300.00;756.00;25.52;E0_0_4400m;5.00;63;63;4.11;25.74
0.00;300.00;888.00;26.85;E0_1_4400m;5.00;74;74;4.59;27.25
0.00;300.00;756.00;25.52;E0_0_4500m;5.00;63;63;4.11;25.74
0.00;300.00;888.00;26.86;E0_1_4500m;5.00;74;74;4.59;27.26
0.00;300.00;756.00;25.50;E0_0_4600m;5.00;63;63;4.12;25.72
0.00;300.00;888.00;26.86;E0_1_4600m;5.00;74;74;4.59;27.26
0.00;300.00;708.00;25.59;E0_0_4700m;5.00;59;59;3.84;25.81
0.00;300.00;864.00;27.03;E0_1_4700m;5.00;72;72;4.44;27.43
0.00;300.00;672.00;25.61;E0_0_4800m;5.00;56;56;3.64;25.84
0.00;300.00;828.00;27.19;E0_1_4800m;5.00;69;69;4.23;27.60
0.00;300.00;648.00;25.72;E0_0_4900m;5.00;54;54;3.50;25.96
0.00;300.00;792.00;27.42;E0_1_4900m;5.00;66;66;4.01;27.86
0.00;300.00;600.00;26.00;E0_0_5000m;5.00;50;50;3.21;26.27
0.00;300.00;756.00;27.71;E0_1_5000m;5.00;63;64;3.85;28.16
300.00;600.00;0.00;-1.00;E0_0_0m;-1.00;0;0;0.00;-1.00
300.00;600.00;0.00;-1.00;E0_1_0m;-1.00;0;0;0.00;-1.00
300.00;600.00;1740.00;25.63;E0_0_100m;5.00;145;145;9.43;25.78
300.00;600.00;2172.00;26.89;E0_1_100m;5.00;181;182;11.24;27.07
300.00;600.00;1740.00;25.63;E0_0_200m;5.00;145;145;9.43;25.83
300.00;600.00;2136.00;27.23;E0_1_200m;5.00;178;178;10.89;27.51
300.00;600.00;1716.00;25.77;E0_0_300m;5.00;143;143;9.25;25.96
300.00;600.00;2148.00;27.10;E0_1_300m;5.00;179;179;11.01;27.36
300.00;600.00;1728.00;25.59;E0_0_400m;5.00;144;144;9.38;25.76
300.00;600.00;2148.00;26.98;E0_1_400m;5.00;179;180;11.07;27.23
300.00;600.00;1752.00;25.35;E0_0_500m;5.00;146;146;9.60;25.53
300.00;600.00;2148.00;26.68;E0_1_500m;5.00;179;179;11.18;26.92
300.00;600.00;1764.00;25.13;E0_0_600m;5.00;147;147;9.75;25.29
300.00;600.00;2160.00;26.48;E0_1_600m;5.00;180;180;11.33;26.72
300.00;600.00;1776.00;24.86;E0_0_700m;5.00;148;148;9.92;25.00
300.00;600.00;2172.00;26.31;E0_1_700m;5.00;181;181;11.46;26.55
300.00;600.00;1812.00;24.81;E0_0_800m;5.00;151;152;10.17;24.94
300.00;600.00;2160.00;26.13;E0_1_800m;5.00;180;180;11.48;26.37
300.00;600.00;1824.00;24.72;E0_0_900m;5.00;152;152;10.25;24.84
300.00;600.00;2148.00;25.94;E0_1_900m;5.00;179;180;11.53;26.17
300.00;600.00;1788.00;24.51;E0_0_1000m;5.00;149;149;10.13;24.65
300.00;600.00;2184.00;25.78;E0_1_1000m;5.00;182;182;11.77;26.01
300.00;600.00;1764.00;24.19;E0_0_1100m;5.00;147;146;10.11;24.30
300.00;600.00;2196.00;25.73;E0_1_1100m;5.00;183;183;11.85;25.99
300.00;600.00;1740.00;24.02;E0_0_1200m;5.00;145;145;10.06;24.11
300.00;600.00;2196.00;25.72;E0_1_1200m;5.00;183;183;11.86;26.01
300.00;600.00;1716.00;23.96;E0_0_1300m;5.00;143;143;9.95;24.06
300.00;600.00;2172.00;25.75;E0_1_1300m;5.00;181;181;11.72;26.06
300.00;600.00;1692.00;23.90;E0_0_1400m;5.00;141;141;9.83;24.02
300.00;600.00;2148.00;25.74;E0_1_1400m;5.00;179;179;11.59;26.07
300.00;600.00;1680.00;23.93;E0_0_1500m;5.00;140;140;9.75;24.07
300.00;600.00;2124.00;25.78;E0_1_1500m;5.00;177;177;11.44;26.13
300.00;600.00;1692.00;23.98;E0_0_1600m;5.00;141;141;9.80;24.13
300.00;600.00;2100.00;25.77;E0_1_1600m;5.00;175;176;11.34;26.13
300.00;600.00;1644.00;23.88;E0_0_1700m;5.00;137;137;9.56;24.02
300.00;600.00;2112.00;25.73;E0_1_1700m;5.00;176;177;11.45;26.09
300.00;600.00;1644.00;23.66;E0_0_1800m;5.00;137;136;9.64;23.79
300.00;600.00;2112.00;25.58;E0_1_1800m;5.00;176;177;11.47;25.95
300.00;600.00;1656.00;23.62;E0_0_1900m;5.00;138;138;9.74;23.74
300.00;600.00;2076.00;25.32;E0_1_1900m;5.00;173;173;11.39;25.69
300.00;600.00;1656.00;23.65;E0_0_2000m;5.00;138;138;9.73;23.77
300.00;600.00;2064.00;25.08;E0_1_2000m;5.00;172;172;11.43;25.43
300.00;600.00;1656.00;23.68;E0_0_2100m;5.00;138;138;9.71;23.83
300.00;600.00;2064.00;24.92;E0_1_2100m;5.00;172;172;11.50;25.26
300.00;600.00;1644.00;23.63;E0_0_2200m;5.00;137;137;9.66;23.78
300.00;600.00;2052.00;24.86;E0_1_2200m;5.00;171;172;11.47;25.20
300.00;600.00;1620.00;23.64;E0_0_2300m;5.00;135;135;9.49;23.80
300.00;600.00;2040.00;24.82;E0_1_2300m;5.00;170;170;11.44;25.15
300.00;600.00;1668.00;23.60;E0_0_2400m;5.00;139;138;9.80;23.75
300.00;600.00;2052.00;24.63;E0_1_2400m;5.00;171;171;11.57;24.95
300.00;600.00;1680.00;23.49;E0_0_2500m;5.00;140;140;9.94;23.62
300.00;600.00;2064.00;24.56;E0_1_2500m;5.00;172;172;11.67;24.88
300.00;600.00;1668.00;23.33;E0_0_2600m;5.00;139;139;9.93;23.44
300.00;600.00;2088.00;24.50;E0_1_2600m;5.00;174;174;11.84;24.82
300.00;600.00;1692.00;23.15;E0_0_2700m;5.00;141;141;10.15;23.25
300.00;600.00;2088.00;24.20;E0_1_2700m;5.00;174;174;11.98;24.48
300.00;600.00;1692.00;23.18;E0_0_2800m;5.00;141;141;10.14;23.27
300.00;600.00;2124.00;24.01;E0_1_2800m;5.00;177;177;12.29;24.25
300.00;600.00;1716.00;23.17;E0_0_2900m;5.00;143;143;10.28;23.26
300.00;600.00;2136.00;23.88;E0_1_2900m;5.00;178;179;12.45;24.11
300.00;600.00;1728.00;23.17;E0_0_3000m;5.00;144;144;10.36;23.26
300.00;600.00;2148.00;23.84;E0_1_3000m;5.00;179;179;12.51;24.07
300.00;600.00;1764.00;23.20;E0_0_3100m;5.00;147;147;10.56;23.29
300.00;600.00;2136.00;23.82;E0_1_3100m;5.00;178;178;12.45;24.02
300.00;600.00;1752.00;23.20;E0_0_3200m;5.00;146;146;10.49;23.29
300.00;600.00;2136.00;23.85;E0_1_3200m;5.00;178;178;12.44;24.05
300.00;600.00;1752.00;23.26;E0_0_3300m;5.00;146;146;10.46;23.39
300.00;600.00;2112.00;23.96;E0_1_3300m;5.00;176;178;12.35;24.17
300.00;600.00;1776.00;23.10;E0_0_3400m;5.00;148;148;10.68;23.17
300.00;600.00;2100.00;23.86;E0_1_3400m;5.00;175;176;12.23;24.05
300.00;600.00;1776.00;22.99;E0_0_3500m;5.00;148;148;10.73;23.05
300.00;600.00;2124.00;23.74;E0_1_3500m;5.00;177;176;12.37;23.91
300.00;600.00;1764.00;23.01;E0_0_3600m;5.00;147;147;10.62;23.06
300.00;600.00;2136.00;23.68;E0_1_3600m;5.00;178;178;12.53;23.84
300.00;600.00;1764.00;23.02;E0_0_3700m;5.00;147;147;10.67;23.06
300.00;600.00;2136.00;23.69;E0_1_3700m;5.00;178;178;12.52;23.87
300.00;600.00;1764.00;23.00;E0_0_3800m;5.00;147;147;10.65;23.04
300.00;600.00;2136.00;23.64;E0_1_3800m;5.00;178;178;12.55;23.80
300.00;600.00;1752.00;23.02;E0_0_3900m;5.00;146;146;10.57;23.07
300.00;600.00;2124.00;23.63;E0_1_3900m;5.00;177;178;12.49;23.81
300.00;600.00;1752.00;23.09;E0_0_4000m;5.00;146;146;10.54;23.14
300.00;600.00;2112.00;23.66;E0_1_4000m;5.00;176;177;12.41;23.85
300.00;600.00;1776.00;23.12;E0_0_4100m;5.00;148;148;10.67;23.17
300.00;600.00;2100.00;23.63;E0_1_4100m;5.00;175;175;12.35;23.80
300.00;600.00;1752.00;23.12;E0_0_4200m;5.00;146;147;10.54;23.17
300.00;600.00;2124.00;23.56;E0_1_4200m;5.00;177;177;12.52;23.72
300.00;600.00;1740.00;23.13;E0_0_4300m;5.00;145;145;10.45;23.18
300.00;600.00;2124.00;23.61;E0_1_4300m;5.00;177;177;12.49;23.77
300.00;600.00;1704.00;23.14;E0_0_4400m;5.00;142;142;10.23;23.18
300.00;600.00;2088.00;23.63;E0_1_4400m;5.00;174;174;12.27;23.79
300.00;600.00;1668.00;23.15;E0_0_4500m;5.00;139;139;10.01;23.19
300.00;600.00;2040.00;23.66;E0_1_4500m;5.00;170;171;11.99;23.82
300.00;600.00;1632.00;23.18;E0_0_4600m;5.00;136;136;9.78;23.23
300.00;600.00;2004.00;23.68;E0_1_4600m;5.00;167;167;11.75;23.84
300.00;600.00;1632.00;23.28;E0_0_4700m;5.00;136;137;9.79;23.33
300.00;600.00;1992.00;23.70;E0_1_4700m;5.00;166;166;11.67;23.85
300.00;600.00;1632.00;23.35;E0_0_4800m;5.00;136;136;9.71;23.40
300.00;600.00;2004.00;23.78;E0_1_4800m;5.00;167;167;11.70;23.93
300.00;600.00;1620.00;23.45;E0_0_4900m;5.00;135;135;9.60;23.51
300.00;600.00;1992.00;23.91;E0_1_4900m;5.00;166;167;11.64;24.06
300.00;600.00;1632.00;23.56;E0_0_5000m;5.00;136;136;9.62;23.63
300.00;600.00;1992.00;24.03;E0_1_5000m;5.00;166;165;11.46;24.17
600.00;900.00;0.00;-1.00;E0_0_0m;-1.00;0;0;0.00;-1.00
600.00;900.00;0.00;-1.00;E0_1_0m;-1.00;0;0;0.00;-1.00
600.00;900.00;1920.00;26.49;E0_0_100m;5.00;160;160;10.07;26.58
600.00;900.00;2112.00;27.77;E0_1_100m;5.00;176;175;10.55;27.86
600.00;900.00;1932.00;26.44;E0_0_200m;5.00;161;161;10.15;26.55
600.00;900.00;2148.00;27.93;E0_1_200m;5.00;179;179;10.68;28.04
600.00;900.00;1896.00;26.50;E0_0_300m;5.00;158;158;9.94;26.60
600.00;900.00;2208.00;27.92;E0_1_300m;5.00;184;184;10.98;28.01
600.00;900.00;1908.00;26.41;E0_0_400m;5.00;159;159;10.03;26.51
600.00;900.00;2232.00;27.84;E0_1_400m;5.00;186;185;11.12;27.93
600.00;900.00;1896.00;26.22;E0_0_500m;5.00;158;158;10.05;26.32
600.00;900.00;2208.00;27.82;E0_1_500m;5.00;184;185;11.02;27.91
600.00;900.00;1884.00;26.15;E0_0_600m;5.00;157;157;10.00;26.26
600.00;900.00;2232.00;27.82;E0_1_600m;5.00;186;186;11.14;27.90
600.00;900.00;1860.00;26.13;E0_0_700m;5.00;155;155;9.89;26.23
600.00;900.00;2244.00;27.84;E0_1_700m;5.00;187;187;11.20;27.91
600.00;900.00;1848.00;25.83;E0_0_800m;5.00;154;153;9.91;25.93
600.00;900.00;2244.00;27.75;E0_1_800m;5.00;187;187;11.23;27.82
600.00;900.00;1836.00;25.66;E0_0_900m;5.00;153;153;9.94;25.77
600.00;900.00;2256.00;27.55;E0_1_900m;5.00;188;187;11.35;27.61
600.00;900.00;1848.00;25.56;E0_0_1000m;5.00;154;154;10.04;25.68
600.00;900.00;2280.00;27.34;E0_1_1000m;5.00;190;190;11.58;27.39
600.00;900.00;1824.00;25.45;E0_0_1100m;5.00;152;152;9.95;25.58
600.00;900.00;2292.00;27.21;E0_1_1100m;5.00;191;191;11.70;27.26
600.00;900.00;1812.00;25.39;E0_0_1200m;5.00;151;151;9.91;25.53
600.00;900.00;2304.00;27.16;E0_1_1200m;5.00;192;192;11.78;27.21
600.00;900.00;1848.00;25.37;E0_0_1300m;5.00;154;154;10.12;25.51
600.00;900.00;2292.00;27.14;E0_1_1300m;5.00;191;191;11.73;27.21
600.00;900.00;1884.00;25.31;E0_0_1400m;5.00;157;157;10.34;25.44
600.00;900.00;2280.00;27.09;E0_1_1400m;5.00;190;191;11.70;27.17
600.00;900.00;1884.00;25.26;E0_0_1500m;5.00;157;157;10.36;25.40
600.00;900.00;2304.00;27.05;E0_1_1500m;5.00;192;192;11.83;27.13
600.00;900.00;1908.00;25.21;E0_0_1600m;5.00;159;159;10.51;25.36
600.00;900.00;2280.00;27.12;E0_1_1600m;5.00;190;189;11.66;27.20
600.00;900.00;1956.00;25.22;E0_0_1700m;5.00;163;163;10.77;25.37
600.00;900.00;2244.00;27.11;E0_1_1700m;5.00;187;186;11.45;27.18
600.00;900.00;1980.00;25.11;E0_0_1800m;5.00;165;165;10.95;25.24
600.00;900.00;2256.00;27.06;E0_1_1800m;5.00;188;188;11.58;27.13
600.00;900.00;1980.00;25.12;E0_0_1900m;5.00;165;165;10.95;25.23
600.00;900.00;2292.00;26.99;E0_1_1900m;5.00;191;191;11.80;27.05
600.00;900.00;1992.00;25.09;E0_0_2000m;5.00;166;167;11.04;25.18
600.00;900.00;2304.00;26.99;E0_1_2000m;5.00;192;192;11.86;27.05
600.00;900.00;2016.00;25.12;E0_0_2100m;5.00;168;168;11.15;25.18
600.00;900.00;2304.00;27.04;E0_1_2100m;5.00;192;192;11.83;27.11
600.00;900.00;2016.00;25.06;E0_0_2200m;5.00;168;168;11.17;25.13
600.00;900.00;2328.00;27.13;E0_1_2200m;5.00;194;193;11.91;27.21
600.00;900.00;2004.00;24.80;E0_0_2300m;5.00;167;166;11.21;24.88
600.00;900.00;2364.00;27.19;E0_1_2300m;5.00;197;197;12.08;27.28
600.00;900.00;2004.00;24.72;E0_0_2400m;5.00;167;167;11.26;24.82
600.00;900.00;2304.00;27.12;E0_1_2400m;5.00;192;192;11.80;27.22
600.00;900.00;2016.00;24.66;E0_0_2500m;5.00;168;168;11.35;24.75
600.00;900.00;2280.00;27.05;E0_1_2500m;5.00;190;190;11.71;27.14
600.00;900.00;2052.00;24.64;E0_0_2600m;5.00;171;171;11.57;24.75
600.00;900.00;2268.00;27.05;E0_1_2600m;5.00;189;191;11.68;27.14
600.00;900.00;2040.00;24.64;E0_0_2700m;5.00;170;170;11.50;24.73
600.00;900.00;2280.00;27.08;E0_1_2700m;5.00;190;190;11.69;27.18
600.00;900.00;2016.00;24.56;E0_0_2800m;5.00;168;169;11.45;24.66
600.00;900.00;2244.00;27.10;E0_1_2800m;5.00;187;187;11.50;27.19
600.00;900.00;1992.00;24.56;E0_0_2900m;5.00;166;166;11.26;24.66
600.00;900.00;2232.00;27.13;E0_1_2900m;5.00;186;185;11.40;27.23
600.00;900.00;1992.00;24.54;E0_0_3000m;5.00;166;166;11.27;24.65
600.00;900.00;2220.00;27.11;E0_1_3000m;5.00;185;186;11.38;27.22
600.00;900.00;1968.00;24.60;E0_0_3100m;5.00;164;165;11.15;24.71
600.00;900.00;2220.00;27.06;E0_1_3100m;5.00;185;185;11.40;27.18
600.00;900.00;1944.00;24.54;E0_0_3200m;5.00;162;163;11.04;24.65
600.00;900.00;2232.00;27.03;E0_1_3200m;5.00;186;186;11.47;27.17
600.00;900.00;1980.00;24.42;E0_0_3300m;5.00;165;165;11.26;24.53
600.00;900.00;2268.00;26.88;E0_1_3300m;5.00;189;188;11.67;27.04
600.00;900.00;1992.00;24.32;E0_0_3400m;5.00;166;166;11.38;24.42
600.00;900.00;2292.00;26.72;E0_1_3400m;5.00;191;190;11.91;26.89
600.00;900.00;1968.00;24.23;E0_0_3500m;5.00;164;164;11.28;24.34
600.00;900.00;2304.00;26.63;E0_1_3500m;5.00;192;192;12.02;26.81
600.00;900.00;1992.00;24.21;E0_0_3600m;5.00;166;165;11.41;24.32
600.00;900.00;2304.00;26.59;E0_1_3600m;5.00;192;192;12.03;26.78
600.00;900.00;1992.00;24.19;E0_0_3700m;5.00;166;166;11.44;24.29
600.00;900.00;2328.00;26.62;E0_1_3700m;5.00;194;194;12.15;26.81
600.00;900.00;1980.00;24.10;E0_0_3800m;5.00;165;165;11.41;24.21
600.00;900.00;2328.00;26.59;E0_1_3800m;5.00;194;194;12.16;26.78
600.00;900.00;1992.00;24.09;E0_0_3900m;5.00;166;166;11.49;24.20
600.00;900.00;2340.00;26.47;E0_1_3900m;5.00;195;195;12.28;26.68
600.00;900.00;1968.00;24.09;E0_0_4000m;5.00;164;166;11.44;24.21
600.00;900.00;2376.00;26.36;E0_1_4000m;5.00;198;197;12.51;26.59
600.00;900.00;1968.00;24.06;E0_0_4100m;5.00;164;164;11.36;24.19
600.00;900.00;2376.00;26.25;E0_1_4100m;5.00;198;198;12.57;26.48
600.00;900.00;1980.00;24.00;E0_0_4200m;5.00;165;165;11.46;24.13
600.00;900.00;2364.00;26.06;E0_1_4200m;5.00;197;198;12.63;26.28
600.00;900.00;2016.00;23.99;E0_0_4300m;5.00;168;168;11.67;24.14
600.00;900.00;2340.00;25.79;E0_1_4300m;5.00;195;197;12.70;26.01
600.00;900.00;2064.00;23.93;E0_0_4400m;5.00;172;172;11.98;24.10
600.00;900.00;2316.00;25.57;E0_1_4400m;5.00;193;193;12.58;25.81
600.00;900.00;2040.00;23.69;E0_0_4500m;5.00;170;170;11.96;23.85
600.00;900.00;2352.00;25.32;E0_1_4500m;5.00;196;195;12.89;25.56
600.00;900.00;2064.00;23.69;E0_0_4600m;5.00;172;173;12.17;23.84
600.00;900.00;2364.00;25.07;E0_1_4600m;5.00;197;197;13.10;25.31
600.00;900.00;2064.00;23.78;E0_0_4700m;5.00;172;171;12.00;23.93
600.00;900.00;2376.00;24.92;E0_1_4700m;5.00;198;198;13.24;25.16
600.00;900.00;2052.00;23.95;E0_0_4800m;5.00;171;171;11.90;24.10
600.00;900.00;2376.00;24.86;E0_1_4800m;5.00;198;198;13.27;25.09
600.00;900.00;2076.00;24.05;E0_0_4900m;5.00;173;173;11.99;24.19
600.00;900.00;2364.00;24.83;E0_1_4900m;5.00;197;197;13.20;25.06
600.00;900.00;2076.00;24.03;E0_0_5000m;5.00;173;173;12.00;24.16
600.00;900.00;2376.00;24.89;E0_1_5000m;5.00;198;198;13.26;25.11
900.00;1200.00;0.00;-1.00;E0_0_0m;-1.00;0;0;0.00;-1.00
900.00;1200.00;0.00;-1.00;E0_1_0m;-1.00;0;0;0.00;-1.00
900.00;1200.00;1812.00;27.19;E0_0_100m;5.00;151;151;9.26;27.31
900.00;1200.00;1980.00;28.97;E0_1_100m;5.00;165;165;9.49;29.10
900.00;1200.00;1800.00;27.10;E0_0_200m;5.00;150;150;9.22;27.24
900.00;1200.00;1956.00;29.36;E0_1_200m;5.00;163;163;9.25;29.51
900.00;1200.00;1752.00;26.90;E0_0_300m;5.00;146;146;9.05;27.02
900.00;1200.00;1992.00;29.42;E0_1_300m;5.00;166;166;9.40;29.55
900.00;1200.00;1728.00;26.72;E0_0_400m;5.00;144;144;8.98;26.86
900.00;1200.00;2016.00;29.28;E0_1_400m;5.00;168;168;9.56;29.39
900.00;1200.00;1752.00;26.57;E0_0_500m;5.00;146;146;9.16;26.70
900.00;1200.00;2040.00;29.14;E0_1_500m;5.00;170;169;9.72;29.24
900.00;1200.00;1752.00;26.53;E0_0_600m;5.00;146;146;9.17;26.66
900.00;1200.00;2028.00;28.90;E0_1_600m;5.00;169;169;9.75;28.98
900.00;1200.00;1740.00;26.32;E0_0_700m;5.00;145;145;9.18;26.44
900.00;1200.00;2076.00;28.74;E0_1_700m;5.00;173;173;10.03;28.81
900.00;1200.00;1752.00;26.25;E0_0_800m;5.00;146;146;9.27;26.38
900.00;1200.00;2088.00;28.62;E0_1_800m;5.00;174;174;10.13;28.69
900.00;1200.00;1740.00;26.21;E0_0_900m;5.00;145;145;9.22;26.34
900.00;1200.00;2100.00;28.48;E0_1_900m;5.00;175;175;10.24;28.55
900.00;1200.00;1740.00;26.12;E0_0_1000m;5.00;145;145;9.25;26.24
900.00;1200.00;2088.00;28.43;E0_1_1000m;5.00;174;175;10.23;28.50
900.00;1200.00;1764.00;25.99;E0_0_1100m;5.00;147;147;9.43;26.09
900.00;1200.00;2112.00;28.39;E0_1_1100m;5.00;176;176;10.33;28.46
900.00;1200.00;1776.00;25.83;E0_0_1200m;5.00;148;149;9.59;25.94
900.00;1200.00;2124.00;28.37;E0_1_1200m;5.00;177;177;10.40;28.45
900.00;1200.00;1764.00;25.71;E0_0_1300m;5.00;147;147;9.53;25.81
900.00;1200.00;2136.00;28.30;E0_1_1300m;5.00;178;178;10.48;28.38
900.00;1200.00;1728.00;25.64;E0_0_1400m;5.00;144;145;9.40;25.75
900.00;1200.00;2148.00;28.19;E0_1_1400m;5.00;179;179;10.59;28.27
900.00;1200.00;1716.00;25.66;E0_0_1500m;5.00;143;144;9.32;25.77
900.00;1200.00;2172.00;28.15;E0_1_1500m;5.00;181;181;10.72;28.24
900.00;1200.00;1740.00;25.72;E0_0_1600m;5.00;145;145;9.40;25.82
900.00;1200.00;2160.00;28.19;E0_1_1600m;5.00;180;180;10.64;28.28
900.00;1200.00;1716.00;25.77;E0_0_1700m;5.00;143;143;9.25;25.87
900.00;1200.00;2160.00;28.16;E0_1_1700m;5.00;180;180;10.65;28.25
900.00;1200.00;1680.00;25.79;E0_0_1800m;5.00;140;140;9.05;25.87
900.00;1200.00;2160.00;28.12;E0_1_1800m;5.00;180;180;10.67;28.21
900.00;1200.00;1692.00;25.81;E0_0_1900m;5.00;141;141;9.10;25.89
900.00;1200.00;2160.00;28.09;E0_1_1900m;5.00;180;180;10.68;28.19
900.00;1200.00;1716.00;25.81;E0_0_2000m;5.00;143;142;9.22;25.88
900.00;1200.00;2160.00;28.05;E0_1_2000m;5.00;180;180;10.70;28.14
900.00;1200.00;1692.00;25.91;E0_0_2100m;5.00;141;141;9.07;25.97
900.00;1200.00;2172.00;27.97;E0_1_2100m;5.00;181;181;10.79;28.05
900.00;1200.00;1632.00;26.12;E0_0_2200m;5.00;136;136;8.68;26.19
900.00;1200.00;2208.00;27.93;E0_1_2200m;5.00;184;184;10.98;28.02
900.00;1200.00;1644.00;26.33;E0_0_2300m;5.00;137;137;8.67;26.41
900.00;1200.00;2196.00;27.95;E0_1_2300m;5.00;183;183;10.91;28.04
900.00;1200.00;1620.00;26.40;E0_0_2400m;5.00;135;135;8.52;26.46
900.00;1200.00;2220.00;27.89;E0_1_2400m;5.00;185;186;11.10;27.98
900.00;1200.00;1668.00;26.48;E0_0_2500m;5.00;139;139;8.75;26.54
900.00;1200.00;2208.00;27.94;E0_1_2500m;5.00;184;184;10.98;28.01
900.00;1200.00;1668.00;26.31;E0_0_2600m;5.00;139;139;8.80;26.37
900.00;1200.00;2184.00;28.01;E0_1_2600m;5.00;182;182;10.82;28.08
900.00;1200.00;1704.00;26.29;E0_0_2700m;5.00;142;142;9.00;26.34
900.00;1200.00;2160.00;27.98;E0_1_2700m;5.00;180;180;10.72;28.07
900.00;1200.00;1752.00;26.27;E0_0_2800m;5.00;146;145;9.21;26.33
900.00;1200.00;2136.00;27.96;E0_1_2800m;5.00;178;178;10.61;28.08
900.00;1200.00;1752.00;26.35;E0_0_2900m;5.00;146;146;9.23;26.42
900.00;1200.00;2136.00;27.89;E0_1_2900m;5.00;178;178;10.64;28.01
900.00;1200.00;1728.00;26.26;E0_0_3000m;5.00;144;144;9.14;26.33
900.00;1200.00;2160.00;27.88;E0_1_3000m;5.00;180;180;10.76;28.01
900.00;1200.00;1776.00;26.15;E0_0_3100m;5.00;148;147;9.39;26.23
900.00;1200.00;2112.00;27.93;E0_1_3100m;5.00;176;176;10.50;28.08
900.00;1200.00;1776.00;26.21;E0_0_3200m;5.00;148;147;9.38;26.27
900.00;1200.00;2112.00;27.92;E0_1_3200m;5.00;176;177;10.56;28.05
900.00;1200.00;1740.00;26.30;E0_0_3300m;5.00;145;145;9.19;26.37
900.00;1200.00;2112.00;27.90;E0_1_3300m;5.00;176;176;10.52;28.01
900.00;1200.00;1740.00;26.29;E0_0_3400m;5.00;145;145;9.19;26.36
900.00;1200.00;2088.00;27.90;E0_1_3400m;5.00;174;174;10.40;28.01
900.00;1200.00;1776.00;26.17;E0_0_3500m;5.00;148;148;9.43;26.24
900.00;1200.00;2124.00;27.80;E0_1_3500m;5.00;177;177;10.61;27.91
900.00;1200.00;1788.00;26.04;E0_0_3600m;5.00;149;149;9.54;26.11
900.00;1200.00;2148.00;27.68;E0_1_3600m;5.00;179;179;10.78;27.79
900.00;1200.00;1788.00;26.09;E0_0_3700m;5.00;149;149;9.52;26.16
900.00;1200.00;2160.00;27.57;E0_1_3700m;5.00;180;180;10.88;27.67
900.00;1200.00;1824.00;26.12;E0_0_3800m;5.00;152;152;9.70;26.18
900.00;1200.00;2172.00;27.49;E0_1_3800m;5.00;181;181;10.97;27.60
900.00;1200.00;1800.00;26.09;E0_0_3900m;5.00;150;150;9.58;26.15
900.00;1200.00;2184.00;27.40;E0_1_3900m;5.00;182;182;11.07;27.51
900.00;1200.00;1812.00;26.14;E0_0_4000m;5.00;151;151;9.63;26.21
900.00;1200.00;2196.00;27.35;E0_1_4000m;5.00;183;183;11.15;27.47
900.00;1200.00;1824.00;26.06;E0_0_4100m;5.00;152;152;9.72;26.13
900.00;1200.00;2208.00;27.23;E0_1_4100m;5.00;184;184;11.26;27.35
900.00;1200.00;1836.00;26.07;E0_0_4200m;5.00;153;154;9.81;26.15
900.00;1200.00;2256.00;27.13;E0_1_4200m;5.00;188;187;11.52;27.25
900.00;1200.00;1824.00;26.13;E0_0_4300m;5.00;152;152;9.70;26.19
900.00;1200.00;2316.00;27.10;E0_1_4300m;5.00;193;192;11.80;27.22
900.00;1200.00;1812.00;26.09;E0_0_4400m;5.00;151;152;9.69;26.15
900.00;1200.00;2304.00;27.05;E0_1_4400m;5.00;192;192;11.83;27.17
900.00;1200.00;1812.00;25.99;E0_0_4500m;5.00;151;152;9.75;26.04
900.00;1200.00;2328.00;27.05;E0_1_4500m;5.00;194;194;11.95;27.22
900.00;1200.00;1812.00;25.83;E0_0_4600m;5.00;151;150;9.68;25.88
900.00;1200.00;2316.00;26.93;E0_1_4600m;5.00;193;193;11.95;27.04
900.00;1200.00;1824.00;25.69;E0_0_4700m;5.00;152;152;9.86;25.74
900.00;1200.00;2316.00;26.91;E0_1_4700m;5.00;193;193;11.95;27.03
900.00;1200.00;1812.00;25.70;E0_0_4800m;5.00;151;151;9.79;25.77
900.00;1200.00;2340.00;26.90;E0_1_4800m;5.00;195;195;12.08;27.02
900.00;1200.00;1824.00;25.75;E0_0_4900m;5.00;152;152;9.84;25.83
900.00;1200.00;2328.00;26.93;E0_1_4900m;5.00;194;193;11.95;27.05
900.00;1200.00;1836.00;25.62;E0_0_5000m;5.00;153;153;9.95;25.71
900.00;1200.00;2352.00;26.95;E0_1_5000m;5.00;196;196;12.12;27.08
1200.00;1500.00;0.00;-1.00;E0_0_0m;-1.00;0;0;0.00;-1.00
1200.00;1500.00;0.00;-1.00;E0_1_0m;-1.00;0;0;0.00;-1.00
1200.00;1500.00;1980.00;26.61;E0_0_100m;5.00;165;165;10.34;26.73
1200.00;1500.00;2268.00;28.21;E0_1_100m;5.00;189;189;11.17;28.35
1200.00;1500.00;2016.00;26.46;E0_0_200m;5.00;168;168;10.58;26.61
1200.00;1500.00;2232.00;28.39;E0_1_200m;5.00;186;186;10.92;28.52
1200.00;1500.00;2016.00;26.37;E0_0_300m;5.00;168;169;10.64;26.51
1200.00;1500.00;2220.00;28.40;E0_1_300m;5.00;185;186;10.87;28.55
1200.00;1500.00;1956.00;26.26;E0_0_400m;5.00;163;163;10.35;26.39
1200.00;1500.00;2232.00;28.28;E0_1_400m;5.00;186;186;10.96;28.44
1200.00;1500.00;1944.00;26.23;E0_0_500m;5.00;162;162;10.29;26.35
1200.00;1500.00;2196.00;28.17;E0_1_500m;5.00;183;183;10.83;28.32
1200.00;1500.00;1944.00;26.19;E0_0_600m;5.00;162;162;10.31;26.30
1200.00;1500.00;2220.00;28.14;E0_1_600m;5.00;185;185;10.96;28.31
1200.00;1500.00;1920.00;26.04;E0_0_700m;5.00;160;160;10.24;26.14
1200.00;1500.00;2196.00;28.15;E0_1_700m;5.00;183;183;10.84;28.30
1200.00;1500.00;1884.00;25.99;E0_0_800m;5.00;157;157;10.07;26.10
1200.00;1500.00;2220.00;28.11;E0_1_800m;5.00;185;185;10.97;28.26
1200.00;1500.00;1884.00;25.94;E0_0_900m;5.00;157;157;10.09;26.04
1200.00;1500.00;2220.00;28.10;E0_1_900m;5.00;185;185;10.97;28.22
1200.00;1500.00;1884.00;25.93;E0_0_1000m;5.00;157;157;10.09;26.03
1200.00;1500.00;2184.00;28.17;E0_1_1000m;5.00;182;183;10.83;28.28
1200.00;1500.00;1836.00;25.91;E0_0_1100m;5.00;153;153;9.84;26.02
1200.00;1500.00;2184.00;28.17;E0_1_1100m;5.00;182;182;10.77;28.27
1200.00;1500.00;1824.00;25.81;E0_0_1200m;5.00;152;151;9.77;25.91
1200.00;1500.00;2184.00;28.15;E0_1_1200m;5.00;182;182;10.78;28.23
1200.00;1500.00;1824.00;25.79;E0_0_1300m;5.00;152;152;9.82;25.88
1200.00;1500.00;2172.00;28.16;E0_1_1300m;5.00;181;181;10.71;28.23
1200.00;1500.00;1872.00;25.91;E0_0_1400m;5.00;156;155;9.99;26.05
1200.00;1500.00;2124.00;28.32;E0_1_1400m;5.00;177;177;10.44;28.40
1200.00;1500.00;1812.00;25.78;E0_0_1500m;5.00;151;150;9.72;25.90
1200.00;1500.00;2148.00;28.44;E0_1_1500m;5.00;179;179;10.49;28.53
1200.00;1500.00;1848.00;25.80;E0_0_1600m;5.00;154;154;9.95;25.93
1200.00;1500.00;2100.00;28.54;E0_1_1600m;5.00;175;176;10.23;28.64
1200.00;1500.00;1848.00;25.71;E0_0_1700m;5.00;154;154;9.98;25.85
1200.00;1500.00;2136.00;28.54;E0_1_1700m;5.00;178;178;10.39;28.64
1200.00;1500.00;1908.00;25.55;E0_0_1800m;5.00;159;159;10.37;25.71
1200.00;1500.00;2124.00;28.59;E0_1_1800m;5.00;177;178;10.33;28.69
1200.00;1500.00;1860.00;25.54;E0_0_1900m;5.00;155;155;10.11;25.68
1200.00;1500.00;2124.00;28.60;E0_1_1900m;5.00;177;177;10.31;28.71
1200.00;1500.00;1812.00;25.47;E0_0_2000m;5.00;151;151;9.88;25.59
1200.00;1500.00;2124.00;28.62;E0_1_2000m;5.00;177;177;10.31;28.71
1200.00;1500.00;1788.00;25.51;E0_0_2100m;5.00;149;151;9.78;25.63
1200.00;1500.00;2136.00;28.67;E0_1_2100m;5.00;178;178;10.35;28.79
1200.00;1500.00;1788.00;25.36;E0_0_2200m;5.00;149;149;9.79;25.48
1200.00;1500.00;2160.00;28.87;E0_1_2200m;5.00;180;180;10.39;28.95
1200.00;1500.00;1788.00;25.25;E0_0_2300m;5.00;149;149;9.83;25.36
1200.00;1500.00;2160.00;28.92;E0_1_2300m;5.00;180;180;10.37;28.99
1200.00;1500.00;1788.00;25.24;E0_0_2400m;5.00;149;149;9.84;25.34
1200.00;1500.00;2160.00;28.99;E0_1_2400m;5.00;180;179;10.31;29.07
1200.00;1500.00;1788.00;25.26;E0_0_2500m;5.00;149;149;9.83;25.36
1200.00;1500.00;2148.00;28.96;E0_1_2500m;5.00;179;180;10.34;29.03
1200.00;1500.00;1776.00;25.33;E0_0_2600m;5.00;148;148;9.74;25.45
1200.00;1500.00;2160.00;28.88;E0_1_2600m;5.00;180;180;10.39;28.95
1200.00;1500.00;1764.00;25.34;E0_0_2700m;5.00;147;147;9.67;25.45
1200.00;1500.00;2160.00;28.82;E0_1_2700m;5.00;180;180;10.41;28.89
1200.00;1500.00;1740.00;25.24;E0_0_2800m;5.00;145;146;9.60;25.33
1200.00;1500.00;2160.00;28.79;E0_1_2800m;5.00;180;180;10.42;28.88
1200.00;1500.00;1740.00;25.24;E0_0_2900m;5.00;145;145;9.57;25.33
1200.00;1500.00;2148.00;28.76;E0_1_2900m;5.00;179;180;10.40;28.84
1200.00;1500.00;1704.00;25.29;E0_0_3000m;5.00;142;142;9.36;25.38
1200.00;1500.00;2184.00;28.77;E0_1_3000m;5.00;182;182;10.54;28.86
1200.00;1500.00;1752.00;25.35;E0_0_3100m;5.00;146;146;9.60;25.45
1200.00;1500.00;2184.00;28.84;E0_1_3100m;5.00;182;182;10.52;28.95
1200.00;1500.00;1764.00;25.36;E0_0_3200m;5.00;147;148;9.72;25.45
1200.00;1500.00;2184.00;28.82;E0_1_3200m;5.00;182;181;10.47;28.95
1200.00;1500.00;1764.00;25.51;E0_0_3300m;5.00;147;147;9.61;25.60
1200.00;1500.00;2184.00;28.63;E0_1_3300m;5.00;182;183;10.63;28.75
1200.00;1500.00;1680.00;25.54;E0_0_3400m;5.00;140;140;9.14;25.64
1200.00;1500.00;2256.00;28.52;E0_1_3400m;5.00;188;188;10.99;28.64
1200.00;1500.00;1644.00;25.43;E0_0_3500m;5.00;137;137;8.98;25.53
1200.00;1500.00;2220.00;28.56;E0_1_3500m;5.00;185;185;10.79;28.68
1200.00;1500.00;1644.00;25.38;E0_0_3600m;5.00;137;137;9.00;25.47
1200.00;1500.00;2196.00;28.62;E0_1_3600m;5.00;183;183;10.66;28.73
1200.00;1500.00;1584.00;25.58;E0_0_3700m;5.00;132;132;8.60;25.66
1200.00;1500.00;2232.00;28.56;E0_1_3700m;5.00;186;186;10.85;28.67
1200.00;1500.00;1572.00;25.50;E0_0_3800m;5.00;131;131;8.56;25.57
1200.00;1500.00;2232.00;28.49;E0_1_3800m;5.00;186;187;10.90;28.59
1200.00;1500.00;1620.00;25.44;E0_0_3900m;5.00;135;135;8.85;25.52
1200.00;1500.00;2220.00;28.46;E0_1_3900m;5.00;185;185;10.84;28.56
1200.00;1500.00;1644.00;25.47;E0_0_4000m;5.00;137;137;8.97;25.55
1200.00;1500.00;2196.00;28.43;E0_1_4000m;5.00;183;183;10.73;28.56
1200.00;1500.00;1632.00;25.56;E0_0_4100m;5.00;136;136;8.87;25.66
1200.00;1500.00;2196.00;28.44;E0_1_4100m;5.00;183;183;10.73;28.57
1200.00;1500.00;1620.00;25.49;E0_0_4200m;5.00;135;134;8.79;25.60
1200.00;1500.00;2148.00;28.54;E0_1_4200m;5.00;179;179;10.45;28.67
1200.00;1500.00;1644.00;25.45;E0_0_4300m;5.00;137;137;8.97;25.56
1200.00;1500.00;2100.00;28.49;E0_1_4300m;5.00;175;175;10.24;28.62
1200.00;1500.00;1644.00;25.40;E0_0_4400m;5.00;137;136;8.95;25.53
1200.00;1500.00;2100.00;28.40;E0_1_4400m;5.00;175;176;10.28;28.54
1200.00;1500.00;1632.00;25.41;E0_0_4500m;5.00;136;137;8.93;25.51
1200.00;1500.00;2100.00;28.35;E0_1_4500m;5.00;175;175;10.29;28.52
1200.00;1500.00;1620.00;25.44;E0_0_4600m;5.00;135;135;8.85;25.55
1200.00;1500.00;2100.00;28.41;E0_1_4600m;5.00;175;175;10.27;28.56
1200.00;1500.00;1632.00;25.44;E0_0_4700m;5.00;136;137;8.94;25.55
1200.00;1500.00;2136.00;28.31;E0_1_4700m;5.00;178;178;10.48;28.44
1200.00;1500.00;1632.00;25.46;E0_0_4800m;5.00;136;136;8.90;25.56
1200.00;1500.00;2136.00;28.25;E0_1_4800m;5.00;178;178;10.50;28.37
1200.00;1500.00;1656.00;25.52;E0_0_4900m;5.00;138;139;9.05;25.61
1200.00;1500.00;2148.00;28.23;E0_1_4900m;5.00;179;179;10.57;28.36
1200.00;1500.00;1644.00;25.41;E0_0_5000m;5.00;137;138;9.00;25.51
1200.00;1500.00;2136.00;28.25;E0_1_5000m;5.00;178;178;10.50;28.38
1500.00;1800.00;0.00;-1.00;E0_0_0m;-1.00;0;0;0.00;-1.00
1500.00;1800.00;0.00;-1.00;E0_1_0m;-1.00;0;0;0.00;-1.00
1500.00;1800.00;1932.00;26.24;E0_0_100m;5.00;161;162;10.24;26.38
1500.00;1800.00;2124.00;27.84;E0_1_100m;5.00;177;177;10.60;28.05
1500.00;1800.00;1932.00;26.09;E0_0_200m;5.00;161;161;10.29;26.22
1500.00;1800.00;2112.00;28.47;E0_1_200m;5.00;176;176;10.30;28.63
1500.00;1800.00;1920.00;26.03;E0_0_300m;5.00;160;160;10.24;26.15
1500.00;1800.00;2124.00;28.57;E0_1_300m;5.00;177;176;10.32;28.72
1500.00;1800.00;1908.00;25.96;E0_0_400m;5.00;159;160;10.25;26.07
1500.00;1800.00;2148.00;28.41;E0_1_400m;5.00;179;179;10.50;28.56
1500.00;1800.00;1860.00;25.86;E0_0_500m;5.00;155;156;10.03;25.98
1500.00;1800.00;2220.00;28.18;E0_1_500m;5.00;185;185;10.94;28.33
1500.00;1800.00;1848.00;25.85;E0_0_600m;5.00;154;154;9.93;25.96
1500.00;1800.00;2196.00;28.21;E0_1_600m;5.00;183;183;10.81;28.36
1500.00;1800.00;1836.00;25.69;E0_0_700m;5.00;153;153;9.93;25.81
1500.00;1800.00;2244.00;28.17;E0_1_700m;5.00;187;187;11.07;28.32
1500.00;1800.00;1848.00;25.50;E0_0_800m;5.00;154;155;10.08;25.64
1500.00;1800.00;2220.00;28.08;E0_1_800m;5.00;185;185;10.98;28.25
1500.00;1800.00;1812.00;25.34;E0_0_900m;5.00;151;151;9.93;25.48
1500.00;1800.00;2268.00;27.87;E0_1_900m;5.00;189;189;11.30;28.04
1500.00;1800.00;1800.00;25.33;E0_0_1000m;5.00;150;150;9.87;25.46
1500.00;1800.00;2280.00;27.59;E0_1_1000m;5.00;190;189;11.42;27.74
1500.00;1800.00;1800.00;25.17;E0_0_1100m;5.00;150;150;9.93;25.32
1500.00;1800.00;2280.00;27.42;E0_1_1100m;5.00;190;190;11.55;27.57
1500.00;1800.00;1764.00;25.12;E0_0_1200m;5.00;147;147;9.75;25.26
1500.00;1800.00;2304.00;27.36;E0_1_1200m;5.00;192;192;11.70;27.51
1500.00;1800.00;1752.00;25.01;E0_0_1300m;5.00;146;146;9.73;25.15
1500.00;1800.00;2304.00;27.37;E0_1_1300m;5.00;192;192;11.69;27.51
1500.00;1800.00;1788.00;24.89;E0_0_1400m;5.00;149;149;9.98;25.05
1500.00;1800.00;2280.00;27.27;E0_1_1400m;5.00;190;191;11.64;27.39
1500.00;1800.00;1800.00;24.84;E0_0_1500m;5.00;150;150;10.07;24.99
1500.00;1800.00;2280.00;27.22;E0_1_1500m;5.00;190;190;11.63;27.34
1500.00;1800.00;1812.00;24.80;E0_0_1600m;5.00;151;152;10.19;24.96
1500.00;1800.00;2256.00;27.15;E0_1_1600m;5.00;188;188;11.55;27.29
1500.00;1800.00;1812.00;24.69;E0_0_1700m;5.00;151;151;10.19;24.85
1500.00;1800.00;2280.00;26.95;E0_1_1700m;5.00;190;190;11.75;27.08
1500.00;1800.00;1824.00;24.60;E0_0_1800m;5.00;152;152;10.30;24.76
1500.00;1800.00;2280.00;26.90;E0_1_1800m;5.00;190;190;11.77;27.03
1500.00;1800.00;1812.00;24.56;E0_0_1900m;5.00;151;151;10.25;24.70
1500.00;1800.00;2280.00;26.86;E0_1_1900m;5.00;190;190;11.79;26.98
1500.00;1800.00;1800.00;24.55;E0_0_2000m;5.00;150;151;10.20;24.69
1500.00;1800.00;2292.00;26.81;E0_1_2000m;5.00;191;191;11.87;26.92
1500.00;1800.00;1800.00;24.45;E0_0_2100m;5.00;150;150;10.22;24.59
1500.00;1800.00;2316.00;26.91;E0_1_2100m;5.00;193;194;11.97;27.02
1500.00;1800.00;1836.00;24.57;E0_0_2200m;5.00;153;153;10.38;24.72
1500.00;1800.00;2328.00;26.97;E0_1_2200m;5.00;194;194;11.99;27.08
1500.00;1800.00;1872.00;24.63;E0_0_2300m;5.00;156;156;10.55;24.78
1500.00;1800.00;2292.00;26.87;E0_1_2300m;5.00;191;191;11.85;26.99
1500.00;1800.00;1848.00;24.51;E0_0_2400m;5.00;154;154;10.47;24.66
1500.00;1800.00;2316.00;26.81;E0_1_2400m;5.00;193;193;12.00;26.92
1500.00;1800.00;1800.00;24.54;E0_0_2500m;5.00;150;150;10.19;24.70
1500.00;1800.00;2340.00;26.79;E0_1_2500m;5.00;195;194;12.09;26.90
1500.00;1800.00;1800.00;24.56;E0_0_2600m;5.00;150;150;10.18;24.74
1500.00;1800.00;2304.00;26.75;E0_1_2600m;5.00;192;193;11.98;26.85
1500.00;1800.00;1788.00;24.44;E0_0_2700m;5.00;149;149;10.16;24.60
1500.00;1800.00;2352.00;26.75;E0_1_2700m;5.00;196;196;12.21;26.84
1500.00;1800.00;1800.00;24.27;E0_0_2800m;5.00;150;150;10.30;24.41
1500.00;1800.00;2388.00;26.79;E0_1_2800m;5.00;199;199;12.38;26.87
1500.00;1800.00;1824.00;24.17;E0_0_2900m;5.00;152;152;10.48;24.30
1500.00;1800.00;2388.00;26.90;E0_1_2900m;5.00;199;198;12.30;26.98
1500.00;1800.00;1836.00;24.13;E0_0_3000m;5.00;153;153;10.57;24.26
1500.00;1800.00;2364.00;27.07;E0_1_3000m;5.00;197;199;12.17;27.16
1500.00;1800.00;1824.00;24.21;E0_0_3100m;5.00;152;152;10.46;24.35
1500.00;1800.00;2352.00;27.14;E0_1_3100m;5.00;196;196;12.04;27.24
1500.00;1800.00;1836.00;24.26;E0_0_3200m;5.00;153;153;10.51;24.40
1500.00;1800.00;2328.00;27.23;E0_1_3200m;5.00;194;195;11.91;27.33
1500.00;1800.00;1848.00;24.17;E0_0_3300m;5.00;154;154;10.62;24.29
1500.00;1800.00;2328.00;27.21;E0_1_3300m;5.00;194;194;11.87;27.33
1500.00;1800.00;1872.00;24.20;E0_0_3400m;5.00;156;156;10.75;24.33
1500.00;1800.00;2328.00;27.28;E0_1_3400m;5.00;194;194;11.85;27.40
1500.00;1800.00;1908.00;24.25;E0_0_3500m;5.00;159;159;10.93;24.38
1500.00;1800.00;2304.00;27.25;E0_1_3500m;5.00;192;193;11.78;27.37
1500.00;1800.00;1908.00;24.20;E0_0_3600m;5.00;159;159;10.95;24.33
1500.00;1800.00;2328.00;27.01;E0_1_3600m;5.00;194;194;11.97;27.10
1500.00;1800.00;1932.00;24.08;E0_0_3700m;5.00;161;161;11.14;24.20
1500.00;1800.00;2352.00;26.89;E0_1_3700m;5.00;196;196;12.15;26.99
1500.00;1800.00;1908.00;23.85;E0_0_3800m;5.00;159;159;11.11;23.95
1500.00;1800.00;2364.00;26.76;E0_1_3800m;5.00;197;197;12.30;26.86
1500.00;1800.00;1896.00;23.77;E0_0_3900m;5.00;158;159;11.12;23.86
1500.00;1800.00;2340.00;26.64;E0_1_3900m;5.00;195;195;12.20;26.75
1500.00;1800.00;1872.00;23.77;E0_0_4000m;5.00;156;157;10.95;23.84
1500.00;1800.00;2340.00;26.61;E0_1_4000m;5.00;195;195;12.21;26.72
1500.00;1800.00;1884.00;23.90;E0_0_4100m;5.00;157;157;10.95;23.97
1500.00;1800.00;2316.00;26.57;E0_1_4100m;5.00;193;193;12.11;26.70
1500.00;1800.00;1884.00;24.01;E0_0_4200m;5.00;157;157;10.90;24.08
1500.00;1800.00;2316.00;26.48;E0_1_4200m;5.00;193;194;12.17;26.61
1500.00;1800.00;1860.00;24.13;E0_0_4300m;5.00;155;155;10.70;24.22
1500.00;1800.00;2316.00;26.44;E0_1_4300m;5.00;193;193;12.16;26.57
1500.00;1800.00;1848.00;24.35;E0_0_4400m;5.00;154;154;10.54;24.44
1500.00;1800.00;2328.00;26.40;E0_1_4400m;5.00;194;195;12.30;26.54
1500.00;1800.00;1860.00;24.45;E0_0_4500m;5.00;155;155;10.56;24.54
1500.00;1800.00;2316.00;26.46;E0_1_4500m;5.00;193;193;12.16;26.62
1500.00;1800.00;1860.00;24.49;E0_0_4600m;5.00;155;156;10.61;24.58
1500.00;1800.00;2292.00;26.62;E0_1_4600m;5.00;191;191;11.96;26.82
1500.00;1800.00;1836.00;24.48;E0_0_4700m;5.00;153;153;10.42;24.61
1500.00;1800.00;2256.00;26.79;E0_1_4700m;5.00;188;189;11.75;26.99
1500.00;1800.00;1848.00;24.42;E0_0_4800m;5.00;154;155;10.57;24.51
1500.00;1800.00;2268.00;26.92;E0_1_4800m;5.00;189;189;11.70;27.11
1500.00;1800.00;1848.00;24.30;E0_0_4900m;5.00;154;153;10.52;24.40
1500.00;1800.00;2268.00;26.96;E0_1_4900m;5.00;189;189;11.68;27.12
1500.00;1800.00;1860.00;24.37;E0_0_5000m;5.00;155;154;10.59;24.44
1500.00;1800.00;2244.00;27.08;E0_1_5000m;5.00;187;187;11.51;27.23
1800.00;2100.00;0.00;-1.00;E0_0_0m;-1.00;0;0;0.00;-1.00
1800.00;2100.00;0.00;-1.00;E0_1_0m;-1.00;0;0;0.00;-1.00
1800.00;2100.00;1920.00;26.36;E0_0_100m;5.00;160;159;10.10;26.49
1800.00;2100.00;2112.00;28.16;E0_1_100m;5.00;176;176;10.42;28.29
1800.00;2100.00;1944.00;26.48;E0_0_200m;5.00;162;162;10.19;26.64
1800.00;2100.00;2088.00;28.27;E0_1_200m;5.00;174;174;10.26;28.41
1800.00;2100.00;1956.00;26.46;E0_0_300m;5.00;163;164;10.32;26.61
1800.00;2100.00;2088.00;28.21;E0_1_300m;5.00;174;174;10.28;28.32
1800.00;2100.00;1956.00;26.29;E0_0_400m;5.00;163;163;10.33;26.45
1800.00;2100.00;2076.00;28.23;E0_1_400m;5.00;173;173;10.21;28.34
1800.00;2100.00;1956.00;26.02;E0_0_500m;5.00;163;163;10.44;26.17
1800.00;2100.00;2064.00;28.16;E0_1_500m;5.00;172;173;10.21;28.27
1800.00;2100.00;1968.00;25.82;E0_0_600m;5.00;164;164;10.59;25.97
1800.00;2100.00;2064.00;28.05;E0_1_600m;5.00;172;172;10.22;28.17
1800.00;2100.00;1956.00;25.72;E0_0_700m;5.00;163;164;10.58;25.85
1800.00;2100.00;2064.00;28.01;E0_1_700m;5.00;172;172;10.23;28.12
1800.00;2100.00;1956.00;25.66;E0_0_800m;5.00;163;162;10.57;25.78
1800.00;2100.00;2076.00;27.87;E0_1_800m;5.00;173;173;10.35;27.95
1800.00;2100.00;1932.00;25.53;E0_0_900m;5.00;161;161;10.51;25.65
1800.00;2100.00;2076.00;27.70;E0_1_900m;5.00;173;173;10.41;27.78
1800.00;2100.00;1920.00;25.36;E0_0_1000m;5.00;160;160;10.51;25.48
1800.00;2100.00;2112.00;27.52;E0_1_1000m;5.00;176;176;10.66;27.59
1800.00;2100.00;1944.00;25.47;E0_0_1100m;5.00;162;162;10.60;25.58
1800.00;2100.00;2148.00;27.38;E0_1_1100m;5.00;179;179;10.89;27.45
1800.00;2100.00;1920.00;25.46;E0_0_1200m;5.00;160;161;10.52;25.55
1800.00;2100.00;2184.00;27.20;E0_1_1200m;5.00;182;182;11.15;27.26
1800.00;2100.00;1920.00;25.48;E0_0_1300m;5.00;160;160;10.46;25.57
1800.00;2100.00;2196.00;27.05;E0_1_1300m;5.00;183;184;11.32;27.11
1800.00;2100.00;1944.00;25.30;E0_0_1400m;5.00;162;162;10.67;25.39
1800.00;2100.00;2196.00;26.97;E0_1_1400m;5.00;183;182;11.28;27.04
1800.00;2100.00;1932.00;25.25;E0_0_1500m;5.00;161;162;10.66;25.34
1800.00;2100.00;2196.00;26.86;E0_1_1500m;5.00;183;183;11.36;26.94
1800.00;2100.00;1908.00;25.26;E0_0_1600m;5.00;159;160;10.53;25.33
1800.00;2100.00;2232.00;26.76;E0_1_1600m;5.00;186;185;11.56;26.84
1800.00;2100.00;1884.00;25.22;E0_0_1700m;5.00;157;158;10.44;25.30
1800.00;2100.00;2208.00;26.69;E0_1_1700m;5.00;184;185;11.53;26.76
1800.00;2100.00;1848.00;25.09;E0_0_1800m;5.00;154;154;10.23;25.17
1800.00;2100.00;2196.00;26.62;E0_1_1800m;5.00;183;183;11.46;26.69
1800.00;2100.00;1836.00;25.14;E0_0_1900m;5.00;153;153;10.14;25.20
1800.00;2100.00;2208.00;26.66;E0_1_1900m;5.00;184;184;11.50;26.72
1800.00;2100.00;1860.00;25.12;E0_0_2000m;5.00;155;154;10.27;25.19
1800.00;2100.00;2232.00;26.70;E0_1_2000m;5.00;186;186;11.61;26.75
1800.00;2100.00;1848.00;25.10;E0_0_2100m;5.00;154;154;10.22;25.19
1800.00;2100.00;2280.00;26.76;E0_1_2100m;5.00;190;190;11.83;26.81
1800.00;2100.00;1872.00;25.31;E0_0_2200m;5.00;156;156;10.27;25.38
1800.00;2100.00;2244.00;26.78;E0_1_2200m;5.00;187;187;11.64;26.83
1800.00;2100.00;1872.00;25.28;E0_0_2300m;5.00;156;157;10.33;25.34
1800.00;2100.00;2244.00;26.76;E0_1_2300m;5.00;187;187;11.65;26.81
1800.00;2100.00;1872.00;25.18;E0_0_2400m;5.00;156;156;10.33;25.23
1800.00;2100.00;2268.00;26.63;E0_1_2400m;5.00;189;189;11.83;26.69
1800.00;2100.00;1884.00;24.94;E0_0_2500m;5.00;157;157;10.49;25.01
1800.00;2100.00;2292.00;26.53;E0_1_2500m;5.00;191;191;12.00;26.58
1800.00;2100.00;1932.00;24.89;E0_0_2600m;5.00;161;161;10.78;24.96
1800.00;2100.00;2280.00;26.52;E0_1_2600m;5.00;190;190;11.94;26.58
1800.00;2100.00;1932.00;24.88;E0_0_2700m;5.00;161;161;10.79;24.96
1800.00;2100.00;2256.00;26.41;E0_1_2700m;5.00;188;188;11.86;26.49
1800.00;2100.00;1908.00;24.89;E0_0_2800m;5.00;159;159;10.65;24.96
1800.00;2100.00;2256.00;26.34;E0_1_2800m;5.00;188;188;11.89;26.42
1800.00;2100.00;1920.00;24.83;E0_0_2900m;5.00;160;160;10.74;24.90
1800.00;2100.00;2244.00;26.32;E0_1_2900m;5.00;187;187;11.84;26.40
1800.00;2100.00;1920.00;24.83;E0_0_3000m;5.00;160;161;10.77;24.89
1800.00;2100.00;2244.00;26.25;E0_1_3000m;5.00;187;186;11.86;26.33
1800.00;2100.00;1968.00;24.80;E0_0_3100m;5.00;164;164;11.02;24.88
1800.00;2100.00;2232.00;26.26;E0_1_3100m;5.00;186;186;11.81;26.34
1800.00;2100.00;1980.00;24.88;E0_0_3200m;5.00;165;165;11.05;24.96
1800.00;2100.00;2280.00;26.34;E0_1_3200m;5.00;190;190;12.02;26.42
1800.00;2100.00;1980.00;25.00;E0_0_3300m;5.00;165;165;11.00;25.07
1800.00;2100.00;2316.00;26.51;E0_1_3300m;5.00;193;192;12.11;26.61
1800.00;2100.00;1992.00;24.89;E0_0_3400m;5.00;166;166;11.12;24.96
1800.00;2100.00;2316.00;26.65;E0_1_3400m;5.00;193;193;12.07;26.74
1800.00;2100.00;2016.00;24.71;E0_0_3500m;5.00;168;168;11.33;24.80
1800.00;2100.00;2328.00;26.74;E0_1_3500m;5.00;194;194;12.09;26.84
1800.00;2100.00;2004.00;24.56;E0_0_3600m;5.00;167;167;11.33;24.67
1800.00;2100.00;2304.00;26.83;E0_1_3600m;5.00;192;192;11.93;26.93
1800.00;2100.00;2016.00;24.37;E0_0_3700m;5.00;168;169;11.55;24.50
1800.00;2100.00;2244.00;26.92;E0_1_3700m;5.00;187;187;11.58;27.03
1800.00;2100.00;2028.00;24.33;E0_0_3800m;5.00;169;169;11.58;24.47
1800.00;2100.00;2244.00;26.96;E0_1_3800m;5.00;187;186;11.51;27.08
1800.00;2100.00;2064.00;24.29;E0_0_3900m;5.00;172;171;11.76;24.43
1800.00;2100.00;2268.00;26.96;E0_1_3900m;5.00;189;189;11.68;27.08
1800.00;2100.00;2052.00;24.13;E0_0_4000m;5.00;171;170;11.80;24.27
1800.00;2100.00;2316.00;26.97;E0_1_4000m;5.00;193;193;11.93;27.09
1800.00;2100.00;2052.00;23.94;E0_0_4100m;5.00;171;171;11.90;24.08
1800.00;2100.00;2304.00;27.02;E0_1_4100m;5.00;192;192;11.84;27.14
1800.00;2100.00;2088.00;23.92;E0_0_4200m;5.00;174;174;12.13;24.06
1800.00;2100.00;2304.00;27.06;E0_1_4200m;5.00;192;192;11.82;27.20
1800.00;2100.00;2088.00;23.92;E0_0_4300m;5.00;174;174;12.12;24.08
1800.00;2100.00;2292.00;27.08;E0_1_4300m;5.00;191;191;11.76;27.23
1800.00;2100.00;2064.00;23.85;E0_0_4400m;5.00;172;172;12.02;24.03
1800.00;2100.00;2328.00;27.09;E0_1_4400m;5.00;194;193;11.89;27.24
1800.00;2100.00;2076.00;23.76;E0_0_4500m;5.00;173;173;12.13;23.93
1800.00;2100.00;2304.00;27.05;E0_1_4500m;5.00;192;192;11.83;27.20
1800.00;2100.00;2076.00;23.70;E0_0_4600m;5.00;173;172;12.11;23.87
1800.00;2100.00;2316.00;27.06;E0_1_4600m;5.00;193;194;11.94;27.20
1800.00;2100.00;2076.00;23.59;E0_0_4700m;5.00;173;173;12.22;23.76
1800.00;2100.00;2316.00;27.10;E0_1_4700m;5.00;193;194;11.92;27.23
1800.00;2100.00;2040.00;23.55;E0_0_4800m;5.00;170;170;12.03;23.71
1800.00;2100.00;2364.00;26.97;E0_1_4800m;5.00;197;197;12.18;27.08
1800.00;2100.00;2004.00;23.41;E0_0_4900m;5.00;167;167;11.89;23.56
1800.00;2100.00;2364.00;26.76;E0_1_4900m;5.00;197;197;12.27;26.86
1800.00;2100.00;2004.00;23.34;E0_0_5000m;5.00;167;167;11.93;23.47
1800.00;2100.00;2364.00;26.64;E0_1_5000m;5.00;197;197;12.33;26.73
2100.00;2400.00;0.00;-1.00;E0_0_0m;-1.00;0;0;0.00;-1.00
2100.00;2400.00;0.00;-1.00;E0_1_0m;-1.00;0;0;0.00;-1.00
2100.00;2400.00;2100.00;25.72;E0_0_100m;5.00;175;175;11.34;25.80
2100.00;2400.00;2352.00;26.37;E0_1_100m;5.00;196;196;12.39;26.49
2100.00;2400.00;2088.00;25.58;E0_0_200m;5.00;174;174;11.34;25.66
2100.00;2400.00;2364.00;26.52;E0_1_200m;5.00;197;197;12.38;26.67
2100.00;2400.00;2076.00;25.60;E0_0_300m;5.00;173;173;11.26;25.67
2100.00;2400.00;2352.00;26.37;E0_1_300m;5.00;196;196;12.39;26.51
2100.00;2400.00;2088.00;25.61;E0_0_400m;5.00;174;174;11.32;25.68
2100.00;2400.00;2364.00;26.18;E0_1_400m;5.00;197;197;12.54;26.31
2100.00;2400.00;2088.00;25.54;E0_0_500m;5.00;174;174;11.35;25.60
2100.00;2400.00;2364.00;25.96;E0_1_500m;5.00;197;196;12.62;26.07
2100.00;2400.00;2088.00;25.43;E0_0_600m;5.00;174;175;11.46;25.49
2100.00;2400.00;2364.00;25.74;E0_1_600m;5.00;197;197;12.76;25.85
2100.00;2400.00;2100.00;25.18;E0_0_700m;5.00;175;174;11.57;25.26
2100.00;2400.00;2352.00;25.53;E0_1_700m;5.00;196;196;12.80;25.65
2100.00;2400.00;2100.00;24.99;E0_0_800m;5.00;175;175;11.67;25.10
2100.00;2400.00;2340.00;25.28;E0_1_800m;5.00;195;195;12.86;25.41
2100.00;2400.00;2100.00;24.84;E0_0_900m;5.00;175;175;11.74;24.97
2100.00;2400.00;2340.00;25.14;E0_1_900m;5.00;195;195;12.93;25.30
2100.00;2400.00;2064.00;24.76;E0_0_1000m;5.00;172;172;11.58;24.89
2100.00;2400.00;2352.00;25.12;E0_1_1000m;5.00;196;196;13.01;25.31
2100.00;2400.00;2040.00;24.70;E0_0_1100m;5.00;170;170;11.47;24.83
2100.00;2400.00;2316.00;25.04;E0_1_1100m;5.00;193;193;12.85;25.24
2100.00;2400.00;2016.00;24.71;E0_0_1200m;5.00;168;167;11.29;24.85
2100.00;2400.00;2316.00;25.03;E0_1_1200m;5.00;193;193;12.85;25.24
2100.00;2400.00;2004.00;24.70;E0_0_1300m;5.00;167;167;11.27;24.84
2100.00;2400.00;2304.00;25.04;E0_1_1300m;5.00;192;192;12.77;25.25
2100.00;2400.00;1968.00;24.60;E0_0_1400m;5.00;164;164;11.11;24.73
2100.00;2400.00;2304.00;25.04;E0_1_1400m;5.00;192;192;12.78;25.24
2100.00;2400.00;1956.00;24.62;E0_0_1500m;5.00;163;163;11.03;24.76
2100.00;2400.00;2316.00;25.08;E0_1_1500m;5.00;193;193;12.83;25.28
2100.00;2400.00;1968.00;24.61;E0_0_1600m;5.00;164;163;11.06;24.75
2100.00;2400.00;2316.00;25.13;E0_1_1600m;5.00;193;193;12.80;25.34
2100.00;2400.00;1968.00;24.64;E0_0_1700m;5.00;164;164;11.05;24.78
2100.00;2400.00;2304.00;25.15;E0_1_1700m;5.00;192;191;12.68;25.35
2100.00;2400.00;1968.00;24.57;E0_0_1800m;5.00;164;164;11.12;24.70
2100.00;2400.00;2280.00;25.11;E0_1_1800m;5.00;190;190;12.61;25.30
2100.00;2400.00;1980.00;24.64;E0_0_1900m;5.00;165;165;11.16;24.76
2100.00;2400.00;2304.00;25.07;E0_1_1900m;5.00;192;192;12.77;25.25
2100.00;2400.00;1944.00;24.65;E0_0_2000m;5.00;162;162;10.95;24.77
2100.00;2400.00;2292.00;25.09;E0_1_2000m;5.00;191;191;12.69;25.27
2100.00;2400.00;1920.00;24.76;E0_0_2100m;5.00;160;160;10.77;24.87
2100.00;2400.00;2256.00;25.14;E0_1_2100m;5.00;188;188;12.46;25.31
2100.00;2400.00;1884.00;24.81;E0_0_2200m;5.00;157;157;10.55;24.92
2100.00;2400.00;2232.00;25.18;E0_1_2200m;5.00;186;186;12.31;25.35
2100.00;2400.00;1884.00;24.85;E0_0_2300m;5.00;157;156;10.49;24.96
2100.00;2400.00;2208.00;25.20;E0_1_2300m;5.00;184;184;12.17;25.35
2100.00;2400.00;1860.00;24.83;E0_0_2400m;5.00;155;155;10.41;24.93
2100.00;2400.00;2196.00;25.26;E0_1_2400m;5.00;183;183;12.07;25.40
2100.00;2400.00;1836.00;24.85;E0_0_2500m;5.00;153;153;10.26;24.95
2100.00;2400.00;2172.00;25.37;E0_1_2500m;5.00;181;181;11.89;25.51
2100.00;2400.00;1824.00;24.90;E0_0_2600m;5.00;152;152;10.17;25.00
2100.00;2400.00;2160.00;25.50;E0_1_2600m;5.00;180;180;11.77;25.65
2100.00;2400.00;1824.00;25.03;E0_0_2700m;5.00;152;152;10.12;25.13
2100.00;2400.00;2124.00;25.62;E0_1_2700m;5.00;177;177;11.51;25.78
2100.00;2400.00;1776.00;25.08;E0_0_2800m;5.00;148;148;9.83;25.18
2100.00;2400.00;2160.00;25.70;E0_1_2800m;5.00;180;180;11.67;25.85
2100.00;2400.00;1764.00;25.27;E0_0_2900m;5.00;147;147;9.69;25.35
2100.00;2400.00;2136.00;25.75;E0_1_2900m;5.00;178;179;11.58;25.87
2100.00;2400.00;1776.00;25.36;E0_0_3000m;5.00;148;147;9.70;25.43
2100.00;2400.00;2136.00;25.77;E0_1_3000m;5.00;178;178;11.51;25.87
2100.00;2400.00;1728.00;25.46;E0_0_3100m;5.00;144;145;9.47;25.52
2100.00;2400.00;2112.00;25.83;E0_1_3100m;5.00;176;176;11.36;25.91
2100.00;2400.00;1716.00;25.54;E0_0_3200m;5.00;143;143;9.33;25.59
2100.00;2400.00;2064.00;25.94;E0_1_3200m;5.00;172;172;11.05;26.00
2100.00;2400.00;1680.00;25.61;E0_0_3300m;5.00;140;140;9.11;25.65
2100.00;2400.00;2028.00;25.96;E0_1_3300m;5.00;169;169;10.85;26.02
2100.00;2400.00;1668.00;25.66;E0_0_3400m;5.00;139;139;9.03;25.71
2100.00;2400.00;1992.00;26.12;E0_1_3400m;5.00;166;167;10.66;26.18
2100.00;2400.00;1668.00;25.79;E0_0_3500m;5.00;139;139;8.98;25.82
2100.00;2400.00;1956.00;26.30;E0_1_3500m;5.00;163;163;10.33;26.37
2100.00;2400.00;1692.00;25.88;E0_0_3600m;5.00;141;141;9.08;25.91
2100.00;2400.00;1968.00;26.34;E0_1_3600m;5.00;164;164;10.38;26.41
2100.00;2400.00;1692.00;25.89;E0_0_3700m;5.00;141;140;9.02;25.93
2100.00;2400.00;2028.00;26.30;E0_1_3700m;5.00;169;169;10.71;26.36
2100.00;2400.00;1728.00;25.96;E0_0_3800m;5.00;144;144;9.25;26.00
2100.00;2400.00;2028.00;26.41;E0_1_3800m;5.00;169;169;10.67;26.48
2100.00;2400.00;1704.00;25.98;E0_0_3900m;5.00;142;142;9.11;26.02
2100.00;2400.00;2016.00;26.42;E0_1_3900m;5.00;168;168;10.60;26.49
2100.00;2400.00;1692.00;26.04;E0_0_4000m;5.00;141;141;9.02;26.08
2100.00;2400.00;1992.00;26.46;E0_1_4000m;5.00;166;166;10.46;26.52
2100.00;2400.00;1680.00;26.09;E0_0_4100m;5.00;140;140;8.94;26.13
2100.00;2400.00;2004.00;26.52;E0_1_4100m;5.00;167;167;10.49;26.58
2100.00;2400.00;1656.00;26.11;E0_0_4200m;5.00;138;138;8.81;26.15
2100.00;2400.00;1992.00;26.58;E0_1_4200m;5.00;166;166;10.41;26.64
2100.00;2400.00;1656.00;26.20;E0_0_4300m;5.00;138;138;8.78;26.22
2100.00;2400.00;1992.00;26.62;E0_1_4300m;5.00;166;166;10.39;26.67
2100.00;2400.00;1644.00;26.21;E0_0_4400m;5.00;137;138;8.74;26.23
2100.00;2400.00;1992.00;26.61;E0_1_4400m;5.00;166;166;10.40;26.65
2100.00;2400.00;1680.00;26.17;E0_0_4500m;5.00;140;140;8.92;26.18
2100.00;2400.00;2016.00;26.57;E0_1_4500m;5.00;168;168;10.54;26.60
2100.00;2400.00;1704.00;26.13;E0_0_4600m;5.00;142;142;9.06;26.14
2100.00;2400.00;2064.00;26.55;E0_1_4600m;5.00;172;171;10.75;26.58
2100.00;2400.00;1740.00;26.05;E0_0_4700m;5.00;145;145;9.28;26.06
2100.00;2400.00;2100.00;26.55;E0_1_4700m;5.00;175;174;10.93;26.59
2100.00;2400.00;1752.00;25.95;E0_0_4800m;5.00;146;146;9.38;25.97
2100.00;2400.00;2112.00;26.58;E0_1_4800m;5.00;176;176;11.04;26.62
2100.00;2400.00;1788.00;25.93;E0_0_4900m;5.00;149;149;9.58;25.95
2100.00;2400.00;2112.00;26.61;E0_1_4900m;5.00;176;176;11.02;26.66
2100.00;2400.00;1788.00;25.95;E0_0_5000m;5.00;149;149;9.57;25.98
2100.00;2400.00;2100.00;26.74;E0_1_5000m;5.00;175;176;10.92;26.80
2400.00;2700.00;0.00;-1.00;E0_0_0m;-1.00;0;0;0.00;-1.00
2400.00;2700.00;0.00;-1.00;E0_1_0m;-1.00;0;0;0.00;-1.00
2400.00;2700.00;1716.00;26.86;E0_0_100m;5.00;143;144;8.89;27.02
2400.00;2700.00;1992.00;27.71;E0_1_100m;5.00;166;166;9.98;27.92
2400.00;2700.00;1716.00;26.98;E0_0_200m;5.00;143;143;8.83;27.14
2400.00;2700.00;2028.00;28.28;E0_1_200m;5.00;169;169;9.96;28.53
2400.00;2700.00;1716.00;26.82;E0_0_300m;5.00;143;143;8.89;26.97
2400.00;2700.00;2076.00;27.93;E0_1_300m;5.00;173;174;10.37;28.15
2400.00;2700.00;1668.00;26.50;E0_0_400m;5.00;139;139;8.74;26.64
2400.00;2700.00;2124.00;27.66;E0_1_400m;5.00;177;177;10.67;27.87
2400.00;2700.00;1680.00;26.24;E0_0_500m;5.00;140;140;8.89;26.41
2400.00;2700.00;2136.00;27.33;E0_1_500m;5.00;178;178;10.85;27.52
2400.00;2700.00;1692.00;26.37;E0_0_600m;5.00;141;140;8.86;26.57
2400.00;2700.00;2136.00;27.12;E0_1_600m;5.00;178;179;11.00;27.30
2400.00;2700.00;1704.00;26.08;E0_0_700m;5.00;142;142;9.07;26.20
2400.00;2700.00;2112.00;26.88;E0_1_700m;5.00;176;177;10.92;27.04
2400.00;2700.00;1680.00;25.86;E0_0_800m;5.00;140;140;9.02;25.97
2400.00;2700.00;2148.00;26.52;E0_1_800m;5.00;179;179;11.25;26.66
2400.00;2700.00;1656.00;25.69;E0_0_900m;5.00;138;139;9.01;25.79
2400.00;2700.00;2160.00;26.28;E0_1_900m;5.00;180;180;11.41;26.42
2400.00;2700.00;1716.00;25.54;E0_0_1000m;5.00;143;143;9.33;25.65
2400.00;2700.00;2136.00;26.12;E0_1_1000m;5.00;178;178;11.36;26.26
2400.00;2700.00;1692.00;25.34;E0_0_1100m;5.00;141;141;9.27;25.46
2400.00;2700.00;2184.00;25.83;E0_1_1100m;5.00;182;182;11.74;25.97
2400.00;2700.00;1692.00;25.09;E0_0_1200m;5.00;141;141;9.37;25.22
2400.00;2700.00;2184.00;25.62;E0_1_1200m;5.00;182;182;11.84;25.78
2400.00;2700.00;1716.00;24.91;E0_0_1300m;5.00;143;143;9.57;25.04
2400.00;2700.00;2184.00;25.48;E0_1_1300m;5.00;182;182;11.92;25.67
2400.00;2700.00;1740.00;24.63;E0_0_1400m;5.00;145;145;9.81;24.77
2400.00;2700.00;2184.00;25.36;E0_1_1400m;5.00;182;182;11.96;25.55
2400.00;2700.00;1776.00;24.64;E0_0_1500m;5.00;148;148;10.01;24.77
2400.00;2700.00;2220.00;25.28;E0_1_1500m;5.00;185;185;12.20;25.46
2400.00;2700.00;1776.00;24.54;E0_0_1600m;5.00;148;149;10.07;24.64
2400.00;2700.00;2208.00;25.06;E0_1_1600m;5.00;184;184;12.24;25.22
2400.00;2700.00;1800.00;24.31;E0_0_1700m;5.00;150;150;10.26;24.42
2400.00;2700.00;2220.00;24.84;E0_1_1700m;5.00;185;185;12.41;24.99
2400.00;2700.00;1812.00;24.25;E0_0_1800m;5.00;151;151;10.38;24.35
2400.00;2700.00;2220.00;24.68;E0_1_1800m;5.00;185;185;12.49;24.83
2400.00;2700.00;1800.00;24.22;E0_0_1900m;5.00;150;150;10.32;24.31
2400.00;2700.00;2208.00;24.57;E0_1_1900m;5.00;184;184;12.48;24.71
2400.00;2700.00;1788.00;24.17;E0_0_2000m;5.00;149;149;10.27;24.26
2400.00;2700.00;2220.00;24.48;E0_1_2000m;5.00;185;186;12.61;24.63
2400.00;2700.00;1800.00;24.00;E0_0_2100m;5.00;150;150;10.42;24.09
2400.00;2700.00;2232.00;24.45;E0_1_2100m;5.00;186;187;12.71;24.59
2400.00;2700.00;1812.00;24.04;E0_0_2200m;5.00;151;152;10.52;24.13
2400.00;2700.00;2232.00;24.45;E0_1_2200m;5.00;186;186;12.68;24.61
2400.00;2700.00;1824.00;23.93;E0_0_2300m;5.00;152;152;10.59;24.02
2400.00;2700.00;2244.00;24.44;E0_1_2300m;5.00;187;187;12.75;24.61
2400.00;2700.00;1848.00;23.87;E0_0_2400m;5.00;154;154;10.75;23.96
2400.00;2700.00;2244.00;24.43;E0_1_2400m;5.00;187;187;12.76;24.61
2400.00;2700.00;1848.00;23.84;E0_0_2500m;5.00;154;154;10.77;23.93
2400.00;2700.00;2256.00;24.34;E0_1_2500m;5.00;188;188;12.87;24.53
2400.00;2700.00;1824.00;23.84;E0_0_2600m;5.00;152;152;10.63;23.93
2400.00;2700.00;2268.00;24.24;E0_1_2600m;5.00;189;189;13.00;24.41
2400.00;2700.00;1824.00;23.83;E0_0_2700m;5.00;152;152;10.63;23.92
2400.00;2700.00;2268.00;24.18;E0_1_2700m;5.00;189;189;13.03;24.33
2400.00;2700.00;1824.00;23.77;E0_0_2800m;5.00;152;152;10.66;23.85
2400.00;2700.00;2280.00;24.17;E0_1_2800m;5.00;190;190;13.10;24.31
2400.00;2700.00;1836.00;23.67;E0_0_2900m;5.00;153;153;10.77;23.75
2400.00;2700.00;2304.00;24.18;E0_1_2900m;5.00;192;191;13.18;24.30
2400.00;2700.00;1860.00;23.65;E0_0_3000m;5.00;155;155;10.92;23.72
2400.00;2700.00;2304.00;24.18;E0_1_3000m;5.00;192;192;13.23;24.29
2400.00;2700.00;1932.00;23.58;E0_0_3100m;5.00;161;160;11.34;23.64
2400.00;2700.00;2304.00;24.15;E0_1_3100m;5.00;192;192;13.25;24.27
2400.00;2700.00;1968.00;23.55;E0_0_3200m;5.00;164;164;11.61;23.62
2400.00;2700.00;2340.00;23.98;E0_1_3200m;5.00;195;195;13.55;24.08
2400.00;2700.00;2004.00;23.52;E0_0_3300m;5.00;167;167;11.83;23.58
2400.00;2700.00;2364.00;23.77;E0_1_3300m;5.00;197;197;13.81;23.84
2400.00;2700.00;2004.00;23.43;E0_0_3400m;5.00;167;167;11.88;23.48
2400.00;2700.00;2388.00;23.61;E0_1_3400m;5.00;199;198;13.98;23.67
2400.00;2700.00;2004.00;23.31;E0_0_3500m;5.00;167;167;11.94;23.35
2400.00;2700.00;2388.00;23.45;E0_1_3500m;5.00;199;199;14.14;23.50
2400.00;2700.00;2016.00;23.25;E0_0_3600m;5.00;168;168;12.04;23.29
2400.00;2700.00;2400.00;23.38;E0_1_3600m;5.00;200;200;14.26;23.43
2400.00;2700.00;2016.00;23.25;E0_0_3700m;5.00;168;168;12.04;23.29
2400.00;2700.00;2400.00;23.31;E0_1_3700m;5.00;200;200;14.30;23.35
2400.00;2700.00;2004.00;23.20;E0_0_3800m;5.00;167;167;12.00;23.23
2400.00;2700.00;2400.00;23.25;E0_1_3800m;5.00;200;200;14.33;23.29
2400.00;2700.00;1992.00;23.11;E0_0_3900m;5.00;166;166;11.97;23.14
2400.00;2700.00;2388.00;23.19;E0_1_3900m;5.00;199;199;14.30;23.22
2400.00;2700.00;2004.00;23.13;E0_0_4000m;5.00;167;167;12.04;23.16
2400.00;2700.00;2388.00;23.17;E0_1_4000m;5.00;199;199;14.31;23.21
2400.00;2700.00;2028.00;23.11;E0_0_4100m;5.00;169;169;12.19;23.14
2400.00;2700.00;2376.00;23.17;E0_1_4100m;5.00;198;198;14.24;23.21
2400.00;2700.00;2040.00;23.05;E0_0_4200m;5.00;170;170;12.29;23.08
2400.00;2700.00;2376.00;23.10;E0_1_4200m;5.00;198;198;14.29;23.13
2400.00;2700.00;2040.00;23.01;E0_0_4300m;5.00;170;170;12.32;23.03
2400.00;2700.00;2376.00;23.03;E0_1_4300m;5.00;198;198;14.33;23.06
2400.00;2700.00;2052.00;22.98;E0_0_4400m;5.00;171;170;12.37;23.00
2400.00;2700.00;2376.00;22.98;E0_1_4400m;5.00;198;198;14.36;23.01
2400.00;2700.00;2016.00;22.92;E0_0_4500m;5.00;168;168;12.22;22.94
2400.00;2700.00;2352.00;22.96;E0_1_4500m;5.00;196;196;14.23;22.98
2400.00;2700.00;1980.00;22.91;E0_0_4600m;5.00;165;165;12.01;22.93
2400.00;2700.00;2316.00;22.94;E0_1_4600m;5.00;193;193;14.02;22.96
2400.00;2700.00;1956.00;22.92;E0_0_4700m;5.00;163;163;11.85;22.94
2400.00;2700.00;2280.00;22.93;E0_1_4700m;5.00;190;190;13.81;22.95
2400.00;2700.00;1920.00;22.94;E0_0_4800m;5.00;160;160;11.62;22.96
2400.00;2700.00;2244.00;22.94;E0_1_4800m;5.00;187;187;13.59;22.96
2400.00;2700.00;1908.00;23.00;E0_0_4900m;5.00;159;159;11.52;23.02
2400.00;2700.00;2232.00;23.01;E0_1_4900m;5.00;186;186;13.47;23.04
2400.00;2700.00;1908.00;23.09;E0_0_5000m;5.00;159;159;11.48;23.11
2400.00;2700.00;2232.00;23.12;E0_1_5000m;5.00;186;185;13.39;23.16
2700.00;3000.00;0.00;-1.00;E0_0_0m;-1.00;0;0;0.00;-1.00
2700.00;3000.00;0.00;-1.00;E0_1_0m;-1.00;0;0;0.00;-1.00
2700.00;3000.00;1716.00;27.50;E0_0_100m;5.00;143;144;8.71;27.66
2700.00;3000.00;1884.00;29.17;E0_1_100m;5.00;157;158;8.97;29.28
2700.00;3000.00;1812.00;27.26;E0_0_200m;5.00;151;151;9.23;27.43
2700.00;3000.00;1776.00;29.55;E0_1_200m;5.00;148;148;8.35;29.70
2700.00;3000.00;1728.00;27.06;E0_0_300m;5.00;144;144;8.87;27.26
2700.00;3000.00;1824.00;29.45;E0_1_300m;5.00;152;151;8.55;29.64
2700.00;3000.00;1704.00;26.60;E0_0_400m;5.00;142;142;8.90;26.81
2700.00;3000.00;1848.00;29.29;E0_1_400m;5.00;154;154;8.76;29.50
2700.00;3000.00;1692.00;26.14;E0_0_500m;5.00;141;141;8.99;26.35
2700.00;3000.00;1872.00;29.08;E0_1_500m;5.00;156;156;8.94;29.30
2700.00;3000.00;1656.00;25.68;E0_0_600m;5.00;138;139;8.98;25.89
2700.00;3000.00;1872.00;28.70;E0_1_600m;5.00;156;156;9.06;28.92
2700.00;3000.00;1632.00;25.46;E0_0_700m;5.00;136;136;8.90;25.68
2700.00;3000.00;1920.00;28.44;E0_1_700m;5.00;160;159;9.37;28.69
2700.00;3000.00;1584.00;25.29;E0_0_800m;5.00;132;132;8.70;25.53
2700.00;3000.00;1944.00;28.26;E0_1_800m;5.00;162;162;9.55;28.52
2700.00;3000.00;1596.00;25.23;E0_0_900m;5.00;133;133;8.78;25.55
2700.00;3000.00;1956.00;28.07;E0_1_900m;5.00;163;164;9.73;28.35
2700.00;3000.00;1596.00;25.01;E0_0_1000m;5.00;133;133;8.86;25.26
2700.00;3000.00;1932.00;28.00;E0_1_1000m;5.00;161;161;9.58;28.27
2700.00;3000.00;1620.00;24.94;E0_0_1100m;5.00;135;135;9.02;25.20
2700.00;3000.00;1896.00;28.13;E0_1_1100m;5.00;158;158;9.36;28.40
2700.00;3000.00;1632.00;25.02;E0_0_1200m;5.00;136;137;9.07;25.28
2700.00;3000.00;1884.00;28.26;E0_1_1200m;5.00;157;157;9.26;28.52
2700.00;3000.00;1596.00;24.99;E0_0_1300m;5.00;133;133;8.87;25.25
2700.00;3000.00;1908.00;28.35;E0_1_1300m;5.00;159;158;9.30;28.58
2700.00;3000.00;1572.00;24.98;E0_0_1400m;5.00;131;132;8.78;25.24
2700.00;3000.00;1920.00;28.39;E0_1_1400m;5.00;160;160;9.39;28.59
2700.00;3000.00;1524.00;24.93;E0_0_1500m;5.00;127;127;8.49;25.20
2700.00;3000.00;1896.00;28.45;E0_1_1500m;5.00;158;158;9.25;28.63
2700.00;3000.00;1548.00;25.11;E0_0_1600m;5.00;129;129;8.56;25.37
2700.00;3000.00;1872.00;28.59;E0_1_1600m;5.00;156;157;9.12;28.74
2700.00;3000.00;1536.00;25.30;E0_0_1700m;5.00;128;127;8.43;25.57
2700.00;3000.00;1872.00;28.72;E0_1_1700m;5.00;156;156;9.05;28.85
2700.00;3000.00;1560.00;25.25;E0_0_1800m;5.00;130;130;8.58;25.51
2700.00;3000.00;1908.00;28.72;E0_1_1800m;5.00;159;159;9.23;28.83
2700.00;3000.00;1584.00;25.30;E0_0_1900m;5.00;132;133;8.71;25.55
2700.00;3000.00;1944.00;28.58;E0_1_1900m;5.00;162;162;9.45;28.72
2700.00;3000.00;1584.00;25.29;E0_0_2000m;5.00;132;132;8.70;25.53
2700.00;3000.00;1980.00;28.56;E0_1_2000m;5.00;165;164;9.62;28.66
2700.00;3000.00;1584.00;25.24;E0_0_2100m;5.00;132;132;8.72;25.48
2700.00;3000.00;1956.00;28.47;E0_1_2100m;5.00;163;163;9.51;28.59
2700.00;3000.00;1608.00;25.31;E0_0_2200m;5.00;134;133;8.77;25.53
2700.00;3000.00;1992.00;28.40;E0_1_2200m;5.00;166;166;9.74;28.52
2700.00;3000.00;1608.00;25.27;E0_0_2300m;5.00;134;134;8.84;25.48
2700.00;3000.00;2004.00;28.37;E0_1_2300m;5.00;167;167;9.81;28.50
2700.00;3000.00;1632.00;25.38;E0_0_2400m;5.00;136;136;8.93;25.59
2700.00;3000.00;1992.00;28.35;E0_1_2400m;5.00;166;166;9.76;28.51
2700.00;3000.00;1632.00;25.37;E0_0_2500m;5.00;136;136;8.93;25.58
2700.00;3000.00;1992.00;28.36;E0_1_2500m;5.00;166;166;9.76;28.51
2700.00;3000.00;1644.00;25.49;E0_0_2600m;5.00;137;137;8.96;25.69
2700.00;3000.00;1992.00;28.51;E0_1_2600m;5.00;166;166;9.70;28.67
2700.00;3000.00;1668.00;25.71;E0_0_2700m;5.00;139;140;9.06;25.89
2700.00;3000.00;1968.00;28.53;E0_1_2700m;5.00;164;164;9.58;28.67
2700.00;3000.00;1656.00;25.78;E0_0_2800m;5.00;138;138;8.92;25.95
2700.00;3000.00;1956.00;28.46;E0_1_2800m;5.00;163;163;9.54;28.61
2700.00;3000.00;1632.00;25.77;E0_0_2900m;5.00;136;136;8.80;25.93
2700.00;3000.00;1968.00;28.47;E0_1_2900m;5.00;164;164;9.60;28.62
2700.00;3000.00;1608.00;25.83;E0_0_3000m;5.00;134;134;8.65;25.99
2700.00;3000.00;1956.00;28.50;E0_1_3000m;5.00;163;163;9.53;28.66
2700.00;3000.00;1572.00;25.89;E0_0_3100m;5.00;131;131;8.43;26.04
2700.00;3000.00;1932.00;28.52;E0_1_3100m;5.00;161;162;9.43;28.69
2700.00;3000.00;1512.00;25.92;E0_0_3200m;5.00;126;128;8.13;26.07
2700.00;3000.00;1932.00;28.40;E0_1_3200m;5.00;161;161;9.45;28.59
2700.00;3000.00;1464.00;25.94;E0_0_3300m;5.00;122;122;7.84;26.07
2700.00;3000.00;1920.00;28.47;E0_1_3300m;5.00;160;161;9.42;28.63
2700.00;3000.00;1488.00;26.06;E0_0_3400m;5.00;124;124;7.93;26.18
2700.00;3000.00;1908.00;28.47;E0_1_3400m;5.00;159;159;9.31;28.64
2700.00;3000.00;1536.00;26.04;E0_0_3500m;5.00;128;128;8.19;26.17
2700.00;3000.00;1896.00;28.43;E0_1_3500m;5.00;158;158;9.26;28.61
2700.00;3000.00;1524.00;25.97;E0_0_3600m;5.00;127;127;8.15;26.10
2700.00;3000.00;1872.00;28.33;E0_1_3600m;5.00;156;156;9.18;28.50
2700.00;3000.00;1536.00;25.97;E0_0_3700m;5.00;128;128;8.22;26.10
2700.00;3000.00;1836.00;28.21;E0_1_3700m;5.00;153;153;9.04;28.38
2700.00;3000.00;1512.00;25.94;E0_0_3800m;5.00;126;126;8.10;26.07
2700.00;3000.00;1836.00;28.07;E0_1_3800m;5.00;153;153;9.08;28.22
2700.00;3000.00;1548.00;25.86;E0_0_3900m;5.00;129;129;8.31;26.00
2700.00;3000.00;1860.00;28.05;E0_1_3900m;5.00;155;155;9.21;28.21
2700.00;3000.00;1548.00;25.76;E0_0_4000m;5.00;129;129;8.35;25.89
2700.00;3000.00;1872.00;28.03;E0_1_4000m;5.00;156;156;9.28;28.20
2700.00;3000.00;1572.00;25.73;E0_0_4100m;5.00;131;131;8.49;25.85
2700.00;3000.00;1908.00;27.97;E0_1_4100m;5.00;159;159;9.48;28.15
2700.00;3000.00;1596.00;25.65;E0_0_4200m;5.00;133;133;8.64;25.79
2700.00;3000.00;1896.00;27.86;E0_1_4200m;5.00;158;158;9.45;28.05
2700.00;3000.00;1596.00;25.62;E0_0_4300m;5.00;133;133;8.65;25.74
2700.00;3000.00;1932.00;27.66;E0_1_4300m;5.00;161;161;9.70;27.84
2700.00;3000.00;1620.00;25.54;E0_0_4400m;5.00;135;135;8.81;25.66
2700.00;3000.00;1968.00;27.53;E0_1_4400m;5.00;164;164;9.93;27.70
2700.00;3000.00;1632.00;25.46;E0_0_4500m;5.00;136;136;8.90;25.58
2700.00;3000.00;1992.00;27.37;E0_1_4500m;5.00;166;166;10.11;27.54
2700.00;3000.00;1656.00;25.36;E0_0_4600m;5.00;138;138;9.07;25.48
2700.00;3000.00;1992.00;27.20;E0_1_4600m;5.00;166;166;10.17;27.37
2700.00;3000.00;1680.00;25.36;E0_0_4700m;5.00;140;140;9.20;25.48
2700.00;3000.00;1968.00;27.03;E0_1_4700m;5.00;164;164;10.11;27.21
2700.00;3000.00;1668.00;25.32;E0_0_4800m;5.00;139;139;9.15;25.46
2700.00;3000.00;2004.00;26.92;E0_1_4800m;5.00;167;167;10.34;27.09
2700.00;3000.00;1656.00;25.43;E0_0_4900m;5.00;138;138;9.05;25.55
2700.00;3000.00;2028.00;26.81;E0_1_4900m;5.00;169;169;10.51;26.98
2700.00;3000.00;1680.00;25.37;E0_0_5000m;5.00;140;140;9.20;25.48
2700.00;3000.00;2016.00;26.72;E0_1_5000m;5.00;168;169;10.53;26.88
3000.00;3300.00;0.00;-1.00;E0_0_0m;-1.00;0;0;0.00;-1.00
3000.00;3300.00;0.00;-1.00;E0_1_0m;-1.00;0;0;0.00;-1.00
3000.00;3300.00;1920.00;25.99;E0_0_100m;5.00;160;160;10.26;26.19
3000.00;3300.00;2028.00;28.22;E0_1_100m;5.00;169;168;9.98;28.36
3000.00;3300.00;1896.00;25.88;E0_0_200m;5.00;158;158;10.17;26.12
3000.00;3300.00;2040.00;28.68;E0_1_200m;5.00;170;170;9.88;28.88
3000.00;3300.00;1932.00;25.70;E0_0_300m;5.00;161;161;10.44;25.94
3000.00;3300.00;2016.00;28.63;E0_1_300m;5.00;168;168;9.78;28.83
3000.00;3300.00;1920.00;25.66;E0_0_400m;5.00;160;160;10.39;25.89
3000.00;3300.00;2028.00;28.53;E0_1_400m;5.00;169;169;9.87;28.72
3000.00;3300.00;1932.00;25.86;E0_0_500m;5.00;161;161;10.38;26.07
3000.00;3300.00;1980.00;28.42;E0_1_500m;5.00;165;165;9.68;28.60
3000.00;3300.00;1920.00;25.91;E0_0_600m;5.00;160;161;10.33;26.11
3000.00;3300.00;2004.00;28.30;E0_1_600m;5.00;167;167;9.83;28.47
3000.00;3300.00;1932.00;25.73;E0_0_700m;5.00;161;161;10.43;25.94
3000.00;3300.00;1992.00;28.21;E0_1_700m;5.00;166;166;9.81;28.36
3000.00;3300.00;1956.00;25.53;E0_0_800m;5.00;163;163;10.64;25.76
3000.00;3300.00;2016.00;28.18;E0_1_800m;5.00;168;168;9.94;28.31
3000.00;3300.00;1980.00;25.44;E0_0_900m;5.00;165;166;10.82;25.68
3000.00;3300.00;2004.00;28.08;E0_1_900m;5.00;167;167;9.91;28.21
3000.00;3300.00;1980.00;25.45;E0_0_1000m;5.00;165;165;10.80;25.67
3000.00;3300.00;2064.00;27.84;E0_1_1000m;5.00;172;172;10.30;27.96
3000.00;3300.00;1932.00;25.33;E0_0_1100m;5.00;161;162;10.60;25.53
3000.00;3300.00;2100.00;27.48;E0_1_1100m;5.00;175;175;10.61;27.64
3000.00;3300.00;1944.00;25.17;E0_0_1200m;5.00;162;161;10.71;25.38
3000.00;3300.00;2112.00;27.32;E0_1_1200m;5.00;176;176;10.74;27.46
3000.00;3300.00;1968.00;24.97;E0_0_1300m;5.00;164;164;10.94;25.20
3000.00;3300.00;2124.00;27.13;E0_1_1300m;5.00;177;177;10.88;27.28
3000.00;3300.00;1944.00;24.75;E0_0_1400m;5.00;162;162;10.91;24.97
3000.00;3300.00;2136.00;26.95;E0_1_1400m;5.00;178;178;11.01;27.12
3000.00;3300.00;1944.00;24.77;E0_0_1500m;5.00;162;162;10.90;24.97
3000.00;3300.00;2148.00;26.73;E0_1_1500m;5.00;179;179;11.16;26.90
3000.00;3300.00;1968.00;24.79;E0_0_1600m;5.00;164;164;11.02;24.97
3000.00;3300.00;2172.00;26.45;E0_1_1600m;5.00;181;181;11.41;26.62
3000.00;3300.00;1956.00;24.62;E0_0_1700m;5.00;163;164;11.04;24.78
3000.00;3300.00;2232.00;26.16;E0_1_1700m;5.00;186;186;11.85;26.34
3000.00;3300.00;1920.00;24.31;E0_0_1800m;5.00;160;160;10.97;24.47
3000.00;3300.00;2220.00;25.97;E0_1_1800m;5.00;185;185;11.87;26.16
3000.00;3300.00;1920.00;24.16;E0_0_1900m;5.00;160;160;11.04;24.32
3000.00;3300.00;2172.00;25.77;E0_1_1900m;5.00;181;182;11.72;25.96
3000.00;3300.00;1920.00;24.23;E0_0_2000m;5.00;160;160;11.01;24.37
3000.00;3300.00;2184.00;25.69;E0_1_2000m;5.00;182;182;11.81;25.87
3000.00;3300.00;1920.00;24.17;E0_0_2100m;5.00;160;160;11.04;24.30
3000.00;3300.00;2208.00;25.73;E0_1_2100m;5.00;184;184;11.92;25.91
3000.00;3300.00;1872.00;24.01;E0_0_2200m;5.00;156;156;10.83;24.14
3000.00;3300.00;2184.00;25.66;E0_1_2200m;5.00;182;182;11.82;25.84
3000.00;3300.00;1872.00;23.89;E0_0_2300m;5.00;156;157;10.94;24.02
3000.00;3300.00;2148.00;25.63;E0_1_2300m;5.00;179;179;11.64;25.85
3000.00;3300.00;1860.00;23.87;E0_0_2400m;5.00;155;155;10.82;23.98
3000.00;3300.00;2136.00;25.56;E0_1_2400m;5.00;178;178;11.60;25.79
3000.00;3300.00;1848.00;23.76;E0_0_2500m;5.00;154;154;10.80;23.85
3000.00;3300.00;2136.00;25.49;E0_1_2500m;5.00;178;179;11.64;25.73
3000.00;3300.00;1848.00;23.56;E0_0_2600m;5.00;154;154;10.89;23.65
3000.00;3300.00;2136.00;25.43;E0_1_2600m;5.00;178;178;11.66;25.69
3000.00;3300.00;1848.00;23.33;E0_0_2700m;5.00;154;154;11.01;23.42
3000.00;3300.00;2136.00;25.34;E0_1_2700m;5.00;178;178;11.71;25.64
3000.00;3300.00;1848.00;23.31;E0_0_2800m;5.00;154;154;11.01;23.40
3000.00;3300.00;2148.00;25.27;E0_1_2800m;5.00;179;179;11.81;25.59
3000.00;3300.00;1824.00;23.35;E0_0_2900m;5.00;152;153;10.91;23.44
3000.00;3300.00;2148.00;25.18;E0_1_2900m;5.00;179;179;11.85;25.53
3000.00;3300.00;1824.00;23.25;E0_0_3000m;5.00;152;153;10.95;23.35
3000.00;3300.00;2148.00;25.18;E0_1_3000m;5.00;179;179;11.85;25.55
3000.00;3300.00;1812.00;23.28;E0_0_3100m;5.00;151;152;10.82;23.36
3000.00;3300.00;2160.00;25.13;E0_1_3100m;5.00;180;179;11.91;25.50
3000.00;3300.00;1836.00;23.30;E0_0_3200m;5.00;153;152;10.92;23.39
3000.00;3300.00;2124.00;25.09;E0_1_3200m;5.00;177;178;11.77;25.46
3000.00;3300.00;1836.00;23.32;E0_0_3300m;5.00;153;153;10.94;23.41
3000.00;3300.00;2124.00;25.07;E0_1_3300m;5.00;177;177;11.72;25.44
3000.00;3300.00;1824.00;23.14;E0_0_3400m;5.00;152;152;10.95;23.23
3000.00;3300.00;2100.00;25.03;E0_1_3400m;5.00;175;176;11.72;25.41
3000.00;3300.00;1812.00;23.12;E0_0_3500m;5.00;151;151;10.89;23.22
3000.00;3300.00;2076.00;25.09;E0_1_3500m;5.00;173;173;11.49;25.51
3000.00;3300.00;1812.00;23.19;E0_0_3600m;5.00;151;151;10.85;23.31
3000.00;3300.00;2040.00;25.12;E0_1_3600m;5.00;170;170;11.28;25.58
3000.00;3300.00;1788.00;23.29;E0_0_3700m;5.00;149;149;10.66;23.43
3000.00;3300.00;2016.00;25.10;E0_1_3700m;5.00;168;168;11.16;25.56
3000.00;3300.00;1764.00;23.36;E0_0_3800m;5.00;147;148;10.49;23.52
3000.00;3300.00;2016.00;25.05;E0_1_3800m;5.00;168;168;11.18;25.52
3000.00;3300.00;1716.00;23.28;E0_0_3900m;5.00;143;144;10.24;23.43
3000.00;3300.00;1992.00;25.05;E0_1_3900m;5.00;166;166;11.05;25.54
3000.00;3300.00;1704.00;23.33;E0_0_4000m;5.00;142;142;10.14;23.51
3000.00;3300.00;2004.00;25.07;E0_1_4000m;5.00;167;167;11.10;25.58
3000.00;3300.00;1704.00;23.45;E0_0_4100m;5.00;142;142;10.09;23.63
3000.00;3300.00;1968.00;24.97;E0_1_4100m;5.00;164;164;10.95;25.48
3000.00;3300.00;1704.00;23.60;E0_0_4200m;5.00;142;142;10.03;23.79
3000.00;3300.00;1980.00;24.97;E0_1_4200m;5.00;165;165;11.01;25.49
3000.00;3300.00;1704.00;23.48;E0_0_4300m;5.00;142;142;10.08;23.65
3000.00;3300.00;1992.00;25.03;E0_1_4300m;5.00;166;166;11.05;25.56
3000.00;3300.00;1704.00;23.42;E0_0_4400m;5.00;142;142;10.11;23.59
3000.00;3300.00;1980.00;25.00;E0_1_4400m;5.00;165;165;11.00;25.53
3000.00;3300.00;1704.00;23.42;E0_0_4500m;5.00;142;142;10.11;23.59
3000.00;3300.00;1992.00;25.02;E0_1_4500m;5.00;166;166;11.06;25.54
3000.00;3300.00;1680.00;23.39;E0_0_4600m;5.00;140;140;9.98;23.55
3000.00;3300.00;2004.00;25.05;E0_1_4600m;5.00;167;168;11.15;25.55
3000.00;3300.00;1680.00;23.46;E0_0_4700m;5.00;140;140;9.95;23.63
3000.00;3300.00;2040.00;25.16;E0_1_4700m;5.00;170;170;11.26;25.65
3000.00;3300.00;1704.00;23.59;E0_0_4800m;5.00;142;143;10.04;23.76
3000.00;3300.00;2040.00;25.25;E0_1_4800m;5.00;170;170;11.22;25.74
3000.00;3300.00;1704.00;23.73;E0_0_4900m;5.00;142;142;9.97;23.92
3000.00;3300.00;2064.00;25.36;E0_1_4900m;5.00;172;172;11.30;25.81
3000.00;3300.00;1716.00;23.92;E0_0_5000m;5.00;143;143;9.96;24.13
3000.00;3300.00;2076.00;25.52;E0_1_5000m;5.00;173;172;11.25;25.95
3300.00;3600.00;0.00;-1.00;E0_0_0m;-1.00;0;0;0.00;-1.00
3300.00;3600.00;0.00;-1.00;E0_1_0m;-1.00;0;0;0.00;-1.00
3300.00;3600.00;1944.00;26.77;E0_0_100m;5.00;162;162;10.09;26.88
3300.00;3600.00;1896.00;29.03;E0_1_100m;5.00;158;158;9.07;29.14
3300.00;3600.00;1908.00;26.92;E0_0_200m;5.00;159;159;9.84;27.05
3300.00;3600.00;1944.00;29.24;E0_1_200m;5.00;162;162;9.24;29.39
3300.00;3600.00;1908.00;26.83;E0_0_300m;5.00;159;159;9.88;26.97
3300.00;3600.00;1932.00;29.35;E0_1_300m;5.00;161;162;9.15;29.52
3300.00;3600.00;1872.00;26.90;E0_0_400m;5.00;156;156;9.66;27.00
3300.00;3600.00;1956.00;29.28;E0_1_400m;5.00;163;164;9.28;29.46
3300.00;3600.00;1884.00;26.75;E0_0_500m;5.00;157;158;9.81;26.85
3300.00;3600.00;1944.00;29.19;E0_1_500m;5.00;162;162;9.25;29.37
3300.00;3600.00;1848.00;26.60;E0_0_600m;5.00;154;154;9.65;26.70
3300.00;3600.00;2004.00;29.03;E0_1_600m;5.00;167;167;9.59;29.21
3300.00;3600.00;1824.00;26.57;E0_0_700m;5.00;152;152;9.53;26.67
3300.00;3600.00;2004.00;28.83;E0_1_700m;5.00;167;167;9.65;28.99
3300.00;3600.00;1812.00;26.53;E0_0_800m;5.00;151;151;9.49;26.62
3300.00;3600.00;1980.00;28.76;E0_1_800m;5.00;165;165;9.56;28.91
3300.00;3600.00;1764.00;26.47;E0_0_900m;5.00;147;146;9.24;26.56
3300.00;3600.00;1992.00;28.78;E0_1_900m;5.00;166;166;9.61;28.92
3300.00;3600.00;1728.00;26.52;E0_0_1000m;5.00;144;144;9.05;26.62
3300.00;3600.00;1968.00;28.70;E0_1_1000m;5.00;164;164;9.52;28.83
3300.00;3600.00;1740.00;26.33;E0_0_1100m;5.00;145;145;9.18;26.44
3300.00;3600.00;1980.00;28.54;E0_1_1100m;5.00;165;165;9.64;28.67
3300.00;3600.00;1740.00;26.17;E0_0_1200m;5.00;145;146;9.27;26.27
3300.00;3600.00;2016.00;28.47;E0_1_1200m;5.00;168;168;9.84;28.59
3300.00;3600.00;1752.00;26.08;E0_0_1300m;5.00;146;146;9.33;26.18
3300.00;3600.00;2040.00;28.38;E0_1_1300m;5.00;170;170;9.98;28.50
3300.00;3600.00;1752.00;26.01;E0_0_1400m;5.00;146;146;9.36;26.11
3300.00;3600.00;2076.00;28.23;E0_1_1400m;5.00;173;173;10.21;28.35
3300.00;3600.00;1788.00;25.94;E0_0_1500m;5.00;149;149;9.57;26.04
3300.00;3600.00;2076.00;28.13;E0_1_1500m;5.00;173;173;10.25;28.25
3300.00;3600.00;1788.00;25.90;E0_0_1600m;5.00;149;149;9.59;25.99
3300.00;3600.00;2076.00;28.01;E0_1_1600m;5.00;173;173;10.29;28.13
3300.00;3600.00;1788.00;25.77;E0_0_1700m;5.00;149;148;9.63;25.85
3300.00;3600.00;2028.00;27.96;E0_1_1700m;5.00;169;169;10.07;28.09
3300.00;3600.00;1788.00;25.70;E0_0_1800m;5.00;149;149;9.66;25.78
3300.00;3600.00;2028.00;28.02;E0_1_1800m;5.00;169;169;10.05;28.14
3300.00;3600.00;1776.00;25.70;E0_0_1900m;5.00;148;148;9.60;25.79
3300.00;3600.00;2016.00;28.04;E0_1_1900m;5.00;168;168;9.98;28.16
3300.00;3600.00;1752.00;25.68;E0_0_2000m;5.00;146;146;9.48;25.77
3300.00;3600.00;2052.00;27.87;E0_1_2000m;5.00;171;171;10.23;27.97
3300.00;3600.00;1716.00;25.68;E0_0_2100m;5.00;143;144;9.34;25.78
3300.00;3600.00;2088.00;27.80;E0_1_2100m;5.00;174;174;10.43;27.90
3300.00;3600.00;1740.00;25.58;E0_0_2200m;5.00;145;145;9.45;25.67
3300.00;3600.00;2088.00;27.74;E0_1_2200m;5.00;174;175;10.51;27.84
3300.00;3600.00;1764.00;25.56;E0_0_2300m;5.00;147;146;9.53;25.65
3300.00;3600.00;2088.00;27.74;E0_1_2300m;5.00;174;174;10.46;27.84
3300.00;3600.00;1740.00;25.52;E0_0_2400m;5.00;145;145;9.47;25.62
3300.00;3600.00;2100.00;27.76;E0_1_2400m;5.00;175;175;10.51;27.87
3300.00;3600.00;1728.00;25.38;E0_0_2500m;5.00;144;144;9.45;25.49
3300.00;3600.00;2112.00;27.77;E0_1_2500m;5.00;176;175;10.55;27.89
3300.00;3600.00;1752.00;25.30;E0_0_2600m;5.00;146;146;9.62;25.41
3300.00;3600.00;2088.00;27.81;E0_1_2600m;5.00;174;174;10.43;27.93
3300.00;3600.00;1740.00;25.26;E0_0_2700m;5.00;145;144;9.51;25.37
3300.00;3600.00;2100.00;27.75;E0_1_2700m;5.00;175;175;10.51;27.86
3300.00;3600.00;1752.00;25.29;E0_0_2800m;5.00;146;146;9.62;25.41
3300.00;3600.00;2088.00;27.65;E0_1_2800m;5.00;174;174;10.49;27.76
3300.00;3600.00;1752.00;25.24;E0_0_2900m;5.00;146;145;9.58;25.34
3300.00;3600.00;2100.00;27.53;E0_1_2900m;5.00;175;176;10.66;27.64
3300.00;3600.00;1752.00;25.09;E0_0_3000m;5.00;146;145;9.64;25.19
3300.00;3600.00;2112.00;27.51;E0_1_3000m;5.00;176;176;10.66;27.62
3300.00;3600.00;1740.00;25.07;E0_0_3100m;5.00;145;144;9.63;25.19
3300.00;3600.00;2136.00;27.46;E0_1_3100m;5.00;178;178;10.80;27.56
3300.00;3600.00;1728.00;24.96;E0_0_3200m;5.00;144;144;9.62;25.06
3300.00;3600.00;2148.00;27.52;E0_1_3200m;5.00;179;178;10.83;27.63
3300.00;3600.00;1752.00;24.90;E0_0_3300m;5.00;146;147;9.79;25.01
3300.00;3600.00;2124.00;27.62;E0_1_3300m;5.00;177;176;10.68;27.74
3300.00;3600.00;1776.00;24.80;E0_0_3400m;5.00;148;148;9.95;24.91
3300.00;3600.00;2112.00;27.67;E0_1_3400m;5.00;176;175;10.54;27.82
3300.00;3600.00;1752.00;24.72;E0_0_3500m;5.00;146;147;9.86;24.84
3300.00;3600.00;2124.00;27.62;E0_1_3500m;5.00;177;177;10.68;27.78
3300.00;3600.00;1728.00;24.77;E0_0_3600m;5.00;144;144;9.69;24.90
3300.00;3600.00;2148.00;27.78;E0_1_3600m;5.00;179;179;10.74;27.94
3300.00;3600.00;1800.00;25.06;E0_0_3700m;5.00;150;150;9.98;25.16
3300.00;3600.00;2100.00;27.89;E0_1_3700m;5.00;175;176;10.48;28.06
3300.00;3600.00;1824.00;25.07;E0_0_3800m;5.00;152;151;10.10;25.16
3300.00;3600.00;2136.00;27.77;E0_1_3800m;5.00;178;178;10.68;27.93
3300.00;3600.00;1836.00;24.91;E0_0_3900m;5.00;153;152;10.24;25.01
3300.00;3600.00;2148.00;27.73;E0_1_3900m;5.00;179;179;10.76;27.89
3300.00;3600.00;1812.00;24.70;E0_0_4000m;5.00;151;151;10.19;24.82
3300.00;3600.00;2160.00;27.60;E0_1_4000m;5.00;180;180;10.87;27.75
3300.00;3600.00;1788.00;24.41;E0_0_4100m;5.00;149;150;10.22;24.55
3300.00;3600.00;2148.00;27.53;E0_1_4100m;5.00;179;180;10.85;27.69
3300.00;3600.00;1776.00;24.54;E0_0_4200m;5.00;148;148;10.05;24.68
3300.00;3600.00;2136.00;27.55;E0_1_4200m;5.00;178;179;10.81;27.70
3300.00;3600.00;1776.00;25.08;E0_0_4300m;5.00;148;148;9.84;25.20
3300.00;3600.00;2160.00;27.50;E0_1_4300m;5.00;180;180;10.91;27.67
3300.00;3600.00;1740.00;25.23;E0_0_4400m;5.00;145;146;9.61;25.34
3300.00;3600.00;2208.00;27.49;E0_1_4400m;5.00;184;184;11.15;27.67
3300.00;3600.00;1740.00;25.21;E0_0_4500m;5.00;145;145;9.59;25.34
3300.00;3600.00;2232.00;27.42;E0_1_4500m;5.00;186;186;11.30;27.58
3300.00;3600.00;1716.00;25.20;E0_0_4600m;5.00;143;143;9.46;25.32
3300.00;3600.00;2256.00;27.29;E0_1_4600m;5.00;188;188;11.48;27.43
3300.00;3600.00;1692.00;24.94;E0_0_4700m;5.00;141;141;9.42;25.06
3300.00;3600.00;2244.00;27.22;E0_1_4700m;5.00;187;187;11.45;27.36
3300.00;3600.00;1668.00;24.65;E0_0_4800m;5.00;139;138;9.39;24.80
3300.00;3600.00;2220.00;27.20;E0_1_4800m;5.00;185;185;11.34;27.35
3300.00;3600.00;1680.00;24.55;E0_0_4900m;5.00;140;140;9.50;24.70
3300.00;3600.00;2184.00;27.28;E0_1_4900m;5.00;182;183;11.13;27.45
3300.00;3600.00;1656.00;24.48;E0_0_5000m;5.00;138;138;9.39;24.65
3300.00;3600.00;2160.00;27.31;E0_1_5000m;5.00;180;181;11.04;27.48
3600.00;3900.00;0.00;-1.00;E0_0_0m;-1.00;0;0;0.00;-1.00
3600.00;3900.00;0.00;-1.00;E0_1_0m;-1.00;0;0;0.00;-1.00
3600.00;3900.00;1848.00;25.78;E0_0_100m;5.00;154;154;9.95;25.95
3600.00;3900.00;2184.00;26.90;E0_1_100m;5.00;182;182;11.28;27.04
3600.00;3900.00;1824.00;25.60;E0_0_200m;5.00;152;152;9.90;25.77
3600.00;3900.00;2172.00;26.88;E0_1_200m;5.00;181;181;11.22;27.03
3600.00;3900.00;1824.00;25.19;E0_0_300m;5.00;152;152;10.06;25.35
3600.00;3900.00;2172.00;26.76;E0_1_300m;5.00;181;181;11.27;26.93
3600.00;3900.00;1776.00;25.09;E0_0_400m;5.00;148;148;9.83;25.22
3600.00;3900.00;2196.00;26.67;E0_1_400m;5.00;183;182;11.43;26.86
3600.00;3900.00;1788.00;25.15;E0_0_500m;5.00;149;149;9.87;25.28
3600.00;3900.00;2172.00;26.76;E0_1_500m;5.00;181;181;11.27;26.95
3600.00;3900.00;1812.00;25.00;E0_0_600m;5.00;151;151;10.07;25.15
3600.00;3900.00;2136.00;26.85;E0_1_600m;5.00;178;178;11.05;27.05
3600.00;3900.00;1836.00;24.76;E0_0_700m;5.00;153;153;10.30;24.92
3600.00;3900.00;2112.00;26.81;E0_1_700m;5.00;176;177;10.97;27.03
3600.00;3900.00;1824.00;24.77;E0_0_800m;5.00;152;152;10.23;24.94
3600.00;3900.00;2124.00;26.60;E0_1_800m;5.00;177;177;11.09;26.83
3600.00;3900.00;1824.00;24.91;E0_0_900m;5.00;152;152;10.17;25.07
3600.00;3900.00;2136.00;26.47;E0_1_900m;5.00;178;178;11.21;26.70
3600.00;3900.00;1812.00;24.99;E0_0_1000m;5.00;151;151;10.07;25.13
3600.00;3900.00;2148.00;26.26;E0_1_1000m;5.00;179;179;11.36;26.48
3600.00;3900.00;1812.00;24.95;E0_0_1100m;5.00;151;151;10.09;25.08
3600.00;3900.00;2172.00;25.97;E0_1_1100m;5.00;181;181;11.62;26.17
3600.00;3900.00;1800.00;24.93;E0_0_1200m;5.00;150;150;10.03;25.05
3600.00;3900.00;2172.00;25.65;E0_1_1200m;5.00;181;181;11.76;25.83
3600.00;3900.00;1776.00;24.63;E0_0_1300m;5.00;148;148;10.01;24.77
3600.00;3900.00;2148.00;25.38;E0_1_1300m;5.00;179;179;11.76;25.51
3600.00;3900.00;1788.00;24.59;E0_0_1400m;5.00;149;149;10.10;24.70
3600.00;3900.00;2148.00;25.27;E0_1_1400m;5.00;179;179;11.81;25.40
3600.00;3900.00;1776.00;24.57;E0_0_1500m;5.00;148;148;10.04;24.68
3600.00;3900.00;2124.00;25.07;E0_1_1500m;5.00;177;177;11.77;25.18
3600.00;3900.00;1764.00;24.54;E0_0_1600m;5.00;147;147;9.98;24.65
3600.00;3900.00;2112.00;24.95;E0_1_1600m;5.00;176;176;11.76;25.06
3600.00;3900.00;1764.00;24.44;E0_0_1700m;5.00;147;147;10.02;24.54
3600.00;3900.00;2112.00;24.83;E0_1_1700m;5.00;176;176;11.81;24.93
3600.00;3900.00;1800.00;24.39;E0_0_1800m;5.00;150;150;10.25;24.50
3600.00;3900.00;2124.00;24.85;E0_1_1800m;5.00;177;177;11.87;24.97
3600.00;3900.00;1824.00;24.36;E0_0_1900m;5.00;152;152;10.40;24.46
3600.00;3900.00;2124.00;24.92;E0_1_1900m;5.00;177;177;11.84;25.06
3600.00;3900.00;1776.00;24.41;E0_0_2000m;5.00;148;148;10.10;24.50
3600.00;3900.00;2112.00;24.91;E0_1_2000m;5.00;176;176;11.78;25.04
3600.00;3900.00;1800.00;24.42;E0_0_2100m;5.00;150;149;10.18;24.50
3600.00;3900.00;2076.00;24.99;E0_1_2100m;5.00;173;173;11.54;25.11
3600.00;3900.00;1788.00;24.47;E0_0_2200m;5.00;149;149;10.15;24.56
3600.00;3900.00;2088.00;25.06;E0_1_2200m;5.00;174;173;11.51;25.19
3600.00;3900.00;1776.00;24.52;E0_0_2300m;5.00;148;148;10.06;24.61
3600.00;3900.00;2076.00;25.16;E0_1_2300m;5.00;173;173;11.46;25.28
3600.00;3900.00;1788.00;24.53;E0_0_2400m;5.00;149;149;10.13;24.62
3600.00;3900.00;2076.00;25.23;E0_1_2400m;5.00;173;173;11.43;25.35
3600.00;3900.00;1788.00;24.51;E0_0_2500m;5.00;149;150;10.14;24.60
3600.00;3900.00;2064.00;25.15;E0_1_2500m;5.00;172;172;11.40;25.27
3600.00;3900.00;1776.00;24.54;E0_0_2600m;5.00;148;149;10.07;24.63
3600.00;3900.00;2064.00;25.05;E0_1_2600m;5.00;172;172;11.44;25.16
3600.00;3900.00;1764.00;24.59;E0_0_2700m;5.00;147;148;10.00;24.67
3600.00;3900.00;2076.00;25.03;E0_1_2700m;5.00;173;173;11.52;25.13
3600.00;3900.00;1776.00;24.50;E0_0_2800m;5.00;148;148;10.07;24.59
3600.00;3900.00;2064.00;24.98;E0_1_2800m;5.00;172;172;11.47;25.08
3600.00;3900.00;1764.00;24.54;E0_0_2900m;5.00;147;147;9.98;24.63
3600.00;3900.00;2076.00;24.95;E0_1_2900m;5.00;173;172;11.50;25.04
3600.00;3900.00;1776.00;24.50;E0_0_3000m;5.00;148;148;10.07;24.60
3600.00;3900.00;2052.00;24.97;E0_1_3000m;5.00;171;172;11.43;25.08
3600.00;3900.00;1764.00;24.58;E0_0_3100m;5.00;147;147;9.97;24.67
3600.00;3900.00;2052.00;24.95;E0_1_3100m;5.00;171;171;11.42;25.06
3600.00;3900.00;1764.00;24.65;E0_0_3200m;5.00;147;148;9.99;24.73
3600.00;3900.00;2052.00;24.94;E0_1_3200m;5.00;171;171;11.43;25.05
3600.00;3900.00;1800.00;24.72;E0_0_3300m;5.00;150;149;10.10;24.80
3600.00;3900.00;2028.00;24.95;E0_1_3300m;5.00;169;169;11.29;25.04
3600.00;3900.00;1800.00;24.76;E0_0_3400m;5.00;150;150;10.10;24.86
3600.00;3900.00;2016.00;25.04;E0_1_3400m;5.00;168;168;11.18;25.12
3600.00;3900.00;1812.00;24.77;E0_0_3500m;5.00;151;151;10.16;24.85
3600.00;3900.00;2004.00;25.01;E0_1_3500m;5.00;167;167;11.13;25.08
3600.00;3900.00;1800.00;24.85;E0_0_3600m;5.00;150;150;10.06;24.92
3600.00;3900.00;2016.00;24.96;E0_1_3600m;5.00;168;168;11.22;25.03
3600.00;3900.00;1812.00;24.85;E0_0_3700m;5.00;151;151;10.13;24.92
3600.00;3900.00;2004.00;24.96;E0_1_3700m;5.00;167;167;11.15;25.02
3600.00;3900.00;1752.00;24.82;E0_0_3800m;5.00;146;146;9.80;24.89
3600.00;3900.00;1980.00;24.99;E0_1_3800m;5.00;165;166;11.06;25.05
3600.00;3900.00;1764.00;24.82;E0_0_3900m;5.00;147;147;9.87;24.89
3600.00;3900.00;1992.00;25.03;E0_1_3900m;5.00;166;166;11.05;25.11
3600.00;3900.00;1776.00;24.86;E0_0_4000m;5.00;148;148;9.92;24.93
3600.00;3900.00;2028.00;25.03;E0_1_4000m;5.00;169;169;11.25;25.12
3600.00;3900.00;1776.00;24.90;E0_0_4100m;5.00;148;148;9.90;24.97
3600.00;3900.00;2028.00;25.02;E0_1_4100m;5.00;169;168;11.24;25.09
3600.00;3900.00;1764.00;24.92;E0_0_4200m;5.00;147;147;9.83;24.99
3600.00;3900.00;2028.00;25.01;E0_1_4200m;5.00;169;168;11.22;25.08
3600.00;3900.00;1740.00;24.92;E0_0_4300m;5.00;145;145;9.70;24.99
3600.00;3900.00;1992.00;25.00;E0_1_4300m;5.00;166;166;11.07;25.07
3600.00;3900.00;1716.00;24.92;E0_0_4400m;5.00;143;143;9.56;24.99
3600.00;3900.00;1956.00;25.04;E0_1_4400m;5.00;163;163;10.85;25.12
3600.00;3900.00;1668.00;24.98;E0_0_4500m;5.00;139;140;9.33;25.04
3600.00;3900.00;1944.00;25.18;E0_1_4500m;5.00;162;162;10.72;25.32
3600.00;3900.00;1692.00;25.07;E0_0_4600m;5.00;141;141;9.37;25.13
3600.00;3900.00;1944.00;25.19;E0_1_4600m;5.00;162;161;10.68;25.30
3600.00;3900.00;1728.00;25.10;E0_0_4700m;5.00;144;144;9.56;25.16
3600.00;3900.00;1968.00;25.23;E0_1_4700m;5.00;164;164;10.84;25.34
3600.00;3900.00;1752.00;25.09;E0_0_4800m;5.00;146;146;9.70;25.14
3600.00;3900.00;1968.00;25.32;E0_1_4800m;5.00;164;164;10.80;25.44
3600.00;3900.00;1764.00;25.09;E0_0_4900m;5.00;147;147;9.76;25.14
3600.00;3900.00;1956.00;25.42;E0_1_4900m;5.00;163;163;10.69;25.54
3600.00;3900.00;1788.00;25.19;E0_0_5000m;5.00;149;149;9.86;25.24
3600.00;3900.00;1956.00;25.56;E0_1_5000m;5.00;163;163;10.63;25.69
3900.00;4200.00;0.00;-1.00;E0_0_0m;-1.00;0;0;0.00;-1.00
3900.00;4200.00;0.00;-1.00;E0_1_0m;-1.00;0;0;0.00;-1.00
3900.00;4200.00;1788.00;25.55;E0_0_100m;5.00;149;150;9.76;25.66
3900.00;4200.00;2232.00;27.03;E0_1_100m;5.00;186;186;11.47;27.17
3900.00;4200.00;1824.00;25.29;E0_0_200m;5.00;152;152;10.02;25.44
3900.00;4200.00;2232.00;27.24;E0_1_200m;5.00;186;186;11.38;27.41
3900.00;4200.00;1812.00;25.10;E0_0_300m;5.00;151;151;10.03;25.22
3900.00;4200.00;2256.00;27.06;E0_1_300m;5.00;188;188;11.58;27.25
3900.00;4200.00;1836.00;25.00;E0_0_400m;5.00;153;153;10.20;25.13
3900.00;4200.00;2256.00;26.79;E0_1_400m;5.00;188;188;11.70;26.94
3900.00;4200.00;1860.00;24.95;E0_0_500m;5.00;155;154;10.33;25.04
3900.00;4200.00;2244.00;26.51;E0_1_500m;5.00;187;187;11.75;26.64
3900.00;4200.00;1872.00;24.98;E0_0_600m;5.00;156;156;10.41;25.06
3900.00;4200.00;2256.00;26.28;E0_1_600m;5.00;188;188;11.92;26.38
3900.00;4200.00;1884.00;24.93;E0_0_700m;5.00;157;157;10.50;25.01
3900.00;4200.00;2280.00;26.13;E0_1_700m;5.00;190;189;12.09;26.21
3900.00;4200.00;1872.00;24.72;E0_0_800m;5.00;156;156;10.52;24.81
3900.00;4200.00;2292.00;26.04;E0_1_800m;5.00;191;191;12.23;26.12
3900.00;4200.00;1872.00;24.38;E0_0_900m;5.00;156;156;10.66;24.48
3900.00;4200.00;2280.00;26.02;E0_1_900m;5.00;190;191;12.19;26.12
3900.00;4200.00;1896.00;24.25;E0_0_1000m;5.00;158;159;10.89;24.38
3900.00;4200.00;2244.00;26.02;E0_1_1000m;5.00;187;188;12.00;26.13
3900.00;4200.00;1872.00;24.12;E0_0_1100m;5.00;156;156;10.78;24.27
3900.00;4200.00;2232.00;26.10;E0_1_1100m;5.00;186;186;11.88;26.23
3900.00;4200.00;1848.00;24.11;E0_0_1200m;5.00;154;154;10.64;24.24
3900.00;4200.00;2208.00;26.18;E0_1_1200m;5.00;184;185;11.72;26.33
3900.00;4200.00;1848.00;24.32;E0_0_1300m;5.00;154;154;10.56;24.44
3900.00;4200.00;2196.00;26.24;E0_1_1300m;5.00;183;183;11.62;26.38
3900.00;4200.00;1848.00;24.10;E0_0_1400m;5.00;154;154;10.65;24.23
3900.00;4200.00;2172.00;26.20;E0_1_1400m;5.00;181;181;11.51;26.37
3900.00;4200.00;1848.00;24.11;E0_0_1500m;5.00;154;154;10.64;24.24
3900.00;4200.00;2172.00;26.10;E0_1_1500m;5.00;181;181;11.56;26.31
3900.00;4200.00;1824.00;24.24;E0_0_1600m;5.00;152;152;10.45;24.35
3900.00;4200.00;2172.00;25.98;E0_1_1600m;5.00;181;181;11.61;26.21
3900.00;4200.00;1800.00;24.13;E0_0_1700m;5.00;150;151;10.42;24.26
3900.00;4200.00;2196.00;25.92;E0_1_1700m;5.00;183;183;11.77;26.16
3900.00;4200.00;1776.00;24.30;E0_0_1800m;5.00;148;148;10.15;24.42
3900.00;4200.00;2172.00;25.85;E0_1_1800m;5.00;181;181;11.67;26.09
3900.00;4200.00;1752.00;24.27;E0_0_1900m;5.00;146;146;10.03;24.38
3900.00;4200.00;2172.00;25.80;E0_1_1900m;5.00;181;181;11.69;26.03
3900.00;4200.00;1764.00;24.15;E0_0_2000m;5.00;147;147;10.14;24.26
3900.00;4200.00;2172.00;25.70;E0_1_2000m;5.00;181;181;11.74;25.93
3900.00;4200.00;1752.00;24.18;E0_0_2100m;5.00;146;146;10.06;24.28
3900.00;4200.00;2208.00;25.56;E0_1_2100m;5.00;184;184;12.00;25.77
3900.00;4200.00;1740.00;24.05;E0_0_2200m;5.00;145;145;10.05;24.15
3900.00;4200.00;2208.00;25.52;E0_1_2200m;5.00;184;184;12.02;25.70
3900.00;4200.00;1740.00;23.87;E0_0_2300m;5.00;145;145;10.13;23.98
3900.00;4200.00;2208.00;25.47;E0_1_2300m;5.00;184;184;12.04;25.65
3900.00;4200.00;1764.00;23.80;E0_0_2400m;5.00;147;147;10.30;23.94
3900.00;4200.00;2184.00;25.46;E0_1_2400m;5.00;182;183;11.92;25.64
3900.00;4200.00;1812.00;23.85;E0_0_2500m;5.00;151;150;10.54;24.00
3900.00;4200.00;2208.00;25.48;E0_1_2500m;5.00;184;184;12.03;25.66
3900.00;4200.00;1872.00;23.75;E0_0_2600m;5.00;156;155;10.93;23.89
3900.00;4200.00;2208.00;25.28;E0_1_2600m;5.00;184;184;12.13;25.44
3900.00;4200.00;1872.00;23.65;E0_0_2700m;5.00;156;155;10.96;23.79
3900.00;4200.00;2220.00;25.21;E0_1_2700m;5.00;185;185;12.23;25.37
3900.00;4200.00;1860.00;23.51;E0_0_2800m;5.00;155;156;11.03;23.66
3900.00;4200.00;2208.00;25.19;E0_1_2800m;5.00;184;185;12.21;25.35
3900.00;4200.00;1884.00;23.42;E0_0_2900m;5.00;157;157;11.17;23.57
3900.00;4200.00;2196.00;25.17;E0_1_2900m;5.00;183;183;12.12;25.32
3900.00;4200.00;1860.00;23.42;E0_0_3000m;5.00;155;155;11.03;23.58
3900.00;4200.00;2220.00;25.16;E0_1_3000m;5.00;185;185;12.25;25.32
3900.00;4200.00;1836.00;23.41;E0_0_3100m;5.00;153;153;10.89;23.58
3900.00;4200.00;2244.00;25.21;E0_1_3100m;5.00;187;187;12.36;25.38
3900.00;4200.00;1848.00;23.44;E0_0_3200m;5.00;154;153;10.90;23.62
3900.00;4200.00;2232.00;25.25;E0_1_3200m;5.00;186;186;12.28;25.44
3900.00;4200.00;1884.00;23.48;E0_0_3300m;5.00;157;157;11.14;23.66
3900.00;4200.00;2208.00;25.25;E0_1_3300m;5.00;184;185;12.18;25.44
3900.00;4200.00;1884.00;23.49;E0_0_3400m;5.00;157;157;11.14;23.66
3900.00;4200.00;2220.00;25.24;E0_1_3400m;5.00;185;185;12.21;25.43
3900.00;4200.00;1896.00;23.54;E0_0_3500m;5.00;158;158;11.19;23.70
3900.00;4200.00;2220.00;25.32;E0_1_3500m;5.00;185;185;12.18;25.49
3900.00;4200.00;1884.00;23.63;E0_0_3600m;5.00;157;157;11.07;23.77
3900.00;4200.00;2220.00;25.39;E0_1_3600m;5.00;185;186;12.20;25.55
3900.00;4200.00;1872.00;23.69;E0_0_3700m;5.00;156;156;10.97;23.81
3900.00;4200.00;2220.00;25.30;E0_1_3700m;5.00;185;185;12.19;25.45
3900.00;4200.00;1872.00;23.74;E0_0_3800m;5.00;156;156;10.95;23.84
3900.00;4200.00;2232.00;25.20;E0_1_3800m;5.00;186;185;12.25;25.33
3900.00;4200.00;1836.00;23.61;E0_0_3900m;5.00;153;153;10.80;23.71
3900.00;4200.00;2220.00;25.19;E0_1_3900m;5.00;185;185;12.24;25.31
3900.00;4200.00;1824.00;23.62;E0_0_4000m;5.00;152;153;10.73;23.72
3900.00;4200.00;2172.00;25.14;E0_1_4000m;5.00;181;181;12.00;25.25
3900.00;4200.00;1812.00;23.66;E0_0_4100m;5.00;151;150;10.59;23.75
3900.00;4200.00;2184.00;25.13;E0_1_4100m;5.00;182;182;12.07;25.24
3900.00;4200.00;1848.00;23.87;E0_0_4200m;5.00;154;154;10.75;23.95
3900.00;4200.00;2184.00;25.14;E0_1_4200m;5.00;182;182;12.06;25.26
3900.00;4200.00;1872.00;23.80;E0_0_4300m;5.00;156;156;10.92;23.90
3900.00;4200.00;2220.00;25.18;E0_1_4300m;5.00;185;185;12.25;25.29
3900.00;4200.00;1884.00;23.72;E0_0_4400m;5.00;157;157;11.03;23.81
3900.00;4200.00;2256.00;25.11;E0_1_4400m;5.00;188;188;12.48;25.21
3900.00;4200.00;1920.00;23.62;E0_0_4500m;5.00;160;160;11.29;23.72
3900.00;4200.00;2280.00;25.06;E0_1_4500m;5.00;190;190;12.64;25.15
3900.00;4200.00;1920.00;23.48;E0_0_4600m;5.00;160;160;11.36;23.59
3900.00;4200.00;2268.00;25.02;E0_1_4600m;5.00;189;190;12.60;25.12
3900.00;4200.00;1896.00;23.49;E0_0_4700m;5.00;158;158;11.21;23.60
3900.00;4200.00;2244.00;24.98;E0_1_4700m;5.00;187;187;12.47;25.08
3900.00;4200.00;1860.00;23.50;E0_0_4800m;5.00;155;156;11.00;23.60
3900.00;4200.00;2292.00;24.89;E0_1_4800m;5.00;191;191;12.79;25.01
3900.00;4200.00;1884.00;23.62;E0_0_4900m;5.00;157;157;11.08;23.74
3900.00;4200.00;2292.00;24.95;E0_1_4900m;5.00;191;191;12.76;25.04
3900.00;4200.00;1896.00;23.57;E0_0_5000m;5.00;158;159;11.17;23.70
3900.00;4200.00;2316.00;25.06;E0_1_5000m;5.00;193;193;12.84;25.16
4200.00;4500.00;0.00;-1.00;E0_0_0m;-1.00;0;0;0.00;-1.00
4200.00;4500.00;0.00;-1.00;E0_1_0m;-1.00;0;0;0.00;-1.00
4200.00;4500.00;1992.00;26.21;E0_0_100m;5.00;166;166;10.52;26.35
4200.00;4500.00;2316.00;27.55;E0_1_100m;5.00;193;194;11.71;27.68
4200.00;4500.00;1992.00;26.28;E0_0_200m;5.00;166;166;10.53;26.45
4200.00;4500.00;2304.00;27.95;E0_1_200m;5.00;192;192;11.45;28.08
4200.00;4500.00;1992.00;26.21;E0_0_300m;5.00;166;166;10.56;26.38
4200.00;4500.00;2292.00;28.07;E0_1_300m;5.00;191;191;11.34;28.23
4200.00;4500.00;1944.00;26.05;E0_0_400m;5.00;162;162;10.37;26.21
4200.00;4500.00;2316.00;28.03;E0_1_400m;5.00;193;193;11.47;28.20
4200.00;4500.00;1956.00;25.86;E0_0_500m;5.00;163;163;10.51;26.04
4200.00;4500.00;2304.00;28.01;E0_1_500m;5.00;192;192;11.42;28.18
4200.00;4500.00;1920.00;25.80;E0_0_600m;5.00;160;160;10.33;26.00
4200.00;4500.00;2304.00;27.93;E0_1_600m;5.00;192;192;11.46;28.10
4200.00;4500.00;1884.00;25.60;E0_0_700m;5.00;157;157;10.22;25.79
4200.00;4500.00;2304.00;27.90;E0_1_700m;5.00;192;192;11.47;28.07
4200.00;4500.00;1896.00;25.40;E0_0_800m;5.00;158;158;10.37;25.60
4200.00;4500.00;2304.00;27.83;E0_1_800m;5.00;192;192;11.50;28.00
4200.00;4500.00;1896.00;25.23;E0_0_900m;5.00;158;158;10.44;25.44
4200.00;4500.00;2316.00;27.69;E0_1_900m;5.00;193;194;11.67;27.87
4200.00;4500.00;1884.00;25.08;E0_0_1000m;5.00;157;156;10.41;25.29
4200.00;4500.00;2352.00;27.56;E0_1_1000m;5.00;196;195;11.83;27.75
4200.00;4500.00;1896.00;25.05;E0_0_1100m;5.00;158;158;10.51;25.27
4200.00;4500.00;2364.00;27.41;E0_1_1100m;5.00;197;197;11.98;27.59
4200.00;4500.00;1884.00;24.87;E0_0_1200m;5.00;157;157;10.52;25.09
4200.00;4500.00;2376.00;27.21;E0_1_1200m;5.00;198;197;12.12;27.38
4200.00;4500.00;1860.00;24.73;E0_0_1300m;5.00;155;155;10.44;24.94
4200.00;4500.00;2388.00;27.07;E0_1_1300m;5.00;199;200;12.28;27.24
4200.00;4500.00;1896.00;24.66;E0_0_1400m;5.00;158;158;10.68;24.84
4200.00;4500.00;2376.00;27.02;E0_1_1400m;5.00;198;198;12.21;27.18
4200.00;4500.00;1920.00;24.74;E0_0_1500m;5.00;160;160;10.78;24.92
4200.00;4500.00;2376.00;26.94;E0_1_1500m;5.00;198;198;12.25;27.10
4200.00;4500.00;1908.00;24.59;E0_0_1600m;5.00;159;159;10.77;24.77
4200.00;4500.00;2388.00;26.90;E0_1_1600m;5.00;199;199;12.33;27.04
4200.00;4500.00;1944.00;24.57;E0_0_1700m;5.00;162;161;10.93;24.73
4200.00;4500.00;2388.00;26.82;E0_1_1700m;5.00;199;199;12.36;26.95
4200.00;4500.00;1944.00;24.50;E0_0_1800m;5.00;162;162;11.02;24.67
4200.00;4500.00;2364.00;26.73;E0_1_1800m;5.00;197;197;12.28;26.85
4200.00;4500.00;1980.00;24.56;E0_0_1900m;5.00;165;165;11.19;24.77
4200.00;4500.00;2328.00;26.67;E0_1_1900m;5.00;194;195;12.17;26.79
4200.00;4500.00;1968.00;24.58;E0_0_2000m;5.00;164;164;11.12;24.79
4200.00;4500.00;2328.00;26.57;E0_1_2000m;5.00;194;195;12.18;26.69
4200.00;4500.00;1944.00;24.57;E0_0_2100m;5.00;162;163;11.07;24.79
4200.00;4500.00;2328.00;26.54;E0_1_2100m;5.00;194;194;12.18;26.71
4200.00;4500.00;1944.00;24.46;E0_0_2200m;5.00;162;162;11.04;24.67
4200.00;4500.00;2328.00;26.40;E0_1_2200m;5.00;194;194;12.25;26.52
4200.00;4500.00;1980.00;24.38;E0_0_2300m;5.00;165;165;11.28;24.57
4200.00;4500.00;2328.00;26.33;E0_1_2300m;5.00;194;194;12.28;26.45
4200.00;4500.00;1992.00;24.45;E0_0_2400m;5.00;166;167;11.33;24.62
4200.00;4500.00;2364.00;26.23;E0_1_2400m;5.00;197;197;12.52;26.39
4200.00;4500.00;1980.00;24.50;E0_0_2500m;5.00;165;165;11.22;24.67
4200.00;4500.00;2376.00;26.29;E0_1_2500m;5.00;198;199;12.61;26.41
4200.00;4500.00;1980.00;24.52;E0_0_2600m;5.00;165;165;11.21;24.69
4200.00;4500.00;2352.00;26.24;E0_1_2600m;5.00;196;196;12.45;26.36
4200.00;4500.00;1956.00;24.34;E0_0_2700m;5.00;163;164;11.19;24.51
4200.00;4500.00;2364.00;26.11;E0_1_2700m;5.00;197;197;12.58;26.23
4200.00;4500.00;1980.00;24.14;E0_0_2800m;5.00;165;164;11.35;24.30
4200.00;4500.00;2364.00;25.99;E0_1_2800m;5.00;197;197;12.61;26.11
4200.00;4500.00;1980.00;24.18;E0_0_2900m;5.00;165;166;11.44;24.32
4200.00;4500.00;2400.00;25.86;E0_1_2900m;5.00;200;200;12.89;25.99
4200.00;4500.00;2004.00;24.09;E0_0_3000m;5.00;167;167;11.55;24.23
4200.00;4500.00;2448.00;25.71;E0_1_3000m;5.00;204;204;13.22;25.83
4200.00;4500.00;2016.00;23.93;E0_0_3100m;5.00;168;168;11.70;24.05
4200.00;4500.00;2460.00;25.57;E0_1_3100m;5.00;205;205;13.36;25.68
4200.00;4500.00;2004.00;23.81;E0_0_3200m;5.00;167;167;11.69;23.92
4200.00;4500.00;2472.00;25.38;E0_1_3200m;5.00;206;207;13.56;25.49
4200.00;4500.00;2016.00;23.77;E0_0_3300m;5.00;168;169;11.80;23.87
4200.00;4500.00;2472.00;25.21;E0_1_3300m;5.00;206;206;13.62;25.32
4200.00;4500.00;2028.00;23.61;E0_0_3400m;5.00;169;169;11.93;23.70
4200.00;4500.00;2460.00;25.12;E0_1_3400m;5.00;205;205;13.60;25.20
4200.00;4500.00;2028.00;23.53;E0_0_3500m;5.00;169;169;11.97;23.62
4200.00;4500.00;2472.00;24.99;E0_1_3500m;5.00;206;206;13.74;25.09
4200.00;4500.00;2040.00;23.52;E0_0_3600m;5.00;170;170;12.04;23.63
4200.00;4500.00;2472.00;24.85;E0_1_3600m;5.00;206;205;13.75;24.96
4200.00;4500.00;2016.00;23.47;E0_0_3700m;5.00;168;170;11.98;23.57
4200.00;4500.00;2484.00;24.78;E0_1_3700m;5.00;207;207;13.92;24.90
4200.00;4500.00;2040.00;23.51;E0_0_3800m;5.00;170;170;12.05;23.61
4200.00;4500.00;2472.00;24.70;E0_1_3800m;5.00;206;206;13.90;24.83
4200.00;4500.00;2040.00;23.54;E0_0_3900m;5.00;170;170;12.03;23.63
4200.00;4500.00;2472.00;24.61;E0_1_3900m;5.00;206;206;13.95;24.72
4200.00;4500.00;2028.00;23.54;E0_0_4000m;5.00;169;168;11.96;23.61
4200.00;4500.00;2484.00;24.51;E0_1_4000m;5.00;207;207;14.08;24.61
4200.00;4500.00;2004.00;23.58;E0_0_4100m;5.00;167;168;11.82;23.64
4200.00;4500.00;2496.00;24.49;E0_1_4100m;5.00;208;208;14.15;24.60
4200.00;4500.00;1992.00;23.64;E0_0_4200m;5.00;166;167;11.73;23.69
4200.00;4500.00;2472.00;24.44;E0_1_4200m;5.00;206;206;14.05;24.56
4200.00;4500.00;1956.00;23.59;E0_0_4300m;5.00;163;163;11.52;23.63
4200.00;4500.00;2436.00;24.42;E0_1_4300m;5.00;203;203;13.86;24.54
4200.00;4500.00;1932.00;23.40;E0_0_4400m;5.00;161;161;11.47;23.45
4200.00;4500.00;2400.00;24.41;E0_1_4400m;5.00;200;200;13.66;24.55
4200.00;4500.00;1896.00;23.21;E0_0_4500m;5.00;158;159;11.40;23.28
4200.00;4500.00;2364.00;24.45;E0_1_4500m;5.00;197;198;13.46;24.61
4200.00;4500.00;1908.00;23.15;E0_0_4600m;5.00;159;160;11.49;23.24
4200.00;4500.00;2328.00;24.51;E0_1_4600m;5.00;194;194;13.23;24.70
4200.00;4500.00;1896.00;23.09;E0_0_4700m;5.00;158;159;11.47;23.19
4200.00;4500.00;2328.00;24.54;E0_1_4700m;5.00;194;194;13.18;24.75
4200.00;4500.00;1884.00;23.08;E0_0_4800m;5.00;157;157;11.34;23.18
4200.00;4500.00;2304.00;24.53;E0_1_4800m;5.00;192;192;13.05;24.69
4200.00;4500.00;1848.00;23.09;E0_0_4900m;5.00;154;154;11.11;23.20
4200.00;4500.00;2292.00;24.58;E0_1_4900m;5.00;191;191;12.95;24.74
4200.00;4500.00;1836.00;23.15;E0_0_5000m;5.00;153;152;11.01;23.28
4200.00;4500.00;2244.00;24.59;E0_1_5000m;5.00;187;187;12.67;24.74
4500.00;4800.00;0.00;-1.00;E0_0_0m;-1.00;0;0;0.00;-1.00
4500.00;4800.00;0.00;-1.00;E0_1_0m;-1.00;0;0;0.00;-1.00
4500.00;4800.00;1812.00;26.89;E0_0_100m;5.00;151;151;9.36;27.02
4500.00;4800.00;1968.00;28.47;E0_1_100m;5.00;164;164;9.61;28.60
4500.00;4800.00;1836.00;26.46;E0_0_200m;5.00;153;153;9.64;26.58
4500.00;4800.00;1956.00;28.46;E0_1_200m;5.00;163;163;9.54;28.68
4500.00;4800.00;1800.00;26.38;E0_0_300m;5.00;150;150;9.48;26.50
4500.00;4800.00;2016.00;28.19;E0_1_300m;5.00;168;168;9.93;28.42
4500.00;4800.00;1800.00;26.35;E0_0_400m;5.00;150;150;9.49;26.47
4500.00;4800.00;2016.00;28.08;E0_1_400m;5.00;168;168;9.97;28.32
4500.00;4800.00;1812.00;26.38;E0_0_500m;5.00;151;151;9.54;26.49
4500.00;4800.00;2016.00;27.92;E0_1_500m;5.00;168;168;10.03;28.15
4500.00;4800.00;1800.00;26.41;E0_0_600m;5.00;150;151;9.51;26.51
4500.00;4800.00;2040.00;27.75;E0_1_600m;5.00;170;171;10.24;27.98
4500.00;4800.00;1788.00;26.40;E0_0_700m;5.00;149;149;9.40;26.51
4500.00;4800.00;2064.00;27.74;E0_1_700m;5.00;172;172;10.33;27.95
4500.00;4800.00;1764.00;26.27;E0_0_800m;5.00;147;147;9.33;26.37
4500.00;4800.00;2064.00;27.75;E0_1_800m;5.00;172;172;10.33;27.97
4500.00;4800.00;1764.00;25.99;E0_0_900m;5.00;147;147;9.43;26.07
4500.00;4800.00;2064.00;27.73;E0_1_900m;5.00;172;172;10.31;27.95
4500.00;4800.00;1740.00;25.93;E0_0_1000m;5.00;145;145;9.32;26.02
4500.00;4800.00;2088.00;27.62;E0_1_1000m;5.00;174;174;10.50;27.84
4500.00;4800.00;1752.00;25.91;E0_0_1100m;5.00;146;146;9.39;26.00
4500.00;4800.00;2076.00;27.55;E0_1_1100m;5.00;173;173;10.47;27.75
4500.00;4800.00;1776.00;25.85;E0_0_1200m;5.00;148;148;9.54;25.95
4500.00;4800.00;2088.00;27.39;E0_1_1200m;5.00;174;174;10.59;27.62
4500.00;4800.00;1800.00;25.74;E0_0_1300m;5.00;150;150;9.71;25.84
4500.00;4800.00;2100.00;27.35;E0_1_1300m;5.00;175;174;10.64;27.58
4500.00;4800.00;1716.00;25.66;E0_0_1400m;5.00;143;144;9.32;25.76
4500.00;4800.00;2160.00;27.29;E0_1_1400m;5.00;180;180;10.99;27.52
4500.00;4800.00;1680.00;25.65;E0_0_1500m;5.00;140;142;9.11;25.73
4500.00;4800.00;2160.00;27.25;E0_1_1500m;5.00;180;181;11.01;27.48
4500.00;4800.00;1728.00;25.68;E0_0_1600m;5.00;144;144;9.35;25.76
4500.00;4800.00;2160.00;27.36;E0_1_1600m;5.00;180;181;11.00;27.55
4500.00;4800.00;1704.00;25.64;E0_0_1700m;5.00;142;142;9.23;25.73
4500.00;4800.00;2160.00;27.20;E0_1_1700m;5.00;180;180;11.03;27.38
4500.00;4800.00;1692.00;25.59;E0_0_1800m;5.00;141;141;9.18;25.68
4500.00;4800.00;2172.00;26.96;E0_1_1800m;5.00;181;181;11.19;27.13
4500.00;4800.00;1716.00;25.31;E0_0_1900m;5.00;143;143;9.42;25.42
4500.00;4800.00;2184.00;26.86;E0_1_1900m;5.00;182;182;11.29;27.03
4500.00;4800.00;1776.00;25.11;E0_0_2000m;5.00;148;148;9.82;25.25
4500.00;4800.00;2172.00;26.83;E0_1_2000m;5.00;181;181;11.27;27.02
4500.00;4800.00;1776.00;25.18;E0_0_2100m;5.00;148;148;9.80;25.30
4500.00;4800.00;2196.00;26.92;E0_1_2100m;5.00;183;183;11.33;27.13
4500.00;4800.00;1788.00;25.22;E0_0_2200m;5.00;149;149;9.85;25.33
4500.00;4800.00;2184.00;26.98;E0_1_2200m;5.00;182;182;11.24;27.20
4500.00;4800.00;1740.00;25.19;E0_0_2300m;5.00;145;145;9.59;25.30
4500.00;4800.00;2208.00;27.07;E0_1_2300m;5.00;184;184;11.33;27.30
4500.00;4800.00;1716.00;25.19;E0_0_2400m;5.00;143;143;9.46;25.30
4500.00;4800.00;2184.00;27.16;E0_1_2400m;5.00;182;182;11.17;27.38
4500.00;4800.00;1680.00;25.13;E0_0_2500m;5.00;140;140;9.28;25.26
4500.00;4800.00;2160.00;27.33;E0_1_2500m;5.00;180;180;10.95;27.55
4500.00;4800.00;1668.00;25.23;E0_0_2600m;5.00;139;139;9.18;25.34
4500.00;4800.00;2136.00;27.50;E0_1_2600m;5.00;178;178;10.79;27.71
4500.00;4800.00;1680.00;25.26;E0_0_2700m;5.00;140;139;9.21;25.37
4500.00;4800.00;2124.00;27.72;E0_1_2700m;5.00;177;177;10.64;27.94
4500.00;4800.00;1680.00;25.27;E0_0_2800m;5.00;140;140;9.23;25.38
4500.00;4800.00;2124.00;27.80;E0_1_2800m;5.00;177;176;10.60;28.02
4500.00;4800.00;1668.00;25.27;E0_0_2900m;5.00;139;139;9.17;25.39
4500.00;4800.00;2088.00;27.86;E0_1_2900m;5.00;174;174;10.41;28.07
4500.00;4800.00;1656.00;25.27;E0_0_3000m;5.00;138;138;9.10;25.39
4500.00;4800.00;2040.00;27.88;E0_1_3000m;5.00;170;170;10.16;28.07
4500.00;4800.00;1632.00;25.27;E0_0_3100m;5.00;136;136;8.97;25.40
4500.00;4800.00;2040.00;27.85;E0_1_3100m;5.00;170;170;10.18;28.02
4500.00;4800.00;1656.00;25.45;E0_0_3200m;5.00;138;138;9.04;25.57
4500.00;4800.00;2016.00;27.85;E0_1_3200m;5.00;168;167;10.02;28.00
4500.00;4800.00;1680.00;25.42;E0_0_3300m;5.00;140;140;9.18;25.55
4500.00;4800.00;2016.00;27.76;E0_1_3300m;5.00;168;168;10.09;27.89
4500.00;4800.00;1692.00;25.49;E0_0_3400m;5.00;141;141;9.22;25.61
4500.00;4800.00;2064.00;27.64;E0_1_3400m;5.00;172;172;10.37;27.76
4500.00;4800.00;1668.00;25.51;E0_0_3500m;5.00;139;139;9.08;25.64
4500.00;4800.00;2076.00;27.64;E0_1_3500m;5.00;173;173;10.43;27.75
4500.00;4800.00;1680.00;25.56;E0_0_3600m;5.00;140;141;9.14;25.68
4500.00;4800.00;2064.00;27.68;E0_1_3600m;5.00;172;172;10.36;27.80
4500.00;4800.00;1680.00;25.48;E0_0_3700m;5.00;140;140;9.17;25.60
4500.00;4800.00;2064.00;27.74;E0_1_3700m;5.00;172;172;10.33;27.86
4500.00;4800.00;1704.00;25.38;E0_0_3800m;5.00;142;142;9.32;25.51
4500.00;4800.00;2064.00;27.85;E0_1_3800m;5.00;172;172;10.29;27.97
4500.00;4800.00;1752.00;25.40;E0_0_3900m;5.00;146;146;9.58;25.53
4500.00;4800.00;2088.00;27.86;E0_1_3900m;5.00;174;174;10.41;27.99
4500.00;4800.00;1788.00;25.38;E0_0_4000m;5.00;149;149;9.78;25.51
4500.00;4800.00;2124.00;27.81;E0_1_4000m;5.00;177;177;10.61;27.95
4500.00;4800.00;1812.00;25.34;E0_0_4100m;5.00;151;150;9.91;25.48
4500.00;4800.00;2148.00;27.72;E0_1_4100m;5.00;179;180;10.77;27.85
4500.00;4800.00;1776.00;25.29;E0_0_4200m;5.00;148;147;9.73;25.43
4500.00;4800.00;2184.00;27.64;E0_1_4200m;5.00;182;183;11.04;27.74
4500.00;4800.00;1788.00;25.17;E0_0_4300m;5.00;149;149;9.87;25.30
4500.00;4800.00;2196.00;27.65;E0_1_4300m;5.00;183;183;11.03;27.74
4500.00;4800.00;1848.00;25.04;E0_0_4400m;5.00;154;154;10.25;25.18
4500.00;4800.00;2208.00;27.61;E0_1_4400m;5.00;184;184;11.11;27.72
4500.00;4800.00;1884.00;25.04;E0_0_4500m;5.00;157;156;10.39;25.18
4500.00;4800.00;2244.00;27.53;E0_1_4500m;5.00;187;186;11.29;27.64
4500.00;4800.00;1896.00;24.93;E0_0_4600m;5.00;158;157;10.52;25.09
4500.00;4800.00;2304.00;27.47;E0_1_4600m;5.00;192;191;11.60;27.59
4500.00;4800.00;1932.00;24.90;E0_0_4700m;5.00;161;161;10.78;25.07
4500.00;4800.00;2316.00;27.41;E0_1_4700m;5.00;193;193;11.73;27.54
4500.00;4800.00;1944.00;24.79;E0_0_4800m;5.00;162;162;10.89;24.96
4500.00;4800.00;2328.00;27.32;E0_1_4800m;5.00;194;194;11.83;27.45
4500.00;4800.00;1956.00;24.66;E0_0_4900m;5.00;163;163;11.02;24.83
4500.00;4800.00;2352.00;27.25;E0_1_4900m;5.00;196;196;11.99;27.37
4500.00;4800.00;1968.00;24.52;E0_0_5000m;5.00;164;164;11.15;24.67
4500.00;4800.00;2376.00;27.28;E0_1_5000m;5.00;198;198;12.10;27.40
4800.00;5100.00;0.00;-1.00;E0_0_0m;-1.00;0;0;0.00;-1.00
4800.00;5100.00;0.00;-1.00;E0_1_0m;-1.00;0;0;0.00;-1.00
4800.00;5100.00;1968.00;25.85;E0_0_100m;5.00;164;166;10.63;26.00
4800.00;5100.00;2112.00;27.15;E0_1_100m;5.00;176;176;10.78;27.39
4800.00;5100.00;1980.00;26.03;E0_0_200m;5.00;165;165;10.57;26.19
4800.00;5100.00;2100.00;27.79;E0_1_200m;5.00;175;175;10.50;27.99
4800.00;5100.00;1908.00;25.59;E0_0_300m;5.00;159;159;10.36;25.79
4800.00;5100.00;2136.00;27.74;E0_1_300m;5.00;178;178;10.69;27.95
4800.00;5100.00;1884.00;25.25;E0_0_400m;5.00;157;158;10.38;25.47
4800.00;5100.00;2196.00;27.33;E0_1_400m;5.00;183;183;11.16;27.52
4800.00;5100.00;1848.00;24.99;E0_0_500m;5.00;154;154;10.27;25.23
4800.00;5100.00;2220.00;27.06;E0_1_500m;5.00;185;185;11.40;27.20
4800.00;5100.00;1884.00;24.78;E0_0_600m;5.00;157;156;10.51;25.04
4800.00;5100.00;2196.00;26.76;E0_1_600m;5.00;183;182;11.37;26.88
4800.00;5100.00;1920.00;24.57;E0_0_700m;5.00;160;160;10.85;24.81
4800.00;5100.00;2184.00;26.46;E0_1_700m;5.00;182;182;11.46;26.58
4800.00;5100.00;1932.00;24.44;E0_0_800m;5.00;161;162;11.03;24.63
4800.00;5100.00;2196.00;26.32;E0_1_800m;5.00;183;183;11.59;26.44
4800.00;5100.00;1944.00;24.44;E0_0_900m;5.00;162;162;11.05;24.59
4800.00;5100.00;2184.00;26.18;E0_1_900m;5.00;182;183;11.61;26.31
4800.00;5100.00;1980.00;24.45;E0_0_1000m;5.00;165;165;11.25;24.59
4800.00;5100.00;2148.00;26.09;E0_1_1000m;5.00;179;179;11.44;26.24
4800.00;5100.00;1944.00;24.23;E0_0_1100m;5.00;162;162;11.14;24.42
4800.00;5100.00;2160.00;26.08;E0_1_1100m;5.00;180;180;11.50;26.24
4800.00;5100.00;1956.00;24.20;E0_0_1200m;5.00;163;164;11.23;24.39
4800.00;5100.00;2136.00;25.95;E0_1_1200m;5.00;178;178;11.43;26.12
4800.00;5100.00;1944.00;24.25;E0_0_1300m;5.00;162;162;11.14;24.44
4800.00;5100.00;2160.00;25.97;E0_1_1300m;5.00;180;180;11.55;26.10
4800.00;5100.00;1956.00;24.23;E0_0_1400m;5.00;163;163;11.21;24.42
4800.00;5100.00;2148.00;25.93;E0_1_1400m;5.00;179;180;11.53;26.07
4800.00;5100.00;1968.00;24.17;E0_0_1500m;5.00;164;163;11.30;24.37
4800.00;5100.00;2160.00;25.86;E0_1_1500m;5.00;180;179;11.60;26.02
4800.00;5100.00;1944.00;24.12;E0_0_1600m;5.00;162;162;11.20;24.31
4800.00;5100.00;2160.00;25.78;E0_1_1600m;5.00;180;180;11.64;25.95
4800.00;5100.00;1944.00;24.24;E0_0_1700m;5.00;162;162;11.14;24.43
4800.00;5100.00;2148.00;25.72;E0_1_1700m;5.00;179;179;11.60;25.92
4800.00;5100.00;1944.00;24.15;E0_0_1800m;5.00;162;162;11.18;24.37
4800.00;5100.00;2172.00;25.71;E0_1_1800m;5.00;181;181;11.73;25.93
4800.00;5100.00;1932.00;24.05;E0_0_1900m;5.00;161;161;11.16;24.25
4800.00;5100.00;2196.00;25.74;E0_1_1900m;5.00;183;183;11.85;25.96
4800.00;5100.00;1920.00;24.11;E0_0_2000m;5.00;160;160;11.06;24.37
4800.00;5100.00;2184.00;25.74;E0_1_2000m;5.00;182;182;11.81;25.96
4800.00;5100.00;1908.00;23.85;E0_0_2100m;5.00;159;159;11.11;24.01
4800.00;5100.00;2196.00;25.57;E0_1_2100m;5.00;183;183;11.93;25.78
4800.00;5100.00;1908.00;23.60;E0_0_2200m;5.00;159;159;11.23;23.74
4800.00;5100.00;2184.00;25.36;E0_1_2200m;5.00;182;182;11.96;25.56
4800.00;5100.00;1884.00;23.56;E0_0_2300m;5.00;157;157;11.11;23.68
4800.00;5100.00;2196.00;25.10;E0_1_2300m;5.00;183;184;12.17;25.26
4800.00;5100.00;1872.00;23.39;E0_0_2400m;5.00;156;156;11.11;23.52
4800.00;5100.00;2196.00;24.97;E0_1_2400m;5.00;183;183;12.21;25.13
4800.00;5100.00;1860.00;23.28;E0_0_2500m;5.00;155;155;11.10;23.42
4800.00;5100.00;2208.00;25.01;E0_1_2500m;5.00;184;184;12.24;25.20
4800.00;5100.00;1908.00;23.40;E0_0_2600m;5.00;159;159;11.33;23.51
4800.00;5100.00;2160.00;25.09;E0_1_2600m;5.00;180;181;11.98;25.32
4800.00;5100.00;1896.00;23.54;E0_0_2700m;5.00;158;158;11.19;23.62
4800.00;5100.00;2172.00;25.02;E0_1_2700m;5.00;181;181;12.06;25.25
4800.00;5100.00;1884.00;23.63;E0_0_2800m;5.00;157;158;11.09;23.73
4800.00;5100.00;2172.00;24.98;E0_1_2800m;5.00;181;182;12.12;25.20
4800.00;5100.00;1908.00;23.41;E0_0_2900m;5.00;159;159;11.32;23.51
4800.00;5100.00;2160.00;24.93;E0_1_2900m;5.00;180;180;12.03;25.13
4800.00;5100.00;1884.00;23.26;E0_0_3000m;5.00;157;157;11.25;23.38
4800.00;5100.00;2172.00;24.83;E0_1_3000m;5.00;181;181;12.15;24.99
4800.00;5100.00;1884.00;23.24;E0_0_3100m;5.00;157;157;11.26;23.35
4800.00;5100.00;2172.00;24.64;E0_1_3100m;5.00;181;181;12.24;24.76
4800.00;5100.00;1920.00;23.28;E0_0_3200m;5.00;160;160;11.45;23.38
4800.00;5100.00;2208.00;24.47;E0_1_3200m;5.00;184;184;12.53;24.57
4800.00;5100.00;1908.00;23.43;E0_0_3300m;5.00;159;159;11.31;23.50
4800.00;5100.00;2232.00;24.33;E0_1_3300m;5.00;186;186;12.74;24.43
4800.00;5100.00;1884.00;23.38;E0_0_3400m;5.00;157;157;11.19;23.45
4800.00;5100.00;2196.00;24.30;E0_1_3400m;5.00;183;183;12.55;24.38
4800.00;5100.00;1872.00;23.47;E0_0_3500m;5.00;156;156;11.08;23.53
4800.00;5100.00;2196.00;24.19;E0_1_3500m;5.00;183;183;12.61;24.25
4800.00;5100.00;1836.00;23.53;E0_0_3600m;5.00;153;153;10.84;23.57
4800.00;5100.00;2220.00;24.09;E0_1_3600m;5.00;185;185;12.80;24.13
4800.00;5100.00;1848.00;23.51;E0_0_3700m;5.00;154;153;10.90;23.56
4800.00;5100.00;2208.00;24.00;E0_1_3700m;5.00;184;184;12.78;24.04
4800.00;5100.00;1812.00;23.60;E0_0_3800m;5.00;151;152;10.72;23.64
4800.00;5100.00;2196.00;23.92;E0_1_3800m;5.00;183;183;12.75;23.96
4800.00;5100.00;1776.00;23.67;E0_0_3900m;5.00;148;148;10.42;23.69
4800.00;5100.00;2160.00;23.85;E0_1_3900m;5.00;180;180;12.58;23.88
4800.00;5100.00;1752.00;23.72;E0_0_4000m;5.00;146;146;10.26;23.73
4800.00;5100.00;2136.00;23.83;E0_1_4000m;5.00;178;178;12.45;23.86
4800.00;5100.00;1776.00;23.77;E0_0_4100m;5.00;148;148;10.38;23.78
4800.00;5100.00;2124.00;23.83;E0_1_4100m;5.00;177;177;12.41;23.85
4800.00;5100.00;1812.00;23.79;E0_0_4200m;5.00;151;151;10.58;23.79
4800.00;5100.00;2136.00;23.89;E0_1_4200m;5.00;178;177;12.35;23.91
4800.00;5100.00;1824.00;23.76;E0_0_4300m;5.00;152;152;10.66;23.77
4800.00;5100.00;2136.00;23.81;E0_1_4300m;5.00;178;178;12.46;23.82
4800.00;5100.00;1812.00;23.74;E0_0_4400m;5.00;151;151;10.60;23.75
4800.00;5100.00;2100.00;23.74;E0_1_4400m;5.00;175;175;12.29;23.74
4800.00;5100.00;1788.00;23.74;E0_0_4500m;5.00;149;149;10.46;23.74
4800.00;5100.00;2064.00;23.73;E0_1_4500m;5.00;172;172;12.08;23.74
4800.00;5100.00;1752.00;23.74;E0_0_4600m;5.00;146;146;10.25;23.74
4800.00;5100.00;2028.00;23.73;E0_1_4600m;5.00;169;169;11.87;23.73
4800.00;5100.00;1728.00;23.74;E0_0_4700m;5.00;144;144;10.11;23.75
4800.00;5100.00;2004.00;23.75;E0_1_4700m;5.00;167;167;11.72;23.75
4800.00;5100.00;1728.00;23.80;E0_0_4800m;5.00;144;144;10.09;23.81
4800.00;5100.00;1992.00;23.80;E0_1_4800m;5.00;166;166;11.62;23.82
4800.00;5100.00;1740.00;23.84;E0_0_4900m;5.00;145;145;10.14;23.85
4800.00;5100.00;1968.00;23.87;E0_1_4900m;5.00;164;164;11.45;23.90
4800.00;5100.00;1728.00;23.88;E0_0_5000m;5.00;144;144;10.05;23.90
4800.00;5100.00;1956.00;24.02;E0_1_5000m;5.00;163;163;11.31;24.07
5100.00;5400.00;0.00;-1.00;E0_0_0m;-1.00;0;0;0.00;-1.00
5100.00;5400.00;0.00;-1.00;E0_1_0m;-1.00;0;0;0.00;-1.00
5100.00;5400.00;1788.00;25.77;E0_0_100m;5.00;149;149;9.64;25.90
5100.00;5400.00;2112.00;26.86;E0_1_100m;5.00;176;176;10.92;27.02
5100.00;5400.00;1776.00;25.70;E0_0_200m;5.00;148;148;9.60;25.84
5100.00;5400.00;2112.00;26.65;E0_1_200m;5.00;176;177;11.05;26.83
5100.00;5400.00;1752.00;25.59;E0_0_300m;5.00;146;146;9.51;25.71
5100.00;5400.00;2160.00;26.41;E0_1_300m;5.00;180;180;11.36;26.58
5100.00;5400.00;1788.00;25.52;E0_0_400m;5.00;149;149;9.73;25.64
5100.00;5400.00;2100.00;26.27;E0_1_400m;5.00;175;175;11.10;26.46
5100.00;5400.00;1740.00;25.32;E0_0_500m;5.00;145;146;9.57;25.42
5100.00;5400.00;2160.00;26.25;E0_1_500m;5.00;180;180;11.43;26.47
5100.00;5400.00;1728.00;25.26;E0_0_600m;5.00;144;144;9.50;25.36
5100.00;5400.00;2160.00;26.20;E0_1_600m;5.00;180;180;11.45;26.42
5100.00;5400.00;1728.00;25.11;E0_0_700m;5.00;144;144;9.56;25.21
5100.00;5400.00;2160.00;26.09;E0_1_700m;5.00;180;180;11.50;26.29
5100.00;5400.00;1752.00;25.04;E0_0_800m;5.00;146;145;9.67;25.13
5100.00;5400.00;2136.00;26.07;E0_1_800m;5.00;178;179;11.41;26.27
5100.00;5400.00;1764.00;25.05;E0_0_900m;5.00;147;147;9.78;25.14
5100.00;5400.00;2136.00;26.21;E0_1_900m;5.00;178;177;11.30;26.41
5100.00;5400.00;1764.00;25.03;E0_0_1000m;5.00;147;147;9.79;25.12
5100.00;5400.00;2124.00;26.13;E0_1_1000m;5.00;177;177;11.29;26.32
5100.00;5400.00;1728.00;24.92;E0_0_1100m;5.00;144;144;9.63;25.00
5100.00;5400.00;2148.00;26.01;E0_1_1100m;5.00;179;179;11.47;26.19
5100.00;5400.00;1668.00;24.92;E0_0_1200m;5.00;139;139;9.30;25.01
5100.00;5400.00;2184.00;26.02;E0_1_1200m;5.00;182;182;11.66;26.19
5100.00;5400.00;1644.00;24.96;E0_0_1300m;5.00;137;137;9.15;25.05
5100.00;5400.00;2160.00;26.10;E0_1_1300m;5.00;180;180;11.49;26.27
5100.00;5400.00;1620.00;25.01;E0_0_1400m;5.00;135;136;9.00;25.09
5100.00;5400.00;2160.00;26.20;E0_1_1400m;5.00;180;179;11.43;26.38
5100.00;5400.00;1632.00;24.99;E0_0_1500m;5.00;136;136;9.07;25.07
5100.00;5400.00;2124.00;26.39;E0_1_1500m;5.00;177;177;11.18;26.54
5100.00;5400.00;1632.00;24.94;E0_0_1600m;5.00;136;136;9.09;25.02
5100.00;5400.00;2148.00;26.39;E0_1_1600m;5.00;179;179;11.30;26.53
5100.00;5400.00;1620.00;24.94;E0_0_1700m;5.00;135;136;9.07;25.02
5100.00;5400.00;2172.00;26.24;E0_1_1700m;5.00;181;181;11.49;26.37
5100.00;5400.00;1608.00;24.78;E0_0_1800m;5.00;134;135;9.07;24.88
5100.00;5400.00;2160.00;26.09;E0_1_1800m;5.00;180;180;11.50;26.21
5100.00;5400.00;1584.00;24.73;E0_0_1900m;5.00;132;134;8.96;24.84
5100.00;5400.00;2136.00;25.84;E0_1_1900m;5.00;178;178;11.48;26.01
5100.00;5400.00;1584.00;24.80;E0_0_2000m;5.00;132;132;8.87;24.88
5100.00;5400.00;2124.00;25.84;E0_1_2000m;5.00;177;177;11.42;25.99
5100.00;5400.00;1584.00;24.81;E0_0_2100m;5.00;132;133;8.94;24.89
5100.00;5400.00;2124.00;25.78;E0_1_2100m;5.00;177;177;11.44;25.94
5100.00;5400.00;1572.00;24.75;E0_0_2200m;5.00;131;132;8.87;24.83
5100.00;5400.00;2136.00;25.73;E0_1_2200m;5.00;178;178;11.53;25.88
5100.00;5400.00;1548.00;24.75;E0_0_2300m;5.00;129;129;8.69;24.83
5100.00;5400.00;2172.00;25.69;E0_1_2300m;5.00;181;180;11.73;25.85
5100.00;5400.00;1572.00;24.78;E0_0_2400m;5.00;131;131;8.81;24.86
5100.00;5400.00;2184.00;25.61;E0_1_2400m;5.00;182;182;11.84;25.78
5100.00;5400.00;1632.00;24.80;E0_0_2500m;5.00;136;136;9.14;24.90
5100.00;5400.00;2196.00;25.53;E0_1_2500m;5.00;183;183;11.98;25.69
5100.00;5400.00;1680.00;24.81;E0_0_2600m;5.00;140;140;9.40;24.89
5100.00;5400.00;2220.00;25.40;E0_1_2600m;5.00;185;184;12.11;25.56
5100.00;5400.00;1680.00;24.87;E0_0_2700m;5.00;140;140;9.38;24.94
5100.00;5400.00;2232.00;25.37;E0_1_2700m;5.00;186;186;12.22;25.51
5100.00;5400.00;1716.00;24.82;E0_0_2800m;5.00;143;142;9.58;24.90
5100.00;5400.00;2232.00;25.31;E0_1_2800m;5.00;186;186;12.25;25.44
5100.00;5400.00;1740.00;24.79;E0_0_2900m;5.00;145;145;9.75;24.86
5100.00;5400.00;2208.00;25.23;E0_1_2900m;5.00;184;185;12.16;25.35
5100.00;5400.00;1752.00;24.65;E0_0_3000m;5.00;146;146;9.87;24.73
5100.00;5400.00;2220.00;25.14;E0_1_3000m;5.00;185;185;12.27;25.23
5100.00;5400.00;1764.00;24.59;E0_0_3100m;5.00;147;148;9.98;24.68
5100.00;5400.00;2208.00;25.09;E0_1_3100m;5.00;184;184;12.22;25.17
5100.00;5400.00;1740.00;24.71;E0_0_3200m;5.00;145;145;9.78;24.77
5100.00;5400.00;2172.00;25.05;E0_1_3200m;5.00;181;181;12.04;25.12
5100.00;5400.00;1728.00;24.72;E0_0_3300m;5.00;144;144;9.71;24.77
5100.00;5400.00;2136.00;25.00;E0_1_3300m;5.00;178;178;11.87;25.06
5100.00;5400.00;1716.00;24.67;E0_0_3400m;5.00;143;143;9.66;24.72
5100.00;5400.00;2136.00;24.95;E0_1_3400m;5.00;178;178;11.89;25.00
5100.00;5400.00;1740.00;24.57;E0_0_3500m;5.00;145;145;9.84;24.64
5100.00;5400.00;2112.00;24.96;E0_1_3500m;5.00;176;177;11.79;25.01
5100.00;5400.00;1764.00;24.40;E0_0_3600m;5.00;147;146;10.03;24.49
5100.00;5400.00;2112.00;25.02;E0_1_3600m;5.00;176;177;11.73;25.08
5100.00;5400.00;1764.00;24.25;E0_0_3700m;5.00;147;147;10.10;24.37
5100.00;5400.00;2112.00;25.04;E0_1_3700m;5.00;176;176;11.72;25.10
5100.00;5400.00;1752.00;24.09;E0_0_3800m;5.00;146;145;10.05;24.24
5100.00;5400.00;2136.00;25.11;E0_1_3800m;5.00;178;178;11.81;25.17
5100.00;5400.00;1728.00;23.92;E0_0_3900m;5.00;144;144;10.04;24.11
5100.00;5400.00;2148.00;25.26;E0_1_3900m;5.00;179;179;11.81;25.32
5100.00;5400.00;1764.00;23.86;E0_0_4000m;5.00;147;147;10.27;24.08
5100.00;5400.00;2088.00;25.38;E0_1_4000m;5.00;174;174;11.43;25.45
5100.00;5400.00;1728.00;23.91;E0_0_4100m;5.00;144;144;10.04;24.10
5100.00;5400.00;2112.00;25.33;E0_1_4100m;5.00;176;175;11.54;25.39
5100.00;5400.00;1716.00;23.95;E0_0_4200m;5.00;143;143;9.95;24.15
5100.00;5400.00;2076.00;25.34;E0_1_4200m;5.00;173;173;11.38;25.38
5100.00;5400.00;1704.00;23.99;E0_0_4300m;5.00;142;142;9.87;24.21
5100.00;5400.00;2064.00;25.33;E0_1_4300m;5.00;172;172;11.32;25.37
5100.00;5400.00;1680.00;24.04;E0_0_4400m;5.00;140;140;9.71;24.25
5100.00;5400.00;2076.00;25.29;E0_1_4400m;5.00;173;173;11.40;25.33
5100.00;5400.00;1704.00;24.06;E0_0_4500m;5.00;142;142;9.84;24.26
5100.00;5400.00;2088.00;25.23;E0_1_4500m;5.00;174;174;11.49;25.27
5100.00;5400.00;1728.00;24.07;E0_0_4600m;5.00;144;144;9.97;24.26
5100.00;5400.00;2136.00;25.18;E0_1_4600m;5.00;178;178;11.78;25.22
5100.00;5400.00;1752.00;24.01;E0_0_4700m;5.00;146;146;10.13;24.20
5100.00;5400.00;2172.00;25.18;E0_1_4700m;5.00;181;181;11.98;25.23
5100.00;5400.00;1752.00;24.05;E0_0_4800m;5.00;146;146;10.12;24.22
5100.00;5400.00;2232.00;25.27;E0_1_4800m;5.00;186;186;12.27;25.35
5100.00;5400.00;1788.00;24.16;E0_0_4900m;5.00;149;149;10.28;24.33
5100.00;5400.00;2244.00;25.32;E0_1_4900m;5.00;187;187;12.31;25.44
5100.00;5400.00;1824.00;24.15;E0_0_5000m;5.00;152;152;10.49;24.33
5100.00;5400.00;2268.00;25.33;E0_1_5000m;5.00;189;189;12.44;25.46
5400.00;5700.00;0.00;-1.00;E0_0_0m;-1.00;0;0;0.00;-1.00
5400.00;5700.00;0.00;-1.00;E0_1_0m;-1.00;0;0;0.00;-1.00
5400.00;5700.00;1776.00;25.73;E0_0_100m;5.00;148;149;9.60;25.82
5400.00;5700.00;2244.00;27.46;E0_1_100m;5.00;187;187;11.35;27.59
5400.00;5700.00;1848.00;25.79;E0_0_200m;5.00;154;154;9.95;25.93
5400.00;5700.00;2172.00;27.69;E0_1_200m;5.00;181;180;10.85;27.87
5400.00;5700.00;1848.00;25.78;E0_0_300m;5.00;154;154;9.96;25.93
5400.00;5700.00;2172.00;27.57;E0_1_300m;5.00;181;181;10.94;27.75
5400.00;5700.00;1872.00;25.64;E0_0_400m;5.00;156;156;10.14;25.81
5400.00;5700.00;2172.00;27.35;E0_1_400m;5.00;181;182;11.07;27.52
5400.00;5700.00;1812.00;25.57;E0_0_500m;5.00;151;151;9.84;25.70
5400.00;5700.00;2208.00;27.27;E0_1_500m;5.00;184;184;11.25;27.42
5400.00;5700.00;1824.00;25.52;E0_0_600m;5.00;152;152;9.93;25.62
5400.00;5700.00;2208.00;27.24;E0_1_600m;5.00;184;184;11.26;27.37
5400.00;5700.00;1860.00;25.50;E0_0_700m;5.00;155;155;10.13;25.59
5400.00;5700.00;2184.00;27.33;E0_1_700m;5.00;182;182;11.10;27.46
5400.00;5700.00;1872.00;25.43;E0_0_800m;5.00;156;156;10.22;25.53
5400.00;5700.00;2160.00;27.20;E0_1_800m;5.00;180;179;11.00;27.31
5400.00;5700.00;1860.00;25.25;E0_0_900m;5.00;155;155;10.23;25.33
5400.00;5700.00;2172.00;26.88;E0_1_900m;5.00;181;181;11.22;26.98
5400.00;5700.00;1836.00;25.11;E0_0_1000m;5.00;153;153;10.16;25.18
5400.00;5700.00;2184.00;26.70;E0_1_1000m;5.00;182;182;11.36;26.80
5400.00;5700.00;1824.00;24.98;E0_0_1100m;5.00;152;152;10.14;25.06
5400.00;5700.00;2184.00;26.55;E0_1_1100m;5.00;182;182;11.43;26.65
5400.00;5700.00;1848.00;24.80;E0_0_1200m;5.00;154;154;10.35;24.88
5400.00;5700.00;2232.00;26.39;E0_1_1200m;5.00;186;186;11.75;26.49
5400.00;5700.00;1872.00;24.85;E0_0_1300m;5.00;156;156;10.46;24.93
5400.00;5700.00;2244.00;26.30;E0_1_1300m;5.00;187;187;11.85;26.41
5400.00;5700.00;1896.00;24.89;E0_0_1400m;5.00;158;158;10.58;24.97
5400.00;5700.00;2244.00;26.25;E0_1_1400m;5.00;187;187;11.87;26.37
5400.00;5700.00;1896.00;24.89;E0_0_1500m;5.00;158;158;10.58;24.97
5400.00;5700.00;2244.00;26.34;E0_1_1500m;5.00;187;187;11.83;26.46
5400.00;5700.00;1896.00;24.83;E0_0_1600m;5.00;158;158;10.61;24.90
5400.00;5700.00;2208.00;26.52;E0_1_1600m;5.00;184;184;11.57;26.65
5400.00;5700.00;1884.00;24.79;E0_0_1700m;5.00;157;156;10.51;24.86
5400.00;5700.00;2196.00;26.59;E0_1_1700m;5.00;183;183;11.47;26.76
5400.00;5700.00;1884.00;24.70;E0_0_1800m;5.00;157;156;10.54;24.77
5400.00;5700.00;2196.00;26.60;E0_1_1800m;5.00;183;183;11.47;26.78
5400.00;5700.00;1884.00;24.68;E0_0_1900m;5.00;157;156;10.54;24.74
5400.00;5700.00;2208.00;26.55;E0_1_1900m;5.00;184;184;11.55;26.73
5400.00;5700.00;1908.00;24.71;E0_0_2000m;5.00;159;160;10.73;24.78
5400.00;5700.00;2172.00;26.47;E0_1_2000m;5.00;181;181;11.40;26.64
5400.00;5700.00;1908.00;24.62;E0_0_2100m;5.00;159;158;10.69;24.70
5400.00;5700.00;2148.00;26.35;E0_1_2100m;5.00;179;179;11.32;26.53
5400.00;5700.00;1920.00;24.58;E0_0_2200m;5.00;160;159;10.80;24.67
5400.00;5700.00;2148.00;26.15;E0_1_2200m;5.00;179;179;11.41;26.34
5400.00;5700.00;1884.00;24.48;E0_0_2300m;5.00;157;157;10.69;24.56
5400.00;5700.00;2172.00;26.06;E0_1_2300m;5.00;181;181;11.58;26.27
5400.00;5700.00;1872.00;24.49;E0_0_2400m;5.00;156;156;10.62;24.58
5400.00;5700.00;2160.00;26.06;E0_1_2400m;5.00;180;180;11.51;26.30
5400.00;5700.00;1860.00;24.45;E0_0_2500m;5.00;155;155;10.57;24.54
5400.00;5700.00;2172.00;25.99;E0_1_2500m;5.00;181;181;11.61;26.22
5400.00;5700.00;1860.00;24.45;E0_0_2600m;5.00;155;155;10.57;24.53
5400.00;5700.00;2160.00;25.84;E0_1_2600m;5.00;180;181;11.67;26.06
5400.00;5700.00;1860.00;24.37;E0_0_2700m;5.00;155;155;10.60;24.45
5400.00;5700.00;2196.00;25.72;E0_1_2700m;5.00;183;184;11.91;25.91
5400.00;5700.00;1872.00;24.43;E0_0_2800m;5.00;156;156;10.64;24.52
5400.00;5700.00;2184.00;25.67;E0_1_2800m;5.00;182;182;11.82;25.86
5400.00;5700.00;1872.00;24.45;E0_0_2900m;5.00;156;156;10.63;24.58
5400.00;5700.00;2220.00;25.59;E0_1_2900m;5.00;185;185;12.10;25.76
5400.00;5700.00;1860.00;24.26;E0_0_3000m;5.00;155;155;10.65;24.34
5400.00;5700.00;2220.00;25.47;E0_1_3000m;5.00;185;186;12.11;25.63
5400.00;5700.00;1872.00;24.16;E0_0_3100m;5.00;156;155;10.74;24.24
5400.00;5700.00;2220.00;25.36;E0_1_3100m;5.00;185;185;12.16;25.53
5400.00;5700.00;1848.00;24.13;E0_0_3200m;5.00;154;154;10.64;24.22
5400.00;5700.00;2232.00;25.33;E0_1_3200m;5.00;186;186;12.24;25.52
5400.00;5700.00;1836.00;24.25;E0_0_3300m;5.00;153;153;10.52;24.33
5400.00;5700.00;2220.00;25.39;E0_1_3300m;5.00;185;185;12.14;25.59
5400.00;5700.00;1860.00;24.19;E0_0_3400m;5.00;155;155;10.68;24.27
5400.00;5700.00;2196.00;25.27;E0_1_3400m;5.00;183;183;12.07;25.46
5400.00;5700.00;1848.00;24.18;E0_0_3500m;5.00;154;154;10.61;24.26
5400.00;5700.00;2244.00;25.10;E0_1_3500m;5.00;187;186;12.37;25.27
5400.00;5700.00;1848.00;24.18;E0_0_3600m;5.00;154;154;10.61;24.27
5400.00;5700.00;2256.00;24.99;E0_1_3600m;5.00;188;187;12.53;25.15
5400.00;5700.00;1884.00;24.15;E0_0_3700m;5.00;157;157;10.84;24.25
5400.00;5700.00;2280.00;24.97;E0_1_3700m;5.00;190;190;12.68;25.12
5400.00;5700.00;1920.00;24.24;E0_0_3800m;5.00;160;160;11.00;24.38
5400.00;5700.00;2268.00;24.95;E0_1_3800m;5.00;189;190;12.69;25.10
5400.00;5700.00;1932.00;24.07;E0_0_3900m;5.00;161;161;11.15;24.15
5400.00;5700.00;2268.00;24.85;E0_1_3900m;5.00;189;189;12.67;25.00
5400.00;5700.00;1932.00;24.04;E0_0_4000m;5.00;161;161;11.16;24.12
5400.00;5700.00;2280.00;24.68;E0_1_4000m;5.00;190;190;12.83;24.81
5400.00;5700.00;1932.00;23.98;E0_0_4100m;5.00;161;161;11.19;24.05
5400.00;5700.00;2268.00;24.45;E0_1_4100m;5.00;189;189;12.88;24.56
5400.00;5700.00;1956.00;23.85;E0_0_4200m;5.00;163;163;11.39;23.93
5400.00;5700.00;2304.00;24.36;E0_1_4200m;5.00;192;192;13.14;24.48
5400.00;5700.00;1944.00;23.80;E0_0_4300m;5.00;162;162;11.35;23.87
5400.00;5700.00;2316.00;24.26;E0_1_4300m;5.00;193;193;13.26;24.38
5400.00;5700.00;1944.00;23.89;E0_0_4400m;5.00;162;162;11.30;23.97
5400.00;5700.00;2304.00;24.12;E0_1_4400m;5.00;192;193;13.27;24.23
5400.00;5700.00;1920.00;23.81;E0_0_4500m;5.00;160;160;11.20;23.89
5400.00;5700.00;2292.00;24.02;E0_1_4500m;5.00;191;191;13.25;24.11
5400.00;5700.00;1896.00;23.80;E0_0_4600m;5.00;158;158;11.06;23.87
5400.00;5700.00;2280.00;23.92;E0_1_4600m;5.00;190;190;13.24;23.99
5400.00;5700.00;1896.00;23.80;E0_0_4700m;5.00;158;158;11.07;23.87
5400.00;5700.00;2244.00;23.91;E0_1_4700m;5.00;187;187;13.04;23.97
5400.00;5700.00;1884.00;23.81;E0_0_4800m;5.00;157;157;10.99;23.88
5400.00;5700.00;2208.00;23.90;E0_1_4800m;5.00;184;184;12.83;23.96
5400.00;5700.00;1860.00;23.77;E0_0_4900m;5.00;155;155;10.87;23.84
5400.00;5700.00;2160.00;23.85;E0_1_4900m;5.00;180;181;12.64;23.91
5400.00;5700.00;1824.00;23.59;E0_0_5000m;5.00;152;152;10.74;23.66
5400.00;5700.00;2136.00;23.87;E0_1_5000m;5.00;178;178;12.43;23.92
5700.00;6000.00;0.00;-1.00;E0_0_0m;-1.00;0;0;0.00;-1.00
5700.00;6000.00;0.00;-1.00;E0_1_0m;-1.00;0;0;0.00;-1.00
5700.00;6000.00;2004.00;25.82;E0_0_100m;5.00;167;166;10.77;26.01
5700.00;6000.00;2124.00;27.65;E0_1_100m;5.00;177;177;10.67;27.79
5700.00;6000.00;1992.00;25.72;E0_0_200m;5.00;166;167;10.78;25.95
5700.00;6000.00;2148.00;27.67;E0_1_200m;5.00;179;179;10.78;27.89
5700.00;6000.00;1992.00;25.37;E0_0_300m;5.00;166;166;10.91;25.61
5700.00;6000.00;2160.00;27.48;E0_1_300m;5.00;180;180;10.92;27.71
5700.00;6000.00;1944.00;25.03;E0_0_400m;5.00;162;162;10.79;25.31
5700.00;6000.00;2196.00;27.16;E0_1_400m;5.00;183;183;11.23;27.39
5700.00;6000.00;1956.00;24.73;E0_0_500m;5.00;163;163;10.98;24.99
5700.00;6000.00;2220.00;26.91;E0_1_500m;5.00;185;185;11.46;27.16
5700.00;6000.00;1980.00;24.48;E0_0_600m;5.00;165;165;11.23;24.75
5700.00;6000.00;2208.00;26.65;E0_1_600m;5.00;184;184;11.51;26.91
5700.00;6000.00;1944.00;24.21;E0_0_700m;5.00;162;162;11.15;24.48
5700.00;6000.00;2184.00;26.37;E0_1_700m;5.00;182;182;11.50;26.63
5700.00;6000.00;1980.00;24.24;E0_0_800m;5.00;165;165;11.35;24.46
5700.00;6000.00;2196.00;26.20;E0_1_800m;5.00;183;183;11.64;26.48
5700.00;6000.00;1968.00;24.26;E0_0_900m;5.00;164;164;11.26;24.46
5700.00;6000.00;2208.00;25.94;E0_1_900m;5.00;184;184;11.82;26.23
5700.00;6000.00;1992.00;24.11;E0_0_1000m;5.00;166;166;11.47;24.31
5700.00;6000.00;2208.00;25.72;E0_1_1000m;5.00;184;184;11.92;26.02
5700.00;6000.00;1992.00;23.69;E0_0_1100m;5.00;166;166;11.68;23.93
5700.00;6000.00;2220.00;25.55;E0_1_1100m;5.00;185;185;12.07;25.85
5700.00;6000.00;1944.00;23.69;E0_0_1200m;5.00;162;162;11.40;23.92
5700.00;6000.00;2244.00;25.44;E0_1_1200m;5.00;187;187;12.25;25.74
5700.00;6000.00;1956.00;23.71;E0_0_1300m;5.00;163;163;11.46;23.91
5700.00;6000.00;2256.00;25.40;E0_1_1300m;5.00;188;188;12.34;25.71
5700.00;6000.00;1932.00;23.65;E0_0_1400m;5.00;161;161;11.35;23.82
5700.00;6000.00;2256.00;25.34;E0_1_1400m;5.00;188;188;12.37;25.65
5700.00;6000.00;1908.00;23.60;E0_0_1500m;5.00;159;159;11.23;23.75
5700.00;6000.00;2292.00;25.37;E0_1_1500m;5.00;191;191;12.55;25.69
5700.00;6000.00;1944.00;23.62;E0_0_1600m;5.00;162;162;11.43;23.77
5700.00;6000.00;2280.00;25.35;E0_1_1600m;5.00;190;190;12.49;25.69
5700.00;6000.00;1956.00;23.55;E0_0_1700m;5.00;163;163;11.54;23.69
5700.00;6000.00;2280.00;25.25;E0_1_1700m;5.00;190;190;12.54;25.59
5700.00;6000.00;1956.00;23.46;E0_0_1800m;5.00;163;163;11.58;23.59
5700.00;6000.00;2280.00;25.19;E0_1_1800m;5.00;190;190;12.57;25.52
5700.00;6000.00;1968.00;23.41;E0_0_1900m;5.00;164;164;11.67;23.54
5700.00;6000.00;2268.00;25.21;E0_1_1900m;5.00;189;190;12.52;25.54
5700.00;6000.00;1968.00;23.38;E0_0_2000m;5.00;164;163;11.68;23.50
5700.00;6000.00;2280.00;25.21;E0_1_2000m;5.00;190;190;12.56;25.53
5700.00;6000.00;1956.00;23.37;E0_0_2100m;5.00;163;163;11.63;23.48
5700.00;6000.00;2268.00;25.26;E0_1_2100m;5.00;189;189;12.47;25.57
5700.00;6000.00;1944.00;23.61;E0_0_2200m;5.00;162;162;11.44;23.72
5700.00;6000.00;2268.00;25.23;E0_1_2200m;5.00;189;189;12.48;25.53
5700.00;6000.00;1932.00;23.64;E0_0_2300m;5.00;161;161;11.35;23.75
5700.00;6000.00;2280.00;25.16;E0_1_2300m;5.00;190;190;12.59;25.43
5700.00;6000.00;1920.00;23.52;E0_0_2400m;5.00;160;160;11.34;23.63
5700.00;6000.00;2280.00;25.06;E0_1_2400m;5.00;190;190;12.64;25.28
5700.00;6000.00;1860.00;23.52;E0_0_2500m;5.00;155;156;11.03;23.63
5700.00;6000.00;2244.00;24.95;E0_1_2500m;5.00;187;187;12.49;25.13
5700.00;6000.00;1800.00;23.57;E0_0_2600m;5.00;150;151;10.67;23.67
5700.00;6000.00;2244.00;24.95;E0_1_2600m;5.00;187;186;12.43;25.12
5700.00;6000.00;1788.00;23.56;E0_0_2700m;5.00;149;149;10.54;23.65
5700.00;6000.00;2220.00;25.06;E0_1_2700m;5.00;185;184;12.25;25.24
5700.00;6000.00;1776.00;23.68;E0_0_2800m;5.00;148;148;10.42;23.76
5700.00;6000.00;2196.00;25.18;E0_1_2800m;5.00;183;183;12.11;25.39
5700.00;6000.00;1776.00;23.54;E0_0_2900m;5.00;148;148;10.48;23.63
5700.00;6000.00;2136.00;25.29;E0_1_2900m;5.00;178;179;11.73;25.51
5700.00;6000.00;1776.00;23.48;E0_0_3000m;5.00;148;148;10.51;23.57
5700.00;6000.00;2124.00;25.29;E0_1_3000m;5.00;177;176;11.66;25.49
5700.00;6000.00;1776.00;23.43;E0_0_3100m;5.00;148;148;10.53;23.52
5700.00;6000.00;2112.00;25.28;E0_1_3100m;5.00;176;176;11.60;25.45
5700.00;6000.00;1776.00;23.47;E0_0_3200m;5.00;148;149;10.58;23.57
5700.00;6000.00;2100.00;25.39;E0_1_3200m;5.00;175;175;11.49;25.55
5700.00;6000.00;1788.00;23.48;E0_0_3300m;5.00;149;149;10.58;23.58
5700.00;6000.00;2100.00;25.47;E0_1_3300m;5.00;175;175;11.45;25.63
5700.00;6000.00;1800.00;23.43;E0_0_3400m;5.00;150;150;10.67;23.53
5700.00;6000.00;2100.00;25.52;E0_1_3400m;5.00;175;175;11.43;25.68
5700.00;6000.00;1776.00;23.42;E0_0_3500m;5.00;148;148;10.53;23.52
5700.00;6000.00;2076.00;25.63;E0_1_3500m;5.00;173;175;11.32;25.80
5700.00;6000.00;1764.00;23.46;E0_0_3600m;5.00;147;147;10.44;23.56
5700.00;6000.00;2064.00;25.67;E0_1_3600m;5.00;172;172;11.17;25.83
5700.00;6000.00;1728.00;23.49;E0_0_3700m;5.00;144;144;10.22;23.59
5700.00;6000.00;2040.00;25.69;E0_1_3700m;5.00;170;170;11.03;25.83
5700.00;6000.00;1728.00;23.59;E0_0_3800m;5.00;144;144;10.18;23.69
5700.00;6000.00;2016.00;25.83;E0_1_3800m;5.00;168;168;10.84;25.97
5700.00;6000.00;1740.00;23.75;E0_0_3900m;5.00;145;145;10.18;23.82
5700.00;6000.00;2016.00;25.93;E0_1_3900m;5.00;168;168;10.80;26.08
5700.00;6000.00;1764.00;24.04;E0_0_4000m;5.00;147;149;10.31;24.10
5700.00;6000.00;2052.00;26.06;E0_1_4000m;5.00;171;171;10.94;26.26
5700.00;6000.00;1764.00;24.23;E0_0_4100m;5.00;147;148;10.12;24.29
5700.00;6000.00;2088.00;26.04;E0_1_4100m;5.00;174;174;11.14;26.24
5700.00;6000.00;1728.00;24.20;E0_0_4200m;5.00;144;144;9.92;24.25
5700.00;6000.00;2064.00;26.13;E0_1_4200m;5.00;172;173;10.98;26.32
5700.00;6000.00;1716.00;23.96;E0_0_4300m;5.00;143;143;9.95;24.04
5700.00;6000.00;2064.00;26.18;E0_1_4300m;5.00;172;172;10.95;26.38
5700.00;6000.00;1740.00;23.74;E0_0_4400m;5.00;145;145;10.18;23.84
5700.00;6000.00;2064.00;26.21;E0_1_4400m;5.00;172;171;10.93;26.42
5700.00;6000.00;1752.00;23.55;E0_0_4500m;5.00;146;146;10.33;23.66
5700.00;6000.00;2112.00;26.27;E0_1_4500m;5.00;176;176;11.17;26.48
5700.00;6000.00;1788.00;23.56;E0_0_4600m;5.00;149;149;10.54;23.72
5700.00;6000.00;2112.00;26.38;E0_1_4600m;5.00;176;177;11.18;26.59
5700.00;6000.00;1788.00;23.45;E0_0_4700m;5.00;149;149;10.59;23.57
5700.00;6000.00;2148.00;26.36;E0_1_4700m;5.00;179;179;11.32;26.57
5700.00;6000.00;1800.00;23.33;E0_0_4800m;5.00;150;150;10.72;23.46
5700.00;6000.00;2184.00;26.37;E0_1_4800m;5.00;182;182;11.50;26.57
5700.00;6000.00;1824.00;23.34;E0_0_4900m;5.00;152;153;10.86;23.48
5700.00;6000.00;2232.00;26.36;E0_1_4900m;5.00;186;185;11.70;26.56
5700.00;6000.00;1848.00;23.29;E0_0_5000m;5.00;154;155;11.08;23.43
5700.00;6000.00;2256.00;26.39;E0_1_5000m;5.00;188;188;11.87;26.56
6000.00;6300.00;0.00;-1.00;E0_0_0m;-1.00;0;0;0.00;-1.00
6000.00;6300.00;0.00;-1.00;E0_1_0m;-1.00;0;0;0.00;-1.00
6000.00;6300.00;1932.00;25.92;E0_0_100m;5.00;161;163;10.41;26.05
6000.00;6300.00;2184.00;27.45;E0_1_100m;5.00;182;183;11.08;27.64
6000.00;6300.00;1980.00;26.12;E0_0_200m;5.00;165;165;10.53;26.28
6000.00;6300.00;2112.00;28.03;E0_1_200m;5.00;176;177;10.52;28.17
6000.00;6300.00;1956.00;26.13;E0_0_300m;5.00;163;163;10.40;26.28
6000.00;6300.00;2100.00;28.05;E0_1_300m;5.00;175;176;10.45;28.22
6000.00;6300.00;1944.00;25.98;E0_0_400m;5.00;162;162;10.39;26.10
6000.00;6300.00;2088.00;27.89;E0_1_400m;5.00;174;174;10.40;28.03
6000.00;6300.00;1932.00;25.77;E0_0_500m;5.00;161;161;10.41;25.88
6000.00;6300.00;2088.00;27.70;E0_1_500m;5.00;174;174;10.47;27.83
6000.00;6300.00;1872.00;25.61;E0_0_600m;5.00;156;156;10.15;25.72
6000.00;6300.00;2112.00;27.57;E0_1_600m;5.00;176;176;10.64;27.70
6000.00;6300.00;1872.00;25.75;E0_0_700m;5.00;156;156;10.10;25.86
6000.00;6300.00;2136.00;27.51;E0_1_700m;5.00;178;178;10.78;27.64
6000.00;6300.00;1848.00;25.69;E0_0_800m;5.00;154;154;9.99;25.81
6000.00;6300.00;2112.00;27.45;E0_1_800m;5.00;176;176;10.69;27.58
6000.00;6300.00;1848.00;25.49;E0_0_900m;5.00;154;154;10.07;25.64
6000.00;6300.00;2100.00;27.47;E0_1_900m;5.00;175;175;10.62;27.61
6000.00;6300.00;1800.00;25.47;E0_0_1000m;5.00;150;150;9.82;25.61
6000.00;6300.00;2148.00;27.34;E0_1_1000m;5.00;179;179;10.91;27.48
6000.00;6300.00;1812.00;25.58;E0_0_1100m;5.00;151;151;9.84;25.70
6000.00;6300.00;2196.00;27.28;E0_1_1100m;5.00;183;183;11.18;27.40
6000.00;6300.00;1776.00;25.59;E0_0_1200m;5.00;148;148;9.64;25.70
6000.00;6300.00;2184.00;27.20;E0_1_1200m;5.00;182;182;11.15;27.31
6000.00;6300.00;1716.00;25.79;E0_0_1300m;5.00;143;143;9.24;25.93
6000.00;6300.00;2196.00;27.18;E0_1_1300m;5.00;183;184;11.28;27.28
6000.00;6300.00;1752.00;25.67;E0_0_1400m;5.00;146;146;9.48;25.78
6000.00;6300.00;2196.00;27.14;E0_1_1400m;5.00;183;183;11.24;27.24
6000.00;6300.00;1764.00;25.49;E0_0_1500m;5.00;147;147;9.61;25.60
6000.00;6300.00;2196.00;27.10;E0_1_1500m;5.00;183;183;11.25;27.21
6000.00;6300.00;1752.00;25.30;E0_0_1600m;5.00;146;146;9.62;25.41
6000.00;6300.00;2184.00;27.06;E0_1_1600m;5.00;182;182;11.21;27.18
6000.00;6300.00;1788.00;25.22;E0_0_1700m;5.00;149;149;9.85;25.31
6000.00;6300.00;2184.00;27.02;E0_1_1700m;5.00;182;182;11.23;27.15
6000.00;6300.00;1764.00;25.09;E0_0_1800m;5.00;147;147;9.76;25.18
6000.00;6300.00;2208.00;26.87;E0_1_1800m;5.00;184;184;11.41;27.01
6000.00;6300.00;1764.00;25.00;E0_0_1900m;5.00;147;147;9.80;25.09
6000.00;6300.00;2208.00;26.69;E0_1_1900m;5.00;184;184;11.49;26.83
6000.00;6300.00;1788.00;24.96;E0_0_2000m;5.00;149;149;9.95;25.07
6000.00;6300.00;2172.00;26.53;E0_1_2000m;5.00;181;181;11.37;26.68
6000.00;6300.00;1788.00;24.95;E0_0_2100m;5.00;149;149;9.95;25.08
6000.00;6300.00;2184.00;26.32;E0_1_2100m;5.00;182;182;11.52;26.50
6000.00;6300.00;1788.00;24.85;E0_0_2200m;5.00;149;149;9.99;24.98
6000.00;6300.00;2184.00;26.32;E0_1_2200m;5.00;182;183;11.54;26.53
6000.00;6300.00;1824.00;24.75;E0_0_2300m;5.00;152;153;10.25;24.88
6000.00;6300.00;2148.00;26.23;E0_1_2300m;5.00;179;179;11.37;26.48
6000.00;6300.00;1860.00;24.65;E0_0_2400m;5.00;155;155;10.48;24.78
6000.00;6300.00;2136.00;26.01;E0_1_2400m;5.00;178;178;11.41;26.27
6000.00;6300.00;1884.00;24.60;E0_0_2500m;5.00;157;157;10.64;24.72
6000.00;6300.00;2160.00;25.81;E0_1_2500m;5.00;180;180;11.62;26.10
6000.00;6300.00;1872.00;24.51;E0_0_2600m;5.00;156;155;10.54;24.63
6000.00;6300.00;2184.00;25.69;E0_1_2600m;5.00;182;182;11.81;25.97
6000.00;6300.00;1836.00;24.37;E0_0_2700m;5.00;153;153;10.46;24.49
6000.00;6300.00;2208.00;25.54;E0_1_2700m;5.00;184;184;12.01;25.81
6000.00;6300.00;1836.00;24.22;E0_0_2800m;5.00;153;153;10.53;24.33
6000.00;6300.00;2208.00;25.34;E0_1_2800m;5.00;184;185;12.11;25.62
6000.00;6300.00;1860.00;24.17;E0_0_2900m;5.00;155;155;10.69;24.28
6000.00;6300.00;2208.00;25.17;E0_1_2900m;5.00;184;184;12.22;25.46
6000.00;6300.00;1836.00;24.05;E0_0_3000m;5.00;153;153;10.60;24.16
6000.00;6300.00;2232.00;25.01;E0_1_3000m;5.00;186;187;12.46;25.28
6000.00;6300.00;1848.00;23.87;E0_0_3100m;5.00;154;154;10.75;23.96
6000.00;6300.00;2244.00;24.92;E0_1_3100m;5.00;187;187;12.51;25.20
6000.00;6300.00;1896.00;23.80;E0_0_3200m;5.00;158;157;11.00;23.90
6000.00;6300.00;2244.00;24.90;E0_1_3200m;5.00;187;187;12.52;25.20
6000.00;6300.00;1896.00;23.82;E0_0_3300m;5.00;158;159;11.11;23.93
6000.00;6300.00;2232.00;24.81;E0_1_3300m;5.00;186;186;12.49;25.10
6000.00;6300.00;1896.00;23.82;E0_0_3400m;5.00;158;159;11.10;23.92
6000.00;6300.00;2220.00;24.69;E0_1_3400m;5.00;185;186;12.49;24.96
6000.00;6300.00;1896.00;23.81;E0_0_3500m;5.00;158;158;11.06;23.90
6000.00;6300.00;2256.00;24.71;E0_1_3500m;5.00;188;187;12.64;24.98
6000.00;6300.00;1908.00;23.86;E0_0_3600m;5.00;159;159;11.11;23.97
6000.00;6300.00;2268.00;24.84;E0_1_3600m;5.00;189;189;12.68;25.13
6000.00;6300.00;1944.00;23.85;E0_0_3700m;5.00;162;162;11.32;23.96
6000.00;6300.00;2256.00;24.86;E0_1_3700m;5.00;188;188;12.60;25.16
6000.00;6300.00;1968.00;23.74;E0_0_3800m;5.00;164;164;11.51;23.84
6000.00;6300.00;2244.00;24.66;E0_1_3800m;5.00;187;187;12.64;24.95
6000.00;6300.00;1956.00;23.58;E0_0_3900m;5.00;163;163;11.52;23.68
6000.00;6300.00;2244.00;24.38;E0_1_3900m;5.00;187;187;12.79;24.64
6000.00;6300.00;1944.00;23.46;E0_0_4000m;5.00;162;162;11.51;23.54
6000.00;6300.00;2256.00;24.12;E0_1_4000m;5.00;188;188;12.99;24.32
6000.00;6300.00;1932.00;23.33;E0_0_4100m;5.00;161;161;11.50;23.39
6000.00;6300.00;2256.00;23.93;E0_1_4100m;5.00;188;188;13.10;24.10
6000.00;6300.00;1956.00;23.27;E0_0_4200m;5.00;163;163;11.67;23.32
6000.00;6300.00;2304.00;23.86;E0_1_4200m;5.00;192;191;13.41;24.02
6000.00;6300.00;1968.00;23.24;E0_0_4300m;5.00;164;165;11.79;23.29
6000.00;6300.00;2316.00;23.77;E0_1_4300m;5.00;193;193;13.53;23.90
6000.00;6300.00;1956.00;23.22;E0_0_4400m;5.00;163;163;11.70;23.26
6000.00;6300.00;2316.00;23.71;E0_1_4400m;5.00;193;193;13.56;23.84
6000.00;6300.00;1908.00;23.26;E0_0_4500m;5.00;159;159;11.39;23.31
6000.00;6300.00;2280.00;23.74;E0_1_4500m;5.00;190;191;13.38;23.87
6000.00;6300.00;1884.00;23.36;E0_0_4600m;5.00;157;157;11.20;23.43
6000.00;6300.00;2244.00;23.82;E0_1_4600m;5.00;187;187;13.08;23.97
6000.00;6300.00;1848.00;23.45;E0_0_4700m;5.00;154;154;10.95;23.51
6000.00;6300.00;2208.00;23.90;E0_1_4700m;5.00;184;184;12.83;24.04
6000.00;6300.00;1812.00;23.51;E0_0_4800m;5.00;151;151;10.70;23.58
6000.00;6300.00;2172.00;24.05;E0_1_4800m;5.00;181;181;12.55;24.21
6000.00;6300.00;1788.00;23.62;E0_0_4900m;5.00;149;149;10.51;23.69
6000.00;6300.00;2124.00;24.11;E0_1_4900m;5.00;177;177;12.24;24.27
6000.00;6300.00;1752.00;23.74;E0_0_5000m;5.00;146;146;10.25;23.82
6000.00;6300.00;2088.00;24.16;E0_1_5000m;5.00;174;175;12.01;24.30
6300.00;6600.00;0.00;-1.00;E0_0_0m;-1.00;0;0;0.00;-1.00
6300.00;6600.00;0.00;-1.00;E0_1_0m;-1.00;0;0;0.00;-1.00
6300.00;6600.00;1836.00;26.17;E0_0_100m;5.00;153;153;9.74;26.34
6300.00;6600.00;2220.00;26.85;E0_1_100m;5.00;185;184;11.46;27.04
6300.00;6600.00;1848.00;25.97;E0_0_200m;5.00;154;155;9.90;26.16
6300.00;6600.00;2232.00;26.98;E0_1_200m;5.00;186;186;11.49;27.26
6300.00;6600.00;1824.00;25.96;E0_0_300m;5.00;152;152;9.76;26.13
6300.00;6600.00;2280.00;26.89;E0_1_300m;5.00;190;190;11.78;27.16
6300.00;6600.00;1836.00;25.82;E0_0_400m;5.00;153;153;9.87;25.97
6300.00;6600.00;2280.00;26.70;E0_1_400m;5.00;190;190;11.86;26.95
6300.00;6600.00;1848.00;25.51;E0_0_500m;5.00;154;154;10.06;25.66
6300.00;6600.00;2268.00;26.41;E0_1_500m;5.00;189;189;11.93;26.64
6300.00;6600.00;1872.00;25.27;E0_0_600m;5.00;156;156;10.29;25.44
6300.00;6600.00;2244.00;26.07;E0_1_600m;5.00;187;187;11.95;26.29
6300.00;6600.00;1836.00;25.23;E0_0_700m;5.00;153;153;10.11;25.38
6300.00;6600.00;2256.00;25.86;E0_1_700m;5.00;188;188;12.12;26.07
6300.00;6600.00;1812.00;25.11;E0_0_800m;5.00;151;151;10.02;25.23
6300.00;6600.00;2268.00;25.74;E0_1_800m;5.00;189;189;12.24;25.94
6300.00;6600.00;1848.00;25.08;E0_0_900m;5.00;154;154;10.23;25.21
6300.00;6600.00;2244.00;25.73;E0_1_900m;5.00;187;187;12.11;25.94
6300.00;6600.00;1836.00;25.02;E0_0_1000m;5.00;153;154;10.19;25.14
6300.00;6600.00;2256.00;25.55;E0_1_1000m;5.00;188;188;12.26;25.78
6300.00;6600.00;1812.00;24.94;E0_0_1100m;5.00;151;152;10.09;25.04
6300.00;6600.00;2208.00;25.50;E0_1_1100m;5.00;184;184;12.03;25.69
6300.00;6600.00;1860.00;24.78;E0_0_1200m;5.00;155;155;10.42;24.89
6300.00;6600.00;2220.00;25.31;E0_1_1200m;5.00;185;185;12.18;25.52
6300.00;6600.00;1848.00;24.59;E0_0_1300m;5.00;154;154;10.44;24.72
6300.00;6600.00;2256.00;25.21;E0_1_1300m;5.00;188;188;12.43;25.46
6300.00;6600.00;1848.00;24.48;E0_0_1400m;5.00;154;154;10.49;24.62
6300.00;6600.00;2232.00;25.14;E0_1_1400m;5.00;186;186;12.33;25.43
6300.00;6600.00;1848.00;24.36;E0_0_1500m;5.00;154;154;10.53;24.51
6300.00;6600.00;2244.00;25.12;E0_1_1500m;5.00;187;187;12.41;25.41
6300.00;6600.00;1836.00;24.31;E0_0_1600m;5.00;153;153;10.49;24.45
6300.00;6600.00;2244.00;25.15;E0_1_1600m;5.00;187;187;12.39;25.46
6300.00;6600.00;1824.00;24.32;E0_0_1700m;5.00;152;152;10.42;24.46
6300.00;6600.00;2208.00;25.18;E0_1_1700m;5.00;184;184;12.18;25.50
6300.00;6600.00;1812.00;24.36;E0_0_1800m;5.00;151;151;10.33;24.50
6300.00;6600.00;2244.00;25.23;E0_1_1800m;5.00;187;187;12.35;25.53
6300.00;6600.00;1800.00;24.35;E0_0_1900m;5.00;150;151;10.29;24.48
6300.00;6600.00;2244.00;25.21;E0_1_1900m;5.00;187;187;12.36;25.49
6300.00;6600.00;1800.00;24.32;E0_0_2000m;5.00;150;150;10.28;24.44
6300.00;6600.00;2232.00;25.24;E0_1_2000m;5.00;186;187;12.34;25.50
6300.00;6600.00;1788.00;24.24;E0_0_2100m;5.00;149;149;10.25;24.33
6300.00;6600.00;2244.00;25.23;E0_1_2100m;5.00;187;187;12.35;25.46
6300.00;6600.00;1788.00;24.29;E0_0_2200m;5.00;149;149;10.22;24.37
6300.00;6600.00;2244.00;25.23;E0_1_2200m;5.00;187;186;12.34;25.45
6300.00;6600.00;1776.00;24.35;E0_0_2300m;5.00;148;147;10.12;24.42
6300.00;6600.00;2268.00;25.29;E0_1_2300m;5.00;189;189;12.46;25.50
6300.00;6600.00;1764.00;24.36;E0_0_2400m;5.00;147;147;10.06;24.42
6300.00;6600.00;2244.00;25.38;E0_1_2400m;5.00;187;187;12.28;25.58
6300.00;6600.00;1752.00;24.35;E0_0_2500m;5.00;146;146;9.99;24.42
6300.00;6600.00;2232.00;25.30;E0_1_2500m;5.00;186;186;12.26;25.48
6300.00;6600.00;1728.00;24.33;E0_0_2600m;5.00;144;144;9.86;24.39
6300.00;6600.00;2244.00;25.26;E0_1_2600m;5.00;187;187;12.34;25.42
6300.00;6600.00;1740.00;24.38;E0_0_2700m;5.00;145;145;9.91;24.43
6300.00;6600.00;2220.00;25.28;E0_1_2700m;5.00;185;186;12.24;25.43
6300.00;6600.00;1740.00;24.36;E0_0_2800m;5.00;145;145;9.92;24.41
6300.00;6600.00;2220.00;25.27;E0_1_2800m;5.00;185;184;12.19;25.40
6300.00;6600.00;1740.00;24.43;E0_0_2900m;5.00;145;145;9.89;24.46
6300.00;6600.00;2220.00;25.34;E0_1_2900m;5.00;185;184;12.13;25.47
6300.00;6600.00;1752.00;24.48;E0_0_3000m;5.00;146;146;9.94;24.50
6300.00;6600.00;2208.00;25.39;E0_1_3000m;5.00;184;183;12.01;25.52
6300.00;6600.00;1728.00;24.50;E0_0_3100m;5.00;144;144;9.80;24.53
6300.00;6600.00;2208.00;25.47;E0_1_3100m;5.00;184;184;12.04;25.59
6300.00;6600.00;1740.00;24.54;E0_0_3200m;5.00;145;145;9.85;24.56
6300.00;6600.00;2184.00;25.62;E0_1_3200m;5.00;182;182;11.84;25.75
6300.00;6600.00;1788.00;24.49;E0_0_3300m;5.00;149;148;10.08;24.51
6300.00;6600.00;2208.00;25.53;E0_1_3300m;5.00;184;184;12.01;25.67
6300.00;6600.00;1824.00;24.46;E0_0_3400m;5.00;152;151;10.31;24.48
6300.00;6600.00;2244.00;25.39;E0_1_3400m;5.00;187;186;12.27;25.50
6300.00;6600.00;1860.00;24.47;E0_0_3500m;5.00;155;155;10.56;24.49
6300.00;6600.00;2256.00;25.32;E0_1_3500m;5.00;188;188;12.38;25.42
6300.00;6600.00;1860.00;24.44;E0_0_3600m;5.00;155;155;10.57;24.46
6300.00;6600.00;2304.00;25.25;E0_1_3600m;5.00;192;192;12.67;25.35
6300.00;6600.00;1860.00;24.35;E0_0_3700m;5.00;155;155;10.61;24.38
6300.00;6600.00;2340.00;25.22;E0_1_3700m;5.00;195;195;12.89;25.32
6300.00;6600.00;1884.00;24.48;E0_0_3800m;5.00;157;157;10.69;24.50
6300.00;6600.00;2376.00;25.22;E0_1_3800m;5.00;198;198;13.08;25.31
6300.00;6600.00;1932.00;24.48;E0_0_3900m;5.00;161;161;10.96;24.50
6300.00;6600.00;2400.00;25.23;E0_1_3900m;5.00;200;201;13.23;25.32
6300.00;6600.00;1932.00;24.44;E0_0_4000m;5.00;161;161;10.98;24.45
6300.00;6600.00;2400.00;25.15;E0_1_4000m;5.00;200;200;13.25;25.22
6300.00;6600.00;1944.00;24.40;E0_0_4100m;5.00;162;162;11.06;24.42
6300.00;6600.00;2388.00;25.02;E0_1_4100m;5.00;199;199;13.26;25.07
6300.00;6600.00;1920.00;24.32;E0_0_4200m;5.00;160;160;10.97;24.34
6300.00;6600.00;2352.00;24.91;E0_1_4200m;5.00;196;196;13.11;24.95
6300.00;6600.00;1908.00;24.41;E0_0_4300m;5.00;159;158;10.83;24.41
6300.00;6600.00;2352.00;24.84;E0_1_4300m;5.00;196;196;13.15;24.88
6300.00;6600.00;1908.00;24.39;E0_0_4400m;5.00;159;159;10.87;24.40
6300.00;6600.00;2340.00;24.83;E0_1_4400m;5.00;195;195;13.09;24.87
6300.00;6600.00;1920.00;24.36;E0_0_4500m;5.00;160;160;10.95;24.37
6300.00;6600.00;2340.00;24.80;E0_1_4500m;5.00;195;194;13.06;24.84
6300.00;6600.00;1920.00;24.35;E0_0_4600m;5.00;160;160;10.95;24.36
6300.00;6600.00;2340.00;24.80;E0_1_4600m;5.00;195;195;13.10;24.83
6300.00;6600.00;1908.00;24.33;E0_0_4700m;5.00;159;159;10.89;24.35
6300.00;6600.00;2352.00;24.84;E0_1_4700m;5.00;196;196;13.15;24.87
6300.00;6600.00;1908.00;24.34;E0_0_4800m;5.00;159;159;10.89;24.35
6300.00;6600.00;2364.00;24.93;E0_1_4800m;5.00;197;198;13.19;24.96
6300.00;6600.00;1920.00;24.32;E0_0_4900m;5.00;160;160;10.97;24.33
6300.00;6600.00;2364.00;25.05;E0_1_4900m;5.00;197;198;13.13;25.09
6300.00;6600.00;1920.00;24.38;E0_0_5000m;5.00;160;160;10.94;24.39
6300.00;6600.00;2376.00;25.20;E0_1_5000m;5.00;198;197;13.09;25.26
6600.00;6900.00;0.00;-1.00;E0_0_0m;-1.00;0;0;0.00;-1.00
6600.00;6900.00;0.00;-1.00;E0_1_0m;-1.00;0;0;0.00;-1.00
6600.00;6900.00;1896.00;26.12;E0_0_100m;5.00;158;159;10.11;26.30
6600.00;6900.00;2136.00;27.30;E0_1_100m;5.00;178;178;10.87;27.46
6600.00;6900.00;1884.00;26.42;E0_0_200m;5.00;157;157;9.89;26.60
6600.00;6900.00;2112.00;27.98;E0_1_200m;5.00;176;176;10.48;28.20
6600.00;6900.00;1848.00;26.44;E0_0_300m;5.00;154;154;9.71;26.59
6600.00;6900.00;2136.00;27.94;E0_1_300m;5.00;178;178;10.62;28.14
6600.00;6900.00;1824.00;26.53;E0_0_400m;5.00;152;152;9.55;26.65
6600.00;6900.00;2148.00;27.82;E0_1_400m;5.00;179;179;10.73;27.97
6600.00;6900.00;1800.00;26.58;E0_0_500m;5.00;150;150;9.40;26.68
6600.00;6900.00;2148.00;27.81;E0_1_500m;5.00;179;179;10.73;27.92
6600.00;6900.00;1812.00;26.42;E0_0_600m;5.00;151;151;9.53;26.51
6600.00;6900.00;2160.00;27.79;E0_1_600m;5.00;180;180;10.79;27.89
6600.00;6900.00;1872.00;26.34;E0_0_700m;5.00;156;156;9.87;26.44
6600.00;6900.00;2172.00;27.68;E0_1_700m;5.00;181;181;10.90;27.78
6600.00;6900.00;1884.00;26.38;E0_0_800m;5.00;157;157;9.92;26.46
6600.00;6900.00;2196.00;27.52;E0_1_800m;5.00;183;183;11.08;27.62
6600.00;6900.00;1872.00;26.37;E0_0_900m;5.00;156;156;9.86;26.44
6600.00;6900.00;2208.00;27.48;E0_1_900m;5.00;184;184;11.16;27.56
6600.00;6900.00;1860.00;26.16;E0_0_1000m;5.00;155;155;9.87;26.23
6600.00;6900.00;2244.00;27.37;E0_1_1000m;5.00;187;187;11.39;27.45
6600.00;6900.00;1860.00;26.01;E0_0_1100m;5.00;155;154;9.93;26.08
6600.00;6900.00;2256.00;27.23;E0_1_1100m;5.00;188;188;11.51;27.31
6600.00;6900.00;1848.00;25.66;E0_0_1200m;5.00;154;154;10.00;25.78
6600.00;6900.00;2232.00;27.19;E0_1_1200m;5.00;186;187;11.40;27.28
6600.00;6900.00;1824.00;25.73;E0_0_1300m;5.00;152;152;9.85;25.81
6600.00;6900.00;2232.00;27.10;E0_1_1300m;5.00;186;186;11.44;27.21
6600.00;6900.00;1824.00;25.63;E0_0_1400m;5.00;152;153;9.92;25.71
6600.00;6900.00;2244.00;26.95;E0_1_1400m;5.00;187;187;11.56;27.07
6600.00;6900.00;1836.00;25.59;E0_0_1500m;5.00;153;153;9.97;25.66
6600.00;6900.00;2208.00;26.83;E0_1_1500m;5.00;184;184;11.43;26.96
6600.00;6900.00;1836.00;25.28;E0_0_1600m;5.00;153;153;10.09;25.35
6600.00;6900.00;2232.00;26.62;E0_1_1600m;5.00;186;186;11.64;26.78
6600.00;6900.00;1836.00;25.04;E0_0_1700m;5.00;153;154;10.21;25.11
6600.00;6900.00;2244.00;26.24;E0_1_1700m;5.00;187;187;11.88;26.40
6600.00;6900.00;1824.00;24.89;E0_0_1800m;5.00;152;152;10.18;25.00
6600.00;6900.00;2256.00;25.84;E0_1_1800m;5.00;188;189;12.17;26.01
6600.00;6900.00;1836.00;24.74;E0_0_1900m;5.00;153;153;10.31;24.83
6600.00;6900.00;2280.00;25.62;E0_1_1900m;5.00;190;190;12.36;25.81
6600.00;6900.00;1860.00;24.61;E0_0_2000m;5.00;155;155;10.50;24.71
6600.00;6900.00;2304.00;25.47;E0_1_2000m;5.00;192;191;12.51;25.66
6600.00;6900.00;1872.00;24.50;E0_0_2100m;5.00;156;156;10.61;24.59
6600.00;6900.00;2316.00;25.26;E0_1_2100m;5.00;193;193;12.73;25.46
6600.00;6900.00;1884.00;24.39;E0_0_2200m;5.00;157;158;10.80;24.49
6600.00;6900.00;2304.00;25.04;E0_1_2200m;5.00;192;192;12.78;25.23
6600.00;6900.00;1884.00;24.29;E0_0_2300m;5.00;157;157;10.77;24.40
6600.00;6900.00;2304.00;24.87;E0_1_2300m;5.00;192;192;12.87;25.05
6600.00;6900.00;1908.00;24.24;E0_0_2400m;5.00;159;159;10.93;24.35
6600.00;6900.00;2316.00;24.72;E0_1_2400m;5.00;193;193;13.01;24.90
6600.00;6900.00;1908.00;24.14;E0_0_2500m;5.00;159;159;10.98;24.25
6600.00;6900.00;2316.00;24.64;E0_1_2500m;5.00;193;193;13.06;24.83
6600.00;6900.00;1908.00;24.04;E0_0_2600m;5.00;159;159;11.02;24.16
6600.00;6900.00;2316.00;24.54;E0_1_2600m;5.00;193;193;13.11;24.74
6600.00;6900.00;1908.00;23.94;E0_0_2700m;5.00;159;159;11.07;24.06
6600.00;6900.00;2328.00;24.43;E0_1_2700m;5.00;194;193;13.19;24.64
6600.00;6900.00;1920.00;23.82;E0_0_2800m;5.00;160;161;11.21;23.95
6600.00;6900.00;2316.00;24.28;E0_1_2800m;5.00;193;194;13.26;24.48
6600.00;6900.00;1896.00;23.76;E0_0_2900m;5.00;158;158;11.08;23.89
6600.00;6900.00;2352.00;24.19;E0_1_2900m;5.00;196;196;13.50;24.40
6600.00;6900.00;1920.00;23.65;E0_0_3000m;5.00;160;160;11.27;23.78
6600.00;6900.00;2364.00;24.12;E0_1_3000m;5.00;197;197;13.61;24.35
6600.00;6900.00;1944.00;23.54;E0_0_3100m;5.00;162;162;11.47;23.67
6600.00;6900.00;2388.00;23.99;E0_1_3100m;5.00;199;199;13.82;24.23
6600.00;6900.00;1956.00;23.40;E0_0_3200m;5.00;163;163;11.61;23.53
6600.00;6900.00;2424.00;23.81;E0_1_3200m;5.00;202;202;14.14;24.03
6600.00;6900.00;1932.00;23.18;E0_0_3300m;5.00;161;161;11.57;23.29
6600.00;6900.00;2436.00;23.60;E0_1_3300m;5.00;203;203;14.34;23.79
6600.00;6900.00;1908.00;23.00;E0_0_3400m;5.00;159;159;11.52;23.10
6600.00;6900.00;2400.00;23.38;E0_1_3400m;5.00;200;201;14.28;23.58
6600.00;6900.00;1872.00;22.84;E0_0_3500m;5.00;156;156;11.38;22.94
6600.00;6900.00;2376.00;23.23;E0_1_3500m;5.00;198;198;14.21;23.45
6600.00;6900.00;1848.00;22.72;E0_0_3600m;5.00;154;154;11.30;22.82
6600.00;6900.00;2328.00;22.98;E0_1_3600m;5.00;194;194;14.07;23.16
6600.00;6900.00;1836.00;22.54;E0_0_3700m;5.00;153;153;11.31;22.61
6600.00;6900.00;2316.00;22.75;E0_1_3700m;5.00;193;193;14.14;22.88
6600.00;6900.00;1836.00;22.38;E0_0_3800m;5.00;153;153;11.40;22.42
6600.00;6900.00;2292.00;22.51;E0_1_3800m;5.00;191;191;14.14;22.59
6600.00;6900.00;1812.00;22.27;E0_0_3900m;5.00;151;151;11.30;22.30
6600.00;6900.00;2268.00;22.37;E0_1_3900m;5.00;189;190;14.12;22.42
6600.00;6900.00;1812.00;22.27;E0_0_4000m;5.00;151;151;11.30;22.30
6600.00;6900.00;2244.00;22.32;E0_1_4000m;5.00;187;187;13.96;22.36
6600.00;6900.00;1812.00;22.31;E0_0_4100m;5.00;151;151;11.28;22.35
6600.00;6900.00;2220.00;22.33;E0_1_4100m;5.00;185;185;13.81;22.36
6600.00;6900.00;1824.00;22.42;E0_0_4200m;5.00;152;152;11.30;22.47
6600.00;6900.00;2220.00;22.42;E0_1_4200m;5.00;185;185;13.75;22.47
6600.00;6900.00;1836.00;22.52;E0_0_4300m;5.00;153;153;11.32;22.58
6600.00;6900.00;2220.00;22.52;E0_1_4300m;5.00;185;185;13.69;22.58
6600.00;6900.00;1848.00;22.48;E0_0_4400m;5.00;154;154;11.42;22.54
6600.00;6900.00;2208.00;22.58;E0_1_4400m;5.00;184;184;13.58;22.64
6600.00;6900.00;1860.00;22.54;E0_0_4500m;5.00;155;156;11.47;22.60
6600.00;6900.00;2208.00;22.60;E0_1_4500m;5.00;184;184;13.57;22.65
6600.00;6900.00;1848.00;22.66;E0_0_4600m;5.00;154;154;11.33;22.71
6600.00;6900.00;2208.00;22.68;E0_1_4600m;5.00;184;184;13.52;22.73
6600.00;6900.00;1848.00;22.80;E0_0_4700m;5.00;154;155;11.30;22.86
6600.00;6900.00;2208.00;22.79;E0_1_4700m;5.00;184;185;13.49;22.85
6600.00;6900.00;1848.00;22.96;E0_0_4800m;5.00;154;154;11.18;23.03
6600.00;6900.00;2220.00;22.95;E0_1_4800m;5.00;185;184;13.42;23.02
6600.00;6900.00;1848.00;23.15;E0_0_4900m;5.00;154;154;11.09;23.22
6600.00;6900.00;2220.00;23.13;E0_1_4900m;5.00;185;184;13.30;23.20
6600.00;6900.00;1836.00;23.35;E0_0_5000m;5.00;153;153;10.92;23.43
6600.00;6900.00;2220.00;23.34;E0_1_5000m;5.00;185;185;13.21;23.43
6900.00;7200.00;0.00;-1.00;E0_0_0m;-1.00;0;0;0.00;-1.00
6900.00;7200.00;0.00;-1.00;E0_1_0m;-1.00;0;0;0.00;-1.00
6900.00;7200.00;1848.00;25.76;E0_0_100m;5.00;154;155;10.00;26.00
6900.00;7200.00;2064.00;27.54;E0_1_100m;5.00;172;172;10.41;27.76
6900.00;7200.00;1872.00;25.79;E0_0_200m;5.00;156;155;10.08;26.08
6900.00;7200.00;2052.00;27.93;E0_1_200m;5.00;171;171;10.20;28.28
6900.00;7200.00;1860.00;25.48;E0_0_300m;5.00;155;155;10.14;25.78
6900.00;7200.00;2064.00;27.65;E0_1_300m;5.00;172;172;10.37;28.06
6900.00;7200.00;1848.00;25.17;E0_0_400m;5.00;154;154;10.20;25.52
6900.00;7200.00;2112.00;27.11;E0_1_400m;5.00;176;176;10.82;27.54
6900.00;7200.00;1848.00;24.87;E0_0_500m;5.00;154;154;10.32;25.23
6900.00;7200.00;2136.00;26.50;E0_1_500m;5.00;178;179;11.25;26.96
6900.00;7200.00;1848.00;24.64;E0_0_600m;5.00;154;154;10.42;24.99
6900.00;7200.00;2124.00;26.08;E0_1_600m;5.00;177;177;11.31;26.58
6900.00;7200.00;1836.00;24.31;E0_0_700m;5.00;153;153;10.49;24.63
6900.00;7200.00;2100.00;25.75;E0_1_700m;5.00;175;176;11.33;26.28
6900.00;7200.00;1800.00;23.93;E0_0_800m;5.00;150;150;10.45;24.17
6900.00;7200.00;2136.00;25.41;E0_1_800m;5.00;178;178;11.68;25.94
6900.00;7200.00;1788.00;23.64;E0_0_900m;5.00;149;149;10.51;23.86
6900.00;7200.00;2136.00;25.01;E0_1_900m;5.00;178;178;11.86;25.52
6900.00;7200.00;1776.00;23.33;E0_0_1000m;5.00;148;148;10.57;23.55
6900.00;7200.00;2124.00;24.66;E0_1_1000m;5.00;177;177;11.96;25.15
6900.00;7200.00;1764.00;23.14;E0_0_1100m;5.00;147;147;10.59;23.37
6900.00;7200.00;2124.00;24.50;E0_1_1100m;5.00;177;177;12.04;24.99
6900.00;7200.00;1764.00;23.13;E0_0_1200m;5.00;147;147;10.59;23.32
6900.00;7200.00;2100.00;24.40;E0_1_1200m;5.00;175;176;11.98;24.89
6900.00;7200.00;1764.00;23.14;E0_0_1300m;5.00;147;147;10.59;23.33
6900.00;7200.00;2088.00;24.36;E0_1_1300m;5.00;174;175;11.95;24.87
6900.00;7200.00;1776.00;23.05;E0_0_1400m;5.00;148;147;10.67;23.22
6900.00;7200.00;2064.00;24.41;E0_1_1400m;5.00;172;173;11.80;24.95
6900.00;7200.00;1776.00;22.98;E0_0_1500m;5.00;148;148;10.74;23.14
6900.00;7200.00;2076.00;24.35;E0_1_1500m;5.00;173;173;11.84;24.89
6900.00;7200.00;1752.00;22.96;E0_0_1600m;5.00;146;147;10.64;23.12
6900.00;7200.00;2076.00;24.33;E0_1_1600m;5.00;173;173;11.85;24.86
6900.00;7200.00;1752.00;22.94;E0_0_1700m;5.00;146;146;10.65;23.11
6900.00;7200.00;2064.00;24.26;E0_1_1700m;5.00;172;172;11.82;24.77
6900.00;7200.00;1752.00;22.95;E0_0_1800m;5.00;146;146;10.60;23.12
6900.00;7200.00;2040.00;24.27;E0_1_1800m;5.00;170;171;11.68;24.78
6900.00;7200.00;1716.00;22.96;E0_0_1900m;5.00;143;143;10.38;23.13
6900.00;7200.00;2040.00;24.28;E0_1_1900m;5.00;170;170;11.67;24.77
6900.00;7200.00;1668.00;22.92;E0_0_2000m;5.00;139;139;10.11;23.11
6900.00;7200.00;2052.00;24.28;E0_1_2000m;5.00;171;171;11.74;24.75
6900.00;7200.00;1668.00;22.93;E0_0_2100m;5.00;139;139;10.10;23.10
6900.00;7200.00;2028.00;24.16;E0_1_2100m;5.00;169;169;11.66;24.61
6900.00;7200.00;1680.00;22.92;E0_0_2200m;5.00;140;139;10.11;23.09
6900.00;7200.00;2016.00;24.06;E0_1_2200m;5.00;168;168;11.64;24.51
6900.00;7200.00;1656.00;22.91;E0_0_2300m;5.00;138;138;10.04;23.08
6900.00;7200.00;2028.00;24.03;E0_1_2300m;5.00;169;169;11.72;24.46
6900.00;7200.00;1644.00;22.92;E0_0_2400m;5.00;137;137;9.96;23.08
6900.00;7200.00;2016.00;23.97;E0_1_2400m;5.00;168;168;11.68;24.41
6900.00;7200.00;1620.00;22.85;E0_0_2500m;5.00;135;135;9.85;23.00
6900.00;7200.00;2040.00;23.88;E0_1_2500m;5.00;170;170;11.87;24.26
6900.00;7200.00;1656.00;22.79;E0_0_2600m;5.00;138;138;10.09;22.93
6900.00;7200.00;2040.00;23.65;E0_1_2600m;5.00;170;170;11.98;23.96
6900.00;7200.00;1692.00;22.67;E0_0_2700m;5.00;141;141;10.37;22.80
6900.00;7200.00;2076.00;23.35;E0_1_2700m;5.00;173;173;12.35;23.58
6900.00;7200.00;1716.00;22.49;E0_0_2800m;5.00;143;142;10.58;22.61
6900.00;7200.00;2124.00;23.17;E0_1_2800m;5.00;177;177;12.73;23.37
6900.00;7200.00;1752.00;22.50;E0_0_2900m;5.00;146;146;10.81;22.63
6900.00;7200.00;2136.00;23.08;E0_1_2900m;5.00;178;179;12.86;23.28
6900.00;7200.00;1776.00;22.61;E0_0_3000m;5.00;148;148;10.91;22.71
6900.00;7200.00;2148.00;22.95;E0_1_3000m;5.00;179;179;13.00;23.11
6900.00;7200.00;1788.00;22.59;E0_0_3100m;5.00;149;149;10.99;22.68
6900.00;7200.00;2160.00;22.78;E0_1_3100m;5.00;180;180;13.17;22.90
6900.00;7200.00;1788.00;22.51;E0_0_3200m;5.00;149;149;11.03;22.58
6900.00;7200.00;2160.00;22.66;E0_1_3200m;5.00;180;180;13.24;22.75
6900.00;7200.00;1788.00;22.41;E0_0_3300m;5.00;149;149;11.08;22.48
6900.00;7200.00;2124.00;22.51;E0_1_3300m;5.00;177;177;13.11;22.58
6900.00;7200.00;1776.00;22.32;E0_0_3400m;5.00;148;148;11.05;22.38
6900.00;7200.00;2124.00;22.42;E0_1_3400m;5.00;177;176;13.13;22.50
6900.00;7200.00;1788.00;22.30;E0_0_3500m;5.00;149;149;11.14;22.36
6900.00;7200.00;2112.00;22.42;E0_1_3500m;5.00;176;176;13.08;22.52
6900.00;7200.00;1800.00;22.31;E0_0_3600m;5.00;150;150;11.21;22.37
6900.00;7200.00;2112.00;22.48;E0_1_3600m;5.00;176;176;13.05;22.60
6900.00;7200.00;1776.00;22.32;E0_0_3700m;5.00;148;148;11.05;22.39
6900.00;7200.00;2100.00;22.54;E0_1_3700m;5.00;175;175;12.94;22.68
6900.00;7200.00;1728.00;22.33;E0_0_3800m;5.00;144;145;10.81;22.40
6900.00;7200.00;2088.00;22.60;E0_1_3800m;5.00;174;174;12.83;22.76
6900.00;7200.00;1728.00;22.37;E0_0_3900m;5.00;144;144;10.73;22.44
6900.00;7200.00;2064.00;22.67;E0_1_3900m;5.00;172;172;12.64;22.84
6900.00;7200.00;1680.00;22.39;E0_0_4000m;5.00;140;141;10.47;22.46
6900.00;7200.00;2052.00;22.72;E0_1_4000m;5.00;171;171;12.54;22.90
6900.00;7200.00;1656.00;22.40;E0_0_4100m;5.00;138;139;10.29;22.48
6900.00;7200.00;2052.00;22.85;E0_1_4100m;5.00;171;172;12.48;23.07
6900.00;7200.00;1668.00;22.51;E0_0_4200m;5.00;139;139;10.29;22.60
6900.00;7200.00;2040.00;22.94;E0_1_4200m;5.00;170;170;12.35;23.19
6900.00;7200.00;1632.00;22.47;E0_0_4300m;5.00;136;136;10.09;22.56
6900.00;7200.00;2040.00;22.95;E0_1_4300m;5.00;170;170;12.34;23.16
6900.00;7200.00;1632.00;22.57;E0_0_4400m;5.00;136;136;10.04;22.65
6900.00;7200.00;2040.00;22.98;E0_1_4400m;5.00;170;170;12.33;23.17
6900.00;7200.00;1584.00;22.64;E0_0_4500m;5.00;132;132;9.75;22.73
6900.00;7200.00;2064.00;23.07;E0_1_4500m;5.00;172;172;12.42;23.27
6900.00;7200.00;1620.00;22.75;E0_0_4600m;5.00;135;135;9.89;22.86
6900.00;7200.00;2040.00;23.11;E0_1_4600m;5.00;170;171;12.31;23.28
6900.00;7200.00;1632.00;22.84;E0_0_4700m;5.00;136;135;9.88;22.95
6900.00;7200.00;2040.00;23.20;E0_1_4700m;5.00;170;169;12.18;23.38
6900.00;7200.00;1632.00;22.93;E0_0_4800m;5.00;136;136;9.89;23.05
6900.00;7200.00;2028.00;23.28;E0_1_4800m;5.00;169;169;12.10;23.47
6900.00;7200.00;1632.00;23.06;E0_0_4900m;5.00;136;136;9.83;23.19
6900.00;7200.00;2016.00;23.40;E0_1_4900m;5.00;168;168;11.97;23.61
6900.00;7200.00;1632.00;23.17;E0_0_5000m;5.00;136;136;9.78;23.31
6900.00;7200.00;2004.00;23.54;E0_1_5000m;5.00;167;167;11.83;23.77
7200.00;7500.00;0.00;-1.00;E0_0_0m;-1.00;0;0;0.00;-1.00
7200.00;7500.00;0.00;-1.00;E0_1_0m;-1.00;0;0;0.00;-1.00
7200.00;7500.00;1824.00;26.33;E0_0_100m;5.00;152;152;9.62;26.48
7200.00;7500.00;2172.00;27.50;E0_1_100m;5.00;181;181;10.97;27.65
7200.00;7500.00;1836.00;26.70;E0_0_200m;5.00;153;154;9.55;26.91
7200.00;7500.00;2160.00;28.17;E0_1_200m;5.00;180;181;10.72;28.34
7200.00;7500.00;1872.00;26.54;E0_0_300m;5.00;156;157;9.83;26.71
7200.00;7500.00;2136.00;28.22;E0_1_300m;5.00;178;178;10.51;28.41
7200.00;7500.00;1884.00;26.42;E0_0_400m;5.00;157;157;9.90;26.60
7200.00;7500.00;2100.00;28.06;E0_1_400m;5.00;175;176;10.40;28.24
7200.00;7500.00;1860.00;26.38;E0_0_500m;5.00;155;156;9.80;26.55
7200.00;7500.00;2124.00;27.93;E0_1_500m;5.00;177;176;10.51;28.09
7200.00;7500.00;1884.00;26.39;E0_0_600m;5.00;157;157;9.92;26.55
7200.00;7500.00;2112.00;27.84;E0_1_600m;5.00;176;176;10.54;27.99
7200.00;7500.00;1896.00;26.37;E0_0_700m;5.00;158;158;9.98;26.50
7200.00;7500.00;2124.00;27.78;E0_1_700m;5.00;177;177;10.62;27.93
7200.00;7500.00;1896.00;26.35;E0_0_800m;5.00;158;158;9.99;26.46
7200.00;7500.00;2100.00;27.72;E0_1_800m;5.00;175;175;10.52;27.87
7200.00;7500.00;1872.00;26.21;E0_0_900m;5.00;156;156;9.92;26.33
7200.00;7500.00;2124.00;27.61;E0_1_900m;5.00;177;177;10.68;27.75
7200.00;7500.00;1848.00;26.10;E0_0_1000m;5.00;154;154;9.83;26.22
7200.00;7500.00;2136.00;27.49;E0_1_1000m;5.00;178;178;10.79;27.62
7200.00;7500.00;1848.00;26.04;E0_0_1100m;5.00;154;154;9.86;26.17
7200.00;7500.00;2136.00;27.39;E0_1_1100m;5.00;178;179;10.85;27.53
7200.00;7500.00;1836.00;25.99;E0_0_1200m;5.00;153;153;9.81;26.12
7200.00;7500.00;2172.00;27.20;E0_1_1200m;5.00;181;180;11.06;27.35
7200.00;7500.00;1812.00;25.82;E0_0_1300m;5.00;151;151;9.75;25.95
7200.00;7500.00;2220.00;26.95;E0_1_1300m;5.00;185;184;11.39;27.08
7200.00;7500.00;1788.00;25.62;E0_0_1400m;5.00;149;149;9.69;25.77
7200.00;7500.00;2232.00;26.65;E0_1_1400m;5.00;186;185;11.58;26.77
7200.00;7500.00;1836.00;25.36;E0_0_1500m;5.00;153;153;10.06;25.51
7200.00;7500.00;2220.00;26.46;E0_1_1500m;5.00;185;185;11.65;26.61
7200.00;7500.00;1884.00;24.91;E0_0_1600m;5.00;157;156;10.47;25.10
7200.00;7500.00;2244.00;26.19;E0_1_1600m;5.00;187;188;11.90;26.36
7200.00;7500.00;1884.00;24.61;E0_0_1700m;5.00;157;156;10.57;24.77
7200.00;7500.00;2256.00;25.89;E0_1_1700m;5.00;188;188;12.10;26.09
7200.00;7500.00;1896.00;24.41;E0_0_1800m;5.00;158;159;10.82;24.58
7200.00;7500.00;2256.00;25.64;E0_1_1800m;5.00;188;187;12.21;25.85
7200.00;7500.00;1896.00;24.37;E0_0_1900m;5.00;158;158;10.81;24.53
7200.00;7500.00;2280.00;25.45;E0_1_1900m;5.00;190;190;12.44;25.67
7200.00;7500.00;1908.00;24.30;E0_0_2000m;5.00;159;160;10.92;24.46
7200.00;7500.00;2280.00;25.19;E0_1_2000m;5.00;190;190;12.57;25.42
7200.00;7500.00;1944.00;24.07;E0_0_2100m;5.00;162;162;11.22;24.21
7200.00;7500.00;2280.00;25.06;E0_1_2100m;5.00;190;190;12.64;25.28
7200.00;7500.00;1944.00;23.78;E0_0_2200m;5.00;162;162;11.35;23.92
7200.00;7500.00;2304.00;24.82;E0_1_2200m;5.00;192;192;12.89;25.04
7200.00;7500.00;1944.00;23.74;E0_0_2300m;5.00;162;162;11.37;23.88
7200.00;7500.00;2304.00;24.56;E0_1_2300m;5.00;192;192;13.03;24.78
7200.00;7500.00;1932.00;23.75;E0_0_2400m;5.00;161;161;11.30;23.89
7200.00;7500.00;2316.00;24.39;E0_1_2400m;5.00;193;193;13.19;24.63
7200.00;7500.00;1920.00;23.62;E0_0_2500m;5.00;160;160;11.29;23.77
7200.00;7500.00;2328.00;24.22;E0_1_2500m;5.00;194;194;13.35;24.46
7200.00;7500.00;1908.00;23.36;E0_0_2600m;5.00;159;160;11.37;23.54
7200.00;7500.00;2316.00;24.03;E0_1_2600m;5.00;193;193;13.39;24.24
7200.00;7500.00;1872.00;23.41;E0_0_2700m;5.00;156;156;11.11;23.56
7200.00;7500.00;2280.00;23.92;E0_1_2700m;5.00;190;190;13.24;24.14
7200.00;7500.00;1836.00;23.30;E0_0_2800m;5.00;153;153;10.94;23.43
7200.00;7500.00;2244.00;23.85;E0_1_2800m;5.00;187;187;13.07;24.04
7200.00;7500.00;1788.00;23.27;E0_0_2900m;5.00;149;150;10.72;23.40
7200.00;7500.00;2220.00;23.81;E0_1_2900m;5.00;185;185;12.95;23.99
7200.00;7500.00;1764.00;23.23;E0_0_3000m;5.00;147;147;10.55;23.36
7200.00;7500.00;2184.00;23.76;E0_1_3000m;5.00;182;182;12.77;23.92
7200.00;7500.00;1752.00;23.08;E0_0_3100m;5.00;146;146;10.54;23.20
7200.00;7500.00;2136.00;23.77;E0_1_3100m;5.00;178;178;12.48;23.92
7200.00;7500.00;1716.00;22.88;E0_0_3200m;5.00;143;143;10.41;23.00
7200.00;7500.00;2100.00;23.70;E0_1_3200m;5.00;175;175;12.31;23.86
7200.00;7500.00;1728.00;22.82;E0_0_3300m;5.00;144;144;10.52;22.93
7200.00;7500.00;2076.00;23.62;E0_1_3300m;5.00;173;173;12.21;23.77
7200.00;7500.00;1740.00;22.71;E0_0_3400m;5.00;145;145;10.64;22.81
7200.00;7500.00;2076.00;23.46;E0_1_3400m;5.00;173;173;12.29;23.60
7200.00;7500.00;1764.00;22.60;E0_0_3500m;5.00;147;147;10.84;22.67
7200.00;7500.00;2088.00;23.35;E0_1_3500m;5.00;174;174;12.42;23.48
7200.00;7500.00;1788.00;22.32;E0_0_3600m;5.00;149;149;11.13;22.39
7200.00;7500.00;2124.00;23.22;E0_1_3600m;5.00;177;177;12.71;23.33
7200.00;7500.00;1824.00;22.11;E0_0_3700m;5.00;152;152;11.46;22.18
7200.00;7500.00;2160.00;23.17;E0_1_3700m;5.00;180;180;12.95;23.29
7200.00;7500.00;1896.00;22.13;E0_0_3800m;5.00;158;157;11.84;22.17
7200.00;7500.00;2172.00;23.02;E0_1_3800m;5.00;181;181;13.10;23.12
7200.00;7500.00;1920.00;22.10;E0_0_3900m;5.00;160;160;12.07;22.13
7200.00;7500.00;2220.00;22.87;E0_1_3900m;5.00;185;184;13.45;22.96
7200.00;7500.00;1956.00;21.82;E0_0_4000m;5.00;163;162;12.40;21.87
7200.00;7500.00;2256.00;22.75;E0_1_4000m;5.00;188;188;13.77;22.83
7200.00;7500.00;1980.00;21.94;E0_0_4100m;5.00;165;164;12.51;21.97
7200.00;7500.00;2268.00;22.62;E0_1_4100m;5.00;189;189;13.93;22.68
7200.00;7500.00;1968.00;22.04;E0_0_4200m;5.00;164;164;12.40;22.06
7200.00;7500.00;2268.00;22.49;E0_1_4200m;5.00;189;189;14.00;22.54
7200.00;7500.00;1992.00;22.09;E0_0_4300m;5.00;166;166;12.53;22.11
7200.00;7500.00;2280.00;22.39;E0_1_4300m;5.00;190;190;14.15;22.43
7200.00;7500.00;1992.00;22.06;E0_0_4400m;5.00;166;166;12.54;22.07
7200.00;7500.00;2280.00;22.38;E0_1_4400m;5.00;190;190;14.15;22.41
7200.00;7500.00;2004.00;22.08;E0_0_4500m;5.00;167;167;12.60;22.09
7200.00;7500.00;2280.00;22.42;E0_1_4500m;5.00;190;190;14.13;22.46
7200.00;7500.00;1980.00;22.10;E0_0_4600m;5.00;165;165;12.44;22.11
7200.00;7500.00;2292.00;22.51;E0_1_4600m;5.00;191;190;14.09;22.56
7200.00;7500.00;1968.00;22.23;E0_0_4700m;5.00;164;164;12.30;22.25
7200.00;7500.00;2292.00;22.67;E0_1_4700m;5.00;191;191;14.04;22.72
7200.00;7500.00;1956.00;22.41;E0_0_4800m;5.00;163;163;12.12;22.44
7200.00;7500.00;2292.00;22.90;E0_1_4800m;5.00;191;191;13.90;22.97
7200.00;7500.00;1944.00;22.70;E0_0_4900m;5.00;162;162;11.90;22.74
7200.00;7500.00;2304.00;23.20;E0_1_4900m;5.00;192;192;13.79;23.30
7200.00;7500.00;1944.00;22.86;E0_0_5000m;5.00;162;162;11.81;22.91
7200.00;7500.00;2316.00;23.57;E0_1_5000m;5.00;193;193;13.65;23.70
7500.00;7800.00;0.00;-1.00;E0_0_0m;-1.00;0;0;0.00;-1.00
7500.00;7800.00;0.00;-1.00;E0_1_0m;-1.00;0;0;0.00;-1.00
7500.00;7800.00;1932.00;26.02;E0_0_100m;5.00;161;161;10.31;26.11
7500.00;7800.00;2256.00;27.44;E0_1_100m;5.00;188;188;11.42;27.57
7500.00;7800.00;1932.00;25.97;E0_0_200m;5.00;161;160;10.33;26.07
7500.00;7800.00;2280.00;27.38;E0_1_200m;5.00;190;190;11.57;27.52
7500.00;7800.00;1932.00;25.90;E0_0_300m;5.00;161;160;10.32;25.99
7500.00;7800.00;2292.00;27.25;E0_1_300m;5.00;191;191;11.68;27.39
7500.00;7800.00;1944.00;25.83;E0_0_400m;5.00;162;162;10.45;25.91
7500.00;7800.00;2328.00;27.10;E0_1_400m;5.00;194;193;11.93;27.22
7500.00;7800.00;1944.00;25.59;E0_0_500m;5.00;162;161;10.54;25.68
7500.00;7800.00;2328.00;26.96;E0_1_500m;5.00;194;194;11.99;27.07
7500.00;7800.00;1920.00;25.42;E0_0_600m;5.00;160;160;10.49;25.52
7500.00;7800.00;2328.00;26.87;E0_1_600m;5.00;194;194;12.03;26.97
7500.00;7800.00;1884.00;25.37;E0_0_700m;5.00;157;157;10.31;25.47
7500.00;7800.00;2304.00;26.74;E0_1_700m;5.00;192;192;11.97;26.85
7500.00;7800.00;1920.00;25.34;E0_0_800m;5.00;160;160;10.52;25.44
7500.00;7800.00;2268.00;26.75;E0_1_800m;5.00;189;191;11.85;26.87
7500.00;7800.00;1932.00;25.33;E0_0_900m;5.00;161;161;10.59;25.45
7500.00;7800.00;2292.00;26.74;E0_1_900m;5.00;191;191;11.90;26.87
7500.00;7800.00;1920.00;25.43;E0_0_1000m;5.00;160;160;10.49;25.54
7500.00;7800.00;2316.00;26.75;E0_1_1000m;5.00;193;193;12.03;26.87
7500.00;7800.00;1944.00;25.50;E0_0_1100m;5.00;162;163;10.63;25.61
7500.00;7800.00;2292.00;26.78;E0_1_1100m;5.00;191;191;11.89;26.91
7500.00;7800.00;1944.00;25.42;E0_0_1200m;5.00;162;162;10.62;25.54
7500.00;7800.00;2280.00;26.76;E0_1_1200m;5.00;190;191;11.85;26.88
7500.00;7800.00;1932.00;25.43;E0_0_1300m;5.00;161;161;10.55;25.54
7500.00;7800.00;2292.00;26.81;E0_1_1300m;5.00;191;191;11.87;26.91
7500.00;7800.00;1944.00;25.41;E0_0_1400m;5.00;162;162;10.62;25.52
7500.00;7800.00;2340.00;26.91;E0_1_1400m;5.00;195;195;12.08;26.99
7500.00;7800.00;1920.00;25.27;E0_0_1500m;5.00;160;160;10.55;25.39
7500.00;7800.00;2328.00;26.95;E0_1_1500m;5.00;194;195;12.01;27.01
7500.00;7800.00;1884.00;25.31;E0_0_1600m;5.00;157;157;10.34;25.44
7500.00;7800.00;2304.00;26.85;E0_1_1600m;5.00;192;192;11.92;26.92
7500.00;7800.00;1896.00;25.34;E0_0_1700m;5.00;158;158;10.39;25.48
7500.00;7800.00;2304.00;26.71;E0_1_1700m;5.00;192;192;11.98;26.79
7500.00;7800.00;1884.00;25.33;E0_0_1800m;5.00;157;156;10.30;25.48
7500.00;7800.00;2316.00;26.67;E0_1_1800m;5.00;193;193;12.06;26.76
7500.00;7800.00;1884.00;25.26;E0_0_1900m;5.00;157;157;10.36;25.40
7500.00;7800.00;2304.00;26.70;E0_1_1900m;5.00;192;193;12.02;26.80
7500.00;7800.00;1872.00;25.25;E0_0_2000m;5.00;156;155;10.28;25.39
7500.00;7800.00;2340.00;26.77;E0_1_2000m;5.00;195;195;12.14;26.86
7500.00;7800.00;1884.00;25.20;E0_0_2100m;5.00;157;157;10.38;25.35
7500.00;7800.00;2304.00;26.83;E0_1_2100m;5.00;192;193;11.96;26.92
7500.00;7800.00;1872.00;24.99;E0_0_2200m;5.00;156;157;10.42;25.14
7500.00;7800.00;2280.00;26.75;E0_1_2200m;5.00;190;191;11.86;26.85
7500.00;7800.00;1860.00;24.83;E0_0_2300m;5.00;155;155;10.41;24.99
7500.00;7800.00;2304.00;26.60;E0_1_2300m;5.00;192;192;12.03;26.70
7500.00;7800.00;1872.00;24.90;E0_0_2400m;5.00;156;156;10.44;25.05
7500.00;7800.00;2292.00;26.48;E0_1_2400m;5.00;191;191;12.02;26.59
7500.00;7800.00;1908.00;24.96;E0_0_2500m;5.00;159;159;10.62;25.11
7500.00;7800.00;2280.00;26.35;E0_1_2500m;5.00;190;190;12.02;26.46
7500.00;7800.00;1908.00;25.00;E0_0_2600m;5.00;159;159;10.60;25.13
7500.00;7800.00;2292.00;26.29;E0_1_2600m;5.00;191;191;12.11;26.39
7500.00;7800.00;1932.00;25.02;E0_0_2700m;5.00;161;161;10.73;25.14
7500.00;7800.00;2280.00;26.25;E0_1_2700m;5.00;190;190;12.06;26.35
7500.00;7800.00;1932.00;24.98;E0_0_2800m;5.00;161;161;10.74;25.10
7500.00;7800.00;2280.00;26.24;E0_1_2800m;5.00;190;191;12.12;26.33
7500.00;7800.00;1932.00;24.93;E0_0_2900m;5.00;161;161;10.76;25.04
7500.00;7800.00;2280.00;26.26;E0_1_2900m;5.00;190;191;12.09;26.35
7500.00;7800.00;1956.00;24.81;E0_0_3000m;5.00;163;163;10.95;24.94
7500.00;7800.00;2256.00;26.22;E0_1_3000m;5.00;188;188;11.95;26.32
7500.00;7800.00;1956.00;24.73;E0_0_3100m;5.00;163;163;10.98;24.86
7500.00;7800.00;2280.00;26.07;E0_1_3100m;5.00;190;190;12.15;26.18
7500.00;7800.00;1980.00;24.60;E0_0_3200m;5.00;165;166;11.18;24.74
7500.00;7800.00;2316.00;25.91;E0_1_3200m;5.00;193;193;12.41;26.04
7500.00;7800.00;1992.00;24.55;E0_0_3300m;5.00;166;166;11.27;24.70
7500.00;7800.00;2364.00;25.93;E0_1_3300m;5.00;197;197;12.66;26.03
7500.00;7800.00;2004.00;24.65;E0_0_3400m;5.00;167;167;11.29;24.78
7500.00;7800.00;2388.00;25.88;E0_1_3400m;5.00;199;199;12.81;25.98
7500.00;7800.00;1992.00;24.65;E0_0_3500m;5.00;166;166;11.22;24.77
7500.00;7800.00;2376.00;25.86;E0_1_3500m;5.00;198;198;12.76;25.95
7500.00;7800.00;1944.00;24.54;E0_0_3600m;5.00;162;162;11.00;24.66
7500.00;7800.00;2352.00;25.86;E0_1_3600m;5.00;196;196;12.63;25.94
7500.00;7800.00;1908.00;24.52;E0_0_3700m;5.00;159;159;10.81;24.63
7500.00;7800.00;2316.00;25.90;E0_1_3700m;5.00;193;193;12.42;25.97
7500.00;7800.00;1896.00;24.43;E0_0_3800m;5.00;158;158;10.78;24.55
7500.00;7800.00;2280.00;25.93;E0_1_3800m;5.00;190;190;12.21;25.99
7500.00;7800.00;1896.00;24.33;E0_0_3900m;5.00;158;158;10.82;24.46
7500.00;7800.00;2232.00;25.89;E0_1_3900m;5.00;186;186;11.97;25.94
7500.00;7800.00;1884.00;24.36;E0_0_4000m;5.00;157;157;10.74;24.49
7500.00;7800.00;2196.00;25.81;E0_1_4000m;5.00;183;183;11.82;25.86
7500.00;7800.00;1848.00;24.33;E0_0_4100m;5.00;154;154;10.55;24.46
7500.00;7800.00;2196.00;25.79;E0_1_4100m;5.00;183;183;11.83;25.84
7500.00;7800.00;1836.00;24.28;E0_0_4200m;5.00;153;153;10.50;24.41
7500.00;7800.00;2208.00;25.83;E0_1_4200m;5.00;184;184;11.87;25.88
7500.00;7800.00;1848.00;24.20;E0_0_4300m;5.00;154;154;10.60;24.33
7500.00;7800.00;2196.00;25.85;E0_1_4300m;5.00;183;183;11.80;25.90
7500.00;7800.00;1860.00;24.17;E0_0_4400m;5.00;155;155;10.69;24.29
7500.00;7800.00;2196.00;25.69;E0_1_4400m;5.00;183;183;11.87;25.73
7500.00;7800.00;1860.00;24.10;E0_0_4500m;5.00;155;155;10.72;24.23
7500.00;7800.00;2196.00;25.71;E0_1_4500m;5.00;183;183;11.86;25.76
7500.00;7800.00;1896.00;24.02;E0_0_4600m;5.00;158;158;10.96;24.15
7500.00;7800.00;2184.00;25.74;E0_1_4600m;5.00;182;182;11.78;25.80
7500.00;7800.00;1896.00;23.96;E0_0_4700m;5.00;158;158;10.99;24.09
7500.00;7800.00;2196.00;25.74;E0_1_4700m;5.00;183;183;11.85;25.79
7500.00;7800.00;1896.00;23.92;E0_0_4800m;5.00;158;159;11.05;24.04
7500.00;7800.00;2196.00;25.79;E0_1_4800m;5.00;183;183;11.83;25.84
7500.00;7800.00;1896.00;23.82;E0_0_4900m;5.00;158;158;11.06;23.93
7500.00;7800.00;2196.00;25.88;E0_1_4900m;5.00;183;183;11.78;25.93
7500.00;7800.00;1896.00;23.77;E0_0_5000m;5.00;158;158;11.08;23.88
7500.00;7800.00;2196.00;26.07;E0_1_5000m;5.00;183;184;11.70;26.12
