interval_begin;interval_end;interval_flow;interval_harmonicMeanSpeed;interval_id;interval_length;interval_nVehContrib;interval_nVehEntered;interval_occupancy;interval_speed
0.00;300.00;0.00;-1.00;E0_0_0m;-1.00;0;0;0.00;-1.00
0.00;300.00;0.00;-1.00;E0_1_0m;-1.00;0;0;0.00;-1.00
0.00;300.00;1608.00;27.20;E0_0_100m;5.00;134;134;8.21;27.37
0.00;300.00;2004.00;28.40;E0_1_100m;5.00;167;167;9.80;28.54
0.00;300.00;1632.00;26.81;E0_0_200m;5.00;136;136;8.46;27.02
0.00;300.00;1932.00;28.68;E0_1_200m;5.00;161;161;9.36;28.89
0.00;300.00;1620.00;26.60;E0_0_300m;5.00;135;135;8.46;26.79
0.00;300.00;1896.00;28.27;E0_1_300m;5.00;158;158;9.32;28.54
0.00;300.00;1608.00;26.25;E0_0_400m;5.00;134;134;8.51;26.47
0.00;300.00;1860.00;27.76;E0_1_400m;5.00;155;155;9.31;28.07
0.00;300.00;1572.00;26.03;E0_0_500m;5.00;131;131;8.39;26.25
0.00;300.00;1836.00;27.28;E0_1_500m;5.00;153;154;9.39;27.60
0.00;300.00;1572.00;25.74;E0_0_600m;5.00;131;132;8.50;25.98
0.00;300.00;1836.00;26.99;E0_1_600m;5.00;153;153;9.45;27.35
0.00;300.00;1500.00;25.59;E0_0_700m;5.00;125;125;8.14;25.84
0.00;300.00;1848.00;26.72;E0_1_700m;5.00;154;155;9.63;27.08
0.00;300.00;1488.00;25.26;E0_0_800m;5.00;124;124;8.18;25.56
0.00;300.00;1812.00;26.43;E0_1_800m;5.00;151;151;9.52;26.80
0.00;300.00;1440.00;25.25;E0_0_900m;5.00;120;120;7.92;25.52
0.00;300.00;1812.00;26.26;E0_1_900m;5.00;151;151;9.58;26.62
0.00;300.00;1404.00;25.33;E0_0_1000m;5.00;117;117;7.70;25.57
0.00;300.00;1824.00;26.13;E0_1_1000m;5.00;152;152;9.70;26.47
0.00;300.00;1380.00;25.33;E0_0_1100m;5.00;115;115;7.57;25.54
0.00;300.00;1812.00;26.03;E0_1_1100m;5.00;151;151;9.67;26.35
0.00;300.00;1368.00;25.23;E0_0_1200m;5.00;114;114;7.53;25.46
0.00;300.00;1776.00;25.98;E0_1_1200m;5.00;148;149;9.51;26.29
0.00;300.00;1380.00;25.04;E0_0_1300m;5.00;115;115;7.65;25.35
0.00;300.00;1716.00;25.79;E0_1_1300m;5.00;143;143;9.24;26.11
0.00;300.00;1332.00;24.70;E0_0_1400m;5.00;111;111;7.49;25.06
0.00;300.00;1704.00;25.65;E0_1_1400m;5.00;142;142;9.23;25.97
0.00;300.00;1308.00;24.74;E0_0_1500m;5.00;109;109;7.34;25.07
0.00;300.00;1668.00;25.67;E0_1_1500m;5.00;139;139;9.03;25.99
0.00;300.00;1296.00;25.03;E0_0_1600m;5.00;108;108;7.19;25.28
0.00;300.00;1632.00;25.76;E0_1_1600m;5.00;136;137;8.82;26.07
0.00;300.00;1248.00;25.13;E0_0_1700m;5.00;104;104;6.90;25.36
0.00;300.00;1620.00;26.00;E0_1_1700m;5.00;135;135;8.65;26.28
0.00;300.00;1224.00;24.74;E0_0_1800m;5.00;102;102;6.87;24.99
0.00;300.00;1584.00;25.89;E0_1_1800m;5.00;132;132;8.50;26.18
0.00;300.00;1236.00;24.73;E0_0_1900m;5.00;103;103;6.94;25.00
0.00;300.00;1572.00;25.67;E0_1_1900m;5.00;131;131;8.51;25.98
0.00;300.00;1200.00;24.56;E0_0_2000m;5.00;100;100;6.79;24.87
0.00;300.00;1572.00;25.62;E0_1_2000m;5.00;131;131;8.52;25.94
0.00;300.00;1200.00;24.37;E0_0_2100m;5.00;100;100;6.84;24.69
0.00;300.00;1524.00;25.55;E0_1_2100m;5.00;127;127;8.28;25.91
0.00;300.00;1212.00;24.23;E0_0_2200m;5.00;101;101;6.95;24.56
0.00;300.00;1452.00;25.14;E0_1_2200m;5.00;121;121;8.02;25.55
0.00;300.00;1188.00;24.14;E0_0_2300m;5.00;99;100;6.89;24.45
0.00;300.00;1428.00;24.89;E0_1_2300m;5.00;119;119;7.97;25.31
0.00;300.00;1164.00;24.03;E0_0_2400m;5.00;97;97;6.73;24.35
0.00;300.00;1416.00;24.78;E0_1_2400m;5.00;118;119;7.97;25.19
0.00;300.00;1140.00;24.09;E0_0_2500m;5.00;95;95;6.57;24.39
0.00;300.00;1404.00;24.74;E0_1_2500m;5.00;117;117;7.88;25.18
0.00;300.00;1116.00;24.10;E0_0_2600m;5.00;93;93;6.43;24.41
0.00;300.00;1356.00;24.72;E0_1_2600m;5.00;113;113;7.62;25.22
0.00;300.00;1104.00;24.03;E0_0_2700m;5.00;92;92;6.38;24.32
0.00;300.00;1320.00;24.73;E0_1_2700m;5.00;110;110;7.41;25.27
0.00;300.00;1044.00;23.94;E0_0_2800m;5.00;87;87;6.06;24.25
0.00;300.00;1320.00;24.79;E0_1_2800m;5.00;110;110;7.40;25.34
0.00;300.00;1008.00;23.90;E0_0_2900m;5.00;84;84;5.86;24.22
0.00;300.00;1284.00;24.78;E0_1_2900m;5.00;107;107;7.20;25.35
0.00;300.00;972.00;23.85;E0_0_3000m;5.00;81;81;5.66;24.18
0.00;300.00;1236.00;24.75;E0_1_3000m;5.00;103;104;6.99;25.32
0.00;300.00;948.00;23.79;E0_0_3100m;5.00;79;79;5.53;24.13
0.00;300.00;1200.00;24.69;E0_1_3100m;5.00;100;100;6.75;25.28
0.00;300.00;948.00;23.78;E0_0_3200m;5.00;79;79;5.54;24.17
0.00;300.00;1128.00;24.46;E0_1_3200m;5.00;94;95;6.41;25.04
0.00;300.00;936.00;23.79;E0_0_3300m;5.00;78;78;5.46;24.20
0.00;300.00;1092.00;24.37;E0_1_3300m;5.00;91;91;6.22;24.98
0.00;300.00;924.00;23.92;E0_0_3400m;5.00;77;77;5.36;24.37
0.00;300.00;1044.00;24.36;E0_1_3400m;5.00;87;87;5.95;25.01
0.00;300.00;864.00;23.93;E0_0_3500m;5.00;72;73;5.04;24.38
0.00;300.00;1032.00;24.53;E0_1_3500m;5.00;86;86;5.84;25.20
0.00;300.00;840.00;23.92;E0_0_3600m;5.00;70;70;4.88;24.36
0.00;300.00;996.00;24.64;E0_1_3600m;5.00;83;83;5.62;25.32
0.00;300.00;804.00;24.00;E0_0_3700m;5.00;67;67;4.65;24.45
0.00;300.00;948.00;24.78;E0_1_3700m;5.00;79;79;5.31;25.48
0.00;300.00;792.00;24.09;E0_0_3800m;5.00;66;67;4.57;24.54
0.00;300.00;900.00;24.85;E0_1_3800m;5.00;75;75;5.03;25.54
0.00;300.00;768.00;24.28;E0_0_3900m;5.00;64;64;4.39;24.76
0.00;300.00;852.00;24.90;E0_1_3900m;5.00;71;71;4.75;25.59
0.00;300.00;732.00;24.39;E0_0_4000m;5.00;61;61;4.17;24.85
0.00;300.00;804.00;25.15;E0_1_4000m;5.00;67;68;4.46;25.86
0.00;300.00;696.00;24.53;E0_0_4100m;5.00;58;58;3.94;25.00
0.00;300.00;768.00;25.38;E0_1_4100m;5.00;64;64;4.20;26.13
0.00;300.00;648.00;24.64;E0_0_4200m;5.00;54;54;3.65;25.12
0.00;300.00;744.00;25.63;E0_1_4200m;5.00;62;62;4.03;26.37
0.00;300.00;588.00;24.83;E0_0_4300m;5.00;49;50;3.35;25.31
0.00;300.00;708.00;25.94;E0_1_4300m;5.00;59;60;3.86;26.65
0.00;300.00;552.00;25.08;E0_0_4400m;5.00;46;46;3.06;25.56
0.00;300.00;672.00;26.11;E0_1_4400m;5.00;56;57;3.61;26.77
0.00;300.00;516.00;25.38;E0_0_4500m;5.00;43;43;2.82;25.85
0.00;300.00;636.00;26.43;E0_1_4500m;5.00;53;53;3.34;27.06
0.00;300.00;492.00;25.60;E0_0_4600m;5.00;41;41;2.67;26.06
0.00;300.00;600.00;26.82;E0_1_4600m;5.00;50;50;3.11;27.43
0.00;300.00;456.00;25.93;E0_0_4700m;5.00;38;38;2.44;26.37
0.00;300.00;552.00;27.46;E0_1_4700m;5.00;46;47;2.81;28.02
0.00;300.00;396.00;26.45;E0_0_4800m;5.00;33;34;2.11;26.87
0.00;300.00;540.00;28.08;E0_1_4800m;5.00;45;45;2.67;28.58
0.00;300.00;348.00;27.11;E0_0_4900m;5.00;29;29;1.78;27.47
0.00;300.00;516.00;28.65;E0_1_4900m;5.00;43;43;2.50;29.01
0.00;300.00;312.00;27.74;E0_0_5000m;5.00;26;26;1.56;27.94
0.00;300.00;480.00;29.26;E0_1_5000m;5.00;40;40;2.28;29.46
300.00;600.00;0.00;-1.00;E0_0_0m;-1.00;0;0;0.00;-1.00
300.00;600.00;0.00;-1.00;E0_1_0m;-1.00;0;0;0.00;-1.00
300.00;600.00;2076.00;26.54;E0_0_100m;5.00;173;173;10.86;26.62
300.00;600.00;2172.00;27.56;E0_1_100m;5.00;181;181;10.95;27.66
300.00;600.00;2076.00;26.75;E0_0_200m;5.00;173;173;10.78;26.83
300.00;600.00;2172.00;27.93;E0_1_200m;5.00;181;181;10.80;28.06
300.00;600.00;2028.00;26.74;E0_0_300m;5.00;169;169;10.53;26.83
300.00;600.00;2208.00;27.95;E0_1_300m;5.00;184;184;10.97;28.05
300.00;600.00;2028.00;26.61;E0_0_400m;5.00;169;169;10.58;26.68
300.00;600.00;2220.00;27.94;E0_1_400m;5.00;185;185;11.04;28.03
300.00;600.00;1992.00;26.59;E0_0_500m;5.00;166;167;10.45;26.66
300.00;600.00;2256.00;27.97;E0_1_500m;5.00;188;187;11.16;28.07
300.00;600.00;1956.00;26.50;E0_0_600m;5.00;163;163;10.25;26.57
300.00;600.00;2244.00;28.01;E0_1_600m;5.00;187;187;11.13;28.11
300.00;600.00;1968.00;26.46;E0_0_700m;5.00;164;164;10.33;26.52
300.00;600.00;2256.00;27.96;E0_1_700m;5.00;188;188;11.20;28.06
300.00;600.00;1944.00;26.40;E0_0_800m;5.00;162;162;10.23;26.47
300.00;600.00;2268.00;27.84;E0_1_800m;5.00;189;189;11.32;27.93
300.00;600.00;1944.00;26.33;E0_0_900m;5.00;162;162;10.25;26.39
300.00;600.00;2268.00;27.69;E0_1_900m;5.00;189;189;11.37;27.79
300.00;600.00;1944.00;26.23;E0_0_1000m;5.00;162;162;10.29;26.28
300.00;600.00;2268.00;27.56;E0_1_1000m;5.00;189;189;11.43;27.66
300.00;600.00;1920.00;26.08;E0_0_1100m;5.00;160;160;10.22;26.13
300.00;600.00;2268.00;27.44;E0_1_1100m;5.00;189;189;11.48;27.54
300.00;600.00;1884.00;26.05;E0_0_1200m;5.00;157;158;10.08;26.08
300.00;600.00;2316.00;27.41;E0_1_1200m;5.00;193;192;11.72;27.51
300.00;600.00;1872.00;26.06;E0_0_1300m;5.00;156;156;9.98;26.09
300.00;600.00;2304.00;27.31;E0_1_1300m;5.00;192;192;11.72;27.42
300.00;600.00;1872.00;26.02;E0_0_1400m;5.00;156;156;9.99;26.05
300.00;600.00;2328.00;27.20;E0_1_1400m;5.00;194;194;11.89;27.31
300.00;600.00;1860.00;25.95;E0_0_1500m;5.00;155;155;9.96;25.98
300.00;600.00;2328.00;27.13;E0_1_1500m;5.00;194;194;11.92;27.25
300.00;600.00;1848.00;25.81;E0_0_1600m;5.00;154;155;10.00;25.85
300.00;600.00;2328.00;27.11;E0_1_1600m;5.00;194;193;11.90;27.23
300.00;600.00;1848.00;25.85;E0_0_1700m;5.00;154;155;9.97;25.88
300.00;600.00;2328.00;27.14;E0_1_1700m;5.00;194;194;11.91;27.26
300.00;600.00;1848.00;25.82;E0_0_1800m;5.00;154;155;10.00;25.86
300.00;600.00;2316.00;27.16;E0_1_1800m;5.00;193;193;11.84;27.28
300.00;600.00;1812.00;25.80;E0_0_1900m;5.00;151;151;9.75;25.84
300.00;600.00;2316.00;27.17;E0_1_1900m;5.00;193;193;11.84;27.29
300.00;600.00;1812.00;25.88;E0_0_2000m;5.00;151;152;9.74;25.91
300.00;600.00;2280.00;27.23;E0_1_2000m;5.00;190;190;11.63;27.35
300.00;600.00;1776.00;25.95;E0_0_2100m;5.00;148;148;9.51;25.98
300.00;600.00;2292.00;27.26;E0_1_2100m;5.00;191;191;11.68;27.37
300.00;600.00;1752.00;25.99;E0_0_2200m;5.00;146;146;9.36;26.02
300.00;600.00;2304.00;27.22;E0_1_2200m;5.00;192;192;11.76;27.32
300.00;600.00;1740.00;25.94;E0_0_2300m;5.00;145;144;9.26;25.97
300.00;600.00;2292.00;27.22;E0_1_2300m;5.00;191;191;11.69;27.31
300.00;600.00;1728.00;25.96;E0_0_2400m;5.00;144;144;9.25;25.99
300.00;600.00;2280.00;27.28;E0_1_2400m;5.00;190;189;11.58;27.38
300.00;600.00;1716.00;26.01;E0_0_2500m;5.00;143;143;9.16;26.04
300.00;600.00;2256.00;27.31;E0_1_2500m;5.00;188;188;11.47;27.41
300.00;600.00;1716.00;26.03;E0_0_2600m;5.00;143;143;9.16;26.06
300.00;600.00;2280.00;27.27;E0_1_2600m;5.00;190;190;11.61;27.38
300.00;600.00;1716.00;25.97;E0_0_2700m;5.00;143;143;9.18;26.01
300.00;600.00;2304.00;27.17;E0_1_2700m;5.00;192;192;11.78;27.30
300.00;600.00;1752.00;25.84;E0_0_2800m;5.00;146;146;9.42;25.88
300.00;600.00;2328.00;26.93;E0_1_2800m;5.00;194;194;12.01;27.07
300.00;600.00;1752.00;25.70;E0_0_2900m;5.00;146;147;9.47;25.75
300.00;600.00;2388.00;26.62;E0_1_2900m;5.00;199;199;12.46;26.80
300.00;600.00;1752.00;25.50;E0_0_3000m;5.00;146;146;9.54;25.57
300.00;600.00;2400.00;26.49;E0_1_3000m;5.00;200;199;12.53;26.67
300.00;600.00;1776.00;25.39;E0_0_3100m;5.00;148;148;9.72;25.46
300.00;600.00;2424.00;26.28;E0_1_3100m;5.00;202;202;12.81;26.46
300.00;600.00;1812.00;25.28;E0_0_3200m;5.00;151;151;9.96;25.35
300.00;600.00;2436.00;26.12;E0_1_3200m;5.00;203;203;12.95;26.28
300.00;600.00;1788.00;25.20;E0_0_3300m;5.00;149;149;9.85;25.27
300.00;600.00;2448.00;25.86;E0_1_3300m;5.00;204;204;13.15;26.00
300.00;600.00;1812.00;25.11;E0_0_3400m;5.00;151;151;10.02;25.17
300.00;600.00;2448.00;25.58;E0_1_3400m;5.00;204;204;13.29;25.69
300.00;600.00;1848.00;24.99;E0_0_3500m;5.00;154;153;10.25;25.04
300.00;600.00;2448.00;25.41;E0_1_3500m;5.00;204;204;13.38;25.51
300.00;600.00;1884.00;24.77;E0_0_3600m;5.00;157;157;10.56;24.84
300.00;600.00;2424.00;25.21;E0_1_3600m;5.00;202;202;13.35;25.31
300.00;600.00;1884.00;24.50;E0_0_3700m;5.00;157;157;10.68;24.59
300.00;600.00;2448.00;24.81;E0_1_3700m;5.00;204;204;13.70;24.93
300.00;600.00;1884.00;24.21;E0_0_3800m;5.00;157;156;10.81;24.32
300.00;600.00;2448.00;24.52;E0_1_3800m;5.00;204;204;13.87;24.66
300.00;600.00;1896.00;24.11;E0_0_3900m;5.00;158;159;10.92;24.24
300.00;600.00;2436.00;24.32;E0_1_3900m;5.00;203;204;13.95;24.50
300.00;600.00;1908.00;24.04;E0_0_4000m;5.00;159;159;11.02;24.19
300.00;600.00;2460.00;24.16;E0_1_4000m;5.00;205;204;14.12;24.33
300.00;600.00;1944.00;23.86;E0_0_4100m;5.00;162;162;11.32;24.01
300.00;600.00;2448.00;23.97;E0_1_4100m;5.00;204;204;14.19;24.13
300.00;600.00;1968.00;23.75;E0_0_4200m;5.00;164;164;11.51;23.91
300.00;600.00;2448.00;23.81;E0_1_4200m;5.00;204;205;14.33;23.99
300.00;600.00;1980.00;23.64;E0_0_4300m;5.00;165;164;11.57;23.80
300.00;600.00;2472.00;23.71;E0_1_4300m;5.00;206;205;14.41;23.89
300.00;600.00;1980.00;23.58;E0_0_4400m;5.00;165;165;11.66;23.74
300.00;600.00;2472.00;23.64;E0_1_4400m;5.00;206;206;14.52;23.81
300.00;600.00;1980.00;23.53;E0_0_4500m;5.00;165;165;11.69;23.70
300.00;600.00;2472.00;23.59;E0_1_4500m;5.00;206;206;14.55;23.76
300.00;600.00;1968.00;23.45;E0_0_4600m;5.00;164;164;11.65;23.63
300.00;600.00;2472.00;23.57;E0_1_4600m;5.00;206;206;14.57;23.73
300.00;600.00;2004.00;23.53;E0_0_4700m;5.00;167;167;11.83;23.69
300.00;600.00;2484.00;23.56;E0_1_4700m;5.00;207;206;14.63;23.72
300.00;600.00;2016.00;23.57;E0_0_4800m;5.00;168;167;11.85;23.72
300.00;600.00;2484.00;23.58;E0_1_4800m;5.00;207;208;14.64;23.74
300.00;600.00;2028.00;23.63;E0_0_4900m;5.00;169;169;11.92;23.77
300.00;600.00;2496.00;23.65;E0_1_4900m;5.00;208;208;14.66;23.79
300.00;600.00;2028.00;23.68;E0_0_5000m;5.00;169;169;11.90;23.82
300.00;600.00;2496.00;23.73;E0_1_5000m;5.00;208;208;14.61;23.87
600.00;900.00;0.00;-1.00;E0_0_0m;-1.00;0;0;0.00;-1.00
600.00;900.00;0.00;-1.00;E0_1_0m;-1.00;0;0;0.00;-1.00
600.00;900.00;2064.00;26.41;E0_0_100m;5.00;172;172;10.86;26.52
600.00;900.00;2112.00;27.73;E0_1_100m;5.00;176;177;10.61;27.86
600.00;900.00;2076.00;26.50;E0_0_200m;5.00;173;174;10.94;26.65
600.00;900.00;2088.00;28.36;E0_1_200m;5.00;174;174;10.23;28.50
600.00;900.00;2064.00;26.51;E0_0_300m;5.00;172;172;10.81;26.65
600.00;900.00;2100.00;28.37;E0_1_300m;5.00;175;175;10.28;28.50
600.00;900.00;2028.00;26.41;E0_0_400m;5.00;169;169;10.66;26.55
600.00;900.00;2100.00;28.24;E0_1_400m;5.00;175;175;10.33;28.36
600.00;900.00;1992.00;26.23;E0_0_500m;5.00;166;166;10.55;26.38
600.00;900.00;2124.00;28.09;E0_1_500m;5.00;177;177;10.50;28.20
600.00;900.00;1980.00;26.11;E0_0_600m;5.00;165;165;10.53;26.25
600.00;900.00;2124.00;28.00;E0_1_600m;5.00;177;178;10.55;28.11
600.00;900.00;1944.00;25.99;E0_0_700m;5.00;162;162;10.39;26.14
600.00;900.00;2148.00;27.92;E0_1_700m;5.00;179;178;10.67;28.03
600.00;900.00;1944.00;25.91;E0_0_800m;5.00;162;162;10.42;26.06
600.00;900.00;2160.00;27.83;E0_1_800m;5.00;180;180;10.78;27.95
600.00;900.00;1908.00;25.83;E0_0_900m;5.00;159;160;10.27;25.99
600.00;900.00;2172.00;27.79;E0_1_900m;5.00;181;181;10.86;27.90
600.00;900.00;1908.00;25.82;E0_0_1000m;5.00;159;159;10.26;25.99
600.00;900.00;2172.00;27.77;E0_1_1000m;5.00;181;181;10.86;27.88
600.00;900.00;1896.00;25.91;E0_0_1100m;5.00;158;159;10.19;26.06
600.00;900.00;2208.00;27.65;E0_1_1100m;5.00;184;184;11.09;27.77
600.00;900.00;1884.00;25.84;E0_0_1200m;5.00;157;157;10.13;25.97
600.00;900.00;2232.00;27.58;E0_1_1200m;5.00;186;186;11.24;27.70
600.00;900.00;1896.00;25.85;E0_0_1300m;5.00;158;158;10.19;25.98
600.00;900.00;2256.00;27.52;E0_1_1300m;5.00;188;189;11.40;27.62
600.00;900.00;1860.00;25.84;E0_0_1400m;5.00;155;155;10.00;25.97
600.00;900.00;2280.00;27.50;E0_1_1400m;5.00;190;191;11.54;27.60
600.00;900.00;1860.00;25.80;E0_0_1500m;5.00;155;155;10.01;25.93
600.00;900.00;2280.00;27.52;E0_1_1500m;5.00;190;190;11.51;27.61
600.00;900.00;1824.00;25.79;E0_0_1600m;5.00;152;151;9.76;25.94
600.00;900.00;2304.00;27.45;E0_1_1600m;5.00;192;192;11.66;27.53
600.00;900.00;1812.00;25.76;E0_0_1700m;5.00;151;151;9.77;25.91
600.00;900.00;2304.00;27.41;E0_1_1700m;5.00;192;192;11.67;27.48
600.00;900.00;1824.00;25.81;E0_0_1800m;5.00;152;151;9.76;25.96
600.00;900.00;2292.00;27.37;E0_1_1800m;5.00;191;191;11.63;27.43
600.00;900.00;1788.00;25.88;E0_0_1900m;5.00;149;149;9.60;26.02
600.00;900.00;2292.00;27.35;E0_1_1900m;5.00;191;191;11.64;27.40
600.00;900.00;1788.00;25.94;E0_0_2000m;5.00;149;149;9.58;26.07
600.00;900.00;2292.00;27.36;E0_1_2000m;5.00;191;191;11.63;27.42
600.00;900.00;1812.00;25.97;E0_0_2100m;5.00;151;151;9.69;26.08
600.00;900.00;2328.00;27.20;E0_1_2100m;5.00;194;194;11.89;27.25
600.00;900.00;1824.00;25.95;E0_0_2200m;5.00;152;152;9.76;26.05
600.00;900.00;2316.00;27.08;E0_1_2200m;5.00;193;193;11.88;27.15
600.00;900.00;1884.00;25.76;E0_0_2300m;5.00;157;157;10.16;25.85
600.00;900.00;2292.00;27.00;E0_1_2300m;5.00;191;191;11.79;27.09
600.00;900.00;1920.00;25.65;E0_0_2400m;5.00;160;160;10.40;25.75
600.00;900.00;2280.00;26.87;E0_1_2400m;5.00;190;190;11.79;26.98
600.00;900.00;1920.00;25.43;E0_0_2500m;5.00;160;160;10.49;25.53
600.00;900.00;2292.00;26.62;E0_1_2500m;5.00;191;191;11.96;26.73
600.00;900.00;1896.00;25.15;E0_0_2600m;5.00;158;159;10.49;25.26
600.00;900.00;2304.00;26.30;E0_1_2600m;5.00;192;192;12.17;26.44
600.00;900.00;1872.00;24.78;E0_0_2700m;5.00;156;156;10.49;24.90
600.00;900.00;2280.00;26.02;E0_1_2700m;5.00;190;191;12.21;26.16
600.00;900.00;1836.00;24.00;E0_0_2800m;5.00;153;154;10.66;24.12
600.00;900.00;2268.00;25.47;E0_1_2800m;5.00;189;189;12.37;25.62
600.00;900.00;1812.00;23.15;E0_0_2900m;5.00;151;151;10.87;23.27
600.00;900.00;2244.00;24.41;E0_1_2900m;5.00;187;187;12.77;24.53
600.00;900.00;1812.00;21.58;E0_0_3000m;5.00;151;151;11.66;21.65
600.00;900.00;2244.00;22.88;E0_1_3000m;5.00;187;187;13.62;22.94
600.00;900.00;1836.00;21.73;E0_0_3100m;5.00;153;153;11.73;21.77
600.00;900.00;2196.00;22.58;E0_1_3100m;5.00;183;183;13.51;22.60
600.00;900.00;1836.00;22.00;E0_0_3200m;5.00;153;153;11.59;22.02
600.00;900.00;2148.00;22.50;E0_1_3200m;5.00;179;179;13.26;22.52
600.00;900.00;1872.00;22.17;E0_0_3300m;5.00;156;156;11.73;22.19
600.00;900.00;2124.00;22.47;E0_1_3300m;5.00;177;177;13.13;22.49
600.00;900.00;1872.00;22.31;E0_0_3400m;5.00;156;157;11.69;22.31
600.00;900.00;2100.00;22.41;E0_1_3400m;5.00;175;175;13.01;22.42
600.00;900.00;1848.00;22.37;E0_0_3500m;5.00;154;154;11.47;22.38
600.00;900.00;2076.00;22.51;E0_1_3500m;5.00;173;173;12.81;22.54
600.00;900.00;1824.00;22.37;E0_0_3600m;5.00;152;153;11.39;22.37
600.00;900.00;2076.00;22.52;E0_1_3600m;5.00;173;173;12.80;22.58
600.00;900.00;1824.00;22.35;E0_0_3700m;5.00;152;153;11.34;22.35
600.00;900.00;2064.00;22.51;E0_1_3700m;5.00;172;172;12.74;22.54
600.00;900.00;1824.00;22.34;E0_0_3800m;5.00;152;152;11.34;22.34
600.00;900.00;2064.00;22.48;E0_1_3800m;5.00;172;172;12.75;22.51
600.00;900.00;1824.00;22.36;E0_0_3900m;5.00;152;151;11.33;22.36
600.00;900.00;2064.00;22.54;E0_1_3900m;5.00;172;171;12.68;22.58
600.00;900.00;1824.00;23.16;E0_0_4000m;5.00;152;152;10.94;23.27
600.00;900.00;2040.00;23.66;E0_1_4000m;5.00;170;171;12.04;23.75
600.00;900.00;1776.00;25.92;E0_0_4100m;5.00;148;148;9.52;26.06
600.00;900.00;2088.00;27.08;E0_1_4100m;5.00;174;175;10.76;27.19
600.00;900.00;1800.00;26.13;E0_0_4200m;5.00;150;150;9.57;26.25
600.00;900.00;2088.00;27.37;E0_1_4200m;5.00;174;173;10.54;27.49
600.00;900.00;1872.00;26.24;E0_0_4300m;5.00;156;156;9.91;26.35
600.00;900.00;2076.00;27.40;E0_1_4300m;5.00;173;173;10.52;27.53
600.00;900.00;1872.00;26.14;E0_0_4400m;5.00;156;156;9.95;26.25
600.00;900.00;2124.00;27.36;E0_1_4400m;5.00;177;177;10.78;27.50
600.00;900.00;1860.00;25.94;E0_0_4500m;5.00;155;155;9.96;26.04
600.00;900.00;2148.00;27.27;E0_1_4500m;5.00;179;180;10.99;27.43
600.00;900.00;1860.00;25.72;E0_0_4600m;5.00;155;155;10.04;25.82
600.00;900.00;2160.00;27.23;E0_1_4600m;5.00;180;180;11.02;27.40
600.00;900.00;1836.00;25.63;E0_0_4700m;5.00;153;153;9.95;25.73
600.00;900.00;2160.00;27.18;E0_1_4700m;5.00;180;180;11.04;27.35
600.00;900.00;1848.00;25.53;E0_0_4800m;5.00;154;154;10.06;25.63
600.00;900.00;2136.00;26.94;E0_1_4800m;5.00;178;177;11.00;27.10
600.00;900.00;1836.00;25.55;E0_0_4900m;5.00;153;153;9.98;25.65
600.00;900.00;2124.00;26.73;E0_1_4900m;5.00;177;177;11.04;26.86
600.00;900.00;1836.00;25.67;E0_0_5000m;5.00;153;153;9.93;25.74
600.00;900.00;2112.00;26.65;E0_1_5000m;5.00;176;178;11.08;26.76
900.00;1200.00;0.00;-1.00;E0_0_0m;-1.00;0;0;0.00;-1.00
900.00;1200.00;0.00;-1.00;E0_1_0m;-1.00;0;0;0.00;-1.00
900.00;1200.00;1716.00;25.36;E0_0_100m;5.00;143;143;9.40;25.61
900.00;1200.00;2112.00;26.53;E0_1_100m;5.00;176;176;11.03;26.79
900.00;1200.00;1716.00;25.29;E0_0_200m;5.00;143;144;9.46;25.60
900.00;1200.00;2136.00;26.83;E0_1_200m;5.00;178;178;11.06;27.19
900.00;1200.00;1752.00;24.92;E0_0_300m;5.00;146;146;9.77;25.23
900.00;1200.00;2124.00;26.49;E0_1_300m;5.00;177;177;11.13;26.85
900.00;1200.00;1752.00;24.74;E0_0_400m;5.00;146;146;9.84;25.02
900.00;1200.00;2136.00;26.05;E0_1_400m;5.00;178;178;11.39;26.40
900.00;1200.00;1764.00;24.37;E0_0_500m;5.00;147;146;10.00;24.66
900.00;1200.00;2136.00;25.50;E0_1_500m;5.00;178;178;11.63;25.85
900.00;1200.00;1752.00;23.85;E0_0_600m;5.00;146;146;10.20;24.13
900.00;1200.00;2148.00;24.95;E0_1_600m;5.00;179;178;11.95;25.29
900.00;1200.00;1788.00;23.48;E0_0_700m;5.00;149;149;10.57;23.78
900.00;1200.00;2124.00;24.41;E0_1_700m;5.00;177;177;12.09;24.78
900.00;1200.00;1800.00;23.04;E0_0_800m;5.00;150;150;10.85;23.32
900.00;1200.00;2100.00;23.94;E0_1_800m;5.00;175;175;12.18;24.34
900.00;1200.00;1764.00;22.46;E0_0_900m;5.00;147;147;10.93;22.76
900.00;1200.00;2136.00;23.27;E0_1_900m;5.00;178;178;12.75;23.68
900.00;1200.00;1752.00;22.19;E0_0_1000m;5.00;146;146;10.97;22.50
900.00;1200.00;2160.00;22.95;E0_1_1000m;5.00;180;180;13.07;23.41
900.00;1200.00;1740.00;22.19;E0_0_1100m;5.00;145;145;10.89;22.55
900.00;1200.00;2124.00;22.77;E0_1_1100m;5.00;177;177;12.95;23.32
900.00;1200.00;1704.00;22.05;E0_0_1200m;5.00;142;142;10.73;22.43
900.00;1200.00;2112.00;22.66;E0_1_1200m;5.00;176;176;12.95;23.24
900.00;1200.00;1680.00;21.98;E0_0_1300m;5.00;140;140;10.62;22.37
900.00;1200.00;2088.00;22.59;E0_1_1300m;5.00;174;173;12.82;23.19
900.00;1200.00;1680.00;22.02;E0_0_1400m;5.00;140;140;10.60;22.39
900.00;1200.00;2064.00;22.52;E0_1_1400m;5.00;172;172;12.73;23.11
900.00;1200.00;1656.00;22.07;E0_0_1500m;5.00;138;138;10.42;22.42
900.00;1200.00;2064.00;22.55;E0_1_1500m;5.00;172;172;12.71;23.13
900.00;1200.00;1644.00;22.20;E0_0_1600m;5.00;137;137;10.29;22.56
900.00;1200.00;2076.00;22.60;E0_1_1600m;5.00;173;173;12.76;23.15
900.00;1200.00;1644.00;22.29;E0_0_1700m;5.00;137;137;10.25;22.63
900.00;1200.00;2064.00;22.68;E0_1_1700m;5.00;172;172;12.64;23.21
900.00;1200.00;1656.00;22.37;E0_0_1800m;5.00;138;138;10.28;22.71
900.00;1200.00;2064.00;22.74;E0_1_1800m;5.00;172;172;12.61;23.25
900.00;1200.00;1656.00;22.45;E0_0_1900m;5.00;138;138;10.25;22.76
900.00;1200.00;2052.00;22.77;E0_1_1900m;5.00;171;171;12.52;23.23
900.00;1200.00;1656.00;22.35;E0_0_2000m;5.00;138;137;10.27;22.62
900.00;1200.00;2052.00;22.73;E0_1_2000m;5.00;171;171;12.54;23.12
900.00;1200.00;1632.00;22.27;E0_0_2100m;5.00;136;136;10.18;22.52
900.00;1200.00;2028.00;22.58;E0_1_2100m;5.00;169;169;12.47;22.92
900.00;1200.00;1644.00;22.33;E0_0_2200m;5.00;137;137;10.23;22.57
900.00;1200.00;2004.00;22.55;E0_1_2200m;5.00;167;167;12.34;22.89
900.00;1200.00;1608.00;22.47;E0_0_2300m;5.00;134;135;10.00;22.72
900.00;1200.00;2004.00;22.66;E0_1_2300m;5.00;167;167;12.28;23.01
900.00;1200.00;1572.00;22.57;E0_0_2400m;5.00;131;131;9.67;22.82
900.00;1200.00;1992.00;22.83;E0_1_2400m;5.00;166;166;12.12;23.19
900.00;1200.00;1584.00;22.59;E0_0_2500m;5.00;132;132;9.74;22.81
900.00;1200.00;1968.00;22.85;E0_1_2500m;5.00;164;164;11.96;23.15
900.00;1200.00;1572.00;22.61;E0_0_2600m;5.00;131;131;9.66;22.79
900.00;1200.00;1968.00;22.85;E0_1_2600m;5.00;164;164;11.96;23.08
900.00;1200.00;1572.00;22.55;E0_0_2700m;5.00;131;131;9.68;22.68
900.00;1200.00;1944.00;22.78;E0_1_2700m;5.00;162;161;11.81;22.94
900.00;1200.00;1584.00;22.29;E0_0_2800m;5.00;132;132;9.87;22.38
900.00;1200.00;1968.00;22.50;E0_1_2800m;5.00;164;164;12.15;22.60
900.00;1200.00;1608.00;22.04;E0_0_2900m;5.00;134;134;10.13;22.11
900.00;1200.00;2004.00;22.23;E0_1_2900m;5.00;167;167;12.52;22.29
900.00;1200.00;1644.00;21.25;E0_0_3000m;5.00;137;137;10.74;21.32
900.00;1200.00;2040.00;21.96;E0_1_3000m;5.00;170;170;12.90;21.99
900.00;1200.00;1704.00;21.22;E0_0_3100m;5.00;142;142;11.15;21.29
900.00;1200.00;2016.00;21.96;E0_1_3100m;5.00;168;168;12.75;22.01
900.00;1200.00;1800.00;21.51;E0_0_3200m;5.00;150;150;11.62;21.57
900.00;1200.00;1992.00;21.92;E0_1_3200m;5.00;166;166;12.62;21.99
900.00;1200.00;1824.00;21.63;E0_0_3300m;5.00;152;152;11.71;21.67
900.00;1200.00;2016.00;21.91;E0_1_3300m;5.00;168;168;12.78;21.99
900.00;1200.00;1836.00;21.61;E0_0_3400m;5.00;153;152;11.77;21.65
900.00;1200.00;2064.00;21.98;E0_1_3400m;5.00;172;172;13.04;22.09
900.00;1200.00;1848.00;21.48;E0_0_3500m;5.00;154;154;11.95;21.55
900.00;1200.00;2064.00;22.01;E0_1_3500m;5.00;172;172;13.02;22.14
900.00;1200.00;1848.00;21.35;E0_0_3600m;5.00;154;153;11.96;21.44
900.00;1200.00;2076.00;22.02;E0_1_3600m;5.00;173;173;13.09;22.14
900.00;1200.00;1824.00;21.39;E0_0_3700m;5.00;152;151;11.83;21.47
900.00;1200.00;2100.00;21.98;E0_1_3700m;5.00;175;175;13.27;22.07
900.00;1200.00;1812.00;21.57;E0_0_3800m;5.00;151;151;11.67;21.62
900.00;1200.00;2100.00;21.89;E0_1_3800m;5.00;175;175;13.32;21.95
900.00;1200.00;1824.00;21.63;E0_0_3900m;5.00;152;152;11.71;21.67
900.00;1200.00;2100.00;21.86;E0_1_3900m;5.00;175;175;13.34;21.93
900.00;1200.00;1848.00;21.98;E0_0_4000m;5.00;154;154;11.68;22.06
900.00;1200.00;2112.00;22.47;E0_1_4000m;5.00;176;176;13.06;22.62
900.00;1200.00;1836.00;23.67;E0_0_4100m;5.00;153;153;10.77;24.05
900.00;1200.00;2112.00;24.13;E0_1_4100m;5.00;176;176;12.16;24.61
900.00;1200.00;1812.00;23.80;E0_0_4200m;5.00;151;151;10.57;24.15
900.00;1200.00;2112.00;24.49;E0_1_4200m;5.00;176;176;11.98;25.06
900.00;1200.00;1776.00;23.79;E0_0_4300m;5.00;148;148;10.37;24.14
900.00;1200.00;2064.00;24.62;E0_1_4300m;5.00;172;172;11.64;25.18
900.00;1200.00;1764.00;23.87;E0_0_4400m;5.00;147;147;10.26;24.19
900.00;1200.00;2028.00;24.66;E0_1_4400m;5.00;169;169;11.42;25.19
900.00;1200.00;1740.00;23.98;E0_0_4500m;5.00;145;146;10.12;24.29
900.00;1200.00;2028.00;24.81;E0_1_4500m;5.00;169;169;11.36;25.34
900.00;1200.00;1740.00;24.02;E0_0_4600m;5.00;145;145;10.06;24.30
900.00;1200.00;2016.00;24.86;E0_1_4600m;5.00;168;168;11.26;25.36
900.00;1200.00;1740.00;24.13;E0_0_4700m;5.00;145;146;10.05;24.44
900.00;1200.00;2004.00;24.87;E0_1_4700m;5.00;167;167;11.19;25.33
900.00;1200.00;1752.00;24.19;E0_0_4800m;5.00;146;146;10.06;24.49
900.00;1200.00;1992.00;25.03;E0_1_4800m;5.00;166;166;11.05;25.48
900.00;1200.00;1752.00;24.29;E0_0_4900m;5.00;146;146;10.02;24.57
900.00;1200.00;1992.00;25.20;E0_1_4900m;5.00;166;166;10.98;25.63
900.00;1200.00;1764.00;24.41;E0_0_5000m;5.00;147;148;10.04;24.70
900.00;1200.00;1968.00;25.45;E0_1_5000m;5.00;164;163;10.73;25.88
1200.00;1500.00;0.00;-1.00;E0_0_0m;-1.00;0;0;0.00;-1.00
1200.00;1500.00;0.00;-1.00;E0_1_0m;-1.00;0;0;0.00;-1.00
1200.00;1500.00;1968.00;24.09;E0_0_100m;5.00;164;165;11.36;24.34
1200.00;1500.00;2148.00;26.13;E0_1_100m;5.00;179;178;11.41;26.32
1200.00;1500.00;1872.00;24.54;E0_0_200m;5.00;156;156;10.59;24.79
1200.00;1500.00;2208.00;27.08;E0_1_200m;5.00;184;185;11.36;27.34
1200.00;1500.00;1872.00;24.72;E0_0_300m;5.00;156;156;10.52;24.97
1200.00;1500.00;2208.00;27.10;E0_1_300m;5.00;184;184;11.32;27.36
1200.00;1500.00;1884.00;24.59;E0_0_400m;5.00;157;157;10.64;24.84
1200.00;1500.00;2220.00;26.91;E0_1_400m;5.00;185;185;11.46;27.15
1200.00;1500.00;1884.00;24.41;E0_0_500m;5.00;157;157;10.72;24.67
1200.00;1500.00;2220.00;26.74;E0_1_500m;5.00;185;185;11.53;26.98
1200.00;1500.00;1896.00;24.38;E0_0_600m;5.00;158;158;10.80;24.62
1200.00;1500.00;2220.00;26.59;E0_1_600m;5.00;185;185;11.60;26.82
1200.00;1500.00;1872.00;24.33;E0_0_700m;5.00;156;156;10.69;24.52
1200.00;1500.00;2220.00;26.37;E0_1_700m;5.00;185;185;11.69;26.57
1200.00;1500.00;1872.00;24.21;E0_0_800m;5.00;156;156;10.74;24.35
1200.00;1500.00;2232.00;26.15;E0_1_800m;5.00;186;186;11.86;26.32
1200.00;1500.00;1896.00;24.02;E0_0_900m;5.00;158;158;10.97;24.12
1200.00;1500.00;2244.00;25.86;E0_1_900m;5.00;187;187;12.05;26.01
1200.00;1500.00;1872.00;23.66;E0_0_1000m;5.00;156;156;10.99;23.74
1200.00;1500.00;2220.00;25.44;E0_1_1000m;5.00;185;186;12.13;25.56
1200.00;1500.00;1908.00;23.24;E0_0_1100m;5.00;159;159;11.40;23.32
1200.00;1500.00;2256.00;24.86;E0_1_1100m;5.00;188;188;12.61;25.00
1200.00;1500.00;1908.00;22.90;E0_0_1200m;5.00;159;159;11.57;23.00
1200.00;1500.00;2292.00;24.32;E0_1_1200m;5.00;191;191;13.09;24.52
1200.00;1500.00;1920.00;22.47;E0_0_1300m;5.00;160;161;11.93;22.61
1200.00;1500.00;2292.00;23.74;E0_1_1300m;5.00;191;192;13.45;24.01
1200.00;1500.00;1944.00;22.11;E0_0_1400m;5.00;162;162;12.21;22.29
1200.00;1500.00;2280.00;23.15;E0_1_1400m;5.00;190;190;13.68;23.46
1200.00;1500.00;1956.00;21.90;E0_0_1500m;5.00;163;164;12.44;22.10
1200.00;1500.00;2292.00;22.64;E0_1_1500m;5.00;191;191;14.06;22.98
1200.00;1500.00;1944.00;21.62;E0_0_1600m;5.00;162;163;12.56;21.83
1200.00;1500.00;2304.00;22.38;E0_1_1600m;5.00;192;192;14.30;22.78
1200.00;1500.00;1932.00;21.23;E0_0_1700m;5.00;161;161;12.64;21.44
1200.00;1500.00;2328.00;22.03;E0_1_1700m;5.00;194;194;14.68;22.36
1200.00;1500.00;1920.00;20.99;E0_0_1800m;5.00;160;160;12.71;21.17
1200.00;1500.00;2328.00;21.76;E0_1_1800m;5.00;194;194;14.86;22.11
1200.00;1500.00;1920.00;20.63;E0_0_1900m;5.00;160;161;12.98;20.79
1200.00;1500.00;2316.00;21.27;E0_1_1900m;5.00;193;194;15.17;21.63
1200.00;1500.00;1944.00;20.34;E0_0_2000m;5.00;162;162;13.28;20.48
1200.00;1500.00;2304.00;20.79;E0_1_2000m;5.00;192;193;15.40;21.16
1200.00;1500.00;1944.00;20.14;E0_0_2100m;5.00;162;162;13.41;20.28
1200.00;1500.00;2304.00;20.50;E0_1_2100m;5.00;192;192;15.61;20.84
1200.00;1500.00;1956.00;19.95;E0_0_2200m;5.00;163;163;13.62;20.09
1200.00;1500.00;2304.00;20.35;E0_1_2200m;5.00;192;192;15.73;20.68
1200.00;1500.00;1980.00;19.89;E0_0_2300m;5.00;165;164;13.76;20.02
1200.00;1500.00;2328.00;20.19;E0_1_2300m;5.00;194;194;16.01;20.50
1200.00;1500.00;2016.00;19.86;E0_0_2400m;5.00;168;168;14.10;19.98
1200.00;1500.00;2376.00;20.15;E0_1_2400m;5.00;198;198;16.38;20.44
1200.00;1500.00;2016.00;19.87;E0_0_2500m;5.00;168;168;14.09;19.99
1200.00;1500.00;2412.00;20.13;E0_1_2500m;5.00;201;202;16.69;20.41
1200.00;1500.00;2004.00;19.84;E0_0_2600m;5.00;167;168;14.05;19.96
1200.00;1500.00;2424.00;20.12;E0_1_2600m;5.00;202;202;16.73;20.38
1200.00;1500.00;2016.00;19.84;E0_0_2700m;5.00;168;168;14.11;19.95
1200.00;1500.00;2436.00;20.09;E0_1_2700m;5.00;203;203;16.84;20.32
1200.00;1500.00;1980.00;19.93;E0_0_2800m;5.00;165;165;13.80;20.04
1200.00;1500.00;2412.00;20.07;E0_1_2800m;5.00;201;201;16.69;20.26
1200.00;1500.00;1944.00;19.87;E0_0_2900m;5.00;162;163;13.63;19.97
1200.00;1500.00;2364.00;20.03;E0_1_2900m;5.00;197;197;16.39;20.18
1200.00;1500.00;1920.00;19.46;E0_0_3000m;5.00;160;160;13.70;19.54
1200.00;1500.00;2316.00;19.86;E0_1_3000m;5.00;193;193;16.20;19.95
1200.00;1500.00;1884.00;19.48;E0_0_3100m;5.00;157;157;13.44;19.55
1200.00;1500.00;2280.00;19.83;E0_1_3100m;5.00;190;190;15.97;19.90
1200.00;1500.00;1848.00;19.62;E0_0_3200m;5.00;154;155;13.10;19.68
1200.00;1500.00;2232.00;19.83;E0_1_3200m;5.00;186;186;15.63;19.89
1200.00;1500.00;1824.00;19.65;E0_0_3300m;5.00;152;152;12.89;19.71
1200.00;1500.00;2196.00;19.85;E0_1_3300m;5.00;183;183;15.36;19.90
1200.00;1500.00;1788.00;19.51;E0_0_3400m;5.00;149;149;12.73;19.57
1200.00;1500.00;2148.00;19.87;E0_1_3400m;5.00;179;180;15.05;19.91
1200.00;1500.00;1776.00;19.44;E0_0_3500m;5.00;148;148;12.69;19.49
1200.00;1500.00;2148.00;19.93;E0_1_3500m;5.00;179;179;14.97;19.96
1200.00;1500.00;1764.00;19.48;E0_0_3600m;5.00;147;148;12.58;19.54
1200.00;1500.00;2148.00;19.98;E0_1_3600m;5.00;179;179;14.93;20.01
1200.00;1500.00;1788.00;19.64;E0_0_3700m;5.00;149;149;12.64;19.70
1200.00;1500.00;2160.00;20.09;E0_1_3700m;5.00;180;180;14.93;20.13
1200.00;1500.00;1800.00;19.66;E0_0_3800m;5.00;150;151;12.75;19.74
1200.00;1500.00;2136.00;20.09;E0_1_3800m;5.00;178;178;14.77;20.13
1200.00;1500.00;1800.00;19.41;E0_0_3900m;5.00;150;150;12.88;19.51
1200.00;1500.00;2136.00;19.91;E0_1_3900m;5.00;178;178;14.90;19.95
1200.00;1500.00;1788.00;19.34;E0_0_4000m;5.00;149;149;12.84;19.46
1200.00;1500.00;2100.00;19.84;E0_1_4000m;5.00;175;175;14.70;19.90
1200.00;1500.00;1764.00;19.63;E0_0_4100m;5.00;147;147;12.48;19.76
1200.00;1500.00;2112.00;19.96;E0_1_4100m;5.00;176;176;14.69;20.08
1200.00;1500.00;1740.00;19.62;E0_0_4200m;5.00;145;145;12.32;19.69
1200.00;1500.00;2100.00;19.92;E0_1_4200m;5.00;175;175;14.64;19.99
1200.00;1500.00;1752.00;19.65;E0_0_4300m;5.00;146;146;12.38;19.70
1200.00;1500.00;2100.00;19.89;E0_1_4300m;5.00;175;175;14.66;19.94
1200.00;1500.00;1776.00;19.67;E0_0_4400m;5.00;148;148;12.54;19.71
1200.00;1500.00;2088.00;19.80;E0_1_4400m;5.00;174;174;14.65;19.85
1200.00;1500.00;1764.00;19.61;E0_0_4500m;5.00;147;147;12.49;19.67
1200.00;1500.00;2088.00;19.71;E0_1_4500m;5.00;174;174;14.68;19.76
1200.00;1500.00;1764.00;19.68;E0_0_4600m;5.00;147;147;12.45;19.74
1200.00;1500.00;2088.00;19.72;E0_1_4600m;5.00;174;174;14.71;19.77
1200.00;1500.00;1764.00;19.79;E0_0_4700m;5.00;147;146;12.34;19.86
1200.00;1500.00;2088.00;19.81;E0_1_4700m;5.00;174;174;14.64;19.87
1200.00;1500.00;1764.00;19.97;E0_0_4800m;5.00;147;147;12.27;20.06
1200.00;1500.00;2100.00;19.96;E0_1_4800m;5.00;175;175;14.61;20.04
1200.00;1500.00;1764.00;20.19;E0_0_4900m;5.00;147;147;12.14;20.29
1200.00;1500.00;2100.00;20.17;E0_1_4900m;5.00;175;175;14.46;20.28
1200.00;1500.00;1764.00;20.44;E0_0_5000m;5.00;147;146;11.98;20.57
1200.00;1500.00;2112.00;20.44;E0_1_5000m;5.00;176;176;14.35;20.57
1500.00;1800.00;0.00;-1.00;E0_0_0m;-1.00;0;0;0.00;-1.00
1500.00;1800.00;0.00;-1.00;E0_1_0m;-1.00;0;0;0.00;-1.00
1500.00;1800.00;2100.00;25.75;E0_0_100m;5.00;175;175;11.33;25.91
1500.00;1800.00;2040.00;27.14;E0_1_100m;5.00;170;170;10.44;27.36
1500.00;1800.00;2124.00;25.75;E0_0_200m;5.00;177;177;11.46;25.92
1500.00;1800.00;2040.00;27.51;E0_1_200m;5.00;170;169;10.27;27.82
1500.00;1800.00;2088.00;25.71;E0_0_300m;5.00;174;174;11.28;25.88
1500.00;1800.00;2076.00;27.40;E0_1_300m;5.00;173;173;10.52;27.70
1500.00;1800.00;2100.00;25.69;E0_0_400m;5.00;175;175;11.35;25.86
1500.00;1800.00;2064.00;27.16;E0_1_400m;5.00;172;172;10.56;27.46
1500.00;1800.00;2100.00;25.49;E0_0_500m;5.00;175;175;11.44;25.66
1500.00;1800.00;2076.00;26.86;E0_1_500m;5.00;173;173;10.73;27.15
1500.00;1800.00;2076.00;25.29;E0_0_600m;5.00;173;174;11.43;25.46
1500.00;1800.00;2088.00;26.57;E0_1_600m;5.00;174;174;10.91;26.85
1500.00;1800.00;2064.00;25.16;E0_0_700m;5.00;172;172;11.39;25.32
1500.00;1800.00;2136.00;26.36;E0_1_700m;5.00;178;178;11.25;26.62
1500.00;1800.00;2064.00;25.08;E0_0_800m;5.00;172;173;11.46;25.24
1500.00;1800.00;2136.00;26.18;E0_1_800m;5.00;178;178;11.33;26.44
1500.00;1800.00;2040.00;24.98;E0_0_900m;5.00;170;171;11.39;25.16
1500.00;1800.00;2160.00;26.04;E0_1_900m;5.00;180;180;11.52;26.30
1500.00;1800.00;2040.00;24.87;E0_0_1000m;5.00;170;170;11.39;25.03
1500.00;1800.00;2172.00;25.82;E0_1_1000m;5.00;181;180;11.68;26.04
1500.00;1800.00;2040.00;24.75;E0_0_1100m;5.00;170;170;11.45;24.90
1500.00;1800.00;2160.00;25.65;E0_1_1100m;5.00;180;180;11.70;25.88
1500.00;1800.00;2016.00;24.62;E0_0_1200m;5.00;168;168;11.37;24.77
1500.00;1800.00;2184.00;25.48;E0_1_1200m;5.00;182;183;11.93;25.70
1500.00;1800.00;2016.00;24.43;E0_0_1300m;5.00;168;167;11.40;24.60
1500.00;1800.00;2208.00;25.26;E0_1_1300m;5.00;184;183;12.10;25.48
1500.00;1800.00;2004.00;24.27;E0_0_1400m;5.00;167;168;11.53;24.44
1500.00;1800.00;2220.00;25.06;E0_1_1400m;5.00;185;185;12.30;25.29
1500.00;1800.00;2028.00;24.13;E0_0_1500m;5.00;169;168;11.64;24.32
1500.00;1800.00;2208.00;24.94;E0_1_1500m;5.00;184;185;12.36;25.19
1500.00;1800.00;2016.00;24.13;E0_0_1600m;5.00;168;168;11.61;24.30
1500.00;1800.00;2232.00;24.81;E0_1_1600m;5.00;186;187;12.55;25.06
1500.00;1800.00;2016.00;23.98;E0_0_1700m;5.00;168;168;11.68;24.13
1500.00;1800.00;2244.00;24.67;E0_1_1700m;5.00;187;187;12.63;24.92
1500.00;1800.00;2028.00;23.81;E0_0_1800m;5.00;169;169;11.83;23.95
1500.00;1800.00;2244.00;24.49;E0_1_1800m;5.00;187;187;12.72;24.74
1500.00;1800.00;2040.00;23.67;E0_0_1900m;5.00;170;169;11.91;23.79
1500.00;1800.00;2280.00;24.31;E0_1_1900m;5.00;190;190;13.02;24.54
1500.00;1800.00;2016.00;23.57;E0_0_2000m;5.00;168;168;11.88;23.68
1500.00;1800.00;2280.00;24.13;E0_1_2000m;5.00;190;190;13.12;24.34
1500.00;1800.00;2016.00;23.51;E0_0_2100m;5.00;168;168;11.91;23.61
1500.00;1800.00;2280.00;24.07;E0_1_2100m;5.00;190;190;13.16;24.28
1500.00;1800.00;2028.00;23.48;E0_0_2200m;5.00;169;169;12.00;23.58
1500.00;1800.00;2280.00;24.03;E0_1_2200m;5.00;190;190;13.18;24.24
1500.00;1800.00;1992.00;23.51;E0_0_2300m;5.00;166;166;11.77;23.62
1500.00;1800.00;2268.00;24.07;E0_1_2300m;5.00;189;189;13.09;24.28
1500.00;1800.00;1956.00;23.50;E0_0_2400m;5.00;163;163;11.56;23.59
1500.00;1800.00;2232.00;24.11;E0_1_2400m;5.00;186;186;12.86;24.32
1500.00;1800.00;1932.00;23.53;E0_0_2500m;5.00;161;161;11.40;23.62
1500.00;1800.00;2208.00;24.21;E0_1_2500m;5.00;184;183;12.62;24.41
1500.00;1800.00;1944.00;23.60;E0_0_2600m;5.00;162;162;11.48;23.70
1500.00;1800.00;2196.00;24.33;E0_1_2600m;5.00;183;183;12.54;24.52
1500.00;1800.00;1956.00;23.40;E0_0_2700m;5.00;163;164;11.61;23.50
1500.00;1800.00;2196.00;24.34;E0_1_2700m;5.00;183;183;12.53;24.52
1500.00;1800.00;1968.00;23.08;E0_0_2800m;5.00;164;164;11.84;23.17
1500.00;1800.00;2196.00;24.10;E0_1_2800m;5.00;183;183;12.66;24.26
1500.00;1800.00;1980.00;22.43;E0_0_2900m;5.00;165;164;12.21;22.51
1500.00;1800.00;2184.00;23.48;E0_1_2900m;5.00;182;183;12.95;23.59
1500.00;1800.00;1968.00;21.43;E0_0_3000m;5.00;164;164;12.75;21.48
1500.00;1800.00;2196.00;22.49;E0_1_3000m;5.00;183;183;13.56;22.51
1500.00;1800.00;1980.00;21.50;E0_0_3100m;5.00;165;166;12.83;21.53
1500.00;1800.00;2172.00;22.33;E0_1_3100m;5.00;181;181;13.51;22.33
1500.00;1800.00;2016.00;21.90;E0_0_3200m;5.00;168;167;12.76;21.92
1500.00;1800.00;2148.00;22.32;E0_1_3200m;5.00;179;179;13.36;22.33
1500.00;1800.00;2004.00;22.04;E0_0_3300m;5.00;167;167;12.63;22.06
1500.00;1800.00;2136.00;22.33;E0_1_3300m;5.00;178;178;13.28;22.34
1500.00;1800.00;2004.00;21.99;E0_0_3400m;5.00;167;167;12.66;22.01
1500.00;1800.00;2148.00;22.35;E0_1_3400m;5.00;179;178;13.31;22.35
1500.00;1800.00;2040.00;21.90;E0_0_3500m;5.00;170;170;12.93;21.93
1500.00;1800.00;2124.00;22.34;E0_1_3500m;5.00;177;177;13.20;22.35
1500.00;1800.00;2028.00;21.82;E0_0_3600m;5.00;169;168;12.91;21.87
1500.00;1800.00;2136.00;22.30;E0_1_3600m;5.00;178;178;13.31;22.30
1500.00;1800.00;2004.00;21.96;E0_0_3700m;5.00;167;168;12.75;21.98
1500.00;1800.00;2112.00;22.33;E0_1_3700m;5.00;176;177;13.21;22.33
1500.00;1800.00;2016.00;21.97;E0_0_3800m;5.00;168;168;12.77;21.99
1500.00;1800.00;2112.00;22.31;E0_1_3800m;5.00;176;177;13.21;22.31
1500.00;1800.00;2004.00;22.14;E0_0_3900m;5.00;167;167;12.57;22.15
1500.00;1800.00;2112.00;22.27;E0_1_3900m;5.00;176;176;13.17;22.28
1500.00;1800.00;2016.00;22.59;E0_0_4000m;5.00;168;168;12.40;22.62
1500.00;1800.00;2112.00;22.86;E0_1_4000m;5.00;176;176;12.83;22.92
1500.00;1800.00;2004.00;23.98;E0_0_4100m;5.00;167;167;11.61;24.15
1500.00;1800.00;2124.00;24.94;E0_1_4100m;5.00;177;177;11.83;25.25
1500.00;1800.00;2040.00;24.13;E0_0_4200m;5.00;170;170;11.74;24.31
1500.00;1800.00;2136.00;25.00;E0_1_4200m;5.00;178;178;11.87;25.38
1500.00;1800.00;2064.00;24.09;E0_0_4300m;5.00;172;172;11.90;24.25
1500.00;1800.00;2184.00;24.97;E0_1_4300m;5.00;182;182;12.15;25.35
1500.00;1800.00;2076.00;24.15;E0_0_4400m;5.00;173;173;11.94;24.29
1500.00;1800.00;2232.00;25.01;E0_1_4400m;5.00;186;186;12.39;25.37
1500.00;1800.00;2112.00;24.04;E0_0_4500m;5.00;176;176;12.20;24.19
1500.00;1800.00;2292.00;25.04;E0_1_4500m;5.00;191;190;12.69;25.38
1500.00;1800.00;2148.00;23.93;E0_0_4600m;5.00;179;179;12.47;24.05
1500.00;1800.00;2328.00;25.09;E0_1_4600m;5.00;194;194;12.89;25.42
1500.00;1800.00;2184.00;23.86;E0_0_4700m;5.00;182;182;12.71;23.95
1500.00;1800.00;2364.00;25.10;E0_1_4700m;5.00;197;197;13.08;25.40
1500.00;1800.00;2172.00;23.80;E0_0_4800m;5.00;181;182;12.71;23.87
1500.00;1800.00;2364.00;24.97;E0_1_4800m;5.00;197;197;13.15;25.20
1500.00;1800.00;2136.00;23.87;E0_0_4900m;5.00;178;179;12.44;23.94
1500.00;1800.00;2412.00;24.86;E0_1_4900m;5.00;201;201;13.47;25.06
1500.00;1800.00;2136.00;23.80;E0_0_5000m;5.00;178;178;12.47;23.86
1500.00;1800.00;2424.00;24.83;E0_1_5000m;5.00;202;202;13.56;24.99
1800.00;2100.00;0.00;-1.00;E0_0_0m;-1.00;0;0;0.00;-1.00
1800.00;2100.00;0.00;-1.00;E0_1_0m;-1.00;0;0;0.00;-1.00
1800.00;2100.00;1848.00;25.68;E0_0_100m;5.00;154;154;10.00;25.84
1800.00;2100.00;1992.00;26.65;E0_1_100m;5.00;166;166;10.38;26.81
1800.00;2100.00;1860.00;25.75;E0_0_200m;5.00;155;155;10.03;25.92
1800.00;2100.00;1980.00;27.10;E0_1_200m;5.00;165;165;10.15;27.33
1800.00;2100.00;1848.00;25.57;E0_0_300m;5.00;154;154;10.04;25.72
1800.00;2100.00;2004.00;27.13;E0_1_300m;5.00;167;167;10.26;27.36
1800.00;2100.00;1860.00;25.57;E0_0_400m;5.00;155;156;10.11;25.72
1800.00;2100.00;2004.00;26.91;E0_1_400m;5.00;167;167;10.34;27.13
1800.00;2100.00;1848.00;25.45;E0_0_500m;5.00;154;154;10.08;25.65
1800.00;2100.00;2064.00;27.09;E0_1_500m;5.00;172;173;10.59;27.27
1800.00;2100.00;1872.00;25.29;E0_0_600m;5.00;156;155;10.26;25.50
1800.00;2100.00;2064.00;27.01;E0_1_600m;5.00;172;173;10.64;27.18
1800.00;2100.00;1836.00;25.19;E0_0_700m;5.00;153;153;10.12;25.42
1800.00;2100.00;2100.00;26.83;E0_1_700m;5.00;175;176;10.89;26.99
1800.00;2100.00;1848.00;25.07;E0_0_800m;5.00;154;153;10.21;25.31
1800.00;2100.00;2100.00;26.69;E0_1_800m;5.00;175;176;10.96;26.84
1800.00;2100.00;1860.00;24.89;E0_0_900m;5.00;155;154;10.33;25.13
1800.00;2100.00;2076.00;26.61;E0_1_900m;5.00;173;173;10.84;26.76
1800.00;2100.00;1836.00;24.67;E0_0_1000m;5.00;153;153;10.34;24.89
1800.00;2100.00;2088.00;26.70;E0_1_1000m;5.00;174;174;10.86;26.86
1800.00;2100.00;1836.00;24.54;E0_0_1100m;5.00;153;153;10.39;24.77
1800.00;2100.00;2100.00;26.81;E0_1_1100m;5.00;175;175;10.88;26.97
1800.00;2100.00;1860.00;24.44;E0_0_1200m;5.00;155;155;10.57;24.68
1800.00;2100.00;2076.00;26.72;E0_1_1200m;5.00;173;173;10.79;26.89
1800.00;2100.00;1860.00;24.42;E0_0_1300m;5.00;155;155;10.58;24.66
1800.00;2100.00;2052.00;26.68;E0_1_1300m;5.00;171;171;10.68;26.87
1800.00;2100.00;1836.00;24.46;E0_0_1400m;5.00;153;152;10.37;24.68
1800.00;2100.00;2076.00;26.68;E0_1_1400m;5.00;173;173;10.81;26.86
1800.00;2100.00;1800.00;24.77;E0_0_1500m;5.00;150;150;10.09;24.96
1800.00;2100.00;2100.00;26.64;E0_1_1500m;5.00;175;175;10.92;26.80
1800.00;2100.00;1788.00;24.53;E0_0_1600m;5.00;149;149;10.12;24.75
1800.00;2100.00;2112.00;26.62;E0_1_1600m;5.00;176;175;10.97;26.78
1800.00;2100.00;1776.00;24.46;E0_0_1700m;5.00;148;148;10.09;24.64
1800.00;2100.00;2112.00;26.37;E0_1_1700m;5.00;176;176;11.12;26.54
1800.00;2100.00;1776.00;24.54;E0_0_1800m;5.00;148;149;10.11;24.67
1800.00;2100.00;2124.00;26.30;E0_1_1800m;5.00;177;177;11.22;26.47
1800.00;2100.00;1776.00;24.51;E0_0_1900m;5.00;148;148;10.06;24.63
1800.00;2100.00;2136.00;26.08;E0_1_1900m;5.00;178;177;11.33;26.24
1800.00;2100.00;1776.00;24.30;E0_0_2000m;5.00;148;148;10.15;24.41
1800.00;2100.00;2148.00;25.88;E0_1_2000m;5.00;179;178;11.52;26.05
1800.00;2100.00;1764.00;23.98;E0_0_2100m;5.00;147;147;10.22;24.10
1800.00;2100.00;2148.00;25.65;E0_1_2100m;5.00;179;179;11.63;25.80
1800.00;2100.00;1752.00;23.67;E0_0_2200m;5.00;146;146;10.28;23.79
1800.00;2100.00;2148.00;25.44;E0_1_2200m;5.00;179;179;11.73;25.59
1800.00;2100.00;1740.00;23.46;E0_0_2300m;5.00;145;145;10.30;23.58
1800.00;2100.00;2160.00;25.14;E0_1_2300m;5.00;180;180;11.93;25.28
1800.00;2100.00;1728.00;23.30;E0_0_2400m;5.00;144;144;10.30;23.46
1800.00;2100.00;2172.00;24.95;E0_1_2400m;5.00;181;181;12.09;25.11
1800.00;2100.00;1764.00;23.15;E0_0_2500m;5.00;147;147;10.58;23.33
1800.00;2100.00;2148.00;24.85;E0_1_2500m;5.00;179;180;12.04;25.06
1800.00;2100.00;1764.00;23.03;E0_0_2600m;5.00;147;147;10.62;23.20
1800.00;2100.00;2136.00;24.67;E0_1_2600m;5.00;178;179;12.09;24.88
1800.00;2100.00;1752.00;22.92;E0_0_2700m;5.00;146;145;10.62;23.09
1800.00;2100.00;2136.00;24.39;E0_1_2700m;5.00;178;179;12.21;24.59
1800.00;2100.00;1740.00;22.80;E0_0_2800m;5.00;145;145;10.60;22.96
1800.00;2100.00;2136.00;24.01;E0_1_2800m;5.00;178;179;12.40;24.18
1800.00;2100.00;1764.00;22.50;E0_0_2900m;5.00;147;147;10.89;22.61
1800.00;2100.00;2124.00;23.42;E0_1_2900m;5.00;177;177;12.56;23.54
1800.00;2100.00;1752.00;21.67;E0_0_3000m;5.00;146;146;11.23;21.72
1800.00;2100.00;2124.00;22.52;E0_1_3000m;5.00;177;177;13.10;22.55
1800.00;2100.00;1764.00;21.76;E0_0_3100m;5.00;147;146;11.23;21.79
1800.00;2100.00;2124.00;22.39;E0_1_3100m;5.00;177;177;13.17;22.41
1800.00;2100.00;1800.00;21.89;E0_0_3200m;5.00;150;151;11.46;21.91
1800.00;2100.00;2076.00;22.38;E0_1_3200m;5.00;173;173;12.89;22.39
1800.00;2100.00;1812.00;21.80;E0_0_3300m;5.00;151;151;11.54;21.83
1800.00;2100.00;2076.00;22.37;E0_1_3300m;5.00;173;173;12.89;22.38
1800.00;2100.00;1812.00;21.78;E0_0_3400m;5.00;151;152;11.58;21.81
1800.00;2100.00;2064.00;22.35;E0_1_3400m;5.00;172;172;12.83;22.38
1800.00;2100.00;1812.00;21.77;E0_0_3500m;5.00;151;151;11.56;21.80
1800.00;2100.00;2052.00;22.37;E0_1_3500m;5.00;171;171;12.74;22.42
1800.00;2100.00;1800.00;21.80;E0_0_3600m;5.00;150;150;11.47;21.84
1800.00;2100.00;2064.00;22.34;E0_1_3600m;5.00;172;172;12.83;22.39
1800.00;2100.00;1800.00;21.99;E0_0_3700m;5.00;150;149;11.29;22.01
1800.00;2100.00;2124.00;22.35;E0_1_3700m;5.00;177;176;13.13;22.40
1800.00;2100.00;1812.00;22.02;E0_0_3800m;5.00;151;150;11.37;22.03
1800.00;2100.00;2136.00;22.39;E0_1_3800m;5.00;178;178;13.22;22.44
1800.00;2100.00;1860.00;21.98;E0_0_3900m;5.00;155;155;11.75;22.00
1800.00;2100.00;2160.00;22.41;E0_1_3900m;5.00;180;180;13.38;22.46
1800.00;2100.00;1896.00;22.32;E0_0_4000m;5.00;158;158;11.80;22.35
1800.00;2100.00;2172.00;22.84;E0_1_4000m;5.00;181;182;13.24;22.92
1800.00;2100.00;1908.00;23.52;E0_0_4100m;5.00;159;159;11.27;23.71
1800.00;2100.00;2196.00;24.13;E0_1_4100m;5.00;183;183;12.64;24.38
1800.00;2100.00;1908.00;23.68;E0_0_4200m;5.00;159;159;11.19;23.87
1800.00;2100.00;2160.00;24.04;E0_1_4200m;5.00;180;181;12.50;24.32
1800.00;2100.00;1872.00;23.42;E0_0_4300m;5.00;156;157;11.11;23.56
1800.00;2100.00;2160.00;23.85;E0_1_4300m;5.00;180;180;12.58;24.12
1800.00;2100.00;1848.00;23.19;E0_0_4400m;5.00;154;154;11.07;23.30
1800.00;2100.00;2172.00;23.74;E0_1_4400m;5.00;181;181;12.71;24.00
1800.00;2100.00;1836.00;23.09;E0_0_4500m;5.00;153;153;11.04;23.19
1800.00;2100.00;2124.00;23.55;E0_1_4500m;5.00;177;177;12.53;23.78
1800.00;2100.00;1812.00;23.00;E0_0_4600m;5.00;151;151;10.94;23.08
1800.00;2100.00;2100.00;23.48;E0_1_4600m;5.00;175;175;12.42;23.70
1800.00;2100.00;1800.00;22.89;E0_0_4700m;5.00;150;150;10.92;22.97
1800.00;2100.00;2064.00;23.43;E0_1_4700m;5.00;172;172;12.23;23.64
1800.00;2100.00;1800.00;22.96;E0_0_4800m;5.00;150;149;10.86;23.02
1800.00;2100.00;2076.00;23.53;E0_1_4800m;5.00;173;173;12.25;23.75
1800.00;2100.00;1812.00;23.03;E0_0_4900m;5.00;151;150;10.92;23.09
1800.00;2100.00;2100.00;23.69;E0_1_4900m;5.00;175;175;12.31;23.92
1800.00;2100.00;1836.00;23.12;E0_0_5000m;5.00;153;153;11.03;23.18
1800.00;2100.00;2136.00;23.86;E0_1_5000m;5.00;178;178;12.43;24.10
2100.00;2400.00;0.00;-1.00;E0_0_0m;-1.00;0;0;0.00;-1.00
2100.00;2400.00;0.00;-1.00;E0_1_0m;-1.00;0;0;0.00;-1.00
2100.00;2400.00;1572.00;26.69;E0_0_100m;5.00;131;131;8.18;26.82
2100.00;2400.00;1800.00;28.23;E0_1_100m;5.00;150;150;8.86;28.39
2100.00;2400.00;1572.00;26.75;E0_0_200m;5.00;131;131;8.16;26.89
2100.00;2400.00;1800.00;28.76;E0_1_200m;5.00;150;150;8.69;28.97
2100.00;2400.00;1584.00;26.69;E0_0_300m;5.00;132;132;8.24;26.81
2100.00;2400.00;1740.00;28.66;E0_1_300m;5.00;145;146;8.47;28.88
2100.00;2400.00;1548.00;26.59;E0_0_400m;5.00;129;129;8.08;26.71
2100.00;2400.00;1740.00;28.41;E0_1_400m;5.00;145;145;8.51;28.62
2100.00;2400.00;1488.00;26.36;E0_0_500m;5.00;124;125;7.87;26.47
2100.00;2400.00;1728.00;28.25;E0_1_500m;5.00;144;145;8.52;28.49
2100.00;2400.00;1452.00;26.21;E0_0_600m;5.00;121;121;7.69;26.33
2100.00;2400.00;1752.00;28.10;E0_1_600m;5.00;146;146;8.66;28.34
2100.00;2400.00;1440.00;26.33;E0_0_700m;5.00;120;120;7.60;26.44
2100.00;2400.00;1716.00;28.04;E0_1_700m;5.00;143;142;8.48;28.25
2100.00;2400.00;1380.00;26.43;E0_0_800m;5.00;115;115;7.25;26.54
2100.00;2400.00;1740.00;27.88;E0_1_800m;5.00;145;144;8.64;28.10
2100.00;2400.00;1380.00;26.30;E0_0_900m;5.00;115;115;7.29;26.42
2100.00;2400.00;1728.00;27.79;E0_1_900m;5.00;144;144;8.64;28.03
2100.00;2400.00;1428.00;26.21;E0_0_1000m;5.00;119;119;7.57;26.32
2100.00;2400.00;1716.00;27.90;E0_1_1000m;5.00;143;143;8.54;28.15
2100.00;2400.00;1452.00;26.05;E0_0_1100m;5.00;121;121;7.74;26.15
2100.00;2400.00;1704.00;27.76;E0_1_1100m;5.00;142;142;8.53;28.01
2100.00;2400.00;1416.00;25.97;E0_0_1200m;5.00;118;118;7.57;26.07
2100.00;2400.00;1740.00;27.56;E0_1_1200m;5.00;145;145;8.77;27.80
2100.00;2400.00;1428.00;25.85;E0_0_1300m;5.00;119;119;7.67;25.95
2100.00;2400.00;1764.00;27.48;E0_1_1300m;5.00;147;147;8.92;27.72
2100.00;2400.00;1428.00;25.66;E0_0_1400m;5.00;119;119;7.73;25.77
2100.00;2400.00;1764.00;27.45;E0_1_1400m;5.00;147;147;8.92;27.69
2100.00;2400.00;1428.00;25.45;E0_0_1500m;5.00;119;119;7.79;25.57
2100.00;2400.00;1764.00;27.32;E0_1_1500m;5.00;147;146;8.94;27.52
2100.00;2400.00;1404.00;25.39;E0_0_1600m;5.00;117;117;7.68;25.51
2100.00;2400.00;1788.00;27.09;E0_1_1600m;5.00;149;149;9.17;27.25
2100.00;2400.00;1392.00;25.32;E0_0_1700m;5.00;116;117;7.69;25.44
2100.00;2400.00;1788.00;26.98;E0_1_1700m;5.00;149;149;9.21;27.13
2100.00;2400.00;1404.00;25.26;E0_0_1800m;5.00;117;117;7.72;25.38
2100.00;2400.00;1812.00;26.88;E0_1_1800m;5.00;151;151;9.36;27.02
2100.00;2400.00;1392.00;25.13;E0_0_1900m;5.00;116;116;7.69;25.24
2100.00;2400.00;1836.00;26.78;E0_1_1900m;5.00;153;153;9.52;26.92
2100.00;2400.00;1440.00;25.04;E0_0_2000m;5.00;120;121;8.00;25.15
2100.00;2400.00;1836.00;26.62;E0_1_2000m;5.00;153;154;9.61;26.76
2100.00;2400.00;1428.00;24.98;E0_0_2100m;5.00;119;120;7.94;25.08
2100.00;2400.00;1848.00;26.45;E0_1_2100m;5.00;154;154;9.70;26.58
2100.00;2400.00;1452.00;24.86;E0_0_2200m;5.00;121;121;8.11;24.97
2100.00;2400.00;1824.00;26.36;E0_1_2200m;5.00;152;152;9.61;26.50
2100.00;2400.00;1476.00;24.59;E0_0_2300m;5.00;123;123;8.34;24.73
2100.00;2400.00;1812.00;26.10;E0_1_2300m;5.00;151;151;9.64;26.26
2100.00;2400.00;1500.00;24.31;E0_0_2400m;5.00;125;125;8.57;24.48
2100.00;2400.00;1836.00;25.85;E0_1_2400m;5.00;153;153;9.86;26.02
2100.00;2400.00;1524.00;24.19;E0_0_2500m;5.00;127;127;8.75;24.36
2100.00;2400.00;1884.00;25.64;E0_1_2500m;5.00;157;156;10.17;25.83
2100.00;2400.00;1560.00;23.96;E0_0_2600m;5.00;130;129;9.00;24.16
2100.00;2400.00;1896.00;25.36;E0_1_2600m;5.00;158;157;10.32;25.56
2100.00;2400.00;1572.00;23.68;E0_0_2700m;5.00;131;131;9.22;23.88
2100.00;2400.00;1920.00;25.17;E0_1_2700m;5.00;160;159;10.55;25.38
2100.00;2400.00;1608.00;23.31;E0_0_2800m;5.00;134;134;9.58;23.54
2100.00;2400.00;1896.00;24.78;E0_1_2800m;5.00;158;157;10.58;25.00
2100.00;2400.00;1644.00;22.64;E0_0_2900m;5.00;137;137;10.09;22.86
2100.00;2400.00;1920.00;24.18;E0_1_2900m;5.00;160;159;11.03;24.42
2100.00;2400.00;1680.00;21.66;E0_0_3000m;5.00;140;140;10.77;21.73
2100.00;2400.00;1944.00;22.86;E0_1_3000m;5.00;162;162;11.81;22.95
2100.00;2400.00;1716.00;21.42;E0_0_3100m;5.00;143;143;11.13;21.46
2100.00;2400.00;1944.00;22.54;E0_1_3100m;5.00;162;162;11.98;22.58
2100.00;2400.00;1788.00;21.71;E0_0_3200m;5.00;149;148;11.40;21.74
2100.00;2400.00;1908.00;22.55;E0_1_3200m;5.00;159;159;11.75;22.60
2100.00;2400.00;1788.00;21.72;E0_0_3300m;5.00;149;149;11.43;21.75
2100.00;2400.00;1908.00;22.53;E0_1_3300m;5.00;159;159;11.76;22.58
2100.00;2400.00;1812.00;21.53;E0_0_3400m;5.00;151;150;11.66;21.57
2100.00;2400.00;1896.00;22.49;E0_1_3400m;5.00;158;158;11.71;22.52
2100.00;2400.00;1812.00;21.35;E0_0_3500m;5.00;151;151;11.79;21.41
2100.00;2400.00;1908.00;22.46;E0_1_3500m;5.00;159;159;11.80;22.48
2100.00;2400.00;1812.00;21.28;E0_0_3600m;5.00;151;152;11.90;21.34
2100.00;2400.00;1884.00;22.43;E0_1_3600m;5.00;157;158;11.74;22.46
2100.00;2400.00;1800.00;21.31;E0_0_3700m;5.00;150;151;11.80;21.36
2100.00;2400.00;1848.00;22.43;E0_1_3700m;5.00;154;155;11.51;22.45
2100.00;2400.00;1788.00;21.37;E0_0_3800m;5.00;149;150;11.69;21.42
2100.00;2400.00;1836.00;22.43;E0_1_3800m;5.00;153;152;11.34;22.45
2100.00;2400.00;1776.00;21.43;E0_0_3900m;5.00;148;148;11.51;21.48
2100.00;2400.00;1788.00;22.43;E0_1_3900m;5.00;149;150;11.11;22.46
2100.00;2400.00;1740.00;21.78;E0_0_4000m;5.00;145;146;11.14;21.86
2100.00;2400.00;1776.00;23.45;E0_1_4000m;5.00;148;147;10.49;23.52
2100.00;2400.00;1740.00;22.99;E0_0_4100m;5.00;145;146;10.55;23.36
2100.00;2400.00;1776.00;26.84;E0_1_4100m;5.00;148;148;9.19;26.96
2100.00;2400.00;1728.00;22.63;E0_0_4200m;5.00;144;144;10.60;23.00
2100.00;2400.00;1848.00;27.30;E0_1_4200m;5.00;154;153;9.38;27.46
2100.00;2400.00;1740.00;22.52;E0_0_4300m;5.00;145;145;10.73;22.91
2100.00;2400.00;1824.00;27.39;E0_1_4300m;5.00;152;152;9.25;27.56
2100.00;2400.00;1740.00;22.45;E0_0_4400m;5.00;145;145;10.76;22.83
2100.00;2400.00;1812.00;27.32;E0_1_4400m;5.00;151;151;9.21;27.50
2100.00;2400.00;1752.00;22.31;E0_0_4500m;5.00;146;146;10.91;22.66
2100.00;2400.00;1824.00;27.27;E0_1_4500m;5.00;152;152;9.29;27.44
2100.00;2400.00;1728.00;22.26;E0_0_4600m;5.00;144;144;10.78;22.63
2100.00;2400.00;1872.00;27.14;E0_1_4600m;5.00;156;156;9.58;27.32
2100.00;2400.00;1716.00;22.27;E0_0_4700m;5.00;143;143;10.70;22.66
2100.00;2400.00;1920.00;27.08;E0_1_4700m;5.00;160;160;9.85;27.27
2100.00;2400.00;1728.00;22.17;E0_0_4800m;5.00;144;144;10.83;22.51
2100.00;2400.00;1956.00;27.09;E0_1_4800m;5.00;163;163;10.03;27.26
2100.00;2400.00;1704.00;22.11;E0_0_4900m;5.00;142;142;10.70;22.46
2100.00;2400.00;1956.00;27.05;E0_1_4900m;5.00;163;164;10.09;27.22
2100.00;2400.00;1656.00;22.10;E0_0_5000m;5.00;138;139;10.43;22.44
2100.00;2400.00;1932.00;27.10;E0_1_5000m;5.00;161;162;9.92;27.27
2400.00;2700.00;0.00;-1.00;E0_0_0m;-1.00;0;0;0.00;-1.00
2400.00;2700.00;0.00;-1.00;E0_1_0m;-1.00;0;0;0.00;-1.00
2400.00;2700.00;1908.00;25.20;E0_0_100m;5.00;159;160;10.53;25.29
2400.00;2700.00;2328.00;26.46;E0_1_100m;5.00;194;194;12.22;26.58
2400.00;2700.00;1920.00;25.37;E0_0_200m;5.00;160;160;10.51;25.45
2400.00;2700.00;2340.00;26.76;E0_1_200m;5.00;195;195;12.14;26.89
2400.00;2700.00;1932.00;25.33;E0_0_300m;5.00;161;162;10.65;25.42
2400.00;2700.00;2364.00;26.79;E0_1_300m;5.00;197;196;12.22;26.92
2400.00;2700.00;1980.00;25.36;E0_0_400m;5.00;165;165;10.84;25.46
2400.00;2700.00;2328.00;26.74;E0_1_400m;5.00;194;194;12.09;26.85
2400.00;2700.00;1992.00;25.37;E0_0_500m;5.00;166;165;10.88;25.48
2400.00;2700.00;2328.00;26.77;E0_1_500m;5.00;194;193;12.06;26.88
2400.00;2700.00;1980.00;25.28;E0_0_600m;5.00;165;165;10.88;25.42
2400.00;2700.00;2328.00;26.69;E0_1_600m;5.00;194;194;12.11;26.82
2400.00;2700.00;1980.00;25.28;E0_0_700m;5.00;165;165;10.88;25.41
2400.00;2700.00;2352.00;26.55;E0_1_700m;5.00;196;196;12.31;26.68
2400.00;2700.00;2016.00;25.20;E0_0_800m;5.00;168;168;11.11;25.35
2400.00;2700.00;2376.00;26.52;E0_1_800m;5.00;198;198;12.44;26.67
2400.00;2700.00;2016.00;25.06;E0_0_900m;5.00;168;168;11.17;25.19
2400.00;2700.00;2376.00;26.40;E0_1_900m;5.00;198;198;12.50;26.56
2400.00;2700.00;2004.00;24.91;E0_0_1000m;5.00;167;167;11.17;25.02
2400.00;2700.00;2352.00;26.28;E0_1_1000m;5.00;196;197;12.47;26.43
2400.00;2700.00;1968.00;24.78;E0_0_1100m;5.00;164;164;11.03;24.89
2400.00;2700.00;2328.00;26.21;E0_1_1100m;5.00;194;194;12.34;26.37
2400.00;2700.00;1956.00;24.66;E0_0_1200m;5.00;163;163;11.02;24.76
2400.00;2700.00;2316.00;26.30;E0_1_1200m;5.00;193;193;12.23;26.47
2400.00;2700.00;1944.00;24.63;E0_0_1300m;5.00;162;162;10.96;24.74
2400.00;2700.00;2304.00;26.42;E0_1_1300m;5.00;192;192;12.11;26.61
2400.00;2700.00;1944.00;24.60;E0_0_1400m;5.00;162;162;10.97;24.72
2400.00;2700.00;2292.00;26.49;E0_1_1400m;5.00;191;191;12.02;26.69
2400.00;2700.00;1932.00;24.53;E0_0_1500m;5.00;161;161;10.94;24.63
2400.00;2700.00;2304.00;26.45;E0_1_1500m;5.00;192;192;12.10;26.64
2400.00;2700.00;1920.00;24.57;E0_0_1600m;5.00;160;160;10.85;24.67
2400.00;2700.00;2316.00;26.40;E0_1_1600m;5.00;193;193;12.18;26.58
2400.00;2700.00;1944.00;24.56;E0_0_1700m;5.00;162;161;10.94;24.66
2400.00;2700.00;2316.00;26.38;E0_1_1700m;5.00;193;193;12.19;26.55
2400.00;2700.00;1908.00;24.69;E0_0_1800m;5.00;159;159;10.73;24.78
2400.00;2700.00;2280.00;26.42;E0_1_1800m;5.00;190;191;12.04;26.58
2400.00;2700.00;1908.00;24.74;E0_0_1900m;5.00;159;159;10.71;24.84
2400.00;2700.00;2244.00;26.46;E0_1_1900m;5.00;187;187;11.78;26.62
2400.00;2700.00;1872.00;24.72;E0_0_2000m;5.00;156;155;10.50;24.82
2400.00;2700.00;2232.00;26.55;E0_1_2000m;5.00;186;186;11.68;26.70
2400.00;2700.00;1896.00;24.79;E0_0_2100m;5.00;158;157;10.62;24.89
2400.00;2700.00;2208.00;26.62;E0_1_2100m;5.00;184;184;11.52;26.76
2400.00;2700.00;1896.00;24.93;E0_0_2200m;5.00;158;158;10.56;25.02
2400.00;2700.00;2208.00;26.64;E0_1_2200m;5.00;184;184;11.51;26.77
2400.00;2700.00;1848.00;24.90;E0_0_2300m;5.00;154;155;10.37;24.98
2400.00;2700.00;2232.00;26.55;E0_1_2300m;5.00;186;186;11.68;26.66
2400.00;2700.00;1824.00;24.73;E0_0_2400m;5.00;152;152;10.24;24.80
2400.00;2700.00;2208.00;26.52;E0_1_2400m;5.00;184;185;11.63;26.62
2400.00;2700.00;1800.00;24.45;E0_0_2500m;5.00;150;150;10.23;24.52
2400.00;2700.00;2172.00;26.34;E0_1_2500m;5.00;181;181;11.45;26.44
2400.00;2700.00;1776.00;23.79;E0_0_2600m;5.00;148;148;10.37;23.92
2400.00;2700.00;2160.00;25.81;E0_1_2600m;5.00;180;181;11.69;25.91
2400.00;2700.00;1776.00;22.92;E0_0_2700m;5.00;148;148;10.76;23.13
2400.00;2700.00;2136.00;24.71;E0_1_2700m;5.00;178;178;12.00;24.88
2400.00;2700.00;1788.00;21.65;E0_0_2800m;5.00;149;149;11.47;21.96
2400.00;2700.00;2124.00;23.15;E0_1_2800m;5.00;177;177;12.74;23.43
2400.00;2700.00;1788.00;19.78;E0_0_2900m;5.00;149;149;12.55;20.08
2400.00;2700.00;2112.00;20.93;E0_1_2900m;5.00;176;176;14.02;21.20
2400.00;2700.00;1812.00;17.64;E0_0_3000m;5.00;151;151;14.27;17.71
2400.00;2700.00;2112.00;18.44;E0_1_3000m;5.00;176;176;15.91;18.56
2400.00;2700.00;1944.00;17.53;E0_0_3100m;5.00;162;162;15.40;17.68
2400.00;2700.00;1980.00;18.13;E0_1_3100m;5.00;165;166;15.25;18.19
2400.00;2700.00;1896.00;17.62;E0_0_3200m;5.00;158;158;14.94;17.64
2400.00;2700.00;1980.00;18.11;E0_1_3200m;5.00;165;165;15.19;18.17
2400.00;2700.00;1872.00;17.65;E0_0_3300m;5.00;156;157;14.74;17.66
2400.00;2700.00;1980.00;18.05;E0_1_3300m;5.00;165;166;15.30;18.11
2400.00;2700.00;1860.00;17.61;E0_0_3400m;5.00;155;156;14.67;17.62
2400.00;2700.00;1980.00;17.98;E0_1_3400m;5.00;165;165;15.30;18.01
2400.00;2700.00;1848.00;17.59;E0_0_3500m;5.00;154;154;14.59;17.61
2400.00;2700.00;1968.00;17.94;E0_1_3500m;5.00;164;164;15.23;17.95
2400.00;2700.00;1884.00;17.69;E0_0_3600m;5.00;157;156;14.72;17.70
2400.00;2700.00;1944.00;18.01;E0_1_3600m;5.00;162;161;14.92;18.04
2400.00;2700.00;1884.00;17.75;E0_0_3700m;5.00;157;156;14.67;17.77
2400.00;2700.00;1944.00;17.97;E0_1_3700m;5.00;162;161;14.96;17.98
2400.00;2700.00;1860.00;17.72;E0_0_3800m;5.00;155;154;14.51;17.73
2400.00;2700.00;1944.00;17.93;E0_1_3800m;5.00;162;162;15.06;17.93
2400.00;2700.00;1860.00;17.73;E0_0_3900m;5.00;155;155;14.57;17.74
2400.00;2700.00;1944.00;17.93;E0_1_3900m;5.00;162;161;15.02;17.94
2400.00;2700.00;1908.00;18.93;E0_0_4000m;5.00;159;158;13.95;19.04
2400.00;2700.00;1908.00;19.63;E0_1_4000m;5.00;159;159;13.50;19.82
2400.00;2700.00;1824.00;26.05;E0_0_4100m;5.00;152;153;9.78;26.16
2400.00;2700.00;1968.00;27.69;E0_1_4100m;5.00;164;164;9.87;27.75
2400.00;2700.00;1776.00;26.68;E0_0_4200m;5.00;148;149;9.29;26.85
2400.00;2700.00;1980.00;29.26;E0_1_4200m;5.00;165;165;9.40;29.40
2400.00;2700.00;1776.00;26.61;E0_0_4300m;5.00;148;148;9.27;26.77
2400.00;2700.00;1980.00;29.20;E0_1_4300m;5.00;165;165;9.42;29.37
2400.00;2700.00;1776.00;26.62;E0_0_4400m;5.00;148;149;9.31;26.80
2400.00;2700.00;1944.00;28.93;E0_1_4400m;5.00;162;162;9.33;29.10
2400.00;2700.00;1764.00;26.65;E0_0_4500m;5.00;147;147;9.19;26.80
2400.00;2700.00;1932.00;28.87;E0_1_4500m;5.00;161;161;9.29;29.05
2400.00;2700.00;1764.00;26.45;E0_0_4600m;5.00;147;147;9.26;26.58
2400.00;2700.00;1908.00;28.86;E0_1_4600m;5.00;159;159;9.18;29.05
2400.00;2700.00;1692.00;26.47;E0_0_4700m;5.00;141;141;8.88;26.61
2400.00;2700.00;1932.00;28.69;E0_1_4700m;5.00;161;161;9.35;28.87
2400.00;2700.00;1704.00;26.53;E0_0_4800m;5.00;142;142;8.92;26.64
2400.00;2700.00;1884.00;28.66;E0_1_4800m;5.00;157;157;9.13;28.84
2400.00;2700.00;1704.00;26.28;E0_0_4900m;5.00;142;142;9.00;26.39
2400.00;2700.00;1908.00;28.56;E0_1_4900m;5.00;159;158;9.23;28.76
2400.00;2700.00;1716.00;26.05;E0_0_5000m;5.00;143;143;9.15;26.14
2400.00;2700.00;1932.00;28.41;E0_1_5000m;5.00;161;160;9.43;28.61
2700.00;3000.00;0.00;-1.00;E0_0_0m;-1.00;0;0;0.00;-1.00
2700.00;3000.00;0.00;-1.00;E0_1_0m;-1.00;0;0;0.00;-1.00
2700.00;3000.00;1800.00;25.10;E0_0_100m;5.00;150;151;10.00;25.31
2700.00;3000.00;2232.00;26.59;E0_1_100m;5.00;186;186;11.66;26.77
2700.00;3000.00;1860.00;25.43;E0_0_200m;5.00;155;155;10.16;25.71
2700.00;3000.00;2136.00;27.09;E0_1_200m;5.00;178;179;11.00;27.37
2700.00;3000.00;1848.00;25.35;E0_0_300m;5.00;154;154;10.12;25.63
2700.00;3000.00;2136.00;26.97;E0_1_300m;5.00;178;178;11.00;27.29
2700.00;3000.00;1824.00;25.37;E0_0_400m;5.00;152;153;10.02;25.64
2700.00;3000.00;2136.00;26.77;E0_1_400m;5.00;178;178;11.08;27.14
2700.00;3000.00;1848.00;25.33;E0_0_500m;5.00;154;154;10.13;25.60
2700.00;3000.00;2112.00;26.68;E0_1_500m;5.00;176;176;10.99;27.06
2700.00;3000.00;1860.00;25.19;E0_0_600m;5.00;155;156;10.32;25.46
2700.00;3000.00;2100.00;26.63;E0_1_600m;5.00;175;176;10.97;27.01
2700.00;3000.00;1848.00;25.39;E0_0_700m;5.00;154;155;10.14;25.66
2700.00;3000.00;2088.00;26.65;E0_1_700m;5.00;174;174;10.88;27.02
2700.00;3000.00;1824.00;25.63;E0_0_800m;5.00;152;152;9.89;25.87
2700.00;3000.00;2052.00;26.76;E0_1_800m;5.00;171;171;10.65;27.11
2700.00;3000.00;1812.00;25.77;E0_0_900m;5.00;151;151;9.76;26.04
2700.00;3000.00;2052.00;26.84;E0_1_900m;5.00;171;172;10.67;27.18
2700.00;3000.00;1800.00;25.76;E0_0_1000m;5.00;150;150;9.70;25.95
2700.00;3000.00;2040.00;26.91;E0_1_1000m;5.00;170;170;10.51;27.23
2700.00;3000.00;1812.00;25.73;E0_0_1100m;5.00;151;151;9.78;25.90
2700.00;3000.00;2016.00;26.92;E0_1_1100m;5.00;168;168;10.40;27.21
2700.00;3000.00;1788.00;25.68;E0_0_1200m;5.00;149;149;9.67;25.83
2700.00;3000.00;2016.00;26.94;E0_1_1200m;5.00;168;168;10.39;27.21
2700.00;3000.00;1728.00;25.54;E0_0_1300m;5.00;144;145;9.44;25.71
2700.00;3000.00;2052.00;26.95;E0_1_1300m;5.00;171;172;10.63;27.21
2700.00;3000.00;1764.00;25.39;E0_0_1400m;5.00;147;147;9.65;25.57
2700.00;3000.00;2064.00;27.02;E0_1_1400m;5.00;172;172;10.61;27.29
2700.00;3000.00;1800.00;25.37;E0_0_1500m;5.00;150;150;9.86;25.52
2700.00;3000.00;2100.00;26.94;E0_1_1500m;5.00;175;175;10.83;27.23
2700.00;3000.00;1824.00;25.38;E0_0_1600m;5.00;152;152;9.98;25.52
2700.00;3000.00;2136.00;26.73;E0_1_1600m;5.00;178;178;11.10;27.04
2700.00;3000.00;1824.00;25.37;E0_0_1700m;5.00;152;152;9.98;25.51
2700.00;3000.00;2196.00;26.52;E0_1_1700m;5.00;183;183;11.50;26.80
2700.00;3000.00;1824.00;25.31;E0_0_1800m;5.00;152;153;10.01;25.45
2700.00;3000.00;2220.00;26.32;E0_1_1800m;5.00;185;184;11.66;26.61
2700.00;3000.00;1812.00;25.20;E0_0_1900m;5.00;151;151;9.99;25.35
2700.00;3000.00;2244.00;26.16;E0_1_1900m;5.00;187;187;11.91;26.43
2700.00;3000.00;1848.00;25.14;E0_0_2000m;5.00;154;154;10.21;25.29
2700.00;3000.00;2268.00;25.91;E0_1_2000m;5.00;189;189;12.16;26.18
2700.00;3000.00;1860.00;24.97;E0_0_2100m;5.00;155;155;10.35;25.12
2700.00;3000.00;2280.00;25.71;E0_1_2100m;5.00;190;190;12.32;25.98
2700.00;3000.00;1884.00;24.81;E0_0_2200m;5.00;157;157;10.55;24.97
2700.00;3000.00;2292.00;25.56;E0_1_2200m;5.00;191;191;12.45;25.83
2700.00;3000.00;1920.00;24.65;E0_0_2300m;5.00;160;159;10.75;24.82
2700.00;3000.00;2316.00;25.46;E0_1_2300m;5.00;193;193;12.63;25.74
2700.00;3000.00;1932.00;24.20;E0_0_2400m;5.00;161;161;11.09;24.44
2700.00;3000.00;2316.00;25.01;E0_1_2400m;5.00;193;192;12.79;25.32
2700.00;3000.00;1932.00;23.61;E0_0_2500m;5.00;161;161;11.36;23.91
2700.00;3000.00;2328.00;24.37;E0_1_2500m;5.00;194;194;13.27;24.73
2700.00;3000.00;1956.00;22.91;E0_0_2600m;5.00;163;163;11.86;23.24
2700.00;3000.00;2340.00;23.47;E0_1_2600m;5.00;195;194;13.78;23.86
2700.00;3000.00;1968.00;21.76;E0_0_2700m;5.00;164;164;12.56;22.07
2700.00;3000.00;2340.00;22.29;E0_1_2700m;5.00;195;195;14.58;22.68
2700.00;3000.00;1968.00;20.37;E0_0_2800m;5.00;164;164;13.42;20.59
2700.00;3000.00;2340.00;20.89;E0_1_2800m;5.00;195;195;15.56;21.22
2700.00;3000.00;1944.00;19.11;E0_0_2900m;5.00;162;162;14.13;19.23
2700.00;3000.00;2316.00;19.45;E0_1_2900m;5.00;193;193;16.53;19.64
2700.00;3000.00;1932.00;17.56;E0_0_3000m;5.00;161;161;15.28;17.60
2700.00;3000.00;2256.00;18.13;E0_1_3000m;5.00;188;188;17.29;18.16
2700.00;3000.00;1944.00;17.36;E0_0_3100m;5.00;162;162;15.55;17.39
2700.00;3000.00;2208.00;17.97;E0_1_3100m;5.00;184;184;17.06;17.98
2700.00;3000.00;1944.00;17.51;E0_0_3200m;5.00;162;163;15.46;17.52
2700.00;3000.00;2208.00;17.95;E0_1_3200m;5.00;184;184;17.08;17.97
2700.00;3000.00;1968.00;17.49;E0_0_3300m;5.00;164;163;15.61;17.51
2700.00;3000.00;2208.00;17.91;E0_1_3300m;5.00;184;184;17.12;17.92
2700.00;3000.00;1992.00;17.47;E0_0_3400m;5.00;166;165;15.84;17.48
2700.00;3000.00;2208.00;17.91;E0_1_3400m;5.00;184;184;17.12;17.91
2700.00;3000.00;2004.00;17.37;E0_0_3500m;5.00;167;168;16.05;17.39
2700.00;3000.00;2208.00;17.89;E0_1_3500m;5.00;184;184;17.14;17.89
2700.00;3000.00;2040.00;17.20;E0_0_3600m;5.00;170;170;16.47;17.24
2700.00;3000.00;2208.00;17.88;E0_1_3600m;5.00;184;185;17.16;17.88
2700.00;3000.00;2040.00;17.32;E0_0_3700m;5.00;170;170;16.36;17.34
2700.00;3000.00;2208.00;17.88;E0_1_3700m;5.00;184;184;17.15;17.88
2700.00;3000.00;2064.00;17.46;E0_0_3800m;5.00;172;172;16.42;17.47
2700.00;3000.00;2208.00;17.88;E0_1_3800m;5.00;184;185;17.21;17.88
2700.00;3000.00;2064.00;17.63;E0_0_3900m;5.00;172;173;16.33;17.64
2700.00;3000.00;2196.00;17.87;E0_1_3900m;5.00;183;183;17.07;17.87
2700.00;3000.00;2040.00;19.02;E0_0_4000m;5.00;170;171;14.96;19.12
2700.00;3000.00;2196.00;19.36;E0_1_4000m;5.00;183;184;15.82;19.54
2700.00;3000.00;2040.00;25.71;E0_0_4100m;5.00;170;169;10.97;25.79
2700.00;3000.00;2208.00;27.07;E0_1_4100m;5.00;184;184;11.33;27.15
2700.00;3000.00;2016.00;26.14;E0_0_4200m;5.00;168;167;10.67;26.24
2700.00;3000.00;2220.00;27.80;E0_1_4200m;5.00;185;185;11.09;27.94
2700.00;3000.00;2004.00;25.85;E0_0_4300m;5.00;167;167;10.77;25.93
2700.00;3000.00;2232.00;27.47;E0_1_4300m;5.00;186;186;11.29;27.59
2700.00;3000.00;2040.00;25.70;E0_0_4400m;5.00;170;169;10.98;25.77
2700.00;3000.00;2184.00;27.14;E0_1_4400m;5.00;182;183;11.18;27.25
2700.00;3000.00;2052.00;25.60;E0_0_4500m;5.00;171;171;11.13;25.66
2700.00;3000.00;2196.00;26.96;E0_1_4500m;5.00;183;183;11.31;27.08
2700.00;3000.00;2040.00;25.52;E0_0_4600m;5.00;170;170;11.10;25.56
2700.00;3000.00;2208.00;26.75;E0_1_4600m;5.00;184;184;11.47;26.87
2700.00;3000.00;2040.00;25.20;E0_0_4700m;5.00;170;170;11.24;25.25
2700.00;3000.00;2208.00;26.62;E0_1_4700m;5.00;184;184;11.52;26.74
2700.00;3000.00;2040.00;25.02;E0_0_4800m;5.00;170;170;11.33;25.07
2700.00;3000.00;2196.00;26.54;E0_1_4800m;5.00;183;184;11.52;26.67
2700.00;3000.00;2016.00;24.88;E0_0_4900m;5.00;168;168;11.26;24.94
2700.00;3000.00;2184.00;26.37;E0_1_4900m;5.00;182;182;11.50;26.51
2700.00;3000.00;1956.00;24.76;E0_0_5000m;5.00;163;163;10.97;24.84
2700.00;3000.00;2196.00;26.17;E0_1_5000m;5.00;183;183;11.66;26.31
3000.00;3300.00;0.00;-1.00;E0_0_0m;-1.00;0;0;0.00;-1.00
3000.00;3300.00;0.00;-1.00;E0_1_0m;-1.00;0;0;0.00;-1.00
3000.00;3300.00;1980.00;23.76;E0_0_100m;5.00;165;164;11.53;23.95
3000.00;3300.00;2136.00;25.25;E0_1_100m;5.00;178;178;11.75;25.48
3000.00;3300.00;2004.00;23.58;E0_0_200m;5.00;167;168;11.85;23.85
3000.00;3300.00;2124.00;25.21;E0_1_200m;5.00;177;178;11.76;25.54
3000.00;3300.00;1992.00;23.38;E0_0_300m;5.00;166;166;11.83;23.62
3000.00;3300.00;2148.00;24.85;E0_1_300m;5.00;179;179;12.00;25.17
3000.00;3300.00;2028.00;23.38;E0_0_400m;5.00;169;168;12.01;23.58
3000.00;3300.00;2148.00;24.43;E0_1_400m;5.00;179;179;12.21;24.71
3000.00;3300.00;2028.00;23.18;E0_0_500m;5.00;169;169;12.15;23.34
3000.00;3300.00;2172.00;23.98;E0_1_500m;5.00;181;181;12.58;24.23
3000.00;3300.00;2040.00;22.98;E0_0_600m;5.00;170;169;12.26;23.13
3000.00;3300.00;2196.00;23.60;E0_1_600m;5.00;183;182;12.90;23.84
3000.00;3300.00;2040.00;22.78;E0_0_700m;5.00;170;169;12.41;22.90
3000.00;3300.00;2244.00;23.31;E0_1_700m;5.00;187;187;13.37;23.53
3000.00;3300.00;2064.00;22.51;E0_0_800m;5.00;172;172;12.74;22.64
3000.00;3300.00;2268.00;23.07;E0_1_800m;5.00;189;189;13.66;23.28
3000.00;3300.00;2100.00;22.36;E0_0_900m;5.00;175;175;13.04;22.50
3000.00;3300.00;2304.00;22.91;E0_1_900m;5.00;192;192;13.97;23.14
3000.00;3300.00;2100.00;22.02;E0_0_1000m;5.00;175;176;13.26;22.12
3000.00;3300.00;2340.00;22.73;E0_1_1000m;5.00;195;194;14.28;22.93
3000.00;3300.00;2124.00;22.00;E0_0_1100m;5.00;177;177;13.41;22.09
3000.00;3300.00;2388.00;22.65;E0_1_1100m;5.00;199;199;14.64;22.84
3000.00;3300.00;2148.00;22.00;E0_0_1200m;5.00;179;180;13.59;22.06
3000.00;3300.00;2388.00;22.42;E0_1_1200m;5.00;199;199;14.79;22.55
3000.00;3300.00;2172.00;22.04;E0_0_1300m;5.00;181;181;13.69;22.08
3000.00;3300.00;2436.00;22.25;E0_1_1300m;5.00;203;202;15.16;22.31
3000.00;3300.00;2148.00;22.04;E0_0_1400m;5.00;179;179;13.54;22.07
3000.00;3300.00;2412.00;22.17;E0_1_1400m;5.00;201;201;15.11;22.21
3000.00;3300.00;2124.00;22.03;E0_0_1500m;5.00;177;177;13.39;22.07
3000.00;3300.00;2364.00;22.12;E0_1_1500m;5.00;197;197;14.84;22.17
3000.00;3300.00;2100.00;21.93;E0_0_1600m;5.00;175;175;13.30;21.95
3000.00;3300.00;2328.00;22.02;E0_1_1600m;5.00;194;194;14.68;22.06
3000.00;3300.00;2052.00;21.79;E0_0_1700m;5.00;171;172;13.15;21.80
3000.00;3300.00;2280.00;21.84;E0_1_1700m;5.00;190;191;14.51;21.85
3000.00;3300.00;2052.00;21.78;E0_0_1800m;5.00;171;172;13.11;21.80
3000.00;3300.00;2280.00;21.85;E0_1_1800m;5.00;190;190;14.49;21.89
3000.00;3300.00;2064.00;21.63;E0_0_1900m;5.00;172;172;13.25;21.65
3000.00;3300.00;2268.00;21.91;E0_1_1900m;5.00;189;189;14.38;22.00
3000.00;3300.00;2004.00;21.39;E0_0_2000m;5.00;167;168;13.03;21.43
3000.00;3300.00;2256.00;21.85;E0_1_2000m;5.00;188;188;14.34;21.94
3000.00;3300.00;1992.00;21.47;E0_0_2100m;5.00;166;166;12.88;21.52
3000.00;3300.00;2232.00;21.83;E0_1_2100m;5.00;186;186;14.20;21.95
3000.00;3300.00;1968.00;21.53;E0_0_2200m;5.00;164;164;12.70;21.58
3000.00;3300.00;2220.00;21.81;E0_1_2200m;5.00;185;185;14.14;21.97
3000.00;3300.00;1956.00;21.47;E0_0_2300m;5.00;163;163;12.66;21.55
3000.00;3300.00;2172.00;21.70;E0_1_2300m;5.00;181;181;13.90;21.87
3000.00;3300.00;1932.00;21.08;E0_0_2400m;5.00;161;161;12.73;21.21
3000.00;3300.00;2184.00;21.64;E0_1_2400m;5.00;182;182;14.02;21.88
3000.00;3300.00;1908.00;20.63;E0_0_2500m;5.00;159;160;12.90;20.81
3000.00;3300.00;2160.00;21.30;E0_1_2500m;5.00;180;181;14.10;21.58
3000.00;3300.00;1896.00;20.17;E0_0_2600m;5.00;158;158;13.06;20.37
3000.00;3300.00;2136.00;20.83;E0_1_2600m;5.00;178;178;14.24;21.12
3000.00;3300.00;1860.00;19.60;E0_0_2700m;5.00;155;155;13.18;19.78
3000.00;3300.00;2124.00;20.19;E0_1_2700m;5.00;177;177;14.61;20.43
3000.00;3300.00;1848.00;19.07;E0_0_2800m;5.00;154;154;13.46;19.18
3000.00;3300.00;2124.00;19.40;E0_1_2800m;5.00;177;177;15.21;19.53
3000.00;3300.00;1836.00;18.44;E0_0_2900m;5.00;153;153;13.83;18.49
3000.00;3300.00;2112.00;18.67;E0_1_2900m;5.00;176;176;15.71;18.74
3000.00;3300.00;1812.00;17.46;E0_0_3000m;5.00;151;151;14.42;17.48
3000.00;3300.00;2112.00;17.99;E0_1_3000m;5.00;176;176;16.30;18.00
3000.00;3300.00;1860.00;17.48;E0_0_3100m;5.00;155;155;14.78;17.50
3000.00;3300.00;2040.00;17.92;E0_1_3100m;5.00;170;170;15.82;17.92
3000.00;3300.00;1872.00;17.68;E0_0_3200m;5.00;156;155;14.67;17.69
3000.00;3300.00;2052.00;17.90;E0_1_3200m;5.00;171;171;15.92;17.90
3000.00;3300.00;1860.00;17.75;E0_0_3300m;5.00;155;155;14.55;17.76
3000.00;3300.00;2040.00;17.90;E0_1_3300m;5.00;170;169;15.76;17.91
3000.00;3300.00;1824.00;17.75;E0_0_3400m;5.00;152;153;14.35;17.75
3000.00;3300.00;2040.00;17.90;E0_1_3400m;5.00;170;170;15.82;17.91
3000.00;3300.00;1848.00;17.61;E0_0_3500m;5.00;154;154;14.60;17.62
3000.00;3300.00;2016.00;17.90;E0_1_3500m;5.00;168;169;15.67;17.90
3000.00;3300.00;1848.00;17.52;E0_0_3600m;5.00;154;154;14.65;17.54
3000.00;3300.00;1992.00;17.93;E0_1_3600m;5.00;166;166;15.43;17.93
3000.00;3300.00;1860.00;17.55;E0_0_3700m;5.00;155;155;14.72;17.56
3000.00;3300.00;1968.00;17.91;E0_1_3700m;5.00;164;164;15.26;17.91
3000.00;3300.00;1836.00;17.57;E0_0_3800m;5.00;153;153;14.51;17.59
3000.00;3300.00;1968.00;17.89;E0_1_3800m;5.00;164;164;15.29;17.89
3000.00;3300.00;1836.00;17.68;E0_0_3900m;5.00;153;152;14.35;17.69
3000.00;3300.00;1968.00;17.88;E0_1_3900m;5.00;164;164;15.28;17.89
3000.00;3300.00;1800.00;18.79;E0_0_4000m;5.00;150;152;13.38;18.85
3000.00;3300.00;1992.00;19.44;E0_1_4000m;5.00;166;165;14.16;19.58
3000.00;3300.00;1776.00;24.54;E0_0_4100m;5.00;148;148;10.05;24.76
3000.00;3300.00;1992.00;25.51;E0_1_4100m;5.00;166;166;10.85;25.73
3000.00;3300.00;1752.00;24.91;E0_0_4200m;5.00;146;147;9.77;25.20
3000.00;3300.00;2016.00;25.94;E0_1_4200m;5.00;168;168;10.79;26.37
3000.00;3300.00;1752.00;25.04;E0_0_4300m;5.00;146;146;9.72;25.33
3000.00;3300.00;2004.00;25.96;E0_1_4300m;5.00;167;167;10.72;26.40
3000.00;3300.00;1752.00;24.93;E0_0_4400m;5.00;146;146;9.76;25.21
3000.00;3300.00;2004.00;25.87;E0_1_4400m;5.00;167;166;10.75;26.33
3000.00;3300.00;1752.00;24.81;E0_0_4500m;5.00;146;146;9.81;25.14
3000.00;3300.00;1980.00;25.62;E0_1_4500m;5.00;165;166;10.78;26.10
3000.00;3300.00;1728.00;24.56;E0_0_4600m;5.00;144;145;9.77;24.86
3000.00;3300.00;1980.00;25.42;E0_1_4600m;5.00;165;165;10.82;25.94
3000.00;3300.00;1728.00;24.38;E0_0_4700m;5.00;144;144;9.84;24.70
3000.00;3300.00;1980.00;25.36;E0_1_4700m;5.00;165;165;10.84;25.88
3000.00;3300.00;1752.00;24.31;E0_0_4800m;5.00;146;146;10.01;24.63
3000.00;3300.00;2004.00;25.16;E0_1_4800m;5.00;167;166;11.03;25.69
3000.00;3300.00;1740.00;24.24;E0_0_4900m;5.00;145;145;9.97;24.56
3000.00;3300.00;2004.00;25.04;E0_1_4900m;5.00;167;167;11.12;25.58
3000.00;3300.00;1752.00;24.20;E0_0_5000m;5.00;146;146;10.05;24.53
3000.00;3300.00;1992.00;24.94;E0_1_5000m;5.00;166;166;11.09;25.49
3300.00;3600.00;0.00;-1.00;E0_0_0m;-1.00;0;0;0.00;-1.00
3300.00;3600.00;0.00;-1.00;E0_1_0m;-1.00;0;0;0.00;-1.00
3300.00;3600.00;1728.00;25.02;E0_0_100m;5.00;144;144;9.59;25.13
3300.00;3600.00;2340.00;26.29;E0_1_100m;5.00;195;196;12.40;26.43
3300.00;3600.00;1728.00;25.59;E0_0_200m;5.00;144;143;9.33;25.70
3300.00;3600.00;2328.00;26.71;E0_1_200m;5.00;194;194;12.10;26.86
3300.00;3600.00;1728.00;25.84;E0_0_300m;5.00;144;144;9.29;25.95
3300.00;3600.00;2328.00;26.84;E0_1_300m;5.00;194;194;12.05;26.98
3300.00;3600.00;1704.00;26.00;E0_0_400m;5.00;142;142;9.10;26.11
3300.00;3600.00;2340.00;27.07;E0_1_400m;5.00;195;196;12.04;27.21
3300.00;3600.00;1740.00;26.00;E0_0_500m;5.00;145;145;9.29;26.10
3300.00;3600.00;2304.00;27.23;E0_1_500m;5.00;192;192;11.75;27.36
3300.00;3600.00;1740.00;26.03;E0_0_600m;5.00;145;145;9.28;26.14
3300.00;3600.00;2268.00;27.20;E0_1_600m;5.00;189;189;11.58;27.32
3300.00;3600.00;1752.00;25.95;E0_0_700m;5.00;146;146;9.38;26.07
3300.00;3600.00;2232.00;27.32;E0_1_700m;5.00;186;186;11.35;27.45
3300.00;3600.00;1764.00;25.86;E0_0_800m;5.00;147;147;9.47;25.98
3300.00;3600.00;2196.00;27.41;E0_1_800m;5.00;183;183;11.13;27.54
3300.00;3600.00;1740.00;25.84;E0_0_900m;5.00;145;145;9.35;25.96
3300.00;3600.00;2160.00;27.27;E0_1_900m;5.00;180;180;11.00;27.41
3300.00;3600.00;1800.00;25.90;E0_0_1000m;5.00;150;149;9.65;26.01
3300.00;3600.00;2148.00;27.17;E0_1_1000m;5.00;179;179;10.98;27.33
3300.00;3600.00;1764.00;25.76;E0_0_1100m;5.00;147;147;9.51;25.88
3300.00;3600.00;2148.00;27.06;E0_1_1100m;5.00;179;179;11.03;27.22
3300.00;3600.00;1776.00;25.63;E0_0_1200m;5.00;148;147;9.59;25.75
3300.00;3600.00;2160.00;27.04;E0_1_1200m;5.00;180;180;11.09;27.22
3300.00;3600.00;1740.00;25.59;E0_0_1300m;5.00;145;145;9.45;25.69
3300.00;3600.00;2136.00;26.99;E0_1_1300m;5.00;178;178;10.99;27.17
3300.00;3600.00;1752.00;25.57;E0_0_1400m;5.00;146;146;9.52;25.70
3300.00;3600.00;2148.00;26.96;E0_1_1400m;5.00;179;179;11.06;27.15
3300.00;3600.00;1740.00;25.55;E0_0_1500m;5.00;145;145;9.46;25.67
3300.00;3600.00;2172.00;26.93;E0_1_1500m;5.00;181;181;11.20;27.12
3300.00;3600.00;1752.00;25.30;E0_0_1600m;5.00;146;147;9.65;25.40
3300.00;3600.00;2184.00;26.69;E0_1_1600m;5.00;182;182;11.36;26.90
3300.00;3600.00;1764.00;24.91;E0_0_1700m;5.00;147;147;9.78;25.04
3300.00;3600.00;2220.00;26.40;E0_1_1700m;5.00;185;184;11.66;26.63
3300.00;3600.00;1776.00;24.64;E0_0_1800m;5.00;148;147;9.98;24.80
3300.00;3600.00;2220.00;26.19;E0_1_1800m;5.00;185;186;11.81;26.46
3300.00;3600.00;1788.00;24.53;E0_0_1900m;5.00;149;149;10.12;24.71
3300.00;3600.00;2220.00;25.89;E0_1_1900m;5.00;185;185;11.91;26.21
3300.00;3600.00;1776.00;24.16;E0_0_2000m;5.00;148;147;10.19;24.40
3300.00;3600.00;2244.00;25.60;E0_1_2000m;5.00;187;188;12.18;25.99
3300.00;3600.00;1788.00;23.62;E0_0_2100m;5.00;149;149;10.51;23.94
3300.00;3600.00;2268.00;25.19;E0_1_2100m;5.00;189;189;12.50;25.62
3300.00;3600.00;1788.00;22.93;E0_0_2200m;5.00;149;149;10.83;23.34
3300.00;3600.00;2268.00;24.50;E0_1_2200m;5.00;189;189;12.86;24.95
3300.00;3600.00;1824.00;22.74;E0_0_2300m;5.00;152;152;11.14;23.10
3300.00;3600.00;2292.00;23.79;E0_1_2300m;5.00;191;191;13.38;24.30
3300.00;3600.00;1848.00;22.25;E0_0_2400m;5.00;154;154;11.53;22.61
3300.00;3600.00;2280.00;23.11;E0_1_2400m;5.00;190;190;13.70;23.63
3300.00;3600.00;1884.00;21.70;E0_0_2500m;5.00;157;156;12.01;22.06
3300.00;3600.00;2316.00;22.26;E0_1_2500m;5.00;193;192;14.43;22.72
3300.00;3600.00;1908.00;20.95;E0_0_2600m;5.00;159;160;12.67;21.30
3300.00;3600.00;2304.00;21.29;E0_1_2600m;5.00;192;192;15.03;21.64
3300.00;3600.00;1956.00;20.02;E0_0_2700m;5.00;163;163;13.57;20.33
3300.00;3600.00;2304.00;20.45;E0_1_2700m;5.00;192;192;15.65;20.73
3300.00;3600.00;1956.00;19.19;E0_0_2800m;5.00;163;163;14.16;19.39
3300.00;3600.00;2304.00;19.49;E0_1_2800m;5.00;192;192;16.41;19.70
3300.00;3600.00;1968.00;18.47;E0_0_2900m;5.00;164;165;14.84;18.59
3300.00;3600.00;2316.00;18.73;E0_1_2900m;5.00;193;193;17.17;18.85
3300.00;3600.00;2004.00;17.56;E0_0_3000m;5.00;167;167;15.85;17.58
3300.00;3600.00;2316.00;18.02;E0_1_3000m;5.00;193;194;17.92;18.04
3300.00;3600.00;2040.00;17.59;E0_0_3100m;5.00;170;170;16.11;17.60
3300.00;3600.00;2292.00;17.92;E0_1_3100m;5.00;191;191;17.77;17.92
3300.00;3600.00;2076.00;17.66;E0_0_3200m;5.00;173;173;16.32;17.68
3300.00;3600.00;2268.00;17.93;E0_1_3200m;5.00;189;189;17.56;17.95
3300.00;3600.00;2088.00;17.73;E0_0_3300m;5.00;174;174;16.36;17.74
3300.00;3600.00;2280.00;17.91;E0_1_3300m;5.00;190;191;17.69;17.91
3300.00;3600.00;2112.00;17.77;E0_0_3400m;5.00;176;175;16.43;17.77
3300.00;3600.00;2280.00;17.88;E0_1_3400m;5.00;190;191;17.78;17.89
3300.00;3600.00;2112.00;17.56;E0_0_3500m;5.00;176;175;16.67;17.57
3300.00;3600.00;2304.00;17.88;E0_1_3500m;5.00;192;191;17.87;17.88
3300.00;3600.00;2124.00;17.47;E0_0_3600m;5.00;177;177;16.88;17.49
3300.00;3600.00;2280.00;17.88;E0_1_3600m;5.00;190;190;17.71;17.88
3300.00;3600.00;2112.00;17.33;E0_0_3700m;5.00;176;177;16.95;17.35
3300.00;3600.00;2292.00;17.91;E0_1_3700m;5.00;191;191;17.78;17.91
3300.00;3600.00;2136.00;17.30;E0_0_3800m;5.00;178;178;17.15;17.32
3300.00;3600.00;2280.00;17.90;E0_1_3800m;5.00;190;189;17.62;17.90
3300.00;3600.00;2136.00;17.38;E0_0_3900m;5.00;178;178;17.07;17.40
3300.00;3600.00;2256.00;17.91;E0_1_3900m;5.00;188;188;17.49;17.92
3300.00;3600.00;2124.00;18.65;E0_0_4000m;5.00;177;177;15.83;18.71
3300.00;3600.00;2268.00;19.38;E0_1_4000m;5.00;189;190;16.29;19.52
3300.00;3600.00;2124.00;25.22;E0_0_4100m;5.00;177;177;11.70;25.31
3300.00;3600.00;2280.00;26.73;E0_1_4100m;5.00;190;190;11.85;26.81
3300.00;3600.00;2112.00;25.61;E0_0_4200m;5.00;176;176;11.45;25.73
3300.00;3600.00;2292.00;27.67;E0_1_4200m;5.00;191;191;11.50;27.83
3300.00;3600.00;2112.00;25.55;E0_0_4300m;5.00;176;176;11.48;25.68
3300.00;3600.00;2292.00;27.69;E0_1_4300m;5.00;191;191;11.50;27.84
3300.00;3600.00;2112.00;25.38;E0_0_4400m;5.00;176;177;11.62;25.52
3300.00;3600.00;2292.00;27.58;E0_1_4400m;5.00;191;191;11.54;27.71
3300.00;3600.00;2100.00;25.28;E0_0_4500m;5.00;175;175;11.54;25.41
3300.00;3600.00;2304.00;27.46;E0_1_4500m;5.00;192;192;11.65;27.59
3300.00;3600.00;2136.00;25.10;E0_0_4600m;5.00;178;178;11.82;25.24
3300.00;3600.00;2328.00;27.29;E0_1_4600m;5.00;194;194;11.85;27.43
3300.00;3600.00;2160.00;24.86;E0_0_4700m;5.00;180;180;12.07;25.00
3300.00;3600.00;2352.00;27.09;E0_1_4700m;5.00;196;196;12.06;27.24
3300.00;3600.00;2112.00;24.67;E0_0_4800m;5.00;176;177;11.92;24.81
3300.00;3600.00;2364.00;26.95;E0_1_4800m;5.00;197;197;12.18;27.11
3300.00;3600.00;2112.00;24.45;E0_0_4900m;5.00;176;176;12.00;24.59
3300.00;3600.00;2376.00;26.87;E0_1_4900m;5.00;198;198;12.28;27.06
3300.00;3600.00;2124.00;24.32;E0_0_5000m;5.00;177;177;12.13;24.45
3300.00;3600.00;2376.00;26.79;E0_1_5000m;5.00;198;198;12.32;27.01
3600.00;3900.00;0.00;-1.00;E0_0_0m;-1.00;0;0;0.00;-1.00
3600.00;3900.00;0.00;-1.00;E0_1_0m;-1.00;0;0;0.00;-1.00
3600.00;3900.00;1824.00;26.53;E0_0_100m;5.00;152;154;9.64;26.66
3600.00;3900.00;2076.00;27.55;E0_1_100m;5.00;173;172;10.42;27.73
3600.00;3900.00;1836.00;26.71;E0_0_200m;5.00;153;153;9.55;26.85
3600.00;3900.00;2088.00;28.34;E0_1_200m;5.00;174;174;10.23;28.53
3600.00;3900.00;1776.00;26.76;E0_0_300m;5.00;148;149;9.25;26.87
3600.00;3900.00;2124.00;28.25;E0_1_300m;5.00;177;177;10.44;28.44
3600.00;3900.00;1764.00;26.64;E0_0_400m;5.00;147;147;9.20;26.73
3600.00;3900.00;2148.00;28.00;E0_1_400m;5.00;179;178;10.62;28.18
3600.00;3900.00;1740.00;26.51;E0_0_500m;5.00;145;145;9.12;26.60
3600.00;3900.00;2172.00;27.77;E0_1_500m;5.00;181;181;10.86;27.93
3600.00;3900.00;1752.00;26.45;E0_0_600m;5.00;146;146;9.20;26.53
3600.00;3900.00;2184.00;27.52;E0_1_600m;5.00;182;182;11.02;27.66
3600.00;3900.00;1716.00;26.42;E0_0_700m;5.00;143;143;9.02;26.49
3600.00;3900.00;2220.00;27.37;E0_1_700m;5.00;185;185;11.27;27.50
3600.00;3900.00;1704.00;26.37;E0_0_800m;5.00;142;142;8.97;26.45
3600.00;3900.00;2244.00;27.23;E0_1_800m;5.00;187;187;11.45;27.35
3600.00;3900.00;1704.00;26.41;E0_0_900m;5.00;142;142;8.96;26.48
3600.00;3900.00;2232.00;27.20;E0_1_900m;5.00;186;186;11.40;27.32
3600.00;3900.00;1656.00;26.42;E0_0_1000m;5.00;138;138;8.70;26.50
3600.00;3900.00;2220.00;27.17;E0_1_1000m;5.00;185;185;11.35;27.29
3600.00;3900.00;1632.00;26.42;E0_0_1100m;5.00;136;136;8.58;26.49
3600.00;3900.00;2208.00;27.23;E0_1_1100m;5.00;184;185;11.30;27.36
3600.00;3900.00;1620.00;26.38;E0_0_1200m;5.00;135;135;8.53;26.45
3600.00;3900.00;2172.00;27.36;E0_1_1200m;5.00;181;182;11.06;27.50
3600.00;3900.00;1656.00;26.31;E0_0_1300m;5.00;138;138;8.74;26.37
3600.00;3900.00;2160.00;27.36;E0_1_1300m;5.00;180;181;11.02;27.50
3600.00;3900.00;1644.00;26.30;E0_0_1400m;5.00;137;137;8.68;26.35
3600.00;3900.00;2148.00;27.26;E0_1_1400m;5.00;179;180;11.01;27.37
3600.00;3900.00;1692.00;26.21;E0_0_1500m;5.00;141;141;8.96;26.26
3600.00;3900.00;2160.00;27.18;E0_1_1500m;5.00;180;180;11.04;27.30
3600.00;3900.00;1668.00;26.20;E0_0_1600m;5.00;139;139;8.84;26.26
3600.00;3900.00;2208.00;27.18;E0_1_1600m;5.00;184;184;11.28;27.30
3600.00;3900.00;1680.00;26.11;E0_0_1700m;5.00;140;139;8.92;26.18
3600.00;3900.00;2208.00;27.11;E0_1_1700m;5.00;184;184;11.31;27.23
3600.00;3900.00;1668.00;26.05;E0_0_1800m;5.00;139;139;8.89;26.11
3600.00;3900.00;2232.00;27.08;E0_1_1800m;5.00;186;186;11.45;27.21
3600.00;3900.00;1680.00;26.10;E0_0_1900m;5.00;140;141;8.95;26.17
3600.00;3900.00;2244.00;27.09;E0_1_1900m;5.00;187;187;11.50;27.24
3600.00;3900.00;1716.00;26.19;E0_0_2000m;5.00;143;143;9.10;26.24
3600.00;3900.00;2232.00;27.14;E0_1_2000m;5.00;186;185;11.41;27.28
3600.00;3900.00;1692.00;26.23;E0_0_2100m;5.00;141;141;8.96;26.29
3600.00;3900.00;2244.00;27.13;E0_1_2100m;5.00;187;187;11.49;27.25
3600.00;3900.00;1728.00;26.12;E0_0_2200m;5.00;144;144;9.19;26.18
3600.00;3900.00;2256.00;26.89;E0_1_2200m;5.00;188;188;11.65;27.00
3600.00;3900.00;1740.00;25.87;E0_0_2300m;5.00;145;145;9.34;25.93
3600.00;3900.00;2268.00;26.64;E0_1_2300m;5.00;189;189;11.83;26.77
3600.00;3900.00;1752.00;25.55;E0_0_2400m;5.00;146;146;9.53;25.62
3600.00;3900.00;2256.00;26.23;E0_1_2400m;5.00;188;188;11.95;26.41
3600.00;3900.00;1740.00;25.11;E0_0_2500m;5.00;145;145;9.62;25.23
3600.00;3900.00;2232.00;25.75;E0_1_2500m;5.00;186;186;12.04;25.98
3600.00;3900.00;1704.00;24.42;E0_0_2600m;5.00;142;141;9.67;24.61
3600.00;3900.00;2256.00;24.96;E0_1_2600m;5.00;188;188;12.55;25.21
3600.00;3900.00;1716.00;23.15;E0_0_2700m;5.00;143;143;10.30;23.42
3600.00;3900.00;2244.00;23.82;E0_1_2700m;5.00;187;187;13.09;24.11
3600.00;3900.00;1728.00;21.70;E0_0_2800m;5.00;144;144;11.06;21.96
3600.00;3900.00;2232.00;22.30;E0_1_2800m;5.00;186;186;13.90;22.64
3600.00;3900.00;1740.00;19.89;E0_0_2900m;5.00;145;144;12.11;20.10
3600.00;3900.00;2208.00;20.43;E0_1_2900m;5.00;184;184;15.01;20.70
3600.00;3900.00;1716.00;17.75;E0_0_3000m;5.00;143;143;13.43;17.80
3600.00;3900.00;2208.00;18.35;E0_1_3000m;5.00;184;183;16.65;18.43
3600.00;3900.00;1812.00;17.61;E0_0_3100m;5.00;151;151;14.29;17.64
3600.00;3900.00;2100.00;18.20;E0_1_3100m;5.00;175;175;16.02;18.31
3600.00;3900.00;1836.00;17.69;E0_0_3200m;5.00;153;153;14.41;17.73
3600.00;3900.00;2040.00;18.15;E0_1_3200m;5.00;170;173;15.75;18.27
3600.00;3900.00;1848.00;17.75;E0_0_3300m;5.00;154;154;14.46;17.77
3600.00;3900.00;2028.00;18.08;E0_1_3300m;5.00;169;169;15.58;18.17
3600.00;3900.00;1848.00;17.75;E0_0_3400m;5.00;154;154;14.46;17.77
3600.00;3900.00;2016.00;18.02;E0_1_3400m;5.00;168;167;15.46;18.06
3600.00;3900.00;1824.00;17.74;E0_0_3500m;5.00;152;153;14.36;17.75
3600.00;3900.00;2004.00;17.96;E0_1_3500m;5.00;167;167;15.50;17.98
3600.00;3900.00;1836.00;17.72;E0_0_3600m;5.00;153;154;14.41;17.73
3600.00;3900.00;2004.00;17.95;E0_1_3600m;5.00;167;167;15.50;17.98
3600.00;3900.00;1848.00;17.73;E0_0_3700m;5.00;154;153;14.46;17.74
3600.00;3900.00;1980.00;17.94;E0_1_3700m;5.00;165;165;15.33;17.94
3600.00;3900.00;1848.00;17.71;E0_0_3800m;5.00;154;154;14.49;17.72
3600.00;3900.00;1992.00;17.91;E0_1_3800m;5.00;166;166;15.45;17.91
3600.00;3900.00;1860.00;17.77;E0_0_3900m;5.00;155;155;14.53;17.78
3600.00;3900.00;1980.00;17.89;E0_1_3900m;5.00;165;165;15.37;17.89
3600.00;3900.00;1872.00;18.94;E0_0_4000m;5.00;156;157;13.71;19.06
3600.00;3900.00;1980.00;19.46;E0_1_4000m;5.00;165;165;14.16;19.64
3600.00;3900.00;1824.00;26.02;E0_0_4100m;5.00;152;152;9.74;26.10
3600.00;3900.00;2040.00;27.00;E0_1_4100m;5.00;170;170;10.50;27.06
3600.00;3900.00;1836.00;26.67;E0_0_4200m;5.00;153;154;9.60;26.79
3600.00;3900.00;2040.00;28.06;E0_1_4200m;5.00;170;170;10.10;28.24
3600.00;3900.00;1800.00;26.33;E0_0_4300m;5.00;150;150;9.49;26.49
3600.00;3900.00;2100.00;27.79;E0_1_4300m;5.00;175;175;10.50;27.98
3600.00;3900.00;1812.00;26.16;E0_0_4400m;5.00;151;150;9.55;26.28
3600.00;3900.00;2112.00;27.42;E0_1_4400m;5.00;176;176;10.70;27.61
3600.00;3900.00;1812.00;25.98;E0_0_4500m;5.00;151;151;9.69;26.07
3600.00;3900.00;2124.00;27.06;E0_1_4500m;5.00;177;177;10.90;27.24
3600.00;3900.00;1776.00;25.84;E0_0_4600m;5.00;148;148;9.55;25.92
3600.00;3900.00;2148.00;26.81;E0_1_4600m;5.00;179;179;11.13;26.98
3600.00;3900.00;1764.00;25.68;E0_0_4700m;5.00;147;147;9.54;25.76
3600.00;3900.00;2136.00;26.65;E0_1_4700m;5.00;178;178;11.13;26.83
3600.00;3900.00;1788.00;25.56;E0_0_4800m;5.00;149;148;9.69;25.64
3600.00;3900.00;2112.00;26.50;E0_1_4800m;5.00;176;176;11.07;26.69
3600.00;3900.00;1788.00;25.40;E0_0_4900m;5.00;149;149;9.78;25.47
3600.00;3900.00;2112.00;26.26;E0_1_4900m;5.00;176;176;11.17;26.43
3600.00;3900.00;1800.00;25.35;E0_0_5000m;5.00;150;150;9.86;25.42
3600.00;3900.00;2112.00;26.06;E0_1_5000m;5.00;176;176;11.25;26.23
3900.00;4200.00;0.00;-1.00;E0_0_0m;-1.00;0;0;0.00;-1.00
3900.00;4200.00;0.00;-1.00;E0_1_0m;-1.00;0;0;0.00;-1.00
3900.00;4200.00;1788.00;26.73;E0_0_100m;5.00;149;149;9.29;26.83
3900.00;4200.00;2124.00;27.76;E0_1_100m;5.00;177;177;10.63;27.89
3900.00;4200.00;1776.00;27.13;E0_0_200m;5.00;148;148;9.09;27.23
3900.00;4200.00;2112.00;28.46;E0_1_200m;5.00;176;177;10.34;28.63
3900.00;4200.00;1776.00;27.05;E0_0_300m;5.00;148;148;9.12;27.14
3900.00;4200.00;2148.00;28.48;E0_1_300m;5.00;179;179;10.47;28.63
3900.00;4200.00;1752.00;26.95;E0_0_400m;5.00;146;146;9.03;27.03
3900.00;4200.00;2160.00;28.24;E0_1_400m;5.00;180;180;10.62;28.36
3900.00;4200.00;1728.00;26.87;E0_0_500m;5.00;144;144;8.93;26.94
3900.00;4200.00;2160.00;28.06;E0_1_500m;5.00;180;180;10.69;28.16
3900.00;4200.00;1716.00;26.85;E0_0_600m;5.00;143;143;8.88;26.96
3900.00;4200.00;2172.00;28.09;E0_1_600m;5.00;181;182;10.80;28.20
3900.00;4200.00;1692.00;26.75;E0_0_700m;5.00;141;141;8.79;26.82
3900.00;4200.00;2184.00;28.03;E0_1_700m;5.00;182;183;10.83;28.14
3900.00;4200.00;1668.00;26.70;E0_0_800m;5.00;139;140;8.70;26.77
3900.00;4200.00;2184.00;28.00;E0_1_800m;5.00;182;182;10.83;28.11
3900.00;4200.00;1680.00;26.57;E0_0_900m;5.00;140;140;8.78;26.64
3900.00;4200.00;2196.00;27.90;E0_1_900m;5.00;183;183;10.93;28.00
3900.00;4200.00;1680.00;26.43;E0_0_1000m;5.00;140;140;8.83;26.49
3900.00;4200.00;2208.00;27.70;E0_1_1000m;5.00;184;184;11.07;27.80
3900.00;4200.00;1692.00;26.28;E0_0_1100m;5.00;141;141;8.94;26.34
3900.00;4200.00;2220.00;27.44;E0_1_1100m;5.00;185;185;11.24;27.54
3900.00;4200.00;1704.00;26.15;E0_0_1200m;5.00;142;142;9.05;26.20
3900.00;4200.00;2256.00;27.20;E0_1_1200m;5.00;188;187;11.48;27.28
3900.00;4200.00;1716.00;26.21;E0_0_1300m;5.00;143;143;9.09;26.24
3900.00;4200.00;2268.00;27.07;E0_1_1300m;5.00;189;188;11.58;27.14
3900.00;4200.00;1752.00;26.03;E0_0_1400m;5.00;146;146;9.35;26.06
3900.00;4200.00;2268.00;26.91;E0_1_1400m;5.00;189;188;11.65;26.98
3900.00;4200.00;1704.00;25.92;E0_0_1500m;5.00;142;142;9.13;25.97
3900.00;4200.00;2244.00;26.73;E0_1_1500m;5.00;187;187;11.66;26.81
3900.00;4200.00;1680.00;25.96;E0_0_1600m;5.00;140;140;8.99;26.01
3900.00;4200.00;2208.00;26.68;E0_1_1600m;5.00;184;185;11.54;26.76
3900.00;4200.00;1668.00;25.93;E0_0_1700m;5.00;139;139;8.94;25.99
3900.00;4200.00;2208.00;26.65;E0_1_1700m;5.00;184;184;11.51;26.76
3900.00;4200.00;1644.00;25.86;E0_0_1800m;5.00;137;138;8.88;25.92
3900.00;4200.00;2208.00;26.58;E0_1_1800m;5.00;184;184;11.54;26.68
3900.00;4200.00;1644.00;25.78;E0_0_1900m;5.00;137;136;8.85;25.83
3900.00;4200.00;2184.00;26.52;E0_1_1900m;5.00;182;182;11.44;26.62
3900.00;4200.00;1620.00;25.82;E0_0_2000m;5.00;135;135;8.71;25.88
3900.00;4200.00;2196.00;26.54;E0_1_2000m;5.00;183;184;11.54;26.63
3900.00;4200.00;1644.00;25.80;E0_0_2100m;5.00;137;137;8.85;25.86
3900.00;4200.00;2172.00;26.49;E0_1_2100m;5.00;181;182;11.41;26.59
3900.00;4200.00;1644.00;25.75;E0_0_2200m;5.00;137;137;8.87;25.82
3900.00;4200.00;2148.00;26.39;E0_1_2200m;5.00;179;179;11.30;26.50
3900.00;4200.00;1608.00;25.58;E0_0_2300m;5.00;134;134;8.73;25.65
3900.00;4200.00;2100.00;26.37;E0_1_2300m;5.00;175;176;11.10;26.50
3900.00;4200.00;1608.00;25.12;E0_0_2400m;5.00;134;134;8.89;25.22
3900.00;4200.00;2124.00;25.97;E0_1_2400m;5.00;177;177;11.36;26.13
3900.00;4200.00;1596.00;24.43;E0_0_2500m;5.00;133;133;9.07;24.57
3900.00;4200.00;2124.00;25.12;E0_1_2500m;5.00;177;177;11.75;25.32
3900.00;4200.00;1608.00;23.24;E0_0_2600m;5.00;134;134;9.61;23.43
3900.00;4200.00;2124.00;23.71;E0_1_2600m;5.00;177;177;12.44;23.95
3900.00;4200.00;1620.00;21.78;E0_0_2700m;5.00;135;135;10.33;21.96
3900.00;4200.00;2148.00;22.18;E0_1_2700m;5.00;179;179;13.45;22.46
3900.00;4200.00;1632.00;20.41;E0_0_2800m;5.00;136;136;11.11;20.57
3900.00;4200.00;2208.00;20.68;E0_1_2800m;5.00;184;184;14.83;20.94
3900.00;4200.00;1680.00;19.11;E0_0_2900m;5.00;140;140;12.21;19.25
3900.00;4200.00;2220.00;19.44;E0_1_2900m;5.00;185;186;15.91;19.62
3900.00;4200.00;1692.00;17.58;E0_0_3000m;5.00;141;141;13.36;17.64
3900.00;4200.00;2220.00;18.11;E0_1_3000m;5.00;185;185;17.03;18.14
3900.00;4200.00;1788.00;17.42;E0_0_3100m;5.00;149;149;14.25;17.48
3900.00;4200.00;2136.00;18.08;E0_1_3100m;5.00;178;178;16.41;18.12
3900.00;4200.00;1836.00;17.63;E0_0_3200m;5.00;153;153;14.47;17.65
3900.00;4200.00;2112.00;18.13;E0_1_3200m;5.00;176;175;16.13;18.20
3900.00;4200.00;1836.00;17.66;E0_0_3300m;5.00;153;154;14.44;17.68
3900.00;4200.00;2100.00;18.06;E0_1_3300m;5.00;175;176;16.22;18.12
3900.00;4200.00;1848.00;17.68;E0_0_3400m;5.00;154;154;14.52;17.69
3900.00;4200.00;2100.00;18.03;E0_1_3400m;5.00;175;175;16.18;18.07
3900.00;4200.00;1860.00;17.65;E0_0_3500m;5.00;155;154;14.56;17.66
3900.00;4200.00;2112.00;17.98;E0_1_3500m;5.00;176;176;16.32;18.00
3900.00;4200.00;1836.00;17.57;E0_0_3600m;5.00;153;153;14.51;17.58
3900.00;4200.00;2124.00;17.93;E0_1_3600m;5.00;177;177;16.46;17.93
3900.00;4200.00;1848.00;17.59;E0_0_3700m;5.00;154;154;14.59;17.60
3900.00;4200.00;2148.00;17.90;E0_1_3700m;5.00;179;179;16.67;17.90
3900.00;4200.00;1872.00;17.59;E0_0_3800m;5.00;156;156;14.78;17.60
3900.00;4200.00;2124.00;17.91;E0_1_3800m;5.00;177;177;16.47;17.91
3900.00;4200.00;1908.00;17.60;E0_0_3900m;5.00;159;159;15.05;17.62
3900.00;4200.00;2100.00;17.97;E0_1_3900m;5.00;175;176;16.25;17.98
3900.00;4200.00;1896.00;18.82;E0_0_4000m;5.00;158;159;14.05;18.90
3900.00;4200.00;2112.00;19.64;E0_1_4000m;5.00;176;176;14.94;19.87
3900.00;4200.00;1848.00;26.53;E0_0_4100m;5.00;154;155;9.69;26.61
3900.00;4200.00;2148.00;27.00;E0_1_4100m;5.00;179;179;11.05;27.08
3900.00;4200.00;1848.00;27.16;E0_0_4200m;5.00;154;154;9.45;27.24
3900.00;4200.00;2184.00;28.10;E0_1_4200m;5.00;182;182;10.79;28.23
3900.00;4200.00;1848.00;27.12;E0_0_4300m;5.00;154;155;9.46;27.19
3900.00;4200.00;2196.00;27.94;E0_1_4300m;5.00;183;183;10.92;28.05
3900.00;4200.00;1836.00;27.08;E0_0_4400m;5.00;153;153;9.42;27.15
3900.00;4200.00;2208.00;27.84;E0_1_4400m;5.00;184;184;11.02;27.92
3900.00;4200.00;1872.00;27.05;E0_0_4500m;5.00;156;156;9.61;27.11
3900.00;4200.00;2184.00;27.79;E0_1_4500m;5.00;182;183;10.94;27.88
3900.00;4200.00;1848.00;26.92;E0_0_4600m;5.00;154;154;9.54;26.98
3900.00;4200.00;2184.00;27.68;E0_1_4600m;5.00;182;182;10.96;27.77
3900.00;4200.00;1860.00;26.73;E0_0_4700m;5.00;155;155;9.67;26.79
3900.00;4200.00;2160.00;27.44;E0_1_4700m;5.00;180;181;10.98;27.52
3900.00;4200.00;1824.00;26.62;E0_0_4800m;5.00;152;153;9.58;26.68
3900.00;4200.00;2196.00;27.35;E0_1_4800m;5.00;183;183;11.15;27.45
3900.00;4200.00;1836.00;26.48;E0_0_4900m;5.00;153;154;9.64;26.54
3900.00;4200.00;2184.00;27.14;E0_1_4900m;5.00;182;183;11.19;27.24
3900.00;4200.00;1848.00;26.29;E0_0_5000m;5.00;154;154;9.76;26.35
3900.00;4200.00;2172.00;27.06;E0_1_5000m;5.00;181;181;11.15;27.15
4200.00;4500.00;0.00;-1.00;E0_0_0m;-1.00;0;0;0.00;-1.00
4200.00;4500.00;0.00;-1.00;E0_1_0m;-1.00;0;0;0.00;-1.00
4200.00;4500.00;1812.00;24.38;E0_0_100m;5.00;151;150;10.29;24.57
4200.00;4500.00;2196.00;25.57;E0_1_100m;5.00;183;183;11.93;25.80
4200.00;4500.00;1812.00;24.91;E0_0_200m;5.00;151;151;10.10;25.14
4200.00;4500.00;2196.00;26.58;E0_1_200m;5.00;183;183;11.47;26.96
4200.00;4500.00;1812.00;25.18;E0_0_300m;5.00;151;152;10.06;25.40
4200.00;4500.00;2148.00;26.87;E0_1_300m;5.00;179;179;11.10;27.33
4200.00;4500.00;1800.00;25.40;E0_0_400m;5.00;150;150;9.84;25.62
4200.00;4500.00;2124.00;26.97;E0_1_400m;5.00;177;178;10.99;27.38
4200.00;4500.00;1788.00;25.49;E0_0_500m;5.00;149;150;9.75;25.69
4200.00;4500.00;2124.00;27.04;E0_1_500m;5.00;177;177;10.91;27.41
4200.00;4500.00;1740.00;25.54;E0_0_600m;5.00;145;145;9.46;25.73
4200.00;4500.00;2136.00;27.06;E0_1_600m;5.00;178;178;10.96;27.40
4200.00;4500.00;1716.00;25.49;E0_0_700m;5.00;143;143;9.35;25.65
4200.00;4500.00;2148.00;27.11;E0_1_700m;5.00;179;178;11.00;27.42
4200.00;4500.00;1704.00;25.51;E0_0_800m;5.00;142;141;9.26;25.65
4200.00;4500.00;2148.00;27.16;E0_1_800m;5.00;179;179;10.98;27.45
4200.00;4500.00;1692.00;25.53;E0_0_900m;5.00;141;141;9.21;25.66
4200.00;4500.00;2136.00;27.15;E0_1_900m;5.00;178;178;10.93;27.39
4200.00;4500.00;1692.00;25.53;E0_0_1000m;5.00;141;141;9.21;25.62
4200.00;4500.00;2100.00;27.25;E0_1_1000m;5.00;175;175;10.70;27.46
4200.00;4500.00;1656.00;25.72;E0_0_1100m;5.00;138;138;8.94;25.79
4200.00;4500.00;2112.00;27.35;E0_1_1100m;5.00;176;176;10.73;27.51
4200.00;4500.00;1668.00;25.77;E0_0_1200m;5.00;139;140;9.01;25.85
4200.00;4500.00;2136.00;27.39;E0_1_1200m;5.00;178;178;10.83;27.56
4200.00;4500.00;1632.00;25.73;E0_0_1300m;5.00;136;136;8.81;25.82
4200.00;4500.00;2160.00;27.53;E0_1_1300m;5.00;180;180;10.90;27.69
4200.00;4500.00;1620.00;25.67;E0_0_1400m;5.00;135;135;8.77;25.75
4200.00;4500.00;2148.00;27.58;E0_1_1400m;5.00;179;179;10.82;27.74
4200.00;4500.00;1620.00;25.60;E0_0_1500m;5.00;135;135;8.79;25.68
4200.00;4500.00;2160.00;27.61;E0_1_1500m;5.00;180;180;10.86;27.76
4200.00;4500.00;1632.00;25.55;E0_0_1600m;5.00;136;136;8.87;25.63
4200.00;4500.00;2160.00;27.69;E0_1_1600m;5.00;180;179;10.79;27.83
4200.00;4500.00;1644.00;25.44;E0_0_1700m;5.00;137;138;8.98;25.53
4200.00;4500.00;2136.00;27.72;E0_1_1700m;5.00;178;178;10.70;27.83
4200.00;4500.00;1632.00;25.44;E0_0_1800m;5.00;136;135;8.85;25.52
4200.00;4500.00;2148.00;27.66;E0_1_1800m;5.00;179;179;10.78;27.78
4200.00;4500.00;1644.00;25.43;E0_0_1900m;5.00;137;137;8.98;25.50
4200.00;4500.00;2112.00;27.65;E0_1_1900m;5.00;176;176;10.61;27.77
4200.00;4500.00;1632.00;25.31;E0_0_2000m;5.00;136;136;8.96;25.37
4200.00;4500.00;2124.00;27.52;E0_1_2000m;5.00;177;176;10.67;27.64
4200.00;4500.00;1632.00;25.23;E0_0_2100m;5.00;136;136;8.98;25.30
4200.00;4500.00;2124.00;27.39;E0_1_2100m;5.00;177;176;10.75;27.52
4200.00;4500.00;1668.00;25.22;E0_0_2200m;5.00;139;139;9.19;25.29
4200.00;4500.00;2124.00;27.31;E0_1_2200m;5.00;177;178;10.84;27.44
4200.00;4500.00;1704.00;25.12;E0_0_2300m;5.00;142;142;9.42;25.18
4200.00;4500.00;2172.00;27.20;E0_1_2300m;5.00;181;180;11.05;27.35
4200.00;4500.00;1716.00;24.86;E0_0_2400m;5.00;143;143;9.59;24.91
4200.00;4500.00;2172.00;26.69;E0_1_2400m;5.00;181;181;11.30;26.85
4200.00;4500.00;1740.00;24.07;E0_0_2500m;5.00;145;145;10.04;24.16
4200.00;4500.00;2172.00;25.51;E0_1_2500m;5.00;181;181;11.83;25.70
4200.00;4500.00;1752.00;22.45;E0_0_2600m;5.00;146;146;10.84;22.70
4200.00;4500.00;2220.00;23.69;E0_1_2600m;5.00;185;185;13.02;23.98
4200.00;4500.00;1728.00;20.32;E0_0_2700m;5.00;144;144;11.81;20.67
4200.00;4500.00;2184.00;21.20;E0_1_2700m;5.00;182;182;14.31;21.63
4200.00;4500.00;1680.00;18.06;E0_0_2800m;5.00;140;140;12.92;18.35
4200.00;4500.00;2148.00;18.33;E0_1_2800m;5.00;179;179;16.27;18.79
4200.00;4500.00;1704.00;16.46;E0_0_2900m;5.00;142;142;14.37;16.66
4200.00;4500.00;2076.00;15.96;E0_1_2900m;5.00;173;173;18.06;16.34
4200.00;4500.00;1740.00;14.10;E0_0_3000m;5.00;145;145;17.14;14.20
4200.00;4500.00;2028.00;13.79;E0_1_3000m;5.00;169;169;20.43;13.86
4200.00;4500.00;1788.00;13.51;E0_0_3100m;5.00;149;149;18.38;13.54
4200.00;4500.00;1968.00;13.48;E0_1_3100m;5.00;164;164;20.28;13.48
4200.00;4500.00;1800.00;13.46;E0_0_3200m;5.00;150;151;18.58;13.47
4200.00;4500.00;1932.00;13.45;E0_1_3200m;5.00;161;161;19.95;13.46
4200.00;4500.00;1800.00;13.44;E0_0_3300m;5.00;150;151;18.65;13.45
4200.00;4500.00;1920.00;13.44;E0_1_3300m;5.00;160;159;19.78;13.44
4200.00;4500.00;1812.00;13.42;E0_0_3400m;5.00;151;151;18.76;13.42
4200.00;4500.00;1920.00;13.42;E0_1_3400m;5.00;160;160;19.87;13.42
4200.00;4500.00;1812.00;13.41;E0_0_3500m;5.00;151;151;18.77;13.41
4200.00;4500.00;1932.00;13.43;E0_1_3500m;5.00;161;161;19.98;13.43
4200.00;4500.00;1812.00;13.42;E0_0_3600m;5.00;151;151;18.75;13.43
4200.00;4500.00;1920.00;13.43;E0_1_3600m;5.00;160;160;19.86;13.43
4200.00;4500.00;1824.00;13.42;E0_0_3700m;5.00;152;152;18.88;13.42
4200.00;4500.00;1860.00;13.42;E0_1_3700m;5.00;155;155;19.25;13.42
4200.00;4500.00;1812.00;13.42;E0_0_3800m;5.00;151;151;18.76;13.42
4200.00;4500.00;1860.00;13.38;E0_1_3800m;5.00;155;155;19.30;13.39
4200.00;4500.00;1812.00;13.40;E0_0_3900m;5.00;151;151;18.79;13.40
4200.00;4500.00;1848.00;13.38;E0_1_3900m;5.00;154;153;19.17;13.39
4200.00;4500.00;1800.00;14.70;E0_0_4000m;5.00;150;150;17.01;14.82
4200.00;4500.00;1860.00;15.20;E0_1_4000m;5.00;155;155;16.99;15.46
4200.00;4500.00;1812.00;25.37;E0_0_4100m;5.00;151;151;9.92;25.40
4200.00;4500.00;1824.00;26.19;E0_1_4100m;5.00;152;153;9.72;26.21
4200.00;4500.00;1764.00;27.49;E0_0_4200m;5.00;147;147;8.91;27.62
4200.00;4500.00;1872.00;29.99;E0_1_4200m;5.00;156;156;8.67;30.14
4200.00;4500.00;1752.00;27.40;E0_0_4300m;5.00;146;145;8.88;27.51
4200.00;4500.00;1860.00;30.37;E0_1_4300m;5.00;155;155;8.51;30.58
4200.00;4500.00;1728.00;27.25;E0_0_4400m;5.00;144;144;8.81;27.36
4200.00;4500.00;1884.00;30.20;E0_1_4400m;5.00;157;157;8.67;30.40
4200.00;4500.00;1668.00;27.05;E0_0_4500m;5.00;139;139;8.57;27.15
4200.00;4500.00;1932.00;29.97;E0_1_4500m;5.00;161;160;8.93;30.13
4200.00;4500.00;1656.00;26.88;E0_0_4600m;5.00;138;138;8.56;27.01
4200.00;4500.00;1944.00;29.78;E0_1_4600m;5.00;162;162;9.07;29.91
4200.00;4500.00;1680.00;26.82;E0_0_4700m;5.00;140;140;8.70;26.95
4200.00;4500.00;1920.00;29.67;E0_1_4700m;5.00;160;159;8.94;29.80
4200.00;4500.00;1680.00;26.70;E0_0_4800m;5.00;140;140;8.74;26.83
4200.00;4500.00;1920.00;29.38;E0_1_4800m;5.00;160;160;9.08;29.51
4200.00;4500.00;1680.00;26.61;E0_0_4900m;5.00;140;141;8.77;26.74
4200.00;4500.00;1920.00;29.19;E0_1_4900m;5.00;160;160;9.13;29.32
4200.00;4500.00;1680.00;26.65;E0_0_5000m;5.00;140;141;8.76;26.76
4200.00;4500.00;1896.00;29.09;E0_1_5000m;5.00;158;158;9.05;29.23
4500.00;4800.00;0.00;-1.00;E0_0_0m;-1.00;0;0;0.00;-1.00
4500.00;4800.00;0.00;-1.00;E0_1_0m;-1.00;0;0;0.00;-1.00
4500.00;4800.00;1836.00;23.98;E0_0_100m;5.00;153;153;10.64;24.21
4500.00;4800.00;2112.00;25.28;E0_1_100m;5.00;176;176;11.60;25.47
4500.00;4800.00;1836.00;24.42;E0_0_200m;5.00;153;153;10.44;24.75
4500.00;4800.00;2112.00;26.08;E0_1_200m;5.00;176;176;11.25;26.42
4500.00;4800.00;1860.00;24.23;E0_0_300m;5.00;155;155;10.66;24.53
4500.00;4800.00;2148.00;25.89;E0_1_300m;5.00;179;179;11.52;26.26
4500.00;4800.00;1884.00;23.89;E0_0_400m;5.00;157;157;10.95;24.21
4500.00;4800.00;2172.00;25.52;E0_1_400m;5.00;181;180;11.77;25.90
4500.00;4800.00;1896.00;23.54;E0_0_500m;5.00;158;157;11.18;23.86
4500.00;4800.00;2220.00;25.18;E0_1_500m;5.00;185;185;12.24;25.56
4500.00;4800.00;1920.00;23.16;E0_0_600m;5.00;160;160;11.51;23.49
4500.00;4800.00;2232.00;24.87;E0_1_600m;5.00;186;186;12.47;25.23
4500.00;4800.00;1944.00;22.79;E0_0_700m;5.00;162;162;11.85;23.09
4500.00;4800.00;2208.00;24.46;E0_1_700m;5.00;184;185;12.59;24.83
4500.00;4800.00;1944.00;22.59;E0_0_800m;5.00;162;162;11.95;22.83
4500.00;4800.00;2232.00;23.94;E0_1_800m;5.00;186;186;12.95;24.29
4500.00;4800.00;1968.00;22.48;E0_0_900m;5.00;164;164;12.16;22.68
4500.00;4800.00;2256.00;23.54;E0_1_900m;5.00;188;188;13.31;23.87
4500.00;4800.00;2004.00;22.51;E0_0_1000m;5.00;167;167;12.37;22.67
4500.00;4800.00;2268.00;23.27;E0_1_1000m;5.00;189;189;13.54;23.59
4500.00;4800.00;2016.00;22.47;E0_0_1100m;5.00;168;168;12.46;22.64
4500.00;4800.00;2268.00;23.01;E0_1_1100m;5.00;189;189;13.69;23.32
4500.00;4800.00;1980.00;22.28;E0_0_1200m;5.00;165;165;12.34;22.47
4500.00;4800.00;2232.00;22.95;E0_1_1200m;5.00;186;186;13.51;23.24
4500.00;4800.00;1968.00;22.24;E0_0_1300m;5.00;164;164;12.29;22.41
4500.00;4800.00;2208.00;22.87;E0_1_1300m;5.00;184;184;13.41;23.14
4500.00;4800.00;1968.00;22.14;E0_0_1400m;5.00;164;164;12.35;22.30
4500.00;4800.00;2220.00;22.89;E0_1_1400m;5.00;185;185;13.47;23.16
4500.00;4800.00;1932.00;21.96;E0_0_1500m;5.00;161;162;12.26;22.16
4500.00;4800.00;2232.00;23.00;E0_1_1500m;5.00;186;186;13.48;23.26
4500.00;4800.00;1932.00;22.15;E0_0_1600m;5.00;161;161;12.12;22.32
4500.00;4800.00;2232.00;23.02;E0_1_1600m;5.00;186;186;13.46;23.27
4500.00;4800.00;1932.00;22.32;E0_0_1700m;5.00;161;160;12.02;22.47
4500.00;4800.00;2220.00;23.01;E0_1_1700m;5.00;185;186;13.41;23.22
4500.00;4800.00;1920.00;22.13;E0_0_1800m;5.00;160;160;12.05;22.24
4500.00;4800.00;2220.00;22.73;E0_1_1800m;5.00;185;185;13.57;22.88
4500.00;4800.00;1896.00;21.56;E0_0_1900m;5.00;158;158;12.21;21.69
4500.00;4800.00;2208.00;21.93;E0_1_1900m;5.00;184;185;14.03;22.06
4500.00;4800.00;1908.00;20.57;E0_0_2000m;5.00;159;160;12.92;20.84
4500.00;4800.00;2184.00;20.99;E0_1_2000m;5.00;182;182;14.45;21.23
4500.00;4800.00;1944.00;19.80;E0_0_2100m;5.00;162;162;13.64;20.18
4500.00;4800.00;2172.00;19.98;E0_1_2100m;5.00;181;181;15.10;20.43
4500.00;4800.00;1944.00;19.25;E0_0_2200m;5.00;162;162;14.02;19.72
4500.00;4800.00;2184.00;19.05;E0_1_2200m;5.00;182;181;15.89;19.80
4500.00;4800.00;1956.00;18.88;E0_0_2300m;5.00;163;163;14.39;19.34
4500.00;4800.00;2172.00;18.10;E0_1_2300m;5.00;181;181;16.66;18.98
4500.00;4800.00;1944.00;18.60;E0_0_2400m;5.00;162;162;14.51;19.06
4500.00;4800.00;2148.00;17.53;E0_1_2400m;5.00;179;179;17.02;18.48
4500.00;4800.00;1920.00;18.39;E0_0_2500m;5.00;160;160;14.50;18.85
4500.00;4800.00;2136.00;17.16;E0_1_2500m;5.00;178;178;17.29;18.18
4500.00;4800.00;1896.00;18.13;E0_0_2600m;5.00;158;158;14.53;18.57
4500.00;4800.00;2064.00;16.64;E0_1_2600m;5.00;172;172;17.23;17.67
4500.00;4800.00;1896.00;17.82;E0_0_2700m;5.00;158;158;14.77;18.18
4500.00;4800.00;2052.00;15.99;E0_1_2700m;5.00;171;171;17.82;16.90
4500.00;4800.00;1884.00;17.13;E0_0_2800m;5.00;157;157;15.28;17.42
4500.00;4800.00;2040.00;15.34;E0_1_2800m;5.00;170;171;18.52;16.01
4500.00;4800.00;1860.00;15.73;E0_0_2900m;5.00;155;155;16.43;16.00
4500.00;4800.00;2040.00;14.56;E0_1_2900m;5.00;170;170;19.46;14.95
4500.00;4800.00;1848.00;13.71;E0_0_3000m;5.00;154;154;18.71;13.78
4500.00;4800.00;2028.00;13.63;E0_1_3000m;5.00;169;170;20.73;13.72
4500.00;4800.00;1872.00;13.49;E0_0_3100m;5.00;156;156;19.27;13.51
4500.00;4800.00;2004.00;13.45;E0_1_3100m;5.00;167;167;20.70;13.45
4500.00;4800.00;1872.00;13.43;E0_0_3200m;5.00;156;155;19.34;13.44
4500.00;4800.00;2016.00;13.44;E0_1_3200m;5.00;168;168;20.83;13.46
4500.00;4800.00;1872.00;13.42;E0_0_3300m;5.00;156;155;19.32;13.42
4500.00;4800.00;2004.00;13.43;E0_1_3300m;5.00;167;167;20.73;13.45
4500.00;4800.00;1848.00;13.42;E0_0_3400m;5.00;154;154;19.12;13.42
4500.00;4800.00;1980.00;13.42;E0_1_3400m;5.00;165;165;20.49;13.43
4500.00;4800.00;1836.00;13.42;E0_0_3500m;5.00;153;153;19.00;13.42
4500.00;4800.00;1944.00;13.41;E0_1_3500m;5.00;162;163;20.23;13.41
4500.00;4800.00;1836.00;13.41;E0_0_3600m;5.00;153;154;19.12;13.41
4500.00;4800.00;1932.00;13.43;E0_1_3600m;5.00;161;161;19.98;13.43
4500.00;4800.00;1836.00;13.41;E0_0_3700m;5.00;153;153;19.02;13.41
4500.00;4800.00;1944.00;13.41;E0_1_3700m;5.00;162;162;20.13;13.41
4500.00;4800.00;1836.00;13.41;E0_0_3800m;5.00;153;153;19.02;13.41
4500.00;4800.00;1920.00;13.41;E0_1_3800m;5.00;160;160;19.89;13.41
4500.00;4800.00;1836.00;13.41;E0_0_3900m;5.00;153;153;19.02;13.41
4500.00;4800.00;1908.00;13.41;E0_1_3900m;5.00;159;159;19.76;13.41
4500.00;4800.00;1824.00;14.48;E0_0_4000m;5.00;152;152;17.50;14.57
4500.00;4800.00;1896.00;14.97;E0_1_4000m;5.00;158;158;17.59;15.14
4500.00;4800.00;1836.00;25.03;E0_0_4100m;5.00;153;154;10.21;25.10
4500.00;4800.00;1896.00;25.80;E0_1_4100m;5.00;158;157;10.16;25.84
4500.00;4800.00;1788.00;26.62;E0_0_4200m;5.00;149;149;9.33;26.81
4500.00;4800.00;1896.00;28.98;E0_1_4200m;5.00;158;159;9.12;29.17
4500.00;4800.00;1764.00;26.44;E0_0_4300m;5.00;147;147;9.27;26.63
4500.00;4800.00;1908.00;29.34;E0_1_4300m;5.00;159;159;9.03;29.57
4500.00;4800.00;1752.00;26.13;E0_0_4400m;5.00;146;147;9.36;26.30
4500.00;4800.00;1932.00;29.14;E0_1_4400m;5.00;161;161;9.21;29.35
4500.00;4800.00;1764.00;25.87;E0_0_4500m;5.00;147;147;9.47;26.05
4500.00;4800.00;1920.00;28.94;E0_1_4500m;5.00;160;160;9.21;29.15
4500.00;4800.00;1788.00;25.83;E0_0_4600m;5.00;149;150;9.68;26.01
4500.00;4800.00;1884.00;29.03;E0_1_4600m;5.00;157;157;9.01;29.28
4500.00;4800.00;1776.00;25.63;E0_0_4700m;5.00;148;148;9.62;25.81
4500.00;4800.00;1884.00;28.89;E0_1_4700m;5.00;157;158;9.07;29.14
4500.00;4800.00;1752.00;25.56;E0_0_4800m;5.00;146;146;9.52;25.74
4500.00;4800.00;1908.00;28.67;E0_1_4800m;5.00;159;159;9.24;28.89
4500.00;4800.00;1764.00;25.34;E0_0_4900m;5.00;147;146;9.66;25.51
4500.00;4800.00;1896.00;28.40;E0_1_4900m;5.00;158;159;9.28;28.62
4500.00;4800.00;1764.00;25.16;E0_0_5000m;5.00;147;146;9.73;25.29
4500.00;4800.00;1920.00;28.25;E0_1_5000m;5.00;160;160;9.44;28.46
4800.00;5100.00;0.00;-1.00;E0_0_0m;-1.00;0;0;0.00;-1.00
4800.00;5100.00;0.00;-1.00;E0_1_0m;-1.00;0;0;0.00;-1.00
4800.00;5100.00;1716.00;24.72;E0_0_100m;5.00;143;144;9.65;24.90
4800.00;5100.00;2160.00;26.03;E0_1_100m;5.00;180;180;11.53;26.17
4800.00;5100.00;1692.00;25.47;E0_0_200m;5.00;141;142;9.28;25.71
4800.00;5100.00;2184.00;27.36;E0_1_200m;5.00;182;182;11.09;27.56
4800.00;5100.00;1632.00;25.71;E0_0_300m;5.00;136;136;8.82;25.92
4800.00;5100.00;2196.00;27.62;E0_1_300m;5.00;183;184;11.07;27.81
4800.00;5100.00;1620.00;25.76;E0_0_400m;5.00;135;135;8.73;25.97
4800.00;5100.00;2208.00;27.66;E0_1_400m;5.00;184;184;11.09;27.83
4800.00;5100.00;1632.00;25.82;E0_0_500m;5.00;136;136;8.78;26.04
4800.00;5100.00;2160.00;27.64;E0_1_500m;5.00;180;181;10.88;27.81
4800.00;5100.00;1608.00;25.73;E0_0_600m;5.00;134;135;8.71;25.91
4800.00;5100.00;2160.00;27.61;E0_1_600m;5.00;180;180;10.87;27.76
4800.00;5100.00;1620.00;25.60;E0_0_700m;5.00;135;136;8.83;25.77
4800.00;5100.00;2148.00;27.60;E0_1_700m;5.00;179;178;10.75;27.75
4800.00;5100.00;1620.00;25.61;E0_0_800m;5.00;135;135;8.79;25.77
4800.00;5100.00;2136.00;27.52;E0_1_800m;5.00;178;178;10.78;27.66
4800.00;5100.00;1584.00;25.40;E0_0_900m;5.00;132;132;8.66;25.58
4800.00;5100.00;2136.00;27.52;E0_1_900m;5.00;178;178;10.78;27.64
4800.00;5100.00;1596.00;25.32;E0_0_1000m;5.00;133;133;8.75;25.51
4800.00;5100.00;2100.00;27.27;E0_1_1000m;5.00;175;176;10.76;27.40
4800.00;5100.00;1560.00;25.33;E0_0_1100m;5.00;130;130;8.55;25.52
4800.00;5100.00;2148.00;26.95;E0_1_1100m;5.00;179;179;11.07;27.13
4800.00;5100.00;1572.00;25.24;E0_0_1200m;5.00;131;131;8.65;25.44
4800.00;5100.00;2172.00;26.80;E0_1_1200m;5.00;181;181;11.26;27.01
4800.00;5100.00;1548.00;25.08;E0_0_1300m;5.00;129;130;8.63;25.30
4800.00;5100.00;2196.00;26.88;E0_1_1300m;5.00;183;183;11.35;27.14
4800.00;5100.00;1560.00;25.06;E0_0_1400m;5.00;130;130;8.64;25.27
4800.00;5100.00;2172.00;26.90;E0_1_1400m;5.00;181;181;11.21;27.13
4800.00;5100.00;1584.00;24.91;E0_0_1500m;5.00;132;132;8.83;25.14
4800.00;5100.00;2184.00;26.98;E0_1_1500m;5.00;182;182;11.24;27.21
4800.00;5100.00;1596.00;24.83;E0_0_1600m;5.00;133;133;8.93;25.07
4800.00;5100.00;2172.00;26.98;E0_1_1600m;5.00;181;181;11.18;27.25
4800.00;5100.00;1620.00;24.81;E0_0_1700m;5.00;135;135;9.07;25.04
4800.00;5100.00;2184.00;27.01;E0_1_1700m;5.00;182;181;11.23;27.30
4800.00;5100.00;1632.00;24.71;E0_0_1800m;5.00;136;136;9.17;24.97
4800.00;5100.00;2244.00;26.76;E0_1_1800m;5.00;187;187;11.65;27.10
4800.00;5100.00;1716.00;24.43;E0_0_1900m;5.00;143;143;9.76;24.71
4800.00;5100.00;2256.00;26.32;E0_1_1900m;5.00;188;187;11.86;26.75
4800.00;5100.00;1728.00;24.01;E0_0_2000m;5.00;144;143;9.96;24.31
4800.00;5100.00;2256.00;25.78;E0_1_2000m;5.00;188;189;12.20;26.25
4800.00;5100.00;1716.00;23.30;E0_0_2100m;5.00;143;144;10.28;23.60
4800.00;5100.00;2256.00;24.91;E0_1_2100m;5.00;188;189;12.62;25.32
4800.00;5100.00;1740.00;22.12;E0_0_2200m;5.00;145;145;10.93;22.38
4800.00;5100.00;2232.00;23.40;E0_1_2200m;5.00;186;186;13.25;23.67
4800.00;5100.00;1728.00;20.71;E0_0_2300m;5.00;144;144;11.59;20.94
4800.00;5100.00;2220.00;21.29;E0_1_2300m;5.00;185;185;14.48;21.46
4800.00;5100.00;1752.00;19.03;E0_0_2400m;5.00;146;146;12.79;19.17
4800.00;5100.00;2208.00;19.20;E0_1_2400m;5.00;184;184;15.97;19.38
4800.00;5100.00;1788.00;17.61;E0_0_2500m;5.00;149;149;14.10;17.73
4800.00;5100.00;2196.00;17.38;E0_1_2500m;5.00;183;183;17.55;17.59
4800.00;5100.00;1836.00;16.96;E0_0_2600m;5.00;153;153;15.04;17.06
4800.00;5100.00;2172.00;15.97;E0_1_2600m;5.00;181;181;18.90;16.20
4800.00;5100.00;1860.00;16.81;E0_0_2700m;5.00;155;155;15.37;16.87
4800.00;5100.00;2148.00;14.73;E0_1_2700m;5.00;179;179;20.25;14.94
4800.00;5100.00;1872.00;16.55;E0_0_2800m;5.00;156;157;15.74;16.58
4800.00;5100.00;2148.00;14.09;E0_1_2800m;5.00;179;178;21.11;14.23
4800.00;5100.00;1884.00;15.68;E0_0_2900m;5.00;157;157;16.69;15.75
4800.00;5100.00;2148.00;13.66;E0_1_2900m;5.00;179;179;21.85;13.69
4800.00;5100.00;1872.00;13.79;E0_0_3000m;5.00;156;157;18.95;13.83
4800.00;5100.00;2148.00;13.42;E0_1_3000m;5.00;179;179;22.26;13.42
4800.00;5100.00;1896.00;13.48;E0_0_3100m;5.00;158;158;19.54;13.48
4800.00;5100.00;2136.00;13.40;E0_1_3100m;5.00;178;178;22.13;13.40
4800.00;5100.00;1896.00;13.43;E0_0_3200m;5.00;158;158;19.61;13.43
4800.00;5100.00;2112.00;13.40;E0_1_3200m;5.00;176;176;21.88;13.40
4800.00;5100.00;1920.00;13.42;E0_0_3300m;5.00;160;160;19.88;13.42
4800.00;5100.00;2112.00;13.40;E0_1_3300m;5.00;176;176;21.89;13.40
4800.00;5100.00;1956.00;13.41;E0_0_3400m;5.00;163;163;20.26;13.41
4800.00;5100.00;2100.00;13.40;E0_1_3400m;5.00;175;176;21.89;13.40
4800.00;5100.00;1968.00;13.41;E0_0_3500m;5.00;164;164;20.38;13.41
4800.00;5100.00;2112.00;13.41;E0_1_3500m;5.00;176;175;21.78;13.41
4800.00;5100.00;1980.00;13.41;E0_0_3600m;5.00;165;164;20.40;13.41
4800.00;5100.00;2100.00;13.40;E0_1_3600m;5.00;175;175;21.76;13.40
4800.00;5100.00;1980.00;13.41;E0_0_3700m;5.00;165;165;20.51;13.41
4800.00;5100.00;2100.00;13.40;E0_1_3700m;5.00;175;175;21.77;13.40
4800.00;5100.00;1992.00;13.41;E0_0_3800m;5.00;166;166;20.64;13.41
4800.00;5100.00;2088.00;13.41;E0_1_3800m;5.00;174;175;21.75;13.41
4800.00;5100.00;2004.00;13.41;E0_0_3900m;5.00;167;167;20.76;13.41
4800.00;5100.00;2100.00;13.41;E0_1_3900m;5.00;175;175;21.75;13.41
4800.00;5100.00;2028.00;14.77;E0_0_4000m;5.00;169;169;19.07;14.91
4800.00;5100.00;2076.00;15.23;E0_1_4000m;5.00;173;173;18.94;15.48
4800.00;5100.00;2004.00;24.44;E0_0_4100m;5.00;167;167;11.39;24.58
4800.00;5100.00;2100.00;25.61;E0_1_4100m;5.00;175;175;11.39;25.69
4800.00;5100.00;1992.00;25.32;E0_0_4200m;5.00;166;166;10.93;25.57
4800.00;5100.00;2124.00;27.82;E0_1_4200m;5.00;177;177;10.60;28.10
4800.00;5100.00;1980.00;25.13;E0_0_4300m;5.00;165;165;10.94;25.37
4800.00;5100.00;2160.00;27.55;E0_1_4300m;5.00;180;180;10.89;27.89
4800.00;5100.00;1968.00;24.82;E0_0_4400m;5.00;164;163;10.96;25.04
4800.00;5100.00;2148.00;26.98;E0_1_4400m;5.00;179;179;11.06;27.32
4800.00;5100.00;1956.00;24.44;E0_0_4500m;5.00;163;163;11.11;24.65
4800.00;5100.00;2148.00;26.56;E0_1_4500m;5.00;179;179;11.23;26.92
4800.00;5100.00;1932.00;24.07;E0_0_4600m;5.00;161;161;11.15;24.31
4800.00;5100.00;2160.00;26.24;E0_1_4600m;5.00;180;180;11.43;26.61
4800.00;5100.00;1944.00;23.86;E0_0_4700m;5.00;162;162;11.32;24.13
4800.00;5100.00;2172.00;26.05;E0_1_4700m;5.00;181;182;11.61;26.44
4800.00;5100.00;1932.00;24.02;E0_0_4800m;5.00;161;161;11.17;24.25
4800.00;5100.00;2160.00;25.83;E0_1_4800m;5.00;180;181;11.66;26.26
4800.00;5100.00;1932.00;23.93;E0_0_4900m;5.00;161;161;11.21;24.11
4800.00;5100.00;2172.00;25.54;E0_1_4900m;5.00;181;181;11.81;25.95
4800.00;5100.00;1956.00;23.69;E0_0_5000m;5.00;163;163;11.47;23.85
4800.00;5100.00;2172.00;25.01;E0_1_5000m;5.00;181;181;12.06;25.40
5100.00;5400.00;0.00;-1.00;E0_0_0m;-1.00;0;0;0.00;-1.00
5100.00;5400.00;0.00;-1.00;E0_1_0m;-1.00;0;0;0.00;-1.00
5100.00;5400.00;1764.00;25.87;E0_0_100m;5.00;147;146;9.46;26.02
5100.00;5400.00;2004.00;26.98;E0_1_100m;5.00;167;167;10.32;27.13
5100.00;5400.00;1728.00;26.57;E0_0_200m;5.00;144;143;8.97;26.77
5100.00;5400.00;2028.00;28.20;E0_1_200m;5.00;169;169;9.99;28.41
5100.00;5400.00;1704.00;26.60;E0_0_300m;5.00;142;143;8.91;26.81
5100.00;5400.00;2040.00;28.48;E0_1_300m;5.00;170;169;9.92;28.72
5100.00;5400.00;1716.00;26.57;E0_0_400m;5.00;143;143;8.97;26.78
5100.00;5400.00;2016.00;28.65;E0_1_400m;5.00;168;168;9.77;28.87
5100.00;5400.00;1716.00;26.51;E0_0_500m;5.00;143;143;8.99;26.73
5100.00;5400.00;2040.00;28.38;E0_1_500m;5.00;170;169;9.96;28.59
5100.00;5400.00;1728.00;26.29;E0_0_600m;5.00;144;144;9.13;26.50
5100.00;5400.00;2028.00;28.10;E0_1_600m;5.00;169;169;10.02;28.32
5100.00;5400.00;1692.00;26.32;E0_0_700m;5.00;141;140;8.89;26.47
5100.00;5400.00;2088.00;27.82;E0_1_700m;5.00;174;174;10.42;28.02
5100.00;5400.00;1668.00;26.23;E0_0_800m;5.00;139;139;8.83;26.37
5100.00;5400.00;2112.00;27.65;E0_1_800m;5.00;176;176;10.61;27.87
5100.00;5400.00;1632.00;25.98;E0_0_900m;5.00;136;137;8.73;26.13
5100.00;5400.00;2172.00;27.51;E0_1_900m;5.00;181;181;10.96;27.75
5100.00;5400.00;1620.00;25.80;E0_0_1000m;5.00;135;135;8.72;25.95
5100.00;5400.00;2196.00;27.49;E0_1_1000m;5.00;183;182;11.03;27.73
5100.00;5400.00;1644.00;25.67;E0_0_1100m;5.00;137;138;8.91;25.81
5100.00;5400.00;2196.00;27.32;E0_1_1100m;5.00;183;183;11.16;27.59
5100.00;5400.00;1620.00;25.48;E0_0_1200m;5.00;135;135;8.83;25.64
5100.00;5400.00;2208.00;27.21;E0_1_1200m;5.00;184;184;11.27;27.45
5100.00;5400.00;1620.00;25.44;E0_0_1300m;5.00;135;135;8.84;25.58
5100.00;5400.00;2208.00;27.06;E0_1_1300m;5.00;184;184;11.33;27.31
5100.00;5400.00;1608.00;25.38;E0_0_1400m;5.00;134;134;8.80;25.51
5100.00;5400.00;2208.00;26.87;E0_1_1400m;5.00;184;185;11.44;27.13
5100.00;5400.00;1608.00;25.25;E0_0_1500m;5.00;134;134;8.85;25.37
5100.00;5400.00;2220.00;26.66;E0_1_1500m;5.00;185;185;11.57;26.91
5100.00;5400.00;1620.00;25.16;E0_0_1600m;5.00;135;135;8.94;25.28
5100.00;5400.00;2232.00;26.44;E0_1_1600m;5.00;186;186;11.72;26.69
5100.00;5400.00;1608.00;24.98;E0_0_1700m;5.00;134;134;8.94;25.09
5100.00;5400.00;2244.00;26.25;E0_1_1700m;5.00;187;187;11.87;26.49
5100.00;5400.00;1584.00;24.98;E0_0_1800m;5.00;132;132;8.81;25.07
5100.00;5400.00;2232.00;26.21;E0_1_1800m;5.00;186;187;11.87;26.44
5100.00;5400.00;1584.00;24.94;E0_0_1900m;5.00;132;132;8.82;25.03
5100.00;5400.00;2196.00;26.15;E0_1_1900m;5.00;183;183;11.66;26.38
5100.00;5400.00;1596.00;24.88;E0_0_2000m;5.00;133;133;8.91;24.97
5100.00;5400.00;2184.00;26.15;E0_1_2000m;5.00;182;182;11.59;26.38
5100.00;5400.00;1632.00;24.79;E0_0_2100m;5.00;136;135;9.09;24.89
5100.00;5400.00;2160.00;25.93;E0_1_2100m;5.00;180;179;11.53;26.16
5100.00;5400.00;1620.00;24.50;E0_0_2200m;5.00;135;135;9.18;24.60
5100.00;5400.00;2112.00;25.53;E0_1_2200m;5.00;176;177;11.51;25.75
5100.00;5400.00;1560.00;23.92;E0_0_2300m;5.00;130;130;9.06;24.05
5100.00;5400.00;2124.00;24.62;E0_1_2300m;5.00;177;177;11.98;24.82
5100.00;5400.00;1548.00;22.63;E0_0_2400m;5.00;129;129;9.50;22.82
5100.00;5400.00;2124.00;23.10;E0_1_2400m;5.00;177;177;12.77;23.32
5100.00;5400.00;1548.00;20.61;E0_0_2500m;5.00;129;130;10.45;20.94
5100.00;5400.00;2112.00;20.86;E0_1_2500m;5.00;176;176;14.06;21.22
5100.00;5400.00;1572.00;18.93;E0_0_2600m;5.00;131;132;11.60;19.33
5100.00;5400.00;2088.00;18.82;E0_1_2600m;5.00;174;174;15.41;19.32
5100.00;5400.00;1620.00;17.95;E0_0_2700m;5.00;135;135;12.54;18.24
5100.00;5400.00;2052.00;17.00;E0_1_2700m;5.00;171;173;16.82;17.57
5100.00;5400.00;1668.00;17.20;E0_0_2800m;5.00;139;138;13.44;17.39
5100.00;5400.00;2040.00;15.52;E0_1_2800m;5.00;170;170;18.25;15.96
5100.00;5400.00;1656.00;16.12;E0_0_2900m;5.00;138;138;14.27;16.24
5100.00;5400.00;2064.00;14.44;E0_1_2900m;5.00;172;172;19.86;14.67
5100.00;5400.00;1704.00;13.97;E0_0_3000m;5.00;142;141;16.85;14.02
5100.00;5400.00;2064.00;13.62;E0_1_3000m;5.00;172;171;20.97;13.67
5100.00;5400.00;1812.00;13.49;E0_0_3100m;5.00;151;151;18.66;13.52
5100.00;5400.00;2028.00;13.52;E0_1_3100m;5.00;169;170;20.90;13.55
5100.00;5400.00;1872.00;13.45;E0_0_3200m;5.00;156;156;19.33;13.45
5100.00;5400.00;2028.00;13.42;E0_1_3200m;5.00;169;169;20.99;13.42
5100.00;5400.00;1860.00;13.42;E0_0_3300m;5.00;155;156;19.37;13.42
5100.00;5400.00;2028.00;13.40;E0_1_3300m;5.00;169;169;21.02;13.40
5100.00;5400.00;1848.00;13.41;E0_0_3400m;5.00;154;154;19.14;13.41
5100.00;5400.00;2040.00;13.40;E0_1_3400m;5.00;170;170;21.13;13.40
5100.00;5400.00;1836.00;13.41;E0_0_3500m;5.00;153;153;19.02;13.41
5100.00;5400.00;2052.00;13.40;E0_1_3500m;5.00;171;171;21.27;13.40
5100.00;5400.00;1848.00;13.40;E0_0_3600m;5.00;154;154;19.15;13.40
5100.00;5400.00;2040.00;13.41;E0_1_3600m;5.00;170;170;21.14;13.41
5100.00;5400.00;1848.00;13.41;E0_0_3700m;5.00;154;154;19.14;13.41
5100.00;5400.00;2052.00;13.41;E0_1_3700m;5.00;171;171;21.26;13.41
5100.00;5400.00;1848.00;13.41;E0_0_3800m;5.00;154;154;19.14;13.41
5100.00;5400.00;2052.00;13.40;E0_1_3800m;5.00;171;171;21.25;13.40
5100.00;5400.00;1836.00;13.41;E0_0_3900m;5.00;153;153;19.01;13.41
5100.00;5400.00;2052.00;13.41;E0_1_3900m;5.00;171;171;21.26;13.41
5100.00;5400.00;1824.00;14.64;E0_0_4000m;5.00;152;153;17.33;14.77
5100.00;5400.00;2064.00;15.49;E0_1_4000m;5.00;172;173;18.53;15.81
5100.00;5400.00;1860.00;25.16;E0_0_4100m;5.00;155;156;10.31;25.22
5100.00;5400.00;2076.00;26.08;E0_1_4100m;5.00;173;173;11.06;26.10
5100.00;5400.00;1860.00;27.09;E0_0_4200m;5.00;155;156;9.58;27.26
5100.00;5400.00;2076.00;29.11;E0_1_4200m;5.00;173;173;9.90;29.25
5100.00;5400.00;1824.00;27.00;E0_0_4300m;5.00;152;152;9.38;27.17
5100.00;5400.00;2076.00;29.30;E0_1_4300m;5.00;173;173;9.84;29.45
5100.00;5400.00;1848.00;26.81;E0_0_4400m;5.00;154;154;9.57;26.97
5100.00;5400.00;2064.00;29.06;E0_1_4400m;5.00;172;172;9.86;29.21
5100.00;5400.00;1860.00;26.57;E0_0_4500m;5.00;155;155;9.72;26.71
5100.00;5400.00;2088.00;28.87;E0_1_4500m;5.00;174;174;10.05;29.01
5100.00;5400.00;1884.00;26.30;E0_0_4600m;5.00;157;158;9.97;26.42
5100.00;5400.00;2064.00;28.65;E0_1_4600m;5.00;172;174;10.08;28.79
5100.00;5400.00;1848.00;26.22;E0_0_4700m;5.00;154;154;9.79;26.34
5100.00;5400.00;2088.00;28.46;E0_1_4700m;5.00;174;173;10.16;28.61
5100.00;5400.00;1812.00;26.06;E0_0_4800m;5.00;151;152;9.66;26.19
5100.00;5400.00;2136.00;28.30;E0_1_4800m;5.00;178;178;10.48;28.45
5100.00;5400.00;1836.00;25.87;E0_0_4900m;5.00;153;153;9.86;26.01
5100.00;5400.00;2100.00;28.22;E0_1_4900m;5.00;175;176;10.34;28.36
5100.00;5400.00;1800.00;25.82;E0_0_5000m;5.00;150;150;9.68;25.96
5100.00;5400.00;2088.00;28.21;E0_1_5000m;5.00;174;174;10.28;28.38
5400.00;5700.00;0.00;-1.00;E0_0_0m;-1.00;0;0;0.00;-1.00
5400.00;5700.00;0.00;-1.00;E0_1_0m;-1.00;0;0;0.00;-1.00
5400.00;5700.00;1632.00;25.25;E0_0_100m;5.00;136;136;8.98;25.39
5400.00;5700.00;2148.00;25.82;E0_1_100m;5.00;179;179;11.56;26.00
5400.00;5700.00;1656.00;25.84;E0_0_200m;5.00;138;139;8.92;26.01
5400.00;5700.00;2136.00;26.75;E0_1_200m;5.00;178;178;11.09;27.01
5400.00;5700.00;1704.00;26.01;E0_0_300m;5.00;142;141;9.08;26.17
5400.00;5700.00;2148.00;26.89;E0_1_300m;5.00;179;179;11.10;27.11
5400.00;5700.00;1692.00;26.07;E0_0_400m;5.00;141;141;9.01;26.22
5400.00;5700.00;2160.00;27.00;E0_1_400m;5.00;180;180;11.11;27.22
5400.00;5700.00;1704.00;26.10;E0_0_500m;5.00;142;143;9.10;26.26
5400.00;5700.00;2136.00;27.15;E0_1_500m;5.00;178;178;10.93;27.34
5400.00;5700.00;1740.00;25.90;E0_0_600m;5.00;145;145;9.33;26.06
5400.00;5700.00;2124.00;27.00;E0_1_600m;5.00;177;177;10.93;27.17
5400.00;5700.00;1728.00;25.73;E0_0_700m;5.00;144;144;9.33;25.88
5400.00;5700.00;2160.00;26.83;E0_1_700m;5.00;180;180;11.18;27.00
5400.00;5700.00;1764.00;25.78;E0_0_800m;5.00;147;147;9.50;25.90
5400.00;5700.00;2160.00;26.72;E0_1_800m;5.00;180;180;11.23;26.88
5400.00;5700.00;1752.00;25.91;E0_0_900m;5.00;146;146;9.39;26.01
5400.00;5700.00;2184.00;26.72;E0_1_900m;5.00;182;182;11.35;26.87
5400.00;5700.00;1752.00;25.79;E0_0_1000m;5.00;146;147;9.44;25.89
5400.00;5700.00;2196.00;26.74;E0_1_1000m;5.00;183;184;11.41;26.88
5400.00;5700.00;1740.00;25.68;E0_0_1100m;5.00;145;145;9.41;25.79
5400.00;5700.00;2184.00;26.74;E0_1_1100m;5.00;182;182;11.34;26.88
5400.00;5700.00;1752.00;25.61;E0_0_1200m;5.00;146;147;9.55;25.73
5400.00;5700.00;2220.00;26.75;E0_1_1200m;5.00;185;185;11.53;26.90
5400.00;5700.00;1764.00;25.50;E0_0_1300m;5.00;147;147;9.61;25.59
5400.00;5700.00;2244.00;26.63;E0_1_1300m;5.00;187;187;11.70;26.75
5400.00;5700.00;1764.00;25.55;E0_0_1400m;5.00;147;147;9.59;25.61
5400.00;5700.00;2256.00;26.49;E0_1_1400m;5.00;188;187;11.80;26.59
5400.00;5700.00;1788.00;25.45;E0_0_1500m;5.00;149;149;9.76;25.51
5400.00;5700.00;2232.00;26.39;E0_1_1500m;5.00;186;187;11.80;26.48
5400.00;5700.00;1764.00;25.38;E0_0_1600m;5.00;147;147;9.65;25.44
5400.00;5700.00;2232.00;26.38;E0_1_1600m;5.00;186;186;11.75;26.47
5400.00;5700.00;1740.00;25.37;E0_0_1700m;5.00;145;145;9.53;25.44
5400.00;5700.00;2220.00;26.40;E0_1_1700m;5.00;185;185;11.68;26.49
5400.00;5700.00;1728.00;25.44;E0_0_1800m;5.00;144;144;9.43;25.53
5400.00;5700.00;2196.00;26.42;E0_1_1800m;5.00;183;182;11.50;26.51
5400.00;5700.00;1716.00;25.37;E0_0_1900m;5.00;143;144;9.43;25.46
5400.00;5700.00;2172.00;26.49;E0_1_1900m;5.00;181;181;11.39;26.59
5400.00;5700.00;1716.00;25.30;E0_0_2000m;5.00;143;143;9.42;25.39
5400.00;5700.00;2160.00;26.43;E0_1_2000m;5.00;180;179;11.32;26.54
5400.00;5700.00;1704.00;25.28;E0_0_2100m;5.00;142;143;9.39;25.36
5400.00;5700.00;2136.00;26.36;E0_1_2100m;5.00;178;178;11.26;26.48
5400.00;5700.00;1716.00;25.11;E0_0_2200m;5.00;143;143;9.49;25.20
5400.00;5700.00;2160.00;26.08;E0_1_2200m;5.00;180;179;11.48;26.21
5400.00;5700.00;1728.00;24.62;E0_0_2300m;5.00;144;144;9.75;24.72
5400.00;5700.00;2208.00;25.56;E0_1_2300m;5.00;184;184;12.00;25.73
5400.00;5700.00;1740.00;23.78;E0_0_2400m;5.00;145;145;10.16;23.93
5400.00;5700.00;2208.00;24.72;E0_1_2400m;5.00;184;184;12.40;24.98
5400.00;5700.00;1752.00;22.56;E0_0_2500m;5.00;146;146;10.79;22.82
5400.00;5700.00;2208.00;23.28;E0_1_2500m;5.00;184;184;13.17;23.62
5400.00;5700.00;1752.00;20.59;E0_0_2600m;5.00;146;145;11.75;21.03
5400.00;5700.00;2208.00;21.23;E0_1_2600m;5.00;184;184;14.45;21.65
5400.00;5700.00;1752.00;18.67;E0_0_2700m;5.00;146;146;13.03;19.08
5400.00;5700.00;2208.00;18.87;E0_1_2700m;5.00;184;183;16.22;19.31
5400.00;5700.00;1752.00;17.42;E0_0_2800m;5.00;146;146;13.97;17.63
5400.00;5700.00;2196.00;16.60;E0_1_2800m;5.00;183;183;18.38;17.03
5400.00;5700.00;1764.00;16.38;E0_0_2900m;5.00;147;147;14.96;16.44
5400.00;5700.00;2160.00;14.78;E0_1_2900m;5.00;180;180;20.30;14.97
5400.00;5700.00;1776.00;14.04;E0_0_3000m;5.00;148;148;17.57;14.11
5400.00;5700.00;2124.00;13.52;E0_1_3000m;5.00;177;177;21.81;13.53
5400.00;5700.00;1764.00;13.53;E0_0_3100m;5.00;147;147;18.11;13.54
5400.00;5700.00;2052.00;13.43;E0_1_3100m;5.00;171;171;21.22;13.43
5400.00;5700.00;1764.00;13.38;E0_0_3200m;5.00;147;147;18.31;13.39
5400.00;5700.00;1992.00;13.42;E0_1_3200m;5.00;166;167;20.65;13.42
5400.00;5700.00;1764.00;13.42;E0_0_3300m;5.00;147;147;18.26;13.43
5400.00;5700.00;1992.00;13.41;E0_1_3300m;5.00;166;166;20.63;13.41
5400.00;5700.00;1764.00;13.41;E0_0_3400m;5.00;147;147;18.26;13.41
5400.00;5700.00;1980.00;13.40;E0_1_3400m;5.00;165;164;20.41;13.40
5400.00;5700.00;1752.00;13.41;E0_0_3500m;5.00;146;147;18.21;13.41
5400.00;5700.00;1968.00;13.41;E0_1_3500m;5.00;164;164;20.39;13.41
5400.00;5700.00;1764.00;13.42;E0_0_3600m;5.00;147;147;18.26;13.42
5400.00;5700.00;1956.00;13.41;E0_1_3600m;5.00;163;163;20.26;13.41
5400.00;5700.00;1764.00;13.41;E0_0_3700m;5.00;147;147;18.27;13.41
5400.00;5700.00;1944.00;13.41;E0_1_3700m;5.00;162;162;20.14;13.41
5400.00;5700.00;1776.00;13.41;E0_0_3800m;5.00;148;148;18.40;13.41
5400.00;5700.00;1956.00;13.41;E0_1_3800m;5.00;163;163;20.19;13.41
5400.00;5700.00;1788.00;13.40;E0_0_3900m;5.00;149;149;18.53;13.40
5400.00;5700.00;1956.00;13.40;E0_1_3900m;5.00;163;163;20.27;13.40
5400.00;5700.00;1788.00;14.64;E0_0_4000m;5.00;149;149;16.96;14.74
5400.00;5700.00;1968.00;14.83;E0_1_4000m;5.00;164;163;18.41;15.01
5400.00;5700.00;1752.00;25.19;E0_0_4100m;5.00;146;145;9.61;25.26
5400.00;5700.00;1956.00;25.95;E0_1_4100m;5.00;163;164;10.48;25.98
5400.00;5700.00;1752.00;27.24;E0_0_4200m;5.00;146;147;8.95;27.37
5400.00;5700.00;1956.00;28.95;E0_1_4200m;5.00;163;163;9.39;29.09
5400.00;5700.00;1704.00;27.17;E0_0_4300m;5.00;142;143;8.71;27.30
5400.00;5700.00;2028.00;28.77;E0_1_4300m;5.00;169;169;9.79;28.99
5400.00;5700.00;1704.00;27.01;E0_0_4400m;5.00;142;142;8.76;27.16
5400.00;5700.00;2028.00;28.62;E0_1_4400m;5.00;169;170;9.86;28.81
5400.00;5700.00;1716.00;26.91;E0_0_4500m;5.00;143;143;8.86;27.06
5400.00;5700.00;2004.00;28.38;E0_1_4500m;5.00;167;168;9.85;28.57
5400.00;5700.00;1740.00;26.71;E0_0_4600m;5.00;145;144;9.03;26.85
5400.00;5700.00;2016.00;28.14;E0_1_4600m;5.00;168;167;9.90;28.34
5400.00;5700.00;1728.00;26.57;E0_0_4700m;5.00;144;145;9.07;26.71
5400.00;5700.00;2040.00;27.93;E0_1_4700m;5.00;170;170;10.14;28.13
5400.00;5700.00;1764.00;26.39;E0_0_4800m;5.00;147;146;9.28;26.52
5400.00;5700.00;2004.00;27.75;E0_1_4800m;5.00;167;168;10.05;27.97
5400.00;5700.00;1788.00;26.24;E0_0_4900m;5.00;149;149;9.46;26.36
5400.00;5700.00;1992.00;27.54;E0_1_4900m;5.00;166;167;10.09;27.77
5400.00;5700.00;1800.00;25.98;E0_0_5000m;5.00;150;151;9.65;26.09
5400.00;5700.00;1992.00;27.24;E0_1_5000m;5.00;166;166;10.15;27.50
5700.00;6000.00;0.00;-1.00;E0_0_0m;-1.00;0;0;0.00;-1.00
5700.00;6000.00;0.00;-1.00;E0_1_0m;-1.00;0;0;0.00;-1.00
5700.00;6000.00;1764.00;25.03;E0_0_100m;5.00;147;147;9.79;25.23
5700.00;6000.00;2124.00;26.35;E0_1_100m;5.00;177;177;11.19;26.53
5700.00;6000.00;1788.00;25.90;E0_0_200m;5.00;149;148;9.56;26.11
5700.00;6000.00;2136.00;27.27;E0_1_200m;5.00;178;178;10.88;27.52
5700.00;6000.00;1764.00;26.11;E0_0_300m;5.00;147;147;9.38;26.30
5700.00;6000.00;2172.00;27.43;E0_1_300m;5.00;181;181;11.00;27.66
5700.00;6000.00;1812.00;26.21;E0_0_400m;5.00;151;151;9.60;26.40
5700.00;6000.00;2172.00;27.50;E0_1_400m;5.00;181;181;10.97;27.72
5700.00;6000.00;1836.00;26.24;E0_0_500m;5.00;153;152;9.69;26.44
5700.00;6000.00;2136.00;27.64;E0_1_500m;5.00;178;178;10.74;27.86
5700.00;6000.00;1836.00;26.00;E0_0_600m;5.00;153;153;9.81;26.18
5700.00;6000.00;2124.00;27.55;E0_1_600m;5.00;177;178;10.76;27.78
5700.00;6000.00;1812.00;25.75;E0_0_700m;5.00;151;151;9.77;25.92
5700.00;6000.00;2100.00;27.26;E0_1_700m;5.00;175;176;10.73;27.48
5700.00;6000.00;1764.00;25.54;E0_0_800m;5.00;147;147;9.59;25.69
5700.00;6000.00;2100.00;27.04;E0_1_800m;5.00;175;176;10.84;27.25
5700.00;6000.00;1728.00;25.38;E0_0_900m;5.00;144;144;9.46;25.50
5700.00;6000.00;2100.00;26.78;E0_1_900m;5.00;175;175;10.89;26.99
5700.00;6000.00;1716.00;25.24;E0_0_1000m;5.00;143;142;9.44;25.36
5700.00;6000.00;2112.00;26.61;E0_1_1000m;5.00;176;175;11.02;26.82
5700.00;6000.00;1740.00;25.14;E0_0_1100m;5.00;145;145;9.61;25.27
5700.00;6000.00;2136.00;26.49;E0_1_1100m;5.00;178;178;11.20;26.72
5700.00;6000.00;1752.00;25.10;E0_0_1200m;5.00;146;146;9.70;25.23
5700.00;6000.00;2076.00;26.42;E0_1_1200m;5.00;173;174;10.93;26.69
5700.00;6000.00;1752.00;24.95;E0_0_1300m;5.00;146;146;9.75;25.06
5700.00;6000.00;2076.00;26.30;E0_1_1300m;5.00;173;173;10.96;26.60
5700.00;6000.00;1764.00;24.94;E0_0_1400m;5.00;147;147;9.82;25.05
5700.00;6000.00;2076.00;26.18;E0_1_1400m;5.00;173;173;11.02;26.47
5700.00;6000.00;1704.00;25.06;E0_0_1500m;5.00;142;142;9.45;25.16
5700.00;6000.00;2100.00;26.12;E0_1_1500m;5.00;175;174;11.12;26.40
5700.00;6000.00;1740.00;24.86;E0_0_1600m;5.00;145;145;9.72;24.95
5700.00;6000.00;2088.00;26.06;E0_1_1600m;5.00;174;174;11.13;26.33
5700.00;6000.00;1752.00;24.82;E0_0_1700m;5.00;146;146;9.80;24.92
5700.00;6000.00;2100.00;25.85;E0_1_1700m;5.00;175;175;11.28;26.09
5700.00;6000.00;1740.00;24.76;E0_0_1800m;5.00;145;145;9.76;24.86
5700.00;6000.00;2124.00;25.77;E0_1_1800m;5.00;177;178;11.48;25.99
5700.00;6000.00;1716.00;24.70;E0_0_1900m;5.00;143;144;9.65;24.78
5700.00;6000.00;2160.00;25.68;E0_1_1900m;5.00;180;180;11.68;25.89
5700.00;6000.00;1740.00;24.62;E0_0_2000m;5.00;145;145;9.82;24.71
5700.00;6000.00;2148.00;25.71;E0_1_2000m;5.00;179;180;11.62;25.91
5700.00;6000.00;1776.00;24.51;E0_0_2100m;5.00;148;147;10.03;24.63
5700.00;6000.00;2136.00;25.75;E0_1_2100m;5.00;178;179;11.58;25.95
5700.00;6000.00;1740.00;24.29;E0_0_2200m;5.00;145;145;9.95;24.42
5700.00;6000.00;2124.00;25.82;E0_1_2200m;5.00;177;178;11.49;26.03
5700.00;6000.00;1740.00;24.25;E0_0_2300m;5.00;145;145;9.96;24.38
5700.00;6000.00;2076.00;25.71;E0_1_2300m;5.00;173;173;11.21;25.94
5700.00;6000.00;1728.00;23.90;E0_0_2400m;5.00;144;144;10.04;24.07
5700.00;6000.00;2088.00;25.39;E0_1_2400m;5.00;174;174;11.42;25.67
5700.00;6000.00;1704.00;23.13;E0_0_2500m;5.00;142;141;10.21;23.37
5700.00;6000.00;2100.00;24.69;E0_1_2500m;5.00;175;175;11.81;25.12
5700.00;6000.00;1728.00;21.62;E0_0_2600m;5.00;144;144;11.10;22.02
5700.00;6000.00;2064.00;23.14;E0_1_2600m;5.00;172;172;12.39;23.80
5700.00;6000.00;1728.00;19.82;E0_0_2700m;5.00;144;144;12.11;20.31
5700.00;6000.00;2064.00;20.69;E0_1_2700m;5.00;172;172;13.85;21.52
5700.00;6000.00;1692.00;18.09;E0_0_2800m;5.00;141;141;12.99;18.49
5700.00;6000.00;2076.00;17.93;E0_1_2800m;5.00;173;173;16.08;18.69
5700.00;6000.00;1716.00;16.19;E0_0_2900m;5.00;143;144;14.76;16.41
5700.00;6000.00;2040.00;15.60;E0_1_2900m;5.00;170;170;18.16;16.07
5700.00;6000.00;1740.00;13.97;E0_0_3000m;5.00;145;145;17.30;14.05
5700.00;6000.00;2016.00;13.66;E0_1_3000m;5.00;168;168;20.49;13.73
5700.00;6000.00;1800.00;13.58;E0_0_3100m;5.00;150;150;18.41;13.60
5700.00;6000.00;1956.00;13.46;E0_1_3100m;5.00;163;163;20.18;13.47
5700.00;6000.00;1812.00;13.47;E0_0_3200m;5.00;151;152;18.78;13.48
5700.00;6000.00;1932.00;13.42;E0_1_3200m;5.00;161;160;19.96;13.42
5700.00;6000.00;1812.00;13.43;E0_0_3300m;5.00;151;150;18.61;13.44
5700.00;6000.00;1920.00;13.41;E0_1_3300m;5.00;160;161;19.98;13.41
5700.00;6000.00;1848.00;13.42;E0_0_3400m;5.00;154;154;19.13;13.42
5700.00;6000.00;1908.00;13.41;E0_1_3400m;5.00;159;160;19.82;13.41
5700.00;6000.00;1872.00;13.41;E0_0_3500m;5.00;156;155;19.32;13.41
5700.00;6000.00;1896.00;13.41;E0_1_3500m;5.00;158;158;19.64;13.41
5700.00;6000.00;1872.00;13.41;E0_0_3600m;5.00;156;157;19.49;13.41
5700.00;6000.00;1896.00;13.41;E0_1_3600m;5.00;158;159;19.75;13.41
5700.00;6000.00;1872.00;13.41;E0_0_3700m;5.00;156;156;19.39;13.41
5700.00;6000.00;1896.00;13.41;E0_1_3700m;5.00;158;158;19.64;13.41
5700.00;6000.00;1860.00;13.41;E0_0_3800m;5.00;155;155;19.26;13.41
5700.00;6000.00;1896.00;13.41;E0_1_3800m;5.00;158;157;19.60;13.41
5700.00;6000.00;1848.00;13.41;E0_0_3900m;5.00;154;154;19.14;13.41
5700.00;6000.00;1884.00;13.41;E0_1_3900m;5.00;157;157;19.52;13.41
5700.00;6000.00;1836.00;14.62;E0_0_4000m;5.00;153;155;17.48;14.74
5700.00;6000.00;1884.00;14.91;E0_1_4000m;5.00;157;157;17.55;15.07
5700.00;6000.00;1812.00;25.20;E0_0_4100m;5.00;151;152;10.01;25.26
5700.00;6000.00;1920.00;25.97;E0_1_4100m;5.00;160;160;10.27;26.00
5700.00;6000.00;1788.00;26.86;E0_0_4200m;5.00;149;148;9.22;27.03
5700.00;6000.00;1932.00;29.38;E0_1_4200m;5.00;161;161;9.13;29.53
5700.00;6000.00;1788.00;26.93;E0_0_4300m;5.00;149;149;9.22;27.11
5700.00;6000.00;1932.00;29.68;E0_1_4300m;5.00;161;161;9.04;29.88
5700.00;6000.00;1800.00;26.76;E0_0_4400m;5.00;150;150;9.34;26.96
5700.00;6000.00;1908.00;29.62;E0_1_4400m;5.00;159;159;8.95;29.83
5700.00;6000.00;1812.00;26.61;E0_0_4500m;5.00;151;151;9.46;26.80
5700.00;6000.00;1884.00;29.52;E0_1_4500m;5.00;157;157;8.87;29.72
5700.00;6000.00;1776.00;26.39;E0_0_4600m;5.00;148;148;9.35;26.58
5700.00;6000.00;1908.00;29.38;E0_1_4600m;5.00;159;159;9.02;29.55
5700.00;6000.00;1740.00;26.13;E0_0_4700m;5.00;145;145;9.25;26.30
5700.00;6000.00;1920.00;29.28;E0_1_4700m;5.00;160;160;9.11;29.43
5700.00;6000.00;1716.00;25.96;E0_0_4800m;5.00;143;143;9.18;26.15
5700.00;6000.00;1932.00;29.20;E0_1_4800m;5.00;161;161;9.19;29.32
5700.00;6000.00;1752.00;25.91;E0_0_4900m;5.00;146;146;9.39;26.14
5700.00;6000.00;1908.00;28.99;E0_1_4900m;5.00;159;158;9.10;29.07
5700.00;6000.00;1800.00;25.82;E0_0_5000m;5.00;150;149;9.66;26.06
5700.00;6000.00;1920.00;28.82;E0_1_5000m;5.00;160;160;9.25;28.91
6000.00;6300.00;0.00;-1.00;E0_0_0m;-1.00;0;0;0.00;-1.00
6000.00;6300.00;0.00;-1.00;E0_1_0m;-1.00;0;0;0.00;-1.00
6000.00;6300.00;1776.00;23.86;E0_0_100m;5.00;148;148;10.34;23.96
6000.00;6300.00;1920.00;23.97;E0_1_100m;5.00;160;160;11.12;24.08
6000.00;6300.00;1764.00;26.91;E0_0_200m;5.00;147;148;9.16;27.07
6000.00;6300.00;1908.00;28.03;E0_1_200m;5.00;159;159;9.45;28.18
6000.00;6300.00;1788.00;27.07;E0_0_300m;5.00;149;149;9.17;27.24
6000.00;6300.00;1836.00;28.59;E0_1_300m;5.00;153;153;8.92;28.79
6000.00;6300.00;1716.00;26.85;E0_0_400m;5.00;143;143;8.88;27.00
6000.00;6300.00;1872.00;28.56;E0_1_400m;5.00;156;156;9.10;28.76
6000.00;6300.00;1704.00;26.66;E0_0_500m;5.00;142;143;8.90;26.79
6000.00;6300.00;1896.00;28.36;E0_1_500m;5.00;158;158;9.29;28.57
6000.00;6300.00;1668.00;26.52;E0_0_600m;5.00;139;139;8.74;26.65
6000.00;6300.00;1920.00;28.23;E0_1_600m;5.00;160;160;9.42;28.45
6000.00;6300.00;1644.00;26.39;E0_0_700m;5.00;137;137;8.65;26.51
6000.00;6300.00;1944.00;28.03;E0_1_700m;5.00;162;161;9.60;28.25
6000.00;6300.00;1632.00;26.09;E0_0_800m;5.00;136;136;8.69;26.20
6000.00;6300.00;1968.00;27.78;E0_1_800m;5.00;164;164;9.80;27.99
6000.00;6300.00;1632.00;25.68;E0_0_900m;5.00;136;137;8.84;25.79
6000.00;6300.00;1980.00;27.45;E0_1_900m;5.00;165;165;10.02;27.67
6000.00;6300.00;1608.00;25.66;E0_0_1000m;5.00;134;134;8.70;25.77
6000.00;6300.00;2004.00;27.27;E0_1_1000m;5.00;167;167;10.21;27.47
6000.00;6300.00;1608.00;25.65;E0_0_1100m;5.00;134;134;8.71;25.76
6000.00;6300.00;1980.00;27.11;E0_1_1100m;5.00;165;165;10.14;27.32
6000.00;6300.00;1608.00;25.53;E0_0_1200m;5.00;134;134;8.75;25.66
6000.00;6300.00;2004.00;26.98;E0_1_1200m;5.00;167;166;10.30;27.19
6000.00;6300.00;1548.00;25.43;E0_0_1300m;5.00;129;131;8.47;25.58
6000.00;6300.00;2052.00;26.75;E0_1_1300m;5.00;171;171;10.65;26.98
6000.00;6300.00;1560.00;25.50;E0_0_1400m;5.00;130;130;8.50;25.62
6000.00;6300.00;2052.00;26.76;E0_1_1400m;5.00;171;171;10.65;26.97
6000.00;6300.00;1584.00;25.29;E0_0_1500m;5.00;132;132;8.70;25.38
6000.00;6300.00;2040.00;26.78;E0_1_1500m;5.00;170;170;10.58;26.98
6000.00;6300.00;1584.00;24.98;E0_0_1600m;5.00;132;132;8.81;25.06
6000.00;6300.00;2040.00;26.36;E0_1_1600m;5.00;170;170;10.75;26.56
6000.00;6300.00;1572.00;24.24;E0_0_1700m;5.00;131;131;9.01;24.42
6000.00;6300.00;2040.00;25.41;E0_1_1700m;5.00;170;170;11.15;25.72
6000.00;6300.00;1548.00;22.69;E0_0_1800m;5.00;129;129;9.48;23.27
6000.00;6300.00;2064.00;23.63;E0_1_1800m;5.00;172;171;12.10;24.39
6000.00;6300.00;1584.00;21.49;E0_0_1900m;5.00;132;131;10.22;22.35
6000.00;6300.00;1992.00;20.58;E0_1_1900m;5.00;166;166;13.44;22.88
6000.00;6300.00;1560.00;18.09;E0_0_2000m;5.00;130;131;12.23;20.78
6000.00;6300.00;1920.00;16.44;E0_1_2000m;5.00;160;159;16.20;21.65
6000.00;6300.00;1500.00;15.08;E0_0_2100m;5.00;125;126;14.27;19.59
6000.00;6300.00;1800.00;13.61;E0_1_2100m;5.00;150;150;18.87;20.46
6000.00;6300.00;1488.00;11.93;E0_0_2200m;5.00;124;125;17.38;17.90
6000.00;6300.00;1656.00;10.71;E0_1_2200m;5.00;138;139;21.90;18.91
6000.00;6300.00;1416.00;9.75;E0_0_2300m;5.00;118;119;20.39;16.35
6000.00;6300.00;1548.00;8.79;E0_1_2300m;5.00;129;130;24.67;16.77
6000.00;6300.00;1356.00;7.78;E0_0_2400m;5.00;113;114;24.81;13.82
6000.00;6300.00;1416.00;7.00;E0_1_2400m;5.00;118;119;28.73;14.02
6000.00;6300.00;1308.00;5.96;E0_0_2500m;5.00;109;109;30.51;11.00
6000.00;6300.00;1320.00;5.38;E0_1_2500m;5.00;110;110;34.07;11.00
6000.00;6300.00;1248.00;5.05;E0_0_2600m;5.00;104;104;34.30;8.75
6000.00;6300.00;1212.00;4.43;E0_1_2600m;5.00;101;102;38.39;8.45
6000.00;6300.00;1200.00;4.41;E0_0_2700m;5.00;100;101;37.96;7.44
6000.00;6300.00;1092.00;3.68;E0_1_2700m;5.00;91;91;41.20;6.21
6000.00;6300.00;1128.00;3.91;E0_0_2800m;5.00;94;95;40.40;6.23
6000.00;6300.00;1020.00;3.29;E0_1_2800m;5.00;85;85;43.12;5.20
6000.00;6300.00;1056.00;3.44;E0_0_2900m;5.00;88;88;42.82;4.67
6000.00;6300.00;960.00;3.00;E0_1_2900m;5.00;80;81;44.64;4.44
6000.00;6300.00;912.00;2.87;E0_0_3000m;5.00;76;82;49.98;3.96
6000.00;6300.00;960.00;3.77;E0_1_3000m;5.00;80;80;35.41;4.39
6000.00;6300.00;888.00;4.62;E0_0_3100m;5.00;74;74;26.71;5.24
6000.00;6300.00;936.00;4.48;E0_1_3100m;5.00;78;78;28.99;5.03
6000.00;6300.00;876.00;4.53;E0_0_3200m;5.00;73;72;26.78;5.29
6000.00;6300.00;924.00;4.46;E0_1_3200m;5.00;77;77;28.79;5.12
6000.00;6300.00;876.00;4.42;E0_0_3300m;5.00;73;74;27.63;5.16
6000.00;6300.00;924.00;4.38;E0_1_3300m;5.00;77;76;29.19;5.14
6000.00;6300.00;852.00;4.35;E0_0_3400m;5.00;71;71;27.21;5.00
6000.00;6300.00;912.00;4.44;E0_1_3400m;5.00;76;75;28.47;5.17
6000.00;6300.00;624.00;6.00;E0_0_3500m;5.00;52;67;20.60;7.23
6000.00;6300.00;1104.00;4.36;E0_1_3500m;5.00;92;95;35.74;6.71
6000.00;6300.00;564.00;15.79;E0_0_3600m;5.00;47;50;5.08;16.83
6000.00;6300.00;1212.00;11.14;E0_1_3600m;5.00;101;109;16.02;11.87
6000.00;6300.00;612.00;15.19;E0_0_3700m;5.00;51;59;5.97;15.56
6000.00;6300.00;1212.00;11.03;E0_1_3700m;5.00;101;107;15.65;12.93
6000.00;6300.00;540.00;14.77;E0_0_3800m;5.00;45;49;5.93;15.32
6000.00;6300.00;1284.00;10.67;E0_1_3800m;5.00;107;110;16.86;12.71
6000.00;6300.00;552.00;16.17;E0_0_3900m;5.00;46;49;7.10;16.74
6000.00;6300.00;1332.00;11.85;E0_1_3900m;5.00;111;117;16.02;12.73
6000.00;6300.00;540.00;17.22;E0_0_4000m;5.00;45;46;4.48;17.43
6000.00;6300.00;1416.00;13.90;E0_1_4000m;5.00;118;122;14.40;14.29
6000.00;6300.00;540.00;24.33;E0_0_4100m;5.00;45;46;3.10;24.68
6000.00;6300.00;1464.00;25.15;E0_1_4100m;5.00;122;123;8.13;25.38
6000.00;6300.00;564.00;19.59;E0_0_4200m;5.00;47;47;4.00;25.46
6000.00;6300.00;1500.00;24.26;E0_1_4200m;5.00;125;125;8.59;27.42
6000.00;6300.00;600.00;25.30;E0_0_4300m;5.00;50;50;3.29;26.11
6000.00;6300.00;1476.00;26.63;E0_1_4300m;5.00;123;124;7.75;27.51
6000.00;6300.00;612.00;24.43;E0_0_4400m;5.00;51;51;3.48;25.26
6000.00;6300.00;1500.00;25.50;E0_1_4400m;5.00;125;126;8.20;26.65
6000.00;6300.00;612.00;24.19;E0_0_4500m;5.00;51;51;3.51;25.00
6000.00;6300.00;1512.00;24.38;E0_1_4500m;5.00;126;126;8.61;25.98
6000.00;6300.00;612.00;24.42;E0_0_4600m;5.00;51;53;4.60;25.00
6000.00;6300.00;1560.00;23.35;E0_1_4600m;5.00;130;130;9.28;25.29
6000.00;6300.00;660.00;21.21;E0_0_4700m;5.00;55;56;4.34;24.30
6000.00;6300.00;1560.00;23.98;E0_1_4700m;5.00;130;130;9.04;25.48
6000.00;6300.00;684.00;23.19;E0_0_4800m;5.00;57;57;4.10;24.26
6000.00;6300.00;1596.00;23.36;E0_1_4800m;5.00;133;133;9.49;25.10
6000.00;6300.00;696.00;24.94;E0_0_4900m;5.00;58;58;3.88;25.22
6000.00;6300.00;1608.00;24.11;E0_1_4900m;5.00;134;135;9.28;25.30
6000.00;6300.00;648.00;26.24;E0_0_5000m;5.00;54;55;3.44;26.36
6000.00;6300.00;1620.00;26.61;E0_1_5000m;5.00;135;136;8.51;26.82
6300.00;6600.00;0.00;-1.00;E0_0_0m;-1.00;0;0;0.00;-1.00
6300.00;6600.00;0.00;-1.00;E0_1_0m;-1.00;0;0;0.00;-1.00
6300.00;6600.00;2028.00;21.34;E0_0_100m;5.00;169;169;13.20;21.40
6300.00;6600.00;2100.00;21.76;E0_1_100m;5.00;175;175;13.41;21.83
6300.00;6600.00;2040.00;24.84;E0_0_200m;5.00;170;169;11.35;25.13
6300.00;6600.00;2076.00;26.28;E0_1_200m;5.00;173;174;11.03;26.58
6300.00;6600.00;2028.00;24.49;E0_0_300m;5.00;169;169;11.50;24.84
6300.00;6600.00;2076.00;26.61;E0_1_300m;5.00;173;173;10.83;27.08
6300.00;6600.00;1992.00;23.58;E0_0_400m;5.00;166;166;11.73;24.05
6300.00;6600.00;2064.00;25.54;E0_1_400m;5.00;172;173;11.25;26.22
6300.00;6600.00;1956.00;22.59;E0_0_500m;5.00;163;164;12.06;23.12
6300.00;6600.00;2052.00;23.35;E0_1_500m;5.00;171;171;12.21;24.54
6300.00;6600.00;1956.00;21.02;E0_0_600m;5.00;163;163;12.93;21.77
6300.00;6600.00;2016.00;20.35;E0_1_600m;5.00;168;169;13.78;22.62
6300.00;6600.00;1944.00;19.12;E0_0_700m;5.00;162;162;14.12;20.71
6300.00;6600.00;1944.00;17.02;E0_1_700m;5.00;162;163;16.00;21.25
6300.00;6600.00;1860.00;16.11;E0_0_800m;5.00;155;156;16.29;19.56
6300.00;6600.00;1872.00;13.53;E0_1_800m;5.00;156;155;19.20;20.16
6300.00;6600.00;1776.00;13.25;E0_0_900m;5.00;148;148;18.62;18.67
6300.00;6600.00;1776.00;11.32;E0_1_900m;5.00;148;149;21.81;19.19
6300.00;6600.00;1680.00;11.33;E0_0_1000m;5.00;140;141;21.02;18.07
6300.00;6600.00;1668.00;9.70;E0_1_1000m;5.00;139;140;24.14;18.44
6300.00;6600.00;1572.00;9.71;E0_0_1100m;5.00;131;132;22.53;17.45
6300.00;6600.00;1584.00;8.43;E0_1_1100m;5.00;132;132;26.08;18.01
6300.00;6600.00;1488.00;8.45;E0_0_1200m;5.00;124;125;24.54;16.73
6300.00;6600.00;1464.00;7.43;E0_1_1200m;5.00;122;123;27.93;17.61
6300.00;6600.00;1404.00;7.59;E0_0_1300m;5.00;117;117;26.10;16.21
6300.00;6600.00;1380.00;6.58;E0_1_1300m;5.00;115;116;29.51;17.12
6300.00;6600.00;1308.00;6.58;E0_0_1400m;5.00;109;111;27.81;14.30
6300.00;6600.00;1308.00;5.89;E0_1_1400m;5.00;109;110;31.09;15.93
6300.00;6600.00;1260.00;5.72;E0_0_1500m;5.00;105;105;30.61;12.06
6300.00;6600.00;1212.00;4.92;E0_1_1500m;5.00;101;102;34.29;12.87
6300.00;6600.00;1200.00;4.85;E0_0_1600m;5.00;100;101;34.85;9.44
6300.00;6600.00;1092.00;3.90;E0_1_1600m;5.00;91;91;38.91;9.18
6300.00;6600.00;1140.00;4.20;E0_0_1700m;5.00;95;95;37.71;7.23
6300.00;6600.00;1008.00;3.33;E0_1_1700m;5.00;84;84;42.04;6.38
6300.00;6600.00;1080.00;3.71;E0_0_1800m;5.00;90;90;40.47;5.65
6300.00;6600.00;900.00;2.83;E0_1_1800m;5.00;75;75;44.15;3.90
6300.00;6600.00;1008.00;3.24;E0_0_1900m;5.00;84;85;43.27;4.00
6300.00;6600.00;828.00;2.45;E0_1_1900m;5.00;69;70;47.26;2.61
6300.00;6600.00;948.00;2.87;E0_0_2000m;5.00;79;78;45.63;3.01
6300.00;6600.00;804.00;2.34;E0_1_2000m;5.00;67;68;48.31;2.42
6300.00;6600.00;924.00;2.73;E0_0_2100m;5.00;77;77;46.58;2.86
6300.00;6600.00;816.00;2.35;E0_1_2100m;5.00;68;68;48.35;2.43
6300.00;6600.00;912.00;2.69;E0_0_2200m;5.00;76;76;47.15;2.83
6300.00;6600.00;816.00;2.37;E0_1_2200m;5.00;68;68;48.20;2.45
6300.00;6600.00;912.00;2.68;E0_0_2300m;5.00;76;76;47.20;2.83
6300.00;6600.00;828.00;2.37;E0_1_2300m;5.00;69;68;48.39;2.45
6300.00;6600.00;924.00;2.69;E0_0_2400m;5.00;77;76;47.09;2.85
6300.00;6600.00;828.00;2.38;E0_1_2400m;5.00;69;69;48.01;2.47
6300.00;6600.00;924.00;2.73;E0_0_2500m;5.00;77;77;47.04;2.89
6300.00;6600.00;828.00;2.42;E0_1_2500m;5.00;69;70;47.93;2.53
6300.00;6600.00;936.00;2.79;E0_0_2600m;5.00;78;79;46.80;2.99
6300.00;6600.00;864.00;2.52;E0_1_2600m;5.00;72;71;47.29;2.65
6300.00;6600.00;960.00;2.87;E0_0_2700m;5.00;80;79;46.24;3.09
6300.00;6600.00;876.00;2.62;E0_1_2700m;5.00;73;74;46.80;2.77
6300.00;6600.00;972.00;2.94;E0_0_2800m;5.00;81;80;45.63;3.17
6300.00;6600.00;900.00;2.70;E0_1_2800m;5.00;75;75;46.34;2.87
6300.00;6600.00;984.00;2.99;E0_0_2900m;5.00;82;82;45.94;3.25
6300.00;6600.00;912.00;2.76;E0_1_2900m;5.00;76;76;46.18;2.99
6300.00;6600.00;972.00;2.87;E0_0_3000m;5.00;81;84;50.10;3.59
6300.00;6600.00;972.00;4.10;E0_1_3000m;5.00;81;82;32.95;4.39
6300.00;6600.00;948.00;4.43;E0_0_3100m;5.00;79;80;29.72;4.64
6300.00;6600.00;960.00;4.43;E0_1_3100m;5.00;80;80;30.06;4.65
6300.00;6600.00;960.00;4.30;E0_0_3200m;5.00;80;80;31.00;4.56
6300.00;6600.00;960.00;4.33;E0_1_3200m;5.00;80;81;30.86;4.58
6300.00;6600.00;936.00;4.23;E0_0_3300m;5.00;78;77;30.60;4.55
6300.00;6600.00;936.00;4.31;E0_1_3300m;5.00;78;78;30.13;4.63
6300.00;6600.00;900.00;4.27;E0_0_3400m;5.00;75;75;29.30;4.88
6300.00;6600.00;924.00;4.25;E0_1_3400m;5.00;77;77;30.16;4.84
6300.00;6600.00;660.00;6.94;E0_0_3500m;5.00;55;69;22.50;8.29
6300.00;6600.00;1152.00;4.23;E0_1_3500m;5.00;96;96;37.80;6.86
6300.00;6600.00;636.00;14.44;E0_0_3600m;5.00;53;55;6.28;15.85
6300.00;6600.00;1188.00;11.02;E0_1_3600m;5.00;99;104;15.95;12.18
6300.00;6600.00;588.00;13.54;E0_0_3700m;5.00;49;51;6.16;15.61
6300.00;6600.00;1260.00;11.73;E0_1_3700m;5.00;105;109;15.27;13.23
6300.00;6600.00;612.00;13.57;E0_0_3800m;5.00;51;55;5.94;16.84
6300.00;6600.00;1296.00;12.15;E0_1_3800m;5.00;108;114;15.22;13.03
6300.00;6600.00;612.00;16.79;E0_0_3900m;5.00;51;54;5.30;16.93
6300.00;6600.00;1284.00;13.37;E0_1_3900m;5.00;107;109;13.50;13.64
6300.00;6600.00;576.00;17.63;E0_0_4000m;5.00;48;52;4.67;17.94
6300.00;6600.00;1344.00;14.39;E0_1_4000m;5.00;112;114;13.12;14.86
6300.00;6600.00;540.00;25.57;E0_0_4100m;5.00;45;46;2.99;25.86
6300.00;6600.00;1368.00;26.00;E0_1_4100m;5.00;114;114;7.32;26.19
6300.00;6600.00;528.00;27.46;E0_0_4200m;5.00;44;44;2.67;27.73
6300.00;6600.00;1368.00;28.62;E0_1_4200m;5.00;114;114;6.64;28.84
6300.00;6600.00;528.00;27.50;E0_0_4300m;5.00;44;44;2.67;27.76
6300.00;6600.00;1368.00;28.71;E0_1_4300m;5.00;114;114;6.62;29.00
6300.00;6600.00;552.00;27.27;E0_0_4400m;5.00;46;46;2.81;27.55
6300.00;6600.00;1332.00;28.51;E0_1_4400m;5.00;111;111;6.49;28.79
6300.00;6600.00;564.00;26.80;E0_0_4500m;5.00;47;47;2.92;27.18
6300.00;6600.00;1320.00;28.10;E0_1_4500m;5.00;110;112;6.56;28.40
6300.00;6600.00;528.00;26.63;E0_0_4600m;5.00;44;44;2.75;26.99
6300.00;6600.00;1332.00;27.80;E0_1_4600m;5.00;111;111;6.65;28.07
6300.00;6600.00;492.00;26.72;E0_0_4700m;5.00;41;42;2.58;26.99
6300.00;6600.00;1356.00;27.44;E0_1_4700m;5.00;113;113;6.86;27.75
6300.00;6600.00;552.00;26.78;E0_0_4800m;5.00;46;47;2.89;27.03
6300.00;6600.00;1308.00;27.42;E0_1_4800m;5.00;109;110;6.67;27.69
6300.00;6600.00;504.00;26.50;E0_0_4900m;5.00;42;42;2.64;26.76
6300.00;6600.00;1344.00;27.18;E0_1_4900m;5.00;112;112;6.87;27.45
6300.00;6600.00;492.00;26.14;E0_0_5000m;5.00;41;45;2.75;26.32
6300.00;6600.00;1284.00;27.02;E0_1_5000m;5.00;107;107;6.60;27.24
6600.00;6900.00;0.00;-1.00;E0_0_0m;-1.00;0;0;0.00;-1.00
6600.00;6900.00;0.00;-1.00;E0_1_0m;-1.00;0;0;0.00;-1.00
6600.00;6900.00;1392.00;5.95;E0_0_100m;5.00;116;117;33.09;10.55
6600.00;6900.00;1248.00;4.75;E0_1_100m;5.00;104;105;36.80;9.60
6600.00;6900.00;1296.00;5.18;E0_0_200m;5.00;108;108;34.77;9.21
6600.00;6900.00;1188.00;4.24;E0_1_200m;5.00;99;98;38.85;8.56
6600.00;6900.00;1212.00;4.58;E0_0_300m;5.00;101;102;36.88;7.65
6600.00;6900.00;1092.00;3.70;E0_1_300m;5.00;91;91;40.98;6.41
6600.00;6900.00;1164.00;4.11;E0_0_400m;5.00;97;97;39.30;6.60
6600.00;6900.00;996.00;3.21;E0_1_400m;5.00;83;83;43.42;4.51
6600.00;6900.00;1092.00;3.68;E0_0_500m;5.00;91;90;41.22;5.30
6600.00;6900.00;936.00;2.85;E0_1_500m;5.00;78;78;45.59;3.35
6600.00;6900.00;1020.00;3.28;E0_0_600m;5.00;85;85;43.20;3.81
6600.00;6900.00;876.00;2.62;E0_1_600m;5.00;73;74;46.82;2.70
6600.00;6900.00;972.00;3.03;E0_0_700m;5.00;81;82;44.88;3.14
6600.00;6900.00;876.00;2.57;E0_1_700m;5.00;73;73;47.35;2.60
6600.00;6900.00;960.00;2.92;E0_0_800m;5.00;80;80;45.42;2.98
6600.00;6900.00;888.00;2.61;E0_1_800m;5.00;74;75;47.51;2.65
6600.00;6900.00;960.00;2.94;E0_0_900m;5.00;80;81;45.48;3.00
6600.00;6900.00;900.00;2.66;E0_1_900m;5.00;75;75;47.30;2.70
6600.00;6900.00;972.00;2.97;E0_0_1000m;5.00;81;81;45.34;3.03
6600.00;6900.00;912.00;2.70;E0_1_1000m;5.00;76;76;46.92;2.74
6600.00;6900.00;972.00;2.97;E0_0_1100m;5.00;81;81;45.41;3.04
6600.00;6900.00;912.00;2.72;E0_1_1100m;5.00;76;76;46.56;2.77
6600.00;6900.00;972.00;2.94;E0_0_1200m;5.00;81;80;45.83;3.01
6600.00;6900.00;912.00;2.71;E0_1_1200m;5.00;76;76;46.23;2.76
6600.00;6900.00;960.00;2.90;E0_0_1300m;5.00;80;80;45.59;2.98
6600.00;6900.00;900.00;2.65;E0_1_1300m;5.00;75;74;46.74;2.72
6600.00;6900.00;948.00;2.84;E0_0_1400m;5.00;79;78;46.14;2.92
6600.00;6900.00;888.00;2.60;E0_1_1400m;5.00;74;73;47.28;2.68
6600.00;6900.00;924.00;2.80;E0_0_1500m;5.00;77;78;46.13;2.87
6600.00;6900.00;876.00;2.55;E0_1_1500m;5.00;73;72;47.65;2.64
6600.00;6900.00;924.00;2.77;E0_0_1600m;5.00;77;76;45.88;2.84
6600.00;6900.00;852.00;2.52;E0_1_1600m;5.00;71;72;47.68;2.62
6600.00;6900.00;912.00;2.74;E0_0_1700m;5.00;76;76;46.20;2.81
6600.00;6900.00;852.00;2.49;E0_1_1700m;5.00;71;71;47.57;2.59
6600.00;6900.00;912.00;2.74;E0_0_1800m;5.00;76;76;46.22;2.81
6600.00;6900.00;852.00;2.48;E0_1_1800m;5.00;71;72;48.30;2.59
6600.00;6900.00;912.00;2.76;E0_0_1900m;5.00;76;76;46.19;2.84
6600.00;6900.00;864.00;2.49;E0_1_1900m;5.00;72;71;47.80;2.60
6600.00;6900.00;924.00;2.79;E0_0_2000m;5.00;77;78;46.01;2.86
6600.00;6900.00;864.00;2.50;E0_1_2000m;5.00;72;72;47.69;2.61
6600.00;6900.00;924.00;2.81;E0_0_2100m;5.00;77;77;46.12;2.88
6600.00;6900.00;864.00;2.49;E0_1_2100m;5.00;72;71;47.53;2.62
6600.00;6900.00;936.00;2.82;E0_0_2200m;5.00;78;77;45.95;2.89
6600.00;6900.00;852.00;2.49;E0_1_2200m;5.00;71;71;47.88;2.62
6600.00;6900.00;936.00;2.83;E0_0_2300m;5.00;78;78;46.30;2.90
6600.00;6900.00;840.00;2.47;E0_1_2300m;5.00;70;71;47.63;2.63
6600.00;6900.00;936.00;2.84;E0_0_2400m;5.00;78;79;46.04;2.92
6600.00;6900.00;840.00;2.44;E0_1_2400m;5.00;70;70;47.90;2.62
6600.00;6900.00;936.00;2.81;E0_0_2500m;5.00;78;78;46.22;2.90
6600.00;6900.00;828.00;2.41;E0_1_2500m;5.00;69;69;47.44;2.59
6600.00;6900.00;936.00;2.76;E0_0_2600m;5.00;78;77;46.93;2.83
6600.00;6900.00;816.00;2.35;E0_1_2600m;5.00;68;68;48.18;2.52
6600.00;6900.00;912.00;2.69;E0_0_2700m;5.00;76;76;47.15;2.75
6600.00;6900.00;804.00;2.30;E0_1_2700m;5.00;67;67;48.32;2.45
6600.00;6900.00;900.00;2.64;E0_0_2800m;5.00;75;76;47.41;2.72
6600.00;6900.00;792.00;2.25;E0_1_2800m;5.00;66;66;48.95;2.39
6600.00;6900.00;900.00;2.62;E0_0_2900m;5.00;75;74;47.32;2.72
6600.00;6900.00;780.00;2.20;E0_1_2900m;5.00;65;64;48.82;2.36
6600.00;6900.00;828.00;2.24;E0_0_3000m;5.00;69;74;55.66;2.79
6600.00;6900.00;804.00;3.19;E0_1_3000m;5.00;67;67;35.11;3.51
6600.00;6900.00;828.00;3.93;E0_0_3100m;5.00;69;68;29.21;4.03
6600.00;6900.00;864.00;3.90;E0_1_3100m;5.00;72;73;31.01;4.00
6600.00;6900.00;840.00;3.99;E0_0_3200m;5.00;70;70;29.22;4.14
6600.00;6900.00;876.00;4.04;E0_1_3200m;5.00;73;72;30.03;4.18
6600.00;6900.00;840.00;4.11;E0_0_3300m;5.00;70;70;28.37;4.33
6600.00;6900.00;888.00;4.07;E0_1_3300m;5.00;74;75;30.37;4.30
6600.00;6900.00;852.00;4.02;E0_0_3400m;5.00;71;71;29.43;4.45
6600.00;6900.00;888.00;3.95;E0_1_3400m;5.00;74;74;31.20;4.44
6600.00;6900.00;672.00;6.74;E0_0_3500m;5.00;56;65;18.89;7.51
6600.00;6900.00;1080.00;3.70;E0_1_3500m;5.00;90;91;40.63;5.75
6600.00;6900.00;588.00;15.67;E0_0_3600m;5.00;49;54;6.45;17.75
6600.00;6900.00;1164.00;11.23;E0_1_3600m;5.00;97;104;15.18;12.37
6600.00;6900.00;552.00;13.96;E0_0_3700m;5.00;46;57;6.17;16.25
6600.00;6900.00;1152.00;11.56;E0_1_3700m;5.00;96;108;14.71;14.04
6600.00;6900.00;492.00;15.12;E0_0_3800m;5.00;41;43;4.69;16.29
6600.00;6900.00;1176.00;12.64;E0_1_3800m;5.00;98;102;13.14;13.35
6600.00;6900.00;432.00;16.62;E0_0_3900m;5.00;36;37;3.68;17.19
6600.00;6900.00;1272.00;13.26;E0_1_3900m;5.00;106;109;13.53;13.49
6600.00;6900.00;408.00;17.37;E0_0_4000m;5.00;34;38;3.42;17.55
6600.00;6900.00;1284.00;14.29;E0_1_4000m;5.00;107;108;12.57;14.73
6600.00;6900.00;396.00;25.55;E0_0_4100m;5.00;33;33;2.15;25.60
6600.00;6900.00;1296.00;26.12;E0_1_4100m;5.00;108;108;6.89;26.16
6600.00;6900.00;408.00;28.11;E0_0_4200m;5.00;34;34;2.02;28.32
6600.00;6900.00;1272.00;29.43;E0_1_4200m;5.00;106;107;6.04;29.60
6600.00;6900.00;444.00;28.14;E0_0_4300m;5.00;37;38;2.22;28.36
6600.00;6900.00;1248.00;29.94;E0_1_4300m;5.00;104;105;5.82;30.16
6600.00;6900.00;444.00;28.00;E0_0_4400m;5.00;37;37;2.20;28.21
6600.00;6900.00;1284.00;29.89;E0_1_4400m;5.00;107;107;5.97;30.16
6600.00;6900.00;456.00;27.95;E0_0_4500m;5.00;38;38;2.27;28.19
6600.00;6900.00;1308.00;29.57;E0_1_4500m;5.00;109;108;6.12;29.84
6600.00;6900.00;516.00;27.75;E0_0_4600m;5.00;43;43;2.58;28.01
6600.00;6900.00;1260.00;29.43;E0_1_4600m;5.00;105;106;5.99;29.74
6600.00;6900.00;504.00;27.36;E0_0_4700m;5.00;42;42;2.56;27.69
6600.00;6900.00;1272.00;29.19;E0_1_4700m;5.00;106;108;6.13;29.49
6600.00;6900.00;456.00;27.27;E0_0_4800m;5.00;38;38;2.32;27.53
6600.00;6900.00;1260.00;28.86;E0_1_4800m;5.00;105;105;6.06;29.16
6600.00;6900.00;420.00;26.99;E0_0_4900m;5.00;35;36;2.18;27.31
6600.00;6900.00;1260.00;28.31;E0_1_4900m;5.00;105;105;6.18;28.71
6600.00;6900.00;432.00;27.18;E0_0_5000m;5.00;36;37;2.23;27.41
6600.00;6900.00;1236.00;28.52;E0_1_5000m;5.00;103;104;6.02;28.81
6900.00;7200.00;0.00;-1.00;E0_0_0m;-1.00;0;0;0.00;-1.00
6900.00;7200.00;0.00;-1.00;E0_1_0m;-1.00;0;0;0.00;-1.00
6900.00;7200.00;924.00;2.78;E0_0_100m;5.00;77;77;46.17;2.80
6900.00;7200.00;852.00;2.49;E0_1_100m;5.00;71;71;47.51;2.54
6900.00;7200.00;924.00;2.79;E0_0_200m;5.00;77;77;46.08;2.80
6900.00;7200.00;840.00;2.47;E0_1_200m;5.00;70;71;47.90;2.52
6900.00;7200.00;936.00;2.79;E0_0_300m;5.00;78;77;46.56;2.80
6900.00;7200.00;840.00;2.46;E0_1_300m;5.00;70;71;47.73;2.51
6900.00;7200.00;924.00;2.79;E0_0_400m;5.00;77;77;45.95;2.81
6900.00;7200.00;840.00;2.44;E0_1_400m;5.00;70;70;47.85;2.51
6900.00;7200.00;924.00;2.77;E0_0_500m;5.00;77;77;46.26;2.80
6900.00;7200.00;828.00;2.42;E0_1_500m;5.00;69;70;48.12;2.49
6900.00;7200.00;912.00;2.74;E0_0_600m;5.00;76;77;46.76;2.76
6900.00;7200.00;840.00;2.40;E0_1_600m;5.00;70;69;48.13;2.47
6900.00;7200.00;912.00;2.72;E0_0_700m;5.00;76;75;46.34;2.73
6900.00;7200.00;816.00;2.35;E0_1_700m;5.00;68;69;48.58;2.41
6900.00;7200.00;912.00;2.69;E0_0_800m;5.00;76;75;47.09;2.70
6900.00;7200.00;816.00;2.31;E0_1_800m;5.00;68;67;48.85;2.35
6900.00;7200.00;900.00;2.66;E0_0_900m;5.00;75;75;46.98;2.67
6900.00;7200.00;804.00;2.27;E0_1_900m;5.00;67;67;49.02;2.30
6900.00;7200.00;900.00;2.66;E0_0_1000m;5.00;75;74;46.68;2.67
6900.00;7200.00;792.00;2.24;E0_1_1000m;5.00;66;66;49.20;2.26
6900.00;7200.00;900.00;2.66;E0_0_1100m;5.00;75;74;47.07;2.66
6900.00;7200.00;792.00;2.24;E0_1_1100m;5.00;66;66;49.09;2.26
6900.00;7200.00;900.00;2.69;E0_0_1200m;5.00;75;76;46.55;2.70
6900.00;7200.00;804.00;2.26;E0_1_1200m;5.00;67;66;49.33;2.29
6900.00;7200.00;912.00;2.73;E0_0_1300m;5.00;76;76;46.42;2.74
6900.00;7200.00;804.00;2.30;E0_1_1300m;5.00;67;68;48.99;2.33
6900.00;7200.00;912.00;2.75;E0_0_1400m;5.00;76;77;46.47;2.77
6900.00;7200.00;816.00;2.36;E0_1_1400m;5.00;68;69;48.33;2.39
6900.00;7200.00;936.00;2.78;E0_0_1500m;5.00;78;77;46.51;2.80
6900.00;7200.00;828.00;2.40;E0_1_1500m;5.00;69;70;48.45;2.44
6900.00;7200.00;924.00;2.78;E0_0_1600m;5.00;77;78;46.43;2.81
6900.00;7200.00;852.00;2.43;E0_1_1600m;5.00;71;71;48.27;2.47
6900.00;7200.00;924.00;2.78;E0_0_1700m;5.00;77;77;46.22;2.81
6900.00;7200.00;852.00;2.45;E0_1_1700m;5.00;71;71;48.27;2.50
6900.00;7200.00;912.00;2.76;E0_0_1800m;5.00;76;77;46.43;2.79
6900.00;7200.00;852.00;2.45;E0_1_1800m;5.00;71;71;47.88;2.50
6900.00;7200.00;924.00;2.74;E0_0_1900m;5.00;77;76;46.50;2.77
6900.00;7200.00;852.00;2.45;E0_1_1900m;5.00;71;71;48.25;2.50
6900.00;7200.00;912.00;2.73;E0_0_2000m;5.00;76;76;46.75;2.77
6900.00;7200.00;852.00;2.46;E0_1_2000m;5.00;71;70;47.87;2.51
6900.00;7200.00;924.00;2.73;E0_0_2100m;5.00;77;76;46.56;2.77
6900.00;7200.00;852.00;2.50;E0_1_2100m;5.00;71;72;47.88;2.55
6900.00;7200.00;924.00;2.75;E0_0_2200m;5.00;77;77;46.69;2.79
6900.00;7200.00;876.00;2.55;E0_1_2200m;5.00;73;73;46.97;2.58
6900.00;7200.00;936.00;2.79;E0_0_2300m;5.00;78;77;46.08;2.83
6900.00;7200.00;888.00;2.61;E0_1_2300m;5.00;74;74;47.26;2.65
6900.00;7200.00;936.00;2.82;E0_0_2400m;5.00;78;77;45.87;2.88
6900.00;7200.00;900.00;2.68;E0_1_2400m;5.00;75;75;46.80;2.71
6900.00;7200.00;936.00;2.84;E0_0_2500m;5.00;78;78;45.73;2.90
6900.00;7200.00;912.00;2.71;E0_1_2500m;5.00;76;76;47.04;2.75
6900.00;7200.00;936.00;2.87;E0_0_2600m;5.00;78;78;45.37;2.93
6900.00;7200.00;912.00;2.73;E0_1_2600m;5.00;76;77;46.53;2.76
6900.00;7200.00;948.00;2.89;E0_0_2700m;5.00;79;79;45.58;2.96
6900.00;7200.00;912.00;2.72;E0_1_2700m;5.00;76;76;47.02;2.77
6900.00;7200.00;948.00;2.90;E0_0_2800m;5.00;79;79;45.55;2.98
6900.00;7200.00;900.00;2.71;E0_1_2800m;5.00;75;76;46.64;2.77
6900.00;7200.00;948.00;2.89;E0_0_2900m;5.00;79;79;45.54;3.00
6900.00;7200.00;900.00;2.66;E0_1_2900m;5.00;75;75;46.91;2.77
6900.00;7200.00;912.00;2.73;E0_0_3000m;5.00;76;79;50.25;3.33
6900.00;7200.00;948.00;3.82;E0_1_3000m;5.00;79;79;34.53;4.03
6900.00;7200.00;900.00;4.28;E0_0_3100m;5.00;75;75;29.20;4.42
6900.00;7200.00;936.00;4.27;E0_1_3100m;5.00;78;77;30.23;4.41
6900.00;7200.00;888.00;4.15;E0_0_3200m;5.00;74;74;29.70;4.30
6900.00;7200.00;912.00;4.18;E0_1_3200m;5.00;76;77;30.48;4.33
6900.00;7200.00;876.00;4.27;E0_0_3300m;5.00;73;73;28.48;4.49
6900.00;7200.00;912.00;4.29;E0_1_3300m;5.00;76;75;29.43;4.52
6900.00;7200.00;864.00;4.19;E0_0_3400m;5.00;72;72;28.63;4.65
6900.00;7200.00;900.00;4.24;E0_1_3400m;5.00;75;76;29.57;4.66
6900.00;7200.00;624.00;6.63;E0_0_3500m;5.00;52;66;19.82;7.27
6900.00;7200.00;1116.00;4.10;E0_1_3500m;5.00;93;97;39.26;6.38
6900.00;7200.00;516.00;13.43;E0_0_3600m;5.00;43;47;5.56;15.57
6900.00;7200.00;1224.00;11.72;E0_1_3600m;5.00;102;107;14.86;12.75
6900.00;7200.00;528.00;16.59;E0_0_3700m;5.00;44;51;4.91;17.04
6900.00;7200.00;1200.00;13.20;E0_1_3700m;5.00;100;108;13.21;14.00
6900.00;7200.00;492.00;16.20;E0_0_3800m;5.00;41;42;4.29;16.57
6900.00;7200.00;1284.00;12.20;E0_1_3800m;5.00;107;109;16.06;12.77
6900.00;7200.00;552.00;16.62;E0_0_3900m;5.00;46;46;4.61;17.13
6900.00;7200.00;1236.00;11.81;E0_1_3900m;5.00;103;106;14.80;12.62
6900.00;7200.00;456.00;17.26;E0_0_4000m;5.00;38;47;4.14;17.89
6900.00;7200.00;1296.00;14.02;E0_1_4000m;5.00;108;115;13.08;14.36
6900.00;7200.00;480.00;25.15;E0_0_4100m;5.00;40;40;2.65;25.29
6900.00;7200.00;1272.00;26.02;E0_1_4100m;5.00;106;106;6.79;26.09
6900.00;7200.00;504.00;28.50;E0_0_4200m;5.00;42;42;2.46;28.85
6900.00;7200.00;1260.00;29.56;E0_1_4200m;5.00;105;106;5.97;29.75
6900.00;7200.00;504.00;28.42;E0_0_4300m;5.00;42;42;2.46;28.72
6900.00;7200.00;1272.00;30.06;E0_1_4300m;5.00;106;106;5.88;30.34
6900.00;7200.00;516.00;28.59;E0_0_4400m;5.00;43;43;2.51;28.86
6900.00;7200.00;1236.00;29.75;E0_1_4400m;5.00;103;104;5.82;30.07
6900.00;7200.00;492.00;27.97;E0_0_4500m;5.00;41;43;2.57;28.23
6900.00;7200.00;1236.00;29.51;E0_1_4500m;5.00;103;105;5.87;29.83
6900.00;7200.00;480.00;27.09;E0_0_4600m;5.00;40;40;2.46;27.48
6900.00;7200.00;1260.00;28.85;E0_1_4600m;5.00;105;105;6.07;29.20
6900.00;7200.00;480.00;27.36;E0_0_4700m;5.00;40;40;2.44;27.64
6900.00;7200.00;1260.00;28.48;E0_1_4700m;5.00;105;105;6.15;28.91
6900.00;7200.00;540.00;27.00;E0_0_4800m;5.00;45;45;2.78;27.29
6900.00;7200.00;1224.00;28.75;E0_1_4800m;5.00;102;103;5.93;29.10
6900.00;7200.00;564.00;26.85;E0_0_4900m;5.00;47;47;2.92;27.15
6900.00;7200.00;1260.00;28.23;E0_1_4900m;5.00;105;106;6.21;28.68
6900.00;7200.00;552.00;27.41;E0_0_5000m;5.00;46;45;2.76;27.60
6900.00;7200.00;1296.00;28.75;E0_1_5000m;5.00;108;107;6.26;29.07
7200.00;7500.00;0.00;-1.00;E0_0_0m;-1.00;0;0;0.00;-1.00
7200.00;7500.00;0.00;-1.00;E0_1_0m;-1.00;0;0;0.00;-1.00
7200.00;7500.00;924.00;2.76;E0_0_100m;5.00;77;76;45.97;2.77
7200.00;7500.00;852.00;2.48;E0_1_100m;5.00;71;71;47.62;2.50
7200.00;7500.00;924.00;2.77;E0_0_200m;5.00;77;77;46.25;2.79
7200.00;7500.00;864.00;2.52;E0_1_200m;5.00;72;72;47.05;2.54
7200.00;7500.00;924.00;2.79;E0_0_300m;5.00;77;77;46.01;2.80
7200.00;7500.00;876.00;2.57;E0_1_300m;5.00;73;73;47.26;2.58
7200.00;7500.00;924.00;2.80;E0_0_400m;5.00;77;78;46.31;2.81
7200.00;7500.00;888.00;2.60;E0_1_400m;5.00;74;73;46.97;2.62
7200.00;7500.00;924.00;2.82;E0_0_500m;5.00;77;78;46.05;2.83
7200.00;7500.00;900.00;2.63;E0_1_500m;5.00;75;74;46.83;2.65
7200.00;7500.00;936.00;2.83;E0_0_600m;5.00;78;78;45.50;2.84
7200.00;7500.00;888.00;2.65;E0_1_600m;5.00;74;75;46.58;2.67
7200.00;7500.00;936.00;2.85;E0_0_700m;5.00;78;78;45.55;2.87
7200.00;7500.00;900.00;2.66;E0_1_700m;5.00;75;74;46.59;2.67
7200.00;7500.00;936.00;2.87;E0_0_800m;5.00;78;78;45.23;2.89
7200.00;7500.00;888.00;2.67;E0_1_800m;5.00;74;75;46.52;2.68
7200.00;7500.00;948.00;2.89;E0_0_900m;5.00;79;79;45.42;2.90
7200.00;7500.00;900.00;2.67;E0_1_900m;5.00;75;74;46.52;2.68
7200.00;7500.00;948.00;2.90;E0_0_1000m;5.00;79;80;45.41;2.92
7200.00;7500.00;900.00;2.68;E0_1_1000m;5.00;75;75;46.50;2.69
7200.00;7500.00;948.00;2.90;E0_0_1100m;5.00;79;79;45.37;2.92
7200.00;7500.00;888.00;2.67;E0_1_1100m;5.00;74;75;46.73;2.68
7200.00;7500.00;948.00;2.90;E0_0_1200m;5.00;79;79;45.60;2.91
7200.00;7500.00;888.00;2.63;E0_1_1200m;5.00;74;74;46.88;2.65
7200.00;7500.00;948.00;2.88;E0_0_1300m;5.00;79;78;45.73;2.89
7200.00;7500.00;888.00;2.61;E0_1_1300m;5.00;74;73;46.83;2.63
7200.00;7500.00;948.00;2.87;E0_0_1400m;5.00;79;79;45.58;2.88
7200.00;7500.00;876.00;2.57;E0_1_1400m;5.00;73;72;47.09;2.59
7200.00;7500.00;936.00;2.86;E0_0_1500m;5.00;78;79;46.00;2.87
7200.00;7500.00;864.00;2.54;E0_1_1500m;5.00;72;72;47.40;2.56
7200.00;7500.00;948.00;2.86;E0_0_1600m;5.00;79;79;46.16;2.88
7200.00;7500.00;864.00;2.51;E0_1_1600m;5.00;72;71;47.55;2.53
7200.00;7500.00;948.00;2.88;E0_0_1700m;5.00;79;80;45.96;2.90
7200.00;7500.00;852.00;2.50;E0_1_1700m;5.00;71;72;47.79;2.53
7200.00;7500.00;960.00;2.91;E0_0_1800m;5.00;80;80;45.48;2.93
7200.00;7500.00;864.00;2.52;E0_1_1800m;5.00;72;71;47.44;2.55
7200.00;7500.00;960.00;2.96;E0_0_1900m;5.00;80;81;45.21;2.98
7200.00;7500.00;864.00;2.54;E0_1_1900m;5.00;72;73;47.31;2.58
7200.00;7500.00;984.00;3.02;E0_0_2000m;5.00;82;81;44.94;3.03
7200.00;7500.00;876.00;2.58;E0_1_2000m;5.00;73;74;47.45;2.62
7200.00;7500.00;996.00;3.07;E0_0_2100m;5.00;83;83;45.00;3.09
7200.00;7500.00;888.00;2.60;E0_1_2100m;5.00;74;74;46.88;2.66
7200.00;7500.00;996.00;3.10;E0_0_2200m;5.00;83;83;44.57;3.12
7200.00;7500.00;888.00;2.62;E0_1_2200m;5.00;74;74;47.38;2.68
7200.00;7500.00;996.00;3.11;E0_0_2300m;5.00;83;84;44.50;3.13
7200.00;7500.00;888.00;2.60;E0_1_2300m;5.00;74;74;47.16;2.66
7200.00;7500.00;996.00;3.09;E0_0_2400m;5.00;83;84;44.90;3.11
7200.00;7500.00;876.00;2.57;E0_1_2400m;5.00;73;73;47.45;2.63
7200.00;7500.00;996.00;3.07;E0_0_2500m;5.00;83;83;45.00;3.10
7200.00;7500.00;876.00;2.54;E0_1_2500m;5.00;73;72;47.53;2.60
7200.00;7500.00;984.00;3.08;E0_0_2600m;5.00;82;83;44.81;3.11
7200.00;7500.00;864.00;2.52;E0_1_2600m;5.00;72;71;47.54;2.59
7200.00;7500.00;984.00;3.09;E0_0_2700m;5.00;82;83;44.73;3.13
7200.00;7500.00;864.00;2.52;E0_1_2700m;5.00;72;72;47.15;2.61
7200.00;7500.00;996.00;3.07;E0_0_2800m;5.00;83;83;44.99;3.12
7200.00;7500.00;864.00;2.51;E0_1_2800m;5.00;72;72;47.78;2.62
7200.00;7500.00;996.00;3.10;E0_0_2900m;5.00;83;84;45.01;3.17
7200.00;7500.00;876.00;2.58;E0_1_2900m;5.00;73;73;47.16;2.71
7200.00;7500.00;948.00;3.05;E0_0_3000m;5.00;79;85;48.17;3.53
7200.00;7500.00;960.00;3.73;E0_1_3000m;5.00;80;79;35.55;4.07
7200.00;7500.00;924.00;4.24;E0_0_3100m;5.00;77;77;30.27;4.31
7200.00;7500.00;960.00;4.22;E0_1_3100m;5.00;80;80;31.59;4.29
7200.00;7500.00;924.00;4.17;E0_0_3200m;5.00;77;78;31.00;4.27
7200.00;7500.00;972.00;4.20;E0_1_3200m;5.00;81;80;32.00;4.29
7200.00;7500.00;948.00;4.23;E0_0_3300m;5.00;79;80;31.36;4.39
7200.00;7500.00;972.00;4.20;E0_1_3300m;5.00;81;82;32.14;4.37
7200.00;7500.00;960.00;4.25;E0_0_3400m;5.00;80;81;31.53;4.68
7200.00;7500.00;996.00;4.28;E0_1_3400m;5.00;83;82;32.23;4.72
7200.00;7500.00;840.00;6.46;E0_0_3500m;5.00;70;80;24.39;7.77
7200.00;7500.00;1152.00;4.68;E0_1_3500m;5.00;96;96;33.07;6.58
7200.00;7500.00;720.00;15.54;E0_0_3600m;5.00;60;62;7.58;15.85
7200.00;7500.00;1260.00;10.37;E0_1_3600m;5.00;105;107;17.03;11.75
7200.00;7500.00;696.00;15.60;E0_0_3700m;5.00;58;61;6.34;16.11
7200.00;7500.00;1332.00;12.57;E0_1_3700m;5.00;111;114;14.92;13.04
7200.00;7500.00;624.00;14.35;E0_0_3800m;5.00;52;54;8.01;15.16
7200.00;7500.00;1344.00;10.95;E0_1_3800m;5.00;112;114;17.14;12.18
7200.00;7500.00;564.00;16.43;E0_0_3900m;5.00;47;49;4.93;16.84
7200.00;7500.00;1320.00;12.64;E0_1_3900m;5.00;110;113;14.75;13.38
7200.00;7500.00;576.00;16.46;E0_0_4000m;5.00;48;51;5.71;17.33
7200.00;7500.00;1356.00;13.33;E0_1_4000m;5.00;113;115;14.26;14.36
7200.00;7500.00;564.00;24.24;E0_0_4100m;5.00;47;48;3.30;24.48
7200.00;7500.00;1368.00;25.69;E0_1_4100m;5.00;114;116;7.47;25.81
7200.00;7500.00;528.00;26.20;E0_0_4200m;5.00;44;44;2.80;26.52
7200.00;7500.00;1380.00;28.25;E0_1_4200m;5.00;115;115;6.78;28.50
7200.00;7500.00;516.00;26.04;E0_0_4300m;5.00;43;45;2.77;26.42
7200.00;7500.00;1404.00;28.22;E0_1_4300m;5.00;117;118;6.95;28.55
7200.00;7500.00;516.00;25.81;E0_0_4400m;5.00;43;43;2.78;26.26
7200.00;7500.00;1392.00;28.55;E0_1_4400m;5.00;116;117;6.83;28.84
7200.00;7500.00;492.00;25.67;E0_0_4500m;5.00;41;42;2.69;26.03
7200.00;7500.00;1368.00;28.17;E0_1_4500m;5.00;114;113;6.69;28.49
7200.00;7500.00;480.00;25.85;E0_0_4600m;5.00;40;41;2.59;26.23
7200.00;7500.00;1344.00;28.19;E0_1_4600m;5.00;112;112;6.62;28.47
7200.00;7500.00;492.00;25.11;E0_0_4700m;5.00;41;41;2.72;25.50
7200.00;7500.00;1356.00;27.73;E0_1_4700m;5.00;113;113;6.79;28.02
7200.00;7500.00;432.00;25.15;E0_0_4800m;5.00;36;36;2.39;25.46
7200.00;7500.00;1392.00;27.73;E0_1_4800m;5.00;116;116;6.97;27.99
7200.00;7500.00;456.00;25.06;E0_0_4900m;5.00;38;39;2.53;25.41
7200.00;7500.00;1356.00;27.10;E0_1_4900m;5.00;113;114;6.99;27.43
7200.00;7500.00;444.00;25.63;E0_0_5000m;5.00;37;37;2.41;25.99
7200.00;7500.00;1356.00;27.65;E0_1_5000m;5.00;113;115;6.82;27.85
7500.00;7800.00;0.00;-1.00;E0_0_0m;-1.00;0;0;0.00;-1.00
7500.00;7800.00;0.00;-1.00;E0_1_0m;-1.00;0;0;0.00;-1.00
7500.00;7800.00;984.00;3.03;E0_0_100m;5.00;82;83;45.11;3.04
7500.00;7800.00;876.00;2.57;E0_1_100m;5.00;73;72;47.14;2.58
7500.00;7800.00;984.00;3.05;E0_0_200m;5.00;82;82;44.85;3.06
7500.00;7800.00;876.00;2.57;E0_1_200m;5.00;73;72;47.18;2.59
7500.00;7800.00;984.00;3.07;E0_0_300m;5.00;82;83;45.10;3.07
7500.00;7800.00;864.00;2.56;E0_1_300m;5.00;72;72;47.13;2.58
7500.00;7800.00;996.00;3.07;E0_0_400m;5.00;83;83;44.80;3.08
7500.00;7800.00;864.00;2.56;E0_1_400m;5.00;72;73;46.90;2.58
7500.00;7800.00;996.00;3.08;E0_0_500m;5.00;83;83;44.78;3.09
7500.00;7800.00;852.00;2.55;E0_1_500m;5.00;71;72;47.13;2.56
7500.00;7800.00;996.00;3.08;E0_0_600m;5.00;83;82;44.75;3.09
7500.00;7800.00;864.00;2.53;E0_1_600m;5.00;72;71;47.32;2.55
7500.00;7800.00;996.00;3.09;E0_0_700m;5.00;83;84;44.85;3.10
7500.00;7800.00;852.00;2.53;E0_1_700m;5.00;71;72;47.24;2.55
7500.00;7800.00;996.00;3.11;E0_0_800m;5.00;83;84;44.59;3.11
7500.00;7800.00;864.00;2.54;E0_1_800m;5.00;72;72;46.95;2.56
7500.00;7800.00;996.00;3.12;E0_0_900m;5.00;83;83;44.78;3.13
7500.00;7800.00;864.00;2.55;E0_1_900m;5.00;72;72;47.00;2.57
7500.00;7800.00;1008.00;3.14;E0_0_1000m;5.00;84;83;44.56;3.15
7500.00;7800.00;876.00;2.57;E0_1_1000m;5.00;73;72;47.13;2.59
7500.00;7800.00;1008.00;3.16;E0_0_1100m;5.00;84;85;44.51;3.17
7500.00;7800.00;888.00;2.60;E0_1_1100m;5.00;74;73;46.90;2.63
7500.00;7800.00;1020.00;3.19;E0_0_1200m;5.00;85;84;44.16;3.21
7500.00;7800.00;876.00;2.63;E0_1_1200m;5.00;73;74;46.78;2.65
7500.00;7800.00;1020.00;3.22;E0_0_1300m;5.00;85;86;44.10;3.24
7500.00;7800.00;888.00;2.66;E0_1_1300m;5.00;74;75;46.91;2.68
7500.00;7800.00;1032.00;3.26;E0_0_1400m;5.00;86;85;43.93;3.27
7500.00;7800.00;900.00;2.68;E0_1_1400m;5.00;75;75;46.63;2.70
7500.00;7800.00;1032.00;3.26;E0_0_1500m;5.00;86;85;43.50;3.27
7500.00;7800.00;900.00;2.68;E0_1_1500m;5.00;75;75;46.31;2.70
7500.00;7800.00;1020.00;3.26;E0_0_1600m;5.00;85;85;43.23;3.28
7500.00;7800.00;888.00;2.67;E0_1_1600m;5.00;74;75;46.74;2.70
7500.00;7800.00;1020.00;3.24;E0_0_1700m;5.00;85;85;43.72;3.26
7500.00;7800.00;888.00;2.64;E0_1_1700m;5.00;74;74;46.66;2.69
7500.00;7800.00;1020.00;3.21;E0_0_1800m;5.00;85;84;43.94;3.24
7500.00;7800.00;876.00;2.60;E0_1_1800m;5.00;73;74;46.97;2.65
7500.00;7800.00;1020.00;3.17;E0_0_1900m;5.00;85;84;44.45;3.21
7500.00;7800.00;876.00;2.55;E0_1_1900m;5.00;73;72;47.59;2.61
7500.00;7800.00;1008.00;3.13;E0_0_2000m;5.00;84;84;44.68;3.18
7500.00;7800.00;864.00;2.51;E0_1_2000m;5.00;72;71;47.52;2.57
7500.00;7800.00;984.00;3.10;E0_0_2100m;5.00;82;83;44.41;3.15
7500.00;7800.00;852.00;2.48;E0_1_2100m;5.00;71;70;47.65;2.53
7500.00;7800.00;984.00;3.07;E0_0_2200m;5.00;82;82;44.54;3.11
7500.00;7800.00;840.00;2.44;E0_1_2200m;5.00;70;70;48.16;2.49
7500.00;7800.00;984.00;3.06;E0_0_2300m;5.00;82;82;45.13;3.11
7500.00;7800.00;840.00;2.43;E0_1_2300m;5.00;70;70;48.30;2.48
7500.00;7800.00;996.00;3.10;E0_0_2400m;5.00;83;83;44.74;3.16
7500.00;7800.00;852.00;2.46;E0_1_2400m;5.00;71;71;47.80;2.53
7500.00;7800.00;1008.00;3.15;E0_0_2500m;5.00;84;85;44.46;3.22
7500.00;7800.00;864.00;2.52;E0_1_2500m;5.00;72;72;47.54;2.63
7500.00;7800.00;1032.00;3.19;E0_0_2600m;5.00;86;85;44.50;3.28
7500.00;7800.00;888.00;2.60;E0_1_2600m;5.00;74;74;47.51;2.73
7500.00;7800.00;1032.00;3.23;E0_0_2700m;5.00;86;86;43.93;3.33
7500.00;7800.00;900.00;2.63;E0_1_2700m;5.00;75;74;47.22;2.79
7500.00;7800.00;1032.00;3.27;E0_0_2800m;5.00;86;86;43.70;3.37
7500.00;7800.00;900.00;2.63;E0_1_2800m;5.00;75;74;46.95;2.83
7500.00;7800.00;1032.00;3.26;E0_0_2900m;5.00;86;86;43.78;3.38
7500.00;7800.00;876.00;2.59;E0_1_2900m;5.00;73;74;47.26;2.89
7500.00;7800.00;912.00;3.28;E0_0_3000m;5.00;76;85;46.96;3.80
7500.00;7800.00;972.00;3.75;E0_1_3000m;5.00;81;82;36.21;4.38
7500.00;7800.00;912.00;4.70;E0_0_3100m;5.00;76;76;26.94;4.85
7500.00;7800.00;984.00;4.66;E0_1_3100m;5.00;82;82;29.33;4.82
7500.00;7800.00;924.00;4.44;E0_0_3200m;5.00;77;76;28.67;4.67
7500.00;7800.00;984.00;4.51;E0_1_3200m;5.00;82;82;30.33;4.73
7500.00;7800.00;900.00;4.51;E0_0_3300m;5.00;75;75;27.68;4.84
7500.00;7800.00;984.00;4.54;E0_1_3300m;5.00;82;81;30.06;4.87
7500.00;7800.00;912.00;4.53;E0_0_3400m;5.00;76;75;27.78;5.11
7500.00;7800.00;972.00;4.53;E0_1_3400m;5.00;81;81;29.80;5.07
7500.00;7800.00;684.00;6.41;E0_0_3500m;5.00;57;69;21.61;7.57
7500.00;7800.00;1164.00;4.64;E0_1_3500m;5.00;97;97;34.85;7.58
7500.00;7800.00;552.00;14.85;E0_0_3600m;5.00;46;56;7.86;15.71
7500.00;7800.00;1272.00;10.89;E0_1_3600m;5.00;106;116;17.11;12.09
7500.00;7800.00;540.00;13.51;E0_0_3700m;5.00;45;49;7.87;14.63
7500.00;7800.00;1260.00;11.40;E0_1_3700m;5.00;105;107;15.38;12.23
7500.00;7800.00;564.00;16.37;E0_0_3800m;5.00;47;54;5.18;17.12
7500.00;7800.00;1284.00;12.40;E0_1_3800m;5.00;107;113;14.79;13.27
7500.00;7800.00;612.00;16.57;E0_0_3900m;5.00;51;55;5.31;17.33
7500.00;7800.00;1284.00;11.57;E0_1_3900m;5.00;107;110;15.66;12.72
7500.00;7800.00;552.00;16.82;E0_0_4000m;5.00;46;49;4.65;17.05
7500.00;7800.00;1320.00;14.17;E0_1_4000m;5.00;110;111;12.95;14.62
7500.00;7800.00;576.00;25.08;E0_0_4100m;5.00;48;48;3.19;25.17
7500.00;7800.00;1296.00;25.90;E0_1_4100m;5.00;108;108;6.95;26.01
7500.00;7800.00;624.00;27.30;E0_0_4200m;5.00;52;52;3.17;27.60
7500.00;7800.00;1272.00;29.16;E0_1_4200m;5.00;106;107;6.12;29.35
7500.00;7800.00;612.00;27.42;E0_0_4300m;5.00;51;51;3.10;27.59
7500.00;7800.00;1260.00;29.45;E0_1_4300m;5.00;105;105;5.94;29.69
7500.00;7800.00;624.00;27.16;E0_0_4400m;5.00;52;53;3.20;27.34
7500.00;7800.00;1260.00;28.98;E0_1_4400m;5.00;105;105;6.04;29.31
7500.00;7800.00;624.00;26.82;E0_0_4500m;5.00;52;52;3.23;27.01
7500.00;7800.00;1296.00;28.73;E0_1_4500m;5.00;108;108;6.26;29.02
7500.00;7800.00;624.00;26.22;E0_0_4600m;5.00;52;52;3.31;26.43
7500.00;7800.00;1320.00;27.86;E0_1_4600m;5.00;110;110;6.58;28.28
7500.00;7800.00;648.00;26.06;E0_0_4700m;5.00;54;54;3.45;26.29
7500.00;7800.00;1296.00;27.66;E0_1_4700m;5.00;108;109;6.52;28.03
7500.00;7800.00;672.00;25.71;E0_0_4800m;5.00;56;56;3.63;25.98
7500.00;7800.00;1320.00;27.07;E0_1_4800m;5.00;110;111;6.79;27.52
7500.00;7800.00;636.00;25.46;E0_0_4900m;5.00;53;53;3.47;25.77
7500.00;7800.00;1332.00;26.87;E0_1_4900m;5.00;111;111;6.88;27.28
7500.00;7800.00;684.00;25.99;E0_0_5000m;5.00;57;59;3.78;26.24
7500.00;7800.00;1260.00;26.91;E0_1_5000m;5.00;105;105;6.50;27.29
