interval_begin;interval_end;interval_flow;interval_harmonicMeanSpeed;interval_id;interval_length;interval_nVehContrib;interval_nVehEntered;interval_occupancy;interval_speed
0.00;300.00;0.00;-1.00;E0_0_0m;-1.00;0;0;0.00;-1.00
0.00;300.00;0.00;-1.00;E0_1_0m;-1.00;0;0;0.00;-1.00
0.00;300.00;2016.00;27.15;E0_0_100m;5.00;168;169;10.32;27.24
0.00;300.00;2016.00;28.83;E0_1_100m;5.00;168;168;9.71;28.98
0.00;300.00;1992.00;26.81;E0_0_200m;5.00;166;167;10.33;26.90
0.00;300.00;2004.00;28.90;E0_1_200m;5.00;167;167;9.63;29.07
0.00;300.00;1980.00;26.69;E0_0_300m;5.00;165;165;10.30;26.77
0.00;300.00;1980.00;28.70;E0_1_300m;5.00;165;165;9.58;28.83
0.00;300.00;1920.00;26.76;E0_0_400m;5.00;160;160;9.96;26.84
0.00;300.00;2004.00;28.41;E0_1_400m;5.00;167;167;9.80;28.52
0.00;300.00;1872.00;26.51;E0_0_500m;5.00;156;157;9.86;26.60
0.00;300.00;1992.00;28.34;E0_1_500m;5.00;166;166;9.76;28.47
0.00;300.00;1848.00;26.45;E0_0_600m;5.00;154;154;9.70;26.56
0.00;300.00;1944.00;28.19;E0_1_600m;5.00;162;162;9.58;28.29
0.00;300.00;1788.00;26.37;E0_0_700m;5.00;149;150;9.44;26.49
0.00;300.00;1932.00;28.07;E0_1_700m;5.00;161;162;9.59;28.17
0.00;300.00;1704.00;26.61;E0_0_800m;5.00;142;142;8.89;26.70
0.00;300.00;1968.00;27.94;E0_1_800m;5.00;164;164;9.78;28.03
0.00;300.00;1680.00;26.63;E0_0_900m;5.00;140;140;8.76;26.71
0.00;300.00;1932.00;28.02;E0_1_900m;5.00;161;161;9.58;28.11
0.00;300.00;1668.00;26.62;E0_0_1000m;5.00;139;139;8.70;26.70
0.00;300.00;1872.00;28.12;E0_1_1000m;5.00;156;156;9.25;28.23
0.00;300.00;1608.00;26.68;E0_0_1100m;5.00;134;135;8.43;26.75
0.00;300.00;1872.00;28.05;E0_1_1100m;5.00;156;156;9.27;28.16
0.00;300.00;1584.00;26.62;E0_0_1200m;5.00;132;132;8.27;26.70
0.00;300.00;1860.00;27.95;E0_1_1200m;5.00;155;155;9.24;28.06
0.00;300.00;1548.00;26.52;E0_0_1300m;5.00;129;130;8.12;26.61
0.00;300.00;1884.00;27.80;E0_1_1300m;5.00;157;157;9.41;27.93
0.00;300.00;1536.00;26.55;E0_0_1400m;5.00;128;128;8.04;26.61
0.00;300.00;1860.00;27.83;E0_1_1400m;5.00;155;155;9.28;27.94
0.00;300.00;1500.00;26.58;E0_0_1500m;5.00;125;125;7.84;26.64
0.00;300.00;1824.00;27.77;E0_1_1500m;5.00;152;152;9.12;27.88
0.00;300.00;1476.00;26.64;E0_0_1600m;5.00;123;123;7.70;26.70
0.00;300.00;1800.00;27.69;E0_1_1600m;5.00;150;150;9.03;27.81
0.00;300.00;1440.00;26.49;E0_0_1700m;5.00;120;120;7.55;26.55
0.00;300.00;1764.00;27.59;E0_1_1700m;5.00;147;148;8.93;27.72
0.00;300.00;1368.00;26.30;E0_0_1800m;5.00;114;114;7.22;26.37
0.00;300.00;1776.00;27.53;E0_1_1800m;5.00;148;148;8.96;27.66
0.00;300.00;1344.00;26.41;E0_0_1900m;5.00;112;112;7.07;26.47
0.00;300.00;1764.00;27.50;E0_1_1900m;5.00;147;147;8.91;27.63
0.00;300.00;1320.00;26.39;E0_0_2000m;5.00;110;111;6.99;26.45
0.00;300.00;1740.00;27.49;E0_1_2000m;5.00;145;145;8.79;27.63
0.00;300.00;1308.00;26.34;E0_0_2100m;5.00;109;109;6.90;26.41
0.00;300.00;1692.00;27.53;E0_1_2100m;5.00;141;141;8.54;27.67
0.00;300.00;1308.00;26.23;E0_0_2200m;5.00;109;109;6.93;26.30
0.00;300.00;1668.00;27.58;E0_1_2200m;5.00;139;139;8.40;27.73
0.00;300.00;1272.00;26.17;E0_0_2300m;5.00;106;106;6.75;26.26
0.00;300.00;1632.00;27.55;E0_1_2300m;5.00;136;136;8.23;27.69
0.00;300.00;1236.00;26.16;E0_0_2400m;5.00;103;103;6.56;26.23
0.00;300.00;1596.00;27.64;E0_1_2400m;5.00;133;134;8.04;27.78
0.00;300.00;1212.00;26.16;E0_0_2500m;5.00;101;102;6.44;26.22
0.00;300.00;1548.00;27.66;E0_1_2500m;5.00;129;129;7.77;27.79
0.00;300.00;1176.00;26.15;E0_0_2600m;5.00;98;98;6.25;26.22
0.00;300.00;1512.00;27.63;E0_1_2600m;5.00;126;127;7.61;27.76
0.00;300.00;1140.00;26.14;E0_0_2700m;5.00;95;95;6.06;26.21
0.00;300.00;1488.00;27.63;E0_1_2700m;5.00;124;124;7.48;27.76
0.00;300.00;1128.00;26.11;E0_0_2800m;5.00;94;94;6.00;26.19
0.00;300.00;1440.00;27.61;E0_1_2800m;5.00;120;120;7.24;27.73
0.00;300.00;1092.00;26.21;E0_0_2900m;5.00;91;91;5.79;26.30
0.00;300.00;1392.00;27.57;E0_1_2900m;5.00;116;116;7.01;27.67
0.00;300.00;1068.00;26.22;E0_0_3000m;5.00;89;89;5.66;26.31
0.00;300.00;1356.00;27.61;E0_1_3000m;5.00;113;113;6.82;27.71
0.00;300.00;1044.00;26.28;E0_0_3100m;5.00;87;88;5.54;26.38
0.00;300.00;1332.00;27.59;E0_1_3100m;5.00;111;111;6.70;27.71
0.00;300.00;1032.00;26.40;E0_0_3200m;5.00;86;87;5.46;26.49
0.00;300.00;1308.00;27.71;E0_1_3200m;5.00;109;109;6.56;27.82
0.00;300.00;1020.00;26.46;E0_0_3300m;5.00;85;85;5.35;26.55
0.00;300.00;1260.00;27.73;E0_1_3300m;5.00;105;105;6.31;27.81
0.00;300.00;1020.00;26.46;E0_0_3400m;5.00;85;85;5.35;26.54
0.00;300.00;1260.00;27.74;E0_1_3400m;5.00;105;105;6.31;27.82
0.00;300.00;1020.00;26.32;E0_0_3500m;5.00;85;85;5.38;26.41
0.00;300.00;1248.00;27.81;E0_1_3500m;5.00;104;104;6.23;27.87
0.00;300.00;996.00;26.21;E0_0_3600m;5.00;83;83;5.28;26.29
0.00;300.00;1212.00;27.86;E0_1_3600m;5.00;101;101;6.04;27.93
0.00;300.00;996.00;26.27;E0_0_3700m;5.00;83;83;5.27;26.35
0.00;300.00;1164.00;27.90;E0_1_3700m;5.00;97;97;5.79;27.98
0.00;300.00;984.00;26.24;E0_0_3800m;5.00;82;82;5.21;26.33
0.00;300.00;1116.00;27.95;E0_1_3800m;5.00;93;93;5.55;28.04
0.00;300.00;972.00;26.28;E0_0_3900m;5.00;81;81;5.14;26.39
0.00;300.00;1068.00;28.08;E0_1_3900m;5.00;89;90;5.30;28.18
0.00;300.00;936.00;26.36;E0_0_4000m;5.00;78;78;4.93;26.47
0.00;300.00;1044.00;28.09;E0_1_4000m;5.00;87;87;5.16;28.19
0.00;300.00;888.00;26.47;E0_0_4100m;5.00;74;74;4.66;26.57
0.00;300.00;1020.00;28.10;E0_1_4100m;5.00;85;85;5.04;28.20
0.00;300.00;840.00;26.52;E0_0_4200m;5.00;70;70;4.40;26.63
0.00;300.00;996.00;28.15;E0_1_4200m;5.00;83;83;4.91;28.25
0.00;300.00;780.00;26.41;E0_0_4300m;5.00;65;65;4.10;26.51
0.00;300.00;984.00;28.13;E0_1_4300m;5.00;82;82;4.86;28.23
0.00;300.00;756.00;26.28;E0_0_4400m;5.00;63;63;4.00;26.38
0.00;300.00;960.00;28.23;E0_1_4400m;5.00;80;80;4.72;28.32
0.00;300.00;768.00;26.37;E0_0_4500m;5.00;64;64;4.05;26.46
0.00;300.00;912.00;28.38;E0_1_4500m;5.00;76;76;4.46;28.50
0.00;300.00;756.00;26.44;E0_0_4600m;5.00;63;63;3.97;26.55
0.00;300.00;900.00;28.42;E0_1_4600m;5.00;75;75;4.40;28.54
0.00;300.00;780.00;26.48;E0_0_4700m;5.00;65;65;4.09;26.59
0.00;300.00;864.00;28.53;E0_1_4700m;5.00;72;72;4.21;28.64
0.00;300.00;768.00;26.48;E0_0_4800m;5.00;64;64;4.03;26.60
0.00;300.00;852.00;28.56;E0_1_4800m;5.00;71;71;4.14;28.68
0.00;300.00;756.00;26.47;E0_0_4900m;5.00;63;63;3.97;26.59
0.00;300.00;828.00;28.53;E0_1_4900m;5.00;69;69;4.03;28.65
0.00;300.00;744.00;26.43;E0_0_5000m;5.00;62;62;3.91;26.55
0.00;300.00;804.00;28.55;E0_1_5000m;5.00;67;67;3.91;28.67
300.00;600.00;0.00;-1.00;E0_0_0m;-1.00;0;0;0.00;-1.00
300.00;600.00;0.00;-1.00;E0_1_0m;-1.00;0;0;0.00;-1.00
300.00;600.00;1848.00;26.24;E0_0_100m;5.00;154;154;9.78;26.38
300.00;600.00;2220.00;27.59;E0_1_100m;5.00;185;186;11.20;27.73
300.00;600.00;1944.00;26.18;E0_0_200m;5.00;162;162;10.31;26.35
300.00;600.00;2112.00;27.66;E0_1_200m;5.00;176;176;10.60;27.84
300.00;600.00;1896.00;26.03;E0_0_300m;5.00;158;158;10.12;26.18
300.00;600.00;2136.00;27.55;E0_1_300m;5.00;178;178;10.77;27.75
300.00;600.00;1848.00;25.96;E0_0_400m;5.00;154;154;9.89;26.10
300.00;600.00;2148.00;27.42;E0_1_400m;5.00;179;179;10.88;27.60
300.00;600.00;1848.00;25.87;E0_0_500m;5.00;154;154;9.92;26.00
300.00;600.00;2160.00;27.15;E0_1_500m;5.00;180;180;11.05;27.33
300.00;600.00;1848.00;25.63;E0_0_600m;5.00;154;154;10.02;25.77
300.00;600.00;2184.00;26.95;E0_1_600m;5.00;182;182;11.26;27.12
300.00;600.00;1872.00;25.56;E0_0_700m;5.00;156;155;10.15;25.71
300.00;600.00;2184.00;26.79;E0_1_700m;5.00;182;181;11.29;26.97
300.00;600.00;1872.00;25.54;E0_0_800m;5.00;156;156;10.18;25.68
300.00;600.00;2184.00;26.63;E0_1_800m;5.00;182;182;11.39;26.82
300.00;600.00;1848.00;25.57;E0_0_900m;5.00;154;155;10.05;25.69
300.00;600.00;2196.00;26.56;E0_1_900m;5.00;183;183;11.48;26.76
300.00;600.00;1872.00;25.43;E0_0_1000m;5.00;156;156;10.23;25.57
300.00;600.00;2184.00;26.51;E0_1_1000m;5.00;182;182;11.44;26.71
300.00;600.00;1872.00;25.05;E0_0_1100m;5.00;156;155;10.32;25.23
300.00;600.00;2172.00;26.53;E0_1_1100m;5.00;181;181;11.37;26.72
300.00;600.00;1848.00;24.97;E0_0_1200m;5.00;154;154;10.28;25.15
300.00;600.00;2160.00;26.53;E0_1_1200m;5.00;180;180;11.31;26.71
300.00;600.00;1848.00;25.03;E0_0_1300m;5.00;154;154;10.25;25.21
300.00;600.00;2136.00;26.57;E0_1_1300m;5.00;178;178;11.17;26.75
300.00;600.00;1824.00;24.93;E0_0_1400m;5.00;152;152;10.16;25.13
300.00;600.00;2136.00;26.67;E0_1_1400m;5.00;178;178;11.12;26.85
300.00;600.00;1860.00;24.78;E0_0_1500m;5.00;155;155;10.42;24.97
300.00;600.00;2172.00;26.81;E0_1_1500m;5.00;181;181;11.25;26.99
300.00;600.00;1824.00;24.74;E0_0_1600m;5.00;152;153;10.30;24.93
300.00;600.00;2184.00;26.79;E0_1_1600m;5.00;182;182;11.32;26.95
300.00;600.00;1812.00;24.85;E0_0_1700m;5.00;151;151;10.13;25.03
300.00;600.00;2196.00;26.75;E0_1_1700m;5.00;183;182;11.35;26.90
300.00;600.00;1836.00;24.89;E0_0_1800m;5.00;153;153;10.24;25.07
300.00;600.00;2196.00;26.76;E0_1_1800m;5.00;183;183;11.40;26.90
300.00;600.00;1872.00;24.94;E0_0_1900m;5.00;156;156;10.42;25.12
300.00;600.00;2184.00;26.77;E0_1_1900m;5.00;182;182;11.33;26.89
300.00;600.00;1848.00;24.78;E0_0_2000m;5.00;154;153;10.32;24.96
300.00;600.00;2184.00;26.71;E0_1_2000m;5.00;182;182;11.36;26.83
300.00;600.00;1836.00;24.62;E0_0_2100m;5.00;153;153;10.36;24.83
300.00;600.00;2184.00;26.64;E0_1_2100m;5.00;182;182;11.39;26.77
300.00;600.00;1824.00;24.60;E0_0_2200m;5.00;152;152;10.30;24.80
300.00;600.00;2160.00;26.61;E0_1_2200m;5.00;180;180;11.27;26.74
300.00;600.00;1812.00;24.71;E0_0_2300m;5.00;151;151;10.19;24.88
300.00;600.00;2172.00;26.64;E0_1_2300m;5.00;181;181;11.32;26.79
300.00;600.00;1812.00;24.84;E0_0_2400m;5.00;151;151;10.13;25.00
300.00;600.00;2172.00;26.64;E0_1_2400m;5.00;181;182;11.36;26.79
300.00;600.00;1800.00;24.89;E0_0_2500m;5.00;150;149;10.04;25.04
300.00;600.00;2184.00;26.62;E0_1_2500m;5.00;182;183;11.45;26.75
300.00;600.00;1812.00;24.96;E0_0_2600m;5.00;151;151;10.08;25.08
300.00;600.00;2184.00;26.57;E0_1_2600m;5.00;182;181;11.40;26.68
300.00;600.00;1800.00;25.08;E0_0_2700m;5.00;150;150;9.97;25.18
300.00;600.00;2184.00;26.48;E0_1_2700m;5.00;182;182;11.45;26.59
300.00;600.00;1764.00;25.05;E0_0_2800m;5.00;147;147;9.78;25.16
300.00;600.00;2196.00;26.51;E0_1_2800m;5.00;183;184;11.56;26.60
300.00;600.00;1812.00;24.85;E0_0_2900m;5.00;151;151;10.13;24.99
300.00;600.00;2172.00;26.58;E0_1_2900m;5.00;181;182;11.42;26.66
300.00;600.00;1824.00;24.74;E0_0_3000m;5.00;152;152;10.24;24.88
300.00;600.00;2172.00;26.64;E0_1_3000m;5.00;181;182;11.33;26.71
300.00;600.00;1824.00;24.60;E0_0_3100m;5.00;152;152;10.30;24.76
300.00;600.00;2148.00;26.72;E0_1_3100m;5.00;179;180;11.18;26.79
300.00;600.00;1812.00;24.61;E0_0_3200m;5.00;151;151;10.23;24.79
300.00;600.00;2172.00;26.72;E0_1_3200m;5.00;181;181;11.29;26.78
300.00;600.00;1848.00;24.57;E0_0_3300m;5.00;154;154;10.45;24.76
300.00;600.00;2196.00;26.78;E0_1_3300m;5.00;183;183;11.39;26.84
300.00;600.00;1848.00;24.46;E0_0_3400m;5.00;154;154;10.49;24.64
300.00;600.00;2196.00;26.88;E0_1_3400m;5.00;183;183;11.35;26.96
300.00;600.00;1824.00;24.38;E0_0_3500m;5.00;152;152;10.39;24.56
300.00;600.00;2172.00;26.96;E0_1_3500m;5.00;181;181;11.19;27.05
300.00;600.00;1824.00;24.49;E0_0_3600m;5.00;152;152;10.34;24.66
300.00;600.00;2160.00;26.95;E0_1_3600m;5.00;180;180;11.13;27.04
300.00;600.00;1800.00;24.53;E0_0_3700m;5.00;150;151;10.21;24.69
300.00;600.00;2160.00;26.95;E0_1_3700m;5.00;180;180;11.13;27.04
300.00;600.00;1800.00;24.51;E0_0_3800m;5.00;150;150;10.20;24.67
300.00;600.00;2160.00;26.98;E0_1_3800m;5.00;180;180;11.12;27.07
300.00;600.00;1812.00;24.53;E0_0_3900m;5.00;151;151;10.26;24.69
300.00;600.00;2160.00;27.07;E0_1_3900m;5.00;180;179;11.07;27.16
300.00;600.00;1812.00;24.52;E0_0_4000m;5.00;151;151;10.26;24.69
300.00;600.00;2148.00;27.14;E0_1_4000m;5.00;179;179;10.99;27.23
300.00;600.00;1824.00;24.55;E0_0_4100m;5.00;152;152;10.32;24.72
300.00;600.00;2148.00;27.17;E0_1_4100m;5.00;179;179;10.98;27.25
300.00;600.00;1848.00;24.42;E0_0_4200m;5.00;154;154;10.51;24.59
300.00;600.00;2136.00;27.24;E0_1_4200m;5.00;178;178;10.89;27.32
300.00;600.00;1836.00;24.42;E0_0_4300m;5.00;153;153;10.44;24.58
300.00;600.00;2148.00;27.25;E0_1_4300m;5.00;179;179;10.95;27.32
300.00;600.00;1824.00;24.47;E0_0_4400m;5.00;152;152;10.35;24.63
300.00;600.00;2148.00;27.34;E0_1_4400m;5.00;179;179;10.91;27.41
300.00;600.00;1800.00;24.54;E0_0_4500m;5.00;150;150;10.19;24.68
300.00;600.00;2148.00;27.45;E0_1_4500m;5.00;179;179;10.87;27.51
300.00;600.00;1824.00;24.51;E0_0_4600m;5.00;152;152;10.34;24.62
300.00;600.00;2148.00;27.61;E0_1_4600m;5.00;179;179;10.81;27.69
300.00;600.00;1848.00;24.56;E0_0_4700m;5.00;154;154;10.45;24.68
300.00;600.00;2100.00;27.68;E0_1_4700m;5.00;175;175;10.54;27.78
300.00;600.00;1836.00;24.38;E0_0_4800m;5.00;153;153;10.46;24.52
300.00;600.00;2064.00;27.71;E0_1_4800m;5.00;172;172;10.35;27.81
300.00;600.00;1800.00;24.32;E0_0_4900m;5.00;150;151;10.29;24.45
300.00;600.00;2076.00;27.64;E0_1_4900m;5.00;173;173;10.43;27.77
300.00;600.00;1776.00;24.40;E0_0_5000m;5.00;148;148;10.11;24.53
300.00;600.00;2064.00;27.71;E0_1_5000m;5.00;172;172;10.35;27.80
600.00;900.00;0.00;-1.00;E0_0_0m;-1.00;0;0;0.00;-1.00
600.00;900.00;0.00;-1.00;E0_1_0m;-1.00;0;0;0.00;-1.00
600.00;900.00;1512.00;27.18;E0_0_100m;5.00;126;126;7.73;27.36
600.00;900.00;1860.00;28.92;E0_1_100m;5.00;155;154;8.91;29.09
600.00;900.00;1584.00;27.47;E0_0_200m;5.00;132;133;8.04;27.67
600.00;900.00;1812.00;29.66;E0_1_200m;5.00;151;151;8.49;29.83
600.00;900.00;1500.00;27.60;E0_0_300m;5.00;125;126;7.58;27.79
600.00;900.00;1908.00;29.61;E0_1_300m;5.00;159;159;8.95;29.80
600.00;900.00;1512.00;27.62;E0_0_400m;5.00;126;126;7.60;27.79
600.00;900.00;1920.00;29.67;E0_1_400m;5.00;160;160;8.99;29.85
600.00;900.00;1524.00;27.46;E0_0_500m;5.00;127;127;7.71;27.62
600.00;900.00;1884.00;29.65;E0_1_500m;5.00;157;159;8.85;29.84
600.00;900.00;1512.00;27.31;E0_0_600m;5.00;126;126;7.69;27.46
600.00;900.00;1932.00;29.48;E0_1_600m;5.00;161;161;9.10;29.66
600.00;900.00;1500.00;27.07;E0_0_700m;5.00;125;125;7.70;27.23
600.00;900.00;1956.00;29.29;E0_1_700m;5.00;163;163;9.28;29.46
600.00;900.00;1524.00;26.84;E0_0_800m;5.00;127;127;7.89;27.00
600.00;900.00;1908.00;29.04;E0_1_800m;5.00;159;159;9.12;29.20
600.00;900.00;1524.00;26.70;E0_0_900m;5.00;127;126;7.92;26.85
600.00;900.00;1944.00;28.79;E0_1_900m;5.00;162;162;9.38;28.95
600.00;900.00;1572.00;26.62;E0_0_1000m;5.00;131;131;8.20;26.77
600.00;900.00;1908.00;28.64;E0_1_1000m;5.00;159;159;9.25;28.82
600.00;900.00;1548.00;26.30;E0_0_1100m;5.00;129;129;8.18;26.46
600.00;900.00;1980.00;28.43;E0_1_1100m;5.00;165;165;9.67;28.63
600.00;900.00;1572.00;26.16;E0_0_1200m;5.00;131;131;8.35;26.35
600.00;900.00;1992.00;28.12;E0_1_1200m;5.00;166;166;9.84;28.37
600.00;900.00;1536.00;26.12;E0_0_1300m;5.00;128;128;8.17;26.30
600.00;900.00;2004.00;27.86;E0_1_1300m;5.00;167;167;9.99;28.12
600.00;900.00;1560.00;26.06;E0_0_1400m;5.00;130;130;8.31;26.24
600.00;900.00;2004.00;27.65;E0_1_1400m;5.00;167;167;10.07;27.91
600.00;900.00;1560.00;25.98;E0_0_1500m;5.00;130;130;8.34;26.14
600.00;900.00;1956.00;27.52;E0_1_1500m;5.00;163;163;9.87;27.78
600.00;900.00;1572.00;25.84;E0_0_1600m;5.00;131;130;8.40;26.01
600.00;900.00;2004.00;27.48;E0_1_1600m;5.00;167;167;10.13;27.75
600.00;900.00;1632.00;25.67;E0_0_1700m;5.00;136;136;8.83;25.86
600.00;900.00;1968.00;27.40;E0_1_1700m;5.00;164;165;10.01;27.67
600.00;900.00;1632.00;25.64;E0_0_1800m;5.00;136;136;8.84;25.81
600.00;900.00;1968.00;27.36;E0_1_1800m;5.00;164;164;9.99;27.64
600.00;900.00;1632.00;25.71;E0_0_1900m;5.00;136;136;8.82;25.89
600.00;900.00;1932.00;27.39;E0_1_1900m;5.00;161;161;9.80;27.71
600.00;900.00;1644.00;25.64;E0_0_2000m;5.00;137;137;8.90;25.86
600.00;900.00;1968.00;27.35;E0_1_2000m;5.00;164;165;10.05;27.67
600.00;900.00;1668.00;25.55;E0_0_2100m;5.00;139;139;9.07;25.74
600.00;900.00;2004.00;27.11;E0_1_2100m;5.00;167;167;10.27;27.43
600.00;900.00;1680.00;25.37;E0_0_2200m;5.00;140;140;9.20;25.56
600.00;900.00;2040.00;26.95;E0_1_2200m;5.00;170;170;10.51;27.27
600.00;900.00;1692.00;25.12;E0_0_2300m;5.00;141;141;9.35;25.30
600.00;900.00;2052.00;26.72;E0_1_2300m;5.00;171;171;10.67;27.03
600.00;900.00;1680.00;24.87;E0_0_2400m;5.00;140;140;9.38;25.04
600.00;900.00;2088.00;26.41;E0_1_2400m;5.00;174;173;10.94;26.71
600.00;900.00;1692.00;24.56;E0_0_2500m;5.00;141;141;9.57;24.74
600.00;900.00;2112.00;26.18;E0_1_2500m;5.00;176;175;11.14;26.49
600.00;900.00;1728.00;24.34;E0_0_2600m;5.00;144;144;9.86;24.57
600.00;900.00;2088.00;26.04;E0_1_2600m;5.00;174;175;11.18;26.37
600.00;900.00;1716.00;23.98;E0_0_2700m;5.00;143;143;9.94;24.21
600.00;900.00;2124.00;25.62;E0_1_2700m;5.00;177;177;11.51;25.96
600.00;900.00;1716.00;23.76;E0_0_2800m;5.00;143;143;10.03;23.95
600.00;900.00;2136.00;25.07;E0_1_2800m;5.00;178;177;11.78;25.38
600.00;900.00;1728.00;23.38;E0_0_2900m;5.00;144;144;10.27;23.50
600.00;900.00;2172.00;24.28;E0_1_2900m;5.00;181;180;12.36;24.49
600.00;900.00;1788.00;22.16;E0_0_3000m;5.00;149;149;11.20;22.23
600.00;900.00;2124.00;22.97;E0_1_3000m;5.00;177;176;12.84;23.07
600.00;900.00;1800.00;21.91;E0_0_3100m;5.00;150;150;11.41;21.94
600.00;900.00;2124.00;22.66;E0_1_3100m;5.00;177;176;13.01;22.71
600.00;900.00;1812.00;21.97;E0_0_3200m;5.00;151;151;11.45;22.00
600.00;900.00;2064.00;22.57;E0_1_3200m;5.00;172;172;12.70;22.61
600.00;900.00;1812.00;22.20;E0_0_3300m;5.00;151;151;11.33;22.22
600.00;900.00;2004.00;22.53;E0_1_3300m;5.00;167;167;12.35;22.57
600.00;900.00;1788.00;22.25;E0_0_3400m;5.00;149;150;11.21;22.26
600.00;900.00;1956.00;22.51;E0_1_3400m;5.00;163;163;12.07;22.54
600.00;900.00;1788.00;22.18;E0_0_3500m;5.00;149;149;11.20;22.20
600.00;900.00;1944.00;22.49;E0_1_3500m;5.00;162;162;12.01;22.50
600.00;900.00;1812.00;22.12;E0_0_3600m;5.00;151;151;11.38;22.15
600.00;900.00;1932.00;22.46;E0_1_3600m;5.00;161;161;11.95;22.48
600.00;900.00;1800.00;22.10;E0_0_3700m;5.00;150;150;11.35;22.13
600.00;900.00;1932.00;22.51;E0_1_3700m;5.00;161;161;11.92;22.55
600.00;900.00;1788.00;21.98;E0_0_3800m;5.00;149;150;11.35;22.03
600.00;900.00;1932.00;22.56;E0_1_3800m;5.00;161;161;11.90;22.62
600.00;900.00;1788.00;21.88;E0_0_3900m;5.00;149;149;11.35;21.93
600.00;900.00;1932.00;22.56;E0_1_3900m;5.00;161;161;11.89;22.61
600.00;900.00;1788.00;23.23;E0_0_4000m;5.00;149;149;10.69;23.30
600.00;900.00;1956.00;23.99;E0_1_4000m;5.00;163;163;11.33;24.13
600.00;900.00;1776.00;26.20;E0_0_4100m;5.00;148;148;9.41;26.32
600.00;900.00;2028.00;27.33;E0_1_4100m;5.00;169;169;10.31;27.45
600.00;900.00;1848.00;26.35;E0_0_4200m;5.00;154;154;9.74;26.47
600.00;900.00;2016.00;27.71;E0_1_4200m;5.00;168;168;10.11;27.85
600.00;900.00;1860.00;25.99;E0_0_4300m;5.00;155;155;9.94;26.09
600.00;900.00;2064.00;27.73;E0_1_4300m;5.00;172;172;10.34;27.90
600.00;900.00;1884.00;25.88;E0_0_4400m;5.00;157;157;10.11;25.99
600.00;900.00;2100.00;27.54;E0_1_4400m;5.00;175;175;10.59;27.69
600.00;900.00;1908.00;25.64;E0_0_4500m;5.00;159;159;10.34;25.76
600.00;900.00;2112.00;27.36;E0_1_4500m;5.00;176;177;10.73;27.49
600.00;900.00;1884.00;25.56;E0_0_4600m;5.00;157;157;10.24;25.67
600.00;900.00;2100.00;27.26;E0_1_4600m;5.00;175;175;10.70;27.38
600.00;900.00;1848.00;25.53;E0_0_4700m;5.00;154;154;10.05;25.64
600.00;900.00;2124.00;27.13;E0_1_4700m;5.00;177;177;10.87;27.24
600.00;900.00;1872.00;25.50;E0_0_4800m;5.00;156;156;10.19;25.62
600.00;900.00;2172.00;27.07;E0_1_4800m;5.00;181;181;11.14;27.19
600.00;900.00;1920.00;25.27;E0_0_4900m;5.00;160;160;10.55;25.38
600.00;900.00;2184.00;27.18;E0_1_4900m;5.00;182;182;11.16;27.29
600.00;900.00;1932.00;25.19;E0_0_5000m;5.00;161;161;10.65;25.31
600.00;900.00;2244.00;27.20;E0_1_5000m;5.00;187;187;11.46;27.32
900.00;1200.00;0.00;-1.00;E0_0_0m;-1.00;0;0;0.00;-1.00
900.00;1200.00;0.00;-1.00;E0_1_0m;-1.00;0;0;0.00;-1.00
900.00;1200.00;1800.00;24.85;E0_0_100m;5.00;150;151;10.10;24.98
900.00;1200.00;2352.00;25.98;E0_1_100m;5.00;196;196;12.57;26.12
900.00;1200.00;1836.00;25.04;E0_0_200m;5.00;153;153;10.19;25.18
900.00;1200.00;2280.00;26.15;E0_1_200m;5.00;190;190;12.11;26.38
900.00;1200.00;1860.00;24.93;E0_0_300m;5.00;155;154;10.33;25.06
900.00;1200.00;2244.00;26.09;E0_1_300m;5.00;187;187;11.95;26.33
900.00;1200.00;1848.00;24.88;E0_0_400m;5.00;154;154;10.32;25.00
900.00;1200.00;2244.00;25.81;E0_1_400m;5.00;187;188;12.11;26.05
900.00;1200.00;1848.00;24.83;E0_0_500m;5.00;154;154;10.34;24.96
900.00;1200.00;2256.00;25.67;E0_1_500m;5.00;188;187;12.21;25.92
900.00;1200.00;1848.00;24.69;E0_0_600m;5.00;154;154;10.39;24.82
900.00;1200.00;2232.00;25.59;E0_1_600m;5.00;186;186;12.11;25.86
900.00;1200.00;1824.00;24.35;E0_0_700m;5.00;152;152;10.40;24.52
900.00;1200.00;2220.00;25.34;E0_1_700m;5.00;185;185;12.17;25.63
900.00;1200.00;1848.00;24.11;E0_0_800m;5.00;154;154;10.65;24.30
900.00;1200.00;2232.00;24.94;E0_1_800m;5.00;186;186;12.43;25.27
900.00;1200.00;1848.00;23.97;E0_0_900m;5.00;154;154;10.71;24.17
900.00;1200.00;2220.00;24.62;E0_1_900m;5.00;185;186;12.53;24.96
900.00;1200.00;1824.00;23.79;E0_0_1000m;5.00;152;152;10.65;23.99
900.00;1200.00;2244.00;24.47;E0_1_1000m;5.00;187;187;12.74;24.83
900.00;1200.00;1812.00;23.71;E0_0_1100m;5.00;151;151;10.62;23.90
900.00;1200.00;2232.00;24.28;E0_1_1100m;5.00;186;186;12.77;24.65
900.00;1200.00;1812.00;23.63;E0_0_1200m;5.00;151;151;10.65;23.83
900.00;1200.00;2220.00;24.15;E0_1_1200m;5.00;185;185;12.77;24.52
900.00;1200.00;1824.00;23.49;E0_0_1300m;5.00;152;152;10.78;23.66
900.00;1200.00;2208.00;24.00;E0_1_1300m;5.00;184;184;12.78;24.33
900.00;1200.00;1764.00;23.28;E0_0_1400m;5.00;147;147;10.52;23.42
900.00;1200.00;2244.00;23.89;E0_1_1400m;5.00;187;187;13.05;24.20
900.00;1200.00;1728.00;23.15;E0_0_1500m;5.00;144;144;10.37;23.27
900.00;1200.00;2268.00;23.85;E0_1_1500m;5.00;189;189;13.21;24.15
900.00;1200.00;1704.00;23.03;E0_0_1600m;5.00;142;142;10.27;23.14
900.00;1200.00;2256.00;23.81;E0_1_1600m;5.00;188;188;13.16;24.13
900.00;1200.00;1740.00;23.04;E0_0_1700m;5.00;145;145;10.49;23.16
900.00;1200.00;2268.00;23.83;E0_1_1700m;5.00;189;188;13.19;24.17
900.00;1200.00;1752.00;22.79;E0_0_1800m;5.00;146;146;10.68;22.90
900.00;1200.00;2268.00;23.76;E0_1_1800m;5.00;189;189;13.26;24.09
900.00;1200.00;1776.00;22.86;E0_0_1900m;5.00;148;148;10.79;23.01
900.00;1200.00;2232.00;23.63;E0_1_1900m;5.00;186;186;13.12;23.98
900.00;1200.00;1764.00;22.89;E0_0_2000m;5.00;147;147;10.70;23.03
900.00;1200.00;2208.00;23.59;E0_1_2000m;5.00;184;184;13.00;23.94
900.00;1200.00;1740.00;22.94;E0_0_2100m;5.00;145;145;10.54;23.08
900.00;1200.00;2172.00;23.57;E0_1_2100m;5.00;181;181;12.80;23.92
900.00;1200.00;1728.00;22.98;E0_0_2200m;5.00;144;144;10.44;23.14
900.00;1200.00;2124.00;23.55;E0_1_2200m;5.00;177;177;12.53;23.89
900.00;1200.00;1764.00;22.90;E0_0_2300m;5.00;147;147;10.70;23.07
900.00;1200.00;2088.00;23.66;E0_1_2300m;5.00;174;175;12.26;24.04
900.00;1200.00;1764.00;22.88;E0_0_2400m;5.00;147;147;10.71;23.04
900.00;1200.00;2076.00;23.58;E0_1_2400m;5.00;173;173;12.23;23.99
900.00;1200.00;1728.00;22.73;E0_0_2500m;5.00;144;144;10.56;22.91
900.00;1200.00;2064.00;23.60;E0_1_2500m;5.00;172;173;12.22;24.03
900.00;1200.00;1728.00;22.78;E0_0_2600m;5.00;144;144;10.53;22.95
900.00;1200.00;2052.00;23.64;E0_1_2600m;5.00;171;171;12.06;24.08
900.00;1200.00;1716.00;22.83;E0_0_2700m;5.00;143;143;10.44;22.99
900.00;1200.00;2040.00;23.69;E0_1_2700m;5.00;170;170;11.96;24.14
900.00;1200.00;1716.00;22.84;E0_0_2800m;5.00;143;143;10.44;23.00
900.00;1200.00;2040.00;23.76;E0_1_2800m;5.00;170;170;11.93;24.21
900.00;1200.00;1668.00;22.62;E0_0_2900m;5.00;139;139;10.24;22.77
900.00;1200.00;2016.00;23.46;E0_1_2900m;5.00;168;168;11.94;23.78
900.00;1200.00;1608.00;21.57;E0_0_3000m;5.00;134;134;10.36;21.64
900.00;1200.00;2028.00;22.39;E0_1_3000m;5.00;169;169;12.58;22.49
900.00;1200.00;1644.00;21.29;E0_0_3100m;5.00;137;137;10.73;21.36
900.00;1200.00;1980.00;22.24;E0_1_3100m;5.00;165;165;12.37;22.32
900.00;1200.00;1716.00;21.46;E0_0_3200m;5.00;143;143;11.11;21.51
900.00;1200.00;1908.00;22.24;E0_1_3200m;5.00;159;159;11.92;22.31
900.00;1200.00;1716.00;21.56;E0_0_3300m;5.00;143;143;11.06;21.61
900.00;1200.00;1884.00;22.20;E0_1_3300m;5.00;157;157;11.78;22.26
900.00;1200.00;1704.00;21.47;E0_0_3400m;5.00;142;141;10.98;21.55
900.00;1200.00;1896.00;22.20;E0_1_3400m;5.00;158;158;11.86;22.25
900.00;1200.00;1716.00;21.58;E0_0_3500m;5.00;143;143;11.04;21.64
900.00;1200.00;1884.00;22.23;E0_1_3500m;5.00;157;157;11.77;22.29
900.00;1200.00;1704.00;21.69;E0_0_3600m;5.00;142;142;10.91;21.75
900.00;1200.00;1884.00;22.23;E0_1_3600m;5.00;157;157;11.77;22.31
900.00;1200.00;1716.00;21.72;E0_0_3700m;5.00;143;142;10.93;21.77
900.00;1200.00;1872.00;22.25;E0_1_3700m;5.00;156;156;11.68;22.32
900.00;1200.00;1716.00;21.75;E0_0_3800m;5.00;143;143;10.96;21.80
900.00;1200.00;1872.00;22.24;E0_1_3800m;5.00;156;156;11.69;22.30
900.00;1200.00;1704.00;21.90;E0_0_3900m;5.00;142;142;10.81;21.92
900.00;1200.00;1860.00;22.25;E0_1_3900m;5.00;155;155;11.61;22.31
900.00;1200.00;1704.00;22.43;E0_0_4000m;5.00;142;142;10.55;22.52
900.00;1200.00;1812.00;22.79;E0_1_4000m;5.00;151;152;11.10;22.91
900.00;1200.00;1632.00;23.92;E0_0_4100m;5.00;136;136;9.48;24.18
900.00;1200.00;1812.00;25.27;E0_1_4100m;5.00;151;151;9.96;25.82
900.00;1200.00;1584.00;23.98;E0_0_4200m;5.00;132;132;9.17;24.27
900.00;1200.00;1788.00;25.79;E0_1_4200m;5.00;149;149;9.63;26.48
900.00;1200.00;1572.00;24.10;E0_0_4300m;5.00;131;132;9.09;24.36
900.00;1200.00;1728.00;26.02;E0_1_4300m;5.00;144;145;9.26;26.74
900.00;1200.00;1548.00;24.19;E0_0_4400m;5.00;129;129;8.89;24.43
900.00;1200.00;1680.00;26.10;E0_1_4400m;5.00;140;140;8.94;26.79
900.00;1200.00;1524.00;24.24;E0_0_4500m;5.00;127;127;8.73;24.48
900.00;1200.00;1668.00;26.23;E0_1_4500m;5.00;139;139;8.83;26.88
900.00;1200.00;1500.00;24.19;E0_0_4600m;5.00;125;126;8.66;24.38
900.00;1200.00;1656.00;26.35;E0_1_4600m;5.00;138;138;8.73;26.96
900.00;1200.00;1500.00;24.27;E0_0_4700m;5.00;125;125;8.59;24.45
900.00;1200.00;1632.00;26.41;E0_1_4700m;5.00;136;136;8.58;26.96
900.00;1200.00;1440.00;24.11;E0_0_4800m;5.00;120;121;8.32;24.28
900.00;1200.00;1620.00;26.56;E0_1_4800m;5.00;135;135;8.47;27.04
900.00;1200.00;1428.00;24.04;E0_0_4900m;5.00;119;119;8.25;24.25
900.00;1200.00;1572.00;26.61;E0_1_4900m;5.00;131;131;8.20;27.13
900.00;1200.00;1380.00;23.99;E0_0_5000m;5.00;115;116;8.00;24.21
900.00;1200.00;1536.00;26.70;E0_1_5000m;5.00;128;128;7.99;27.26
1200.00;1500.00;0.00;-1.00;E0_0_0m;-1.00;0;0;0.00;-1.00
1200.00;1500.00;0.00;-1.00;E0_1_0m;-1.00;0;0;0.00;-1.00
1200.00;1500.00;1752.00;26.73;E0_0_100m;5.00;146;145;9.07;26.87
1200.00;1500.00;2112.00;27.83;E0_1_100m;5.00;176;177;10.55;27.97
1200.00;1500.00;1800.00;26.99;E0_0_200m;5.00;150;150;9.26;27.12
1200.00;1500.00;2100.00;28.16;E0_1_200m;5.00;175;176;10.37;28.32
1200.00;1500.00;1812.00;26.91;E0_0_300m;5.00;151;152;9.40;27.05
1200.00;1500.00;2088.00;28.30;E0_1_300m;5.00;174;174;10.25;28.46
1200.00;1500.00;1788.00;26.71;E0_0_400m;5.00;149;149;9.30;26.83
1200.00;1500.00;2148.00;28.17;E0_1_400m;5.00;179;178;10.55;28.31
1200.00;1500.00;1824.00;26.49;E0_0_500m;5.00;152;152;9.56;26.60
1200.00;1500.00;2148.00;28.11;E0_1_500m;5.00;179;179;10.61;28.22
1200.00;1500.00;1812.00;26.48;E0_0_600m;5.00;151;151;9.50;26.57
1200.00;1500.00;2148.00;28.02;E0_1_600m;5.00;179;180;10.70;28.13
1200.00;1500.00;1812.00;26.43;E0_0_700m;5.00;151;151;9.52;26.51
1200.00;1500.00;2160.00;27.89;E0_1_700m;5.00;180;180;10.76;27.99
1200.00;1500.00;1776.00;26.25;E0_0_800m;5.00;148;150;9.43;26.35
1200.00;1500.00;2160.00;27.68;E0_1_800m;5.00;180;180;10.84;27.78
1200.00;1500.00;1788.00;26.23;E0_0_900m;5.00;149;149;9.47;26.33
1200.00;1500.00;2136.00;27.66;E0_1_900m;5.00;178;177;10.72;27.75
1200.00;1500.00;1764.00;26.22;E0_0_1000m;5.00;147;147;9.34;26.31
1200.00;1500.00;2148.00;27.64;E0_1_1000m;5.00;179;179;10.79;27.73
1200.00;1500.00;1764.00;26.21;E0_0_1100m;5.00;147;147;9.35;26.30
1200.00;1500.00;2136.00;27.64;E0_1_1100m;5.00;178;178;10.73;27.74
1200.00;1500.00;1752.00;26.29;E0_0_1200m;5.00;146;146;9.25;26.38
1200.00;1500.00;2148.00;27.53;E0_1_1200m;5.00;179;179;10.84;27.62
1200.00;1500.00;1740.00;26.29;E0_0_1300m;5.00;145;145;9.19;26.36
1200.00;1500.00;2160.00;27.40;E0_1_1300m;5.00;180;180;10.95;27.48
1200.00;1500.00;1764.00;26.22;E0_0_1400m;5.00;147;147;9.34;26.29
1200.00;1500.00;2148.00;27.30;E0_1_1400m;5.00;179;179;10.93;27.38
1200.00;1500.00;1740.00;26.22;E0_0_1500m;5.00;145;146;9.23;26.30
1200.00;1500.00;2172.00;27.22;E0_1_1500m;5.00;181;181;11.08;27.29
1200.00;1500.00;1740.00;26.20;E0_0_1600m;5.00;145;145;9.23;26.27
1200.00;1500.00;2208.00;27.20;E0_1_1600m;5.00;184;184;11.27;27.26
1200.00;1500.00;1740.00;26.23;E0_0_1700m;5.00;145;145;9.21;26.30
1200.00;1500.00;2208.00;27.18;E0_1_1700m;5.00;184;184;11.28;27.23
1200.00;1500.00;1740.00;26.18;E0_0_1800m;5.00;145;145;9.23;26.25
1200.00;1500.00;2184.00;27.14;E0_1_1800m;5.00;182;182;11.18;27.20
1200.00;1500.00;1728.00;26.06;E0_0_1900m;5.00;144;144;9.21;26.13
1200.00;1500.00;2232.00;27.06;E0_1_1900m;5.00;186;186;11.45;27.12
1200.00;1500.00;1728.00;25.98;E0_0_2000m;5.00;144;145;9.26;26.08
1200.00;1500.00;2232.00;27.05;E0_1_2000m;5.00;186;186;11.46;27.12
1200.00;1500.00;1752.00;25.92;E0_0_2100m;5.00;146;147;9.44;26.03
1200.00;1500.00;2208.00;27.01;E0_1_2100m;5.00;184;184;11.36;27.11
1200.00;1500.00;1764.00;25.82;E0_0_2200m;5.00;147;147;9.49;25.93
1200.00;1500.00;2208.00;26.88;E0_1_2200m;5.00;184;184;11.41;27.01
1200.00;1500.00;1764.00;25.75;E0_0_2300m;5.00;147;147;9.52;25.86
1200.00;1500.00;2208.00;26.75;E0_1_2300m;5.00;184;184;11.46;26.91
1200.00;1500.00;1800.00;25.59;E0_0_2400m;5.00;150;150;9.77;25.70
1200.00;1500.00;2196.00;26.56;E0_1_2400m;5.00;183;183;11.48;26.75
1200.00;1500.00;1824.00;25.14;E0_0_2500m;5.00;152;152;10.08;25.25
1200.00;1500.00;2232.00;26.05;E0_1_2500m;5.00;186;185;11.83;26.24
1200.00;1500.00;1836.00;24.58;E0_0_2600m;5.00;153;153;10.37;24.72
1200.00;1500.00;2268.00;25.46;E0_1_2600m;5.00;189;189;12.37;25.62
1200.00;1500.00;1848.00;23.95;E0_0_2700m;5.00;154;154;10.72;24.08
1200.00;1500.00;2268.00;24.78;E0_1_2700m;5.00;189;189;12.71;24.91
1200.00;1500.00;1872.00;23.43;E0_0_2800m;5.00;156;156;11.10;23.56
1200.00;1500.00;2316.00;24.15;E0_1_2800m;5.00;193;193;13.32;24.26
1200.00;1500.00;1932.00;22.78;E0_0_2900m;5.00;161;161;11.78;22.88
1200.00;1500.00;2316.00;23.41;E0_1_2900m;5.00;193;193;13.74;23.49
1200.00;1500.00;1944.00;21.86;E0_0_3000m;5.00;162;162;12.35;21.90
1200.00;1500.00;2328.00;22.44;E0_1_3000m;5.00;194;194;14.41;22.46
1200.00;1500.00;1980.00;21.75;E0_0_3100m;5.00;165;165;12.64;21.79
1200.00;1500.00;2292.00;22.36;E0_1_3100m;5.00;191;191;14.24;22.38
1200.00;1500.00;2040.00;21.93;E0_0_3200m;5.00;170;170;12.92;21.95
1200.00;1500.00;2244.00;22.31;E0_1_3200m;5.00;187;187;13.97;22.32
1200.00;1500.00;2064.00;21.76;E0_0_3300m;5.00;172;172;13.17;21.80
1200.00;1500.00;2256.00;22.27;E0_1_3300m;5.00;188;188;14.07;22.27
1200.00;1500.00;2052.00;21.68;E0_0_3400m;5.00;171;171;13.15;21.72
1200.00;1500.00;2268.00;22.27;E0_1_3400m;5.00;189;189;14.15;22.28
1200.00;1500.00;2064.00;21.53;E0_0_3500m;5.00;172;172;13.32;21.58
1200.00;1500.00;2256.00;22.26;E0_1_3500m;5.00;188;188;14.07;22.27
1200.00;1500.00;2088.00;21.63;E0_0_3600m;5.00;174;174;13.41;21.68
1200.00;1500.00;2256.00;22.25;E0_1_3600m;5.00;188;188;14.08;22.25
1200.00;1500.00;2100.00;21.71;E0_0_3700m;5.00;175;175;13.43;21.75
1200.00;1500.00;2268.00;22.24;E0_1_3700m;5.00;189;189;14.16;22.24
1200.00;1500.00;2136.00;21.92;E0_0_3800m;5.00;178;178;13.53;21.94
1200.00;1500.00;2304.00;22.25;E0_1_3800m;5.00;192;192;14.38;22.25
1200.00;1500.00;2160.00;22.01;E0_0_3900m;5.00;180;180;13.63;22.04
1200.00;1500.00;2340.00;22.27;E0_1_3900m;5.00;195;195;14.59;22.27
1200.00;1500.00;2172.00;22.74;E0_0_4000m;5.00;181;181;13.26;22.80
1200.00;1500.00;2352.00;23.05;E0_1_4000m;5.00;196;196;14.17;23.12
1200.00;1500.00;2172.00;24.25;E0_0_4100m;5.00;181;181;12.44;24.46
1200.00;1500.00;2352.00;25.21;E0_1_4100m;5.00;196;196;12.96;25.53
1200.00;1500.00;2184.00;24.43;E0_0_4200m;5.00;182;183;12.45;24.62
1200.00;1500.00;2352.00;25.29;E0_1_4200m;5.00;196;196;12.91;25.65
1200.00;1500.00;2172.00;24.46;E0_0_4300m;5.00;181;181;12.30;24.63
1200.00;1500.00;2376.00;25.22;E0_1_4300m;5.00;198;197;13.05;25.57
1200.00;1500.00;2160.00;24.45;E0_0_4400m;5.00;180;180;12.27;24.61
1200.00;1500.00;2388.00;25.15;E0_1_4400m;5.00;199;199;13.19;25.48
1200.00;1500.00;2160.00;24.46;E0_0_4500m;5.00;180;180;12.26;24.64
1200.00;1500.00;2412.00;25.11;E0_1_4500m;5.00;201;201;13.34;25.42
1200.00;1500.00;2160.00;24.38;E0_0_4600m;5.00;180;179;12.26;24.56
1200.00;1500.00;2448.00;25.02;E0_1_4600m;5.00;204;204;13.59;25.29
1200.00;1500.00;2160.00;24.35;E0_0_4700m;5.00;180;180;12.32;24.52
1200.00;1500.00;2460.00;24.92;E0_1_4700m;5.00;205;205;13.71;25.18
1200.00;1500.00;2160.00;24.37;E0_0_4800m;5.00;180;180;12.31;24.51
1200.00;1500.00;2472.00;24.89;E0_1_4800m;5.00;206;207;13.83;25.13
1200.00;1500.00;2184.00;24.43;E0_0_4900m;5.00;182;182;12.42;24.55
1200.00;1500.00;2508.00;24.90;E0_1_4900m;5.00;209;209;13.99;25.12
1200.00;1500.00;2220.00;24.45;E0_0_5000m;5.00;185;184;12.60;24.58
1200.00;1500.00;2532.00;24.93;E0_1_5000m;5.00;211;211;14.10;25.12
1500.00;1800.00;0.00;-1.00;E0_0_0m;-1.00;0;0;0.00;-1.00
1500.00;1800.00;0.00;-1.00;E0_1_0m;-1.00;0;0;0.00;-1.00
1500.00;1800.00;1836.00;26.18;E0_0_100m;5.00;153;153;9.74;26.36
1500.00;1800.00;2268.00;27.45;E0_1_100m;5.00;189;188;11.46;27.66
1500.00;1800.00;1836.00;26.19;E0_0_200m;5.00;153;153;9.73;26.39
1500.00;1800.00;2232.00;27.63;E0_1_200m;5.00;186;186;11.22;27.92
1500.00;1800.00;1836.00;26.07;E0_0_300m;5.00;153;152;9.74;26.28
1500.00;1800.00;2256.00;27.50;E0_1_300m;5.00;188;189;11.44;27.77
1500.00;1800.00;1836.00;25.96;E0_0_400m;5.00;153;153;9.82;26.18
1500.00;1800.00;2268.00;27.20;E0_1_400m;5.00;189;189;11.58;27.49
1500.00;1800.00;1824.00;25.81;E0_0_500m;5.00;152;152;9.82;26.04
1500.00;1800.00;2268.00;26.79;E0_1_500m;5.00;189;189;11.76;27.08
1500.00;1800.00;1812.00;25.51;E0_0_600m;5.00;151;151;9.87;25.77
1500.00;1800.00;2268.00;26.37;E0_1_600m;5.00;189;188;11.89;26.66
1500.00;1800.00;1776.00;25.21;E0_0_700m;5.00;148;148;9.78;25.48
1500.00;1800.00;2292.00;26.07;E0_1_700m;5.00;191;191;12.21;26.36
1500.00;1800.00;1788.00;25.25;E0_0_800m;5.00;149;148;9.83;25.47
1500.00;1800.00;2280.00;25.88;E0_1_800m;5.00;190;190;12.24;26.17
1500.00;1800.00;1800.00;25.20;E0_0_900m;5.00;150;150;9.92;25.41
1500.00;1800.00;2280.00;25.74;E0_1_900m;5.00;190;191;12.35;26.03
1500.00;1800.00;1812.00;25.11;E0_0_1000m;5.00;151;151;10.02;25.29
1500.00;1800.00;2268.00;25.71;E0_1_1000m;5.00;189;189;12.25;25.99
1500.00;1800.00;1836.00;24.86;E0_0_1100m;5.00;153;153;10.26;25.06
1500.00;1800.00;2256.00;25.73;E0_1_1100m;5.00;188;188;12.18;25.99
1500.00;1800.00;1848.00;24.70;E0_0_1200m;5.00;154;154;10.39;24.90
1500.00;1800.00;2232.00;25.65;E0_1_1200m;5.00;186;187;12.09;25.90
1500.00;1800.00;1836.00;24.80;E0_0_1300m;5.00;153;153;10.28;24.96
1500.00;1800.00;2232.00;25.57;E0_1_1300m;5.00;186;186;12.12;25.81
1500.00;1800.00;1812.00;24.93;E0_0_1400m;5.00;151;151;10.10;25.07
1500.00;1800.00;2232.00;25.53;E0_1_1400m;5.00;186;186;12.14;25.75
1500.00;1800.00;1824.00;25.03;E0_0_1500m;5.00;152;151;10.11;25.15
1500.00;1800.00;2208.00;25.56;E0_1_1500m;5.00;184;185;12.06;25.74
1500.00;1800.00;1800.00;25.01;E0_0_1600m;5.00;150;150;10.00;25.11
1500.00;1800.00;2172.00;25.62;E0_1_1600m;5.00;181;182;11.79;25.77
1500.00;1800.00;1776.00;24.92;E0_0_1700m;5.00;148;148;9.90;25.03
1500.00;1800.00;2124.00;25.58;E0_1_1700m;5.00;177;177;11.53;25.72
1500.00;1800.00;1752.00;24.85;E0_0_1800m;5.00;146;146;9.79;24.95
1500.00;1800.00;2124.00;25.54;E0_1_1800m;5.00;177;177;11.55;25.69
1500.00;1800.00;1740.00;24.88;E0_0_1900m;5.00;145;145;9.71;24.98
1500.00;1800.00;2088.00;25.55;E0_1_1900m;5.00;174;174;11.35;25.71
1500.00;1800.00;1728.00;24.89;E0_0_2000m;5.00;144;144;9.65;24.99
1500.00;1800.00;2076.00;25.63;E0_1_2000m;5.00;173;174;11.27;25.77
1500.00;1800.00;1752.00;24.89;E0_0_2100m;5.00;146;145;9.72;24.98
1500.00;1800.00;2064.00;25.69;E0_1_2100m;5.00;172;172;11.16;25.84
1500.00;1800.00;1740.00;24.85;E0_0_2200m;5.00;145;145;9.72;24.93
1500.00;1800.00;2064.00;25.68;E0_1_2200m;5.00;172;172;11.16;25.81
1500.00;1800.00;1752.00;24.77;E0_0_2300m;5.00;146;146;9.83;24.83
1500.00;1800.00;2016.00;25.65;E0_1_2300m;5.00;168;169;10.94;25.76
1500.00;1800.00;1740.00;24.67;E0_0_2400m;5.00;145;145;9.80;24.72
1500.00;1800.00;2004.00;25.55;E0_1_2400m;5.00;167;167;10.89;25.68
1500.00;1800.00;1752.00;24.52;E0_0_2500m;5.00;146;146;9.92;24.59
1500.00;1800.00;2016.00;25.40;E0_1_2500m;5.00;168;168;11.02;25.55
1500.00;1800.00;1752.00;24.37;E0_0_2600m;5.00;146;146;9.98;24.45
1500.00;1800.00;2028.00;25.23;E0_1_2600m;5.00;169;169;11.16;25.41
1500.00;1800.00;1776.00;24.22;E0_0_2700m;5.00;148;148;10.18;24.31
1500.00;1800.00;2064.00;25.04;E0_1_2700m;5.00;172;172;11.45;25.23
1500.00;1800.00;1764.00;24.00;E0_0_2800m;5.00;147;147;10.21;24.10
1500.00;1800.00;2076.00;24.68;E0_1_2800m;5.00;173;173;11.68;24.86
1500.00;1800.00;1776.00;23.37;E0_0_2900m;5.00;148;148;10.55;23.50
1500.00;1800.00;2088.00;24.15;E0_1_2900m;5.00;174;174;12.01;24.32
1500.00;1800.00;1800.00;21.98;E0_0_3000m;5.00;150;150;11.37;22.06
1500.00;1800.00;2076.00;23.04;E0_1_3000m;5.00;173;174;12.57;23.15
1500.00;1800.00;1812.00;21.73;E0_0_3100m;5.00;151;151;11.58;21.79
1500.00;1800.00;2076.00;22.78;E0_1_3100m;5.00;173;174;12.71;22.88
1500.00;1800.00;1872.00;22.02;E0_0_3200m;5.00;156;156;11.81;22.04
1500.00;1800.00;2016.00;22.87;E0_1_3200m;5.00;168;168;12.24;23.00
1500.00;1800.00;1860.00;22.18;E0_0_3300m;5.00;155;155;11.64;22.20
1500.00;1800.00;2004.00;22.82;E0_1_3300m;5.00;167;167;12.20;22.94
1500.00;1800.00;1860.00;22.03;E0_0_3400m;5.00;155;155;11.73;22.06
1500.00;1800.00;1992.00;22.72;E0_1_3400m;5.00;166;166;12.18;22.81
1500.00;1800.00;1884.00;21.75;E0_0_3500m;5.00;157;157;12.03;21.81
1500.00;1800.00;2016.00;22.62;E0_1_3500m;5.00;168;168;12.38;22.69
1500.00;1800.00;1896.00;21.99;E0_0_3600m;5.00;158;158;11.97;22.02
1500.00;1800.00;2028.00;22.54;E0_1_3600m;5.00;169;169;12.50;22.60
1500.00;1800.00;1872.00;22.18;E0_0_3700m;5.00;156;156;11.72;22.19
1500.00;1800.00;2040.00;22.52;E0_1_3700m;5.00;170;170;12.58;22.57
1500.00;1800.00;1836.00;22.15;E0_0_3800m;5.00;153;153;11.51;22.17
1500.00;1800.00;1992.00;22.53;E0_1_3800m;5.00;166;167;12.33;22.58
1500.00;1800.00;1836.00;22.20;E0_0_3900m;5.00;153;153;11.49;22.22
1500.00;1800.00;1944.00;22.58;E0_1_3900m;5.00;162;162;11.96;22.64
1500.00;1800.00;1860.00;23.11;E0_0_4000m;5.00;155;155;11.18;23.16
1500.00;1800.00;1944.00;23.72;E0_1_4000m;5.00;162;162;11.38;23.84
1500.00;1800.00;1800.00;26.08;E0_0_4100m;5.00;150;150;9.59;26.22
1500.00;1800.00;2004.00;26.81;E0_1_4100m;5.00;167;167;10.38;26.94
1500.00;1800.00;1800.00;26.00;E0_0_4200m;5.00;150;149;9.58;26.12
1500.00;1800.00;2016.00;26.99;E0_1_4200m;5.00;168;168;10.38;27.13
1500.00;1800.00;1812.00;25.85;E0_0_4300m;5.00;151;150;9.73;25.95
1500.00;1800.00;2016.00;26.86;E0_1_4300m;5.00;168;168;10.43;27.01
1500.00;1800.00;1824.00;25.66;E0_0_4400m;5.00;152;152;9.87;25.76
1500.00;1800.00;2028.00;26.66;E0_1_4400m;5.00;169;169;10.56;26.80
1500.00;1800.00;1800.00;25.52;E0_0_4500m;5.00;150;151;9.84;25.62
1500.00;1800.00;2016.00;26.60;E0_1_4500m;5.00;168;169;10.55;26.75
1500.00;1800.00;1812.00;25.43;E0_0_4600m;5.00;151;151;9.90;25.53
1500.00;1800.00;1992.00;26.53;E0_1_4600m;5.00;166;167;10.47;26.69
1500.00;1800.00;1812.00;25.26;E0_0_4700m;5.00;151;151;9.96;25.36
1500.00;1800.00;2004.00;26.47;E0_1_4700m;5.00;167;167;10.52;26.64
1500.00;1800.00;1800.00;25.24;E0_0_4800m;5.00;150;150;9.91;25.33
1500.00;1800.00;2004.00;26.42;E0_1_4800m;5.00;167;166;10.49;26.59
1500.00;1800.00;1764.00;25.16;E0_0_4900m;5.00;147;147;9.74;25.25
1500.00;1800.00;1980.00;26.39;E0_1_4900m;5.00;165;165;10.42;26.56
1500.00;1800.00;1740.00;25.14;E0_0_5000m;5.00;145;145;9.61;25.22
1500.00;1800.00;1956.00;26.39;E0_1_5000m;5.00;163;163;10.30;26.56
1800.00;2100.00;0.00;-1.00;E0_0_0m;-1.00;0;0;0.00;-1.00
1800.00;2100.00;0.00;-1.00;E0_1_0m;-1.00;0;0;0.00;-1.00
1800.00;2100.00;1680.00;25.69;E0_0_100m;5.00;140;141;9.11;25.87
1800.00;2100.00;2088.00;26.80;E0_1_100m;5.00;174;175;10.85;26.99
1800.00;2100.00;1692.00;25.75;E0_0_200m;5.00;141;141;9.13;25.98
1800.00;2100.00;2100.00;27.14;E0_1_200m;5.00;175;175;10.75;27.49
1800.00;2100.00;1728.00;25.92;E0_0_300m;5.00;144;144;9.26;26.15
1800.00;2100.00;2064.00;27.13;E0_1_300m;5.00;172;173;10.60;27.54
1800.00;2100.00;1728.00;25.90;E0_0_400m;5.00;144;144;9.27;26.11
1800.00;2100.00;2040.00;27.08;E0_1_400m;5.00;170;170;10.46;27.49
1800.00;2100.00;1692.00;25.82;E0_0_500m;5.00;141;141;9.10;26.03
1800.00;2100.00;2040.00;27.01;E0_1_500m;5.00;170;170;10.49;27.44
1800.00;2100.00;1680.00;25.74;E0_0_600m;5.00;140;141;9.06;25.94
1800.00;2100.00;2040.00;26.80;E0_1_600m;5.00;170;170;10.57;27.22
1800.00;2100.00;1680.00;25.73;E0_0_700m;5.00;140;140;9.07;25.93
1800.00;2100.00;2052.00;26.77;E0_1_700m;5.00;171;171;10.65;27.17
1800.00;2100.00;1656.00;25.68;E0_0_800m;5.00;138;138;8.96;25.87
1800.00;2100.00;2076.00;26.70;E0_1_800m;5.00;173;173;10.80;27.08
1800.00;2100.00;1656.00;25.56;E0_0_900m;5.00;138;138;9.00;25.75
1800.00;2100.00;2064.00;26.59;E0_1_900m;5.00;172;171;10.73;26.95
1800.00;2100.00;1692.00;25.37;E0_0_1000m;5.00;141;141;9.26;25.57
1800.00;2100.00;2016.00;26.56;E0_1_1000m;5.00;168;168;10.54;26.90
1800.00;2100.00;1656.00;25.24;E0_0_1100m;5.00;138;138;9.11;25.45
1800.00;2100.00;2028.00;26.51;E0_1_1100m;5.00;169;169;10.63;26.84
1800.00;2100.00;1632.00;25.27;E0_0_1200m;5.00;136;137;9.02;25.43
1800.00;2100.00;2028.00;26.20;E0_1_1200m;5.00;169;169;10.75;26.51
1800.00;2100.00;1644.00;25.11;E0_0_1300m;5.00;137;137;9.09;25.26
1800.00;2100.00;2052.00;25.86;E0_1_1300m;5.00;171;171;11.02;26.13
1800.00;2100.00;1656.00;24.91;E0_0_1400m;5.00;138;138;9.23;25.07
1800.00;2100.00;2076.00;25.62;E0_1_1400m;5.00;173;173;11.26;25.88
1800.00;2100.00;1680.00;24.73;E0_0_1500m;5.00;140;140;9.44;24.89
1800.00;2100.00;2112.00;25.48;E0_1_1500m;5.00;176;175;11.45;25.77
1800.00;2100.00;1728.00;24.51;E0_0_1600m;5.00;144;144;9.79;24.68
1800.00;2100.00;2088.00;25.15;E0_1_1600m;5.00;174;173;11.51;25.46
1800.00;2100.00;1728.00;24.30;E0_0_1700m;5.00;144;144;9.88;24.47
1800.00;2100.00;2088.00;24.94;E0_1_1700m;5.00;174;175;11.67;25.28
1800.00;2100.00;1692.00;24.12;E0_0_1800m;5.00;141;141;9.74;24.31
1800.00;2100.00;2136.00;24.72;E0_1_1800m;5.00;178;178;12.00;25.04
1800.00;2100.00;1692.00;23.95;E0_0_1900m;5.00;141;141;9.81;24.14
1800.00;2100.00;2136.00;24.48;E0_1_1900m;5.00;178;178;12.12;24.79
1800.00;2100.00;1680.00;23.74;E0_0_2000m;5.00;140;139;9.80;23.92
1800.00;2100.00;2160.00;24.28;E0_1_2000m;5.00;180;179;12.33;24.58
1800.00;2100.00;1668.00;23.61;E0_0_2100m;5.00;139;139;9.81;23.78
1800.00;2100.00;2160.00;24.11;E0_1_2100m;5.00;180;180;12.44;24.41
1800.00;2100.00;1692.00;23.41;E0_0_2200m;5.00;141;141;10.04;23.59
1800.00;2100.00;2160.00;23.97;E0_1_2200m;5.00;180;180;12.52;24.26
1800.00;2100.00;1704.00;23.27;E0_0_2300m;5.00;142;142;10.17;23.48
1800.00;2100.00;2160.00;23.84;E0_1_2300m;5.00;180;179;12.56;24.13
1800.00;2100.00;1692.00;23.27;E0_0_2400m;5.00;141;141;10.10;23.45
1800.00;2100.00;2160.00;23.84;E0_1_2400m;5.00;180;180;12.58;24.14
1800.00;2100.00;1656.00;23.33;E0_0_2500m;5.00;138;138;9.86;23.49
1800.00;2100.00;2124.00;23.82;E0_1_2500m;5.00;177;177;12.39;24.11
1800.00;2100.00;1632.00;23.28;E0_0_2600m;5.00;136;136;9.74;23.43
1800.00;2100.00;2064.00;23.83;E0_1_2600m;5.00;172;173;12.08;24.11
1800.00;2100.00;1608.00;23.20;E0_0_2700m;5.00;134;134;9.63;23.33
1800.00;2100.00;2016.00;23.71;E0_1_2700m;5.00;168;169;11.88;23.98
1800.00;2100.00;1608.00;23.11;E0_0_2800m;5.00;134;134;9.67;23.22
1800.00;2100.00;2016.00;23.48;E0_1_2800m;5.00;168;168;11.93;23.68
1800.00;2100.00;1632.00;22.97;E0_0_2900m;5.00;136;136;9.87;23.12
1800.00;2100.00;1992.00;23.12;E0_1_2900m;5.00;166;167;12.03;23.24
1800.00;2100.00;1632.00;21.83;E0_0_3000m;5.00;136;136;10.38;21.87
1800.00;2100.00;2040.00;22.54;E0_1_3000m;5.00;170;169;12.52;22.56
1800.00;2100.00;1704.00;21.55;E0_0_3100m;5.00;142;142;10.98;21.59
1800.00;2100.00;2016.00;22.40;E0_1_3100m;5.00;168;168;12.50;22.40
1800.00;2100.00;1800.00;21.85;E0_0_3200m;5.00;150;150;11.44;21.88
1800.00;2100.00;1968.00;22.49;E0_1_3200m;5.00;164;164;12.16;22.52
1800.00;2100.00;1800.00;21.87;E0_0_3300m;5.00;150;151;11.45;21.89
1800.00;2100.00;1968.00;22.45;E0_1_3300m;5.00;164;164;12.17;22.48
1800.00;2100.00;1800.00;21.88;E0_0_3400m;5.00;150;150;11.43;21.91
1800.00;2100.00;1980.00;22.38;E0_1_3400m;5.00;165;165;12.29;22.40
1800.00;2100.00;1776.00;21.83;E0_0_3500m;5.00;148;149;11.33;21.85
1800.00;2100.00;1956.00;22.31;E0_1_3500m;5.00;163;163;12.18;22.31
1800.00;2100.00;1764.00;21.95;E0_0_3600m;5.00;147;147;11.16;21.96
1800.00;2100.00;1968.00;22.22;E0_1_3600m;5.00;164;164;12.30;22.22
1800.00;2100.00;1764.00;21.90;E0_0_3700m;5.00;147;147;11.19;21.92
1800.00;2100.00;1968.00;22.17;E0_1_3700m;5.00;164;164;12.33;22.17
1800.00;2100.00;1764.00;21.77;E0_0_3800m;5.00;147;147;11.26;21.81
1800.00;2100.00;1980.00;22.15;E0_1_3800m;5.00;165;164;12.37;22.15
1800.00;2100.00;1776.00;21.76;E0_0_3900m;5.00;148;148;11.33;21.81
1800.00;2100.00;1968.00;22.22;E0_1_3900m;5.00;164;164;12.30;22.23
1800.00;2100.00;1788.00;22.28;E0_0_4000m;5.00;149;149;11.14;22.34
1800.00;2100.00;2004.00;23.02;E0_1_4000m;5.00;167;167;12.09;23.13
1800.00;2100.00;1824.00;24.10;E0_0_4100m;5.00;152;152;10.51;24.38
1800.00;2100.00;2016.00;24.72;E0_1_4100m;5.00;168;170;11.37;25.10
1800.00;2100.00;1812.00;23.98;E0_0_4200m;5.00;151;151;10.49;24.31
1800.00;2100.00;2016.00;24.95;E0_1_4200m;5.00;168;168;11.22;25.42
1800.00;2100.00;1824.00;23.98;E0_0_4300m;5.00;152;152;10.57;24.28
1800.00;2100.00;2028.00;24.92;E0_1_4300m;5.00;169;169;11.30;25.37
1800.00;2100.00;1836.00;24.07;E0_0_4400m;5.00;153;153;10.60;24.34
1800.00;2100.00;2064.00;24.98;E0_1_4400m;5.00;172;172;11.48;25.42
1800.00;2100.00;1836.00;24.08;E0_0_4500m;5.00;153;152;10.55;24.33
1800.00;2100.00;2124.00;25.04;E0_1_4500m;5.00;177;176;11.76;25.48
1800.00;2100.00;1836.00;24.07;E0_0_4600m;5.00;153;153;10.59;24.31
1800.00;2100.00;2160.00;25.09;E0_1_4600m;5.00;180;179;11.92;25.52
1800.00;2100.00;1836.00;24.06;E0_0_4700m;5.00;153;153;10.60;24.27
1800.00;2100.00;2160.00;25.16;E0_1_4700m;5.00;180;180;11.93;25.58
1800.00;2100.00;1860.00;24.02;E0_0_4800m;5.00;155;155;10.75;24.21
1800.00;2100.00;2136.00;25.14;E0_1_4800m;5.00;178;178;11.80;25.54
1800.00;2100.00;1848.00;24.08;E0_0_4900m;5.00;154;154;10.66;24.26
1800.00;2100.00;2148.00;25.01;E0_1_4900m;5.00;179;179;11.93;25.35
1800.00;2100.00;1884.00;24.12;E0_0_5000m;5.00;157;157;10.85;24.28
1800.00;2100.00;2172.00;24.94;E0_1_5000m;5.00;181;181;12.10;25.21
2100.00;2400.00;0.00;-1.00;E0_0_0m;-1.00;0;0;0.00;-1.00
2100.00;2400.00;0.00;-1.00;E0_1_0m;-1.00;0;0;0.00;-1.00
2100.00;2400.00;1908.00;25.38;E0_0_100m;5.00;159;158;10.41;25.56
2100.00;2400.00;2388.00;26.43;E0_1_100m;5.00;199;199;12.59;26.60
2100.00;2400.00;1968.00;25.54;E0_0_200m;5.00;164;164;10.70;25.76
2100.00;2400.00;2292.00;26.75;E0_1_200m;5.00;191;192;11.93;27.05
2100.00;2400.00;1920.00;25.59;E0_0_300m;5.00;160;160;10.42;25.81
2100.00;2400.00;2304.00;26.74;E0_1_300m;5.00;192;193;12.01;27.05
2100.00;2400.00;1884.00;25.59;E0_0_400m;5.00;157;158;10.30;25.79
2100.00;2400.00;2292.00;26.68;E0_1_400m;5.00;191;191;11.93;26.99
2100.00;2400.00;1860.00;25.56;E0_0_500m;5.00;155;156;10.12;25.78
2100.00;2400.00;2316.00;26.55;E0_1_500m;5.00;193;194;12.13;26.85
2100.00;2400.00;1884.00;25.53;E0_0_600m;5.00;157;157;10.25;25.73
2100.00;2400.00;2328.00;26.61;E0_1_600m;5.00;194;194;12.15;26.89
2100.00;2400.00;1884.00;25.58;E0_0_700m;5.00;157;157;10.23;25.82
2100.00;2400.00;2316.00;26.65;E0_1_700m;5.00;193;194;12.13;26.92
2100.00;2400.00;1848.00;25.45;E0_0_800m;5.00;154;154;10.08;25.64
2100.00;2400.00;2352.00;26.55;E0_1_800m;5.00;196;196;12.30;26.83
2100.00;2400.00;1848.00;25.49;E0_0_900m;5.00;154;154;10.07;25.68
2100.00;2400.00;2340.00;26.49;E0_1_900m;5.00;195;195;12.27;26.77
2100.00;2400.00;1800.00;25.59;E0_0_1000m;5.00;150;151;9.80;25.78
2100.00;2400.00;2376.00;26.37;E0_1_1000m;5.00;198;199;12.53;26.63
2100.00;2400.00;1812.00;25.47;E0_0_1100m;5.00;151;152;9.90;25.65
2100.00;2400.00;2364.00;26.20;E0_1_1100m;5.00;197;197;12.53;26.45
2100.00;2400.00;1812.00;25.35;E0_0_1200m;5.00;151;151;9.94;25.55
2100.00;2400.00;2364.00;26.07;E0_1_1200m;5.00;197;197;12.59;26.31
2100.00;2400.00;1812.00;25.16;E0_0_1300m;5.00;151;151;10.00;25.33
2100.00;2400.00;2340.00;25.91;E0_1_1300m;5.00;195;195;12.55;26.12
2100.00;2400.00;1824.00;24.99;E0_0_1400m;5.00;152;152;10.14;25.15
2100.00;2400.00;2340.00;25.70;E0_1_1400m;5.00;195;195;12.65;25.91
2100.00;2400.00;1800.00;24.86;E0_0_1500m;5.00;150;150;10.06;25.01
2100.00;2400.00;2328.00;25.55;E0_1_1500m;5.00;194;194;12.65;25.77
2100.00;2400.00;1824.00;24.83;E0_0_1600m;5.00;152;152;10.20;24.99
2100.00;2400.00;2304.00;25.41;E0_1_1600m;5.00;192;192;12.59;25.61
2100.00;2400.00;1800.00;24.74;E0_0_1700m;5.00;150;150;10.11;24.90
2100.00;2400.00;2328.00;25.39;E0_1_1700m;5.00;194;193;12.70;25.59
2100.00;2400.00;1824.00;24.63;E0_0_1800m;5.00;152;152;10.29;24.78
2100.00;2400.00;2304.00;25.40;E0_1_1800m;5.00;192;192;12.60;25.61
2100.00;2400.00;1836.00;24.59;E0_0_1900m;5.00;153;153;10.37;24.74
2100.00;2400.00;2292.00;25.33;E0_1_1900m;5.00;191;191;12.57;25.56
2100.00;2400.00;1836.00;24.57;E0_0_2000m;5.00;153;153;10.38;24.71
2100.00;2400.00;2292.00;25.29;E0_1_2000m;5.00;191;191;12.59;25.52
2100.00;2400.00;1848.00;24.51;E0_0_2100m;5.00;154;154;10.47;24.65
2100.00;2400.00;2292.00;25.22;E0_1_2100m;5.00;191;191;12.62;25.45
2100.00;2400.00;1848.00;24.42;E0_0_2200m;5.00;154;154;10.51;24.55
2100.00;2400.00;2280.00;25.12;E0_1_2200m;5.00;190;190;12.61;25.33
2100.00;2400.00;1848.00;24.20;E0_0_2300m;5.00;154;154;10.61;24.33
2100.00;2400.00;2304.00;24.99;E0_1_2300m;5.00;192;192;12.80;25.20
2100.00;2400.00;1884.00;24.10;E0_0_2400m;5.00;157;157;10.86;24.22
2100.00;2400.00;2340.00;24.79;E0_1_2400m;5.00;195;195;13.11;24.99
2100.00;2400.00;1920.00;23.86;E0_0_2500m;5.00;160;160;11.18;23.96
2100.00;2400.00;2376.00;24.51;E0_1_2500m;5.00;198;198;13.47;24.68
2100.00;2400.00;1932.00;23.56;E0_0_2600m;5.00;161;161;11.39;23.63
2100.00;2400.00;2436.00;24.13;E0_1_2600m;5.00;203;202;13.97;24.27
2100.00;2400.00;1956.00;23.22;E0_0_2700m;5.00;163;163;11.70;23.27
2100.00;2400.00;2472.00;23.74;E0_1_2700m;5.00;206;205;14.39;23.85
2100.00;2400.00;1932.00;22.96;E0_0_2800m;5.00;161;161;11.69;22.98
2100.00;2400.00;2436.00;23.38;E0_1_2800m;5.00;203;203;14.47;23.47
2100.00;2400.00;1944.00;22.60;E0_0_2900m;5.00;162;162;11.95;22.62
2100.00;2400.00;2388.00;23.06;E0_1_2900m;5.00;199;199;14.39;23.13
2100.00;2400.00;1908.00;21.63;E0_0_3000m;5.00;159;159;12.25;21.66
2100.00;2400.00;2352.00;22.50;E0_1_3000m;5.00;196;196;14.52;22.52
2100.00;2400.00;1896.00;21.72;E0_0_3100m;5.00;158;158;12.13;21.76
2100.00;2400.00;2304.00;22.44;E0_1_3100m;5.00;192;192;14.26;22.45
2100.00;2400.00;1920.00;21.78;E0_0_3200m;5.00;160;160;12.24;21.82
2100.00;2400.00;2220.00;22.43;E0_1_3200m;5.00;185;185;13.75;22.44
2100.00;2400.00;1920.00;21.82;E0_0_3300m;5.00;160;159;12.20;21.85
2100.00;2400.00;2220.00;22.40;E0_1_3300m;5.00;185;185;13.77;22.40
2100.00;2400.00;1932.00;21.92;E0_0_3400m;5.00;161;161;12.24;21.95
2100.00;2400.00;2208.00;22.37;E0_1_3400m;5.00;184;184;13.71;22.38
2100.00;2400.00;1908.00;21.82;E0_0_3500m;5.00;159;158;12.12;21.85
2100.00;2400.00;2220.00;22.38;E0_1_3500m;5.00;185;185;13.77;22.39
2100.00;2400.00;1908.00;21.75;E0_0_3600m;5.00;159;159;12.18;21.80
2100.00;2400.00;2184.00;22.41;E0_1_3600m;5.00;182;182;13.54;22.41
2100.00;2400.00;1896.00;21.95;E0_0_3700m;5.00;158;159;12.01;21.97
2100.00;2400.00;2184.00;22.39;E0_1_3700m;5.00;182;182;13.55;22.39
2100.00;2400.00;1956.00;22.09;E0_0_3800m;5.00;163;163;12.30;22.11
2100.00;2400.00;2184.00;22.42;E0_1_3800m;5.00;182;183;13.58;22.44
2100.00;2400.00;1968.00;22.03;E0_0_3900m;5.00;164;164;12.41;22.06
2100.00;2400.00;2172.00;22.47;E0_1_3900m;5.00;181;181;13.43;22.50
2100.00;2400.00;1956.00;23.17;E0_0_4000m;5.00;163;164;11.79;23.24
2100.00;2400.00;2100.00;23.65;E0_1_4000m;5.00;175;176;12.34;23.77
2100.00;2400.00;1896.00;26.66;E0_0_4100m;5.00;158;158;9.88;26.74
2100.00;2400.00;2136.00;27.76;E0_1_4100m;5.00;178;177;10.67;27.87
2100.00;2400.00;1884.00;26.67;E0_0_4200m;5.00;157;157;9.81;26.76
2100.00;2400.00;2148.00;28.00;E0_1_4200m;5.00;179;179;10.65;28.14
2100.00;2400.00;1884.00;26.46;E0_0_4300m;5.00;157;157;9.89;26.55
2100.00;2400.00;2136.00;27.83;E0_1_4300m;5.00;178;178;10.66;27.97
2100.00;2400.00;1860.00;26.29;E0_0_4400m;5.00;155;155;9.83;26.39
2100.00;2400.00;2112.00;27.64;E0_1_4400m;5.00;176;176;10.61;27.78
2100.00;2400.00;1824.00;26.07;E0_0_4500m;5.00;152;153;9.72;26.18
2100.00;2400.00;2100.00;27.51;E0_1_4500m;5.00;175;175;10.60;27.63
2100.00;2400.00;1800.00;25.87;E0_0_4600m;5.00;150;150;9.67;25.99
2100.00;2400.00;2088.00;27.50;E0_1_4600m;5.00;174;175;10.56;27.62
2100.00;2400.00;1824.00;25.80;E0_0_4700m;5.00;152;152;9.82;25.93
2100.00;2400.00;2052.00;27.49;E0_1_4700m;5.00;171;171;10.37;27.62
2100.00;2400.00;1872.00;25.65;E0_0_4800m;5.00;156;156;10.14;25.76
2100.00;2400.00;2040.00;27.43;E0_1_4800m;5.00;170;170;10.33;27.58
2100.00;2400.00;1884.00;25.48;E0_0_4900m;5.00;157;157;10.27;25.58
2100.00;2400.00;2028.00;27.31;E0_1_4900m;5.00;169;169;10.31;27.46
2100.00;2400.00;1836.00;25.16;E0_0_5000m;5.00;153;153;10.14;25.27
2100.00;2400.00;2040.00;27.11;E0_1_5000m;5.00;170;170;10.45;27.26
2400.00;2700.00;0.00;-1.00;E0_0_0m;-1.00;0;0;0.00;-1.00
2400.00;2700.00;0.00;-1.00;E0_1_0m;-1.00;0;0;0.00;-1.00
2400.00;2700.00;1740.00;25.39;E0_0_100m;5.00;145;145;9.52;25.57
2400.00;2700.00;2268.00;26.09;E0_1_100m;5.00;189;189;12.03;26.23
2400.00;2700.00;1728.00;25.48;E0_0_200m;5.00;144;144;9.42;25.65
2400.00;2700.00;2304.00;26.45;E0_1_200m;5.00;192;192;12.13;26.63
2400.00;2700.00;1740.00;25.26;E0_0_300m;5.00;145;145;9.57;25.43
2400.00;2700.00;2328.00;26.29;E0_1_300m;5.00;194;193;12.25;26.49
2400.00;2700.00;1788.00;25.03;E0_0_400m;5.00;149;148;9.85;25.23
2400.00;2700.00;2328.00;26.11;E0_1_400m;5.00;194;194;12.38;26.30
2400.00;2700.00;1812.00;24.81;E0_0_500m;5.00;151;151;10.14;25.02
2400.00;2700.00;2340.00;26.00;E0_1_500m;5.00;195;195;12.50;26.21
2400.00;2700.00;1800.00;24.66;E0_0_600m;5.00;150;150;10.14;24.88
2400.00;2700.00;2340.00;25.74;E0_1_600m;5.00;195;195;12.62;25.95
2400.00;2700.00;1836.00;24.39;E0_0_700m;5.00;153;153;10.45;24.61
2400.00;2700.00;2340.00;25.52;E0_1_700m;5.00;195;195;12.74;25.71
2400.00;2700.00;1872.00;24.15;E0_0_800m;5.00;156;156;10.77;24.37
2400.00;2700.00;2340.00;25.27;E0_1_800m;5.00;195;195;12.86;25.45
2400.00;2700.00;1896.00;24.06;E0_0_900m;5.00;158;158;10.94;24.26
2400.00;2700.00;2352.00;25.07;E0_1_900m;5.00;196;196;13.03;25.24
2400.00;2700.00;1908.00;23.92;E0_0_1000m;5.00;159;159;11.08;24.12
2400.00;2700.00;2376.00;24.89;E0_1_1000m;5.00;198;197;13.24;25.09
2400.00;2700.00;1944.00;23.66;E0_0_1100m;5.00;162;162;11.41;23.89
2400.00;2700.00;2364.00;24.66;E0_1_1100m;5.00;197;197;13.32;24.86
2400.00;2700.00;1980.00;23.33;E0_0_1200m;5.00;165;164;11.72;23.57
2400.00;2700.00;2376.00;24.47;E0_1_1200m;5.00;198;198;13.49;24.67
2400.00;2700.00;2028.00;23.24;E0_0_1300m;5.00;169;169;12.12;23.47
2400.00;2700.00;2376.00;24.34;E0_1_1300m;5.00;198;198;13.56;24.54
2400.00;2700.00;2028.00;23.35;E0_0_1400m;5.00;169;169;12.06;23.54
2400.00;2700.00;2340.00;24.13;E0_1_1400m;5.00;195;195;13.47;24.31
2400.00;2700.00;2004.00;23.08;E0_0_1500m;5.00;167;168;12.07;23.26
2400.00;2700.00;2352.00;23.95;E0_1_1500m;5.00;196;196;13.64;24.12
2400.00;2700.00;2004.00;22.90;E0_0_1600m;5.00;167;167;12.16;23.08
2400.00;2700.00;2376.00;23.84;E0_1_1600m;5.00;198;198;13.84;24.02
2400.00;2700.00;2040.00;22.86;E0_0_1700m;5.00;170;170;12.39;23.01
2400.00;2700.00;2376.00;23.69;E0_1_1700m;5.00;198;198;13.93;23.85
2400.00;2700.00;2064.00;22.92;E0_0_1800m;5.00;172;172;12.51;23.04
2400.00;2700.00;2388.00;23.58;E0_1_1800m;5.00;199;199;14.06;23.74
2400.00;2700.00;2088.00;22.89;E0_0_1900m;5.00;174;174;12.67;23.00
2400.00;2700.00;2400.00;23.50;E0_1_1900m;5.00;200;201;14.24;23.64
2400.00;2700.00;2100.00;22.79;E0_0_2000m;5.00;175;175;12.80;22.90
2400.00;2700.00;2400.00;23.46;E0_1_2000m;5.00;200;200;14.21;23.61
2400.00;2700.00;2088.00;22.76;E0_0_2100m;5.00;174;174;12.74;22.85
2400.00;2700.00;2412.00;23.39;E0_1_2100m;5.00;201;201;14.32;23.54
2400.00;2700.00;2076.00;22.48;E0_0_2200m;5.00;173;173;12.83;22.57
2400.00;2700.00;2412.00;23.21;E0_1_2200m;5.00;201;201;14.43;23.34
2400.00;2700.00;2064.00;22.29;E0_0_2300m;5.00;172;172;12.86;22.36
2400.00;2700.00;2400.00;22.93;E0_1_2300m;5.00;200;200;14.54;23.06
2400.00;2700.00;2052.00;21.60;E0_0_2400m;5.00;171;171;13.20;21.68
2400.00;2700.00;2340.00;22.45;E0_1_2400m;5.00;195;196;14.48;22.58
2400.00;2700.00;2016.00;20.98;E0_0_2500m;5.00;168;168;13.35;21.07
2400.00;2700.00;2292.00;21.67;E0_1_2500m;5.00;191;191;14.69;21.80
2400.00;2700.00;1980.00;20.31;E0_0_2600m;5.00;165;166;13.59;20.46
2400.00;2700.00;2256.00;20.88;E0_1_2600m;5.00;188;188;15.01;21.00
2400.00;2700.00;1956.00;19.85;E0_0_2700m;5.00;163;164;13.70;20.00
2400.00;2700.00;2208.00;20.09;E0_1_2700m;5.00;184;185;15.28;20.22
2400.00;2700.00;1956.00;19.25;E0_0_2800m;5.00;163;163;14.11;19.41
2400.00;2700.00;2208.00;19.48;E0_1_2800m;5.00;184;184;15.74;19.62
2400.00;2700.00;1896.00;18.45;E0_0_2900m;5.00;158;158;14.27;18.56
2400.00;2700.00;2208.00;18.87;E0_1_2900m;5.00;184;184;16.25;18.97
2400.00;2700.00;1896.00;17.37;E0_0_3000m;5.00;158;158;15.16;17.41
2400.00;2700.00;2196.00;18.14;E0_1_3000m;5.00;183;184;16.89;18.17
2400.00;2700.00;1932.00;17.17;E0_0_3100m;5.00;161;161;15.62;17.22
2400.00;2700.00;2148.00;18.14;E0_1_3100m;5.00;179;179;16.44;18.23
2400.00;2700.00;1956.00;17.35;E0_0_3200m;5.00;163;164;15.68;17.39
2400.00;2700.00;2112.00;18.20;E0_1_3200m;5.00;176;176;16.11;18.33
2400.00;2700.00;1968.00;17.48;E0_0_3300m;5.00;164;164;15.64;17.51
2400.00;2700.00;2088.00;18.20;E0_1_3300m;5.00;174;174;15.93;18.34
2400.00;2700.00;1980.00;17.53;E0_0_3400m;5.00;165;165;15.68;17.56
2400.00;2700.00;2076.00;18.13;E0_1_3400m;5.00;173;174;15.96;18.22
2400.00;2700.00;1968.00;17.54;E0_0_3500m;5.00;164;164;15.59;17.57
2400.00;2700.00;2088.00;18.07;E0_1_3500m;5.00;174;174;16.05;18.14
2400.00;2700.00;1968.00;17.56;E0_0_3600m;5.00;164;164;15.57;17.58
2400.00;2700.00;2064.00;18.07;E0_1_3600m;5.00;172;172;15.87;18.14
2400.00;2700.00;1956.00;17.60;E0_0_3700m;5.00;163;162;15.42;17.63
2400.00;2700.00;2064.00;17.98;E0_1_3700m;5.00;172;172;15.94;18.01
2400.00;2700.00;1896.00;17.53;E0_0_3800m;5.00;158;159;15.04;17.54
2400.00;2700.00;2040.00;17.95;E0_1_3800m;5.00;170;170;15.78;17.97
2400.00;2700.00;1884.00;17.57;E0_0_3900m;5.00;157;157;14.89;17.59
2400.00;2700.00;2040.00;17.96;E0_1_3900m;5.00;170;170;15.78;17.97
2400.00;2700.00;1884.00;18.81;E0_0_4000m;5.00;157;156;13.84;18.90
2400.00;2700.00;2040.00;19.70;E0_1_4000m;5.00;170;170;14.38;19.91
2400.00;2700.00;1800.00;25.47;E0_0_4100m;5.00;150;150;9.82;25.63
2400.00;2700.00;2100.00;26.88;E0_1_4100m;5.00;175;175;10.85;26.99
2400.00;2700.00;1800.00;25.96;E0_0_4200m;5.00;150;151;9.67;26.19
2400.00;2700.00;2112.00;28.20;E0_1_4200m;5.00;176;176;10.40;28.40
2400.00;2700.00;1800.00;25.90;E0_0_4300m;5.00;150;150;9.65;26.11
2400.00;2700.00;2100.00;28.33;E0_1_4300m;5.00;175;175;10.29;28.48
2400.00;2700.00;1788.00;25.79;E0_0_4400m;5.00;149;149;9.63;26.01
2400.00;2700.00;2112.00;28.14;E0_1_4400m;5.00;176;176;10.42;28.28
2400.00;2700.00;1800.00;25.87;E0_0_4500m;5.00;150;150;9.72;26.10
2400.00;2700.00;2088.00;27.93;E0_1_4500m;5.00;174;174;10.38;28.08
2400.00;2700.00;1764.00;25.80;E0_0_4600m;5.00;147;147;9.50;26.04
2400.00;2700.00;2112.00;27.69;E0_1_4600m;5.00;176;176;10.60;27.85
2400.00;2700.00;1776.00;25.74;E0_0_4700m;5.00;148;148;9.58;25.95
2400.00;2700.00;2088.00;27.49;E0_1_4700m;5.00;174;174;10.55;27.66
2400.00;2700.00;1764.00;25.55;E0_0_4800m;5.00;147;147;9.59;25.75
2400.00;2700.00;2064.00;27.16;E0_1_4800m;5.00;172;172;10.56;27.33
2400.00;2700.00;1728.00;25.34;E0_0_4900m;5.00;144;145;9.49;25.52
2400.00;2700.00;2088.00;26.79;E0_1_4900m;5.00;174;174;10.83;26.99
2400.00;2700.00;1716.00;25.09;E0_0_5000m;5.00;143;143;9.50;25.27
2400.00;2700.00;2100.00;26.40;E0_1_5000m;5.00;175;175;11.05;26.64
2700.00;3000.00;0.00;-1.00;E0_0_0m;-1.00;0;0;0.00;-1.00
2700.00;3000.00;0.00;-1.00;E0_1_0m;-1.00;0;0;0.00;-1.00
2700.00;3000.00;1776.00;25.70;E0_0_100m;5.00;148;148;9.60;25.89
2700.00;3000.00;2184.00;27.69;E0_1_100m;5.00;182;181;10.93;27.89
2700.00;3000.00;1812.00;25.84;E0_0_200m;5.00;151;151;9.74;26.09
2700.00;3000.00;2124.00;28.59;E0_1_200m;5.00;177;177;10.28;28.82
2700.00;3000.00;1812.00;25.61;E0_0_300m;5.00;151;151;9.83;25.86
2700.00;3000.00;2112.00;28.45;E0_1_300m;5.00;176;176;10.31;28.68
2700.00;3000.00;1788.00;25.51;E0_0_400m;5.00;149;149;9.74;25.76
2700.00;3000.00;2124.00;28.22;E0_1_400m;5.00;177;177;10.46;28.45
2700.00;3000.00;1764.00;25.49;E0_0_500m;5.00;147;147;9.61;25.78
2700.00;3000.00;2112.00;28.12;E0_1_500m;5.00;176;177;10.48;28.35
2700.00;3000.00;1776.00;25.50;E0_0_600m;5.00;148;148;9.67;25.80
2700.00;3000.00;2088.00;28.04;E0_1_600m;5.00;174;174;10.34;28.28
2700.00;3000.00;1728.00;25.39;E0_0_700m;5.00;144;144;9.45;25.69
2700.00;3000.00;2112.00;27.92;E0_1_700m;5.00;176;176;10.51;28.17
2700.00;3000.00;1704.00;25.31;E0_0_800m;5.00;142;143;9.39;25.59
2700.00;3000.00;2124.00;27.98;E0_1_800m;5.00;177;177;10.54;28.24
2700.00;3000.00;1728.00;25.24;E0_0_900m;5.00;144;144;9.51;25.51
2700.00;3000.00;2100.00;28.03;E0_1_900m;5.00;175;176;10.43;28.26
2700.00;3000.00;1716.00;25.09;E0_0_1000m;5.00;143;143;9.50;25.35
2700.00;3000.00;2100.00;27.88;E0_1_1000m;5.00;175;175;10.46;28.11
2700.00;3000.00;1716.00;24.97;E0_0_1100m;5.00;143;143;9.54;25.23
2700.00;3000.00;2124.00;27.63;E0_1_1100m;5.00;177;177;10.68;27.85
2700.00;3000.00;1692.00;24.86;E0_0_1200m;5.00;141;141;9.45;25.12
2700.00;3000.00;2136.00;27.45;E0_1_1200m;5.00;178;178;10.81;27.66
2700.00;3000.00;1608.00;24.79;E0_0_1300m;5.00;134;134;9.01;25.04
2700.00;3000.00;2172.00;27.32;E0_1_1300m;5.00;181;181;11.04;27.53
2700.00;3000.00;1596.00;24.86;E0_0_1400m;5.00;133;133;8.92;25.13
2700.00;3000.00;2172.00;27.26;E0_1_1400m;5.00;181;181;11.07;27.48
2700.00;3000.00;1596.00;25.29;E0_0_1500m;5.00;133;134;8.80;25.51
2700.00;3000.00;2160.00;27.19;E0_1_1500m;5.00;180;180;11.03;27.41
2700.00;3000.00;1572.00;25.39;E0_0_1600m;5.00;131;131;8.60;25.60
2700.00;3000.00;2160.00;27.09;E0_1_1600m;5.00;180;180;11.08;27.30
2700.00;3000.00;1584.00;25.17;E0_0_1700m;5.00;132;132;8.74;25.40
2700.00;3000.00;2160.00;27.01;E0_1_1700m;5.00;180;180;11.11;27.22
2700.00;3000.00;1584.00;24.97;E0_0_1800m;5.00;132;133;8.86;25.22
2700.00;3000.00;2124.00;26.99;E0_1_1800m;5.00;177;178;10.94;27.21
2700.00;3000.00;1560.00;24.95;E0_0_1900m;5.00;130;131;8.74;25.17
2700.00;3000.00;2112.00;26.81;E0_1_1900m;5.00;176;175;10.89;27.02
2700.00;3000.00;1548.00;24.84;E0_0_2000m;5.00;129;130;8.72;25.05
2700.00;3000.00;2112.00;26.48;E0_1_2000m;5.00;176;176;11.08;26.66
2700.00;3000.00;1560.00;24.78;E0_0_2100m;5.00;130;130;8.74;24.98
2700.00;3000.00;2124.00;26.31;E0_1_2100m;5.00;177;177;11.21;26.50
2700.00;3000.00;1596.00;24.52;E0_0_2200m;5.00;133;133;9.04;24.72
2700.00;3000.00;2124.00;25.96;E0_1_2200m;5.00;177;177;11.36;26.14
2700.00;3000.00;1620.00;23.95;E0_0_2300m;5.00;135;135;9.39;24.16
2700.00;3000.00;2136.00;25.46;E0_1_2300m;5.00;178;178;11.65;25.65
2700.00;3000.00;1644.00;23.50;E0_0_2400m;5.00;137;137;9.71;23.76
2700.00;3000.00;2124.00;24.94;E0_1_2400m;5.00;177;176;11.83;25.21
2700.00;3000.00;1644.00;22.86;E0_0_2500m;5.00;137;137;9.99;23.17
2700.00;3000.00;2136.00;24.31;E0_1_2500m;5.00;178;178;12.20;24.66
2700.00;3000.00;1668.00;22.13;E0_0_2600m;5.00;139;138;10.42;22.44
2700.00;3000.00;2136.00;23.23;E0_1_2600m;5.00;178;178;12.77;23.58
2700.00;3000.00;1680.00;21.07;E0_0_2700m;5.00;140;139;11.06;21.35
2700.00;3000.00;2172.00;21.87;E0_1_2700m;5.00;181;180;13.78;22.22
2700.00;3000.00;1740.00;19.94;E0_0_2800m;5.00;145;145;12.12;20.18
2700.00;3000.00;2172.00;20.65;E0_1_2800m;5.00;181;182;14.64;20.93
2700.00;3000.00;1764.00;18.82;E0_0_2900m;5.00;147;147;13.02;18.97
2700.00;3000.00;2208.00;19.34;E0_1_2900m;5.00;184;184;15.85;19.50
2700.00;3000.00;1776.00;17.57;E0_0_3000m;5.00;148;148;14.04;17.61
2700.00;3000.00;2184.00;18.15;E0_1_3000m;5.00;182;182;16.67;18.20
2700.00;3000.00;1872.00;17.50;E0_0_3100m;5.00;156;156;14.86;17.55
2700.00;3000.00;2088.00;17.97;E0_1_3100m;5.00;174;174;16.14;17.98
2700.00;3000.00;1896.00;17.45;E0_0_3200m;5.00;158;159;15.13;17.47
2700.00;3000.00;2052.00;17.99;E0_1_3200m;5.00;171;171;15.85;18.01
2700.00;3000.00;1896.00;17.55;E0_0_3300m;5.00;158;158;15.00;17.57
2700.00;3000.00;2052.00;18.01;E0_1_3300m;5.00;171;172;15.91;18.04
2700.00;3000.00;1884.00;17.62;E0_0_3400m;5.00;157;158;14.91;17.63
2700.00;3000.00;2052.00;17.97;E0_1_3400m;5.00;171;170;15.81;17.99
2700.00;3000.00;1920.00;17.69;E0_0_3500m;5.00;160;160;15.07;17.70
2700.00;3000.00;2052.00;17.97;E0_1_3500m;5.00;171;171;15.86;17.99
2700.00;3000.00;1920.00;17.69;E0_0_3600m;5.00;160;160;15.08;17.69
2700.00;3000.00;2052.00;17.93;E0_1_3600m;5.00;171;171;15.90;17.94
2700.00;3000.00;1944.00;17.51;E0_0_3700m;5.00;162;162;15.42;17.53
2700.00;3000.00;2064.00;17.90;E0_1_3700m;5.00;172;173;16.10;17.91
2700.00;3000.00;1968.00;17.40;E0_0_3800m;5.00;164;163;15.69;17.42
2700.00;3000.00;2064.00;17.89;E0_1_3800m;5.00;172;172;16.02;17.90
2700.00;3000.00;1980.00;17.44;E0_0_3900m;5.00;165;165;15.77;17.45
2700.00;3000.00;2052.00;17.89;E0_1_3900m;5.00;171;171;15.93;17.90
2700.00;3000.00;1944.00;18.71;E0_0_4000m;5.00;162;162;14.43;18.78
2700.00;3000.00;2100.00;19.26;E0_1_4000m;5.00;175;175;15.14;19.39
2700.00;3000.00;1932.00;26.11;E0_0_4100m;5.00;161;161;10.28;26.20
2700.00;3000.00;2112.00;27.30;E0_1_4100m;5.00;176;176;10.74;27.36
2700.00;3000.00;1932.00;26.81;E0_0_4200m;5.00;161;162;10.03;26.94
2700.00;3000.00;2088.00;28.57;E0_1_4200m;5.00;174;174;10.15;28.66
2700.00;3000.00;1956.00;26.80;E0_0_4300m;5.00;163;163;10.14;26.94
2700.00;3000.00;2076.00;28.73;E0_1_4300m;5.00;173;174;10.06;28.82
2700.00;3000.00;1920.00;26.72;E0_0_4400m;5.00;160;160;9.98;26.86
2700.00;3000.00;2112.00;28.69;E0_1_4400m;5.00;176;176;10.23;28.77
2700.00;3000.00;1932.00;26.49;E0_0_4500m;5.00;161;160;10.07;26.63
2700.00;3000.00;2124.00;28.66;E0_1_4500m;5.00;177;177;10.29;28.74
2700.00;3000.00;1932.00;26.31;E0_0_4600m;5.00;161;161;10.20;26.48
2700.00;3000.00;2112.00;28.67;E0_1_4600m;5.00;176;176;10.23;28.77
2700.00;3000.00;1932.00;26.05;E0_0_4700m;5.00;161;161;10.30;26.24
2700.00;3000.00;2136.00;28.63;E0_1_4700m;5.00;178;178;10.36;28.72
2700.00;3000.00;1920.00;25.74;E0_0_4800m;5.00;160;161;10.38;25.94
2700.00;3000.00;2172.00;28.40;E0_1_4800m;5.00;181;181;10.62;28.51
2700.00;3000.00;1944.00;25.52;E0_0_4900m;5.00;162;161;10.57;25.75
2700.00;3000.00;2160.00;28.31;E0_1_4900m;5.00;180;180;10.60;28.40
2700.00;3000.00;1908.00;25.31;E0_0_5000m;5.00;159;159;10.47;25.55
2700.00;3000.00;2184.00;28.09;E0_1_5000m;5.00;182;182;10.80;28.19
3000.00;3300.00;0.00;-1.00;E0_0_0m;-1.00;0;0;0.00;-1.00
3000.00;3300.00;0.00;-1.00;E0_1_0m;-1.00;0;0;0.00;-1.00
3000.00;3300.00;1872.00;25.86;E0_0_100m;5.00;156;156;10.05;26.01
3000.00;3300.00;2196.00;27.27;E0_1_100m;5.00;183;183;11.19;27.40
3000.00;3300.00;1872.00;25.48;E0_0_200m;5.00;156;156;10.20;25.64
3000.00;3300.00;2208.00;27.78;E0_1_200m;5.00;184;183;11.01;27.93
3000.00;3300.00;1872.00;25.55;E0_0_300m;5.00;156;156;10.18;25.73
3000.00;3300.00;2184.00;27.89;E0_1_300m;5.00;182;182;10.88;28.03
3000.00;3300.00;1848.00;25.44;E0_0_400m;5.00;154;154;10.09;25.62
3000.00;3300.00;2184.00;27.75;E0_1_400m;5.00;182;182;10.93;27.87
3000.00;3300.00;1836.00;25.30;E0_0_500m;5.00;153;153;10.08;25.50
3000.00;3300.00;2208.00;27.57;E0_1_500m;5.00;184;183;11.07;27.69
3000.00;3300.00;1848.00;25.25;E0_0_600m;5.00;154;154;10.16;25.44
3000.00;3300.00;2208.00;27.33;E0_1_600m;5.00;184;184;11.22;27.45
3000.00;3300.00;1836.00;25.01;E0_0_700m;5.00;153;153;10.20;25.19
3000.00;3300.00;2220.00;27.13;E0_1_700m;5.00;185;185;11.37;27.26
3000.00;3300.00;1860.00;24.93;E0_0_800m;5.00;155;155;10.36;25.12
3000.00;3300.00;2196.00;27.04;E0_1_800m;5.00;183;183;11.28;27.20
3000.00;3300.00;1824.00;25.13;E0_0_900m;5.00;152;153;10.12;25.29
3000.00;3300.00;2208.00;27.00;E0_1_900m;5.00;184;184;11.36;27.18
3000.00;3300.00;1848.00;25.10;E0_0_1000m;5.00;154;154;10.23;25.24
3000.00;3300.00;2208.00;26.93;E0_1_1000m;5.00;184;184;11.39;27.12
3000.00;3300.00;1872.00;25.10;E0_0_1100m;5.00;156;156;10.36;25.23
3000.00;3300.00;2172.00;26.82;E0_1_1100m;5.00;181;181;11.25;27.00
3000.00;3300.00;1872.00;25.09;E0_0_1200m;5.00;156;156;10.36;25.21
3000.00;3300.00;2208.00;26.67;E0_1_1200m;5.00;184;184;11.50;26.83
3000.00;3300.00;1824.00;25.01;E0_0_1300m;5.00;152;152;10.13;25.13
3000.00;3300.00;2244.00;26.57;E0_1_1300m;5.00;187;187;11.73;26.72
3000.00;3300.00;1812.00;24.97;E0_0_1400m;5.00;151;151;10.08;25.09
3000.00;3300.00;2244.00;26.50;E0_1_1400m;5.00;187;187;11.76;26.64
3000.00;3300.00;1824.00;24.99;E0_0_1500m;5.00;152;151;10.10;25.11
3000.00;3300.00;2256.00;26.46;E0_1_1500m;5.00;188;188;11.84;26.59
3000.00;3300.00;1776.00;25.08;E0_0_1600m;5.00;148;149;9.90;25.19
3000.00;3300.00;2268.00;26.52;E0_1_1600m;5.00;189;189;11.88;26.65
3000.00;3300.00;1776.00;25.15;E0_0_1700m;5.00;148;149;9.88;25.26
3000.00;3300.00;2232.00;26.61;E0_1_1700m;5.00;186;186;11.65;26.75
3000.00;3300.00;1788.00;25.14;E0_0_1800m;5.00;149;148;9.82;25.25
3000.00;3300.00;2220.00;26.70;E0_1_1800m;5.00;185;186;11.57;26.84
3000.00;3300.00;1788.00;25.15;E0_0_1900m;5.00;149;148;9.81;25.26
3000.00;3300.00;2220.00;26.81;E0_1_1900m;5.00;185;185;11.50;26.96
3000.00;3300.00;1764.00;25.26;E0_0_2000m;5.00;147;146;9.64;25.34
3000.00;3300.00;2244.00;26.94;E0_1_2000m;5.00;187;187;11.57;27.07
3000.00;3300.00;1716.00;25.30;E0_0_2100m;5.00;143;143;9.42;25.39
3000.00;3300.00;2256.00;27.05;E0_1_2100m;5.00;188;188;11.58;27.17
3000.00;3300.00;1692.00;25.23;E0_0_2200m;5.00;141;142;9.32;25.31
3000.00;3300.00;2244.00;27.19;E0_1_2200m;5.00;187;187;11.46;27.30
3000.00;3300.00;1680.00;25.15;E0_0_2300m;5.00;140;140;9.28;25.23
3000.00;3300.00;2220.00;27.22;E0_1_2300m;5.00;185;186;11.33;27.31
3000.00;3300.00;1716.00;24.96;E0_0_2400m;5.00;143;143;9.55;25.06
3000.00;3300.00;2220.00;27.07;E0_1_2400m;5.00;185;185;11.39;27.17
3000.00;3300.00;1752.00;24.59;E0_0_2500m;5.00;146;146;9.89;24.71
3000.00;3300.00;2256.00;26.58;E0_1_2500m;5.00;188;188;11.79;26.72
3000.00;3300.00;1788.00;24.08;E0_0_2600m;5.00;149;149;10.31;24.25
3000.00;3300.00;2280.00;25.77;E0_1_2600m;5.00;190;190;12.29;26.00
3000.00;3300.00;1812.00;23.24;E0_0_2700m;5.00;151;151;10.83;23.47
3000.00;3300.00;2292.00;24.53;E0_1_2700m;5.00;191;192;13.02;24.86
3000.00;3300.00;1776.00;21.53;E0_0_2800m;5.00;148;148;11.46;21.81
3000.00;3300.00;2256.00;22.64;E0_1_2800m;5.00;188;188;13.84;22.99
3000.00;3300.00;1764.00;19.41;E0_0_2900m;5.00;147;147;12.62;19.65
3000.00;3300.00;2232.00;20.40;E0_1_2900m;5.00;186;186;15.20;20.63
3000.00;3300.00;1788.00;17.51;E0_0_3000m;5.00;149;149;14.18;17.58
3000.00;3300.00;2244.00;18.36;E0_1_3000m;5.00;187;187;16.95;18.46
3000.00;3300.00;1896.00;17.37;E0_0_3100m;5.00;158;158;15.16;17.40
3000.00;3300.00;2136.00;18.09;E0_1_3100m;5.00;178;178;16.40;18.13
3000.00;3300.00;1908.00;17.52;E0_0_3200m;5.00;159;158;15.09;17.61
3000.00;3300.00;2136.00;18.01;E0_1_3200m;5.00;178;179;16.55;18.03
3000.00;3300.00;1908.00;17.54;E0_0_3300m;5.00;159;159;15.11;17.56
3000.00;3300.00;2136.00;17.95;E0_1_3300m;5.00;178;178;16.48;17.95
3000.00;3300.00;1932.00;17.65;E0_0_3400m;5.00;161;160;15.15;17.65
3000.00;3300.00;2136.00;17.92;E0_1_3400m;5.00;178;178;16.55;17.93
3000.00;3300.00;1908.00;17.79;E0_0_3500m;5.00;159;159;14.90;17.79
3000.00;3300.00;2124.00;17.90;E0_1_3500m;5.00;177;177;16.48;17.90
3000.00;3300.00;1908.00;17.75;E0_0_3600m;5.00;159;159;14.93;17.75
3000.00;3300.00;2124.00;17.93;E0_1_3600m;5.00;177;178;16.49;17.95
3000.00;3300.00;1896.00;17.39;E0_0_3700m;5.00;158;158;15.15;17.41
3000.00;3300.00;2124.00;17.93;E0_1_3700m;5.00;177;176;16.37;17.93
3000.00;3300.00;1896.00;17.29;E0_0_3800m;5.00;158;159;15.28;17.31
3000.00;3300.00;2100.00;17.91;E0_1_3800m;5.00;175;175;16.28;17.92
3000.00;3300.00;1884.00;17.39;E0_0_3900m;5.00;157;157;15.05;17.41
3000.00;3300.00;2100.00;17.90;E0_1_3900m;5.00;175;176;16.30;17.90
3000.00;3300.00;1908.00;18.68;E0_0_4000m;5.00;159;159;14.18;18.76
3000.00;3300.00;2052.00;19.50;E0_1_4000m;5.00;171;172;14.66;19.66
3000.00;3300.00;1860.00;25.88;E0_0_4100m;5.00;155;155;9.98;26.06
3000.00;3300.00;2112.00;27.49;E0_1_4100m;5.00;176;177;10.70;27.57
3000.00;3300.00;1824.00;26.53;E0_0_4200m;5.00;152;151;9.53;26.81
3000.00;3300.00;2160.00;29.10;E0_1_4200m;5.00;180;180;10.31;29.26
3000.00;3300.00;1824.00;26.35;E0_0_4300m;5.00;152;152;9.61;26.68
3000.00;3300.00;2148.00;29.26;E0_1_4300m;5.00;179;178;10.17;29.42
3000.00;3300.00;1836.00;26.11;E0_0_4400m;5.00;153;153;9.77;26.43
3000.00;3300.00;2124.00;29.25;E0_1_4400m;5.00;177;177;10.08;29.40
3000.00;3300.00;1848.00;25.78;E0_0_4500m;5.00;154;154;9.95;26.10
3000.00;3300.00;2088.00;29.22;E0_1_4500m;5.00;174;174;9.93;29.35
3000.00;3300.00;1848.00;25.57;E0_0_4600m;5.00;154;154;10.04;25.87
3000.00;3300.00;2100.00;29.08;E0_1_4600m;5.00;175;175;10.03;29.22
3000.00;3300.00;1836.00;25.33;E0_0_4700m;5.00;153;153;10.07;25.65
3000.00;3300.00;2124.00;28.92;E0_1_4700m;5.00;177;177;10.20;29.05
3000.00;3300.00;1836.00;25.13;E0_0_4800m;5.00;153;153;10.15;25.43
3000.00;3300.00;2148.00;28.78;E0_1_4800m;5.00;179;180;10.41;28.89
3000.00;3300.00;1860.00;25.06;E0_0_4900m;5.00;155;155;10.31;25.33
3000.00;3300.00;2148.00;28.61;E0_1_4900m;5.00;179;179;10.43;28.72
3000.00;3300.00;1812.00;24.87;E0_0_5000m;5.00;151;151;10.12;25.12
3000.00;3300.00;2184.00;28.52;E0_1_5000m;5.00;182;182;10.63;28.62
3300.00;3600.00;0.00;-1.00;E0_0_0m;-1.00;0;0;0.00;-1.00
3300.00;3600.00;0.00;-1.00;E0_1_0m;-1.00;0;0;0.00;-1.00
3300.00;3600.00;1740.00;25.13;E0_0_100m;5.00;145;147;9.72;25.26
3300.00;3600.00;2184.00;26.49;E0_1_100m;5.00;182;182;11.45;26.70
3300.00;3600.00;1740.00;25.40;E0_0_200m;5.00;145;145;9.51;25.52
3300.00;3600.00;2184.00;27.01;E0_1_200m;5.00;182;182;11.23;27.23
3300.00;3600.00;1752.00;25.39;E0_0_300m;5.00;146;146;9.58;25.50
3300.00;3600.00;2184.00;26.95;E0_1_300m;5.00;182;182;11.25;27.16
3300.00;3600.00;1752.00;25.39;E0_0_400m;5.00;146;146;9.58;25.49
3300.00;3600.00;2184.00;26.79;E0_1_400m;5.00;182;182;11.32;27.00
3300.00;3600.00;1764.00;25.46;E0_0_500m;5.00;147;147;9.62;25.56
3300.00;3600.00;2172.00;26.73;E0_1_500m;5.00;181;181;11.29;26.92
3300.00;3600.00;1764.00;25.53;E0_0_600m;5.00;147;147;9.60;25.63
3300.00;3600.00;2160.00;26.63;E0_1_600m;5.00;180;180;11.26;26.80
3300.00;3600.00;1776.00;25.62;E0_0_700m;5.00;148;148;9.63;25.70
3300.00;3600.00;2136.00;26.49;E0_1_700m;5.00;178;178;11.20;26.65
3300.00;3600.00;1764.00;25.58;E0_0_800m;5.00;147;147;9.58;25.67
3300.00;3600.00;2124.00;26.38;E0_1_800m;5.00;177;177;11.18;26.52
3300.00;3600.00;1764.00;25.44;E0_0_900m;5.00;147;146;9.60;25.53
3300.00;3600.00;2124.00;26.31;E0_1_900m;5.00;177;177;11.21;26.45
3300.00;3600.00;1740.00;25.42;E0_0_1000m;5.00;145;145;9.51;25.50
3300.00;3600.00;2136.00;26.28;E0_1_1000m;5.00;178;178;11.29;26.40
3300.00;3600.00;1728.00;25.33;E0_0_1100m;5.00;144;144;9.48;25.39
3300.00;3600.00;2148.00;26.27;E0_1_1100m;5.00;179;180;11.39;26.39
3300.00;3600.00;1704.00;25.27;E0_0_1200m;5.00;142;142;9.36;25.34
3300.00;3600.00;2124.00;26.20;E0_1_1200m;5.00;177;177;11.26;26.32
3300.00;3600.00;1704.00;25.06;E0_0_1300m;5.00;142;142;9.44;25.13
3300.00;3600.00;2124.00;26.12;E0_1_1300m;5.00;177;177;11.29;26.25
3300.00;3600.00;1704.00;24.75;E0_0_1400m;5.00;142;142;9.56;24.83
3300.00;3600.00;2136.00;26.01;E0_1_1400m;5.00;178;178;11.41;26.14
3300.00;3600.00;1668.00;24.68;E0_0_1500m;5.00;139;140;9.40;24.75
3300.00;3600.00;2160.00;25.84;E0_1_1500m;5.00;180;180;11.61;25.96
3300.00;3600.00;1680.00;24.63;E0_0_1600m;5.00;140;139;9.40;24.72
3300.00;3600.00;2160.00;25.67;E0_1_1600m;5.00;180;180;11.69;25.79
3300.00;3600.00;1692.00;24.78;E0_0_1700m;5.00;141;140;9.42;24.93
3300.00;3600.00;2148.00;25.56;E0_1_1700m;5.00;179;180;11.73;25.69
3300.00;3600.00;1704.00;24.66;E0_0_1800m;5.00;142;142;9.60;24.74
3300.00;3600.00;2172.00;25.54;E0_1_1800m;5.00;181;181;11.81;25.67
3300.00;3600.00;1728.00;24.58;E0_0_1900m;5.00;144;144;9.77;24.64
3300.00;3600.00;2208.00;25.41;E0_1_1900m;5.00;184;184;12.07;25.54
3300.00;3600.00;1752.00;24.49;E0_0_2000m;5.00;146;146;9.94;24.55
3300.00;3600.00;2208.00;25.35;E0_1_2000m;5.00;184;184;12.10;25.48
3300.00;3600.00;1776.00;24.42;E0_0_2100m;5.00;148;148;10.10;24.49
3300.00;3600.00;2196.00;25.31;E0_1_2100m;5.00;183;183;12.05;25.44
3300.00;3600.00;1776.00;24.35;E0_0_2200m;5.00;148;147;10.12;24.41
3300.00;3600.00;2184.00;25.25;E0_1_2200m;5.00;182;183;12.06;25.38
3300.00;3600.00;1740.00;24.28;E0_0_2300m;5.00;145;145;9.95;24.35
3300.00;3600.00;2232.00;25.12;E0_1_2300m;5.00;186;185;12.33;25.24
3300.00;3600.00;1716.00;23.96;E0_0_2400m;5.00;143;143;9.95;24.06
3300.00;3600.00;2208.00;24.91;E0_1_2400m;5.00;184;184;12.31;25.01
3300.00;3600.00;1680.00;23.59;E0_0_2500m;5.00;140;140;9.89;23.70
3300.00;3600.00;2172.00;24.50;E0_1_2500m;5.00;181;181;12.31;24.59
3300.00;3600.00;1668.00;23.03;E0_0_2600m;5.00;139;139;10.06;23.19
3300.00;3600.00;2112.00;23.67;E0_1_2600m;5.00;176;176;12.39;23.77
3300.00;3600.00;1656.00;22.14;E0_0_2700m;5.00;138;138;10.39;22.37
3300.00;3600.00;2076.00;22.64;E0_1_2700m;5.00;173;174;12.77;22.81
3300.00;3600.00;1668.00;20.61;E0_0_2800m;5.00;139;139;11.24;20.80
3300.00;3600.00;2064.00;21.01;E0_1_2800m;5.00;172;172;13.65;21.18
3300.00;3600.00;1680.00;19.15;E0_0_2900m;5.00;140;140;12.19;19.31
3300.00;3600.00;2064.00;19.42;E0_1_2900m;5.00;172;172;14.76;19.56
3300.00;3600.00;1632.00;17.59;E0_0_3000m;5.00;136;137;12.91;17.63
3300.00;3600.00;2100.00;18.18;E0_1_3000m;5.00;175;174;16.04;18.22
3300.00;3600.00;1776.00;17.51;E0_0_3100m;5.00;148;149;14.16;17.63
3300.00;3600.00;2004.00;18.01;E0_1_3100m;5.00;167;168;15.54;18.04
3300.00;3600.00;1788.00;17.63;E0_0_3200m;5.00;149;149;14.09;17.65
3300.00;3600.00;2028.00;17.93;E0_1_3200m;5.00;169;169;15.71;17.93
3300.00;3600.00;1788.00;17.76;E0_0_3300m;5.00;149;149;13.98;17.78
3300.00;3600.00;2040.00;17.89;E0_1_3300m;5.00;170;170;15.84;17.89
3300.00;3600.00;1800.00;17.79;E0_0_3400m;5.00;150;150;14.05;17.81
3300.00;3600.00;2040.00;17.88;E0_1_3400m;5.00;170;170;15.85;17.88
3300.00;3600.00;1800.00;17.72;E0_0_3500m;5.00;150;151;14.16;17.74
3300.00;3600.00;2052.00;17.88;E0_1_3500m;5.00;171;171;15.94;17.88
3300.00;3600.00;1812.00;17.77;E0_0_3600m;5.00;151;151;14.16;17.79
3300.00;3600.00;2052.00;17.91;E0_1_3600m;5.00;171;170;15.87;17.92
3300.00;3600.00;1800.00;17.68;E0_0_3700m;5.00;150;150;14.14;17.69
3300.00;3600.00;2052.00;17.92;E0_1_3700m;5.00;171;171;15.90;17.93
3300.00;3600.00;1836.00;17.71;E0_0_3800m;5.00;153;152;14.36;17.71
3300.00;3600.00;2064.00;17.92;E0_1_3800m;5.00;172;172;16.00;17.93
3300.00;3600.00;1836.00;17.60;E0_0_3900m;5.00;153;154;14.55;17.61
3300.00;3600.00;2064.00;17.94;E0_1_3900m;5.00;172;171;15.98;17.95
3300.00;3600.00;1920.00;18.89;E0_0_4000m;5.00;160;161;14.15;18.98
3300.00;3600.00;2028.00;19.72;E0_1_4000m;5.00;169;168;14.24;19.91
3300.00;3600.00;1812.00;25.61;E0_0_4100m;5.00;151;151;9.83;25.74
3300.00;3600.00;2124.00;26.73;E0_1_4100m;5.00;177;176;11.01;26.84
3300.00;3600.00;1848.00;26.02;E0_0_4200m;5.00;154;155;9.91;26.16
3300.00;3600.00;2100.00;27.53;E0_1_4200m;5.00;175;176;10.65;27.67
3300.00;3600.00;1884.00;25.69;E0_0_4300m;5.00;157;157;10.19;25.82
3300.00;3600.00;2076.00;27.51;E0_1_4300m;5.00;173;173;10.48;27.68
3300.00;3600.00;1860.00;25.50;E0_0_4400m;5.00;155;155;10.13;25.61
3300.00;3600.00;2100.00;27.43;E0_1_4400m;5.00;175;175;10.63;27.59
3300.00;3600.00;1884.00;25.38;E0_0_4500m;5.00;157;157;10.31;25.48
3300.00;3600.00;2088.00;27.34;E0_1_4500m;5.00;174;174;10.61;27.47
3300.00;3600.00;1896.00;25.22;E0_0_4600m;5.00;158;158;10.44;25.32
3300.00;3600.00;2076.00;27.26;E0_1_4600m;5.00;173;174;10.61;27.38
3300.00;3600.00;1884.00;25.07;E0_0_4700m;5.00;157;157;10.44;25.17
3300.00;3600.00;2052.00;27.38;E0_1_4700m;5.00;171;171;10.41;27.51
3300.00;3600.00;1896.00;25.04;E0_0_4800m;5.00;158;158;10.52;25.15
3300.00;3600.00;2028.00;27.43;E0_1_4800m;5.00;169;168;10.23;27.56
3300.00;3600.00;1884.00;25.00;E0_0_4900m;5.00;157;157;10.47;25.11
3300.00;3600.00;2028.00;27.41;E0_1_4900m;5.00;169;169;10.28;27.52
3300.00;3600.00;1884.00;25.00;E0_0_5000m;5.00;157;157;10.47;25.10
3300.00;3600.00;2040.00;27.34;E0_1_5000m;5.00;170;170;10.36;27.45
3600.00;3900.00;0.00;-1.00;E0_0_0m;-1.00;0;0;0.00;-1.00
3600.00;3900.00;0.00;-1.00;E0_1_0m;-1.00;0;0;0.00;-1.00
3600.00;3900.00;1824.00;24.77;E0_0_100m;5.00;152;151;10.18;24.87
3600.00;3900.00;2340.00;25.88;E0_1_100m;5.00;195;195;12.56;26.04
3600.00;3900.00;1860.00;25.17;E0_0_200m;5.00;155;155;10.26;25.32
3600.00;3900.00;2316.00;26.34;E0_1_200m;5.00;193;193;12.21;26.57
3600.00;3900.00;1872.00;25.28;E0_0_300m;5.00;156;157;10.29;25.41
3600.00;3900.00;2292.00;26.53;E0_1_300m;5.00;191;191;12.00;26.75
3600.00;3900.00;1908.00;25.29;E0_0_400m;5.00;159;160;10.53;25.39
3600.00;3900.00;2256.00;26.71;E0_1_400m;5.00;188;188;11.73;26.94
3600.00;3900.00;1872.00;25.32;E0_0_500m;5.00;156;158;10.30;25.41
3600.00;3900.00;2292.00;26.49;E0_1_500m;5.00;191;191;12.02;26.68
3600.00;3900.00;1908.00;25.33;E0_0_600m;5.00;159;159;10.46;25.41
3600.00;3900.00;2268.00;26.54;E0_1_600m;5.00;189;189;11.87;26.68
3600.00;3900.00;1896.00;25.15;E0_0_700m;5.00;158;158;10.47;25.22
3600.00;3900.00;2304.00;26.15;E0_1_700m;5.00;192;192;12.24;26.29
3600.00;3900.00;1884.00;24.94;E0_0_800m;5.00;157;157;10.49;25.02
3600.00;3900.00;2316.00;25.85;E0_1_800m;5.00;193;193;12.44;26.01
3600.00;3900.00;1884.00;24.79;E0_0_900m;5.00;157;157;10.55;24.89
3600.00;3900.00;2304.00;25.65;E0_1_900m;5.00;192;192;12.48;25.84
3600.00;3900.00;1872.00;24.63;E0_0_1000m;5.00;156;156;10.56;24.73
3600.00;3900.00;2328.00;25.54;E0_1_1000m;5.00;194;194;12.66;25.75
3600.00;3900.00;1824.00;24.63;E0_0_1100m;5.00;152;152;10.28;24.75
3600.00;3900.00;2352.00;25.45;E0_1_1100m;5.00;196;195;12.80;25.66
3600.00;3900.00;1812.00;24.64;E0_0_1200m;5.00;151;151;10.21;24.76
3600.00;3900.00;2364.00;25.51;E0_1_1200m;5.00;197;197;12.87;25.75
3600.00;3900.00;1860.00;24.59;E0_0_1300m;5.00;155;155;10.50;24.71
3600.00;3900.00;2316.00;25.68;E0_1_1300m;5.00;193;194;12.56;25.95
3600.00;3900.00;1884.00;24.53;E0_0_1400m;5.00;157;157;10.67;24.66
3600.00;3900.00;2292.00;25.74;E0_1_1400m;5.00;191;191;12.37;26.02
3600.00;3900.00;1908.00;24.54;E0_0_1500m;5.00;159;158;10.79;24.66
3600.00;3900.00;2280.00;25.69;E0_1_1500m;5.00;190;190;12.33;25.92
3600.00;3900.00;1884.00;24.62;E0_0_1600m;5.00;157;157;10.63;24.73
3600.00;3900.00;2292.00;25.67;E0_1_1600m;5.00;191;191;12.40;25.86
3600.00;3900.00;1884.00;24.76;E0_0_1700m;5.00;157;157;10.57;24.86
3600.00;3900.00;2280.00;25.76;E0_1_1700m;5.00;190;190;12.29;25.94
3600.00;3900.00;1896.00;24.76;E0_0_1800m;5.00;158;158;10.63;24.85
3600.00;3900.00;2232.00;25.85;E0_1_1800m;5.00;186;186;11.99;26.03
3600.00;3900.00;1884.00;24.85;E0_0_1900m;5.00;157;157;10.53;24.93
3600.00;3900.00;2196.00;25.98;E0_1_1900m;5.00;183;183;11.74;26.16
3600.00;3900.00;1872.00;24.78;E0_0_2000m;5.00;156;156;10.49;24.86
3600.00;3900.00;2184.00;25.94;E0_1_2000m;5.00;182;182;11.69;26.09
3600.00;3900.00;1884.00;24.59;E0_0_2100m;5.00;157;157;10.64;24.67
3600.00;3900.00;2160.00;25.85;E0_1_2100m;5.00;180;181;11.65;25.97
3600.00;3900.00;1872.00;24.71;E0_0_2200m;5.00;156;156;10.52;24.77
3600.00;3900.00;2184.00;25.82;E0_1_2200m;5.00;182;181;11.70;25.93
3600.00;3900.00;1860.00;24.70;E0_0_2300m;5.00;155;155;10.46;24.75
3600.00;3900.00;2196.00;25.84;E0_1_2300m;5.00;183;183;11.81;25.95
3600.00;3900.00;1872.00;24.44;E0_0_2400m;5.00;156;156;10.64;24.49
3600.00;3900.00;2184.00;25.70;E0_1_2400m;5.00;182;182;11.80;25.82
3600.00;3900.00;1860.00;24.12;E0_0_2500m;5.00;155;155;10.71;24.18
3600.00;3900.00;2184.00;25.29;E0_1_2500m;5.00;182;183;12.01;25.41
3600.00;3900.00;1908.00;23.42;E0_0_2600m;5.00;159;159;11.31;23.54
3600.00;3900.00;2184.00;24.53;E0_1_2600m;5.00;182;183;12.42;24.69
3600.00;3900.00;1944.00;21.96;E0_0_2700m;5.00;162;162;12.30;22.12
3600.00;3900.00;2196.00;23.07;E0_1_2700m;5.00;183;183;13.22;23.25
3600.00;3900.00;1992.00;20.25;E0_0_2800m;5.00;166;166;13.66;20.42
3600.00;3900.00;2220.00;21.21;E0_1_2800m;5.00;185;185;14.54;21.43
3600.00;3900.00;2016.00;18.87;E0_0_2900m;5.00;168;168;14.84;18.97
3600.00;3900.00;2256.00;19.57;E0_1_2900m;5.00;188;188;16.01;19.75
3600.00;3900.00;2052.00;17.55;E0_0_3000m;5.00;171;170;16.22;17.58
3600.00;3900.00;2292.00;18.20;E0_1_3000m;5.00;191;191;17.49;18.24
3600.00;3900.00;2064.00;17.58;E0_0_3100m;5.00;172;172;16.30;17.60
3600.00;3900.00;2256.00;18.00;E0_1_3100m;5.00;188;188;17.40;18.02
3600.00;3900.00;2052.00;17.63;E0_0_3200m;5.00;171;171;16.17;17.64
3600.00;3900.00;2244.00;17.95;E0_1_3200m;5.00;187;187;17.36;17.96
3600.00;3900.00;2052.00;17.70;E0_0_3300m;5.00;171;171;16.10;17.70
3600.00;3900.00;2244.00;17.91;E0_1_3300m;5.00;187;186;17.37;17.92
3600.00;3900.00;2040.00;17.65;E0_0_3400m;5.00;170;170;16.05;17.66
3600.00;3900.00;2220.00;17.88;E0_1_3400m;5.00;185;185;17.24;17.88
3600.00;3900.00;2016.00;17.59;E0_0_3500m;5.00;168;167;15.86;17.61
3600.00;3900.00;2232.00;17.86;E0_1_3500m;5.00;186;186;17.36;17.86
3600.00;3900.00;2016.00;17.62;E0_0_3600m;5.00;168;169;15.91;17.64
3600.00;3900.00;2208.00;17.87;E0_1_3600m;5.00;184;184;17.16;17.87
3600.00;3900.00;2028.00;17.62;E0_0_3700m;5.00;169;169;15.99;17.63
3600.00;3900.00;2208.00;17.89;E0_1_3700m;5.00;184;184;17.14;17.90
3600.00;3900.00;2004.00;17.55;E0_0_3800m;5.00;167;168;15.93;17.57
3600.00;3900.00;2184.00;17.88;E0_1_3800m;5.00;182;182;16.96;17.88
3600.00;3900.00;2004.00;17.57;E0_0_3900m;5.00;167;166;15.78;17.59
3600.00;3900.00;2196.00;17.88;E0_1_3900m;5.00;183;183;17.06;17.88
3600.00;3900.00;2004.00;18.97;E0_0_4000m;5.00;167;167;14.67;19.06
3600.00;3900.00;2208.00;19.55;E0_1_4000m;5.00;184;185;15.70;19.70
3600.00;3900.00;2004.00;26.01;E0_0_4100m;5.00;167;169;10.76;26.09
3600.00;3900.00;2232.00;27.27;E0_1_4100m;5.00;186;186;11.37;27.35
3600.00;3900.00;2052.00;26.68;E0_0_4200m;5.00;171;171;10.68;26.80
3600.00;3900.00;2184.00;28.80;E0_1_4200m;5.00;182;182;10.51;28.91
3600.00;3900.00;2064.00;26.66;E0_0_4300m;5.00;172;172;10.75;26.75
3600.00;3900.00;2160.00;28.96;E0_1_4300m;5.00;180;180;10.36;29.06
3600.00;3900.00;2052.00;26.57;E0_0_4400m;5.00;171;171;10.73;26.64
3600.00;3900.00;2172.00;28.82;E0_1_4400m;5.00;181;181;10.47;28.93
3600.00;3900.00;2028.00;26.40;E0_0_4500m;5.00;169;169;10.67;26.47
3600.00;3900.00;2196.00;28.56;E0_1_4500m;5.00;183;183;10.68;28.67
3600.00;3900.00;2004.00;26.18;E0_0_4600m;5.00;167;168;10.65;26.25
3600.00;3900.00;2220.00;28.37;E0_1_4600m;5.00;185;185;10.87;28.48
3600.00;3900.00;2004.00;25.92;E0_0_4700m;5.00;167;167;10.74;25.99
3600.00;3900.00;2256.00;28.16;E0_1_4700m;5.00;188;188;11.13;28.29
3600.00;3900.00;1992.00;25.64;E0_0_4800m;5.00;166;166;10.79;25.70
3600.00;3900.00;2256.00;27.94;E0_1_4800m;5.00;188;188;11.21;28.09
3600.00;3900.00;1992.00;25.50;E0_0_4900m;5.00;166;166;10.85;25.57
3600.00;3900.00;2244.00;27.72;E0_1_4900m;5.00;187;187;11.24;27.87
3600.00;3900.00;1956.00;25.43;E0_0_5000m;5.00;163;163;10.68;25.50
3600.00;3900.00;2268.00;27.39;E0_1_5000m;5.00;189;189;11.50;27.54
3900.00;4200.00;0.00;-1.00;E0_0_0m;-1.00;0;0;0.00;-1.00
3900.00;4200.00;0.00;-1.00;E0_1_0m;-1.00;0;0;0.00;-1.00
3900.00;4200.00;1872.00;24.65;E0_0_100m;5.00;156;156;10.55;24.90
3900.00;4200.00;2172.00;25.81;E0_1_100m;5.00;181;181;11.69;26.03
3900.00;4200.00;1896.00;25.01;E0_0_200m;5.00;158;158;10.53;25.26
3900.00;4200.00;2136.00;26.31;E0_1_200m;5.00;178;179;11.31;26.60
3900.00;4200.00;1884.00;25.05;E0_0_300m;5.00;157;156;10.44;25.28
3900.00;4200.00;2160.00;26.21;E0_1_300m;5.00;180;180;11.45;26.49
3900.00;4200.00;1884.00;25.12;E0_0_400m;5.00;157;157;10.43;25.33
3900.00;4200.00;2196.00;26.13;E0_1_400m;5.00;183;183;11.67;26.41
3900.00;4200.00;1896.00;24.94;E0_0_500m;5.00;158;157;10.53;25.20
3900.00;4200.00;2196.00;25.97;E0_1_500m;5.00;183;183;11.74;26.20
3900.00;4200.00;1896.00;25.00;E0_0_600m;5.00;158;158;10.53;25.20
3900.00;4200.00;2184.00;25.94;E0_1_600m;5.00;182;183;11.74;26.17
3900.00;4200.00;1932.00;24.89;E0_0_700m;5.00;161;161;10.78;25.06
3900.00;4200.00;2148.00;25.87;E0_1_700m;5.00;179;179;11.53;26.09
3900.00;4200.00;1944.00;24.85;E0_0_800m;5.00;162;162;10.87;24.99
3900.00;4200.00;2160.00;25.65;E0_1_800m;5.00;180;180;11.70;25.85
3900.00;4200.00;1932.00;24.83;E0_0_900m;5.00;161;162;10.81;24.95
3900.00;4200.00;2184.00;25.48;E0_1_900m;5.00;182;182;11.91;25.67
3900.00;4200.00;1944.00;24.78;E0_0_1000m;5.00;162;162;10.90;24.89
3900.00;4200.00;2196.00;25.33;E0_1_1000m;5.00;183;183;12.04;25.52
3900.00;4200.00;1944.00;24.70;E0_0_1100m;5.00;162;162;10.93;24.80
3900.00;4200.00;2232.00;25.23;E0_1_1100m;5.00;186;186;12.29;25.41
3900.00;4200.00;1944.00;24.49;E0_0_1200m;5.00;162;163;11.08;24.59
3900.00;4200.00;2232.00;24.91;E0_1_1200m;5.00;186;186;12.44;25.06
3900.00;4200.00;1956.00;24.28;E0_0_1300m;5.00;163;163;11.19;24.37
3900.00;4200.00;2256.00;24.56;E0_1_1300m;5.00;188;188;12.76;24.69
3900.00;4200.00;1980.00;23.93;E0_0_1400m;5.00;165;165;11.49;24.03
3900.00;4200.00;2256.00;24.25;E0_1_1400m;5.00;188;189;12.98;24.37
3900.00;4200.00;1968.00;23.56;E0_0_1500m;5.00;164;164;11.60;23.66
3900.00;4200.00;2256.00;23.95;E0_1_1500m;5.00;188;188;13.08;24.08
3900.00;4200.00;1968.00;23.43;E0_0_1600m;5.00;164;164;11.67;23.53
3900.00;4200.00;2268.00;23.73;E0_1_1600m;5.00;189;189;13.28;23.85
3900.00;4200.00;1944.00;23.36;E0_0_1700m;5.00;162;162;11.56;23.45
3900.00;4200.00;2280.00;23.65;E0_1_1700m;5.00;190;190;13.39;23.78
3900.00;4200.00;1944.00;23.37;E0_0_1800m;5.00;162;162;11.55;23.48
3900.00;4200.00;2280.00;23.60;E0_1_1800m;5.00;190;190;13.42;23.75
3900.00;4200.00;1944.00;23.29;E0_0_1900m;5.00;162;162;11.59;23.40
3900.00;4200.00;2280.00;23.51;E0_1_1900m;5.00;190;190;13.47;23.66
3900.00;4200.00;1956.00;23.02;E0_0_2000m;5.00;163;164;11.80;23.11
3900.00;4200.00;2280.00;23.19;E0_1_2000m;5.00;190;190;13.65;23.29
3900.00;4200.00;1968.00;22.66;E0_0_2100m;5.00;164;164;12.06;22.73
3900.00;4200.00;2292.00;22.85;E0_1_2100m;5.00;191;190;13.88;22.94
3900.00;4200.00;1968.00;22.24;E0_0_2200m;5.00;164;164;12.29;22.31
3900.00;4200.00;2292.00;22.51;E0_1_2200m;5.00;191;191;14.14;22.60
3900.00;4200.00;1956.00;21.80;E0_0_2300m;5.00;163;163;12.46;21.88
3900.00;4200.00;2280.00;22.12;E0_1_2300m;5.00;190;191;14.34;22.24
3900.00;4200.00;1968.00;21.12;E0_0_2400m;5.00;164;164;12.94;21.25
3900.00;4200.00;2268.00;21.74;E0_1_2400m;5.00;189;190;14.50;21.88
3900.00;4200.00;1968.00;20.38;E0_0_2500m;5.00;164;164;13.41;20.55
3900.00;4200.00;2280.00;21.24;E0_1_2500m;5.00;190;189;14.90;21.41
3900.00;4200.00;1944.00;19.73;E0_0_2600m;5.00;162;162;13.69;19.93
3900.00;4200.00;2256.00;20.60;E0_1_2600m;5.00;188;188;15.21;20.76
3900.00;4200.00;1920.00;19.40;E0_0_2700m;5.00;160;161;13.81;19.56
3900.00;4200.00;2208.00;19.93;E0_1_2700m;5.00;184;184;15.39;20.07
3900.00;4200.00;1884.00;18.87;E0_0_2800m;5.00;157;157;13.87;18.99
3900.00;4200.00;2172.00;19.22;E0_1_2800m;5.00;181;181;15.70;19.33
3900.00;4200.00;1848.00;18.21;E0_0_2900m;5.00;154;154;14.09;18.30
3900.00;4200.00;2136.00;18.59;E0_1_2900m;5.00;178;178;15.96;18.66
3900.00;4200.00;1824.00;17.42;E0_0_3000m;5.00;152;152;14.54;17.44
3900.00;4200.00;2100.00;18.00;E0_1_3000m;5.00;175;175;16.20;18.01
3900.00;4200.00;1872.00;17.38;E0_0_3100m;5.00;156;156;14.96;17.41
3900.00;4200.00;2112.00;17.90;E0_1_3100m;5.00;176;176;16.38;17.90
3900.00;4200.00;1908.00;17.50;E0_0_3200m;5.00;159;160;15.15;17.52
3900.00;4200.00;2124.00;17.90;E0_1_3200m;5.00;177;177;16.48;17.90
3900.00;4200.00;1908.00;17.53;E0_0_3300m;5.00;159;159;15.11;17.55
3900.00;4200.00;2112.00;17.88;E0_1_3300m;5.00;176;177;16.47;17.88
3900.00;4200.00;1896.00;17.52;E0_0_3400m;5.00;158;158;15.03;17.54
3900.00;4200.00;2124.00;17.88;E0_1_3400m;5.00;177;177;16.50;17.88
3900.00;4200.00;1896.00;17.54;E0_0_3500m;5.00;158;158;15.01;17.56
3900.00;4200.00;2112.00;17.88;E0_1_3500m;5.00;176;176;16.41;17.88
3900.00;4200.00;1896.00;17.57;E0_0_3600m;5.00;158;157;14.97;17.59
3900.00;4200.00;2112.00;17.88;E0_1_3600m;5.00;176;176;16.41;17.88
3900.00;4200.00;1884.00;17.51;E0_0_3700m;5.00;157;157;14.95;17.53
3900.00;4200.00;2112.00;17.88;E0_1_3700m;5.00;176;176;16.41;17.88
3900.00;4200.00;1896.00;17.52;E0_0_3800m;5.00;158;157;14.96;17.54
3900.00;4200.00;2100.00;17.88;E0_1_3800m;5.00;175;175;16.31;17.88
3900.00;4200.00;1884.00;17.55;E0_0_3900m;5.00;157;157;14.91;17.57
3900.00;4200.00;2088.00;17.90;E0_1_3900m;5.00;174;174;16.20;17.91
3900.00;4200.00;1872.00;18.92;E0_0_4000m;5.00;156;156;13.74;19.03
3900.00;4200.00;2052.00;19.45;E0_1_4000m;5.00;171;170;14.64;19.60
3900.00;4200.00;1836.00;25.21;E0_0_4100m;5.00;153;154;10.13;25.31
3900.00;4200.00;2064.00;26.38;E0_1_4100m;5.00;172;172;10.86;26.49
3900.00;4200.00;1860.00;25.63;E0_0_4200m;5.00;155;156;10.13;25.74
3900.00;4200.00;2028.00;27.15;E0_1_4200m;5.00;169;171;10.46;27.35
3900.00;4200.00;1872.00;25.58;E0_0_4300m;5.00;156;156;10.17;25.66
3900.00;4200.00;2028.00;27.07;E0_1_4300m;5.00;169;169;10.40;27.27
3900.00;4200.00;1872.00;25.55;E0_0_4400m;5.00;156;156;10.18;25.62
3900.00;4200.00;2028.00;26.84;E0_1_4400m;5.00;169;170;10.52;27.01
3900.00;4200.00;1848.00;25.43;E0_0_4500m;5.00;154;155;10.13;25.50
3900.00;4200.00;2052.00;26.65;E0_1_4500m;5.00;171;171;10.69;26.83
3900.00;4200.00;1860.00;25.40;E0_0_4600m;5.00;155;154;10.15;25.48
3900.00;4200.00;2052.00;26.51;E0_1_4600m;5.00;171;171;10.75;26.68
3900.00;4200.00;1836.00;25.36;E0_0_4700m;5.00;153;153;10.06;25.43
3900.00;4200.00;2052.00;26.39;E0_1_4700m;5.00;171;171;10.80;26.56
3900.00;4200.00;1800.00;25.24;E0_0_4800m;5.00;150;150;9.91;25.30
3900.00;4200.00;2076.00;26.31;E0_1_4800m;5.00;173;173;10.96;26.50
3900.00;4200.00;1812.00;25.09;E0_0_4900m;5.00;151;151;10.03;25.18
3900.00;4200.00;2052.00;26.18;E0_1_4900m;5.00;171;171;10.88;26.38
3900.00;4200.00;1776.00;24.91;E0_0_5000m;5.00;148;148;9.90;25.02
3900.00;4200.00;2088.00;26.06;E0_1_5000m;5.00;174;174;11.13;26.27
4200.00;4500.00;0.00;-1.00;E0_0_0m;-1.00;0;0;0.00;-1.00
4200.00;4500.00;0.00;-1.00;E0_1_0m;-1.00;0;0;0.00;-1.00
4200.00;4500.00;1920.00;24.69;E0_0_100m;5.00;160;160;10.80;24.86
4200.00;4500.00;2136.00;26.46;E0_1_100m;5.00;178;179;11.22;26.60
4200.00;4500.00;1968.00;25.42;E0_0_200m;5.00;164;164;10.75;25.59
4200.00;4500.00;2088.00;28.01;E0_1_200m;5.00;174;175;10.39;28.18
4200.00;4500.00;1956.00;25.76;E0_0_300m;5.00;163;163;10.55;25.90
4200.00;4500.00;2100.00;28.29;E0_1_300m;5.00;175;175;10.31;28.47
4200.00;4500.00;1908.00;25.85;E0_0_400m;5.00;159;159;10.25;25.98
4200.00;4500.00;2112.00;28.18;E0_1_400m;5.00;176;176;10.41;28.35
4200.00;4500.00;1884.00;25.80;E0_0_500m;5.00;157;157;10.14;25.92
4200.00;4500.00;2124.00;27.89;E0_1_500m;5.00;177;178;10.61;28.03
4200.00;4500.00;1872.00;25.77;E0_0_600m;5.00;156;157;10.12;25.90
4200.00;4500.00;2172.00;27.84;E0_1_600m;5.00;181;180;10.79;27.97
4200.00;4500.00;1896.00;25.84;E0_0_700m;5.00;158;158;10.19;25.98
4200.00;4500.00;2160.00;27.94;E0_1_700m;5.00;180;180;10.74;28.07
4200.00;4500.00;1920.00;25.80;E0_0_800m;5.00;160;160;10.33;25.94
4200.00;4500.00;2124.00;27.97;E0_1_800m;5.00;177;178;10.59;28.10
4200.00;4500.00;1932.00;25.70;E0_0_900m;5.00;161;160;10.43;25.83
4200.00;4500.00;2136.00;27.91;E0_1_900m;5.00;178;178;10.63;28.02
4200.00;4500.00;1836.00;25.73;E0_0_1000m;5.00;153;153;9.91;25.85
4200.00;4500.00;2184.00;27.75;E0_1_1000m;5.00;182;182;10.93;27.85
4200.00;4500.00;1824.00;25.61;E0_0_1100m;5.00;152;152;9.89;25.73
4200.00;4500.00;2160.00;27.58;E0_1_1100m;5.00;180;180;10.88;27.68
4200.00;4500.00;1824.00;25.58;E0_0_1200m;5.00;152;151;9.85;25.68
4200.00;4500.00;2160.00;27.35;E0_1_1200m;5.00;180;180;10.97;27.43
4200.00;4500.00;1800.00;25.59;E0_0_1300m;5.00;150;150;9.77;25.70
4200.00;4500.00;2184.00;27.21;E0_1_1300m;5.00;182;183;11.16;27.29
4200.00;4500.00;1788.00;25.37;E0_0_1400m;5.00;149;149;9.79;25.47
4200.00;4500.00;2196.00;27.14;E0_1_1400m;5.00;183;182;11.18;27.23
4200.00;4500.00;1824.00;25.29;E0_0_1500m;5.00;152;152;10.02;25.39
4200.00;4500.00;2172.00;27.05;E0_1_1500m;5.00;181;181;11.15;27.16
4200.00;4500.00;1848.00;25.13;E0_0_1600m;5.00;154;154;10.21;25.23
4200.00;4500.00;2208.00;27.00;E0_1_1600m;5.00;184;184;11.36;27.12
4200.00;4500.00;1872.00;25.10;E0_0_1700m;5.00;156;156;10.36;25.22
4200.00;4500.00;2208.00;26.80;E0_1_1700m;5.00;184;184;11.44;26.96
4200.00;4500.00;1836.00;24.87;E0_0_1800m;5.00;153;153;10.25;25.00
4200.00;4500.00;2232.00;26.69;E0_1_1800m;5.00;186;186;11.62;26.87
4200.00;4500.00;1848.00;24.70;E0_0_1900m;5.00;154;154;10.39;24.85
4200.00;4500.00;2220.00;26.47;E0_1_1900m;5.00;185;185;11.65;26.67
4200.00;4500.00;1860.00;24.54;E0_0_2000m;5.00;155;154;10.52;24.70
4200.00;4500.00;2220.00;26.20;E0_1_2000m;5.00;185;186;11.80;26.41
4200.00;4500.00;1848.00;24.37;E0_0_2100m;5.00;154;154;10.53;24.54
4200.00;4500.00;2208.00;25.83;E0_1_2100m;5.00;184;185;11.93;26.04
4200.00;4500.00;1884.00;23.84;E0_0_2200m;5.00;157;157;10.98;24.02
4200.00;4500.00;2208.00;25.05;E0_1_2200m;5.00;184;184;12.24;25.26
4200.00;4500.00;1860.00;22.71;E0_0_2300m;5.00;155;155;11.38;22.97
4200.00;4500.00;2244.00;23.76;E0_1_2300m;5.00;187;186;13.09;24.04
4200.00;4500.00;1848.00;20.98;E0_0_2400m;5.00;154;154;12.23;21.33
4200.00;4500.00;2244.00;21.89;E0_1_2400m;5.00;187;187;14.24;22.28
4200.00;4500.00;1848.00;19.01;E0_0_2500m;5.00;154;154;13.50;19.31
4200.00;4500.00;2244.00;19.53;E0_1_2500m;5.00;187;187;15.96;19.93
4200.00;4500.00;1848.00;17.69;E0_0_2600m;5.00;154;154;14.51;17.86
4200.00;4500.00;2220.00;17.38;E0_1_2600m;5.00;185;185;17.74;17.69
4200.00;4500.00;1836.00;17.07;E0_0_2700m;5.00;153;152;14.87;17.17
4200.00;4500.00;2220.00;15.92;E0_1_2700m;5.00;185;185;19.37;16.16
4200.00;4500.00;1860.00;16.77;E0_0_2800m;5.00;155;155;15.41;16.84
4200.00;4500.00;2172.00;14.87;E0_1_2800m;5.00;181;181;20.29;15.06
4200.00;4500.00;1884.00;16.33;E0_0_2900m;5.00;157;157;16.02;16.40
4200.00;4500.00;2124.00;14.08;E0_1_2900m;5.00;177;178;20.98;14.21
4200.00;4500.00;1872.00;13.93;E0_0_3000m;5.00;156;156;18.67;13.99
4200.00;4500.00;2112.00;13.57;E0_1_3000m;5.00;176;177;21.67;13.63
4200.00;4500.00;1872.00;13.57;E0_0_3100m;5.00;156;156;19.16;13.60
4200.00;4500.00;2028.00;13.46;E0_1_3100m;5.00;169;169;20.93;13.51
4200.00;4500.00;1836.00;13.49;E0_0_3200m;5.00;153;152;18.89;13.52
4200.00;4500.00;1980.00;13.47;E0_1_3200m;5.00;165;166;20.47;13.54
4200.00;4500.00;1824.00;13.45;E0_0_3300m;5.00;152;152;18.84;13.47
4200.00;4500.00;1980.00;13.48;E0_1_3300m;5.00;165;164;20.34;13.51
4200.00;4500.00;1824.00;13.43;E0_0_3400m;5.00;152;153;18.94;13.44
4200.00;4500.00;1968.00;13.43;E0_1_3400m;5.00;164;164;20.35;13.44
4200.00;4500.00;1824.00;13.41;E0_0_3500m;5.00;152;152;18.89;13.41
4200.00;4500.00;1968.00;13.42;E0_1_3500m;5.00;164;164;20.37;13.42
4200.00;4500.00;1824.00;13.43;E0_0_3600m;5.00;152;153;18.91;13.43
4200.00;4500.00;1956.00;13.44;E0_1_3600m;5.00;163;163;20.21;13.45
4200.00;4500.00;1836.00;13.44;E0_0_3700m;5.00;153;153;18.97;13.44
4200.00;4500.00;1920.00;13.43;E0_1_3700m;5.00;160;161;19.87;13.44
4200.00;4500.00;1848.00;13.42;E0_0_3800m;5.00;154;154;19.13;13.42
4200.00;4500.00;1920.00;13.43;E0_1_3800m;5.00;160;160;19.86;13.43
4200.00;4500.00;1860.00;13.42;E0_0_3900m;5.00;155;155;19.26;13.42
4200.00;4500.00;1920.00;13.44;E0_1_3900m;5.00;160;160;19.84;13.44
4200.00;4500.00;1872.00;14.71;E0_0_4000m;5.00;156;156;17.67;14.83
4200.00;4500.00;1920.00;15.11;E0_1_4000m;5.00;160;160;17.64;15.32
4200.00;4500.00;1776.00;25.18;E0_0_4100m;5.00;148;148;9.80;25.24
4200.00;4500.00;2016.00;25.67;E0_1_4100m;5.00;168;168;10.91;25.73
4200.00;4500.00;1800.00;27.36;E0_0_4200m;5.00;150;151;9.16;27.50
4200.00;4500.00;2004.00;28.72;E0_1_4200m;5.00;167;166;9.65;28.90
4200.00;4500.00;1812.00;27.44;E0_0_4300m;5.00;151;151;9.17;27.57
4200.00;4500.00;1980.00;28.91;E0_1_4300m;5.00;165;165;9.51;29.08
4200.00;4500.00;1788.00;27.26;E0_0_4400m;5.00;149;149;9.11;27.36
4200.00;4500.00;2016.00;28.68;E0_1_4400m;5.00;168;167;9.74;28.83
4200.00;4500.00;1824.00;27.13;E0_0_4500m;5.00;152;151;9.29;27.24
4200.00;4500.00;2004.00;28.48;E0_1_4500m;5.00;167;167;9.77;28.61
4200.00;4500.00;1800.00;27.00;E0_0_4600m;5.00;150;151;9.27;27.09
4200.00;4500.00;2040.00;28.16;E0_1_4600m;5.00;170;170;10.06;28.31
4200.00;4500.00;1788.00;26.78;E0_0_4700m;5.00;149;149;9.27;26.86
4200.00;4500.00;2064.00;27.94;E0_1_4700m;5.00;172;172;10.26;28.06
4200.00;4500.00;1776.00;26.58;E0_0_4800m;5.00;148;149;9.33;26.66
4200.00;4500.00;2076.00;27.71;E0_1_4800m;5.00;173;173;10.40;27.82
4200.00;4500.00;1776.00;26.28;E0_0_4900m;5.00;148;149;9.43;26.38
4200.00;4500.00;2076.00;27.44;E0_1_4900m;5.00;173;173;10.51;27.54
4200.00;4500.00;1800.00;26.06;E0_0_5000m;5.00;150;150;9.59;26.15
4200.00;4500.00;2100.00;27.27;E0_1_5000m;5.00;175;175;10.69;27.38
4500.00;4800.00;0.00;-1.00;E0_0_0m;-1.00;0;0;0.00;-1.00
4500.00;4800.00;0.00;-1.00;E0_1_0m;-1.00;0;0;0.00;-1.00
4500.00;4800.00;1740.00;25.26;E0_0_100m;5.00;145;146;9.63;25.39
4500.00;4800.00;2136.00;26.16;E0_1_100m;5.00;178;177;11.33;26.35
4500.00;4800.00;1764.00;26.30;E0_0_200m;5.00;147;147;9.32;26.43
4500.00;4800.00;2136.00;27.56;E0_1_200m;5.00;178;177;10.73;27.82
4500.00;4800.00;1752.00;26.86;E0_0_300m;5.00;146;146;9.06;26.97
4500.00;4800.00;2172.00;28.06;E0_1_300m;5.00;181;181;10.75;28.27
4500.00;4800.00;1800.00;27.00;E0_0_400m;5.00;150;150;9.26;27.10
4500.00;4800.00;2136.00;28.39;E0_1_400m;5.00;178;179;10.48;28.56
4500.00;4800.00;1836.00;27.02;E0_0_500m;5.00;153;153;9.44;27.14
4500.00;4800.00;2112.00;28.62;E0_1_500m;5.00;176;175;10.21;28.78
4500.00;4800.00;1848.00;26.99;E0_0_600m;5.00;154;154;9.51;27.11
4500.00;4800.00;2064.00;28.68;E0_1_600m;5.00;172;173;10.00;28.85
4500.00;4800.00;1860.00;26.91;E0_0_700m;5.00;155;155;9.60;27.01
4500.00;4800.00;2052.00;28.62;E0_1_700m;5.00;171;171;9.96;28.78
4500.00;4800.00;1812.00;26.71;E0_0_800m;5.00;151;151;9.42;26.80
4500.00;4800.00;2112.00;28.46;E0_1_800m;5.00;176;175;10.27;28.63
4500.00;4800.00;1788.00;26.54;E0_0_900m;5.00;149;149;9.36;26.62
4500.00;4800.00;2112.00;28.39;E0_1_900m;5.00;176;176;10.33;28.55
4500.00;4800.00;1812.00;26.36;E0_0_1000m;5.00;151;151;9.55;26.44
4500.00;4800.00;2100.00;28.29;E0_1_1000m;5.00;175;175;10.31;28.43
4500.00;4800.00;1812.00;26.39;E0_0_1100m;5.00;151;151;9.54;26.47
4500.00;4800.00;2112.00;28.15;E0_1_1100m;5.00;176;176;10.42;28.28
4500.00;4800.00;1776.00;26.37;E0_0_1200m;5.00;148;149;9.41;26.46
4500.00;4800.00;2148.00;28.17;E0_1_1200m;5.00;179;179;10.59;28.32
4500.00;4800.00;1752.00;26.26;E0_0_1300m;5.00;146;147;9.28;26.35
4500.00;4800.00;2160.00;28.17;E0_1_1300m;5.00;180;180;10.69;28.26
4500.00;4800.00;1764.00;26.12;E0_0_1400m;5.00;147;147;9.38;26.20
4500.00;4800.00;2184.00;28.11;E0_1_1400m;5.00;182;182;10.79;28.20
4500.00;4800.00;1752.00;26.01;E0_0_1500m;5.00;146;147;9.41;26.09
4500.00;4800.00;2196.00;28.06;E0_1_1500m;5.00;183;183;10.87;28.16
4500.00;4800.00;1716.00;26.00;E0_0_1600m;5.00;143;143;9.17;26.07
4500.00;4800.00;2196.00;27.94;E0_1_1600m;5.00;183;183;10.92;28.03
4500.00;4800.00;1716.00;25.95;E0_0_1700m;5.00;143;144;9.20;26.02
4500.00;4800.00;2196.00;27.87;E0_1_1700m;5.00;183;183;10.94;27.96
4500.00;4800.00;1752.00;25.92;E0_0_1800m;5.00;146;146;9.39;26.00
4500.00;4800.00;2184.00;27.76;E0_1_1800m;5.00;182;182;10.93;27.85
4500.00;4800.00;1740.00;25.87;E0_0_1900m;5.00;145;145;9.34;25.94
4500.00;4800.00;2196.00;27.59;E0_1_1900m;5.00;183;183;11.05;27.68
4500.00;4800.00;1728.00;25.61;E0_0_2000m;5.00;144;145;9.39;25.68
4500.00;4800.00;2196.00;27.21;E0_1_2000m;5.00;183;182;11.18;27.32
4500.00;4800.00;1728.00;24.77;E0_0_2100m;5.00;144;145;9.75;24.90
4500.00;4800.00;2196.00;26.21;E0_1_2100m;5.00;183;182;11.58;26.35
4500.00;4800.00;1704.00;23.01;E0_0_2200m;5.00;142;142;10.29;23.26
4500.00;4800.00;2196.00;24.06;E0_1_2200m;5.00;183;183;12.68;24.28
4500.00;4800.00;1704.00;20.97;E0_0_2300m;5.00;142;142;11.29;21.32
4500.00;4800.00;2220.00;21.47;E0_1_2300m;5.00;185;186;14.39;21.73
4500.00;4800.00;1740.00;18.80;E0_0_2400m;5.00;145;145;12.85;19.10
4500.00;4800.00;2220.00;19.17;E0_1_2400m;5.00;185;185;16.08;19.44
4500.00;4800.00;1740.00;17.45;E0_0_2500m;5.00;145;145;13.85;17.63
4500.00;4800.00;2220.00;17.14;E0_1_2500m;5.00;185;186;18.02;17.37
4500.00;4800.00;1800.00;16.89;E0_0_2600m;5.00;150;150;14.80;16.94
4500.00;4800.00;2208.00;15.91;E0_1_2600m;5.00;184;185;19.28;16.08
4500.00;4800.00;1836.00;16.59;E0_0_2700m;5.00;153;153;15.37;16.60
4500.00;4800.00;2208.00;15.14;E0_1_2700m;5.00;184;184;20.26;15.24
4500.00;4800.00;1884.00;16.45;E0_0_2800m;5.00;157;157;15.91;16.46
4500.00;4800.00;2172.00;14.50;E0_1_2800m;5.00;181;181;20.80;14.58
4500.00;4800.00;1932.00;15.65;E0_0_2900m;5.00;161;161;17.14;15.73
4500.00;4800.00;2136.00;13.92;E0_1_2900m;5.00;178;178;21.29;13.96
4500.00;4800.00;1944.00;13.79;E0_0_3000m;5.00;162;162;19.58;13.84
4500.00;4800.00;2124.00;13.47;E0_1_3000m;5.00;177;176;21.86;13.47
4500.00;4800.00;1944.00;13.52;E0_0_3100m;5.00;162;162;19.97;13.54
4500.00;4800.00;2124.00;13.42;E0_1_3100m;5.00;177;177;21.98;13.42
4500.00;4800.00;1968.00;13.52;E0_0_3200m;5.00;164;164;20.22;13.67
4500.00;4800.00;2124.00;13.41;E0_1_3200m;5.00;177;177;22.06;13.41
4500.00;4800.00;1980.00;13.43;E0_0_3300m;5.00;165;165;20.47;13.43
4500.00;4800.00;2112.00;13.42;E0_1_3300m;5.00;176;176;21.86;13.42
4500.00;4800.00;1980.00;13.41;E0_0_3400m;5.00;165;164;20.43;13.41
4500.00;4800.00;2100.00;13.41;E0_1_3400m;5.00;175;175;21.75;13.41
4500.00;4800.00;1968.00;13.41;E0_0_3500m;5.00;164;164;20.38;13.41
4500.00;4800.00;2112.00;13.41;E0_1_3500m;5.00;176;176;21.88;13.41
4500.00;4800.00;1992.00;13.41;E0_0_3600m;5.00;166;165;20.59;13.41
4500.00;4800.00;2100.00;13.40;E0_1_3600m;5.00;175;175;21.76;13.40
4500.00;4800.00;1992.00;13.41;E0_0_3700m;5.00;166;166;20.63;13.41
4500.00;4800.00;2112.00;13.39;E0_1_3700m;5.00;176;175;21.88;13.39
4500.00;4800.00;1980.00;13.41;E0_0_3800m;5.00;165;165;20.51;13.41
4500.00;4800.00;2100.00;13.38;E0_1_3800m;5.00;175;175;21.80;13.38
4500.00;4800.00;1980.00;13.42;E0_0_3900m;5.00;165;165;20.50;13.42
4500.00;4800.00;2088.00;13.37;E0_1_3900m;5.00;174;174;21.69;13.37
4500.00;4800.00;1968.00;14.69;E0_0_4000m;5.00;164;164;18.61;14.82
4500.00;4800.00;2076.00;15.14;E0_1_4000m;5.00;173;173;19.05;15.34
4500.00;4800.00;1944.00;24.99;E0_0_4100m;5.00;162;162;10.81;25.05
4500.00;4800.00;2088.00;25.83;E0_1_4100m;5.00;174;175;11.26;25.86
4500.00;4800.00;1932.00;26.79;E0_0_4200m;5.00;161;160;9.99;26.94
4500.00;4800.00;2100.00;28.83;E0_1_4200m;5.00;175;175;10.12;28.99
4500.00;4800.00;1884.00;26.70;E0_0_4300m;5.00;157;157;9.80;26.83
4500.00;4800.00;2160.00;28.86;E0_1_4300m;5.00;180;180;10.39;29.03
4500.00;4800.00;1848.00;26.55;E0_0_4400m;5.00;154;155;9.70;26.66
4500.00;4800.00;2172.00;28.59;E0_1_4400m;5.00;181;181;10.55;28.75
4500.00;4800.00;1824.00;26.50;E0_0_4500m;5.00;152;152;9.56;26.60
4500.00;4800.00;2184.00;28.41;E0_1_4500m;5.00;182;182;10.68;28.53
4500.00;4800.00;1812.00;26.45;E0_0_4600m;5.00;151;151;9.52;26.54
4500.00;4800.00;2184.00;28.32;E0_1_4600m;5.00;182;182;10.71;28.45
4500.00;4800.00;1836.00;26.34;E0_0_4700m;5.00;153;153;9.68;26.43
4500.00;4800.00;2160.00;28.37;E0_1_4700m;5.00;180;180;10.57;28.51
4500.00;4800.00;1800.00;26.32;E0_0_4800m;5.00;150;150;9.50;26.39
4500.00;4800.00;2184.00;28.37;E0_1_4800m;5.00;182;182;10.69;28.52
4500.00;4800.00;1824.00;26.32;E0_0_4900m;5.00;152;151;9.58;26.40
4500.00;4800.00;2172.00;28.44;E0_1_4900m;5.00;181;182;10.62;28.58
4500.00;4800.00;1812.00;26.31;E0_0_5000m;5.00;151;152;9.58;26.41
4500.00;4800.00;2160.00;28.52;E0_1_5000m;5.00;180;180;10.52;28.67
4800.00;5100.00;0.00;-1.00;E0_0_0m;-1.00;0;0;0.00;-1.00
4800.00;5100.00;0.00;-1.00;E0_1_0m;-1.00;0;0;0.00;-1.00
4800.00;5100.00;2064.00;24.81;E0_0_100m;5.00;172;171;11.49;25.06
4800.00;5100.00;2268.00;25.79;E0_1_100m;5.00;189;189;12.22;25.98
4800.00;5100.00;2064.00;25.07;E0_0_200m;5.00;172;172;11.43;25.28
4800.00;5100.00;2268.00;26.87;E0_1_200m;5.00;189;190;11.72;27.08
4800.00;5100.00;2052.00;25.03;E0_0_300m;5.00;171;171;11.39;25.19
4800.00;5100.00;2268.00;26.95;E0_1_300m;5.00;189;189;11.69;27.13
4800.00;5100.00;2016.00;25.07;E0_0_400m;5.00;168;169;11.20;25.23
4800.00;5100.00;2280.00;26.87;E0_1_400m;5.00;190;190;11.78;27.04
4800.00;5100.00;2028.00;25.01;E0_0_500m;5.00;169;169;11.26;25.16
4800.00;5100.00;2280.00;26.76;E0_1_500m;5.00;190;190;11.83;26.93
4800.00;5100.00;1980.00;25.08;E0_0_600m;5.00;165;165;10.97;25.22
4800.00;5100.00;2316.00;26.49;E0_1_600m;5.00;193;192;12.14;26.65
4800.00;5100.00;1968.00;24.97;E0_0_700m;5.00;164;164;10.95;25.10
4800.00;5100.00;2292.00;26.29;E0_1_700m;5.00;191;191;12.11;26.43
4800.00;5100.00;1968.00;24.94;E0_0_800m;5.00;164;164;10.96;25.09
4800.00;5100.00;2292.00;26.26;E0_1_800m;5.00;191;191;12.12;26.41
4800.00;5100.00;2004.00;24.88;E0_0_900m;5.00;167;167;11.19;25.05
4800.00;5100.00;2268.00;26.29;E0_1_900m;5.00;189;189;11.98;26.46
4800.00;5100.00;2016.00;24.80;E0_0_1000m;5.00;168;168;11.29;24.97
4800.00;5100.00;2256.00;26.20;E0_1_1000m;5.00;188;188;11.96;26.37
4800.00;5100.00;2004.00;24.99;E0_0_1100m;5.00;167;167;11.14;25.15
4800.00;5100.00;2232.00;26.03;E0_1_1100m;5.00;186;187;11.92;26.21
4800.00;5100.00;2004.00;25.03;E0_0_1200m;5.00;167;167;11.12;25.16
4800.00;5100.00;2232.00;26.03;E0_1_1200m;5.00;186;186;11.91;26.23
4800.00;5100.00;2028.00;25.08;E0_0_1300m;5.00;169;168;11.21;25.21
4800.00;5100.00;2220.00;26.00;E0_1_1300m;5.00;185;184;11.81;26.21
4800.00;5100.00;2004.00;25.07;E0_0_1400m;5.00;167;168;11.15;25.20
4800.00;5100.00;2220.00;25.96;E0_1_1400m;5.00;185;185;11.88;26.18
4800.00;5100.00;2016.00;25.16;E0_0_1500m;5.00;168;168;11.13;25.29
4800.00;5100.00;2220.00;25.94;E0_1_1500m;5.00;185;185;11.89;26.16
4800.00;5100.00;2028.00;25.23;E0_0_1600m;5.00;169;170;11.19;25.35
4800.00;5100.00;2208.00;25.92;E0_1_1600m;5.00;184;184;11.83;26.15
4800.00;5100.00;2004.00;25.13;E0_0_1700m;5.00;167;166;11.06;25.25
4800.00;5100.00;2232.00;25.91;E0_1_1700m;5.00;186;186;11.96;26.14
4800.00;5100.00;1956.00;24.92;E0_0_1800m;5.00;163;163;10.90;25.04
4800.00;5100.00;2268.00;25.87;E0_1_1800m;5.00;189;189;12.18;26.10
4800.00;5100.00;1980.00;24.66;E0_0_1900m;5.00;165;165;11.15;24.80
4800.00;5100.00;2244.00;25.67;E0_1_1900m;5.00;187;187;12.14;25.89
4800.00;5100.00;1956.00;24.05;E0_0_2000m;5.00;163;162;11.28;24.28
4800.00;5100.00;2256.00;25.13;E0_1_2000m;5.00;188;188;12.47;25.36
4800.00;5100.00;1968.00;23.41;E0_0_2100m;5.00;164;163;11.61;23.73
4800.00;5100.00;2244.00;24.47;E0_1_2100m;5.00;187;187;12.74;24.77
4800.00;5100.00;1956.00;22.95;E0_0_2200m;5.00;163;163;11.84;23.34
4800.00;5100.00;2256.00;23.69;E0_1_2200m;5.00;188;188;13.23;24.11
4800.00;5100.00;1920.00;22.17;E0_0_2300m;5.00;160;160;12.03;22.64
4800.00;5100.00;2304.00;22.87;E0_1_2300m;5.00;192;191;13.97;23.43
4800.00;5100.00;1944.00;21.11;E0_0_2400m;5.00;162;162;12.79;21.54
4800.00;5100.00;2256.00;21.59;E0_1_2400m;5.00;188;188;14.52;22.19
4800.00;5100.00;1944.00;19.45;E0_0_2500m;5.00;162;162;13.88;19.76
4800.00;5100.00;2232.00;19.75;E0_1_2500m;5.00;186;185;15.66;20.28
4800.00;5100.00;1944.00;17.68;E0_0_2600m;5.00;162;162;15.27;17.88
4800.00;5100.00;2196.00;17.51;E0_1_2600m;5.00;183;183;17.49;17.91
4800.00;5100.00;1920.00;16.81;E0_0_2700m;5.00;160;160;15.87;16.87
4800.00;5100.00;2184.00;15.64;E0_1_2700m;5.00;182;182;19.39;15.86
4800.00;5100.00;1908.00;16.33;E0_0_2800m;5.00;159;160;16.26;16.35
4800.00;5100.00;2160.00;14.47;E0_1_2800m;5.00;180;181;20.84;14.55
4800.00;5100.00;1896.00;15.76;E0_0_2900m;5.00;158;158;16.70;15.82
4800.00;5100.00;2160.00;13.78;E0_1_2900m;5.00;180;179;21.76;13.80
4800.00;5100.00;1896.00;13.88;E0_0_3000m;5.00;158;158;18.98;13.93
4800.00;5100.00;2136.00;13.45;E0_1_3000m;5.00;178;179;22.17;13.45
4800.00;5100.00;1896.00;13.51;E0_0_3100m;5.00;158;159;19.56;13.53
4800.00;5100.00;2112.00;13.45;E0_1_3100m;5.00;176;176;21.81;13.46
4800.00;5100.00;1908.00;13.44;E0_0_3200m;5.00;159;159;19.72;13.44
4800.00;5100.00;2088.00;13.46;E0_1_3200m;5.00;174;174;21.55;13.47
4800.00;5100.00;1908.00;13.42;E0_0_3300m;5.00;159;159;19.75;13.42
4800.00;5100.00;2076.00;13.42;E0_1_3300m;5.00;173;173;21.48;13.42
4800.00;5100.00;1896.00;13.41;E0_0_3400m;5.00;158;158;19.64;13.41
4800.00;5100.00;2088.00;13.41;E0_1_3400m;5.00;174;174;21.63;13.41
4800.00;5100.00;1896.00;13.41;E0_0_3500m;5.00;158;158;19.64;13.41
4800.00;5100.00;2076.00;13.41;E0_1_3500m;5.00;173;173;21.51;13.41
4800.00;5100.00;1872.00;13.41;E0_0_3600m;5.00;156;157;19.41;13.41
4800.00;5100.00;2088.00;13.41;E0_1_3600m;5.00;174;174;21.63;13.41
4800.00;5100.00;1872.00;13.41;E0_0_3700m;5.00;156;156;19.38;13.41
4800.00;5100.00;2076.00;13.41;E0_1_3700m;5.00;173;173;21.51;13.41
4800.00;5100.00;1872.00;13.41;E0_0_3800m;5.00;156;156;19.39;13.41
4800.00;5100.00;2088.00;13.40;E0_1_3800m;5.00;174;174;21.63;13.40
4800.00;5100.00;1872.00;13.38;E0_0_3900m;5.00;156;156;19.44;13.38
4800.00;5100.00;2064.00;13.42;E0_1_3900m;5.00;172;172;21.36;13.42
4800.00;5100.00;1860.00;14.74;E0_0_4000m;5.00;155;155;17.52;14.88
4800.00;5100.00;2076.00;15.25;E0_1_4000m;5.00;173;173;18.91;15.48
4800.00;5100.00;1884.00;25.24;E0_0_4100m;5.00;157;157;10.37;25.29
4800.00;5100.00;2088.00;25.75;E0_1_4100m;5.00;174;173;11.23;25.78
4800.00;5100.00;1884.00;27.30;E0_0_4200m;5.00;157;157;9.58;27.43
4800.00;5100.00;2076.00;28.75;E0_1_4200m;5.00;173;173;10.03;28.93
4800.00;5100.00;1872.00;27.46;E0_0_4300m;5.00;156;157;9.49;27.56
4800.00;5100.00;2088.00;29.03;E0_1_4300m;5.00;174;175;10.02;29.24
4800.00;5100.00;1848.00;27.48;E0_0_4400m;5.00;154;153;9.30;27.59
4800.00;5100.00;2124.00;29.01;E0_1_4400m;5.00;177;177;10.17;29.17
4800.00;5100.00;1884.00;27.39;E0_0_4500m;5.00;157;157;9.55;27.49
4800.00;5100.00;2076.00;28.94;E0_1_4500m;5.00;173;173;9.96;29.09
4800.00;5100.00;1884.00;27.28;E0_0_4600m;5.00;157;157;9.59;27.37
4800.00;5100.00;2076.00;28.76;E0_1_4600m;5.00;173;173;10.03;28.90
4800.00;5100.00;1860.00;27.25;E0_0_4700m;5.00;155;156;9.53;27.33
4800.00;5100.00;2076.00;28.70;E0_1_4700m;5.00;173;173;10.05;28.85
4800.00;5100.00;1860.00;27.17;E0_0_4800m;5.00;155;155;9.51;27.25
4800.00;5100.00;2124.00;28.60;E0_1_4800m;5.00;177;177;10.31;28.73
4800.00;5100.00;1860.00;27.07;E0_0_4900m;5.00;155;155;9.54;27.15
4800.00;5100.00;2124.00;28.58;E0_1_4900m;5.00;177;176;10.31;28.71
4800.00;5100.00;1872.00;26.95;E0_0_5000m;5.00;156;155;9.63;27.02
4800.00;5100.00;2112.00;28.59;E0_1_5000m;5.00;176;177;10.29;28.72
5100.00;5400.00;0.00;-1.00;E0_0_0m;-1.00;0;0;0.00;-1.00
5100.00;5400.00;0.00;-1.00;E0_1_0m;-1.00;0;0;0.00;-1.00
5100.00;5400.00;1656.00;25.85;E0_0_100m;5.00;138;138;8.90;26.00
5100.00;5400.00;2340.00;26.27;E0_1_100m;5.00;195;195;12.37;26.39
5100.00;5400.00;1668.00;26.71;E0_0_200m;5.00;139;139;8.67;26.85
5100.00;5400.00;2304.00;27.67;E0_1_200m;5.00;192;192;11.57;27.84
5100.00;5400.00;1692.00;26.71;E0_0_300m;5.00;141;141;8.80;26.84
5100.00;5400.00;2280.00;27.87;E0_1_300m;5.00;190;191;11.42;28.03
5100.00;5400.00;1704.00;26.62;E0_0_400m;5.00;142;142;8.89;26.75
5100.00;5400.00;2292.00;27.92;E0_1_400m;5.00;191;191;11.40;28.06
5100.00;5400.00;1704.00;26.60;E0_0_500m;5.00;142;142;8.90;26.74
5100.00;5400.00;2268.00;27.93;E0_1_500m;5.00;189;190;11.30;28.07
5100.00;5400.00;1704.00;26.27;E0_0_600m;5.00;142;143;9.04;26.45
5100.00;5400.00;2280.00;28.03;E0_1_600m;5.00;190;190;11.30;28.16
5100.00;5400.00;1728.00;26.14;E0_0_700m;5.00;144;144;9.18;26.33
5100.00;5400.00;2292.00;28.18;E0_1_700m;5.00;191;191;11.30;28.29
5100.00;5400.00;1788.00;25.96;E0_0_800m;5.00;149;149;9.57;26.15
5100.00;5400.00;2244.00;28.26;E0_1_800m;5.00;187;187;11.03;28.34
5100.00;5400.00;1788.00;25.81;E0_0_900m;5.00;149;149;9.62;25.99
5100.00;5400.00;2256.00;28.06;E0_1_900m;5.00;188;188;11.17;28.13
5100.00;5400.00;1800.00;25.62;E0_0_1000m;5.00;150;150;9.76;25.81
5100.00;5400.00;2244.00;28.00;E0_1_1000m;5.00;187;187;11.13;28.07
5100.00;5400.00;1848.00;25.40;E0_0_1100m;5.00;154;154;10.10;25.60
5100.00;5400.00;2256.00;27.97;E0_1_1100m;5.00;188;187;11.19;28.05
5100.00;5400.00;1896.00;25.28;E0_0_1200m;5.00;158;158;10.42;25.48
5100.00;5400.00;2244.00;27.97;E0_1_1200m;5.00;187;187;11.14;28.05
5100.00;5400.00;1848.00;25.27;E0_0_1300m;5.00;154;154;10.16;25.46
5100.00;5400.00;2268.00;27.86;E0_1_1300m;5.00;189;189;11.30;27.94
5100.00;5400.00;1824.00;25.35;E0_0_1400m;5.00;152;152;9.99;25.51
5100.00;5400.00;2280.00;27.74;E0_1_1400m;5.00;190;190;11.42;27.82
5100.00;5400.00;1788.00;25.30;E0_0_1500m;5.00;149;149;9.82;25.44
5100.00;5400.00;2280.00;27.65;E0_1_1500m;5.00;190;190;11.45;27.74
5100.00;5400.00;1800.00;25.11;E0_0_1600m;5.00;150;150;9.95;25.26
5100.00;5400.00;2268.00;27.63;E0_1_1600m;5.00;189;189;11.40;27.71
5100.00;5400.00;1836.00;24.73;E0_0_1700m;5.00;153;153;10.31;24.87
5100.00;5400.00;2280.00;27.39;E0_1_1700m;5.00;190;190;11.56;27.47
5100.00;5400.00;1860.00;24.06;E0_0_1800m;5.00;155;156;10.76;24.19
5100.00;5400.00;2316.00;26.70;E0_1_1800m;5.00;193;193;12.05;26.82
5100.00;5400.00;1848.00;23.14;E0_0_1900m;5.00;154;154;11.09;23.31
5100.00;5400.00;2316.00;25.68;E0_1_1900m;5.00;193;193;12.53;25.86
5100.00;5400.00;1848.00;21.99;E0_0_2000m;5.00;154;155;11.68;22.17
5100.00;5400.00;2316.00;24.05;E0_1_2000m;5.00;193;193;13.37;24.32
5100.00;5400.00;1860.00;20.68;E0_0_2100m;5.00;155;155;12.49;20.89
5100.00;5400.00;2304.00;22.30;E0_1_2100m;5.00;192;192;14.35;22.64
5100.00;5400.00;1872.00;19.22;E0_0_2200m;5.00;156;156;13.53;19.43
5100.00;5400.00;2268.00;20.36;E0_1_2200m;5.00;189;190;15.53;20.63
5100.00;5400.00;1836.00;17.99;E0_0_2300m;5.00;153;153;14.17;18.20
5100.00;5400.00;2256.00;18.49;E0_1_2300m;5.00;188;188;16.94;18.74
5100.00;5400.00;1860.00;17.28;E0_0_2400m;5.00;155;155;14.95;17.43
5100.00;5400.00;2220.00;16.76;E0_1_2400m;5.00;185;185;18.39;17.04
5100.00;5400.00;1908.00;16.72;E0_0_2500m;5.00;159;159;15.85;16.80
5100.00;5400.00;2172.00;15.56;E0_1_2500m;5.00;181;181;19.39;15.78
5100.00;5400.00;1908.00;16.52;E0_0_2600m;5.00;159;159;16.04;16.53
5100.00;5400.00;2160.00;14.49;E0_1_2600m;5.00;180;180;20.71;14.56
5100.00;5400.00;1896.00;16.41;E0_0_2700m;5.00;158;158;16.05;16.41
5100.00;5400.00;2160.00;13.89;E0_1_2700m;5.00;180;181;21.61;13.90
5100.00;5400.00;1908.00;16.03;E0_0_2800m;5.00;159;158;16.51;16.07
5100.00;5400.00;2172.00;13.68;E0_1_2800m;5.00;181;180;21.95;13.69
5100.00;5400.00;1920.00;15.32;E0_0_2900m;5.00;160;160;17.40;15.42
5100.00;5400.00;2148.00;13.58;E0_1_2900m;5.00;179;179;21.96;13.61
5100.00;5400.00;1920.00;13.93;E0_0_3000m;5.00;160;160;19.14;14.00
5100.00;5400.00;2160.00;13.41;E0_1_3000m;5.00;180;179;22.26;13.41
5100.00;5400.00;1944.00;13.55;E0_0_3100m;5.00;162;161;19.85;13.56
5100.00;5400.00;2136.00;13.41;E0_1_3100m;5.00;178;179;22.20;13.41
5100.00;5400.00;1944.00;13.45;E0_0_3200m;5.00;162;163;20.11;13.45
5100.00;5400.00;2124.00;13.41;E0_1_3200m;5.00;177;177;22.00;13.41
5100.00;5400.00;1956.00;13.42;E0_0_3300m;5.00;163;163;20.25;13.42
5100.00;5400.00;2124.00;13.41;E0_1_3300m;5.00;177;178;22.10;13.41
5100.00;5400.00;1968.00;13.41;E0_0_3400m;5.00;164;164;20.38;13.41
5100.00;5400.00;2136.00;13.41;E0_1_3400m;5.00;178;178;22.13;13.41
5100.00;5400.00;1956.00;13.41;E0_0_3500m;5.00;163;164;20.26;13.41
5100.00;5400.00;2148.00;13.41;E0_1_3500m;5.00;179;179;22.25;13.41
5100.00;5400.00;1992.00;13.41;E0_0_3600m;5.00;166;165;20.61;13.41
5100.00;5400.00;2148.00;13.41;E0_1_3600m;5.00;179;179;22.25;13.41
5100.00;5400.00;2004.00;13.41;E0_0_3700m;5.00;167;167;20.76;13.41
5100.00;5400.00;2148.00;13.41;E0_1_3700m;5.00;179;179;22.25;13.41
5100.00;5400.00;2004.00;13.41;E0_0_3800m;5.00;167;167;20.76;13.41
5100.00;5400.00;2148.00;13.41;E0_1_3800m;5.00;179;179;22.25;13.41
5100.00;5400.00;2028.00;13.41;E0_0_3900m;5.00;169;169;21.00;13.41
5100.00;5400.00;2148.00;13.42;E0_1_3900m;5.00;179;179;22.22;13.43
5100.00;5400.00;2052.00;14.83;E0_0_4000m;5.00;171;171;19.22;14.96
5100.00;5400.00;2124.00;14.90;E0_1_4000m;5.00;177;178;19.82;15.11
5100.00;5400.00;2004.00;25.10;E0_0_4100m;5.00;167;168;11.09;25.17
5100.00;5400.00;2160.00;25.81;E0_1_4100m;5.00;180;180;11.62;25.88
5100.00;5400.00;2028.00;26.94;E0_0_4200m;5.00;169;169;10.45;27.16
5100.00;5400.00;2148.00;28.96;E0_1_4200m;5.00;179;179;10.30;29.15
5100.00;5400.00;2004.00;26.72;E0_0_4300m;5.00;167;167;10.42;26.93
5100.00;5400.00;2160.00;28.92;E0_1_4300m;5.00;180;180;10.37;29.12
5100.00;5400.00;2052.00;26.43;E0_0_4400m;5.00;171;172;10.78;26.65
5100.00;5400.00;2148.00;28.47;E0_1_4400m;5.00;179;179;10.48;28.71
5100.00;5400.00;2064.00;26.08;E0_0_4500m;5.00;172;172;10.99;26.29
5100.00;5400.00;2160.00;28.23;E0_1_4500m;5.00;180;180;10.63;28.44
5100.00;5400.00;2076.00;25.61;E0_0_4600m;5.00;173;173;11.26;25.79
5100.00;5400.00;2160.00;27.98;E0_1_4600m;5.00;180;181;10.76;28.19
5100.00;5400.00;2052.00;25.15;E0_0_4700m;5.00;171;171;11.33;25.32
5100.00;5400.00;2208.00;27.75;E0_1_4700m;5.00;184;184;11.05;27.95
5100.00;5400.00;2016.00;24.85;E0_0_4800m;5.00;168;168;11.27;25.02
5100.00;5400.00;2220.00;27.56;E0_1_4800m;5.00;185;185;11.19;27.76
5100.00;5400.00;2004.00;24.70;E0_0_4900m;5.00;167;167;11.27;24.86
5100.00;5400.00;2232.00;27.31;E0_1_4900m;5.00;186;186;11.35;27.51
5100.00;5400.00;2004.00;24.66;E0_0_5000m;5.00;167;167;11.29;24.82
5100.00;5400.00;2244.00;27.03;E0_1_5000m;5.00;187;186;11.51;27.20
5400.00;5700.00;0.00;-1.00;E0_0_0m;-1.00;0;0;0.00;-1.00
5400.00;5700.00;0.00;-1.00;E0_1_0m;-1.00;0;0;0.00;-1.00
5400.00;5700.00;1752.00;25.77;E0_0_100m;5.00;146;146;9.44;25.92
5400.00;5700.00;2004.00;27.41;E0_1_100m;5.00;167;167;10.15;27.53
5400.00;5700.00;1776.00;26.64;E0_0_200m;5.00;148;148;9.26;26.79
5400.00;5700.00;2016.00;28.93;E0_1_200m;5.00;168;168;9.68;29.15
5400.00;5700.00;1728.00;26.83;E0_0_300m;5.00;144;144;8.95;26.97
5400.00;5700.00;2052.00;29.00;E0_1_300m;5.00;171;170;9.77;29.25
5400.00;5700.00;1704.00;26.75;E0_0_400m;5.00;142;141;8.81;26.88
5400.00;5700.00;2088.00;28.91;E0_1_400m;5.00;174;175;10.03;29.17
5400.00;5700.00;1704.00;26.59;E0_0_500m;5.00;142;142;8.90;26.71
5400.00;5700.00;2100.00;28.75;E0_1_500m;5.00;175;174;10.12;28.97
5400.00;5700.00;1692.00;26.39;E0_0_600m;5.00;141;141;8.90;26.50
5400.00;5700.00;2124.00;28.50;E0_1_600m;5.00;177;177;10.35;28.69
5400.00;5700.00;1680.00;26.34;E0_0_700m;5.00;140;140;8.86;26.45
5400.00;5700.00;2124.00;28.36;E0_1_700m;5.00;177;177;10.40;28.55
5400.00;5700.00;1692.00;26.41;E0_0_800m;5.00;141;141;8.90;26.52
5400.00;5700.00;2136.00;28.29;E0_1_800m;5.00;178;178;10.49;28.46
5400.00;5700.00;1668.00;26.37;E0_0_900m;5.00;139;140;8.85;26.46
5400.00;5700.00;2160.00;28.18;E0_1_900m;5.00;180;180;10.65;28.34
5400.00;5700.00;1668.00;26.22;E0_0_1000m;5.00;139;139;8.84;26.30
5400.00;5700.00;2172.00;27.91;E0_1_1000m;5.00;181;181;10.81;28.05
5400.00;5700.00;1656.00;26.25;E0_0_1100m;5.00;138;138;8.76;26.35
5400.00;5700.00;2160.00;27.83;E0_1_1100m;5.00;180;181;10.79;27.96
5400.00;5700.00;1620.00;26.29;E0_0_1200m;5.00;135;137;8.63;26.35
5400.00;5700.00;2160.00;27.91;E0_1_1200m;5.00;180;180;10.75;28.05
5400.00;5700.00;1644.00;26.14;E0_0_1300m;5.00;137;137;8.73;26.21
5400.00;5700.00;2172.00;27.84;E0_1_1300m;5.00;181;181;10.84;27.96
5400.00;5700.00;1656.00;25.99;E0_0_1400m;5.00;138;138;8.85;26.07
5400.00;5700.00;2172.00;27.61;E0_1_1400m;5.00;181;181;10.93;27.70
5400.00;5700.00;1692.00;25.90;E0_0_1500m;5.00;141;142;9.13;25.98
5400.00;5700.00;2172.00;27.45;E0_1_1500m;5.00;181;181;10.99;27.52
5400.00;5700.00;1692.00;25.66;E0_0_1600m;5.00;141;140;9.14;25.74
5400.00;5700.00;2172.00;27.30;E0_1_1600m;5.00;181;182;11.09;27.38
5400.00;5700.00;1644.00;25.58;E0_0_1700m;5.00;137;138;8.96;25.65
5400.00;5700.00;2172.00;27.16;E0_1_1700m;5.00;181;181;11.11;27.24
5400.00;5700.00;1608.00;25.46;E0_0_1800m;5.00;134;134;8.77;25.55
5400.00;5700.00;2148.00;27.11;E0_1_1800m;5.00;179;179;11.01;27.19
5400.00;5700.00;1620.00;25.29;E0_0_1900m;5.00;135;135;8.90;25.37
5400.00;5700.00;2136.00;27.11;E0_1_1900m;5.00;178;179;10.96;27.19
5400.00;5700.00;1632.00;25.09;E0_0_2000m;5.00;136;135;9.03;25.22
5400.00;5700.00;2124.00;27.00;E0_1_2000m;5.00;177;177;10.93;27.14
5400.00;5700.00;1692.00;24.49;E0_0_2100m;5.00;141;141;9.60;24.70
5400.00;5700.00;2124.00;26.50;E0_1_2100m;5.00;177;177;11.13;26.77
5400.00;5700.00;1716.00;23.57;E0_0_2200m;5.00;143;143;10.11;23.93
5400.00;5700.00;2148.00;25.33;E0_1_2200m;5.00;179;178;11.72;25.83
5400.00;5700.00;1740.00;22.35;E0_0_2300m;5.00;145;145;10.81;22.87
5400.00;5700.00;2136.00;23.82;E0_1_2300m;5.00;178;178;12.46;24.47
5400.00;5700.00;1788.00;20.79;E0_0_2400m;5.00;149;149;11.94;21.42
5400.00;5700.00;2124.00;21.60;E0_1_2400m;5.00;177;177;13.66;22.42
5400.00;5700.00;1824.00;19.04;E0_0_2500m;5.00;152;152;13.30;19.59
5400.00;5700.00;2136.00;19.30;E0_1_2500m;5.00;178;178;15.37;20.14
5400.00;5700.00;1848.00;17.73;E0_0_2600m;5.00;154;154;14.48;18.06
5400.00;5700.00;2172.00;17.22;E0_1_2600m;5.00;181;180;17.43;17.84
5400.00;5700.00;1884.00;16.47;E0_0_2700m;5.00;157;157;15.88;16.63
5400.00;5700.00;2172.00;15.57;E0_1_2700m;5.00;181;180;19.36;15.88
5400.00;5700.00;1932.00;15.70;E0_0_2800m;5.00;161;161;17.09;15.78
5400.00;5700.00;2148.00;14.38;E0_1_2800m;5.00;179;179;20.74;14.45
5400.00;5700.00;1944.00;15.04;E0_0_2900m;5.00;162;162;17.95;15.15
5400.00;5700.00;2160.00;13.68;E0_1_2900m;5.00;180;180;21.93;13.68
5400.00;5700.00;1944.00;13.72;E0_0_3000m;5.00;162;162;19.67;13.76
5400.00;5700.00;2160.00;13.43;E0_1_3000m;5.00;180;180;22.34;13.43
5400.00;5700.00;1968.00;13.46;E0_0_3100m;5.00;164;164;20.31;13.46
5400.00;5700.00;2148.00;13.41;E0_1_3100m;5.00;179;178;22.17;13.41
5400.00;5700.00;1980.00;13.42;E0_0_3200m;5.00;165;165;20.49;13.42
5400.00;5700.00;2160.00;13.41;E0_1_3200m;5.00;180;180;22.37;13.41
5400.00;5700.00;1980.00;13.41;E0_0_3300m;5.00;165;165;20.51;13.41
5400.00;5700.00;2160.00;13.40;E0_1_3300m;5.00;180;180;22.30;13.40
5400.00;5700.00;1968.00;13.39;E0_0_3400m;5.00;164;164;20.42;13.39
5400.00;5700.00;2148.00;13.41;E0_1_3400m;5.00;179;179;22.25;13.41
5400.00;5700.00;2004.00;13.41;E0_0_3500m;5.00;167;166;20.75;13.41
5400.00;5700.00;2112.00;13.40;E0_1_3500m;5.00;176;176;21.88;13.40
5400.00;5700.00;1992.00;13.41;E0_0_3600m;5.00;166;166;20.63;13.41
5400.00;5700.00;2112.00;13.40;E0_1_3600m;5.00;176;176;21.88;13.40
5400.00;5700.00;1968.00;13.41;E0_0_3700m;5.00;164;165;20.50;13.41
5400.00;5700.00;2124.00;13.40;E0_1_3700m;5.00;177;177;22.01;13.40
5400.00;5700.00;1968.00;13.41;E0_0_3800m;5.00;164;164;20.39;13.41
5400.00;5700.00;2124.00;13.39;E0_1_3800m;5.00;177;177;22.03;13.39
5400.00;5700.00;1956.00;13.41;E0_0_3900m;5.00;163;163;20.26;13.41
5400.00;5700.00;2124.00;13.39;E0_1_3900m;5.00;177;178;22.09;13.39
5400.00;5700.00;2004.00;14.76;E0_0_4000m;5.00;167;167;18.86;14.90
5400.00;5700.00;2100.00;14.99;E0_1_4000m;5.00;175;176;19.47;15.19
5400.00;5700.00;2016.00;25.14;E0_0_4100m;5.00;168;168;11.14;25.21
5400.00;5700.00;2064.00;25.80;E0_1_4100m;5.00;172;172;11.11;25.83
5400.00;5700.00;2004.00;26.73;E0_0_4200m;5.00;167;167;10.41;26.88
5400.00;5700.00;2088.00;28.87;E0_1_4200m;5.00;174;174;10.04;29.03
5400.00;5700.00;1968.00;26.64;E0_0_4300m;5.00;164;164;10.26;26.78
5400.00;5700.00;2136.00;28.94;E0_1_4300m;5.00;178;178;10.25;29.10
5400.00;5700.00;1956.00;26.51;E0_0_4400m;5.00;163;163;10.25;26.64
5400.00;5700.00;2112.00;28.84;E0_1_4400m;5.00;176;177;10.18;29.00
5400.00;5700.00;1956.00;26.43;E0_0_4500m;5.00;163;163;10.28;26.57
5400.00;5700.00;2100.00;28.66;E0_1_4500m;5.00;175;175;10.18;28.81
5400.00;5700.00;1956.00;26.35;E0_0_4600m;5.00;163;163;10.31;26.50
5400.00;5700.00;2088.00;28.47;E0_1_4600m;5.00;174;174;10.18;28.61
5400.00;5700.00;1968.00;26.22;E0_0_4700m;5.00;164;165;10.47;26.36
5400.00;5700.00;2088.00;28.31;E0_1_4700m;5.00;174;174;10.24;28.45
5400.00;5700.00;1932.00;26.12;E0_0_4800m;5.00;161;162;10.32;26.25
5400.00;5700.00;2124.00;28.19;E0_1_4800m;5.00;177;177;10.46;28.33
5400.00;5700.00;1968.00;25.90;E0_0_4900m;5.00;164;164;10.55;26.04
5400.00;5700.00;2100.00;28.15;E0_1_4900m;5.00;175;176;10.39;28.27
5400.00;5700.00;1992.00;25.77;E0_0_5000m;5.00;166;166;10.74;25.94
5400.00;5700.00;2100.00;28.14;E0_1_5000m;5.00;175;175;10.36;28.25
5700.00;6000.00;0.00;-1.00;E0_0_0m;-1.00;0;0;0.00;-1.00
5700.00;6000.00;0.00;-1.00;E0_1_0m;-1.00;0;0;0.00;-1.00
5700.00;6000.00;1704.00;25.45;E0_0_100m;5.00;142;143;9.33;25.71
5700.00;6000.00;2196.00;26.38;E0_1_100m;5.00;183;183;11.56;26.53
5700.00;6000.00;1680.00;25.92;E0_0_200m;5.00;140;142;9.07;26.26
5700.00;6000.00;2184.00;27.31;E0_1_200m;5.00;182;182;11.11;27.48
5700.00;6000.00;1668.00;26.02;E0_0_300m;5.00;139;140;8.90;26.36
5700.00;6000.00;2208.00;27.61;E0_1_300m;5.00;184;184;11.11;27.75
5700.00;6000.00;1668.00;26.12;E0_0_400m;5.00;139;140;8.92;26.47
5700.00;6000.00;2196.00;27.72;E0_1_400m;5.00;183;182;11.00;27.84
5700.00;6000.00;1680.00;26.22;E0_0_500m;5.00;140;140;8.90;26.56
5700.00;6000.00;2184.00;27.80;E0_1_500m;5.00;182;183;10.96;27.90
5700.00;6000.00;1692.00;26.47;E0_0_600m;5.00;141;141;8.88;26.71
5700.00;6000.00;2160.00;27.84;E0_1_600m;5.00;180;180;10.78;27.92
5700.00;6000.00;1692.00;26.62;E0_0_700m;5.00;141;141;8.83;26.80
5700.00;6000.00;2136.00;27.83;E0_1_700m;5.00;178;178;10.66;27.92
5700.00;6000.00;1632.00;26.84;E0_0_800m;5.00;136;137;8.47;26.93
5700.00;6000.00;2136.00;27.85;E0_1_800m;5.00;178;178;10.65;27.92
5700.00;6000.00;1644.00;26.79;E0_0_900m;5.00;137;136;8.45;26.87
5700.00;6000.00;2112.00;27.81;E0_1_900m;5.00;176;176;10.55;27.89
5700.00;6000.00;1656.00;26.70;E0_0_1000m;5.00;138;138;8.61;26.80
5700.00;6000.00;2112.00;27.85;E0_1_1000m;5.00;176;176;10.53;27.94
5700.00;6000.00;1632.00;26.66;E0_0_1100m;5.00;136;136;8.50;26.75
5700.00;6000.00;2136.00;27.83;E0_1_1100m;5.00;178;178;10.66;27.92
5700.00;6000.00;1644.00;26.53;E0_0_1200m;5.00;137;136;8.58;26.63
5700.00;6000.00;2136.00;27.82;E0_1_1200m;5.00;178;178;10.67;27.90
5700.00;6000.00;1656.00;26.44;E0_0_1300m;5.00;138;138;8.70;26.54
5700.00;6000.00;2088.00;27.79;E0_1_1300m;5.00;174;174;10.44;27.86
5700.00;6000.00;1632.00;26.41;E0_0_1400m;5.00;136;136;8.58;26.53
5700.00;6000.00;2088.00;27.77;E0_1_1400m;5.00;174;174;10.44;27.84
5700.00;6000.00;1632.00;26.41;E0_0_1500m;5.00;136;135;8.52;26.52
5700.00;6000.00;2100.00;27.81;E0_1_1500m;5.00;175;175;10.49;27.87
5700.00;6000.00;1608.00;26.41;E0_0_1600m;5.00;134;134;8.46;26.52
5700.00;6000.00;2136.00;27.83;E0_1_1600m;5.00;178;177;10.62;27.89
5700.00;6000.00;1620.00;26.35;E0_0_1700m;5.00;135;135;8.54;26.46
5700.00;6000.00;2136.00;27.92;E0_1_1700m;5.00;178;178;10.62;28.00
5700.00;6000.00;1620.00;26.32;E0_0_1800m;5.00;135;135;8.55;26.42
5700.00;6000.00;2136.00;27.88;E0_1_1800m;5.00;178;178;10.64;27.96
5700.00;6000.00;1584.00;26.22;E0_0_1900m;5.00;132;132;8.39;26.30
5700.00;6000.00;2172.00;27.88;E0_1_1900m;5.00;181;181;10.82;27.97
5700.00;6000.00;1644.00;26.31;E0_0_2000m;5.00;137;137;8.68;26.39
5700.00;6000.00;2112.00;27.91;E0_1_2000m;5.00;176;178;10.56;28.01
5700.00;6000.00;1620.00;26.37;E0_0_2100m;5.00;135;135;8.53;26.44
5700.00;6000.00;2100.00;27.84;E0_1_2100m;5.00;175;175;10.48;27.93
5700.00;6000.00;1620.00;26.34;E0_0_2200m;5.00;135;135;8.54;26.41
5700.00;6000.00;2112.00;27.68;E0_1_2200m;5.00;176;176;10.60;27.76
5700.00;6000.00;1656.00;26.13;E0_0_2300m;5.00;138;138;8.80;26.27
5700.00;6000.00;2148.00;27.37;E0_1_2300m;5.00;179;180;10.94;27.48
5700.00;6000.00;1644.00;25.81;E0_0_2400m;5.00;137;137;8.85;25.95
5700.00;6000.00;2184.00;26.88;E0_1_2400m;5.00;182;182;11.28;27.04
5700.00;6000.00;1656.00;24.93;E0_0_2500m;5.00;138;138;9.22;25.17
5700.00;6000.00;2148.00;26.11;E0_1_2500m;5.00;179;179;11.43;26.33
5700.00;6000.00;1632.00;23.71;E0_0_2600m;5.00;136;137;9.60;24.04
5700.00;6000.00;2124.00;24.36;E0_1_2600m;5.00;177;177;12.11;24.72
5700.00;6000.00;1620.00;21.68;E0_0_2700m;5.00;135;136;10.42;22.15
5700.00;6000.00;2112.00;22.04;E0_1_2700m;5.00;176;177;13.34;22.56
5700.00;6000.00;1632.00;19.01;E0_0_2800m;5.00;136;136;11.92;19.46
5700.00;6000.00;2124.00;19.36;E0_1_2800m;5.00;177;177;15.24;19.94
5700.00;6000.00;1680.00;16.91;E0_0_2900m;5.00;140;140;13.80;17.02
5700.00;6000.00;2064.00;16.17;E0_1_2900m;5.00;172;173;17.73;16.45
5700.00;6000.00;1692.00;14.27;E0_0_3000m;5.00;141;141;16.46;14.36
5700.00;6000.00;2052.00;13.66;E0_1_3000m;5.00;171;171;20.86;13.70
5700.00;6000.00;1776.00;13.63;E0_0_3100m;5.00;148;148;18.10;13.67
5700.00;6000.00;1956.00;13.52;E0_1_3100m;5.00;163;164;20.21;13.55
5700.00;6000.00;1812.00;13.46;E0_0_3200m;5.00;151;150;18.66;13.46
5700.00;6000.00;1920.00;13.45;E0_1_3200m;5.00;160;161;19.85;13.46
5700.00;6000.00;1800.00;13.42;E0_0_3300m;5.00;150;151;18.69;13.42
5700.00;6000.00;1932.00;13.42;E0_1_3300m;5.00;161;160;19.97;13.42
5700.00;6000.00;1824.00;13.41;E0_0_3400m;5.00;152;152;18.89;13.41
5700.00;6000.00;1932.00;13.41;E0_1_3400m;5.00;161;161;20.01;13.41
5700.00;6000.00;1824.00;13.41;E0_0_3500m;5.00;152;152;18.89;13.41
5700.00;6000.00;1956.00;13.41;E0_1_3500m;5.00;163;163;20.26;13.41
5700.00;6000.00;1812.00;13.41;E0_0_3600m;5.00;151;151;18.77;13.41
5700.00;6000.00;1944.00;13.41;E0_1_3600m;5.00;162;162;20.14;13.41
5700.00;6000.00;1824.00;13.41;E0_0_3700m;5.00;152;151;18.77;13.41
5700.00;6000.00;1944.00;13.41;E0_1_3700m;5.00;162;162;20.14;13.41
5700.00;6000.00;1824.00;13.41;E0_0_3800m;5.00;152;152;18.89;13.41
5700.00;6000.00;1944.00;13.41;E0_1_3800m;5.00;162;162;20.14;13.41
5700.00;6000.00;1824.00;13.41;E0_0_3900m;5.00;152;152;18.89;13.41
5700.00;6000.00;1944.00;13.42;E0_1_3900m;5.00;162;162;20.07;13.42
5700.00;6000.00;1824.00;14.76;E0_0_4000m;5.00;152;152;17.16;14.91
5700.00;6000.00;1908.00;15.07;E0_1_4000m;5.00;159;159;17.58;15.29
5700.00;6000.00;1848.00;25.29;E0_0_4100m;5.00;154;155;10.20;25.34
5700.00;6000.00;1920.00;25.99;E0_1_4100m;5.00;160;160;10.26;26.02
5700.00;6000.00;1800.00;27.62;E0_0_4200m;5.00;150;152;9.12;27.79
5700.00;6000.00;1932.00;29.39;E0_1_4200m;5.00;161;163;9.21;29.54
5700.00;6000.00;1800.00;27.66;E0_0_4300m;5.00;150;150;9.04;27.79
5700.00;6000.00;1968.00;29.49;E0_1_4300m;5.00;164;164;9.27;29.65
5700.00;6000.00;1824.00;27.40;E0_0_4400m;5.00;152;152;9.25;27.60
5700.00;6000.00;1968.00;29.25;E0_1_4400m;5.00;164;165;9.40;29.42
5700.00;6000.00;1812.00;27.15;E0_0_4500m;5.00;151;151;9.27;27.28
5700.00;6000.00;1992.00;29.00;E0_1_4500m;5.00;166;166;9.54;29.16
5700.00;6000.00;1812.00;26.85;E0_0_4600m;5.00;151;151;9.37;26.95
5700.00;6000.00;2004.00;28.79;E0_1_4600m;5.00;167;167;9.66;28.93
5700.00;6000.00;1776.00;26.76;E0_0_4700m;5.00;148;148;9.18;26.86
5700.00;6000.00;2028.00;28.45;E0_1_4700m;5.00;169;169;9.90;28.60
5700.00;6000.00;1788.00;26.58;E0_0_4800m;5.00;149;148;9.30;26.68
5700.00;6000.00;2040.00;28.39;E0_1_4800m;5.00;170;170;9.98;28.50
5700.00;6000.00;1776.00;26.44;E0_0_4900m;5.00;148;149;9.33;26.53
5700.00;6000.00;2040.00;28.31;E0_1_4900m;5.00;170;170;10.01;28.42
5700.00;6000.00;1764.00;26.37;E0_0_5000m;5.00;147;147;9.29;26.46
5700.00;6000.00;2064.00;28.18;E0_1_5000m;5.00;172;172;10.17;28.28
6000.00;6300.00;0.00;-1.00;E0_0_0m;-1.00;0;0;0.00;-1.00
6000.00;6300.00;0.00;-1.00;E0_1_0m;-1.00;0;0;0.00;-1.00
6000.00;6300.00;1584.00;23.36;E0_0_100m;5.00;132;132;9.42;23.51
6000.00;6300.00;2220.00;24.20;E0_1_100m;5.00;185;185;12.74;24.29
6000.00;6300.00;1620.00;25.92;E0_0_200m;5.00;135;134;8.66;26.24
6000.00;6300.00;2196.00;27.80;E0_1_200m;5.00;183;183;10.97;27.97
6000.00;6300.00;1632.00;26.31;E0_0_300m;5.00;136;135;8.61;26.59
6000.00;6300.00;2148.00;28.37;E0_1_300m;5.00;179;179;10.52;28.59
6000.00;6300.00;1596.00;26.10;E0_0_400m;5.00;133;132;8.44;26.39
6000.00;6300.00;2184.00;28.40;E0_1_400m;5.00;182;182;10.68;28.61
6000.00;6300.00;1596.00;25.78;E0_0_500m;5.00;133;133;8.60;26.08
6000.00;6300.00;2172.00;28.42;E0_1_500m;5.00;181;181;10.62;28.61
6000.00;6300.00;1656.00;25.52;E0_0_600m;5.00;138;138;9.01;25.87
6000.00;6300.00;2100.00;28.41;E0_1_600m;5.00;175;175;10.27;28.60
6000.00;6300.00;1644.00;25.51;E0_0_700m;5.00;137;138;8.98;25.84
6000.00;6300.00;2112.00;28.20;E0_1_700m;5.00;176;177;10.40;28.41
6000.00;6300.00;1644.00;25.02;E0_0_800m;5.00;137;136;9.11;25.44
6000.00;6300.00;2124.00;28.08;E0_1_800m;5.00;177;177;10.51;28.25
6000.00;6300.00;1632.00;24.81;E0_0_900m;5.00;136;136;9.14;25.27
6000.00;6300.00;2172.00;27.97;E0_1_900m;5.00;181;181;10.79;28.13
6000.00;6300.00;1632.00;24.58;E0_0_1000m;5.00;136;136;9.22;25.01
6000.00;6300.00;2160.00;27.74;E0_1_1000m;5.00;180;181;10.82;27.87
6000.00;6300.00;1632.00;24.59;E0_0_1100m;5.00;136;136;9.22;24.97
6000.00;6300.00;2172.00;27.60;E0_1_1100m;5.00;181;181;10.93;27.73
6000.00;6300.00;1668.00;24.26;E0_0_1200m;5.00;139;139;9.55;24.63
6000.00;6300.00;2136.00;27.57;E0_1_1200m;5.00;178;178;10.76;27.70
6000.00;6300.00;1644.00;24.31;E0_0_1300m;5.00;137;139;9.45;24.65
6000.00;6300.00;2160.00;27.37;E0_1_1300m;5.00;180;180;10.96;27.51
6000.00;6300.00;1644.00;24.55;E0_0_1400m;5.00;137;137;9.30;24.81
6000.00;6300.00;2172.00;27.34;E0_1_1400m;5.00;181;181;11.03;27.47
6000.00;6300.00;1596.00;24.47;E0_0_1500m;5.00;133;133;9.06;24.72
6000.00;6300.00;2184.00;27.30;E0_1_1500m;5.00;182;182;11.11;27.45
6000.00;6300.00;1608.00;24.03;E0_0_1600m;5.00;134;134;9.29;24.35
6000.00;6300.00;2172.00;27.30;E0_1_1600m;5.00;181;181;11.05;27.45
6000.00;6300.00;1632.00;23.75;E0_0_1700m;5.00;136;136;9.54;24.08
6000.00;6300.00;2172.00;26.96;E0_1_1700m;5.00;181;181;11.19;27.14
6000.00;6300.00;1632.00;23.08;E0_0_1800m;5.00;136;136;9.82;23.40
6000.00;6300.00;2136.00;26.05;E0_1_1800m;5.00;178;178;11.39;26.31
6000.00;6300.00;1644.00;21.74;E0_0_1900m;5.00;137;137;10.50;22.25
6000.00;6300.00;2112.00;23.98;E0_1_1900m;5.00;176;177;12.29;24.68
6000.00;6300.00;1620.00;20.55;E0_0_2000m;5.00;135;136;10.96;21.31
6000.00;6300.00;2112.00;20.36;E0_1_2000m;5.00;176;175;14.38;22.44
6000.00;6300.00;1644.00;17.18;E0_0_2100m;5.00;137;137;13.29;19.33
6000.00;6300.00;2004.00;15.91;E0_1_2100m;5.00;167;167;17.50;20.58
6000.00;6300.00;1584.00;13.52;E0_0_2200m;5.00;132;133;16.39;17.79
6000.00;6300.00;1884.00;12.66;E0_1_2200m;5.00;157;157;20.66;18.84
6000.00;6300.00;1500.00;11.12;E0_0_2300m;5.00;125;125;18.73;16.64
6000.00;6300.00;1764.00;10.36;E0_1_2300m;5.00;147;148;23.70;17.62
6000.00;6300.00;1452.00;9.12;E0_0_2400m;5.00;121;121;22.12;15.11
6000.00;6300.00;1608.00;8.54;E0_1_2400m;5.00;134;134;26.15;16.39
6000.00;6300.00;1380.00;7.44;E0_0_2500m;5.00;115;115;25.75;12.72
6000.00;6300.00;1524.00;7.43;E0_1_2500m;5.00;127;127;28.50;14.83
6000.00;6300.00;1332.00;6.40;E0_0_2600m;5.00;111;111;29.06;11.04
6000.00;6300.00;1428.00;6.46;E0_1_2600m;5.00;119;120;31.15;12.41
6000.00;6300.00;1272.00;5.68;E0_0_2700m;5.00;106;105;31.08;9.62
6000.00;6300.00;1344.00;5.51;E0_1_2700m;5.00;112;112;34.52;9.79
6000.00;6300.00;1260.00;5.09;E0_0_2800m;5.00;105;105;34.37;7.77
6000.00;6300.00;1176.00;4.31;E0_1_2800m;5.00;98;99;38.44;6.92
6000.00;6300.00;1224.00;4.43;E0_0_2900m;5.00;102;102;38.33;5.89
6000.00;6300.00;1104.00;3.73;E0_1_2900m;5.00;92;93;41.26;5.21
6000.00;6300.00;1140.00;4.01;E0_0_3000m;5.00;95;98;42.10;5.02
6000.00;6300.00;1092.00;4.61;E0_1_3000m;5.00;91;91;32.87;5.16
6000.00;6300.00;1032.00;5.68;E0_0_3100m;5.00;86;87;25.43;6.49
6000.00;6300.00;1152.00;5.71;E0_1_3100m;5.00;96;95;27.90;6.54
6000.00;6300.00;1020.00;5.59;E0_0_3200m;5.00;85;85;25.34;6.23
6000.00;6300.00;1116.00;5.60;E0_1_3200m;5.00;93;93;27.88;6.28
6000.00;6300.00;1032.00;5.32;E0_0_3300m;5.00;86;85;26.85;5.90
6000.00;6300.00;1092.00;5.32;E0_1_3300m;5.00;91;91;28.53;5.85
6000.00;6300.00;1008.00;4.89;E0_0_3400m;5.00;84;84;28.64;5.41
6000.00;6300.00;1068.00;5.07;E0_1_3400m;5.00;89;89;29.25;5.57
6000.00;6300.00;852.00;6.80;E0_0_3500m;5.00;71;82;23.53;7.86
6000.00;6300.00;1176.00;4.57;E0_1_3500m;5.00;98;100;35.99;6.78
6000.00;6300.00;792.00;14.32;E0_0_3600m;5.00;66;67;7.75;15.37
6000.00;6300.00;1296.00;11.72;E0_1_3600m;5.00;108;109;15.44;12.26
6000.00;6300.00;792.00;15.55;E0_0_3700m;5.00;66;75;7.57;15.92
6000.00;6300.00;1356.00;12.88;E0_1_3700m;5.00;113;119;15.02;13.94
6000.00;6300.00;852.00;13.65;E0_0_3800m;5.00;71;73;9.70;15.18
6000.00;6300.00;1332.00;9.72;E0_1_3800m;5.00;111;111;19.03;11.64
6000.00;6300.00;876.00;15.37;E0_0_3900m;5.00;73;73;7.92;16.53
6000.00;6300.00;1356.00;11.31;E0_1_3900m;5.00;113;114;16.83;12.79
6000.00;6300.00;804.00;17.04;E0_0_4000m;5.00;67;71;6.83;17.33
6000.00;6300.00;1500.00;13.88;E0_1_4000m;5.00;125;128;15.12;14.75
6000.00;6300.00;756.00;25.51;E0_0_4100m;5.00;63;63;4.06;25.58
6000.00;6300.00;1572.00;25.61;E0_1_4100m;5.00;131;131;8.52;25.72
6000.00;6300.00;768.00;26.99;E0_0_4200m;5.00;64;64;4.01;27.30
6000.00;6300.00;1620.00;28.30;E0_1_4200m;5.00;135;135;7.94;28.58
6000.00;6300.00;744.00;26.94;E0_0_4300m;5.00;62;62;3.84;27.18
6000.00;6300.00;1632.00;27.86;E0_1_4300m;5.00;136;136;8.14;28.29
6000.00;6300.00;744.00;26.60;E0_0_4400m;5.00;62;63;3.89;27.11
6000.00;6300.00;1644.00;25.46;E0_1_4400m;5.00;137;137;8.97;27.36
6000.00;6300.00;780.00;26.34;E0_0_4500m;5.00;65;65;4.11;26.96
6000.00;6300.00;1584.00;27.15;E0_1_4500m;5.00;132;133;8.12;27.90
6000.00;6300.00;744.00;25.18;E0_0_4600m;5.00;62;62;4.10;26.99
6000.00;6300.00;1596.00;22.44;E0_1_4600m;5.00;133;133;9.88;27.60
6000.00;6300.00;732.00;26.77;E0_0_4700m;5.00;61;61;3.80;27.11
6000.00;6300.00;1620.00;25.62;E0_1_4700m;5.00;135;135;8.78;27.11
6000.00;6300.00;756.00;26.78;E0_0_4800m;5.00;63;63;3.92;27.12
6000.00;6300.00;1620.00;27.30;E0_1_4800m;5.00;135;136;8.26;27.53
6000.00;6300.00;780.00;26.96;E0_0_4900m;5.00;65;64;4.02;27.16
6000.00;6300.00;1632.00;27.43;E0_1_4900m;5.00;136;136;8.26;27.62
6000.00;6300.00;792.00;27.33;E0_0_5000m;5.00;66;66;4.02;27.48
6000.00;6300.00;1620.00;27.76;E0_1_5000m;5.00;135;135;8.11;27.91
6300.00;6600.00;0.00;-1.00;E0_0_0m;-1.00;0;0;0.00;-1.00
6300.00;6600.00;0.00;-1.00;E0_1_0m;-1.00;0;0;0.00;-1.00
6300.00;6600.00;1860.00;21.88;E0_0_100m;5.00;155;155;11.81;21.94
6300.00;6600.00;1848.00;22.37;E0_1_100m;5.00;154;155;11.48;22.43
6300.00;6600.00;1764.00;26.96;E0_0_200m;5.00;147;148;9.11;27.08
6300.00;6600.00;1932.00;27.87;E0_1_200m;5.00;161;161;9.63;28.00
6300.00;6600.00;1800.00;27.25;E0_0_300m;5.00;150;150;9.17;27.43
6300.00;6600.00;1944.00;28.80;E0_1_300m;5.00;162;162;9.38;29.00
6300.00;6600.00;1824.00;27.03;E0_0_400m;5.00;152;152;9.37;27.20
6300.00;6600.00;1932.00;28.68;E0_1_400m;5.00;161;161;9.36;28.92
6300.00;6600.00;1836.00;26.74;E0_0_500m;5.00;153;153;9.54;26.92
6300.00;6600.00;1944.00;28.63;E0_1_500m;5.00;162;162;9.43;28.85
6300.00;6600.00;1812.00;26.40;E0_0_600m;5.00;151;151;9.53;26.57
6300.00;6600.00;1992.00;28.50;E0_1_600m;5.00;166;166;9.71;28.72
6300.00;6600.00;1800.00;25.63;E0_0_700m;5.00;150;150;9.76;25.85
6300.00;6600.00;2040.00;27.59;E0_1_700m;5.00;170;170;10.29;27.83
6300.00;6600.00;1740.00;23.86;E0_0_800m;5.00;145;146;10.14;24.51
6300.00;6600.00;2076.00;25.28;E0_1_800m;5.00;173;173;11.41;26.20
6300.00;6600.00;1716.00;22.02;E0_0_900m;5.00;143;144;10.90;23.11
6300.00;6600.00;2004.00;21.14;E0_1_900m;5.00;167;167;13.17;24.27
6300.00;6600.00;1704.00;17.80;E0_0_1000m;5.00;142;142;13.29;20.95
6300.00;6600.00;1896.00;16.06;E0_1_1000m;5.00;158;159;16.43;22.47
6300.00;6600.00;1620.00;14.19;E0_0_1100m;5.00;135;136;16.16;18.88
6300.00;6600.00;1812.00;12.71;E0_1_1100m;5.00;151;152;20.02;20.56
6300.00;6600.00;1572.00;11.46;E0_0_1200m;5.00;131;132;19.08;16.84
6300.00;6600.00;1716.00;10.01;E0_1_1200m;5.00;143;143;23.81;18.06
6300.00;6600.00;1536.00;9.26;E0_0_1300m;5.00;128;127;23.02;14.99
6300.00;6600.00;1608.00;8.25;E0_1_1300m;5.00;134;135;27.11;16.06
6300.00;6600.00;1488.00;7.91;E0_0_1400m;5.00;124;124;26.13;13.39
6300.00;6600.00;1500.00;6.87;E0_1_1400m;5.00;125;125;30.34;14.24
6300.00;6600.00;1464.00;6.91;E0_0_1500m;5.00;122;122;29.44;11.82
6300.00;6600.00;1392.00;5.78;E0_1_1500m;5.00;116;116;33.44;12.61
6300.00;6600.00;1380.00;5.97;E0_0_1600m;5.00;115;116;32.30;10.15
6300.00;6600.00;1296.00;5.11;E0_1_1600m;5.00;108;109;35.56;10.71
6300.00;6600.00;1284.00;5.26;E0_0_1700m;5.00;107;108;34.25;8.29
6300.00;6600.00;1236.00;4.59;E0_1_1700m;5.00;103;103;37.43;8.28
6300.00;6600.00;1248.00;4.83;E0_0_1800m;5.00;104;104;35.91;7.09
6300.00;6600.00;1176.00;4.15;E0_1_1800m;5.00;98;99;39.47;6.34
6300.00;6600.00;1212.00;4.43;E0_0_1900m;5.00;101;102;38.23;5.65
6300.00;6600.00;1092.00;3.64;E0_1_1900m;5.00;91;90;41.55;4.48
6300.00;6600.00;1164.00;3.93;E0_0_2000m;5.00;97;96;41.10;4.20
6300.00;6600.00;1032.00;3.32;E0_1_2000m;5.00;86;86;43.21;3.61
6300.00;6600.00;1116.00;3.64;E0_0_2100m;5.00;93;93;42.58;3.68
6300.00;6600.00;984.00;3.12;E0_1_2100m;5.00;82;83;44.19;3.27
6300.00;6600.00;1092.00;3.55;E0_0_2200m;5.00;91;91;42.70;3.59
6300.00;6600.00;972.00;3.00;E0_1_2200m;5.00;81;81;45.04;3.21
6300.00;6600.00;1080.00;3.52;E0_0_2300m;5.00;90;90;42.65;3.56
6300.00;6600.00;948.00;2.94;E0_1_2300m;5.00;79;80;44.76;3.21
6300.00;6600.00;1080.00;3.49;E0_0_2400m;5.00;90;90;43.04;3.55
6300.00;6600.00;948.00;2.90;E0_1_2400m;5.00;79;79;45.39;3.20
6300.00;6600.00;1080.00;3.47;E0_0_2500m;5.00;90;90;43.25;3.54
6300.00;6600.00;960.00;2.90;E0_1_2500m;5.00;80;80;45.92;3.22
6300.00;6600.00;1080.00;3.48;E0_0_2600m;5.00;90;89;42.90;3.55
6300.00;6600.00;972.00;2.94;E0_1_2600m;5.00;81;80;45.52;3.27
6300.00;6600.00;1080.00;3.51;E0_0_2700m;5.00;90;91;43.04;3.59
6300.00;6600.00;984.00;3.00;E0_1_2700m;5.00;82;82;44.92;3.35
6300.00;6600.00;1080.00;3.53;E0_0_2800m;5.00;90;91;42.90;3.61
6300.00;6600.00;996.00;3.09;E0_1_2800m;5.00;83;83;44.23;3.43
6300.00;6600.00;1068.00;3.45;E0_0_2900m;5.00;89;89;43.06;3.57
6300.00;6600.00;984.00;3.09;E0_1_2900m;5.00;82;82;44.53;3.47
6300.00;6600.00;996.00;3.31;E0_0_3000m;5.00;83;88;46.52;3.83
6300.00;6600.00;1032.00;4.19;E0_1_3000m;5.00;86;87;34.40;4.82
6300.00;6600.00;996.00;4.64;E0_0_3100m;5.00;83;82;29.65;4.81
6300.00;6600.00;1032.00;4.59;E0_1_3100m;5.00;86;86;31.21;4.77
6300.00;6600.00;972.00;4.64;E0_0_3200m;5.00;81;81;29.08;4.83
6300.00;6600.00;1044.00;4.66;E0_1_3200m;5.00;87;87;30.91;4.83
6300.00;6600.00;948.00;4.62;E0_0_3300m;5.00;79;79;28.49;4.86
6300.00;6600.00;1032.00;4.57;E0_1_3300m;5.00;86;87;31.47;4.82
6300.00;6600.00;948.00;4.67;E0_0_3400m;5.00;79;79;28.17;5.12
6300.00;6600.00;1044.00;4.59;E0_1_3400m;5.00;87;87;31.56;5.04
6300.00;6600.00;840.00;6.47;E0_0_3500m;5.00;70;80;23.03;7.62
6300.00;6600.00;1188.00;4.40;E0_1_3500m;5.00;99;100;37.64;7.02
6300.00;6600.00;720.00;15.05;E0_0_3600m;5.00;60;62;6.78;16.39
6300.00;6600.00;1284.00;11.35;E0_1_3600m;5.00;107;112;16.12;12.29
6300.00;6600.00;648.00;16.61;E0_0_3700m;5.00;54;60;5.73;16.78
6300.00;6600.00;1332.00;13.37;E0_1_3700m;5.00;111;115;14.06;13.82
6300.00;6600.00;564.00;16.53;E0_0_3800m;5.00;47;50;4.94;16.58
6300.00;6600.00;1440.00;13.72;E0_1_3800m;5.00;120;124;14.82;14.11
6300.00;6600.00;600.00;15.95;E0_0_3900m;5.00;50;52;5.33;16.78
6300.00;6600.00;1392.00;12.51;E0_1_3900m;5.00;116;121;15.83;13.29
6300.00;6600.00;552.00;15.92;E0_0_4000m;5.00;46;51;5.05;16.70
6300.00;6600.00;1428.00;13.21;E0_1_4000m;5.00;119;122;15.11;14.16
6300.00;6600.00;492.00;23.80;E0_0_4100m;5.00;41;41;2.87;24.04
6300.00;6600.00;1476.00;24.97;E0_1_4100m;5.00;123;123;8.21;25.17
6300.00;6600.00;540.00;25.13;E0_0_4200m;5.00;45;46;3.05;25.92
6300.00;6600.00;1416.00;26.96;E0_1_4200m;5.00;118;121;7.35;27.54
6300.00;6600.00;516.00;25.53;E0_0_4300m;5.00;43;43;2.81;26.32
6300.00;6600.00;1440.00;26.76;E0_1_4300m;5.00;120;120;7.47;27.52
6300.00;6600.00;528.00;24.67;E0_0_4400m;5.00;44;44;3.01;25.53
6300.00;6600.00;1428.00;25.86;E0_1_4400m;5.00;119;120;7.68;26.88
6300.00;6600.00;540.00;23.86;E0_0_4500m;5.00;45;45;3.14;25.03
6300.00;6600.00;1464.00;25.11;E0_1_4500m;5.00;122;122;8.10;26.31
6300.00;6600.00;588.00;24.07;E0_0_4600m;5.00;49;49;3.39;25.10
6300.00;6600.00;1452.00;24.14;E0_1_4600m;5.00;121;121;8.36;25.35
6300.00;6600.00;576.00;24.21;E0_0_4700m;5.00;48;49;3.34;25.05
6300.00;6600.00;1476.00;24.04;E0_1_4700m;5.00;123;123;8.53;25.19
6300.00;6600.00;576.00;23.92;E0_0_4800m;5.00;48;48;3.34;24.77
6300.00;6600.00;1452.00;23.46;E0_1_4800m;5.00;121;122;8.63;24.66
6300.00;6600.00;588.00;24.13;E0_0_4900m;5.00;49;49;3.38;24.99
6300.00;6600.00;1464.00;24.18;E0_1_4900m;5.00;122;122;8.41;25.10
6300.00;6600.00;564.00;24.99;E0_0_5000m;5.00;47;48;3.20;25.46
6300.00;6600.00;1464.00;25.18;E0_1_5000m;5.00;122;122;8.08;25.66
6600.00;6900.00;0.00;-1.00;E0_0_0m;-1.00;0;0;0.00;-1.00
6600.00;6900.00;0.00;-1.00;E0_1_0m;-1.00;0;0;0.00;-1.00
6600.00;6900.00;1764.00;12.46;E0_0_100m;5.00;147;148;19.80;16.78
6600.00;6900.00;1704.00;10.59;E0_1_100m;5.00;142;141;22.35;16.42
6600.00;6900.00;1668.00;10.78;E0_0_200m;5.00;139;139;21.48;17.43
6600.00;6900.00;1644.00;9.77;E0_1_200m;5.00;137;137;23.38;17.92
6600.00;6900.00;1596.00;9.10;E0_0_300m;5.00;133;133;24.36;15.98
6600.00;6900.00;1524.00;7.94;E0_1_300m;5.00;127;127;26.65;16.18
6600.00;6900.00;1512.00;7.68;E0_0_400m;5.00;126;126;27.36;14.05
6600.00;6900.00;1428.00;6.57;E0_1_400m;5.00;119;119;30.17;14.31
6600.00;6900.00;1392.00;6.51;E0_0_500m;5.00;116;117;29.86;11.92
6600.00;6900.00;1344.00;5.62;E0_1_500m;5.00;112;112;33.19;12.22
6600.00;6900.00;1320.00;5.67;E0_0_600m;5.00;110;111;32.70;9.76
6600.00;6900.00;1248.00;4.75;E0_1_600m;5.00;104;104;36.52;9.52
6600.00;6900.00;1236.00;4.82;E0_0_700m;5.00;103;104;35.75;7.07
6600.00;6900.00;1140.00;4.02;E0_1_700m;5.00;95;95;39.62;6.20
6600.00;6900.00;1188.00;4.29;E0_0_800m;5.00;99;99;38.52;5.61
6600.00;6900.00;1056.00;3.48;E0_1_800m;5.00;88;89;42.26;4.21
6600.00;6900.00;1128.00;3.80;E0_0_900m;5.00;94;93;41.19;4.16
6600.00;6900.00;1008.00;3.13;E0_1_900m;5.00;84;84;44.68;3.32
6600.00;6900.00;1080.00;3.53;E0_0_1000m;5.00;90;91;42.60;3.61
6600.00;6900.00;984.00;3.03;E0_1_1000m;5.00;82;83;45.18;3.17
6600.00;6900.00;1068.00;3.41;E0_0_1100m;5.00;89;89;43.24;3.46
6600.00;6900.00;984.00;3.00;E0_1_1100m;5.00;82;81;45.38;3.13
6600.00;6900.00;1056.00;3.36;E0_0_1200m;5.00;88;88;43.95;3.40
6600.00;6900.00;972.00;2.97;E0_1_1200m;5.00;81;81;45.51;3.11
6600.00;6900.00;1044.00;3.32;E0_0_1300m;5.00;87;88;43.96;3.36
6600.00;6900.00;960.00;2.94;E0_1_1300m;5.00;80;81;45.90;3.09
6600.00;6900.00;1044.00;3.28;E0_0_1400m;5.00;87;88;44.31;3.32
6600.00;6900.00;948.00;2.89;E0_1_1400m;5.00;79;80;46.00;3.03
6600.00;6900.00;1032.00;3.24;E0_0_1500m;5.00;86;86;44.30;3.28
6600.00;6900.00;936.00;2.83;E0_1_1500m;5.00;78;78;46.01;2.96
6600.00;6900.00;1032.00;3.20;E0_0_1600m;5.00;86;85;44.61;3.24
6600.00;6900.00;936.00;2.78;E0_1_1600m;5.00;78;77;46.46;2.90
6600.00;6900.00;1020.00;3.16;E0_0_1700m;5.00;85;84;44.56;3.19
6600.00;6900.00;900.00;2.71;E0_1_1700m;5.00;75;76;46.30;2.81
6600.00;6900.00;996.00;3.10;E0_0_1800m;5.00;83;84;44.57;3.12
6600.00;6900.00;900.00;2.67;E0_1_1800m;5.00;75;74;46.74;2.76
6600.00;6900.00;996.00;3.07;E0_0_1900m;5.00;83;83;44.92;3.08
6600.00;6900.00;888.00;2.62;E0_1_1900m;5.00;74;74;47.10;2.69
6600.00;6900.00;984.00;3.05;E0_0_2000m;5.00;82;82;44.87;3.05
6600.00;6900.00;888.00;2.62;E0_1_2000m;5.00;74;74;47.00;2.70
6600.00;6900.00;984.00;3.04;E0_0_2100m;5.00;82;82;44.93;3.05
6600.00;6900.00;900.00;2.66;E0_1_2100m;5.00;75;74;46.58;2.75
6600.00;6900.00;996.00;3.07;E0_0_2200m;5.00;83;83;45.26;3.08
6600.00;6900.00;912.00;2.77;E0_1_2200m;5.00;76;77;46.05;2.83
6600.00;6900.00;996.00;3.09;E0_0_2300m;5.00;83;84;45.24;3.11
6600.00;6900.00;948.00;2.85;E0_1_2300m;5.00;79;78;46.11;2.89
6600.00;6900.00;996.00;3.11;E0_0_2400m;5.00;83;84;44.75;3.12
6600.00;6900.00;960.00;2.93;E0_1_2400m;5.00;80;80;45.55;2.95
6600.00;6900.00;996.00;3.10;E0_0_2500m;5.00;83;84;44.92;3.12
6600.00;6900.00;948.00;2.94;E0_1_2500m;5.00;79;80;45.12;2.97
6600.00;6900.00;996.00;3.09;E0_0_2600m;5.00;83;84;44.98;3.12
6600.00;6900.00;948.00;2.91;E0_1_2600m;5.00;79;80;45.38;2.94
6600.00;6900.00;1008.00;3.07;E0_0_2700m;5.00;84;83;45.19;3.10
6600.00;6900.00;936.00;2.88;E0_1_2700m;5.00;78;78;45.67;2.91
6600.00;6900.00;1008.00;3.06;E0_0_2800m;5.00;84;83;45.42;3.10
6600.00;6900.00;924.00;2.84;E0_1_2800m;5.00;77;77;46.26;2.89
6600.00;6900.00;996.00;3.07;E0_0_2900m;5.00;83;83;45.00;3.13
6600.00;6900.00;924.00;2.74;E0_1_2900m;5.00;77;76;46.39;2.87
6600.00;6900.00;924.00;2.89;E0_0_3000m;5.00;77;83;49.18;3.30
6600.00;6900.00;972.00;3.73;E0_1_3000m;5.00;81;80;35.97;4.08
6600.00;6900.00;960.00;4.52;E0_0_3100m;5.00;80;80;29.50;4.70
6600.00;6900.00;960.00;4.46;E0_1_3100m;5.00;80;80;29.90;4.62
6600.00;6900.00;984.00;4.26;E0_0_3200m;5.00;82;82;32.05;4.47
6600.00;6900.00;948.00;4.28;E0_1_3200m;5.00;79;78;30.76;4.50
6600.00;6900.00;948.00;4.29;E0_0_3300m;5.00;79;80;30.79;4.57
6600.00;6900.00;936.00;4.31;E0_1_3300m;5.00;78;78;30.16;4.60
6600.00;6900.00;924.00;4.10;E0_0_3400m;5.00;77;78;31.58;4.59
6600.00;6900.00;924.00;4.21;E0_1_3400m;5.00;77;77;30.51;4.70
6600.00;6900.00;660.00;6.56;E0_0_3500m;5.00;55;69;21.81;7.57
6600.00;6900.00;1128.00;3.75;E0_1_3500m;5.00;94;94;41.77;6.27
6600.00;6900.00;564.00;13.66;E0_0_3600m;5.00;47;51;7.69;15.23
6600.00;6900.00;1212.00;10.58;E0_1_3600m;5.00;101;105;16.25;12.07
6600.00;6900.00;588.00;16.05;E0_0_3700m;5.00;49;52;5.23;16.66
6600.00;6900.00;1188.00;12.45;E0_1_3700m;5.00;99;102;13.66;12.76
6600.00;6900.00;468.00;16.82;E0_0_3800m;5.00;39;44;4.15;17.30
6600.00;6900.00;1308.00;13.58;E0_1_3800m;5.00;109;112;13.61;14.03
6600.00;6900.00;528.00;17.27;E0_0_3900m;5.00;44;49;4.46;17.89
6600.00;6900.00;1284.00;13.31;E0_1_3900m;5.00;107;110;13.62;13.54
6600.00;6900.00;468.00;16.42;E0_0_4000m;5.00;39;45;4.38;16.93
6600.00;6900.00;1320.00;14.02;E0_1_4000m;5.00;110;114;13.23;14.86
6600.00;6900.00;480.00;24.75;E0_0_4100m;5.00;40;40;2.69;25.21
6600.00;6900.00;1332.00;25.70;E0_1_4100m;5.00;111;112;7.26;25.77
6600.00;6900.00;528.00;27.34;E0_0_4200m;5.00;44;45;2.69;27.74
6600.00;6900.00;1308.00;28.30;E0_1_4200m;5.00;109;109;6.43;28.55
6600.00;6900.00;492.00;27.75;E0_0_4300m;5.00;41;41;2.46;27.94
6600.00;6900.00;1356.00;28.65;E0_1_4300m;5.00;113;113;6.57;28.89
6600.00;6900.00;528.00;27.71;E0_0_4400m;5.00;44;45;2.69;27.94
6600.00;6900.00;1320.00;28.50;E0_1_4400m;5.00;110;111;6.47;28.82
6600.00;6900.00;528.00;27.29;E0_0_4500m;5.00;44;45;2.71;27.51
6600.00;6900.00;1320.00;28.11;E0_1_4500m;5.00;110;110;6.52;28.47
6600.00;6900.00;540.00;26.76;E0_0_4600m;5.00;45;46;2.87;27.18
6600.00;6900.00;1332.00;27.85;E0_1_4600m;5.00;111;113;6.68;28.29
6600.00;6900.00;528.00;26.83;E0_0_4700m;5.00;44;44;2.73;27.22
6600.00;6900.00;1344.00;27.74;E0_1_4700m;5.00;112;112;6.73;28.19
6600.00;6900.00;528.00;27.12;E0_0_4800m;5.00;44;44;2.70;27.49
6600.00;6900.00;1332.00;27.87;E0_1_4800m;5.00;111;113;6.70;28.21
6600.00;6900.00;540.00;26.83;E0_0_4900m;5.00;45;46;2.80;27.24
6600.00;6900.00;1296.00;27.48;E0_1_4900m;5.00;108;108;6.55;28.06
6600.00;6900.00;552.00;27.41;E0_0_5000m;5.00;46;46;2.80;27.62
6600.00;6900.00;1260.00;28.12;E0_1_5000m;5.00;105;106;6.23;28.39
6900.00;7200.00;0.00;-1.00;E0_0_0m;-1.00;0;0;0.00;-1.00
6900.00;7200.00;0.00;-1.00;E0_1_0m;-1.00;0;0;0.00;-1.00
6900.00;7200.00;996.00;3.08;E0_0_100m;5.00;83;82;44.78;3.08
6900.00;7200.00;912.00;2.71;E0_1_100m;5.00;76;76;46.74;2.73
6900.00;7200.00;984.00;3.08;E0_0_200m;5.00;82;82;44.38;3.08
6900.00;7200.00;924.00;2.74;E0_1_200m;5.00;77;77;46.84;2.77
6900.00;7200.00;984.00;3.08;E0_0_300m;5.00;82;82;44.33;3.08
6900.00;7200.00;936.00;2.78;E0_1_300m;5.00;78;78;46.69;2.80
6900.00;7200.00;984.00;3.09;E0_0_400m;5.00;82;82;44.28;3.09
6900.00;7200.00;936.00;2.82;E0_1_400m;5.00;78;79;46.56;2.84
6900.00;7200.00;996.00;3.08;E0_0_500m;5.00;83;83;44.87;3.08
6900.00;7200.00;948.00;2.86;E0_1_500m;5.00;79;80;46.63;2.87
6900.00;7200.00;996.00;3.08;E0_0_600m;5.00;83;82;44.51;3.08
6900.00;7200.00;948.00;2.87;E0_1_600m;5.00;79;79;45.81;2.88
6900.00;7200.00;996.00;3.07;E0_0_700m;5.00;83;82;44.93;3.07
6900.00;7200.00;948.00;2.86;E0_1_700m;5.00;79;79;46.21;2.87
6900.00;7200.00;996.00;3.06;E0_0_800m;5.00;83;82;45.05;3.07
6900.00;7200.00;936.00;2.85;E0_1_800m;5.00;78;79;46.18;2.86
6900.00;7200.00;984.00;3.06;E0_0_900m;5.00;82;83;45.26;3.06
6900.00;7200.00;924.00;2.79;E0_1_900m;5.00;77;78;46.46;2.82
6900.00;7200.00;984.00;3.02;E0_0_1000m;5.00;82;82;45.40;3.04
6900.00;7200.00;924.00;2.74;E0_1_1000m;5.00;77;76;46.77;2.78
6900.00;7200.00;984.00;2.98;E0_0_1100m;5.00;82;81;45.72;3.00
6900.00;7200.00;912.00;2.69;E0_1_1100m;5.00;76;76;47.04;2.75
6900.00;7200.00;972.00;2.95;E0_0_1200m;5.00;81;81;45.54;2.97
6900.00;7200.00;900.00;2.65;E0_1_1200m;5.00;75;75;47.15;2.72
6900.00;7200.00;960.00;2.92;E0_0_1300m;5.00;80;80;45.84;2.95
6900.00;7200.00;900.00;2.63;E0_1_1300m;5.00;75;75;47.08;2.69
6900.00;7200.00;948.00;2.89;E0_0_1400m;5.00;79;79;46.02;2.92
6900.00;7200.00;900.00;2.60;E0_1_1400m;5.00;75;74;47.62;2.67
6900.00;7200.00;948.00;2.86;E0_0_1500m;5.00;79;79;45.99;2.90
6900.00;7200.00;888.00;2.60;E0_1_1500m;5.00;74;74;47.51;2.67
6900.00;7200.00;948.00;2.86;E0_0_1600m;5.00;79;79;46.02;2.90
6900.00;7200.00;888.00;2.60;E0_1_1600m;5.00;74;74;47.43;2.68
6900.00;7200.00;948.00;2.87;E0_0_1700m;5.00;79;79;45.95;2.91
6900.00;7200.00;900.00;2.62;E0_1_1700m;5.00;75;74;47.54;2.70
6900.00;7200.00;948.00;2.88;E0_0_1800m;5.00;79;78;45.77;2.93
6900.00;7200.00;888.00;2.63;E0_1_1800m;5.00;74;75;47.34;2.71
6900.00;7200.00;948.00;2.88;E0_0_1900m;5.00;79;79;45.99;2.94
6900.00;7200.00;888.00;2.62;E0_1_1900m;5.00;74;75;47.24;2.71
6900.00;7200.00;948.00;2.88;E0_0_2000m;5.00;79;80;45.79;2.93
6900.00;7200.00;888.00;2.60;E0_1_2000m;5.00;74;74;47.36;2.69
6900.00;7200.00;948.00;2.85;E0_0_2100m;5.00;79;79;46.15;2.91
6900.00;7200.00;876.00;2.56;E0_1_2100m;5.00;73;74;47.61;2.65
6900.00;7200.00;948.00;2.81;E0_0_2200m;5.00;79;78;46.49;2.87
6900.00;7200.00;864.00;2.51;E0_1_2200m;5.00;72;72;47.89;2.60
6900.00;7200.00;936.00;2.79;E0_0_2300m;5.00;78;78;46.59;2.85
6900.00;7200.00;840.00;2.45;E0_1_2300m;5.00;70;71;47.79;2.54
6900.00;7200.00;936.00;2.76;E0_0_2400m;5.00;78;77;46.90;2.82
6900.00;7200.00;840.00;2.41;E0_1_2400m;5.00;70;70;48.36;2.49
6900.00;7200.00;924.00;2.73;E0_0_2500m;5.00;77;76;46.71;2.80
6900.00;7200.00;828.00;2.39;E0_1_2500m;5.00;69;69;48.16;2.48
6900.00;7200.00;912.00;2.67;E0_0_2600m;5.00;76;75;47.20;2.76
6900.00;7200.00;804.00;2.33;E0_1_2600m;5.00;67;67;48.85;2.45
6900.00;7200.00;900.00;2.64;E0_0_2700m;5.00;75;75;47.28;2.74
6900.00;7200.00;804.00;2.26;E0_1_2700m;5.00;67;66;48.78;2.41
6900.00;7200.00;888.00;2.66;E0_0_2800m;5.00;74;75;46.91;2.78
6900.00;7200.00;804.00;2.26;E0_1_2800m;5.00;67;66;48.35;2.42
6900.00;7200.00;912.00;2.70;E0_0_2900m;5.00;76;76;46.95;2.86
6900.00;7200.00;816.00;2.34;E0_1_2900m;5.00;68;68;48.38;2.51
6900.00;7200.00;876.00;2.49;E0_0_3000m;5.00;73;77;52.53;3.25
6900.00;7200.00;876.00;3.68;E0_1_3000m;5.00;73;74;33.43;3.92
6900.00;7200.00;840.00;4.16;E0_0_3100m;5.00;70;70;28.04;4.39
6900.00;7200.00;900.00;4.18;E0_1_3100m;5.00;75;75;29.89;4.40
6900.00;7200.00;840.00;4.21;E0_0_3200m;5.00;70;70;27.71;4.47
6900.00;7200.00;900.00;4.24;E0_1_3200m;5.00;75;76;29.97;4.46
6900.00;7200.00;888.00;4.25;E0_0_3300m;5.00;74;73;28.92;4.54
6900.00;7200.00;924.00;4.24;E0_1_3300m;5.00;77;76;30.19;4.51
6900.00;7200.00;888.00;4.23;E0_0_3400m;5.00;74;74;28.91;4.65
6900.00;7200.00;912.00;4.21;E0_1_3400m;5.00;76;76;30.08;4.65
6900.00;7200.00;732.00;6.69;E0_0_3500m;5.00;61;71;20.11;7.58
6900.00;7200.00;1104.00;4.45;E0_1_3500m;5.00;92;94;34.63;6.26
6900.00;7200.00;648.00;14.03;E0_0_3600m;5.00;54;59;7.78;15.32
6900.00;7200.00;1188.00;10.66;E0_1_3600m;5.00;99;105;15.99;11.91
6900.00;7200.00;600.00;16.16;E0_0_3700m;5.00;50;54;5.34;16.62
6900.00;7200.00;1260.00;12.71;E0_1_3700m;5.00;105;109;13.96;13.28
6900.00;7200.00;540.00;17.02;E0_0_3800m;5.00;45;50;4.53;17.48
6900.00;7200.00;1320.00;13.45;E0_1_3800m;5.00;110;113;13.88;13.65
6900.00;7200.00;444.00;17.11;E0_0_3900m;5.00;37;43;4.00;17.53
6900.00;7200.00;1416.00;13.66;E0_1_3900m;5.00;118;125;14.90;14.12
6900.00;7200.00;456.00;17.54;E0_0_4000m;5.00;38;41;3.59;17.82
6900.00;7200.00;1404.00;14.14;E0_1_4000m;5.00;117;119;13.88;14.64
6900.00;7200.00;444.00;24.90;E0_0_4100m;5.00;37;37;2.48;24.99
6900.00;7200.00;1356.00;26.17;E0_1_4100m;5.00;113;113;7.20;26.23
6900.00;7200.00;480.00;27.72;E0_0_4200m;5.00;40;40;2.40;28.00
6900.00;7200.00;1308.00;29.53;E0_1_4200m;5.00;109;109;6.15;29.73
6900.00;7200.00;492.00;27.89;E0_0_4300m;5.00;41;42;2.46;28.18
6900.00;7200.00;1308.00;30.01;E0_1_4300m;5.00;109;109;6.05;30.31
6900.00;7200.00;504.00;27.99;E0_0_4400m;5.00;42;42;2.50;28.27
6900.00;7200.00;1308.00;30.14;E0_1_4400m;5.00;109;110;6.06;30.43
6900.00;7200.00;480.00;27.81;E0_0_4500m;5.00;40;40;2.40;28.08
6900.00;7200.00;1308.00;30.05;E0_1_4500m;5.00;109;109;6.05;30.33
6900.00;7200.00;480.00;27.63;E0_0_4600m;5.00;40;40;2.41;27.89
6900.00;7200.00;1296.00;29.73;E0_1_4600m;5.00;108;109;6.06;30.01
6900.00;7200.00;492.00;27.50;E0_0_4700m;5.00;41;42;2.52;27.73
6900.00;7200.00;1284.00;29.43;E0_1_4700m;5.00;107;108;6.08;29.72
6900.00;7200.00;492.00;27.37;E0_0_4800m;5.00;41;41;2.50;27.62
6900.00;7200.00;1308.00;28.97;E0_1_4800m;5.00;109;108;6.25;29.28
6900.00;7200.00;492.00;27.29;E0_0_4900m;5.00;41;41;2.50;27.54
6900.00;7200.00;1320.00;28.14;E0_1_4900m;5.00;110;111;6.54;28.59
6900.00;7200.00;492.00;27.36;E0_0_5000m;5.00;41;41;2.50;27.59
6900.00;7200.00;1308.00;28.32;E0_1_5000m;5.00;109;109;6.41;28.65
7200.00;7500.00;0.00;-1.00;E0_0_0m;-1.00;0;0;0.00;-1.00
7200.00;7500.00;0.00;-1.00;E0_1_0m;-1.00;0;0;0.00;-1.00
7200.00;7500.00;936.00;2.83;E0_0_100m;5.00;78;78;45.89;2.85
7200.00;7500.00;876.00;2.55;E0_1_100m;5.00;73;73;47.75;2.59
7200.00;7500.00;936.00;2.82;E0_0_200m;5.00;78;78;46.17;2.84
7200.00;7500.00;864.00;2.51;E0_1_200m;5.00;72;72;47.73;2.55
7200.00;7500.00;936.00;2.79;E0_0_300m;5.00;78;78;46.63;2.81
7200.00;7500.00;852.00;2.49;E0_1_300m;5.00;71;72;47.62;2.52
7200.00;7500.00;924.00;2.76;E0_0_400m;5.00;77;77;46.45;2.78
7200.00;7500.00;852.00;2.45;E0_1_400m;5.00;71;71;48.07;2.48
7200.00;7500.00;924.00;2.73;E0_0_500m;5.00;77;76;46.84;2.75
7200.00;7500.00;840.00;2.40;E0_1_500m;5.00;70;70;48.18;2.44
7200.00;7500.00;912.00;2.72;E0_0_600m;5.00;76;76;46.51;2.74
7200.00;7500.00;828.00;2.35;E0_1_600m;5.00;69;69;48.91;2.39
7200.00;7500.00;900.00;2.71;E0_0_700m;5.00;75;76;46.58;2.73
7200.00;7500.00;828.00;2.33;E0_1_700m;5.00;69;68;48.88;2.38
7200.00;7500.00;900.00;2.71;E0_0_800m;5.00;75;76;46.29;2.73
7200.00;7500.00;828.00;2.32;E0_1_800m;5.00;69;68;49.01;2.37
7200.00;7500.00;912.00;2.71;E0_0_900m;5.00;76;75;46.26;2.73
7200.00;7500.00;828.00;2.34;E0_1_900m;5.00;69;69;48.69;2.39
7200.00;7500.00;912.00;2.74;E0_0_1000m;5.00;76;76;46.28;2.76
7200.00;7500.00;828.00;2.37;E0_1_1000m;5.00;69;70;49.11;2.41
7200.00;7500.00;912.00;2.76;E0_0_1100m;5.00;76;77;46.01;2.79
7200.00;7500.00;840.00;2.41;E0_1_1100m;5.00;70;71;48.51;2.45
7200.00;7500.00;924.00;2.79;E0_0_1200m;5.00;77;76;45.98;2.81
7200.00;7500.00;852.00;2.44;E0_1_1200m;5.00;71;71;48.59;2.48
7200.00;7500.00;936.00;2.82;E0_0_1300m;5.00;78;77;45.77;2.84
7200.00;7500.00;852.00;2.45;E0_1_1300m;5.00;71;71;48.50;2.50
7200.00;7500.00;948.00;2.84;E0_0_1400m;5.00;79;78;45.91;2.86
7200.00;7500.00;852.00;2.47;E0_1_1400m;5.00;71;71;47.90;2.52
7200.00;7500.00;936.00;2.84;E0_0_1500m;5.00;78;79;45.88;2.87
7200.00;7500.00;852.00;2.47;E0_1_1500m;5.00;71;72;48.07;2.53
7200.00;7500.00;936.00;2.84;E0_0_1600m;5.00;78;78;45.71;2.87
7200.00;7500.00;852.00;2.47;E0_1_1600m;5.00;71;71;47.99;2.52
7200.00;7500.00;936.00;2.83;E0_0_1700m;5.00;78;79;45.94;2.86
7200.00;7500.00;852.00;2.46;E0_1_1700m;5.00;71;71;48.14;2.51
7200.00;7500.00;936.00;2.82;E0_0_1800m;5.00;78;79;46.25;2.85
7200.00;7500.00;852.00;2.45;E0_1_1800m;5.00;71;71;48.44;2.50
7200.00;7500.00;948.00;2.83;E0_0_1900m;5.00;79;78;46.24;2.85
7200.00;7500.00;852.00;2.46;E0_1_1900m;5.00;71;71;48.09;2.52
7200.00;7500.00;948.00;2.82;E0_0_2000m;5.00;79;78;46.61;2.85
7200.00;7500.00;852.00;2.47;E0_1_2000m;5.00;71;72;48.35;2.53
7200.00;7500.00;948.00;2.83;E0_0_2100m;5.00;79;79;46.45;2.87
7200.00;7500.00;864.00;2.49;E0_1_2100m;5.00;72;72;48.21;2.56
7200.00;7500.00;936.00;2.84;E0_0_2200m;5.00;78;79;46.06;2.88
7200.00;7500.00;876.00;2.53;E0_1_2200m;5.00;73;73;47.82;2.60
7200.00;7500.00;948.00;2.84;E0_0_2300m;5.00;79;78;45.86;2.88
7200.00;7500.00;876.00;2.55;E0_1_2300m;5.00;73;73;47.97;2.62
7200.00;7500.00;936.00;2.85;E0_0_2400m;5.00;78;79;45.98;2.90
7200.00;7500.00;876.00;2.58;E0_1_2400m;5.00;73;73;47.17;2.65
7200.00;7500.00;948.00;2.88;E0_0_2500m;5.00;79;80;45.76;2.92
7200.00;7500.00;888.00;2.61;E0_1_2500m;5.00;74;74;47.52;2.69
7200.00;7500.00;960.00;2.91;E0_0_2600m;5.00;80;80;45.77;2.95
7200.00;7500.00;912.00;2.62;E0_1_2600m;5.00;76;75;47.30;2.69
7200.00;7500.00;948.00;2.91;E0_0_2700m;5.00;79;80;45.40;2.96
7200.00;7500.00;900.00;2.67;E0_1_2700m;5.00;75;76;47.28;2.73
7200.00;7500.00;972.00;2.93;E0_0_2800m;5.00;81;80;45.62;2.99
7200.00;7500.00;912.00;2.69;E0_1_2800m;5.00;76;76;47.01;2.77
7200.00;7500.00;960.00;2.94;E0_0_2900m;5.00;80;81;45.68;3.03
7200.00;7500.00;912.00;2.70;E0_1_2900m;5.00;76;76;46.88;2.82
7200.00;7500.00;936.00;2.66;E0_0_3000m;5.00;78;80;51.52;3.12
7200.00;7500.00;936.00;3.87;E0_1_3000m;5.00;78;77;33.23;4.08
7200.00;7500.00;936.00;4.28;E0_0_3100m;5.00;78;78;30.35;4.38
7200.00;7500.00;948.00;4.28;E0_1_3100m;5.00;79;79;30.80;4.38
7200.00;7500.00;900.00;4.27;E0_0_3200m;5.00;75;77;29.42;4.40
7200.00;7500.00;948.00;4.34;E0_1_3200m;5.00;79;79;30.32;4.62
7200.00;7500.00;900.00;4.31;E0_0_3300m;5.00;75;75;28.98;4.50
7200.00;7500.00;948.00;4.29;E0_1_3300m;5.00;79;79;30.68;4.49
7200.00;7500.00;912.00;4.48;E0_0_3400m;5.00;76;75;28.18;4.89
7200.00;7500.00;948.00;4.38;E0_1_3400m;5.00;79;79;30.03;4.83
7200.00;7500.00;672.00;6.72;E0_0_3500m;5.00;56;69;20.24;7.40
7200.00;7500.00;1140.00;4.44;E0_1_3500m;5.00;95;96;35.64;6.60
7200.00;7500.00;552.00;14.03;E0_0_3600m;5.00;46;53;9.62;15.34
7200.00;7500.00;1296.00;10.49;E0_1_3600m;5.00;108;113;17.48;11.54
7200.00;7500.00;552.00;15.57;E0_0_3700m;5.00;46;52;5.27;16.37
7200.00;7500.00;1248.00;11.86;E0_1_3700m;5.00;104;114;16.03;13.07
7200.00;7500.00;528.00;15.65;E0_0_3800m;5.00;44;46;4.71;15.96
7200.00;7500.00;1272.00;12.43;E0_1_3800m;5.00;106;107;14.29;12.79
7200.00;7500.00;528.00;16.98;E0_0_3900m;5.00;44;48;5.24;17.26
7200.00;7500.00;1260.00;12.35;E0_1_3900m;5.00;105;109;14.81;13.16
7200.00;7500.00;492.00;15.85;E0_0_4000m;5.00;41;45;5.67;17.43
7200.00;7500.00;1308.00;13.70;E0_1_4000m;5.00;109;112;13.48;14.47
7200.00;7500.00;480.00;25.06;E0_0_4100m;5.00;40;43;2.74;25.22
7200.00;7500.00;1368.00;25.60;E0_1_4100m;5.00;114;114;7.42;25.72
7200.00;7500.00;468.00;28.25;E0_0_4200m;5.00;39;41;2.33;28.42
7200.00;7500.00;1392.00;28.53;E0_1_4200m;5.00;116;117;6.83;28.73
7200.00;7500.00;444.00;28.25;E0_0_4300m;5.00;37;38;2.23;28.37
7200.00;7500.00;1392.00;28.75;E0_1_4300m;5.00;116;116;6.73;28.96
7200.00;7500.00;504.00;27.52;E0_0_4400m;5.00;42;43;2.55;27.69
7200.00;7500.00;1320.00;28.51;E0_1_4400m;5.00;110;111;6.48;28.74
7200.00;7500.00;480.00;28.00;E0_0_4500m;5.00;40;40;2.38;28.28
7200.00;7500.00;1356.00;28.44;E0_1_4500m;5.00;113;114;6.69;28.62
7200.00;7500.00;480.00;26.76;E0_0_4600m;5.00;40;40;2.49;27.06
7200.00;7500.00;1308.00;28.22;E0_1_4600m;5.00;109;110;6.44;28.45
7200.00;7500.00;468.00;26.82;E0_0_4700m;5.00;39;39;2.42;27.07
7200.00;7500.00;1344.00;27.94;E0_1_4700m;5.00;112;113;6.70;28.20
7200.00;7500.00;492.00;26.41;E0_0_4800m;5.00;41;41;2.59;26.62
7200.00;7500.00;1320.00;27.70;E0_1_4800m;5.00;110;110;6.62;27.96
7200.00;7500.00;480.00;27.06;E0_0_4900m;5.00;40;42;2.53;27.29
7200.00;7500.00;1320.00;27.60;E0_1_4900m;5.00;110;110;6.64;27.85
7200.00;7500.00;552.00;27.35;E0_0_5000m;5.00;46;46;2.80;27.58
7200.00;7500.00;1272.00;27.99;E0_1_5000m;5.00;106;106;6.31;28.25
7500.00;7800.00;0.00;-1.00;E0_0_0m;-1.00;0;0;0.00;-1.00
7500.00;7800.00;0.00;-1.00;E0_1_0m;-1.00;0;0;0.00;-1.00
7500.00;7800.00;924.00;2.83;E0_0_100m;5.00;77;77;45.35;2.84
7500.00;7800.00;852.00;2.50;E0_1_100m;5.00;71;71;47.38;2.54
7500.00;7800.00;924.00;2.83;E0_0_200m;5.00;77;78;45.39;2.84
7500.00;7800.00;864.00;2.52;E0_1_200m;5.00;72;72;47.70;2.55
7500.00;7800.00;924.00;2.84;E0_0_300m;5.00;77;77;45.21;2.85
7500.00;7800.00;864.00;2.53;E0_1_300m;5.00;72;72;48.02;2.57
7500.00;7800.00;936.00;2.86;E0_0_400m;5.00;78;79;45.52;2.87
7500.00;7800.00;876.00;2.56;E0_1_400m;5.00;73;73;47.49;2.59
7500.00;7800.00;936.00;2.88;E0_0_500m;5.00;78;78;45.07;2.89
7500.00;7800.00;888.00;2.58;E0_1_500m;5.00;74;73;47.61;2.61
7500.00;7800.00;948.00;2.90;E0_0_600m;5.00;79;80;45.43;2.90
7500.00;7800.00;888.00;2.62;E0_1_600m;5.00;74;74;47.03;2.64
7500.00;7800.00;960.00;2.91;E0_0_700m;5.00;80;79;45.41;2.91
7500.00;7800.00;888.00;2.64;E0_1_700m;5.00;74;75;47.31;2.66
7500.00;7800.00;960.00;2.92;E0_0_800m;5.00;80;80;45.66;2.92
7500.00;7800.00;900.00;2.65;E0_1_800m;5.00;75;75;47.09;2.67
7500.00;7800.00;960.00;2.94;E0_0_900m;5.00;80;81;45.66;2.94
7500.00;7800.00;900.00;2.66;E0_1_900m;5.00;75;75;47.49;2.67
7500.00;7800.00;960.00;2.94;E0_0_1000m;5.00;80;80;45.37;2.95
7500.00;7800.00;912.00;2.67;E0_1_1000m;5.00;76;75;46.98;2.68
7500.00;7800.00;972.00;2.96;E0_0_1100m;5.00;81;80;45.53;2.96
7500.00;7800.00;900.00;2.66;E0_1_1100m;5.00;75;74;47.06;2.67
7500.00;7800.00;972.00;2.96;E0_0_1200m;5.00;81;81;45.55;2.97
7500.00;7800.00;888.00;2.65;E0_1_1200m;5.00;74;75;47.30;2.66
7500.00;7800.00;972.00;2.97;E0_0_1300m;5.00;81;81;45.50;2.98
7500.00;7800.00;900.00;2.62;E0_1_1300m;5.00;75;74;47.47;2.63
7500.00;7800.00;960.00;2.96;E0_0_1400m;5.00;80;81;45.47;2.97
7500.00;7800.00;888.00;2.58;E0_1_1400m;5.00;74;74;47.74;2.61
7500.00;7800.00;972.00;2.96;E0_0_1500m;5.00;81;80;45.49;2.97
7500.00;7800.00;888.00;2.57;E0_1_1500m;5.00;74;73;47.86;2.60
7500.00;7800.00;960.00;2.97;E0_0_1600m;5.00;80;81;45.30;2.98
7500.00;7800.00;876.00;2.55;E0_1_1600m;5.00;73;73;47.71;2.58
7500.00;7800.00;960.00;2.97;E0_0_1700m;5.00;80;80;45.24;2.99
7500.00;7800.00;876.00;2.54;E0_1_1700m;5.00;73;73;47.93;2.57
7500.00;7800.00;972.00;2.96;E0_0_1800m;5.00;81;80;45.38;2.98
7500.00;7800.00;876.00;2.52;E0_1_1800m;5.00;73;72;47.78;2.55
7500.00;7800.00;960.00;2.96;E0_0_1900m;5.00;80;80;45.10;2.97
7500.00;7800.00;864.00;2.50;E0_1_1900m;5.00;72;72;48.37;2.52
7500.00;7800.00;960.00;2.95;E0_0_2000m;5.00;80;80;45.22;2.97
7500.00;7800.00;864.00;2.48;E0_1_2000m;5.00;72;71;48.07;2.50
7500.00;7800.00;960.00;2.96;E0_0_2100m;5.00;80;80;45.05;2.98
7500.00;7800.00;852.00;2.46;E0_1_2100m;5.00;71;71;48.18;2.49
7500.00;7800.00;972.00;2.99;E0_0_2200m;5.00;81;81;45.32;3.01
7500.00;7800.00;852.00;2.46;E0_1_2200m;5.00;71;70;48.07;2.49
7500.00;7800.00;984.00;3.03;E0_0_2300m;5.00;82;82;45.03;3.07
7500.00;7800.00;852.00;2.46;E0_1_2300m;5.00;71;71;47.79;2.50
7500.00;7800.00;996.00;3.06;E0_0_2400m;5.00;83;82;44.77;3.10
7500.00;7800.00;852.00;2.44;E0_1_2400m;5.00;71;71;48.48;2.49
7500.00;7800.00;996.00;3.09;E0_0_2500m;5.00;83;83;44.83;3.14
7500.00;7800.00;852.00;2.43;E0_1_2500m;5.00;71;70;48.13;2.48
7500.00;7800.00;996.00;3.12;E0_0_2600m;5.00;83;84;44.51;3.17
7500.00;7800.00;840.00;2.45;E0_1_2600m;5.00;70;71;47.75;2.53
7500.00;7800.00;1008.00;3.13;E0_0_2700m;5.00;84;84;44.81;3.19
7500.00;7800.00;852.00;2.46;E0_1_2700m;5.00;71;71;48.02;2.54
7500.00;7800.00;996.00;3.10;E0_0_2800m;5.00;83;84;44.95;3.18
7500.00;7800.00;852.00;2.45;E0_1_2800m;5.00;71;71;48.26;2.57
7500.00;7800.00;996.00;3.06;E0_0_2900m;5.00;83;82;44.91;3.16
7500.00;7800.00;840.00;2.45;E0_1_2900m;5.00;70;71;48.33;2.63
7500.00;7800.00;900.00;2.84;E0_0_3000m;5.00;75;82;50.16;3.43
7500.00;7800.00;936.00;3.64;E0_1_3000m;5.00;78;78;35.74;4.00
7500.00;7800.00;852.00;4.53;E0_0_3100m;5.00;71;71;26.15;4.69
7500.00;7800.00;960.00;4.53;E0_1_3100m;5.00;80;80;29.46;4.68
7500.00;7800.00;888.00;4.50;E0_0_3200m;5.00;74;73;27.35;4.72
7500.00;7800.00;960.00;4.53;E0_1_3200m;5.00;80;81;29.49;4.74
7500.00;7800.00;888.00;4.48;E0_0_3300m;5.00;74;74;27.56;4.77
7500.00;7800.00;960.00;4.53;E0_1_3300m;5.00;80;80;29.45;4.82
7500.00;7800.00;888.00;4.65;E0_0_3400m;5.00;74;74;26.54;5.14
7500.00;7800.00;984.00;4.54;E0_1_3400m;5.00;82;82;30.08;5.05
7500.00;7800.00;756.00;6.59;E0_0_3500m;5.00;63;73;21.43;7.55
7500.00;7800.00;1152.00;4.35;E0_1_3500m;5.00;96;96;36.85;6.56
7500.00;7800.00;564.00;14.42;E0_0_3600m;5.00;47;49;5.53;16.56
7500.00;7800.00;1332.00;11.75;E0_1_3600m;5.00;111;115;16.18;12.22
7500.00;7800.00;660.00;16.14;E0_0_3700m;5.00;55;59;5.95;16.77
7500.00;7800.00;1272.00;12.13;E0_1_3700m;5.00;106;111;15.02;13.02
7500.00;7800.00;576.00;15.98;E0_0_3800m;5.00;48;53;5.23;16.18
7500.00;7800.00;1332.00;12.16;E0_1_3800m;5.00;111;114;15.35;12.92
7500.00;7800.00;612.00;14.05;E0_0_3900m;5.00;51;53;6.19;16.11
7500.00;7800.00;1332.00;11.94;E0_1_3900m;5.00;111;113;15.69;13.55
7500.00;7800.00;564.00;12.73;E0_0_4000m;5.00;47;49;6.29;15.85
7500.00;7800.00;1380.00;11.69;E0_1_4000m;5.00;115;118;16.49;13.83
7500.00;7800.00;528.00;24.13;E0_0_4100m;5.00;44;44;3.04;24.37
7500.00;7800.00;1404.00;25.07;E0_1_4100m;5.00;117;117;7.78;25.24
7500.00;7800.00;528.00;26.81;E0_0_4200m;5.00;44;46;2.82;27.04
7500.00;7800.00;1392.00;27.89;E0_1_4200m;5.00;116;117;6.96;28.22
7500.00;7800.00;552.00;27.47;E0_0_4300m;5.00;46;47;2.82;27.69
7500.00;7800.00;1380.00;27.99;E0_1_4300m;5.00;115;115;6.85;28.28
7500.00;7800.00;552.00;27.01;E0_0_4400m;5.00;46;46;2.84;27.29
7500.00;7800.00;1380.00;27.58;E0_1_4400m;5.00;115;117;7.01;27.92
7500.00;7800.00;552.00;27.09;E0_0_4500m;5.00;46;48;2.87;27.34
7500.00;7800.00;1380.00;27.33;E0_1_4500m;5.00;115;115;7.01;27.66
7500.00;7800.00;588.00;26.65;E0_0_4600m;5.00;49;51;3.14;26.96
7500.00;7800.00;1356.00;27.13;E0_1_4600m;5.00;113;115;6.97;27.64
7500.00;7800.00;552.00;26.79;E0_0_4700m;5.00;46;48;2.97;27.05
7500.00;7800.00;1344.00;27.10;E0_1_4700m;5.00;112;112;6.89;27.51
7500.00;7800.00;588.00;26.81;E0_0_4800m;5.00;49;50;3.09;27.36
7500.00;7800.00;1320.00;26.67;E0_1_4800m;5.00;110;112;6.99;27.03
7500.00;7800.00;564.00;26.52;E0_0_4900m;5.00;47;48;2.97;27.04
7500.00;7800.00;1356.00;26.24;E0_1_4900m;5.00;113;114;7.26;26.74
7500.00;7800.00;552.00;27.23;E0_0_5000m;5.00;46;46;2.82;27.36
7500.00;7800.00;1380.00;27.16;E0_1_5000m;5.00;115;115;7.06;27.44
