interval_begin;interval_end;interval_flow;interval_harmonicMeanSpeed;interval_id;interval_length;interval_nVehContrib;interval_nVehEntered;interval_occupancy;interval_speed
0.00;300.00;0.00;-1.00;E0_0_0m;-1.00;0;0;0.00;-1.00
0.00;300.00;0.00;-1.00;E0_1_0m;-1.00;0;0;0.00;-1.00
0.00;300.00;2220.00;25.65;E0_0_100m;5.00;185;185;12.02;25.72
0.00;300.00;2208.00;27.04;E0_1_100m;5.00;184;184;11.34;27.15
0.00;300.00;2184.00;25.62;E0_0_200m;5.00;182;182;11.84;25.69
0.00;300.00;2184.00;27.12;E0_1_200m;5.00;182;182;11.18;27.27
0.00;300.00;2124.00;25.78;E0_0_300m;5.00;177;177;11.44;25.85
0.00;300.00;2172.00;27.02;E0_1_300m;5.00;181;181;11.16;27.16
0.00;300.00;2076.00;25.72;E0_0_400m;5.00;173;173;11.21;25.79
0.00;300.00;2148.00;27.01;E0_1_400m;5.00;179;179;11.05;27.13
0.00;300.00;2040.00;25.58;E0_0_500m;5.00;170;170;11.08;25.64
0.00;300.00;2112.00;26.91;E0_1_500m;5.00;176;176;10.90;27.04
0.00;300.00;2004.00;25.62;E0_0_600m;5.00;167;167;10.86;25.68
0.00;300.00;2076.00;26.80;E0_1_600m;5.00;173;173;10.76;26.91
0.00;300.00;1968.00;25.57;E0_0_700m;5.00;164;165;10.74;25.64
0.00;300.00;2052.00;26.75;E0_1_700m;5.00;171;171;10.65;26.85
0.00;300.00;1896.00;25.55;E0_0_800m;5.00;158;158;10.31;25.64
0.00;300.00;2064.00;26.68;E0_1_800m;5.00;172;172;10.74;26.77
0.00;300.00;1884.00;25.56;E0_0_900m;5.00;157;157;10.24;25.64
0.00;300.00;2028.00;26.52;E0_1_900m;5.00;169;169;10.62;26.60
0.00;300.00;1860.00;25.62;E0_0_1000m;5.00;155;155;10.08;25.69
0.00;300.00;2004.00;26.39;E0_1_1000m;5.00;167;167;10.55;26.47
0.00;300.00;1824.00;25.57;E0_0_1100m;5.00;152;152;9.91;25.64
0.00;300.00;1992.00;26.29;E0_1_1100m;5.00;166;166;10.52;26.37
0.00;300.00;1788.00;25.45;E0_0_1200m;5.00;149;149;9.76;25.51
0.00;300.00;1956.00;26.18;E0_1_1200m;5.00;163;163;10.38;26.26
0.00;300.00;1764.00;25.40;E0_0_1300m;5.00;147;147;9.65;25.46
0.00;300.00;1908.00;26.02;E0_1_1300m;5.00;159;159;10.19;26.07
0.00;300.00;1716.00;25.31;E0_0_1400m;5.00;143;143;9.42;25.37
0.00;300.00;1920.00;25.90;E0_1_1400m;5.00;160;160;10.30;25.95
0.00;300.00;1704.00;25.29;E0_0_1500m;5.00;142;142;9.36;25.36
0.00;300.00;1884.00;25.79;E0_1_1500m;5.00;157;157;10.14;25.85
0.00;300.00;1668.00;25.27;E0_0_1600m;5.00;139;139;9.17;25.34
0.00;300.00;1860.00;25.72;E0_1_1600m;5.00;155;155;10.05;25.77
0.00;300.00;1632.00;25.17;E0_0_1700m;5.00;136;136;9.01;25.23
0.00;300.00;1836.00;25.64;E0_1_1700m;5.00;153;153;9.95;25.69
0.00;300.00;1572.00;25.09;E0_0_1800m;5.00;131;131;8.70;25.14
0.00;300.00;1824.00;25.61;E0_1_1800m;5.00;152;152;9.89;25.67
0.00;300.00;1548.00;24.98;E0_0_1900m;5.00;129;129;8.61;25.04
0.00;300.00;1788.00;25.66;E0_1_1900m;5.00;149;149;9.68;25.73
0.00;300.00;1536.00;24.92;E0_0_2000m;5.00;128;128;8.56;24.99
0.00;300.00;1740.00;25.64;E0_1_2000m;5.00;145;145;9.42;25.72
0.00;300.00;1512.00;24.86;E0_0_2100m;5.00;126;126;8.45;24.93
0.00;300.00;1692.00;25.63;E0_1_2100m;5.00;141;141;9.17;25.73
0.00;300.00;1464.00;24.75;E0_0_2200m;5.00;122;123;8.26;24.83
0.00;300.00;1668.00;25.60;E0_1_2200m;5.00;139;139;9.05;25.71
0.00;300.00;1452.00;24.60;E0_0_2300m;5.00;121;121;8.20;24.70
0.00;300.00;1644.00;25.60;E0_1_2300m;5.00;137;137;8.92;25.70
0.00;300.00;1416.00;24.59;E0_0_2400m;5.00;118;118;8.00;24.69
0.00;300.00;1608.00;25.55;E0_1_2400m;5.00;134;134;8.74;25.62
0.00;300.00;1356.00;24.60;E0_0_2500m;5.00;113;113;7.65;24.69
0.00;300.00;1596.00;25.53;E0_1_2500m;5.00;133;134;8.74;25.59
0.00;300.00;1320.00;24.67;E0_0_2600m;5.00;110;110;7.43;24.75
0.00;300.00;1572.00;25.57;E0_1_2600m;5.00;131;131;8.54;25.61
0.00;300.00;1308.00;24.67;E0_0_2700m;5.00;109;109;7.36;24.75
0.00;300.00;1524.00;25.64;E0_1_2700m;5.00;127;127;8.25;25.70
0.00;300.00;1284.00;24.57;E0_0_2800m;5.00;107;107;7.26;24.65
0.00;300.00;1512.00;25.74;E0_1_2800m;5.00;126;126;8.16;25.80
0.00;300.00;1260.00;24.39;E0_0_2900m;5.00;105;105;7.18;24.48
0.00;300.00;1464.00;25.92;E0_1_2900m;5.00;122;122;7.84;26.01
0.00;300.00;1236.00;24.09;E0_0_3000m;5.00;103;103;7.13;24.19
0.00;300.00;1416.00;25.73;E0_1_3000m;5.00;118;118;7.64;25.80
0.00;300.00;1188.00;24.31;E0_0_3100m;5.00;99;100;6.85;24.40
0.00;300.00;1380.00;25.46;E0_1_3100m;5.00;115;115;7.53;25.51
0.00;300.00;1152.00;24.59;E0_0_3200m;5.00;96;97;6.53;24.67
0.00;300.00;1344.00;25.28;E0_1_3200m;5.00;112;113;7.39;25.33
0.00;300.00;1116.00;24.71;E0_0_3300m;5.00;93;93;6.27;24.78
0.00;300.00;1320.00;25.14;E0_1_3300m;5.00;110;110;7.29;25.19
0.00;300.00;1080.00;24.78;E0_0_3400m;5.00;90;90;6.05;24.84
0.00;300.00;1284.00;25.01;E0_1_3400m;5.00;107;107;7.13;25.06
0.00;300.00;1056.00;24.80;E0_0_3500m;5.00;88;88;5.91;24.86
0.00;300.00;1260.00;24.90;E0_1_3500m;5.00;105;105;7.03;24.93
0.00;300.00;1032.00;24.80;E0_0_3600m;5.00;86;86;5.78;24.86
0.00;300.00;1236.00;24.77;E0_1_3600m;5.00;103;103;6.93;24.79
0.00;300.00;1032.00;24.73;E0_0_3700m;5.00;86;86;5.80;24.80
0.00;300.00;1212.00;24.72;E0_1_3700m;5.00;101;102;6.85;24.73
0.00;300.00;1020.00;24.52;E0_0_3800m;5.00;85;85;5.78;24.61
0.00;300.00;1188.00;24.71;E0_1_3800m;5.00;99;99;6.68;24.72
0.00;300.00;996.00;24.40;E0_0_3900m;5.00;83;83;5.67;24.49
0.00;300.00;1152.00;24.73;E0_1_3900m;5.00;96;96;6.47;24.74
0.00;300.00;972.00;24.25;E0_0_4000m;5.00;81;81;5.57;24.35
0.00;300.00;1116.00;24.75;E0_1_4000m;5.00;93;93;6.26;24.77
0.00;300.00;936.00;24.45;E0_0_4100m;5.00;78;78;5.32;24.54
0.00;300.00;1080.00;24.81;E0_1_4100m;5.00;90;90;6.05;24.83
0.00;300.00;912.00;24.58;E0_0_4200m;5.00;76;76;5.15;24.66
0.00;300.00;1032.00;24.87;E0_1_4200m;5.00;86;86;5.76;24.89
0.00;300.00;876.00;24.77;E0_0_4300m;5.00;73;73;4.91;24.85
0.00;300.00;996.00;24.81;E0_1_4300m;5.00;83;84;5.60;24.82
0.00;300.00;840.00;24.81;E0_0_4400m;5.00;70;70;4.70;24.89
0.00;300.00;972.00;24.77;E0_1_4400m;5.00;81;81;5.45;24.79
0.00;300.00;804.00;24.84;E0_0_4500m;5.00;67;67;4.50;24.92
0.00;300.00;936.00;24.73;E0_1_4500m;5.00;78;78;5.26;24.75
0.00;300.00;768.00;24.87;E0_0_4600m;5.00;64;64;4.29;24.96
0.00;300.00;900.00;24.69;E0_1_4600m;5.00;75;75;5.06;24.71
0.00;300.00;756.00;24.88;E0_0_4700m;5.00;63;63;4.22;24.96
0.00;300.00;864.00;24.70;E0_1_4700m;5.00;72;72;4.86;24.71
0.00;300.00;720.00;24.90;E0_0_4800m;5.00;60;60;4.02;24.99
0.00;300.00;828.00;24.71;E0_1_4800m;5.00;69;69;4.65;24.72
0.00;300.00;708.00;24.91;E0_0_4900m;5.00;59;59;3.95;25.00
0.00;300.00;816.00;24.72;E0_1_4900m;5.00;68;68;4.59;24.73
0.00;300.00;708.00;24.94;E0_0_5000m;5.00;59;59;3.94;25.03
0.00;300.00;816.00;24.74;E0_1_5000m;5.00;68;68;4.58;24.76
300.00;600.00;0.00;-1.00;E0_0_0m;-1.00;0;0;0.00;-1.00
300.00;600.00;0.00;-1.00;E0_1_0m;-1.00;0;0;0.00;-1.00
300.00;600.00;2004.00;25.57;E0_0_100m;5.00;167;168;10.94;25.70
300.00;600.00;2148.00;27.64;E0_1_100m;5.00;179;179;10.79;27.85
300.00;600.00;1944.00;25.22;E0_0_200m;5.00;162;162;10.70;25.41
300.00;600.00;2220.00;27.95;E0_1_200m;5.00;185;185;11.03;28.11
300.00;600.00;1932.00;24.95;E0_0_300m;5.00;161;161;10.76;25.15
300.00;600.00;2244.00;27.86;E0_1_300m;5.00;187;187;11.19;28.04
300.00;600.00;1932.00;24.78;E0_0_400m;5.00;161;163;10.90;24.98
300.00;600.00;2256.00;27.66;E0_1_400m;5.00;188;188;11.33;27.86
300.00;600.00;1932.00;24.75;E0_0_500m;5.00;161;161;10.84;24.95
300.00;600.00;2268.00;27.49;E0_1_500m;5.00;189;189;11.46;27.69
300.00;600.00;1944.00;24.64;E0_0_600m;5.00;162;162;10.96;24.82
300.00;600.00;2256.00;27.33;E0_1_600m;5.00;188;188;11.46;27.52
300.00;600.00;1944.00;24.48;E0_0_700m;5.00;162;162;11.01;24.66
300.00;600.00;2244.00;27.22;E0_1_700m;5.00;187;187;11.45;27.38
300.00;600.00;1896.00;24.55;E0_0_800m;5.00;158;158;10.73;24.74
300.00;600.00;2280.00;27.16;E0_1_800m;5.00;190;190;11.66;27.29
300.00;600.00;1872.00;24.59;E0_0_900m;5.00;156;156;10.57;24.78
300.00;600.00;2280.00;27.10;E0_1_900m;5.00;190;190;11.69;27.21
300.00;600.00;1836.00;24.55;E0_0_1000m;5.00;153;153;10.39;24.73
300.00;600.00;2292.00;27.08;E0_1_1000m;5.00;191;191;11.75;27.18
300.00;600.00;1848.00;24.38;E0_0_1100m;5.00;154;154;10.53;24.55
300.00;600.00;2268.00;27.16;E0_1_1100m;5.00;189;189;11.60;27.23
300.00;600.00;1860.00;24.29;E0_0_1200m;5.00;155;155;10.63;24.45
300.00;600.00;2328.00;27.08;E0_1_1200m;5.00;194;194;11.94;27.15
300.00;600.00;1920.00;24.33;E0_0_1300m;5.00;160;160;10.96;24.48
300.00;600.00;2340.00;26.95;E0_1_1300m;5.00;195;195;12.06;27.02
300.00;600.00;1872.00;24.45;E0_0_1400m;5.00;156;156;10.63;24.61
300.00;600.00;2376.00;26.86;E0_1_1400m;5.00;198;198;12.29;26.92
300.00;600.00;1824.00;24.53;E0_0_1500m;5.00;152;153;10.35;24.69
300.00;600.00;2400.00;26.74;E0_1_1500m;5.00;200;200;12.47;26.79
300.00;600.00;1848.00;24.44;E0_0_1600m;5.00;154;154;10.50;24.60
300.00;600.00;2376.00;26.66;E0_1_1600m;5.00;198;198;12.38;26.71
300.00;600.00;1848.00;24.41;E0_0_1700m;5.00;154;154;10.51;24.57
300.00;600.00;2364.00;26.67;E0_1_1700m;5.00;197;197;12.31;26.72
300.00;600.00;1848.00;24.40;E0_0_1800m;5.00;154;154;10.52;24.56
300.00;600.00;2364.00;26.64;E0_1_1800m;5.00;197;197;12.32;26.70
300.00;600.00;1824.00;24.28;E0_0_1900m;5.00;152;152;10.43;24.44
300.00;600.00;2376.00;26.61;E0_1_1900m;5.00;198;198;12.40;26.67
300.00;600.00;1824.00;24.35;E0_0_2000m;5.00;152;152;10.40;24.51
300.00;600.00;2376.00;26.61;E0_1_2000m;5.00;198;198;12.40;26.67
300.00;600.00;1836.00;24.36;E0_0_2100m;5.00;153;153;10.47;24.51
300.00;600.00;2364.00;26.56;E0_1_2100m;5.00;197;198;12.39;26.61
300.00;600.00;1860.00;24.40;E0_0_2200m;5.00;155;154;10.55;24.54
300.00;600.00;2352.00;26.41;E0_1_2200m;5.00;196;196;12.37;26.46
300.00;600.00;1860.00;24.42;E0_0_2300m;5.00;155;155;10.58;24.55
300.00;600.00;2364.00;26.25;E0_1_2300m;5.00;197;197;12.51;26.29
300.00;600.00;1884.00;24.54;E0_0_2400m;5.00;157;157;10.66;24.66
300.00;600.00;2364.00;26.24;E0_1_2400m;5.00;197;197;12.51;26.28
300.00;600.00;1908.00;24.62;E0_0_2500m;5.00;159;159;10.76;24.72
300.00;600.00;2352.00;26.28;E0_1_2500m;5.00;196;195;12.37;26.33
300.00;600.00;1932.00;24.81;E0_0_2600m;5.00;161;161;10.82;24.89
300.00;600.00;2340.00;26.24;E0_1_2600m;5.00;195;195;12.39;26.29
300.00;600.00;1908.00;24.89;E0_0_2700m;5.00;159;159;10.65;24.97
300.00;600.00;2352.00;26.19;E0_1_2700m;5.00;196;196;12.47;26.23
300.00;600.00;1884.00;24.71;E0_0_2800m;5.00;157;157;10.59;24.81
300.00;600.00;2340.00;26.18;E0_1_2800m;5.00;195;195;12.42;26.21
300.00;600.00;1884.00;24.55;E0_0_2900m;5.00;157;157;10.66;24.66
300.00;600.00;2352.00;26.17;E0_1_2900m;5.00;196;196;12.48;26.20
300.00;600.00;1908.00;24.34;E0_0_3000m;5.00;159;159;10.89;24.46
300.00;600.00;2352.00;26.18;E0_1_3000m;5.00;196;196;12.48;26.21
300.00;600.00;1944.00;24.27;E0_0_3100m;5.00;162;161;11.06;24.39
300.00;600.00;2340.00;26.21;E0_1_3100m;5.00;195;195;12.40;26.24
300.00;600.00;1956.00;24.18;E0_0_3200m;5.00;163;162;11.21;24.32
300.00;600.00;2352.00;26.23;E0_1_3200m;5.00;196;195;12.45;26.27
300.00;600.00;1980.00;24.22;E0_0_3300m;5.00;165;165;11.35;24.36
300.00;600.00;2328.00;26.40;E0_1_3300m;5.00;194;194;12.25;26.44
300.00;600.00;2004.00;24.17;E0_0_3400m;5.00;167;168;11.55;24.31
300.00;600.00;2316.00;26.43;E0_1_3400m;5.00;193;193;12.17;26.47
300.00;600.00;2028.00;24.14;E0_0_3500m;5.00;169;169;11.67;24.27
300.00;600.00;2328.00;26.42;E0_1_3500m;5.00;194;194;12.24;26.45
300.00;600.00;2052.00;24.10;E0_0_3600m;5.00;171;171;11.82;24.23
300.00;600.00;2352.00;26.40;E0_1_3600m;5.00;196;196;12.38;26.43
300.00;600.00;2028.00;24.18;E0_0_3700m;5.00;169;169;11.65;24.30
300.00;600.00;2400.00;26.39;E0_1_3700m;5.00;200;199;12.59;26.42
300.00;600.00;2040.00;24.26;E0_0_3800m;5.00;170;170;11.68;24.37
300.00;600.00;2424.00;26.42;E0_1_3800m;5.00;202;202;12.75;26.45
300.00;600.00;2064.00;24.41;E0_0_3900m;5.00;172;172;11.74;24.51
300.00;600.00;2460.00;26.42;E0_1_3900m;5.00;205;205;12.93;26.45
300.00;600.00;2052.00;24.58;E0_0_4000m;5.00;171;171;11.59;24.67
300.00;600.00;2508.00;26.38;E0_1_4000m;5.00;209;209;13.20;26.41
300.00;600.00;2052.00;24.67;E0_0_4100m;5.00;171;172;11.59;24.73
300.00;600.00;2508.00;26.42;E0_1_4100m;5.00;209;209;13.18;26.46
300.00;600.00;2088.00;24.63;E0_0_4200m;5.00;174;174;11.77;24.70
300.00;600.00;2496.00;26.40;E0_1_4200m;5.00;208;208;13.13;26.43
300.00;600.00;2100.00;24.52;E0_0_4300m;5.00;175;175;11.89;24.61
300.00;600.00;2520.00;26.27;E0_1_4300m;5.00;210;209;13.30;26.29
300.00;600.00;2088.00;24.33;E0_0_4400m;5.00;174;174;11.92;24.43
300.00;600.00;2520.00;26.23;E0_1_4400m;5.00;210;210;13.35;26.25
300.00;600.00;2064.00;24.25;E0_0_4500m;5.00;172;172;11.82;24.34
300.00;600.00;2556.00;26.31;E0_1_4500m;5.00;213;213;13.50;26.35
300.00;600.00;2088.00;24.31;E0_0_4600m;5.00;174;174;11.93;24.40
300.00;600.00;2532.00;26.31;E0_1_4600m;5.00;211;211;13.37;26.36
300.00;600.00;2064.00;24.50;E0_0_4700m;5.00;172;172;11.70;24.58
300.00;600.00;2520.00;26.19;E0_1_4700m;5.00;210;210;13.36;26.25
300.00;600.00;2100.00;24.77;E0_0_4800m;5.00;175;175;11.78;24.84
300.00;600.00;2484.00;26.17;E0_1_4800m;5.00;207;208;13.24;26.24
300.00;600.00;2076.00;24.93;E0_0_4900m;5.00;173;173;11.56;24.99
300.00;600.00;2472.00;26.17;E0_1_4900m;5.00;206;206;13.12;26.24
300.00;600.00;2028.00;25.05;E0_0_5000m;5.00;169;169;11.25;25.09
300.00;600.00;2436.00;26.22;E0_1_5000m;5.00;203;203;12.91;26.29
600.00;900.00;0.00;-1.00;E0_0_0m;-1.00;0;0;0.00;-1.00
600.00;900.00;0.00;-1.00;E0_1_0m;-1.00;0;0;0.00;-1.00
600.00;900.00;1848.00;25.75;E0_0_100m;5.00;154;154;9.97;25.90
600.00;900.00;2256.00;26.61;E0_1_100m;5.00;188;188;11.78;26.77
600.00;900.00;1860.00;26.00;E0_0_200m;5.00;155;155;9.94;26.15
600.00;900.00;2232.00;26.95;E0_1_200m;5.00;186;186;11.50;27.16
600.00;900.00;1848.00;25.86;E0_0_300m;5.00;154;154;9.92;26.01
600.00;900.00;2244.00;27.05;E0_1_300m;5.00;187;188;11.57;27.27
600.00;900.00;1848.00;25.71;E0_0_400m;5.00;154;153;9.96;25.86
600.00;900.00;2232.00;26.98;E0_1_400m;5.00;186;187;11.50;27.18
600.00;900.00;1872.00;25.68;E0_0_500m;5.00;156;156;10.13;25.84
600.00;900.00;2196.00;26.86;E0_1_500m;5.00;183;185;11.44;27.05
600.00;900.00;1872.00;25.50;E0_0_600m;5.00;156;156;10.20;25.68
600.00;900.00;2208.00;26.67;E0_1_600m;5.00;184;185;11.51;26.87
600.00;900.00;1884.00;25.32;E0_0_700m;5.00;157;156;10.30;25.48
600.00;900.00;2232.00;26.39;E0_1_700m;5.00;186;186;11.75;26.59
600.00;900.00;1884.00;24.98;E0_0_800m;5.00;157;157;10.48;25.13
600.00;900.00;2280.00;26.10;E0_1_800m;5.00;190;191;12.17;26.29
600.00;900.00;1884.00;24.62;E0_0_900m;5.00;157;157;10.63;24.76
600.00;900.00;2292.00;25.83;E0_1_900m;5.00;191;191;12.32;26.02
600.00;900.00;1896.00;24.44;E0_0_1000m;5.00;158;158;10.77;24.56
600.00;900.00;2292.00;25.56;E0_1_1000m;5.00;191;191;12.46;25.72
600.00;900.00;1908.00;24.39;E0_0_1100m;5.00;159;159;10.86;24.47
600.00;900.00;2292.00;25.27;E0_1_1100m;5.00;191;191;12.60;25.40
600.00;900.00;1920.00;24.22;E0_0_1200m;5.00;160;160;11.01;24.28
600.00;900.00;2280.00;25.14;E0_1_1200m;5.00;190;190;12.60;25.26
600.00;900.00;1920.00;24.10;E0_0_1300m;5.00;160;160;11.06;24.16
600.00;900.00;2256.00;24.86;E0_1_1300m;5.00;188;188;12.60;24.96
600.00;900.00;1920.00;23.94;E0_0_1400m;5.00;160;160;11.14;24.01
600.00;900.00;2280.00;24.69;E0_1_1400m;5.00;190;190;12.83;24.77
600.00;900.00;1920.00;23.76;E0_0_1500m;5.00;160;159;11.21;23.85
600.00;900.00;2304.00;24.62;E0_1_1500m;5.00;192;192;13.00;24.70
600.00;900.00;1920.00;23.85;E0_0_1600m;5.00;160;160;11.18;23.93
600.00;900.00;2304.00;24.58;E0_1_1600m;5.00;192;192;13.02;24.68
600.00;900.00;1920.00;23.76;E0_0_1700m;5.00;160;160;11.22;23.83
600.00;900.00;2304.00;24.47;E0_1_1700m;5.00;192;192;13.08;24.57
600.00;900.00;1920.00;23.65;E0_0_1800m;5.00;160;160;11.27;23.72
600.00;900.00;2304.00;24.39;E0_1_1800m;5.00;192;193;13.15;24.49
600.00;900.00;1920.00;23.66;E0_0_1900m;5.00;160;161;11.30;23.72
600.00;900.00;2304.00;24.33;E0_1_1900m;5.00;192;192;13.15;24.44
600.00;900.00;1932.00;23.49;E0_0_2000m;5.00;161;161;11.42;23.56
600.00;900.00;2280.00;24.23;E0_1_2000m;5.00;190;191;13.09;24.33
600.00;900.00;1968.00;23.51;E0_0_2100m;5.00;164;164;11.63;23.56
600.00;900.00;2280.00;24.17;E0_1_2100m;5.00;190;190;13.10;24.26
600.00;900.00;1956.00;23.46;E0_0_2200m;5.00;163;163;11.58;23.51
600.00;900.00;2316.00;24.16;E0_1_2200m;5.00;193;193;13.31;24.25
600.00;900.00;1944.00;23.46;E0_0_2300m;5.00;162;162;11.51;23.51
600.00;900.00;2304.00;24.18;E0_1_2300m;5.00;192;192;13.24;24.26
600.00;900.00;1932.00;23.47;E0_0_2400m;5.00;161;161;11.44;23.51
600.00;900.00;2292.00;24.13;E0_1_2400m;5.00;191;191;13.19;24.20
600.00;900.00;1932.00;23.48;E0_0_2500m;5.00;161;161;11.43;23.52
600.00;900.00;2292.00;24.10;E0_1_2500m;5.00;191;191;13.21;24.17
600.00;900.00;1908.00;23.59;E0_0_2600m;5.00;159;159;11.23;23.63
600.00;900.00;2292.00;24.14;E0_1_2600m;5.00;191;191;13.19;24.21
600.00;900.00;1920.00;23.74;E0_0_2700m;5.00;160;161;11.27;23.78
600.00;900.00;2280.00;24.25;E0_1_2700m;5.00;190;191;13.09;24.34
600.00;900.00;1932.00;23.75;E0_0_2800m;5.00;161;162;11.37;23.80
600.00;900.00;2280.00;24.25;E0_1_2800m;5.00;190;191;13.10;24.34
600.00;900.00;1944.00;23.62;E0_0_2900m;5.00;162;162;11.43;23.66
600.00;900.00;2292.00;24.17;E0_1_2900m;5.00;191;191;13.17;24.24
600.00;900.00;1944.00;23.48;E0_0_3000m;5.00;162;162;11.50;23.51
600.00;900.00;2280.00;24.10;E0_1_3000m;5.00;190;190;13.14;24.17
600.00;900.00;1944.00;23.39;E0_0_3100m;5.00;162;162;11.54;23.42
600.00;900.00;2268.00;24.05;E0_1_3100m;5.00;189;189;13.10;24.11
600.00;900.00;1920.00;23.36;E0_0_3200m;5.00;160;160;11.42;23.39
600.00;900.00;2268.00;24.07;E0_1_3200m;5.00;189;189;13.09;24.15
600.00;900.00;1920.00;23.34;E0_0_3300m;5.00;160;160;11.43;23.37
600.00;900.00;2280.00;24.16;E0_1_3300m;5.00;190;190;13.11;24.27
600.00;900.00;1920.00;23.34;E0_0_3400m;5.00;160;159;11.39;23.38
600.00;900.00;2268.00;24.25;E0_1_3400m;5.00;189;189;12.99;24.42
600.00;900.00;1908.00;23.34;E0_0_3500m;5.00;159;159;11.35;23.37
600.00;900.00;2256.00;24.22;E0_1_3500m;5.00;188;188;12.93;24.41
600.00;900.00;1896.00;23.33;E0_0_3600m;5.00;158;158;11.29;23.36
600.00;900.00;2232.00;24.21;E0_1_3600m;5.00;186;186;12.80;24.41
600.00;900.00;1872.00;23.34;E0_0_3700m;5.00;156;156;11.14;23.37
600.00;900.00;2184.00;24.23;E0_1_3700m;5.00;182;182;12.52;24.43
600.00;900.00;1848.00;23.34;E0_0_3800m;5.00;154;154;11.00;23.37
600.00;900.00;2160.00;24.23;E0_1_3800m;5.00;180;180;12.38;24.43
600.00;900.00;1812.00;23.33;E0_0_3900m;5.00;151;151;10.79;23.36
600.00;900.00;2124.00;24.15;E0_1_3900m;5.00;177;177;12.22;24.28
600.00;900.00;1788.00;23.36;E0_0_4000m;5.00;149;149;10.63;23.39
600.00;900.00;2112.00;24.04;E0_1_4000m;5.00;176;176;12.20;24.13
600.00;900.00;1776.00;23.41;E0_0_4100m;5.00;148;148;10.56;23.45
600.00;900.00;2112.00;24.07;E0_1_4100m;5.00;176;176;12.19;24.16
600.00;900.00;1752.00;23.50;E0_0_4200m;5.00;146;147;10.40;23.54
600.00;900.00;2112.00;24.11;E0_1_4200m;5.00;176;176;12.17;24.20
600.00;900.00;1740.00;23.66;E0_0_4300m;5.00;145;145;10.21;23.71
600.00;900.00;2088.00;24.17;E0_1_4300m;5.00;174;174;12.00;24.28
600.00;900.00;1728.00;23.50;E0_0_4400m;5.00;144;144;10.21;23.53
600.00;900.00;2100.00;24.20;E0_1_4400m;5.00;175;175;12.05;24.30
600.00;900.00;1728.00;23.35;E0_0_4500m;5.00;144;144;10.28;23.39
600.00;900.00;2088.00;24.21;E0_1_4500m;5.00;174;174;11.98;24.30
600.00;900.00;1728.00;23.30;E0_0_4600m;5.00;144;145;10.34;23.34
600.00;900.00;2088.00;24.28;E0_1_4600m;5.00;174;174;11.94;24.39
600.00;900.00;1752.00;23.30;E0_0_4700m;5.00;146;146;10.44;23.35
600.00;900.00;2088.00;24.40;E0_1_4700m;5.00;174;174;11.88;24.53
600.00;900.00;1728.00;23.22;E0_0_4800m;5.00;144;145;10.39;23.26
600.00;900.00;2100.00;24.44;E0_1_4800m;5.00;175;175;11.94;24.56
600.00;900.00;1728.00;23.12;E0_0_4900m;5.00;144;145;10.42;23.18
600.00;900.00;2088.00;24.53;E0_1_4900m;5.00;174;175;11.85;24.65
600.00;900.00;1740.00;23.05;E0_0_5000m;5.00;145;145;10.48;23.13
600.00;900.00;2100.00;24.66;E0_1_5000m;5.00;175;175;11.83;24.78
900.00;1200.00;0.00;-1.00;E0_0_0m;-1.00;0;0;0.00;-1.00
900.00;1200.00;0.00;-1.00;E0_1_0m;-1.00;0;0;0.00;-1.00
900.00;1200.00;1932.00;25.72;E0_0_100m;5.00;161;161;10.43;25.90
900.00;1200.00;2124.00;27.34;E0_1_100m;5.00;177;177;10.79;27.50
900.00;1200.00;1920.00;25.55;E0_0_200m;5.00;160;160;10.44;25.76
900.00;1200.00;2136.00;27.76;E0_1_200m;5.00;178;178;10.69;27.95
900.00;1200.00;1920.00;25.46;E0_0_300m;5.00;160;160;10.47;25.67
900.00;1200.00;2148.00;27.66;E0_1_300m;5.00;179;180;10.80;27.87
900.00;1200.00;1932.00;25.31;E0_0_400m;5.00;161;161;10.60;25.54
900.00;1200.00;2160.00;27.59;E0_1_400m;5.00;180;179;10.86;27.80
900.00;1200.00;1908.00;25.06;E0_0_500m;5.00;159;159;10.57;25.28
900.00;1200.00;2184.00;27.40;E0_1_500m;5.00;182;181;11.01;27.60
900.00;1200.00;1908.00;24.92;E0_0_600m;5.00;159;159;10.63;25.14
900.00;1200.00;2196.00;27.18;E0_1_600m;5.00;183;183;11.22;27.35
900.00;1200.00;1884.00;24.79;E0_0_700m;5.00;157;157;10.56;24.99
900.00;1200.00;2196.00;27.04;E0_1_700m;5.00;183;183;11.28;27.21
900.00;1200.00;1860.00;24.71;E0_0_800m;5.00;155;155;10.45;24.90
900.00;1200.00;2172.00;26.90;E0_1_800m;5.00;181;180;11.18;27.07
900.00;1200.00;1848.00;24.61;E0_0_900m;5.00;154;155;10.47;24.78
900.00;1200.00;2172.00;26.65;E0_1_900m;5.00;181;181;11.32;26.82
900.00;1200.00;1836.00;24.56;E0_0_1000m;5.00;153;153;10.38;24.72
900.00;1200.00;2184.00;26.38;E0_1_1000m;5.00;182;183;11.52;26.54
900.00;1200.00;1812.00;24.56;E0_0_1100m;5.00;151;151;10.25;24.72
900.00;1200.00;2184.00;26.22;E0_1_1100m;5.00;182;182;11.57;26.38
900.00;1200.00;1788.00;24.50;E0_0_1200m;5.00;149;149;10.14;24.64
900.00;1200.00;2136.00;26.13;E0_1_1200m;5.00;178;178;11.35;26.29
900.00;1200.00;1740.00;24.39;E0_0_1300m;5.00;145;145;9.91;24.53
900.00;1200.00;2148.00;26.11;E0_1_1300m;5.00;179;179;11.42;26.26
900.00;1200.00;1716.00;24.32;E0_0_1400m;5.00;143;143;9.80;24.47
900.00;1200.00;2124.00;26.12;E0_1_1400m;5.00;177;177;11.29;26.26
900.00;1200.00;1728.00;24.26;E0_0_1500m;5.00;144;144;9.89;24.40
900.00;1200.00;2124.00;26.14;E0_1_1500m;5.00;177;177;11.28;26.26
900.00;1200.00;1752.00;24.11;E0_0_1600m;5.00;146;147;10.13;24.23
900.00;1200.00;2112.00;26.19;E0_1_1600m;5.00;176;176;11.20;26.31
900.00;1200.00;1776.00;23.88;E0_0_1700m;5.00;148;149;10.38;23.99
900.00;1200.00;2100.00;26.10;E0_1_1700m;5.00;175;176;11.22;26.23
900.00;1200.00;1800.00;23.74;E0_0_1800m;5.00;150;150;10.53;23.83
900.00;1200.00;2100.00;25.86;E0_1_1800m;5.00;175;174;11.25;25.97
900.00;1200.00;1788.00;23.63;E0_0_1900m;5.00;149;148;10.48;23.72
900.00;1200.00;2124.00;25.74;E0_1_1900m;5.00;177;178;11.52;25.86
900.00;1200.00;1800.00;23.61;E0_0_2000m;5.00;150;150;10.59;23.71
900.00;1200.00;2124.00;25.77;E0_1_2000m;5.00;177;177;11.45;25.92
900.00;1200.00;1764.00;23.54;E0_0_2100m;5.00;147;148;10.46;23.65
900.00;1200.00;2124.00;25.85;E0_1_2100m;5.00;177;177;11.41;26.03
900.00;1200.00;1728.00;23.46;E0_0_2200m;5.00;144;144;10.23;23.58
900.00;1200.00;2124.00;25.88;E0_1_2200m;5.00;177;177;11.40;26.06
900.00;1200.00;1704.00;23.55;E0_0_2300m;5.00;142;142;10.05;23.65
900.00;1200.00;2124.00;25.90;E0_1_2300m;5.00;177;177;11.39;26.07
900.00;1200.00;1692.00;23.65;E0_0_2400m;5.00;141;141;9.94;23.76
900.00;1200.00;2148.00;25.81;E0_1_2400m;5.00;179;179;11.56;25.97
900.00;1200.00;1692.00;23.68;E0_0_2500m;5.00;141;142;9.97;23.80
900.00;1200.00;2136.00;25.74;E0_1_2500m;5.00;178;178;11.52;25.90
900.00;1200.00;1692.00;23.59;E0_0_2600m;5.00;141;141;9.96;23.71
900.00;1200.00;2148.00;25.74;E0_1_2600m;5.00;179;180;11.60;25.88
900.00;1200.00;1692.00;23.42;E0_0_2700m;5.00;141;141;10.04;23.54
900.00;1200.00;2160.00;25.78;E0_1_2700m;5.00;180;179;11.61;25.93
900.00;1200.00;1716.00;23.36;E0_0_2800m;5.00;143;142;10.14;23.49
900.00;1200.00;2148.00;25.76;E0_1_2800m;5.00;179;180;11.58;25.89
900.00;1200.00;1716.00;23.39;E0_0_2900m;5.00;143;143;10.19;23.51
900.00;1200.00;2148.00;25.72;E0_1_2900m;5.00;179;179;11.60;25.85
900.00;1200.00;1728.00;23.44;E0_0_3000m;5.00;144;144;10.24;23.55
900.00;1200.00;2148.00;25.65;E0_1_3000m;5.00;179;179;11.63;25.77
900.00;1200.00;1728.00;23.53;E0_0_3100m;5.00;144;144;10.20;23.63
900.00;1200.00;2148.00;25.65;E0_1_3100m;5.00;179;179;11.63;25.78
900.00;1200.00;1728.00;23.57;E0_0_3200m;5.00;144;145;10.23;23.67
900.00;1200.00;2148.00;25.65;E0_1_3200m;5.00;179;179;11.63;25.79
900.00;1200.00;1740.00;23.66;E0_0_3300m;5.00;145;145;10.21;23.77
900.00;1200.00;2124.00;25.70;E0_1_3300m;5.00;177;177;11.48;25.87
900.00;1200.00;1740.00;23.55;E0_0_3400m;5.00;145;146;10.31;23.66
900.00;1200.00;2112.00;25.75;E0_1_3400m;5.00;176;176;11.39;25.90
900.00;1200.00;1728.00;23.53;E0_0_3500m;5.00;144;145;10.27;23.63
900.00;1200.00;2100.00;25.81;E0_1_3500m;5.00;175;175;11.30;25.95
900.00;1200.00;1740.00;23.63;E0_0_3600m;5.00;145;145;10.23;23.74
900.00;1200.00;2088.00;25.85;E0_1_3600m;5.00;174;174;11.22;25.98
900.00;1200.00;1800.00;23.60;E0_0_3700m;5.00;150;150;10.59;23.71
900.00;1200.00;2100.00;25.88;E0_1_3700m;5.00;175;176;11.28;26.03
900.00;1200.00;1812.00;23.57;E0_0_3800m;5.00;151;151;10.68;23.67
900.00;1200.00;2124.00;25.76;E0_1_3800m;5.00;177;177;11.45;25.90
900.00;1200.00;1800.00;23.50;E0_0_3900m;5.00;150;150;10.64;23.58
900.00;1200.00;2148.00;25.63;E0_1_3900m;5.00;179;179;11.64;25.77
900.00;1200.00;1788.00;23.34;E0_0_4000m;5.00;149;149;10.64;23.42
900.00;1200.00;2148.00;25.60;E0_1_4000m;5.00;179;179;11.65;25.75
900.00;1200.00;1836.00;23.46;E0_0_4100m;5.00;153;152;10.80;23.56
900.00;1200.00;2148.00;25.67;E0_1_4100m;5.00;179;179;11.62;25.82
900.00;1200.00;1896.00;23.49;E0_0_4200m;5.00;158;157;11.17;23.59
900.00;1200.00;2160.00;25.58;E0_1_4200m;5.00;180;180;11.73;25.73
900.00;1200.00;1920.00;23.49;E0_0_4300m;5.00;160;160;11.35;23.57
900.00;1200.00;2196.00;25.41;E0_1_4300m;5.00;183;183;12.00;25.55
900.00;1200.00;1956.00;23.41;E0_0_4400m;5.00;163;163;11.60;23.47
900.00;1200.00;2232.00;25.32;E0_1_4400m;5.00;186;186;12.24;25.44
900.00;1200.00;1956.00;23.36;E0_0_4500m;5.00;163;163;11.63;23.41
900.00;1200.00;2244.00;25.26;E0_1_4500m;5.00;187;187;12.34;25.38
900.00;1200.00;1944.00;23.36;E0_0_4600m;5.00;162;162;11.54;23.40
900.00;1200.00;2244.00;25.15;E0_1_4600m;5.00;187;187;12.39;25.26
900.00;1200.00;1944.00;23.41;E0_0_4700m;5.00;162;162;11.53;23.45
900.00;1200.00;2232.00;25.07;E0_1_4700m;5.00;186;186;12.36;25.18
900.00;1200.00;1968.00;23.40;E0_0_4800m;5.00;164;163;11.62;23.44
900.00;1200.00;2232.00;25.02;E0_1_4800m;5.00;186;185;12.34;25.13
900.00;1200.00;1944.00;23.46;E0_0_4900m;5.00;162;162;11.48;23.49
900.00;1200.00;2244.00;24.85;E0_1_4900m;5.00;187;186;12.51;24.95
900.00;1200.00;1920.00;23.62;E0_0_5000m;5.00;160;160;11.29;23.66
900.00;1200.00;2256.00;24.70;E0_1_5000m;5.00;188;188;12.69;24.78
1200.00;1500.00;0.00;-1.00;E0_0_0m;-1.00;0;0;0.00;-1.00
1200.00;1500.00;0.00;-1.00;E0_1_0m;-1.00;0;0;0.00;-1.00
1200.00;1500.00;1824.00;24.69;E0_0_100m;5.00;152;152;10.26;24.81
1200.00;1500.00;2340.00;26.12;E0_1_100m;5.00;195;195;12.44;26.23
1200.00;1500.00;1896.00;24.77;E0_0_200m;5.00;158;158;10.63;24.93
1200.00;1500.00;2316.00;26.39;E0_1_200m;5.00;193;193;12.19;26.60
1200.00;1500.00;1872.00;24.76;E0_0_300m;5.00;156;157;10.52;24.93
1200.00;1500.00;2352.00;26.10;E0_1_300m;5.00;196;195;12.49;26.31
1200.00;1500.00;1896.00;24.66;E0_0_400m;5.00;158;158;10.68;24.84
1200.00;1500.00;2340.00;25.98;E0_1_400m;5.00;195;195;12.51;26.18
1200.00;1500.00;1896.00;24.60;E0_0_500m;5.00;158;158;10.71;24.77
1200.00;1500.00;2364.00;25.91;E0_1_500m;5.00;197;197;12.67;26.11
1200.00;1500.00;1872.00;24.57;E0_0_600m;5.00;156;156;10.58;24.73
1200.00;1500.00;2364.00;25.84;E0_1_600m;5.00;197;197;12.71;26.03
1200.00;1500.00;1896.00;24.32;E0_0_700m;5.00;158;158;10.83;24.47
1200.00;1500.00;2340.00;25.80;E0_1_700m;5.00;195;195;12.60;26.00
1200.00;1500.00;1896.00;24.09;E0_0_800m;5.00;158;158;10.93;24.22
1200.00;1500.00;2352.00;25.69;E0_1_800m;5.00;196;196;12.72;25.90
1200.00;1500.00;1896.00;23.90;E0_0_900m;5.00;158;157;10.98;24.03
1200.00;1500.00;2364.00;25.64;E0_1_900m;5.00;197;197;12.80;25.86
1200.00;1500.00;1872.00;23.87;E0_0_1000m;5.00;156;157;10.94;24.00
1200.00;1500.00;2376.00;25.59;E0_1_1000m;5.00;198;198;12.90;25.80
1200.00;1500.00;1872.00;23.93;E0_0_1100m;5.00;156;156;10.86;24.06
1200.00;1500.00;2388.00;25.56;E0_1_1100m;5.00;199;200;13.01;25.76
1200.00;1500.00;1908.00;23.81;E0_0_1200m;5.00;159;159;11.13;23.93
1200.00;1500.00;2388.00;25.59;E0_1_1200m;5.00;199;199;12.96;25.80
1200.00;1500.00;1932.00;23.61;E0_0_1300m;5.00;161;161;11.36;23.72
1200.00;1500.00;2364.00;25.41;E0_1_1300m;5.00;197;197;12.92;25.62
1200.00;1500.00;1932.00;23.45;E0_0_1400m;5.00;161;161;11.44;23.56
1200.00;1500.00;2376.00;25.30;E0_1_1400m;5.00;198;198;13.04;25.52
1200.00;1500.00;1896.00;23.45;E0_0_1500m;5.00;158;159;11.23;23.55
1200.00;1500.00;2376.00;25.17;E0_1_1500m;5.00;198;198;13.11;25.37
1200.00;1500.00;1872.00;23.43;E0_0_1600m;5.00;156;156;11.10;23.53
1200.00;1500.00;2388.00;25.03;E0_1_1600m;5.00;199;200;13.28;25.21
1200.00;1500.00;1896.00;23.46;E0_0_1700m;5.00;158;157;11.17;23.55
1200.00;1500.00;2388.00;25.01;E0_1_1700m;5.00;199;198;13.21;25.18
1200.00;1500.00;1884.00;23.54;E0_0_1800m;5.00;157;157;11.11;23.64
1200.00;1500.00;2388.00;24.99;E0_1_1800m;5.00;199;199;13.27;25.16
1200.00;1500.00;1884.00;23.41;E0_0_1900m;5.00;157;157;11.18;23.52
1200.00;1500.00;2400.00;24.92;E0_1_1900m;5.00;200;199;13.32;25.07
1200.00;1500.00;1908.00;23.34;E0_0_2000m;5.00;159;159;11.35;23.42
1200.00;1500.00;2376.00;24.82;E0_1_2000m;5.00;198;198;13.29;24.97
1200.00;1500.00;1932.00;23.30;E0_0_2100m;5.00;161;161;11.52;23.37
1200.00;1500.00;2400.00;24.58;E0_1_2100m;5.00;200;200;13.56;24.69
1200.00;1500.00;1968.00;23.22;E0_0_2200m;5.00;164;164;11.77;23.29
1200.00;1500.00;2436.00;24.44;E0_1_2200m;5.00;203;203;13.85;24.54
1200.00;1500.00;1992.00;23.09;E0_0_2300m;5.00;166;166;11.98;23.15
1200.00;1500.00;2436.00;24.36;E0_1_2300m;5.00;203;203;13.89;24.46
1200.00;1500.00;2016.00;22.94;E0_0_2400m;5.00;168;168;12.21;23.00
1200.00;1500.00;2436.00;24.29;E0_1_2400m;5.00;203;203;13.93;24.39
1200.00;1500.00;2040.00;23.05;E0_0_2500m;5.00;170;169;12.25;23.11
1200.00;1500.00;2436.00;24.29;E0_1_2500m;5.00;203;204;13.96;24.41
1200.00;1500.00;2028.00;22.96;E0_0_2600m;5.00;169;169;12.27;23.02
1200.00;1500.00;2436.00;24.31;E0_1_2600m;5.00;203;202;13.90;24.44
1200.00;1500.00;2028.00;22.87;E0_0_2700m;5.00;169;169;12.32;22.93
1200.00;1500.00;2424.00;24.32;E0_1_2700m;5.00;202;202;13.84;24.45
1200.00;1500.00;2004.00;22.91;E0_0_2800m;5.00;167;167;12.15;22.96
1200.00;1500.00;2424.00;24.39;E0_1_2800m;5.00;202;201;13.80;24.52
1200.00;1500.00;1992.00;23.00;E0_0_2900m;5.00;166;166;12.03;23.04
1200.00;1500.00;2412.00;24.50;E0_1_2900m;5.00;201;201;13.67;24.63
1200.00;1500.00;2016.00;23.00;E0_0_3000m;5.00;168;168;12.17;23.05
1200.00;1500.00;2388.00;24.51;E0_1_3000m;5.00;199;199;13.53;24.64
1200.00;1500.00;2028.00;23.11;E0_0_3100m;5.00;169;170;12.22;23.17
1200.00;1500.00;2388.00;24.45;E0_1_3100m;5.00;199;199;13.57;24.57
1200.00;1500.00;2028.00;23.07;E0_0_3200m;5.00;169;168;12.15;23.13
1200.00;1500.00;2388.00;24.43;E0_1_3200m;5.00;199;200;13.61;24.55
1200.00;1500.00;2016.00;23.11;E0_0_3300m;5.00;168;168;12.11;23.16
1200.00;1500.00;2400.00;24.44;E0_1_3300m;5.00;200;201;13.65;24.57
1200.00;1500.00;2052.00;23.13;E0_0_3400m;5.00;171;171;12.29;23.18
1200.00;1500.00;2376.00;24.46;E0_1_3400m;5.00;198;198;13.49;24.59
1200.00;1500.00;2052.00;22.98;E0_0_3500m;5.00;171;170;12.33;23.03
1200.00;1500.00;2376.00;24.40;E0_1_3500m;5.00;198;198;13.53;24.53
1200.00;1500.00;2040.00;22.81;E0_0_3600m;5.00;170;170;12.42;22.86
1200.00;1500.00;2364.00;24.32;E0_1_3600m;5.00;197;198;13.54;24.44
1200.00;1500.00;2004.00;22.82;E0_0_3700m;5.00;167;167;12.20;22.88
1200.00;1500.00;2316.00;24.35;E0_1_3700m;5.00;193;193;13.21;24.47
1200.00;1500.00;1968.00;22.88;E0_0_3800m;5.00;164;164;11.95;22.93
1200.00;1500.00;2292.00;24.47;E0_1_3800m;5.00;191;191;13.01;24.60
1200.00;1500.00;1992.00;22.96;E0_0_3900m;5.00;166;166;12.05;23.03
1200.00;1500.00;2256.00;24.42;E0_1_3900m;5.00;188;188;12.83;24.57
1200.00;1500.00;1992.00;23.12;E0_0_4000m;5.00;166;166;11.96;23.22
1200.00;1500.00;2256.00;24.47;E0_1_4000m;5.00;188;188;12.80;24.65
1200.00;1500.00;1956.00;23.30;E0_0_4100m;5.00;163;163;11.66;23.38
1200.00;1500.00;2256.00;24.51;E0_1_4100m;5.00;188;188;12.78;24.71
1200.00;1500.00;1896.00;23.35;E0_0_4200m;5.00;158;159;11.29;23.46
1200.00;1500.00;2244.00;24.40;E0_1_4200m;5.00;187;187;12.77;24.59
1200.00;1500.00;1860.00;23.28;E0_0_4300m;5.00;155;155;11.10;23.39
1200.00;1500.00;2208.00;24.43;E0_1_4300m;5.00;184;184;12.55;24.61
1200.00;1500.00;1812.00;23.37;E0_0_4400m;5.00;151;151;10.77;23.44
1200.00;1500.00;2172.00;24.44;E0_1_4400m;5.00;181;182;12.39;24.62
1200.00;1500.00;1788.00;23.58;E0_0_4500m;5.00;149;150;10.59;23.66
1200.00;1500.00;2172.00;24.50;E0_1_4500m;5.00;181;181;12.31;24.68
1200.00;1500.00;1800.00;23.61;E0_0_4600m;5.00;150;149;10.57;23.69
1200.00;1500.00;2172.00;24.62;E0_1_4600m;5.00;181;181;12.25;24.82
1200.00;1500.00;1800.00;23.61;E0_0_4700m;5.00;150;150;10.59;23.71
1200.00;1500.00;2172.00;24.72;E0_1_4700m;5.00;181;181;12.20;24.94
1200.00;1500.00;1788.00;23.54;E0_0_4800m;5.00;149;149;10.55;23.62
1200.00;1500.00;2172.00;24.81;E0_1_4800m;5.00;181;181;12.16;25.04
1200.00;1500.00;1824.00;23.28;E0_0_4900m;5.00;152;152;10.94;23.34
1200.00;1500.00;2172.00;24.94;E0_1_4900m;5.00;181;181;12.10;25.21
1200.00;1500.00;1836.00;23.27;E0_0_5000m;5.00;153;153;10.96;23.34
1200.00;1500.00;2172.00;24.94;E0_1_5000m;5.00;181;181;12.10;25.17
1500.00;1800.00;0.00;-1.00;E0_0_0m;-1.00;0;0;0.00;-1.00
1500.00;1800.00;0.00;-1.00;E0_1_0m;-1.00;0;0;0.00;-1.00
1500.00;1800.00;1704.00;26.36;E0_0_100m;5.00;142;143;9.01;26.51
1500.00;1800.00;2088.00;27.79;E0_1_100m;5.00;174;175;10.45;27.95
1500.00;1800.00;1716.00;26.43;E0_0_200m;5.00;143;143;9.02;26.60
1500.00;1800.00;2028.00;28.03;E0_1_200m;5.00;169;169;10.05;28.28
1500.00;1800.00;1704.00;26.39;E0_0_300m;5.00;142;142;8.97;26.57
1500.00;1800.00;2016.00;27.99;E0_1_300m;5.00;168;168;10.00;28.27
1500.00;1800.00;1620.00;26.26;E0_0_400m;5.00;135;135;8.57;26.42
1500.00;1800.00;2076.00;27.88;E0_1_400m;5.00;173;173;10.34;28.14
1500.00;1800.00;1656.00;26.20;E0_0_500m;5.00;138;138;8.78;26.36
1500.00;1800.00;2028.00;27.92;E0_1_500m;5.00;169;169;10.09;28.19
1500.00;1800.00;1644.00;26.22;E0_0_600m;5.00;137;137;8.71;26.37
1500.00;1800.00;2052.00;27.89;E0_1_600m;5.00;171;171;10.22;28.15
1500.00;1800.00;1632.00;26.10;E0_0_700m;5.00;136;136;8.69;26.26
1500.00;1800.00;2124.00;27.86;E0_1_700m;5.00;177;177;10.59;28.08
1500.00;1800.00;1656.00;26.04;E0_0_800m;5.00;138;138;8.83;26.19
1500.00;1800.00;2124.00;27.82;E0_1_800m;5.00;177;177;10.60;28.00
1500.00;1800.00;1680.00;25.96;E0_0_900m;5.00;140;141;9.00;26.09
1500.00;1800.00;2148.00;27.59;E0_1_900m;5.00;179;179;10.81;27.78
1500.00;1800.00;1716.00;25.93;E0_0_1000m;5.00;143;142;9.14;26.04
1500.00;1800.00;2136.00;27.47;E0_1_1000m;5.00;178;179;10.85;27.65
1500.00;1800.00;1752.00;25.81;E0_0_1100m;5.00;146;146;9.43;25.95
1500.00;1800.00;2124.00;27.29;E0_1_1100m;5.00;177;176;10.78;27.45
1500.00;1800.00;1740.00;25.71;E0_0_1200m;5.00;145;146;9.41;25.86
1500.00;1800.00;2112.00;27.18;E0_1_1200m;5.00;176;176;10.79;27.33
1500.00;1800.00;1728.00;25.93;E0_0_1300m;5.00;144;144;9.26;26.08
1500.00;1800.00;2136.00;27.12;E0_1_1300m;5.00;178;179;10.99;27.26
1500.00;1800.00;1728.00;25.97;E0_0_1400m;5.00;144;145;9.27;26.05
1500.00;1800.00;2136.00;27.07;E0_1_1400m;5.00;178;178;10.96;27.19
1500.00;1800.00;1764.00;25.89;E0_0_1500m;5.00;147;146;9.46;25.97
1500.00;1800.00;2136.00;27.03;E0_1_1500m;5.00;178;178;10.98;27.15
1500.00;1800.00;1788.00;25.78;E0_0_1600m;5.00;149;150;9.64;25.87
1500.00;1800.00;2172.00;26.90;E0_1_1600m;5.00;181;180;11.19;27.04
1500.00;1800.00;1752.00;25.72;E0_0_1700m;5.00;146;146;9.46;25.82
1500.00;1800.00;2196.00;26.94;E0_1_1700m;5.00;183;183;11.32;27.05
1500.00;1800.00;1788.00;25.69;E0_0_1800m;5.00;149;149;9.67;25.79
1500.00;1800.00;2184.00;26.99;E0_1_1800m;5.00;182;182;11.24;27.09
1500.00;1800.00;1776.00;25.69;E0_0_1900m;5.00;148;148;9.60;25.79
1500.00;1800.00;2184.00;27.05;E0_1_1900m;5.00;182;182;11.21;27.15
1500.00;1800.00;1800.00;25.62;E0_0_2000m;5.00;150;150;9.76;25.72
1500.00;1800.00;2172.00;27.13;E0_1_2000m;5.00;181;181;11.12;27.24
1500.00;1800.00;1800.00;25.55;E0_0_2100m;5.00;150;151;9.85;25.66
1500.00;1800.00;2136.00;27.21;E0_1_2100m;5.00;178;178;10.90;27.35
1500.00;1800.00;1776.00;25.39;E0_0_2200m;5.00;148;148;9.71;25.51
1500.00;1800.00;2124.00;27.32;E0_1_2200m;5.00;177;177;10.80;27.47
1500.00;1800.00;1788.00;25.30;E0_0_2300m;5.00;149;149;9.81;25.41
1500.00;1800.00;2148.00;27.45;E0_1_2300m;5.00;179;179;10.87;27.61
1500.00;1800.00;1740.00;25.35;E0_0_2400m;5.00;145;145;9.53;25.46
1500.00;1800.00;2160.00;27.49;E0_1_2400m;5.00;180;180;10.91;27.65
1500.00;1800.00;1752.00;25.31;E0_0_2500m;5.00;146;146;9.61;25.42
1500.00;1800.00;2148.00;27.50;E0_1_2500m;5.00;179;179;10.85;27.67
1500.00;1800.00;1752.00;25.36;E0_0_2600m;5.00;146;146;9.59;25.47
1500.00;1800.00;2148.00;27.43;E0_1_2600m;5.00;179;179;10.88;27.59
1500.00;1800.00;1740.00;25.40;E0_0_2700m;5.00;145;146;9.53;25.51
1500.00;1800.00;2160.00;27.43;E0_1_2700m;5.00;180;180;10.94;27.59
1500.00;1800.00;1740.00;25.40;E0_0_2800m;5.00;145;145;9.52;25.52
1500.00;1800.00;2160.00;27.45;E0_1_2800m;5.00;180;180;10.93;27.59
1500.00;1800.00;1752.00;25.28;E0_0_2900m;5.00;146;146;9.63;25.40
1500.00;1800.00;2196.00;27.47;E0_1_2900m;5.00;183;183;11.10;27.60
1500.00;1800.00;1740.00;25.26;E0_0_3000m;5.00;145;145;9.57;25.38
1500.00;1800.00;2232.00;27.48;E0_1_3000m;5.00;186;186;11.28;27.61
1500.00;1800.00;1776.00;25.19;E0_0_3100m;5.00;148;148;9.79;25.30
1500.00;1800.00;2256.00;27.41;E0_1_3100m;5.00;188;188;11.43;27.55
1500.00;1800.00;1800.00;25.09;E0_0_3200m;5.00;150;151;9.97;25.19
1500.00;1800.00;2304.00;27.11;E0_1_3200m;5.00;192;191;11.77;27.30
1500.00;1800.00;1824.00;25.06;E0_0_3300m;5.00;152;152;10.11;25.16
1500.00;1800.00;2316.00;26.94;E0_1_3300m;5.00;193;193;11.97;27.10
1500.00;1800.00;1824.00;24.89;E0_0_3400m;5.00;152;151;10.16;24.97
1500.00;1800.00;2352.00;26.75;E0_1_3400m;5.00;196;196;12.21;26.91
1500.00;1800.00;1824.00;24.77;E0_0_3500m;5.00;152;152;10.23;24.85
1500.00;1800.00;2364.00;26.68;E0_1_3500m;5.00;197;198;12.31;26.84
1500.00;1800.00;1824.00;24.66;E0_0_3600m;5.00;152;152;10.27;24.74
1500.00;1800.00;2376.00;26.62;E0_1_3600m;5.00;198;197;12.36;26.79
1500.00;1800.00;1848.00;24.56;E0_0_3700m;5.00;154;154;10.45;24.64
1500.00;1800.00;2364.00;26.52;E0_1_3700m;5.00;197;197;12.38;26.71
1500.00;1800.00;1860.00;24.45;E0_0_3800m;5.00;155;157;10.64;24.54
1500.00;1800.00;2364.00;26.31;E0_1_3800m;5.00;197;197;12.48;26.53
1500.00;1800.00;1884.00;24.24;E0_0_3900m;5.00;157;157;10.80;24.32
1500.00;1800.00;2352.00;26.24;E0_1_3900m;5.00;196;196;12.45;26.46
1500.00;1800.00;1908.00;24.16;E0_0_4000m;5.00;159;159;10.97;24.28
1500.00;1800.00;2340.00;26.12;E0_1_4000m;5.00;195;195;12.44;26.36
1500.00;1800.00;1920.00;23.87;E0_0_4100m;5.00;160;161;11.21;24.00
1500.00;1800.00;2352.00;26.09;E0_1_4100m;5.00;196;196;12.52;26.35
1500.00;1800.00;1968.00;23.66;E0_0_4200m;5.00;164;164;11.55;23.80
1500.00;1800.00;2364.00;26.01;E0_1_4200m;5.00;197;197;12.62;26.28
1500.00;1800.00;2004.00;23.76;E0_0_4300m;5.00;167;167;11.71;23.87
1500.00;1800.00;2400.00;25.80;E0_1_4300m;5.00;200;201;12.93;26.02
1500.00;1800.00;2016.00;23.73;E0_0_4400m;5.00;168;168;11.80;23.84
1500.00;1800.00;2412.00;25.63;E0_1_4400m;5.00;201;200;13.02;25.85
1500.00;1800.00;2028.00;23.53;E0_0_4500m;5.00;169;168;11.92;23.65
1500.00;1800.00;2412.00;25.50;E0_1_4500m;5.00;201;201;13.14;25.70
1500.00;1800.00;2040.00;23.36;E0_0_4600m;5.00;170;171;12.18;23.51
1500.00;1800.00;2412.00;25.39;E0_1_4600m;5.00;201;201;13.19;25.57
1500.00;1800.00;2040.00;23.26;E0_0_4700m;5.00;170;170;12.18;23.41
1500.00;1800.00;2412.00;25.28;E0_1_4700m;5.00;201;201;13.25;25.44
1500.00;1800.00;2052.00;23.46;E0_0_4800m;5.00;171;171;12.15;23.59
1500.00;1800.00;2424.00;25.25;E0_1_4800m;5.00;202;202;13.33;25.40
1500.00;1800.00;2064.00;23.58;E0_0_4900m;5.00;172;172;12.16;23.69
1500.00;1800.00;2436.00;25.25;E0_1_4900m;5.00;203;203;13.40;25.40
1500.00;1800.00;2076.00;23.47;E0_0_5000m;5.00;173;173;12.29;23.59
1500.00;1800.00;2448.00;25.30;E0_1_5000m;5.00;204;204;13.44;25.44
1800.00;2100.00;0.00;-1.00;E0_0_0m;-1.00;0;0;0.00;-1.00
1800.00;2100.00;0.00;-1.00;E0_1_0m;-1.00;0;0;0.00;-1.00
1800.00;2100.00;1644.00;26.89;E0_0_100m;5.00;137;137;8.49;27.01
1800.00;2100.00;2136.00;27.96;E0_1_100m;5.00;178;177;10.59;28.07
1800.00;2100.00;1680.00;27.09;E0_0_200m;5.00;140;140;8.61;27.24
1800.00;2100.00;2124.00;28.31;E0_1_200m;5.00;177;177;10.42;28.46
1800.00;2100.00;1680.00;27.12;E0_0_300m;5.00;140;140;8.60;27.26
1800.00;2100.00;2136.00;28.22;E0_1_300m;5.00;178;179;10.55;28.38
1800.00;2100.00;1680.00;27.00;E0_0_400m;5.00;140;141;8.70;27.13
1800.00;2100.00;2172.00;28.19;E0_1_400m;5.00;181;181;10.70;28.40
1800.00;2100.00;1644.00;26.87;E0_0_500m;5.00;137;137;8.50;27.00
1800.00;2100.00;2208.00;27.99;E0_1_500m;5.00;184;184;10.95;28.16
1800.00;2100.00;1668.00;26.84;E0_0_600m;5.00;139;139;8.63;26.97
1800.00;2100.00;2208.00;28.06;E0_1_600m;5.00;184;184;10.93;28.24
1800.00;2100.00;1668.00;26.73;E0_0_700m;5.00;139;139;8.67;26.86
1800.00;2100.00;2148.00;28.12;E0_1_700m;5.00;179;179;10.61;28.29
1800.00;2100.00;1668.00;26.53;E0_0_800m;5.00;139;139;8.73;26.65
1800.00;2100.00;2124.00;27.99;E0_1_800m;5.00;177;177;10.54;28.15
1800.00;2100.00;1644.00;26.41;E0_0_900m;5.00;137;137;8.65;26.53
1800.00;2100.00;2112.00;27.85;E0_1_900m;5.00;176;176;10.53;28.01
1800.00;2100.00;1632.00;26.28;E0_0_1000m;5.00;136;136;8.63;26.40
1800.00;2100.00;2112.00;27.71;E0_1_1000m;5.00;176;175;10.53;27.86
1800.00;2100.00;1668.00;26.09;E0_0_1100m;5.00;139;139;8.88;26.20
1800.00;2100.00;2100.00;27.53;E0_1_1100m;5.00;175;176;10.64;27.67
1800.00;2100.00;1692.00;25.96;E0_0_1200m;5.00;141;140;9.04;26.08
1800.00;2100.00;2124.00;27.41;E0_1_1200m;5.00;177;177;10.76;27.53
1800.00;2100.00;1692.00;25.71;E0_0_1300m;5.00;141;142;9.18;25.80
1800.00;2100.00;2148.00;27.34;E0_1_1300m;5.00;179;179;10.91;27.47
1800.00;2100.00;1716.00;25.61;E0_0_1400m;5.00;143;142;9.28;25.69
1800.00;2100.00;2148.00;27.27;E0_1_1400m;5.00;179;179;10.94;27.40
1800.00;2100.00;1668.00;25.56;E0_0_1500m;5.00;139;139;9.06;25.64
1800.00;2100.00;2172.00;27.15;E0_1_1500m;5.00;181;181;11.11;27.28
1800.00;2100.00;1632.00;25.53;E0_0_1600m;5.00;136;136;8.88;25.61
1800.00;2100.00;2160.00;27.20;E0_1_1600m;5.00;180;180;11.03;27.34
1800.00;2100.00;1644.00;25.60;E0_0_1700m;5.00;137;137;8.92;25.67
1800.00;2100.00;2124.00;27.27;E0_1_1700m;5.00;177;178;10.84;27.43
1800.00;2100.00;1572.00;25.60;E0_0_1800m;5.00;131;131;8.53;25.68
1800.00;2100.00;2172.00;27.17;E0_1_1800m;5.00;181;181;11.10;27.34
1800.00;2100.00;1560.00;25.71;E0_0_1900m;5.00;130;130;8.43;25.78
1800.00;2100.00;2172.00;27.12;E0_1_1900m;5.00;181;181;11.13;27.28
1800.00;2100.00;1560.00;25.96;E0_0_2000m;5.00;130;130;8.35;26.03
1800.00;2100.00;2172.00;27.10;E0_1_2000m;5.00;181;181;11.13;27.26
1800.00;2100.00;1560.00;26.22;E0_0_2100m;5.00;130;129;8.20;26.29
1800.00;2100.00;2208.00;27.23;E0_1_2100m;5.00;184;184;11.26;27.37
1800.00;2100.00;1572.00;26.14;E0_0_2200m;5.00;131;131;8.35;26.21
1800.00;2100.00;2184.00;27.21;E0_1_2200m;5.00;182;182;11.15;27.33
1800.00;2100.00;1548.00;25.85;E0_0_2300m;5.00;129;129;8.32;25.91
1800.00;2100.00;2160.00;27.01;E0_1_2300m;5.00;180;181;11.17;27.12
1800.00;2100.00;1560.00;25.70;E0_0_2400m;5.00;130;130;8.43;25.76
1800.00;2100.00;2160.00;26.80;E0_1_2400m;5.00;180;180;11.19;26.92
1800.00;2100.00;1536.00;25.59;E0_0_2500m;5.00;128;128;8.34;25.66
1800.00;2100.00;2172.00;26.74;E0_1_2500m;5.00;181;181;11.28;26.87
1800.00;2100.00;1584.00;25.47;E0_0_2600m;5.00;132;132;8.64;25.57
1800.00;2100.00;2196.00;26.73;E0_1_2600m;5.00;183;184;11.41;26.86
1800.00;2100.00;1620.00;25.57;E0_0_2700m;5.00;135;134;8.79;25.66
1800.00;2100.00;2208.00;26.73;E0_1_2700m;5.00;184;184;11.47;26.87
1800.00;2100.00;1644.00;25.54;E0_0_2800m;5.00;137;137;8.94;25.62
1800.00;2100.00;2196.00;26.65;E0_1_2800m;5.00;183;183;11.45;26.79
1800.00;2100.00;1632.00;25.47;E0_0_2900m;5.00;136;136;8.90;25.56
1800.00;2100.00;2172.00;26.54;E0_1_2900m;5.00;181;181;11.37;26.68
1800.00;2100.00;1632.00;25.49;E0_0_3000m;5.00;136;136;8.89;25.56
1800.00;2100.00;2148.00;26.49;E0_1_3000m;5.00;179;179;11.26;26.63
1800.00;2100.00;1596.00;25.58;E0_0_3100m;5.00;133;133;8.67;25.64
1800.00;2100.00;2124.00;26.50;E0_1_3100m;5.00;177;177;11.13;26.64
1800.00;2100.00;1572.00;25.58;E0_0_3200m;5.00;131;131;8.53;25.64
1800.00;2100.00;2100.00;26.45;E0_1_3200m;5.00;175;175;11.03;26.59
1800.00;2100.00;1548.00;25.58;E0_0_3300m;5.00;129;129;8.41;25.63
1800.00;2100.00;2088.00;26.41;E0_1_3300m;5.00;174;173;10.94;26.53
1800.00;2100.00;1596.00;25.58;E0_0_3400m;5.00;133;133;8.67;25.63
1800.00;2100.00;2052.00;26.35;E0_1_3400m;5.00;171;171;10.81;26.47
1800.00;2100.00;1608.00;25.58;E0_0_3500m;5.00;134;134;8.73;25.63
1800.00;2100.00;2064.00;26.24;E0_1_3500m;5.00;172;171;10.92;26.34
1800.00;2100.00;1608.00;25.60;E0_0_3600m;5.00;134;134;8.72;25.65
1800.00;2100.00;2088.00;26.17;E0_1_3600m;5.00;174;174;11.08;26.27
1800.00;2100.00;1644.00;25.66;E0_0_3700m;5.00;137;137;8.90;25.71
1800.00;2100.00;2100.00;26.10;E0_1_3700m;5.00;175;175;11.18;26.19
1800.00;2100.00;1632.00;25.69;E0_0_3800m;5.00;136;136;8.79;25.74
1800.00;2100.00;2136.00;26.04;E0_1_3800m;5.00;178;178;11.39;26.13
1800.00;2100.00;1668.00;25.65;E0_0_3900m;5.00;139;139;9.03;25.70
1800.00;2100.00;2148.00;26.19;E0_1_3900m;5.00;179;179;11.39;26.28
1800.00;2100.00;1716.00;25.65;E0_0_4000m;5.00;143;143;9.29;25.69
1800.00;2100.00;2148.00;26.08;E0_1_4000m;5.00;179;179;11.44;26.15
1800.00;2100.00;1704.00;25.66;E0_0_4100m;5.00;142;141;9.19;25.69
1800.00;2100.00;2160.00;25.90;E0_1_4100m;5.00;180;180;11.58;25.95
1800.00;2100.00;1704.00;25.64;E0_0_4200m;5.00;142;142;9.23;25.68
1800.00;2100.00;2148.00;25.77;E0_1_4200m;5.00;179;179;11.58;25.80
1800.00;2100.00;1680.00;25.59;E0_0_4300m;5.00;140;140;9.12;25.62
1800.00;2100.00;2148.00;25.70;E0_1_4300m;5.00;179;178;11.59;25.73
1800.00;2100.00;1716.00;25.50;E0_0_4400m;5.00;143;143;9.35;25.53
1800.00;2100.00;2124.00;25.76;E0_1_4400m;5.00;177;177;11.45;25.80
1800.00;2100.00;1728.00;25.39;E0_0_4500m;5.00;144;144;9.45;25.43
1800.00;2100.00;2136.00;25.71;E0_1_4500m;5.00;178;178;11.54;25.74
1800.00;2100.00;1716.00;25.39;E0_0_4600m;5.00;143;143;9.39;25.43
1800.00;2100.00;2136.00;25.67;E0_1_4600m;5.00;178;178;11.56;25.71
1800.00;2100.00;1716.00;25.28;E0_0_4700m;5.00;143;144;9.45;25.33
1800.00;2100.00;2136.00;25.71;E0_1_4700m;5.00;178;178;11.54;25.75
1800.00;2100.00;1692.00;25.20;E0_0_4800m;5.00;141;142;9.36;25.26
1800.00;2100.00;2148.00;25.72;E0_1_4800m;5.00;179;179;11.60;25.77
1800.00;2100.00;1692.00;25.20;E0_0_4900m;5.00;141;141;9.32;25.26
1800.00;2100.00;2112.00;25.83;E0_1_4900m;5.00;176;176;11.36;25.90
1800.00;2100.00;1680.00;25.21;E0_0_5000m;5.00;140;140;9.26;25.26
1800.00;2100.00;2088.00;25.83;E0_1_5000m;5.00;174;174;11.23;25.89
2100.00;2400.00;0.00;-1.00;E0_0_0m;-1.00;0;0;0.00;-1.00
2100.00;2400.00;0.00;-1.00;E0_1_0m;-1.00;0;0;0.00;-1.00
2100.00;2400.00;1740.00;27.51;E0_0_100m;5.00;145;145;8.78;27.60
2100.00;2400.00;2028.00;29.05;E0_1_100m;5.00;169;169;9.69;29.15
2100.00;2400.00;1788.00;27.51;E0_0_200m;5.00;149;149;9.03;27.60
2100.00;2400.00;1956.00;29.35;E0_1_200m;5.00;163;165;9.34;29.47
2100.00;2400.00;1764.00;27.34;E0_0_300m;5.00;147;147;8.96;27.41
2100.00;2400.00;2004.00;29.34;E0_1_300m;5.00;167;167;9.49;29.47
2100.00;2400.00;1776.00;27.10;E0_0_400m;5.00;148;148;9.10;27.17
2100.00;2400.00;1968.00;29.22;E0_1_400m;5.00;164;164;9.35;29.35
2100.00;2400.00;1764.00;27.02;E0_0_500m;5.00;147;147;9.07;27.08
2100.00;2400.00;1980.00;28.96;E0_1_500m;5.00;165;165;9.50;29.08
2100.00;2400.00;1728.00;27.01;E0_0_600m;5.00;144;145;8.92;27.08
2100.00;2400.00;2004.00;28.70;E0_1_600m;5.00;167;167;9.70;28.81
2100.00;2400.00;1692.00;27.14;E0_0_700m;5.00;141;141;8.66;27.19
2100.00;2400.00;2040.00;28.46;E0_1_700m;5.00;170;170;9.96;28.54
2100.00;2400.00;1716.00;27.06;E0_0_800m;5.00;143;143;8.81;27.11
2100.00;2400.00;2052.00;28.39;E0_1_800m;5.00;171;171;10.04;28.47
2100.00;2400.00;1680.00;26.98;E0_0_900m;5.00;140;140;8.65;27.03
2100.00;2400.00;2064.00;28.30;E0_1_900m;5.00;172;172;10.13;28.38
2100.00;2400.00;1680.00;26.94;E0_0_1000m;5.00;140;140;8.66;26.99
2100.00;2400.00;2076.00;28.21;E0_1_1000m;5.00;173;173;10.22;28.29
2100.00;2400.00;1632.00;26.99;E0_0_1100m;5.00;136;136;8.40;27.03
2100.00;2400.00;2076.00;28.14;E0_1_1100m;5.00;173;172;10.20;28.23
2100.00;2400.00;1632.00;26.98;E0_0_1200m;5.00;136;136;8.40;27.02
2100.00;2400.00;2040.00;28.11;E0_1_1200m;5.00;170;170;10.08;28.21
2100.00;2400.00;1656.00;26.93;E0_0_1300m;5.00;138;137;8.49;26.98
2100.00;2400.00;2040.00;28.04;E0_1_1300m;5.00;170;170;10.11;28.13
2100.00;2400.00;1656.00;26.85;E0_0_1400m;5.00;138;138;8.56;26.90
2100.00;2400.00;2040.00;28.03;E0_1_1400m;5.00;170;170;10.11;28.12
2100.00;2400.00;1704.00;26.76;E0_0_1500m;5.00;142;142;8.84;26.81
2100.00;2400.00;2040.00;28.00;E0_1_1500m;5.00;170;170;10.12;28.09
2100.00;2400.00;1740.00;26.65;E0_0_1600m;5.00;145;145;9.07;26.70
2100.00;2400.00;2040.00;27.93;E0_1_1600m;5.00;170;170;10.14;28.02
2100.00;2400.00;1752.00;26.47;E0_0_1700m;5.00;146;146;9.19;26.53
2100.00;2400.00;2064.00;27.88;E0_1_1700m;5.00;172;171;10.26;27.97
2100.00;2400.00;1788.00;26.28;E0_0_1800m;5.00;149;149;9.45;26.35
2100.00;2400.00;2040.00;27.78;E0_1_1800m;5.00;170;170;10.20;27.87
2100.00;2400.00;1776.00;26.22;E0_0_1900m;5.00;148;149;9.42;26.30
2100.00;2400.00;2064.00;27.65;E0_1_1900m;5.00;172;172;10.37;27.76
2100.00;2400.00;1800.00;26.17;E0_0_2000m;5.00;150;150;9.55;26.24
2100.00;2400.00;2052.00;27.73;E0_1_2000m;5.00;171;172;10.32;27.83
2100.00;2400.00;1824.00;26.16;E0_0_2100m;5.00;152;152;9.68;26.23
2100.00;2400.00;2028.00;27.74;E0_1_2100m;5.00;169;169;10.16;27.83
2100.00;2400.00;1824.00;26.13;E0_0_2200m;5.00;152;152;9.69;26.20
2100.00;2400.00;2064.00;27.65;E0_1_2200m;5.00;172;172;10.37;27.74
2100.00;2400.00;1800.00;26.07;E0_0_2300m;5.00;150;150;9.59;26.14
2100.00;2400.00;2076.00;27.55;E0_1_2300m;5.00;173;172;10.40;27.63
2100.00;2400.00;1800.00;26.02;E0_0_2400m;5.00;150;150;9.61;26.09
2100.00;2400.00;2076.00;27.45;E0_1_2400m;5.00;173;173;10.50;27.52
2100.00;2400.00;1800.00;26.04;E0_0_2500m;5.00;150;150;9.60;26.11
2100.00;2400.00;2088.00;27.36;E0_1_2500m;5.00;174;174;10.60;27.43
2100.00;2400.00;1776.00;26.04;E0_0_2600m;5.00;148;149;9.52;26.11
2100.00;2400.00;2076.00;27.28;E0_1_2600m;5.00;173;173;10.57;27.34
2100.00;2400.00;1764.00;26.04;E0_0_2700m;5.00;147;147;9.41;26.11
2100.00;2400.00;2052.00;27.24;E0_1_2700m;5.00;171;171;10.46;27.29
2100.00;2400.00;1740.00;26.06;E0_0_2800m;5.00;145;145;9.27;26.12
2100.00;2400.00;2076.00;27.29;E0_1_2800m;5.00;173;173;10.56;27.35
2100.00;2400.00;1764.00;26.05;E0_0_2900m;5.00;147;147;9.40;26.12
2100.00;2400.00;2100.00;27.42;E0_1_2900m;5.00;175;175;10.64;27.48
2100.00;2400.00;1776.00;26.03;E0_0_3000m;5.00;148;148;9.48;26.10
2100.00;2400.00;2064.00;27.55;E0_1_3000m;5.00;172;172;10.40;27.62
2100.00;2400.00;1776.00;26.17;E0_0_3100m;5.00;148;148;9.43;26.22
2100.00;2400.00;2064.00;27.47;E0_1_3100m;5.00;172;172;10.44;27.52
2100.00;2400.00;1788.00;26.19;E0_0_3200m;5.00;149;149;9.48;26.24
2100.00;2400.00;2064.00;27.38;E0_1_3200m;5.00;172;172;10.47;27.42
2100.00;2400.00;1776.00;26.03;E0_0_3300m;5.00;148;148;9.48;26.09
2100.00;2400.00;2064.00;27.46;E0_1_3300m;5.00;172;172;10.44;27.51
2100.00;2400.00;1752.00;26.04;E0_0_3400m;5.00;146;147;9.35;26.12
2100.00;2400.00;2040.00;27.45;E0_1_3400m;5.00;170;170;10.32;27.50
2100.00;2400.00;1740.00;25.97;E0_0_3500m;5.00;145;145;9.30;26.06
2100.00;2400.00;2028.00;27.45;E0_1_3500m;5.00;169;169;10.26;27.50
2100.00;2400.00;1716.00;25.92;E0_0_3600m;5.00;143;143;9.20;26.02
2100.00;2400.00;2004.00;27.48;E0_1_3600m;5.00;167;167;10.13;27.53
2100.00;2400.00;1680.00;25.87;E0_0_3700m;5.00;140;140;9.02;25.97
2100.00;2400.00;2004.00;27.53;E0_1_3700m;5.00;167;167;10.11;27.59
2100.00;2400.00;1668.00;25.92;E0_0_3800m;5.00;139;139;8.94;26.03
2100.00;2400.00;2004.00;27.59;E0_1_3800m;5.00;167;167;10.09;27.66
2100.00;2400.00;1680.00;26.02;E0_0_3900m;5.00;140;140;8.97;26.14
2100.00;2400.00;2004.00;27.67;E0_1_3900m;5.00;167;167;10.06;27.75
2100.00;2400.00;1692.00;26.00;E0_0_4000m;5.00;141;141;9.04;26.12
2100.00;2400.00;2004.00;27.85;E0_1_4000m;5.00;167;167;9.99;27.93
2100.00;2400.00;1716.00;26.12;E0_0_4100m;5.00;143;143;9.12;26.24
2100.00;2400.00;2028.00;27.88;E0_1_4100m;5.00;169;169;10.10;27.96
2100.00;2400.00;1728.00;26.10;E0_0_4200m;5.00;144;144;9.19;26.23
2100.00;2400.00;2004.00;27.95;E0_1_4200m;5.00;167;167;9.96;28.02
2100.00;2400.00;1704.00;26.14;E0_0_4300m;5.00;142;142;9.05;26.27
2100.00;2400.00;1992.00;27.93;E0_1_4300m;5.00;166;166;9.90;28.02
2100.00;2400.00;1704.00;26.10;E0_0_4400m;5.00;142;142;9.07;26.23
2100.00;2400.00;1980.00;27.84;E0_1_4400m;5.00;165;166;9.92;27.91
2100.00;2400.00;1704.00;26.00;E0_0_4500m;5.00;142;142;9.10;26.13
2100.00;2400.00;1980.00;27.80;E0_1_4500m;5.00;165;165;9.89;27.87
2100.00;2400.00;1692.00;26.06;E0_0_4600m;5.00;141;141;9.02;26.18
2100.00;2400.00;1992.00;27.75;E0_1_4600m;5.00;166;166;9.97;27.82
2100.00;2400.00;1704.00;26.16;E0_0_4700m;5.00;142;141;9.02;26.28
2100.00;2400.00;1992.00;27.78;E0_1_4700m;5.00;166;166;9.96;27.85
2100.00;2400.00;1692.00;26.30;E0_0_4800m;5.00;141;141;8.94;26.40
2100.00;2400.00;2004.00;27.73;E0_1_4800m;5.00;167;167;10.04;27.81
2100.00;2400.00;1680.00;26.30;E0_0_4900m;5.00;140;140;8.87;26.39
2100.00;2400.00;2028.00;27.67;E0_1_4900m;5.00;169;169;10.18;27.74
2100.00;2400.00;1740.00;26.21;E0_0_5000m;5.00;145;145;9.22;26.31
2100.00;2400.00;2040.00;27.64;E0_1_5000m;5.00;170;170;10.25;27.71
2400.00;2700.00;0.00;-1.00;E0_0_0m;-1.00;0;0;0.00;-1.00
2400.00;2700.00;0.00;-1.00;E0_1_0m;-1.00;0;0;0.00;-1.00
2400.00;2700.00;1836.00;26.60;E0_0_100m;5.00;153;153;9.59;26.74
2400.00;2700.00;2136.00;28.13;E0_1_100m;5.00;178;178;10.55;28.26
2400.00;2700.00;1848.00;26.52;E0_0_200m;5.00;154;154;9.68;26.69
2400.00;2700.00;2112.00;28.08;E0_1_200m;5.00;176;176;10.41;28.22
2400.00;2700.00;1776.00;26.41;E0_0_300m;5.00;148;148;9.34;26.59
2400.00;2700.00;2148.00;27.81;E0_1_300m;5.00;179;179;10.73;27.96
2400.00;2700.00;1776.00;26.37;E0_0_400m;5.00;148;148;9.36;26.53
2400.00;2700.00;2196.00;27.64;E0_1_400m;5.00;183;183;11.03;27.78
2400.00;2700.00;1788.00;26.14;E0_0_500m;5.00;149;149;9.50;26.27
2400.00;2700.00;2208.00;27.46;E0_1_500m;5.00;184;185;11.21;27.63
2400.00;2700.00;1788.00;25.93;E0_0_600m;5.00;149;150;9.62;26.06
2400.00;2700.00;2220.00;27.25;E0_1_600m;5.00;185;185;11.31;27.43
2400.00;2700.00;1800.00;25.61;E0_0_700m;5.00;150;150;9.76;25.76
2400.00;2700.00;2220.00;27.03;E0_1_700m;5.00;185;185;11.41;27.20
2400.00;2700.00;1764.00;25.46;E0_0_800m;5.00;147;147;9.62;25.62
2400.00;2700.00;2220.00;26.92;E0_1_800m;5.00;185;186;11.49;27.10
2400.00;2700.00;1752.00;25.40;E0_0_900m;5.00;146;146;9.58;25.55
2400.00;2700.00;2232.00;26.81;E0_1_900m;5.00;186;187;11.58;27.00
2400.00;2700.00;1752.00;25.31;E0_0_1000m;5.00;146;146;9.62;25.43
2400.00;2700.00;2208.00;26.68;E0_1_1000m;5.00;184;185;11.53;26.87
2400.00;2700.00;1752.00;25.22;E0_0_1100m;5.00;146;146;9.65;25.35
2400.00;2700.00;2196.00;26.56;E0_1_1100m;5.00;183;184;11.49;26.73
2400.00;2700.00;1716.00;25.23;E0_0_1200m;5.00;143;143;9.45;25.37
2400.00;2700.00;2208.00;26.56;E0_1_1200m;5.00;184;184;11.55;26.73
2400.00;2700.00;1692.00;25.23;E0_0_1300m;5.00;141;141;9.31;25.36
2400.00;2700.00;2172.00;26.51;E0_1_1300m;5.00;181;181;11.38;26.69
2400.00;2700.00;1656.00;25.07;E0_0_1400m;5.00;138;138;9.18;25.20
2400.00;2700.00;2172.00;26.51;E0_1_1400m;5.00;181;181;11.38;26.69
2400.00;2700.00;1632.00;25.09;E0_0_1500m;5.00;136;136;9.03;25.23
2400.00;2700.00;2148.00;26.53;E0_1_1500m;5.00;179;179;11.24;26.72
2400.00;2700.00;1644.00;25.11;E0_0_1600m;5.00;137;137;9.09;25.25
2400.00;2700.00;2100.00;26.64;E0_1_1600m;5.00;175;175;10.95;26.82
2400.00;2700.00;1668.00;25.07;E0_0_1700m;5.00;139;139;9.24;25.20
2400.00;2700.00;2112.00;26.55;E0_1_1700m;5.00;176;176;11.05;26.72
2400.00;2700.00;1680.00;24.98;E0_0_1800m;5.00;140;140;9.34;25.11
2400.00;2700.00;2148.00;26.43;E0_1_1800m;5.00;179;179;11.29;26.59
2400.00;2700.00;1704.00;25.05;E0_0_1900m;5.00;142;142;9.45;25.19
2400.00;2700.00;2160.00;26.36;E0_1_1900m;5.00;180;180;11.38;26.53
2400.00;2700.00;1704.00;24.99;E0_0_2000m;5.00;142;142;9.47;25.12
2400.00;2700.00;2160.00;26.46;E0_1_2000m;5.00;180;179;11.29;26.63
2400.00;2700.00;1704.00;24.94;E0_0_2100m;5.00;142;142;9.49;25.08
2400.00;2700.00;2124.00;26.44;E0_1_2100m;5.00;177;178;11.17;26.59
2400.00;2700.00;1692.00;24.94;E0_0_2200m;5.00;141;141;9.42;25.06
2400.00;2700.00;2100.00;26.37;E0_1_2200m;5.00;175;175;11.06;26.51
2400.00;2700.00;1704.00;24.83;E0_0_2300m;5.00;142;142;9.53;24.95
2400.00;2700.00;2100.00;26.39;E0_1_2300m;5.00;175;175;11.05;26.53
2400.00;2700.00;1728.00;24.76;E0_0_2400m;5.00;144;145;9.75;24.88
2400.00;2700.00;2100.00;26.47;E0_1_2400m;5.00;175;175;11.02;26.68
2400.00;2700.00;1728.00;24.67;E0_0_2500m;5.00;144;144;9.73;24.78
2400.00;2700.00;2100.00;26.41;E0_1_2500m;5.00;175;175;11.04;26.60
2400.00;2700.00;1764.00;24.56;E0_0_2600m;5.00;147;146;9.93;24.68
2400.00;2700.00;2064.00;26.33;E0_1_2600m;5.00;172;173;10.90;26.51
2400.00;2700.00;1776.00;24.64;E0_0_2700m;5.00;148;148;10.01;24.76
2400.00;2700.00;2076.00;26.30;E0_1_2700m;5.00;173;173;10.96;26.48
2400.00;2700.00;1776.00;24.70;E0_0_2800m;5.00;148;148;9.98;24.83
2400.00;2700.00;2064.00;26.36;E0_1_2800m;5.00;172;172;10.87;26.56
2400.00;2700.00;1740.00;24.75;E0_0_2900m;5.00;145;145;9.76;24.88
2400.00;2700.00;2028.00;26.41;E0_1_2900m;5.00;169;169;10.67;26.60
2400.00;2700.00;1740.00;24.86;E0_0_3000m;5.00;145;145;9.72;24.99
2400.00;2700.00;2040.00;26.43;E0_1_3000m;5.00;170;170;10.72;26.62
2400.00;2700.00;1728.00;24.85;E0_0_3100m;5.00;144;144;9.66;24.97
2400.00;2700.00;2040.00;26.52;E0_1_3100m;5.00;170;170;10.68;26.72
2400.00;2700.00;1716.00;25.00;E0_0_3200m;5.00;143;143;9.53;25.12
2400.00;2700.00;2028.00;26.53;E0_1_3200m;5.00;169;169;10.62;26.73
2400.00;2700.00;1728.00;24.91;E0_0_3300m;5.00;144;144;9.64;25.02
2400.00;2700.00;2016.00;26.57;E0_1_3300m;5.00;168;168;10.54;26.77
2400.00;2700.00;1704.00;24.89;E0_0_3400m;5.00;142;141;9.50;25.00
2400.00;2700.00;2040.00;26.64;E0_1_3400m;5.00;170;170;10.64;26.83
2400.00;2700.00;1680.00;24.90;E0_0_3500m;5.00;140;140;9.37;25.02
2400.00;2700.00;2040.00;26.77;E0_1_3500m;5.00;170;171;10.61;26.96
2400.00;2700.00;1668.00;25.03;E0_0_3600m;5.00;139;139;9.26;25.13
2400.00;2700.00;2052.00;26.81;E0_1_3600m;5.00;171;171;10.63;27.00
2400.00;2700.00;1692.00;25.29;E0_0_3700m;5.00;141;141;9.29;25.40
2400.00;2700.00;2028.00;26.81;E0_1_3700m;5.00;169;169;10.51;27.00
2400.00;2700.00;1680.00;25.38;E0_0_3800m;5.00;140;140;9.19;25.48
2400.00;2700.00;2016.00;26.83;E0_1_3800m;5.00;168;168;10.44;27.03
2400.00;2700.00;1668.00;25.33;E0_0_3900m;5.00;139;139;9.14;25.42
2400.00;2700.00;2028.00;26.74;E0_1_3900m;5.00;169;169;10.54;26.93
2400.00;2700.00;1668.00;25.07;E0_0_4000m;5.00;139;139;9.24;25.17
2400.00;2700.00;2028.00;26.64;E0_1_4000m;5.00;169;169;10.57;26.83
2400.00;2700.00;1668.00;24.90;E0_0_4100m;5.00;139;139;9.30;25.00
2400.00;2700.00;2028.00;26.57;E0_1_4100m;5.00;169;169;10.60;26.77
2400.00;2700.00;1692.00;24.88;E0_0_4200m;5.00;141;141;9.45;24.99
2400.00;2700.00;2040.00;26.50;E0_1_4200m;5.00;170;170;10.69;26.70
2400.00;2700.00;1692.00;25.05;E0_0_4300m;5.00;141;141;9.38;25.15
2400.00;2700.00;2040.00;26.50;E0_1_4300m;5.00;170;171;10.72;26.71
2400.00;2700.00;1668.00;25.15;E0_0_4400m;5.00;139;139;9.21;25.25
2400.00;2700.00;2064.00;26.51;E0_1_4400m;5.00;172;171;10.78;26.70
2400.00;2700.00;1632.00;25.08;E0_0_4500m;5.00;136;137;9.09;25.18
2400.00;2700.00;2064.00;26.54;E0_1_4500m;5.00;172;173;10.82;26.73
2400.00;2700.00;1632.00;25.04;E0_0_4600m;5.00;136;136;9.05;25.14
2400.00;2700.00;2076.00;26.60;E0_1_4600m;5.00;173;173;10.84;26.80
2400.00;2700.00;1632.00;25.04;E0_0_4700m;5.00;136;136;9.05;25.14
2400.00;2700.00;2064.00;26.59;E0_1_4700m;5.00;172;172;10.78;26.77
2400.00;2700.00;1656.00;25.07;E0_0_4800m;5.00;138;138;9.18;25.17
2400.00;2700.00;2040.00;26.54;E0_1_4800m;5.00;170;171;10.69;26.71
2400.00;2700.00;1656.00;25.08;E0_0_4900m;5.00;138;138;9.17;25.19
2400.00;2700.00;2052.00;26.52;E0_1_4900m;5.00;171;171;10.75;26.69
2400.00;2700.00;1620.00;25.09;E0_0_5000m;5.00;135;135;8.97;25.20
2400.00;2700.00;2016.00;26.51;E0_1_5000m;5.00;168;168;10.56;26.68
2700.00;3000.00;0.00;-1.00;E0_0_0m;-1.00;0;0;0.00;-1.00
2700.00;3000.00;0.00;-1.00;E0_1_0m;-1.00;0;0;0.00;-1.00
2700.00;3000.00;1692.00;25.74;E0_0_100m;5.00;141;141;9.13;25.87
2700.00;3000.00;2124.00;27.07;E0_1_100m;5.00;177;177;10.90;27.23
2700.00;3000.00;1716.00;25.89;E0_0_200m;5.00;143;143;9.20;26.07
2700.00;3000.00;2112.00;27.35;E0_1_200m;5.00;176;176;10.72;27.58
2700.00;3000.00;1764.00;25.94;E0_0_300m;5.00;147;147;9.44;26.13
2700.00;3000.00;2076.00;27.58;E0_1_300m;5.00;173;173;10.45;27.87
2700.00;3000.00;1776.00;25.98;E0_0_400m;5.00;148;149;9.53;26.16
2700.00;3000.00;2016.00;27.50;E0_1_400m;5.00;168;168;10.18;27.80
2700.00;3000.00;1776.00;25.86;E0_0_500m;5.00;148;149;9.59;26.06
2700.00;3000.00;2028.00;27.49;E0_1_500m;5.00;169;169;10.25;27.74
2700.00;3000.00;1752.00;25.62;E0_0_600m;5.00;146;145;9.46;25.87
2700.00;3000.00;2040.00;27.13;E0_1_600m;5.00;170;170;10.44;27.42
2700.00;3000.00;1716.00;25.51;E0_0_700m;5.00;143;144;9.38;25.74
2700.00;3000.00;2100.00;26.93;E0_1_700m;5.00;175;175;10.83;27.25
2700.00;3000.00;1752.00;25.31;E0_0_800m;5.00;146;146;9.61;25.55
2700.00;3000.00;2112.00;26.62;E0_1_800m;5.00;176;175;10.98;26.94
2700.00;3000.00;1788.00;25.00;E0_0_900m;5.00;149;149;9.93;25.22
2700.00;3000.00;2136.00;26.22;E0_1_900m;5.00;178;177;11.30;26.54
2700.00;3000.00;1800.00;24.46;E0_0_1000m;5.00;150;150;10.22;24.66
2700.00;3000.00;2124.00;25.71;E0_1_1000m;5.00;177;176;11.43;26.05
2700.00;3000.00;1824.00;23.94;E0_0_1100m;5.00;152;152;10.58;24.15
2700.00;3000.00;2148.00;25.26;E0_1_1100m;5.00;179;178;11.80;25.60
2700.00;3000.00;1848.00;23.77;E0_0_1200m;5.00;154;154;10.80;23.98
2700.00;3000.00;2136.00;24.87;E0_1_1200m;5.00;178;179;11.93;25.24
2700.00;3000.00;1824.00;23.63;E0_0_1300m;5.00;152;153;10.75;23.85
2700.00;3000.00;2148.00;24.64;E0_1_1300m;5.00;179;179;12.11;25.04
2700.00;3000.00;1824.00;23.49;E0_0_1400m;5.00;152;152;10.79;23.76
2700.00;3000.00;2148.00;24.45;E0_1_1400m;5.00;179;179;12.20;24.88
2700.00;3000.00;1836.00;23.39;E0_0_1500m;5.00;153;153;10.90;23.67
2700.00;3000.00;2136.00;24.26;E0_1_1500m;5.00;178;178;12.23;24.70
2700.00;3000.00;1848.00;23.33;E0_0_1600m;5.00;154;154;11.00;23.58
2700.00;3000.00;2172.00;24.07;E0_1_1600m;5.00;181;181;12.54;24.47
2700.00;3000.00;1824.00;23.37;E0_0_1700m;5.00;152;152;10.84;23.61
2700.00;3000.00;2136.00;23.88;E0_1_1700m;5.00;178;178;12.42;24.23
2700.00;3000.00;1776.00;23.38;E0_0_1800m;5.00;148;148;10.55;23.60
2700.00;3000.00;2112.00;23.77;E0_1_1800m;5.00;176;176;12.34;24.09
2700.00;3000.00;1764.00;23.36;E0_0_1900m;5.00;147;147;10.49;23.58
2700.00;3000.00;2076.00;23.76;E0_1_1900m;5.00;173;173;12.13;24.07
2700.00;3000.00;1752.00;23.49;E0_0_2000m;5.00;146;147;10.36;23.72
2700.00;3000.00;2040.00;23.73;E0_1_2000m;5.00;170;170;11.94;24.02
2700.00;3000.00;1752.00;23.52;E0_0_2100m;5.00;146;146;10.35;23.75
2700.00;3000.00;2028.00;23.78;E0_1_2100m;5.00;169;170;11.89;24.06
2700.00;3000.00;1752.00;23.61;E0_0_2200m;5.00;146;146;10.30;23.85
2700.00;3000.00;2004.00;23.78;E0_1_2200m;5.00;167;167;11.70;24.05
2700.00;3000.00;1704.00;23.68;E0_0_2300m;5.00;142;143;10.06;23.90
2700.00;3000.00;2028.00;23.89;E0_1_2300m;5.00;169;169;11.79;24.17
2700.00;3000.00;1704.00;23.63;E0_0_2400m;5.00;142;142;10.01;23.86
2700.00;3000.00;2004.00;23.98;E0_1_2400m;5.00;167;168;11.61;24.25
2700.00;3000.00;1680.00;23.80;E0_0_2500m;5.00;140;140;9.80;24.01
2700.00;3000.00;1992.00;24.05;E0_1_2500m;5.00;166;166;11.50;24.32
2700.00;3000.00;1656.00;23.86;E0_0_2600m;5.00;138;138;9.64;24.06
2700.00;3000.00;1980.00;24.13;E0_1_2600m;5.00;165;165;11.40;24.39
2700.00;3000.00;1632.00;23.98;E0_0_2700m;5.00;136;137;9.50;24.16
2700.00;3000.00;1944.00;24.21;E0_1_2700m;5.00;162;162;11.15;24.45
2700.00;3000.00;1644.00;24.09;E0_0_2800m;5.00;137;137;9.48;24.26
2700.00;3000.00;1932.00;24.23;E0_1_2800m;5.00;161;161;11.07;24.46
2700.00;3000.00;1656.00;24.11;E0_0_2900m;5.00;138;138;9.54;24.26
2700.00;3000.00;1932.00;24.29;E0_1_2900m;5.00;161;161;11.05;24.49
2700.00;3000.00;1632.00;24.13;E0_0_3000m;5.00;136;136;9.39;24.27
2700.00;3000.00;1932.00;24.41;E0_1_3000m;5.00;161;161;10.99;24.59
2700.00;3000.00;1644.00;24.21;E0_0_3100m;5.00;137;137;9.43;24.32
2700.00;3000.00;1932.00;24.57;E0_1_3100m;5.00;161;161;10.92;24.76
2700.00;3000.00;1644.00;24.20;E0_0_3200m;5.00;137;138;9.47;24.29
2700.00;3000.00;1920.00;24.79;E0_1_3200m;5.00;160;161;10.80;24.98
2700.00;3000.00;1656.00;24.28;E0_0_3300m;5.00;138;139;9.51;24.34
2700.00;3000.00;1908.00;24.80;E0_1_3300m;5.00;159;159;10.69;24.94
2700.00;3000.00;1680.00;24.39;E0_0_3400m;5.00;140;140;9.57;24.46
2700.00;3000.00;1920.00;24.82;E0_1_3400m;5.00;160;160;10.74;24.93
2700.00;3000.00;1728.00;24.42;E0_0_3500m;5.00;144;144;9.83;24.47
2700.00;3000.00;1944.00;24.87;E0_1_3500m;5.00;162;162;10.86;24.97
2700.00;3000.00;1764.00;24.32;E0_0_3600m;5.00;147;147;10.07;24.38
2700.00;3000.00;1980.00;24.92;E0_1_3600m;5.00;165;165;11.03;25.03
2700.00;3000.00;1800.00;24.18;E0_0_3700m;5.00;150;150;10.34;24.25
2700.00;3000.00;2004.00;24.85;E0_1_3700m;5.00;167;167;11.20;24.95
2700.00;3000.00;1824.00;24.21;E0_0_3800m;5.00;152;152;10.46;24.27
2700.00;3000.00;2052.00;24.64;E0_1_3800m;5.00;171;171;11.56;24.73
2700.00;3000.00;1824.00;24.33;E0_0_3900m;5.00;152;152;10.41;24.39
2700.00;3000.00;2052.00;24.61;E0_1_3900m;5.00;171;171;11.58;24.70
2700.00;3000.00;1836.00;24.31;E0_0_4000m;5.00;153;153;10.49;24.38
2700.00;3000.00;2040.00;24.63;E0_1_4000m;5.00;170;171;11.55;24.74
2700.00;3000.00;1836.00;23.99;E0_0_4100m;5.00;153;153;10.63;24.06
2700.00;3000.00;2040.00;24.55;E0_1_4100m;5.00;170;170;11.54;24.66
2700.00;3000.00;1836.00;23.34;E0_0_4200m;5.00;153;153;10.93;23.44
2700.00;3000.00;2040.00;24.55;E0_1_4200m;5.00;170;170;11.54;24.66
2700.00;3000.00;1884.00;23.09;E0_0_4300m;5.00;157;157;11.33;23.19
2700.00;3000.00;2064.00;24.64;E0_1_4300m;5.00;172;171;11.60;24.78
2700.00;3000.00;1920.00;23.05;E0_0_4400m;5.00;160;160;11.57;23.14
2700.00;3000.00;2088.00;24.64;E0_1_4400m;5.00;174;174;11.77;24.77
2700.00;3000.00;1968.00;23.27;E0_0_4500m;5.00;164;163;11.70;23.33
2700.00;3000.00;2124.00;24.56;E0_1_4500m;5.00;177;176;11.99;24.70
2700.00;3000.00;1980.00;23.36;E0_0_4600m;5.00;165;165;11.77;23.41
2700.00;3000.00;2148.00;24.58;E0_1_4600m;5.00;179;179;12.14;24.72
2700.00;3000.00;1992.00;23.36;E0_0_4700m;5.00;166;166;11.84;23.40
2700.00;3000.00;2160.00;24.67;E0_1_4700m;5.00;180;180;12.16;24.81
2700.00;3000.00;1992.00;23.37;E0_0_4800m;5.00;166;166;11.84;23.43
2700.00;3000.00;2184.00;24.85;E0_1_4800m;5.00;182;181;12.20;24.99
2700.00;3000.00;1968.00;23.32;E0_0_4900m;5.00;164;164;11.72;23.39
2700.00;3000.00;2196.00;25.05;E0_1_4900m;5.00;183;184;12.20;25.21
2700.00;3000.00;1980.00;23.31;E0_0_5000m;5.00;165;165;11.80;23.37
2700.00;3000.00;2184.00;25.08;E0_1_5000m;5.00;182;182;12.10;25.23
3000.00;3300.00;0.00;-1.00;E0_0_0m;-1.00;0;0;0.00;-1.00
3000.00;3300.00;0.00;-1.00;E0_1_0m;-1.00;0;0;0.00;-1.00
3000.00;3300.00;1824.00;25.70;E0_0_100m;5.00;152;154;9.95;25.86
3000.00;3300.00;2124.00;27.27;E0_1_100m;5.00;177;177;10.82;27.47
3000.00;3300.00;1824.00;26.02;E0_0_200m;5.00;152;152;9.73;26.22
3000.00;3300.00;2124.00;27.82;E0_1_200m;5.00;177;177;10.60;28.01
3000.00;3300.00;1800.00;26.08;E0_0_300m;5.00;150;150;9.59;26.25
3000.00;3300.00;2124.00;27.75;E0_1_300m;5.00;177;177;10.63;27.95
3000.00;3300.00;1776.00;26.10;E0_0_400m;5.00;148;147;9.42;26.27
3000.00;3300.00;2124.00;27.45;E0_1_400m;5.00;177;177;10.75;27.67
3000.00;3300.00;1740.00;26.11;E0_0_500m;5.00;145;144;9.21;26.27
3000.00;3300.00;2124.00;27.29;E0_1_500m;5.00;177;177;10.81;27.51
3000.00;3300.00;1680.00;25.99;E0_0_600m;5.00;140;141;9.05;26.14
3000.00;3300.00;2160.00;27.18;E0_1_600m;5.00;180;180;11.04;27.39
3000.00;3300.00;1668.00;25.84;E0_0_700m;5.00;139;139;8.97;25.99
3000.00;3300.00;2136.00;27.13;E0_1_700m;5.00;178;179;10.94;27.33
3000.00;3300.00;1632.00;25.92;E0_0_800m;5.00;136;136;8.74;26.05
3000.00;3300.00;2112.00;27.05;E0_1_800m;5.00;176;177;10.86;27.26
3000.00;3300.00;1620.00;25.88;E0_0_900m;5.00;135;135;8.69;26.01
3000.00;3300.00;2112.00;27.05;E0_1_900m;5.00;176;176;10.84;27.25
3000.00;3300.00;1656.00;25.76;E0_0_1000m;5.00;138;138;8.93;25.89
3000.00;3300.00;2136.00;27.08;E0_1_1000m;5.00;178;178;10.96;27.27
3000.00;3300.00;1632.00;25.63;E0_0_1100m;5.00;136;136;8.85;25.75
3000.00;3300.00;2124.00;26.92;E0_1_1100m;5.00;177;178;10.97;27.12
3000.00;3300.00;1632.00;25.41;E0_0_1200m;5.00;136;136;8.92;25.54
3000.00;3300.00;2136.00;26.86;E0_1_1200m;5.00;178;177;11.04;27.06
3000.00;3300.00;1692.00;25.37;E0_0_1300m;5.00;141;140;9.24;25.51
3000.00;3300.00;2136.00;26.77;E0_1_1300m;5.00;178;178;11.08;26.96
3000.00;3300.00;1704.00;25.27;E0_0_1400m;5.00;142;142;9.37;25.43
3000.00;3300.00;2148.00;26.74;E0_1_1400m;5.00;179;179;11.16;26.92
3000.00;3300.00;1704.00;25.26;E0_0_1500m;5.00;142;142;9.37;25.43
3000.00;3300.00;2148.00;26.72;E0_1_1500m;5.00;179;179;11.16;26.91
3000.00;3300.00;1716.00;25.20;E0_0_1600m;5.00;143;143;9.46;25.36
3000.00;3300.00;2088.00;26.72;E0_1_1600m;5.00;174;175;10.89;26.91
3000.00;3300.00;1692.00;24.96;E0_0_1700m;5.00;141;141;9.41;25.13
3000.00;3300.00;2124.00;26.41;E0_1_1700m;5.00;177;177;11.17;26.60
3000.00;3300.00;1716.00;24.84;E0_0_1800m;5.00;143;144;9.61;25.02
3000.00;3300.00;2112.00;26.19;E0_1_1800m;5.00;176;176;11.20;26.39
3000.00;3300.00;1740.00;24.65;E0_0_1900m;5.00;145;145;9.81;24.83
3000.00;3300.00;2100.00;25.99;E0_1_1900m;5.00;175;175;11.22;26.21
3000.00;3300.00;1764.00;24.35;E0_0_2000m;5.00;147;146;10.06;24.52
3000.00;3300.00;2088.00;25.55;E0_1_2000m;5.00;174;174;11.35;25.81
3000.00;3300.00;1728.00;24.04;E0_0_2100m;5.00;144;144;9.98;24.24
3000.00;3300.00;2136.00;25.14;E0_1_2100m;5.00;178;177;11.76;25.43
3000.00;3300.00;1728.00;23.72;E0_0_2200m;5.00;144;144;10.12;23.97
3000.00;3300.00;2136.00;24.92;E0_1_2200m;5.00;178;178;11.91;25.24
3000.00;3300.00;1752.00;23.71;E0_0_2300m;5.00;146;145;10.20;23.95
3000.00;3300.00;2184.00;24.81;E0_1_2300m;5.00;182;182;12.23;25.15
3000.00;3300.00;1740.00;23.83;E0_0_2400m;5.00;145;145;10.14;24.02
3000.00;3300.00;2232.00;24.76;E0_1_2400m;5.00;186;185;12.52;25.11
3000.00;3300.00;1752.00;23.89;E0_0_2500m;5.00;146;147;10.20;24.07
3000.00;3300.00;2244.00;24.69;E0_1_2500m;5.00;187;187;12.62;25.03
3000.00;3300.00;1800.00;23.77;E0_0_2600m;5.00;150;150;10.52;23.94
3000.00;3300.00;2244.00;24.63;E0_1_2600m;5.00;187;187;12.65;24.94
3000.00;3300.00;1836.00;23.56;E0_0_2700m;5.00;153;152;10.77;23.72
3000.00;3300.00;2268.00;24.27;E0_1_2700m;5.00;189;189;12.98;24.55
3000.00;3300.00;1824.00;23.36;E0_0_2800m;5.00;152;152;10.85;23.51
3000.00;3300.00;2304.00;23.88;E0_1_2800m;5.00;192;192;13.40;24.09
3000.00;3300.00;1836.00;23.27;E0_0_2900m;5.00;153;154;10.98;23.41
3000.00;3300.00;2316.00;23.65;E0_1_2900m;5.00;193;193;13.60;23.84
3000.00;3300.00;1860.00;23.03;E0_0_3000m;5.00;155;155;11.22;23.18
3000.00;3300.00;2328.00;23.51;E0_1_3000m;5.00;194;194;13.75;23.70
3000.00;3300.00;1872.00;22.60;E0_0_3100m;5.00;156;157;11.56;22.74
3000.00;3300.00;2304.00;23.30;E0_1_3100m;5.00;192;192;13.73;23.49
3000.00;3300.00;1884.00;22.43;E0_0_3200m;5.00;157;156;11.63;22.57
3000.00;3300.00;2316.00;22.93;E0_1_3200m;5.00;193;192;13.98;23.13
3000.00;3300.00;1932.00;22.41;E0_0_3300m;5.00;161;160;11.94;22.57
3000.00;3300.00;2316.00;22.83;E0_1_3300m;5.00;193;193;14.09;23.06
3000.00;3300.00;1944.00;22.41;E0_0_3400m;5.00;162;162;12.05;22.59
3000.00;3300.00;2340.00;22.75;E0_1_3400m;5.00;195;195;14.28;23.01
3000.00;3300.00;1932.00;22.44;E0_0_3500m;5.00;161;161;11.96;22.64
3000.00;3300.00;2292.00;22.72;E0_1_3500m;5.00;191;191;14.01;23.00
3000.00;3300.00;1884.00;22.36;E0_0_3600m;5.00;157;157;11.70;22.56
3000.00;3300.00;2268.00;22.70;E0_1_3600m;5.00;189;189;13.87;22.98
3000.00;3300.00;1848.00;22.19;E0_0_3700m;5.00;154;155;11.58;22.39
3000.00;3300.00;2232.00;22.72;E0_1_3700m;5.00;186;186;13.64;23.00
3000.00;3300.00;1812.00;22.19;E0_0_3800m;5.00;151;152;11.37;22.35
3000.00;3300.00;2196.00;22.76;E0_1_3800m;5.00;183;183;13.40;23.05
3000.00;3300.00;1788.00;22.21;E0_0_3900m;5.00;149;149;11.18;22.36
3000.00;3300.00;2172.00;22.81;E0_1_3900m;5.00;181;181;13.23;23.10
3000.00;3300.00;1764.00;22.13;E0_0_4000m;5.00;147;147;11.07;22.27
3000.00;3300.00;2136.00;22.83;E0_1_4000m;5.00;178;178;12.99;23.14
3000.00;3300.00;1740.00;21.74;E0_0_4100m;5.00;145;145;11.12;21.85
3000.00;3300.00;2088.00;22.70;E0_1_4100m;5.00;174;174;12.77;23.00
3000.00;3300.00;1716.00;21.43;E0_0_4200m;5.00;143;143;11.12;21.54
3000.00;3300.00;2052.00;22.49;E0_1_4200m;5.00;171;171;12.67;22.78
3000.00;3300.00;1704.00;21.42;E0_0_4300m;5.00;142;142;11.05;21.49
3000.00;3300.00;2004.00;22.27;E0_1_4300m;5.00;167;168;12.51;22.52
3000.00;3300.00;1668.00;21.37;E0_0_4400m;5.00;139;139;10.84;21.43
3000.00;3300.00;1980.00;22.08;E0_1_4400m;5.00;165;165;12.46;22.27
3000.00;3300.00;1632.00;21.36;E0_0_4500m;5.00;136;136;10.61;21.42
3000.00;3300.00;1944.00;21.95;E0_1_4500m;5.00;162;162;12.30;22.13
3000.00;3300.00;1608.00;21.38;E0_0_4600m;5.00;134;134;10.45;21.44
3000.00;3300.00;1920.00;21.93;E0_1_4600m;5.00;160;160;12.16;22.11
3000.00;3300.00;1584.00;21.44;E0_0_4700m;5.00;132;133;10.31;21.52
3000.00;3300.00;1908.00;22.02;E0_1_4700m;5.00;159;159;12.04;22.22
3000.00;3300.00;1596.00;21.60;E0_0_4800m;5.00;133;133;10.26;21.69
3000.00;3300.00;1872.00;22.02;E0_1_4800m;5.00;156;156;11.81;22.22
3000.00;3300.00;1584.00;21.73;E0_0_4900m;5.00;132;132;10.12;21.84
3000.00;3300.00;1860.00;22.09;E0_1_4900m;5.00;155;155;11.69;22.27
3000.00;3300.00;1584.00;21.84;E0_0_5000m;5.00;132;133;10.10;21.95
3000.00;3300.00;1848.00;22.25;E0_1_5000m;5.00;154;154;11.53;22.42
3300.00;3600.00;0.00;-1.00;E0_0_0m;-1.00;0;0;0.00;-1.00
3300.00;3600.00;0.00;-1.00;E0_1_0m;-1.00;0;0;0.00;-1.00
3300.00;3600.00;1764.00;26.41;E0_0_100m;5.00;147;149;9.29;26.55
3300.00;3600.00;2052.00;27.83;E0_1_100m;5.00;171;171;10.24;28.04
3300.00;3600.00;1788.00;26.23;E0_0_200m;5.00;149;149;9.47;26.35
3300.00;3600.00;2028.00;28.27;E0_1_200m;5.00;169;169;9.96;28.56
3300.00;3600.00;1800.00;26.14;E0_0_300m;5.00;150;150;9.56;26.25
3300.00;3600.00;2040.00;28.14;E0_1_300m;5.00;170;170;10.07;28.42
3300.00;3600.00;1800.00;25.98;E0_0_400m;5.00;150;150;9.62;26.10
3300.00;3600.00;2052.00;27.83;E0_1_400m;5.00;171;171;10.24;28.07
3300.00;3600.00;1800.00;25.76;E0_0_500m;5.00;150;150;9.71;25.87
3300.00;3600.00;2076.00;27.54;E0_1_500m;5.00;173;173;10.47;27.78
3300.00;3600.00;1848.00;25.56;E0_0_600m;5.00;154;153;9.97;25.68
3300.00;3600.00;2088.00;27.27;E0_1_600m;5.00;174;174;10.63;27.51
3300.00;3600.00;1800.00;25.36;E0_0_700m;5.00;150;150;9.86;25.48
3300.00;3600.00;2148.00;26.91;E0_1_700m;5.00;179;179;11.09;27.14
3300.00;3600.00;1800.00;25.05;E0_0_800m;5.00;150;151;10.03;25.16
3300.00;3600.00;2172.00;26.61;E0_1_800m;5.00;181;180;11.33;26.82
3300.00;3600.00;1812.00;24.99;E0_0_900m;5.00;151;151;10.07;25.11
3300.00;3600.00;2136.00;26.48;E0_1_900m;5.00;178;179;11.25;26.66
3300.00;3600.00;1776.00;24.94;E0_0_1000m;5.00;148;148;9.89;25.07
3300.00;3600.00;2124.00;26.33;E0_1_1000m;5.00;177;177;11.20;26.51
3300.00;3600.00;1752.00;24.81;E0_0_1100m;5.00;146;146;9.81;24.93
3300.00;3600.00;2148.00;26.12;E0_1_1100m;5.00;179;178;11.41;26.30
3300.00;3600.00;1740.00;24.67;E0_0_1200m;5.00;145;145;9.80;24.79
3300.00;3600.00;2136.00;25.95;E0_1_1200m;5.00;178;178;11.43;26.14
3300.00;3600.00;1716.00;24.63;E0_0_1300m;5.00;143;143;9.67;24.74
3300.00;3600.00;2112.00;25.81;E0_1_1300m;5.00;176;176;11.37;25.99
3300.00;3600.00;1692.00;24.72;E0_0_1400m;5.00;141;142;9.52;24.81
3300.00;3600.00;2112.00;25.66;E0_1_1400m;5.00;176;176;11.43;25.86
3300.00;3600.00;1716.00;24.66;E0_0_1500m;5.00;143;143;9.67;24.75
3300.00;3600.00;2088.00;25.69;E0_1_1500m;5.00;174;174;11.29;25.89
3300.00;3600.00;1680.00;24.69;E0_0_1600m;5.00;140;140;9.45;24.78
3300.00;3600.00;2088.00;25.71;E0_1_1600m;5.00;174;173;11.24;25.90
3300.00;3600.00;1728.00;24.71;E0_0_1700m;5.00;144;144;9.71;24.81
3300.00;3600.00;2088.00;25.64;E0_1_1700m;5.00;174;174;11.31;25.82
3300.00;3600.00;1716.00;24.76;E0_0_1800m;5.00;143;144;9.68;24.86
3300.00;3600.00;2136.00;25.48;E0_1_1800m;5.00;178;179;11.65;25.67
3300.00;3600.00;1704.00;24.71;E0_0_1900m;5.00;142;142;9.58;24.80
3300.00;3600.00;2160.00;25.34;E0_1_1900m;5.00;180;180;11.84;25.48
3300.00;3600.00;1716.00;24.64;E0_0_2000m;5.00;143;143;9.67;24.73
3300.00;3600.00;2160.00;25.27;E0_1_2000m;5.00;180;180;11.87;25.40
3300.00;3600.00;1716.00;24.55;E0_0_2100m;5.00;143;143;9.71;24.63
3300.00;3600.00;2148.00;25.28;E0_1_2100m;5.00;179;179;11.80;25.42
3300.00;3600.00;1752.00;24.45;E0_0_2200m;5.00;146;146;9.95;24.53
3300.00;3600.00;2124.00;25.19;E0_1_2200m;5.00;177;177;11.71;25.32
3300.00;3600.00;1740.00;24.40;E0_0_2300m;5.00;145;145;9.90;24.48
3300.00;3600.00;2088.00;25.19;E0_1_2300m;5.00;174;174;11.51;25.32
3300.00;3600.00;1740.00;24.29;E0_0_2400m;5.00;145;145;9.95;24.37
3300.00;3600.00;2052.00;25.19;E0_1_2400m;5.00;171;171;11.31;25.33
3300.00;3600.00;1740.00;24.32;E0_0_2500m;5.00;145;146;9.96;24.39
3300.00;3600.00;2052.00;25.16;E0_1_2500m;5.00;171;171;11.33;25.31
3300.00;3600.00;1728.00;24.24;E0_0_2600m;5.00;144;144;9.90;24.32
3300.00;3600.00;2064.00;24.92;E0_1_2600m;5.00;172;172;11.50;25.05
3300.00;3600.00;1716.00;24.22;E0_0_2700m;5.00;143;143;9.84;24.30
3300.00;3600.00;2052.00;24.80;E0_1_2700m;5.00;171;171;11.49;24.92
3300.00;3600.00;1680.00;24.38;E0_0_2800m;5.00;140;140;9.57;24.47
3300.00;3600.00;2064.00;24.83;E0_1_2800m;5.00;172;172;11.55;24.98
3300.00;3600.00;1656.00;24.48;E0_0_2900m;5.00;138;137;9.38;24.58
3300.00;3600.00;2052.00;24.94;E0_1_2900m;5.00;171;171;11.43;25.10
3300.00;3600.00;1656.00;24.50;E0_0_3000m;5.00;138;138;9.39;24.59
3300.00;3600.00;2028.00;25.03;E0_1_3000m;5.00;169;169;11.25;25.20
3300.00;3600.00;1656.00;24.54;E0_0_3100m;5.00;138;137;9.32;24.64
3300.00;3600.00;2028.00;25.03;E0_1_3100m;5.00;169;169;11.25;25.20
3300.00;3600.00;1656.00;24.55;E0_0_3200m;5.00;138;138;9.37;24.65
3300.00;3600.00;2016.00;25.06;E0_1_3200m;5.00;168;168;11.17;25.23
3300.00;3600.00;1656.00;24.62;E0_0_3300m;5.00;138;138;9.34;24.74
3300.00;3600.00;1968.00;25.08;E0_1_3300m;5.00;164;165;10.94;25.27
3300.00;3600.00;1632.00;24.60;E0_0_3400m;5.00;136;136;9.21;24.71
3300.00;3600.00;1932.00;25.13;E0_1_3400m;5.00;161;161;10.68;25.33
3300.00;3600.00;1608.00;24.61;E0_0_3500m;5.00;134;135;9.11;24.72
3300.00;3600.00;1956.00;25.19;E0_1_3500m;5.00;163;163;10.78;25.38
3300.00;3600.00;1608.00;24.60;E0_0_3600m;5.00;134;134;9.08;24.70
3300.00;3600.00;1956.00;25.18;E0_1_3600m;5.00;163;163;10.79;25.34
3300.00;3600.00;1608.00;24.66;E0_0_3700m;5.00;134;133;9.05;24.75
3300.00;3600.00;1956.00;25.18;E0_1_3700m;5.00;163;163;10.79;25.32
3300.00;3600.00;1608.00;24.66;E0_0_3800m;5.00;134;133;9.03;24.75
3300.00;3600.00;1956.00;25.20;E0_1_3800m;5.00;163;163;10.78;25.34
3300.00;3600.00;1644.00;24.55;E0_0_3900m;5.00;137;137;9.30;24.64
3300.00;3600.00;1956.00;25.20;E0_1_3900m;5.00;163;163;10.78;25.34
3300.00;3600.00;1668.00;24.41;E0_0_4000m;5.00;139;139;9.49;24.53
3300.00;3600.00;1992.00;25.23;E0_1_4000m;5.00;166;166;10.96;25.38
3300.00;3600.00;1704.00;24.54;E0_0_4100m;5.00;142;142;9.64;24.66
3300.00;3600.00;2028.00;25.26;E0_1_4100m;5.00;169;169;11.15;25.41
3300.00;3600.00;1716.00;24.71;E0_0_4200m;5.00;143;143;9.64;24.82
3300.00;3600.00;2076.00;25.27;E0_1_4200m;5.00;173;173;11.41;25.43
3300.00;3600.00;1740.00;24.68;E0_0_4300m;5.00;145;145;9.79;24.78
3300.00;3600.00;2112.00;25.28;E0_1_4300m;5.00;176;175;11.59;25.43
3300.00;3600.00;1776.00;24.60;E0_0_4400m;5.00;148;148;10.03;24.69
3300.00;3600.00;2136.00;25.26;E0_1_4400m;5.00;178;178;11.74;25.41
3300.00;3600.00;1800.00;24.47;E0_0_4500m;5.00;150;150;10.22;24.56
3300.00;3600.00;2184.00;25.23;E0_1_4500m;5.00;182;182;12.02;25.37
3300.00;3600.00;1812.00;24.37;E0_0_4600m;5.00;151;151;10.33;24.46
3300.00;3600.00;2196.00;25.11;E0_1_4600m;5.00;183;184;12.19;25.24
3300.00;3600.00;1836.00;24.24;E0_0_4700m;5.00;153;152;10.47;24.34
3300.00;3600.00;2208.00;24.97;E0_1_4700m;5.00;184;185;12.32;25.08
3300.00;3600.00;1860.00;24.07;E0_0_4800m;5.00;155;155;10.73;24.16
3300.00;3600.00;2232.00;24.88;E0_1_4800m;5.00;186;186;12.46;24.98
3300.00;3600.00;1872.00;23.92;E0_0_4900m;5.00;156;156;10.87;24.01
3300.00;3600.00;2220.00;24.81;E0_1_4900m;5.00;185;185;12.43;24.93
3300.00;3600.00;1896.00;23.84;E0_0_5000m;5.00;158;157;11.02;23.93
3300.00;3600.00;2220.00;24.84;E0_1_5000m;5.00;185;185;12.41;24.96
3600.00;3900.00;0.00;-1.00;E0_0_0m;-1.00;0;0;0.00;-1.00
3600.00;3900.00;0.00;-1.00;E0_1_0m;-1.00;0;0;0.00;-1.00
3600.00;3900.00;1836.00;26.48;E0_0_100m;5.00;153;153;9.64;26.63
3600.00;3900.00;2172.00;27.82;E0_1_100m;5.00;181;181;10.84;27.94
3600.00;3900.00;1860.00;26.68;E0_0_200m;5.00;155;155;9.68;26.85
3600.00;3900.00;2148.00;28.18;E0_1_200m;5.00;179;179;10.59;28.35
3600.00;3900.00;1848.00;26.80;E0_0_300m;5.00;154;154;9.58;26.95
3600.00;3900.00;2172.00;28.03;E0_1_300m;5.00;181;181;10.76;28.19
3600.00;3900.00;1860.00;26.65;E0_0_400m;5.00;155;155;9.69;26.78
3600.00;3900.00;2196.00;27.92;E0_1_400m;5.00;183;183;10.92;28.08
3600.00;3900.00;1824.00;26.56;E0_0_500m;5.00;152;152;9.54;26.68
3600.00;3900.00;2196.00;27.80;E0_1_500m;5.00;183;183;10.97;27.96
3600.00;3900.00;1824.00;26.46;E0_0_600m;5.00;152;152;9.57;26.58
3600.00;3900.00;2160.00;27.78;E0_1_600m;5.00;180;181;10.84;27.94
3600.00;3900.00;1812.00;26.38;E0_0_700m;5.00;151;151;9.54;26.48
3600.00;3900.00;2160.00;27.70;E0_1_700m;5.00;180;180;10.83;27.84
3600.00;3900.00;1776.00;26.43;E0_0_800m;5.00;148;148;9.32;26.52
3600.00;3900.00;2160.00;27.62;E0_1_800m;5.00;180;180;10.86;27.75
3600.00;3900.00;1788.00;26.41;E0_0_900m;5.00;149;149;9.40;26.51
3600.00;3900.00;2160.00;27.66;E0_1_900m;5.00;180;180;10.84;27.78
3600.00;3900.00;1788.00;26.25;E0_0_1000m;5.00;149;149;9.46;26.37
3600.00;3900.00;2184.00;27.76;E0_1_1000m;5.00;182;182;10.93;27.87
3600.00;3900.00;1824.00;25.96;E0_0_1100m;5.00;152;152;9.76;26.08
3600.00;3900.00;2196.00;27.70;E0_1_1100m;5.00;183;183;11.01;27.81
3600.00;3900.00;1800.00;25.81;E0_0_1200m;5.00;150;150;9.69;25.94
3600.00;3900.00;2256.00;27.41;E0_1_1200m;5.00;188;188;11.43;27.51
3600.00;3900.00;1812.00;25.67;E0_0_1300m;5.00;151;151;9.81;25.80
3600.00;3900.00;2256.00;27.08;E0_1_1300m;5.00;188;189;11.61;27.17
3600.00;3900.00;1836.00;25.52;E0_0_1400m;5.00;153;153;9.99;25.66
3600.00;3900.00;2268.00;26.85;E0_1_1400m;5.00;189;189;11.73;26.94
3600.00;3900.00;1812.00;25.35;E0_0_1500m;5.00;151;152;9.97;25.49
3600.00;3900.00;2280.00;26.71;E0_1_1500m;5.00;190;191;11.86;26.81
3600.00;3900.00;1824.00;25.21;E0_0_1600m;5.00;152;152;10.05;25.34
3600.00;3900.00;2292.00;26.60;E0_1_1600m;5.00;191;192;12.02;26.73
3600.00;3900.00;1788.00;25.15;E0_0_1700m;5.00;149;149;9.87;25.28
3600.00;3900.00;2280.00;26.65;E0_1_1700m;5.00;190;190;11.88;26.79
3600.00;3900.00;1788.00;25.11;E0_0_1800m;5.00;149;149;9.89;25.25
3600.00;3900.00;2244.00;26.74;E0_1_1800m;5.00;187;186;11.65;26.90
3600.00;3900.00;1812.00;25.09;E0_0_1900m;5.00;151;151;10.03;25.24
3600.00;3900.00;2208.00;26.84;E0_1_1900m;5.00;184;184;11.42;27.01
3600.00;3900.00;1800.00;25.12;E0_0_2000m;5.00;150;150;9.95;25.27
3600.00;3900.00;2220.00;26.93;E0_1_2000m;5.00;185;185;11.45;27.11
3600.00;3900.00;1836.00;24.90;E0_0_2100m;5.00;153;153;10.24;25.03
3600.00;3900.00;2196.00;26.92;E0_1_2100m;5.00;183;183;11.33;27.11
3600.00;3900.00;1860.00;24.73;E0_0_2200m;5.00;155;156;10.46;24.87
3600.00;3900.00;2232.00;26.75;E0_1_2200m;5.00;186;186;11.59;26.94
3600.00;3900.00;1848.00;24.67;E0_0_2300m;5.00;154;154;10.40;24.80
3600.00;3900.00;2256.00;26.76;E0_1_2300m;5.00;188;188;11.71;26.96
3600.00;3900.00;1848.00;24.61;E0_0_2400m;5.00;154;154;10.43;24.73
3600.00;3900.00;2256.00;26.66;E0_1_2400m;5.00;188;188;11.75;26.86
3600.00;3900.00;1896.00;24.55;E0_0_2500m;5.00;158;157;10.71;24.67
3600.00;3900.00;2232.00;26.53;E0_1_2500m;5.00;186;186;11.68;26.75
3600.00;3900.00;1884.00;24.36;E0_0_2600m;5.00;157;158;10.79;24.49
3600.00;3900.00;2244.00;26.35;E0_1_2600m;5.00;187;187;11.83;26.56
3600.00;3900.00;1896.00;24.09;E0_0_2700m;5.00;158;158;10.93;24.23
3600.00;3900.00;2256.00;26.16;E0_1_2700m;5.00;188;188;11.98;26.37
3600.00;3900.00;1908.00;23.88;E0_0_2800m;5.00;159;159;11.10;24.01
3600.00;3900.00;2268.00;26.00;E0_1_2800m;5.00;189;189;12.11;26.21
3600.00;3900.00;1884.00;23.78;E0_0_2900m;5.00;157;157;11.00;23.89
3600.00;3900.00;2316.00;25.93;E0_1_2900m;5.00;193;193;12.40;26.15
3600.00;3900.00;1920.00;23.56;E0_0_3000m;5.00;160;160;11.32;23.66
3600.00;3900.00;2304.00;25.82;E0_1_3000m;5.00;192;192;12.39;26.06
3600.00;3900.00;1932.00;23.64;E0_0_3100m;5.00;161;161;11.35;23.73
3600.00;3900.00;2316.00;25.70;E0_1_3100m;5.00;193;193;12.52;25.94
3600.00;3900.00;1920.00;23.67;E0_0_3200m;5.00;160;160;11.27;23.76
3600.00;3900.00;2328.00;25.57;E0_1_3200m;5.00;194;194;12.65;25.81
3600.00;3900.00;1896.00;23.67;E0_0_3300m;5.00;158;158;11.12;23.76
3600.00;3900.00;2364.00;25.47;E0_1_3300m;5.00;197;197;12.89;25.70
3600.00;3900.00;1896.00;23.63;E0_0_3400m;5.00;158;158;11.15;23.71
3600.00;3900.00;2352.00;25.41;E0_1_3400m;5.00;196;196;12.86;25.65
3600.00;3900.00;1884.00;23.58;E0_0_3500m;5.00;157;157;11.09;23.67
3600.00;3900.00;2352.00;25.26;E0_1_3500m;5.00;196;197;12.99;25.49
3600.00;3900.00;1884.00;23.60;E0_0_3600m;5.00;157;157;11.09;23.68
3600.00;3900.00;2364.00;25.14;E0_1_3600m;5.00;197;197;13.06;25.36
3600.00;3900.00;1908.00;23.61;E0_0_3700m;5.00;159;159;11.23;23.69
3600.00;3900.00;2364.00;25.01;E0_1_3700m;5.00;197;198;13.13;25.20
3600.00;3900.00;1884.00;23.65;E0_0_3800m;5.00;157;157;11.07;23.72
3600.00;3900.00;2400.00;24.93;E0_1_3800m;5.00;200;200;13.37;25.10
3600.00;3900.00;1860.00;23.65;E0_0_3900m;5.00;155;155;10.93;23.72
3600.00;3900.00;2364.00;24.90;E0_1_3900m;5.00;197;197;13.19;25.07
3600.00;3900.00;1836.00;23.67;E0_0_4000m;5.00;153;153;10.77;23.77
3600.00;3900.00;2328.00;24.91;E0_1_4000m;5.00;194;194;12.98;25.08
3600.00;3900.00;1824.00;23.59;E0_0_4100m;5.00;152;152;10.74;23.67
3600.00;3900.00;2280.00;24.74;E0_1_4100m;5.00;190;190;12.80;24.88
3600.00;3900.00;1812.00;23.55;E0_0_4200m;5.00;151;151;10.69;23.62
3600.00;3900.00;2256.00;24.47;E0_1_4200m;5.00;188;188;12.80;24.58
3600.00;3900.00;1788.00;23.46;E0_0_4300m;5.00;149;149;10.59;23.53
3600.00;3900.00;2256.00;24.40;E0_1_4300m;5.00;188;188;12.84;24.51
3600.00;3900.00;1752.00;23.43;E0_0_4400m;5.00;146;146;10.38;23.50
3600.00;3900.00;2220.00;24.36;E0_1_4400m;5.00;185;185;12.66;24.48
3600.00;3900.00;1728.00;23.42;E0_0_4500m;5.00;144;144;10.25;23.49
3600.00;3900.00;2172.00;24.31;E0_1_4500m;5.00;181;181;12.41;24.45
3600.00;3900.00;1728.00;23.41;E0_0_4600m;5.00;144;144;10.25;23.48
3600.00;3900.00;2160.00;24.33;E0_1_4600m;5.00;180;179;12.29;24.49
3600.00;3900.00;1728.00;23.42;E0_0_4700m;5.00;144;144;10.25;23.48
3600.00;3900.00;2160.00;24.27;E0_1_4700m;5.00;180;179;12.32;24.41
3600.00;3900.00;1716.00;23.39;E0_0_4800m;5.00;143;143;10.19;23.45
3600.00;3900.00;2124.00;24.14;E0_1_4800m;5.00;177;177;12.22;24.24
3600.00;3900.00;1704.00;23.44;E0_0_4900m;5.00;142;143;10.12;23.49
3600.00;3900.00;2148.00;24.15;E0_1_4900m;5.00;179;179;12.35;24.27
3600.00;3900.00;1716.00;23.59;E0_0_5000m;5.00;143;143;10.10;23.65
3600.00;3900.00;2124.00;24.20;E0_1_5000m;5.00;177;177;12.19;24.33
3900.00;4200.00;0.00;-1.00;E0_0_0m;-1.00;0;0;0.00;-1.00
3900.00;4200.00;0.00;-1.00;E0_1_0m;-1.00;0;0;0.00;-1.00
3900.00;4200.00;1752.00;26.77;E0_0_100m;5.00;146;145;9.08;26.92
3900.00;4200.00;1884.00;28.63;E0_1_100m;5.00;157;157;9.14;28.76
3900.00;4200.00;1740.00;26.67;E0_0_200m;5.00;145;146;9.09;26.88
3900.00;4200.00;1884.00;28.57;E0_1_200m;5.00;157;158;9.17;28.75
3900.00;4200.00;1704.00;26.62;E0_0_300m;5.00;142;143;8.92;26.82
3900.00;4200.00;1896.00;28.38;E0_1_300m;5.00;158;159;9.29;28.60
3900.00;4200.00;1704.00;26.56;E0_0_400m;5.00;142;142;8.91;26.76
3900.00;4200.00;1884.00;28.33;E0_1_400m;5.00;157;157;9.23;28.58
3900.00;4200.00;1692.00;26.49;E0_0_500m;5.00;141;141;8.87;26.69
3900.00;4200.00;1908.00;28.38;E0_1_500m;5.00;159;159;9.34;28.63
3900.00;4200.00;1656.00;26.26;E0_0_600m;5.00;138;138;8.76;26.46
3900.00;4200.00;1920.00;28.18;E0_1_600m;5.00;160;160;9.46;28.43
3900.00;4200.00;1608.00;26.08;E0_0_700m;5.00;134;134;8.56;26.28
3900.00;4200.00;1956.00;28.04;E0_1_700m;5.00;163;163;9.69;28.29
3900.00;4200.00;1632.00;25.84;E0_0_800m;5.00;136;135;8.73;26.05
3900.00;4200.00;1956.00;27.86;E0_1_800m;5.00;163;164;9.75;28.10
3900.00;4200.00;1608.00;25.88;E0_0_900m;5.00;134;134;8.63;26.07
3900.00;4200.00;1980.00;27.75;E0_1_900m;5.00;165;165;9.91;27.98
3900.00;4200.00;1632.00;25.85;E0_0_1000m;5.00;136;136;8.77;26.03
3900.00;4200.00;1992.00;27.72;E0_1_1000m;5.00;166;166;9.98;27.93
3900.00;4200.00;1620.00;25.70;E0_0_1100m;5.00;135;135;8.76;25.86
3900.00;4200.00;1956.00;27.51;E0_1_1100m;5.00;163;163;9.87;27.74
3900.00;4200.00;1596.00;25.52;E0_0_1200m;5.00;133;134;8.73;25.69
3900.00;4200.00;1956.00;27.35;E0_1_1200m;5.00;163;163;9.93;27.58
3900.00;4200.00;1608.00;25.49;E0_0_1300m;5.00;134;134;8.76;25.68
3900.00;4200.00;1968.00;27.16;E0_1_1300m;5.00;164;164;10.07;27.37
3900.00;4200.00;1596.00;25.46;E0_0_1400m;5.00;133;133;8.71;25.65
3900.00;4200.00;2004.00;26.98;E0_1_1400m;5.00;167;167;10.32;27.16
3900.00;4200.00;1632.00;25.41;E0_0_1500m;5.00;136;135;8.88;25.61
3900.00;4200.00;2016.00;26.80;E0_1_1500m;5.00;168;167;10.44;26.99
3900.00;4200.00;1632.00;25.48;E0_0_1600m;5.00;136;136;8.90;25.66
3900.00;4200.00;2028.00;26.69;E0_1_1600m;5.00;169;168;10.50;26.87
3900.00;4200.00;1584.00;25.46;E0_0_1700m;5.00;132;132;8.64;25.61
3900.00;4200.00;2088.00;26.62;E0_1_1700m;5.00;174;174;10.89;26.81
3900.00;4200.00;1608.00;25.30;E0_0_1800m;5.00;134;134;8.83;25.47
3900.00;4200.00;2088.00;26.59;E0_1_1800m;5.00;174;175;10.92;26.77
3900.00;4200.00;1608.00;25.23;E0_0_1900m;5.00;134;134;8.85;25.40
3900.00;4200.00;2100.00;26.63;E0_1_1900m;5.00;175;175;10.95;26.82
3900.00;4200.00;1620.00;25.34;E0_0_2000m;5.00;135;135;8.88;25.51
3900.00;4200.00;2088.00;26.64;E0_1_2000m;5.00;174;174;10.89;26.85
3900.00;4200.00;1620.00;25.26;E0_0_2100m;5.00;135;135;8.91;25.44
3900.00;4200.00;2112.00;26.56;E0_1_2100m;5.00;176;176;11.04;26.76
3900.00;4200.00;1608.00;25.12;E0_0_2200m;5.00;134;134;8.89;25.29
3900.00;4200.00;2076.00;26.54;E0_1_2200m;5.00;173;173;10.86;26.74
3900.00;4200.00;1656.00;25.03;E0_0_2300m;5.00;138;138;9.19;25.21
3900.00;4200.00;2028.00;26.57;E0_1_2300m;5.00;169;170;10.62;26.82
3900.00;4200.00;1632.00;24.85;E0_0_2400m;5.00;136;136;9.12;25.03
3900.00;4200.00;2040.00;26.44;E0_1_2400m;5.00;170;171;10.73;26.69
3900.00;4200.00;1608.00;24.87;E0_0_2500m;5.00;134;134;8.98;25.04
3900.00;4200.00;2028.00;26.33;E0_1_2500m;5.00;169;170;10.72;26.58
3900.00;4200.00;1584.00;24.97;E0_0_2600m;5.00;132;131;8.76;25.14
3900.00;4200.00;2004.00;26.28;E0_1_2600m;5.00;167;167;10.59;26.52
3900.00;4200.00;1560.00;24.94;E0_0_2700m;5.00;130;130;8.69;25.11
3900.00;4200.00;1992.00;26.32;E0_1_2700m;5.00;166;166;10.51;26.54
3900.00;4200.00;1548.00;24.98;E0_0_2800m;5.00;129;129;8.61;25.16
3900.00;4200.00;1980.00;26.34;E0_1_2800m;5.00;165;165;10.44;26.54
3900.00;4200.00;1572.00;25.06;E0_0_2900m;5.00;131;131;8.71;25.24
3900.00;4200.00;1956.00;26.40;E0_1_2900m;5.00;163;163;10.29;26.58
3900.00;4200.00;1536.00;25.21;E0_0_3000m;5.00;128;128;8.46;25.38
3900.00;4200.00;1968.00;26.52;E0_1_3000m;5.00;164;164;10.31;26.69
3900.00;4200.00;1524.00;25.19;E0_0_3100m;5.00;127;127;8.40;25.36
3900.00;4200.00;1956.00;26.63;E0_1_3100m;5.00;163;163;10.20;26.80
3900.00;4200.00;1548.00;25.06;E0_0_3200m;5.00;129;129;8.58;25.23
3900.00;4200.00;1932.00;26.85;E0_1_3200m;5.00;161;161;9.99;27.02
3900.00;4200.00;1560.00;24.98;E0_0_3300m;5.00;130;130;8.67;25.13
3900.00;4200.00;1908.00;26.93;E0_1_3300m;5.00;159;159;9.84;27.07
3900.00;4200.00;1560.00;24.94;E0_0_3400m;5.00;130;130;8.69;25.09
3900.00;4200.00;1908.00;27.06;E0_1_3400m;5.00;159;159;9.79;27.17
3900.00;4200.00;1548.00;25.11;E0_0_3500m;5.00;129;130;8.62;25.28
3900.00;4200.00;1920.00;27.26;E0_1_3500m;5.00;160;159;9.73;27.34
3900.00;4200.00;1560.00;25.22;E0_0_3600m;5.00;130;130;8.59;25.38
3900.00;4200.00;1908.00;27.48;E0_1_3600m;5.00;159;159;9.64;27.55
3900.00;4200.00;1548.00;25.32;E0_0_3700m;5.00;129;129;8.49;25.49
3900.00;4200.00;1908.00;27.70;E0_1_3700m;5.00;159;158;9.57;27.75
3900.00;4200.00;1608.00;25.33;E0_0_3800m;5.00;134;134;8.82;25.53
3900.00;4200.00;1908.00;27.81;E0_1_3800m;5.00;159;160;9.58;27.87
3900.00;4200.00;1644.00;25.19;E0_0_3900m;5.00;137;137;9.07;25.33
3900.00;4200.00;1944.00;27.86;E0_1_3900m;5.00;162;162;9.69;27.92
3900.00;4200.00;1668.00;25.17;E0_0_4000m;5.00;139;139;9.20;25.30
3900.00;4200.00;1980.00;27.81;E0_1_4000m;5.00;165;165;9.89;27.87
3900.00;4200.00;1668.00;25.24;E0_0_4100m;5.00;139;139;9.18;25.36
3900.00;4200.00;2040.00;27.80;E0_1_4100m;5.00;170;171;10.22;27.86
3900.00;4200.00;1668.00;25.10;E0_0_4200m;5.00;139;139;9.23;25.22
3900.00;4200.00;2076.00;27.83;E0_1_4200m;5.00;173;173;10.36;27.89
3900.00;4200.00;1692.00;25.09;E0_0_4300m;5.00;141;141;9.37;25.20
3900.00;4200.00;2076.00;27.81;E0_1_4300m;5.00;173;173;10.37;27.88
3900.00;4200.00;1728.00;25.07;E0_0_4400m;5.00;144;144;9.57;25.18
3900.00;4200.00;2112.00;27.78;E0_1_4400m;5.00;176;176;10.56;27.84
3900.00;4200.00;1752.00;25.02;E0_0_4500m;5.00;146;146;9.73;25.12
3900.00;4200.00;2160.00;27.75;E0_1_4500m;5.00;180;180;10.81;27.82
3900.00;4200.00;1764.00;25.01;E0_0_4600m;5.00;147;147;9.79;25.12
3900.00;4200.00;2208.00;27.69;E0_1_4600m;5.00;184;184;11.08;27.75
3900.00;4200.00;1776.00;24.99;E0_0_4700m;5.00;148;148;9.87;25.11
3900.00;4200.00;2232.00;27.68;E0_1_4700m;5.00;186;186;11.20;27.74
3900.00;4200.00;1788.00;24.93;E0_0_4800m;5.00;149;149;9.96;25.05
3900.00;4200.00;2244.00;27.71;E0_1_4800m;5.00;187;187;11.25;27.77
3900.00;4200.00;1764.00;24.77;E0_0_4900m;5.00;147;146;9.87;24.91
3900.00;4200.00;2256.00;27.71;E0_1_4900m;5.00;188;188;11.31;27.79
3900.00;4200.00;1788.00;24.67;E0_0_5000m;5.00;149;150;10.07;24.82
3900.00;4200.00;2244.00;27.68;E0_1_5000m;5.00;187;187;11.26;27.76
4200.00;4500.00;0.00;-1.00;E0_0_0m;-1.00;0;0;0.00;-1.00
4200.00;4500.00;0.00;-1.00;E0_1_0m;-1.00;0;0;0.00;-1.00
4200.00;4500.00;1932.00;25.37;E0_0_100m;5.00;161;162;10.58;25.50
4200.00;4500.00;2208.00;27.29;E0_1_100m;5.00;184;184;11.24;27.46
4200.00;4500.00;1944.00;25.33;E0_0_200m;5.00;162;161;10.63;25.45
4200.00;4500.00;2208.00;27.60;E0_1_200m;5.00;184;185;11.16;27.77
4200.00;4500.00;1944.00;25.07;E0_0_300m;5.00;162;162;10.77;25.18
4200.00;4500.00;2220.00;27.45;E0_1_300m;5.00;185;184;11.22;27.61
4200.00;4500.00;1944.00;25.04;E0_0_400m;5.00;162;162;10.78;25.16
4200.00;4500.00;2208.00;27.34;E0_1_400m;5.00;184;184;11.21;27.48
4200.00;4500.00;1944.00;24.88;E0_0_500m;5.00;162;162;10.85;25.01
4200.00;4500.00;2220.00;27.27;E0_1_500m;5.00;185;185;11.31;27.41
4200.00;4500.00;1908.00;24.80;E0_0_600m;5.00;159;160;10.73;24.93
4200.00;4500.00;2268.00;27.10;E0_1_600m;5.00;189;189;11.62;27.25
4200.00;4500.00;1908.00;24.67;E0_0_700m;5.00;159;160;10.79;24.81
4200.00;4500.00;2280.00;27.01;E0_1_700m;5.00;190;190;11.72;27.18
4200.00;4500.00;1932.00;24.57;E0_0_800m;5.00;161;161;10.92;24.71
4200.00;4500.00;2268.00;26.84;E0_1_800m;5.00;189;188;11.73;27.01
4200.00;4500.00;1920.00;24.46;E0_0_900m;5.00;160;160;10.90;24.60
4200.00;4500.00;2280.00;26.64;E0_1_900m;5.00;190;190;11.89;26.79
4200.00;4500.00;1896.00;24.36;E0_0_1000m;5.00;158;158;10.81;24.50
4200.00;4500.00;2256.00;26.51;E0_1_1000m;5.00;188;189;11.86;26.64
4200.00;4500.00;1884.00;24.24;E0_0_1100m;5.00;157;157;10.79;24.39
4200.00;4500.00;2256.00;26.36;E0_1_1100m;5.00;188;188;11.89;26.50
4200.00;4500.00;1884.00;24.17;E0_0_1200m;5.00;157;156;10.78;24.32
4200.00;4500.00;2244.00;26.25;E0_1_1200m;5.00;187;187;11.87;26.39
4200.00;4500.00;1836.00;24.13;E0_0_1300m;5.00;153;153;10.57;24.30
4200.00;4500.00;2244.00;26.20;E0_1_1300m;5.00;187;187;11.85;26.38
4200.00;4500.00;1824.00;24.10;E0_0_1400m;5.00;152;152;10.51;24.27
4200.00;4500.00;2232.00;26.07;E0_1_1400m;5.00;186;186;11.89;26.26
4200.00;4500.00;1788.00;24.09;E0_0_1500m;5.00;149;149;10.31;24.25
4200.00;4500.00;2232.00;26.01;E0_1_1500m;5.00;186;186;11.92;26.20
4200.00;4500.00;1728.00;23.95;E0_0_1600m;5.00;144;144;10.02;24.11
4200.00;4500.00;2268.00;26.09;E0_1_1600m;5.00;189;189;12.07;26.26
4200.00;4500.00;1716.00;23.84;E0_0_1700m;5.00;143;143;10.00;24.00
4200.00;4500.00;2244.00;26.09;E0_1_1700m;5.00;187;187;11.94;26.25
4200.00;4500.00;1704.00;23.73;E0_0_1800m;5.00;142;142;9.97;23.87
4200.00;4500.00;2220.00;26.02;E0_1_1800m;5.00;185;185;11.88;26.16
4200.00;4500.00;1692.00;23.62;E0_0_1900m;5.00;141;141;9.95;23.76
4200.00;4500.00;2244.00;25.96;E0_1_1900m;5.00;187;187;12.00;26.11
4200.00;4500.00;1716.00;23.52;E0_0_2000m;5.00;143;143;10.13;23.65
4200.00;4500.00;2256.00;25.84;E0_1_2000m;5.00;188;188;12.13;25.98
4200.00;4500.00;1704.00;23.43;E0_0_2100m;5.00;142;142;10.10;23.57
4200.00;4500.00;2232.00;25.72;E0_1_2100m;5.00;186;186;12.05;25.86
4200.00;4500.00;1692.00;23.32;E0_0_2200m;5.00;141;141;10.08;23.45
4200.00;4500.00;2244.00;25.70;E0_1_2200m;5.00;187;187;12.13;25.82
4200.00;4500.00;1692.00;23.11;E0_0_2300m;5.00;141;141;10.17;23.26
4200.00;4500.00;2220.00;25.73;E0_1_2300m;5.00;185;186;11.98;25.86
4200.00;4500.00;1692.00;23.17;E0_0_2400m;5.00;141;141;10.14;23.29
4200.00;4500.00;2232.00;25.49;E0_1_2400m;5.00;186;185;12.15;25.61
4200.00;4500.00;1728.00;23.12;E0_0_2500m;5.00;144;144;10.38;23.24
4200.00;4500.00;2268.00;25.34;E0_1_2500m;5.00;189;188;12.40;25.47
4200.00;4500.00;1764.00;23.14;E0_0_2600m;5.00;147;147;10.59;23.26
4200.00;4500.00;2304.00;25.19;E0_1_2600m;5.00;192;192;12.70;25.30
4200.00;4500.00;1800.00;23.08;E0_0_2700m;5.00;150;150;10.83;23.16
4200.00;4500.00;2304.00;24.92;E0_1_2700m;5.00;192;192;12.84;25.02
4200.00;4500.00;1824.00;22.94;E0_0_2800m;5.00;152;152;11.04;23.01
4200.00;4500.00;2304.00;24.57;E0_1_2800m;5.00;192;192;13.02;24.64
4200.00;4500.00;1824.00;22.79;E0_0_2900m;5.00;152;152;11.11;22.86
4200.00;4500.00;2304.00;24.42;E0_1_2900m;5.00;192;192;13.10;24.49
4200.00;4500.00;1836.00;22.72;E0_0_3000m;5.00;153;153;11.22;22.79
4200.00;4500.00;2292.00;24.35;E0_1_3000m;5.00;191;191;13.07;24.43
4200.00;4500.00;1848.00;22.75;E0_0_3100m;5.00;154;154;11.28;22.82
4200.00;4500.00;2280.00;24.18;E0_1_3100m;5.00;190;191;13.10;24.26
4200.00;4500.00;1836.00;22.76;E0_0_3200m;5.00;153;153;11.20;22.81
4200.00;4500.00;2292.00;24.03;E0_1_3200m;5.00;191;191;13.24;24.09
4200.00;4500.00;1812.00;22.76;E0_0_3300m;5.00;151;152;11.09;22.81
4200.00;4500.00;2304.00;23.95;E0_1_3300m;5.00;192;192;13.36;24.00
4200.00;4500.00;1824.00;22.76;E0_0_3400m;5.00;152;152;11.13;22.81
4200.00;4500.00;2292.00;23.94;E0_1_3400m;5.00;191;192;13.33;24.00
4200.00;4500.00;1836.00;22.79;E0_0_3500m;5.00;153;152;11.13;22.84
4200.00;4500.00;2280.00;23.79;E0_1_3500m;5.00;190;190;13.31;23.84
4200.00;4500.00;1812.00;22.83;E0_0_3600m;5.00;151;151;11.02;22.87
4200.00;4500.00;2292.00;23.66;E0_1_3600m;5.00;191;191;13.46;23.71
4200.00;4500.00;1788.00;22.83;E0_0_3700m;5.00;149;149;10.88;22.87
4200.00;4500.00;2292.00;23.65;E0_1_3700m;5.00;191;191;13.46;23.70
4200.00;4500.00;1764.00;22.80;E0_0_3800m;5.00;147;147;10.75;22.84
4200.00;4500.00;2256.00;23.68;E0_1_3800m;5.00;188;189;13.24;23.74
4200.00;4500.00;1764.00;22.84;E0_0_3900m;5.00;147;147;10.73;22.88
4200.00;4500.00;2220.00;23.71;E0_1_3900m;5.00;185;185;13.01;23.78
4200.00;4500.00;1752.00;22.85;E0_0_4000m;5.00;146;146;10.65;22.89
4200.00;4500.00;2184.00;23.78;E0_1_4000m;5.00;182;182;12.75;23.86
4200.00;4500.00;1764.00;22.83;E0_0_4100m;5.00;147;147;10.73;22.87
4200.00;4500.00;2112.00;23.75;E0_1_4100m;5.00;176;177;12.38;23.82
4200.00;4500.00;1740.00;22.79;E0_0_4200m;5.00;145;145;10.60;22.83
4200.00;4500.00;2076.00;23.64;E0_1_4200m;5.00;173;174;12.23;23.70
4200.00;4500.00;1716.00;22.79;E0_0_4300m;5.00;143;143;10.46;22.83
4200.00;4500.00;2040.00;23.51;E0_1_4300m;5.00;170;170;12.05;23.56
4200.00;4500.00;1692.00;22.83;E0_0_4400m;5.00;141;141;10.29;22.87
4200.00;4500.00;2040.00;23.38;E0_1_4400m;5.00;170;170;12.12;23.41
4200.00;4500.00;1680.00;22.81;E0_0_4500m;5.00;140;140;10.23;22.84
4200.00;4500.00;2040.00;23.32;E0_1_4500m;5.00;170;170;12.15;23.35
4200.00;4500.00;1644.00;22.76;E0_0_4600m;5.00;137;138;10.06;22.79
4200.00;4500.00;2016.00;23.28;E0_1_4600m;5.00;168;168;12.03;23.30
4200.00;4500.00;1620.00;22.78;E0_0_4700m;5.00;135;135;9.88;22.82
4200.00;4500.00;1980.00;23.25;E0_1_4700m;5.00;165;166;11.84;23.28
4200.00;4500.00;1608.00;22.91;E0_0_4800m;5.00;134;134;9.75;22.96
4200.00;4500.00;1956.00;23.30;E0_1_4800m;5.00;163;164;11.66;23.33
4200.00;4500.00;1632.00;23.06;E0_0_4900m;5.00;136;136;9.83;23.12
4200.00;4500.00;1932.00;23.44;E0_1_4900m;5.00;161;162;11.50;23.52
4200.00;4500.00;1608.00;23.18;E0_0_5000m;5.00;134;134;9.64;23.24
4200.00;4500.00;1944.00;23.49;E0_1_5000m;5.00;162;162;11.50;23.58
4500.00;4800.00;0.00;-1.00;E0_0_0m;-1.00;0;0;0.00;-1.00
4500.00;4800.00;0.00;-1.00;E0_1_0m;-1.00;0;0;0.00;-1.00
4500.00;4800.00;1656.00;26.92;E0_0_100m;5.00;138;138;8.55;27.07
4500.00;4800.00;2028.00;28.49;E0_1_100m;5.00;169;169;9.89;28.63
4500.00;4800.00;1704.00;26.96;E0_0_200m;5.00;142;143;8.78;27.12
4500.00;4800.00;2040.00;28.47;E0_1_200m;5.00;170;169;9.91;28.70
4500.00;4800.00;1704.00;26.88;E0_0_300m;5.00;142;142;8.80;27.04
4500.00;4800.00;2028.00;28.35;E0_1_300m;5.00;169;169;9.94;28.54
4500.00;4800.00;1692.00;26.86;E0_0_400m;5.00;141;141;8.75;27.01
4500.00;4800.00;2052.00;28.14;E0_1_400m;5.00;171;171;10.13;28.32
4500.00;4800.00;1668.00;26.67;E0_0_500m;5.00;139;139;8.68;26.80
4500.00;4800.00;2088.00;27.85;E0_1_500m;5.00;174;174;10.41;28.01
4500.00;4800.00;1668.00;26.39;E0_0_600m;5.00;139;138;8.73;26.52
4500.00;4800.00;2100.00;27.58;E0_1_600m;5.00;175;175;10.57;27.74
4500.00;4800.00;1668.00;26.04;E0_0_700m;5.00;139;139;8.90;26.20
4500.00;4800.00;2124.00;27.31;E0_1_700m;5.00;177;177;10.80;27.46
4500.00;4800.00;1656.00;26.13;E0_0_800m;5.00;138;138;8.80;26.27
4500.00;4800.00;2112.00;27.06;E0_1_800m;5.00;176;176;10.84;27.21
4500.00;4800.00;1632.00;26.19;E0_0_900m;5.00;136;136;8.65;26.32
4500.00;4800.00;2124.00;26.95;E0_1_900m;5.00;177;177;10.95;27.11
4500.00;4800.00;1656.00;26.17;E0_0_1000m;5.00;138;138;8.79;26.29
4500.00;4800.00;2112.00;26.80;E0_1_1000m;5.00;176;176;10.95;26.94
4500.00;4800.00;1608.00;26.17;E0_0_1100m;5.00;134;136;8.58;26.30
4500.00;4800.00;2160.00;26.85;E0_1_1100m;5.00;180;181;11.22;26.99
4500.00;4800.00;1644.00;26.13;E0_0_1200m;5.00;137;137;8.74;26.28
4500.00;4800.00;2136.00;27.12;E0_1_1200m;5.00;178;179;11.00;27.27
4500.00;4800.00;1668.00;25.92;E0_0_1300m;5.00;139;139;8.94;26.04
4500.00;4800.00;2112.00;27.08;E0_1_1300m;5.00;176;175;10.83;27.22
4500.00;4800.00;1668.00;25.83;E0_0_1400m;5.00;139;139;8.97;25.94
4500.00;4800.00;2088.00;26.95;E0_1_1400m;5.00;174;174;10.76;27.08
4500.00;4800.00;1692.00;25.81;E0_0_1500m;5.00;141;141;9.10;25.91
4500.00;4800.00;2052.00;27.00;E0_1_1500m;5.00;171;171;10.55;27.14
4500.00;4800.00;1692.00;25.76;E0_0_1600m;5.00;141;142;9.17;25.86
4500.00;4800.00;2052.00;27.03;E0_1_1600m;5.00;171;171;10.54;27.18
4500.00;4800.00;1692.00;25.70;E0_0_1700m;5.00;141;141;9.15;25.80
4500.00;4800.00;2052.00;27.03;E0_1_1700m;5.00;171;171;10.54;27.16
4500.00;4800.00;1704.00;25.69;E0_0_1800m;5.00;142;142;9.21;25.79
4500.00;4800.00;2088.00;27.02;E0_1_1800m;5.00;174;173;10.68;27.14
4500.00;4800.00;1728.00;25.71;E0_0_1900m;5.00;144;144;9.34;25.80
4500.00;4800.00;2100.00;26.96;E0_1_1900m;5.00;175;175;10.82;27.07
4500.00;4800.00;1728.00;25.67;E0_0_2000m;5.00;144;144;9.35;25.76
4500.00;4800.00;2124.00;26.95;E0_1_2000m;5.00;177;177;10.94;27.06
4500.00;4800.00;1740.00;25.59;E0_0_2100m;5.00;145;146;9.49;25.68
4500.00;4800.00;2172.00;26.92;E0_1_2100m;5.00;181;181;11.20;27.01
4500.00;4800.00;1716.00;25.54;E0_0_2200m;5.00;143;144;9.39;25.63
4500.00;4800.00;2172.00;26.87;E0_1_2200m;5.00;181;181;11.23;26.95
4500.00;4800.00;1728.00;25.60;E0_0_2300m;5.00;144;144;9.38;25.68
4500.00;4800.00;2172.00;26.84;E0_1_2300m;5.00;181;181;11.24;26.90
4500.00;4800.00;1740.00;25.57;E0_0_2400m;5.00;145;145;9.45;25.66
4500.00;4800.00;2148.00;26.85;E0_1_2400m;5.00;179;180;11.12;26.91
4500.00;4800.00;1740.00;25.53;E0_0_2500m;5.00;145;145;9.46;25.62
4500.00;4800.00;2148.00;26.83;E0_1_2500m;5.00;179;179;11.12;26.88
4500.00;4800.00;1728.00;25.43;E0_0_2600m;5.00;144;144;9.44;25.52
4500.00;4800.00;2160.00;26.79;E0_1_2600m;5.00;180;180;11.20;26.85
4500.00;4800.00;1728.00;25.32;E0_0_2700m;5.00;144;144;9.48;25.41
4500.00;4800.00;2160.00;26.81;E0_1_2700m;5.00;180;181;11.19;26.87
4500.00;4800.00;1740.00;25.37;E0_0_2800m;5.00;145;145;9.53;25.45
4500.00;4800.00;2148.00;26.79;E0_1_2800m;5.00;179;180;11.19;26.86
4500.00;4800.00;1728.00;25.35;E0_0_2900m;5.00;144;144;9.47;25.43
4500.00;4800.00;2160.00;26.79;E0_1_2900m;5.00;180;181;11.23;26.86
4500.00;4800.00;1764.00;25.27;E0_0_3000m;5.00;147;147;9.69;25.35
4500.00;4800.00;2136.00;26.85;E0_1_3000m;5.00;178;178;11.05;26.93
4500.00;4800.00;1764.00;25.15;E0_0_3100m;5.00;147;147;9.74;25.23
4500.00;4800.00;2148.00;26.85;E0_1_3100m;5.00;179;178;11.11;26.93
4500.00;4800.00;1776.00;24.97;E0_0_3200m;5.00;148;148;9.88;25.07
4500.00;4800.00;2148.00;26.81;E0_1_3200m;5.00;179;179;11.13;26.90
4500.00;4800.00;1836.00;24.89;E0_0_3300m;5.00;153;152;10.21;25.01
4500.00;4800.00;2172.00;26.77;E0_1_3300m;5.00;181;181;11.27;26.86
4500.00;4800.00;1848.00;24.78;E0_0_3400m;5.00;154;154;10.36;24.92
4500.00;4800.00;2220.00;26.77;E0_1_3400m;5.00;185;185;11.52;26.86
4500.00;4800.00;1884.00;24.73;E0_0_3500m;5.00;157;157;10.58;24.88
4500.00;4800.00;2244.00;26.77;E0_1_3500m;5.00;187;187;11.64;26.88
4500.00;4800.00;1860.00;24.60;E0_0_3600m;5.00;155;155;10.50;24.77
4500.00;4800.00;2268.00;26.71;E0_1_3600m;5.00;189;189;11.79;26.81
4500.00;4800.00;1872.00;24.44;E0_0_3700m;5.00;156;156;10.64;24.61
4500.00;4800.00;2280.00;26.69;E0_1_3700m;5.00;190;191;11.88;26.78
4500.00;4800.00;1872.00;24.37;E0_0_3800m;5.00;156;156;10.67;24.54
4500.00;4800.00;2316.00;26.71;E0_1_3800m;5.00;193;192;12.03;26.80
4500.00;4800.00;1872.00;24.26;E0_0_3900m;5.00;156;156;10.72;24.45
4500.00;4800.00;2316.00;26.78;E0_1_3900m;5.00;193;195;12.07;26.88
4500.00;4800.00;1884.00;24.11;E0_0_4000m;5.00;157;157;10.85;24.26
4500.00;4800.00;2316.00;26.78;E0_1_4000m;5.00;193;193;12.01;26.87
4500.00;4800.00;1848.00;24.10;E0_0_4100m;5.00;154;154;10.65;24.24
4500.00;4800.00;2340.00;26.63;E0_1_4100m;5.00;195;194;12.17;26.71
4500.00;4800.00;1860.00;24.08;E0_0_4200m;5.00;155;156;10.75;24.23
4500.00;4800.00;2340.00;26.69;E0_1_4200m;5.00;195;195;12.15;26.76
4500.00;4800.00;1860.00;24.24;E0_0_4300m;5.00;155;155;10.66;24.39
4500.00;4800.00;2340.00;26.69;E0_1_4300m;5.00;195;195;12.18;26.76
4500.00;4800.00;1848.00;24.27;E0_0_4400m;5.00;154;154;10.58;24.42
4500.00;4800.00;2316.00;26.66;E0_1_4400m;5.00;193;194;12.10;26.73
4500.00;4800.00;1848.00;24.17;E0_0_4500m;5.00;154;155;10.62;24.30
4500.00;4800.00;2292.00;26.66;E0_1_4500m;5.00;191;191;11.94;26.74
4500.00;4800.00;1860.00;24.03;E0_0_4600m;5.00;155;154;10.72;24.15
4500.00;4800.00;2280.00;26.65;E0_1_4600m;5.00;190;190;11.88;26.74
4500.00;4800.00;1848.00;23.92;E0_0_4700m;5.00;154;154;10.73;24.05
4500.00;4800.00;2292.00;26.61;E0_1_4700m;5.00;191;190;11.94;26.71
4500.00;4800.00;1860.00;23.84;E0_0_4800m;5.00;155;155;10.84;23.97
4500.00;4800.00;2292.00;26.61;E0_1_4800m;5.00;191;191;11.98;26.75
4500.00;4800.00;1884.00;23.75;E0_0_4900m;5.00;157;157;11.02;23.88
4500.00;4800.00;2292.00;26.63;E0_1_4900m;5.00;191;190;11.90;26.79
4500.00;4800.00;1896.00;23.67;E0_0_5000m;5.00;158;157;11.11;23.81
4500.00;4800.00;2292.00;26.68;E0_1_5000m;5.00;191;191;11.93;26.85
4800.00;5100.00;0.00;-1.00;E0_0_0m;-1.00;0;0;0.00;-1.00
4800.00;5100.00;0.00;-1.00;E0_1_0m;-1.00;0;0;0.00;-1.00
4800.00;5100.00;1716.00;26.60;E0_0_100m;5.00;143;143;8.96;26.69
4800.00;5100.00;2052.00;28.10;E0_1_100m;5.00;171;171;10.14;28.23
4800.00;5100.00;1800.00;26.54;E0_0_200m;5.00;150;150;9.42;26.62
4800.00;5100.00;1956.00;28.25;E0_1_200m;5.00;163;163;9.62;28.43
4800.00;5100.00;1788.00;26.58;E0_0_300m;5.00;149;150;9.40;26.67
4800.00;5100.00;2016.00;28.34;E0_1_300m;5.00;168;168;9.88;28.56
4800.00;5100.00;1812.00;26.57;E0_0_400m;5.00;151;151;9.47;26.66
4800.00;5100.00;1968.00;28.43;E0_1_400m;5.00;164;164;9.62;28.59
4800.00;5100.00;1764.00;26.53;E0_0_500m;5.00;147;147;9.23;26.64
4800.00;5100.00;2016.00;28.50;E0_1_500m;5.00;168;168;9.82;28.67
4800.00;5100.00;1752.00;26.49;E0_0_600m;5.00;146;146;9.18;26.59
4800.00;5100.00;2016.00;28.51;E0_1_600m;5.00;168;168;9.82;28.67
4800.00;5100.00;1728.00;26.53;E0_0_700m;5.00;144;145;9.06;26.62
4800.00;5100.00;2028.00;28.46;E0_1_700m;5.00;169;170;9.96;28.60
4800.00;5100.00;1776.00;26.48;E0_0_800m;5.00;148;148;9.31;26.59
4800.00;5100.00;2004.00;28.52;E0_1_800m;5.00;167;168;9.81;28.65
4800.00;5100.00;1764.00;26.36;E0_0_900m;5.00;147;147;9.29;26.47
4800.00;5100.00;2016.00;28.53;E0_1_900m;5.00;168;168;9.81;28.66
4800.00;5100.00;1752.00;26.33;E0_0_1000m;5.00;146;146;9.24;26.44
4800.00;5100.00;2004.00;28.59;E0_1_1000m;5.00;167;167;9.74;28.69
4800.00;5100.00;1776.00;26.10;E0_0_1100m;5.00;148;147;9.43;26.23
4800.00;5100.00;2028.00;28.38;E0_1_1100m;5.00;169;168;9.88;28.50
4800.00;5100.00;1764.00;26.00;E0_0_1200m;5.00;147;148;9.46;26.12
4800.00;5100.00;2064.00;28.12;E0_1_1200m;5.00;172;171;10.13;28.25
4800.00;5100.00;1776.00;25.87;E0_0_1300m;5.00;148;148;9.53;25.98
4800.00;5100.00;2076.00;27.76;E0_1_1300m;5.00;173;173;10.39;27.89
4800.00;5100.00;1752.00;25.77;E0_0_1400m;5.00;146;147;9.44;25.87
4800.00;5100.00;2088.00;27.34;E0_1_1400m;5.00;174;175;10.62;27.52
4800.00;5100.00;1776.00;25.68;E0_0_1500m;5.00;148;148;9.61;25.78
4800.00;5100.00;2136.00;27.23;E0_1_1500m;5.00;178;178;10.89;27.39
4800.00;5100.00;1812.00;25.55;E0_0_1600m;5.00;151;152;9.86;25.66
4800.00;5100.00;2136.00;27.11;E0_1_1600m;5.00;178;178;10.94;27.28
4800.00;5100.00;1836.00;25.44;E0_0_1700m;5.00;153;153;10.02;25.55
4800.00;5100.00;2136.00;27.03;E0_1_1700m;5.00;178;178;10.97;27.23
4800.00;5100.00;1788.00;25.37;E0_0_1800m;5.00;149;149;9.79;25.49
4800.00;5100.00;2148.00;27.00;E0_1_1800m;5.00;179;179;11.05;27.20
4800.00;5100.00;1788.00;25.31;E0_0_1900m;5.00;149;149;9.81;25.43
4800.00;5100.00;2076.00;27.01;E0_1_1900m;5.00;173;173;10.68;27.21
4800.00;5100.00;1800.00;25.26;E0_0_2000m;5.00;150;150;9.90;25.37
4800.00;5100.00;2052.00;26.91;E0_1_2000m;5.00;171;171;10.59;27.11
4800.00;5100.00;1800.00;25.24;E0_0_2100m;5.00;150;149;9.86;25.34
4800.00;5100.00;2016.00;26.84;E0_1_2100m;5.00;168;168;10.43;27.04
4800.00;5100.00;1800.00;25.15;E0_0_2200m;5.00;150;149;9.88;25.25
4800.00;5100.00;2016.00;26.81;E0_1_2200m;5.00;168;168;10.44;27.00
4800.00;5100.00;1764.00;25.04;E0_0_2300m;5.00;147;147;9.78;25.13
4800.00;5100.00;2052.00;26.78;E0_1_2300m;5.00;171;171;10.64;26.97
4800.00;5100.00;1740.00;24.93;E0_0_2400m;5.00;145;145;9.69;25.01
4800.00;5100.00;2088.00;26.78;E0_1_2400m;5.00;174;173;10.82;26.96
4800.00;5100.00;1704.00;24.87;E0_0_2500m;5.00;142;142;9.52;24.95
4800.00;5100.00;2064.00;26.81;E0_1_2500m;5.00;172;172;10.69;27.01
4800.00;5100.00;1668.00;24.85;E0_0_2600m;5.00;139;139;9.32;24.93
4800.00;5100.00;2028.00;26.76;E0_1_2600m;5.00;169;169;10.52;26.96
4800.00;5100.00;1668.00;24.89;E0_0_2700m;5.00;139;139;9.31;24.97
4800.00;5100.00;2028.00;26.69;E0_1_2700m;5.00;169;168;10.55;26.88
4800.00;5100.00;1656.00;24.91;E0_0_2800m;5.00;138;138;9.23;24.99
4800.00;5100.00;2028.00;26.58;E0_1_2800m;5.00;169;168;10.54;26.76
4800.00;5100.00;1620.00;24.94;E0_0_2900m;5.00;135;136;9.03;25.03
4800.00;5100.00;2040.00;26.41;E0_1_2900m;5.00;170;170;10.73;26.60
4800.00;5100.00;1584.00;25.03;E0_0_3000m;5.00;132;133;8.80;25.12
4800.00;5100.00;2052.00;26.39;E0_1_3000m;5.00;171;171;10.80;26.56
4800.00;5100.00;1560.00;25.22;E0_0_3100m;5.00;130;130;8.59;25.32
4800.00;5100.00;2076.00;26.32;E0_1_3100m;5.00;173;173;10.96;26.49
4800.00;5100.00;1548.00;25.15;E0_0_3200m;5.00;129;129;8.55;25.24
4800.00;5100.00;2076.00;26.32;E0_1_3200m;5.00;173;173;10.96;26.51
4800.00;5100.00;1560.00;25.19;E0_0_3300m;5.00;130;130;8.60;25.29
4800.00;5100.00;2028.00;26.30;E0_1_3300m;5.00;169;170;10.73;26.50
4800.00;5100.00;1548.00;25.12;E0_0_3400m;5.00;129;129;8.56;25.21
4800.00;5100.00;2004.00;26.29;E0_1_3400m;5.00;167;167;10.59;26.50
4800.00;5100.00;1536.00;24.99;E0_0_3500m;5.00;128;128;8.54;25.07
4800.00;5100.00;2028.00;26.35;E0_1_3500m;5.00;169;169;10.69;26.56
4800.00;5100.00;1572.00;25.04;E0_0_3600m;5.00;131;131;8.72;25.13
4800.00;5100.00;2016.00;26.40;E0_1_3600m;5.00;168;169;10.65;26.62
4800.00;5100.00;1572.00;25.00;E0_0_3700m;5.00;131;131;8.73;25.08
4800.00;5100.00;2004.00;26.48;E0_1_3700m;5.00;167;166;10.49;26.70
4800.00;5100.00;1548.00;24.90;E0_0_3800m;5.00;129;129;8.63;24.97
4800.00;5100.00;1980.00;26.53;E0_1_3800m;5.00;165;165;10.36;26.75
4800.00;5100.00;1524.00;24.88;E0_0_3900m;5.00;127;127;8.51;24.95
4800.00;5100.00;1968.00;26.54;E0_1_3900m;5.00;164;164;10.36;26.77
4800.00;5100.00;1572.00;25.02;E0_0_4000m;5.00;131;131;8.73;25.12
4800.00;5100.00;1932.00;26.59;E0_1_4000m;5.00;161;161;10.09;26.85
4800.00;5100.00;1596.00;25.07;E0_0_4100m;5.00;133;133;8.84;25.18
4800.00;5100.00;1956.00;26.55;E0_1_4100m;5.00;163;163;10.23;26.80
4800.00;5100.00;1584.00;25.01;E0_0_4200m;5.00;132;131;8.77;25.11
4800.00;5100.00;1968.00;26.49;E0_1_4200m;5.00;164;164;10.32;26.73
4800.00;5100.00;1584.00;25.00;E0_0_4300m;5.00;132;133;8.82;25.09
4800.00;5100.00;1956.00;26.49;E0_1_4300m;5.00;163;163;10.25;26.74
4800.00;5100.00;1596.00;25.02;E0_0_4400m;5.00;133;133;8.86;25.11
4800.00;5100.00;1956.00;26.46;E0_1_4400m;5.00;163;162;10.23;26.73
4800.00;5100.00;1596.00;25.00;E0_0_4500m;5.00;133;132;8.86;25.10
4800.00;5100.00;1944.00;26.37;E0_1_4500m;5.00;162;162;10.24;26.64
4800.00;5100.00;1584.00;24.93;E0_0_4600m;5.00;132;132;8.82;25.02
4800.00;5100.00;1968.00;26.14;E0_1_4600m;5.00;164;164;10.45;26.36
4800.00;5100.00;1608.00;24.92;E0_0_4700m;5.00;134;134;8.96;25.00
4800.00;5100.00;1992.00;26.02;E0_1_4700m;5.00;166;166;10.63;26.22
4800.00;5100.00;1596.00;24.93;E0_0_4800m;5.00;133;133;8.89;25.00
4800.00;5100.00;1992.00;25.93;E0_1_4800m;5.00;166;165;10.64;26.12
4800.00;5100.00;1572.00;24.93;E0_0_4900m;5.00;131;131;8.76;25.00
4800.00;5100.00;2004.00;25.89;E0_1_4900m;5.00;167;167;10.75;26.07
4800.00;5100.00;1584.00;24.99;E0_0_5000m;5.00;132;132;8.80;25.06
4800.00;5100.00;1980.00;25.74;E0_1_5000m;5.00;165;165;10.69;25.90
5100.00;5400.00;0.00;-1.00;E0_0_0m;-1.00;0;0;0.00;-1.00
5100.00;5400.00;0.00;-1.00;E0_1_0m;-1.00;0;0;0.00;-1.00
5100.00;5400.00;1836.00;25.94;E0_0_100m;5.00;153;153;9.83;26.06
5100.00;5400.00;2172.00;28.18;E0_1_100m;5.00;181;181;10.70;28.29
5100.00;5400.00;1860.00;26.03;E0_0_200m;5.00;155;156;9.93;26.18
5100.00;5400.00;2088.00;28.54;E0_1_200m;5.00;174;174;10.16;28.69
5100.00;5400.00;1824.00;25.91;E0_0_300m;5.00;152;153;9.82;26.04
5100.00;5400.00;2076.00;28.50;E0_1_300m;5.00;173;173;10.12;28.67
5100.00;5400.00;1836.00;25.87;E0_0_400m;5.00;153;154;9.89;26.00
5100.00;5400.00;2088.00;28.27;E0_1_400m;5.00;174;174;10.26;28.43
5100.00;5400.00;1800.00;25.67;E0_0_500m;5.00;150;150;9.74;25.80
5100.00;5400.00;2112.00;28.03;E0_1_500m;5.00;176;176;10.46;28.19
5100.00;5400.00;1812.00;25.42;E0_0_600m;5.00;151;151;9.90;25.54
5100.00;5400.00;2136.00;27.91;E0_1_600m;5.00;178;178;10.63;28.06
5100.00;5400.00;1836.00;25.31;E0_0_700m;5.00;153;153;10.11;25.42
5100.00;5400.00;2100.00;27.77;E0_1_700m;5.00;175;174;10.44;27.93
5100.00;5400.00;1836.00;25.21;E0_0_800m;5.00;153;153;10.11;25.31
5100.00;5400.00;2112.00;27.54;E0_1_800m;5.00;176;175;10.60;27.72
5100.00;5400.00;1836.00;25.10;E0_0_900m;5.00;153;153;10.16;25.19
5100.00;5400.00;2112.00;27.35;E0_1_900m;5.00;176;176;10.72;27.53
5100.00;5400.00;1812.00;25.03;E0_0_1000m;5.00;151;151;10.06;25.11
5100.00;5400.00;2136.00;27.20;E0_1_1000m;5.00;178;178;10.91;27.38
5100.00;5400.00;1812.00;24.99;E0_0_1100m;5.00;151;151;10.07;25.07
5100.00;5400.00;2136.00;27.07;E0_1_1100m;5.00;178;179;11.00;27.24
5100.00;5400.00;1800.00;25.07;E0_0_1200m;5.00;150;150;9.97;25.16
5100.00;5400.00;2160.00;27.00;E0_1_1200m;5.00;180;180;11.11;27.17
5100.00;5400.00;1800.00;25.10;E0_0_1300m;5.00;150;150;9.96;25.17
5100.00;5400.00;2208.00;26.95;E0_1_1300m;5.00;184;184;11.38;27.10
5100.00;5400.00;1848.00;25.05;E0_0_1400m;5.00;154;154;10.25;25.13
5100.00;5400.00;2220.00;26.89;E0_1_1400m;5.00;185;184;11.45;27.04
5100.00;5400.00;1824.00;25.09;E0_0_1500m;5.00;152;152;10.10;25.16
5100.00;5400.00;2196.00;26.83;E0_1_1500m;5.00;183;183;11.37;26.98
5100.00;5400.00;1824.00;25.06;E0_0_1600m;5.00;152;152;10.11;25.11
5100.00;5400.00;2184.00;26.78;E0_1_1600m;5.00;182;182;11.33;26.94
5100.00;5400.00;1836.00;25.13;E0_0_1700m;5.00;153;153;10.15;25.19
5100.00;5400.00;2184.00;26.77;E0_1_1700m;5.00;182;182;11.33;26.92
5100.00;5400.00;1860.00;24.90;E0_0_1800m;5.00;155;155;10.38;24.94
5100.00;5400.00;2184.00;26.68;E0_1_1800m;5.00;182;183;11.38;26.81
5100.00;5400.00;1872.00;24.64;E0_0_1900m;5.00;156;156;10.55;24.69
5100.00;5400.00;2208.00;26.63;E0_1_1900m;5.00;184;184;11.52;26.77
5100.00;5400.00;1848.00;24.55;E0_0_2000m;5.00;154;154;10.46;24.60
5100.00;5400.00;2172.00;26.61;E0_1_2000m;5.00;181;181;11.34;26.76
5100.00;5400.00;1860.00;24.58;E0_0_2100m;5.00;155;155;10.51;24.62
5100.00;5400.00;2172.00;26.66;E0_1_2100m;5.00;181;181;11.32;26.81
5100.00;5400.00;1860.00;24.69;E0_0_2200m;5.00;155;155;10.46;24.74
5100.00;5400.00;2196.00;26.70;E0_1_2200m;5.00;183;183;11.42;26.87
5100.00;5400.00;1860.00;24.71;E0_0_2300m;5.00;155;155;10.45;24.78
5100.00;5400.00;2184.00;26.77;E0_1_2300m;5.00;182;182;11.33;26.93
5100.00;5400.00;1860.00;24.67;E0_0_2400m;5.00;155;155;10.47;24.75
5100.00;5400.00;2172.00;26.84;E0_1_2400m;5.00;181;181;11.24;27.01
5100.00;5400.00;1860.00;24.69;E0_0_2500m;5.00;155;156;10.53;24.76
5100.00;5400.00;2148.00;26.90;E0_1_2500m;5.00;179;179;11.09;27.06
5100.00;5400.00;1872.00;24.62;E0_0_2600m;5.00;156;157;10.57;24.68
5100.00;5400.00;2136.00;27.00;E0_1_2600m;5.00;178;178;10.99;27.17
5100.00;5400.00;1848.00;24.68;E0_0_2700m;5.00;154;154;10.40;24.74
5100.00;5400.00;2136.00;27.03;E0_1_2700m;5.00;178;178;10.98;27.20
5100.00;5400.00;1848.00;24.66;E0_0_2800m;5.00;154;154;10.41;24.72
5100.00;5400.00;2136.00;27.20;E0_1_2800m;5.00;178;178;10.91;27.36
5100.00;5400.00;1848.00;24.66;E0_0_2900m;5.00;154;154;10.41;24.73
5100.00;5400.00;2136.00;27.41;E0_1_2900m;5.00;178;178;10.82;27.57
5100.00;5400.00;1848.00;24.70;E0_0_3000m;5.00;154;153;10.38;24.78
5100.00;5400.00;2148.00;27.51;E0_1_3000m;5.00;179;179;10.85;27.66
5100.00;5400.00;1860.00;24.64;E0_0_3100m;5.00;155;155;10.49;24.71
5100.00;5400.00;2124.00;27.51;E0_1_3100m;5.00;177;177;10.72;27.66
5100.00;5400.00;1884.00;24.52;E0_0_3200m;5.00;157;157;10.67;24.59
5100.00;5400.00;2100.00;27.55;E0_1_3200m;5.00;175;175;10.59;27.72
5100.00;5400.00;1836.00;24.52;E0_0_3300m;5.00;153;153;10.40;24.59
5100.00;5400.00;2112.00;27.59;E0_1_3300m;5.00;176;175;10.61;27.77
5100.00;5400.00;1812.00;24.56;E0_0_3400m;5.00;151;151;10.25;24.63
5100.00;5400.00;2112.00;27.64;E0_1_3400m;5.00;176;176;10.61;27.83
5100.00;5400.00;1752.00;24.60;E0_0_3500m;5.00;146;146;9.89;24.69
5100.00;5400.00;2100.00;27.65;E0_1_3500m;5.00;175;175;10.55;27.83
5100.00;5400.00;1740.00;24.57;E0_0_3600m;5.00;145;145;9.84;24.65
5100.00;5400.00;2100.00;27.60;E0_1_3600m;5.00;175;175;10.57;27.78
5100.00;5400.00;1776.00;24.50;E0_0_3700m;5.00;148;148;10.07;24.58
5100.00;5400.00;2136.00;27.50;E0_1_3700m;5.00;178;178;10.79;27.67
5100.00;5400.00;1812.00;24.52;E0_0_3800m;5.00;151;151;10.26;24.59
5100.00;5400.00;2172.00;27.45;E0_1_3800m;5.00;181;181;10.99;27.62
5100.00;5400.00;1812.00;24.48;E0_0_3900m;5.00;151;151;10.28;24.55
5100.00;5400.00;2244.00;27.43;E0_1_3900m;5.00;187;187;11.33;27.59
5100.00;5400.00;1836.00;24.48;E0_0_4000m;5.00;153;153;10.42;24.56
5100.00;5400.00;2232.00;27.45;E0_1_4000m;5.00;186;186;11.30;27.62
5100.00;5400.00;1824.00;24.32;E0_0_4100m;5.00;152;152;10.41;24.40
5100.00;5400.00;2256.00;27.52;E0_1_4100m;5.00;188;189;11.44;27.71
5100.00;5400.00;1836.00;24.26;E0_0_4200m;5.00;153;153;10.51;24.36
5100.00;5400.00;2244.00;27.58;E0_1_4200m;5.00;187;187;11.30;27.78
5100.00;5400.00;1848.00;24.41;E0_0_4300m;5.00;154;153;10.49;24.49
5100.00;5400.00;2244.00;27.60;E0_1_4300m;5.00;187;188;11.31;27.78
5100.00;5400.00;1824.00;24.43;E0_0_4400m;5.00;152;152;10.37;24.51
5100.00;5400.00;2256.00;27.59;E0_1_4400m;5.00;188;188;11.36;27.77
5100.00;5400.00;1824.00;24.38;E0_0_4500m;5.00;152;152;10.39;24.47
5100.00;5400.00;2232.00;27.55;E0_1_4500m;5.00;186;186;11.25;27.73
5100.00;5400.00;1812.00;24.32;E0_0_4600m;5.00;151;151;10.35;24.41
5100.00;5400.00;2232.00;27.43;E0_1_4600m;5.00;186;186;11.30;27.61
5100.00;5400.00;1764.00;24.41;E0_0_4700m;5.00;147;147;10.04;24.52
5100.00;5400.00;2244.00;27.24;E0_1_4700m;5.00;187;188;11.47;27.41
5100.00;5400.00;1788.00;24.48;E0_0_4800m;5.00;149;149;10.14;24.60
5100.00;5400.00;2232.00;27.16;E0_1_4800m;5.00;186;186;11.42;27.31
5100.00;5400.00;1788.00;24.47;E0_0_4900m;5.00;149;149;10.15;24.57
5100.00;5400.00;2268.00;27.08;E0_1_4900m;5.00;189;189;11.63;27.21
5100.00;5400.00;1836.00;24.40;E0_0_5000m;5.00;153;153;10.45;24.48
5100.00;5400.00;2280.00;27.11;E0_1_5000m;5.00;190;191;11.71;27.24
5400.00;5700.00;0.00;-1.00;E0_0_0m;-1.00;0;0;0.00;-1.00
5400.00;5700.00;0.00;-1.00;E0_1_0m;-1.00;0;0;0.00;-1.00
5400.00;5700.00;1740.00;26.65;E0_0_100m;5.00;145;145;9.07;26.76
5400.00;5700.00;2040.00;27.41;E0_1_100m;5.00;170;170;10.34;27.57
5400.00;5700.00;1764.00;26.64;E0_0_200m;5.00;147;147;9.20;26.77
5400.00;5700.00;2040.00;27.64;E0_1_200m;5.00;170;170;10.25;27.85
5400.00;5700.00;1800.00;26.53;E0_0_300m;5.00;150;149;9.38;26.66
5400.00;5700.00;2028.00;27.50;E0_1_300m;5.00;169;169;10.24;27.72
5400.00;5700.00;1776.00;26.47;E0_0_400m;5.00;148;148;9.33;26.60
5400.00;5700.00;2052.00;27.29;E0_1_400m;5.00;171;171;10.44;27.50
5400.00;5700.00;1788.00;26.33;E0_0_500m;5.00;149;149;9.43;26.46
5400.00;5700.00;2064.00;27.17;E0_1_500m;5.00;172;172;10.55;27.39
5400.00;5700.00;1764.00;26.11;E0_0_600m;5.00;147;147;9.38;26.25
5400.00;5700.00;2052.00;27.05;E0_1_600m;5.00;171;171;10.54;27.28
5400.00;5700.00;1788.00;26.05;E0_0_700m;5.00;149;148;9.49;26.19
5400.00;5700.00;2040.00;26.87;E0_1_700m;5.00;170;170;10.54;27.11
5400.00;5700.00;1764.00;25.90;E0_0_800m;5.00;147;148;9.52;26.03
5400.00;5700.00;2064.00;26.71;E0_1_800m;5.00;172;172;10.73;26.93
5400.00;5700.00;1752.00;25.82;E0_0_900m;5.00;146;147;9.46;25.98
5400.00;5700.00;2100.00;26.60;E0_1_900m;5.00;175;176;11.02;26.82
5400.00;5700.00;1764.00;25.70;E0_0_1000m;5.00;147;147;9.53;25.83
5400.00;5700.00;2112.00;26.49;E0_1_1000m;5.00;176;176;11.07;26.70
5400.00;5700.00;1716.00;25.59;E0_0_1100m;5.00;143;143;9.31;25.72
5400.00;5700.00;2124.00;26.38;E0_1_1100m;5.00;177;177;11.18;26.59
5400.00;5700.00;1728.00;25.51;E0_0_1200m;5.00;144;144;9.41;25.66
5400.00;5700.00;2100.00;26.35;E0_1_1200m;5.00;175;176;11.12;26.56
5400.00;5700.00;1704.00;25.50;E0_0_1300m;5.00;142;143;9.30;25.63
5400.00;5700.00;2076.00;26.27;E0_1_1300m;5.00;173;174;10.99;26.46
5400.00;5700.00;1716.00;25.66;E0_0_1400m;5.00;143;143;9.29;25.76
5400.00;5700.00;2052.00;26.24;E0_1_1400m;5.00;171;171;10.86;26.41
5400.00;5700.00;1716.00;25.49;E0_0_1500m;5.00;143;143;9.35;25.59
5400.00;5700.00;2028.00;26.20;E0_1_1500m;5.00;169;169;10.75;26.38
5400.00;5700.00;1704.00;25.34;E0_0_1600m;5.00;142;143;9.36;25.45
5400.00;5700.00;2016.00;26.07;E0_1_1600m;5.00;168;168;10.74;26.25
5400.00;5700.00;1680.00;25.21;E0_0_1700m;5.00;140;140;9.25;25.32
5400.00;5700.00;2016.00;26.01;E0_1_1700m;5.00;168;168;10.77;26.20
5400.00;5700.00;1644.00;25.00;E0_0_1800m;5.00;137;137;9.13;25.12
5400.00;5700.00;2016.00;25.92;E0_1_1800m;5.00;168;169;10.85;26.12
5400.00;5700.00;1668.00;25.02;E0_0_1900m;5.00;139;139;9.26;25.12
5400.00;5700.00;2028.00;25.81;E0_1_1900m;5.00;169;169;10.91;26.02
5400.00;5700.00;1704.00;24.94;E0_0_2000m;5.00;142;142;9.49;25.05
5400.00;5700.00;2040.00;25.72;E0_1_2000m;5.00;170;171;11.06;25.95
5400.00;5700.00;1716.00;24.80;E0_0_2100m;5.00;143;143;9.61;24.90
5400.00;5700.00;2040.00;25.64;E0_1_2100m;5.00;170;170;11.05;25.88
5400.00;5700.00;1728.00;24.82;E0_0_2200m;5.00;144;144;9.67;24.92
5400.00;5700.00;2016.00;25.52;E0_1_2200m;5.00;168;168;10.97;25.78
5400.00;5700.00;1704.00;24.72;E0_0_2300m;5.00;142;143;9.59;24.83
5400.00;5700.00;2040.00;25.32;E0_1_2300m;5.00;170;171;11.21;25.56
5400.00;5700.00;1692.00;24.58;E0_0_2400m;5.00;141;141;9.56;24.70
5400.00;5700.00;2064.00;25.17;E0_1_2400m;5.00;172;172;11.39;25.37
5400.00;5700.00;1740.00;24.37;E0_0_2500m;5.00;145;144;9.85;24.51
5400.00;5700.00;2052.00;24.96;E0_1_2500m;5.00;171;172;11.42;25.12
5400.00;5700.00;1740.00;24.40;E0_0_2600m;5.00;145;144;9.89;24.52
5400.00;5700.00;2088.00;24.86;E0_1_2600m;5.00;174;174;11.67;25.01
5400.00;5700.00;1728.00;24.39;E0_0_2700m;5.00;144;144;9.84;24.51
5400.00;5700.00;2088.00;24.77;E0_1_2700m;5.00;174;174;11.71;24.92
5400.00;5700.00;1704.00;24.40;E0_0_2800m;5.00;142;142;9.70;24.51
5400.00;5700.00;2100.00;24.71;E0_1_2800m;5.00;175;175;11.81;24.85
5400.00;5700.00;1692.00;24.29;E0_0_2900m;5.00;141;141;9.67;24.38
5400.00;5700.00;2136.00;24.65;E0_1_2900m;5.00;178;178;12.03;24.79
5400.00;5700.00;1704.00;24.25;E0_0_3000m;5.00;142;142;9.76;24.33
5400.00;5700.00;2148.00;24.53;E0_1_3000m;5.00;179;179;12.16;24.65
5400.00;5700.00;1728.00;24.16;E0_0_3100m;5.00;144;144;9.93;24.23
5400.00;5700.00;2160.00;24.37;E0_1_3100m;5.00;180;180;12.31;24.48
5400.00;5700.00;1728.00;24.08;E0_0_3200m;5.00;144;144;9.97;24.15
5400.00;5700.00;2160.00;24.26;E0_1_3200m;5.00;180;180;12.37;24.36
5400.00;5700.00;1752.00;24.02;E0_0_3300m;5.00;146;146;10.13;24.09
5400.00;5700.00;2160.00;24.16;E0_1_3300m;5.00;180;180;12.42;24.26
5400.00;5700.00;1764.00;23.96;E0_0_3400m;5.00;147;147;10.22;24.04
5400.00;5700.00;2148.00;24.08;E0_1_3400m;5.00;179;179;12.39;24.18
5400.00;5700.00;1776.00;23.89;E0_0_3500m;5.00;148;148;10.32;23.97
5400.00;5700.00;2148.00;24.00;E0_1_3500m;5.00;179;179;12.43;24.09
5400.00;5700.00;1764.00;23.85;E0_0_3600m;5.00;147;147;10.27;23.92
5400.00;5700.00;2148.00;23.93;E0_1_3600m;5.00;179;179;12.47;24.01
5400.00;5700.00;1716.00;23.79;E0_0_3700m;5.00;143;143;10.02;23.86
5400.00;5700.00;2124.00;23.89;E0_1_3700m;5.00;177;178;12.40;23.97
5400.00;5700.00;1692.00;23.80;E0_0_3800m;5.00;141;141;9.87;23.87
5400.00;5700.00;2100.00;23.88;E0_1_3800m;5.00;175;175;12.21;23.97
5400.00;5700.00;1668.00;23.82;E0_0_3900m;5.00;139;139;9.73;23.90
5400.00;5700.00;2040.00;23.90;E0_1_3900m;5.00;170;171;11.92;23.99
5400.00;5700.00;1656.00;23.87;E0_0_4000m;5.00;138;138;9.63;23.95
5400.00;5700.00;1992.00;23.89;E0_1_4000m;5.00;166;166;11.58;23.98
5400.00;5700.00;1608.00;23.91;E0_0_4100m;5.00;134;135;9.39;23.99
5400.00;5700.00;1968.00;23.93;E0_1_4100m;5.00;164;163;11.37;24.02
5400.00;5700.00;1632.00;23.96;E0_0_4200m;5.00;136;136;9.46;24.03
5400.00;5700.00;1944.00;23.98;E0_1_4200m;5.00;162;162;11.26;24.07
5400.00;5700.00;1620.00;23.97;E0_0_4300m;5.00;135;135;9.39;24.04
5400.00;5700.00;1956.00;24.09;E0_1_4300m;5.00;163;162;11.27;24.19
5400.00;5700.00;1620.00;23.99;E0_0_4400m;5.00;135;135;9.38;24.06
5400.00;5700.00;1944.00;24.18;E0_1_4400m;5.00;162;162;11.17;24.30
5400.00;5700.00;1620.00;24.00;E0_0_4500m;5.00;135;135;9.38;24.06
5400.00;5700.00;1944.00;24.32;E0_1_4500m;5.00;162;163;11.11;24.45
5400.00;5700.00;1632.00;24.01;E0_0_4600m;5.00;136;136;9.44;24.07
5400.00;5700.00;1932.00;24.39;E0_1_4600m;5.00;161;161;11.00;24.53
5400.00;5700.00;1656.00;24.05;E0_0_4700m;5.00;138;138;9.56;24.11
5400.00;5700.00;1908.00;24.48;E0_1_4700m;5.00;159;158;10.80;24.63
5400.00;5700.00;1668.00;24.05;E0_0_4800m;5.00;139;139;9.63;24.11
5400.00;5700.00;1896.00;24.55;E0_1_4800m;5.00;158;158;10.72;24.71
5400.00;5700.00;1656.00;24.12;E0_0_4900m;5.00;138;138;9.54;24.18
5400.00;5700.00;1872.00;24.62;E0_1_4900m;5.00;156;156;10.56;24.79
5400.00;5700.00;1608.00;24.16;E0_0_5000m;5.00;134;134;9.24;24.22
5400.00;5700.00;1860.00;24.71;E0_1_5000m;5.00;155;154;10.43;24.88
5700.00;6000.00;0.00;-1.00;E0_0_0m;-1.00;0;0;0.00;-1.00
5700.00;6000.00;0.00;-1.00;E0_1_0m;-1.00;0;0;0.00;-1.00
5700.00;6000.00;1908.00;26.64;E0_0_100m;5.00;159;159;9.95;26.74
5700.00;6000.00;2172.00;27.83;E0_1_100m;5.00;181;181;10.84;27.97
5700.00;6000.00;1944.00;26.66;E0_0_200m;5.00;162;161;10.12;26.81
5700.00;6000.00;2112.00;28.08;E0_1_200m;5.00;176;176;10.45;28.31
5700.00;6000.00;1896.00;26.84;E0_0_300m;5.00;158;158;9.81;26.99
5700.00;6000.00;2124.00;28.16;E0_1_300m;5.00;177;177;10.48;28.37
5700.00;6000.00;1896.00;26.89;E0_0_400m;5.00;158;158;9.79;27.03
5700.00;6000.00;2100.00;28.20;E0_1_400m;5.00;175;175;10.34;28.38
5700.00;6000.00;1848.00;26.88;E0_0_500m;5.00;154;154;9.55;27.01
5700.00;6000.00;2100.00;28.07;E0_1_500m;5.00;175;177;10.48;28.23
5700.00;6000.00;1812.00;26.80;E0_0_600m;5.00;151;151;9.39;26.92
5700.00;6000.00;2136.00;27.91;E0_1_600m;5.00;178;178;10.63;28.04
5700.00;6000.00;1812.00;26.58;E0_0_700m;5.00;151;151;9.47;26.72
5700.00;6000.00;2124.00;27.74;E0_1_700m;5.00;177;177;10.64;27.85
5700.00;6000.00;1812.00;26.51;E0_0_800m;5.00;151;150;9.44;26.64
5700.00;6000.00;2100.00;27.58;E0_1_800m;5.00;175;175;10.57;27.69
5700.00;6000.00;1788.00;26.56;E0_0_900m;5.00;149;148;9.31;26.66
5700.00;6000.00;2088.00;27.49;E0_1_900m;5.00;174;174;10.55;27.60
5700.00;6000.00;1764.00;26.53;E0_0_1000m;5.00;147;147;9.24;26.62
5700.00;6000.00;2076.00;27.39;E0_1_1000m;5.00;173;174;10.55;27.48
5700.00;6000.00;1764.00;26.46;E0_0_1100m;5.00;147;147;9.26;26.54
5700.00;6000.00;2088.00;27.32;E0_1_1100m;5.00;174;174;10.62;27.40
5700.00;6000.00;1752.00;26.58;E0_0_1200m;5.00;146;146;9.16;26.67
5700.00;6000.00;2076.00;27.43;E0_1_1200m;5.00;173;173;10.51;27.52
5700.00;6000.00;1716.00;26.67;E0_0_1300m;5.00;143;143;8.92;26.77
5700.00;6000.00;2088.00;27.41;E0_1_1300m;5.00;174;173;10.56;27.52
5700.00;6000.00;1728.00;26.58;E0_0_1400m;5.00;144;144;9.03;26.66
5700.00;6000.00;2040.00;27.44;E0_1_1400m;5.00;170;170;10.33;27.51
5700.00;6000.00;1704.00;26.45;E0_0_1500m;5.00;142;142;8.95;26.54
5700.00;6000.00;2064.00;27.32;E0_1_1500m;5.00;172;172;10.49;27.39
5700.00;6000.00;1728.00;26.38;E0_0_1600m;5.00;144;143;9.08;26.48
5700.00;6000.00;2040.00;27.32;E0_1_1600m;5.00;170;170;10.37;27.39
5700.00;6000.00;1704.00;26.46;E0_0_1700m;5.00;142;142;8.94;26.54
5700.00;6000.00;2064.00;27.17;E0_1_1700m;5.00;172;172;10.55;27.24
5700.00;6000.00;1752.00;26.41;E0_0_1800m;5.00;146;146;9.21;26.47
5700.00;6000.00;2064.00;27.11;E0_1_1800m;5.00;172;171;10.52;27.19
5700.00;6000.00;1716.00;26.46;E0_0_1900m;5.00;143;143;9.01;26.51
5700.00;6000.00;2040.00;27.03;E0_1_1900m;5.00;170;170;10.48;27.11
5700.00;6000.00;1692.00;26.39;E0_0_2000m;5.00;141;141;8.91;26.44
5700.00;6000.00;2028.00;26.90;E0_1_2000m;5.00;169;169;10.47;26.96
5700.00;6000.00;1668.00;26.40;E0_0_2100m;5.00;139;139;8.77;26.45
5700.00;6000.00;2016.00;26.91;E0_1_2100m;5.00;168;168;10.41;26.99
5700.00;6000.00;1632.00;26.40;E0_0_2200m;5.00;136;136;8.59;26.44
5700.00;6000.00;2040.00;26.87;E0_1_2200m;5.00;170;170;10.55;26.94
5700.00;6000.00;1620.00;26.35;E0_0_2300m;5.00;135;135;8.54;26.39
5700.00;6000.00;2052.00;26.86;E0_1_2300m;5.00;171;170;10.59;26.93
5700.00;6000.00;1608.00;26.34;E0_0_2400m;5.00;134;134;8.48;26.38
5700.00;6000.00;2088.00;26.89;E0_1_2400m;5.00;174;174;10.78;26.97
5700.00;6000.00;1620.00;26.29;E0_0_2500m;5.00;135;135;8.56;26.32
5700.00;6000.00;2088.00;26.94;E0_1_2500m;5.00;174;175;10.81;27.02
5700.00;6000.00;1632.00;26.23;E0_0_2600m;5.00;136;136;8.64;26.27
5700.00;6000.00;2088.00;26.88;E0_1_2600m;5.00;174;174;10.79;26.96
5700.00;6000.00;1656.00;26.21;E0_0_2700m;5.00;138;138;8.78;26.24
5700.00;6000.00;2112.00;26.75;E0_1_2700m;5.00;176;176;10.96;26.82
5700.00;6000.00;1680.00;26.17;E0_0_2800m;5.00;140;140;8.92;26.20
5700.00;6000.00;2100.00;26.68;E0_1_2800m;5.00;175;176;10.97;26.74
5700.00;6000.00;1680.00;26.16;E0_0_2900m;5.00;140;140;8.92;26.20
5700.00;6000.00;2124.00;26.58;E0_1_2900m;5.00;177;177;11.10;26.64
5700.00;6000.00;1668.00;26.16;E0_0_3000m;5.00;139;139;8.85;26.19
5700.00;6000.00;2124.00;26.48;E0_1_3000m;5.00;177;177;11.14;26.53
5700.00;6000.00;1668.00;26.12;E0_0_3100m;5.00;139;139;8.87;26.15
5700.00;6000.00;2124.00;26.39;E0_1_3100m;5.00;177;177;11.18;26.42
5700.00;6000.00;1680.00;26.10;E0_0_3200m;5.00;140;140;8.94;26.13
5700.00;6000.00;2124.00;26.31;E0_1_3200m;5.00;177;177;11.21;26.35
5700.00;6000.00;1680.00;26.01;E0_0_3300m;5.00;140;140;8.97;26.04
5700.00;6000.00;2136.00;26.24;E0_1_3300m;5.00;178;178;11.31;26.28
5700.00;6000.00;1728.00;25.98;E0_0_3400m;5.00;144;144;9.24;26.01
5700.00;6000.00;2160.00;26.12;E0_1_3400m;5.00;180;180;11.48;26.16
5700.00;6000.00;1728.00;25.88;E0_0_3500m;5.00;144;144;9.27;25.91
5700.00;6000.00;2160.00;25.99;E0_1_3500m;5.00;180;180;11.54;26.04
5700.00;6000.00;1740.00;25.70;E0_0_3600m;5.00;145;145;9.40;25.74
5700.00;6000.00;2160.00;25.83;E0_1_3600m;5.00;180;180;11.61;25.89
5700.00;6000.00;1740.00;25.53;E0_0_3700m;5.00;145;145;9.47;25.58
5700.00;6000.00;2160.00;25.67;E0_1_3700m;5.00;180;179;11.64;25.75
5700.00;6000.00;1740.00;25.37;E0_0_3800m;5.00;145;145;9.53;25.44
5700.00;6000.00;2136.00;25.51;E0_1_3800m;5.00;178;178;11.63;25.60
5700.00;6000.00;1740.00;25.22;E0_0_3900m;5.00;145;145;9.58;25.30
5700.00;6000.00;2148.00;25.37;E0_1_3900m;5.00;179;178;11.70;25.48
5700.00;6000.00;1752.00;25.12;E0_0_4000m;5.00;146;146;9.69;25.20
5700.00;6000.00;2172.00;25.39;E0_1_4000m;5.00;181;181;11.88;25.50
5700.00;6000.00;1812.00;24.99;E0_0_4100m;5.00;151;150;10.02;25.09
5700.00;6000.00;2196.00;25.38;E0_1_4100m;5.00;183;183;12.02;25.51
5700.00;6000.00;1824.00;24.87;E0_0_4200m;5.00;152;152;10.19;24.97
5700.00;6000.00;2232.00;25.19;E0_1_4200m;5.00;186;186;12.31;25.32
5700.00;6000.00;1848.00;24.78;E0_0_4300m;5.00;154;154;10.36;24.88
5700.00;6000.00;2268.00;25.09;E0_1_4300m;5.00;189;189;12.55;25.23
5700.00;6000.00;1884.00;24.76;E0_0_4400m;5.00;157;157;10.57;24.86
5700.00;6000.00;2304.00;25.02;E0_1_4400m;5.00;192;192;12.79;25.17
5700.00;6000.00;1908.00;24.77;E0_0_4500m;5.00;159;159;10.70;24.87
5700.00;6000.00;2352.00;24.95;E0_1_4500m;5.00;196;195;13.09;25.09
5700.00;6000.00;1896.00;24.76;E0_0_4600m;5.00;158;159;10.67;24.87
5700.00;6000.00;2352.00;24.90;E0_1_4600m;5.00;196;197;13.13;25.04
5700.00;6000.00;1896.00;24.75;E0_0_4700m;5.00;158;158;10.64;24.86
5700.00;6000.00;2364.00;24.93;E0_1_4700m;5.00;197;197;13.17;25.08
5700.00;6000.00;1884.00;24.71;E0_0_4800m;5.00;157;157;10.59;24.80
5700.00;6000.00;2364.00;24.98;E0_1_4800m;5.00;197;197;13.15;25.12
5700.00;6000.00;1896.00;24.77;E0_0_4900m;5.00;158;159;10.69;24.85
5700.00;6000.00;2352.00;25.02;E0_1_4900m;5.00;196;196;13.06;25.16
5700.00;6000.00;1908.00;24.79;E0_0_5000m;5.00;159;160;10.70;24.86
5700.00;6000.00;2352.00;25.06;E0_1_5000m;5.00;196;196;13.03;25.19
6000.00;6300.00;0.00;-1.00;E0_0_0m;-1.00;0;0;0.00;-1.00
6000.00;6300.00;0.00;-1.00;E0_1_0m;-1.00;0;0;0.00;-1.00
6000.00;6300.00;2100.00;25.81;E0_0_100m;5.00;175;175;11.30;25.93
6000.00;6300.00;2208.00;27.68;E0_1_100m;5.00;184;184;11.08;27.81
6000.00;6300.00;2100.00;25.73;E0_0_200m;5.00;175;175;11.34;25.87
6000.00;6300.00;2232.00;27.79;E0_1_200m;5.00;186;187;11.18;27.98
6000.00;6300.00;2088.00;25.60;E0_0_300m;5.00;174;174;11.33;25.76
6000.00;6300.00;2256.00;27.55;E0_1_300m;5.00;188;189;11.43;27.73
6000.00;6300.00;2064.00;25.32;E0_0_400m;5.00;172;172;11.32;25.45
6000.00;6300.00;2280.00;27.33;E0_1_400m;5.00;190;190;11.59;27.49
6000.00;6300.00;2052.00;25.25;E0_0_500m;5.00;171;171;11.29;25.38
6000.00;6300.00;2328.00;27.08;E0_1_500m;5.00;194;193;11.89;27.22
6000.00;6300.00;2076.00;25.21;E0_0_600m;5.00;173;173;11.44;25.34
6000.00;6300.00;2328.00;27.02;E0_1_600m;5.00;194;194;11.97;27.15
6000.00;6300.00;2076.00;25.19;E0_0_700m;5.00;173;173;11.45;25.30
6000.00;6300.00;2316.00;27.11;E0_1_700m;5.00;193;193;11.87;27.21
6000.00;6300.00;2064.00;25.00;E0_0_800m;5.00;172;172;11.46;25.09
6000.00;6300.00;2316.00;27.22;E0_1_800m;5.00;193;193;11.82;27.31
6000.00;6300.00;2064.00;24.85;E0_0_900m;5.00;172;172;11.54;24.93
6000.00;6300.00;2316.00;27.26;E0_1_900m;5.00;193;193;11.80;27.36
6000.00;6300.00;2064.00;24.71;E0_0_1000m;5.00;172;172;11.60;24.77
6000.00;6300.00;2352.00;27.06;E0_1_1000m;5.00;196;195;12.05;27.16
6000.00;6300.00;2064.00;24.58;E0_0_1100m;5.00;172;172;11.66;24.65
6000.00;6300.00;2340.00;26.93;E0_1_1100m;5.00;195;195;12.07;27.03
6000.00;6300.00;2040.00;24.47;E0_0_1200m;5.00;170;170;11.58;24.52
6000.00;6300.00;2352.00;26.84;E0_1_1200m;5.00;196;196;12.17;26.94
6000.00;6300.00;2040.00;24.33;E0_0_1300m;5.00;170;170;11.65;24.38
6000.00;6300.00;2352.00;26.76;E0_1_1300m;5.00;196;196;12.21;26.86
6000.00;6300.00;2064.00;24.33;E0_0_1400m;5.00;172;172;11.78;24.39
6000.00;6300.00;2352.00;26.66;E0_1_1400m;5.00;196;197;12.26;26.75
6000.00;6300.00;2028.00;24.38;E0_0_1500m;5.00;169;169;11.56;24.43
6000.00;6300.00;2388.00;26.67;E0_1_1500m;5.00;199;199;12.44;26.76
6000.00;6300.00;1992.00;24.25;E0_0_1600m;5.00;166;166;11.41;24.30
6000.00;6300.00;2436.00;26.72;E0_1_1600m;5.00;203;203;12.66;26.81
6000.00;6300.00;2004.00;24.17;E0_0_1700m;5.00;167;167;11.52;24.22
6000.00;6300.00;2412.00;26.81;E0_1_1700m;5.00;201;201;12.50;26.89
6000.00;6300.00;1980.00;24.06;E0_0_1800m;5.00;165;166;11.47;24.11
6000.00;6300.00;2388.00;26.83;E0_1_1800m;5.00;199;199;12.36;26.90
6000.00;6300.00;1956.00;23.97;E0_0_1900m;5.00;163;163;11.34;24.04
6000.00;6300.00;2412.00;26.85;E0_1_1900m;5.00;201;201;12.48;26.91
6000.00;6300.00;1968.00;24.06;E0_0_2000m;5.00;164;164;11.36;24.13
6000.00;6300.00;2436.00;26.80;E0_1_2000m;5.00;203;203;12.62;26.86
6000.00;6300.00;1944.00;24.08;E0_0_2100m;5.00;162;162;11.21;24.13
6000.00;6300.00;2460.00;26.69;E0_1_2100m;5.00;205;206;12.81;26.74
6000.00;6300.00;1956.00;24.19;E0_0_2200m;5.00;163;163;11.23;24.26
6000.00;6300.00;2472.00;26.63;E0_1_2200m;5.00;206;206;12.89;26.68
6000.00;6300.00;1980.00;24.20;E0_0_2300m;5.00;165;165;11.36;24.28
6000.00;6300.00;2448.00;26.58;E0_1_2300m;5.00;204;204;12.79;26.63
6000.00;6300.00;1980.00;24.20;E0_0_2400m;5.00;165;165;11.37;24.31
6000.00;6300.00;2424.00;26.68;E0_1_2400m;5.00;202;203;12.67;26.74
6000.00;6300.00;1944.00;24.13;E0_0_2500m;5.00;162;162;11.19;24.20
6000.00;6300.00;2424.00;26.80;E0_1_2500m;5.00;202;201;12.51;26.87
6000.00;6300.00;1932.00;24.13;E0_0_2600m;5.00;161;162;11.15;24.21
6000.00;6300.00;2388.00;26.95;E0_1_2600m;5.00;199;199;12.31;27.03
6000.00;6300.00;1944.00;24.15;E0_0_2700m;5.00;162;162;11.18;24.24
6000.00;6300.00;2340.00;27.25;E0_1_2700m;5.00;195;196;11.97;27.33
6000.00;6300.00;1920.00;24.09;E0_0_2800m;5.00;160;161;11.13;24.18
6000.00;6300.00;2340.00;27.37;E0_1_2800m;5.00;195;195;11.84;27.46
6000.00;6300.00;1908.00;24.12;E0_0_2900m;5.00;159;159;10.99;24.21
6000.00;6300.00;2316.00;27.36;E0_1_2900m;5.00;193;194;11.81;27.45
6000.00;6300.00;1920.00;24.16;E0_0_3000m;5.00;160;160;11.04;24.26
6000.00;6300.00;2304.00;27.31;E0_1_3000m;5.00;192;192;11.72;27.40
6000.00;6300.00;1884.00;24.25;E0_0_3100m;5.00;157;158;10.81;24.35
6000.00;6300.00;2292.00;27.30;E0_1_3100m;5.00;191;192;11.71;27.38
6000.00;6300.00;1884.00;24.23;E0_0_3200m;5.00;157;158;10.82;24.33
6000.00;6300.00;2280.00;27.29;E0_1_3200m;5.00;190;191;11.64;27.36
6000.00;6300.00;1884.00;24.22;E0_0_3300m;5.00;157;157;10.80;24.34
6000.00;6300.00;2268.00;27.32;E0_1_3300m;5.00;189;190;11.58;27.40
6000.00;6300.00;1848.00;24.20;E0_0_3400m;5.00;154;155;10.67;24.28
6000.00;6300.00;2256.00;27.39;E0_1_3400m;5.00;188;188;11.44;27.53
6000.00;6300.00;1836.00;24.28;E0_0_3500m;5.00;153;153;10.50;24.37
6000.00;6300.00;2280.00;27.26;E0_1_3500m;5.00;190;190;11.62;27.34
6000.00;6300.00;1836.00;24.41;E0_0_3600m;5.00;153;153;10.45;24.48
6000.00;6300.00;2280.00;27.18;E0_1_3600m;5.00;190;190;11.65;27.27
6000.00;6300.00;1812.00;24.44;E0_0_3700m;5.00;151;151;10.30;24.51
6000.00;6300.00;2316.00;27.14;E0_1_3700m;5.00;193;193;11.85;27.23
6000.00;6300.00;1812.00;24.32;E0_0_3800m;5.00;151;151;10.35;24.39
6000.00;6300.00;2328.00;27.17;E0_1_3800m;5.00;194;194;11.90;27.26
6000.00;6300.00;1824.00;24.36;E0_0_3900m;5.00;152;152;10.40;24.43
6000.00;6300.00;2316.00;27.16;E0_1_3900m;5.00;193;194;11.88;27.26
6000.00;6300.00;1836.00;24.33;E0_0_4000m;5.00;153;153;10.48;24.41
6000.00;6300.00;2328.00;27.14;E0_1_4000m;5.00;194;194;11.91;27.24
6000.00;6300.00;1860.00;24.34;E0_0_4100m;5.00;155;155;10.61;24.42
6000.00;6300.00;2292.00;27.04;E0_1_4100m;5.00;191;191;11.77;27.11
6000.00;6300.00;1836.00;24.30;E0_0_4200m;5.00;153;153;10.49;24.37
6000.00;6300.00;2292.00;26.82;E0_1_4200m;5.00;191;191;11.87;26.88
6000.00;6300.00;1788.00;24.27;E0_0_4300m;5.00;149;149;10.23;24.32
6000.00;6300.00;2316.00;26.68;E0_1_4300m;5.00;193;193;12.05;26.73
6000.00;6300.00;1764.00;24.21;E0_0_4400m;5.00;147;147;10.12;24.27
6000.00;6300.00;2292.00;26.61;E0_1_4400m;5.00;191;191;11.96;26.66
6000.00;6300.00;1716.00;24.17;E0_0_4500m;5.00;143;143;9.86;24.23
6000.00;6300.00;2280.00;26.70;E0_1_4500m;5.00;190;190;11.86;26.76
6000.00;6300.00;1752.00;24.28;E0_0_4600m;5.00;146;145;9.98;24.35
6000.00;6300.00;2244.00;26.69;E0_1_4600m;5.00;187;186;11.67;26.75
6000.00;6300.00;1752.00;24.31;E0_0_4700m;5.00;146;146;10.01;24.39
6000.00;6300.00;2220.00;26.58;E0_1_4700m;5.00;185;186;11.63;26.63
6000.00;6300.00;1788.00;24.33;E0_0_4800m;5.00;149;149;10.21;24.41
6000.00;6300.00;2232.00;26.45;E0_1_4800m;5.00;186;186;11.72;26.48
6000.00;6300.00;1812.00;24.31;E0_0_4900m;5.00;151;150;10.29;24.39
6000.00;6300.00;2220.00;26.35;E0_1_4900m;5.00;185;185;11.70;26.38
6000.00;6300.00;1788.00;24.37;E0_0_5000m;5.00;149;148;10.19;24.46
6000.00;6300.00;2232.00;26.37;E0_1_5000m;5.00;186;187;11.81;26.41
6300.00;6600.00;0.00;-1.00;E0_0_0m;-1.00;0;0;0.00;-1.00
6300.00;6600.00;0.00;-1.00;E0_1_0m;-1.00;0;0;0.00;-1.00
6300.00;6600.00;1728.00;26.29;E0_0_100m;5.00;144;144;9.13;26.42
6300.00;6600.00;2304.00;27.86;E0_1_100m;5.00;192;192;11.49;27.96
6300.00;6600.00;1836.00;26.05;E0_0_200m;5.00;153;153;9.79;26.22
6300.00;6600.00;2244.00;27.96;E0_1_200m;5.00;187;186;11.13;28.12
6300.00;6600.00;1872.00;25.89;E0_0_300m;5.00;156;156;10.04;26.07
6300.00;6600.00;2220.00;27.88;E0_1_300m;5.00;185;186;11.06;28.05
6300.00;6600.00;1860.00;26.20;E0_0_400m;5.00;155;155;9.86;26.33
6300.00;6600.00;2244.00;27.80;E0_1_400m;5.00;187;187;11.21;27.97
6300.00;6600.00;1896.00;26.25;E0_0_500m;5.00;158;158;10.03;26.38
6300.00;6600.00;2220.00;27.92;E0_1_500m;5.00;185;185;11.04;28.08
6300.00;6600.00;1872.00;26.34;E0_0_600m;5.00;156;156;9.87;26.45
6300.00;6600.00;2208.00;27.87;E0_1_600m;5.00;184;185;11.04;28.04
6300.00;6600.00;1872.00;26.30;E0_0_700m;5.00;156;156;9.88;26.41
6300.00;6600.00;2220.00;27.89;E0_1_700m;5.00;185;185;11.06;28.03
6300.00;6600.00;1884.00;26.13;E0_0_800m;5.00;157;157;10.01;26.23
6300.00;6600.00;2208.00;27.89;E0_1_800m;5.00;184;184;11.00;28.01
6300.00;6600.00;1872.00;25.99;E0_0_900m;5.00;156;156;10.00;26.08
6300.00;6600.00;2208.00;27.80;E0_1_900m;5.00;184;184;11.03;27.90
6300.00;6600.00;1848.00;26.00;E0_0_1000m;5.00;154;154;9.87;26.09
6300.00;6600.00;2208.00;27.79;E0_1_1000m;5.00;184;184;11.04;27.86
6300.00;6600.00;1848.00;26.00;E0_0_1100m;5.00;154;154;9.87;26.08
6300.00;6600.00;2244.00;27.71;E0_1_1100m;5.00;187;187;11.25;27.79
6300.00;6600.00;1848.00;25.81;E0_0_1200m;5.00;154;155;9.98;25.89
6300.00;6600.00;2280.00;27.62;E0_1_1200m;5.00;190;190;11.47;27.70
6300.00;6600.00;1872.00;25.70;E0_0_1300m;5.00;156;156;10.12;25.79
6300.00;6600.00;2268.00;27.46;E0_1_1300m;5.00;189;189;11.47;27.55
6300.00;6600.00;1872.00;25.66;E0_0_1400m;5.00;156;156;10.13;25.74
6300.00;6600.00;2292.00;27.35;E0_1_1400m;5.00;191;191;11.64;27.44
6300.00;6600.00;1872.00;25.52;E0_0_1500m;5.00;156;156;10.19;25.60
6300.00;6600.00;2328.00;27.28;E0_1_1500m;5.00;194;194;11.85;27.37
6300.00;6600.00;1884.00;25.38;E0_0_1600m;5.00;157;157;10.31;25.44
6300.00;6600.00;2328.00;27.20;E0_1_1600m;5.00;194;194;11.89;27.30
6300.00;6600.00;1920.00;25.26;E0_0_1700m;5.00;160;160;10.56;25.33
6300.00;6600.00;2328.00;27.13;E0_1_1700m;5.00;194;194;11.92;27.23
6300.00;6600.00;1956.00;25.27;E0_0_1800m;5.00;163;162;10.71;25.33
6300.00;6600.00;2340.00;27.03;E0_1_1800m;5.00;195;195;12.02;27.13
6300.00;6600.00;1944.00;25.28;E0_0_1900m;5.00;162;162;10.68;25.34
6300.00;6600.00;2364.00;26.95;E0_1_1900m;5.00;197;197;12.18;27.05
6300.00;6600.00;1944.00;25.24;E0_0_2000m;5.00;162;162;10.70;25.30
6300.00;6600.00;2328.00;27.01;E0_1_2000m;5.00;194;194;11.97;27.11
6300.00;6600.00;1932.00;25.22;E0_0_2100m;5.00;161;162;10.66;25.28
6300.00;6600.00;2340.00;27.00;E0_1_2100m;5.00;195;194;12.03;27.12
6300.00;6600.00;1896.00;25.14;E0_0_2200m;5.00;158;159;10.53;25.20
6300.00;6600.00;2352.00;27.07;E0_1_2200m;5.00;196;196;12.07;27.18
6300.00;6600.00;1920.00;25.00;E0_0_2300m;5.00;160;160;10.67;25.05
6300.00;6600.00;2340.00;27.13;E0_1_2300m;5.00;195;196;12.02;27.24
6300.00;6600.00;1944.00;24.96;E0_0_2400m;5.00;162;162;10.82;25.01
6300.00;6600.00;2328.00;27.09;E0_1_2400m;5.00;194;194;11.93;27.21
6300.00;6600.00;1932.00;24.93;E0_0_2500m;5.00;161;161;10.76;24.98
6300.00;6600.00;2340.00;27.08;E0_1_2500m;5.00;195;195;12.00;27.19
6300.00;6600.00;1932.00;24.83;E0_0_2600m;5.00;161;161;10.81;24.88
6300.00;6600.00;2340.00;27.13;E0_1_2600m;5.00;195;195;11.98;27.24
6300.00;6600.00;1920.00;24.65;E0_0_2700m;5.00;160;160;10.82;24.70
6300.00;6600.00;2340.00;27.28;E0_1_2700m;5.00;195;196;11.93;27.38
6300.00;6600.00;1956.00;24.74;E0_0_2800m;5.00;163;162;10.91;24.78
6300.00;6600.00;2340.00;27.28;E0_1_2800m;5.00;195;194;11.91;27.38
6300.00;6600.00;1956.00;24.69;E0_0_2900m;5.00;163;163;11.00;24.72
6300.00;6600.00;2340.00;27.11;E0_1_2900m;5.00;195;194;11.93;27.19
6300.00;6600.00;1956.00;24.63;E0_0_3000m;5.00;163;163;11.03;24.67
6300.00;6600.00;2328.00;26.94;E0_1_3000m;5.00;194;194;12.00;27.00
6300.00;6600.00;1968.00;24.57;E0_0_3100m;5.00;164;163;11.10;24.61
6300.00;6600.00;2328.00;26.85;E0_1_3100m;5.00;194;193;11.99;26.91
6300.00;6600.00;1968.00;24.61;E0_0_3200m;5.00;164;164;11.12;24.65
6300.00;6600.00;2316.00;26.85;E0_1_3200m;5.00;193;193;11.98;26.92
6300.00;6600.00;1944.00;24.67;E0_0_3300m;5.00;162;163;11.00;24.72
6300.00;6600.00;2316.00;26.87;E0_1_3300m;5.00;193;193;11.97;26.95
6300.00;6600.00;1932.00;24.60;E0_0_3400m;5.00;161;161;10.91;24.66
6300.00;6600.00;2316.00;26.84;E0_1_3400m;5.00;193;194;12.01;26.92
6300.00;6600.00;1908.00;24.61;E0_0_3500m;5.00;159;159;10.77;24.66
6300.00;6600.00;2316.00;26.87;E0_1_3500m;5.00;193;194;12.01;26.94
6300.00;6600.00;1932.00;24.61;E0_0_3600m;5.00;161;161;10.90;24.66
6300.00;6600.00;2328.00;26.91;E0_1_3600m;5.00;194;194;12.02;26.99
6300.00;6600.00;1980.00;24.53;E0_0_3700m;5.00;165;165;11.21;24.58
6300.00;6600.00;2340.00;26.76;E0_1_3700m;5.00;195;195;12.14;26.82
6300.00;6600.00;2016.00;24.32;E0_0_3800m;5.00;168;168;11.51;24.38
6300.00;6600.00;2364.00;26.68;E0_1_3800m;5.00;197;197;12.30;26.73
6300.00;6600.00;2076.00;24.32;E0_0_3900m;5.00;173;173;11.86;24.38
6300.00;6600.00;2376.00;26.69;E0_1_3900m;5.00;198;197;12.32;26.74
6300.00;6600.00;2040.00;24.48;E0_0_4000m;5.00;170;170;11.57;24.54
6300.00;6600.00;2376.00;26.75;E0_1_4000m;5.00;198;198;12.34;26.80
6300.00;6600.00;2028.00;24.54;E0_0_4100m;5.00;169;169;11.48;24.60
6300.00;6600.00;2352.00;26.88;E0_1_4100m;5.00;196;196;12.15;26.94
6300.00;6600.00;2016.00;24.60;E0_0_4200m;5.00;168;168;11.38;24.66
6300.00;6600.00;2328.00;26.96;E0_1_4200m;5.00;194;194;11.99;27.03
6300.00;6600.00;2004.00;24.61;E0_0_4300m;5.00;167;167;11.31;24.68
6300.00;6600.00;2292.00;27.05;E0_1_4300m;5.00;191;192;11.79;27.12
6300.00;6600.00;1980.00;24.66;E0_0_4400m;5.00;165;165;11.15;24.72
6300.00;6600.00;2304.00;27.07;E0_1_4400m;5.00;192;192;11.82;27.14
6300.00;6600.00;1980.00;24.63;E0_0_4500m;5.00;165;165;11.17;24.70
6300.00;6600.00;2316.00;27.09;E0_1_4500m;5.00;193;193;11.87;27.16
6300.00;6600.00;1992.00;24.58;E0_0_4600m;5.00;166;166;11.25;24.65
6300.00;6600.00;2340.00;27.08;E0_1_4600m;5.00;195;195;12.00;27.15
6300.00;6600.00;2004.00;24.62;E0_0_4700m;5.00;167;167;11.30;24.69
6300.00;6600.00;2340.00;27.04;E0_1_4700m;5.00;195;194;11.98;27.11
6300.00;6600.00;1980.00;24.70;E0_0_4800m;5.00;165;166;11.19;24.77
6300.00;6600.00;2328.00;27.04;E0_1_4800m;5.00;194;194;11.96;27.11
6300.00;6600.00;1968.00;24.67;E0_0_4900m;5.00;164;164;11.08;24.74
6300.00;6600.00;2328.00;27.07;E0_1_4900m;5.00;194;194;11.94;27.15
6300.00;6600.00;2004.00;24.62;E0_0_5000m;5.00;167;167;11.30;24.69
6300.00;6600.00;2316.00;27.12;E0_1_5000m;5.00;193;193;11.81;27.22
6600.00;6900.00;0.00;-1.00;E0_0_0m;-1.00;0;0;0.00;-1.00
6600.00;6900.00;0.00;-1.00;E0_1_0m;-1.00;0;0;0.00;-1.00
6600.00;6900.00;1608.00;27.69;E0_0_100m;5.00;134;134;8.06;27.83
6600.00;6900.00;1980.00;28.97;E0_1_100m;5.00;165;166;9.50;29.10
6600.00;6900.00;1656.00;27.51;E0_0_200m;5.00;138;139;8.37;27.67
6600.00;6900.00;1896.00;29.32;E0_1_200m;5.00;158;160;9.02;29.51
6600.00;6900.00;1668.00;27.24;E0_0_300m;5.00;139;139;8.50;27.42
6600.00;6900.00;1896.00;29.32;E0_1_300m;5.00;158;158;8.98;29.48
6600.00;6900.00;1668.00;27.03;E0_0_400m;5.00;139;139;8.57;27.21
6600.00;6900.00;1908.00;29.06;E0_1_400m;5.00;159;159;9.12;29.20
6600.00;6900.00;1656.00;26.99;E0_0_500m;5.00;138;139;8.58;27.16
6600.00;6900.00;1872.00;28.90;E0_1_500m;5.00;156;157;9.05;29.05
6600.00;6900.00;1692.00;26.85;E0_0_600m;5.00;141;141;8.75;27.02
6600.00;6900.00;1860.00;28.62;E0_1_600m;5.00;155;154;8.99;28.77
6600.00;6900.00;1716.00;26.72;E0_0_700m;5.00;143;143;8.92;26.88
6600.00;6900.00;1824.00;28.39;E0_1_700m;5.00;152;152;8.92;28.57
6600.00;6900.00;1740.00;26.66;E0_0_800m;5.00;145;145;9.06;26.82
6600.00;6900.00;1812.00;28.16;E0_1_800m;5.00;151;151;8.94;28.37
6600.00;6900.00;1728.00;26.45;E0_0_900m;5.00;144;144;9.07;26.62
6600.00;6900.00;1824.00;28.04;E0_1_900m;5.00;152;152;9.03;28.28
6600.00;6900.00;1740.00;26.25;E0_0_1000m;5.00;145;145;9.21;26.42
6600.00;6900.00;1860.00;27.91;E0_1_1000m;5.00;155;155;9.26;28.16
6600.00;6900.00;1728.00;26.07;E0_0_1100m;5.00;144;145;9.20;26.23
6600.00;6900.00;1872.00;27.86;E0_1_1100m;5.00;156;156;9.33;28.11
6600.00;6900.00;1752.00;25.99;E0_0_1200m;5.00;146;146;9.36;26.15
6600.00;6900.00;1848.00;27.87;E0_1_1200m;5.00;154;154;9.21;28.12
6600.00;6900.00;1752.00;25.81;E0_0_1300m;5.00;146;146;9.43;26.00
6600.00;6900.00;1884.00;27.84;E0_1_1300m;5.00;157;157;9.40;28.04
6600.00;6900.00;1692.00;25.85;E0_0_1400m;5.00;141;142;9.13;26.02
6600.00;6900.00;1884.00;27.95;E0_1_1400m;5.00;157;157;9.36;28.11
6600.00;6900.00;1692.00;25.71;E0_0_1500m;5.00;141;142;9.19;25.87
6600.00;6900.00;1860.00;28.11;E0_1_1500m;5.00;155;155;9.19;28.26
6600.00;6900.00;1656.00;25.52;E0_0_1600m;5.00;138;139;9.07;25.69
6600.00;6900.00;1872.00;27.91;E0_1_1600m;5.00;156;157;9.32;28.06
6600.00;6900.00;1632.00;25.67;E0_0_1700m;5.00;136;136;8.83;25.84
6600.00;6900.00;1872.00;27.84;E0_1_1700m;5.00;156;156;9.34;28.02
6600.00;6900.00;1608.00;25.79;E0_0_1800m;5.00;134;134;8.66;25.95
6600.00;6900.00;1860.00;27.69;E0_1_1800m;5.00;155;155;9.33;27.89
6600.00;6900.00;1620.00;25.83;E0_0_1900m;5.00;135;135;8.71;25.97
6600.00;6900.00;1848.00;27.50;E0_1_1900m;5.00;154;155;9.37;27.71
6600.00;6900.00;1632.00;25.83;E0_0_2000m;5.00;136;136;8.77;25.96
6600.00;6900.00;1872.00;27.27;E0_1_2000m;5.00;156;156;9.54;27.46
6600.00;6900.00;1632.00;25.84;E0_0_2100m;5.00;136;136;8.77;25.98
6600.00;6900.00;1920.00;27.13;E0_1_2100m;5.00;160;160;9.83;27.32
6600.00;6900.00;1656.00;25.71;E0_0_2200m;5.00;138;137;8.89;25.85
6600.00;6900.00;1944.00;27.02;E0_1_2200m;5.00;162;162;9.99;27.21
6600.00;6900.00;1668.00;25.60;E0_0_2300m;5.00;139;139;9.05;25.72
6600.00;6900.00;1956.00;26.91;E0_1_2300m;5.00;163;162;10.06;27.10
6600.00;6900.00;1692.00;25.45;E0_0_2400m;5.00;141;141;9.23;25.57
6600.00;6900.00;1920.00;26.76;E0_1_2400m;5.00;160;160;9.96;26.98
6600.00;6900.00;1692.00;25.33;E0_0_2500m;5.00;141;141;9.28;25.45
6600.00;6900.00;1920.00;26.61;E0_1_2500m;5.00;160;160;10.02;26.82
6600.00;6900.00;1692.00;25.20;E0_0_2600m;5.00;141;141;9.33;25.33
6600.00;6900.00;1932.00;26.45;E0_1_2600m;5.00;161;161;10.14;26.66
6600.00;6900.00;1704.00;25.11;E0_0_2700m;5.00;142;142;9.42;25.25
6600.00;6900.00;1920.00;26.34;E0_1_2700m;5.00;160;160;10.12;26.57
6600.00;6900.00;1692.00;25.03;E0_0_2800m;5.00;141;141;9.39;25.16
6600.00;6900.00;1908.00;26.17;E0_1_2800m;5.00;159;159;10.13;26.41
6600.00;6900.00;1680.00;25.01;E0_0_2900m;5.00;140;140;9.33;25.14
6600.00;6900.00;1908.00;25.96;E0_1_2900m;5.00;159;160;10.23;26.19
6600.00;6900.00;1704.00;25.11;E0_0_3000m;5.00;142;142;9.43;25.25
6600.00;6900.00;1896.00;25.75;E0_1_3000m;5.00;158;158;10.23;25.97
6600.00;6900.00;1692.00;24.95;E0_0_3100m;5.00;141;141;9.42;25.08
6600.00;6900.00;1908.00;25.56;E0_1_3100m;5.00;159;159;10.37;25.77
6600.00;6900.00;1704.00;24.86;E0_0_3200m;5.00;142;141;9.48;24.99
6600.00;6900.00;1896.00;25.44;E0_1_3200m;5.00;158;158;10.35;25.64
6600.00;6900.00;1728.00;24.80;E0_0_3300m;5.00;144;143;9.63;24.93
6600.00;6900.00;1920.00;25.34;E0_1_3300m;5.00;160;160;10.52;25.53
6600.00;6900.00;1752.00;24.76;E0_0_3400m;5.00;146;146;9.83;24.88
6600.00;6900.00;1932.00;25.17;E0_1_3400m;5.00;161;160;10.64;25.34
6600.00;6900.00;1788.00;24.77;E0_0_3500m;5.00;149;149;10.02;24.89
6600.00;6900.00;1944.00;25.14;E0_1_3500m;5.00;162;161;10.70;25.31
6600.00;6900.00;1800.00;24.74;E0_0_3600m;5.00;150;150;10.10;24.85
6600.00;6900.00;1956.00;25.01;E0_1_3600m;5.00;163;163;10.86;25.16
6600.00;6900.00;1776.00;24.59;E0_0_3700m;5.00;148;148;10.03;24.69
6600.00;6900.00;1944.00;24.96;E0_1_3700m;5.00;162;162;10.82;25.11
6600.00;6900.00;1788.00;24.58;E0_0_3800m;5.00;149;149;10.10;24.69
6600.00;6900.00;1932.00;24.98;E0_1_3800m;5.00;161;161;10.74;25.16
6600.00;6900.00;1776.00;24.54;E0_0_3900m;5.00;148;148;10.05;24.64
6600.00;6900.00;1944.00;25.03;E0_1_3900m;5.00;162;162;10.79;25.23
6600.00;6900.00;1788.00;24.50;E0_0_4000m;5.00;149;149;10.13;24.61
6600.00;6900.00;1956.00;25.09;E0_1_4000m;5.00;163;163;10.83;25.32
6600.00;6900.00;1800.00;24.42;E0_0_4100m;5.00;150;150;10.24;24.52
6600.00;6900.00;1944.00;25.15;E0_1_4100m;5.00;162;162;10.73;25.40
6600.00;6900.00;1812.00;24.18;E0_0_4200m;5.00;151;151;10.41;24.29
6600.00;6900.00;1932.00;25.15;E0_1_4200m;5.00;161;161;10.67;25.41
6600.00;6900.00;1812.00;24.02;E0_0_4300m;5.00;151;151;10.48;24.13
6600.00;6900.00;1980.00;25.18;E0_1_4300m;5.00;165;164;10.90;25.45
6600.00;6900.00;1836.00;24.19;E0_0_4400m;5.00;153;153;10.54;24.27
6600.00;6900.00;1956.00;25.11;E0_1_4400m;5.00;163;164;10.83;25.36
6600.00;6900.00;1812.00;24.26;E0_0_4500m;5.00;151;151;10.37;24.33
6600.00;6900.00;1968.00;25.13;E0_1_4500m;5.00;164;164;10.88;25.39
6600.00;6900.00;1776.00;24.30;E0_0_4600m;5.00;148;148;10.15;24.37
6600.00;6900.00;1968.00;25.07;E0_1_4600m;5.00;164;164;10.90;25.30
6600.00;6900.00;1764.00;24.23;E0_0_4700m;5.00;147;147;10.11;24.29
6600.00;6900.00;2004.00;25.02;E0_1_4700m;5.00;167;167;11.12;25.23
6600.00;6900.00;1776.00;24.22;E0_0_4800m;5.00;148;147;10.13;24.28
6600.00;6900.00;2016.00;24.99;E0_1_4800m;5.00;168;168;11.21;25.19
6600.00;6900.00;1764.00;24.18;E0_0_4900m;5.00;147;147;10.13;24.23
6600.00;6900.00;2028.00;24.96;E0_1_4900m;5.00;169;169;11.28;25.16
6600.00;6900.00;1740.00;24.14;E0_0_5000m;5.00;145;145;10.01;24.18
6600.00;6900.00;2028.00;24.91;E0_1_5000m;5.00;169;168;11.30;25.10
6900.00;7200.00;0.00;-1.00;E0_0_0m;-1.00;0;0;0.00;-1.00
6900.00;7200.00;0.00;-1.00;E0_1_0m;-1.00;0;0;0.00;-1.00
6900.00;7200.00;1920.00;26.18;E0_0_100m;5.00;160;160;10.19;26.31
6900.00;7200.00;2124.00;27.91;E0_1_100m;5.00;177;176;10.56;28.04
6900.00;7200.00;1908.00;26.15;E0_0_200m;5.00;159;160;10.19;26.31
6900.00;7200.00;2136.00;27.72;E0_1_200m;5.00;178;177;10.69;27.90
6900.00;7200.00;1908.00;25.96;E0_0_300m;5.00;159;159;10.21;26.10
6900.00;7200.00;2160.00;27.55;E0_1_300m;5.00;180;180;10.89;27.74
6900.00;7200.00;1896.00;25.78;E0_0_400m;5.00;158;158;10.22;25.91
6900.00;7200.00;2184.00;27.51;E0_1_400m;5.00;182;182;11.03;27.69
6900.00;7200.00;1920.00;25.73;E0_0_500m;5.00;160;159;10.30;25.85
6900.00;7200.00;2172.00;27.42;E0_1_500m;5.00;181;180;10.95;27.58
6900.00;7200.00;1920.00;25.77;E0_0_600m;5.00;160;160;10.35;25.87
6900.00;7200.00;2172.00;27.28;E0_1_600m;5.00;181;181;11.06;27.43
6900.00;7200.00;1920.00;25.71;E0_0_700m;5.00;160;160;10.37;25.79
6900.00;7200.00;2208.00;27.02;E0_1_700m;5.00;184;184;11.35;27.16
6900.00;7200.00;1944.00;25.48;E0_0_800m;5.00;162;162;10.60;25.56
6900.00;7200.00;2208.00;26.77;E0_1_800m;5.00;184;184;11.46;26.88
6900.00;7200.00;1968.00;25.19;E0_0_900m;5.00;164;164;10.85;25.26
6900.00;7200.00;2220.00;26.59;E0_1_900m;5.00;185;185;11.60;26.68
6900.00;7200.00;1968.00;25.12;E0_0_1000m;5.00;164;164;10.88;25.19
6900.00;7200.00;2184.00;26.47;E0_1_1000m;5.00;182;183;11.48;26.55
6900.00;7200.00;1956.00;25.12;E0_0_1100m;5.00;163;162;10.81;25.19
6900.00;7200.00;2208.00;26.45;E0_1_1100m;5.00;184;184;11.59;26.52
6900.00;7200.00;1908.00;25.03;E0_0_1200m;5.00;159;159;10.59;25.09
6900.00;7200.00;2220.00;26.37;E0_1_1200m;5.00;185;185;11.69;26.43
6900.00;7200.00;1884.00;24.86;E0_0_1300m;5.00;157;157;10.52;24.93
6900.00;7200.00;2208.00;26.30;E0_1_1300m;5.00;184;184;11.66;26.36
6900.00;7200.00;1884.00;24.96;E0_0_1400m;5.00;157;156;10.45;25.02
6900.00;7200.00;2220.00;26.28;E0_1_1400m;5.00;185;185;11.73;26.34
6900.00;7200.00;1908.00;25.01;E0_0_1500m;5.00;159;158;10.55;25.06
6900.00;7200.00;2184.00;26.26;E0_1_1500m;5.00;182;182;11.55;26.32
6900.00;7200.00;1896.00;25.06;E0_0_1600m;5.00;158;157;10.45;25.11
6900.00;7200.00;2196.00;26.27;E0_1_1600m;5.00;183;183;11.63;26.35
6900.00;7200.00;1896.00;25.04;E0_0_1700m;5.00;158;158;10.51;25.09
6900.00;7200.00;2196.00;26.40;E0_1_1700m;5.00;183;183;11.55;26.48
6900.00;7200.00;1908.00;24.93;E0_0_1800m;5.00;159;159;10.63;24.97
6900.00;7200.00;2172.00;26.46;E0_1_1800m;5.00;181;181;11.40;26.55
6900.00;7200.00;1908.00;24.93;E0_0_1900m;5.00;159;159;10.63;24.97
6900.00;7200.00;2160.00;26.49;E0_1_1900m;5.00;180;180;11.30;26.58
6900.00;7200.00;1884.00;24.88;E0_0_2000m;5.00;157;157;10.52;24.91
6900.00;7200.00;2172.00;26.49;E0_1_2000m;5.00;181;181;11.39;26.58
6900.00;7200.00;1872.00;24.74;E0_0_2100m;5.00;156;156;10.51;24.77
6900.00;7200.00;2124.00;26.50;E0_1_2100m;5.00;177;178;11.18;26.60
6900.00;7200.00;1872.00;24.67;E0_0_2200m;5.00;156;156;10.54;24.70
6900.00;7200.00;2100.00;26.57;E0_1_2200m;5.00;175;175;10.98;26.68
6900.00;7200.00;1836.00;24.66;E0_0_2300m;5.00;153;153;10.34;24.70
6900.00;7200.00;2112.00;26.54;E0_1_2300m;5.00;176;176;11.05;26.66
6900.00;7200.00;1848.00;24.64;E0_0_2400m;5.00;154;154;10.42;24.67
6900.00;7200.00;2136.00;26.52;E0_1_2400m;5.00;178;178;11.19;26.63
6900.00;7200.00;1860.00;24.63;E0_0_2500m;5.00;155;155;10.49;24.66
6900.00;7200.00;2136.00;26.50;E0_1_2500m;5.00;178;178;11.19;26.61
6900.00;7200.00;1848.00;24.64;E0_0_2600m;5.00;154;154;10.42;24.66
6900.00;7200.00;2136.00;26.46;E0_1_2600m;5.00;178;179;11.26;26.57
6900.00;7200.00;1860.00;24.54;E0_0_2700m;5.00;155;155;10.53;24.56
6900.00;7200.00;2136.00;26.48;E0_1_2700m;5.00;178;178;11.20;26.59
6900.00;7200.00;1836.00;24.44;E0_0_2800m;5.00;153;153;10.43;24.47
6900.00;7200.00;2160.00;26.43;E0_1_2800m;5.00;180;180;11.35;26.54
6900.00;7200.00;1812.00;24.47;E0_0_2900m;5.00;151;151;10.28;24.49
6900.00;7200.00;2184.00;26.43;E0_1_2900m;5.00;182;181;11.45;26.53
6900.00;7200.00;1776.00;24.37;E0_0_3000m;5.00;148;149;10.15;24.38
6900.00;7200.00;2208.00;26.38;E0_1_3000m;5.00;184;185;11.67;26.49
6900.00;7200.00;1812.00;24.36;E0_0_3100m;5.00;151;152;10.36;24.38
6900.00;7200.00;2196.00;26.39;E0_1_3100m;5.00;183;183;11.56;26.50
6900.00;7200.00;1860.00;24.36;E0_0_3200m;5.00;155;155;10.61;24.38
6900.00;7200.00;2208.00;26.34;E0_1_3200m;5.00;184;184;11.64;26.45
6900.00;7200.00;1824.00;24.38;E0_0_3300m;5.00;152;153;10.40;24.40
6900.00;7200.00;2196.00;26.31;E0_1_3300m;5.00;183;183;11.59;26.41
6900.00;7200.00;1800.00;24.32;E0_0_3400m;5.00;150;150;10.28;24.35
6900.00;7200.00;2208.00;26.28;E0_1_3400m;5.00;184;185;11.67;26.37
6900.00;7200.00;1812.00;24.32;E0_0_3500m;5.00;151;151;10.35;24.35
6900.00;7200.00;2184.00;26.32;E0_1_3500m;5.00;182;182;11.52;26.43
6900.00;7200.00;1788.00;24.41;E0_0_3600m;5.00;149;149;10.17;24.43
6900.00;7200.00;2148.00;26.33;E0_1_3600m;5.00;179;179;11.33;26.45
6900.00;7200.00;1752.00;24.56;E0_0_3700m;5.00;146;146;9.91;24.59
6900.00;7200.00;2148.00;26.40;E0_1_3700m;5.00;179;179;11.30;26.53
6900.00;7200.00;1728.00;24.71;E0_0_3800m;5.00;144;144;9.71;24.74
6900.00;7200.00;2112.00;26.48;E0_1_3800m;5.00;176;176;11.08;26.62
6900.00;7200.00;1704.00;24.85;E0_0_3900m;5.00;142;143;9.53;24.89
6900.00;7200.00;2064.00;26.61;E0_1_3900m;5.00;172;172;10.77;26.77
6900.00;7200.00;1692.00;25.07;E0_0_4000m;5.00;141;142;9.38;25.13
6900.00;7200.00;2028.00;26.72;E0_1_4000m;5.00;169;170;10.58;26.89
6900.00;7200.00;1656.00;25.17;E0_0_4100m;5.00;138;138;9.14;25.23
6900.00;7200.00;2040.00;26.72;E0_1_4100m;5.00;170;171;10.64;26.90
6900.00;7200.00;1668.00;25.18;E0_0_4200m;5.00;139;139;9.20;25.24
6900.00;7200.00;2052.00;26.74;E0_1_4200m;5.00;171;171;10.66;26.93
6900.00;7200.00;1668.00;25.17;E0_0_4300m;5.00;139;139;9.20;25.23
6900.00;7200.00;2028.00;26.75;E0_1_4300m;5.00;169;169;10.53;26.94
6900.00;7200.00;1656.00;25.12;E0_0_4400m;5.00;138;138;9.16;25.18
6900.00;7200.00;2028.00;26.81;E0_1_4400m;5.00;169;168;10.49;27.01
6900.00;7200.00;1680.00;25.12;E0_0_4500m;5.00;140;140;9.29;25.18
6900.00;7200.00;2004.00;26.88;E0_1_4500m;5.00;167;167;10.36;27.08
6900.00;7200.00;1656.00;25.06;E0_0_4600m;5.00;138;138;9.18;25.11
6900.00;7200.00;2040.00;26.96;E0_1_4600m;5.00;170;170;10.51;27.17
6900.00;7200.00;1668.00;25.20;E0_0_4700m;5.00;139;139;9.19;25.26
6900.00;7200.00;2004.00;27.03;E0_1_4700m;5.00;167;167;10.30;27.24
6900.00;7200.00;1644.00;25.24;E0_0_4800m;5.00;137;137;9.05;25.31
6900.00;7200.00;1992.00;27.09;E0_1_4800m;5.00;166;166;10.21;27.30
6900.00;7200.00;1644.00;25.26;E0_0_4900m;5.00;137;138;9.05;25.32
6900.00;7200.00;1992.00;27.10;E0_1_4900m;5.00;166;167;10.27;27.35
6900.00;7200.00;1680.00;25.19;E0_0_5000m;5.00;140;140;9.26;25.25
6900.00;7200.00;1968.00;27.27;E0_1_5000m;5.00;164;165;10.06;27.52
7200.00;7500.00;0.00;-1.00;E0_0_0m;-1.00;0;0;0.00;-1.00
7200.00;7500.00;0.00;-1.00;E0_1_0m;-1.00;0;0;0.00;-1.00
7200.00;7500.00;1668.00;25.15;E0_0_100m;5.00;139;139;9.21;25.34
7200.00;7500.00;2208.00;26.97;E0_1_100m;5.00;184;184;11.37;27.10
7200.00;7500.00;1692.00;24.92;E0_0_200m;5.00;141;140;9.37;25.21
7200.00;7500.00;2172.00;26.97;E0_1_200m;5.00;181;181;11.19;27.24
7200.00;7500.00;1668.00;24.84;E0_0_300m;5.00;139;139;9.33;25.12
7200.00;7500.00;2160.00;26.64;E0_1_300m;5.00;180;180;11.26;26.96
7200.00;7500.00;1656.00;24.65;E0_0_400m;5.00;138;138;9.33;24.94
7200.00;7500.00;2148.00;26.23;E0_1_400m;5.00;179;180;11.40;26.57
7200.00;7500.00;1680.00;24.48;E0_0_500m;5.00;140;141;9.55;24.78
7200.00;7500.00;2136.00;26.05;E0_1_500m;5.00;178;178;11.39;26.42
7200.00;7500.00;1728.00;24.28;E0_0_600m;5.00;144;144;9.89;24.61
7200.00;7500.00;2112.00;25.85;E0_1_600m;5.00;176;176;11.35;26.28
7200.00;7500.00;1752.00;24.07;E0_0_700m;5.00;146;146;10.11;24.39
7200.00;7500.00;2076.00;25.56;E0_1_700m;5.00;173;173;11.28;25.99
7200.00;7500.00;1740.00;23.84;E0_0_800m;5.00;145;145;10.14;24.14
7200.00;7500.00;2076.00;25.47;E0_1_800m;5.00;173;173;11.32;25.91
7200.00;7500.00;1728.00;23.98;E0_0_900m;5.00;144;144;10.01;24.24
7200.00;7500.00;2088.00;25.27;E0_1_900m;5.00;174;174;11.48;25.70
7200.00;7500.00;1740.00;23.78;E0_0_1000m;5.00;145;145;10.16;24.09
7200.00;7500.00;2064.00;25.17;E0_1_1000m;5.00;172;172;11.39;25.65
7200.00;7500.00;1704.00;23.71;E0_0_1100m;5.00;142;142;9.98;23.99
7200.00;7500.00;2064.00;25.00;E0_1_1100m;5.00;172;173;11.49;25.45
7200.00;7500.00;1728.00;23.72;E0_0_1200m;5.00;144;144;10.12;23.95
7200.00;7500.00;2076.00;24.67;E0_1_1200m;5.00;173;173;11.69;25.05
7200.00;7500.00;1752.00;23.38;E0_0_1300m;5.00;146;146;10.41;23.57
7200.00;7500.00;2112.00;24.41;E0_1_1300m;5.00;176;176;12.02;24.75
7200.00;7500.00;1764.00;23.18;E0_0_1400m;5.00;147;147;10.57;23.34
7200.00;7500.00;2124.00;24.24;E0_1_1400m;5.00;177;177;12.17;24.57
7200.00;7500.00;1764.00;23.19;E0_0_1500m;5.00;147;147;10.56;23.33
7200.00;7500.00;2124.00;24.14;E0_1_1500m;5.00;177;177;12.22;24.46
7200.00;7500.00;1764.00;23.10;E0_0_1600m;5.00;147;147;10.60;23.25
7200.00;7500.00;2136.00;24.14;E0_1_1600m;5.00;178;177;12.26;24.47
7200.00;7500.00;1776.00;23.00;E0_0_1700m;5.00;148;148;10.72;23.15
7200.00;7500.00;2112.00;24.06;E0_1_1700m;5.00;176;176;12.19;24.39
7200.00;7500.00;1752.00;22.95;E0_0_1800m;5.00;146;146;10.60;23.11
7200.00;7500.00;2136.00;23.91;E0_1_1800m;5.00;178;178;12.41;24.24
7200.00;7500.00;1752.00;22.81;E0_0_1900m;5.00;146;146;10.67;22.96
7200.00;7500.00;2172.00;23.96;E0_1_1900m;5.00;181;181;12.59;24.30
7200.00;7500.00;1764.00;22.73;E0_0_2000m;5.00;147;147;10.78;22.88
7200.00;7500.00;2184.00;23.92;E0_1_2000m;5.00;182;182;12.68;24.23
7200.00;7500.00;1764.00;22.47;E0_0_2100m;5.00;147;147;10.90;22.64
7200.00;7500.00;2208.00;23.91;E0_1_2100m;5.00;184;183;12.78;24.20
7200.00;7500.00;1776.00;22.59;E0_0_2200m;5.00;148;148;10.92;22.74
7200.00;7500.00;2196.00;23.86;E0_1_2200m;5.00;183;183;12.79;24.12
7200.00;7500.00;1788.00;22.74;E0_0_2300m;5.00;149;149;10.92;22.87
7200.00;7500.00;2208.00;23.87;E0_1_2300m;5.00;184;184;12.85;24.12
7200.00;7500.00;1788.00;22.96;E0_0_2400m;5.00;149;149;10.81;23.06
7200.00;7500.00;2196.00;23.86;E0_1_2400m;5.00;183;183;12.78;24.10
7200.00;7500.00;1812.00;23.03;E0_0_2500m;5.00;151;151;10.93;23.15
7200.00;7500.00;2196.00;23.89;E0_1_2500m;5.00;183;183;12.77;24.15
7200.00;7500.00;1824.00;22.92;E0_0_2600m;5.00;152;152;11.05;23.07
7200.00;7500.00;2196.00;23.88;E0_1_2600m;5.00;183;182;12.72;24.16
7200.00;7500.00;1860.00;22.74;E0_0_2700m;5.00;155;155;11.36;22.90
7200.00;7500.00;2196.00;23.78;E0_1_2700m;5.00;183;183;12.82;24.06
7200.00;7500.00;1884.00;22.78;E0_0_2800m;5.00;157;157;11.49;22.93
7200.00;7500.00;2220.00;23.75;E0_1_2800m;5.00;185;185;12.98;24.02
7200.00;7500.00;1896.00;22.95;E0_0_2900m;5.00;158;158;11.47;23.07
7200.00;7500.00;2220.00;23.81;E0_1_2900m;5.00;185;185;12.95;24.09
7200.00;7500.00;1896.00;22.95;E0_0_3000m;5.00;158;159;11.51;23.06
7200.00;7500.00;2220.00;23.89;E0_1_3000m;5.00;185;185;12.89;24.19
7200.00;7500.00;1896.00;23.01;E0_0_3100m;5.00;158;157;11.42;23.13
7200.00;7500.00;2196.00;23.98;E0_1_3100m;5.00;183;183;12.72;24.32
7200.00;7500.00;1860.00;23.04;E0_0_3200m;5.00;155;155;11.21;23.16
7200.00;7500.00;2172.00;24.04;E0_1_3200m;5.00;181;181;12.55;24.38
7200.00;7500.00;1884.00;23.02;E0_0_3300m;5.00;157;156;11.36;23.15
7200.00;7500.00;2148.00;24.11;E0_1_3300m;5.00;179;179;12.37;24.47
7200.00;7500.00;1848.00;22.98;E0_0_3400m;5.00;154;154;11.17;23.10
7200.00;7500.00;2136.00;24.27;E0_1_3400m;5.00;178;178;12.25;24.66
7200.00;7500.00;1860.00;23.09;E0_0_3500m;5.00;155;155;11.19;23.23
7200.00;7500.00;2100.00;24.36;E0_1_3500m;5.00;175;175;11.98;24.77
7200.00;7500.00;1848.00;23.18;E0_0_3600m;5.00;154;154;11.07;23.32
7200.00;7500.00;2100.00;24.44;E0_1_3600m;5.00;175;175;11.94;24.86
7200.00;7500.00;1848.00;23.19;E0_0_3700m;5.00;154;154;11.07;23.32
7200.00;7500.00;2100.00;24.50;E0_1_3700m;5.00;175;175;11.91;24.90
7200.00;7500.00;1860.00;23.17;E0_0_3800m;5.00;155;155;11.15;23.29
7200.00;7500.00;2088.00;24.56;E0_1_3800m;5.00;174;174;11.81;24.93
7200.00;7500.00;1860.00;23.24;E0_0_3900m;5.00;155;155;11.12;23.35
7200.00;7500.00;2076.00;24.63;E0_1_3900m;5.00;173;173;11.71;25.00
7200.00;7500.00;1860.00;23.36;E0_0_4000m;5.00;155;154;11.06;23.47
7200.00;7500.00;2064.00;24.75;E0_1_4000m;5.00;172;173;11.65;25.11
7200.00;7500.00;1860.00;23.58;E0_0_4100m;5.00;155;155;10.95;23.72
7200.00;7500.00;2064.00;24.85;E0_1_4100m;5.00;172;171;11.50;25.22
7200.00;7500.00;1824.00;23.56;E0_0_4200m;5.00;152;152;10.75;23.68
7200.00;7500.00;2064.00;24.95;E0_1_4200m;5.00;172;172;11.49;25.32
7200.00;7500.00;1812.00;23.61;E0_0_4300m;5.00;151;151;10.66;23.73
7200.00;7500.00;2052.00;24.99;E0_1_4300m;5.00;171;171;11.40;25.34
7200.00;7500.00;1800.00;23.66;E0_0_4400m;5.00;150;150;10.57;23.79
7200.00;7500.00;2052.00;25.07;E0_1_4400m;5.00;171;172;11.40;25.41
7200.00;7500.00;1800.00;23.63;E0_0_4500m;5.00;150;150;10.58;23.75
7200.00;7500.00;2040.00;25.10;E0_1_4500m;5.00;170;170;11.29;25.42
7200.00;7500.00;1776.00;23.53;E0_0_4600m;5.00;148;149;10.55;23.63
7200.00;7500.00;2040.00;25.17;E0_1_4600m;5.00;170;170;11.26;25.48
7200.00;7500.00;1764.00;23.52;E0_0_4700m;5.00;147;148;10.43;23.60
7200.00;7500.00;2040.00;25.30;E0_1_4700m;5.00;170;170;11.20;25.61
7200.00;7500.00;1800.00;23.56;E0_0_4800m;5.00;150;150;10.61;23.64
7200.00;7500.00;2004.00;25.50;E0_1_4800m;5.00;167;168;10.94;25.81
7200.00;7500.00;1776.00;23.58;E0_0_4900m;5.00;148;148;10.46;23.66
7200.00;7500.00;2016.00;25.56;E0_1_4900m;5.00;168;167;10.89;25.86
7200.00;7500.00;1776.00;23.61;E0_0_5000m;5.00;148;149;10.50;23.69
7200.00;7500.00;2016.00;25.62;E0_1_5000m;5.00;168;167;10.89;25.91
7500.00;7800.00;0.00;-1.00;E0_0_0m;-1.00;0;0;0.00;-1.00
7500.00;7800.00;0.00;-1.00;E0_1_0m;-1.00;0;0;0.00;-1.00
7500.00;7800.00;2064.00;26.62;E0_0_100m;5.00;172;172;10.77;26.73
7500.00;7800.00;2256.00;27.67;E0_1_100m;5.00;188;189;11.38;27.75
7500.00;7800.00;2088.00;26.79;E0_0_200m;5.00;174;174;10.82;26.88
7500.00;7800.00;2244.00;27.86;E0_1_200m;5.00;187;188;11.20;27.93
7500.00;7800.00;2040.00;26.71;E0_0_300m;5.00;170;171;10.66;26.77
7500.00;7800.00;2304.00;27.82;E0_1_300m;5.00;192;193;11.56;27.90
7500.00;7800.00;2028.00;26.64;E0_0_400m;5.00;169;169;10.57;26.69
7500.00;7800.00;2316.00;27.80;E0_1_400m;5.00;193;192;11.55;27.86
7500.00;7800.00;2052.00;26.51;E0_0_500m;5.00;171;170;10.73;26.56
7500.00;7800.00;2304.00;27.68;E0_1_500m;5.00;192;192;11.56;27.75
7500.00;7800.00;2016.00;26.43;E0_0_600m;5.00;168;168;10.59;26.48
7500.00;7800.00;2340.00;27.48;E0_1_600m;5.00;195;195;11.83;27.54
7500.00;7800.00;2016.00;26.26;E0_0_700m;5.00;168;168;10.66;26.32
7500.00;7800.00;2340.00;27.26;E0_1_700m;5.00;195;195;11.92;27.32
7500.00;7800.00;2016.00;26.08;E0_0_800m;5.00;168;168;10.74;26.14
7500.00;7800.00;2340.00;26.99;E0_1_800m;5.00;195;195;12.04;27.04
7500.00;7800.00;2016.00;25.98;E0_0_900m;5.00;168;168;10.78;26.04
7500.00;7800.00;2328.00;26.86;E0_1_900m;5.00;194;194;12.04;26.92
7500.00;7800.00;2004.00;25.95;E0_0_1000m;5.00;167;167;10.72;26.01
7500.00;7800.00;2340.00;26.78;E0_1_1000m;5.00;195;194;12.11;26.83
7500.00;7800.00;2004.00;25.91;E0_0_1100m;5.00;167;167;10.74;25.96
7500.00;7800.00;2316.00;26.71;E0_1_1100m;5.00;193;193;12.04;26.77
7500.00;7800.00;1980.00;25.82;E0_0_1200m;5.00;165;165;10.65;25.86
7500.00;7800.00;2328.00;26.64;E0_1_1200m;5.00;194;194;12.14;26.70
7500.00;7800.00;1956.00;25.77;E0_0_1300m;5.00;163;163;10.54;25.81
7500.00;7800.00;2280.00;26.64;E0_1_1300m;5.00;190;190;11.89;26.70
7500.00;7800.00;1944.00;25.67;E0_0_1400m;5.00;162;162;10.52;25.72
7500.00;7800.00;2268.00;26.57;E0_1_1400m;5.00;189;189;11.85;26.64
7500.00;7800.00;1956.00;25.65;E0_0_1500m;5.00;163;163;10.59;25.69
7500.00;7800.00;2268.00;26.48;E0_1_1500m;5.00;189;189;11.90;26.53
7500.00;7800.00;1956.00;25.66;E0_0_1600m;5.00;163;164;10.61;25.70
7500.00;7800.00;2256.00;26.37;E0_1_1600m;5.00;188;188;11.88;26.42
7500.00;7800.00;1980.00;25.49;E0_0_1700m;5.00;165;165;10.79;25.54
7500.00;7800.00;2268.00;26.32;E0_1_1700m;5.00;189;189;11.97;26.37
7500.00;7800.00;2004.00;25.38;E0_0_1800m;5.00;167;167;10.97;25.43
7500.00;7800.00;2244.00;26.35;E0_1_1800m;5.00;187;189;11.92;26.40
7500.00;7800.00;1980.00;25.29;E0_0_1900m;5.00;165;165;10.87;25.35
7500.00;7800.00;2220.00;26.39;E0_1_1900m;5.00;185;186;11.73;26.45
7500.00;7800.00;1968.00;25.27;E0_0_2000m;5.00;164;164;10.82;25.32
7500.00;7800.00;2196.00;26.43;E0_1_2000m;5.00;183;184;11.56;26.48
7500.00;7800.00;1956.00;25.44;E0_0_2100m;5.00;163;163;10.68;25.48
7500.00;7800.00;2172.00;26.50;E0_1_2100m;5.00;181;182;11.45;26.56
7500.00;7800.00;1920.00;25.49;E0_0_2200m;5.00;160;160;10.46;25.54
7500.00;7800.00;2208.00;26.45;E0_1_2200m;5.00;184;184;11.59;26.50
7500.00;7800.00;1944.00;25.58;E0_0_2300m;5.00;162;162;10.56;25.62
7500.00;7800.00;2220.00;26.34;E0_1_2300m;5.00;185;185;11.70;26.39
7500.00;7800.00;1932.00;25.63;E0_0_2400m;5.00;161;161;10.47;25.68
7500.00;7800.00;2232.00;26.34;E0_1_2400m;5.00;186;186;11.77;26.38
7500.00;7800.00;1896.00;25.62;E0_0_2500m;5.00;158;159;10.30;25.67
7500.00;7800.00;2232.00;26.34;E0_1_2500m;5.00;186;186;11.77;26.39
7500.00;7800.00;1872.00;25.60;E0_0_2600m;5.00;156;156;10.16;25.64
7500.00;7800.00;2244.00;26.41;E0_1_2600m;5.00;187;187;11.80;26.46
7500.00;7800.00;1860.00;25.59;E0_0_2700m;5.00;155;156;10.15;25.64
7500.00;7800.00;2208.00;26.45;E0_1_2700m;5.00;184;184;11.59;26.51
7500.00;7800.00;1824.00;25.57;E0_0_2800m;5.00;152;153;9.97;25.62
7500.00;7800.00;2196.00;26.44;E0_1_2800m;5.00;183;184;11.56;26.51
7500.00;7800.00;1836.00;25.53;E0_0_2900m;5.00;153;153;9.99;25.59
7500.00;7800.00;2196.00;26.36;E0_1_2900m;5.00;183;183;11.57;26.44
7500.00;7800.00;1812.00;25.45;E0_0_3000m;5.00;151;151;9.89;25.51
7500.00;7800.00;2256.00;26.20;E0_1_3000m;5.00;188;187;11.93;26.29
7500.00;7800.00;1848.00;25.19;E0_0_3100m;5.00;154;154;10.19;25.25
7500.00;7800.00;2256.00;25.98;E0_1_3100m;5.00;188;188;12.06;26.09
7500.00;7800.00;1872.00;24.89;E0_0_3200m;5.00;156;156;10.44;24.95
7500.00;7800.00;2256.00;25.65;E0_1_3200m;5.00;188;189;12.22;25.77
7500.00;7800.00;1860.00;24.68;E0_0_3300m;5.00;155;155;10.47;24.75
7500.00;7800.00;2268.00;25.37;E0_1_3300m;5.00;189;190;12.45;25.49
7500.00;7800.00;1872.00;24.51;E0_0_3400m;5.00;156;156;10.61;24.58
7500.00;7800.00;2292.00;25.14;E0_1_3400m;5.00;191;190;12.64;25.26
7500.00;7800.00;1872.00;24.50;E0_0_3500m;5.00;156;156;10.61;24.57
7500.00;7800.00;2292.00;24.98;E0_1_3500m;5.00;191;191;12.74;25.12
7500.00;7800.00;1908.00;24.41;E0_0_3600m;5.00;159;159;10.86;24.49
7500.00;7800.00;2328.00;24.90;E0_1_3600m;5.00;194;194;12.99;25.05
7500.00;7800.00;1932.00;24.35;E0_0_3700m;5.00;161;161;11.02;24.44
7500.00;7800.00;2376.00;24.85;E0_1_3700m;5.00;198;198;13.28;25.02
7500.00;7800.00;1920.00;24.31;E0_0_3800m;5.00;160;160;10.97;24.40
7500.00;7800.00;2400.00;24.79;E0_1_3800m;5.00;200;200;13.45;24.97
7500.00;7800.00;1968.00;24.24;E0_0_3900m;5.00;164;163;11.26;24.34
7500.00;7800.00;2400.00;24.68;E0_1_3900m;5.00;200;200;13.51;24.86
7500.00;7800.00;1968.00;24.14;E0_0_4000m;5.00;164;164;11.32;24.24
7500.00;7800.00;2436.00;24.56;E0_1_4000m;5.00;203;202;13.71;24.74
7500.00;7800.00;1992.00;24.07;E0_0_4100m;5.00;166;166;11.49;24.17
7500.00;7800.00;2436.00;24.54;E0_1_4100m;5.00;203;203;13.79;24.72
7500.00;7800.00;2004.00;24.01;E0_0_4200m;5.00;167;167;11.59;24.11
7500.00;7800.00;2436.00;24.54;E0_1_4200m;5.00;203;203;13.79;24.72
7500.00;7800.00;2028.00;23.98;E0_0_4300m;5.00;169;169;11.75;24.07
7500.00;7800.00;2436.00;24.60;E0_1_4300m;5.00;203;203;13.76;24.78
7500.00;7800.00;2028.00;23.97;E0_0_4400m;5.00;169;169;11.75;24.06
7500.00;7800.00;2448.00;24.67;E0_1_4400m;5.00;204;203;13.74;24.87
7500.00;7800.00;2016.00;23.97;E0_0_4500m;5.00;168;169;11.68;24.08
7500.00;7800.00;2460.00;24.80;E0_1_4500m;5.00;205;205;13.78;25.01
7500.00;7800.00;2040.00;23.97;E0_0_4600m;5.00;170;170;11.76;24.07
7500.00;7800.00;2448.00;24.91;E0_1_4600m;5.00;204;204;13.65;25.14
7500.00;7800.00;2076.00;23.77;E0_0_4700m;5.00;173;172;12.12;23.88
7500.00;7800.00;2424.00;25.00;E0_1_4700m;5.00;202;202;13.47;25.26
7500.00;7800.00;2076.00;23.75;E0_0_4800m;5.00;173;173;12.14;23.85
7500.00;7800.00;2436.00;24.91;E0_1_4800m;5.00;203;202;13.57;25.18
7500.00;7800.00;2076.00;23.81;E0_0_4900m;5.00;173;173;12.11;23.91
7500.00;7800.00;2460.00;24.92;E0_1_4900m;5.00;205;205;13.71;25.20
7500.00;7800.00;2088.00;24.02;E0_0_5000m;5.00;174;173;12.02;24.13
7500.00;7800.00;2448.00;24.96;E0_1_5000m;5.00;204;204;13.62;25.25
