interval_begin;interval_end;interval_flow;interval_harmonicMeanSpeed;interval_id;interval_length;interval_nVehContrib;interval_nVehEntered;interval_occupancy;interval_speed
0.00;300.00;0.00;-1.00;E0_0_0m;-1.00;0;0;0.00;-1.00
0.00;300.00;0.00;-1.00;E0_1_0m;-1.00;0;0;0.00;-1.00
0.00;300.00;1872.00;26.14;E0_0_100m;5.00;156;156;9.95;26.25
0.00;300.00;2088.00;27.37;E0_1_100m;5.00;174;175;10.62;27.62
0.00;300.00;1896.00;26.04;E0_0_200m;5.00;158;158;10.11;26.15
0.00;300.00;2040.00;27.77;E0_1_200m;5.00;170;170;10.20;28.06
0.00;300.00;1836.00;26.08;E0_0_300m;5.00;153;153;9.78;26.19
0.00;300.00;2064.00;27.83;E0_1_300m;5.00;172;172;10.30;28.12
0.00;300.00;1800.00;25.84;E0_0_400m;5.00;150;150;9.67;25.96
0.00;300.00;2040.00;27.53;E0_1_400m;5.00;170;171;10.30;27.81
0.00;300.00;1764.00;25.70;E0_0_500m;5.00;147;147;9.53;25.84
0.00;300.00;2004.00;27.14;E0_1_500m;5.00;167;167;10.25;27.40
0.00;300.00;1740.00;25.53;E0_0_600m;5.00;145;145;9.46;25.71
0.00;300.00;1980.00;26.86;E0_1_600m;5.00;165;165;10.24;27.11
0.00;300.00;1704.00;25.33;E0_0_700m;5.00;142;143;9.40;25.50
0.00;300.00;1968.00;26.56;E0_1_700m;5.00;164;164;10.29;26.82
0.00;300.00;1668.00;25.18;E0_0_800m;5.00;139;139;9.20;25.34
0.00;300.00;1980.00;26.38;E0_1_800m;5.00;165;165;10.42;26.63
0.00;300.00;1608.00;25.02;E0_0_900m;5.00;134;134;8.93;25.18
0.00;300.00;1980.00;26.25;E0_1_900m;5.00;165;165;10.48;26.50
0.00;300.00;1596.00;24.81;E0_0_1000m;5.00;133;134;8.98;24.97
0.00;300.00;1944.00;26.03;E0_1_1000m;5.00;162;163;10.39;26.27
0.00;300.00;1560.00;24.62;E0_0_1100m;5.00;130;130;8.80;24.81
0.00;300.00;1908.00;25.73;E0_1_1100m;5.00;159;159;10.30;25.98
0.00;300.00;1512.00;24.49;E0_0_1200m;5.00;126;127;8.62;24.68
0.00;300.00;1884.00;25.41;E0_1_1200m;5.00;157;157;10.30;25.68
0.00;300.00;1488.00;24.28;E0_0_1300m;5.00;124;124;8.51;24.47
0.00;300.00;1848.00;25.19;E0_1_1300m;5.00;154;154;10.19;25.46
0.00;300.00;1488.00;24.05;E0_0_1400m;5.00;124;124;8.59;24.25
0.00;300.00;1800.00;25.03;E0_1_1400m;5.00;150;150;9.99;25.32
0.00;300.00;1488.00;24.01;E0_0_1500m;5.00;124;124;8.61;24.22
0.00;300.00;1752.00;24.92;E0_1_1500m;5.00;146;146;9.77;25.22
0.00;300.00;1476.00;24.01;E0_0_1600m;5.00;123;123;8.54;24.21
0.00;300.00;1704.00;24.89;E0_1_1600m;5.00;142;142;9.51;25.21
0.00;300.00;1476.00;24.03;E0_0_1700m;5.00;123;124;8.55;24.22
0.00;300.00;1704.00;24.69;E0_1_1700m;5.00;142;142;9.58;25.02
0.00;300.00;1476.00;23.98;E0_0_1800m;5.00;123;123;8.55;24.17
0.00;300.00;1704.00;24.68;E0_1_1800m;5.00;142;142;9.59;24.98
0.00;300.00;1452.00;23.95;E0_0_1900m;5.00;121;121;8.42;24.13
0.00;300.00;1728.00;24.62;E0_1_1900m;5.00;144;144;9.75;24.93
0.00;300.00;1452.00;23.90;E0_0_2000m;5.00;121;121;8.44;24.08
0.00;300.00;1728.00;24.59;E0_1_2000m;5.00;144;144;9.76;24.89
0.00;300.00;1452.00;23.92;E0_0_2100m;5.00;121;121;8.43;24.13
0.00;300.00;1692.00;24.43;E0_1_2100m;5.00;141;141;9.62;24.71
0.00;300.00;1404.00;23.81;E0_0_2200m;5.00;117;117;8.19;24.00
0.00;300.00;1680.00;24.25;E0_1_2200m;5.00;140;140;9.62;24.47
0.00;300.00;1428.00;23.84;E0_0_2300m;5.00;119;119;8.32;24.03
0.00;300.00;1632.00;24.03;E0_1_2300m;5.00;136;136;9.43;24.21
0.00;300.00;1392.00;23.78;E0_0_2400m;5.00;116;116;8.13;23.98
0.00;300.00;1596.00;23.93;E0_1_2400m;5.00;133;133;9.26;24.11
0.00;300.00;1392.00;23.78;E0_0_2500m;5.00;116;116;8.13;23.97
0.00;300.00;1560.00;23.89;E0_1_2500m;5.00;130;130;9.07;24.08
0.00;300.00;1368.00;23.75;E0_0_2600m;5.00;114;114;8.00;23.94
0.00;300.00;1524.00;23.91;E0_1_2600m;5.00;127;127;8.85;24.09
0.00;300.00;1344.00;23.75;E0_0_2700m;5.00;112;112;7.86;23.94
0.00;300.00;1488.00;23.89;E0_1_2700m;5.00;124;124;8.65;24.08
0.00;300.00;1308.00;23.73;E0_0_2800m;5.00;109;109;7.66;23.92
0.00;300.00;1452.00;23.82;E0_1_2800m;5.00;121;121;8.47;23.99
0.00;300.00;1284.00;23.73;E0_0_2900m;5.00;107;107;7.52;23.92
0.00;300.00;1416.00;23.82;E0_1_2900m;5.00;118;118;8.26;24.00
0.00;300.00;1248.00;23.72;E0_0_3000m;5.00;104;104;7.31;23.91
0.00;300.00;1392.00;23.89;E0_1_3000m;5.00;116;116;8.09;24.09
0.00;300.00;1236.00;23.77;E0_0_3100m;5.00;103;103;7.22;23.98
0.00;300.00;1344.00;23.90;E0_1_3100m;5.00;112;112;7.81;24.11
0.00;300.00;1200.00;23.78;E0_0_3200m;5.00;100;100;7.01;23.99
0.00;300.00;1296.00;23.91;E0_1_3200m;5.00;108;109;7.53;24.13
0.00;300.00;1164.00;23.79;E0_0_3300m;5.00;97;97;6.80;24.01
0.00;300.00;1260.00;23.93;E0_1_3300m;5.00;105;105;7.31;24.16
0.00;300.00;1140.00;23.82;E0_0_3400m;5.00;95;95;6.65;24.06
0.00;300.00;1224.00;23.95;E0_1_3400m;5.00;102;102;7.10;24.19
0.00;300.00;1104.00;23.84;E0_0_3500m;5.00;92;92;6.43;24.08
0.00;300.00;1188.00;23.99;E0_1_3500m;5.00;99;99;6.88;24.24
0.00;300.00;1068.00;23.85;E0_0_3600m;5.00;89;90;6.26;24.10
0.00;300.00;1152.00;24.01;E0_1_3600m;5.00;96;96;6.66;24.27
0.00;300.00;1032.00;23.85;E0_0_3700m;5.00;86;87;6.02;24.10
0.00;300.00;1116.00;23.99;E0_1_3700m;5.00;93;93;6.46;24.23
0.00;300.00;1008.00;23.86;E0_0_3800m;5.00;84;84;5.87;24.12
0.00;300.00;1080.00;24.04;E0_1_3800m;5.00;90;90;6.24;24.31
0.00;300.00;984.00;23.92;E0_0_3900m;5.00;82;82;5.71;24.19
0.00;300.00;1032.00;24.10;E0_1_3900m;5.00;86;86;5.95;24.42
0.00;300.00;960.00;23.93;E0_0_4000m;5.00;80;80;5.57;24.20
0.00;300.00;996.00;24.13;E0_1_4000m;5.00;83;83;5.73;24.46
0.00;300.00;936.00;23.93;E0_0_4100m;5.00;78;78;5.43;24.21
0.00;300.00;960.00;24.16;E0_1_4100m;5.00;80;80;5.52;24.51
0.00;300.00;924.00;23.94;E0_0_4200m;5.00;77;77;5.36;24.22
0.00;300.00;936.00;24.18;E0_1_4200m;5.00;78;78;5.38;24.54
0.00;300.00;912.00;23.94;E0_0_4300m;5.00;76;77;5.36;24.23
0.00;300.00;924.00;24.20;E0_1_4300m;5.00;77;77;5.30;24.55
0.00;300.00;888.00;24.07;E0_0_4400m;5.00;74;75;5.15;24.39
0.00;300.00;876.00;24.15;E0_1_4400m;5.00;73;73;5.04;24.50
0.00;300.00;852.00;24.10;E0_0_4500m;5.00;71;72;4.98;24.43
0.00;300.00;840.00;24.19;E0_1_4500m;5.00;70;70;4.82;24.55
0.00;300.00;816.00;24.13;E0_0_4600m;5.00;68;69;4.73;24.47
0.00;300.00;804.00;24.24;E0_1_4600m;5.00;67;67;4.61;24.61
0.00;300.00;780.00;24.17;E0_0_4700m;5.00;65;66;4.49;24.52
0.00;300.00;768.00;24.28;E0_1_4700m;5.00;64;64;4.39;24.66
0.00;300.00;744.00;24.16;E0_0_4800m;5.00;62;62;4.28;24.53
0.00;300.00;744.00;24.41;E0_1_4800m;5.00;62;62;4.23;24.80
0.00;300.00;696.00;24.09;E0_0_4900m;5.00;58;59;4.08;24.57
0.00;300.00;708.00;24.40;E0_1_4900m;5.00;59;59;4.03;24.76
0.00;300.00;672.00;23.99;E0_0_5000m;5.00;56;56;3.89;24.59
0.00;300.00;660.00;24.41;E0_1_5000m;5.00;55;55;3.76;24.80
300.00;600.00;0.00;-1.00;E0_0_0m;-1.00;0;0;0.00;-1.00
300.00;600.00;0.00;-1.00;E0_1_0m;-1.00;0;0;0.00;-1.00
300.00;600.00;1920.00;25.76;E0_0_100m;5.00;160;160;10.35;25.89
300.00;600.00;2316.00;27.01;E0_1_100m;5.00;193;192;11.88;27.12
300.00;600.00;1884.00;25.61;E0_0_200m;5.00;157;157;10.22;25.75
300.00;600.00;2316.00;27.08;E0_1_200m;5.00;193;193;11.88;27.22
300.00;600.00;1860.00;25.53;E0_0_300m;5.00;155;155;10.12;25.66
300.00;600.00;2316.00;26.79;E0_1_300m;5.00;193;193;12.01;26.91
300.00;600.00;1872.00;25.49;E0_0_400m;5.00;156;156;10.20;25.62
300.00;600.00;2316.00;26.59;E0_1_400m;5.00;193;193;12.10;26.69
300.00;600.00;1884.00;25.45;E0_0_500m;5.00;157;157;10.28;25.58
300.00;600.00;2316.00;26.57;E0_1_500m;5.00;193;194;12.11;26.68
300.00;600.00;1896.00;25.47;E0_0_600m;5.00;158;158;10.34;25.55
300.00;600.00;2292.00;26.48;E0_1_600m;5.00;191;191;12.02;26.61
300.00;600.00;1908.00;25.40;E0_0_700m;5.00;159;158;10.38;25.48
300.00;600.00;2280.00;26.39;E0_1_700m;5.00;190;191;12.06;26.53
300.00;600.00;1872.00;25.10;E0_0_800m;5.00;156;156;10.36;25.19
300.00;600.00;2292.00;26.30;E0_1_800m;5.00;191;191;12.10;26.41
300.00;600.00;1872.00;24.97;E0_0_900m;5.00;156;156;10.41;25.07
300.00;600.00;2280.00;26.22;E0_1_900m;5.00;190;190;12.08;26.33
300.00;600.00;1836.00;25.06;E0_0_1000m;5.00;153;153;10.18;25.13
300.00;600.00;2280.00;26.22;E0_1_1000m;5.00;190;190;12.08;26.33
300.00;600.00;1836.00;25.07;E0_0_1100m;5.00;153;153;10.17;25.14
300.00;600.00;2280.00;26.29;E0_1_1100m;5.00;190;190;12.04;26.41
300.00;600.00;1872.00;25.05;E0_0_1200m;5.00;156;156;10.38;25.12
300.00;600.00;2256.00;26.37;E0_1_1200m;5.00;188;189;11.95;26.48
300.00;600.00;1884.00;24.92;E0_0_1300m;5.00;157;157;10.50;24.98
300.00;600.00;2232.00;26.47;E0_1_1300m;5.00;186;186;11.71;26.60
300.00;600.00;1884.00;24.83;E0_0_1400m;5.00;157;157;10.54;24.89
300.00;600.00;2208.00;26.42;E0_1_1400m;5.00;184;184;11.61;26.56
300.00;600.00;1872.00;24.83;E0_0_1500m;5.00;156;156;10.47;24.89
300.00;600.00;2196.00;26.36;E0_1_1500m;5.00;183;183;11.57;26.51
300.00;600.00;1860.00;24.87;E0_0_1600m;5.00;155;155;10.39;24.93
300.00;600.00;2244.00;26.29;E0_1_1600m;5.00;187;187;11.85;26.44
300.00;600.00;1836.00;24.89;E0_0_1700m;5.00;153;153;10.24;24.94
300.00;600.00;2196.00;26.31;E0_1_1700m;5.00;183;183;11.59;26.46
300.00;600.00;1776.00;24.86;E0_0_1800m;5.00;148;148;9.92;24.91
300.00;600.00;2184.00;26.27;E0_1_1800m;5.00;182;182;11.55;26.41
300.00;600.00;1776.00;24.90;E0_0_1900m;5.00;148;148;9.91;24.96
300.00;600.00;2184.00;26.25;E0_1_1900m;5.00;182;182;11.56;26.40
300.00;600.00;1752.00;24.84;E0_0_2000m;5.00;146;146;9.80;24.89
300.00;600.00;2208.00;26.24;E0_1_2000m;5.00;184;184;11.69;26.39
300.00;600.00;1740.00;24.74;E0_0_2100m;5.00;145;146;9.80;24.79
300.00;600.00;2184.00;26.18;E0_1_2100m;5.00;182;182;11.59;26.32
300.00;600.00;1764.00;24.78;E0_0_2200m;5.00;147;147;9.89;24.83
300.00;600.00;2172.00;26.13;E0_1_2200m;5.00;181;181;11.55;26.27
300.00;600.00;1728.00;24.80;E0_0_2300m;5.00;144;144;9.68;24.86
300.00;600.00;2160.00;25.97;E0_1_2300m;5.00;180;180;11.55;26.10
300.00;600.00;1752.00;24.84;E0_0_2400m;5.00;146;146;9.80;24.90
300.00;600.00;2184.00;25.88;E0_1_2400m;5.00;182;182;11.72;26.02
300.00;600.00;1740.00;24.96;E0_0_2500m;5.00;145;145;9.68;25.03
300.00;600.00;2184.00;25.76;E0_1_2500m;5.00;182;182;11.77;25.88
300.00;600.00;1752.00;24.84;E0_0_2600m;5.00;146;146;9.80;24.89
300.00;600.00;2196.00;25.64;E0_1_2600m;5.00;183;183;11.90;25.73
300.00;600.00;1788.00;24.55;E0_0_2700m;5.00;149;150;10.12;24.59
300.00;600.00;2160.00;25.44;E0_1_2700m;5.00;180;180;11.79;25.52
300.00;600.00;1788.00;24.38;E0_0_2800m;5.00;149;149;10.18;24.43
300.00;600.00;2184.00;25.26;E0_1_2800m;5.00;182;182;12.01;25.33
300.00;600.00;1776.00;24.36;E0_0_2900m;5.00;148;148;10.13;24.39
300.00;600.00;2196.00;25.09;E0_1_2900m;5.00;183;183;12.16;25.16
300.00;600.00;1788.00;24.39;E0_0_3000m;5.00;149;149;10.18;24.42
300.00;600.00;2184.00;24.98;E0_1_3000m;5.00;182;183;12.15;25.05
300.00;600.00;1788.00;24.35;E0_0_3100m;5.00;149;149;10.20;24.38
300.00;600.00;2184.00;24.91;E0_1_3100m;5.00;182;183;12.24;24.99
300.00;600.00;1800.00;24.29;E0_0_3200m;5.00;150;150;10.29;24.32
300.00;600.00;2208.00;24.86;E0_1_3200m;5.00;184;183;12.33;24.94
300.00;600.00;1800.00;24.21;E0_0_3300m;5.00;150;150;10.33;24.25
300.00;600.00;2208.00;24.83;E0_1_3300m;5.00;184;184;12.35;24.90
300.00;600.00;1788.00;24.15;E0_0_3400m;5.00;149;149;10.28;24.19
300.00;600.00;2196.00;24.82;E0_1_3400m;5.00;183;184;12.31;24.90
300.00;600.00;1764.00;24.17;E0_0_3500m;5.00;147;148;10.18;24.22
300.00;600.00;2208.00;24.88;E0_1_3500m;5.00;184;184;12.32;24.97
300.00;600.00;1764.00;24.24;E0_0_3600m;5.00;147;147;10.10;24.28
300.00;600.00;2208.00;24.89;E0_1_3600m;5.00;184;184;12.32;24.98
300.00;600.00;1776.00;24.23;E0_0_3700m;5.00;148;147;10.17;24.27
300.00;600.00;2208.00;24.85;E0_1_3700m;5.00;184;184;12.34;24.94
300.00;600.00;1776.00;24.19;E0_0_3800m;5.00;148;148;10.20;24.22
300.00;600.00;2208.00;24.87;E0_1_3800m;5.00;184;184;12.33;24.95
300.00;600.00;1788.00;24.12;E0_0_3900m;5.00;149;149;10.29;24.16
300.00;600.00;2208.00;24.90;E0_1_3900m;5.00;184;184;12.31;24.99
300.00;600.00;1788.00;24.06;E0_0_4000m;5.00;149;149;10.32;24.10
300.00;600.00;2196.00;24.86;E0_1_4000m;5.00;183;183;12.27;24.95
300.00;600.00;1764.00;23.98;E0_0_4100m;5.00;147;147;10.22;24.02
300.00;600.00;2208.00;24.75;E0_1_4100m;5.00;184;184;12.39;24.83
300.00;600.00;1752.00;23.94;E0_0_4200m;5.00;146;146;10.16;23.98
300.00;600.00;2196.00;24.62;E0_1_4200m;5.00;183;183;12.39;24.69
300.00;600.00;1740.00;23.92;E0_0_4300m;5.00;145;144;10.04;23.96
300.00;600.00;2160.00;24.52;E0_1_4300m;5.00;180;180;12.23;24.58
300.00;600.00;1752.00;23.98;E0_0_4400m;5.00;146;145;10.12;24.01
300.00;600.00;2160.00;24.47;E0_1_4400m;5.00;180;180;12.26;24.53
300.00;600.00;1764.00;23.91;E0_0_4500m;5.00;147;146;10.18;23.94
300.00;600.00;2160.00;24.44;E0_1_4500m;5.00;180;180;12.27;24.51
300.00;600.00;1776.00;23.86;E0_0_4600m;5.00;148;147;10.30;23.89
300.00;600.00;2160.00;24.44;E0_1_4600m;5.00;180;180;12.27;24.51
300.00;600.00;1776.00;23.86;E0_0_4700m;5.00;148;147;10.33;23.89
300.00;600.00;2172.00;24.49;E0_1_4700m;5.00;181;181;12.32;24.57
300.00;600.00;1776.00;23.80;E0_0_4800m;5.00;148;148;10.36;23.83
300.00;600.00;2172.00;24.56;E0_1_4800m;5.00;181;181;12.28;24.64
300.00;600.00;1800.00;23.72;E0_0_4900m;5.00;150;149;10.47;23.75
300.00;600.00;2160.00;24.66;E0_1_4900m;5.00;180;180;12.17;24.76
300.00;600.00;1812.00;23.67;E0_0_5000m;5.00;151;151;10.63;23.70
300.00;600.00;2148.00;24.77;E0_1_5000m;5.00;179;179;12.05;24.88
600.00;900.00;0.00;-1.00;E0_0_0m;-1.00;0;0;0.00;-1.00
600.00;900.00;0.00;-1.00;E0_1_0m;-1.00;0;0;0.00;-1.00
600.00;900.00;2028.00;25.23;E0_0_100m;5.00;169;169;11.17;25.35
600.00;900.00;2340.00;26.49;E0_1_100m;5.00;195;195;12.27;26.62
600.00;900.00;2004.00;25.15;E0_0_200m;5.00;167;168;11.07;25.30
600.00;900.00;2364.00;26.67;E0_1_200m;5.00;197;197;12.31;26.85
600.00;900.00;2004.00;25.07;E0_0_300m;5.00;167;168;11.12;25.22
600.00;900.00;2364.00;26.73;E0_1_300m;5.00;197;197;12.28;26.93
600.00;900.00;2004.00;24.96;E0_0_400m;5.00;167;168;11.18;25.09
600.00;900.00;2340.00;26.71;E0_1_400m;5.00;195;195;12.17;26.91
600.00;900.00;1992.00;24.69;E0_0_500m;5.00;166;167;11.23;24.84
600.00;900.00;2340.00;26.50;E0_1_500m;5.00;195;196;12.27;26.66
600.00;900.00;1980.00;24.50;E0_0_600m;5.00;165;165;11.22;24.67
600.00;900.00;2364.00;26.40;E0_1_600m;5.00;197;197;12.44;26.55
600.00;900.00;1944.00;24.31;E0_0_700m;5.00;162;163;11.12;24.48
600.00;900.00;2364.00;26.29;E0_1_700m;5.00;197;196;12.42;26.43
600.00;900.00;1932.00;24.17;E0_0_800m;5.00;161;161;11.10;24.34
600.00;900.00;2352.00;26.21;E0_1_800m;5.00;196;196;12.46;26.34
600.00;900.00;1920.00;24.11;E0_0_900m;5.00;160;160;11.06;24.28
600.00;900.00;2364.00;26.17;E0_1_900m;5.00;197;197;12.55;26.30
600.00;900.00;1920.00;23.93;E0_0_1000m;5.00;160;160;11.14;24.11
600.00;900.00;2376.00;26.10;E0_1_1000m;5.00;198;198;12.64;26.24
600.00;900.00;1908.00;23.91;E0_0_1100m;5.00;159;159;11.08;24.09
600.00;900.00;2388.00;25.92;E0_1_1100m;5.00;199;199;12.80;26.05
600.00;900.00;1920.00;23.86;E0_0_1200m;5.00;160;160;11.18;24.01
600.00;900.00;2388.00;25.73;E0_1_1200m;5.00;199;199;12.85;25.85
600.00;900.00;1956.00;23.82;E0_0_1300m;5.00;163;163;11.41;23.96
600.00;900.00;2364.00;25.56;E0_1_1300m;5.00;197;197;12.85;25.67
600.00;900.00;1944.00;23.74;E0_0_1400m;5.00;162;162;11.37;23.90
600.00;900.00;2376.00;25.43;E0_1_1400m;5.00;198;198;12.98;25.53
600.00;900.00;1944.00;23.62;E0_0_1500m;5.00;162;162;11.43;23.76
600.00;900.00;2376.00;25.36;E0_1_1500m;5.00;198;199;13.03;25.45
600.00;900.00;1944.00;23.50;E0_0_1600m;5.00;162;162;11.49;23.63
600.00;900.00;2376.00;25.27;E0_1_1600m;5.00;198;198;13.06;25.36
600.00;900.00;1968.00;23.48;E0_0_1700m;5.00;164;165;11.70;23.60
600.00;900.00;2388.00;25.14;E0_1_1700m;5.00;199;199;13.19;25.20
600.00;900.00;1968.00;23.44;E0_0_1800m;5.00;164;164;11.66;23.55
600.00;900.00;2388.00;24.97;E0_1_1800m;5.00;199;199;13.28;25.01
600.00;900.00;1932.00;23.40;E0_0_1900m;5.00;161;161;11.47;23.50
600.00;900.00;2352.00;24.86;E0_1_1900m;5.00;196;196;13.14;24.89
600.00;900.00;1896.00;23.41;E0_0_2000m;5.00;158;158;11.25;23.52
600.00;900.00;2316.00;24.75;E0_1_2000m;5.00;193;193;13.00;24.77
600.00;900.00;1896.00;23.49;E0_0_2100m;5.00;158;157;11.18;23.62
600.00;900.00;2316.00;24.73;E0_1_2100m;5.00;193;193;13.01;24.76
600.00;900.00;1872.00;23.51;E0_0_2200m;5.00;156;156;11.06;23.63
600.00;900.00;2316.00;24.76;E0_1_2200m;5.00;193;193;12.99;24.79
600.00;900.00;1896.00;23.57;E0_0_2300m;5.00;158;158;11.17;23.68
600.00;900.00;2316.00;24.94;E0_1_2300m;5.00;193;193;12.90;24.98
600.00;900.00;1872.00;23.62;E0_0_2400m;5.00;156;156;11.01;23.75
600.00;900.00;2304.00;25.11;E0_1_2400m;5.00;192;192;12.74;25.16
600.00;900.00;1848.00;23.77;E0_0_2500m;5.00;154;154;10.80;23.91
600.00;900.00;2316.00;25.33;E0_1_2500m;5.00;193;193;12.70;25.38
600.00;900.00;1848.00;23.79;E0_0_2600m;5.00;154;154;10.79;23.94
600.00;900.00;2280.00;25.47;E0_1_2600m;5.00;190;191;12.46;25.52
600.00;900.00;1848.00;23.79;E0_0_2700m;5.00;154;153;10.78;23.94
600.00;900.00;2268.00;25.43;E0_1_2700m;5.00;189;190;12.43;25.48
600.00;900.00;1812.00;23.71;E0_0_2800m;5.00;151;151;10.62;23.85
600.00;900.00;2280.00;25.31;E0_1_2800m;5.00;190;191;12.57;25.36
600.00;900.00;1812.00;23.61;E0_0_2900m;5.00;151;151;10.66;23.75
600.00;900.00;2268.00;25.30;E0_1_2900m;5.00;189;189;12.45;25.38
600.00;900.00;1812.00;23.64;E0_0_3000m;5.00;151;151;10.65;23.79
600.00;900.00;2256.00;25.28;E0_1_3000m;5.00;188;188;12.39;25.37
600.00;900.00;1812.00;23.64;E0_0_3100m;5.00;151;152;10.66;23.78
600.00;900.00;2244.00;25.19;E0_1_3100m;5.00;187;187;12.32;25.26
600.00;900.00;1812.00;23.63;E0_0_3200m;5.00;151;151;10.65;23.76
600.00;900.00;2232.00;25.09;E0_1_3200m;5.00;186;187;12.38;25.15
600.00;900.00;1812.00;23.58;E0_0_3300m;5.00;151;151;10.67;23.71
600.00;900.00;2232.00;25.05;E0_1_3300m;5.00;186;187;12.42;25.10
600.00;900.00;1800.00;23.35;E0_0_3400m;5.00;150;150;10.71;23.47
600.00;900.00;2256.00;24.97;E0_1_3400m;5.00;188;187;12.53;25.01
600.00;900.00;1824.00;23.38;E0_0_3500m;5.00;152;151;10.79;23.50
600.00;900.00;2268.00;24.90;E0_1_3500m;5.00;189;189;12.65;24.95
600.00;900.00;1884.00;23.49;E0_0_3600m;5.00;157;156;11.10;23.61
600.00;900.00;2280.00;24.90;E0_1_3600m;5.00;190;190;12.72;24.95
600.00;900.00;1884.00;23.50;E0_0_3700m;5.00;157;157;11.13;23.61
600.00;900.00;2328.00;24.84;E0_1_3700m;5.00;194;194;13.02;24.89
600.00;900.00;1932.00;23.57;E0_0_3800m;5.00;161;161;11.38;23.67
600.00;900.00;2340.00;24.86;E0_1_3800m;5.00;195;195;13.07;24.92
600.00;900.00;1920.00;23.60;E0_0_3900m;5.00;160;160;11.30;23.69
600.00;900.00;2364.00;24.81;E0_1_3900m;5.00;197;197;13.23;24.88
600.00;900.00;1944.00;23.59;E0_0_4000m;5.00;162;162;11.44;23.69
600.00;900.00;2352.00;24.83;E0_1_4000m;5.00;196;196;13.16;24.90
600.00;900.00;1932.00;23.56;E0_0_4100m;5.00;161;161;11.39;23.66
600.00;900.00;2364.00;24.80;E0_1_4100m;5.00;197;197;13.24;24.87
600.00;900.00;1932.00;23.56;E0_0_4200m;5.00;161;161;11.39;23.65
600.00;900.00;2364.00;24.78;E0_1_4200m;5.00;197;197;13.25;24.85
600.00;900.00;1932.00;23.69;E0_0_4300m;5.00;161;161;11.33;23.78
600.00;900.00;2376.00;24.77;E0_1_4300m;5.00;198;198;13.32;24.83
600.00;900.00;1956.00;23.65;E0_0_4400m;5.00;163;163;11.49;23.73
600.00;900.00;2364.00;24.76;E0_1_4400m;5.00;197;197;13.26;24.82
600.00;900.00;1956.00;23.62;E0_0_4500m;5.00;163;163;11.50;23.70
600.00;900.00;2364.00;24.62;E0_1_4500m;5.00;197;197;13.34;24.66
600.00;900.00;1932.00;23.63;E0_0_4600m;5.00;161;161;11.36;23.70
600.00;900.00;2376.00;24.52;E0_1_4600m;5.00;198;198;13.46;24.55
600.00;900.00;1932.00;23.61;E0_0_4700m;5.00;161;161;11.36;23.69
600.00;900.00;2376.00;24.51;E0_1_4700m;5.00;198;198;13.46;24.54
600.00;900.00;1932.00;23.60;E0_0_4800m;5.00;161;161;11.37;23.67
600.00;900.00;2364.00;24.45;E0_1_4800m;5.00;197;197;13.43;24.48
600.00;900.00;1920.00;23.52;E0_0_4900m;5.00;160;161;11.34;23.59
600.00;900.00;2376.00;24.39;E0_1_4900m;5.00;198;198;13.53;24.40
600.00;900.00;1932.00;23.31;E0_0_5000m;5.00;161;161;11.51;23.40
600.00;900.00;2376.00;24.41;E0_1_5000m;5.00;198;198;13.52;24.43
900.00;1200.00;0.00;-1.00;E0_0_0m;-1.00;0;0;0.00;-1.00
900.00;1200.00;0.00;-1.00;E0_1_0m;-1.00;0;0;0.00;-1.00
900.00;1200.00;1896.00;26.84;E0_0_100m;5.00;158;159;9.82;26.97
900.00;1200.00;1980.00;28.33;E0_1_100m;5.00;165;165;9.71;28.49
900.00;1200.00;1860.00;26.90;E0_0_200m;5.00;155;154;9.60;27.06
900.00;1200.00;2016.00;28.60;E0_1_200m;5.00;168;168;9.79;28.79
900.00;1200.00;1908.00;26.78;E0_0_300m;5.00;159;158;9.88;26.95
900.00;1200.00;1992.00;28.42;E0_1_300m;5.00;166;166;9.74;28.60
900.00;1200.00;1908.00;26.63;E0_0_400m;5.00;159;158;9.92;26.80
900.00;1200.00;2040.00;28.25;E0_1_400m;5.00;170;170;10.03;28.43
900.00;1200.00;1884.00;26.37;E0_0_500m;5.00;157;157;9.92;26.55
900.00;1200.00;2064.00;27.97;E0_1_500m;5.00;172;171;10.24;28.15
900.00;1200.00;1872.00;26.17;E0_0_600m;5.00;156;156;9.94;26.36
900.00;1200.00;2064.00;27.78;E0_1_600m;5.00;172;172;10.32;27.93
900.00;1200.00;1896.00;25.96;E0_0_700m;5.00;158;157;10.13;26.15
900.00;1200.00;2064.00;27.52;E0_1_700m;5.00;172;172;10.42;27.66
900.00;1200.00;1848.00;25.64;E0_0_800m;5.00;154;154;10.01;25.82
900.00;1200.00;2112.00;27.33;E0_1_800m;5.00;176;177;10.76;27.47
900.00;1200.00;1860.00;25.49;E0_0_900m;5.00;155;155;10.13;25.70
900.00;1200.00;2124.00;27.22;E0_1_900m;5.00;177;177;10.84;27.34
900.00;1200.00;1860.00;25.29;E0_0_1000m;5.00;155;155;10.22;25.50
900.00;1200.00;2136.00;27.09;E0_1_1000m;5.00;178;178;10.95;27.21
900.00;1200.00;1860.00;25.11;E0_0_1100m;5.00;155;155;10.29;25.34
900.00;1200.00;2136.00;26.93;E0_1_1100m;5.00;178;178;11.01;27.06
900.00;1200.00;1824.00;25.04;E0_0_1200m;5.00;152;152;10.12;25.27
900.00;1200.00;2148.00;26.83;E0_1_1200m;5.00;179;178;11.10;26.95
900.00;1200.00;1812.00;24.96;E0_0_1300m;5.00;151;151;10.08;25.19
900.00;1200.00;2160.00;26.82;E0_1_1300m;5.00;180;180;11.19;26.95
900.00;1200.00;1860.00;24.95;E0_0_1400m;5.00;155;155;10.35;25.22
900.00;1200.00;2160.00;26.80;E0_1_1400m;5.00;180;181;11.25;26.93
900.00;1200.00;1872.00;24.91;E0_0_1500m;5.00;156;156;10.44;25.12
900.00;1200.00;2184.00;26.76;E0_1_1500m;5.00;182;181;11.31;26.89
900.00;1200.00;1860.00;24.83;E0_0_1600m;5.00;155;156;10.45;25.05
900.00;1200.00;2148.00;26.87;E0_1_1600m;5.00;179;180;11.12;27.00
900.00;1200.00;1860.00;24.73;E0_0_1700m;5.00;155;154;10.39;24.94
900.00;1200.00;2136.00;26.92;E0_1_1700m;5.00;178;179;11.04;27.03
900.00;1200.00;1848.00;24.69;E0_0_1800m;5.00;154;155;10.43;24.89
900.00;1200.00;2148.00;26.78;E0_1_1800m;5.00;179;179;11.14;26.88
900.00;1200.00;1848.00;24.57;E0_0_1900m;5.00;154;155;10.45;24.75
900.00;1200.00;2148.00;26.51;E0_1_1900m;5.00;179;179;11.25;26.59
900.00;1200.00;1872.00;24.49;E0_0_2000m;5.00;156;156;10.61;24.66
900.00;1200.00;2136.00;26.26;E0_1_2000m;5.00;178;179;11.36;26.33
900.00;1200.00;1896.00;24.41;E0_0_2100m;5.00;158;158;10.79;24.58
900.00;1200.00;2148.00;26.13;E0_1_2100m;5.00;179;179;11.42;26.19
900.00;1200.00;1932.00;24.47;E0_0_2200m;5.00;161;161;10.97;24.63
900.00;1200.00;2184.00;26.01;E0_1_2200m;5.00;182;182;11.66;26.07
900.00;1200.00;1944.00;24.47;E0_0_2300m;5.00;162;162;11.03;24.63
900.00;1200.00;2220.00;25.94;E0_1_2300m;5.00;185;185;11.89;26.00
900.00;1200.00;1932.00;24.40;E0_0_2400m;5.00;161;161;11.00;24.55
900.00;1200.00;2244.00;25.87;E0_1_2400m;5.00;187;187;12.05;25.93
900.00;1200.00;1920.00;24.28;E0_0_2500m;5.00;160;160;10.98;24.43
900.00;1200.00;2256.00;25.78;E0_1_2500m;5.00;188;188;12.16;25.83
900.00;1200.00;1932.00;24.16;E0_0_2600m;5.00;161;161;11.10;24.31
900.00;1200.00;2280.00;25.75;E0_1_2600m;5.00;190;189;12.27;25.81
900.00;1200.00;1956.00;24.13;E0_0_2700m;5.00;163;163;11.26;24.26
900.00;1200.00;2280.00;25.75;E0_1_2700m;5.00;190;190;12.29;25.81
900.00;1200.00;1932.00;24.04;E0_0_2800m;5.00;161;161;11.16;24.16
900.00;1200.00;2316.00;25.82;E0_1_2800m;5.00;193;192;12.40;25.88
900.00;1200.00;1944.00;23.99;E0_0_2900m;5.00;162;162;11.25;24.11
900.00;1200.00;2304.00;25.85;E0_1_2900m;5.00;192;192;12.38;25.90
900.00;1200.00;1944.00;23.92;E0_0_3000m;5.00;162;162;11.29;24.04
900.00;1200.00;2316.00;25.81;E0_1_3000m;5.00;193;192;12.46;25.86
900.00;1200.00;1980.00;23.95;E0_0_3100m;5.00;165;164;11.46;24.07
900.00;1200.00;2304.00;25.84;E0_1_3100m;5.00;192;191;12.37;25.91
900.00;1200.00;1968.00;23.96;E0_0_3200m;5.00;164;165;11.43;24.07
900.00;1200.00;2328.00;25.78;E0_1_3200m;5.00;194;193;12.51;25.85
900.00;1200.00;1956.00;24.01;E0_0_3300m;5.00;163;163;11.31;24.14
900.00;1200.00;2352.00;25.82;E0_1_3300m;5.00;196;195;12.61;25.89
900.00;1200.00;1992.00;24.04;E0_0_3400m;5.00;166;166;11.51;24.17
900.00;1200.00;2352.00;25.89;E0_1_3400m;5.00;196;196;12.62;25.97
900.00;1200.00;2016.00;23.99;E0_0_3500m;5.00;168;168;11.67;24.12
900.00;1200.00;2340.00;26.06;E0_1_3500m;5.00;195;195;12.47;26.15
900.00;1200.00;2016.00;23.94;E0_0_3600m;5.00;168;168;11.70;24.05
900.00;1200.00;2292.00;26.24;E0_1_3600m;5.00;191;191;12.13;26.34
900.00;1200.00;2004.00;23.94;E0_0_3700m;5.00;167;167;11.63;24.05
900.00;1200.00;2244.00;26.37;E0_1_3700m;5.00;187;187;11.82;26.49
900.00;1200.00;1980.00;24.00;E0_0_3800m;5.00;165;165;11.46;24.12
900.00;1200.00;2196.00;26.35;E0_1_3800m;5.00;183;183;11.58;26.48
900.00;1200.00;1980.00;23.85;E0_0_3900m;5.00;165;166;11.55;23.97
900.00;1200.00;2184.00;26.28;E0_1_3900m;5.00;182;182;11.54;26.41
900.00;1200.00;1956.00;23.79;E0_0_4000m;5.00;163;163;11.42;23.90
900.00;1200.00;2208.00;26.16;E0_1_4000m;5.00;184;184;11.72;26.28
900.00;1200.00;1944.00;23.82;E0_0_4100m;5.00;162;162;11.34;23.92
900.00;1200.00;2220.00;26.07;E0_1_4100m;5.00;185;185;11.83;26.19
900.00;1200.00;1956.00;23.81;E0_0_4200m;5.00;163;163;11.41;23.91
900.00;1200.00;2220.00;25.97;E0_1_4200m;5.00;185;185;11.87;26.06
900.00;1200.00;1980.00;23.84;E0_0_4300m;5.00;165;165;11.53;23.94
900.00;1200.00;2256.00;25.81;E0_1_4300m;5.00;188;188;12.14;25.89
900.00;1200.00;1980.00;23.86;E0_0_4400m;5.00;165;165;11.52;23.96
900.00;1200.00;2304.00;25.68;E0_1_4400m;5.00;192;192;12.46;25.76
900.00;1200.00;2004.00;23.83;E0_0_4500m;5.00;167;167;11.68;23.93
900.00;1200.00;2340.00;25.60;E0_1_4500m;5.00;195;195;12.70;25.67
900.00;1200.00;2004.00;23.77;E0_0_4600m;5.00;167;167;11.71;23.87
900.00;1200.00;2352.00;25.56;E0_1_4600m;5.00;196;196;12.78;25.63
900.00;1200.00;2004.00;23.80;E0_0_4700m;5.00;167;167;11.70;23.89
900.00;1200.00;2352.00;25.54;E0_1_4700m;5.00;196;197;12.84;25.61
900.00;1200.00;1992.00;23.81;E0_0_4800m;5.00;166;166;11.62;23.90
900.00;1200.00;2376.00;25.48;E0_1_4800m;5.00;198;198;12.95;25.55
900.00;1200.00;1980.00;23.83;E0_0_4900m;5.00;165;164;11.54;23.92
900.00;1200.00;2388.00;25.44;E0_1_4900m;5.00;199;199;13.04;25.50
900.00;1200.00;1968.00;23.77;E0_0_5000m;5.00;164;164;11.50;23.85
900.00;1200.00;2388.00;25.47;E0_1_5000m;5.00;199;199;13.02;25.54
1200.00;1500.00;0.00;-1.00;E0_0_0m;-1.00;0;0;0.00;-1.00
1200.00;1500.00;0.00;-1.00;E0_1_0m;-1.00;0;0;0.00;-1.00
1200.00;1500.00;1860.00;26.28;E0_0_100m;5.00;155;156;9.84;26.44
1200.00;1500.00;2136.00;27.69;E0_1_100m;5.00;178;178;10.71;27.87
1200.00;1500.00;1896.00;25.72;E0_0_200m;5.00;158;158;10.24;25.92
1200.00;1500.00;2088.00;27.99;E0_1_200m;5.00;174;174;10.36;28.17
1200.00;1500.00;1896.00;25.57;E0_0_300m;5.00;158;158;10.30;25.85
1200.00;1500.00;2052.00;27.97;E0_1_300m;5.00;171;173;10.30;28.18
1200.00;1500.00;1860.00;25.41;E0_0_400m;5.00;155;155;10.16;25.65
1200.00;1500.00;2064.00;27.73;E0_1_400m;5.00;172;172;10.34;27.93
1200.00;1500.00;1836.00;25.29;E0_0_500m;5.00;153;153;10.08;25.52
1200.00;1500.00;2088.00;27.52;E0_1_500m;5.00;174;174;10.54;27.71
1200.00;1500.00;1800.00;25.19;E0_0_600m;5.00;150;150;9.93;25.42
1200.00;1500.00;2124.00;27.36;E0_1_600m;5.00;177;177;10.78;27.53
1200.00;1500.00;1788.00;25.10;E0_0_700m;5.00;149;149;9.89;25.32
1200.00;1500.00;2136.00;27.27;E0_1_700m;5.00;178;178;10.88;27.41
1200.00;1500.00;1812.00;25.11;E0_0_800m;5.00;151;151;10.02;25.31
1200.00;1500.00;2124.00;27.12;E0_1_800m;5.00;177;176;10.85;27.23
1200.00;1500.00;1812.00;25.07;E0_0_900m;5.00;151;151;10.04;25.27
1200.00;1500.00;2136.00;27.01;E0_1_900m;5.00;178;178;10.98;27.11
1200.00;1500.00;1764.00;25.30;E0_0_1000m;5.00;147;147;9.69;25.47
1200.00;1500.00;2160.00;26.95;E0_1_1000m;5.00;180;180;11.13;27.05
1200.00;1500.00;1752.00;25.36;E0_0_1100m;5.00;146;146;9.60;25.51
1200.00;1500.00;2172.00;26.95;E0_1_1100m;5.00;181;182;11.19;27.06
1200.00;1500.00;1728.00;25.43;E0_0_1200m;5.00;144;145;9.51;25.56
1200.00;1500.00;2196.00;26.93;E0_1_1200m;5.00;183;183;11.33;27.04
1200.00;1500.00;1716.00;25.49;E0_0_1300m;5.00;143;143;9.35;25.61
1200.00;1500.00;2196.00;26.86;E0_1_1300m;5.00;183;183;11.36;26.98
1200.00;1500.00;1692.00;25.66;E0_0_1400m;5.00;141;141;9.16;25.77
1200.00;1500.00;2196.00;26.82;E0_1_1400m;5.00;183;184;11.42;26.94
1200.00;1500.00;1692.00;25.67;E0_0_1500m;5.00;141;141;9.16;25.76
1200.00;1500.00;2208.00;26.75;E0_1_1500m;5.00;184;184;11.46;26.88
1200.00;1500.00;1716.00;25.61;E0_0_1600m;5.00;143;143;9.30;25.69
1200.00;1500.00;2220.00;26.74;E0_1_1600m;5.00;185;185;11.53;26.88
1200.00;1500.00;1704.00;25.64;E0_0_1700m;5.00;142;142;9.23;25.71
1200.00;1500.00;2220.00;26.65;E0_1_1700m;5.00;185;185;11.57;26.80
1200.00;1500.00;1704.00;25.50;E0_0_1800m;5.00;142;141;9.24;25.59
1200.00;1500.00;2220.00;26.66;E0_1_1800m;5.00;185;185;11.57;26.82
1200.00;1500.00;1704.00;25.35;E0_0_1900m;5.00;142;141;9.34;25.44
1200.00;1500.00;2244.00;26.57;E0_1_1900m;5.00;187;187;11.73;26.73
1200.00;1500.00;1680.00;25.36;E0_0_2000m;5.00;140;140;9.20;25.44
1200.00;1500.00;2280.00;26.52;E0_1_2000m;5.00;190;189;11.88;26.68
1200.00;1500.00;1692.00;25.41;E0_0_2100m;5.00;141;141;9.25;25.49
1200.00;1500.00;2292.00;26.56;E0_1_2100m;5.00;191;192;12.02;26.72
1200.00;1500.00;1692.00;25.33;E0_0_2200m;5.00;141;141;9.28;25.40
1200.00;1500.00;2256.00;26.53;E0_1_2200m;5.00;188;188;11.81;26.69
1200.00;1500.00;1680.00;25.30;E0_0_2300m;5.00;140;140;9.22;25.38
1200.00;1500.00;2232.00;26.43;E0_1_2300m;5.00;186;186;11.73;26.60
1200.00;1500.00;1656.00;25.36;E0_0_2400m;5.00;138;138;9.07;25.43
1200.00;1500.00;2256.00;26.43;E0_1_2400m;5.00;188;188;11.85;26.61
1200.00;1500.00;1644.00;25.46;E0_0_2500m;5.00;137;137;8.97;25.59
1200.00;1500.00;2268.00;26.48;E0_1_2500m;5.00;189;190;11.94;26.66
1200.00;1500.00;1656.00;25.53;E0_0_2600m;5.00;138;138;9.01;25.62
1200.00;1500.00;2232.00;26.51;E0_1_2600m;5.00;186;186;11.70;26.69
1200.00;1500.00;1680.00;25.46;E0_0_2700m;5.00;140;140;9.17;25.55
1200.00;1500.00;2208.00;26.49;E0_1_2700m;5.00;184;183;11.54;26.67
1200.00;1500.00;1704.00;25.47;E0_0_2800m;5.00;142;142;9.29;25.55
1200.00;1500.00;2184.00;26.51;E0_1_2800m;5.00;182;182;11.44;26.68
1200.00;1500.00;1740.00;25.54;E0_0_2900m;5.00;145;145;9.46;25.63
1200.00;1500.00;2148.00;26.57;E0_1_2900m;5.00;179;179;11.23;26.75
1200.00;1500.00;1740.00;25.59;E0_0_3000m;5.00;145;145;9.44;25.67
1200.00;1500.00;2136.00;26.57;E0_1_3000m;5.00;178;178;11.16;26.73
1200.00;1500.00;1704.00;25.55;E0_0_3100m;5.00;142;142;9.26;25.63
1200.00;1500.00;2148.00;26.55;E0_1_3100m;5.00;179;179;11.24;26.69
1200.00;1500.00;1704.00;25.67;E0_0_3200m;5.00;142;141;9.19;25.75
1200.00;1500.00;2136.00;26.53;E0_1_3200m;5.00;178;178;11.18;26.64
1200.00;1500.00;1680.00;25.63;E0_0_3300m;5.00;140;141;9.11;25.70
1200.00;1500.00;2148.00;26.54;E0_1_3300m;5.00;179;179;11.24;26.65
1200.00;1500.00;1656.00;25.59;E0_0_3400m;5.00;138;139;9.03;25.67
1200.00;1500.00;2124.00;26.64;E0_1_3400m;5.00;177;178;11.12;26.74
1200.00;1500.00;1620.00;25.67;E0_0_3500m;5.00;135;135;8.76;25.74
1200.00;1500.00;2136.00;26.73;E0_1_3500m;5.00;178;179;11.16;26.84
1200.00;1500.00;1620.00;25.63;E0_0_3600m;5.00;135;135;8.78;25.70
1200.00;1500.00;2112.00;26.82;E0_1_3600m;5.00;176;177;10.94;26.92
1200.00;1500.00;1632.00;25.73;E0_0_3700m;5.00;136;136;8.81;25.79
1200.00;1500.00;2100.00;26.87;E0_1_3700m;5.00;175;176;10.87;26.97
1200.00;1500.00;1680.00;25.83;E0_0_3800m;5.00;140;140;9.03;25.90
1200.00;1500.00;2076.00;26.89;E0_1_3800m;5.00;173;173;10.72;26.99
1200.00;1500.00;1692.00;25.83;E0_0_3900m;5.00;141;140;9.07;25.89
1200.00;1500.00;2064.00;26.87;E0_1_3900m;5.00;172;172;10.67;26.97
1200.00;1500.00;1668.00;25.77;E0_0_4000m;5.00;139;140;9.01;25.84
1200.00;1500.00;2088.00;26.77;E0_1_4000m;5.00;174;174;10.83;26.86
1200.00;1500.00;1680.00;25.73;E0_0_4100m;5.00;140;140;9.07;25.80
1200.00;1500.00;2112.00;26.68;E0_1_4100m;5.00;176;176;11.00;26.75
1200.00;1500.00;1716.00;25.82;E0_0_4200m;5.00;143;143;9.23;25.89
1200.00;1500.00;2124.00;26.57;E0_1_4200m;5.00;177;177;11.10;26.63
1200.00;1500.00;1716.00;25.79;E0_0_4300m;5.00;143;144;9.25;25.87
1200.00;1500.00;2112.00;26.55;E0_1_4300m;5.00;176;176;11.05;26.61
1200.00;1500.00;1728.00;25.77;E0_0_4400m;5.00;144;144;9.31;25.84
1200.00;1500.00;2088.00;26.61;E0_1_4400m;5.00;174;174;10.90;26.68
1200.00;1500.00;1728.00;25.77;E0_0_4500m;5.00;144;144;9.31;25.84
1200.00;1500.00;2076.00;26.64;E0_1_4500m;5.00;173;173;10.82;26.72
1200.00;1500.00;1764.00;25.83;E0_0_4600m;5.00;147;147;9.49;25.89
1200.00;1500.00;2088.00;26.62;E0_1_4600m;5.00;174;174;10.89;26.71
1200.00;1500.00;1788.00;25.81;E0_0_4700m;5.00;149;149;9.62;25.88
1200.00;1500.00;2124.00;26.57;E0_1_4700m;5.00;177;176;11.06;26.66
1200.00;1500.00;1848.00;25.82;E0_0_4800m;5.00;154;154;9.94;25.87
1200.00;1500.00;2124.00;26.55;E0_1_4800m;5.00;177;177;11.11;26.65
1200.00;1500.00;1860.00;25.78;E0_0_4900m;5.00;155;155;10.02;25.83
1200.00;1500.00;2136.00;26.52;E0_1_4900m;5.00;178;178;11.18;26.61
1200.00;1500.00;1908.00;25.74;E0_0_5000m;5.00;159;159;10.29;25.79
1200.00;1500.00;2124.00;26.54;E0_1_5000m;5.00;177;177;11.12;26.61
1500.00;1800.00;0.00;-1.00;E0_0_0m;-1.00;0;0;0.00;-1.00
1500.00;1800.00;0.00;-1.00;E0_1_0m;-1.00;0;0;0.00;-1.00
1500.00;1800.00;1824.00;26.78;E0_0_100m;5.00;152;152;9.46;26.92
1500.00;1800.00;1992.00;28.47;E0_1_100m;5.00;166;166;9.72;28.60
1500.00;1800.00;1800.00;26.66;E0_0_200m;5.00;150;150;9.38;26.82
1500.00;1800.00;2040.00;28.64;E0_1_200m;5.00;170;170;9.89;28.82
1500.00;1800.00;1812.00;26.57;E0_0_300m;5.00;151;152;9.50;26.77
1500.00;1800.00;2064.00;28.58;E0_1_300m;5.00;172;171;9.98;28.79
1500.00;1800.00;1800.00;26.54;E0_0_400m;5.00;150;150;9.42;26.72
1500.00;1800.00;2052.00;28.36;E0_1_400m;5.00;171;171;10.05;28.55
1500.00;1800.00;1788.00;26.45;E0_0_500m;5.00;149;150;9.41;26.62
1500.00;1800.00;2100.00;28.00;E0_1_500m;5.00;175;175;10.42;28.22
1500.00;1800.00;1788.00;26.24;E0_0_600m;5.00;149;149;9.46;26.41
1500.00;1800.00;2112.00;27.82;E0_1_600m;5.00;176;176;10.54;28.05
1500.00;1800.00;1788.00;26.17;E0_0_700m;5.00;149;149;9.49;26.34
1500.00;1800.00;2112.00;27.68;E0_1_700m;5.00;176;177;10.64;27.92
1500.00;1800.00;1788.00;25.97;E0_0_800m;5.00;149;149;9.56;26.13
1500.00;1800.00;2112.00;27.48;E0_1_800m;5.00;176;176;10.67;27.73
1500.00;1800.00;1776.00;25.80;E0_0_900m;5.00;148;148;9.56;25.98
1500.00;1800.00;2136.00;27.08;E0_1_900m;5.00;178;178;10.96;27.34
1500.00;1800.00;1812.00;25.45;E0_0_1000m;5.00;151;151;9.89;25.64
1500.00;1800.00;2136.00;26.90;E0_1_1000m;5.00;178;178;11.03;27.15
1500.00;1800.00;1824.00;24.85;E0_0_1100m;5.00;152;152;10.19;25.04
1500.00;1800.00;2160.00;26.66;E0_1_1100m;5.00;180;179;11.25;26.90
1500.00;1800.00;1836.00;24.44;E0_0_1200m;5.00;153;152;10.37;24.64
1500.00;1800.00;2160.00;26.46;E0_1_1200m;5.00;180;180;11.34;26.72
1500.00;1800.00;1860.00;24.14;E0_0_1300m;5.00;155;155;10.70;24.38
1500.00;1800.00;2160.00;26.46;E0_1_1300m;5.00;180;180;11.34;26.73
1500.00;1800.00;1824.00;23.94;E0_0_1400m;5.00;152;152;10.58;24.19
1500.00;1800.00;2172.00;26.54;E0_1_1400m;5.00;181;181;11.36;26.81
1500.00;1800.00;1824.00;23.85;E0_0_1500m;5.00;152;152;10.62;24.11
1500.00;1800.00;2148.00;26.68;E0_1_1500m;5.00;179;179;11.18;26.94
1500.00;1800.00;1788.00;23.80;E0_0_1600m;5.00;149;150;10.47;24.07
1500.00;1800.00;2124.00;26.73;E0_1_1600m;5.00;177;178;11.07;26.97
1500.00;1800.00;1800.00;23.85;E0_0_1700m;5.00;150;150;10.48;24.11
1500.00;1800.00;2112.00;26.84;E0_1_1700m;5.00;176;176;10.93;27.05
1500.00;1800.00;1788.00;24.00;E0_0_1800m;5.00;149;149;10.35;24.27
1500.00;1800.00;2124.00;26.93;E0_1_1800m;5.00;177;177;10.96;27.11
1500.00;1800.00;1776.00;24.05;E0_0_1900m;5.00;148;148;10.26;24.29
1500.00;1800.00;2112.00;27.08;E0_1_1900m;5.00;176;176;10.83;27.26
1500.00;1800.00;1764.00;24.16;E0_0_2000m;5.00;147;147;10.14;24.38
1500.00;1800.00;2088.00;27.24;E0_1_2000m;5.00;174;175;10.72;27.39
1500.00;1800.00;1728.00;24.38;E0_0_2100m;5.00;144;144;9.84;24.59
1500.00;1800.00;2064.00;27.34;E0_1_2100m;5.00;172;172;10.49;27.47
1500.00;1800.00;1716.00;24.51;E0_0_2200m;5.00;143;143;9.72;24.68
1500.00;1800.00;2112.00;27.30;E0_1_2200m;5.00;176;176;10.74;27.43
1500.00;1800.00;1704.00;24.68;E0_0_2300m;5.00;142;142;9.59;24.82
1500.00;1800.00;2160.00;27.14;E0_1_2300m;5.00;180;180;11.05;27.26
1500.00;1800.00;1716.00;24.58;E0_0_2400m;5.00;143;143;9.70;24.70
1500.00;1800.00;2196.00;27.01;E0_1_2400m;5.00;183;183;11.29;27.13
1500.00;1800.00;1692.00;24.25;E0_0_2500m;5.00;141;142;9.75;24.41
1500.00;1800.00;2232.00;26.98;E0_1_2500m;5.00;186;186;11.49;27.10
1500.00;1800.00;1704.00;24.06;E0_0_2600m;5.00;142;142;9.84;24.24
1500.00;1800.00;2244.00;27.08;E0_1_2600m;5.00;187;187;11.51;27.23
1500.00;1800.00;1680.00;24.00;E0_0_2700m;5.00;140;140;9.72;24.19
1500.00;1800.00;2280.00;27.08;E0_1_2700m;5.00;190;190;11.69;27.21
1500.00;1800.00;1692.00;23.91;E0_0_2800m;5.00;141;141;9.83;24.12
1500.00;1800.00;2256.00;27.05;E0_1_2800m;5.00;188;188;11.58;27.17
1500.00;1800.00;1704.00;23.85;E0_0_2900m;5.00;142;142;9.92;24.06
1500.00;1800.00;2244.00;27.07;E0_1_2900m;5.00;187;187;11.51;27.20
1500.00;1800.00;1752.00;23.96;E0_0_3000m;5.00;146;146;10.15;24.20
1500.00;1800.00;2208.00;26.96;E0_1_3000m;5.00;184;184;11.38;27.11
1500.00;1800.00;1764.00;23.89;E0_0_3100m;5.00;147;147;10.26;24.12
1500.00;1800.00;2220.00;26.92;E0_1_3100m;5.00;185;185;11.45;27.06
1500.00;1800.00;1764.00;23.83;E0_0_3200m;5.00;147;147;10.28;24.06
1500.00;1800.00;2196.00;26.93;E0_1_3200m;5.00;183;184;11.34;27.08
1500.00;1800.00;1752.00;23.84;E0_0_3300m;5.00;146;146;10.20;24.08
1500.00;1800.00;2208.00;26.90;E0_1_3300m;5.00;184;185;11.41;27.08
1500.00;1800.00;1800.00;23.94;E0_0_3400m;5.00;150;149;10.40;24.18
1500.00;1800.00;2220.00;27.05;E0_1_3400m;5.00;185;184;11.35;27.22
1500.00;1800.00;1824.00;23.97;E0_0_3500m;5.00;152;152;10.57;24.21
1500.00;1800.00;2256.00;27.05;E0_1_3500m;5.00;188;187;11.52;27.22
1500.00;1800.00;1872.00;23.95;E0_0_3600m;5.00;156;156;10.86;24.16
1500.00;1800.00;2280.00;26.93;E0_1_3600m;5.00;190;189;11.75;27.09
1500.00;1800.00;1908.00;23.97;E0_0_3700m;5.00;159;159;11.05;24.18
1500.00;1800.00;2316.00;26.82;E0_1_3700m;5.00;193;192;11.98;26.97
1500.00;1800.00;1932.00;23.95;E0_0_3800m;5.00;161;161;11.21;24.14
1500.00;1800.00;2340.00;26.80;E0_1_3800m;5.00;195;195;12.13;26.95
1500.00;1800.00;1956.00;23.97;E0_0_3900m;5.00;163;163;11.33;24.16
1500.00;1800.00;2364.00;26.82;E0_1_3900m;5.00;197;197;12.24;26.99
1500.00;1800.00;1980.00;23.97;E0_0_4000m;5.00;165;165;11.47;24.17
1500.00;1800.00;2340.00;26.81;E0_1_4000m;5.00;195;195;12.12;27.00
1500.00;1800.00;1980.00;23.98;E0_0_4100m;5.00;165;165;11.47;24.18
1500.00;1800.00;2304.00;26.84;E0_1_4100m;5.00;192;192;11.92;27.02
1500.00;1800.00;1920.00;24.03;E0_0_4200m;5.00;160;160;11.10;24.25
1500.00;1800.00;2304.00;26.94;E0_1_4200m;5.00;192;193;11.88;27.11
1500.00;1800.00;1920.00;24.04;E0_0_4300m;5.00;160;159;11.09;24.26
1500.00;1800.00;2292.00;27.09;E0_1_4300m;5.00;191;191;11.75;27.27
1500.00;1800.00;1896.00;24.04;E0_0_4400m;5.00;158;159;11.02;24.25
1500.00;1800.00;2268.00;26.98;E0_1_4400m;5.00;189;189;11.67;27.16
1500.00;1800.00;1884.00;24.02;E0_0_4500m;5.00;157;157;10.89;24.22
1500.00;1800.00;2232.00;26.84;E0_1_4500m;5.00;186;187;11.60;27.01
1500.00;1800.00;1884.00;23.99;E0_0_4600m;5.00;157;157;10.91;24.19
1500.00;1800.00;2220.00;26.65;E0_1_4600m;5.00;185;185;11.57;26.81
1500.00;1800.00;1848.00;23.95;E0_0_4700m;5.00;154;154;10.72;24.14
1500.00;1800.00;2232.00;26.50;E0_1_4700m;5.00;186;186;11.70;26.65
1500.00;1800.00;1848.00;23.92;E0_0_4800m;5.00;154;154;10.73;24.10
1500.00;1800.00;2232.00;26.45;E0_1_4800m;5.00;186;186;11.72;26.61
1500.00;1800.00;1884.00;24.00;E0_0_4900m;5.00;157;157;10.90;24.20
1500.00;1800.00;2244.00;26.47;E0_1_4900m;5.00;187;187;11.78;26.62
1500.00;1800.00;1860.00;23.97;E0_0_5000m;5.00;155;155;10.78;24.17
1500.00;1800.00;2232.00;26.50;E0_1_5000m;5.00;186;186;11.70;26.66
1800.00;2100.00;0.00;-1.00;E0_0_0m;-1.00;0;0;0.00;-1.00
1800.00;2100.00;0.00;-1.00;E0_1_0m;-1.00;0;0;0.00;-1.00
1800.00;2100.00;1788.00;26.03;E0_0_100m;5.00;149;151;9.59;26.25
1800.00;2100.00;2064.00;27.53;E0_1_100m;5.00;172;172;10.41;27.80
1800.00;2100.00;1824.00;25.56;E0_0_200m;5.00;152;153;9.91;25.80
1800.00;2100.00;2016.00;27.71;E0_1_200m;5.00;168;168;10.11;28.04
1800.00;2100.00;1788.00;25.28;E0_0_300m;5.00;149;149;9.82;25.54
1800.00;2100.00;2052.00;27.46;E0_1_300m;5.00;171;171;10.38;27.76
1800.00;2100.00;1788.00;25.02;E0_0_400m;5.00;149;149;9.93;25.26
1800.00;2100.00;2076.00;27.14;E0_1_400m;5.00;173;173;10.62;27.41
1800.00;2100.00;1764.00;24.85;E0_0_500m;5.00;147;148;9.92;25.08
1800.00;2100.00;2100.00;26.94;E0_1_500m;5.00;175;175;10.83;27.21
1800.00;2100.00;1728.00;24.75;E0_0_600m;5.00;144;144;9.70;25.00
1800.00;2100.00;2136.00;26.91;E0_1_600m;5.00;178;179;11.05;27.16
1800.00;2100.00;1740.00;24.67;E0_0_700m;5.00;145;147;9.91;24.91
1800.00;2100.00;2124.00;26.82;E0_1_700m;5.00;177;177;11.00;27.05
1800.00;2100.00;1692.00;24.58;E0_0_800m;5.00;141;144;9.70;24.81
1800.00;2100.00;2172.00;26.72;E0_1_800m;5.00;181;181;11.29;26.99
1800.00;2100.00;1668.00;24.63;E0_0_900m;5.00;139;139;9.41;24.83
1800.00;2100.00;2148.00;26.63;E0_1_900m;5.00;179;180;11.26;26.81
1800.00;2100.00;1656.00;24.78;E0_0_1000m;5.00;138;138;9.28;24.95
1800.00;2100.00;2148.00;26.60;E0_1_1000m;5.00;179;179;11.21;26.78
1800.00;2100.00;1620.00;24.90;E0_0_1100m;5.00;135;136;9.07;25.07
1800.00;2100.00;2136.00;26.59;E0_1_1100m;5.00;178;178;11.16;26.77
1800.00;2100.00;1596.00;24.78;E0_0_1200m;5.00;133;133;8.95;24.97
1800.00;2100.00;2148.00;26.57;E0_1_1200m;5.00;179;179;11.23;26.71
1800.00;2100.00;1620.00;24.65;E0_0_1300m;5.00;135;135;9.13;24.83
1800.00;2100.00;2172.00;26.30;E0_1_1300m;5.00;181;181;11.47;26.44
1800.00;2100.00;1608.00;24.65;E0_0_1400m;5.00;134;134;9.06;24.82
1800.00;2100.00;2172.00;26.03;E0_1_1400m;5.00;181;181;11.59;26.18
1800.00;2100.00;1620.00;24.65;E0_0_1500m;5.00;135;135;9.13;24.82
1800.00;2100.00;2136.00;25.81;E0_1_1500m;5.00;178;178;11.50;25.99
1800.00;2100.00;1632.00;24.55;E0_0_1600m;5.00;136;135;9.20;24.70
1800.00;2100.00;2136.00;25.52;E0_1_1600m;5.00;178;177;11.60;25.72
1800.00;2100.00;1668.00;24.39;E0_0_1700m;5.00;139;139;9.50;24.54
1800.00;2100.00;2112.00;25.30;E0_1_1700m;5.00;176;176;11.59;25.55
1800.00;2100.00;1668.00;24.37;E0_0_1800m;5.00;139;139;9.51;24.49
1800.00;2100.00;2136.00;25.05;E0_1_1800m;5.00;178;178;11.84;25.31
1800.00;2100.00;1716.00;24.41;E0_0_1900m;5.00;143;143;9.77;24.54
1800.00;2100.00;2124.00;24.95;E0_1_1900m;5.00;177;177;11.83;25.21
1800.00;2100.00;1740.00;24.33;E0_0_2000m;5.00;145;145;9.93;24.48
1800.00;2100.00;2148.00;24.82;E0_1_2000m;5.00;179;178;11.95;25.10
1800.00;2100.00;1764.00;24.14;E0_0_2100m;5.00;147;147;10.15;24.25
1800.00;2100.00;2148.00;24.71;E0_1_2100m;5.00;179;179;12.08;24.97
1800.00;2100.00;1764.00;23.97;E0_0_2200m;5.00;147;147;10.22;24.08
1800.00;2100.00;2112.00;24.70;E0_1_2200m;5.00;176;176;11.88;24.96
1800.00;2100.00;1704.00;23.81;E0_0_2300m;5.00;142;142;9.94;23.92
1800.00;2100.00;2100.00;24.53;E0_1_2300m;5.00;175;175;11.89;24.78
1800.00;2100.00;1668.00;23.67;E0_0_2400m;5.00;139;139;9.79;23.77
1800.00;2100.00;2064.00;24.41;E0_1_2400m;5.00;172;172;11.74;24.67
1800.00;2100.00;1668.00;23.67;E0_0_2500m;5.00;139;138;9.73;23.78
1800.00;2100.00;2040.00;24.36;E0_1_2500m;5.00;170;170;11.63;24.64
1800.00;2100.00;1668.00;23.63;E0_0_2600m;5.00;139;139;9.80;23.74
1800.00;2100.00;2016.00;24.32;E0_1_2600m;5.00;168;168;11.51;24.62
1800.00;2100.00;1644.00;23.57;E0_0_2700m;5.00;137;137;9.69;23.68
1800.00;2100.00;1992.00;24.29;E0_1_2700m;5.00;166;167;11.45;24.60
1800.00;2100.00;1656.00;23.51;E0_0_2800m;5.00;138;138;9.78;23.62
1800.00;2100.00;2004.00;24.28;E0_1_2800m;5.00;167;167;11.46;24.59
1800.00;2100.00;1656.00;23.46;E0_0_2900m;5.00;138;138;9.80;23.58
1800.00;2100.00;2028.00;24.31;E0_1_2900m;5.00;169;169;11.59;24.62
1800.00;2100.00;1692.00;23.49;E0_0_3000m;5.00;141;141;10.01;23.60
1800.00;2100.00;2052.00;24.37;E0_1_3000m;5.00;171;171;11.70;24.69
1800.00;2100.00;1692.00;23.48;E0_0_3100m;5.00;141;141;10.01;23.59
1800.00;2100.00;2076.00;24.34;E0_1_3100m;5.00;173;173;11.85;24.66
1800.00;2100.00;1680.00;23.48;E0_0_3200m;5.00;140;140;9.94;23.59
1800.00;2100.00;2100.00;24.23;E0_1_3200m;5.00;175;175;12.05;24.53
1800.00;2100.00;1692.00;23.44;E0_0_3300m;5.00;141;141;10.03;23.54
1800.00;2100.00;2100.00;24.11;E0_1_3300m;5.00;175;174;12.09;24.38
1800.00;2100.00;1704.00;23.41;E0_0_3400m;5.00;142;142;10.11;23.51
1800.00;2100.00;2088.00;23.98;E0_1_3400m;5.00;174;174;12.09;24.21
1800.00;2100.00;1668.00;23.40;E0_0_3500m;5.00;139;139;9.90;23.50
1800.00;2100.00;2064.00;23.92;E0_1_3500m;5.00;172;173;12.03;24.15
1800.00;2100.00;1656.00;23.38;E0_0_3600m;5.00;138;138;9.84;23.47
1800.00;2100.00;2052.00;23.87;E0_1_3600m;5.00;171;171;11.94;24.09
1800.00;2100.00;1644.00;23.33;E0_0_3700m;5.00;137;137;9.79;23.42
1800.00;2100.00;2052.00;23.87;E0_1_3700m;5.00;171;171;11.94;24.10
1800.00;2100.00;1656.00;23.34;E0_0_3800m;5.00;138;138;9.85;23.43
1800.00;2100.00;2028.00;23.82;E0_1_3800m;5.00;169;169;11.83;24.05
1800.00;2100.00;1656.00;23.33;E0_0_3900m;5.00;138;138;9.86;23.41
1800.00;2100.00;1992.00;23.72;E0_1_3900m;5.00;166;167;11.68;23.94
1800.00;2100.00;1656.00;23.30;E0_0_4000m;5.00;138;138;9.87;23.38
1800.00;2100.00;2028.00;23.79;E0_1_4000m;5.00;169;169;11.84;24.03
1800.00;2100.00;1668.00;23.29;E0_0_4100m;5.00;139;139;9.95;23.37
1800.00;2100.00;2016.00;23.81;E0_1_4100m;5.00;168;168;11.76;24.05
1800.00;2100.00;1644.00;23.25;E0_0_4200m;5.00;137;137;9.82;23.32
1800.00;2100.00;2040.00;23.84;E0_1_4200m;5.00;170;169;11.89;24.08
1800.00;2100.00;1632.00;23.30;E0_0_4300m;5.00;136;136;9.73;23.39
1800.00;2100.00;2016.00;23.71;E0_1_4300m;5.00;168;169;11.86;23.92
1800.00;2100.00;1644.00;23.29;E0_0_4400m;5.00;137;136;9.74;23.38
1800.00;2100.00;2028.00;23.72;E0_1_4400m;5.00;169;169;11.87;23.92
1800.00;2100.00;1656.00;23.26;E0_0_4500m;5.00;138;138;9.89;23.35
1800.00;2100.00;2040.00;23.70;E0_1_4500m;5.00;170;169;11.90;23.88
1800.00;2100.00;1668.00;23.25;E0_0_4600m;5.00;139;139;9.96;23.33
1800.00;2100.00;2028.00;23.68;E0_1_4600m;5.00;169;170;11.94;23.86
1800.00;2100.00;1644.00;23.23;E0_0_4700m;5.00;137;137;9.83;23.31
1800.00;2100.00;2016.00;23.67;E0_1_4700m;5.00;168;168;11.83;23.86
1800.00;2100.00;1608.00;23.15;E0_0_4800m;5.00;134;134;9.65;23.24
1800.00;2100.00;2004.00;23.64;E0_1_4800m;5.00;167;167;11.78;23.83
1800.00;2100.00;1572.00;23.07;E0_0_4900m;5.00;131;131;9.46;23.16
1800.00;2100.00;1980.00;23.59;E0_1_4900m;5.00;165;165;11.66;23.78
1800.00;2100.00;1584.00;23.10;E0_0_5000m;5.00;132;132;9.52;23.19
1800.00;2100.00;1980.00;23.63;E0_1_5000m;5.00;165;165;11.64;23.84
2100.00;2400.00;0.00;-1.00;E0_0_0m;-1.00;0;0;0.00;-1.00
2100.00;2400.00;0.00;-1.00;E0_1_0m;-1.00;0;0;0.00;-1.00
2100.00;2400.00;1944.00;26.34;E0_0_100m;5.00;162;162;10.25;26.48
2100.00;2400.00;2184.00;27.22;E0_1_100m;5.00;182;182;11.14;27.34
2100.00;2400.00;1968.00;26.41;E0_0_200m;5.00;164;164;10.35;26.56
2100.00;2400.00;2184.00;27.42;E0_1_200m;5.00;182;182;11.06;27.56
2100.00;2400.00;1920.00;26.36;E0_0_300m;5.00;160;160;10.11;26.51
2100.00;2400.00;2220.00;27.27;E0_1_300m;5.00;185;185;11.31;27.40
2100.00;2400.00;1956.00;26.30;E0_0_400m;5.00;163;163;10.33;26.46
2100.00;2400.00;2184.00;27.17;E0_1_400m;5.00;182;182;11.17;27.30
2100.00;2400.00;1944.00;26.34;E0_0_500m;5.00;162;162;10.25;26.48
2100.00;2400.00;2184.00;27.25;E0_1_500m;5.00;182;182;11.13;27.39
2100.00;2400.00;1920.00;26.24;E0_0_600m;5.00;160;160;10.16;26.36
2100.00;2400.00;2184.00;27.24;E0_1_600m;5.00;182;181;11.11;27.38
2100.00;2400.00;1932.00;26.03;E0_0_700m;5.00;161;160;10.25;26.15
2100.00;2400.00;2184.00;27.19;E0_1_700m;5.00;182;182;11.16;27.31
2100.00;2400.00;1956.00;25.95;E0_0_800m;5.00;163;162;10.42;26.09
2100.00;2400.00;2196.00;27.14;E0_1_800m;5.00;183;183;11.24;27.30
2100.00;2400.00;1944.00;25.75;E0_0_900m;5.00;162;162;10.49;25.90
2100.00;2400.00;2220.00;27.09;E0_1_900m;5.00;185;184;11.33;27.27
2100.00;2400.00;1980.00;25.52;E0_0_1000m;5.00;165;165;10.77;25.68
2100.00;2400.00;2184.00;27.15;E0_1_1000m;5.00;182;182;11.17;27.37
2100.00;2400.00;1980.00;25.54;E0_0_1100m;5.00;165;165;10.77;25.69
2100.00;2400.00;2220.00;27.10;E0_1_1100m;5.00;185;185;11.38;27.37
2100.00;2400.00;1968.00;25.47;E0_0_1200m;5.00;164;164;10.73;25.64
2100.00;2400.00;2244.00;26.97;E0_1_1200m;5.00;187;187;11.56;27.26
2100.00;2400.00;1932.00;25.40;E0_0_1300m;5.00;161;161;10.57;25.56
2100.00;2400.00;2220.00;26.92;E0_1_1300m;5.00;185;185;11.45;27.20
2100.00;2400.00;1920.00;25.16;E0_0_1400m;5.00;160;160;10.60;25.34
2100.00;2400.00;2244.00;26.76;E0_1_1400m;5.00;187;187;11.65;27.02
2100.00;2400.00;1908.00;24.86;E0_0_1500m;5.00;159;159;10.66;25.04
2100.00;2400.00;2268.00;26.61;E0_1_1500m;5.00;189;189;11.84;26.84
2100.00;2400.00;1908.00;24.60;E0_0_1600m;5.00;159;159;10.77;24.79
2100.00;2400.00;2292.00;26.37;E0_1_1600m;5.00;191;192;12.13;26.60
2100.00;2400.00;1920.00;24.38;E0_0_1700m;5.00;160;160;10.94;24.58
2100.00;2400.00;2280.00;26.26;E0_1_1700m;5.00;190;190;12.06;26.49
2100.00;2400.00;1896.00;24.21;E0_0_1800m;5.00;158;158;10.88;24.40
2100.00;2400.00;2292.00;26.22;E0_1_1800m;5.00;191;191;12.14;26.47
2100.00;2400.00;1908.00;24.14;E0_0_1900m;5.00;159;159;10.98;24.34
2100.00;2400.00;2256.00;26.20;E0_1_1900m;5.00;188;188;11.96;26.48
2100.00;2400.00;1896.00;24.32;E0_0_2000m;5.00;158;158;10.83;24.54
2100.00;2400.00;2232.00;26.11;E0_1_2000m;5.00;186;186;11.87;26.42
2100.00;2400.00;1848.00;24.22;E0_0_2100m;5.00;154;155;10.60;24.44
2100.00;2400.00;2268.00;26.11;E0_1_2100m;5.00;189;189;12.06;26.41
2100.00;2400.00;1848.00;24.16;E0_0_2200m;5.00;154;154;10.62;24.37
2100.00;2400.00;2268.00;26.10;E0_1_2200m;5.00;189;189;12.07;26.38
2100.00;2400.00;1872.00;24.13;E0_0_2300m;5.00;156;157;10.78;24.33
2100.00;2400.00;2280.00;26.11;E0_1_2300m;5.00;190;190;12.13;26.40
2100.00;2400.00;1908.00;24.12;E0_0_2400m;5.00;159;160;11.00;24.33
2100.00;2400.00;2256.00;26.05;E0_1_2400m;5.00;188;188;12.03;26.35
2100.00;2400.00;1908.00;24.10;E0_0_2500m;5.00;159;159;11.00;24.30
2100.00;2400.00;2268.00;25.91;E0_1_2500m;5.00;189;189;12.16;26.21
2100.00;2400.00;1920.00;24.07;E0_0_2600m;5.00;160;160;11.08;24.27
2100.00;2400.00;2280.00;25.85;E0_1_2600m;5.00;190;190;12.25;26.11
2100.00;2400.00;1908.00;24.11;E0_0_2700m;5.00;159;160;11.05;24.30
2100.00;2400.00;2292.00;25.76;E0_1_2700m;5.00;191;190;12.30;26.00
2100.00;2400.00;1884.00;24.18;E0_0_2800m;5.00;157;158;10.85;24.36
2100.00;2400.00;2292.00;25.69;E0_1_2800m;5.00;191;191;12.39;25.93
2100.00;2400.00;1860.00;24.23;E0_0_2900m;5.00;155;155;10.66;24.41
2100.00;2400.00;2304.00;25.64;E0_1_2900m;5.00;192;192;12.48;25.88
2100.00;2400.00;1812.00;24.23;E0_0_3000m;5.00;151;151;10.39;24.40
2100.00;2400.00;2292.00;25.59;E0_1_3000m;5.00;191;191;12.44;25.82
2100.00;2400.00;1788.00;24.18;E0_0_3100m;5.00;149;149;10.27;24.34
2100.00;2400.00;2268.00;25.47;E0_1_3100m;5.00;189;189;12.37;25.69
2100.00;2400.00;1776.00;24.15;E0_0_3200m;5.00;148;148;10.22;24.27
2100.00;2400.00;2280.00;25.40;E0_1_3200m;5.00;190;190;12.46;25.62
2100.00;2400.00;1788.00;24.11;E0_0_3300m;5.00;149;149;10.30;24.23
2100.00;2400.00;2280.00;25.35;E0_1_3300m;5.00;190;190;12.49;25.59
2100.00;2400.00;1788.00;24.02;E0_0_3400m;5.00;149;149;10.34;24.13
2100.00;2400.00;2280.00;25.34;E0_1_3400m;5.00;190;190;12.50;25.59
2100.00;2400.00;1800.00;23.94;E0_0_3500m;5.00;150;150;10.44;24.04
2100.00;2400.00;2280.00;25.34;E0_1_3500m;5.00;190;189;12.45;25.61
2100.00;2400.00;1788.00;23.97;E0_0_3600m;5.00;149;149;10.36;24.07
2100.00;2400.00;2256.00;25.28;E0_1_3600m;5.00;188;189;12.40;25.57
2100.00;2400.00;1764.00;24.01;E0_0_3700m;5.00;147;147;10.21;24.11
2100.00;2400.00;2244.00;25.10;E0_1_3700m;5.00;187;187;12.42;25.39
2100.00;2400.00;1776.00;23.97;E0_0_3800m;5.00;148;148;10.29;24.08
2100.00;2400.00;2208.00;24.95;E0_1_3800m;5.00;184;185;12.32;25.23
2100.00;2400.00;1752.00;23.89;E0_0_3900m;5.00;146;146;10.19;24.00
2100.00;2400.00;2256.00;24.92;E0_1_3900m;5.00;188;187;12.56;25.22
2100.00;2400.00;1764.00;23.86;E0_0_4000m;5.00;147;147;10.27;23.99
2100.00;2400.00;2232.00;24.76;E0_1_4000m;5.00;186;186;12.52;25.06
2100.00;2400.00;1764.00;23.80;E0_0_4100m;5.00;147;147;10.29;23.91
2100.00;2400.00;2280.00;24.63;E0_1_4100m;5.00;190;190;12.86;24.92
2100.00;2400.00;1776.00;23.72;E0_0_4200m;5.00;148;148;10.40;23.83
2100.00;2400.00;2280.00;24.59;E0_1_4200m;5.00;190;190;12.88;24.89
2100.00;2400.00;1788.00;23.69;E0_0_4300m;5.00;149;150;10.55;23.80
2100.00;2400.00;2256.00;24.54;E0_1_4300m;5.00;188;187;12.72;24.86
2100.00;2400.00;1764.00;23.42;E0_0_4400m;5.00;147;147;10.46;23.54
2100.00;2400.00;2244.00;24.42;E0_1_4400m;5.00;187;187;12.76;24.72
2100.00;2400.00;1740.00;23.53;E0_0_4500m;5.00;145;145;10.27;23.63
2100.00;2400.00;2232.00;24.35;E0_1_4500m;5.00;186;186;12.73;24.65
2100.00;2400.00;1716.00;23.54;E0_0_4600m;5.00;143;143;10.13;23.64
2100.00;2400.00;2208.00;24.24;E0_1_4600m;5.00;184;183;12.60;24.51
2100.00;2400.00;1740.00;23.57;E0_0_4700m;5.00;145;145;10.25;23.68
2100.00;2400.00;2196.00;24.17;E0_1_4700m;5.00;183;183;12.62;24.41
2100.00;2400.00;1704.00;23.57;E0_0_4800m;5.00;142;142;10.04;23.67
2100.00;2400.00;2208.00;24.13;E0_1_4800m;5.00;184;184;12.71;24.34
2100.00;2400.00;1692.00;23.68;E0_0_4900m;5.00;141;141;9.93;23.77
2100.00;2400.00;2220.00;24.20;E0_1_4900m;5.00;185;185;12.74;24.40
2100.00;2400.00;1692.00;23.76;E0_0_5000m;5.00;141;141;9.89;23.85
2100.00;2400.00;2196.00;24.25;E0_1_5000m;5.00;183;184;12.63;24.45
2400.00;2700.00;0.00;-1.00;E0_0_0m;-1.00;0;0;0.00;-1.00
2400.00;2700.00;0.00;-1.00;E0_1_0m;-1.00;0;0;0.00;-1.00
2400.00;2700.00;1584.00;26.24;E0_0_100m;5.00;132;132;8.38;26.38
2400.00;2700.00;2112.00;27.35;E0_1_100m;5.00;176;177;10.77;27.48
2400.00;2700.00;1584.00;26.24;E0_0_200m;5.00;132;133;8.40;26.39
2400.00;2700.00;2088.00;27.68;E0_1_200m;5.00;174;174;10.48;27.87
2400.00;2700.00;1596.00;26.37;E0_0_300m;5.00;133;133;8.41;26.49
2400.00;2700.00;2076.00;27.62;E0_1_300m;5.00;173;173;10.44;27.82
2400.00;2700.00;1548.00;26.47;E0_0_400m;5.00;129;129;8.12;26.57
2400.00;2700.00;2100.00;27.63;E0_1_400m;5.00;175;175;10.56;27.80
2400.00;2700.00;1560.00;26.34;E0_0_500m;5.00;130;130;8.23;26.47
2400.00;2700.00;2112.00;27.47;E0_1_500m;5.00;176;177;10.69;27.64
2400.00;2700.00;1608.00;26.36;E0_0_600m;5.00;134;134;8.47;26.47
2400.00;2700.00;2136.00;27.22;E0_1_600m;5.00;178;178;10.90;27.38
2400.00;2700.00;1584.00;26.27;E0_0_700m;5.00;132;132;8.37;26.37
2400.00;2700.00;2148.00;27.05;E0_1_700m;5.00;179;179;11.03;27.20
2400.00;2700.00;1632.00;26.31;E0_0_800m;5.00;136;136;8.62;26.41
2400.00;2700.00;2076.00;26.93;E0_1_800m;5.00;173;173;10.71;27.08
2400.00;2700.00;1668.00;26.17;E0_0_900m;5.00;139;139;8.85;26.28
2400.00;2700.00;2088.00;26.84;E0_1_900m;5.00;174;174;10.81;27.01
2400.00;2700.00;1656.00;26.00;E0_0_1000m;5.00;138;138;8.85;26.10
2400.00;2700.00;2088.00;26.68;E0_1_1000m;5.00;174;174;10.87;26.85
2400.00;2700.00;1668.00;25.84;E0_0_1100m;5.00;139;139;8.96;25.94
2400.00;2700.00;2064.00;26.47;E0_1_1100m;5.00;172;172;10.83;26.64
2400.00;2700.00;1668.00;25.73;E0_0_1200m;5.00;139;139;9.00;25.83
2400.00;2700.00;2064.00;26.28;E0_1_1200m;5.00;172;173;10.93;26.45
2400.00;2700.00;1680.00;25.79;E0_0_1300m;5.00;140;140;9.05;25.89
2400.00;2700.00;2052.00;26.23;E0_1_1300m;5.00;171;172;10.89;26.38
2400.00;2700.00;1704.00;25.70;E0_0_1400m;5.00;142;142;9.21;25.80
2400.00;2700.00;2052.00;26.14;E0_1_1400m;5.00;171;171;10.90;26.28
2400.00;2700.00;1704.00;25.54;E0_0_1500m;5.00;142;143;9.29;25.64
2400.00;2700.00;2064.00;25.93;E0_1_1500m;5.00;172;172;11.05;26.07
2400.00;2700.00;1704.00;25.42;E0_0_1600m;5.00;142;142;9.31;25.53
2400.00;2700.00;2112.00;25.74;E0_1_1600m;5.00;176;175;11.34;25.88
2400.00;2700.00;1728.00;25.29;E0_0_1700m;5.00;144;144;9.49;25.39
2400.00;2700.00;2112.00;25.57;E0_1_1700m;5.00;176;177;11.49;25.71
2400.00;2700.00;1764.00;25.20;E0_0_1800m;5.00;147;147;9.72;25.30
2400.00;2700.00;2112.00;25.50;E0_1_1800m;5.00;176;176;11.50;25.65
2400.00;2700.00;1788.00;25.10;E0_0_1900m;5.00;149;149;9.89;25.19
2400.00;2700.00;2112.00;25.46;E0_1_1900m;5.00;176;176;11.52;25.61
2400.00;2700.00;1800.00;24.99;E0_0_2000m;5.00;150;150;10.00;25.06
2400.00;2700.00;2112.00;25.38;E0_1_2000m;5.00;176;176;11.56;25.53
2400.00;2700.00;1800.00;24.82;E0_0_2100m;5.00;150;149;10.06;24.90
2400.00;2700.00;2112.00;25.26;E0_1_2100m;5.00;176;176;11.61;25.41
2400.00;2700.00;1788.00;24.66;E0_0_2200m;5.00;149;149;10.07;24.76
2400.00;2700.00;2100.00;25.18;E0_1_2200m;5.00;175;176;11.62;25.34
2400.00;2700.00;1800.00;24.46;E0_0_2300m;5.00;150;149;10.21;24.58
2400.00;2700.00;2076.00;25.03;E0_1_2300m;5.00;173;173;11.52;25.20
2400.00;2700.00;1788.00;24.31;E0_0_2400m;5.00;149;148;10.20;24.43
2400.00;2700.00;2076.00;24.92;E0_1_2400m;5.00;173;173;11.57;25.10
2400.00;2700.00;1776.00;24.37;E0_0_2500m;5.00;148;148;10.12;24.47
2400.00;2700.00;2088.00;24.86;E0_1_2500m;5.00;174;174;11.66;25.05
2400.00;2700.00;1764.00;24.33;E0_0_2600m;5.00;147;148;10.12;24.43
2400.00;2700.00;2076.00;24.83;E0_1_2600m;5.00;173;173;11.61;25.03
2400.00;2700.00;1788.00;24.26;E0_0_2700m;5.00;149;148;10.18;24.38
2400.00;2700.00;2076.00;24.83;E0_1_2700m;5.00;173;173;11.61;25.03
2400.00;2700.00;1776.00;24.29;E0_0_2800m;5.00;148;147;10.13;24.41
2400.00;2700.00;2112.00;24.86;E0_1_2800m;5.00;176;176;11.80;25.07
2400.00;2700.00;1812.00;24.16;E0_0_2900m;5.00;151;151;10.42;24.27
2400.00;2700.00;2136.00;24.87;E0_1_2900m;5.00;178;178;11.93;25.08
2400.00;2700.00;1836.00;24.03;E0_0_3000m;5.00;153;153;10.61;24.11
2400.00;2700.00;2172.00;24.84;E0_1_3000m;5.00;181;181;12.14;25.04
2400.00;2700.00;1848.00;23.90;E0_0_3100m;5.00;154;155;10.74;23.98
2400.00;2700.00;2184.00;24.80;E0_1_3100m;5.00;182;182;12.23;24.99
2400.00;2700.00;1848.00;23.86;E0_0_3200m;5.00;154;154;10.76;23.96
2400.00;2700.00;2208.00;24.82;E0_1_3200m;5.00;184;183;12.33;25.02
2400.00;2700.00;1860.00;23.82;E0_0_3300m;5.00;155;155;10.84;23.93
2400.00;2700.00;2184.00;24.84;E0_1_3300m;5.00;182;182;12.21;25.06
2400.00;2700.00;1824.00;23.69;E0_0_3400m;5.00;152;152;10.69;23.77
2400.00;2700.00;2172.00;24.81;E0_1_3400m;5.00;181;182;12.16;25.03
2400.00;2700.00;1824.00;23.63;E0_0_3500m;5.00;152;152;10.72;23.71
2400.00;2700.00;2184.00;24.81;E0_1_3500m;5.00;182;182;12.23;25.02
2400.00;2700.00;1824.00;23.59;E0_0_3600m;5.00;152;152;10.74;23.66
2400.00;2700.00;2172.00;24.86;E0_1_3600m;5.00;181;180;12.13;25.08
2400.00;2700.00;1824.00;23.53;E0_0_3700m;5.00;152;152;10.77;23.59
2400.00;2700.00;2184.00;24.89;E0_1_3700m;5.00;182;182;12.19;25.13
2400.00;2700.00;1800.00;23.50;E0_0_3800m;5.00;150;150;10.64;23.56
2400.00;2700.00;2208.00;24.93;E0_1_3800m;5.00;184;183;12.27;25.17
2400.00;2700.00;1764.00;23.55;E0_0_3900m;5.00;147;147;10.40;23.63
2400.00;2700.00;2184.00;25.00;E0_1_3900m;5.00;182;182;12.13;25.24
2400.00;2700.00;1740.00;23.58;E0_0_4000m;5.00;145;145;10.25;23.67
2400.00;2700.00;2172.00;25.09;E0_1_4000m;5.00;181;181;12.02;25.35
2400.00;2700.00;1704.00;23.63;E0_0_4100m;5.00;142;143;10.08;23.72
2400.00;2700.00;2148.00;25.18;E0_1_4100m;5.00;179;179;11.85;25.44
2400.00;2700.00;1716.00;23.65;E0_0_4200m;5.00;143;143;10.08;23.74
2400.00;2700.00;2124.00;25.26;E0_1_4200m;5.00;177;177;11.68;25.54
2400.00;2700.00;1716.00;23.62;E0_0_4300m;5.00;143;143;10.09;23.71
2400.00;2700.00;2124.00;25.26;E0_1_4300m;5.00;177;177;11.68;25.53
2400.00;2700.00;1716.00;23.58;E0_0_4400m;5.00;143;143;10.11;23.67
2400.00;2700.00;2124.00;25.26;E0_1_4400m;5.00;177;177;11.68;25.53
2400.00;2700.00;1740.00;23.60;E0_0_4500m;5.00;145;145;10.24;23.69
2400.00;2700.00;2112.00;25.26;E0_1_4500m;5.00;176;176;11.61;25.51
2400.00;2700.00;1764.00;23.59;E0_0_4600m;5.00;147;147;10.39;23.67
2400.00;2700.00;2100.00;25.29;E0_1_4600m;5.00;175;175;11.53;25.56
2400.00;2700.00;1740.00;23.58;E0_0_4700m;5.00;145;145;10.25;23.66
2400.00;2700.00;2100.00;25.35;E0_1_4700m;5.00;175;175;11.51;25.62
2400.00;2700.00;1752.00;23.66;E0_0_4800m;5.00;146;147;10.31;23.75
2400.00;2700.00;2076.00;25.36;E0_1_4800m;5.00;173;173;11.37;25.62
2400.00;2700.00;1764.00;23.65;E0_0_4900m;5.00;147;147;10.36;23.74
2400.00;2700.00;2064.00;25.41;E0_1_4900m;5.00;172;172;11.28;25.68
2400.00;2700.00;1776.00;23.77;E0_0_5000m;5.00;148;148;10.38;23.85
2400.00;2700.00;2064.00;25.40;E0_1_5000m;5.00;172;171;11.24;25.66
2700.00;3000.00;0.00;-1.00;E0_0_0m;-1.00;0;0;0.00;-1.00
2700.00;3000.00;0.00;-1.00;E0_1_0m;-1.00;0;0;0.00;-1.00
2700.00;3000.00;2076.00;25.65;E0_0_100m;5.00;173;175;11.31;25.81
2700.00;3000.00;2112.00;27.52;E0_1_100m;5.00;176;175;10.62;27.67
2700.00;3000.00;2052.00;25.75;E0_0_200m;5.00;171;170;11.05;25.91
2700.00;3000.00;2136.00;27.96;E0_1_200m;5.00;178;178;10.61;28.18
2700.00;3000.00;2004.00;25.88;E0_0_300m;5.00;167;167;10.75;26.05
2700.00;3000.00;2196.00;27.87;E0_1_300m;5.00;183;183;10.94;28.06
2700.00;3000.00;2016.00;25.61;E0_0_400m;5.00;168;168;10.93;25.79
2700.00;3000.00;2196.00;27.64;E0_1_400m;5.00;183;183;11.03;27.84
2700.00;3000.00;2016.00;25.30;E0_0_500m;5.00;168;168;11.07;25.50
2700.00;3000.00;2184.00;27.35;E0_1_500m;5.00;182;182;11.09;27.57
2700.00;3000.00;1980.00;25.02;E0_0_600m;5.00;165;165;10.99;25.24
2700.00;3000.00;2184.00;27.13;E0_1_600m;5.00;182;182;11.18;27.35
2700.00;3000.00;1932.00;24.87;E0_0_700m;5.00;161;161;10.79;25.07
2700.00;3000.00;2220.00;26.89;E0_1_700m;5.00;185;185;11.46;27.12
2700.00;3000.00;1920.00;24.58;E0_0_800m;5.00;160;161;10.91;24.76
2700.00;3000.00;2208.00;26.74;E0_1_800m;5.00;184;185;11.48;26.97
2700.00;3000.00;1896.00;24.45;E0_0_900m;5.00;158;158;10.77;24.62
2700.00;3000.00;2196.00;26.57;E0_1_900m;5.00;183;183;11.48;26.81
2700.00;3000.00;1884.00;24.46;E0_0_1000m;5.00;157;158;10.73;24.66
2700.00;3000.00;2208.00;26.45;E0_1_1000m;5.00;184;184;11.59;26.70
2700.00;3000.00;1884.00;24.31;E0_0_1100m;5.00;157;157;10.77;24.52
2700.00;3000.00;2208.00;26.47;E0_1_1100m;5.00;184;184;11.59;26.73
2700.00;3000.00;1896.00;24.12;E0_0_1200m;5.00;158;158;10.92;24.33
2700.00;3000.00;2184.00;26.35;E0_1_1200m;5.00;182;182;11.51;26.65
2700.00;3000.00;1860.00;23.91;E0_0_1300m;5.00;155;156;10.82;24.16
2700.00;3000.00;2208.00;26.03;E0_1_1300m;5.00;184;184;11.78;26.35
2700.00;3000.00;1848.00;23.79;E0_0_1400m;5.00;154;155;10.82;24.05
2700.00;3000.00;2196.00;25.86;E0_1_1400m;5.00;183;183;11.79;26.21
2700.00;3000.00;1872.00;23.75;E0_0_1500m;5.00;156;155;10.93;24.00
2700.00;3000.00;2160.00;25.74;E0_1_1500m;5.00;180;180;11.66;26.12
2700.00;3000.00;1884.00;23.62;E0_0_1600m;5.00;157;157;11.08;23.87
2700.00;3000.00;2160.00;25.59;E0_1_1600m;5.00;180;180;11.72;26.00
2700.00;3000.00;1860.00;23.43;E0_0_1700m;5.00;155;156;11.04;23.68
2700.00;3000.00;2208.00;25.40;E0_1_1700m;5.00;184;183;12.06;25.83
2700.00;3000.00;1872.00;23.41;E0_0_1800m;5.00;156;156;11.11;23.65
2700.00;3000.00;2196.00;25.25;E0_1_1800m;5.00;183;185;12.13;25.70
2700.00;3000.00;1836.00;23.42;E0_0_1900m;5.00;153;153;10.89;23.67
2700.00;3000.00;2208.00;25.08;E0_1_1900m;5.00;184;184;12.23;25.52
2700.00;3000.00;1824.00;23.38;E0_0_2000m;5.00;152;152;10.83;23.63
2700.00;3000.00;2220.00;24.83;E0_1_2000m;5.00;185;186;12.47;25.23
2700.00;3000.00;1824.00;23.10;E0_0_2100m;5.00;152;152;10.97;23.38
2700.00;3000.00;2220.00;24.68;E0_1_2100m;5.00;185;185;12.49;25.07
2700.00;3000.00;1788.00;23.11;E0_0_2200m;5.00;149;149;10.74;23.39
2700.00;3000.00;2244.00;24.61;E0_1_2200m;5.00;187;186;12.63;24.98
2700.00;3000.00;1776.00;23.19;E0_0_2300m;5.00;148;148;10.64;23.43
2700.00;3000.00;2232.00;24.53;E0_1_2300m;5.00;186;186;12.64;24.88
2700.00;3000.00;1800.00;23.18;E0_0_2400m;5.00;150;150;10.79;23.40
2700.00;3000.00;2208.00;24.33;E0_1_2400m;5.00;184;184;12.60;24.66
2700.00;3000.00;1788.00;23.14;E0_0_2500m;5.00;149;150;10.75;23.35
2700.00;3000.00;2208.00;24.08;E0_1_2500m;5.00;184;184;12.74;24.40
2700.00;3000.00;1788.00;23.08;E0_0_2600m;5.00;149;148;10.71;23.29
2700.00;3000.00;2220.00;24.00;E0_1_2600m;5.00;185;185;12.85;24.30
2700.00;3000.00;1788.00;23.13;E0_0_2700m;5.00;149;150;10.80;23.33
2700.00;3000.00;2220.00;23.89;E0_1_2700m;5.00;185;185;12.91;24.17
2700.00;3000.00;1824.00;23.14;E0_0_2800m;5.00;152;152;10.95;23.34
2700.00;3000.00;2196.00;23.91;E0_1_2800m;5.00;183;183;12.76;24.18
2700.00;3000.00;1788.00;23.13;E0_0_2900m;5.00;149;149;10.73;23.33
2700.00;3000.00;2160.00;23.74;E0_1_2900m;5.00;180;181;12.65;24.00
2700.00;3000.00;1788.00;23.11;E0_0_3000m;5.00;149;149;10.74;23.30
2700.00;3000.00;2100.00;23.66;E0_1_3000m;5.00;175;175;12.33;23.92
2700.00;3000.00;1764.00;23.12;E0_0_3100m;5.00;147;147;10.59;23.30
2700.00;3000.00;2088.00;23.46;E0_1_3100m;5.00;174;175;12.42;23.69
2700.00;3000.00;1764.00;23.09;E0_0_3200m;5.00;147;147;10.61;23.28
2700.00;3000.00;2088.00;23.36;E0_1_3200m;5.00;174;174;12.41;23.58
2700.00;3000.00;1788.00;23.02;E0_0_3300m;5.00;149;149;10.79;23.23
2700.00;3000.00;2088.00;23.33;E0_1_3300m;5.00;174;174;12.43;23.55
2700.00;3000.00;1812.00;23.07;E0_0_3400m;5.00;151;152;10.94;23.29
2700.00;3000.00;2088.00;23.37;E0_1_3400m;5.00;174;173;12.41;23.59
2700.00;3000.00;1812.00;23.09;E0_0_3500m;5.00;151;151;10.90;23.30
2700.00;3000.00;2076.00;23.42;E0_1_3500m;5.00;173;173;12.31;23.64
2700.00;3000.00;1824.00;23.02;E0_0_3600m;5.00;152;152;11.01;23.26
2700.00;3000.00;2076.00;23.51;E0_1_3600m;5.00;173;173;12.27;23.73
2700.00;3000.00;1836.00;23.05;E0_0_3700m;5.00;153;153;11.06;23.27
2700.00;3000.00;2052.00;23.56;E0_1_3700m;5.00;171;171;12.09;23.79
2700.00;3000.00;1824.00;22.98;E0_0_3800m;5.00;152;153;11.06;23.20
2700.00;3000.00;2028.00;23.47;E0_1_3800m;5.00;169;169;12.00;23.70
2700.00;3000.00;1836.00;22.94;E0_0_3900m;5.00;153;153;11.11;23.14
2700.00;3000.00;2028.00;23.38;E0_1_3900m;5.00;169;170;12.08;23.60
2700.00;3000.00;1836.00;22.95;E0_0_4000m;5.00;153;153;11.11;23.12
2700.00;3000.00;2028.00;23.29;E0_1_4000m;5.00;169;169;12.09;23.50
2700.00;3000.00;1848.00;22.92;E0_0_4100m;5.00;154;153;11.13;23.06
2700.00;3000.00;2028.00;23.18;E0_1_4100m;5.00;169;169;12.15;23.37
2700.00;3000.00;1836.00;22.91;E0_0_4200m;5.00;153;153;11.13;23.06
2700.00;3000.00;2028.00;23.09;E0_1_4200m;5.00;169;169;12.20;23.26
2700.00;3000.00;1824.00;22.94;E0_0_4300m;5.00;152;153;11.05;23.09
2700.00;3000.00;2016.00;23.07;E0_1_4300m;5.00;168;169;12.19;23.23
2700.00;3000.00;1824.00;22.93;E0_0_4400m;5.00;152;152;11.05;23.06
2700.00;3000.00;2028.00;23.09;E0_1_4400m;5.00;169;169;12.20;23.25
2700.00;3000.00;1812.00;22.90;E0_0_4500m;5.00;151;151;10.99;23.03
2700.00;3000.00;2028.00;23.09;E0_1_4500m;5.00;169;169;12.20;23.25
2700.00;3000.00;1800.00;22.95;E0_0_4600m;5.00;150;150;10.89;23.08
2700.00;3000.00;2016.00;23.12;E0_1_4600m;5.00;168;169;12.12;23.28
2700.00;3000.00;1800.00;23.04;E0_0_4700m;5.00;150;151;10.92;23.16
2700.00;3000.00;2004.00;23.16;E0_1_4700m;5.00;167;167;12.02;23.32
2700.00;3000.00;1800.00;23.07;E0_0_4800m;5.00;150;149;10.81;23.19
2700.00;3000.00;2016.00;23.22;E0_1_4800m;5.00;168;168;12.06;23.38
2700.00;3000.00;1788.00;23.16;E0_0_4900m;5.00;149;149;10.72;23.28
2700.00;3000.00;2016.00;23.29;E0_1_4900m;5.00;168;168;12.02;23.45
2700.00;3000.00;1776.00;23.35;E0_0_5000m;5.00;148;149;10.59;23.48
2700.00;3000.00;2004.00;23.42;E0_1_5000m;5.00;167;168;11.90;23.57
3000.00;3300.00;0.00;-1.00;E0_0_0m;-1.00;0;0;0.00;-1.00
3000.00;3300.00;0.00;-1.00;E0_1_0m;-1.00;0;0;0.00;-1.00
3000.00;3300.00;2124.00;26.21;E0_0_100m;5.00;177;177;11.25;26.31
3000.00;3300.00;2184.00;27.16;E0_1_100m;5.00;182;182;11.17;27.30
3000.00;3300.00;2088.00;26.39;E0_0_200m;5.00;174;174;10.99;26.48
3000.00;3300.00;2208.00;27.34;E0_1_200m;5.00;184;184;11.22;27.51
3000.00;3300.00;2052.00;26.53;E0_0_300m;5.00;171;171;10.74;26.61
3000.00;3300.00;2220.00;27.27;E0_1_300m;5.00;185;185;11.31;27.43
3000.00;3300.00;2028.00;26.60;E0_0_400m;5.00;169;169;10.59;26.68
3000.00;3300.00;2232.00;27.25;E0_1_400m;5.00;186;186;11.38;27.41
3000.00;3300.00;2040.00;26.68;E0_0_500m;5.00;170;170;10.62;26.75
3000.00;3300.00;2208.00;27.26;E0_1_500m;5.00;184;184;11.25;27.42
3000.00;3300.00;2004.00;26.69;E0_0_600m;5.00;167;168;10.46;26.76
3000.00;3300.00;2208.00;27.27;E0_1_600m;5.00;184;184;11.25;27.43
3000.00;3300.00;2028.00;26.64;E0_0_700m;5.00;169;169;10.57;26.72
3000.00;3300.00;2196.00;27.18;E0_1_700m;5.00;183;183;11.22;27.33
3000.00;3300.00;2040.00;26.57;E0_0_800m;5.00;170;170;10.63;26.65
3000.00;3300.00;2184.00;27.13;E0_1_800m;5.00;182;181;11.17;27.26
3000.00;3300.00;2028.00;26.47;E0_0_900m;5.00;169;169;10.64;26.54
3000.00;3300.00;2184.00;27.07;E0_1_900m;5.00;182;183;11.24;27.18
3000.00;3300.00;2028.00;26.46;E0_0_1000m;5.00;169;169;10.65;26.52
3000.00;3300.00;2184.00;26.93;E0_1_1000m;5.00;182;182;11.27;27.02
3000.00;3300.00;1992.00;26.38;E0_0_1100m;5.00;166;167;10.50;26.44
3000.00;3300.00;2208.00;26.76;E0_1_1100m;5.00;184;184;11.46;26.87
3000.00;3300.00;2016.00;26.29;E0_0_1200m;5.00;168;168;10.65;26.36
3000.00;3300.00;2208.00;26.67;E0_1_1200m;5.00;184;184;11.50;26.77
3000.00;3300.00;2052.00;26.08;E0_0_1300m;5.00;171;170;10.91;26.16
3000.00;3300.00;2244.00;26.47;E0_1_1300m;5.00;187;187;11.77;26.57
3000.00;3300.00;2052.00;25.95;E0_0_1400m;5.00;171;170;10.96;26.01
3000.00;3300.00;2280.00;26.29;E0_1_1400m;5.00;190;190;12.05;26.38
3000.00;3300.00;2052.00;25.83;E0_0_1500m;5.00;171;171;11.04;25.89
3000.00;3300.00;2292.00;26.09;E0_1_1500m;5.00;191;192;12.24;26.17
3000.00;3300.00;2016.00;25.67;E0_0_1600m;5.00;168;168;10.91;25.74
3000.00;3300.00;2268.00;25.95;E0_1_1600m;5.00;189;189;12.14;26.03
3000.00;3300.00;2004.00;25.62;E0_0_1700m;5.00;167;167;10.86;25.68
3000.00;3300.00;2232.00;25.77;E0_1_1700m;5.00;186;187;12.07;25.84
3000.00;3300.00;1980.00;25.44;E0_0_1800m;5.00;165;165;10.81;25.49
3000.00;3300.00;2220.00;25.59;E0_1_1800m;5.00;185;184;12.02;25.65
3000.00;3300.00;1992.00;25.28;E0_0_1900m;5.00;166;166;10.95;25.31
3000.00;3300.00;2208.00;25.45;E0_1_1900m;5.00;184;185;12.09;25.50
3000.00;3300.00;1980.00;25.12;E0_0_2000m;5.00;165;165;10.95;25.15
3000.00;3300.00;2220.00;25.34;E0_1_2000m;5.00;185;184;12.11;25.40
3000.00;3300.00;1992.00;25.01;E0_0_2100m;5.00;166;166;11.06;25.04
3000.00;3300.00;2208.00;25.21;E0_1_2100m;5.00;184;184;12.16;25.27
3000.00;3300.00;1992.00;24.93;E0_0_2200m;5.00;166;166;11.10;24.96
3000.00;3300.00;2208.00;25.13;E0_1_2200m;5.00;184;184;12.20;25.18
3000.00;3300.00;1992.00;24.86;E0_0_2300m;5.00;166;166;11.13;24.89
3000.00;3300.00;2220.00;25.07;E0_1_2300m;5.00;185;185;12.30;25.12
3000.00;3300.00;2004.00;24.76;E0_0_2400m;5.00;167;167;11.24;24.79
3000.00;3300.00;2220.00;25.01;E0_1_2400m;5.00;185;185;12.33;25.06
3000.00;3300.00;2016.00;24.76;E0_0_2500m;5.00;168;167;11.29;24.79
3000.00;3300.00;2220.00;24.95;E0_1_2500m;5.00;185;185;12.36;24.99
3000.00;3300.00;2004.00;24.75;E0_0_2600m;5.00;167;167;11.24;24.79
3000.00;3300.00;2232.00;24.90;E0_1_2600m;5.00;186;186;12.45;24.94
3000.00;3300.00;2004.00;24.77;E0_0_2700m;5.00;167;167;11.19;24.80
3000.00;3300.00;2244.00;24.87;E0_1_2700m;5.00;187;187;12.53;24.91
3000.00;3300.00;1992.00;24.70;E0_0_2800m;5.00;166;166;11.20;24.73
3000.00;3300.00;2232.00;24.86;E0_1_2800m;5.00;186;186;12.47;24.90
3000.00;3300.00;2004.00;24.53;E0_0_2900m;5.00;167;168;11.38;24.57
3000.00;3300.00;2232.00;24.90;E0_1_2900m;5.00;186;186;12.44;24.96
3000.00;3300.00;2028.00;24.46;E0_0_3000m;5.00;169;169;11.52;24.51
3000.00;3300.00;2232.00;24.94;E0_1_3000m;5.00;186;186;12.43;25.00
3000.00;3300.00;2076.00;24.41;E0_0_3100m;5.00;173;172;11.81;24.46
3000.00;3300.00;2268.00;24.97;E0_1_3100m;5.00;189;188;12.56;25.04
3000.00;3300.00;2088.00;24.24;E0_0_3200m;5.00;174;175;11.98;24.29
3000.00;3300.00;2280.00;24.97;E0_1_3200m;5.00;190;191;12.70;25.04
3000.00;3300.00;2076.00;24.16;E0_0_3300m;5.00;173;174;11.99;24.20
3000.00;3300.00;2268.00;24.89;E0_1_3300m;5.00;189;190;12.71;24.94
3000.00;3300.00;2052.00;24.01;E0_0_3400m;5.00;171;170;11.84;24.06
3000.00;3300.00;2292.00;24.72;E0_1_3400m;5.00;191;191;12.88;24.76
3000.00;3300.00;2052.00;23.87;E0_0_3500m;5.00;171;171;11.94;23.91
3000.00;3300.00;2292.00;24.57;E0_1_3500m;5.00;191;191;12.96;24.61
3000.00;3300.00;2040.00;23.71;E0_0_3600m;5.00;170;171;11.99;23.77
3000.00;3300.00;2292.00;24.48;E0_1_3600m;5.00;191;191;13.01;24.52
3000.00;3300.00;2040.00;23.59;E0_0_3700m;5.00;170;170;12.01;23.64
3000.00;3300.00;2280.00;24.47;E0_1_3700m;5.00;190;190;12.94;24.52
3000.00;3300.00;2040.00;23.48;E0_0_3800m;5.00;170;169;12.02;23.54
3000.00;3300.00;2304.00;24.37;E0_1_3800m;5.00;192;192;13.13;24.41
3000.00;3300.00;2052.00;23.40;E0_0_3900m;5.00;171;171;12.18;23.47
3000.00;3300.00;2328.00;24.23;E0_1_3900m;5.00;194;194;13.33;24.28
3000.00;3300.00;2052.00;23.33;E0_0_4000m;5.00;171;171;12.22;23.39
3000.00;3300.00;2328.00;24.13;E0_1_4000m;5.00;194;194;13.40;24.18
3000.00;3300.00;2052.00;23.30;E0_0_4100m;5.00;171;171;12.23;23.37
3000.00;3300.00;2328.00;24.06;E0_1_4100m;5.00;194;194;13.44;24.11
3000.00;3300.00;2076.00;23.27;E0_0_4200m;5.00;173;173;12.39;23.34
3000.00;3300.00;2304.00;24.07;E0_1_4200m;5.00;192;192;13.29;24.13
3000.00;3300.00;2076.00;23.21;E0_0_4300m;5.00;173;172;12.42;23.28
3000.00;3300.00;2328.00;23.89;E0_1_4300m;5.00;194;193;13.48;23.94
3000.00;3300.00;2076.00;23.17;E0_0_4400m;5.00;173;173;12.45;23.24
3000.00;3300.00;2328.00;23.76;E0_1_4400m;5.00;194;194;13.61;23.81
3000.00;3300.00;2076.00;23.12;E0_0_4500m;5.00;173;173;12.47;23.19
3000.00;3300.00;2328.00;23.72;E0_1_4500m;5.00;194;194;13.63;23.77
3000.00;3300.00;2076.00;23.10;E0_0_4600m;5.00;173;173;12.48;23.17
3000.00;3300.00;2340.00;23.72;E0_1_4600m;5.00;195;194;13.69;23.77
3000.00;3300.00;2088.00;23.12;E0_0_4700m;5.00;174;173;12.47;23.19
3000.00;3300.00;2340.00;23.79;E0_1_4700m;5.00;195;195;13.66;23.84
3000.00;3300.00;2076.00;23.19;E0_0_4800m;5.00;173;173;12.44;23.25
3000.00;3300.00;2352.00;23.90;E0_1_4800m;5.00;196;196;13.67;23.94
3000.00;3300.00;2088.00;23.24;E0_0_4900m;5.00;174;174;12.48;23.30
3000.00;3300.00;2352.00;24.05;E0_1_4900m;5.00;196;196;13.58;24.09
3000.00;3300.00;2100.00;23.35;E0_0_5000m;5.00;175;174;12.47;23.41
3000.00;3300.00;2364.00;24.23;E0_1_5000m;5.00;197;196;13.53;24.27
3300.00;3600.00;0.00;-1.00;E0_0_0m;-1.00;0;0;0.00;-1.00
3300.00;3600.00;0.00;-1.00;E0_1_0m;-1.00;0;0;0.00;-1.00
3300.00;3600.00;1896.00;25.42;E0_0_100m;5.00;158;158;10.36;25.55
3300.00;3600.00;2148.00;27.12;E0_1_100m;5.00;179;179;11.00;27.28
3300.00;3600.00;1956.00;25.34;E0_0_200m;5.00;163;163;10.72;25.49
3300.00;3600.00;2100.00;27.28;E0_1_200m;5.00;175;175;10.69;27.49
3300.00;3600.00;1920.00;25.43;E0_0_300m;5.00;160;161;10.51;25.58
3300.00;3600.00;2124.00;27.27;E0_1_300m;5.00;177;177;10.82;27.49
3300.00;3600.00;1920.00;25.38;E0_0_400m;5.00;160;160;10.51;25.53
3300.00;3600.00;2136.00;27.28;E0_1_400m;5.00;178;178;10.87;27.49
3300.00;3600.00;1908.00;25.28;E0_0_500m;5.00;159;159;10.48;25.45
3300.00;3600.00;2148.00;27.17;E0_1_500m;5.00;179;179;10.98;27.39
3300.00;3600.00;1884.00;25.31;E0_0_600m;5.00;157;156;10.31;25.46
3300.00;3600.00;2184.00;27.00;E0_1_600m;5.00;182;182;11.23;27.22
3300.00;3600.00;1884.00;25.22;E0_0_700m;5.00;157;157;10.38;25.36
3300.00;3600.00;2196.00;26.91;E0_1_700m;5.00;183;183;11.33;27.13
3300.00;3600.00;1920.00;25.02;E0_0_800m;5.00;160;160;10.68;25.16
3300.00;3600.00;2196.00;26.84;E0_1_800m;5.00;183;183;11.36;27.04
3300.00;3600.00;1920.00;24.81;E0_0_900m;5.00;160;160;10.75;24.92
3300.00;3600.00;2208.00;26.65;E0_1_900m;5.00;184;183;11.47;26.85
3300.00;3600.00;1908.00;24.68;E0_0_1000m;5.00;159;159;10.74;24.77
3300.00;3600.00;2232.00;26.30;E0_1_1000m;5.00;186;186;11.79;26.50
3300.00;3600.00;1908.00;24.65;E0_0_1100m;5.00;159;159;10.75;24.74
3300.00;3600.00;2232.00;26.11;E0_1_1100m;5.00;186;186;11.87;26.29
3300.00;3600.00;1908.00;24.47;E0_0_1200m;5.00;159;159;10.83;24.56
3300.00;3600.00;2244.00;26.01;E0_1_1200m;5.00;187;187;11.98;26.19
3300.00;3600.00;1836.00;24.25;E0_0_1300m;5.00;153;153;10.52;24.35
3300.00;3600.00;2292.00;25.99;E0_1_1300m;5.00;191;191;12.25;26.17
3300.00;3600.00;1848.00;24.07;E0_0_1400m;5.00;154;154;10.66;24.20
3300.00;3600.00;2244.00;26.08;E0_1_1400m;5.00;187;187;11.95;26.26
3300.00;3600.00;1872.00;23.97;E0_0_1500m;5.00;156;156;10.85;24.10
3300.00;3600.00;2244.00;26.04;E0_1_1500m;5.00;187;186;11.93;26.21
3300.00;3600.00;1872.00;24.04;E0_0_1600m;5.00;156;156;10.81;24.16
3300.00;3600.00;2244.00;25.89;E0_1_1600m;5.00;187;188;12.07;26.06
3300.00;3600.00;1872.00;24.09;E0_0_1700m;5.00;156;156;10.79;24.20
3300.00;3600.00;2256.00;25.86;E0_1_1700m;5.00;188;187;12.08;26.02
3300.00;3600.00;1872.00;24.14;E0_0_1800m;5.00;156;156;10.77;24.26
3300.00;3600.00;2256.00;25.90;E0_1_1800m;5.00;188;188;12.10;26.07
3300.00;3600.00;1860.00;24.20;E0_0_1900m;5.00;155;155;10.68;24.32
3300.00;3600.00;2268.00;25.76;E0_1_1900m;5.00;189;188;12.19;25.91
3300.00;3600.00;1884.00;24.23;E0_0_2000m;5.00;157;157;10.80;24.34
3300.00;3600.00;2280.00;25.63;E0_1_2000m;5.00;190;190;12.36;25.76
3300.00;3600.00;1896.00;24.28;E0_0_2100m;5.00;158;158;10.85;24.37
3300.00;3600.00;2268.00;25.49;E0_1_2100m;5.00;189;189;12.36;25.62
3300.00;3600.00;1944.00;24.35;E0_0_2200m;5.00;162;162;11.09;24.43
3300.00;3600.00;2268.00;25.46;E0_1_2200m;5.00;189;190;12.38;25.59
3300.00;3600.00;1920.00;24.33;E0_0_2300m;5.00;160;160;10.96;24.39
3300.00;3600.00;2292.00;25.28;E0_1_2300m;5.00;191;191;12.59;25.38
3300.00;3600.00;1920.00;24.03;E0_0_2400m;5.00;160;160;11.10;24.10
3300.00;3600.00;2328.00;25.19;E0_1_2400m;5.00;194;194;12.83;25.28
3300.00;3600.00;1932.00;23.93;E0_0_2500m;5.00;161;161;11.21;24.00
3300.00;3600.00;2364.00;25.15;E0_1_2500m;5.00;197;197;13.06;25.23
3300.00;3600.00;1932.00;23.98;E0_0_2600m;5.00;161;161;11.19;24.05
3300.00;3600.00;2364.00;25.03;E0_1_2600m;5.00;197;197;13.12;25.09
3300.00;3600.00;1944.00;23.91;E0_0_2700m;5.00;162;161;11.28;23.97
3300.00;3600.00;2364.00;24.91;E0_1_2700m;5.00;197;197;13.18;24.94
3300.00;3600.00;1956.00;23.82;E0_0_2800m;5.00;163;163;11.41;23.89
3300.00;3600.00;2364.00;24.83;E0_1_2800m;5.00;197;197;13.22;24.87
3300.00;3600.00;1980.00;23.78;E0_0_2900m;5.00;165;164;11.53;23.85
3300.00;3600.00;2364.00;24.84;E0_1_2900m;5.00;197;197;13.23;24.88
3300.00;3600.00;1968.00;23.76;E0_0_3000m;5.00;164;164;11.50;23.84
3300.00;3600.00;2340.00;24.80;E0_1_3000m;5.00;195;195;13.10;24.84
3300.00;3600.00;1920.00;23.71;E0_0_3100m;5.00;160;160;11.24;23.80
3300.00;3600.00;2316.00;24.70;E0_1_3100m;5.00;193;193;13.02;24.72
3300.00;3600.00;1920.00;23.70;E0_0_3200m;5.00;160;159;11.23;23.79
3300.00;3600.00;2292.00;24.66;E0_1_3200m;5.00;191;190;12.89;24.67
3300.00;3600.00;1908.00;23.69;E0_0_3300m;5.00;159;158;11.12;23.79
3300.00;3600.00;2292.00;24.65;E0_1_3300m;5.00;191;190;12.86;24.67
3300.00;3600.00;1896.00;23.72;E0_0_3400m;5.00;158;158;11.10;23.82
3300.00;3600.00;2292.00;24.64;E0_1_3400m;5.00;191;191;12.92;24.66
3300.00;3600.00;1872.00;23.71;E0_0_3500m;5.00;156;156;10.97;23.81
3300.00;3600.00;2292.00;24.70;E0_1_3500m;5.00;191;191;12.89;24.72
3300.00;3600.00;1884.00;23.73;E0_0_3600m;5.00;157;156;10.98;23.84
3300.00;3600.00;2292.00;24.77;E0_1_3600m;5.00;191;191;12.85;24.79
3300.00;3600.00;1896.00;23.75;E0_0_3700m;5.00;158;158;11.09;23.87
3300.00;3600.00;2316.00;24.85;E0_1_3700m;5.00;193;193;12.95;24.87
3300.00;3600.00;1896.00;23.78;E0_0_3800m;5.00;158;158;11.07;23.89
3300.00;3600.00;2304.00;24.94;E0_1_3800m;5.00;192;192;12.83;24.97
3300.00;3600.00;1872.00;23.80;E0_0_3900m;5.00;156;157;10.96;23.91
3300.00;3600.00;2304.00;25.03;E0_1_3900m;5.00;192;191;12.77;25.06
3300.00;3600.00;1896.00;23.81;E0_0_4000m;5.00;158;158;11.06;23.93
3300.00;3600.00;2292.00;25.13;E0_1_4000m;5.00;191;191;12.67;25.17
3300.00;3600.00;1908.00;23.83;E0_0_4100m;5.00;159;159;11.12;23.94
3300.00;3600.00;2292.00;25.12;E0_1_4100m;5.00;191;191;12.67;25.15
3300.00;3600.00;1932.00;23.84;E0_0_4200m;5.00;161;161;11.26;23.95
3300.00;3600.00;2292.00;25.15;E0_1_4200m;5.00;191;191;12.66;25.19
3300.00;3600.00;1944.00;23.88;E0_0_4300m;5.00;162;162;11.31;23.99
3300.00;3600.00;2280.00;25.19;E0_1_4300m;5.00;190;191;12.64;25.23
3300.00;3600.00;1944.00;23.86;E0_0_4400m;5.00;162;162;11.32;23.97
3300.00;3600.00;2280.00;25.15;E0_1_4400m;5.00;190;191;12.65;25.18
3300.00;3600.00;1944.00;23.84;E0_0_4500m;5.00;162;162;11.32;23.95
3300.00;3600.00;2280.00;25.16;E0_1_4500m;5.00;190;191;12.63;25.19
3300.00;3600.00;1932.00;23.87;E0_0_4600m;5.00;161;161;11.24;23.97
3300.00;3600.00;2292.00;25.21;E0_1_4600m;5.00;191;192;12.67;25.25
3300.00;3600.00;1968.00;23.86;E0_0_4700m;5.00;164;164;11.46;23.96
3300.00;3600.00;2304.00;25.24;E0_1_4700m;5.00;192;192;12.68;25.28
3300.00;3600.00;2004.00;23.88;E0_0_4800m;5.00;167;167;11.65;23.98
3300.00;3600.00;2340.00;25.24;E0_1_4800m;5.00;195;195;12.88;25.29
3300.00;3600.00;2028.00;23.90;E0_0_4900m;5.00;169;169;11.78;24.00
3300.00;3600.00;2364.00;25.26;E0_1_4900m;5.00;197;198;13.05;25.31
3300.00;3600.00;2028.00;24.01;E0_0_5000m;5.00;169;169;11.73;24.11
3300.00;3600.00;2376.00;25.28;E0_1_5000m;5.00;198;198;13.05;25.33
3600.00;3900.00;0.00;-1.00;E0_0_0m;-1.00;0;0;0.00;-1.00
3600.00;3900.00;0.00;-1.00;E0_1_0m;-1.00;0;0;0.00;-1.00
3600.00;3900.00;2148.00;24.19;E0_0_100m;5.00;179;179;12.33;24.33
3600.00;3900.00;2316.00;25.83;E0_1_100m;5.00;193;193;12.45;26.00
3600.00;3900.00;2148.00;23.83;E0_0_200m;5.00;179;179;12.52;23.97
3600.00;3900.00;2316.00;25.80;E0_1_200m;5.00;193;193;12.47;26.01
3600.00;3900.00;2160.00;23.49;E0_0_300m;5.00;180;181;12.81;23.61
3600.00;3900.00;2328.00;25.53;E0_1_300m;5.00;194;194;12.67;25.72
3600.00;3900.00;2160.00;23.37;E0_0_400m;5.00;180;180;12.84;23.47
3600.00;3900.00;2340.00;25.17;E0_1_400m;5.00;195;196;12.94;25.33
3600.00;3900.00;2160.00;23.37;E0_0_500m;5.00;180;180;12.84;23.44
3600.00;3900.00;2340.00;24.89;E0_1_500m;5.00;195;195;13.06;25.01
3600.00;3900.00;2196.00;23.27;E0_0_600m;5.00;183;183;13.11;23.34
3600.00;3900.00;2340.00;24.73;E0_1_600m;5.00;195;195;13.14;24.85
3600.00;3900.00;2208.00;23.14;E0_0_700m;5.00;184;184;13.25;23.21
3600.00;3900.00;2328.00;24.63;E0_1_700m;5.00;194;194;13.13;24.73
3600.00;3900.00;2220.00;23.02;E0_0_800m;5.00;185;184;13.35;23.10
3600.00;3900.00;2340.00;24.43;E0_1_800m;5.00;195;195;13.30;24.54
3600.00;3900.00;2196.00;22.97;E0_0_900m;5.00;183;183;13.28;23.05
3600.00;3900.00;2364.00;24.40;E0_1_900m;5.00;197;197;13.46;24.53
3600.00;3900.00;2184.00;23.04;E0_0_1000m;5.00;182;183;13.20;23.10
3600.00;3900.00;2364.00;24.41;E0_1_1000m;5.00;197;197;13.45;24.56
3600.00;3900.00;2172.00;23.11;E0_0_1100m;5.00;181;182;13.06;23.17
3600.00;3900.00;2376.00;24.39;E0_1_1100m;5.00;198;198;13.53;24.54
3600.00;3900.00;2148.00;23.00;E0_0_1200m;5.00;179;179;12.97;23.06
3600.00;3900.00;2364.00;24.36;E0_1_1200m;5.00;197;197;13.48;24.51
3600.00;3900.00;2112.00;22.89;E0_0_1300m;5.00;176;176;12.81;22.96
3600.00;3900.00;2340.00;24.38;E0_1_1300m;5.00;195;196;13.36;24.53
3600.00;3900.00;2112.00;22.87;E0_0_1400m;5.00;176;176;12.83;22.95
3600.00;3900.00;2340.00;24.45;E0_1_1400m;5.00;195;195;13.29;24.60
3600.00;3900.00;2088.00;22.91;E0_0_1500m;5.00;174;174;12.66;23.01
3600.00;3900.00;2316.00;24.49;E0_1_1500m;5.00;193;193;13.13;24.64
3600.00;3900.00;2088.00;22.95;E0_0_1600m;5.00;174;174;12.64;23.04
3600.00;3900.00;2316.00;24.62;E0_1_1600m;5.00;193;192;13.03;24.77
3600.00;3900.00;2052.00;22.86;E0_0_1700m;5.00;171;171;12.47;22.94
3600.00;3900.00;2304.00;24.74;E0_1_1700m;5.00;192;192;12.93;24.89
3600.00;3900.00;2064.00;22.85;E0_0_1800m;5.00;172;172;12.55;22.94
3600.00;3900.00;2280.00;24.93;E0_1_1800m;5.00;190;190;12.70;25.08
3600.00;3900.00;2124.00;22.94;E0_0_1900m;5.00;177;177;12.86;23.04
3600.00;3900.00;2280.00;24.92;E0_1_1900m;5.00;190;190;12.71;25.07
3600.00;3900.00;2076.00;22.94;E0_0_2000m;5.00;173;173;12.57;23.06
3600.00;3900.00;2304.00;24.90;E0_1_2000m;5.00;192;192;12.85;25.07
3600.00;3900.00;2064.00;22.93;E0_0_2100m;5.00;172;172;12.50;23.03
3600.00;3900.00;2304.00;24.95;E0_1_2100m;5.00;192;192;12.82;25.14
3600.00;3900.00;2004.00;22.92;E0_0_2200m;5.00;167;168;12.19;23.02
3600.00;3900.00;2316.00;25.03;E0_1_2200m;5.00;193;193;12.85;25.23
3600.00;3900.00;1992.00;22.95;E0_0_2300m;5.00;166;166;12.06;23.05
3600.00;3900.00;2304.00;25.19;E0_1_2300m;5.00;192;193;12.72;25.42
3600.00;3900.00;2004.00;23.08;E0_0_2400m;5.00;167;167;12.06;23.20
3600.00;3900.00;2268.00;25.27;E0_1_2400m;5.00;189;189;12.47;25.52
3600.00;3900.00;2004.00;23.17;E0_0_2500m;5.00;167;167;12.01;23.29
3600.00;3900.00;2256.00;25.34;E0_1_2500m;5.00;188;188;12.37;25.60
3600.00;3900.00;1980.00;23.25;E0_0_2600m;5.00;165;165;11.83;23.40
3600.00;3900.00;2256.00;25.50;E0_1_2600m;5.00;188;188;12.29;25.77
3600.00;3900.00;1944.00;23.32;E0_0_2700m;5.00;162;163;11.63;23.47
3600.00;3900.00;2244.00;25.64;E0_1_2700m;5.00;187;187;12.16;25.91
3600.00;3900.00;1920.00;23.43;E0_0_2800m;5.00;160;160;11.38;23.58
3600.00;3900.00;2244.00;25.67;E0_1_2800m;5.00;187;187;12.14;25.91
3600.00;3900.00;1908.00;23.40;E0_0_2900m;5.00;159;159;11.33;23.52
3600.00;3900.00;2220.00;25.65;E0_1_2900m;5.00;185;185;12.02;25.86
3600.00;3900.00;1896.00;23.40;E0_0_3000m;5.00;158;159;11.31;23.52
3600.00;3900.00;2220.00;25.55;E0_1_3000m;5.00;185;185;12.07;25.76
3600.00;3900.00;1884.00;23.38;E0_0_3100m;5.00;157;157;11.19;23.48
3600.00;3900.00;2232.00;25.47;E0_1_3100m;5.00;186;186;12.17;25.67
3600.00;3900.00;1848.00;23.34;E0_0_3200m;5.00;154;154;11.00;23.44
3600.00;3900.00;2244.00;25.40;E0_1_3200m;5.00;187;187;12.27;25.61
3600.00;3900.00;1836.00;23.45;E0_0_3300m;5.00;153;154;10.95;23.54
3600.00;3900.00;2244.00;25.36;E0_1_3300m;5.00;187;187;12.29;25.56
3600.00;3900.00;1824.00;23.43;E0_0_3400m;5.00;152;152;10.81;23.52
3600.00;3900.00;2232.00;25.33;E0_1_3400m;5.00;186;187;12.28;25.52
3600.00;3900.00;1812.00;23.45;E0_0_3500m;5.00;151;151;10.73;23.54
3600.00;3900.00;2256.00;25.31;E0_1_3500m;5.00;188;188;12.38;25.50
3600.00;3900.00;1824.00;23.46;E0_0_3600m;5.00;152;152;10.80;23.55
3600.00;3900.00;2232.00;25.36;E0_1_3600m;5.00;186;187;12.23;25.57
3600.00;3900.00;1836.00;23.59;E0_0_3700m;5.00;153;153;10.81;23.68
3600.00;3900.00;2172.00;25.32;E0_1_3700m;5.00;181;181;11.92;25.54
3600.00;3900.00;1836.00;23.61;E0_0_3800m;5.00;153;153;10.80;23.70
3600.00;3900.00;2160.00;25.27;E0_1_3800m;5.00;180;180;11.87;25.49
3600.00;3900.00;1824.00;23.70;E0_0_3900m;5.00;152;152;10.66;23.78
3600.00;3900.00;2148.00;25.25;E0_1_3900m;5.00;179;179;11.82;25.45
3600.00;3900.00;1800.00;23.72;E0_0_4000m;5.00;150;150;10.54;23.80
3600.00;3900.00;2160.00;25.20;E0_1_4000m;5.00;180;180;11.91;25.41
3600.00;3900.00;1800.00;23.73;E0_0_4100m;5.00;150;150;10.54;23.80
3600.00;3900.00;2148.00;25.18;E0_1_4100m;5.00;179;179;11.85;25.38
3600.00;3900.00;1776.00;23.72;E0_0_4200m;5.00;148;148;10.40;23.79
3600.00;3900.00;2148.00;25.06;E0_1_4200m;5.00;179;179;11.90;25.26
3600.00;3900.00;1776.00;23.73;E0_0_4300m;5.00;148;148;10.39;23.80
3600.00;3900.00;2136.00;25.01;E0_1_4300m;5.00;178;178;11.81;25.21
3600.00;3900.00;1764.00;23.84;E0_0_4400m;5.00;147;147;10.28;23.89
3600.00;3900.00;2136.00;24.92;E0_1_4400m;5.00;178;177;11.85;25.11
3600.00;3900.00;1740.00;23.86;E0_0_4500m;5.00;145;145;10.13;23.90
3600.00;3900.00;2160.00;24.86;E0_1_4500m;5.00;180;179;12.02;25.04
3600.00;3900.00;1716.00;23.95;E0_0_4600m;5.00;143;144;10.03;24.00
3600.00;3900.00;2172.00;24.87;E0_1_4600m;5.00;181;180;12.09;25.05
3600.00;3900.00;1704.00;24.00;E0_0_4700m;5.00;142;142;9.86;24.04
3600.00;3900.00;2124.00;24.93;E0_1_4700m;5.00;177;178;11.89;25.14
3600.00;3900.00;1716.00;24.07;E0_0_4800m;5.00;143;143;9.90;24.11
3600.00;3900.00;2064.00;24.93;E0_1_4800m;5.00;172;172;11.50;25.15
3600.00;3900.00;1704.00;24.05;E0_0_4900m;5.00;142;142;9.84;24.09
3600.00;3900.00;2028.00;24.92;E0_1_4900m;5.00;169;169;11.26;25.12
3600.00;3900.00;1692.00;23.98;E0_0_5000m;5.00;141;142;9.86;24.03
3600.00;3900.00;2028.00;24.91;E0_1_5000m;5.00;169;169;11.31;25.09
3900.00;4200.00;0.00;-1.00;E0_0_0m;-1.00;0;0;0.00;-1.00
3900.00;4200.00;0.00;-1.00;E0_1_0m;-1.00;0;0;0.00;-1.00
3900.00;4200.00;1716.00;26.03;E0_0_100m;5.00;143;144;9.17;26.16
3900.00;4200.00;2232.00;27.34;E0_1_100m;5.00;186;186;11.34;27.49
3900.00;4200.00;1800.00;26.52;E0_0_200m;5.00;150;150;9.43;26.67
3900.00;4200.00;2172.00;28.14;E0_1_200m;5.00;181;181;10.72;28.32
3900.00;4200.00;1776.00;26.57;E0_0_300m;5.00;148;148;9.27;26.70
3900.00;4200.00;2208.00;28.30;E0_1_300m;5.00;184;184;10.84;28.50
3900.00;4200.00;1752.00;26.23;E0_0_400m;5.00;146;146;9.28;26.45
3900.00;4200.00;2268.00;28.38;E0_1_400m;5.00;189;188;11.07;28.54
3900.00;4200.00;1788.00;25.67;E0_0_500m;5.00;149;149;9.68;25.99
3900.00;4200.00;2244.00;28.41;E0_1_500m;5.00;187;188;11.00;28.55
3900.00;4200.00;1752.00;25.23;E0_0_600m;5.00;146;146;9.65;25.62
3900.00;4200.00;2256.00;28.37;E0_1_600m;5.00;188;189;11.08;28.49
3900.00;4200.00;1752.00;25.01;E0_0_700m;5.00;146;146;9.73;25.45
3900.00;4200.00;2280.00;28.22;E0_1_700m;5.00;190;190;11.22;28.35
3900.00;4200.00;1740.00;24.30;E0_0_800m;5.00;145;145;9.94;24.81
3900.00;4200.00;2268.00;28.26;E0_1_800m;5.00;189;189;11.15;28.35
3900.00;4200.00;1764.00;23.52;E0_0_900m;5.00;147;147;10.42;24.02
3900.00;4200.00;2232.00;28.33;E0_1_900m;5.00;186;186;10.94;28.42
3900.00;4200.00;1764.00;23.07;E0_0_1000m;5.00;147;148;10.68;23.56
3900.00;4200.00;2232.00;28.15;E0_1_1000m;5.00;186;186;11.01;28.26
3900.00;4200.00;1764.00;22.65;E0_0_1100m;5.00;147;147;10.86;23.23
3900.00;4200.00;2256.00;28.02;E0_1_1100m;5.00;188;188;11.18;28.17
3900.00;4200.00;1776.00;22.40;E0_0_1200m;5.00;148;148;11.01;23.00
3900.00;4200.00;2256.00;27.84;E0_1_1200m;5.00;188;188;11.25;28.02
3900.00;4200.00;1800.00;22.36;E0_0_1300m;5.00;150;150;11.18;22.95
3900.00;4200.00;2292.00;27.53;E0_1_1300m;5.00;191;190;11.53;27.74
3900.00;4200.00;1848.00;22.21;E0_0_1400m;5.00;154;154;11.56;22.70
3900.00;4200.00;2304.00;27.34;E0_1_1400m;5.00;192;192;11.71;27.58
3900.00;4200.00;1860.00;21.95;E0_0_1500m;5.00;155;155;11.77;22.38
3900.00;4200.00;2316.00;27.09;E0_1_1500m;5.00;193;193;11.87;27.38
3900.00;4200.00;1872.00;21.90;E0_0_1600m;5.00;156;156;11.87;22.32
3900.00;4200.00;2304.00;26.87;E0_1_1600m;5.00;192;192;11.91;27.20
3900.00;4200.00;1884.00;21.62;E0_0_1700m;5.00;157;158;12.16;22.02
3900.00;4200.00;2328.00;26.62;E0_1_1700m;5.00;194;194;12.15;26.98
3900.00;4200.00;1932.00;21.40;E0_0_1800m;5.00;161;161;12.54;21.83
3900.00;4200.00;2316.00;26.39;E0_1_1800m;5.00;193;193;12.19;26.75
3900.00;4200.00;1872.00;21.27;E0_0_1900m;5.00;156;156;12.22;21.67
3900.00;4200.00;2304.00;26.29;E0_1_1900m;5.00;192;192;12.17;26.66
3900.00;4200.00;1872.00;21.21;E0_0_2000m;5.00;156;156;12.26;21.59
3900.00;4200.00;2292.00;26.15;E0_1_2000m;5.00;191;192;12.21;26.51
3900.00;4200.00;1872.00;21.06;E0_0_2100m;5.00;156;156;12.34;21.42
3900.00;4200.00;2316.00;26.06;E0_1_2100m;5.00;193;193;12.34;26.42
3900.00;4200.00;1884.00;20.99;E0_0_2200m;5.00;157;157;12.47;21.34
3900.00;4200.00;2328.00;25.98;E0_1_2200m;5.00;194;194;12.44;26.32
3900.00;4200.00;1896.00;20.98;E0_0_2300m;5.00;158;158;12.55;21.35
3900.00;4200.00;2328.00;25.72;E0_1_2300m;5.00;194;194;12.59;26.06
3900.00;4200.00;1872.00;20.92;E0_0_2400m;5.00;156;156;12.43;21.28
3900.00;4200.00;2364.00;25.53;E0_1_2400m;5.00;197;197;12.86;25.90
3900.00;4200.00;1884.00;20.64;E0_0_2500m;5.00;157;157;12.68;21.01
3900.00;4200.00;2340.00;25.46;E0_1_2500m;5.00;195;195;12.77;25.80
3900.00;4200.00;1920.00;20.57;E0_0_2600m;5.00;160;160;12.97;20.94
3900.00;4200.00;2328.00;25.33;E0_1_2600m;5.00;194;195;12.80;25.66
3900.00;4200.00;1956.00;20.48;E0_0_2700m;5.00;163;162;13.22;20.87
3900.00;4200.00;2352.00;25.17;E0_1_2700m;5.00;196;196;12.98;25.50
3900.00;4200.00;1956.00;20.19;E0_0_2800m;5.00;163;163;13.46;20.57
3900.00;4200.00;2388.00;25.06;E0_1_2800m;5.00;199;199;13.23;25.37
3900.00;4200.00;1956.00;19.99;E0_0_2900m;5.00;163;164;13.62;20.33
3900.00;4200.00;2400.00;25.10;E0_1_2900m;5.00;200;201;13.31;25.41
3900.00;4200.00;2028.00;20.10;E0_0_3000m;5.00;169;168;13.96;20.44
3900.00;4200.00;2376.00;25.18;E0_1_3000m;5.00;198;198;13.11;25.49
3900.00;4200.00;2040.00;20.09;E0_0_3100m;5.00;170;171;14.11;20.37
3900.00;4200.00;2364.00;25.22;E0_1_3100m;5.00;197;197;13.02;25.55
3900.00;4200.00;2064.00;20.07;E0_0_3200m;5.00;172;172;14.28;20.31
3900.00;4200.00;2352.00;25.10;E0_1_3200m;5.00;196;196;13.01;25.44
3900.00;4200.00;2112.00;20.15;E0_0_3300m;5.00;176;175;14.48;20.37
3900.00;4200.00;2376.00;25.03;E0_1_3300m;5.00;198;198;13.19;25.37
3900.00;4200.00;2124.00;20.19;E0_0_3400m;5.00;177;178;14.62;20.40
3900.00;4200.00;2412.00;24.97;E0_1_3400m;5.00;201;200;13.38;25.30
3900.00;4200.00;2136.00;20.18;E0_0_3500m;5.00;178;178;14.70;20.40
3900.00;4200.00;2400.00;24.94;E0_1_3500m;5.00;200;200;13.37;25.27
3900.00;4200.00;2112.00;19.97;E0_0_3600m;5.00;176;176;14.69;20.18
3900.00;4200.00;2424.00;24.87;E0_1_3600m;5.00;202;202;13.54;25.18
3900.00;4200.00;2112.00;19.87;E0_0_3700m;5.00;176;177;14.83;20.08
3900.00;4200.00;2436.00;24.77;E0_1_3700m;5.00;203;203;13.66;25.06
3900.00;4200.00;2124.00;19.93;E0_0_3800m;5.00;177;177;14.80;20.15
3900.00;4200.00;2436.00;24.64;E0_1_3800m;5.00;203;203;13.73;24.92
3900.00;4200.00;2124.00;20.02;E0_0_3900m;5.00;177;176;14.73;20.23
3900.00;4200.00;2436.00;24.52;E0_1_3900m;5.00;203;203;13.80;24.79
3900.00;4200.00;2112.00;20.10;E0_0_4000m;5.00;176;176;14.59;20.31
3900.00;4200.00;2436.00;24.41;E0_1_4000m;5.00;203;203;13.86;24.68
3900.00;4200.00;2124.00;20.22;E0_0_4100m;5.00;177;177;14.59;20.43
3900.00;4200.00;2436.00;24.30;E0_1_4100m;5.00;203;203;13.92;24.56
3900.00;4200.00;2112.00;20.38;E0_0_4200m;5.00;176;176;14.40;20.56
3900.00;4200.00;2436.00;24.15;E0_1_4200m;5.00;203;203;14.01;24.37
3900.00;4200.00;2124.00;20.51;E0_0_4300m;5.00;177;177;14.39;20.67
3900.00;4200.00;2424.00;24.05;E0_1_4300m;5.00;202;202;14.00;24.26
3900.00;4200.00;2100.00;20.63;E0_0_4400m;5.00;175;176;14.17;20.77
3900.00;4200.00;2436.00;23.97;E0_1_4400m;5.00;203;203;14.11;24.17
3900.00;4200.00;2100.00;20.77;E0_0_4500m;5.00;175;176;14.09;20.91
3900.00;4200.00;2436.00;23.92;E0_1_4500m;5.00;203;204;14.19;24.11
3900.00;4200.00;2112.00;20.64;E0_0_4600m;5.00;176;175;14.13;20.78
3900.00;4200.00;2436.00;23.97;E0_1_4600m;5.00;203;203;14.12;24.14
3900.00;4200.00;2100.00;20.74;E0_0_4700m;5.00;175;175;14.07;20.89
3900.00;4200.00;2448.00;23.94;E0_1_4700m;5.00;204;203;14.14;24.12
3900.00;4200.00;2112.00;20.82;E0_0_4800m;5.00;176;176;14.09;20.97
3900.00;4200.00;2412.00;23.89;E0_1_4800m;5.00;201;201;14.03;24.07
3900.00;4200.00;2088.00;20.91;E0_0_4900m;5.00;174;174;13.87;21.05
3900.00;4200.00;2412.00;23.64;E0_1_4900m;5.00;201;200;14.16;23.79
3900.00;4200.00;2076.00;21.02;E0_0_5000m;5.00;173;173;13.69;21.14
3900.00;4200.00;2412.00;23.45;E0_1_5000m;5.00;201;202;14.32;23.57
4200.00;4500.00;0.00;-1.00;E0_0_0m;-1.00;0;0;0.00;-1.00
4200.00;4500.00;0.00;-1.00;E0_1_0m;-1.00;0;0;0.00;-1.00
4200.00;4500.00;1728.00;27.12;E0_0_100m;5.00;144;144;8.85;27.25
4200.00;4500.00;2124.00;28.42;E0_1_100m;5.00;177;177;10.38;28.55
4200.00;4500.00;1764.00;26.99;E0_0_200m;5.00;147;147;9.08;27.15
4200.00;4500.00;2112.00;28.39;E0_1_200m;5.00;176;176;10.33;28.54
4200.00;4500.00;1788.00;26.79;E0_0_300m;5.00;149;149;9.27;26.95
4200.00;4500.00;2100.00;28.07;E0_1_300m;5.00;175;175;10.39;28.24
4200.00;4500.00;1752.00;26.70;E0_0_400m;5.00;146;146;9.11;26.87
4200.00;4500.00;2100.00;27.82;E0_1_400m;5.00;175;175;10.48;27.99
4200.00;4500.00;1728.00;26.62;E0_0_500m;5.00;144;144;9.02;26.81
4200.00;4500.00;2112.00;27.79;E0_1_500m;5.00;176;175;10.52;27.97
4200.00;4500.00;1740.00;26.63;E0_0_600m;5.00;145;145;9.08;26.80
4200.00;4500.00;2088.00;27.84;E0_1_600m;5.00;174;173;10.38;28.01
4200.00;4500.00;1704.00;26.69;E0_0_700m;5.00;142;142;8.87;26.83
4200.00;4500.00;2100.00;27.86;E0_1_700m;5.00;175;175;10.47;28.02
4200.00;4500.00;1692.00;26.75;E0_0_800m;5.00;141;142;8.81;26.88
4200.00;4500.00;2124.00;27.88;E0_1_800m;5.00;177;177;10.58;28.03
4200.00;4500.00;1668.00;26.59;E0_0_900m;5.00;139;140;8.77;26.72
4200.00;4500.00;2136.00;28.00;E0_1_900m;5.00;178;178;10.59;28.13
4200.00;4500.00;1668.00;26.54;E0_0_1000m;5.00;139;139;8.70;26.66
4200.00;4500.00;2136.00;28.18;E0_1_1000m;5.00;178;178;10.53;28.29
4200.00;4500.00;1668.00;26.79;E0_0_1100m;5.00;139;140;8.66;26.88
4200.00;4500.00;2124.00;28.16;E0_1_1100m;5.00;177;177;10.48;28.31
4200.00;4500.00;1668.00;26.69;E0_0_1200m;5.00;139;139;8.68;26.77
4200.00;4500.00;2136.00;28.24;E0_1_1200m;5.00;178;178;10.50;28.37
4200.00;4500.00;1680.00;26.44;E0_0_1300m;5.00;140;140;8.83;26.53
4200.00;4500.00;2136.00;28.14;E0_1_1300m;5.00;178;178;10.54;28.26
4200.00;4500.00;1704.00;26.16;E0_0_1400m;5.00;142;142;9.05;26.28
4200.00;4500.00;2124.00;28.11;E0_1_1400m;5.00;177;178;10.50;28.24
4200.00;4500.00;1728.00;26.18;E0_0_1500m;5.00;144;144;9.17;26.27
4200.00;4500.00;2112.00;28.12;E0_1_1500m;5.00;176;176;10.43;28.25
4200.00;4500.00;1716.00;26.15;E0_0_1600m;5.00;143;143;9.12;26.25
4200.00;4500.00;2124.00;28.05;E0_1_1600m;5.00;177;177;10.52;28.16
4200.00;4500.00;1704.00;26.15;E0_0_1700m;5.00;142;142;9.05;26.25
4200.00;4500.00;2136.00;28.03;E0_1_1700m;5.00;178;178;10.58;28.12
4200.00;4500.00;1656.00;26.17;E0_0_1800m;5.00;138;138;8.79;26.28
4200.00;4500.00;2148.00;28.02;E0_1_1800m;5.00;179;179;10.65;28.10
4200.00;4500.00;1656.00;26.23;E0_0_1900m;5.00;138;139;8.81;26.34
4200.00;4500.00;2148.00;28.05;E0_1_1900m;5.00;179;181;10.71;28.12
4200.00;4500.00;1632.00;26.14;E0_0_2000m;5.00;136;136;8.67;26.25
4200.00;4500.00;2184.00;28.02;E0_1_2000m;5.00;182;181;10.79;28.08
4200.00;4500.00;1668.00;26.17;E0_0_2100m;5.00;139;139;8.85;26.29
4200.00;4500.00;2172.00;28.03;E0_1_2100m;5.00;181;181;10.76;28.10
4200.00;4500.00;1692.00;26.12;E0_0_2200m;5.00;141;141;9.00;26.24
4200.00;4500.00;2196.00;28.07;E0_1_2200m;5.00;183;183;10.87;28.15
4200.00;4500.00;1752.00;25.90;E0_0_2300m;5.00;146;146;9.39;26.04
4200.00;4500.00;2196.00;28.12;E0_1_2300m;5.00;183;182;10.81;28.21
4200.00;4500.00;1716.00;25.90;E0_0_2400m;5.00;143;143;9.20;26.04
4200.00;4500.00;2208.00;28.07;E0_1_2400m;5.00;184;184;10.92;28.17
4200.00;4500.00;1644.00;25.85;E0_0_2500m;5.00;137;137;8.83;25.98
4200.00;4500.00;2244.00;28.12;E0_1_2500m;5.00;187;188;11.11;28.23
4200.00;4500.00;1716.00;25.93;E0_0_2600m;5.00;143;143;9.19;26.11
4200.00;4500.00;2220.00;28.28;E0_1_2600m;5.00;185;185;10.92;28.40
4200.00;4500.00;1680.00;25.90;E0_0_2700m;5.00;140;141;9.01;26.06
4200.00;4500.00;2232.00;28.21;E0_1_2700m;5.00;186;186;10.99;28.39
4200.00;4500.00;1716.00;25.86;E0_0_2800m;5.00;143;143;9.22;26.02
4200.00;4500.00;2172.00;28.45;E0_1_2800m;5.00;181;182;10.64;28.60
4200.00;4500.00;1692.00;25.82;E0_0_2900m;5.00;141;140;9.07;25.97
4200.00;4500.00;2196.00;28.49;E0_1_2900m;5.00;183;182;10.67;28.63
4200.00;4500.00;1668.00;25.77;E0_0_3000m;5.00;139;139;8.99;25.92
4200.00;4500.00;2196.00;28.48;E0_1_3000m;5.00;183;183;10.71;28.62
4200.00;4500.00;1692.00;25.64;E0_0_3100m;5.00;141;140;9.16;25.79
4200.00;4500.00;2184.00;28.52;E0_1_3100m;5.00;182;183;10.66;28.66
4200.00;4500.00;1692.00;25.56;E0_0_3200m;5.00;141;141;9.19;25.71
4200.00;4500.00;2196.00;28.53;E0_1_3200m;5.00;183;183;10.69;28.67
4200.00;4500.00;1668.00;25.62;E0_0_3300m;5.00;139;139;9.04;25.77
4200.00;4500.00;2184.00;28.48;E0_1_3300m;5.00;182;182;10.65;28.62
4200.00;4500.00;1632.00;25.53;E0_0_3400m;5.00;136;136;8.92;25.69
4200.00;4500.00;2184.00;28.47;E0_1_3400m;5.00;182;182;10.65;28.61
4200.00;4500.00;1668.00;25.40;E0_0_3500m;5.00;139;139;9.12;25.57
4200.00;4500.00;2160.00;28.51;E0_1_3500m;5.00;180;180;10.52;28.63
4200.00;4500.00;1680.00;25.24;E0_0_3600m;5.00;140;140;9.25;25.43
4200.00;4500.00;2172.00;28.52;E0_1_3600m;5.00;181;181;10.58;28.63
4200.00;4500.00;1704.00;24.93;E0_0_3700m;5.00;142;141;9.42;25.18
4200.00;4500.00;2136.00;28.54;E0_1_3700m;5.00;178;178;10.39;28.64
4200.00;4500.00;1704.00;24.70;E0_0_3800m;5.00;142;142;9.58;25.03
4200.00;4500.00;2124.00;28.48;E0_1_3800m;5.00;177;177;10.36;28.57
4200.00;4500.00;1680.00;24.44;E0_0_3900m;5.00;140;140;9.55;24.83
4200.00;4500.00;2184.00;28.35;E0_1_3900m;5.00;182;182;10.70;28.43
4200.00;4500.00;1704.00;24.06;E0_0_4000m;5.00;142;142;9.84;24.49
4200.00;4500.00;2196.00;28.27;E0_1_4000m;5.00;183;183;10.79;28.33
4200.00;4500.00;1752.00;23.53;E0_0_4100m;5.00;146;146;10.34;23.96
4200.00;4500.00;2172.00;28.22;E0_1_4100m;5.00;181;181;10.69;28.28
4200.00;4500.00;1776.00;23.04;E0_0_4200m;5.00;148;148;10.71;23.51
4200.00;4500.00;2172.00;28.17;E0_1_4200m;5.00;181;182;10.76;28.24
4200.00;4500.00;1812.00;22.97;E0_0_4300m;5.00;151;151;10.96;23.48
4200.00;4500.00;2172.00;28.10;E0_1_4300m;5.00;181;181;10.74;28.18
4200.00;4500.00;1836.00;22.82;E0_0_4400m;5.00;153;152;11.14;23.32
4200.00;4500.00;2172.00;28.07;E0_1_4400m;5.00;181;181;10.75;28.14
4200.00;4500.00;1884.00;22.74;E0_0_4500m;5.00;157;157;11.51;23.29
4200.00;4500.00;2196.00;27.96;E0_1_4500m;5.00;183;182;10.86;28.04
4200.00;4500.00;1908.00;22.33;E0_0_4600m;5.00;159;159;11.87;22.93
4200.00;4500.00;2184.00;27.78;E0_1_4600m;5.00;182;182;10.92;27.87
4200.00;4500.00;1908.00;22.15;E0_0_4700m;5.00;159;159;11.96;22.73
4200.00;4500.00;2208.00;27.57;E0_1_4700m;5.00;184;184;11.12;27.68
4200.00;4500.00;1920.00;22.05;E0_0_4800m;5.00;160;160;12.09;22.64
4200.00;4500.00;2268.00;27.40;E0_1_4800m;5.00;189;190;11.55;27.51
4200.00;4500.00;1956.00;21.89;E0_0_4900m;5.00;163;163;12.41;22.43
4200.00;4500.00;2268.00;27.27;E0_1_4900m;5.00;189;189;11.55;27.40
4200.00;4500.00;1992.00;21.76;E0_0_5000m;5.00;166;165;12.69;22.29
4200.00;4500.00;2256.00;27.18;E0_1_5000m;5.00;188;187;11.49;27.31
4500.00;4800.00;0.00;-1.00;E0_0_0m;-1.00;0;0;0.00;-1.00
4500.00;4800.00;0.00;-1.00;E0_1_0m;-1.00;0;0;0.00;-1.00
4500.00;4800.00;1800.00;25.65;E0_0_100m;5.00;150;150;9.75;25.78
4500.00;4800.00;2208.00;26.81;E0_1_100m;5.00;184;184;11.44;26.96
4500.00;4800.00;1800.00;25.85;E0_0_200m;5.00;150;150;9.67;25.99
4500.00;4800.00;2184.00;27.01;E0_1_200m;5.00;182;182;11.23;27.26
4500.00;4800.00;1788.00;25.72;E0_0_300m;5.00;149;149;9.65;25.86
4500.00;4800.00;2184.00;26.99;E0_1_300m;5.00;182;182;11.24;27.24
4500.00;4800.00;1764.00;25.57;E0_0_400m;5.00;147;147;9.58;25.71
4500.00;4800.00;2184.00;26.83;E0_1_400m;5.00;182;182;11.31;27.05
4500.00;4800.00;1776.00;25.51;E0_0_500m;5.00;148;148;9.67;25.67
4500.00;4800.00;2196.00;26.60;E0_1_500m;5.00;183;183;11.47;26.83
4500.00;4800.00;1764.00;25.35;E0_0_600m;5.00;147;147;9.66;25.54
4500.00;4800.00;2196.00;26.46;E0_1_600m;5.00;183;183;11.53;26.69
4500.00;4800.00;1764.00;25.27;E0_0_700m;5.00;147;147;9.70;25.46
4500.00;4800.00;2172.00;26.35;E0_1_700m;5.00;181;181;11.45;26.61
4500.00;4800.00;1752.00;25.20;E0_0_800m;5.00;146;145;9.62;25.38
4500.00;4800.00;2148.00;26.23;E0_1_800m;5.00;179;179;11.37;26.47
4500.00;4800.00;1764.00;24.97;E0_0_900m;5.00;147;146;9.75;25.14
4500.00;4800.00;2160.00;26.19;E0_1_900m;5.00;180;180;11.45;26.42
4500.00;4800.00;1788.00;24.73;E0_0_1000m;5.00;149;148;10.01;24.90
4500.00;4800.00;2196.00;26.10;E0_1_1000m;5.00;183;183;11.69;26.30
4500.00;4800.00;1776.00;24.50;E0_0_1100m;5.00;148;148;10.07;24.67
4500.00;4800.00;2196.00;25.98;E0_1_1100m;5.00;183;183;11.74;26.18
4500.00;4800.00;1776.00;24.46;E0_0_1200m;5.00;148;148;10.08;24.63
4500.00;4800.00;2196.00;25.98;E0_1_1200m;5.00;183;183;11.74;26.18
4500.00;4800.00;1740.00;24.49;E0_0_1300m;5.00;145;146;9.92;24.65
4500.00;4800.00;2184.00;26.01;E0_1_1300m;5.00;182;182;11.66;26.22
4500.00;4800.00;1692.00;24.49;E0_0_1400m;5.00;141;142;9.66;24.64
4500.00;4800.00;2172.00;25.99;E0_1_1400m;5.00;181;181;11.61;26.17
4500.00;4800.00;1668.00;24.23;E0_0_1500m;5.00;139;139;9.56;24.38
4500.00;4800.00;2172.00;25.72;E0_1_1500m;5.00;181;181;11.73;25.91
4500.00;4800.00;1680.00;24.08;E0_0_1600m;5.00;140;140;9.69;24.23
4500.00;4800.00;2160.00;25.47;E0_1_1600m;5.00;180;180;11.78;25.69
4500.00;4800.00;1692.00;24.02;E0_0_1700m;5.00;141;141;9.79;24.16
4500.00;4800.00;2148.00;25.15;E0_1_1700m;5.00;179;179;11.86;25.37
4500.00;4800.00;1716.00;23.98;E0_0_1800m;5.00;143;143;9.94;24.13
4500.00;4800.00;2184.00;24.99;E0_1_1800m;5.00;182;182;12.14;25.22
4500.00;4800.00;1764.00;23.95;E0_0_1900m;5.00;147;146;10.19;24.11
4500.00;4800.00;2184.00;24.79;E0_1_1900m;5.00;182;181;12.18;25.04
4500.00;4800.00;1764.00;23.87;E0_0_2000m;5.00;147;147;10.26;24.01
4500.00;4800.00;2184.00;24.60;E0_1_2000m;5.00;182;183;12.34;24.86
4500.00;4800.00;1752.00;23.64;E0_0_2100m;5.00;146;146;10.29;23.76
4500.00;4800.00;2172.00;24.43;E0_1_2100m;5.00;181;181;12.35;24.70
4500.00;4800.00;1716.00;23.35;E0_0_2200m;5.00;143;143;10.21;23.46
4500.00;4800.00;2136.00;24.11;E0_1_2200m;5.00;178;178;12.30;24.38
4500.00;4800.00;1692.00;23.03;E0_0_2300m;5.00;141;141;10.21;23.15
4500.00;4800.00;2112.00;23.90;E0_1_2300m;5.00;176;176;12.27;24.17
4500.00;4800.00;1656.00;22.95;E0_0_2400m;5.00;138;138;10.02;23.06
4500.00;4800.00;2136.00;23.79;E0_1_2400m;5.00;178;178;12.47;24.06
4500.00;4800.00;1668.00;22.89;E0_0_2500m;5.00;139;139;10.12;23.00
4500.00;4800.00;2124.00;23.71;E0_1_2500m;5.00;177;176;12.41;23.98
4500.00;4800.00;1632.00;22.76;E0_0_2600m;5.00;136;136;9.96;22.87
4500.00;4800.00;2100.00;23.44;E0_1_2600m;5.00;175;175;12.44;23.71
4500.00;4800.00;1656.00;22.62;E0_0_2700m;5.00;138;138;10.17;22.76
4500.00;4800.00;2076.00;23.26;E0_1_2700m;5.00;173;173;12.40;23.53
4500.00;4800.00;1668.00;22.57;E0_0_2800m;5.00;139;139;10.27;22.72
4500.00;4800.00;2100.00;23.18;E0_1_2800m;5.00;175;174;12.55;23.45
4500.00;4800.00;1680.00;22.61;E0_0_2900m;5.00;140;140;10.32;22.77
4500.00;4800.00;2136.00;23.15;E0_1_2900m;5.00;178;178;12.82;23.43
4500.00;4800.00;1668.00;22.66;E0_0_3000m;5.00;139;139;10.22;22.82
4500.00;4800.00;2136.00;23.16;E0_1_3000m;5.00;178;178;12.81;23.46
4500.00;4800.00;1668.00;22.69;E0_0_3100m;5.00;139;139;10.21;22.87
4500.00;4800.00;2136.00;23.25;E0_1_3100m;5.00;178;178;12.77;23.56
4500.00;4800.00;1668.00;22.79;E0_0_3200m;5.00;139;140;10.19;22.98
4500.00;4800.00;2112.00;23.33;E0_1_3200m;5.00;176;176;12.57;23.67
4500.00;4800.00;1632.00;22.85;E0_0_3300m;5.00;136;136;9.92;23.05
4500.00;4800.00;2124.00;23.37;E0_1_3300m;5.00;177;177;12.62;23.71
4500.00;4800.00;1632.00;22.94;E0_0_3400m;5.00;136;135;9.83;23.15
4500.00;4800.00;2112.00;23.45;E0_1_3400m;5.00;176;177;12.55;23.77
4500.00;4800.00;1608.00;22.99;E0_0_3500m;5.00;134;134;9.71;23.19
4500.00;4800.00;2112.00;23.50;E0_1_3500m;5.00;176;176;12.48;23.83
4500.00;4800.00;1608.00;23.05;E0_0_3600m;5.00;134;134;9.69;23.26
4500.00;4800.00;2100.00;23.57;E0_1_3600m;5.00;175;175;12.38;23.89
4500.00;4800.00;1596.00;23.16;E0_0_3700m;5.00;133;133;9.57;23.38
4500.00;4800.00;2100.00;23.65;E0_1_3700m;5.00;175;175;12.33;23.99
4500.00;4800.00;1632.00;23.32;E0_0_3800m;5.00;136;136;9.72;23.55
4500.00;4800.00;2076.00;23.71;E0_1_3800m;5.00;173;173;12.16;24.05
4500.00;4800.00;1608.00;23.36;E0_0_3900m;5.00;134;134;9.56;23.58
4500.00;4800.00;2052.00;23.79;E0_1_3900m;5.00;171;172;11.99;24.12
4500.00;4800.00;1596.00;23.39;E0_0_4000m;5.00;133;133;9.48;23.59
4500.00;4800.00;2040.00;23.85;E0_1_4000m;5.00;170;170;11.88;24.18
4500.00;4800.00;1560.00;23.44;E0_0_4100m;5.00;130;130;9.25;23.64
4500.00;4800.00;2040.00;23.94;E0_1_4100m;5.00;170;170;11.83;24.25
4500.00;4800.00;1560.00;23.63;E0_0_4200m;5.00;130;130;9.17;23.83
4500.00;4800.00;2028.00;24.05;E0_1_4200m;5.00;169;168;11.66;24.35
4500.00;4800.00;1548.00;23.78;E0_0_4300m;5.00;129;129;9.04;23.99
4500.00;4800.00;2004.00;24.17;E0_1_4300m;5.00;167;168;11.55;24.47
4500.00;4800.00;1548.00;23.94;E0_0_4400m;5.00;129;129;8.98;24.15
4500.00;4800.00;1992.00;24.28;E0_1_4400m;5.00;166;166;11.39;24.57
4500.00;4800.00;1524.00;23.93;E0_0_4500m;5.00;127;128;8.87;24.14
4500.00;4800.00;1932.00;24.39;E0_1_4500m;5.00;161;161;11.00;24.67
4500.00;4800.00;1524.00;23.90;E0_0_4600m;5.00;127;127;8.86;24.12
4500.00;4800.00;1932.00;24.32;E0_1_4600m;5.00;161;161;11.04;24.57
4500.00;4800.00;1512.00;23.75;E0_0_4700m;5.00;126;126;8.84;24.02
4500.00;4800.00;1932.00;24.29;E0_1_4700m;5.00;161;161;11.04;24.55
4500.00;4800.00;1476.00;23.67;E0_0_4800m;5.00;123;123;8.66;23.95
4500.00;4800.00;1884.00;24.29;E0_1_4800m;5.00;157;158;10.78;24.54
4500.00;4800.00;1464.00;23.99;E0_0_4900m;5.00;122;122;8.48;24.22
4500.00;4800.00;1872.00;24.36;E0_1_4900m;5.00;156;156;10.67;24.62
4500.00;4800.00;1452.00;24.19;E0_0_5000m;5.00;121;121;8.34;24.42
4500.00;4800.00;1860.00;24.49;E0_1_5000m;5.00;155;155;10.55;24.76
4800.00;5100.00;0.00;-1.00;E0_0_0m;-1.00;0;0;0.00;-1.00
4800.00;5100.00;0.00;-1.00;E0_1_0m;-1.00;0;0;0.00;-1.00
4800.00;5100.00;1704.00;26.16;E0_0_100m;5.00;142;142;9.05;26.33
4800.00;5100.00;2172.00;27.24;E0_1_100m;5.00;181;181;11.08;27.37
4800.00;5100.00;1692.00;26.39;E0_0_200m;5.00;141;142;8.95;26.57
4800.00;5100.00;2160.00;27.69;E0_1_200m;5.00;180;181;10.88;27.85
4800.00;5100.00;1644.00;26.40;E0_0_300m;5.00;137;137;8.65;26.55
4800.00;5100.00;2184.00;27.63;E0_1_300m;5.00;182;182;10.98;27.82
4800.00;5100.00;1644.00;26.27;E0_0_400m;5.00;137;137;8.69;26.44
4800.00;5100.00;2196.00;27.39;E0_1_400m;5.00;183;183;11.13;27.60
4800.00;5100.00;1656.00;25.89;E0_0_500m;5.00;138;138;8.88;26.06
4800.00;5100.00;2208.00;27.22;E0_1_500m;5.00;184;184;11.26;27.47
4800.00;5100.00;1692.00;25.45;E0_0_600m;5.00;141;141;9.23;25.67
4800.00;5100.00;2208.00;26.86;E0_1_600m;5.00;184;185;11.46;27.10
4800.00;5100.00;1680.00;25.28;E0_0_700m;5.00;140;140;9.23;25.46
4800.00;5100.00;2244.00;26.58;E0_1_700m;5.00;187;187;11.73;26.81
4800.00;5100.00;1704.00;25.07;E0_0_800m;5.00;142;142;9.44;25.25
4800.00;5100.00;2220.00;26.17;E0_1_800m;5.00;185;185;11.78;26.39
4800.00;5100.00;1716.00;24.81;E0_0_900m;5.00;143;143;9.61;24.99
4800.00;5100.00;2208.00;25.78;E0_1_900m;5.00;184;184;11.90;25.99
4800.00;5100.00;1728.00;24.55;E0_0_1000m;5.00;144;144;9.78;24.72
4800.00;5100.00;2172.00;25.45;E0_1_1000m;5.00;181;181;11.85;25.65
4800.00;5100.00;1752.00;24.35;E0_0_1100m;5.00;146;146;9.99;24.52
4800.00;5100.00;2184.00;25.18;E0_1_1100m;5.00;182;182;12.05;25.37
4800.00;5100.00;1752.00;24.15;E0_0_1200m;5.00;146;146;10.08;24.32
4800.00;5100.00;2208.00;25.06;E0_1_1200m;5.00;184;184;12.24;25.25
4800.00;5100.00;1764.00;24.00;E0_0_1300m;5.00;147;146;10.16;24.19
4800.00;5100.00;2244.00;24.98;E0_1_1300m;5.00;187;187;12.48;25.17
4800.00;5100.00;1812.00;24.02;E0_0_1400m;5.00;151;150;10.41;24.21
4800.00;5100.00;2244.00;24.91;E0_1_1400m;5.00;187;187;12.51;25.11
4800.00;5100.00;1848.00;24.09;E0_0_1500m;5.00;154;154;10.65;24.25
4800.00;5100.00;2232.00;24.92;E0_1_1500m;5.00;186;186;12.44;25.13
4800.00;5100.00;1824.00;24.05;E0_0_1600m;5.00;152;152;10.53;24.21
4800.00;5100.00;2256.00;24.83;E0_1_1600m;5.00;188;188;12.62;25.03
4800.00;5100.00;1812.00;23.99;E0_0_1700m;5.00;151;151;10.49;24.15
4800.00;5100.00;2256.00;24.91;E0_1_1700m;5.00;188;188;12.58;25.13
4800.00;5100.00;1788.00;24.04;E0_0_1800m;5.00;149;149;10.33;24.20
4800.00;5100.00;2232.00;24.98;E0_1_1800m;5.00;186;187;12.47;25.21
4800.00;5100.00;1776.00;23.92;E0_0_1900m;5.00;148;148;10.31;24.07
4800.00;5100.00;2220.00;25.00;E0_1_1900m;5.00;185;185;12.33;25.25
4800.00;5100.00;1824.00;23.89;E0_0_2000m;5.00;152;152;10.60;24.05
4800.00;5100.00;2184.00;24.93;E0_1_2000m;5.00;182;181;12.16;25.18
4800.00;5100.00;1824.00;23.72;E0_0_2100m;5.00;152;152;10.68;23.88
4800.00;5100.00;2184.00;24.75;E0_1_2100m;5.00;182;182;12.26;24.99
4800.00;5100.00;1812.00;23.69;E0_0_2200m;5.00;151;151;10.62;23.83
4800.00;5100.00;2196.00;24.52;E0_1_2200m;5.00;183;183;12.44;24.74
4800.00;5100.00;1824.00;23.65;E0_0_2300m;5.00;152;152;10.71;23.78
4800.00;5100.00;2184.00;24.41;E0_1_2300m;5.00;182;182;12.42;24.63
4800.00;5100.00;1836.00;23.57;E0_0_2400m;5.00;153;153;10.82;23.69
4800.00;5100.00;2220.00;24.35;E0_1_2400m;5.00;185;185;12.66;24.55
4800.00;5100.00;1848.00;23.46;E0_0_2500m;5.00;154;154;10.94;23.58
4800.00;5100.00;2256.00;24.39;E0_1_2500m;5.00;188;188;12.85;24.58
4800.00;5100.00;1896.00;23.50;E0_0_2600m;5.00;158;158;11.20;23.62
4800.00;5100.00;2268.00;24.49;E0_1_2600m;5.00;189;189;12.86;24.70
4800.00;5100.00;1896.00;23.44;E0_0_2700m;5.00;158;158;11.23;23.55
4800.00;5100.00;2280.00;24.47;E0_1_2700m;5.00;190;190;12.94;24.64
4800.00;5100.00;1908.00;23.39;E0_0_2800m;5.00;159;159;11.33;23.49
4800.00;5100.00;2280.00;24.49;E0_1_2800m;5.00;190;190;12.93;24.65
4800.00;5100.00;1884.00;23.28;E0_0_2900m;5.00;157;157;11.24;23.36
4800.00;5100.00;2256.00;24.43;E0_1_2900m;5.00;188;188;12.83;24.58
4800.00;5100.00;1896.00;23.17;E0_0_3000m;5.00;158;158;11.37;23.23
4800.00;5100.00;2268.00;24.33;E0_1_3000m;5.00;189;189;12.95;24.48
4800.00;5100.00;1872.00;23.03;E0_0_3100m;5.00;156;156;11.29;23.09
4800.00;5100.00;2292.00;24.25;E0_1_3100m;5.00;191;190;13.09;24.40
4800.00;5100.00;1884.00;22.91;E0_0_3200m;5.00;157;156;11.40;22.96
4800.00;5100.00;2280.00;24.15;E0_1_3200m;5.00;190;190;13.11;24.31
4800.00;5100.00;1884.00;22.83;E0_0_3300m;5.00;157;157;11.46;22.87
4800.00;5100.00;2292.00;24.02;E0_1_3300m;5.00;191;192;13.28;24.18
4800.00;5100.00;1908.00;22.83;E0_0_3400m;5.00;159;159;11.61;22.88
4800.00;5100.00;2304.00;23.83;E0_1_3400m;5.00;192;191;13.39;23.98
4800.00;5100.00;1920.00;22.88;E0_0_3500m;5.00;160;160;11.65;22.95
4800.00;5100.00;2292.00;23.66;E0_1_3500m;5.00;191;191;13.46;23.80
4800.00;5100.00;1896.00;22.73;E0_0_3600m;5.00;158;159;11.65;22.77
4800.00;5100.00;2292.00;23.50;E0_1_3600m;5.00;191;191;13.55;23.64
4800.00;5100.00;1896.00;22.64;E0_0_3700m;5.00;158;158;11.63;22.67
4800.00;5100.00;2304.00;23.40;E0_1_3700m;5.00;192;192;13.67;23.53
4800.00;5100.00;1884.00;22.60;E0_0_3800m;5.00;157;157;11.58;22.63
4800.00;5100.00;2304.00;23.39;E0_1_3800m;5.00;192;192;13.68;23.53
4800.00;5100.00;1908.00;22.63;E0_0_3900m;5.00;159;159;11.71;22.67
4800.00;5100.00;2304.00;23.31;E0_1_3900m;5.00;192;191;13.72;23.45
4800.00;5100.00;1908.00;22.61;E0_0_4000m;5.00;159;159;11.72;22.64
4800.00;5100.00;2304.00;23.22;E0_1_4000m;5.00;192;192;13.78;23.36
4800.00;5100.00;1908.00;22.63;E0_0_4100m;5.00;159;159;11.71;22.66
4800.00;5100.00;2304.00;23.23;E0_1_4100m;5.00;192;192;13.78;23.36
4800.00;5100.00;1908.00;22.61;E0_0_4200m;5.00;159;159;11.72;22.64
4800.00;5100.00;2304.00;23.20;E0_1_4200m;5.00;192;192;13.79;23.34
4800.00;5100.00;1908.00;22.61;E0_0_4300m;5.00;159;159;11.72;22.64
4800.00;5100.00;2316.00;23.16;E0_1_4300m;5.00;193;193;13.87;23.30
4800.00;5100.00;1896.00;22.64;E0_0_4400m;5.00;158;159;11.68;22.66
4800.00;5100.00;2316.00;23.08;E0_1_4400m;5.00;193;193;13.94;23.19
4800.00;5100.00;1908.00;22.66;E0_0_4500m;5.00;159;158;11.67;22.68
4800.00;5100.00;2328.00;23.08;E0_1_4500m;5.00;194;195;14.07;23.19
4800.00;5100.00;1908.00;22.75;E0_0_4600m;5.00;159;160;11.67;22.79
4800.00;5100.00;2316.00;23.11;E0_1_4600m;5.00;193;194;13.94;23.21
4800.00;5100.00;1896.00;22.85;E0_0_4700m;5.00;158;159;11.60;22.90
4800.00;5100.00;2328.00;23.18;E0_1_4700m;5.00;194;194;13.95;23.28
4800.00;5100.00;1908.00;22.94;E0_0_4800m;5.00;159;159;11.55;23.01
4800.00;5100.00;2328.00;23.23;E0_1_4800m;5.00;194;194;13.94;23.31
4800.00;5100.00;1908.00;23.12;E0_0_4900m;5.00;159;159;11.46;23.19
4800.00;5100.00;2328.00;23.36;E0_1_4900m;5.00;194;194;13.84;23.44
4800.00;5100.00;1932.00;23.24;E0_0_5000m;5.00;161;161;11.55;23.31
4800.00;5100.00;2316.00;23.55;E0_1_5000m;5.00;193;193;13.66;23.64
5100.00;5400.00;0.00;-1.00;E0_0_0m;-1.00;0;0;0.00;-1.00
5100.00;5400.00;0.00;-1.00;E0_1_0m;-1.00;0;0;0.00;-1.00
5100.00;5400.00;1740.00;26.09;E0_0_100m;5.00;145;145;9.26;26.22
5100.00;5400.00;2400.00;27.21;E0_1_100m;5.00;200;200;12.25;27.29
5100.00;5400.00;1812.00;25.81;E0_0_200m;5.00;151;150;9.70;25.96
5100.00;5400.00;2376.00;27.28;E0_1_200m;5.00;198;198;12.10;27.39
5100.00;5400.00;1824.00;25.76;E0_0_300m;5.00;152;152;9.83;25.90
5100.00;5400.00;2376.00;27.10;E0_1_300m;5.00;198;198;12.18;27.24
5100.00;5400.00;1800.00;25.68;E0_0_400m;5.00;150;151;9.77;25.82
5100.00;5400.00;2400.00;26.91;E0_1_400m;5.00;200;200;12.39;27.04
5100.00;5400.00;1764.00;25.68;E0_0_500m;5.00;147;147;9.54;25.83
5100.00;5400.00;2388.00;26.91;E0_1_500m;5.00;199;199;12.32;27.05
5100.00;5400.00;1788.00;25.76;E0_0_600m;5.00;149;149;9.64;25.92
5100.00;5400.00;2340.00;27.00;E0_1_600m;5.00;195;195;12.04;27.14
5100.00;5400.00;1800.00;25.82;E0_0_700m;5.00;150;150;9.68;25.98
5100.00;5400.00;2304.00;27.11;E0_1_700m;5.00;192;192;11.80;27.25
5100.00;5400.00;1800.00;25.80;E0_0_800m;5.00;150;150;9.69;25.97
5100.00;5400.00;2280.00;27.29;E0_1_800m;5.00;190;191;11.65;27.42
5100.00;5400.00;1800.00;25.76;E0_0_900m;5.00;150;150;9.70;25.93
5100.00;5400.00;2268.00;27.39;E0_1_900m;5.00;189;189;11.50;27.53
5100.00;5400.00;1776.00;25.79;E0_0_1000m;5.00;148;148;9.57;25.96
5100.00;5400.00;2292.00;27.33;E0_1_1000m;5.00;191;191;11.65;27.46
5100.00;5400.00;1776.00;25.84;E0_0_1100m;5.00;148;148;9.55;26.00
5100.00;5400.00;2328.00;27.34;E0_1_1100m;5.00;194;194;11.83;27.48
5100.00;5400.00;1764.00;25.67;E0_0_1200m;5.00;147;147;9.55;25.85
5100.00;5400.00;2328.00;27.27;E0_1_1200m;5.00;194;194;11.86;27.42
5100.00;5400.00;1752.00;25.55;E0_0_1300m;5.00;146;146;9.53;25.75
5100.00;5400.00;2292.00;27.22;E0_1_1300m;5.00;191;191;11.70;27.37
5100.00;5400.00;1752.00;25.60;E0_0_1400m;5.00;146;146;9.50;25.79
5100.00;5400.00;2256.00;27.16;E0_1_1400m;5.00;188;188;11.54;27.32
5100.00;5400.00;1704.00;25.81;E0_0_1500m;5.00;142;143;9.21;25.96
5100.00;5400.00;2268.00;26.99;E0_1_1500m;5.00;189;189;11.67;27.16
5100.00;5400.00;1728.00;25.75;E0_0_1600m;5.00;144;144;9.32;25.90
5100.00;5400.00;2268.00;26.85;E0_1_1600m;5.00;189;189;11.73;27.02
5100.00;5400.00;1740.00;25.70;E0_0_1700m;5.00;145;145;9.41;25.85
5100.00;5400.00;2280.00;26.69;E0_1_1700m;5.00;190;190;11.86;26.87
5100.00;5400.00;1740.00;25.48;E0_0_1800m;5.00;145;145;9.49;25.64
5100.00;5400.00;2292.00;26.60;E0_1_1800m;5.00;191;191;11.95;26.78
5100.00;5400.00;1752.00;25.35;E0_0_1900m;5.00;146;146;9.60;25.54
5100.00;5400.00;2256.00;26.52;E0_1_1900m;5.00;188;189;11.86;26.69
5100.00;5400.00;1764.00;25.52;E0_0_2000m;5.00;147;147;9.60;25.69
5100.00;5400.00;2232.00;26.56;E0_1_2000m;5.00;186;186;11.67;26.74
5100.00;5400.00;1740.00;25.54;E0_0_2100m;5.00;145;145;9.46;25.69
5100.00;5400.00;2244.00;26.59;E0_1_2100m;5.00;187;187;11.72;26.76
5100.00;5400.00;1752.00;25.57;E0_0_2200m;5.00;146;146;9.52;25.71
5100.00;5400.00;2244.00;26.60;E0_1_2200m;5.00;187;187;11.72;26.78
5100.00;5400.00;1752.00;25.44;E0_0_2300m;5.00;146;147;9.63;25.57
5100.00;5400.00;2244.00;26.65;E0_1_2300m;5.00;187;187;11.69;26.82
5100.00;5400.00;1752.00;25.40;E0_0_2400m;5.00;146;146;9.58;25.54
5100.00;5400.00;2220.00;26.74;E0_1_2400m;5.00;185;185;11.53;26.91
5100.00;5400.00;1740.00;25.36;E0_0_2500m;5.00;145;145;9.53;25.51
5100.00;5400.00;2184.00;26.79;E0_1_2500m;5.00;182;182;11.32;26.99
5100.00;5400.00;1716.00;25.33;E0_0_2600m;5.00;143;143;9.41;25.50
5100.00;5400.00;2136.00;26.75;E0_1_2600m;5.00;178;178;11.09;26.95
5100.00;5400.00;1680.00;25.45;E0_0_2700m;5.00;140;141;9.19;25.59
5100.00;5400.00;2124.00;26.82;E0_1_2700m;5.00;177;177;11.00;27.03
5100.00;5400.00;1644.00;25.44;E0_0_2800m;5.00;137;138;9.02;25.58
5100.00;5400.00;2100.00;26.85;E0_1_2800m;5.00;175;175;10.86;27.06
5100.00;5400.00;1656.00;25.47;E0_0_2900m;5.00;138;138;9.03;25.61
5100.00;5400.00;2100.00;26.91;E0_1_2900m;5.00;175;175;10.84;27.12
5100.00;5400.00;1680.00;25.65;E0_0_3000m;5.00;140;141;9.11;25.79
5100.00;5400.00;2040.00;27.07;E0_1_3000m;5.00;170;170;10.47;27.28
5100.00;5400.00;1668.00;25.68;E0_0_3100m;5.00;139;139;9.02;25.80
5100.00;5400.00;2052.00;26.98;E0_1_3100m;5.00;171;171;10.56;27.19
5100.00;5400.00;1692.00;25.64;E0_0_3200m;5.00;141;141;9.17;25.75
5100.00;5400.00;2052.00;26.89;E0_1_3200m;5.00;171;171;10.60;27.09
5100.00;5400.00;1692.00;25.64;E0_0_3300m;5.00;141;141;9.17;25.74
5100.00;5400.00;2064.00;26.80;E0_1_3300m;5.00;172;171;10.67;26.96
5100.00;5400.00;1692.00;25.60;E0_0_3400m;5.00;141;141;9.18;25.70
5100.00;5400.00;2052.00;26.79;E0_1_3400m;5.00;171;172;10.69;26.94
5100.00;5400.00;1692.00;25.49;E0_0_3500m;5.00;141;141;9.22;25.60
5100.00;5400.00;2064.00;26.78;E0_1_3500m;5.00;172;173;10.74;26.92
5100.00;5400.00;1704.00;25.45;E0_0_3600m;5.00;142;141;9.23;25.57
5100.00;5400.00;2064.00;26.79;E0_1_3600m;5.00;172;172;10.70;26.93
5100.00;5400.00;1716.00;25.39;E0_0_3700m;5.00;143;143;9.39;25.51
5100.00;5400.00;2052.00;26.80;E0_1_3700m;5.00;171;171;10.64;26.94
5100.00;5400.00;1728.00;25.29;E0_0_3800m;5.00;144;144;9.49;25.43
5100.00;5400.00;2040.00;26.83;E0_1_3800m;5.00;170;170;10.56;26.97
5100.00;5400.00;1728.00;25.20;E0_0_3900m;5.00;144;144;9.52;25.33
5100.00;5400.00;2040.00;26.84;E0_1_3900m;5.00;170;170;10.56;26.98
5100.00;5400.00;1728.00;25.13;E0_0_4000m;5.00;144;144;9.55;25.26
5100.00;5400.00;2040.00;26.91;E0_1_4000m;5.00;170;171;10.56;27.05
5100.00;5400.00;1740.00;25.03;E0_0_4100m;5.00;145;145;9.66;25.18
5100.00;5400.00;2040.00;26.95;E0_1_4100m;5.00;170;170;10.51;27.09
5100.00;5400.00;1716.00;24.96;E0_0_4200m;5.00;143;143;9.55;25.13
5100.00;5400.00;2052.00;26.96;E0_1_4200m;5.00;171;172;10.61;27.08
5100.00;5400.00;1716.00;24.84;E0_0_4300m;5.00;143;143;9.59;25.02
5100.00;5400.00;2052.00;26.92;E0_1_4300m;5.00;171;171;10.59;27.03
5100.00;5400.00;1740.00;24.76;E0_0_4400m;5.00;145;144;9.71;24.94
5100.00;5400.00;2040.00;26.84;E0_1_4400m;5.00;170;171;10.57;26.96
5100.00;5400.00;1764.00;24.74;E0_0_4500m;5.00;147;147;9.90;24.90
5100.00;5400.00;2052.00;26.77;E0_1_4500m;5.00;171;170;10.58;26.88
5100.00;5400.00;1812.00;24.81;E0_0_4600m;5.00;151;150;10.12;24.95
5100.00;5400.00;2076.00;26.69;E0_1_4600m;5.00;173;172;10.79;26.80
5100.00;5400.00;1848.00;24.84;E0_0_4700m;5.00;154;153;10.26;24.97
5100.00;5400.00;2112.00;26.68;E0_1_4700m;5.00;176;176;10.99;26.78
5100.00;5400.00;1860.00;24.79;E0_0_4800m;5.00;155;155;10.42;24.92
5100.00;5400.00;2172.00;26.72;E0_1_4800m;5.00;181;180;11.26;26.81
5100.00;5400.00;1896.00;24.72;E0_0_4900m;5.00;158;158;10.65;24.85
5100.00;5400.00;2208.00;26.75;E0_1_4900m;5.00;184;184;11.46;26.83
5100.00;5400.00;1920.00;24.76;E0_0_5000m;5.00;160;160;10.77;24.88
5100.00;5400.00;2256.00;26.80;E0_1_5000m;5.00;188;188;11.69;26.87
5400.00;5700.00;0.00;-1.00;E0_0_0m;-1.00;0;0;0.00;-1.00
5400.00;5700.00;0.00;-1.00;E0_1_0m;-1.00;0;0;0.00;-1.00
5400.00;5700.00;2016.00;26.15;E0_0_100m;5.00;168;168;10.71;26.24
5400.00;5700.00;2244.00;27.60;E0_1_100m;5.00;187;187;11.29;27.76
5400.00;5700.00;1980.00;26.44;E0_0_200m;5.00;165;165;10.40;26.54
5400.00;5700.00;2244.00;27.87;E0_1_200m;5.00;187;187;11.18;28.02
5400.00;5700.00;1980.00;26.52;E0_0_300m;5.00;165;166;10.41;26.64
5400.00;5700.00;2232.00;27.84;E0_1_300m;5.00;186;186;11.13;27.99
5400.00;5700.00;1968.00;26.40;E0_0_400m;5.00;164;163;10.32;26.50
5400.00;5700.00;2256.00;27.70;E0_1_400m;5.00;188;188;11.31;27.84
5400.00;5700.00;1956.00;26.24;E0_0_500m;5.00;163;163;10.35;26.32
5400.00;5700.00;2256.00;27.47;E0_1_500m;5.00;188;188;11.41;27.60
5400.00;5700.00;1920.00;26.11;E0_0_600m;5.00;160;160;10.21;26.20
5400.00;5700.00;2280.00;27.22;E0_1_600m;5.00;190;191;11.69;27.34
5400.00;5700.00;1932.00;25.92;E0_0_700m;5.00;161;161;10.35;26.02
5400.00;5700.00;2292.00;26.98;E0_1_700m;5.00;191;191;11.80;27.11
5400.00;5700.00;1932.00;25.83;E0_0_800m;5.00;161;161;10.39;25.93
5400.00;5700.00;2328.00;26.77;E0_1_800m;5.00;194;193;12.03;26.90
5400.00;5700.00;1896.00;25.67;E0_0_900m;5.00;158;158;10.26;25.77
5400.00;5700.00;2364.00;26.58;E0_1_900m;5.00;197;197;12.35;26.72
5400.00;5700.00;1896.00;25.49;E0_0_1000m;5.00;158;158;10.33;25.60
5400.00;5700.00;2364.00;26.39;E0_1_1000m;5.00;197;197;12.44;26.53
5400.00;5700.00;1848.00;25.44;E0_0_1100m;5.00;154;155;10.13;25.55
5400.00;5700.00;2352.00;26.30;E0_1_1100m;5.00;196;196;12.42;26.43
5400.00;5700.00;1836.00;25.42;E0_0_1200m;5.00;153;153;10.03;25.52
5400.00;5700.00;2340.00;26.16;E0_1_1200m;5.00;195;195;12.42;26.28
5400.00;5700.00;1836.00;25.37;E0_0_1300m;5.00;153;153;10.05;25.46
5400.00;5700.00;2352.00;26.11;E0_1_1300m;5.00;196;196;12.51;26.22
5400.00;5700.00;1848.00;25.37;E0_0_1400m;5.00;154;154;10.12;25.47
5400.00;5700.00;2328.00;26.16;E0_1_1400m;5.00;194;194;12.36;26.30
5400.00;5700.00;1860.00;25.29;E0_0_1500m;5.00;155;154;10.17;25.36
5400.00;5700.00;2340.00;26.03;E0_1_1500m;5.00;195;195;12.48;26.17
5400.00;5700.00;1836.00;25.19;E0_0_1600m;5.00;153;153;10.12;25.25
5400.00;5700.00;2328.00;25.88;E0_1_1600m;5.00;194;194;12.49;26.01
5400.00;5700.00;1836.00;25.10;E0_0_1700m;5.00;153;153;10.16;25.16
5400.00;5700.00;2304.00;25.76;E0_1_1700m;5.00;192;193;12.45;25.88
5400.00;5700.00;1836.00;24.95;E0_0_1800m;5.00;153;153;10.22;25.04
5400.00;5700.00;2292.00;25.62;E0_1_1800m;5.00;191;191;12.41;25.75
5400.00;5700.00;1824.00;24.73;E0_0_1900m;5.00;152;152;10.25;24.82
5400.00;5700.00;2304.00;25.43;E0_1_1900m;5.00;192;191;12.54;25.54
5400.00;5700.00;1824.00;24.59;E0_0_2000m;5.00;152;153;10.32;24.67
5400.00;5700.00;2292.00;25.29;E0_1_2000m;5.00;191;191;12.59;25.38
5400.00;5700.00;1824.00;24.39;E0_0_2100m;5.00;152;152;10.39;24.46
5400.00;5700.00;2292.00;25.13;E0_1_2100m;5.00;191;191;12.67;25.21
5400.00;5700.00;1824.00;24.42;E0_0_2200m;5.00;152;152;10.37;24.48
5400.00;5700.00;2280.00;25.04;E0_1_2200m;5.00;190;191;12.70;25.15
5400.00;5700.00;1812.00;24.36;E0_0_2300m;5.00;151;151;10.33;24.41
5400.00;5700.00;2292.00;24.89;E0_1_2300m;5.00;191;191;12.79;24.98
5400.00;5700.00;1824.00;24.27;E0_0_2400m;5.00;152;152;10.44;24.33
5400.00;5700.00;2268.00;24.76;E0_1_2400m;5.00;189;189;12.72;24.85
5400.00;5700.00;1824.00;24.20;E0_0_2500m;5.00;152;152;10.47;24.25
5400.00;5700.00;2280.00;24.67;E0_1_2500m;5.00;190;191;12.86;24.75
5400.00;5700.00;1824.00;24.04;E0_0_2600m;5.00;152;152;10.54;24.09
5400.00;5700.00;2292.00;24.53;E0_1_2600m;5.00;191;191;12.98;24.59
5400.00;5700.00;1860.00;24.06;E0_0_2700m;5.00;155;154;10.72;24.11
5400.00;5700.00;2280.00;24.39;E0_1_2700m;5.00;190;190;12.98;24.45
5400.00;5700.00;1884.00;24.04;E0_0_2800m;5.00;157;156;10.84;24.08
5400.00;5700.00;2280.00;24.29;E0_1_2800m;5.00;190;190;13.04;24.34
5400.00;5700.00;1884.00;24.03;E0_0_2900m;5.00;157;157;10.89;24.07
5400.00;5700.00;2280.00;24.22;E0_1_2900m;5.00;190;190;13.07;24.27
5400.00;5700.00;1908.00;24.01;E0_0_3000m;5.00;159;158;11.03;24.06
5400.00;5700.00;2292.00;24.21;E0_1_3000m;5.00;191;192;13.17;24.26
5400.00;5700.00;1908.00;23.90;E0_0_3100m;5.00;159;159;11.09;23.95
5400.00;5700.00;2280.00;24.27;E0_1_3100m;5.00;190;191;13.06;24.34
5400.00;5700.00;1896.00;23.75;E0_0_3200m;5.00;158;158;11.09;23.81
5400.00;5700.00;2268.00;24.31;E0_1_3200m;5.00;189;189;12.96;24.39
5400.00;5700.00;1896.00;23.85;E0_0_3300m;5.00;158;159;11.08;23.89
5400.00;5700.00;2244.00;24.27;E0_1_3300m;5.00;187;188;12.87;24.35
5400.00;5700.00;1884.00;23.86;E0_0_3400m;5.00;157;157;10.97;23.90
5400.00;5700.00;2256.00;24.19;E0_1_3400m;5.00;188;188;12.92;24.25
5400.00;5700.00;1872.00;23.79;E0_0_3500m;5.00;156;156;10.93;23.84
5400.00;5700.00;2256.00;24.13;E0_1_3500m;5.00;188;188;13.02;24.19
5400.00;5700.00;1860.00;23.73;E0_0_3600m;5.00;155;155;10.89;23.77
5400.00;5700.00;2280.00;24.11;E0_1_3600m;5.00;190;190;13.14;24.16
5400.00;5700.00;1884.00;23.71;E0_0_3700m;5.00;157;157;11.04;23.75
5400.00;5700.00;2280.00;24.08;E0_1_3700m;5.00;190;190;13.15;24.14
5400.00;5700.00;1884.00;23.56;E0_0_3800m;5.00;157;157;11.11;23.61
5400.00;5700.00;2292.00;24.11;E0_1_3800m;5.00;191;191;13.20;24.19
5400.00;5700.00;1884.00;23.47;E0_0_3900m;5.00;157;157;11.15;23.52
5400.00;5700.00;2292.00;24.19;E0_1_3900m;5.00;191;191;13.16;24.28
5400.00;5700.00;1896.00;23.49;E0_0_4000m;5.00;158;158;11.21;23.53
5400.00;5700.00;2280.00;24.14;E0_1_4000m;5.00;190;190;13.12;24.22
5400.00;5700.00;1884.00;23.41;E0_0_4100m;5.00;157;157;11.18;23.45
5400.00;5700.00;2280.00;24.01;E0_1_4100m;5.00;190;190;13.19;24.06
5400.00;5700.00;1932.00;23.35;E0_0_4200m;5.00;161;161;11.49;23.39
5400.00;5700.00;2304.00;23.94;E0_1_4200m;5.00;192;191;13.32;23.99
5400.00;5700.00;1944.00;23.31;E0_0_4300m;5.00;162;162;11.58;23.35
5400.00;5700.00;2328.00;23.92;E0_1_4300m;5.00;194;195;13.57;23.96
5400.00;5700.00;1956.00;23.29;E0_0_4400m;5.00;163;163;11.66;23.33
5400.00;5700.00;2340.00;23.96;E0_1_4400m;5.00;195;194;13.55;24.01
5400.00;5700.00;1956.00;23.27;E0_0_4500m;5.00;163;164;11.73;23.31
5400.00;5700.00;2304.00;24.00;E0_1_4500m;5.00;192;192;13.34;24.05
5400.00;5700.00;1932.00;23.32;E0_0_4600m;5.00;161;161;11.51;23.35
5400.00;5700.00;2256.00;24.04;E0_1_4600m;5.00;188;189;13.09;24.10
5400.00;5700.00;1896.00;23.37;E0_0_4700m;5.00;158;158;11.27;23.42
5400.00;5700.00;2232.00;24.13;E0_1_4700m;5.00;186;186;12.85;24.18
5400.00;5700.00;1860.00;23.27;E0_0_4800m;5.00;155;155;11.10;23.31
5400.00;5700.00;2196.00;24.19;E0_1_4800m;5.00;183;183;12.61;24.24
5400.00;5700.00;1848.00;23.17;E0_0_4900m;5.00;154;154;11.08;23.21
5400.00;5700.00;2148.00;24.09;E0_1_4900m;5.00;179;179;12.38;24.15
5400.00;5700.00;1800.00;23.16;E0_0_5000m;5.00;150;150;10.79;23.21
5400.00;5700.00;2124.00;24.08;E0_1_5000m;5.00;177;177;12.25;24.14
5700.00;6000.00;0.00;-1.00;E0_0_0m;-1.00;0;0;0.00;-1.00
5700.00;6000.00;0.00;-1.00;E0_1_0m;-1.00;0;0;0.00;-1.00
5700.00;6000.00;1776.00;26.27;E0_0_100m;5.00;148;150;9.44;26.39
5700.00;6000.00;2136.00;27.21;E0_1_100m;5.00;178;178;10.90;27.37
5700.00;6000.00;1824.00;25.96;E0_0_200m;5.00;152;154;9.77;26.10
5700.00;6000.00;2076.00;27.48;E0_1_200m;5.00;173;175;10.54;27.64
5700.00;6000.00;1812.00;25.89;E0_0_300m;5.00;151;150;9.68;26.03
5700.00;6000.00;2100.00;27.60;E0_1_300m;5.00;175;175;10.57;27.77
5700.00;6000.00;1824.00;25.64;E0_0_400m;5.00;152;153;9.92;25.79
5700.00;6000.00;2076.00;27.52;E0_1_400m;5.00;173;173;10.48;27.69
5700.00;6000.00;1836.00;25.49;E0_0_500m;5.00;153;153;10.00;25.64
5700.00;6000.00;2076.00;27.34;E0_1_500m;5.00;173;173;10.55;27.48
5700.00;6000.00;1884.00;25.30;E0_0_600m;5.00;157;157;10.34;25.45
5700.00;6000.00;2088.00;27.29;E0_1_600m;5.00;174;173;10.57;27.44
5700.00;6000.00;1872.00;25.18;E0_0_700m;5.00;156;157;10.38;25.32
5700.00;6000.00;2088.00;27.20;E0_1_700m;5.00;174;174;10.66;27.35
5700.00;6000.00;1860.00;25.17;E0_0_800m;5.00;155;155;10.27;25.32
5700.00;6000.00;2088.00;27.13;E0_1_800m;5.00;174;174;10.69;27.28
5700.00;6000.00;1860.00;25.17;E0_0_900m;5.00;155;155;10.26;25.32
5700.00;6000.00;2100.00;27.04;E0_1_900m;5.00;175;175;10.79;27.18
5700.00;6000.00;1836.00;25.36;E0_0_1000m;5.00;153;153;10.05;25.49
5700.00;6000.00;2100.00;26.92;E0_1_1000m;5.00;175;175;10.83;27.05
5700.00;6000.00;1824.00;25.48;E0_0_1100m;5.00;152;152;9.94;25.58
5700.00;6000.00;2124.00;26.80;E0_1_1100m;5.00;177;177;11.01;26.93
5700.00;6000.00;1824.00;25.40;E0_0_1200m;5.00;152;152;9.97;25.50
5700.00;6000.00;2124.00;26.65;E0_1_1200m;5.00;177;177;11.07;26.76
5700.00;6000.00;1800.00;25.35;E0_0_1300m;5.00;150;150;9.86;25.45
5700.00;6000.00;2160.00;26.53;E0_1_1300m;5.00;180;180;11.31;26.64
5700.00;6000.00;1788.00;25.28;E0_0_1400m;5.00;149;150;9.83;25.38
5700.00;6000.00;2196.00;26.43;E0_1_1400m;5.00;183;183;11.54;26.53
5700.00;6000.00;1740.00;25.06;E0_0_1500m;5.00;145;146;9.67;25.18
5700.00;6000.00;2220.00;26.47;E0_1_1500m;5.00;185;185;11.65;26.57
5700.00;6000.00;1788.00;25.02;E0_0_1600m;5.00;149;149;9.93;25.24
5700.00;6000.00;2196.00;26.55;E0_1_1600m;5.00;183;184;11.54;26.66
5700.00;6000.00;1800.00;24.87;E0_0_1700m;5.00;150;150;10.05;25.02
5700.00;6000.00;2172.00;26.62;E0_1_1700m;5.00;181;181;11.33;26.74
5700.00;6000.00;1788.00;24.89;E0_0_1800m;5.00;149;149;9.98;25.04
5700.00;6000.00;2184.00;26.51;E0_1_1800m;5.00;182;182;11.44;26.61
5700.00;6000.00;1776.00;24.79;E0_0_1900m;5.00;148;148;9.95;24.95
5700.00;6000.00;2196.00;26.38;E0_1_1900m;5.00;183;183;11.56;26.47
5700.00;6000.00;1776.00;24.69;E0_0_2000m;5.00;148;147;9.98;24.84
5700.00;6000.00;2208.00;26.29;E0_1_2000m;5.00;184;184;11.66;26.39
5700.00;6000.00;1764.00;24.62;E0_0_2100m;5.00;147;147;9.95;24.77
5700.00;6000.00;2208.00;26.30;E0_1_2100m;5.00;184;184;11.66;26.40
5700.00;6000.00;1800.00;24.64;E0_0_2200m;5.00;150;150;10.15;24.79
5700.00;6000.00;2184.00;26.33;E0_1_2200m;5.00;182;182;11.53;26.45
5700.00;6000.00;1836.00;24.57;E0_0_2300m;5.00;153;152;10.33;24.73
5700.00;6000.00;2184.00;26.30;E0_1_2300m;5.00;182;182;11.53;26.43
5700.00;6000.00;1836.00;24.51;E0_0_2400m;5.00;153;153;10.41;24.65
5700.00;6000.00;2184.00;26.23;E0_1_2400m;5.00;182;182;11.56;26.35
5700.00;6000.00;1860.00;24.44;E0_0_2500m;5.00;155;155;10.57;24.58
5700.00;6000.00;2160.00;26.20;E0_1_2500m;5.00;180;179;11.42;26.31
5700.00;6000.00;1884.00;24.36;E0_0_2600m;5.00;157;157;10.74;24.49
5700.00;6000.00;2184.00;26.16;E0_1_2600m;5.00;182;182;11.59;26.26
5700.00;6000.00;1884.00;24.35;E0_0_2700m;5.00;157;158;10.74;24.48
5700.00;6000.00;2208.00;26.11;E0_1_2700m;5.00;184;184;11.74;26.19
5700.00;6000.00;1872.00;24.42;E0_0_2800m;5.00;156;156;10.65;24.54
5700.00;6000.00;2196.00;26.04;E0_1_2800m;5.00;183;183;11.71;26.12
5700.00;6000.00;1848.00;24.54;E0_0_2900m;5.00;154;154;10.46;24.66
5700.00;6000.00;2196.00;25.95;E0_1_2900m;5.00;183;183;11.76;26.03
5700.00;6000.00;1812.00;24.60;E0_0_3000m;5.00;151;151;10.23;24.72
5700.00;6000.00;2220.00;25.94;E0_1_3000m;5.00;185;184;11.86;26.02
5700.00;6000.00;1836.00;24.61;E0_0_3100m;5.00;153;154;10.40;24.71
5700.00;6000.00;2208.00;25.97;E0_1_3100m;5.00;184;183;11.79;26.06
5700.00;6000.00;1848.00;24.56;E0_0_3200m;5.00;154;154;10.45;24.65
5700.00;6000.00;2196.00;25.94;E0_1_3200m;5.00;183;183;11.76;26.04
5700.00;6000.00;1848.00;24.58;E0_0_3300m;5.00;154;153;10.40;24.65
5700.00;6000.00;2196.00;25.83;E0_1_3300m;5.00;183;182;11.78;25.92
5700.00;6000.00;1812.00;24.63;E0_0_3400m;5.00;151;152;10.22;24.69
5700.00;6000.00;2220.00;25.71;E0_1_3400m;5.00;185;184;11.97;25.79
5700.00;6000.00;1812.00;24.65;E0_0_3500m;5.00;151;151;10.21;24.69
5700.00;6000.00;2220.00;25.62;E0_1_3500m;5.00;185;184;11.97;25.69
5700.00;6000.00;1800.00;24.76;E0_0_3600m;5.00;150;151;10.11;24.78
5700.00;6000.00;2208.00;25.55;E0_1_3600m;5.00;184;184;12.00;25.61
5700.00;6000.00;1800.00;24.79;E0_0_3700m;5.00;150;150;10.09;24.81
5700.00;6000.00;2208.00;25.49;E0_1_3700m;5.00;184;184;12.03;25.54
5700.00;6000.00;1824.00;24.88;E0_0_3800m;5.00;152;152;10.18;24.90
5700.00;6000.00;2232.00;25.44;E0_1_3800m;5.00;186;186;12.19;25.49
5700.00;6000.00;1848.00;24.92;E0_0_3900m;5.00;154;154;10.30;24.94
5700.00;6000.00;2232.00;25.37;E0_1_3900m;5.00;186;186;12.22;25.42
5700.00;6000.00;1884.00;24.99;E0_0_4000m;5.00;157;157;10.47;25.01
5700.00;6000.00;2256.00;25.37;E0_1_4000m;5.00;188;188;12.35;25.41
5700.00;6000.00;1920.00;24.98;E0_0_4100m;5.00;160;160;10.67;25.02
5700.00;6000.00;2256.00;25.42;E0_1_4100m;5.00;188;189;12.33;25.48
5700.00;6000.00;1896.00;25.01;E0_0_4200m;5.00;158;158;10.53;25.03
5700.00;6000.00;2244.00;25.46;E0_1_4200m;5.00;187;187;12.24;25.52
5700.00;6000.00;1884.00;24.93;E0_0_4300m;5.00;157;157;10.49;24.95
5700.00;6000.00;2232.00;25.44;E0_1_4300m;5.00;186;185;12.13;25.49
5700.00;6000.00;1908.00;24.85;E0_0_4400m;5.00;159;159;10.67;24.86
5700.00;6000.00;2208.00;25.44;E0_1_4400m;5.00;184;184;12.05;25.50
5700.00;6000.00;1896.00;24.73;E0_0_4500m;5.00;158;157;10.59;24.74
5700.00;6000.00;2208.00;25.43;E0_1_4500m;5.00;184;184;12.06;25.48
5700.00;6000.00;1896.00;24.68;E0_0_4600m;5.00;158;159;10.71;24.70
5700.00;6000.00;2220.00;25.43;E0_1_4600m;5.00;185;184;12.07;25.49
5700.00;6000.00;1908.00;24.71;E0_0_4700m;5.00;159;160;10.79;24.72
5700.00;6000.00;2208.00;25.48;E0_1_4700m;5.00;184;184;12.04;25.54
5700.00;6000.00;1908.00;24.76;E0_0_4800m;5.00;159;159;10.70;24.77
5700.00;6000.00;2220.00;25.52;E0_1_4800m;5.00;185;185;12.08;25.59
5700.00;6000.00;1884.00;24.74;E0_0_4900m;5.00;157;157;10.58;24.76
5700.00;6000.00;2232.00;25.59;E0_1_4900m;5.00;186;186;12.11;25.68
5700.00;6000.00;1896.00;24.73;E0_0_5000m;5.00;158;158;10.65;24.75
5700.00;6000.00;2220.00;25.62;E0_1_5000m;5.00;185;185;12.03;25.71
6000.00;6300.00;0.00;-1.00;E0_0_0m;-1.00;0;0;0.00;-1.00
6000.00;6300.00;0.00;-1.00;E0_1_0m;-1.00;0;0;0.00;-1.00
6000.00;6300.00;1800.00;26.33;E0_0_100m;5.00;150;150;9.50;26.45
6000.00;6300.00;2208.00;27.53;E0_1_100m;5.00;184;184;11.14;27.66
6000.00;6300.00;1836.00;26.51;E0_0_200m;5.00;153;152;9.62;26.64
6000.00;6300.00;2184.00;28.00;E0_1_200m;5.00;182;182;10.83;28.12
6000.00;6300.00;1848.00;26.39;E0_0_300m;5.00;154;154;9.73;26.53
6000.00;6300.00;2196.00;28.00;E0_1_300m;5.00;183;183;10.89;28.13
6000.00;6300.00;1848.00;26.08;E0_0_400m;5.00;154;153;9.80;26.24
6000.00;6300.00;2220.00;27.80;E0_1_400m;5.00;185;185;11.09;27.93
6000.00;6300.00;1860.00;25.77;E0_0_500m;5.00;155;155;10.02;25.95
6000.00;6300.00;2232.00;27.64;E0_1_500m;5.00;186;186;11.21;27.76
6000.00;6300.00;1836.00;25.56;E0_0_600m;5.00;153;153;9.97;25.74
6000.00;6300.00;2220.00;27.51;E0_1_600m;5.00;185;185;11.21;27.62
6000.00;6300.00;1872.00;25.44;E0_0_700m;5.00;156;155;10.17;25.60
6000.00;6300.00;2208.00;27.40;E0_1_700m;5.00;184;184;11.19;27.51
6000.00;6300.00;1872.00;25.32;E0_0_800m;5.00;156;156;10.27;25.48
6000.00;6300.00;2256.00;27.33;E0_1_800m;5.00;188;188;11.46;27.43
6000.00;6300.00;1860.00;25.24;E0_0_900m;5.00;155;155;10.23;25.40
6000.00;6300.00;2244.00;27.23;E0_1_900m;5.00;187;187;11.45;27.33
6000.00;6300.00;1884.00;25.28;E0_0_1000m;5.00;157;157;10.35;25.44
6000.00;6300.00;2244.00;27.13;E0_1_1000m;5.00;187;187;11.49;27.22
6000.00;6300.00;1908.00;25.16;E0_0_1100m;5.00;159;159;10.53;25.32
6000.00;6300.00;2244.00;27.05;E0_1_1100m;5.00;187;187;11.52;27.14
6000.00;6300.00;1920.00;25.08;E0_0_1200m;5.00;160;160;10.63;25.26
6000.00;6300.00;2232.00;26.98;E0_1_1200m;5.00;186;186;11.49;27.07
6000.00;6300.00;1896.00;24.99;E0_0_1300m;5.00;158;158;10.54;25.16
6000.00;6300.00;2220.00;26.90;E0_1_1300m;5.00;185;185;11.46;26.98
6000.00;6300.00;1908.00;25.14;E0_0_1400m;5.00;159;158;10.53;25.28
6000.00;6300.00;2220.00;26.83;E0_1_1400m;5.00;185;185;11.49;26.91
6000.00;6300.00;1896.00;25.10;E0_0_1500m;5.00;158;157;10.47;25.26
6000.00;6300.00;2268.00;26.80;E0_1_1500m;5.00;189;190;11.81;26.86
6000.00;6300.00;1896.00;24.94;E0_0_1600m;5.00;158;158;10.56;25.06
6000.00;6300.00;2256.00;26.78;E0_1_1600m;5.00;188;188;11.70;26.85
6000.00;6300.00;1932.00;24.96;E0_0_1700m;5.00;161;161;10.75;25.06
6000.00;6300.00;2256.00;26.66;E0_1_1700m;5.00;188;188;11.75;26.73
6000.00;6300.00;1908.00;24.82;E0_0_1800m;5.00;159;159;10.68;24.92
6000.00;6300.00;2292.00;26.58;E0_1_1800m;5.00;191;191;11.98;26.63
6000.00;6300.00;1908.00;24.64;E0_0_1900m;5.00;159;159;10.76;24.75
6000.00;6300.00;2304.00;26.52;E0_1_1900m;5.00;192;192;12.07;26.57
6000.00;6300.00;1908.00;24.52;E0_0_2000m;5.00;159;159;10.81;24.63
6000.00;6300.00;2304.00;26.47;E0_1_2000m;5.00;192;192;12.09;26.51
6000.00;6300.00;1932.00;24.41;E0_0_2100m;5.00;161;161;10.99;24.52
6000.00;6300.00;2304.00;26.43;E0_1_2100m;5.00;192;192;12.11;26.48
6000.00;6300.00;1920.00;24.33;E0_0_2200m;5.00;160;160;10.96;24.47
6000.00;6300.00;2304.00;26.44;E0_1_2200m;5.00;192;192;12.09;26.49
6000.00;6300.00;1884.00;24.35;E0_0_2300m;5.00;157;157;10.75;24.45
6000.00;6300.00;2316.00;26.43;E0_1_2300m;5.00;193;193;12.17;26.49
6000.00;6300.00;1896.00;24.43;E0_0_2400m;5.00;158;158;10.78;24.52
6000.00;6300.00;2304.00;26.48;E0_1_2400m;5.00;192;192;12.09;26.54
6000.00;6300.00;1920.00;24.39;E0_0_2500m;5.00;160;160;10.94;24.47
6000.00;6300.00;2340.00;26.40;E0_1_2500m;5.00;195;195;12.31;26.46
6000.00;6300.00;1908.00;24.21;E0_0_2600m;5.00;159;159;10.95;24.30
6000.00;6300.00;2316.00;26.33;E0_1_2600m;5.00;193;193;12.22;26.38
6000.00;6300.00;1908.00;24.20;E0_0_2700m;5.00;159;159;10.99;24.30
6000.00;6300.00;2280.00;26.33;E0_1_2700m;5.00;190;190;12.03;26.40
6000.00;6300.00;1872.00;24.26;E0_0_2800m;5.00;156;156;10.72;24.37
6000.00;6300.00;2328.00;26.23;E0_1_2800m;5.00;194;194;12.33;26.29
6000.00;6300.00;1884.00;24.29;E0_0_2900m;5.00;157;157;10.77;24.39
6000.00;6300.00;2340.00;26.28;E0_1_2900m;5.00;195;196;12.41;26.34
6000.00;6300.00;1908.00;24.32;E0_0_3000m;5.00;159;159;10.90;24.41
6000.00;6300.00;2328.00;26.32;E0_1_3000m;5.00;194;194;12.28;26.40
6000.00;6300.00;1944.00;24.14;E0_0_3100m;5.00;162;161;11.15;24.24
6000.00;6300.00;2352.00;26.40;E0_1_3100m;5.00;196;196;12.37;26.48
6000.00;6300.00;1956.00;23.97;E0_0_3200m;5.00;163;163;11.33;24.07
6000.00;6300.00;2352.00;26.41;E0_1_3200m;5.00;196;196;12.37;26.49
6000.00;6300.00;1968.00;23.77;E0_0_3300m;5.00;164;164;11.50;23.87
6000.00;6300.00;2364.00;26.43;E0_1_3300m;5.00;197;197;12.42;26.50
6000.00;6300.00;1992.00;23.69;E0_0_3400m;5.00;166;165;11.68;23.80
6000.00;6300.00;2352.00;26.34;E0_1_3400m;5.00;196;196;12.40;26.40
6000.00;6300.00;2004.00;23.68;E0_0_3500m;5.00;167;167;11.75;23.79
6000.00;6300.00;2340.00;26.33;E0_1_3500m;5.00;195;195;12.34;26.38
6000.00;6300.00;2028.00;23.74;E0_0_3600m;5.00;169;168;11.85;23.86
6000.00;6300.00;2328.00;26.27;E0_1_3600m;5.00;194;195;12.31;26.32
6000.00;6300.00;1956.00;23.77;E0_0_3700m;5.00;163;163;11.43;23.88
6000.00;6300.00;2376.00;26.20;E0_1_3700m;5.00;198;199;12.64;26.25
6000.00;6300.00;1920.00;23.83;E0_0_3800m;5.00;160;161;11.25;23.95
6000.00;6300.00;2352.00;26.28;E0_1_3800m;5.00;196;197;12.49;26.33
6000.00;6300.00;1896.00;23.81;E0_0_3900m;5.00;158;158;11.06;23.92
6000.00;6300.00;2364.00;26.26;E0_1_3900m;5.00;197;197;12.50;26.31
6000.00;6300.00;1848.00;23.93;E0_0_4000m;5.00;154;154;10.73;24.04
6000.00;6300.00;2352.00;26.27;E0_1_4000m;5.00;196;196;12.44;26.33
6000.00;6300.00;1824.00;23.98;E0_0_4100m;5.00;152;152;10.56;24.10
6000.00;6300.00;2340.00;26.28;E0_1_4100m;5.00;195;195;12.37;26.35
6000.00;6300.00;1788.00;23.79;E0_0_4200m;5.00;149;149;10.44;23.91
6000.00;6300.00;2352.00;26.26;E0_1_4200m;5.00;196;196;12.44;26.34
6000.00;6300.00;1800.00;23.65;E0_0_4300m;5.00;150;150;10.57;23.78
6000.00;6300.00;2340.00;26.11;E0_1_4300m;5.00;195;195;12.45;26.17
6000.00;6300.00;1812.00;23.69;E0_0_4400m;5.00;151;151;10.62;23.82
6000.00;6300.00;2304.00;26.02;E0_1_4400m;5.00;192;192;12.30;26.09
6000.00;6300.00;1788.00;23.78;E0_0_4500m;5.00;149;150;10.46;23.91
6000.00;6300.00;2316.00;26.01;E0_1_4500m;5.00;193;193;12.37;26.09
6000.00;6300.00;1812.00;23.95;E0_0_4600m;5.00;151;150;10.47;24.07
6000.00;6300.00;2280.00;26.01;E0_1_4600m;5.00;190;190;12.18;26.09
6000.00;6300.00;1788.00;23.92;E0_0_4700m;5.00;149;148;10.32;24.03
6000.00;6300.00;2292.00;25.91;E0_1_4700m;5.00;191;191;12.29;25.98
6000.00;6300.00;1812.00;24.00;E0_0_4800m;5.00;151;151;10.49;24.11
6000.00;6300.00;2304.00;25.88;E0_1_4800m;5.00;192;192;12.37;25.95
6000.00;6300.00;1848.00;24.02;E0_0_4900m;5.00;154;154;10.69;24.13
6000.00;6300.00;2316.00;25.80;E0_1_4900m;5.00;193;193;12.47;25.87
6000.00;6300.00;1872.00;24.01;E0_0_5000m;5.00;156;156;10.83;24.11
6000.00;6300.00;2316.00;25.83;E0_1_5000m;5.00;193;193;12.45;25.91
6300.00;6600.00;0.00;-1.00;E0_0_0m;-1.00;0;0;0.00;-1.00
6300.00;6600.00;0.00;-1.00;E0_1_0m;-1.00;0;0;0.00;-1.00
6300.00;6600.00;1884.00;26.38;E0_0_100m;5.00;157;157;9.92;26.44
6300.00;6600.00;2220.00;28.04;E0_1_100m;5.00;185;185;11.00;28.11
6300.00;6600.00;1920.00;26.46;E0_0_200m;5.00;160;160;10.08;26.53
6300.00;6600.00;2232.00;28.10;E0_1_200m;5.00;186;186;11.03;28.20
6300.00;6600.00;1896.00;26.55;E0_0_300m;5.00;158;159;9.98;26.61
6300.00;6600.00;2220.00;28.05;E0_1_300m;5.00;185;185;10.99;28.15
6300.00;6600.00;1896.00;26.42;E0_0_400m;5.00;158;158;9.97;26.51
6300.00;6600.00;2232.00;28.02;E0_1_400m;5.00;186;186;11.06;28.13
6300.00;6600.00;1884.00;26.27;E0_0_500m;5.00;157;157;9.96;26.36
6300.00;6600.00;2208.00;27.80;E0_1_500m;5.00;184;184;11.03;27.92
6300.00;6600.00;1896.00;26.29;E0_0_600m;5.00;158;158;10.02;26.37
6300.00;6600.00;2208.00;27.65;E0_1_600m;5.00;184;185;11.12;27.78
6300.00;6600.00;1896.00;26.26;E0_0_700m;5.00;158;158;10.03;26.35
6300.00;6600.00;2208.00;27.56;E0_1_700m;5.00;184;184;11.13;27.70
6300.00;6600.00;1860.00;26.09;E0_0_800m;5.00;155;155;9.90;26.19
6300.00;6600.00;2184.00;27.42;E0_1_800m;5.00;182;182;11.06;27.57
6300.00;6600.00;1860.00;26.06;E0_0_900m;5.00;155;156;9.95;26.15
6300.00;6600.00;2184.00;27.35;E0_1_900m;5.00;182;183;11.12;27.50
6300.00;6600.00;1836.00;25.97;E0_0_1000m;5.00;153;153;9.82;26.06
6300.00;6600.00;2196.00;27.28;E0_1_1000m;5.00;183;183;11.18;27.43
6300.00;6600.00;1788.00;25.92;E0_0_1100m;5.00;149;149;9.58;26.02
6300.00;6600.00;2220.00;27.21;E0_1_1100m;5.00;185;185;11.33;27.36
6300.00;6600.00;1788.00;25.91;E0_0_1200m;5.00;149;149;9.58;25.98
6300.00;6600.00;2232.00;27.17;E0_1_1200m;5.00;186;186;11.41;27.33
6300.00;6600.00;1812.00;25.79;E0_0_1300m;5.00;151;151;9.76;25.86
6300.00;6600.00;2220.00;27.12;E0_1_1300m;5.00;185;185;11.37;27.28
6300.00;6600.00;1788.00;25.76;E0_0_1400m;5.00;149;149;9.64;25.83
6300.00;6600.00;2232.00;27.09;E0_1_1400m;5.00;186;186;11.44;27.25
6300.00;6600.00;1800.00;25.78;E0_0_1500m;5.00;150;150;9.70;25.84
6300.00;6600.00;2184.00;27.08;E0_1_1500m;5.00;182;182;11.20;27.23
6300.00;6600.00;1800.00;25.78;E0_0_1600m;5.00;150;150;9.70;25.85
6300.00;6600.00;2172.00;27.10;E0_1_1600m;5.00;181;182;11.15;27.24
6300.00;6600.00;1800.00;25.79;E0_0_1700m;5.00;150;150;9.70;25.87
6300.00;6600.00;2160.00;27.05;E0_1_1700m;5.00;180;180;11.09;27.21
6300.00;6600.00;1836.00;25.86;E0_0_1800m;5.00;153;153;9.86;25.95
6300.00;6600.00;2136.00;27.06;E0_1_1800m;5.00;178;178;10.96;27.23
6300.00;6600.00;1824.00;25.96;E0_0_1900m;5.00;152;153;9.77;26.05
6300.00;6600.00;2136.00;27.12;E0_1_1900m;5.00;178;178;10.94;27.28
6300.00;6600.00;1812.00;25.98;E0_0_2000m;5.00;151;152;9.72;26.06
6300.00;6600.00;2136.00;27.18;E0_1_2000m;5.00;178;178;10.91;27.33
6300.00;6600.00;1812.00;25.95;E0_0_2100m;5.00;151;151;9.70;26.03
6300.00;6600.00;2124.00;27.29;E0_1_2100m;5.00;177;177;10.81;27.44
6300.00;6600.00;1812.00;25.90;E0_0_2200m;5.00;151;151;9.72;25.97
6300.00;6600.00;2124.00;27.32;E0_1_2200m;5.00;177;177;10.80;27.48
6300.00;6600.00;1812.00;25.89;E0_0_2300m;5.00;151;151;9.72;25.96
6300.00;6600.00;2100.00;27.38;E0_1_2300m;5.00;175;176;10.68;27.54
6300.00;6600.00;1800.00;25.99;E0_0_2400m;5.00;150;150;9.62;26.05
6300.00;6600.00;2100.00;27.40;E0_1_2400m;5.00;175;175;10.64;27.55
6300.00;6600.00;1752.00;25.98;E0_0_2500m;5.00;146;146;9.36;26.05
6300.00;6600.00;2076.00;27.43;E0_1_2500m;5.00;173;173;10.51;27.58
6300.00;6600.00;1740.00;25.94;E0_0_2600m;5.00;145;145;9.32;26.01
6300.00;6600.00;2076.00;27.47;E0_1_2600m;5.00;173;173;10.50;27.60
6300.00;6600.00;1752.00;25.93;E0_0_2700m;5.00;146;145;9.34;26.00
6300.00;6600.00;2064.00;27.53;E0_1_2700m;5.00;172;172;10.41;27.66
6300.00;6600.00;1728.00;26.09;E0_0_2800m;5.00;144;144;9.20;26.16
6300.00;6600.00;2076.00;27.60;E0_1_2800m;5.00;173;173;10.45;27.73
6300.00;6600.00;1740.00;26.14;E0_0_2900m;5.00;145;146;9.29;26.20
6300.00;6600.00;2040.00;27.76;E0_1_2900m;5.00;170;170;10.21;27.88
6300.00;6600.00;1716.00;26.10;E0_0_3000m;5.00;143;143;9.13;26.15
6300.00;6600.00;2040.00;27.84;E0_1_3000m;5.00;170;170;10.18;27.95
6300.00;6600.00;1716.00;25.95;E0_0_3100m;5.00;143;143;9.19;26.01
6300.00;6600.00;2028.00;27.81;E0_1_3100m;5.00;169;169;10.13;27.92
6300.00;6600.00;1740.00;26.00;E0_0_3200m;5.00;145;145;9.29;26.06
6300.00;6600.00;2064.00;27.81;E0_1_3200m;5.00;172;172;10.31;27.91
6300.00;6600.00;1704.00;26.02;E0_0_3300m;5.00;142;143;9.12;26.08
6300.00;6600.00;2076.00;27.84;E0_1_3300m;5.00;173;173;10.36;27.95
6300.00;6600.00;1752.00;25.97;E0_0_3400m;5.00;146;146;9.37;26.05
6300.00;6600.00;2028.00;27.92;E0_1_3400m;5.00;169;169;10.09;28.03
6300.00;6600.00;1788.00;25.89;E0_0_3500m;5.00;149;149;9.59;25.97
6300.00;6600.00;2064.00;27.83;E0_1_3500m;5.00;172;172;10.30;27.94
6300.00;6600.00;1812.00;25.89;E0_0_3600m;5.00;151;152;9.73;25.97
6300.00;6600.00;2112.00;27.63;E0_1_3600m;5.00;176;176;10.62;27.75
6300.00;6600.00;1812.00;25.84;E0_0_3700m;5.00;151;151;9.74;25.91
6300.00;6600.00;2136.00;27.65;E0_1_3700m;5.00;178;177;10.68;27.75
6300.00;6600.00;1812.00;25.76;E0_0_3800m;5.00;151;151;9.77;25.85
6300.00;6600.00;2160.00;27.56;E0_1_3800m;5.00;180;179;10.82;27.66
6300.00;6600.00;1812.00;25.67;E0_0_3900m;5.00;151;151;9.80;25.75
6300.00;6600.00;2172.00;27.53;E0_1_3900m;5.00;181;181;10.96;27.62
6300.00;6600.00;1824.00;25.57;E0_0_4000m;5.00;152;152;9.91;25.66
6300.00;6600.00;2196.00;27.43;E0_1_4000m;5.00;183;183;11.12;27.52
6300.00;6600.00;1824.00;25.43;E0_0_4100m;5.00;152;152;9.96;25.52
6300.00;6600.00;2208.00;27.31;E0_1_4100m;5.00;184;184;11.23;27.39
6300.00;6600.00;1824.00;25.27;E0_0_4200m;5.00;152;152;10.02;25.39
6300.00;6600.00;2208.00;27.16;E0_1_4200m;5.00;184;184;11.29;27.23
6300.00;6600.00;1848.00;25.16;E0_0_4300m;5.00;154;154;10.20;25.31
6300.00;6600.00;2184.00;27.03;E0_1_4300m;5.00;182;183;11.24;27.10
6300.00;6600.00;1860.00;24.95;E0_0_4400m;5.00;155;155;10.35;25.12
6300.00;6600.00;2220.00;26.92;E0_1_4400m;5.00;185;185;11.45;26.98
6300.00;6600.00;1884.00;24.75;E0_0_4500m;5.00;157;156;10.56;24.94
6300.00;6600.00;2280.00;26.87;E0_1_4500m;5.00;190;190;11.78;26.92
6300.00;6600.00;1920.00;24.58;E0_0_4600m;5.00;160;160;10.85;24.78
6300.00;6600.00;2304.00;26.82;E0_1_4600m;5.00;192;192;11.93;26.86
6300.00;6600.00;1920.00;24.42;E0_0_4700m;5.00;160;160;10.92;24.63
6300.00;6600.00;2316.00;26.78;E0_1_4700m;5.00;193;193;12.01;26.82
6300.00;6600.00;1932.00;24.35;E0_0_4800m;5.00;161;161;11.02;24.55
6300.00;6600.00;2292.00;26.83;E0_1_4800m;5.00;191;191;11.86;26.88
6300.00;6600.00;1944.00;24.40;E0_0_4900m;5.00;162;162;11.07;24.61
6300.00;6600.00;2268.00;26.94;E0_1_4900m;5.00;189;190;11.71;27.01
6300.00;6600.00;1908.00;24.37;E0_0_5000m;5.00;159;159;10.87;24.59
6300.00;6600.00;2280.00;26.91;E0_1_5000m;5.00;190;191;11.80;26.97
6600.00;6900.00;0.00;-1.00;E0_0_0m;-1.00;0;0;0.00;-1.00
6600.00;6900.00;0.00;-1.00;E0_1_0m;-1.00;0;0;0.00;-1.00
6600.00;6900.00;2196.00;26.45;E0_0_100m;5.00;183;183;11.53;26.54
6600.00;6900.00;2172.00;27.83;E0_1_100m;5.00;181;181;10.84;27.95
6600.00;6900.00;2148.00;26.44;E0_0_200m;5.00;179;179;11.28;26.56
6600.00;6900.00;2148.00;27.98;E0_1_200m;5.00;179;180;10.67;28.13
6600.00;6900.00;2112.00;26.28;E0_0_300m;5.00;176;176;11.12;26.41
6600.00;6900.00;2184.00;28.03;E0_1_300m;5.00;182;182;10.82;28.20
6600.00;6900.00;2088.00;26.20;E0_0_400m;5.00;174;174;11.07;26.34
6600.00;6900.00;2172.00;28.00;E0_1_400m;5.00;181;182;10.78;28.17
6600.00;6900.00;2052.00;26.30;E0_0_500m;5.00;171;171;10.84;26.41
6600.00;6900.00;2220.00;27.83;E0_1_500m;5.00;185;185;11.08;27.98
6600.00;6900.00;2016.00;26.32;E0_0_600m;5.00;168;168;10.64;26.42
6600.00;6900.00;2244.00;27.69;E0_1_600m;5.00;187;186;11.22;27.83
6600.00;6900.00;2028.00;26.41;E0_0_700m;5.00;169;169;10.66;26.50
6600.00;6900.00;2220.00;27.66;E0_1_700m;5.00;185;185;11.15;27.80
6600.00;6900.00;2028.00;26.40;E0_0_800m;5.00;169;169;10.67;26.49
6600.00;6900.00;2232.00;27.78;E0_1_800m;5.00;186;186;11.16;27.93
6600.00;6900.00;2040.00;26.25;E0_0_900m;5.00;170;169;10.76;26.34
6600.00;6900.00;2220.00;27.88;E0_1_900m;5.00;185;184;11.04;28.02
6600.00;6900.00;2040.00;26.25;E0_0_1000m;5.00;170;170;10.79;26.33
6600.00;6900.00;2196.00;27.90;E0_1_1000m;5.00;183;183;10.93;28.04
6600.00;6900.00;2016.00;26.13;E0_0_1100m;5.00;168;168;10.72;26.21
6600.00;6900.00;2196.00;27.86;E0_1_1100m;5.00;183;183;10.95;28.01
6600.00;6900.00;2004.00;26.09;E0_0_1200m;5.00;167;167;10.67;26.17
6600.00;6900.00;2184.00;27.82;E0_1_1200m;5.00;182;183;10.91;27.95
6600.00;6900.00;1992.00;26.06;E0_0_1300m;5.00;166;166;10.62;26.11
6600.00;6900.00;2184.00;27.78;E0_1_1300m;5.00;182;182;10.92;27.90
6600.00;6900.00;1980.00;26.03;E0_0_1400m;5.00;165;165;10.56;26.08
6600.00;6900.00;2160.00;27.84;E0_1_1400m;5.00;180;180;10.78;27.96
6600.00;6900.00;1968.00;26.01;E0_0_1500m;5.00;164;165;10.54;26.05
6600.00;6900.00;2172.00;27.84;E0_1_1500m;5.00;181;182;10.86;27.96
6600.00;6900.00;1968.00;26.04;E0_0_1600m;5.00;164;164;10.50;26.08
6600.00;6900.00;2184.00;27.83;E0_1_1600m;5.00;182;182;10.95;27.93
6600.00;6900.00;1980.00;25.99;E0_0_1700m;5.00;165;165;10.58;26.04
6600.00;6900.00;2172.00;27.85;E0_1_1700m;5.00;181;182;10.85;27.95
6600.00;6900.00;1992.00;25.93;E0_0_1800m;5.00;166;166;10.67;25.97
6600.00;6900.00;2196.00;27.75;E0_1_1800m;5.00;183;183;10.99;27.86
6600.00;6900.00;2016.00;25.83;E0_0_1900m;5.00;168;167;10.82;25.88
6600.00;6900.00;2232.00;27.59;E0_1_1900m;5.00;186;186;11.24;27.69
6600.00;6900.00;2028.00;25.77;E0_0_2000m;5.00;169;168;10.90;25.81
6600.00;6900.00;2256.00;27.38;E0_1_2000m;5.00;188;188;11.44;27.48
6600.00;6900.00;2052.00;25.78;E0_0_2100m;5.00;171;171;11.06;25.82
6600.00;6900.00;2280.00;27.10;E0_1_2100m;5.00;190;190;11.69;27.19
6600.00;6900.00;2064.00;25.67;E0_0_2200m;5.00;172;172;11.17;25.71
6600.00;6900.00;2316.00;26.82;E0_1_2200m;5.00;193;193;11.99;26.91
6600.00;6900.00;2052.00;25.50;E0_0_2300m;5.00;171;171;11.17;25.54
6600.00;6900.00;2328.00;26.58;E0_1_2300m;5.00;194;193;12.14;26.69
6600.00;6900.00;2064.00;25.37;E0_0_2400m;5.00;172;172;11.30;25.40
6600.00;6900.00;2328.00;26.43;E0_1_2400m;5.00;194;194;12.23;26.56
6600.00;6900.00;2064.00;25.29;E0_0_2500m;5.00;172;172;11.33;25.33
6600.00;6900.00;2328.00;26.25;E0_1_2500m;5.00;194;194;12.32;26.38
6600.00;6900.00;2028.00;25.25;E0_0_2600m;5.00;169;169;11.15;25.29
6600.00;6900.00;2352.00;26.17;E0_1_2600m;5.00;196;196;12.48;26.29
6600.00;6900.00;2052.00;25.25;E0_0_2700m;5.00;171;171;11.29;25.30
6600.00;6900.00;2340.00;26.13;E0_1_2700m;5.00;195;195;12.44;26.26
6600.00;6900.00;2064.00;25.16;E0_0_2800m;5.00;172;172;11.40;25.20
6600.00;6900.00;2352.00;25.99;E0_1_2800m;5.00;196;196;12.57;26.12
6600.00;6900.00;2076.00;25.08;E0_0_2900m;5.00;173;172;11.45;25.12
6600.00;6900.00;2352.00;25.93;E0_1_2900m;5.00;196;196;12.60;26.06
6600.00;6900.00;2076.00;25.11;E0_0_3000m;5.00;173;173;11.48;25.16
6600.00;6900.00;2352.00;25.90;E0_1_3000m;5.00;196;196;12.61;26.05
6600.00;6900.00;2016.00;25.15;E0_0_3100m;5.00;168;168;11.13;25.21
6600.00;6900.00;2352.00;25.89;E0_1_3100m;5.00;196;196;12.62;26.05
6600.00;6900.00;1980.00;25.14;E0_0_3200m;5.00;165;165;10.94;25.19
6600.00;6900.00;2316.00;25.89;E0_1_3200m;5.00;193;193;12.42;26.04
6600.00;6900.00;1992.00;25.14;E0_0_3300m;5.00;166;166;11.01;25.19
6600.00;6900.00;2304.00;25.86;E0_1_3300m;5.00;192;192;12.37;26.02
6600.00;6900.00;1980.00;25.09;E0_0_3400m;5.00;165;165;10.96;25.14
6600.00;6900.00;2304.00;25.85;E0_1_3400m;5.00;192;192;12.38;26.00
6600.00;6900.00;1944.00;25.05;E0_0_3500m;5.00;162;162;10.78;25.10
6600.00;6900.00;2268.00;25.84;E0_1_3500m;5.00;189;189;12.19;26.00
6600.00;6900.00;1908.00;25.03;E0_0_3600m;5.00;159;159;10.59;25.07
6600.00;6900.00;2232.00;25.74;E0_1_3600m;5.00;186;186;12.04;25.89
6600.00;6900.00;1896.00;25.05;E0_0_3700m;5.00;158;159;10.56;25.09
6600.00;6900.00;2220.00;25.75;E0_1_3700m;5.00;185;185;11.97;25.92
6600.00;6900.00;1872.00;25.06;E0_0_3800m;5.00;156;156;10.38;25.10
6600.00;6900.00;2220.00;25.74;E0_1_3800m;5.00;185;185;11.98;25.90
6600.00;6900.00;1860.00;25.04;E0_0_3900m;5.00;155;155;10.32;25.08
6600.00;6900.00;2208.00;25.76;E0_1_3900m;5.00;184;184;11.90;25.92
6600.00;6900.00;1836.00;24.99;E0_0_4000m;5.00;153;153;10.21;25.02
6600.00;6900.00;2196.00;25.77;E0_1_4000m;5.00;183;183;11.84;25.93
6600.00;6900.00;1824.00;25.03;E0_0_4100m;5.00;152;153;10.14;25.07
6600.00;6900.00;2196.00;25.78;E0_1_4100m;5.00;183;183;11.83;25.93
6600.00;6900.00;1848.00;24.99;E0_0_4200m;5.00;154;154;10.27;25.03
6600.00;6900.00;2184.00;25.83;E0_1_4200m;5.00;182;182;11.74;25.96
6600.00;6900.00;1836.00;24.97;E0_0_4300m;5.00;153;153;10.21;24.99
6600.00;6900.00;2184.00;25.80;E0_1_4300m;5.00;182;181;11.74;25.93
6600.00;6900.00;1812.00;24.95;E0_0_4400m;5.00;151;151;10.09;24.98
6600.00;6900.00;2160.00;25.77;E0_1_4400m;5.00;180;180;11.64;25.89
6600.00;6900.00;1788.00;24.94;E0_0_4500m;5.00;149;149;9.96;24.97
6600.00;6900.00;2124.00;25.77;E0_1_4500m;5.00;177;177;11.45;25.89
6600.00;6900.00;1800.00;25.00;E0_0_4600m;5.00;150;150;10.00;25.03
6600.00;6900.00;2112.00;25.88;E0_1_4600m;5.00;176;176;11.34;26.01
6600.00;6900.00;1848.00;25.12;E0_0_4700m;5.00;154;154;10.22;25.16
6600.00;6900.00;2124.00;25.92;E0_1_4700m;5.00;177;177;11.38;26.07
6600.00;6900.00;1836.00;25.20;E0_0_4800m;5.00;153;153;10.12;25.25
6600.00;6900.00;2172.00;26.00;E0_1_4800m;5.00;181;181;11.60;26.14
6600.00;6900.00;1824.00;25.27;E0_0_4900m;5.00;152;152;10.03;25.32
6600.00;6900.00;2208.00;26.00;E0_1_4900m;5.00;184;183;11.78;26.12
6600.00;6900.00;1848.00;25.41;E0_0_5000m;5.00;154;154;10.10;25.46
6600.00;6900.00;2256.00;26.05;E0_1_5000m;5.00;188;187;11.99;26.16
6900.00;7200.00;0.00;-1.00;E0_0_0m;-1.00;0;0;0.00;-1.00
6900.00;7200.00;0.00;-1.00;E0_1_0m;-1.00;0;0;0.00;-1.00
6900.00;7200.00;1944.00;26.75;E0_0_100m;5.00;162;162;10.09;26.84
6900.00;7200.00;2196.00;27.82;E0_1_100m;5.00;183;183;10.96;27.94
6900.00;7200.00;2016.00;26.82;E0_0_200m;5.00;168;168;10.44;26.93
6900.00;7200.00;2136.00;28.37;E0_1_200m;5.00;178;177;10.45;28.56
6900.00;7200.00;2028.00;26.63;E0_0_300m;5.00;169;169;10.58;26.75
6900.00;7200.00;2124.00;28.40;E0_1_300m;5.00;177;178;10.45;28.60
6900.00;7200.00;2004.00;26.37;E0_0_400m;5.00;167;167;10.55;26.50
6900.00;7200.00;2148.00;28.30;E0_1_400m;5.00;179;179;10.54;28.46
6900.00;7200.00;1956.00;26.37;E0_0_500m;5.00;163;163;10.30;26.50
6900.00;7200.00;2160.00;28.27;E0_1_500m;5.00;180;180;10.61;28.40
6900.00;7200.00;1944.00;26.45;E0_0_600m;5.00;162;162;10.21;26.56
6900.00;7200.00;2148.00;28.20;E0_1_600m;5.00;179;179;10.58;28.31
6900.00;7200.00;1896.00;26.39;E0_0_700m;5.00;158;158;9.98;26.49
6900.00;7200.00;2172.00;28.12;E0_1_700m;5.00;181;181;10.73;28.22
6900.00;7200.00;1896.00;26.38;E0_0_800m;5.00;158;158;9.98;26.46
6900.00;7200.00;2160.00;28.05;E0_1_800m;5.00;180;180;10.70;28.14
6900.00;7200.00;1920.00;26.26;E0_0_900m;5.00;160;160;10.15;26.35
6900.00;7200.00;2172.00;27.87;E0_1_900m;5.00;181;181;10.82;27.96
6900.00;7200.00;1932.00;26.17;E0_0_1000m;5.00;161;161;10.25;26.27
6900.00;7200.00;2172.00;27.58;E0_1_1000m;5.00;181;181;10.94;27.67
6900.00;7200.00;1920.00;26.14;E0_0_1100m;5.00;160;161;10.27;26.23
6900.00;7200.00;2208.00;27.30;E0_1_1100m;5.00;184;184;11.23;27.44
6900.00;7200.00;1908.00;25.90;E0_0_1200m;5.00;159;159;10.23;25.98
6900.00;7200.00;2232.00;27.04;E0_1_1200m;5.00;186;186;11.51;27.13
6900.00;7200.00;1908.00;25.72;E0_0_1300m;5.00;159;159;10.31;25.81
6900.00;7200.00;2256.00;26.88;E0_1_1300m;5.00;188;188;11.66;26.97
6900.00;7200.00;1956.00;25.59;E0_0_1400m;5.00;163;163;10.61;25.69
6900.00;7200.00;2280.00;26.71;E0_1_1400m;5.00;190;190;11.86;26.81
6900.00;7200.00;1980.00;25.55;E0_0_1500m;5.00;165;165;10.75;25.62
6900.00;7200.00;2316.00;26.53;E0_1_1500m;5.00;193;192;12.10;26.63
6900.00;7200.00;2004.00;25.50;E0_0_1600m;5.00;167;167;10.92;25.54
6900.00;7200.00;2340.00;26.37;E0_1_1600m;5.00;195;194;12.26;26.45
6900.00;7200.00;2028.00;25.53;E0_0_1700m;5.00;169;169;11.03;25.56
6900.00;7200.00;2316.00;26.27;E0_1_1700m;5.00;193;193;12.24;26.36
6900.00;7200.00;2004.00;25.49;E0_0_1800m;5.00;167;167;10.92;25.51
6900.00;7200.00;2292.00;26.18;E0_1_1800m;5.00;191;191;12.16;26.27
6900.00;7200.00;1956.00;25.41;E0_0_1900m;5.00;163;163;10.69;25.43
6900.00;7200.00;2280.00;26.06;E0_1_1900m;5.00;190;190;12.15;26.13
6900.00;7200.00;1920.00;25.38;E0_0_2000m;5.00;160;160;10.51;25.40
6900.00;7200.00;2268.00;26.05;E0_1_2000m;5.00;189;189;12.09;26.12
6900.00;7200.00;1896.00;25.37;E0_0_2100m;5.00;158;159;10.40;25.40
6900.00;7200.00;2244.00;26.07;E0_1_2100m;5.00;187;187;11.95;26.16
6900.00;7200.00;1872.00;25.43;E0_0_2200m;5.00;156;156;10.22;25.47
6900.00;7200.00;2220.00;26.09;E0_1_2200m;5.00;185;185;11.82;26.18
6900.00;7200.00;1896.00;25.44;E0_0_2300m;5.00;158;158;10.35;25.49
6900.00;7200.00;2232.00;26.13;E0_1_2300m;5.00;186;186;11.86;26.24
6900.00;7200.00;1944.00;25.46;E0_0_2400m;5.00;162;163;10.62;25.51
6900.00;7200.00;2196.00;26.12;E0_1_2400m;5.00;183;183;11.68;26.26
6900.00;7200.00;1968.00;25.45;E0_0_2500m;5.00;164;164;10.74;25.49
6900.00;7200.00;2184.00;26.14;E0_1_2500m;5.00;182;182;11.60;26.26
6900.00;7200.00;1968.00;25.44;E0_0_2600m;5.00;164;164;10.75;25.48
6900.00;7200.00;2184.00;26.04;E0_1_2600m;5.00;182;183;11.68;26.14
6900.00;7200.00;1944.00;25.33;E0_0_2700m;5.00;162;162;10.66;25.36
6900.00;7200.00;2208.00;25.87;E0_1_2700m;5.00;184;184;11.85;25.94
6900.00;7200.00;1932.00;25.24;E0_0_2800m;5.00;161;161;10.63;25.26
6900.00;7200.00;2196.00;25.68;E0_1_2800m;5.00;183;183;11.88;25.73
6900.00;7200.00;1920.00;25.10;E0_0_2900m;5.00;160;160;10.62;25.13
6900.00;7200.00;2196.00;25.55;E0_1_2900m;5.00;183;183;11.94;25.60
6900.00;7200.00;1920.00;25.13;E0_0_3000m;5.00;160;161;10.68;25.15
6900.00;7200.00;2232.00;25.52;E0_1_3000m;5.00;186;186;12.15;25.61
6900.00;7200.00;1968.00;25.10;E0_0_3100m;5.00;164;164;10.89;25.12
6900.00;7200.00;2244.00;25.49;E0_1_3100m;5.00;187;188;12.28;25.56
6900.00;7200.00;1980.00;25.13;E0_0_3200m;5.00;165;165;10.94;25.15
6900.00;7200.00;2244.00;25.56;E0_1_3200m;5.00;187;187;12.19;25.64
6900.00;7200.00;1992.00;25.11;E0_0_3300m;5.00;166;166;11.02;25.13
6900.00;7200.00;2232.00;25.50;E0_1_3300m;5.00;186;187;12.22;25.56
6900.00;7200.00;1992.00;25.07;E0_0_3400m;5.00;166;166;11.03;25.09
6900.00;7200.00;2244.00;25.37;E0_1_3400m;5.00;187;187;12.28;25.41
6900.00;7200.00;1992.00;25.06;E0_0_3500m;5.00;166;166;11.04;25.08
6900.00;7200.00;2232.00;25.28;E0_1_3500m;5.00;186;187;12.33;25.31
6900.00;7200.00;1992.00;25.04;E0_0_3600m;5.00;166;167;11.08;25.06
6900.00;7200.00;2244.00;25.20;E0_1_3600m;5.00;187;187;12.37;25.22
6900.00;7200.00;2016.00;25.01;E0_0_3700m;5.00;168;168;11.20;25.03
6900.00;7200.00;2256.00;25.15;E0_1_3700m;5.00;188;188;12.46;25.18
6900.00;7200.00;2040.00;24.93;E0_0_3800m;5.00;170;170;11.37;24.95
6900.00;7200.00;2304.00;25.14;E0_1_3800m;5.00;192;192;12.73;25.16
6900.00;7200.00;2076.00;24.92;E0_0_3900m;5.00;173;173;11.57;24.94
6900.00;7200.00;2340.00;25.13;E0_1_3900m;5.00;195;195;12.93;25.16
6900.00;7200.00;2112.00;24.88;E0_0_4000m;5.00;176;176;11.79;24.90
6900.00;7200.00;2376.00;25.15;E0_1_4000m;5.00;198;198;13.12;25.18
6900.00;7200.00;2148.00;24.86;E0_0_4100m;5.00;179;178;11.98;24.88
6900.00;7200.00;2376.00;25.21;E0_1_4100m;5.00;198;199;13.10;25.27
6900.00;7200.00;2148.00;24.94;E0_0_4200m;5.00;179;179;11.96;24.96
6900.00;7200.00;2364.00;25.21;E0_1_4200m;5.00;197;197;13.02;25.28
6900.00;7200.00;2136.00;24.92;E0_0_4300m;5.00;178;178;11.91;24.93
6900.00;7200.00;2376.00;25.19;E0_1_4300m;5.00;198;198;13.10;25.25
6900.00;7200.00;2136.00;24.85;E0_0_4400m;5.00;178;178;11.94;24.86
6900.00;7200.00;2388.00;25.15;E0_1_4400m;5.00;199;199;13.19;25.20
6900.00;7200.00;2136.00;24.81;E0_0_4500m;5.00;178;178;11.96;24.82
6900.00;7200.00;2388.00;25.11;E0_1_4500m;5.00;199;199;13.21;25.16
6900.00;7200.00;2100.00;24.80;E0_0_4600m;5.00;175;175;11.76;24.81
6900.00;7200.00;2364.00;25.09;E0_1_4600m;5.00;197;197;13.09;25.14
6900.00;7200.00;2076.00;24.80;E0_0_4700m;5.00;173;173;11.63;24.81
6900.00;7200.00;2328.00;25.08;E0_1_4700m;5.00;194;194;12.89;25.12
6900.00;7200.00;2040.00;24.81;E0_0_4800m;5.00;170;171;11.46;24.82
6900.00;7200.00;2304.00;25.12;E0_1_4800m;5.00;192;192;12.74;25.17
6900.00;7200.00;2028.00;24.84;E0_0_4900m;5.00;169;169;11.34;24.85
6900.00;7200.00;2268.00;25.20;E0_1_4900m;5.00;189;190;12.51;25.26
6900.00;7200.00;2004.00;24.90;E0_0_5000m;5.00;167;167;11.18;24.92
6900.00;7200.00;2232.00;25.24;E0_1_5000m;5.00;186;186;12.28;25.30
7200.00;7500.00;0.00;-1.00;E0_0_0m;-1.00;0;0;0.00;-1.00
7200.00;7500.00;0.00;-1.00;E0_1_0m;-1.00;0;0;0.00;-1.00
7200.00;7500.00;2100.00;24.39;E0_0_100m;5.00;175;175;11.96;24.56
7200.00;7500.00;2352.00;26.52;E0_1_100m;5.00;196;196;12.32;26.63
7200.00;7500.00;2100.00;24.02;E0_0_200m;5.00;175;175;12.14;24.29
7200.00;7500.00;2340.00;26.36;E0_1_200m;5.00;195;195;12.33;26.54
7200.00;7500.00;2052.00;23.78;E0_0_300m;5.00;171;171;11.98;24.12
7200.00;7500.00;2400.00;26.03;E0_1_300m;5.00;200;199;12.74;26.20
7200.00;7500.00;2076.00;23.46;E0_0_400m;5.00;173;173;12.29;23.84
7200.00;7500.00;2400.00;25.78;E0_1_400m;5.00;200;200;12.93;25.93
7200.00;7500.00;2088.00;23.09;E0_0_500m;5.00;174;174;12.56;23.47
7200.00;7500.00;2424.00;25.59;E0_1_500m;5.00;202;202;13.16;25.73
7200.00;7500.00;2088.00;22.77;E0_0_600m;5.00;174;174;12.74;23.13
7200.00;7500.00;2436.00;25.43;E0_1_600m;5.00;203;203;13.30;25.55
7200.00;7500.00;2100.00;22.50;E0_0_700m;5.00;175;175;12.96;22.87
7200.00;7500.00;2436.00;25.24;E0_1_700m;5.00;203;203;13.40;25.35
7200.00;7500.00;2112.00;22.15;E0_0_800m;5.00;176;176;13.24;22.51
7200.00;7500.00;2424.00;25.10;E0_1_800m;5.00;202;202;13.41;25.22
7200.00;7500.00;2100.00;22.03;E0_0_900m;5.00;175;175;13.24;22.37
7200.00;7500.00;2400.00;24.95;E0_1_900m;5.00;200;201;13.39;25.10
7200.00;7500.00;2112.00;21.93;E0_0_1000m;5.00;176;176;13.37;22.24
7200.00;7500.00;2388.00;24.74;E0_1_1000m;5.00;199;200;13.46;24.91
7200.00;7500.00;2100.00;21.70;E0_0_1100m;5.00;175;175;13.44;22.02
7200.00;7500.00;2388.00;24.54;E0_1_1100m;5.00;199;200;13.58;24.69
7200.00;7500.00;2100.00;21.70;E0_0_1200m;5.00;175;175;13.44;22.02
7200.00;7500.00;2388.00;24.41;E0_1_1200m;5.00;199;199;13.61;24.55
7200.00;7500.00;2076.00;21.72;E0_0_1300m;5.00;173;173;13.27;22.05
7200.00;7500.00;2388.00;24.37;E0_1_1300m;5.00;199;199;13.61;24.51
7200.00;7500.00;2040.00;21.63;E0_0_1400m;5.00;170;170;13.10;21.96
7200.00;7500.00;2352.00;24.38;E0_1_1400m;5.00;196;196;13.40;24.52
7200.00;7500.00;2016.00;21.73;E0_0_1500m;5.00;168;167;12.86;22.05
7200.00;7500.00;2316.00;24.46;E0_1_1500m;5.00;193;193;13.15;24.62
7200.00;7500.00;1968.00;21.82;E0_0_1600m;5.00;164;165;12.60;22.13
7200.00;7500.00;2292.00;24.46;E0_1_1600m;5.00;191;191;13.02;24.62
7200.00;7500.00;1956.00;21.90;E0_0_1700m;5.00;163;163;12.41;22.22
7200.00;7500.00;2280.00;24.54;E0_1_1700m;5.00;190;191;12.93;24.71
7200.00;7500.00;1920.00;22.17;E0_0_1800m;5.00;160;160;12.03;22.48
7200.00;7500.00;2292.00;24.49;E0_1_1800m;5.00;191;191;13.00;24.65
7200.00;7500.00;1908.00;22.39;E0_0_1900m;5.00;159;160;11.91;22.72
7200.00;7500.00;2292.00;24.58;E0_1_1900m;5.00;191;191;12.95;24.73
7200.00;7500.00;1908.00;22.75;E0_0_2000m;5.00;159;159;11.65;23.09
7200.00;7500.00;2292.00;24.74;E0_1_2000m;5.00;191;191;12.87;24.90
7200.00;7500.00;1908.00;22.89;E0_0_2100m;5.00;159;158;11.56;23.21
7200.00;7500.00;2280.00;24.88;E0_1_2100m;5.00;190;191;12.74;25.06
7200.00;7500.00;1896.00;23.00;E0_0_2200m;5.00;158;159;11.45;23.28
7200.00;7500.00;2280.00;25.06;E0_1_2200m;5.00;190;190;12.64;25.27
7200.00;7500.00;1896.00;22.89;E0_0_2300m;5.00;158;158;11.50;23.19
7200.00;7500.00;2232.00;25.33;E0_1_2300m;5.00;186;187;12.30;25.56
7200.00;7500.00;1848.00;22.69;E0_0_2400m;5.00;154;154;11.31;23.00
7200.00;7500.00;2256.00;25.34;E0_1_2400m;5.00;188;188;12.36;25.56
7200.00;7500.00;1848.00;22.82;E0_0_2500m;5.00;154;154;11.25;23.14
7200.00;7500.00;2244.00;25.36;E0_1_2500m;5.00;187;187;12.29;25.58
7200.00;7500.00;1848.00;23.19;E0_0_2600m;5.00;154;154;11.07;23.45
7200.00;7500.00;2232.00;25.37;E0_1_2600m;5.00;186;185;12.19;25.57
7200.00;7500.00;1836.00;23.43;E0_0_2700m;5.00;153;153;10.88;23.65
7200.00;7500.00;2232.00;25.41;E0_1_2700m;5.00;186;186;12.20;25.60
7200.00;7500.00;1836.00;23.65;E0_0_2800m;5.00;153;153;10.78;23.84
7200.00;7500.00;2232.00;25.54;E0_1_2800m;5.00;186;186;12.14;25.73
7200.00;7500.00;1836.00;23.87;E0_0_2900m;5.00;153;154;10.75;24.03
7200.00;7500.00;2220.00;25.69;E0_1_2900m;5.00;185;185;12.00;25.87
7200.00;7500.00;1812.00;23.84;E0_0_3000m;5.00;151;152;10.61;24.07
7200.00;7500.00;2208.00;25.64;E0_1_3000m;5.00;184;185;12.02;25.82
7200.00;7500.00;1776.00;23.74;E0_0_3100m;5.00;148;148;10.39;23.96
7200.00;7500.00;2172.00;25.65;E0_1_3100m;5.00;181;181;11.76;25.86
7200.00;7500.00;1800.00;23.65;E0_0_3200m;5.00;150;150;10.57;23.88
7200.00;7500.00;2136.00;25.61;E0_1_3200m;5.00;178;178;11.58;25.81
7200.00;7500.00;1752.00;23.83;E0_0_3300m;5.00;146;146;10.21;24.01
7200.00;7500.00;2172.00;25.48;E0_1_3300m;5.00;181;180;11.78;25.64
7200.00;7500.00;1764.00;23.70;E0_0_3400m;5.00;147;147;10.34;23.91
7200.00;7500.00;2148.00;25.46;E0_1_3400m;5.00;179;179;11.72;25.60
7200.00;7500.00;1752.00;23.80;E0_0_3500m;5.00;146;146;10.22;24.00
7200.00;7500.00;2160.00;25.43;E0_1_3500m;5.00;180;179;11.74;25.54
7200.00;7500.00;1752.00;23.95;E0_0_3600m;5.00;146;145;10.13;24.12
7200.00;7500.00;2136.00;25.47;E0_1_3600m;5.00;178;179;11.65;25.58
7200.00;7500.00;1704.00;24.19;E0_0_3700m;5.00;142;143;9.83;24.31
7200.00;7500.00;2136.00;25.65;E0_1_3700m;5.00;178;178;11.57;25.76
7200.00;7500.00;1692.00;24.41;E0_0_3800m;5.00;141;141;9.63;24.49
7200.00;7500.00;2088.00;25.66;E0_1_3800m;5.00;174;174;11.30;25.79
7200.00;7500.00;1668.00;24.67;E0_0_3900m;5.00;139;139;9.39;24.73
7200.00;7500.00;2040.00;25.60;E0_1_3900m;5.00;170;172;11.12;25.72
7200.00;7500.00;1668.00;24.70;E0_0_4000m;5.00;139;139;9.38;24.75
7200.00;7500.00;2028.00;25.61;E0_1_4000m;5.00;169;169;11.00;25.72
7200.00;7500.00;1668.00;24.61;E0_0_4100m;5.00;139;139;9.41;24.66
7200.00;7500.00;2052.00;25.58;E0_1_4100m;5.00;171;171;11.14;25.69
7200.00;7500.00;1692.00;24.66;E0_0_4200m;5.00;141;142;9.59;24.71
7200.00;7500.00;2040.00;25.59;E0_1_4200m;5.00;170;170;11.07;25.71
7200.00;7500.00;1716.00;24.59;E0_0_4300m;5.00;143;143;9.69;24.64
7200.00;7500.00;2040.00;25.68;E0_1_4300m;5.00;170;170;11.03;25.80
7200.00;7500.00;1704.00;24.55;E0_0_4400m;5.00;142;143;9.65;24.59
7200.00;7500.00;2040.00;25.90;E0_1_4400m;5.00;170;171;10.95;26.02
7200.00;7500.00;1728.00;24.55;E0_0_4500m;5.00;144;144;9.77;24.60
7200.00;7500.00;2028.00;26.18;E0_1_4500m;5.00;169;169;10.76;26.32
7200.00;7500.00;1740.00;24.70;E0_0_4600m;5.00;145;145;9.78;24.74
7200.00;7500.00;2016.00;26.37;E0_1_4600m;5.00;168;168;10.62;26.53
7200.00;7500.00;1752.00;24.86;E0_0_4700m;5.00;146;146;9.79;24.91
7200.00;7500.00;2004.00;26.51;E0_1_4700m;5.00;167;167;10.50;26.68
7200.00;7500.00;1764.00;25.02;E0_0_4800m;5.00;147;146;9.75;25.07
7200.00;7500.00;1992.00;26.66;E0_1_4800m;5.00;166;167;10.43;26.82
7200.00;7500.00;1752.00;25.27;E0_0_4900m;5.00;146;146;9.63;25.34
7200.00;7500.00;2004.00;26.53;E0_1_4900m;5.00;167;167;10.48;26.65
7200.00;7500.00;1788.00;25.34;E0_0_5000m;5.00;149;149;9.80;25.42
7200.00;7500.00;1968.00;26.50;E0_1_5000m;5.00;164;164;10.31;26.61
7500.00;7800.00;0.00;-1.00;E0_0_0m;-1.00;0;0;0.00;-1.00
7500.00;7800.00;0.00;-1.00;E0_1_0m;-1.00;0;0;0.00;-1.00
7500.00;7800.00;1680.00;24.37;E0_0_100m;5.00;140;140;9.57;24.63
7500.00;7800.00;2232.00;26.01;E0_1_100m;5.00;186;187;11.95;26.23
7500.00;7800.00;1656.00;24.11;E0_0_200m;5.00;138;139;9.57;24.53
7500.00;7800.00;2280.00;25.79;E0_1_200m;5.00;190;190;12.28;26.10
7500.00;7800.00;1668.00;23.90;E0_0_300m;5.00;139;139;9.69;24.35
7500.00;7800.00;2268.00;25.53;E0_1_300m;5.00;189;190;12.39;25.92
7500.00;7800.00;1680.00;23.73;E0_0_400m;5.00;140;141;9.84;24.19
7500.00;7800.00;2232.00;25.16;E0_1_400m;5.00;186;187;12.34;25.58
7500.00;7800.00;1704.00;23.98;E0_0_500m;5.00;142;142;9.87;24.44
7500.00;7800.00;2208.00;24.97;E0_1_500m;5.00;184;184;12.28;25.45
7500.00;7800.00;1740.00;23.99;E0_0_600m;5.00;145;145;10.07;24.50
7500.00;7800.00;2172.00;24.90;E0_1_600m;5.00;181;182;12.12;25.47
7500.00;7800.00;1788.00;23.96;E0_0_700m;5.00;149;149;10.36;24.46
7500.00;7800.00;2160.00;24.91;E0_1_700m;5.00;180;180;12.04;25.54
7500.00;7800.00;1824.00;23.72;E0_0_800m;5.00;152;152;10.68;24.24
7500.00;7800.00;2172.00;24.78;E0_1_800m;5.00;181;181;12.17;25.44
7500.00;7800.00;1860.00;23.61;E0_0_900m;5.00;155;155;10.94;24.15
7500.00;7800.00;2172.00;24.56;E0_1_900m;5.00;181;181;12.29;25.24
7500.00;7800.00;1860.00;23.37;E0_0_1000m;5.00;155;155;11.05;23.87
7500.00;7800.00;2208.00;24.20;E0_1_1000m;5.00;184;183;12.62;24.84
7500.00;7800.00;1848.00;23.28;E0_0_1100m;5.00;154;154;11.02;23.76
7500.00;7800.00;2196.00;24.08;E0_1_1100m;5.00;183;183;12.65;24.70
7500.00;7800.00;1836.00;23.16;E0_0_1200m;5.00;153;153;11.01;23.59
7500.00;7800.00;2196.00;24.02;E0_1_1200m;5.00;183;182;12.63;24.60
7500.00;7800.00;1824.00;23.09;E0_0_1300m;5.00;152;153;11.00;23.49
7500.00;7800.00;2184.00;24.02;E0_1_1300m;5.00;182;183;12.67;24.56
7500.00;7800.00;1824.00;23.06;E0_0_1400m;5.00;152;152;10.98;23.44
7500.00;7800.00;2184.00;23.91;E0_1_1400m;5.00;182;182;12.69;24.39
7500.00;7800.00;1824.00;23.03;E0_0_1500m;5.00;152;153;11.00;23.40
7500.00;7800.00;2160.00;23.89;E0_1_1500m;5.00;180;181;12.58;24.33
7500.00;7800.00;1836.00;22.83;E0_0_1600m;5.00;153;152;11.10;23.17
7500.00;7800.00;2160.00;23.73;E0_1_1600m;5.00;180;180;12.64;24.13
7500.00;7800.00;1800.00;22.79;E0_0_1700m;5.00;150;150;10.97;23.10
7500.00;7800.00;2172.00;23.71;E0_1_1700m;5.00;181;181;12.72;24.07
7500.00;7800.00;1800.00;22.77;E0_0_1800m;5.00;150;150;10.98;23.07
7500.00;7800.00;2160.00;23.73;E0_1_1800m;5.00;180;180;12.64;24.06
7500.00;7800.00;1800.00;22.80;E0_0_1900m;5.00;150;149;10.88;23.08
7500.00;7800.00;2160.00;23.78;E0_1_1900m;5.00;180;180;12.62;24.08
7500.00;7800.00;1800.00;22.81;E0_0_2000m;5.00;150;150;10.96;23.09
7500.00;7800.00;2148.00;23.92;E0_1_2000m;5.00;179;179;12.47;24.22
7500.00;7800.00;1776.00;22.91;E0_0_2100m;5.00;148;148;10.77;23.17
7500.00;7800.00;2148.00;24.08;E0_1_2100m;5.00;179;180;12.41;24.35
7500.00;7800.00;1788.00;23.06;E0_0_2200m;5.00;149;148;10.77;23.30
7500.00;7800.00;2148.00;24.18;E0_1_2200m;5.00;179;179;12.34;24.42
7500.00;7800.00;1788.00;23.24;E0_0_2300m;5.00;149;149;10.69;23.44
7500.00;7800.00;2148.00;24.35;E0_1_2300m;5.00;179;178;12.19;24.54
7500.00;7800.00;1788.00;23.29;E0_0_2400m;5.00;149;149;10.66;23.48
7500.00;7800.00;2148.00;24.58;E0_1_2400m;5.00;179;179;12.14;24.76
7500.00;7800.00;1824.00;23.10;E0_0_2500m;5.00;152;152;10.97;23.32
7500.00;7800.00;2184.00;24.68;E0_1_2500m;5.00;182;182;12.29;24.87
7500.00;7800.00;1896.00;22.79;E0_0_2600m;5.00;158;158;11.56;23.02
7500.00;7800.00;2196.00;24.76;E0_1_2600m;5.00;183;184;12.33;24.95
7500.00;7800.00;1932.00;22.38;E0_0_2700m;5.00;161;161;11.99;22.66
7500.00;7800.00;2232.00;24.76;E0_1_2700m;5.00;186;186;12.52;24.92
7500.00;7800.00;1968.00;21.95;E0_0_2800m;5.00;164;164;12.45;22.26
7500.00;7800.00;2268.00;24.65;E0_1_2800m;5.00;189;189;12.78;24.79
7500.00;7800.00;2016.00;21.59;E0_0_2900m;5.00;168;167;12.90;21.90
7500.00;7800.00;2304.00;24.67;E0_1_2900m;5.00;192;192;12.97;24.76
7500.00;7800.00;2040.00;21.21;E0_0_3000m;5.00;170;169;13.31;21.53
7500.00;7800.00;2352.00;24.71;E0_1_3000m;5.00;196;196;13.22;24.79
7500.00;7800.00;2076.00;20.91;E0_0_3100m;5.00;173;173;13.79;21.25
7500.00;7800.00;2400.00;24.81;E0_1_3100m;5.00;200;199;13.39;24.89
7500.00;7800.00;2100.00;20.59;E0_0_3200m;5.00;175;175;14.16;20.94
7500.00;7800.00;2448.00;24.75;E0_1_3200m;5.00;204;204;13.74;24.81
7500.00;7800.00;2148.00;20.34;E0_0_3300m;5.00;179;179;14.67;20.68
7500.00;7800.00;2484.00;24.77;E0_1_3300m;5.00;207;207;13.93;24.83
7500.00;7800.00;2172.00;20.17;E0_0_3400m;5.00;181;181;14.96;20.54
7500.00;7800.00;2532.00;24.81;E0_1_3400m;5.00;211;211;14.17;24.87
7500.00;7800.00;2196.00;19.95;E0_0_3500m;5.00;183;183;15.29;20.33
7500.00;7800.00;2568.00;24.91;E0_1_3500m;5.00;214;214;14.32;24.96
7500.00;7800.00;2244.00;19.84;E0_0_3600m;5.00;187;187;15.71;20.21
7500.00;7800.00;2580.00;24.89;E0_1_3600m;5.00;215;215;14.40;24.96
7500.00;7800.00;2256.00;19.69;E0_0_3700m;5.00;188;188;15.88;20.03
7500.00;7800.00;2592.00;24.89;E0_1_3700m;5.00;216;216;14.47;24.95
7500.00;7800.00;2280.00;19.58;E0_0_3800m;5.00;190;190;16.17;19.91
7500.00;7800.00;2580.00;24.90;E0_1_3800m;5.00;215;216;14.41;24.98
7500.00;7800.00;2280.00;19.50;E0_0_3900m;5.00;190;190;16.24;19.81
7500.00;7800.00;2580.00;24.96;E0_1_3900m;5.00;215;214;14.33;25.06
7500.00;7800.00;2232.00;19.53;E0_0_4000m;5.00;186;186;15.88;19.81
7500.00;7800.00;2568.00;24.97;E0_1_4000m;5.00;214;214;14.28;25.09
7500.00;7800.00;2196.00;19.51;E0_0_4100m;5.00;183;183;15.63;19.78
7500.00;7800.00;2544.00;25.00;E0_1_4100m;5.00;212;212;14.13;25.12
7500.00;7800.00;2184.00;19.55;E0_0_4200m;5.00;182;181;15.46;19.81
7500.00;7800.00;2544.00;25.03;E0_1_4200m;5.00;212;212;14.12;25.15
7500.00;7800.00;2160.00;19.55;E0_0_4300m;5.00;180;180;15.35;19.80
7500.00;7800.00;2544.00;25.01;E0_1_4300m;5.00;212;212;14.13;25.12
7500.00;7800.00;2148.00;19.61;E0_0_4400m;5.00;179;178;15.21;19.85
7500.00;7800.00;2556.00;24.98;E0_1_4400m;5.00;213;212;14.20;25.08
7500.00;7800.00;2136.00;19.70;E0_0_4500m;5.00;178;178;15.06;19.93
7500.00;7800.00;2556.00;24.95;E0_1_4500m;5.00;213;213;14.23;25.04
7500.00;7800.00;2124.00;19.80;E0_0_4600m;5.00;177;177;14.90;20.02
7500.00;7800.00;2568.00;24.94;E0_1_4600m;5.00;214;214;14.30;25.04
7500.00;7800.00;2124.00;19.95;E0_0_4700m;5.00;177;177;14.79;20.16
7500.00;7800.00;2556.00;24.94;E0_1_4700m;5.00;213;214;14.28;25.04
7500.00;7800.00;2076.00;20.06;E0_0_4800m;5.00;173;173;14.38;20.25
7500.00;7800.00;2580.00;24.92;E0_1_4800m;5.00;215;215;14.33;25.02
7500.00;7800.00;2064.00;20.24;E0_0_4900m;5.00;172;173;14.22;20.43
7500.00;7800.00;2580.00;24.97;E0_1_4900m;5.00;215;214;14.35;25.07
7500.00;7800.00;2064.00;20.55;E0_0_5000m;5.00;172;173;14.00;20.73
7500.00;7800.00;2568.00;25.01;E0_1_5000m;5.00;214;214;14.26;25.14
