interval_begin;interval_end;interval_flow;interval_harmonicMeanSpeed;interval_id;interval_length;interval_nVehContrib;interval_nVehEntered;interval_occupancy;interval_speed
0.00;300.00;0.00;-1.00;E0_0_0m;-1.00;0;0;0.00;-1.00
0.00;300.00;0.00;-1.00;E0_1_0m;-1.00;0;0;0.00;-1.00
0.00;300.00;1956.00;26.84;E0_0_100m;5.00;163;164;10.16;26.97
0.00;300.00;2076.00;28.93;E0_1_100m;5.00;173;173;9.97;29.07
0.00;300.00;1920.00;26.39;E0_0_200m;5.00;160;160;10.11;26.57
0.00;300.00;2064.00;28.93;E0_1_200m;5.00;172;172;9.91;29.06
0.00;300.00;1908.00;26.03;E0_0_300m;5.00;159;159;10.18;26.27
0.00;300.00;2040.00;28.76;E0_1_300m;5.00;170;170;9.85;28.88
0.00;300.00;1884.00;25.80;E0_0_400m;5.00;157;157;10.14;26.08
0.00;300.00;2004.00;28.67;E0_1_400m;5.00;167;167;9.71;28.78
0.00;300.00;1824.00;25.79;E0_0_500m;5.00;152;152;9.82;26.07
0.00;300.00;1992.00;28.61;E0_1_500m;5.00;166;166;9.67;28.72
0.00;300.00;1836.00;25.74;E0_0_600m;5.00;153;153;9.91;26.04
0.00;300.00;1956.00;28.58;E0_1_600m;5.00;163;163;9.50;28.68
0.00;300.00;1800.00;25.64;E0_0_700m;5.00;150;150;9.75;25.91
0.00;300.00;1944.00;28.40;E0_1_700m;5.00;162;162;9.51;28.51
0.00;300.00;1764.00;25.23;E0_0_800m;5.00;147;148;9.74;25.54
0.00;300.00;1920.00;28.31;E0_1_800m;5.00;160;160;9.42;28.39
0.00;300.00;1740.00;25.13;E0_0_900m;5.00;145;145;9.62;25.47
0.00;300.00;1884.00;28.21;E0_1_900m;5.00;157;157;9.28;28.28
0.00;300.00;1704.00;24.92;E0_0_1000m;5.00;142;142;9.50;25.30
0.00;300.00;1848.00;28.18;E0_1_1000m;5.00;154;154;9.11;28.25
0.00;300.00;1656.00;24.71;E0_0_1100m;5.00;138;139;9.31;25.09
0.00;300.00;1824.00;28.15;E0_1_1100m;5.00;152;152;9.00;28.23
0.00;300.00;1608.00;24.56;E0_0_1200m;5.00;134;134;9.09;24.95
0.00;300.00;1812.00;28.06;E0_1_1200m;5.00;151;151;8.97;28.13
0.00;300.00;1536.00;24.32;E0_0_1300m;5.00;128;128;8.77;24.72
0.00;300.00;1812.00;28.08;E0_1_1300m;5.00;151;151;8.96;28.14
0.00;300.00;1524.00;24.23;E0_0_1400m;5.00;127;127;8.73;24.64
0.00;300.00;1776.00;28.20;E0_1_1400m;5.00;148;148;8.75;28.26
0.00;300.00;1512.00;24.32;E0_0_1500m;5.00;126;126;8.63;24.79
0.00;300.00;1716.00;28.30;E0_1_1500m;5.00;143;144;8.48;28.35
0.00;300.00;1488.00;24.34;E0_0_1600m;5.00;124;124;8.49;24.69
0.00;300.00;1680.00;28.29;E0_1_1600m;5.00;140;140;8.25;28.35
0.00;300.00;1452.00;24.24;E0_0_1700m;5.00;121;121;8.32;24.53
0.00;300.00;1692.00;28.26;E0_1_1700m;5.00;141;141;8.31;28.32
0.00;300.00;1416.00;24.20;E0_0_1800m;5.00;118;118;8.13;24.50
0.00;300.00;1668.00;28.28;E0_1_1800m;5.00;139;139;8.19;28.34
0.00;300.00;1404.00;24.23;E0_0_1900m;5.00;117;117;8.05;24.51
0.00;300.00;1608.00;28.29;E0_1_1900m;5.00;134;134;7.89;28.34
0.00;300.00;1368.00;24.28;E0_0_2000m;5.00;114;114;7.83;24.56
0.00;300.00;1584.00;28.23;E0_1_2000m;5.00;132;132;7.79;28.28
0.00;300.00;1380.00;24.24;E0_0_2100m;5.00;115;115;7.91;24.51
0.00;300.00;1560.00;28.25;E0_1_2100m;5.00;130;131;7.69;28.30
0.00;300.00;1344.00;24.29;E0_0_2200m;5.00;112;112;7.69;24.57
0.00;300.00;1536.00;28.25;E0_1_2200m;5.00;128;129;7.56;28.31
0.00;300.00;1296.00;24.32;E0_0_2300m;5.00;108;108;7.40;24.60
0.00;300.00;1524.00;28.22;E0_1_2300m;5.00;127;127;7.50;28.27
0.00;300.00;1260.00;24.14;E0_0_2400m;5.00;105;106;7.32;24.46
0.00;300.00;1476.00;28.25;E0_1_2400m;5.00;123;123;7.26;28.30
0.00;300.00;1236.00;24.13;E0_0_2500m;5.00;103;103;7.11;24.49
0.00;300.00;1440.00;28.33;E0_1_2500m;5.00;120;120;7.06;28.39
0.00;300.00;1212.00;24.19;E0_0_2600m;5.00;101;101;6.96;24.55
0.00;300.00;1392.00;28.29;E0_1_2600m;5.00;116;116;6.83;28.35
0.00;300.00;1188.00;24.05;E0_0_2700m;5.00;99;99;6.86;24.39
0.00;300.00;1368.00;28.21;E0_1_2700m;5.00;114;114;6.74;28.27
0.00;300.00;1176.00;24.00;E0_0_2800m;5.00;98;98;6.80;24.34
0.00;300.00;1356.00;28.20;E0_1_2800m;5.00;113;113;6.68;28.25
0.00;300.00;1152.00;24.06;E0_0_2900m;5.00;96;96;6.65;24.39
0.00;300.00;1344.00;28.18;E0_1_2900m;5.00;112;112;6.62;28.24
0.00;300.00;1152.00;24.20;E0_0_3000m;5.00;96;97;6.61;24.50
0.00;300.00;1296.00;28.26;E0_1_3000m;5.00;108;109;6.41;28.33
0.00;300.00;1128.00;24.41;E0_0_3100m;5.00;94;94;6.42;24.66
0.00;300.00;1284.00;28.27;E0_1_3100m;5.00;107;108;6.35;28.32
0.00;300.00;1116.00;24.42;E0_0_3200m;5.00;93;93;6.35;24.66
0.00;300.00;1260.00;28.36;E0_1_3200m;5.00;105;105;6.17;28.42
0.00;300.00;1092.00;24.35;E0_0_3300m;5.00;91;91;6.23;24.59
0.00;300.00;1260.00;28.45;E0_1_3300m;5.00;105;105;6.15;28.51
0.00;300.00;1068.00;24.41;E0_0_3400m;5.00;89;90;6.11;24.65
0.00;300.00;1248.00;28.55;E0_1_3400m;5.00;104;105;6.08;28.64
0.00;300.00;1032.00;24.30;E0_0_3500m;5.00;86;86;5.90;24.57
0.00;300.00;1224.00;28.61;E0_1_3500m;5.00;102;102;5.94;28.70
0.00;300.00;1008.00;23.90;E0_0_3600m;5.00;84;84;5.86;24.21
0.00;300.00;1188.00;28.60;E0_1_3600m;5.00;99;99;5.77;28.68
0.00;300.00;1008.00;24.03;E0_0_3700m;5.00;84;84;5.83;24.37
0.00;300.00;1188.00;28.46;E0_1_3700m;5.00;99;99;5.80;28.53
0.00;300.00;972.00;24.09;E0_0_3800m;5.00;81;81;5.60;24.46
0.00;300.00;1164.00;28.46;E0_1_3800m;5.00;97;97;5.68;28.52
0.00;300.00;924.00;24.07;E0_0_3900m;5.00;77;77;5.33;24.46
0.00;300.00;1140.00;28.49;E0_1_3900m;5.00;95;95;5.56;28.54
0.00;300.00;888.00;23.92;E0_0_4000m;5.00;74;74;5.16;24.31
0.00;300.00;1104.00;28.72;E0_1_4000m;5.00;92;93;5.37;28.76
0.00;300.00;912.00;24.14;E0_0_4100m;5.00;76;76;5.25;24.59
0.00;300.00;1020.00;29.02;E0_1_4100m;5.00;85;86;4.92;29.07
0.00;300.00;888.00;24.13;E0_0_4200m;5.00;74;74;5.11;24.59
0.00;300.00;984.00;29.06;E0_1_4200m;5.00;82;82;4.70;29.12
0.00;300.00;864.00;24.12;E0_0_4300m;5.00;72;72;4.97;24.61
0.00;300.00;936.00;29.12;E0_1_4300m;5.00;78;78;4.46;29.19
0.00;300.00;840.00;24.18;E0_0_4400m;5.00;70;70;4.82;24.70
0.00;300.00;900.00;29.11;E0_1_4400m;5.00;75;75;4.29;29.19
0.00;300.00;804.00;24.16;E0_0_4500m;5.00;67;67;4.62;24.70
0.00;300.00;864.00;29.05;E0_1_4500m;5.00;72;72;4.13;29.13
0.00;300.00;780.00;24.13;E0_0_4600m;5.00;65;65;4.49;24.69
0.00;300.00;840.00;29.00;E0_1_4600m;5.00;70;70;4.02;29.09
0.00;300.00;768.00;24.21;E0_0_4700m;5.00;64;64;4.41;24.75
0.00;300.00;804.00;29.02;E0_1_4700m;5.00;67;67;3.85;29.10
0.00;300.00;720.00;24.34;E0_0_4800m;5.00;60;60;4.11;24.90
0.00;300.00;792.00;29.05;E0_1_4800m;5.00;66;66;3.79;29.14
0.00;300.00;660.00;24.55;E0_0_4900m;5.00;55;55;3.73;25.10
0.00;300.00;768.00;29.16;E0_1_4900m;5.00;64;64;3.66;29.26
0.00;300.00;636.00;24.79;E0_0_5000m;5.00;53;53;3.56;25.34
0.00;300.00;720.00;29.32;E0_1_5000m;5.00;60;60;3.41;29.42
300.00;600.00;0.00;-1.00;E0_0_0m;-1.00;0;0;0.00;-1.00
300.00;600.00;0.00;-1.00;E0_1_0m;-1.00;0;0;0.00;-1.00
300.00;600.00;2004.00;25.99;E0_0_100m;5.00;167;167;10.71;26.10
300.00;600.00;2364.00;27.44;E0_1_100m;5.00;197;197;11.97;27.57
300.00;600.00;1992.00;25.68;E0_0_200m;5.00;166;167;10.78;25.84
300.00;600.00;2352.00;27.51;E0_1_200m;5.00;196;196;11.87;27.64
300.00;600.00;1968.00;25.42;E0_0_300m;5.00;164;164;10.75;25.63
300.00;600.00;2352.00;27.45;E0_1_300m;5.00;196;196;11.90;27.57
300.00;600.00;1944.00;25.23;E0_0_400m;5.00;162;162;10.70;25.49
300.00;600.00;2364.00;27.31;E0_1_400m;5.00;197;197;12.02;27.42
300.00;600.00;1932.00;25.07;E0_0_500m;5.00;161;161;10.70;25.37
300.00;600.00;2388.00;27.24;E0_1_500m;5.00;199;199;12.18;27.34
300.00;600.00;1932.00;25.09;E0_0_600m;5.00;161;161;10.70;25.42
300.00;600.00;2352.00;27.23;E0_1_600m;5.00;196;196;11.99;27.33
300.00;600.00;1908.00;25.20;E0_0_700m;5.00;159;160;10.53;25.53
300.00;600.00;2352.00;27.05;E0_1_700m;5.00;196;196;12.08;27.18
300.00;600.00;1944.00;25.10;E0_0_800m;5.00;162;161;10.73;25.42
300.00;600.00;2328.00;27.15;E0_1_800m;5.00;194;194;11.91;27.23
300.00;600.00;1944.00;24.92;E0_0_900m;5.00;162;163;10.90;25.24
300.00;600.00;2328.00;27.06;E0_1_900m;5.00;194;195;11.97;27.16
300.00;600.00;1944.00;25.06;E0_0_1000m;5.00;162;162;10.77;25.35
300.00;600.00;2340.00;26.97;E0_1_1000m;5.00;195;195;12.05;27.08
300.00;600.00;1932.00;25.14;E0_0_1100m;5.00;161;160;10.67;25.40
300.00;600.00;2364.00;26.91;E0_1_1100m;5.00;197;197;12.20;27.01
300.00;600.00;1896.00;25.40;E0_0_1200m;5.00;158;159;10.44;25.60
300.00;600.00;2388.00;26.83;E0_1_1200m;5.00;199;199;12.36;26.95
300.00;600.00;1872.00;25.59;E0_0_1300m;5.00;156;157;10.23;25.73
300.00;600.00;2400.00;26.52;E0_1_1300m;5.00;200;200;12.57;26.59
300.00;600.00;1860.00;25.67;E0_0_1400m;5.00;155;155;10.06;25.75
300.00;600.00;2400.00;26.41;E0_1_1400m;5.00;200;200;12.62;26.48
300.00;600.00;1896.00;25.54;E0_0_1500m;5.00;158;158;10.31;25.60
300.00;600.00;2400.00;26.34;E0_1_1500m;5.00;200;200;12.65;26.42
300.00;600.00;1968.00;25.41;E0_0_1600m;5.00;164;164;10.76;25.47
300.00;600.00;2352.00;26.24;E0_1_1600m;5.00;196;196;12.45;26.34
300.00;600.00;1956.00;25.38;E0_0_1700m;5.00;163;163;10.71;25.44
300.00;600.00;2352.00;26.08;E0_1_1700m;5.00;196;196;12.53;26.16
300.00;600.00;1968.00;25.35;E0_0_1800m;5.00;164;164;10.78;25.43
300.00;600.00;2364.00;26.00;E0_1_1800m;5.00;197;197;12.63;26.09
300.00;600.00;1980.00;25.45;E0_0_1900m;5.00;165;166;10.88;25.52
300.00;600.00;2364.00;25.93;E0_1_1900m;5.00;197;197;12.66;26.01
300.00;600.00;1980.00;25.51;E0_0_2000m;5.00;165;165;10.78;25.57
300.00;600.00;2352.00;25.88;E0_1_2000m;5.00;196;196;12.62;25.97
300.00;600.00;1980.00;25.46;E0_0_2100m;5.00;165;165;10.80;25.52
300.00;600.00;2328.00;25.84;E0_1_2100m;5.00;194;195;12.55;25.92
300.00;600.00;2016.00;25.32;E0_0_2200m;5.00;168;168;11.06;25.39
300.00;600.00;2340.00;25.80;E0_1_2200m;5.00;195;195;12.60;25.89
300.00;600.00;2028.00;25.08;E0_0_2300m;5.00;169;169;11.23;25.16
300.00;600.00;2352.00;25.69;E0_1_2300m;5.00;196;196;12.71;25.77
300.00;600.00;2076.00;24.82;E0_0_2400m;5.00;173;172;11.54;24.90
300.00;600.00;2352.00;25.54;E0_1_2400m;5.00;196;196;12.79;25.61
300.00;600.00;2088.00;24.66;E0_0_2500m;5.00;174;174;11.76;24.75
300.00;600.00;2352.00;25.47;E0_1_2500m;5.00;196;196;12.83;25.53
300.00;600.00;2088.00;24.55;E0_0_2600m;5.00;174;174;11.81;24.65
300.00;600.00;2352.00;25.42;E0_1_2600m;5.00;196;196;12.85;25.50
300.00;600.00;2064.00;24.53;E0_0_2700m;5.00;172;172;11.69;24.61
300.00;600.00;2352.00;25.37;E0_1_2700m;5.00;196;196;12.87;25.47
300.00;600.00;2040.00;24.54;E0_0_2800m;5.00;170;170;11.55;24.62
300.00;600.00;2340.00;25.31;E0_1_2800m;5.00;195;195;12.84;25.41
300.00;600.00;2052.00;24.59;E0_0_2900m;5.00;171;171;11.59;24.66
300.00;600.00;2316.00;25.26;E0_1_2900m;5.00;193;193;12.73;25.37
300.00;600.00;2040.00;24.62;E0_0_3000m;5.00;170;169;11.51;24.69
300.00;600.00;2328.00;25.27;E0_1_3000m;5.00;194;193;12.76;25.39
300.00;600.00;2016.00;24.65;E0_0_3100m;5.00;168;168;11.36;24.72
300.00;600.00;2328.00;25.32;E0_1_3100m;5.00;194;193;12.73;25.44
300.00;600.00;1992.00;24.79;E0_0_3200m;5.00;166;166;11.16;24.85
300.00;600.00;2316.00;25.37;E0_1_3200m;5.00;193;193;12.68;25.49
300.00;600.00;1956.00;24.81;E0_0_3300m;5.00;163;163;10.95;24.87
300.00;600.00;2304.00;25.40;E0_1_3300m;5.00;192;192;12.60;25.52
300.00;600.00;1932.00;24.80;E0_0_3400m;5.00;161;161;10.82;24.87
300.00;600.00;2292.00;25.44;E0_1_3400m;5.00;191;190;12.50;25.56
300.00;600.00;1920.00;24.86;E0_0_3500m;5.00;160;160;10.73;24.93
300.00;600.00;2292.00;25.46;E0_1_3500m;5.00;191;191;12.50;25.57
300.00;600.00;1920.00;24.83;E0_0_3600m;5.00;160;160;10.74;24.91
300.00;600.00;2280.00;25.49;E0_1_3600m;5.00;190;190;12.42;25.59
300.00;600.00;1884.00;24.81;E0_0_3700m;5.00;157;158;10.58;24.89
300.00;600.00;2244.00;25.47;E0_1_3700m;5.00;187;187;12.24;25.57
300.00;600.00;1884.00;24.53;E0_0_3800m;5.00;157;157;10.67;24.60
300.00;600.00;2232.00;25.60;E0_1_3800m;5.00;186;187;12.14;25.71
300.00;600.00;1896.00;24.46;E0_0_3900m;5.00;158;158;10.77;24.54
300.00;600.00;2220.00;25.69;E0_1_3900m;5.00;185;186;12.01;25.82
300.00;600.00;1896.00;24.45;E0_0_4000m;5.00;158;158;10.77;24.53
300.00;600.00;2232.00;25.79;E0_1_4000m;5.00;186;185;11.98;25.94
300.00;600.00;1932.00;24.48;E0_0_4100m;5.00;161;161;10.96;24.56
300.00;600.00;2196.00;25.84;E0_1_4100m;5.00;183;182;11.76;26.00
300.00;600.00;1920.00;24.37;E0_0_4200m;5.00;160;160;10.94;24.46
300.00;600.00;2196.00;25.91;E0_1_4200m;5.00;183;183;11.77;26.08
300.00;600.00;1920.00;24.26;E0_0_4300m;5.00;160;160;10.99;24.37
300.00;600.00;2196.00;26.00;E0_1_4300m;5.00;183;183;11.73;26.18
300.00;600.00;1932.00;24.28;E0_0_4400m;5.00;161;161;11.05;24.39
300.00;600.00;2172.00;26.07;E0_1_4400m;5.00;181;181;11.57;26.25
300.00;600.00;1920.00;24.42;E0_0_4500m;5.00;160;160;10.92;24.51
300.00;600.00;2184.00;26.15;E0_1_4500m;5.00;182;182;11.60;26.32
300.00;600.00;1908.00;24.34;E0_0_4600m;5.00;159;159;10.89;24.44
300.00;600.00;2184.00;26.24;E0_1_4600m;5.00;182;182;11.56;26.41
300.00;600.00;1932.00;24.23;E0_0_4700m;5.00;161;161;11.08;24.34
300.00;600.00;2208.00;26.27;E0_1_4700m;5.00;184;184;11.67;26.45
300.00;600.00;1968.00;24.13;E0_0_4800m;5.00;164;164;11.33;24.24
300.00;600.00;2232.00;26.28;E0_1_4800m;5.00;186;186;11.80;26.45
300.00;600.00;1992.00;24.19;E0_0_4900m;5.00;166;166;11.44;24.30
300.00;600.00;2292.00;26.30;E0_1_4900m;5.00;191;191;12.11;26.46
300.00;600.00;1980.00;24.24;E0_0_5000m;5.00;165;165;11.35;24.35
300.00;600.00;2304.00;26.37;E0_1_5000m;5.00;192;193;12.18;26.53
600.00;900.00;0.00;-1.00;E0_0_0m;-1.00;0;0;0.00;-1.00
600.00;900.00;0.00;-1.00;E0_1_0m;-1.00;0;0;0.00;-1.00
600.00;900.00;1920.00;26.11;E0_0_100m;5.00;160;160;10.21;26.25
600.00;900.00;2028.00;28.09;E0_1_100m;5.00;169;169;10.03;28.22
600.00;900.00;1944.00;26.38;E0_0_200m;5.00;162;162;10.23;26.52
600.00;900.00;2016.00;28.51;E0_1_200m;5.00;168;168;9.82;28.70
600.00;900.00;1932.00;26.31;E0_0_300m;5.00;161;161;10.20;26.44
600.00;900.00;2040.00;28.40;E0_1_300m;5.00;170;170;9.98;28.59
600.00;900.00;1896.00;26.30;E0_0_400m;5.00;158;158;10.01;26.42
600.00;900.00;2076.00;28.40;E0_1_400m;5.00;173;173;10.15;28.60
600.00;900.00;1884.00;26.15;E0_0_500m;5.00;157;158;10.01;26.28
600.00;900.00;2076.00;28.37;E0_1_500m;5.00;173;174;10.17;28.56
600.00;900.00;1896.00;26.11;E0_0_600m;5.00;158;158;10.09;26.25
600.00;900.00;2076.00;28.26;E0_1_600m;5.00;173;174;10.24;28.43
600.00;900.00;1896.00;26.19;E0_0_700m;5.00;158;158;10.05;26.32
600.00;900.00;2112.00;28.14;E0_1_700m;5.00;176;176;10.42;28.31
600.00;900.00;1896.00;26.23;E0_0_800m;5.00;158;158;10.04;26.35
600.00;900.00;2136.00;28.01;E0_1_800m;5.00;178;178;10.59;28.18
600.00;900.00;1872.00;25.97;E0_0_900m;5.00;156;156;9.96;26.09
600.00;900.00;2172.00;27.61;E0_1_900m;5.00;181;181;10.93;27.76
600.00;900.00;1848.00;25.74;E0_0_1000m;5.00;154;154;9.97;25.86
600.00;900.00;2244.00;27.36;E0_1_1000m;5.00;187;187;11.39;27.49
600.00;900.00;1872.00;25.32;E0_0_1100m;5.00;156;156;10.27;25.50
600.00;900.00;2268.00;27.14;E0_1_1100m;5.00;189;189;11.61;27.26
600.00;900.00;1896.00;24.94;E0_0_1200m;5.00;158;158;10.56;25.14
600.00;900.00;2292.00;26.97;E0_1_1200m;5.00;191;191;11.80;27.09
600.00;900.00;1920.00;24.73;E0_0_1300m;5.00;160;159;10.71;24.95
600.00;900.00;2328.00;26.76;E0_1_1300m;5.00;194;194;12.08;26.88
600.00;900.00;1944.00;24.34;E0_0_1400m;5.00;162;162;11.09;24.62
600.00;900.00;2352.00;26.67;E0_1_1400m;5.00;196;196;12.25;26.78
600.00;900.00;1896.00;24.05;E0_0_1500m;5.00;158;158;10.95;24.37
600.00;900.00;2376.00;26.54;E0_1_1500m;5.00;198;198;12.44;26.65
600.00;900.00;1896.00;24.01;E0_0_1600m;5.00;158;158;10.97;24.30
600.00;900.00;2364.00;26.42;E0_1_1600m;5.00;197;198;12.44;26.54
600.00;900.00;1908.00;24.00;E0_0_1700m;5.00;159;159;11.04;24.24
600.00;900.00;2364.00;26.29;E0_1_1700m;5.00;197;197;12.49;26.40
600.00;900.00;1884.00;24.12;E0_0_1800m;5.00;157;157;10.85;24.32
600.00;900.00;2364.00;26.09;E0_1_1800m;5.00;197;197;12.58;26.22
600.00;900.00;1872.00;24.00;E0_0_1900m;5.00;156;155;10.76;24.24
600.00;900.00;2388.00;25.98;E0_1_1900m;5.00;199;199;12.77;26.07
600.00;900.00;1872.00;23.63;E0_0_2000m;5.00;156;156;11.01;23.90
600.00;900.00;2424.00;26.00;E0_1_2000m;5.00;202;202;12.95;26.09
600.00;900.00;1860.00;23.27;E0_0_2100m;5.00;155;155;11.10;23.60
600.00;900.00;2424.00;26.00;E0_1_2100m;5.00;202;202;12.95;26.10
600.00;900.00;1860.00;22.94;E0_0_2200m;5.00;155;155;11.26;23.31
600.00;900.00;2400.00;26.02;E0_1_2200m;5.00;200;200;12.81;26.13
600.00;900.00;1860.00;22.71;E0_0_2300m;5.00;155;155;11.38;23.11
600.00;900.00;2364.00;26.08;E0_1_2300m;5.00;197;197;12.59;26.20
600.00;900.00;1884.00;22.56;E0_0_2400m;5.00;157;157;11.60;22.97
600.00;900.00;2364.00;26.10;E0_1_2400m;5.00;197;197;12.58;26.25
600.00;900.00;1932.00;22.40;E0_0_2500m;5.00;161;161;11.98;22.82
600.00;900.00;2328.00;25.95;E0_1_2500m;5.00;194;194;12.46;26.13
600.00;900.00;1944.00;22.20;E0_0_2600m;5.00;162;162;12.16;22.61
600.00;900.00;2316.00;25.66;E0_1_2600m;5.00;193;193;12.53;25.86
600.00;900.00;1956.00;21.96;E0_0_2700m;5.00;163;163;12.37;22.32
600.00;900.00;2316.00;25.20;E0_1_2700m;5.00;193;193;12.77;25.39
600.00;900.00;1980.00;21.78;E0_0_2800m;5.00;165;165;12.63;22.10
600.00;900.00;2292.00;24.63;E0_1_2800m;5.00;191;191;12.92;24.83
600.00;900.00;1968.00;21.37;E0_0_2900m;5.00;164;164;12.79;21.61
600.00;900.00;2292.00;23.82;E0_1_2900m;5.00;191;191;13.37;23.97
600.00;900.00;1932.00;20.80;E0_0_3000m;5.00;161;162;12.91;20.94
600.00;900.00;2304.00;22.72;E0_1_3000m;5.00;192;192;14.09;22.80
600.00;900.00;1932.00;20.84;E0_0_3100m;5.00;161;162;12.95;20.94
600.00;900.00;2268.00;22.52;E0_1_3100m;5.00;189;191;14.08;22.56
600.00;900.00;2004.00;20.94;E0_0_3200m;5.00;167;167;13.29;21.03
600.00;900.00;2196.00;22.54;E0_1_3200m;5.00;183;184;13.57;22.57
600.00;900.00;2004.00;20.94;E0_0_3300m;5.00;167;167;13.29;21.03
600.00;900.00;2196.00;22.55;E0_1_3300m;5.00;183;183;13.53;22.58
600.00;900.00;2016.00;21.08;E0_0_3400m;5.00;168;168;13.29;21.16
600.00;900.00;2184.00;22.52;E0_1_3400m;5.00;182;182;13.47;22.56
600.00;900.00;2016.00;21.05;E0_0_3500m;5.00;168;168;13.30;21.15
600.00;900.00;2196.00;22.48;E0_1_3500m;5.00;183;183;13.57;22.51
600.00;900.00;2028.00;20.85;E0_0_3600m;5.00;169;169;13.51;20.95
600.00;900.00;2196.00;22.47;E0_1_3600m;5.00;183;183;13.57;22.50
600.00;900.00;2040.00;20.76;E0_0_3700m;5.00;170;170;13.65;20.88
600.00;900.00;2184.00;22.45;E0_1_3700m;5.00;182;182;13.51;22.47
600.00;900.00;2028.00;20.54;E0_0_3800m;5.00;169;169;13.71;20.67
600.00;900.00;2184.00;22.41;E0_1_3800m;5.00;182;181;13.51;22.42
600.00;900.00;2052.00;20.47;E0_0_3900m;5.00;171;172;13.96;20.61
600.00;900.00;2160.00;22.44;E0_1_3900m;5.00;180;179;13.36;22.45
600.00;900.00;2064.00;20.71;E0_0_4000m;5.00;172;172;13.84;20.94
600.00;900.00;2172.00;23.41;E0_1_4000m;5.00;181;181;12.89;23.48
600.00;900.00;2016.00;21.22;E0_0_4100m;5.00;168;168;13.20;21.64
600.00;900.00;2268.00;26.84;E0_1_4100m;5.00;189;189;11.74;26.91
600.00;900.00;2040.00;21.26;E0_0_4200m;5.00;170;170;13.33;21.65
600.00;900.00;2316.00;27.14;E0_1_4200m;5.00;193;193;11.85;27.25
600.00;900.00;2052.00;21.27;E0_0_4300m;5.00;171;171;13.40;21.62
600.00;900.00;2316.00;27.10;E0_1_4300m;5.00;193;193;11.87;27.23
600.00;900.00;2076.00;21.31;E0_0_4400m;5.00;173;173;13.53;21.62
600.00;900.00;2304.00;26.96;E0_1_4400m;5.00;192;193;11.87;27.11
600.00;900.00;2064.00;21.37;E0_0_4500m;5.00;172;172;13.42;21.66
600.00;900.00;2328.00;26.79;E0_1_4500m;5.00;194;194;12.07;26.95
600.00;900.00;2052.00;21.31;E0_0_4600m;5.00;171;172;13.44;21.62
600.00;900.00;2316.00;26.71;E0_1_4600m;5.00;193;193;12.04;26.88
600.00;900.00;2004.00;21.47;E0_0_4700m;5.00;167;168;13.02;21.80
600.00;900.00;2304.00;26.68;E0_1_4700m;5.00;192;192;11.99;26.86
600.00;900.00;1968.00;21.57;E0_0_4800m;5.00;164;164;12.67;21.89
600.00;900.00;2268.00;26.65;E0_1_4800m;5.00;189;189;11.82;26.84
600.00;900.00;1932.00;21.56;E0_0_4900m;5.00;161;161;12.45;21.86
600.00;900.00;2232.00;26.63;E0_1_4900m;5.00;186;186;11.64;26.83
600.00;900.00;1908.00;21.65;E0_0_5000m;5.00;159;159;12.24;21.97
600.00;900.00;2244.00;26.48;E0_1_5000m;5.00;187;186;11.73;26.68
900.00;1200.00;0.00;-1.00;E0_0_0m;-1.00;0;0;0.00;-1.00
900.00;1200.00;0.00;-1.00;E0_1_0m;-1.00;0;0;0.00;-1.00
900.00;1200.00;1968.00;25.33;E0_0_100m;5.00;164;164;10.79;25.43
900.00;1200.00;2352.00;26.42;E0_1_100m;5.00;196;197;12.43;26.55
900.00;1200.00;1968.00;25.25;E0_0_200m;5.00;164;164;10.82;25.35
900.00;1200.00;2352.00;26.40;E0_1_200m;5.00;196;196;12.38;26.58
900.00;1200.00;1956.00;25.17;E0_0_300m;5.00;163;163;10.79;25.25
900.00;1200.00;2340.00;26.27;E0_1_300m;5.00;195;195;12.37;26.44
900.00;1200.00;1956.00;25.13;E0_0_400m;5.00;163;163;10.81;25.21
900.00;1200.00;2352.00;26.08;E0_1_400m;5.00;196;196;12.53;26.22
900.00;1200.00;1956.00;24.93;E0_0_500m;5.00;163;163;10.91;25.00
900.00;1200.00;2364.00;25.84;E0_1_500m;5.00;197;197;12.75;25.98
900.00;1200.00;1956.00;24.74;E0_0_600m;5.00;163;163;10.98;24.82
900.00;1200.00;2352.00;25.78;E0_1_600m;5.00;196;196;12.67;25.91
900.00;1200.00;1932.00;24.79;E0_0_700m;5.00;161;161;10.82;24.87
900.00;1200.00;2352.00;25.70;E0_1_700m;5.00;196;196;12.71;25.84
900.00;1200.00;1932.00;24.88;E0_0_800m;5.00;161;161;10.78;24.97
900.00;1200.00;2316.00;25.69;E0_1_800m;5.00;193;193;12.52;25.86
900.00;1200.00;1920.00;24.97;E0_0_900m;5.00;160;160;10.68;25.07
900.00;1200.00;2304.00;25.73;E0_1_900m;5.00;192;192;12.44;25.93
900.00;1200.00;1872.00;25.00;E0_0_1000m;5.00;156;156;10.40;25.09
900.00;1200.00;2292.00;25.73;E0_1_1000m;5.00;191;191;12.37;25.92
900.00;1200.00;1860.00;25.05;E0_0_1100m;5.00;155;155;10.31;25.16
900.00;1200.00;2244.00;25.72;E0_1_1100m;5.00;187;187;12.12;25.92
900.00;1200.00;1860.00;25.09;E0_0_1200m;5.00;155;155;10.30;25.21
900.00;1200.00;2208.00;25.72;E0_1_1200m;5.00;184;184;11.92;25.91
900.00;1200.00;1824.00;25.05;E0_0_1300m;5.00;152;152;10.11;25.17
900.00;1200.00;2184.00;25.80;E0_1_1300m;5.00;182;183;11.81;26.01
900.00;1200.00;1800.00;25.04;E0_0_1400m;5.00;150;150;9.99;25.16
900.00;1200.00;2148.00;25.75;E0_1_1400m;5.00;179;179;11.59;25.94
900.00;1200.00;1788.00;25.06;E0_0_1500m;5.00;149;149;9.91;25.17
900.00;1200.00;2148.00;25.80;E0_1_1500m;5.00;179;179;11.57;26.00
900.00;1200.00;1788.00;25.05;E0_0_1600m;5.00;149;149;9.91;25.17
900.00;1200.00;2136.00;25.89;E0_1_1600m;5.00;178;177;11.45;26.10
900.00;1200.00;1788.00;25.00;E0_0_1700m;5.00;149;149;9.93;25.11
900.00;1200.00;2160.00;25.83;E0_1_1700m;5.00;180;180;11.61;26.04
900.00;1200.00;1836.00;24.98;E0_0_1800m;5.00;153;153;10.21;25.11
900.00;1200.00;2148.00;25.81;E0_1_1800m;5.00;179;179;11.56;26.02
900.00;1200.00;1812.00;25.02;E0_0_1900m;5.00;151;151;10.06;25.15
900.00;1200.00;2148.00;25.87;E0_1_1900m;5.00;179;179;11.53;26.09
900.00;1200.00;1776.00;25.10;E0_0_2000m;5.00;148;148;9.83;25.22
900.00;1200.00;2148.00;25.90;E0_1_2000m;5.00;179;179;11.52;26.11
900.00;1200.00;1764.00;25.14;E0_0_2100m;5.00;147;147;9.75;25.25
900.00;1200.00;2136.00;25.99;E0_1_2100m;5.00;178;178;11.42;26.20
900.00;1200.00;1740.00;25.20;E0_0_2200m;5.00;145;145;9.59;25.30
900.00;1200.00;2124.00;26.01;E0_1_2200m;5.00;177;177;11.34;26.22
900.00;1200.00;1740.00;25.22;E0_0_2300m;5.00;145;145;9.58;25.33
900.00;1200.00;2124.00;26.02;E0_1_2300m;5.00;177;177;11.34;26.21
900.00;1200.00;1716.00;25.26;E0_0_2400m;5.00;143;143;9.44;25.35
900.00;1200.00;2088.00;25.98;E0_1_2400m;5.00;174;174;11.16;26.16
900.00;1200.00;1704.00;25.30;E0_0_2500m;5.00;142;143;9.39;25.39
900.00;1200.00;2052.00;25.94;E0_1_2500m;5.00;171;172;10.99;26.11
900.00;1200.00;1704.00;25.17;E0_0_2600m;5.00;142;142;9.40;25.26
900.00;1200.00;2052.00;25.84;E0_1_2600m;5.00;171;171;11.03;26.00
900.00;1200.00;1704.00;24.90;E0_0_2700m;5.00;142;142;9.51;25.01
900.00;1200.00;2040.00;25.49;E0_1_2700m;5.00;170;170;11.12;25.63
900.00;1200.00;1668.00;24.26;E0_0_2800m;5.00;139;139;9.55;24.38
900.00;1200.00;2064.00;24.98;E0_1_2800m;5.00;172;172;11.48;25.13
900.00;1200.00;1656.00;23.51;E0_0_2900m;5.00;138;138;9.78;23.63
900.00;1200.00;2064.00;24.12;E0_1_2900m;5.00;172;172;11.89;24.23
900.00;1200.00;1644.00;22.18;E0_0_3000m;5.00;137;137;10.30;22.23
900.00;1200.00;2064.00;22.72;E0_1_3000m;5.00;172;172;12.62;22.75
900.00;1200.00;1680.00;21.86;E0_0_3100m;5.00;140;139;10.60;21.91
900.00;1200.00;2040.00;22.48;E0_1_3100m;5.00;170;169;12.54;22.49
900.00;1200.00;1764.00;22.00;E0_0_3200m;5.00;147;147;11.14;22.05
900.00;1200.00;1956.00;22.44;E0_1_3200m;5.00;163;164;12.11;22.45
900.00;1200.00;1776.00;22.27;E0_0_3300m;5.00;148;148;11.08;22.28
900.00;1200.00;1956.00;22.41;E0_1_3300m;5.00;163;163;12.12;22.41
900.00;1200.00;1776.00;22.32;E0_0_3400m;5.00;148;148;11.05;22.34
900.00;1200.00;1956.00;22.38;E0_1_3400m;5.00;163;163;12.14;22.39
900.00;1200.00;1752.00;22.25;E0_0_3500m;5.00;146;146;10.93;22.27
900.00;1200.00;1956.00;22.38;E0_1_3500m;5.00;163;164;12.14;22.39
900.00;1200.00;1764.00;22.22;E0_0_3600m;5.00;147;147;11.03;22.23
900.00;1200.00;1980.00;22.38;E0_1_3600m;5.00;165;165;12.29;22.39
900.00;1200.00;1812.00;21.99;E0_0_3700m;5.00;151;151;11.44;22.03
900.00;1200.00;2004.00;22.38;E0_1_3700m;5.00;167;167;12.44;22.38
900.00;1200.00;1836.00;21.98;E0_0_3800m;5.00;153;153;11.60;22.02
900.00;1200.00;2052.00;22.37;E0_1_3800m;5.00;171;171;12.74;22.37
900.00;1200.00;1824.00;22.19;E0_0_3900m;5.00;152;151;11.38;22.19
900.00;1200.00;2064.00;22.39;E0_1_3900m;5.00;172;172;12.80;22.39
900.00;1200.00;1824.00;23.13;E0_0_4000m;5.00;152;152;10.95;23.18
900.00;1200.00;2028.00;23.58;E0_1_4000m;5.00;169;170;11.98;23.66
900.00;1200.00;1824.00;26.66;E0_0_4100m;5.00;152;152;9.50;26.74
900.00;1200.00;1980.00;27.88;E0_1_4100m;5.00;165;165;9.86;28.00
900.00;1200.00;1788.00;27.01;E0_0_4200m;5.00;149;149;9.20;27.09
900.00;1200.00;1956.00;28.63;E0_1_4200m;5.00;163;163;9.49;28.83
900.00;1200.00;1812.00;27.02;E0_0_4300m;5.00;151;151;9.31;27.12
900.00;1200.00;1944.00;28.74;E0_1_4300m;5.00;162;163;9.43;28.96
900.00;1200.00;1824.00;26.80;E0_0_4400m;5.00;152;152;9.45;26.89
900.00;1200.00;1944.00;28.63;E0_1_4400m;5.00;162;163;9.45;28.85
900.00;1200.00;1776.00;26.53;E0_0_4500m;5.00;148;148;9.30;26.63
900.00;1200.00;1992.00;28.54;E0_1_4500m;5.00;166;166;9.69;28.76
900.00;1200.00;1764.00;26.23;E0_0_4600m;5.00;147;146;9.27;26.36
900.00;1200.00;2040.00;28.39;E0_1_4600m;5.00;170;170;9.98;28.59
900.00;1200.00;1764.00;25.95;E0_0_4700m;5.00;147;146;9.39;26.10
900.00;1200.00;2040.00;28.22;E0_1_4700m;5.00;170;170;10.04;28.41
900.00;1200.00;1764.00;25.79;E0_0_4800m;5.00;147;148;9.56;25.96
900.00;1200.00;2052.00;28.14;E0_1_4800m;5.00;171;171;10.13;28.37
900.00;1200.00;1776.00;25.72;E0_0_4900m;5.00;148;148;9.59;25.87
900.00;1200.00;2064.00;27.95;E0_1_4900m;5.00;172;173;10.30;28.10
900.00;1200.00;1800.00;25.57;E0_0_5000m;5.00;150;150;9.78;25.71
900.00;1200.00;2064.00;27.91;E0_1_5000m;5.00;172;173;10.33;28.07
1200.00;1500.00;0.00;-1.00;E0_0_0m;-1.00;0;0;0.00;-1.00
1200.00;1500.00;0.00;-1.00;E0_1_0m;-1.00;0;0;0.00;-1.00
1200.00;1500.00;2004.00;25.36;E0_0_100m;5.00;167;169;11.02;25.49
1200.00;1500.00;2160.00;26.96;E0_1_100m;5.00;180;179;11.06;27.12
1200.00;1500.00;2076.00;25.59;E0_0_200m;5.00;173;173;11.27;25.71
1200.00;1500.00;2100.00;27.62;E0_1_200m;5.00;175;175;10.56;27.83
1200.00;1500.00;2064.00;25.48;E0_0_300m;5.00;172;172;11.25;25.60
1200.00;1500.00;2148.00;27.62;E0_1_300m;5.00;179;179;10.80;27.83
1200.00;1500.00;2076.00;25.21;E0_0_400m;5.00;173;173;11.44;25.31
1200.00;1500.00;2160.00;27.44;E0_1_400m;5.00;180;180;10.93;27.64
1200.00;1500.00;2052.00;24.97;E0_0_500m;5.00;171;171;11.41;25.07
1200.00;1500.00;2196.00;27.26;E0_1_500m;5.00;183;182;11.14;27.44
1200.00;1500.00;2040.00;24.80;E0_0_600m;5.00;170;170;11.42;24.88
1200.00;1500.00;2196.00;27.00;E0_1_600m;5.00;183;183;11.30;27.17
1200.00;1500.00;2004.00;24.60;E0_0_700m;5.00;167;167;11.32;24.67
1200.00;1500.00;2220.00;26.61;E0_1_700m;5.00;185;185;11.59;26.79
1200.00;1500.00;1992.00;24.47;E0_0_800m;5.00;166;166;11.31;24.54
1200.00;1500.00;2232.00;26.28;E0_1_800m;5.00;186;186;11.79;26.48
1200.00;1500.00;2016.00;24.34;E0_0_900m;5.00;168;168;11.50;24.43
1200.00;1500.00;2244.00;25.96;E0_1_900m;5.00;187;187;12.01;26.17
1200.00;1500.00;2028.00;24.15;E0_0_1000m;5.00;169;169;11.66;24.23
1200.00;1500.00;2280.00;25.53;E0_1_1000m;5.00;190;190;12.40;25.75
1200.00;1500.00;2052.00;23.95;E0_0_1100m;5.00;171;171;11.90;24.04
1200.00;1500.00;2304.00;25.14;E0_1_1100m;5.00;192;192;12.73;25.36
1200.00;1500.00;2052.00;23.67;E0_0_1200m;5.00;171;171;12.04;23.75
1200.00;1500.00;2340.00;24.79;E0_1_1200m;5.00;195;195;13.11;25.01
1200.00;1500.00;2052.00;23.45;E0_0_1300m;5.00;171;172;12.17;23.54
1200.00;1500.00;2376.00;24.38;E0_1_1300m;5.00;198;197;13.48;24.60
1200.00;1500.00;2064.00;23.35;E0_0_1400m;5.00;172;172;12.28;23.43
1200.00;1500.00;2376.00;24.18;E0_1_1400m;5.00;198;198;13.65;24.37
1200.00;1500.00;2076.00;23.22;E0_0_1500m;5.00;173;173;12.42;23.29
1200.00;1500.00;2364.00;23.91;E0_1_1500m;5.00;197;198;13.78;24.08
1200.00;1500.00;2064.00;22.97;E0_0_1600m;5.00;172;173;12.51;23.02
1200.00;1500.00;2376.00;23.54;E0_1_1600m;5.00;198;198;14.02;23.65
1200.00;1500.00;2040.00;22.79;E0_0_1700m;5.00;170;170;12.43;22.83
1200.00;1500.00;2352.00;23.35;E0_1_1700m;5.00;196;196;13.99;23.46
1200.00;1500.00;2028.00;22.57;E0_0_1800m;5.00;169;169;12.48;22.62
1200.00;1500.00;2340.00;23.24;E0_1_1800m;5.00;195;196;14.01;23.35
1200.00;1500.00;2028.00;22.39;E0_0_1900m;5.00;169;170;12.63;22.44
1200.00;1500.00;2352.00;23.18;E0_1_1900m;5.00;196;196;14.09;23.28
1200.00;1500.00;2052.00;22.26;E0_0_2000m;5.00;171;171;12.80;22.31
1200.00;1500.00;2352.00;23.14;E0_1_2000m;5.00;196;196;14.12;23.24
1200.00;1500.00;2064.00;22.31;E0_0_2100m;5.00;172;172;12.85;22.35
1200.00;1500.00;2352.00;23.08;E0_1_2100m;5.00;196;196;14.15;23.19
1200.00;1500.00;2076.00;22.31;E0_0_2200m;5.00;173;173;12.93;22.35
1200.00;1500.00;2352.00;23.01;E0_1_2200m;5.00;196;196;14.20;23.11
1200.00;1500.00;2076.00;22.09;E0_0_2300m;5.00;173;173;13.05;22.16
1200.00;1500.00;2352.00;22.86;E0_1_2300m;5.00;196;196;14.29;22.94
1200.00;1500.00;2052.00;22.15;E0_0_2400m;5.00;171;172;12.88;22.19
1200.00;1500.00;2376.00;22.74;E0_1_2400m;5.00;198;198;14.51;22.80
1200.00;1500.00;2100.00;22.12;E0_0_2500m;5.00;175;175;13.18;22.18
1200.00;1500.00;2400.00;22.71;E0_1_2500m;5.00;200;199;14.68;22.76
1200.00;1500.00;2136.00;22.19;E0_0_2600m;5.00;178;178;13.37;22.22
1200.00;1500.00;2436.00;22.62;E0_1_2600m;5.00;203;203;14.95;22.66
1200.00;1500.00;2160.00;22.30;E0_0_2700m;5.00;180;180;13.45;22.31
1200.00;1500.00;2424.00;22.53;E0_1_2700m;5.00;202;202;14.95;22.56
1200.00;1500.00;2160.00;22.19;E0_0_2800m;5.00;180;180;13.52;22.20
1200.00;1500.00;2436.00;22.40;E0_1_2800m;5.00;203;203;15.10;22.42
1200.00;1500.00;2160.00;21.78;E0_0_2900m;5.00;180;180;13.77;21.80
1200.00;1500.00;2436.00;22.29;E0_1_2900m;5.00;203;203;15.18;22.29
1200.00;1500.00;2184.00;21.16;E0_0_3000m;5.00;182;182;14.33;21.20
1200.00;1500.00;2436.00;22.19;E0_1_3000m;5.00;203;203;15.25;22.19
1200.00;1500.00;2196.00;21.24;E0_0_3100m;5.00;183;183;14.36;21.28
1200.00;1500.00;2448.00;22.17;E0_1_3100m;5.00;204;204;15.33;22.18
1200.00;1500.00;2220.00;21.18;E0_0_3200m;5.00;185;185;14.56;21.23
1200.00;1500.00;2436.00;22.19;E0_1_3200m;5.00;203;203;15.25;22.19
1200.00;1500.00;2220.00;21.26;E0_0_3300m;5.00;185;185;14.50;21.30
1200.00;1500.00;2436.00;22.20;E0_1_3300m;5.00;203;203;15.24;22.20
1200.00;1500.00;2220.00;21.52;E0_0_3400m;5.00;185;185;14.33;21.55
1200.00;1500.00;2424.00;22.19;E0_1_3400m;5.00;202;203;15.24;22.19
1200.00;1500.00;2208.00;21.72;E0_0_3500m;5.00;184;184;14.12;21.74
1200.00;1500.00;2436.00;22.18;E0_1_3500m;5.00;203;202;15.25;22.18
1200.00;1500.00;2184.00;21.68;E0_0_3600m;5.00;182;182;13.99;21.71
1200.00;1500.00;2412.00;22.18;E0_1_3600m;5.00;201;201;15.10;22.18
1200.00;1500.00;2148.00;21.59;E0_0_3700m;5.00;179;179;13.82;21.63
1200.00;1500.00;2376.00;22.18;E0_1_3700m;5.00;198;198;14.88;22.18
1200.00;1500.00;2112.00;21.50;E0_0_3800m;5.00;176;177;13.70;21.55
1200.00;1500.00;2340.00;22.18;E0_1_3800m;5.00;195;195;14.65;22.18
1200.00;1500.00;2124.00;21.65;E0_0_3900m;5.00;177;177;13.63;21.68
1200.00;1500.00;2328.00;22.18;E0_1_3900m;5.00;194;194;14.58;22.18
1200.00;1500.00;2112.00;21.99;E0_0_4000m;5.00;176;176;13.34;22.02
1200.00;1500.00;2340.00;22.38;E0_1_4000m;5.00;195;195;14.52;22.39
1200.00;1500.00;2100.00;22.48;E0_0_4100m;5.00;175;175;12.97;22.57
1200.00;1500.00;2352.00;22.86;E0_1_4100m;5.00;196;196;14.29;22.93
1200.00;1500.00;2100.00;22.62;E0_0_4200m;5.00;175;175;12.89;22.70
1200.00;1500.00;2352.00;22.93;E0_1_4200m;5.00;196;196;14.24;23.02
1200.00;1500.00;2064.00;22.67;E0_0_4300m;5.00;172;172;12.65;22.72
1200.00;1500.00;2364.00;22.99;E0_1_4300m;5.00;197;196;14.25;23.09
1200.00;1500.00;2052.00;22.65;E0_0_4400m;5.00;171;171;12.58;22.71
1200.00;1500.00;2352.00;23.02;E0_1_4400m;5.00;196;195;14.18;23.13
1200.00;1500.00;2052.00;22.76;E0_0_4500m;5.00;171;172;12.58;22.81
1200.00;1500.00;2340.00;23.05;E0_1_4500m;5.00;195;195;14.10;23.17
1200.00;1500.00;2040.00;22.75;E0_0_4600m;5.00;170;170;12.46;22.80
1200.00;1500.00;2340.00;23.11;E0_1_4600m;5.00;195;195;14.06;23.24
1200.00;1500.00;2028.00;22.82;E0_0_4700m;5.00;169;169;12.34;22.87
1200.00;1500.00;2328.00;23.17;E0_1_4700m;5.00;194;195;13.97;23.29
1200.00;1500.00;2028.00;22.96;E0_0_4800m;5.00;169;169;12.27;23.01
1200.00;1500.00;2328.00;23.26;E0_1_4800m;5.00;194;194;13.90;23.38
1200.00;1500.00;2004.00;23.06;E0_0_4900m;5.00;167;168;12.12;23.11
1200.00;1500.00;2328.00;23.37;E0_1_4900m;5.00;194;193;13.79;23.49
1200.00;1500.00;2028.00;23.21;E0_0_5000m;5.00;169;169;12.14;23.26
1200.00;1500.00;2352.00;23.51;E0_1_5000m;5.00;196;195;13.84;23.63
1500.00;1800.00;0.00;-1.00;E0_0_0m;-1.00;0;0;0.00;-1.00
1500.00;1800.00;0.00;-1.00;E0_1_0m;-1.00;0;0;0.00;-1.00
1500.00;1800.00;1824.00;26.48;E0_0_100m;5.00;152;153;9.60;26.66
1500.00;1800.00;2112.00;27.84;E0_1_100m;5.00;176;176;10.54;28.00
1500.00;1800.00;1800.00;26.56;E0_0_200m;5.00;150;150;9.41;26.76
1500.00;1800.00;2124.00;28.12;E0_1_200m;5.00;177;177;10.49;28.34
1500.00;1800.00;1800.00;26.73;E0_0_300m;5.00;150;151;9.36;26.90
1500.00;1800.00;2088.00;27.98;E0_1_300m;5.00;174;174;10.37;28.22
1500.00;1800.00;1776.00;26.76;E0_0_400m;5.00;148;148;9.22;26.92
1500.00;1800.00;2076.00;28.02;E0_1_400m;5.00;173;174;10.32;28.21
1500.00;1800.00;1752.00;26.73;E0_0_500m;5.00;146;146;9.10;26.89
1500.00;1800.00;2076.00;27.97;E0_1_500m;5.00;173;174;10.32;28.14
1500.00;1800.00;1728.00;26.77;E0_0_600m;5.00;144;144;8.97;26.89
1500.00;1800.00;2100.00;27.85;E0_1_600m;5.00;175;176;10.49;27.99
1500.00;1800.00;1740.00;26.74;E0_0_700m;5.00;145;145;9.04;26.86
1500.00;1800.00;2088.00;27.87;E0_1_700m;5.00;174;174;10.41;28.00
1500.00;1800.00;1752.00;26.69;E0_0_800m;5.00;146;146;9.12;26.79
1500.00;1800.00;2100.00;27.86;E0_1_800m;5.00;175;175;10.47;27.99
1500.00;1800.00;1716.00;26.65;E0_0_900m;5.00;143;143;8.94;26.76
1500.00;1800.00;2136.00;27.76;E0_1_900m;5.00;178;178;10.69;27.90
1500.00;1800.00;1680.00;26.57;E0_0_1000m;5.00;140;140;8.78;26.66
1500.00;1800.00;2124.00;27.74;E0_1_1000m;5.00;177;177;10.63;27.88
1500.00;1800.00;1704.00;26.45;E0_0_1100m;5.00;142;143;9.00;26.55
1500.00;1800.00;2064.00;27.77;E0_1_1100m;5.00;172;172;10.32;27.90
1500.00;1800.00;1728.00;26.33;E0_0_1200m;5.00;144;144;9.12;26.41
1500.00;1800.00;2052.00;27.61;E0_1_1200m;5.00;171;171;10.32;27.73
1500.00;1800.00;1716.00;26.22;E0_0_1300m;5.00;143;143;9.09;26.30
1500.00;1800.00;2076.00;27.51;E0_1_1300m;5.00;173;173;10.48;27.63
1500.00;1800.00;1692.00;26.08;E0_0_1400m;5.00;141;141;9.01;26.16
1500.00;1800.00;2100.00;27.45;E0_1_1400m;5.00;175;175;10.63;27.57
1500.00;1800.00;1704.00;25.99;E0_0_1500m;5.00;142;143;9.13;26.07
1500.00;1800.00;2112.00;27.32;E0_1_1500m;5.00;176;175;10.69;27.46
1500.00;1800.00;1704.00;25.89;E0_0_1600m;5.00;142;141;9.11;25.96
1500.00;1800.00;2100.00;27.22;E0_1_1600m;5.00;175;175;10.71;27.35
1500.00;1800.00;1692.00;25.72;E0_0_1700m;5.00;141;141;9.14;25.79
1500.00;1800.00;2112.00;27.12;E0_1_1700m;5.00;176;176;10.82;27.26
1500.00;1800.00;1644.00;25.54;E0_0_1800m;5.00;137;137;8.94;25.63
1500.00;1800.00;2148.00;27.04;E0_1_1800m;5.00;179;178;11.00;27.17
1500.00;1800.00;1668.00;25.49;E0_0_1900m;5.00;139;138;9.03;25.57
1500.00;1800.00;2184.00;26.98;E0_1_1900m;5.00;182;182;11.24;27.12
1500.00;1800.00;1680.00;25.49;E0_0_2000m;5.00;140;140;9.15;25.55
1500.00;1800.00;2220.00;26.89;E0_1_2000m;5.00;185;185;11.47;27.03
1500.00;1800.00;1716.00;25.40;E0_0_2100m;5.00;143;143;9.38;25.46
1500.00;1800.00;2184.00;26.83;E0_1_2100m;5.00;182;182;11.31;26.98
1500.00;1800.00;1692.00;25.31;E0_0_2200m;5.00;141;141;9.28;25.38
1500.00;1800.00;2208.00;26.76;E0_1_2200m;5.00;184;184;11.46;26.91
1500.00;1800.00;1692.00;25.16;E0_0_2300m;5.00;141;141;9.34;25.24
1500.00;1800.00;2208.00;26.77;E0_1_2300m;5.00;184;184;11.46;26.93
1500.00;1800.00;1704.00;25.08;E0_0_2400m;5.00;142;141;9.42;25.17
1500.00;1800.00;2220.00;26.81;E0_1_2400m;5.00;185;185;11.50;26.97
1500.00;1800.00;1680.00;25.12;E0_0_2500m;5.00;140;140;9.29;25.21
1500.00;1800.00;2220.00;26.72;E0_1_2500m;5.00;185;185;11.54;26.88
1500.00;1800.00;1656.00;24.97;E0_0_2600m;5.00;138;138;9.21;25.07
1500.00;1800.00;2196.00;26.67;E0_1_2600m;5.00;183;183;11.44;26.86
1500.00;1800.00;1668.00;24.71;E0_0_2700m;5.00;139;139;9.38;24.80
1500.00;1800.00;2196.00;26.31;E0_1_2700m;5.00;183;183;11.59;26.52
1500.00;1800.00;1656.00;24.19;E0_0_2800m;5.00;138;138;9.51;24.28
1500.00;1800.00;2208.00;25.66;E0_1_2800m;5.00;184;184;11.95;25.87
1500.00;1800.00;1656.00;23.43;E0_0_2900m;5.00;138;138;9.82;23.52
1500.00;1800.00;2208.00;24.57;E0_1_2900m;5.00;184;185;12.51;24.76
1500.00;1800.00;1644.00;22.03;E0_0_3000m;5.00;137;137;10.36;22.10
1500.00;1800.00;2220.00;22.86;E0_1_3000m;5.00;185;185;13.49;22.95
1500.00;1800.00;1680.00;21.77;E0_0_3100m;5.00;140;140;10.72;21.83
1500.00;1800.00;2172.00;22.70;E0_1_3100m;5.00;181;182;13.34;22.77
1500.00;1800.00;1776.00;22.02;E0_0_3200m;5.00;148;148;11.20;22.05
1500.00;1800.00;2076.00;22.79;E0_1_3200m;5.00;173;174;12.67;22.86
1500.00;1800.00;1812.00;22.18;E0_0_3300m;5.00;151;151;11.35;22.20
1500.00;1800.00;2052.00;22.65;E0_1_3300m;5.00;171;171;12.58;22.68
1500.00;1800.00;1800.00;22.17;E0_0_3400m;5.00;150;150;11.28;22.18
1500.00;1800.00;2088.00;22.56;E0_1_3400m;5.00;174;173;12.79;22.57
1500.00;1800.00;1800.00;22.25;E0_0_3500m;5.00;150;150;11.23;22.26
1500.00;1800.00;2100.00;22.49;E0_1_3500m;5.00;175;175;12.97;22.50
1500.00;1800.00;1812.00;22.26;E0_0_3600m;5.00;151;151;11.30;22.27
1500.00;1800.00;2088.00;22.43;E0_1_3600m;5.00;174;174;12.93;22.44
1500.00;1800.00;1812.00;22.27;E0_0_3700m;5.00;151;151;11.30;22.27
1500.00;1800.00;2100.00;22.39;E0_1_3700m;5.00;175;175;13.03;22.39
1500.00;1800.00;1824.00;22.30;E0_0_3800m;5.00;152;151;11.30;22.30
1500.00;1800.00;2100.00;22.39;E0_1_3800m;5.00;175;175;13.03;22.39
1500.00;1800.00;1812.00;22.31;E0_0_3900m;5.00;151;151;11.28;22.32
1500.00;1800.00;2112.00;22.54;E0_1_3900m;5.00;176;176;13.01;22.56
1500.00;1800.00;1848.00;23.07;E0_0_4000m;5.00;154;154;11.12;23.13
1500.00;1800.00;2064.00;23.74;E0_1_4000m;5.00;172;173;12.12;23.85
1500.00;1800.00;1812.00;25.23;E0_0_4100m;5.00;151;151;9.98;25.40
1500.00;1800.00;2124.00;26.56;E0_1_4100m;5.00;177;178;11.15;26.73
1500.00;1800.00;1812.00;25.04;E0_0_4200m;5.00;151;151;10.05;25.22
1500.00;1800.00;2136.00;26.52;E0_1_4200m;5.00;178;178;11.19;26.76
1500.00;1800.00;1824.00;24.72;E0_0_4300m;5.00;152;153;10.32;24.90
1500.00;1800.00;2160.00;26.33;E0_1_4300m;5.00;180;180;11.39;26.62
1500.00;1800.00;1824.00;24.35;E0_0_4400m;5.00;152;153;10.46;24.55
1500.00;1800.00;2172.00;25.97;E0_1_4400m;5.00;181;181;11.62;26.20
1500.00;1800.00;1860.00;24.26;E0_0_4500m;5.00;155;154;10.59;24.44
1500.00;1800.00;2184.00;25.73;E0_1_4500m;5.00;182;182;11.79;25.94
1500.00;1800.00;1872.00;24.19;E0_0_4600m;5.00;156;156;10.75;24.34
1500.00;1800.00;2184.00;25.50;E0_1_4600m;5.00;182;182;11.89;25.70
1500.00;1800.00;1896.00;24.18;E0_0_4700m;5.00;158;158;10.89;24.30
1500.00;1800.00;2184.00;25.34;E0_1_4700m;5.00;182;181;11.95;25.53
1500.00;1800.00;1884.00;24.28;E0_0_4800m;5.00;157;157;10.78;24.38
1500.00;1800.00;2208.00;25.15;E0_1_4800m;5.00;184;185;12.21;25.32
1500.00;1800.00;1860.00;24.18;E0_0_4900m;5.00;155;155;10.64;24.27
1500.00;1800.00;2256.00;25.01;E0_1_4900m;5.00;188;188;12.53;25.16
1500.00;1800.00;1872.00;24.15;E0_0_5000m;5.00;156;156;10.76;24.24
1500.00;1800.00;2220.00;24.86;E0_1_5000m;5.00;185;185;12.40;25.00
1800.00;2100.00;0.00;-1.00;E0_0_0m;-1.00;0;0;0.00;-1.00
1800.00;2100.00;0.00;-1.00;E0_1_0m;-1.00;0;0;0.00;-1.00
1800.00;2100.00;1752.00;25.41;E0_0_100m;5.00;146;145;9.54;25.65
1800.00;2100.00;2160.00;26.50;E0_1_100m;5.00;180;180;11.32;26.70
1800.00;2100.00;1788.00;25.45;E0_0_200m;5.00;149;149;9.76;25.75
1800.00;2100.00;2136.00;26.85;E0_1_200m;5.00;178;178;11.05;27.24
1800.00;2100.00;1800.00;25.12;E0_0_300m;5.00;150;150;9.95;25.46
1800.00;2100.00;2148.00;26.55;E0_1_300m;5.00;179;179;11.24;27.02
1800.00;2100.00;1800.00;24.70;E0_0_400m;5.00;150;150;10.12;25.07
1800.00;2100.00;2148.00;26.11;E0_1_400m;5.00;179;178;11.40;26.62
1800.00;2100.00;1788.00;24.43;E0_0_500m;5.00;149;149;10.17;24.77
1800.00;2100.00;2172.00;25.73;E0_1_500m;5.00;181;180;11.71;26.23
1800.00;2100.00;1776.00;24.13;E0_0_600m;5.00;148;148;10.22;24.43
1800.00;2100.00;2196.00;25.42;E0_1_600m;5.00;183;182;11.98;25.90
1800.00;2100.00;1764.00;23.84;E0_0_700m;5.00;147;147;10.28;24.11
1800.00;2100.00;2220.00;25.19;E0_1_700m;5.00;185;185;12.24;25.65
1800.00;2100.00;1776.00;23.82;E0_0_800m;5.00;148;148;10.36;24.07
1800.00;2100.00;2184.00;24.95;E0_1_800m;5.00;182;183;12.21;25.38
1800.00;2100.00;1788.00;23.66;E0_0_900m;5.00;149;149;10.50;23.88
1800.00;2100.00;2148.00;24.71;E0_1_900m;5.00;179;179;12.07;25.12
1800.00;2100.00;1776.00;23.43;E0_0_1000m;5.00;148;148;10.53;23.64
1800.00;2100.00;2196.00;24.48;E0_1_1000m;5.00;183;183;12.46;24.91
1800.00;2100.00;1776.00;23.24;E0_0_1100m;5.00;148;148;10.57;23.46
1800.00;2100.00;2220.00;24.27;E0_1_1100m;5.00;185;185;12.71;24.71
1800.00;2100.00;1764.00;23.03;E0_0_1200m;5.00;147;147;10.64;23.24
1800.00;2100.00;2220.00;24.23;E0_1_1200m;5.00;185;185;12.72;24.67
1800.00;2100.00;1728.00;22.79;E0_0_1300m;5.00;144;144;10.53;22.99
1800.00;2100.00;2256.00;24.19;E0_1_1300m;5.00;188;188;12.95;24.62
1800.00;2100.00;1728.00;22.72;E0_0_1400m;5.00;144;144;10.56;22.88
1800.00;2100.00;2244.00;23.93;E0_1_1400m;5.00;187;187;13.02;24.33
1800.00;2100.00;1740.00;22.67;E0_0_1500m;5.00;145;145;10.66;22.82
1800.00;2100.00;2244.00;23.62;E0_1_1500m;5.00;187;187;13.19;23.99
1800.00;2100.00;1740.00;22.65;E0_0_1600m;5.00;145;145;10.67;22.81
1800.00;2100.00;2244.00;23.48;E0_1_1600m;5.00;187;187;13.27;23.84
1800.00;2100.00;1728.00;22.65;E0_0_1700m;5.00;144;144;10.59;22.83
1800.00;2100.00;2244.00;23.42;E0_1_1700m;5.00;187;187;13.31;23.77
1800.00;2100.00;1764.00;22.71;E0_0_1800m;5.00;147;147;10.79;22.93
1800.00;2100.00;2244.00;23.38;E0_1_1800m;5.00;187;187;13.33;23.73
1800.00;2100.00;1764.00;22.70;E0_0_1900m;5.00;147;147;10.79;22.90
1800.00;2100.00;2208.00;23.33;E0_1_1900m;5.00;184;185;13.18;23.67
1800.00;2100.00;1752.00;22.73;E0_0_2000m;5.00;146;146;10.71;22.90
1800.00;2100.00;2196.00;23.33;E0_1_2000m;5.00;183;183;13.07;23.67
1800.00;2100.00;1740.00;22.72;E0_0_2100m;5.00;145;145;10.64;22.89
1800.00;2100.00;2196.00;23.31;E0_1_2100m;5.00;183;184;13.14;23.63
1800.00;2100.00;1740.00;22.72;E0_0_2200m;5.00;145;145;10.64;22.86
1800.00;2100.00;2196.00;23.14;E0_1_2200m;5.00;183;183;13.18;23.37
1800.00;2100.00;1740.00;22.68;E0_0_2300m;5.00;145;145;10.66;22.81
1800.00;2100.00;2196.00;23.09;E0_1_2300m;5.00;183;183;13.21;23.30
1800.00;2100.00;1728.00;22.66;E0_0_2400m;5.00;144;144;10.59;22.78
1800.00;2100.00;2184.00;23.06;E0_1_2400m;5.00;182;182;13.15;23.28
1800.00;2100.00;1692.00;22.60;E0_0_2500m;5.00;141;141;10.40;22.72
1800.00;2100.00;2184.00;23.07;E0_1_2500m;5.00;182;183;13.20;23.29
1800.00;2100.00;1716.00;22.48;E0_0_2600m;5.00;143;143;10.60;22.62
1800.00;2100.00;2172.00;23.02;E0_1_2600m;5.00;181;182;13.12;23.25
1800.00;2100.00;1728.00;22.38;E0_0_2700m;5.00;144;144;10.72;22.56
1800.00;2100.00;2148.00;22.76;E0_1_2700m;5.00;179;180;13.16;23.01
1800.00;2100.00;1740.00;22.11;E0_0_2800m;5.00;145;145;10.93;22.29
1800.00;2100.00;2148.00;22.68;E0_1_2800m;5.00;179;179;13.16;22.94
1800.00;2100.00;1788.00;21.70;E0_0_2900m;5.00;149;149;11.45;21.84
1800.00;2100.00;2160.00;22.44;E0_1_2900m;5.00;180;179;13.34;22.63
1800.00;2100.00;1824.00;20.77;E0_0_3000m;5.00;152;153;12.24;20.87
1800.00;2100.00;2172.00;21.89;E0_1_3000m;5.00;181;181;13.78;21.96
1800.00;2100.00;1848.00;20.86;E0_0_3100m;5.00;154;154;12.31;20.94
1800.00;2100.00;2148.00;21.80;E0_1_3100m;5.00;179;179;13.69;21.86
1800.00;2100.00;1872.00;21.07;E0_0_3200m;5.00;156;156;12.34;21.16
1800.00;2100.00;2112.00;21.80;E0_1_3200m;5.00;176;177;13.51;21.86
1800.00;2100.00;1872.00;21.10;E0_0_3300m;5.00;156;156;12.32;21.20
1800.00;2100.00;2088.00;21.77;E0_1_3300m;5.00;174;174;13.32;21.83
1800.00;2100.00;1896.00;21.08;E0_0_3400m;5.00;158;158;12.49;21.19
1800.00;2100.00;2076.00;21.76;E0_1_3400m;5.00;173;173;13.25;21.82
1800.00;2100.00;1896.00;21.18;E0_0_3500m;5.00;158;158;12.43;21.27
1800.00;2100.00;2052.00;21.81;E0_1_3500m;5.00;171;172;13.10;21.87
1800.00;2100.00;1884.00;21.33;E0_0_3600m;5.00;157;157;12.27;21.41
1800.00;2100.00;2064.00;21.83;E0_1_3600m;5.00;172;172;13.13;21.89
1800.00;2100.00;1884.00;21.19;E0_0_3700m;5.00;157;157;12.35;21.30
1800.00;2100.00;2040.00;21.85;E0_1_3700m;5.00;170;171;12.97;21.90
1800.00;2100.00;1884.00;21.35;E0_0_3800m;5.00;157;157;12.25;21.45
1800.00;2100.00;2028.00;21.87;E0_1_3800m;5.00;169;169;12.88;21.92
1800.00;2100.00;1884.00;21.58;E0_0_3900m;5.00;157;157;12.13;21.65
1800.00;2100.00;2016.00;21.94;E0_1_3900m;5.00;168;169;12.80;21.99
1800.00;2100.00;1884.00;22.16;E0_0_4000m;5.00;157;157;11.81;22.26
1800.00;2100.00;2028.00;22.55;E0_1_4000m;5.00;169;168;12.44;22.68
1800.00;2100.00;1848.00;23.91;E0_0_4100m;5.00;154;154;10.73;24.27
1800.00;2100.00;2028.00;24.23;E0_1_4100m;5.00;169;169;11.62;24.70
1800.00;2100.00;1800.00;24.11;E0_0_4200m;5.00;150;150;10.37;24.48
1800.00;2100.00;2040.00;24.67;E0_1_4200m;5.00;170;170;11.48;25.25
1800.00;2100.00;1764.00;24.15;E0_0_4300m;5.00;147;147;10.14;24.48
1800.00;2100.00;2040.00;24.81;E0_1_4300m;5.00;170;170;11.42;25.38
1800.00;2100.00;1764.00;24.19;E0_0_4400m;5.00;147;146;10.07;24.48
1800.00;2100.00;2028.00;24.87;E0_1_4400m;5.00;169;169;11.33;25.41
1800.00;2100.00;1728.00;24.28;E0_0_4500m;5.00;144;144;9.88;24.57
1800.00;2100.00;2004.00;25.02;E0_1_4500m;5.00;167;167;11.12;25.55
1800.00;2100.00;1716.00;24.40;E0_0_4600m;5.00;143;143;9.77;24.69
1800.00;2100.00;1992.00;25.15;E0_1_4600m;5.00;166;166;11.00;25.65
1800.00;2100.00;1716.00;24.51;E0_0_4700m;5.00;143;143;9.72;24.78
1800.00;2100.00;1968.00;25.28;E0_1_4700m;5.00;164;165;10.81;25.76
1800.00;2100.00;1704.00;24.64;E0_0_4800m;5.00;142;142;9.60;24.89
1800.00;2100.00;1956.00;25.38;E0_1_4800m;5.00;163;162;10.69;25.83
1800.00;2100.00;1680.00;24.79;E0_0_4900m;5.00;140;141;9.51;25.03
1800.00;2100.00;1944.00;25.57;E0_1_4900m;5.00;162;163;10.60;26.05
1800.00;2100.00;1644.00;24.93;E0_0_5000m;5.00;137;137;9.16;25.17
1800.00;2100.00;1956.00;25.59;E0_1_5000m;5.00;163;163;10.62;25.97
2100.00;2400.00;0.00;-1.00;E0_0_0m;-1.00;0;0;0.00;-1.00
2100.00;2400.00;0.00;-1.00;E0_1_0m;-1.00;0;0;0.00;-1.00
2100.00;2400.00;1752.00;26.05;E0_0_100m;5.00;146;149;9.42;26.20
2100.00;2400.00;2160.00;27.07;E0_1_100m;5.00;180;180;11.08;27.26
2100.00;2400.00;1752.00;26.08;E0_0_200m;5.00;146;148;9.37;26.23
2100.00;2400.00;2148.00;27.44;E0_1_200m;5.00;179;180;10.89;27.61
2100.00;2400.00;1752.00;26.04;E0_0_300m;5.00;146;146;9.34;26.19
2100.00;2400.00;2160.00;27.45;E0_1_300m;5.00;180;180;10.93;27.62
2100.00;2400.00;1776.00;25.89;E0_0_400m;5.00;148;148;9.53;26.03
2100.00;2400.00;2172.00;27.43;E0_1_400m;5.00;181;181;11.00;27.60
2100.00;2400.00;1764.00;25.82;E0_0_500m;5.00;147;148;9.54;25.97
2100.00;2400.00;2172.00;27.31;E0_1_500m;5.00;181;181;11.05;27.47
2100.00;2400.00;1752.00;25.79;E0_0_600m;5.00;146;146;9.44;25.94
2100.00;2400.00;2184.00;27.26;E0_1_600m;5.00;182;182;11.13;27.42
2100.00;2400.00;1764.00;25.78;E0_0_700m;5.00;147;148;9.52;25.94
2100.00;2400.00;2220.00;27.35;E0_1_700m;5.00;185;186;11.30;27.48
2100.00;2400.00;1740.00;25.68;E0_0_800m;5.00;145;145;9.41;25.83
2100.00;2400.00;2256.00;27.29;E0_1_800m;5.00;188;188;11.48;27.41
2100.00;2400.00;1740.00;25.55;E0_0_900m;5.00;145;146;9.52;25.70
2100.00;2400.00;2268.00;27.33;E0_1_900m;5.00;189;189;11.53;27.43
2100.00;2400.00;1788.00;25.46;E0_0_1000m;5.00;149;149;9.75;25.62
2100.00;2400.00;2220.00;27.32;E0_1_1000m;5.00;185;185;11.29;27.41
2100.00;2400.00;1812.00;25.54;E0_0_1100m;5.00;151;151;9.85;25.70
2100.00;2400.00;2208.00;27.27;E0_1_1100m;5.00;184;184;11.24;27.36
2100.00;2400.00;1788.00;25.41;E0_0_1200m;5.00;149;151;9.84;25.56
2100.00;2400.00;2184.00;27.41;E0_1_1200m;5.00;182;182;11.07;27.50
2100.00;2400.00;1764.00;25.26;E0_0_1300m;5.00;147;147;9.70;25.40
2100.00;2400.00;2196.00;27.45;E0_1_1300m;5.00;183;183;11.11;27.54
2100.00;2400.00;1752.00;25.16;E0_0_1400m;5.00;146;146;9.67;25.31
2100.00;2400.00;2220.00;27.36;E0_1_1400m;5.00;185;185;11.27;27.46
2100.00;2400.00;1716.00;25.02;E0_0_1500m;5.00;143;143;9.53;25.17
2100.00;2400.00;2220.00;27.21;E0_1_1500m;5.00;185;185;11.33;27.32
2100.00;2400.00;1740.00;24.95;E0_0_1600m;5.00;145;145;9.69;25.11
2100.00;2400.00;2220.00;27.17;E0_1_1600m;5.00;185;185;11.35;27.31
2100.00;2400.00;1740.00;24.81;E0_0_1700m;5.00;145;145;9.74;24.96
2100.00;2400.00;2244.00;27.14;E0_1_1700m;5.00;187;187;11.48;27.29
2100.00;2400.00;1740.00;24.73;E0_0_1800m;5.00;145;145;9.77;24.88
2100.00;2400.00;2232.00;27.06;E0_1_1800m;5.00;186;186;11.46;27.21
2100.00;2400.00;1704.00;24.74;E0_0_1900m;5.00;142;142;9.57;24.88
2100.00;2400.00;2268.00;27.03;E0_1_1900m;5.00;189;188;11.62;27.16
2100.00;2400.00;1680.00;24.77;E0_0_2000m;5.00;140;140;9.42;24.91
2100.00;2400.00;2292.00;27.00;E0_1_2000m;5.00;191;191;11.79;27.12
2100.00;2400.00;1692.00;24.65;E0_0_2100m;5.00;141;141;9.53;24.81
2100.00;2400.00;2328.00;27.06;E0_1_2100m;5.00;194;194;11.92;27.17
2100.00;2400.00;1692.00;24.70;E0_0_2200m;5.00;141;141;9.51;24.86
2100.00;2400.00;2328.00;27.13;E0_1_2200m;5.00;194;194;11.92;27.23
2100.00;2400.00;1692.00;24.69;E0_0_2300m;5.00;141;142;9.59;24.85
2100.00;2400.00;2316.00;27.18;E0_1_2300m;5.00;193;193;11.83;27.29
2100.00;2400.00;1752.00;24.69;E0_0_2400m;5.00;146;147;9.92;24.86
2100.00;2400.00;2256.00;27.18;E0_1_2400m;5.00;188;188;11.53;27.31
2100.00;2400.00;1764.00;24.73;E0_0_2500m;5.00;147;148;9.94;24.89
2100.00;2400.00;2244.00;26.91;E0_1_2500m;5.00;187;187;11.59;27.05
2100.00;2400.00;1740.00;24.56;E0_0_2600m;5.00;145;145;9.84;24.73
2100.00;2400.00;2244.00;26.61;E0_1_2600m;5.00;187;186;11.70;26.76
2100.00;2400.00;1716.00;24.20;E0_0_2700m;5.00;143;143;9.85;24.37
2100.00;2400.00;2256.00;26.15;E0_1_2700m;5.00;188;187;11.93;26.32
2100.00;2400.00;1716.00;23.77;E0_0_2800m;5.00;143;143;10.03;23.93
2100.00;2400.00;2232.00;25.39;E0_1_2800m;5.00;186;186;12.21;25.57
2100.00;2400.00;1740.00;23.05;E0_0_2900m;5.00;145;145;10.48;23.20
2100.00;2400.00;2220.00;24.35;E0_1_2900m;5.00;185;185;12.66;24.50
2100.00;2400.00;1740.00;21.86;E0_0_3000m;5.00;145;144;11.02;21.90
2100.00;2400.00;2196.00;22.84;E0_1_3000m;5.00;183;183;13.35;22.89
2100.00;2400.00;1812.00;21.79;E0_0_3100m;5.00;151;151;11.55;21.83
2100.00;2400.00;2172.00;22.56;E0_1_3100m;5.00;181;181;13.37;22.59
2100.00;2400.00;1848.00;21.79;E0_0_3200m;5.00;154;154;11.78;21.83
2100.00;2400.00;2160.00;22.46;E0_1_3200m;5.00;180;179;13.31;22.49
2100.00;2400.00;1920.00;21.90;E0_0_3300m;5.00;160;160;12.18;21.93
2100.00;2400.00;2100.00;22.37;E0_1_3300m;5.00;175;176;13.10;22.40
2100.00;2400.00;1896.00;22.09;E0_0_3400m;5.00;158;158;11.92;22.11
2100.00;2400.00;2100.00;22.33;E0_1_3400m;5.00;175;176;13.08;22.36
2100.00;2400.00;1896.00;22.00;E0_0_3500m;5.00;158;158;11.97;22.04
2100.00;2400.00;2148.00;22.35;E0_1_3500m;5.00;179;178;13.32;22.40
2100.00;2400.00;1896.00;21.98;E0_0_3600m;5.00;158;159;11.99;22.01
2100.00;2400.00;2148.00;22.28;E0_1_3600m;5.00;179;179;13.39;22.35
2100.00;2400.00;1920.00;21.90;E0_0_3700m;5.00;160;160;12.18;21.94
2100.00;2400.00;2148.00;22.27;E0_1_3700m;5.00;179;178;13.39;22.33
2100.00;2400.00;1932.00;21.78;E0_0_3800m;5.00;161;162;12.35;21.85
2100.00;2400.00;2124.00;22.20;E0_1_3800m;5.00;177;178;13.32;22.25
2100.00;2400.00;1920.00;21.81;E0_0_3900m;5.00;160;161;12.27;21.86
2100.00;2400.00;2148.00;22.15;E0_1_3900m;5.00;179;179;13.46;22.20
2100.00;2400.00;1920.00;22.40;E0_0_4000m;5.00;160;160;11.90;22.49
2100.00;2400.00;2148.00;23.02;E0_1_4000m;5.00;179;179;12.96;23.18
2100.00;2400.00;1884.00;24.38;E0_0_4100m;5.00;157;158;10.74;24.69
2100.00;2400.00;2184.00;25.53;E0_1_4100m;5.00;182;182;11.88;25.98
2100.00;2400.00;1908.00;24.22;E0_0_4200m;5.00;159;159;10.94;24.56
2100.00;2400.00;2196.00;25.25;E0_1_4200m;5.00;183;183;12.08;25.75
2100.00;2400.00;1932.00;23.89;E0_0_4300m;5.00;161;161;11.23;24.22
2100.00;2400.00;2184.00;24.65;E0_1_4300m;5.00;182;182;12.31;25.12
2100.00;2400.00;1908.00;23.59;E0_0_4400m;5.00;159;159;11.23;23.92
2100.00;2400.00;2208.00;24.26;E0_1_4400m;5.00;184;185;12.66;24.71
2100.00;2400.00;1908.00;23.33;E0_0_4500m;5.00;159;159;11.36;23.65
2100.00;2400.00;2232.00;23.98;E0_1_4500m;5.00;186;186;12.93;24.43
2100.00;2400.00;1896.00;23.14;E0_0_4600m;5.00;158;158;11.38;23.50
2100.00;2400.00;2244.00;23.76;E0_1_4600m;5.00;187;187;13.12;24.20
2100.00;2400.00;1896.00;23.12;E0_0_4700m;5.00;158;158;11.39;23.47
2100.00;2400.00;2256.00;23.63;E0_1_4700m;5.00;188;187;13.26;24.05
2100.00;2400.00;1896.00;23.12;E0_0_4800m;5.00;158;158;11.39;23.44
2100.00;2400.00;2256.00;23.58;E0_1_4800m;5.00;188;188;13.29;23.98
2100.00;2400.00;1920.00;23.15;E0_0_4900m;5.00;160;160;11.50;23.44
2100.00;2400.00;2280.00;23.56;E0_1_4900m;5.00;190;190;13.43;23.95
2100.00;2400.00;1920.00;23.16;E0_0_5000m;5.00;160;160;11.51;23.42
2100.00;2400.00;2292.00;23.68;E0_1_5000m;5.00;191;191;13.44;24.06
2400.00;2700.00;0.00;-1.00;E0_0_0m;-1.00;0;0;0.00;-1.00
2400.00;2700.00;0.00;-1.00;E0_1_0m;-1.00;0;0;0.00;-1.00
2400.00;2700.00;1848.00;25.49;E0_0_100m;5.00;154;154;10.07;25.63
2400.00;2700.00;2172.00;26.78;E0_1_100m;5.00;181;181;11.26;26.89
2400.00;2700.00;1824.00;25.89;E0_0_200m;5.00;152;151;9.78;26.07
2400.00;2700.00;2184.00;27.34;E0_1_200m;5.00;182;182;11.10;27.51
2400.00;2700.00;1812.00;26.15;E0_0_300m;5.00;151;151;9.62;26.31
2400.00;2700.00;2160.00;27.41;E0_1_300m;5.00;180;181;10.96;27.61
2400.00;2700.00;1776.00;26.24;E0_0_400m;5.00;148;148;9.40;26.40
2400.00;2700.00;2172.00;27.54;E0_1_400m;5.00;181;181;10.95;27.75
2400.00;2700.00;1752.00;26.18;E0_0_500m;5.00;146;145;9.24;26.35
2400.00;2700.00;2196.00;27.61;E0_1_500m;5.00;183;183;11.05;27.83
2400.00;2700.00;1764.00;26.05;E0_0_600m;5.00;147;147;9.40;26.22
2400.00;2700.00;2184.00;27.59;E0_1_600m;5.00;182;183;11.00;27.81
2400.00;2700.00;1752.00;25.82;E0_0_700m;5.00;146;145;9.41;25.98
2400.00;2700.00;2172.00;27.51;E0_1_700m;5.00;181;181;10.96;27.72
2400.00;2700.00;1752.00;25.85;E0_0_800m;5.00;146;146;9.41;26.00
2400.00;2700.00;2160.00;27.46;E0_1_800m;5.00;180;180;10.92;27.68
2400.00;2700.00;1740.00;25.65;E0_0_900m;5.00;145;144;9.36;25.81
2400.00;2700.00;2160.00;27.44;E0_1_900m;5.00;180;180;10.93;27.66
2400.00;2700.00;1728.00;25.50;E0_0_1000m;5.00;144;144;9.41;25.65
2400.00;2700.00;2172.00;27.44;E0_1_1000m;5.00;181;181;11.00;27.66
2400.00;2700.00;1704.00;25.35;E0_0_1100m;5.00;142;143;9.37;25.49
2400.00;2700.00;2160.00;27.45;E0_1_1100m;5.00;180;180;10.93;27.69
2400.00;2700.00;1692.00;25.18;E0_0_1200m;5.00;141;140;9.31;25.32
2400.00;2700.00;2184.00;27.49;E0_1_1200m;5.00;182;182;11.03;27.73
2400.00;2700.00;1680.00;25.19;E0_0_1300m;5.00;140;140;9.26;25.31
2400.00;2700.00;2184.00;27.49;E0_1_1300m;5.00;182;182;11.03;27.72
2400.00;2700.00;1668.00;25.07;E0_0_1400m;5.00;139;139;9.24;25.18
2400.00;2700.00;2196.00;27.42;E0_1_1400m;5.00;183;183;11.12;27.65
2400.00;2700.00;1656.00;24.88;E0_0_1500m;5.00;138;138;9.25;24.99
2400.00;2700.00;2208.00;27.28;E0_1_1500m;5.00;184;184;11.24;27.51
2400.00;2700.00;1656.00;24.66;E0_0_1600m;5.00;138;138;9.33;24.76
2400.00;2700.00;2220.00;27.02;E0_1_1600m;5.00;185;185;11.41;27.27
2400.00;2700.00;1656.00;24.40;E0_0_1700m;5.00;138;138;9.43;24.52
2400.00;2700.00;2220.00;26.92;E0_1_1700m;5.00;185;185;11.45;27.19
2400.00;2700.00;1656.00;24.27;E0_0_1800m;5.00;138;138;9.48;24.40
2400.00;2700.00;2220.00;26.87;E0_1_1800m;5.00;185;185;11.48;27.15
2400.00;2700.00;1668.00;24.37;E0_0_1900m;5.00;139;139;9.51;24.47
2400.00;2700.00;2208.00;26.74;E0_1_1900m;5.00;184;184;11.47;27.01
2400.00;2700.00;1656.00;24.30;E0_0_2000m;5.00;138;138;9.47;24.38
2400.00;2700.00;2220.00;26.68;E0_1_2000m;5.00;185;185;11.56;26.94
2400.00;2700.00;1680.00;24.17;E0_0_2100m;5.00;140;140;9.65;24.25
2400.00;2700.00;2208.00;26.64;E0_1_2100m;5.00;184;183;11.48;26.90
2400.00;2700.00;1716.00;23.90;E0_0_2200m;5.00;143;143;9.97;23.96
2400.00;2700.00;2196.00;26.52;E0_1_2200m;5.00;183;184;11.54;26.76
2400.00;2700.00;1716.00;23.65;E0_0_2300m;5.00;143;142;10.01;23.69
2400.00;2700.00;2208.00;26.16;E0_1_2300m;5.00;184;185;11.76;26.41
2400.00;2700.00;1752.00;23.04;E0_0_2400m;5.00;146;145;10.50;23.12
2400.00;2700.00;2196.00;25.72;E0_1_2400m;5.00;183;184;11.90;25.99
2400.00;2700.00;1752.00;22.37;E0_0_2500m;5.00;146;147;10.93;22.50
2400.00;2700.00;2220.00;25.19;E0_1_2500m;5.00;185;184;12.19;25.53
2400.00;2700.00;1764.00;21.96;E0_0_2600m;5.00;147;147;11.16;22.15
2400.00;2700.00;2208.00;24.45;E0_1_2600m;5.00;184;184;12.54;24.87
2400.00;2700.00;1764.00;21.05;E0_0_2700m;5.00;147;147;11.64;21.32
2400.00;2700.00;2220.00;23.44;E0_1_2700m;5.00;185;185;13.15;23.94
2400.00;2700.00;1788.00;20.13;E0_0_2800m;5.00;149;149;12.34;20.41
2400.00;2700.00;2208.00;21.90;E0_1_2800m;5.00;184;184;14.00;22.35
2400.00;2700.00;1764.00;18.93;E0_0_2900m;5.00;147;147;12.94;19.15
2400.00;2700.00;2172.00;20.19;E0_1_2900m;5.00;181;181;14.94;20.50
2400.00;2700.00;1788.00;17.62;E0_0_3000m;5.00;149;149;14.09;17.75
2400.00;2700.00;2124.00;18.53;E0_1_3000m;5.00;177;177;15.92;18.70
2400.00;2700.00;1884.00;17.46;E0_0_3100m;5.00;157;158;15.10;17.51
2400.00;2700.00;1992.00;18.41;E0_1_3100m;5.00;166;166;15.03;18.64
2400.00;2700.00;1896.00;17.53;E0_0_3200m;5.00;158;158;15.02;17.56
2400.00;2700.00;1968.00;18.25;E0_1_3200m;5.00;164;164;14.98;18.38
2400.00;2700.00;1884.00;17.63;E0_0_3300m;5.00;157;157;14.84;17.65
2400.00;2700.00;1968.00;18.22;E0_1_3300m;5.00;164;163;14.93;18.33
2400.00;2700.00;1884.00;17.66;E0_0_3400m;5.00;157;157;14.82;17.67
2400.00;2700.00;1968.00;18.11;E0_1_3400m;5.00;164;164;15.11;18.19
2400.00;2700.00;1872.00;17.68;E0_0_3500m;5.00;156;156;14.71;17.69
2400.00;2700.00;1956.00;18.05;E0_1_3500m;5.00;163;163;15.05;18.12
2400.00;2700.00;1848.00;17.64;E0_0_3600m;5.00;154;154;14.55;17.65
2400.00;2700.00;1956.00;18.05;E0_1_3600m;5.00;163;163;15.05;18.13
2400.00;2700.00;1860.00;17.62;E0_0_3700m;5.00;155;155;14.66;17.64
2400.00;2700.00;1944.00;18.03;E0_1_3700m;5.00;162;162;14.98;18.10
2400.00;2700.00;1872.00;17.69;E0_0_3800m;5.00;156;155;14.67;17.70
2400.00;2700.00;1956.00;18.04;E0_1_3800m;5.00;163;162;15.04;18.10
2400.00;2700.00;1920.00;17.73;E0_0_3900m;5.00;160;159;15.00;17.76
2400.00;2700.00;1944.00;18.00;E0_1_3900m;5.00;162;161;14.97;18.04
2400.00;2700.00;1932.00;18.99;E0_0_4000m;5.00;161;163;14.23;19.12
2400.00;2700.00;1920.00;19.67;E0_1_4000m;5.00;160;160;13.56;19.87
2400.00;2700.00;1908.00;25.57;E0_0_4100m;5.00;159;159;10.42;25.70
2400.00;2700.00;1944.00;27.70;E0_1_4100m;5.00;162;162;9.75;27.76
2400.00;2700.00;1872.00;26.18;E0_0_4200m;5.00;156;157;9.97;26.35
2400.00;2700.00;1956.00;29.03;E0_1_4200m;5.00;163;164;9.40;29.19
2400.00;2700.00;1872.00;26.01;E0_0_4300m;5.00;156;156;10.00;26.17
2400.00;2700.00;2004.00;28.98;E0_1_4300m;5.00;167;167;9.60;29.13
2400.00;2700.00;1872.00;25.66;E0_0_4400m;5.00;156;157;10.19;25.82
2400.00;2700.00;2016.00;28.85;E0_1_4400m;5.00;168;167;9.68;28.99
2400.00;2700.00;1872.00;25.33;E0_0_4500m;5.00;156;156;10.26;25.50
2400.00;2700.00;2028.00;28.82;E0_1_4500m;5.00;169;169;9.77;28.96
2400.00;2700.00;1908.00;25.15;E0_0_4600m;5.00;159;159;10.54;25.32
2400.00;2700.00;2004.00;28.88;E0_1_4600m;5.00;167;167;9.64;29.02
2400.00;2700.00;1920.00;24.98;E0_0_4700m;5.00;160;160;10.67;25.16
2400.00;2700.00;2040.00;28.97;E0_1_4700m;5.00;170;170;9.78;29.10
2400.00;2700.00;1956.00;24.90;E0_0_4800m;5.00;163;163;10.91;25.07
2400.00;2700.00;2028.00;28.99;E0_1_4800m;5.00;169;169;9.71;29.11
2400.00;2700.00;1884.00;24.80;E0_0_4900m;5.00;157;157;10.55;24.96
2400.00;2700.00;2064.00;28.89;E0_1_4900m;5.00;172;171;9.90;29.00
2400.00;2700.00;1872.00;24.63;E0_0_5000m;5.00;156;156;10.56;24.79
2400.00;2700.00;2064.00;28.78;E0_1_5000m;5.00;172;172;9.96;28.89
2700.00;3000.00;0.00;-1.00;E0_0_0m;-1.00;0;0;0.00;-1.00
2700.00;3000.00;0.00;-1.00;E0_1_0m;-1.00;0;0;0.00;-1.00
2700.00;3000.00;1848.00;26.00;E0_0_100m;5.00;154;154;9.87;26.15
2700.00;3000.00;2184.00;27.09;E0_1_100m;5.00;182;182;11.20;27.22
2700.00;3000.00;1860.00;26.09;E0_0_200m;5.00;155;155;9.90;26.25
2700.00;3000.00;2196.00;27.46;E0_1_200m;5.00;183;183;11.11;27.64
2700.00;3000.00;1872.00;25.94;E0_0_300m;5.00;156;156;10.02;26.09
2700.00;3000.00;2220.00;27.31;E0_1_300m;5.00;185;184;11.28;27.48
2700.00;3000.00;1884.00;25.75;E0_0_400m;5.00;157;157;10.16;25.92
2700.00;3000.00;2208.00;27.17;E0_1_400m;5.00;184;185;11.32;27.34
2700.00;3000.00;1908.00;25.65;E0_0_500m;5.00;159;159;10.33;25.81
2700.00;3000.00;2220.00;27.04;E0_1_500m;5.00;185;185;11.40;27.19
2700.00;3000.00;1932.00;25.68;E0_0_600m;5.00;161;162;10.50;25.83
2700.00;3000.00;2232.00;26.91;E0_1_600m;5.00;186;185;11.52;27.07
2700.00;3000.00;1944.00;25.66;E0_0_700m;5.00;162;162;10.52;25.80
2700.00;3000.00;2208.00;26.70;E0_1_700m;5.00;184;184;11.48;26.87
2700.00;3000.00;1932.00;25.62;E0_0_800m;5.00;161;161;10.48;25.74
2700.00;3000.00;2208.00;26.48;E0_1_800m;5.00;184;184;11.58;26.64
2700.00;3000.00;1932.00;25.50;E0_0_900m;5.00;161;161;10.52;25.63
2700.00;3000.00;2244.00;26.34;E0_1_900m;5.00;187;187;11.83;26.49
2700.00;3000.00;1920.00;25.29;E0_0_1000m;5.00;160;160;10.55;25.41
2700.00;3000.00;2256.00;26.33;E0_1_1000m;5.00;188;188;11.90;26.49
2700.00;3000.00;1908.00;25.17;E0_0_1100m;5.00;159;158;10.49;25.29
2700.00;3000.00;2280.00;26.43;E0_1_1100m;5.00;190;190;11.98;26.59
2700.00;3000.00;1956.00;25.05;E0_0_1200m;5.00;163;163;10.85;25.20
2700.00;3000.00;2256.00;26.64;E0_1_1200m;5.00;188;189;11.77;26.81
2700.00;3000.00;1968.00;24.94;E0_0_1300m;5.00;164;165;11.00;25.12
2700.00;3000.00;2280.00;26.66;E0_1_1300m;5.00;190;190;11.88;26.83
2700.00;3000.00;1956.00;24.84;E0_0_1400m;5.00;163;163;10.94;25.02
2700.00;3000.00;2280.00;26.59;E0_1_1400m;5.00;190;191;11.93;26.75
2700.00;3000.00;1944.00;24.90;E0_0_1500m;5.00;162;163;10.87;25.05
2700.00;3000.00;2292.00;26.56;E0_1_1500m;5.00;191;191;11.99;26.70
2700.00;3000.00;1932.00;24.96;E0_0_1600m;5.00;161;161;10.75;25.07
2700.00;3000.00;2268.00;26.55;E0_1_1600m;5.00;189;189;11.86;26.68
2700.00;3000.00;1896.00;25.07;E0_0_1700m;5.00;158;158;10.50;25.15
2700.00;3000.00;2268.00;26.61;E0_1_1700m;5.00;189;190;11.89;26.72
2700.00;3000.00;1920.00;25.14;E0_0_1800m;5.00;160;160;10.61;25.21
2700.00;3000.00;2256.00;26.62;E0_1_1800m;5.00;188;188;11.77;26.71
2700.00;3000.00;1908.00;25.00;E0_0_1900m;5.00;159;160;10.66;25.08
2700.00;3000.00;2280.00;26.62;E0_1_1900m;5.00;190;190;11.89;26.71
2700.00;3000.00;1932.00;24.97;E0_0_2000m;5.00;161;161;10.75;25.06
2700.00;3000.00;2256.00;26.56;E0_1_2000m;5.00;188;188;11.80;26.65
2700.00;3000.00;1896.00;24.74;E0_0_2100m;5.00;158;158;10.64;24.82
2700.00;3000.00;2256.00;26.31;E0_1_2100m;5.00;188;188;11.91;26.42
2700.00;3000.00;1896.00;24.38;E0_0_2200m;5.00;158;158;10.80;24.48
2700.00;3000.00;2244.00;25.93;E0_1_2200m;5.00;187;187;12.02;26.07
2700.00;3000.00;1896.00;23.98;E0_0_2300m;5.00;158;158;10.98;24.10
2700.00;3000.00;2244.00;25.44;E0_1_2300m;5.00;187;186;12.22;25.67
2700.00;3000.00;1908.00;23.59;E0_0_2400m;5.00;159;159;11.24;23.73
2700.00;3000.00;2256.00;24.98;E0_1_2400m;5.00;188;187;12.50;25.30
2700.00;3000.00;1932.00;22.94;E0_0_2500m;5.00;161;160;11.65;23.15
2700.00;3000.00;2256.00;24.42;E0_1_2500m;5.00;188;188;12.83;24.82
2700.00;3000.00;1956.00;22.09;E0_0_2600m;5.00;163;163;12.30;22.36
2700.00;3000.00;2232.00;23.61;E0_1_2600m;5.00;186;186;13.13;24.04
2700.00;3000.00;1968.00;21.06;E0_0_2700m;5.00;164;164;12.98;21.35
2700.00;3000.00;2268.00;22.56;E0_1_2700m;5.00;189;189;13.96;22.98
2700.00;3000.00;1992.00;20.13;E0_0_2800m;5.00;166;166;13.75;20.43
2700.00;3000.00;2292.00;21.30;E0_1_2800m;5.00;191;191;14.94;21.68
2700.00;3000.00;1980.00;18.90;E0_0_2900m;5.00;165;165;14.55;19.07
2700.00;3000.00;2280.00;19.84;E0_1_2900m;5.00;190;190;15.96;20.11
2700.00;3000.00;1980.00;17.75;E0_0_3000m;5.00;165;166;15.57;17.94
2700.00;3000.00;2256.00;18.32;E0_1_3000m;5.00;188;190;17.27;18.39
2700.00;3000.00;2016.00;17.58;E0_0_3100m;5.00;168;168;15.93;17.59
2700.00;3000.00;2196.00;18.18;E0_1_3100m;5.00;183;183;16.78;18.23
2700.00;3000.00;2016.00;17.62;E0_0_3200m;5.00;168;169;15.97;17.63
2700.00;3000.00;2172.00;18.10;E0_1_3200m;5.00;181;181;16.67;18.13
2700.00;3000.00;2016.00;17.52;E0_0_3300m;5.00;168;168;15.98;17.54
2700.00;3000.00;2160.00;18.01;E0_1_3300m;5.00;180;181;16.71;18.02
2700.00;3000.00;2004.00;17.46;E0_0_3400m;5.00;167;167;15.94;17.48
2700.00;3000.00;2160.00;17.95;E0_1_3400m;5.00;180;179;16.68;17.96
2700.00;3000.00;2004.00;17.49;E0_0_3500m;5.00;167;167;15.91;17.51
2700.00;3000.00;2136.00;17.91;E0_1_3500m;5.00;178;178;16.56;17.91
2700.00;3000.00;2016.00;17.44;E0_0_3600m;5.00;168;168;16.06;17.45
2700.00;3000.00;2148.00;17.89;E0_1_3600m;5.00;179;179;16.67;17.89
2700.00;3000.00;2028.00;17.49;E0_0_3700m;5.00;169;169;16.10;17.51
2700.00;3000.00;2112.00;17.89;E0_1_3700m;5.00;176;176;16.40;17.89
2700.00;3000.00;2028.00;17.61;E0_0_3800m;5.00;169;169;16.00;17.62
2700.00;3000.00;2100.00;17.88;E0_1_3800m;5.00;175;175;16.31;17.88
2700.00;3000.00;2016.00;17.71;E0_0_3900m;5.00;168;168;15.81;17.72
2700.00;3000.00;2112.00;17.92;E0_1_3900m;5.00;176;176;16.37;17.93
2700.00;3000.00;2016.00;18.93;E0_0_4000m;5.00;168;168;14.79;19.06
2700.00;3000.00;2100.00;19.83;E0_1_4000m;5.00;175;176;14.79;20.11
2700.00;3000.00;1932.00;25.52;E0_0_4100m;5.00;161;160;10.45;25.61
2700.00;3000.00;2196.00;26.82;E0_1_4100m;5.00;183;183;11.37;26.94
2700.00;3000.00;1908.00;26.06;E0_0_4200m;5.00;159;159;10.19;26.19
2700.00;3000.00;2244.00;27.89;E0_1_4200m;5.00;187;186;11.14;28.14
2700.00;3000.00;1908.00;25.86;E0_0_4300m;5.00;159;159;10.25;26.00
2700.00;3000.00;2196.00;27.83;E0_1_4300m;5.00;183;184;11.02;28.03
2700.00;3000.00;1932.00;25.64;E0_0_4400m;5.00;161;160;10.41;25.74
2700.00;3000.00;2172.00;27.73;E0_1_4400m;5.00;181;181;10.88;27.93
2700.00;3000.00;1908.00;25.50;E0_0_4500m;5.00;159;160;10.39;25.60
2700.00;3000.00;2184.00;27.66;E0_1_4500m;5.00;182;182;10.97;27.86
2700.00;3000.00;1884.00;25.45;E0_0_4600m;5.00;157;159;10.36;25.55
2700.00;3000.00;2208.00;27.52;E0_1_4600m;5.00;184;184;11.14;27.73
2700.00;3000.00;1848.00;25.44;E0_0_4700m;5.00;154;156;10.12;25.54
2700.00;3000.00;2220.00;27.47;E0_1_4700m;5.00;185;185;11.23;27.68
2700.00;3000.00;1848.00;25.43;E0_0_4800m;5.00;154;155;10.15;25.51
2700.00;3000.00;2208.00;27.56;E0_1_4800m;5.00;184;184;11.13;27.80
2700.00;3000.00;1848.00;25.39;E0_0_4900m;5.00;154;154;10.11;25.46
2700.00;3000.00;2208.00;27.47;E0_1_4900m;5.00;184;184;11.16;27.69
2700.00;3000.00;1836.00;25.33;E0_0_5000m;5.00;153;153;10.07;25.39
2700.00;3000.00;2208.00;27.36;E0_1_5000m;5.00;184;184;11.21;27.57
3000.00;3300.00;0.00;-1.00;E0_0_0m;-1.00;0;0;0.00;-1.00
3000.00;3300.00;0.00;-1.00;E0_1_0m;-1.00;0;0;0.00;-1.00
3000.00;3300.00;1848.00;26.22;E0_0_100m;5.00;154;154;9.79;26.33
3000.00;3300.00;2088.00;28.20;E0_1_100m;5.00;174;174;10.28;28.34
3000.00;3300.00;1860.00;26.39;E0_0_200m;5.00;155;156;9.85;26.53
3000.00;3300.00;2064.00;28.81;E0_1_200m;5.00;172;172;9.95;29.00
3000.00;3300.00;1848.00;26.43;E0_0_300m;5.00;154;154;9.71;26.57
3000.00;3300.00;2076.00;28.75;E0_1_300m;5.00;173;174;10.05;28.86
3000.00;3300.00;1872.00;26.30;E0_0_400m;5.00;156;156;9.89;26.43
3000.00;3300.00;2100.00;28.66;E0_1_400m;5.00;175;174;10.15;28.76
3000.00;3300.00;1860.00;26.12;E0_0_500m;5.00;155;155;9.89;26.25
3000.00;3300.00;2088.00;28.52;E0_1_500m;5.00;174;174;10.17;28.62
3000.00;3300.00;1824.00;26.07;E0_0_600m;5.00;152;151;9.66;26.19
3000.00;3300.00;2088.00;28.44;E0_1_600m;5.00;174;174;10.20;28.54
3000.00;3300.00;1812.00;26.09;E0_0_700m;5.00;151;151;9.65;26.21
3000.00;3300.00;2136.00;28.32;E0_1_700m;5.00;178;178;10.48;28.41
3000.00;3300.00;1812.00;25.99;E0_0_800m;5.00;151;151;9.68;26.12
3000.00;3300.00;2160.00;28.21;E0_1_800m;5.00;180;180;10.64;28.27
3000.00;3300.00;1776.00;26.03;E0_0_900m;5.00;148;149;9.54;26.16
3000.00;3300.00;2160.00;28.15;E0_1_900m;5.00;180;180;10.66;28.23
3000.00;3300.00;1776.00;26.14;E0_0_1000m;5.00;148;148;9.44;26.26
3000.00;3300.00;2196.00;28.00;E0_1_1000m;5.00;183;183;10.89;28.06
3000.00;3300.00;1788.00;26.05;E0_0_1100m;5.00;149;149;9.53;26.17
3000.00;3300.00;2196.00;27.92;E0_1_1100m;5.00;183;183;10.93;27.97
3000.00;3300.00;1740.00;25.92;E0_0_1200m;5.00;145;145;9.32;26.04
3000.00;3300.00;2208.00;27.82;E0_1_1200m;5.00;184;184;11.06;27.88
3000.00;3300.00;1692.00;25.88;E0_0_1300m;5.00;141;142;9.14;25.99
3000.00;3300.00;2232.00;27.77;E0_1_1300m;5.00;186;186;11.16;27.82
3000.00;3300.00;1692.00;25.76;E0_0_1400m;5.00;141;141;9.12;25.88
3000.00;3300.00;2244.00;27.80;E0_1_1400m;5.00;187;186;11.19;27.86
3000.00;3300.00;1728.00;25.55;E0_0_1500m;5.00;144;143;9.36;25.73
3000.00;3300.00;2220.00;27.82;E0_1_1500m;5.00;185;185;11.08;27.90
3000.00;3300.00;1752.00;25.54;E0_0_1600m;5.00;146;146;9.53;25.74
3000.00;3300.00;2196.00;27.95;E0_1_1600m;5.00;183;184;10.92;28.05
3000.00;3300.00;1728.00;25.39;E0_0_1700m;5.00;144;144;9.45;25.62
3000.00;3300.00;2244.00;27.95;E0_1_1700m;5.00;187;186;11.10;28.04
3000.00;3300.00;1740.00;25.26;E0_0_1800m;5.00;145;145;9.57;25.48
3000.00;3300.00;2220.00;27.91;E0_1_1800m;5.00;185;185;11.05;28.00
3000.00;3300.00;1752.00;25.12;E0_0_1900m;5.00;146;145;9.63;25.34
3000.00;3300.00;2196.00;27.89;E0_1_1900m;5.00;183;183;10.93;27.99
3000.00;3300.00;1752.00;25.19;E0_0_2000m;5.00;146;146;9.66;25.40
3000.00;3300.00;2184.00;27.87;E0_1_2000m;5.00;182;182;10.89;27.97
3000.00;3300.00;1728.00;25.32;E0_0_2100m;5.00;144;145;9.51;25.48
3000.00;3300.00;2196.00;27.81;E0_1_2100m;5.00;183;183;10.97;27.93
3000.00;3300.00;1728.00;25.16;E0_0_2200m;5.00;144;144;9.54;25.36
3000.00;3300.00;2184.00;27.89;E0_1_2200m;5.00;182;182;10.88;27.99
3000.00;3300.00;1716.00;25.21;E0_0_2300m;5.00;143;144;9.46;25.42
3000.00;3300.00;2232.00;27.84;E0_1_2300m;5.00;186;187;11.16;27.96
3000.00;3300.00;1740.00;25.03;E0_0_2400m;5.00;145;145;9.65;25.24
3000.00;3300.00;2196.00;27.90;E0_1_2400m;5.00;183;183;10.93;28.02
3000.00;3300.00;1716.00;24.91;E0_0_2500m;5.00;143;143;9.57;25.12
3000.00;3300.00;2184.00;27.84;E0_1_2500m;5.00;182;182;10.89;27.98
3000.00;3300.00;1704.00;24.73;E0_0_2600m;5.00;142;142;9.57;24.95
3000.00;3300.00;2184.00;27.50;E0_1_2600m;5.00;182;182;11.03;27.63
3000.00;3300.00;1716.00;24.30;E0_0_2700m;5.00;143;143;9.81;24.53
3000.00;3300.00;2124.00;26.58;E0_1_2700m;5.00;177;177;11.10;26.78
3000.00;3300.00;1680.00;22.78;E0_0_2800m;5.00;140;140;10.24;23.06
3000.00;3300.00;2100.00;24.98;E0_1_2800m;5.00;175;175;11.68;25.26
3000.00;3300.00;1704.00;20.19;E0_0_2900m;5.00;142;142;11.72;20.54
3000.00;3300.00;2088.00;21.94;E0_1_2900m;5.00;174;174;13.22;22.26
3000.00;3300.00;1716.00;17.74;E0_0_3000m;5.00;143;143;13.39;17.93
3000.00;3300.00;2064.00;18.71;E0_1_3000m;5.00;172;173;15.39;18.88
3000.00;3300.00;1776.00;17.51;E0_0_3100m;5.00;148;148;14.09;17.59
3000.00;3300.00;2004.00;18.21;E0_1_3100m;5.00;167;168;15.33;18.28
3000.00;3300.00;1788.00;17.58;E0_0_3200m;5.00;149;148;14.04;17.60
3000.00;3300.00;1992.00;18.13;E0_1_3200m;5.00;166;166;15.26;18.18
3000.00;3300.00;1812.00;17.62;E0_0_3300m;5.00;151;151;14.28;17.64
3000.00;3300.00;1992.00;18.03;E0_1_3300m;5.00;166;165;15.29;18.06
3000.00;3300.00;1872.00;17.61;E0_0_3400m;5.00;156;156;14.76;17.62
3000.00;3300.00;1968.00;18.06;E0_1_3400m;5.00;164;164;15.14;18.09
3000.00;3300.00;1896.00;17.72;E0_0_3500m;5.00;158;158;14.86;17.72
3000.00;3300.00;1968.00;18.04;E0_1_3500m;5.00;164;165;15.23;18.09
3000.00;3300.00;1896.00;17.81;E0_0_3600m;5.00;158;159;14.80;17.81
3000.00;3300.00;1968.00;17.97;E0_1_3600m;5.00;164;164;15.21;17.99
3000.00;3300.00;1908.00;17.82;E0_0_3700m;5.00;159;159;14.87;17.82
3000.00;3300.00;1968.00;17.93;E0_1_3700m;5.00;164;165;15.27;17.93
3000.00;3300.00;1896.00;17.84;E0_0_3800m;5.00;158;158;14.76;17.84
3000.00;3300.00;1980.00;17.90;E0_1_3800m;5.00;165;165;15.36;17.90
3000.00;3300.00;1884.00;17.84;E0_0_3900m;5.00;157;157;14.67;17.84
3000.00;3300.00;1944.00;17.91;E0_1_3900m;5.00;162;162;15.08;17.91
3000.00;3300.00;1872.00;19.03;E0_0_4000m;5.00;156;157;13.71;19.13
3000.00;3300.00;1980.00;19.68;E0_1_4000m;5.00;165;165;13.97;19.87
3000.00;3300.00;1776.00;26.26;E0_0_4100m;5.00;148;148;9.39;26.37
3000.00;3300.00;2076.00;27.46;E0_1_4100m;5.00;173;173;10.50;27.52
3000.00;3300.00;1788.00;26.90;E0_0_4200m;5.00;149;149;9.23;27.09
3000.00;3300.00;2064.00;29.09;E0_1_4200m;5.00;172;172;9.85;29.20
3000.00;3300.00;1800.00;26.71;E0_0_4300m;5.00;150;150;9.36;26.96
3000.00;3300.00;2052.00;29.26;E0_1_4300m;5.00;171;171;9.74;29.39
3000.00;3300.00;1824.00;26.31;E0_0_4400m;5.00;152;153;9.65;26.62
3000.00;3300.00;2040.00;29.18;E0_1_4400m;5.00;170;170;9.71;29.30
3000.00;3300.00;1824.00;25.97;E0_0_4500m;5.00;152;151;9.75;26.28
3000.00;3300.00;2052.00;29.00;E0_1_4500m;5.00;171;171;9.83;29.12
3000.00;3300.00;1824.00;25.86;E0_0_4600m;5.00;152;152;9.78;26.14
3000.00;3300.00;2076.00;28.84;E0_1_4600m;5.00;173;173;10.00;28.95
3000.00;3300.00;1872.00;25.87;E0_0_4700m;5.00;156;155;10.04;26.09
3000.00;3300.00;2052.00;28.77;E0_1_4700m;5.00;171;171;9.91;28.88
3000.00;3300.00;1848.00;25.77;E0_0_4800m;5.00;154;154;9.96;25.96
3000.00;3300.00;2112.00;28.46;E0_1_4800m;5.00;176;176;10.31;28.58
3000.00;3300.00;1848.00;25.32;E0_0_4900m;5.00;154;154;10.14;25.57
3000.00;3300.00;2160.00;28.30;E0_1_4900m;5.00;180;180;10.60;28.41
3000.00;3300.00;1884.00;25.19;E0_0_5000m;5.00;157;157;10.39;25.46
3000.00;3300.00;2184.00;28.17;E0_1_5000m;5.00;182;182;10.77;28.28
3300.00;3600.00;0.00;-1.00;E0_0_0m;-1.00;0;0;0.00;-1.00
3300.00;3600.00;0.00;-1.00;E0_1_0m;-1.00;0;0;0.00;-1.00
3300.00;3600.00;1824.00;26.45;E0_0_100m;5.00;152;152;9.58;26.64
3300.00;3600.00;2028.00;27.53;E0_1_100m;5.00;169;169;10.23;27.67
3300.00;3600.00;1848.00;26.72;E0_0_200m;5.00;154;154;9.61;26.92
3300.00;3600.00;2028.00;28.32;E0_1_200m;5.00;169;169;9.95;28.50
3300.00;3600.00;1872.00;26.68;E0_0_300m;5.00;156;156;9.74;26.87
3300.00;3600.00;1980.00;28.40;E0_1_300m;5.00;165;165;9.68;28.61
3300.00;3600.00;1812.00;26.50;E0_0_400m;5.00;151;151;9.50;26.67
3300.00;3600.00;2004.00;28.21;E0_1_400m;5.00;167;167;9.87;28.43
3300.00;3600.00;1836.00;26.31;E0_0_500m;5.00;153;153;9.69;26.48
3300.00;3600.00;1992.00;28.11;E0_1_500m;5.00;166;166;9.84;28.31
3300.00;3600.00;1824.00;26.18;E0_0_600m;5.00;152;153;9.69;26.34
3300.00;3600.00;1992.00;27.92;E0_1_600m;5.00;166;166;9.91;28.12
3300.00;3600.00;1776.00;26.21;E0_0_700m;5.00;148;148;9.41;26.40
3300.00;3600.00;1980.00;27.82;E0_1_700m;5.00;165;166;9.93;28.01
3300.00;3600.00;1764.00;26.20;E0_0_800m;5.00;147;148;9.39;26.38
3300.00;3600.00;1968.00;27.86;E0_1_800m;5.00;164;164;9.81;28.05
3300.00;3600.00;1764.00;26.30;E0_0_900m;5.00;147;147;9.31;26.55
3300.00;3600.00;1980.00;27.80;E0_1_900m;5.00;165;166;9.95;27.98
3300.00;3600.00;1728.00;26.21;E0_0_1000m;5.00;144;144;9.16;26.40
3300.00;3600.00;1968.00;27.84;E0_1_1000m;5.00;164;164;9.82;28.01
3300.00;3600.00;1716.00;25.97;E0_0_1100m;5.00;143;143;9.18;26.17
3300.00;3600.00;1956.00;27.76;E0_1_1100m;5.00;163;163;9.79;27.93
3300.00;3600.00;1728.00;25.81;E0_0_1200m;5.00;144;144;9.30;26.01
3300.00;3600.00;1992.00;27.57;E0_1_1200m;5.00;166;165;9.99;27.73
3300.00;3600.00;1716.00;25.96;E0_0_1300m;5.00;143;143;9.16;26.11
3300.00;3600.00;2016.00;27.31;E0_1_1300m;5.00;168;168;10.25;27.47
3300.00;3600.00;1692.00;25.94;E0_0_1400m;5.00;141;141;9.06;26.08
3300.00;3600.00;2040.00;27.27;E0_1_1400m;5.00;170;170;10.39;27.40
3300.00;3600.00;1692.00;25.79;E0_0_1500m;5.00;141;141;9.11;25.92
3300.00;3600.00;2016.00;27.28;E0_1_1500m;5.00;168;169;10.28;27.40
3300.00;3600.00;1668.00;25.69;E0_0_1600m;5.00;139;139;9.02;25.86
3300.00;3600.00;2040.00;27.36;E0_1_1600m;5.00;170;172;10.42;27.47
3300.00;3600.00;1668.00;25.69;E0_0_1700m;5.00;139;139;9.02;25.84
3300.00;3600.00;2028.00;27.41;E0_1_1700m;5.00;169;170;10.28;27.52
3300.00;3600.00;1620.00;25.75;E0_0_1800m;5.00;135;135;8.74;25.88
3300.00;3600.00;2064.00;27.33;E0_1_1800m;5.00;172;172;10.49;27.42
3300.00;3600.00;1632.00;25.75;E0_0_1900m;5.00;136;136;8.80;25.90
3300.00;3600.00;2088.00;27.33;E0_1_1900m;5.00;174;174;10.61;27.43
3300.00;3600.00;1656.00;25.65;E0_0_2000m;5.00;138;139;8.98;25.80
3300.00;3600.00;2052.00;27.45;E0_1_2000m;5.00;171;173;10.45;27.57
3300.00;3600.00;1632.00;25.83;E0_0_2100m;5.00;136;135;8.75;25.97
3300.00;3600.00;2076.00;27.40;E0_1_2100m;5.00;173;173;10.53;27.51
3300.00;3600.00;1608.00;25.84;E0_0_2200m;5.00;134;134;8.64;25.96
3300.00;3600.00;2088.00;27.38;E0_1_2200m;5.00;174;175;10.60;27.48
3300.00;3600.00;1572.00;25.80;E0_0_2300m;5.00;131;130;8.45;25.93
3300.00;3600.00;2100.00;27.37;E0_1_2300m;5.00;175;175;10.69;27.46
3300.00;3600.00;1560.00;25.84;E0_0_2400m;5.00;130;130;8.39;25.96
3300.00;3600.00;2088.00;27.31;E0_1_2400m;5.00;174;174;10.62;27.40
3300.00;3600.00;1560.00;25.74;E0_0_2500m;5.00;130;130;8.42;25.84
3300.00;3600.00;2076.00;26.97;E0_1_2500m;5.00;173;173;10.69;27.07
3300.00;3600.00;1584.00;25.38;E0_0_2600m;5.00;132;132;8.67;25.52
3300.00;3600.00;2064.00;26.40;E0_1_2600m;5.00;172;172;10.86;26.57
3300.00;3600.00;1620.00;24.40;E0_0_2700m;5.00;135;135;9.22;24.61
3300.00;3600.00;2040.00;25.32;E0_1_2700m;5.00;170;171;11.23;25.67
3300.00;3600.00;1656.00;22.79;E0_0_2800m;5.00;138;138;10.09;23.10
3300.00;3600.00;2040.00;23.56;E0_1_2800m;5.00;170;170;12.03;24.03
3300.00;3600.00;1680.00;20.44;E0_0_2900m;5.00;140;140;11.42;20.70
3300.00;3600.00;2088.00;21.09;E0_1_2900m;5.00;174;174;13.75;21.43
3300.00;3600.00;1716.00;17.72;E0_0_3000m;5.00;143;142;13.42;17.80
3300.00;3600.00;2136.00;18.47;E0_1_3000m;5.00;178;178;16.06;18.62
3300.00;3600.00;1764.00;17.59;E0_0_3100m;5.00;147;148;14.00;17.64
3300.00;3600.00;2088.00;18.19;E0_1_3100m;5.00;174;173;15.91;18.26
3300.00;3600.00;1764.00;17.72;E0_0_3200m;5.00;147;147;13.83;17.73
3300.00;3600.00;2088.00;18.11;E0_1_3200m;5.00;174;175;16.05;18.18
3300.00;3600.00;1776.00;17.68;E0_0_3300m;5.00;148;148;13.95;17.69
3300.00;3600.00;2064.00;18.04;E0_1_3300m;5.00;172;172;15.89;18.06
3300.00;3600.00;1764.00;17.62;E0_0_3400m;5.00;147;147;13.91;17.63
3300.00;3600.00;2052.00;17.96;E0_1_3400m;5.00;171;172;15.88;17.97
3300.00;3600.00;1764.00;17.62;E0_0_3500m;5.00;147;148;13.93;17.64
3300.00;3600.00;2052.00;17.97;E0_1_3500m;5.00;171;170;15.78;17.98
3300.00;3600.00;1776.00;17.77;E0_0_3600m;5.00;148;147;13.87;17.77
3300.00;3600.00;2052.00;17.92;E0_1_3600m;5.00;171;171;15.90;17.92
3300.00;3600.00;1776.00;17.77;E0_0_3700m;5.00;148;148;13.88;17.78
3300.00;3600.00;2052.00;17.91;E0_1_3700m;5.00;171;170;15.89;17.92
3300.00;3600.00;1788.00;17.77;E0_0_3800m;5.00;149;149;13.98;17.77
3300.00;3600.00;2052.00;17.89;E0_1_3800m;5.00;171;171;15.93;17.89
3300.00;3600.00;1788.00;17.75;E0_0_3900m;5.00;149;149;13.99;17.76
3300.00;3600.00;2076.00;18.00;E0_1_3900m;5.00;173;173;16.02;18.01
3300.00;3600.00;1836.00;18.98;E0_0_4000m;5.00;153;152;13.40;19.06
3300.00;3600.00;2088.00;19.92;E0_1_4000m;5.00;174;174;14.56;20.13
3300.00;3600.00;1812.00;26.25;E0_0_4100m;5.00;151;151;9.59;26.37
3300.00;3600.00;2124.00;26.96;E0_1_4100m;5.00;177;177;10.94;27.04
3300.00;3600.00;1800.00;27.08;E0_0_4200m;5.00;150;150;9.23;27.26
3300.00;3600.00;2136.00;28.38;E0_1_4200m;5.00;178;178;10.45;28.53
3300.00;3600.00;1848.00;26.86;E0_0_4300m;5.00;154;154;9.56;27.03
3300.00;3600.00;2100.00;28.67;E0_1_4300m;5.00;175;175;10.17;28.80
3300.00;3600.00;1860.00;26.70;E0_0_4400m;5.00;155;154;9.66;26.89
3300.00;3600.00;2076.00;28.77;E0_1_4400m;5.00;173;174;10.03;28.92
3300.00;3600.00;1836.00;26.58;E0_0_4500m;5.00;153;153;9.59;26.77
3300.00;3600.00;2088.00;28.74;E0_1_4500m;5.00;174;174;10.09;28.88
3300.00;3600.00;1872.00;26.50;E0_0_4600m;5.00;156;155;9.77;26.69
3300.00;3600.00;2052.00;28.70;E0_1_4600m;5.00;171;171;9.93;28.85
3300.00;3600.00;1836.00;26.31;E0_0_4700m;5.00;153;153;9.69;26.49
3300.00;3600.00;2100.00;28.60;E0_1_4700m;5.00;175;175;10.20;28.74
3300.00;3600.00;1848.00;26.20;E0_0_4800m;5.00;154;154;9.80;26.38
3300.00;3600.00;2100.00;28.56;E0_1_4800m;5.00;175;175;10.21;28.70
3300.00;3600.00;1836.00;25.93;E0_0_4900m;5.00;153;154;9.84;26.11
3300.00;3600.00;2076.00;28.55;E0_1_4900m;5.00;173;174;10.10;28.70
3300.00;3600.00;1824.00;25.78;E0_0_5000m;5.00;152;152;9.83;25.96
3300.00;3600.00;2052.00;28.43;E0_1_5000m;5.00;171;171;10.02;28.59
3600.00;3900.00;0.00;-1.00;E0_0_0m;-1.00;0;0;0.00;-1.00
3600.00;3900.00;0.00;-1.00;E0_1_0m;-1.00;0;0;0.00;-1.00
3600.00;3900.00;1860.00;25.85;E0_0_100m;5.00;155;155;9.99;26.05
3600.00;3900.00;2172.00;27.10;E0_1_100m;5.00;181;181;11.13;27.29
3600.00;3900.00;1884.00;26.27;E0_0_200m;5.00;157;157;9.96;26.43
3600.00;3900.00;2136.00;27.64;E0_1_200m;5.00;178;179;10.77;27.87
3600.00;3900.00;1860.00;26.34;E0_0_300m;5.00;155;155;9.81;26.48
3600.00;3900.00;2184.00;27.69;E0_1_300m;5.00;182;182;10.95;27.88
3600.00;3900.00;1836.00;26.24;E0_0_400m;5.00;153;153;9.72;26.37
3600.00;3900.00;2196.00;27.65;E0_1_400m;5.00;183;183;11.03;27.82
3600.00;3900.00;1836.00;26.08;E0_0_500m;5.00;153;153;9.78;26.22
3600.00;3900.00;2184.00;27.57;E0_1_500m;5.00;182;182;11.00;27.72
3600.00;3900.00;1848.00;25.96;E0_0_600m;5.00;154;153;9.87;26.12
3600.00;3900.00;2196.00;27.57;E0_1_600m;5.00;183;183;11.06;27.70
3600.00;3900.00;1848.00;25.82;E0_0_700m;5.00;154;155;9.94;25.98
3600.00;3900.00;2232.00;27.41;E0_1_700m;5.00;186;186;11.31;27.55
3600.00;3900.00;1848.00;25.63;E0_0_800m;5.00;154;153;9.98;25.78
3600.00;3900.00;2280.00;27.39;E0_1_800m;5.00;190;190;11.56;27.49
3600.00;3900.00;1836.00;25.52;E0_0_900m;5.00;153;153;9.99;25.68
3600.00;3900.00;2316.00;27.34;E0_1_900m;5.00;193;193;11.77;27.43
3600.00;3900.00;1872.00;25.46;E0_0_1000m;5.00;156;156;10.21;25.61
3600.00;3900.00;2292.00;27.31;E0_1_1000m;5.00;191;191;11.65;27.41
3600.00;3900.00;1836.00;25.23;E0_0_1100m;5.00;153;153;10.11;25.39
3600.00;3900.00;2340.00;27.25;E0_1_1100m;5.00;195;195;11.93;27.34
3600.00;3900.00;1800.00;25.13;E0_0_1200m;5.00;150;150;9.95;25.28
3600.00;3900.00;2340.00;27.28;E0_1_1200m;5.00;195;195;11.91;27.37
3600.00;3900.00;1812.00;25.22;E0_0_1300m;5.00;151;150;9.94;25.35
3600.00;3900.00;2328.00;27.36;E0_1_1300m;5.00;194;194;11.82;27.47
3600.00;3900.00;1884.00;25.16;E0_0_1400m;5.00;157;157;10.40;25.30
3600.00;3900.00;2304.00;27.44;E0_1_1400m;5.00;192;193;11.66;27.56
3600.00;3900.00;1908.00;25.21;E0_0_1500m;5.00;159;159;10.51;25.32
3600.00;3900.00;2304.00;27.18;E0_1_1500m;5.00;192;191;11.75;27.29
3600.00;3900.00;1896.00;25.17;E0_0_1600m;5.00;158;158;10.46;25.27
3600.00;3900.00;2328.00;26.98;E0_1_1600m;5.00;194;193;11.97;27.09
3600.00;3900.00;1884.00;25.05;E0_0_1700m;5.00;157;157;10.44;25.16
3600.00;3900.00;2328.00;26.83;E0_1_1700m;5.00;194;193;12.05;26.95
3600.00;3900.00;1896.00;24.92;E0_0_1800m;5.00;158;158;10.57;25.03
3600.00;3900.00;2328.00;26.71;E0_1_1800m;5.00;194;194;12.11;26.83
3600.00;3900.00;1908.00;24.76;E0_0_1900m;5.00;159;159;10.70;24.88
3600.00;3900.00;2280.00;26.59;E0_1_1900m;5.00;190;190;11.91;26.69
3600.00;3900.00;1920.00;24.66;E0_0_2000m;5.00;160;159;10.80;24.78
3600.00;3900.00;2256.00;26.43;E0_1_2000m;5.00;188;188;11.85;26.52
3600.00;3900.00;1932.00;24.49;E0_0_2100m;5.00;161;161;10.96;24.61
3600.00;3900.00;2244.00;26.22;E0_1_2100m;5.00;187;187;11.89;26.29
3600.00;3900.00;1908.00;24.29;E0_0_2200m;5.00;159;159;10.91;24.40
3600.00;3900.00;2268.00;26.00;E0_1_2200m;5.00;189;188;12.11;26.05
3600.00;3900.00;1896.00;24.10;E0_0_2300m;5.00;158;158;10.93;24.21
3600.00;3900.00;2268.00;25.78;E0_1_2300m;5.00;189;188;12.16;25.83
3600.00;3900.00;1908.00;23.79;E0_0_2400m;5.00;159;159;11.14;23.91
3600.00;3900.00;2244.00;25.53;E0_1_2400m;5.00;187;188;12.24;25.61
3600.00;3900.00;1896.00;23.23;E0_0_2500m;5.00;158;158;11.34;23.40
3600.00;3900.00;2256.00;25.08;E0_1_2500m;5.00;188;188;12.49;25.23
3600.00;3900.00;1872.00;22.59;E0_0_2600m;5.00;156;157;11.57;22.84
3600.00;3900.00;2256.00;24.47;E0_1_2600m;5.00;188;188;12.80;24.73
3600.00;3900.00;1884.00;21.88;E0_0_2700m;5.00;157;157;11.96;22.13
3600.00;3900.00;2208.00;23.49;E0_1_2700m;5.00;184;184;13.10;23.87
3600.00;3900.00;1824.00;20.69;E0_0_2800m;5.00;152;153;12.26;20.96
3600.00;3900.00;2220.00;21.92;E0_1_2800m;5.00;185;185;14.06;22.32
3600.00;3900.00;1788.00;19.16;E0_0_2900m;5.00;149;149;12.96;19.37
3600.00;3900.00;2184.00;19.92;E0_1_2900m;5.00;182;182;15.22;20.18
3600.00;3900.00;1728.00;17.65;E0_0_3000m;5.00;144;144;13.60;17.70
3600.00;3900.00;2160.00;18.12;E0_1_3000m;5.00;180;180;16.55;18.20
3600.00;3900.00;1800.00;17.64;E0_0_3100m;5.00;150;149;14.10;17.66
3600.00;3900.00;2076.00;18.01;E0_1_3100m;5.00;173;173;16.01;18.03
3600.00;3900.00;1812.00;17.61;E0_0_3200m;5.00;151;152;14.37;17.63
3600.00;3900.00;2052.00;18.05;E0_1_3200m;5.00;171;171;15.81;18.08
3600.00;3900.00;1812.00;17.58;E0_0_3300m;5.00;151;151;14.32;17.59
3600.00;3900.00;2040.00;18.00;E0_1_3300m;5.00;170;171;15.83;18.02
3600.00;3900.00;1800.00;17.59;E0_0_3400m;5.00;150;150;14.21;17.61
3600.00;3900.00;2040.00;17.94;E0_1_3400m;5.00;170;169;15.78;17.94
3600.00;3900.00;1800.00;17.61;E0_0_3500m;5.00;150;149;14.17;17.62
3600.00;3900.00;2028.00;17.91;E0_1_3500m;5.00;169;170;15.77;17.91
3600.00;3900.00;1788.00;17.61;E0_0_3600m;5.00;149;149;14.10;17.63
3600.00;3900.00;2016.00;17.89;E0_1_3600m;5.00;168;168;15.65;17.89
3600.00;3900.00;1800.00;17.73;E0_0_3700m;5.00;150;150;14.10;17.73
3600.00;3900.00;2016.00;17.88;E0_1_3700m;5.00;168;169;15.67;17.88
3600.00;3900.00;1800.00;17.70;E0_0_3800m;5.00;150;150;14.13;17.70
3600.00;3900.00;2016.00;17.88;E0_1_3800m;5.00;168;168;15.66;17.88
3600.00;3900.00;1800.00;17.70;E0_0_3900m;5.00;150;151;14.18;17.71
3600.00;3900.00;1980.00;17.93;E0_1_3900m;5.00;165;165;15.34;17.93
3600.00;3900.00;1752.00;18.95;E0_0_4000m;5.00;146;147;12.90;19.05
3600.00;3900.00;1968.00;19.60;E0_1_4000m;5.00;164;164;13.94;19.78
3600.00;3900.00;1740.00;25.82;E0_0_4100m;5.00;145;145;9.36;25.95
3600.00;3900.00;1968.00;27.10;E0_1_4100m;5.00;164;164;10.09;27.19
3600.00;3900.00;1692.00;26.51;E0_0_4200m;5.00;141;141;8.87;26.69
3600.00;3900.00;2016.00;28.16;E0_1_4200m;5.00;168;168;9.94;28.37
3600.00;3900.00;1704.00;26.48;E0_0_4300m;5.00;142;142;8.94;26.65
3600.00;3900.00;2004.00;28.21;E0_1_4300m;5.00;167;167;9.87;28.42
3600.00;3900.00;1716.00;26.38;E0_0_4400m;5.00;143;143;9.04;26.53
3600.00;3900.00;2004.00;28.10;E0_1_4400m;5.00;167;166;9.90;28.30
3600.00;3900.00;1752.00;26.24;E0_0_4500m;5.00;146;146;9.27;26.40
3600.00;3900.00;1980.00;28.01;E0_1_4500m;5.00;165;165;9.82;28.19
3600.00;3900.00;1776.00;26.16;E0_0_4600m;5.00;148;148;9.43;26.29
3600.00;3900.00;1944.00;28.08;E0_1_4600m;5.00;162;162;9.62;28.24
3600.00;3900.00;1752.00;26.05;E0_0_4700m;5.00;146;146;9.34;26.18
3600.00;3900.00;1932.00;27.96;E0_1_4700m;5.00;161;161;9.60;28.12
3600.00;3900.00;1728.00;25.70;E0_0_4800m;5.00;144;144;9.34;25.83
3600.00;3900.00;1908.00;27.71;E0_1_4800m;5.00;159;160;9.56;27.89
3600.00;3900.00;1692.00;25.68;E0_0_4900m;5.00;141;140;9.14;25.79
3600.00;3900.00;1944.00;27.49;E0_1_4900m;5.00;162;161;9.82;27.68
3600.00;3900.00;1704.00;25.36;E0_0_5000m;5.00;142;142;9.33;25.48
3600.00;3900.00;1920.00;27.41;E0_1_5000m;5.00;160;160;9.73;27.61
3900.00;4200.00;0.00;-1.00;E0_0_0m;-1.00;0;0;0.00;-1.00
3900.00;4200.00;0.00;-1.00;E0_1_0m;-1.00;0;0;0.00;-1.00
3900.00;4200.00;1836.00;25.29;E0_0_100m;5.00;153;154;10.09;25.45
3900.00;4200.00;2196.00;26.54;E0_1_100m;5.00;183;183;11.49;26.71
3900.00;4200.00;1836.00;25.51;E0_0_200m;5.00;153;153;9.99;25.70
3900.00;4200.00;2172.00;27.04;E0_1_200m;5.00;181;180;11.12;27.28
3900.00;4200.00;1836.00;25.34;E0_0_300m;5.00;153;153;10.06;25.50
3900.00;4200.00;2136.00;27.00;E0_1_300m;5.00;178;178;10.99;27.26
3900.00;4200.00;1788.00;25.28;E0_0_400m;5.00;149;149;9.82;25.44
3900.00;4200.00;2184.00;26.81;E0_1_400m;5.00;182;182;11.31;27.05
3900.00;4200.00;1824.00;25.33;E0_0_500m;5.00;152;152;10.00;25.48
3900.00;4200.00;2184.00;26.58;E0_1_500m;5.00;182;183;11.45;26.80
3900.00;4200.00;1812.00;25.36;E0_0_600m;5.00;151;151;9.92;25.51
3900.00;4200.00;2208.00;26.42;E0_1_600m;5.00;184;184;11.61;26.61
3900.00;4200.00;1848.00;25.20;E0_0_700m;5.00;154;154;10.19;25.34
3900.00;4200.00;2172.00;26.16;E0_1_700m;5.00;181;181;11.53;26.33
3900.00;4200.00;1824.00;25.07;E0_0_800m;5.00;152;152;10.10;25.22
3900.00;4200.00;2160.00;26.02;E0_1_800m;5.00;180;180;11.53;26.19
3900.00;4200.00;1812.00;25.12;E0_0_900m;5.00;151;151;10.02;25.27
3900.00;4200.00;2148.00;25.99;E0_1_900m;5.00;179;179;11.48;26.18
3900.00;4200.00;1824.00;25.07;E0_0_1000m;5.00;152;152;10.10;25.22
3900.00;4200.00;2124.00;25.94;E0_1_1000m;5.00;177;177;11.37;26.12
3900.00;4200.00;1800.00;24.93;E0_0_1100m;5.00;150;150;10.03;25.07
3900.00;4200.00;2136.00;25.84;E0_1_1100m;5.00;178;178;11.48;26.03
3900.00;4200.00;1776.00;24.56;E0_0_1200m;5.00;148;148;10.04;24.69
3900.00;4200.00;2148.00;25.62;E0_1_1200m;5.00;179;179;11.64;25.81
3900.00;4200.00;1752.00;24.33;E0_0_1300m;5.00;146;146;10.00;24.47
3900.00;4200.00;2160.00;25.30;E0_1_1300m;5.00;180;180;11.86;25.48
3900.00;4200.00;1728.00;24.24;E0_0_1400m;5.00;144;145;9.94;24.37
3900.00;4200.00;2124.00;25.04;E0_1_1400m;5.00;177;177;11.78;25.23
3900.00;4200.00;1716.00;24.09;E0_0_1500m;5.00;143;143;9.89;24.24
3900.00;4200.00;2136.00;24.88;E0_1_1500m;5.00;178;178;11.92;25.07
3900.00;4200.00;1728.00;24.01;E0_0_1600m;5.00;144;144;9.99;24.18
3900.00;4200.00;2136.00;24.84;E0_1_1600m;5.00;178;178;11.94;25.04
3900.00;4200.00;1764.00;24.10;E0_0_1700m;5.00;147;147;10.17;24.23
3900.00;4200.00;2124.00;24.79;E0_1_1700m;5.00;177;178;11.95;24.99
3900.00;4200.00;1716.00;24.08;E0_0_1800m;5.00;143;143;9.90;24.20
3900.00;4200.00;2148.00;24.66;E0_1_1800m;5.00;179;179;12.10;24.85
3900.00;4200.00;1704.00;24.02;E0_0_1900m;5.00;142;142;9.85;24.14
3900.00;4200.00;2136.00;24.57;E0_1_1900m;5.00;178;178;12.07;24.74
3900.00;4200.00;1680.00;23.95;E0_0_2000m;5.00;140;140;9.74;24.07
3900.00;4200.00;2148.00;24.61;E0_1_2000m;5.00;179;178;12.09;24.78
3900.00;4200.00;1716.00;23.91;E0_0_2100m;5.00;143;143;9.97;24.02
3900.00;4200.00;2136.00;24.55;E0_1_2100m;5.00;178;178;12.09;24.71
3900.00;4200.00;1728.00;23.77;E0_0_2200m;5.00;144;145;10.16;23.89
3900.00;4200.00;2136.00;24.40;E0_1_2200m;5.00;178;178;12.16;24.53
3900.00;4200.00;1752.00;23.67;E0_0_2300m;5.00;146;146;10.28;23.80
3900.00;4200.00;2124.00;24.27;E0_1_2300m;5.00;177;177;12.16;24.37
3900.00;4200.00;1788.00;23.36;E0_0_2400m;5.00;149;150;10.70;23.54
3900.00;4200.00;2100.00;24.10;E0_1_2400m;5.00;175;175;12.10;24.20
3900.00;4200.00;1776.00;22.73;E0_0_2500m;5.00;148;149;10.91;22.95
3900.00;4200.00;2112.00;23.63;E0_1_2500m;5.00;176;176;12.41;23.75
3900.00;4200.00;1776.00;21.87;E0_0_2600m;5.00;148;147;11.21;22.15
3900.00;4200.00;2124.00;22.86;E0_1_2600m;5.00;177;177;12.90;23.02
3900.00;4200.00;1776.00;21.17;E0_0_2700m;5.00;148;149;11.74;21.49
3900.00;4200.00;2112.00;22.01;E0_1_2700m;5.00;176;175;13.24;22.26
3900.00;4200.00;1800.00;20.18;E0_0_2800m;5.00;150;149;12.37;20.53
3900.00;4200.00;2100.00;21.01;E0_1_2800m;5.00;175;175;13.88;21.27
3900.00;4200.00;1800.00;18.97;E0_0_2900m;5.00;150;150;13.18;19.21
3900.00;4200.00;2100.00;19.76;E0_1_2900m;5.00;175;175;14.76;19.96
3900.00;4200.00;1836.00;17.57;E0_0_3000m;5.00;153;153;14.52;17.66
3900.00;4200.00;2076.00;18.32;E0_1_3000m;5.00;173;174;15.81;18.38
3900.00;4200.00;1944.00;17.36;E0_0_3100m;5.00;162;162;15.55;17.38
3900.00;4200.00;1980.00;18.19;E0_1_3100m;5.00;165;165;15.12;18.24
3900.00;4200.00;1944.00;17.51;E0_0_3200m;5.00;162;161;15.33;17.52
3900.00;4200.00;1992.00;18.09;E0_1_3200m;5.00;166;166;15.32;18.14
3900.00;4200.00;1932.00;17.61;E0_0_3300m;5.00;161;161;15.24;17.62
3900.00;4200.00;2004.00;18.00;E0_1_3300m;5.00;167;166;15.37;18.03
3900.00;4200.00;1956.00;17.51;E0_0_3400m;5.00;163;163;15.52;17.52
3900.00;4200.00;2004.00;17.94;E0_1_3400m;5.00;167;167;15.51;17.95
3900.00;4200.00;1992.00;17.39;E0_0_3500m;5.00;166;166;15.91;17.41
3900.00;4200.00;2004.00;17.92;E0_1_3500m;5.00;167;167;15.52;17.92
3900.00;4200.00;1980.00;17.50;E0_0_3600m;5.00;165;166;15.73;17.51
3900.00;4200.00;2004.00;17.92;E0_1_3600m;5.00;167;168;15.61;17.93
3900.00;4200.00;1980.00;17.55;E0_0_3700m;5.00;165;166;15.67;17.56
3900.00;4200.00;2004.00;17.89;E0_1_3700m;5.00;167;166;15.54;17.89
3900.00;4200.00;1992.00;17.55;E0_0_3800m;5.00;166;167;15.82;17.56
3900.00;4200.00;2004.00;17.88;E0_1_3800m;5.00;167;168;15.64;17.88
3900.00;4200.00;2016.00;17.50;E0_0_3900m;5.00;168;167;15.95;17.51
3900.00;4200.00;2028.00;17.92;E0_1_3900m;5.00;169;169;15.72;17.93
3900.00;4200.00;2004.00;18.72;E0_0_4000m;5.00;167;166;14.80;18.80
3900.00;4200.00;2028.00;19.76;E0_1_4000m;5.00;169;169;14.26;19.95
3900.00;4200.00;1980.00;25.59;E0_0_4100m;5.00;165;165;10.74;25.70
3900.00;4200.00;2076.00;26.55;E0_1_4100m;5.00;173;173;10.86;26.65
3900.00;4200.00;1944.00;26.20;E0_0_4200m;5.00;162;162;10.31;26.36
3900.00;4200.00;2088.00;27.29;E0_1_4200m;5.00;174;174;10.63;27.46
3900.00;4200.00;1944.00;26.09;E0_0_4300m;5.00;162;162;10.35;26.22
3900.00;4200.00;2076.00;27.49;E0_1_4300m;5.00;173;173;10.49;27.67
3900.00;4200.00;1944.00;25.85;E0_0_4400m;5.00;162;162;10.45;25.98
3900.00;4200.00;2076.00;27.42;E0_1_4400m;5.00;173;173;10.51;27.61
3900.00;4200.00;1932.00;25.60;E0_0_4500m;5.00;161;162;10.49;25.72
3900.00;4200.00;2064.00;27.25;E0_1_4500m;5.00;172;172;10.52;27.45
3900.00;4200.00;1848.00;25.45;E0_0_4600m;5.00;154;155;10.08;25.59
3900.00;4200.00;2124.00;27.02;E0_1_4600m;5.00;177;177;10.92;27.26
3900.00;4200.00;1848.00;25.38;E0_0_4700m;5.00;154;155;10.16;25.52
3900.00;4200.00;2100.00;27.02;E0_1_4700m;5.00;175;175;10.79;27.23
3900.00;4200.00;1848.00;25.20;E0_0_4800m;5.00;154;155;10.19;25.35
3900.00;4200.00;2124.00;26.81;E0_1_4800m;5.00;177;177;11.00;27.05
3900.00;4200.00;1872.00;24.96;E0_0_4900m;5.00;156;156;10.42;25.12
3900.00;4200.00;2148.00;26.85;E0_1_4900m;5.00;179;179;11.11;27.06
3900.00;4200.00;1860.00;24.82;E0_0_5000m;5.00;155;155;10.41;24.95
3900.00;4200.00;2148.00;26.83;E0_1_5000m;5.00;179;179;11.12;27.06
4200.00;4500.00;0.00;-1.00;E0_0_0m;-1.00;0;0;0.00;-1.00
4200.00;4500.00;0.00;-1.00;E0_1_0m;-1.00;0;0;0.00;-1.00
4200.00;4500.00;1704.00;25.01;E0_0_100m;5.00;142;141;9.46;25.17
4200.00;4500.00;2232.00;25.88;E0_1_100m;5.00;186;186;11.98;26.03
4200.00;4500.00;1764.00;25.61;E0_0_200m;5.00;147;147;9.57;25.83
4200.00;4500.00;2196.00;27.32;E0_1_200m;5.00;183;183;11.17;27.59
4200.00;4500.00;1764.00;25.63;E0_0_300m;5.00;147;147;9.56;25.84
4200.00;4500.00;2208.00;27.39;E0_1_300m;5.00;184;185;11.22;27.67
4200.00;4500.00;1776.00;25.64;E0_0_400m;5.00;148;148;9.62;25.85
4200.00;4500.00;2220.00;27.25;E0_1_400m;5.00;185;185;11.31;27.52
4200.00;4500.00;1752.00;25.58;E0_0_500m;5.00;146;147;9.56;25.77
4200.00;4500.00;2220.00;27.13;E0_1_500m;5.00;185;184;11.33;27.37
4200.00;4500.00;1728.00;25.46;E0_0_600m;5.00;144;144;9.43;25.63
4200.00;4500.00;2244.00;26.96;E0_1_600m;5.00;187;187;11.56;27.16
4200.00;4500.00;1728.00;25.19;E0_0_700m;5.00;144;144;9.53;25.38
4200.00;4500.00;2280.00;26.81;E0_1_700m;5.00;190;191;11.82;26.98
4200.00;4500.00;1716.00;25.04;E0_0_800m;5.00;143;144;9.55;25.21
4200.00;4500.00;2316.00;26.53;E0_1_800m;5.00;193;193;12.13;26.67
4200.00;4500.00;1716.00;24.86;E0_0_900m;5.00;143;143;9.59;25.01
4200.00;4500.00;2328.00;26.28;E0_1_900m;5.00;194;194;12.30;26.41
4200.00;4500.00;1692.00;24.72;E0_0_1000m;5.00;141;141;9.51;24.86
4200.00;4500.00;2328.00;26.13;E0_1_1000m;5.00;194;195;12.40;26.25
4200.00;4500.00;1716.00;24.57;E0_0_1100m;5.00;143;143;9.70;24.69
4200.00;4500.00;2328.00;25.98;E0_1_1100m;5.00;194;194;12.45;26.08
4200.00;4500.00;1728.00;24.52;E0_0_1200m;5.00;144;144;9.79;24.64
4200.00;4500.00;2364.00;25.87;E0_1_1200m;5.00;197;197;12.69;25.96
4200.00;4500.00;1716.00;24.60;E0_0_1300m;5.00;143;143;9.69;24.72
4200.00;4500.00;2352.00;25.82;E0_1_1300m;5.00;196;196;12.65;25.90
4200.00;4500.00;1752.00;24.69;E0_0_1400m;5.00;146;145;9.82;24.82
4200.00;4500.00;2340.00;25.82;E0_1_1400m;5.00;195;195;12.59;25.89
4200.00;4500.00;1776.00;24.55;E0_0_1500m;5.00;148;148;10.05;24.68
4200.00;4500.00;2328.00;25.85;E0_1_1500m;5.00;194;194;12.51;25.92
4200.00;4500.00;1764.00;24.30;E0_0_1600m;5.00;147;148;10.15;24.42
4200.00;4500.00;2328.00;25.93;E0_1_1600m;5.00;194;194;12.47;26.03
4200.00;4500.00;1752.00;24.19;E0_0_1700m;5.00;146;146;10.06;24.31
4200.00;4500.00;2340.00;25.99;E0_1_1700m;5.00;195;194;12.45;26.07
4200.00;4500.00;1812.00;23.97;E0_0_1800m;5.00;151;151;10.50;24.09
4200.00;4500.00;2304.00;25.88;E0_1_1800m;5.00;192;192;12.37;25.95
4200.00;4500.00;1824.00;23.50;E0_0_1900m;5.00;152;152;10.78;23.66
4200.00;4500.00;2352.00;25.40;E0_1_1900m;5.00;196;196;12.86;25.51
4200.00;4500.00;1872.00;22.98;E0_0_2000m;5.00;156;156;11.32;23.23
4200.00;4500.00;2364.00;24.71;E0_1_2000m;5.00;197;197;13.29;24.91
4200.00;4500.00;1908.00;22.09;E0_0_2100m;5.00;159;159;12.00;22.50
4200.00;4500.00;2340.00;23.61;E0_1_2100m;5.00;195;195;13.76;23.96
4200.00;4500.00;1908.00;21.05;E0_0_2200m;5.00;159;158;12.52;21.59
4200.00;4500.00;2316.00;22.05;E0_1_2200m;5.00;193;194;14.62;22.58
4200.00;4500.00;1908.00;19.99;E0_0_2300m;5.00;159;159;13.26;20.53
4200.00;4500.00;2316.00;20.33;E0_1_2300m;5.00;193;193;15.82;20.97
4200.00;4500.00;1908.00;19.03;E0_0_2400m;5.00;159;158;13.86;19.43
4200.00;4500.00;2292.00;18.92;E0_1_2400m;5.00;191;191;16.82;19.55
4200.00;4500.00;1932.00;18.18;E0_0_2500m;5.00;161;161;14.76;18.48
4200.00;4500.00;2268.00;17.46;E0_1_2500m;5.00;189;189;18.04;18.03
4200.00;4500.00;1968.00;17.35;E0_0_2600m;5.00;164;164;15.75;17.55
4200.00;4500.00;2232.00;16.36;E0_1_2600m;5.00;186;186;18.95;16.84
4200.00;4500.00;1992.00;16.53;E0_0_2700m;5.00;166;165;16.65;16.61
4200.00;4500.00;2220.00;15.29;E0_1_2700m;5.00;185;185;20.17;15.58
4200.00;4500.00;2016.00;15.83;E0_0_2800m;5.00;168;168;17.68;15.91
4200.00;4500.00;2184.00;14.60;E0_1_2800m;5.00;182;182;20.77;14.83
4200.00;4500.00;2016.00;15.02;E0_0_2900m;5.00;168;168;18.64;15.12
4200.00;4500.00;2172.00;13.81;E0_1_2900m;5.00;181;181;21.84;13.85
4200.00;4500.00;2028.00;13.59;E0_0_3000m;5.00;169;169;20.73;13.61
4200.00;4500.00;2148.00;13.45;E0_1_3000m;5.00;179;179;22.18;13.46
4200.00;4500.00;2028.00;13.44;E0_0_3100m;5.00;169;169;20.95;13.44
4200.00;4500.00;2136.00;13.45;E0_1_3100m;5.00;178;178;22.06;13.45
4200.00;4500.00;2028.00;13.44;E0_0_3200m;5.00;169;169;20.96;13.45
4200.00;4500.00;2112.00;13.51;E0_1_3200m;5.00;176;175;21.62;13.55
4200.00;4500.00;2016.00;13.44;E0_0_3300m;5.00;168;168;20.83;13.45
4200.00;4500.00;2100.00;13.45;E0_1_3300m;5.00;175;175;21.69;13.46
4200.00;4500.00;1992.00;13.41;E0_0_3400m;5.00;166;166;20.63;13.41
4200.00;4500.00;2076.00;13.42;E0_1_3400m;5.00;173;173;21.48;13.42
4200.00;4500.00;1968.00;13.40;E0_0_3500m;5.00;164;164;20.39;13.40
4200.00;4500.00;2052.00;13.44;E0_1_3500m;5.00;171;170;21.18;13.44
4200.00;4500.00;1956.00;13.43;E0_0_3600m;5.00;163;162;20.21;13.43
4200.00;4500.00;2052.00;13.43;E0_1_3600m;5.00;171;170;21.15;13.43
4200.00;4500.00;1944.00;13.44;E0_0_3700m;5.00;162;161;20.09;13.44
4200.00;4500.00;2016.00;13.42;E0_1_3700m;5.00;168;168;20.86;13.42
4200.00;4500.00;1908.00;13.45;E0_0_3800m;5.00;159;158;19.65;13.46
4200.00;4500.00;2004.00;13.44;E0_1_3800m;5.00;167;166;20.64;13.45
4200.00;4500.00;1884.00;13.41;E0_0_3900m;5.00;157;157;19.51;13.41
4200.00;4500.00;1968.00;13.52;E0_1_3900m;5.00;164;164;20.22;13.57
4200.00;4500.00;1884.00;14.64;E0_0_4000m;5.00;157;158;17.91;14.75
4200.00;4500.00;1932.00;15.44;E0_1_4000m;5.00;161;161;17.38;15.81
4200.00;4500.00;1824.00;25.06;E0_0_4100m;5.00;152;152;10.11;25.14
4200.00;4500.00;1956.00;26.00;E0_1_4100m;5.00;163;163;10.45;26.07
4200.00;4500.00;1848.00;26.88;E0_0_4200m;5.00;154;154;9.55;27.05
4200.00;4500.00;1956.00;28.83;E0_1_4200m;5.00;163;163;9.42;29.02
4200.00;4500.00;1860.00;26.68;E0_0_4300m;5.00;155;155;9.68;26.83
4200.00;4500.00;1956.00;29.02;E0_1_4300m;5.00;163;163;9.36;29.19
4200.00;4500.00;1860.00;26.43;E0_0_4400m;5.00;155;155;9.77;26.56
4200.00;4500.00;1956.00;28.83;E0_1_4400m;5.00;163;164;9.45;28.99
4200.00;4500.00;1848.00;26.30;E0_0_4500m;5.00;154;153;9.75;26.41
4200.00;4500.00;1980.00;28.59;E0_1_4500m;5.00;165;165;9.62;28.76
4200.00;4500.00;1860.00;26.13;E0_0_4600m;5.00;155;155;9.89;26.27
4200.00;4500.00;1992.00;28.38;E0_1_4600m;5.00;166;166;9.75;28.54
4200.00;4500.00;1848.00;26.03;E0_0_4700m;5.00;154;153;9.82;26.17
4200.00;4500.00;2004.00;28.14;E0_1_4700m;5.00;167;167;9.89;28.30
4200.00;4500.00;1824.00;26.02;E0_0_4800m;5.00;152;152;9.74;26.15
4200.00;4500.00;2004.00;27.89;E0_1_4800m;5.00;167;167;9.98;28.04
4200.00;4500.00;1824.00;25.95;E0_0_4900m;5.00;152;152;9.76;26.08
4200.00;4500.00;2004.00;27.72;E0_1_4900m;5.00;167;167;10.04;27.88
4200.00;4500.00;1812.00;25.87;E0_0_5000m;5.00;151;152;9.77;25.99
4200.00;4500.00;2052.00;27.50;E0_1_5000m;5.00;171;171;10.36;27.67
4500.00;4800.00;0.00;-1.00;E0_0_0m;-1.00;0;0;0.00;-1.00
4500.00;4800.00;0.00;-1.00;E0_1_0m;-1.00;0;0;0.00;-1.00
4500.00;4800.00;1860.00;24.85;E0_0_100m;5.00;155;156;10.44;25.02
4500.00;4800.00;2268.00;25.90;E0_1_100m;5.00;189;189;12.16;26.07
4500.00;4800.00;1836.00;25.28;E0_0_200m;5.00;153;153;10.09;25.45
4500.00;4800.00;2292.00;26.73;E0_1_200m;5.00;191;191;11.91;26.97
4500.00;4800.00;1836.00;25.47;E0_0_300m;5.00;153;153;10.01;25.61
4500.00;4800.00;2328.00;26.70;E0_1_300m;5.00;194;193;12.08;26.93
4500.00;4800.00;1824.00;25.34;E0_0_400m;5.00;152;152;10.00;25.47
4500.00;4800.00;2328.00;26.60;E0_1_400m;5.00;194;194;12.16;26.81
4500.00;4800.00;1788.00;25.17;E0_0_500m;5.00;149;148;9.82;25.32
4500.00;4800.00;2352.00;26.50;E0_1_500m;5.00;196;196;12.33;26.70
4500.00;4800.00;1776.00;25.14;E0_0_600m;5.00;148;148;9.81;25.31
4500.00;4800.00;2340.00;26.49;E0_1_600m;5.00;195;195;12.27;26.68
4500.00;4800.00;1764.00;25.04;E0_0_700m;5.00;147;147;9.79;25.20
4500.00;4800.00;2292.00;26.46;E0_1_700m;5.00;191;191;12.03;26.64
4500.00;4800.00;1752.00;24.92;E0_0_800m;5.00;146;146;9.77;25.07
4500.00;4800.00;2280.00;26.25;E0_1_800m;5.00;190;190;12.06;26.43
4500.00;4800.00;1728.00;24.72;E0_0_900m;5.00;144;144;9.71;24.87
4500.00;4800.00;2280.00;26.13;E0_1_900m;5.00;190;190;12.12;26.32
4500.00;4800.00;1776.00;24.71;E0_0_1000m;5.00;148;148;9.98;24.87
4500.00;4800.00;2292.00;26.09;E0_1_1000m;5.00;191;190;12.18;26.30
4500.00;4800.00;1800.00;24.94;E0_0_1100m;5.00;150;150;10.03;25.08
4500.00;4800.00;2292.00;26.01;E0_1_1100m;5.00;191;191;12.24;26.22
4500.00;4800.00;1788.00;24.95;E0_0_1200m;5.00;149;149;9.95;25.09
4500.00;4800.00;2256.00;25.98;E0_1_1200m;5.00;188;188;12.06;26.17
4500.00;4800.00;1800.00;25.07;E0_0_1300m;5.00;150;150;9.97;25.19
4500.00;4800.00;2256.00;25.87;E0_1_1300m;5.00;188;188;12.11;26.03
4500.00;4800.00;1788.00;25.11;E0_0_1400m;5.00;149;149;9.89;25.21
4500.00;4800.00;2256.00;25.81;E0_1_1400m;5.00;188;188;12.14;25.93
4500.00;4800.00;1752.00;24.93;E0_0_1500m;5.00;146;146;9.76;25.00
4500.00;4800.00;2268.00;25.66;E0_1_1500m;5.00;189;189;12.28;25.77
4500.00;4800.00;1788.00;24.61;E0_0_1600m;5.00;149;149;10.09;24.70
4500.00;4800.00;2256.00;25.45;E0_1_1600m;5.00;188;188;12.31;25.57
4500.00;4800.00;1800.00;24.49;E0_0_1700m;5.00;150;150;10.21;24.57
4500.00;4800.00;2256.00;25.22;E0_1_1700m;5.00;188;188;12.42;25.34
4500.00;4800.00;1800.00;24.42;E0_0_1800m;5.00;150;150;10.24;24.49
4500.00;4800.00;2256.00;25.10;E0_1_1800m;5.00;188;188;12.49;25.23
4500.00;4800.00;1776.00;24.33;E0_0_1900m;5.00;148;148;10.14;24.41
4500.00;4800.00;2220.00;25.02;E0_1_1900m;5.00;185;185;12.33;25.15
4500.00;4800.00;1752.00;24.42;E0_0_2000m;5.00;146;146;9.96;24.49
4500.00;4800.00;2196.00;24.96;E0_1_2000m;5.00;183;183;12.22;25.07
4500.00;4800.00;1716.00;24.50;E0_0_2100m;5.00;143;143;9.73;24.57
4500.00;4800.00;2184.00;24.84;E0_1_2100m;5.00;182;182;12.21;24.94
4500.00;4800.00;1740.00;24.13;E0_0_2200m;5.00;145;145;10.02;24.26
4500.00;4800.00;2196.00;24.48;E0_1_2200m;5.00;183;182;12.42;24.65
4500.00;4800.00;1740.00;23.77;E0_0_2300m;5.00;145;145;10.17;23.93
4500.00;4800.00;2172.00;24.06;E0_1_2300m;5.00;181;182;12.56;24.28
4500.00;4800.00;1728.00;23.34;E0_0_2400m;5.00;144;145;10.35;23.51
4500.00;4800.00;2196.00;23.62;E0_1_2400m;5.00;183;183;12.91;23.84
4500.00;4800.00;1740.00;22.28;E0_0_2500m;5.00;145;145;10.85;22.51
4500.00;4800.00;2184.00;22.68;E0_1_2500m;5.00;182;183;13.46;22.92
4500.00;4800.00;1752.00;20.76;E0_0_2600m;5.00;146;146;11.72;21.15
4500.00;4800.00;2172.00;21.09;E0_1_2600m;5.00;181;181;14.31;21.48
4500.00;4800.00;1752.00;19.08;E0_0_2700m;5.00;146;146;12.75;19.52
4500.00;4800.00;2160.00;19.14;E0_1_2700m;5.00;180;180;15.67;19.65
4500.00;4800.00;1764.00;17.47;E0_0_2800m;5.00;147;147;14.02;17.71
4500.00;4800.00;2148.00;16.99;E0_1_2800m;5.00;179;179;17.56;17.39
4500.00;4800.00;1788.00;16.56;E0_0_2900m;5.00;149;149;14.99;16.61
4500.00;4800.00;2112.00;14.85;E0_1_2900m;5.00;176;176;19.75;15.02
4500.00;4800.00;1788.00;14.12;E0_0_3000m;5.00;149;150;17.67;14.18
4500.00;4800.00;2100.00;13.52;E0_1_3000m;5.00;175;175;21.57;13.53
4500.00;4800.00;1812.00;13.52;E0_0_3100m;5.00;151;152;18.72;13.54
4500.00;4800.00;2076.00;13.43;E0_1_3100m;5.00;173;173;21.47;13.43
4500.00;4800.00;1836.00;13.44;E0_0_3200m;5.00;153;153;18.98;13.44
4500.00;4800.00;2052.00;13.41;E0_1_3200m;5.00;171;171;21.25;13.41
4500.00;4800.00;1848.00;13.41;E0_0_3300m;5.00;154;154;19.13;13.41
4500.00;4800.00;2052.00;13.41;E0_1_3300m;5.00;171;171;21.26;13.41
4500.00;4800.00;1860.00;13.41;E0_0_3400m;5.00;155;155;19.26;13.41
4500.00;4800.00;2052.00;13.40;E0_1_3400m;5.00;171;171;21.26;13.40
4500.00;4800.00;1860.00;13.41;E0_0_3500m;5.00;155;155;19.26;13.41
4500.00;4800.00;2040.00;13.40;E0_1_3500m;5.00;170;171;21.17;13.40
4500.00;4800.00;1860.00;13.41;E0_0_3600m;5.00;155;156;19.28;13.41
4500.00;4800.00;2040.00;13.40;E0_1_3600m;5.00;170;170;21.14;13.40
4500.00;4800.00;1872.00;13.41;E0_0_3700m;5.00;156;156;19.39;13.41
4500.00;4800.00;2052.00;13.39;E0_1_3700m;5.00;171;171;21.28;13.39
4500.00;4800.00;1884.00;13.41;E0_0_3800m;5.00;157;157;19.52;13.41
4500.00;4800.00;2052.00;13.37;E0_1_3800m;5.00;171;171;21.31;13.37
4500.00;4800.00;1896.00;13.41;E0_0_3900m;5.00;158;158;19.64;13.41
4500.00;4800.00;2052.00;13.37;E0_1_3900m;5.00;171;171;21.31;13.37
4500.00;4800.00;1920.00;14.92;E0_0_4000m;5.00;160;159;17.85;15.07
4500.00;4800.00;2040.00;14.89;E0_1_4000m;5.00;170;171;19.10;15.07
4500.00;4800.00;1908.00;24.97;E0_0_4100m;5.00;159;159;10.61;25.09
4500.00;4800.00;2064.00;25.69;E0_1_4100m;5.00;172;174;11.25;25.72
4500.00;4800.00;1896.00;26.71;E0_0_4200m;5.00;158;160;9.91;26.92
4500.00;4800.00;2064.00;28.48;E0_1_4200m;5.00;172;172;10.06;28.67
4500.00;4800.00;1896.00;26.73;E0_0_4300m;5.00;158;159;9.90;26.94
4500.00;4800.00;2088.00;28.98;E0_1_4300m;5.00;174;174;10.01;29.15
4500.00;4800.00;1884.00;26.78;E0_0_4400m;5.00;157;157;9.77;26.96
4500.00;4800.00;2088.00;28.83;E0_1_4400m;5.00;174;173;10.03;28.96
4500.00;4800.00;1908.00;26.52;E0_0_4500m;5.00;159;159;9.99;26.68
4500.00;4800.00;2076.00;28.64;E0_1_4500m;5.00;173;173;10.07;28.74
4500.00;4800.00;1872.00;26.17;E0_0_4600m;5.00;156;156;9.93;26.36
4500.00;4800.00;2124.00;28.55;E0_1_4600m;5.00;177;177;10.33;28.64
4500.00;4800.00;1908.00;25.91;E0_0_4700m;5.00;159;159;10.23;26.11
4500.00;4800.00;2112.00;28.44;E0_1_4700m;5.00;176;176;10.31;28.53
4500.00;4800.00;1884.00;25.57;E0_0_4800m;5.00;157;157;10.23;25.80
4500.00;4800.00;2136.00;28.44;E0_1_4800m;5.00;178;178;10.43;28.52
4500.00;4800.00;1848.00;25.49;E0_0_4900m;5.00;154;154;10.07;25.75
4500.00;4800.00;2124.00;28.52;E0_1_4900m;5.00;177;177;10.35;28.60
4500.00;4800.00;1884.00;25.42;E0_0_5000m;5.00;157;156;10.25;25.70
4500.00;4800.00;2064.00;28.62;E0_1_5000m;5.00;172;172;10.02;28.70
4800.00;5100.00;0.00;-1.00;E0_0_0m;-1.00;0;0;0.00;-1.00
4800.00;5100.00;0.00;-1.00;E0_1_0m;-1.00;0;0;0.00;-1.00
4800.00;5100.00;1896.00;24.40;E0_0_100m;5.00;158;158;10.79;24.52
4800.00;5100.00;2316.00;25.11;E0_1_100m;5.00;193;193;12.81;25.24
4800.00;5100.00;1872.00;25.22;E0_0_200m;5.00;156;156;10.31;25.36
4800.00;5100.00;2316.00;26.20;E0_1_200m;5.00;193;194;12.30;26.40
4800.00;5100.00;1872.00;25.59;E0_0_300m;5.00;156;156;10.16;25.72
4800.00;5100.00;2268.00;26.55;E0_1_300m;5.00;189;189;11.86;26.78
4800.00;5100.00;1872.00;25.78;E0_0_400m;5.00;156;156;10.08;25.88
4800.00;5100.00;2256.00;26.63;E0_1_400m;5.00;188;188;11.77;26.83
4800.00;5100.00;1884.00;25.86;E0_0_500m;5.00;157;157;10.12;25.94
4800.00;5100.00;2244.00;26.63;E0_1_500m;5.00;187;187;11.70;26.79
4800.00;5100.00;1884.00;25.83;E0_0_600m;5.00;157;158;10.15;25.92
4800.00;5100.00;2244.00;26.70;E0_1_600m;5.00;187;188;11.71;26.84
4800.00;5100.00;1896.00;25.88;E0_0_700m;5.00;158;158;10.18;25.96
4800.00;5100.00;2244.00;26.97;E0_1_700m;5.00;187;187;11.55;27.11
4800.00;5100.00;1920.00;25.61;E0_0_800m;5.00;160;160;10.41;25.71
4800.00;5100.00;2232.00;27.07;E0_1_800m;5.00;186;186;11.45;27.22
4800.00;5100.00;1932.00;25.36;E0_0_900m;5.00;161;161;10.58;25.47
4800.00;5100.00;2220.00;26.92;E0_1_900m;5.00;185;185;11.45;27.06
4800.00;5100.00;1908.00;25.25;E0_0_1000m;5.00;159;159;10.49;25.38
4800.00;5100.00;2220.00;26.85;E0_1_1000m;5.00;185;185;11.49;26.98
4800.00;5100.00;1896.00;25.16;E0_0_1100m;5.00;158;158;10.46;25.29
4800.00;5100.00;2208.00;26.82;E0_1_1100m;5.00;184;184;11.43;26.96
4800.00;5100.00;1860.00;24.94;E0_0_1200m;5.00;155;155;10.36;25.06
4800.00;5100.00;2244.00;26.81;E0_1_1200m;5.00;187;187;11.63;26.95
4800.00;5100.00;1860.00;24.75;E0_0_1300m;5.00;155;155;10.44;24.88
4800.00;5100.00;2232.00;26.84;E0_1_1300m;5.00;186;186;11.55;26.97
4800.00;5100.00;1860.00;24.78;E0_0_1400m;5.00;155;156;10.44;24.94
4800.00;5100.00;2220.00;26.85;E0_1_1400m;5.00;185;185;11.48;26.97
4800.00;5100.00;1836.00;24.77;E0_0_1500m;5.00;153;154;10.35;24.93
4800.00;5100.00;2244.00;26.98;E0_1_1500m;5.00;187;187;11.55;27.08
4800.00;5100.00;1788.00;24.77;E0_0_1600m;5.00;149;149;10.03;24.94
4800.00;5100.00;2268.00;27.04;E0_1_1600m;5.00;189;189;11.65;27.15
4800.00;5100.00;1788.00;24.79;E0_0_1700m;5.00;149;149;10.02;24.94
4800.00;5100.00;2256.00;27.14;E0_1_1700m;5.00;188;188;11.54;27.24
4800.00;5100.00;1740.00;24.96;E0_0_1800m;5.00;145;145;9.68;25.08
4800.00;5100.00;2256.00;27.01;E0_1_1800m;5.00;188;189;11.66;27.11
4800.00;5100.00;1740.00;24.74;E0_0_1900m;5.00;145;145;9.77;24.86
4800.00;5100.00;2304.00;26.76;E0_1_1900m;5.00;192;192;11.96;26.85
4800.00;5100.00;1752.00;24.42;E0_0_2000m;5.00;146;146;9.96;24.57
4800.00;5100.00;2340.00;26.28;E0_1_2000m;5.00;195;195;12.37;26.40
4800.00;5100.00;1788.00;23.99;E0_0_2100m;5.00;149;149;10.35;24.20
4800.00;5100.00;2304.00;25.61;E0_1_2100m;5.00;192;192;12.50;25.76
4800.00;5100.00;1764.00;23.58;E0_0_2200m;5.00;147;147;10.39;23.81
4800.00;5100.00;2304.00;24.59;E0_1_2200m;5.00;192;192;13.01;24.83
4800.00;5100.00;1776.00;22.61;E0_0_2300m;5.00;148;148;10.91;22.89
4800.00;5100.00;2304.00;23.37;E0_1_2300m;5.00;192;191;13.67;23.67
4800.00;5100.00;1800.00;20.97;E0_0_2400m;5.00;150;149;11.85;21.39
4800.00;5100.00;2280.00;21.79;E0_1_2400m;5.00;190;190;14.53;22.16
4800.00;5100.00;1800.00;19.55;E0_0_2500m;5.00;150;150;12.79;19.93
4800.00;5100.00;2268.00;19.83;E0_1_2500m;5.00;189;189;15.81;20.29
4800.00;5100.00;1800.00;18.30;E0_0_2600m;5.00;150;150;13.66;18.59
4800.00;5100.00;2256.00;18.23;E0_1_2600m;5.00;188;188;17.19;18.71
4800.00;5100.00;1872.00;17.20;E0_0_2700m;5.00;156;156;15.11;17.34
4800.00;5100.00;2208.00;16.53;E0_1_2700m;5.00;184;184;18.55;16.89
4800.00;5100.00;1896.00;16.58;E0_0_2800m;5.00;158;158;15.88;16.60
4800.00;5100.00;2172.00;14.97;E0_1_2800m;5.00;181;181;20.14;15.11
4800.00;5100.00;1920.00;15.99;E0_0_2900m;5.00;160;160;16.67;16.03
4800.00;5100.00;2160.00;13.99;E0_1_2900m;5.00;180;180;21.45;14.01
4800.00;5100.00;1956.00;13.85;E0_0_3000m;5.00;163;162;19.53;13.91
4800.00;5100.00;2148.00;13.46;E0_1_3000m;5.00;179;180;22.23;13.47
4800.00;5100.00;1956.00;13.58;E0_0_3100m;5.00;163;162;19.89;13.60
4800.00;5100.00;2148.00;13.42;E0_1_3100m;5.00;179;179;22.23;13.42
4800.00;5100.00;1968.00;13.45;E0_0_3200m;5.00;164;164;20.32;13.45
4800.00;5100.00;2148.00;13.41;E0_1_3200m;5.00;179;179;22.25;13.41
4800.00;5100.00;1968.00;13.42;E0_0_3300m;5.00;164;164;20.37;13.42
4800.00;5100.00;2136.00;13.40;E0_1_3300m;5.00;178;178;22.14;13.40
4800.00;5100.00;1956.00;13.41;E0_0_3400m;5.00;163;163;20.26;13.41
4800.00;5100.00;2136.00;13.40;E0_1_3400m;5.00;178;178;22.14;13.40
4800.00;5100.00;1956.00;13.41;E0_0_3500m;5.00;163;163;20.26;13.41
4800.00;5100.00;2136.00;13.40;E0_1_3500m;5.00;178;177;22.11;13.40
4800.00;5100.00;1956.00;13.41;E0_0_3600m;5.00;163;162;20.24;13.41
4800.00;5100.00;2124.00;13.40;E0_1_3600m;5.00;177;178;22.11;13.40
4800.00;5100.00;1944.00;13.41;E0_0_3700m;5.00;162;162;20.13;13.41
4800.00;5100.00;2124.00;13.40;E0_1_3700m;5.00;177;177;22.01;13.40
4800.00;5100.00;1932.00;13.41;E0_0_3800m;5.00;161;162;20.10;13.41
4800.00;5100.00;2112.00;13.40;E0_1_3800m;5.00;176;177;21.98;13.40
4800.00;5100.00;1932.00;13.42;E0_0_3900m;5.00;161;161;20.00;13.42
4800.00;5100.00;2112.00;13.43;E0_1_3900m;5.00;176;176;21.84;13.44
4800.00;5100.00;1968.00;14.74;E0_0_4000m;5.00;164;164;18.55;14.87
4800.00;5100.00;2088.00;15.04;E0_1_4000m;5.00;174;174;19.28;15.26
4800.00;5100.00;1944.00;25.00;E0_0_4100m;5.00;162;162;10.80;25.08
4800.00;5100.00;2100.00;25.83;E0_1_4100m;5.00;175;174;11.26;25.86
4800.00;5100.00;2004.00;26.60;E0_0_4200m;5.00;167;166;10.43;26.84
4800.00;5100.00;2052.00;28.70;E0_1_4200m;5.00;171;172;9.94;28.86
4800.00;5100.00;2016.00;26.49;E0_0_4300m;5.00;168;168;10.57;26.69
4800.00;5100.00;2028.00;28.93;E0_1_4300m;5.00;169;169;9.73;29.12
4800.00;5100.00;2004.00;26.07;E0_0_4400m;5.00;167;167;10.68;26.26
4800.00;5100.00;2040.00;28.74;E0_1_4400m;5.00;170;170;9.86;28.92
4800.00;5100.00;1980.00;25.94;E0_0_4500m;5.00;165;166;10.66;26.12
4800.00;5100.00;2076.00;28.72;E0_1_4500m;5.00;173;173;10.04;28.90
4800.00;5100.00;1956.00;25.82;E0_0_4600m;5.00;163;163;10.52;25.99
4800.00;5100.00;2076.00;28.48;E0_1_4600m;5.00;173;173;10.12;28.65
4800.00;5100.00;1908.00;25.66;E0_0_4700m;5.00;159;159;10.33;25.84
4800.00;5100.00;2124.00;28.21;E0_1_4700m;5.00;177;177;10.46;28.39
4800.00;5100.00;1920.00;25.46;E0_0_4800m;5.00;160;160;10.47;25.64
4800.00;5100.00;2112.00;28.06;E0_1_4800m;5.00;176;176;10.45;28.25
4800.00;5100.00;1920.00;25.30;E0_0_4900m;5.00;160;160;10.54;25.49
4800.00;5100.00;2100.00;27.90;E0_1_4900m;5.00;175;176;10.51;28.10
4800.00;5100.00;1908.00;25.19;E0_0_5000m;5.00;159;159;10.52;25.36
4800.00;5100.00;2136.00;27.72;E0_1_5000m;5.00;178;178;10.70;27.93
5100.00;5400.00;0.00;-1.00;E0_0_0m;-1.00;0;0;0.00;-1.00
5100.00;5400.00;0.00;-1.00;E0_1_0m;-1.00;0;0;0.00;-1.00
5100.00;5400.00;1824.00;25.00;E0_0_100m;5.00;152;154;10.26;25.15
5100.00;5400.00;2136.00;26.19;E0_1_100m;5.00;178;178;11.33;26.43
5100.00;5400.00;1860.00;25.92;E0_0_200m;5.00;155;155;9.97;26.13
5100.00;5400.00;2124.00;27.48;E0_1_200m;5.00;177;178;10.74;27.77
5100.00;5400.00;1872.00;26.37;E0_0_300m;5.00;156;156;9.86;26.56
5100.00;5400.00;2136.00;28.02;E0_1_300m;5.00;178;178;10.59;28.26
5100.00;5400.00;1908.00;26.30;E0_0_400m;5.00;159;159;10.08;26.48
5100.00;5400.00;2148.00;28.57;E0_1_400m;5.00;179;179;10.44;28.73
5100.00;5400.00;1932.00;26.15;E0_0_500m;5.00;161;161;10.26;26.33
5100.00;5400.00;2160.00;28.60;E0_1_500m;5.00;180;181;10.51;28.74
5100.00;5400.00;1932.00;25.93;E0_0_600m;5.00;161;161;10.35;26.10
5100.00;5400.00;2172.00;28.47;E0_1_600m;5.00;181;180;10.56;28.59
5100.00;5400.00;1932.00;25.76;E0_0_700m;5.00;161;161;10.42;25.95
5100.00;5400.00;2148.00;28.39;E0_1_700m;5.00;179;179;10.51;28.52
5100.00;5400.00;1884.00;25.71;E0_0_800m;5.00;157;157;10.18;25.90
5100.00;5400.00;2208.00;28.32;E0_1_800m;5.00;184;184;10.83;28.45
5100.00;5400.00;1908.00;25.70;E0_0_900m;5.00;159;159;10.31;25.91
5100.00;5400.00;2184.00;28.45;E0_1_900m;5.00;182;183;10.68;28.56
5100.00;5400.00;1896.00;25.58;E0_0_1000m;5.00;158;158;10.30;25.77
5100.00;5400.00;2196.00;28.36;E0_1_1000m;5.00;183;183;10.76;28.48
5100.00;5400.00;1884.00;25.42;E0_0_1100m;5.00;157;157;10.29;25.61
5100.00;5400.00;2232.00;28.24;E0_1_1100m;5.00;186;186;10.98;28.35
5100.00;5400.00;1920.00;25.18;E0_0_1200m;5.00;160;160;10.59;25.38
5100.00;5400.00;2220.00;28.15;E0_1_1200m;5.00;185;187;11.01;28.26
5100.00;5400.00;1896.00;25.19;E0_0_1300m;5.00;158;158;10.46;25.38
5100.00;5400.00;2268.00;28.03;E0_1_1300m;5.00;189;189;11.24;28.14
5100.00;5400.00;1872.00;25.18;E0_0_1400m;5.00;156;155;10.31;25.37
5100.00;5400.00;2292.00;27.92;E0_1_1400m;5.00;191;191;11.40;28.02
5100.00;5400.00;1872.00;25.10;E0_0_1500m;5.00;156;155;10.31;25.29
5100.00;5400.00;2292.00;27.80;E0_1_1500m;5.00;191;191;11.45;27.91
5100.00;5400.00;1836.00;25.00;E0_0_1600m;5.00;153;154;10.23;25.19
5100.00;5400.00;2316.00;27.65;E0_1_1600m;5.00;193;193;11.63;27.76
5100.00;5400.00;1860.00;24.84;E0_0_1700m;5.00;155;155;10.40;25.02
5100.00;5400.00;2292.00;27.39;E0_1_1700m;5.00;191;191;11.62;27.52
5100.00;5400.00;1896.00;24.50;E0_0_1800m;5.00;158;158;10.75;24.69
5100.00;5400.00;2316.00;26.73;E0_1_1800m;5.00;193;193;11.99;26.86
5100.00;5400.00;1884.00;24.07;E0_0_1900m;5.00;157;158;10.91;24.31
5100.00;5400.00;2304.00;25.94;E0_1_1900m;5.00;192;192;12.34;26.16
5100.00;5400.00;1848.00;23.47;E0_0_2000m;5.00;154;155;10.98;23.76
5100.00;5400.00;2292.00;25.08;E0_1_2000m;5.00;191;191;12.69;25.42
5100.00;5400.00;1884.00;22.55;E0_0_2100m;5.00;157;158;11.63;22.98
5100.00;5400.00;2256.00;23.74;E0_1_2100m;5.00;188;188;13.20;24.23
5100.00;5400.00;1896.00;21.42;E0_0_2200m;5.00;158;159;12.35;21.94
5100.00;5400.00;2256.00;22.18;E0_1_2200m;5.00;188;188;14.12;22.81
5100.00;5400.00;1896.00;20.02;E0_0_2300m;5.00;158;158;13.16;20.46
5100.00;5400.00;2256.00;20.36;E0_1_2300m;5.00;188;188;15.39;21.05
5100.00;5400.00;1860.00;18.59;E0_0_2400m;5.00;155;156;13.95;18.91
5100.00;5400.00;2280.00;18.47;E0_1_2400m;5.00;190;190;17.15;19.10
5100.00;5400.00;1896.00;17.57;E0_0_2500m;5.00;158;158;14.99;17.77
5100.00;5400.00;2244.00;16.74;E0_1_2500m;5.00;187;187;18.71;17.15
5100.00;5400.00;1908.00;16.73;E0_0_2600m;5.00;159;159;15.84;16.74
5100.00;5400.00;2220.00;15.45;E0_1_2600m;5.00;185;186;19.98;15.65
5100.00;5400.00;1884.00;16.56;E0_0_2700m;5.00;157;158;15.81;16.57
5100.00;5400.00;2232.00;14.73;E0_1_2700m;5.00;186;186;21.05;14.83
5100.00;5400.00;1920.00;16.42;E0_0_2800m;5.00;160;160;16.24;16.43
5100.00;5400.00;2208.00;14.26;E0_1_2800m;5.00;184;184;21.50;14.33
5100.00;5400.00;1944.00;15.76;E0_0_2900m;5.00;162;162;17.13;15.82
5100.00;5400.00;2160.00;13.83;E0_1_2900m;5.00;180;181;21.72;13.86
5100.00;5400.00;1920.00;13.75;E0_0_3000m;5.00;160;161;19.48;13.79
5100.00;5400.00;2160.00;13.43;E0_1_3000m;5.00;180;179;22.27;13.43
5100.00;5400.00;1944.00;13.48;E0_0_3100m;5.00;162;162;20.03;13.49
5100.00;5400.00;2136.00;13.41;E0_1_3100m;5.00;178;179;22.13;13.41
5100.00;5400.00;1956.00;13.43;E0_0_3200m;5.00;163;163;20.23;13.43
5100.00;5400.00;2124.00;13.40;E0_1_3200m;5.00;177;177;22.01;13.40
5100.00;5400.00;1968.00;13.40;E0_0_3300m;5.00;164;164;20.40;13.40
5100.00;5400.00;2124.00;13.42;E0_1_3300m;5.00;177;177;21.98;13.43
5100.00;5400.00;1980.00;13.41;E0_0_3400m;5.00;165;165;20.51;13.41
5100.00;5400.00;2112.00;13.41;E0_1_3400m;5.00;176;177;21.97;13.41
5100.00;5400.00;1980.00;13.41;E0_0_3500m;5.00;165;165;20.51;13.41
5100.00;5400.00;2124.00;13.40;E0_1_3500m;5.00;177;177;22.01;13.40
5100.00;5400.00;1980.00;13.41;E0_0_3600m;5.00;165;165;20.51;13.41
5100.00;5400.00;2124.00;13.40;E0_1_3600m;5.00;177;177;22.02;13.40
5100.00;5400.00;1980.00;13.41;E0_0_3700m;5.00;165;165;20.51;13.41
5100.00;5400.00;2124.00;13.39;E0_1_3700m;5.00;177;177;22.03;13.39
5100.00;5400.00;1992.00;13.41;E0_0_3800m;5.00;166;165;20.54;13.41
5100.00;5400.00;2136.00;13.39;E0_1_3800m;5.00;178;177;22.06;13.39
5100.00;5400.00;2004.00;13.41;E0_0_3900m;5.00;167;167;20.76;13.41
5100.00;5400.00;2124.00;13.40;E0_1_3900m;5.00;177;177;22.02;13.40
5100.00;5400.00;2004.00;14.52;E0_0_4000m;5.00;167;168;19.19;14.61
5100.00;5400.00;2100.00;14.91;E0_1_4000m;5.00;175;176;19.64;15.11
5100.00;5400.00;1992.00;25.22;E0_0_4100m;5.00;166;166;10.97;25.27
5100.00;5400.00;2124.00;25.81;E0_1_4100m;5.00;177;177;11.43;25.84
5100.00;5400.00;1968.00;27.02;E0_0_4200m;5.00;164;164;10.12;27.14
5100.00;5400.00;2148.00;28.72;E0_1_4200m;5.00;179;180;10.43;28.87
5100.00;5400.00;1980.00;26.83;E0_0_4300m;5.00;165;165;10.25;26.93
5100.00;5400.00;2148.00;28.92;E0_1_4300m;5.00;179;179;10.31;29.07
5100.00;5400.00;2004.00;26.57;E0_0_4400m;5.00;167;167;10.48;26.66
5100.00;5400.00;2136.00;28.72;E0_1_4400m;5.00;178;178;10.33;28.83
5100.00;5400.00;2016.00;26.30;E0_0_4500m;5.00;168;168;10.65;26.38
5100.00;5400.00;2100.00;28.54;E0_1_4500m;5.00;175;175;10.22;28.64
5100.00;5400.00;1992.00;26.09;E0_0_4600m;5.00;166;166;10.60;26.17
5100.00;5400.00;2136.00;28.40;E0_1_4600m;5.00;178;178;10.45;28.51
5100.00;5400.00;1968.00;25.94;E0_0_4700m;5.00;164;164;10.54;26.02
5100.00;5400.00;2160.00;28.31;E0_1_4700m;5.00;180;180;10.60;28.41
5100.00;5400.00;1980.00;25.80;E0_0_4800m;5.00;165;165;10.66;25.88
5100.00;5400.00;2184.00;28.17;E0_1_4800m;5.00;182;182;10.77;28.27
5100.00;5400.00;1980.00;25.79;E0_0_4900m;5.00;165;165;10.66;25.86
5100.00;5400.00;2208.00;27.95;E0_1_4900m;5.00;184;183;10.92;28.04
5100.00;5400.00;1932.00;25.82;E0_0_5000m;5.00;161;161;10.39;25.88
5100.00;5400.00;2244.00;27.79;E0_1_5000m;5.00;187;187;11.21;27.89
5400.00;5700.00;0.00;-1.00;E0_0_0m;-1.00;0;0;0.00;-1.00
5400.00;5700.00;0.00;-1.00;E0_1_0m;-1.00;0;0;0.00;-1.00
5400.00;5700.00;2016.00;24.69;E0_0_100m;5.00;168;167;11.29;24.90
5400.00;5700.00;2376.00;25.42;E0_1_100m;5.00;198;198;12.98;25.60
5400.00;5700.00;1980.00;25.60;E0_0_200m;5.00;165;165;10.74;25.83
5400.00;5700.00;2388.00;26.45;E0_1_200m;5.00;199;200;12.58;26.68
5400.00;5700.00;1980.00;26.00;E0_0_300m;5.00;165;165;10.58;26.17
5400.00;5700.00;2388.00;26.64;E0_1_300m;5.00;199;199;12.45;26.84
5400.00;5700.00;1968.00;26.15;E0_0_400m;5.00;164;164;10.45;26.30
5400.00;5700.00;2364.00;26.62;E0_1_400m;5.00;197;198;12.38;26.80
5400.00;5700.00;1968.00;26.10;E0_0_500m;5.00;164;164;10.47;26.24
5400.00;5700.00;2352.00;26.56;E0_1_500m;5.00;196;195;12.27;26.72
5400.00;5700.00;1992.00;25.96;E0_0_600m;5.00;166;166;10.66;26.07
5400.00;5700.00;2328.00;26.44;E0_1_600m;5.00;194;195;12.26;26.58
5400.00;5700.00;2016.00;25.82;E0_0_700m;5.00;168;168;10.84;25.92
5400.00;5700.00;2340.00;26.26;E0_1_700m;5.00;195;196;12.41;26.39
5400.00;5700.00;1968.00;25.66;E0_0_800m;5.00;164;164;10.65;25.76
5400.00;5700.00;2364.00;26.18;E0_1_800m;5.00;197;197;12.54;26.29
5400.00;5700.00;1956.00;25.56;E0_0_900m;5.00;163;163;10.63;25.66
5400.00;5700.00;2364.00;26.10;E0_1_900m;5.00;197;197;12.59;26.21
5400.00;5700.00;1944.00;25.56;E0_0_1000m;5.00;162;162;10.56;25.66
5400.00;5700.00;2352.00;26.09;E0_1_1000m;5.00;196;196;12.52;26.20
5400.00;5700.00;1932.00;25.46;E0_0_1100m;5.00;161;161;10.54;25.56
5400.00;5700.00;2316.00;26.10;E0_1_1100m;5.00;193;193;12.32;26.22
5400.00;5700.00;1932.00;25.44;E0_0_1200m;5.00;161;161;10.55;25.51
5400.00;5700.00;2304.00;26.01;E0_1_1200m;5.00;192;191;12.26;26.11
5400.00;5700.00;1920.00;25.43;E0_0_1300m;5.00;160;160;10.49;25.49
5400.00;5700.00;2304.00;25.98;E0_1_1300m;5.00;192;192;12.32;26.07
5400.00;5700.00;1932.00;25.47;E0_0_1400m;5.00;161;161;10.53;25.54
5400.00;5700.00;2304.00;25.99;E0_1_1400m;5.00;192;193;12.32;26.06
5400.00;5700.00;1932.00;25.49;E0_0_1500m;5.00;161;161;10.53;25.55
5400.00;5700.00;2316.00;26.03;E0_1_1500m;5.00;193;194;12.38;26.10
5400.00;5700.00;1944.00;25.34;E0_0_1600m;5.00;162;161;10.63;25.39
5400.00;5700.00;2304.00;26.01;E0_1_1600m;5.00;192;192;12.30;26.07
5400.00;5700.00;1932.00;25.29;E0_0_1700m;5.00;161;161;10.61;25.34
5400.00;5700.00;2292.00;25.88;E0_1_1700m;5.00;191;192;12.31;25.94
5400.00;5700.00;1884.00;25.11;E0_0_1800m;5.00;157;157;10.42;25.15
5400.00;5700.00;2292.00;25.71;E0_1_1800m;5.00;191;192;12.41;25.77
5400.00;5700.00;1836.00;24.64;E0_0_1900m;5.00;153;152;10.31;24.69
5400.00;5700.00;2304.00;25.44;E0_1_1900m;5.00;192;193;12.63;25.51
5400.00;5700.00;1836.00;23.79;E0_0_2000m;5.00;153;152;10.67;23.90
5400.00;5700.00;2292.00;24.81;E0_1_2000m;5.00;191;192;12.87;24.93
5400.00;5700.00;1872.00;22.69;E0_0_2100m;5.00;156;155;11.44;22.88
5400.00;5700.00;2256.00;23.62;E0_1_2100m;5.00;188;188;13.26;23.82
5400.00;5700.00;1860.00;21.35;E0_0_2200m;5.00;155;154;12.05;21.61
5400.00;5700.00;2256.00;21.99;E0_1_2200m;5.00;188;188;14.25;22.24
5400.00;5700.00;1860.00;19.70;E0_0_2300m;5.00;155;155;13.12;19.97
5400.00;5700.00;2244.00;20.17;E0_1_2300m;5.00;187;187;15.45;20.45
5400.00;5700.00;1848.00;18.02;E0_0_2400m;5.00;154;154;14.28;18.23
5400.00;5700.00;2244.00;18.33;E0_1_2400m;5.00;187;187;17.00;18.59
5400.00;5700.00;1884.00;17.15;E0_0_2500m;5.00;157;157;15.26;17.40
5400.00;5700.00;2208.00;16.71;E0_1_2500m;5.00;184;185;18.45;16.96
5400.00;5700.00;1908.00;16.71;E0_0_2600m;5.00;159;159;15.86;16.74
5400.00;5700.00;2196.00;15.33;E0_1_2600m;5.00;183;182;19.87;15.47
5400.00;5700.00;1908.00;16.34;E0_0_2700m;5.00;159;159;16.28;16.35
5400.00;5700.00;2184.00;14.53;E0_1_2700m;5.00;182;182;20.88;14.59
5400.00;5700.00;1932.00;15.93;E0_0_2800m;5.00;161;161;16.85;15.97
5400.00;5700.00;2160.00;14.00;E0_1_2800m;5.00;180;181;21.47;14.02
5400.00;5700.00;1932.00;15.03;E0_0_2900m;5.00;161;161;17.85;15.12
5400.00;5700.00;2172.00;13.77;E0_1_2900m;5.00;181;180;21.89;13.80
5400.00;5700.00;1992.00;13.67;E0_0_3000m;5.00;166;165;20.15;13.71
5400.00;5700.00;2124.00;13.49;E0_1_3000m;5.00;177;178;21.94;13.50
5400.00;5700.00;1992.00;13.48;E0_0_3100m;5.00;166;166;20.52;13.49
5400.00;5700.00;2124.00;13.42;E0_1_3100m;5.00;177;176;21.98;13.42
5400.00;5700.00;1980.00;13.43;E0_0_3200m;5.00;165;165;20.48;13.43
5400.00;5700.00;2112.00;13.40;E0_1_3200m;5.00;176;177;21.94;13.40
5400.00;5700.00;1992.00;13.38;E0_0_3300m;5.00;166;166;20.67;13.39
5400.00;5700.00;2100.00;13.40;E0_1_3300m;5.00;175;175;21.77;13.40
5400.00;5700.00;1992.00;13.41;E0_0_3400m;5.00;166;166;20.64;13.41
5400.00;5700.00;2100.00;13.40;E0_1_3400m;5.00;175;175;21.75;13.40
5400.00;5700.00;1992.00;13.41;E0_0_3500m;5.00;166;166;20.63;13.41
5400.00;5700.00;2100.00;13.40;E0_1_3500m;5.00;175;175;21.77;13.40
5400.00;5700.00;2016.00;13.41;E0_0_3600m;5.00;168;168;20.88;13.41
5400.00;5700.00;2100.00;13.40;E0_1_3600m;5.00;175;175;21.76;13.40
5400.00;5700.00;2016.00;13.41;E0_0_3700m;5.00;168;168;20.88;13.41
5400.00;5700.00;2100.00;13.40;E0_1_3700m;5.00;175;175;21.76;13.40
5400.00;5700.00;2016.00;13.41;E0_0_3800m;5.00;168;168;20.88;13.41
5400.00;5700.00;2088.00;13.40;E0_1_3800m;5.00;174;175;21.73;13.40
5400.00;5700.00;2004.00;13.41;E0_0_3900m;5.00;167;167;20.76;13.41
5400.00;5700.00;2100.00;13.43;E0_1_3900m;5.00;175;175;21.71;13.44
5400.00;5700.00;2016.00;14.95;E0_0_4000m;5.00;168;167;18.72;15.08
5400.00;5700.00;2112.00;15.28;E0_1_4000m;5.00;176;176;19.20;15.53
5400.00;5700.00;1968.00;25.03;E0_0_4100m;5.00;164;164;10.92;25.11
5400.00;5700.00;2148.00;25.78;E0_1_4100m;5.00;179;179;11.57;25.83
5400.00;5700.00;1980.00;26.88;E0_0_4200m;5.00;165;166;10.25;27.06
5400.00;5700.00;2136.00;28.48;E0_1_4200m;5.00;178;177;10.37;28.68
5400.00;5700.00;1980.00;26.50;E0_0_4300m;5.00;165;165;10.38;26.68
5400.00;5700.00;2112.00;28.53;E0_1_4300m;5.00;176;176;10.28;28.74
5400.00;5700.00;1980.00;26.19;E0_0_4400m;5.00;165;166;10.54;26.37
5400.00;5700.00;2100.00;28.11;E0_1_4400m;5.00;175;175;10.37;28.33
5400.00;5700.00;1980.00;25.94;E0_0_4500m;5.00;165;165;10.60;26.11
5400.00;5700.00;2112.00;27.87;E0_1_4500m;5.00;176;176;10.53;28.09
5400.00;5700.00;1968.00;25.70;E0_0_4600m;5.00;164;165;10.65;25.87
5400.00;5700.00;2136.00;27.77;E0_1_4600m;5.00;178;178;10.68;28.00
5400.00;5700.00;1980.00;25.42;E0_0_4700m;5.00;165;165;10.82;25.60
5400.00;5700.00;2124.00;27.74;E0_1_4700m;5.00;177;178;10.68;28.00
5400.00;5700.00;1956.00;25.22;E0_0_4800m;5.00;163;163;10.77;25.38
5400.00;5700.00;2100.00;27.67;E0_1_4800m;5.00;175;176;10.56;27.96
5400.00;5700.00;1944.00;25.19;E0_0_4900m;5.00;162;162;10.72;25.34
5400.00;5700.00;2112.00;27.63;E0_1_4900m;5.00;176;176;10.62;27.93
5400.00;5700.00;1932.00;25.26;E0_0_5000m;5.00;161;162;10.63;25.41
5400.00;5700.00;2112.00;27.51;E0_1_5000m;5.00;176;176;10.66;27.82
5700.00;6000.00;0.00;-1.00;E0_0_0m;-1.00;0;0;0.00;-1.00
5700.00;6000.00;0.00;-1.00;E0_1_0m;-1.00;0;0;0.00;-1.00
5700.00;6000.00;2124.00;24.82;E0_0_100m;5.00;177;177;11.88;24.97
5700.00;6000.00;2184.00;25.82;E0_1_100m;5.00;182;182;11.75;25.91
5700.00;6000.00;2112.00;25.70;E0_0_200m;5.00;176;176;11.41;25.87
5700.00;6000.00;2232.00;27.40;E0_1_200m;5.00;186;186;11.31;27.58
5700.00;6000.00;2088.00;25.83;E0_0_300m;5.00;174;174;11.23;25.99
5700.00;6000.00;2256.00;27.68;E0_1_300m;5.00;188;189;11.35;27.81
5700.00;6000.00;2064.00;25.81;E0_0_400m;5.00;172;172;11.11;25.95
5700.00;6000.00;2292.00;27.71;E0_1_400m;5.00;191;190;11.44;27.81
5700.00;6000.00;2052.00;25.80;E0_0_500m;5.00;171;171;11.05;25.93
5700.00;6000.00;2304.00;27.66;E0_1_500m;5.00;192;192;11.57;27.75
5700.00;6000.00;2040.00;25.71;E0_0_600m;5.00;170;170;11.02;25.85
5700.00;6000.00;2316.00;27.61;E0_1_600m;5.00;193;192;11.62;27.69
5700.00;6000.00;2004.00;25.71;E0_0_700m;5.00;167;167;10.83;25.87
5700.00;6000.00;2328.00;27.57;E0_1_700m;5.00;194;193;11.69;27.65
5700.00;6000.00;2028.00;25.58;E0_0_800m;5.00;169;169;11.01;25.73
5700.00;6000.00;2304.00;27.53;E0_1_800m;5.00;192;192;11.62;27.61
5700.00;6000.00;2028.00;25.43;E0_0_900m;5.00;169;170;11.10;25.58
5700.00;6000.00;2328.00;27.43;E0_1_900m;5.00;194;193;11.76;27.50
5700.00;6000.00;2052.00;25.36;E0_0_1000m;5.00;171;171;11.24;25.50
5700.00;6000.00;2304.00;27.39;E0_1_1000m;5.00;192;192;11.68;27.47
5700.00;6000.00;2040.00;25.20;E0_0_1100m;5.00;170;170;11.25;25.34
5700.00;6000.00;2316.00;27.20;E0_1_1100m;5.00;193;193;11.83;27.28
5700.00;6000.00;2040.00;25.02;E0_0_1200m;5.00;170;170;11.33;25.16
5700.00;6000.00;2316.00;26.80;E0_1_1200m;5.00;193;193;12.00;26.89
5700.00;6000.00;2040.00;24.55;E0_0_1300m;5.00;170;170;11.54;24.71
5700.00;6000.00;2328.00;26.09;E0_1_1300m;5.00;194;194;12.39;26.17
5700.00;6000.00;2016.00;23.38;E0_0_1400m;5.00;168;168;11.98;23.55
5700.00;6000.00;2340.00;24.88;E0_1_1400m;5.00;195;194;13.05;24.98
5700.00;6000.00;1992.00;22.16;E0_0_1500m;5.00;166;166;12.48;22.39
5700.00;6000.00;2340.00;23.37;E0_1_1500m;5.00;195;194;13.88;23.54
5700.00;6000.00;1980.00;20.84;E0_0_1600m;5.00;165;165;13.20;21.15
5700.00;6000.00;2352.00;21.85;E0_1_1600m;5.00;196;196;14.95;22.12
5700.00;6000.00;1968.00;19.66;E0_0_1700m;5.00;164;164;13.90;19.96
5700.00;6000.00;2340.00;20.20;E0_1_1700m;5.00;195;194;16.08;20.50
5700.00;6000.00;1956.00;18.59;E0_0_1800m;5.00;163;164;14.63;18.84
5700.00;6000.00;2328.00;18.65;E0_1_1800m;5.00;194;194;17.32;18.98
5700.00;6000.00;1956.00;17.80;E0_0_1900m;5.00;163;164;15.33;17.96
5700.00;6000.00;2304.00;17.29;E0_1_1900m;5.00;192;191;18.47;17.62
5700.00;6000.00;1992.00;17.15;E0_0_2000m;5.00;166;167;16.23;17.24
5700.00;6000.00;2256.00;16.14;E0_1_2000m;5.00;188;187;19.37;16.47
5700.00;6000.00;2016.00;16.80;E0_0_2100m;5.00;168;168;16.66;16.85
5700.00;6000.00;2232.00;15.21;E0_1_2100m;5.00;186;186;20.38;15.41
5700.00;6000.00;2040.00;16.60;E0_0_2200m;5.00;170;170;17.07;16.61
5700.00;6000.00;2208.00;14.52;E0_1_2200m;5.00;184;184;21.12;14.64
5700.00;6000.00;2040.00;16.52;E0_0_2300m;5.00;170;171;17.18;16.52
5700.00;6000.00;2184.00;14.15;E0_1_2300m;5.00;182;183;21.51;14.22
5700.00;6000.00;2064.00;16.43;E0_0_2400m;5.00;172;171;17.34;16.44
5700.00;6000.00;2172.00;13.90;E0_1_2400m;5.00;181;181;21.71;13.93
5700.00;6000.00;2052.00;16.45;E0_0_2500m;5.00;171;172;17.36;16.46
5700.00;6000.00;2172.00;13.71;E0_1_2500m;5.00;181;181;22.01;13.73
5700.00;6000.00;2064.00;16.48;E0_0_2600m;5.00;172;173;17.41;16.48
5700.00;6000.00;2160.00;13.57;E0_1_2600m;5.00;180;180;22.11;13.58
5700.00;6000.00;2064.00;16.43;E0_0_2700m;5.00;172;172;17.46;16.43
5700.00;6000.00;2160.00;13.50;E0_1_2700m;5.00;180;180;22.22;13.50
5700.00;6000.00;2052.00;15.89;E0_0_2800m;5.00;171;171;17.93;15.93
5700.00;6000.00;2160.00;13.49;E0_1_2800m;5.00;180;180;22.32;13.49
5700.00;6000.00;2064.00;14.76;E0_0_2900m;5.00;172;172;19.42;14.83
5700.00;6000.00;2148.00;13.43;E0_1_2900m;5.00;179;180;22.27;13.43
5700.00;6000.00;2064.00;13.52;E0_0_3000m;5.00;172;172;21.21;13.53
5700.00;6000.00;2160.00;13.38;E0_1_3000m;5.00;180;179;22.36;13.38
5700.00;6000.00;2076.00;13.42;E0_0_3100m;5.00;173;173;21.49;13.42
5700.00;6000.00;2160.00;13.37;E0_1_3100m;5.00;180;180;22.44;13.37
5700.00;6000.00;2076.00;13.41;E0_0_3200m;5.00;173;174;21.58;13.41
5700.00;6000.00;2160.00;13.37;E0_1_3200m;5.00;180;180;22.41;13.37
5700.00;6000.00;2076.00;13.41;E0_0_3300m;5.00;173;173;21.51;13.41
5700.00;6000.00;2160.00;13.37;E0_1_3300m;5.00;180;180;22.44;13.37
5700.00;6000.00;2076.00;13.41;E0_0_3400m;5.00;173;174;21.52;13.41
5700.00;6000.00;2160.00;13.37;E0_1_3400m;5.00;180;179;22.38;13.37
5700.00;6000.00;2076.00;13.41;E0_0_3500m;5.00;173;173;21.51;13.41
5700.00;6000.00;2160.00;13.36;E0_1_3500m;5.00;180;180;22.46;13.36
5700.00;6000.00;2052.00;13.41;E0_0_3600m;5.00;171;172;21.35;13.41
5700.00;6000.00;2160.00;13.34;E0_1_3600m;5.00;180;179;22.39;13.34
5700.00;6000.00;2052.00;13.41;E0_0_3700m;5.00;171;171;21.26;13.41
5700.00;6000.00;2160.00;13.35;E0_1_3700m;5.00;180;180;22.48;13.35
5700.00;6000.00;2040.00;13.41;E0_0_3800m;5.00;170;170;21.13;13.41
5700.00;6000.00;2160.00;13.35;E0_1_3800m;5.00;180;180;22.43;13.35
5700.00;6000.00;2040.00;13.41;E0_0_3900m;5.00;170;170;21.13;13.41
5700.00;6000.00;2160.00;13.34;E0_1_3900m;5.00;180;180;22.48;13.35
5700.00;6000.00;2004.00;14.85;E0_0_4000m;5.00;167;167;18.74;15.01
5700.00;6000.00;2196.00;15.10;E0_1_4000m;5.00;183;184;20.26;15.32
5700.00;6000.00;2004.00;25.14;E0_0_4100m;5.00;167;167;11.07;25.20
5700.00;6000.00;2196.00;25.73;E0_1_4100m;5.00;183;183;11.85;25.77
5700.00;6000.00;2004.00;26.91;E0_0_4200m;5.00;167;167;10.34;27.03
5700.00;6000.00;2172.00;28.37;E0_1_4200m;5.00;181;181;10.63;28.54
5700.00;6000.00;2004.00;26.90;E0_0_4300m;5.00;167;167;10.35;26.99
5700.00;6000.00;2160.00;28.35;E0_1_4300m;5.00;180;180;10.58;28.53
5700.00;6000.00;2040.00;26.76;E0_0_4400m;5.00;170;169;10.55;26.86
5700.00;6000.00;2136.00;28.08;E0_1_4400m;5.00;178;179;10.62;28.26
5700.00;6000.00;2028.00;26.49;E0_0_4500m;5.00;169;169;10.63;26.58
5700.00;6000.00;2148.00;27.90;E0_1_4500m;5.00;179;179;10.69;28.08
5700.00;6000.00;1992.00;26.41;E0_0_4600m;5.00;166;165;10.46;26.50
5700.00;6000.00;2172.00;27.69;E0_1_4600m;5.00;181;181;10.89;27.87
5700.00;6000.00;1968.00;26.28;E0_0_4700m;5.00;164;165;10.40;26.37
5700.00;6000.00;2196.00;27.61;E0_1_4700m;5.00;183;183;11.05;27.78
5700.00;6000.00;1968.00;26.13;E0_0_4800m;5.00;164;164;10.46;26.21
5700.00;6000.00;2244.00;27.50;E0_1_4800m;5.00;187;186;11.32;27.67
5700.00;6000.00;2004.00;26.03;E0_0_4900m;5.00;167;167;10.69;26.10
5700.00;6000.00;2196.00;27.40;E0_1_4900m;5.00;183;184;11.15;27.57
5700.00;6000.00;1992.00;25.97;E0_0_5000m;5.00;166;165;10.65;26.04
5700.00;6000.00;2208.00;27.30;E0_1_5000m;5.00;184;184;11.23;27.49
6000.00;6300.00;0.00;-1.00;E0_0_0m;-1.00;0;0;0.00;-1.00
6000.00;6300.00;0.00;-1.00;E0_1_0m;-1.00;0;0;0.00;-1.00
6000.00;6300.00;2172.00;22.55;E0_0_100m;5.00;181;181;13.38;22.64
6000.00;6300.00;2268.00;23.42;E0_1_100m;5.00;189;190;13.53;23.47
6000.00;6300.00;2088.00;24.97;E0_0_200m;5.00;174;175;11.68;25.08
6000.00;6300.00;2328.00;26.94;E0_1_200m;5.00;194;194;12.00;27.11
6000.00;6300.00;2100.00;25.22;E0_0_300m;5.00;175;176;11.57;25.35
6000.00;6300.00;2316.00;27.15;E0_1_300m;5.00;193;192;11.82;27.28
6000.00;6300.00;2100.00;25.00;E0_0_400m;5.00;175;175;11.67;25.13
6000.00;6300.00;2340.00;26.83;E0_1_400m;5.00;195;195;12.11;26.95
6000.00;6300.00;2088.00;24.46;E0_0_500m;5.00;174;174;11.86;24.64
6000.00;6300.00;2340.00;26.12;E0_1_500m;5.00;195;195;12.44;26.22
6000.00;6300.00;2076.00;23.65;E0_0_600m;5.00;173;173;12.19;23.97
6000.00;6300.00;2364.00;25.30;E0_1_600m;5.00;197;197;12.98;25.53
6000.00;6300.00;2088.00;22.98;E0_0_700m;5.00;174;174;12.62;23.39
6000.00;6300.00;2328.00;24.31;E0_1_700m;5.00;194;195;13.40;24.73
6000.00;6300.00;2052.00;22.42;E0_0_800m;5.00;171;171;12.71;22.95
6000.00;6300.00;2340.00;23.28;E0_1_800m;5.00;195;195;13.96;24.05
6000.00;6300.00;2028.00;22.11;E0_0_900m;5.00;169;169;12.79;22.75
6000.00;6300.00;2304.00;22.39;E0_1_900m;5.00;192;193;14.34;23.52
6000.00;6300.00;1992.00;21.77;E0_0_1000m;5.00;166;166;12.71;22.54
6000.00;6300.00;2316.00;21.50;E0_1_1000m;5.00;193;193;14.96;23.03
6000.00;6300.00;2004.00;21.26;E0_0_1100m;5.00;167;167;13.09;22.14
6000.00;6300.00;2256.00;20.68;E0_1_1100m;5.00;188;188;15.15;22.48
6000.00;6300.00;2004.00;20.42;E0_0_1200m;5.00;167;167;13.63;21.45
6000.00;6300.00;2208.00;19.18;E0_1_1200m;5.00;184;184;15.99;21.39
6000.00;6300.00;1980.00;18.80;E0_0_1300m;5.00;165;165;14.62;20.02
6000.00;6300.00;2160.00;17.33;E0_1_1300m;5.00;180;180;17.31;19.83
6000.00;6300.00;1968.00;16.97;E0_0_1400m;5.00;164;165;16.18;18.44
6000.00;6300.00;2088.00;15.91;E0_1_1400m;5.00;174;175;18.34;18.32
6000.00;6300.00;1944.00;15.49;E0_0_1500m;5.00;162;163;17.49;16.99
6000.00;6300.00;2052.00;14.34;E0_1_1500m;5.00;171;172;20.10;16.47
6000.00;6300.00;1932.00;14.17;E0_0_1600m;5.00;161;161;18.94;15.69
6000.00;6300.00;1980.00;12.60;E0_1_1600m;5.00;165;166;22.10;14.74
6000.00;6300.00;1884.00;12.88;E0_0_1700m;5.00;157;158;20.47;14.75
6000.00;6300.00;1932.00;10.93;E0_1_1700m;5.00;161;161;24.55;13.26
6000.00;6300.00;1848.00;11.52;E0_0_1800m;5.00;154;154;22.51;14.10
6000.00;6300.00;1836.00;9.71;E0_1_1800m;5.00;153;154;26.84;12.25
6000.00;6300.00;1800.00;10.21;E0_0_1900m;5.00;150;150;24.46;13.34
6000.00;6300.00;1764.00;8.63;E0_1_1900m;5.00;147;147;28.40;11.38
6000.00;6300.00;1740.00;9.20;E0_0_2000m;5.00;145;145;26.41;12.83
6000.00;6300.00;1692.00;7.84;E0_1_2000m;5.00;141;142;30.17;10.81
6000.00;6300.00;1656.00;8.31;E0_0_2100m;5.00;138;139;27.98;12.24
6000.00;6300.00;1632.00;7.26;E0_1_2100m;5.00;136;136;31.23;10.35
6000.00;6300.00;1572.00;7.44;E0_0_2200m;5.00;131;132;29.65;11.31
6000.00;6300.00;1572.00;6.77;E0_1_2200m;5.00;131;131;32.24;10.06
6000.00;6300.00;1536.00;6.76;E0_0_2300m;5.00;128;128;31.83;10.58
6000.00;6300.00;1500.00;6.18;E0_1_2300m;5.00;125;124;33.66;9.23
6000.00;6300.00;1476.00;6.10;E0_0_2400m;5.00;123;123;33.63;9.86
6000.00;6300.00;1428.00;5.62;E0_1_2400m;5.00;119;119;35.29;8.50
6000.00;6300.00;1404.00;5.61;E0_0_2500m;5.00;117;117;34.87;9.20
6000.00;6300.00;1368.00;5.21;E0_1_2500m;5.00;114;114;36.47;7.98
6000.00;6300.00;1332.00;5.11;E0_0_2600m;5.00;111;111;36.33;8.44
6000.00;6300.00;1296.00;4.86;E0_1_2600m;5.00;108;109;37.56;7.49
6000.00;6300.00;1296.00;4.74;E0_0_2700m;5.00;108;108;37.96;7.63
6000.00;6300.00;1212.00;4.38;E0_1_2700m;5.00;101;102;38.74;6.46
6000.00;6300.00;1212.00;4.28;E0_0_2800m;5.00;101;102;39.72;6.51
6000.00;6300.00;1152.00;3.91;E0_1_2800m;5.00;96;95;40.86;5.61
6000.00;6300.00;1140.00;3.87;E0_0_2900m;5.00;95;96;41.56;5.58
6000.00;6300.00;1080.00;3.50;E0_1_2900m;5.00;90;89;42.79;4.85
6000.00;6300.00;1032.00;3.16;E0_0_3000m;5.00;86;89;48.40;4.75
6000.00;6300.00;1032.00;4.23;E0_1_3000m;5.00;86;86;33.88;5.00
6000.00;6300.00;984.00;4.77;E0_0_3100m;5.00;82;83;28.88;5.45
6000.00;6300.00;1020.00;4.77;E0_1_3100m;5.00;85;85;29.71;5.44
6000.00;6300.00;1008.00;4.56;E0_0_3200m;5.00;84;84;30.82;5.05
6000.00;6300.00;984.00;4.55;E0_1_3200m;5.00;82;82;30.38;5.04
6000.00;6300.00;960.00;4.44;E0_0_3300m;5.00;80;81;30.23;4.93
6000.00;6300.00;972.00;4.47;E0_1_3300m;5.00;81;81;30.20;4.91
6000.00;6300.00;948.00;4.35;E0_0_3400m;5.00;79;79;30.43;4.90
6000.00;6300.00;972.00;4.29;E0_1_3400m;5.00;81;81;31.49;4.92
6000.00;6300.00;732.00;6.57;E0_0_3500m;5.00;61;77;25.08;7.46
6000.00;6300.00;1152.00;4.44;E0_1_3500m;5.00;96;97;36.24;6.34
6000.00;6300.00;708.00;13.16;E0_0_3600m;5.00;59;62;10.42;14.59
6000.00;6300.00;1260.00;8.21;E0_1_3600m;5.00;105;108;21.80;10.12
6000.00;6300.00;696.00;15.09;E0_0_3700m;5.00;58;64;8.89;15.81
6000.00;6300.00;1308.00;9.83;E0_1_3700m;5.00;109;113;18.94;11.52
6000.00;6300.00;696.00;14.40;E0_0_3800m;5.00;58;60;7.62;15.16
6000.00;6300.00;1392.00;9.21;E0_1_3800m;5.00;116;116;21.06;11.04
6000.00;6300.00;636.00;14.69;E0_0_3900m;5.00;53;55;6.85;15.40
6000.00;6300.00;1464.00;10.64;E0_1_3900m;5.00;122;123;19.21;11.74
6000.00;6300.00;648.00;13.93;E0_0_4000m;5.00;54;55;6.46;15.23
6000.00;6300.00;1524.00;12.10;E0_1_4000m;5.00;127;129;17.53;13.35
6000.00;6300.00;684.00;23.71;E0_0_4100m;5.00;57;59;4.11;23.97
6000.00;6300.00;1548.00;25.03;E0_1_4100m;5.00;129;130;8.59;25.18
6000.00;6300.00;684.00;21.83;E0_0_4200m;5.00;57;59;4.43;25.03
6000.00;6300.00;1584.00;24.13;E0_1_4200m;5.00;132;133;9.14;27.08
6000.00;6300.00;720.00;25.05;E0_0_4300m;5.00;60;62;4.04;25.77
6000.00;6300.00;1584.00;25.77;E0_1_4300m;5.00;132;132;8.54;27.09
6000.00;6300.00;696.00;24.66;E0_0_4400m;5.00;58;59;3.97;25.47
6000.00;6300.00;1620.00;24.63;E0_1_4400m;5.00;135;134;9.08;26.81
6000.00;6300.00;696.00;25.07;E0_0_4500m;5.00;58;60;5.53;25.77
6000.00;6300.00;1632.00;23.04;E0_1_4500m;5.00;136;136;9.84;26.31
6000.00;6300.00;684.00;25.24;E0_0_4600m;5.00;57;57;3.76;25.93
6000.00;6300.00;1668.00;25.03;E0_1_4600m;5.00;139;139;9.26;26.54
6000.00;6300.00;708.00;25.71;E0_0_4700m;5.00;59;58;3.82;26.09
6000.00;6300.00;1668.00;27.01;E0_1_4700m;5.00;139;140;8.58;27.42
6000.00;6300.00;684.00;26.41;E0_0_4800m;5.00;57;57;3.60;26.79
6000.00;6300.00;1680.00;27.23;E0_1_4800m;5.00;140;141;8.62;27.51
6000.00;6300.00;684.00;25.55;E0_0_4900m;5.00;57;57;3.72;26.25
6000.00;6300.00;1728.00;25.59;E0_1_4900m;5.00;144;143;9.36;27.16
6000.00;6300.00;720.00;26.43;E0_0_5000m;5.00;60;61;3.84;26.89
6000.00;6300.00;1740.00;26.33;E0_1_5000m;5.00;145;145;9.18;27.40
6300.00;6600.00;0.00;-1.00;E0_0_0m;-1.00;0;0;0.00;-1.00
6300.00;6600.00;0.00;-1.00;E0_1_0m;-1.00;0;0;0.00;-1.00
6300.00;6600.00;1836.00;17.43;E0_0_100m;5.00;153;153;14.63;18.98
6300.00;6600.00;1992.00;16.27;E0_1_100m;5.00;166;166;17.00;18.99
6300.00;6600.00;1776.00;16.94;E0_0_200m;5.00;148;148;14.56;20.68
6300.00;6600.00;1932.00;15.28;E0_1_200m;5.00;161;161;17.56;21.39
6300.00;6600.00;1716.00;14.57;E0_0_300m;5.00;143;143;16.88;19.58
6300.00;6600.00;1812.00;13.14;E0_1_300m;5.00;151;152;19.68;20.30
6300.00;6600.00;1620.00;11.79;E0_0_400m;5.00;135;136;19.49;17.65
6300.00;6600.00;1704.00;10.84;E0_1_400m;5.00;142;143;21.89;18.10
6300.00;6600.00;1548.00;9.91;E0_0_500m;5.00;129;130;21.89;16.04
6300.00;6600.00;1608.00;8.80;E0_1_500m;5.00;134;134;25.38;15.57
6300.00;6600.00;1464.00;8.26;E0_0_600m;5.00;122;122;24.60;13.74
6300.00;6600.00;1512.00;7.29;E0_1_600m;5.00;126;126;28.82;12.98
6300.00;6600.00;1416.00;6.93;E0_0_700m;5.00;118;118;28.40;11.69
6300.00;6600.00;1428.00;5.99;E0_1_700m;5.00;119;118;33.00;10.00
6300.00;6600.00;1380.00;6.05;E0_0_800m;5.00;115;116;32.02;10.11
6300.00;6600.00;1296.00;5.11;E0_1_800m;5.00;108;109;35.89;7.67
6300.00;6600.00;1320.00;5.27;E0_0_900m;5.00;110;110;35.32;8.51
6300.00;6600.00;1236.00;4.49;E0_1_900m;5.00;103;102;38.22;6.23
6300.00;6600.00;1248.00;4.54;E0_0_1000m;5.00;104;104;38.21;6.60
6300.00;6600.00;1164.00;4.05;E0_1_1000m;5.00;97;97;39.87;5.47
6300.00;6600.00;1176.00;4.09;E0_0_1100m;5.00;98;98;39.96;5.63
6300.00;6600.00;1104.00;3.71;E0_1_1100m;5.00;92;92;41.34;4.87
6300.00;6600.00;1104.00;3.72;E0_0_1200m;5.00;92;93;41.51;4.84
6300.00;6600.00;1044.00;3.38;E0_1_1200m;5.00;87;87;42.89;4.19
6300.00;6600.00;1056.00;3.41;E0_0_1300m;5.00;88;88;42.99;4.17
6300.00;6600.00;984.00;3.12;E0_1_1300m;5.00;82;82;43.77;3.70
6300.00;6600.00;1008.00;3.19;E0_0_1400m;5.00;84;84;44.02;3.69
6300.00;6600.00;948.00;2.92;E0_1_1400m;5.00;79;78;44.99;3.32
6300.00;6600.00;972.00;2.99;E0_0_1500m;5.00;81;80;45.05;3.25
6300.00;6600.00;900.00;2.71;E0_1_1500m;5.00;75;75;46.02;2.88
6300.00;6600.00;924.00;2.81;E0_0_1600m;5.00;77;78;45.76;2.88
6300.00;6600.00;864.00;2.57;E0_1_1600m;5.00;72;72;46.95;2.63
6300.00;6600.00;912.00;2.71;E0_0_1700m;5.00;76;75;46.50;2.74
6300.00;6600.00;852.00;2.51;E0_1_1700m;5.00;71;71;47.23;2.56
6300.00;6600.00;900.00;2.69;E0_0_1800m;5.00;75;75;46.31;2.71
6300.00;6600.00;852.00;2.48;E0_1_1800m;5.00;71;71;47.41;2.53
6300.00;6600.00;900.00;2.69;E0_0_1900m;5.00;75;74;46.46;2.71
6300.00;6600.00;852.00;2.46;E0_1_1900m;5.00;71;71;48.01;2.52
6300.00;6600.00;900.00;2.68;E0_0_2000m;5.00;75;74;46.43;2.70
6300.00;6600.00;840.00;2.45;E0_1_2000m;5.00;70;70;47.78;2.50
6300.00;6600.00;900.00;2.66;E0_0_2100m;5.00;75;74;46.69;2.68
6300.00;6600.00;840.00;2.43;E0_1_2100m;5.00;70;70;47.94;2.49
6300.00;6600.00;900.00;2.65;E0_0_2200m;5.00;75;74;46.84;2.67
6300.00;6600.00;828.00;2.41;E0_1_2200m;5.00;69;70;47.99;2.46
6300.00;6600.00;888.00;2.64;E0_0_2300m;5.00;74;74;46.86;2.66
6300.00;6600.00;816.00;2.37;E0_1_2300m;5.00;68;69;48.60;2.41
6300.00;6600.00;888.00;2.65;E0_0_2400m;5.00;74;75;46.76;2.68
6300.00;6600.00;804.00;2.31;E0_1_2400m;5.00;67;68;48.84;2.37
6300.00;6600.00;900.00;2.66;E0_0_2500m;5.00;75;75;47.03;2.70
6300.00;6600.00;804.00;2.28;E0_1_2500m;5.00;67;67;48.91;2.34
6300.00;6600.00;900.00;2.67;E0_0_2600m;5.00;75;75;46.97;2.71
6300.00;6600.00;804.00;2.27;E0_1_2600m;5.00;67;67;49.26;2.33
6300.00;6600.00;900.00;2.66;E0_0_2700m;5.00;75;75;46.99;2.71
6300.00;6600.00;792.00;2.23;E0_1_2700m;5.00;66;66;49.56;2.30
6300.00;6600.00;912.00;2.66;E0_0_2800m;5.00;76;75;47.18;2.72
6300.00;6600.00;792.00;2.25;E0_1_2800m;5.00;66;66;48.79;2.35
6300.00;6600.00;924.00;2.71;E0_0_2900m;5.00;77;77;46.93;2.80
6300.00;6600.00;804.00;2.30;E0_1_2900m;5.00;67;67;48.57;2.44
6300.00;6600.00;876.00;2.58;E0_0_3000m;5.00;73;78;52.35;3.17
6300.00;6600.00;864.00;3.48;E0_1_3000m;5.00;72;73;34.82;3.78
6300.00;6600.00;864.00;4.05;E0_0_3100m;5.00;72;71;29.40;4.18
6300.00;6600.00;888.00;4.09;E0_1_3100m;5.00;74;74;30.18;4.21
6300.00;6600.00;840.00;4.23;E0_0_3200m;5.00;70;69;27.39;4.39
6300.00;6600.00;912.00;4.20;E0_1_3200m;5.00;76;75;29.80;4.35
6300.00;6600.00;888.00;4.16;E0_0_3300m;5.00;74;73;29.46;4.37
6300.00;6600.00;912.00;4.23;E0_1_3300m;5.00;76;77;30.01;4.45
6300.00;6600.00;864.00;4.16;E0_0_3400m;5.00;72;72;28.86;4.62
6300.00;6600.00;900.00;4.09;E0_1_3400m;5.00;75;75;30.59;4.56
6300.00;6600.00;648.00;6.95;E0_0_3500m;5.00;54;68;19.88;7.61
6300.00;6600.00;1116.00;4.07;E0_1_3500m;5.00;93;94;38.10;6.52
6300.00;6600.00;516.00;14.16;E0_0_3600m;5.00;43;50;6.54;16.12
6300.00;6600.00;1224.00;11.67;E0_1_3600m;5.00;102;110;15.45;12.80
6300.00;6600.00;492.00;16.38;E0_0_3700m;5.00;41;50;4.77;16.41
6300.00;6600.00;1272.00;13.81;E0_1_3700m;5.00;106;115;13.28;14.47
6300.00;6600.00;492.00;16.56;E0_0_3800m;5.00;41;46;4.37;16.69
6300.00;6600.00;1272.00;13.51;E0_1_3800m;5.00;106;109;13.29;14.07
6300.00;6600.00;492.00;16.88;E0_0_3900m;5.00;41;45;4.33;17.54
6300.00;6600.00;1272.00;12.46;E0_1_3900m;5.00;106;110;14.52;13.27
6300.00;6600.00;348.00;17.68;E0_0_4000m;5.00;29;35;2.92;17.88
6300.00;6600.00;1356.00;14.48;E0_1_4000m;5.00;113;115;13.11;15.03
6300.00;6600.00;324.00;25.54;E0_0_4100m;5.00;27;27;1.76;25.69
6300.00;6600.00;1380.00;26.02;E0_1_4100m;5.00;115;115;7.37;26.15
6300.00;6600.00;348.00;27.68;E0_0_4200m;5.00;29;31;1.79;27.86
6300.00;6600.00;1380.00;29.10;E0_1_4200m;5.00;115;115;6.59;29.30
6300.00;6600.00;360.00;27.12;E0_0_4300m;5.00;30;31;1.89;27.44
6300.00;6600.00;1368.00;29.60;E0_1_4300m;5.00;114;115;6.42;29.79
6300.00;6600.00;384.00;28.04;E0_0_4400m;5.00;32;32;1.90;28.46
6300.00;6600.00;1368.00;29.27;E0_1_4400m;5.00;114;117;6.62;29.50
6300.00;6600.00;372.00;27.24;E0_0_4500m;5.00;31;32;1.96;27.45
6300.00;6600.00;1392.00;29.16;E0_1_4500m;5.00;116;116;6.63;29.47
6300.00;6600.00;372.00;26.87;E0_0_4600m;5.00;31;31;1.92;27.10
6300.00;6600.00;1380.00;28.80;E0_1_4600m;5.00;115;115;6.66;29.04
6300.00;6600.00;360.00;26.93;E0_0_4700m;5.00;30;32;1.87;27.06
6300.00;6600.00;1392.00;28.58;E0_1_4700m;5.00;116;116;6.76;28.87
6300.00;6600.00;360.00;26.60;E0_0_4800m;5.00;30;31;1.95;26.77
6300.00;6600.00;1416.00;28.32;E0_1_4800m;5.00;118;119;6.95;28.59
6300.00;6600.00;336.00;26.30;E0_0_4900m;5.00;28;29;1.79;26.47
6300.00;6600.00;1404.00;28.02;E0_1_4900m;5.00;117;118;7.00;28.30
6300.00;6600.00;348.00;26.48;E0_0_5000m;5.00;29;31;1.90;26.59
6300.00;6600.00;1344.00;28.19;E0_1_5000m;5.00;112;112;6.62;28.44
6600.00;6900.00;0.00;-1.00;E0_0_0m;-1.00;0;0;0.00;-1.00
6600.00;6900.00;0.00;-1.00;E0_1_0m;-1.00;0;0;0.00;-1.00
6600.00;6900.00;936.00;2.85;E0_0_100m;5.00;78;79;45.88;2.99
6600.00;6900.00;852.00;2.51;E0_1_100m;5.00;71;70;47.16;2.56
6600.00;6900.00;912.00;2.74;E0_0_200m;5.00;76;76;46.30;2.76
6600.00;6900.00;828.00;2.44;E0_1_200m;5.00;69;70;47.61;2.47
6600.00;6900.00;912.00;2.70;E0_0_300m;5.00;76;75;46.48;2.71
6600.00;6900.00;840.00;2.41;E0_1_300m;5.00;70;69;47.84;2.43
6600.00;6900.00;900.00;2.69;E0_0_400m;5.00;75;75;46.42;2.70
6600.00;6900.00;828.00;2.38;E0_1_400m;5.00;69;68;48.19;2.40
6600.00;6900.00;900.00;2.68;E0_0_500m;5.00;75;75;46.53;2.69
6600.00;6900.00;816.00;2.35;E0_1_500m;5.00;68;69;48.70;2.36
6600.00;6900.00;900.00;2.68;E0_0_600m;5.00;75;76;46.75;2.69
6600.00;6900.00;804.00;2.32;E0_1_600m;5.00;67;68;48.79;2.32
6600.00;6900.00;900.00;2.68;E0_0_700m;5.00;75;75;46.73;2.68
6600.00;6900.00;804.00;2.29;E0_1_700m;5.00;67;67;48.69;2.30
6600.00;6900.00;912.00;2.68;E0_0_800m;5.00;76;75;46.89;2.69
6600.00;6900.00;816.00;2.29;E0_1_800m;5.00;68;68;49.20;2.29
6600.00;6900.00;912.00;2.71;E0_0_900m;5.00;76;76;46.80;2.72
6600.00;6900.00;816.00;2.29;E0_1_900m;5.00;68;68;49.51;2.29
6600.00;6900.00;924.00;2.74;E0_0_1000m;5.00;77;77;46.86;2.75
6600.00;6900.00;816.00;2.30;E0_1_1000m;5.00;68;68;49.21;2.31
6600.00;6900.00;924.00;2.76;E0_0_1100m;5.00;77;78;46.90;2.77
6600.00;6900.00;816.00;2.32;E0_1_1100m;5.00;68;69;49.00;2.33
6600.00;6900.00;936.00;2.78;E0_0_1200m;5.00;78;78;46.89;2.79
6600.00;6900.00;828.00;2.35;E0_1_1200m;5.00;69;69;48.85;2.36
6600.00;6900.00;936.00;2.81;E0_0_1300m;5.00;78;79;46.61;2.82
6600.00;6900.00;840.00;2.39;E0_1_1300m;5.00;70;70;48.82;2.40
6600.00;6900.00;948.00;2.83;E0_0_1400m;5.00;79;79;46.72;2.83
6600.00;6900.00;840.00;2.42;E0_1_1400m;5.00;70;71;48.67;2.43
6600.00;6900.00;948.00;2.85;E0_0_1500m;5.00;79;80;46.47;2.86
6600.00;6900.00;852.00;2.46;E0_1_1500m;5.00;71;71;48.12;2.48
6600.00;6900.00;972.00;2.90;E0_0_1600m;5.00;81;80;46.46;2.91
6600.00;6900.00;864.00;2.50;E0_1_1600m;5.00;72;72;47.68;2.53
6600.00;6900.00;972.00;2.94;E0_0_1700m;5.00;81;81;45.92;2.95
6600.00;6900.00;864.00;2.55;E0_1_1700m;5.00;72;73;47.44;2.59
6600.00;6900.00;972.00;2.96;E0_0_1800m;5.00;81;81;45.97;2.97
6600.00;6900.00;876.00;2.59;E0_1_1800m;5.00;73;73;47.27;2.64
6600.00;6900.00;972.00;2.97;E0_0_1900m;5.00;81;82;45.52;2.98
6600.00;6900.00;876.00;2.63;E0_1_1900m;5.00;73;74;46.74;2.67
6600.00;6900.00;972.00;2.97;E0_0_2000m;5.00;81;81;45.49;2.98
6600.00;6900.00;888.00;2.64;E0_1_2000m;5.00;74;74;46.59;2.69
6600.00;6900.00;960.00;2.96;E0_0_2100m;5.00;80;81;45.40;2.98
6600.00;6900.00;876.00;2.62;E0_1_2100m;5.00;73;74;46.60;2.68
6600.00;6900.00;960.00;2.95;E0_0_2200m;5.00;80;80;45.26;2.97
6600.00;6900.00;876.00;2.57;E0_1_2200m;5.00;73;72;47.14;2.65
6600.00;6900.00;960.00;2.95;E0_0_2300m;5.00;80;80;45.32;2.97
6600.00;6900.00;864.00;2.55;E0_1_2300m;5.00;72;72;47.12;2.64
6600.00;6900.00;960.00;2.93;E0_0_2400m;5.00;80;79;45.27;2.96
6600.00;6900.00;864.00;2.53;E0_1_2400m;5.00;72;72;47.26;2.64
6600.00;6900.00;948.00;2.90;E0_0_2500m;5.00;79;79;45.60;2.94
6600.00;6900.00;852.00;2.52;E0_1_2500m;5.00;71;72;47.58;2.64
6600.00;6900.00;948.00;2.87;E0_0_2600m;5.00;79;78;45.53;2.92
6600.00;6900.00;864.00;2.52;E0_1_2600m;5.00;72;71;47.04;2.65
6600.00;6900.00;936.00;2.86;E0_0_2700m;5.00;78;78;45.85;2.91
6600.00;6900.00;864.00;2.55;E0_1_2700m;5.00;72;72;47.17;2.68
6600.00;6900.00;924.00;2.82;E0_0_2800m;5.00;77;78;45.52;2.90
6600.00;6900.00;864.00;2.56;E0_1_2800m;5.00;72;73;47.24;2.70
6600.00;6900.00;912.00;2.76;E0_0_2900m;5.00;76;76;46.24;2.88
6600.00;6900.00;852.00;2.53;E0_1_2900m;5.00;71;72;47.38;2.69
6600.00;6900.00;888.00;2.43;E0_0_3000m;5.00;74;76;53.56;3.00
6600.00;6900.00;900.00;3.53;E0_1_3000m;5.00;75;74;35.11;3.83
6600.00;6900.00;864.00;3.98;E0_0_3100m;5.00;72;73;30.53;4.12
6600.00;6900.00;888.00;3.96;E0_1_3100m;5.00;74;74;31.12;4.10
6600.00;6900.00;876.00;3.95;E0_0_3200m;5.00;73;73;30.82;4.10
6600.00;6900.00;876.00;3.92;E0_1_3200m;5.00;73;73;31.05;4.06
6600.00;6900.00;816.00;3.86;E0_0_3300m;5.00;68;68;29.37;4.09
6600.00;6900.00;852.00;3.90;E0_1_3300m;5.00;71;71;30.41;4.12
6600.00;6900.00;828.00;3.87;E0_0_3400m;5.00;69;68;29.54;4.38
6600.00;6900.00;840.00;3.91;E0_1_3400m;5.00;70;71;30.05;4.41
6600.00;6900.00;576.00;6.18;E0_0_3500m;5.00;48;62;20.24;6.93
6600.00;6900.00;1104.00;3.82;E0_1_3500m;5.00;92;93;40.22;6.14
6600.00;6900.00;480.00;15.60;E0_0_3600m;5.00;40;46;4.62;16.72
6600.00;6900.00;1164.00;11.10;E0_1_3600m;5.00;97;104;15.12;12.44
6600.00;6900.00;444.00;16.26;E0_0_3700m;5.00;37;43;4.08;17.05
6600.00;6900.00;1212.00;12.77;E0_1_3700m;5.00;101;106;13.85;13.25
6600.00;6900.00;396.00;15.00;E0_0_3800m;5.00;33;37;3.89;17.25
6600.00;6900.00;1272.00;12.10;E0_1_3800m;5.00;106;111;14.96;13.47
6600.00;6900.00;384.00;16.42;E0_0_3900m;5.00;32;38;3.61;17.21
6600.00;6900.00;1320.00;12.61;E0_1_3900m;5.00;110;116;14.93;13.27
6600.00;6900.00;396.00;16.89;E0_0_4000m;5.00;33;35;3.30;16.99
6600.00;6900.00;1320.00;13.92;E0_1_4000m;5.00;110;109;13.12;14.17
6600.00;6900.00;348.00;25.38;E0_0_4100m;5.00;29;30;1.97;25.45
6600.00;6900.00;1320.00;25.60;E0_1_4100m;5.00;110;111;7.19;25.71
6600.00;6900.00;348.00;27.34;E0_0_4200m;5.00;29;30;1.77;27.54
6600.00;6900.00;1332.00;28.04;E0_1_4200m;5.00;111;111;6.60;28.31
6600.00;6900.00;360.00;27.20;E0_0_4300m;5.00;30;30;1.84;27.43
6600.00;6900.00;1344.00;28.06;E0_1_4300m;5.00;112;112;6.65;28.31
6600.00;6900.00;372.00;27.02;E0_0_4400m;5.00;31;31;1.91;27.27
6600.00;6900.00;1344.00;27.92;E0_1_4400m;5.00;112;112;6.69;28.19
6600.00;6900.00;384.00;26.55;E0_0_4500m;5.00;32;33;2.01;26.84
6600.00;6900.00;1320.00;27.40;E0_1_4500m;5.00;110;110;6.69;27.81
6600.00;6900.00;384.00;26.59;E0_0_4600m;5.00;32;32;2.01;26.85
6600.00;6900.00;1356.00;27.39;E0_1_4600m;5.00;113;113;6.88;27.67
6600.00;6900.00;372.00;25.47;E0_0_4700m;5.00;31;31;2.03;25.87
6600.00;6900.00;1368.00;26.81;E0_1_4700m;5.00;114;116;7.12;27.17
6600.00;6900.00;396.00;25.19;E0_0_4800m;5.00;33;33;2.18;25.51
6600.00;6900.00;1344.00;26.40;E0_1_4800m;5.00;112;112;7.07;26.80
6600.00;6900.00;348.00;25.33;E0_0_4900m;5.00;29;31;2.00;25.71
6600.00;6900.00;1392.00;26.33;E0_1_4900m;5.00;116;116;7.33;26.73
6600.00;6900.00;372.00;26.07;E0_0_5000m;5.00;31;31;1.98;26.37
6600.00;6900.00;1392.00;26.69;E0_1_5000m;5.00;116;116;7.24;27.16
6900.00;7200.00;0.00;-1.00;E0_0_0m;-1.00;0;0;0.00;-1.00
6900.00;7200.00;0.00;-1.00;E0_1_0m;-1.00;0;0;0.00;-1.00
6900.00;7200.00;960.00;2.93;E0_0_100m;5.00;80;80;45.60;2.94
6900.00;7200.00;876.00;2.57;E0_1_100m;5.00;73;73;47.28;2.60
6900.00;7200.00;960.00;2.94;E0_0_200m;5.00;80;81;45.45;2.94
6900.00;7200.00;876.00;2.57;E0_1_200m;5.00;73;73;47.01;2.60
6900.00;7200.00;960.00;2.92;E0_0_300m;5.00;80;80;45.73;2.93
6900.00;7200.00;864.00;2.56;E0_1_300m;5.00;72;72;46.85;2.59
6900.00;7200.00;960.00;2.90;E0_0_400m;5.00;80;80;45.88;2.91
6900.00;7200.00;864.00;2.54;E0_1_400m;5.00;72;72;47.20;2.58
6900.00;7200.00;960.00;2.88;E0_0_500m;5.00;80;79;46.13;2.90
6900.00;7200.00;864.00;2.53;E0_1_500m;5.00;72;72;47.15;2.57
6900.00;7200.00;948.00;2.87;E0_0_600m;5.00;79;79;46.07;2.89
6900.00;7200.00;864.00;2.54;E0_1_600m;5.00;72;72;47.34;2.59
6900.00;7200.00;948.00;2.85;E0_0_700m;5.00;79;79;46.24;2.87
6900.00;7200.00;852.00;2.55;E0_1_700m;5.00;71;72;47.10;2.60
6900.00;7200.00;936.00;2.83;E0_0_800m;5.00;78;79;46.02;2.86
6900.00;7200.00;864.00;2.53;E0_1_800m;5.00;72;71;47.01;2.58
6900.00;7200.00;948.00;2.80;E0_0_900m;5.00;79;78;46.38;2.83
6900.00;7200.00;852.00;2.54;E0_1_900m;5.00;71;72;46.84;2.59
6900.00;7200.00;924.00;2.79;E0_0_1000m;5.00;77;78;45.95;2.82
6900.00;7200.00;864.00;2.53;E0_1_1000m;5.00;72;72;47.39;2.59
6900.00;7200.00;936.00;2.79;E0_0_1100m;5.00;78;77;46.09;2.82
6900.00;7200.00;864.00;2.53;E0_1_1100m;5.00;72;72;47.32;2.59
6900.00;7200.00;936.00;2.80;E0_0_1200m;5.00;78;77;45.91;2.83
6900.00;7200.00;864.00;2.53;E0_1_1200m;5.00;72;72;47.44;2.59
6900.00;7200.00;936.00;2.82;E0_0_1300m;5.00;78;77;45.77;2.85
6900.00;7200.00;864.00;2.53;E0_1_1300m;5.00;72;72;47.38;2.60
6900.00;7200.00;948.00;2.85;E0_0_1400m;5.00;79;78;45.87;2.89
6900.00;7200.00;876.00;2.56;E0_1_1400m;5.00;73;73;47.31;2.64
6900.00;7200.00;948.00;2.86;E0_0_1500m;5.00;79;78;45.72;2.91
6900.00;7200.00;876.00;2.57;E0_1_1500m;5.00;73;73;47.65;2.65
6900.00;7200.00;936.00;2.85;E0_0_1600m;5.00;78;79;46.01;2.91
6900.00;7200.00;888.00;2.57;E0_1_1600m;5.00;74;73;47.81;2.66
6900.00;7200.00;936.00;2.86;E0_0_1700m;5.00;78;79;45.92;2.92
6900.00;7200.00;888.00;2.56;E0_1_1700m;5.00;74;73;47.74;2.65
6900.00;7200.00;948.00;2.85;E0_0_1800m;5.00;79;79;46.00;2.91
6900.00;7200.00;888.00;2.55;E0_1_1800m;5.00;74;73;47.92;2.63
6900.00;7200.00;948.00;2.84;E0_0_1900m;5.00;79;79;46.42;2.91
6900.00;7200.00;876.00;2.54;E0_1_1900m;5.00;73;73;47.57;2.63
6900.00;7200.00;948.00;2.83;E0_0_2000m;5.00;79;79;46.45;2.90
6900.00;7200.00;876.00;2.54;E0_1_2000m;5.00;73;72;47.74;2.63
6900.00;7200.00;960.00;2.84;E0_0_2100m;5.00;80;79;46.61;2.91
6900.00;7200.00;876.00;2.55;E0_1_2100m;5.00;73;73;48.11;2.64
6900.00;7200.00;960.00;2.86;E0_0_2200m;5.00;80;80;46.62;2.93
6900.00;7200.00;888.00;2.59;E0_1_2200m;5.00;74;74;47.71;2.67
6900.00;7200.00;960.00;2.86;E0_0_2300m;5.00;80;80;46.28;2.93
6900.00;7200.00;900.00;2.62;E0_1_2300m;5.00;75;74;46.88;2.69
6900.00;7200.00;960.00;2.87;E0_0_2400m;5.00;80;80;46.48;2.95
6900.00;7200.00;900.00;2.68;E0_1_2400m;5.00;75;75;46.36;2.73
6900.00;7200.00;972.00;2.89;E0_0_2500m;5.00;81;80;46.17;2.98
6900.00;7200.00;900.00;2.67;E0_1_2500m;5.00;75;75;46.34;2.73
6900.00;7200.00;972.00;2.93;E0_0_2600m;5.00;81;81;46.11;3.02
6900.00;7200.00;888.00;2.66;E0_1_2600m;5.00;74;75;46.73;2.72
6900.00;7200.00;972.00;2.94;E0_0_2700m;5.00;81;81;45.77;3.04
6900.00;7200.00;888.00;2.62;E0_1_2700m;5.00;74;74;46.74;2.70
6900.00;7200.00;972.00;2.96;E0_0_2800m;5.00;81;80;45.63;3.08
6900.00;7200.00;888.00;2.62;E0_1_2800m;5.00;74;73;46.63;2.72
6900.00;7200.00;972.00;2.95;E0_0_2900m;5.00;81;81;45.50;3.11
6900.00;7200.00;888.00;2.64;E0_1_2900m;5.00;74;74;46.25;2.75
6900.00;7200.00;936.00;2.63;E0_0_3000m;5.00;78;80;51.45;3.29
6900.00;7200.00;912.00;3.68;E0_1_3000m;5.00;76;76;34.45;3.95
6900.00;7200.00;948.00;4.29;E0_0_3100m;5.00;79;78;30.31;4.46
6900.00;7200.00;924.00;4.29;E0_1_3100m;5.00;77;77;29.90;4.46
6900.00;7200.00;936.00;4.37;E0_0_3200m;5.00;78;78;29.73;4.58
6900.00;7200.00;924.00;4.35;E0_1_3200m;5.00;77;78;29.92;4.56
6900.00;7200.00;948.00;4.34;E0_0_3300m;5.00;79;80;30.42;4.58
6900.00;7200.00;948.00;4.27;E0_1_3300m;5.00;79;79;30.78;4.51
6900.00;7200.00;960.00;4.47;E0_0_3400m;5.00;80;80;29.83;4.88
6900.00;7200.00;960.00;4.38;E0_1_3400m;5.00;80;80;30.46;4.84
6900.00;7200.00;756.00;6.54;E0_0_3500m;5.00;63;77;24.06;7.46
6900.00;7200.00;1152.00;3.95;E0_1_3500m;5.00;96;97;40.54;6.14
6900.00;7200.00;684.00;14.54;E0_0_3600m;5.00;57;60;8.92;15.98
6900.00;7200.00;1248.00;11.06;E0_1_3600m;5.00;104;106;15.85;12.36
6900.00;7200.00;672.00;16.45;E0_0_3700m;5.00;56;60;5.97;16.52
6900.00;7200.00;1236.00;13.38;E0_1_3700m;5.00;103;108;13.10;13.68
6900.00;7200.00;588.00;15.17;E0_0_3800m;5.00;49;51;5.41;15.74
6900.00;7200.00;1308.00;12.50;E0_1_3800m;5.00;109;109;14.54;13.09
6900.00;7200.00;696.00;14.98;E0_0_3900m;5.00;58;60;6.59;15.93
6900.00;7200.00;1200.00;12.18;E0_1_3900m;5.00;100;104;13.96;13.54
6900.00;7200.00;600.00;17.57;E0_0_4000m;5.00;50;50;4.74;17.81
6900.00;7200.00;1308.00;14.41;E0_1_4000m;5.00;109;110;12.67;14.84
6900.00;7200.00;576.00;25.27;E0_0_4100m;5.00;48;49;3.23;25.34
6900.00;7200.00;1380.00;26.21;E0_1_4100m;5.00;115;116;7.34;26.36
6900.00;7200.00;588.00;27.59;E0_0_4200m;5.00;49;51;3.09;27.86
6900.00;7200.00;1356.00;29.40;E0_1_4200m;5.00;113;115;6.43;29.63
6900.00;7200.00;576.00;27.68;E0_0_4300m;5.00;48;49;2.90;27.96
6900.00;7200.00;1344.00;29.65;E0_1_4300m;5.00;112;112;6.30;29.92
6900.00;7200.00;576.00;27.53;E0_0_4400m;5.00;48;48;2.91;27.81
6900.00;7200.00;1332.00;29.36;E0_1_4400m;5.00;111;112;6.33;29.68
6900.00;7200.00;576.00;27.25;E0_0_4500m;5.00;48;50;3.06;27.51
6900.00;7200.00;1344.00;29.32;E0_1_4500m;5.00;112;113;6.38;29.64
6900.00;7200.00;576.00;27.33;E0_0_4600m;5.00;48;49;2.94;27.60
6900.00;7200.00;1344.00;28.81;E0_1_4600m;5.00;112;113;6.51;29.12
6900.00;7200.00;588.00;26.98;E0_0_4700m;5.00;49;50;3.09;27.31
6900.00;7200.00;1344.00;28.70;E0_1_4700m;5.00;112;113;6.55;29.04
6900.00;7200.00;552.00;27.35;E0_0_4800m;5.00;46;48;2.86;27.66
6900.00;7200.00;1332.00;28.21;E0_1_4800m;5.00;111;112;6.60;28.62
6900.00;7200.00;552.00;26.96;E0_0_4900m;5.00;46;46;2.84;27.29
6900.00;7200.00;1344.00;28.17;E0_1_4900m;5.00;112;111;6.61;28.47
6900.00;7200.00;576.00;27.23;E0_0_5000m;5.00;48;49;2.98;27.48
6900.00;7200.00;1308.00;28.17;E0_1_5000m;5.00;109;109;6.45;28.49
7200.00;7500.00;0.00;-1.00;E0_0_0m;-1.00;0;0;0.00;-1.00
7200.00;7500.00;0.00;-1.00;E0_1_0m;-1.00;0;0;0.00;-1.00
7200.00;7500.00;948.00;2.85;E0_0_100m;5.00;79;78;45.82;2.88
7200.00;7500.00;876.00;2.56;E0_1_100m;5.00;73;74;47.84;2.60
7200.00;7500.00;936.00;2.85;E0_0_200m;5.00;78;78;45.85;2.89
7200.00;7500.00;888.00;2.56;E0_1_200m;5.00;74;73;47.94;2.60
7200.00;7500.00;936.00;2.87;E0_0_300m;5.00;78;79;45.37;2.90
7200.00;7500.00;888.00;2.58;E0_1_300m;5.00;74;74;47.78;2.62
7200.00;7500.00;948.00;2.89;E0_0_400m;5.00;79;79;45.46;2.92
7200.00;7500.00;888.00;2.61;E0_1_400m;5.00;74;75;47.74;2.64
7200.00;7500.00;948.00;2.91;E0_0_500m;5.00;79;79;45.19;2.94
7200.00;7500.00;900.00;2.62;E0_1_500m;5.00;75;74;47.60;2.65
7200.00;7500.00;960.00;2.93;E0_0_600m;5.00;80;79;45.31;2.95
7200.00;7500.00;900.00;2.63;E0_1_600m;5.00;75;75;46.90;2.66
7200.00;7500.00;948.00;2.94;E0_0_700m;5.00;79;80;45.08;2.97
7200.00;7500.00;900.00;2.63;E0_1_700m;5.00;75;74;46.97;2.66
7200.00;7500.00;960.00;2.95;E0_0_800m;5.00;80;80;45.32;2.97
7200.00;7500.00;888.00;2.63;E0_1_800m;5.00;74;75;46.97;2.67
7200.00;7500.00;960.00;2.94;E0_0_900m;5.00;80;80;45.35;2.97
7200.00;7500.00;888.00;2.63;E0_1_900m;5.00;74;74;47.20;2.66
7200.00;7500.00;960.00;2.94;E0_0_1000m;5.00;80;80;45.81;2.97
7200.00;7500.00;876.00;2.64;E0_1_1000m;5.00;73;74;46.64;2.68
7200.00;7500.00;960.00;2.92;E0_0_1100m;5.00;80;80;45.59;2.96
7200.00;7500.00;888.00;2.63;E0_1_1100m;5.00;74;73;46.85;2.67
7200.00;7500.00;948.00;2.90;E0_0_1200m;5.00;79;80;45.73;2.94
7200.00;7500.00;876.00;2.61;E0_1_1200m;5.00;73;74;46.65;2.66
7200.00;7500.00;948.00;2.88;E0_0_1300m;5.00;79;80;46.21;2.91
7200.00;7500.00;876.00;2.58;E0_1_1300m;5.00;73;73;47.21;2.62
7200.00;7500.00;936.00;2.84;E0_0_1400m;5.00;78;79;45.93;2.86
7200.00;7500.00;864.00;2.54;E0_1_1400m;5.00;72;71;47.06;2.58
7200.00;7500.00;936.00;2.80;E0_0_1500m;5.00;78;78;46.47;2.81
7200.00;7500.00;852.00;2.51;E0_1_1500m;5.00;71;71;47.10;2.54
7200.00;7500.00;936.00;2.78;E0_0_1600m;5.00;78;77;46.37;2.78
7200.00;7500.00;840.00;2.47;E0_1_1600m;5.00;70;70;47.27;2.49
7200.00;7500.00;924.00;2.74;E0_0_1700m;5.00;77;77;46.76;2.75
7200.00;7500.00;828.00;2.44;E0_1_1700m;5.00;69;70;47.67;2.46
7200.00;7500.00;912.00;2.72;E0_0_1800m;5.00;76;76;46.96;2.73
7200.00;7500.00;828.00;2.42;E0_1_1800m;5.00;69;69;47.62;2.43
7200.00;7500.00;912.00;2.69;E0_0_1900m;5.00;76;75;46.86;2.70
7200.00;7500.00;828.00;2.41;E0_1_1900m;5.00;69;69;48.22;2.42
7200.00;7500.00;900.00;2.67;E0_0_2000m;5.00;75;75;46.75;2.69
7200.00;7500.00;816.00;2.38;E0_1_2000m;5.00;68;69;48.13;2.39
7200.00;7500.00;888.00;2.65;E0_0_2100m;5.00;74;74;46.63;2.67
7200.00;7500.00;816.00;2.32;E0_1_2100m;5.00;68;67;48.32;2.35
7200.00;7500.00;876.00;2.62;E0_0_2200m;5.00;73;74;46.82;2.65
7200.00;7500.00;792.00;2.28;E0_1_2200m;5.00;66;67;48.94;2.32
7200.00;7500.00;888.00;2.62;E0_0_2300m;5.00;74;73;47.08;2.65
7200.00;7500.00;792.00;2.23;E0_1_2300m;5.00;66;67;49.60;2.28
7200.00;7500.00;888.00;2.62;E0_0_2400m;5.00;74;74;46.99;2.66
7200.00;7500.00;804.00;2.23;E0_1_2400m;5.00;67;66;50.00;2.28
7200.00;7500.00;888.00;2.62;E0_0_2500m;5.00;74;74;47.13;2.66
7200.00;7500.00;804.00;2.24;E0_1_2500m;5.00;67;66;49.52;2.29
7200.00;7500.00;876.00;2.58;E0_0_2600m;5.00;73;74;47.30;2.63
7200.00;7500.00;804.00;2.26;E0_1_2600m;5.00;67;66;49.11;2.32
7200.00;7500.00;876.00;2.56;E0_0_2700m;5.00;73;73;47.88;2.62
7200.00;7500.00;804.00;2.27;E0_1_2700m;5.00;67;67;49.14;2.33
7200.00;7500.00;888.00;2.57;E0_0_2800m;5.00;74;74;48.06;2.63
7200.00;7500.00;792.00;2.27;E0_1_2800m;5.00;66;67;49.80;2.35
7200.00;7500.00;888.00;2.58;E0_0_2900m;5.00;74;74;47.85;2.67
7200.00;7500.00;792.00;2.21;E0_1_2900m;5.00;66;65;49.75;2.33
7200.00;7500.00;828.00;2.29;E0_0_3000m;5.00;69;74;55.21;2.76
7200.00;7500.00;828.00;3.18;E0_1_3000m;5.00;69;69;36.15;3.49
7200.00;7500.00;828.00;3.92;E0_0_3100m;5.00;69;69;29.37;3.99
7200.00;7500.00;828.00;3.90;E0_1_3100m;5.00;69;70;29.89;3.98
7200.00;7500.00;840.00;3.86;E0_0_3200m;5.00;70;70;30.24;3.96
7200.00;7500.00;828.00;3.85;E0_1_3200m;5.00;69;68;29.44;3.96
7200.00;7500.00;852.00;3.91;E0_0_3300m;5.00;71;71;30.28;4.07
7200.00;7500.00;828.00;3.93;E0_1_3300m;5.00;69;70;29.59;4.07
7200.00;7500.00;816.00;3.76;E0_0_3400m;5.00;68;68;30.14;4.15
7200.00;7500.00;816.00;3.79;E0_1_3400m;5.00;68;67;29.71;4.13
7200.00;7500.00;564.00;6.94;E0_0_3500m;5.00;47;61;17.56;7.53
7200.00;7500.00;1092.00;3.56;E0_1_3500m;5.00;91;93;42.71;5.52
7200.00;7500.00;504.00;15.16;E0_0_3600m;5.00;42;47;4.92;15.97
7200.00;7500.00;1164.00;10.92;E0_1_3600m;5.00;97;103;15.75;12.03
7200.00;7500.00;444.00;15.87;E0_0_3700m;5.00;37;45;4.46;16.93
7200.00;7500.00;1212.00;12.73;E0_1_3700m;5.00;101;110;13.83;13.32
7200.00;7500.00;420.00;15.60;E0_0_3800m;5.00;35;43;4.89;16.52
7200.00;7500.00;1236.00;12.44;E0_1_3800m;5.00;103;106;14.01;13.13
7200.00;7500.00;408.00;17.20;E0_0_3900m;5.00;34;37;3.46;17.89
7200.00;7500.00;1272.00;12.88;E0_1_3900m;5.00;106;108;13.93;13.19
7200.00;7500.00;396.00;17.08;E0_0_4000m;5.00;33;37;3.49;17.21
7200.00;7500.00;1296.00;14.02;E0_1_4000m;5.00;108;114;13.06;14.47
7200.00;7500.00;408.00;24.91;E0_0_4100m;5.00;34;34;2.28;24.97
7200.00;7500.00;1284.00;25.71;E0_1_4100m;5.00;107;107;6.94;25.80
7200.00;7500.00;456.00;27.20;E0_0_4200m;5.00;38;38;2.33;27.37
7200.00;7500.00;1236.00;28.61;E0_1_4200m;5.00;103;103;6.00;28.85
7200.00;7500.00;480.00;27.05;E0_0_4300m;5.00;40;41;2.53;27.26
7200.00;7500.00;1212.00;28.80;E0_1_4300m;5.00;101;102;5.87;29.14
7200.00;7500.00;492.00;26.12;E0_0_4400m;5.00;41;41;2.62;26.51
7200.00;7500.00;1188.00;28.55;E0_1_4400m;5.00;99;101;5.80;28.86
7200.00;7500.00;480.00;26.69;E0_0_4500m;5.00;40;41;2.56;26.91
7200.00;7500.00;1212.00;28.11;E0_1_4500m;5.00;101;102;6.00;28.52
7200.00;7500.00;504.00;26.45;E0_0_4600m;5.00;42;43;2.67;26.75
7200.00;7500.00;1188.00;27.22;E0_1_4600m;5.00;99;99;6.06;27.65
7200.00;7500.00;480.00;26.69;E0_0_4700m;5.00;40;41;2.56;27.10
7200.00;7500.00;1200.00;27.09;E0_1_4700m;5.00;100;101;6.20;27.44
7200.00;7500.00;516.00;26.07;E0_0_4800m;5.00;43;44;2.82;26.40
7200.00;7500.00;1188.00;26.58;E0_1_4800m;5.00;99;101;6.29;27.06
7200.00;7500.00;468.00;26.13;E0_0_4900m;5.00;39;40;2.53;26.39
7200.00;7500.00;1248.00;26.55;E0_1_4900m;5.00;104;104;6.53;26.89
7200.00;7500.00;456.00;25.94;E0_0_5000m;5.00;38;38;2.44;26.23
7200.00;7500.00;1200.00;26.36;E0_1_5000m;5.00;100;102;6.39;26.86
7500.00;7800.00;0.00;-1.00;E0_0_0m;-1.00;0;0;0.00;-1.00
7500.00;7800.00;0.00;-1.00;E0_1_0m;-1.00;0;0;0.00;-1.00
7500.00;7800.00;888.00;2.66;E0_0_100m;5.00;74;75;46.99;2.67
7500.00;7800.00;828.00;2.35;E0_1_100m;5.00;69;68;48.65;2.36
7500.00;7800.00;900.00;2.65;E0_0_200m;5.00;75;74;46.86;2.66
7500.00;7800.00;816.00;2.32;E0_1_200m;5.00;68;68;48.95;2.33
7500.00;7800.00;888.00;2.64;E0_0_300m;5.00;74;74;47.20;2.64
7500.00;7800.00;804.00;2.30;E0_1_300m;5.00;67;68;49.35;2.31
7500.00;7800.00;888.00;2.62;E0_0_400m;5.00;74;73;46.97;2.62
7500.00;7800.00;816.00;2.28;E0_1_400m;5.00;68;67;49.28;2.29
7500.00;7800.00;888.00;2.61;E0_0_500m;5.00;74;74;47.29;2.61
7500.00;7800.00;804.00;2.26;E0_1_500m;5.00;67;67;49.31;2.28
7500.00;7800.00;876.00;2.59;E0_0_600m;5.00;73;73;46.96;2.60
7500.00;7800.00;792.00;2.25;E0_1_600m;5.00;66;66;49.55;2.26
7500.00;7800.00;876.00;2.58;E0_0_700m;5.00;73;73;47.54;2.58
7500.00;7800.00;792.00;2.23;E0_1_700m;5.00;66;67;49.62;2.25
7500.00;7800.00;876.00;2.58;E0_0_800m;5.00;73;72;46.96;2.59
7500.00;7800.00;792.00;2.21;E0_1_800m;5.00;66;66;49.58;2.24
7500.00;7800.00;864.00;2.57;E0_0_900m;5.00;72;73;47.17;2.58
7500.00;7800.00;792.00;2.19;E0_1_900m;5.00;66;65;49.87;2.21
7500.00;7800.00;876.00;2.57;E0_0_1000m;5.00;73;72;46.91;2.58
7500.00;7800.00;780.00;2.17;E0_1_1000m;5.00;65;65;50.02;2.20
7500.00;7800.00;864.00;2.57;E0_0_1100m;5.00;72;73;47.23;2.58
7500.00;7800.00;768.00;2.16;E0_1_1100m;5.00;64;65;50.10;2.18
7500.00;7800.00;876.00;2.58;E0_0_1200m;5.00;73;73;46.96;2.59
7500.00;7800.00;780.00;2.16;E0_1_1200m;5.00;65;64;50.11;2.19
7500.00;7800.00;876.00;2.59;E0_0_1300m;5.00;73;73;46.83;2.61
7500.00;7800.00;768.00;2.16;E0_1_1300m;5.00;64;65;49.50;2.19
7500.00;7800.00;888.00;2.63;E0_0_1400m;5.00;74;73;46.85;2.66
7500.00;7800.00;780.00;2.18;E0_1_1400m;5.00;65;65;49.66;2.23
7500.00;7800.00;888.00;2.66;E0_0_1500m;5.00;74;75;46.42;2.70
7500.00;7800.00;792.00;2.20;E0_1_1500m;5.00;66;65;49.74;2.26
7500.00;7800.00;900.00;2.68;E0_0_1600m;5.00;75;75;46.56;2.75
7500.00;7800.00;780.00;2.21;E0_1_1600m;5.00;65;66;49.37;2.27
7500.00;7800.00;912.00;2.72;E0_0_1700m;5.00;76;76;46.46;2.80
7500.00;7800.00;792.00;2.21;E0_1_1700m;5.00;66;65;49.28;2.27
7500.00;7800.00;936.00;2.78;E0_0_1800m;5.00;78;77;46.05;2.86
7500.00;7800.00;780.00;2.21;E0_1_1800m;5.00;65;65;49.03;2.28
7500.00;7800.00;936.00;2.82;E0_0_1900m;5.00;78;78;46.05;2.91
7500.00;7800.00;780.00;2.21;E0_1_1900m;5.00;65;65;48.80;2.28
7500.00;7800.00;948.00;2.87;E0_0_2000m;5.00;79;79;45.94;2.95
7500.00;7800.00;792.00;2.23;E0_1_2000m;5.00;66;65;48.83;2.31
7500.00;7800.00;960.00;2.91;E0_0_2100m;5.00;80;81;45.95;2.99
7500.00;7800.00;792.00;2.27;E0_1_2100m;5.00;66;66;48.45;2.34
7500.00;7800.00;972.00;2.93;E0_0_2200m;5.00;81;80;45.65;3.00
7500.00;7800.00;804.00;2.28;E0_1_2200m;5.00;67;66;48.33;2.35
7500.00;7800.00;960.00;2.93;E0_0_2300m;5.00;80;81;45.72;3.01
7500.00;7800.00;804.00;2.30;E0_1_2300m;5.00;67;66;48.32;2.37
7500.00;7800.00;960.00;2.92;E0_0_2400m;5.00;80;80;45.73;3.01
7500.00;7800.00;792.00;2.30;E0_1_2400m;5.00;66;67;48.11;2.38
7500.00;7800.00;960.00;2.90;E0_0_2500m;5.00;80;80;45.90;3.00
7500.00;7800.00;804.00;2.31;E0_1_2500m;5.00;67;68;48.29;2.41
7500.00;7800.00;972.00;2.93;E0_0_2600m;5.00;81;80;45.83;3.03
7500.00;7800.00;816.00;2.35;E0_1_2600m;5.00;68;69;48.50;2.47
7500.00;7800.00;984.00;2.98;E0_0_2700m;5.00;82;81;45.21;3.09
7500.00;7800.00;828.00;2.39;E0_1_2700m;5.00;69;69;48.25;2.54
7500.00;7800.00;984.00;3.05;E0_0_2800m;5.00;82;83;44.80;3.16
7500.00;7800.00;864.00;2.45;E0_1_2800m;5.00;72;71;47.47;2.64
7500.00;7800.00;1008.00;3.14;E0_0_2900m;5.00;84;83;44.40;3.27
7500.00;7800.00;876.00;2.60;E0_1_2900m;5.00;73;74;47.25;2.80
7500.00;7800.00;948.00;3.01;E0_0_3000m;5.00;79;84;48.82;3.67
7500.00;7800.00;960.00;3.89;E0_1_3000m;5.00;80;80;34.29;4.21
7500.00;7800.00;936.00;4.45;E0_0_3100m;5.00;78;79;29.29;4.60
7500.00;7800.00;960.00;4.46;E0_1_3100m;5.00;80;80;29.78;4.61
7500.00;7800.00;924.00;4.49;E0_0_3200m;5.00;77;77;28.58;4.67
7500.00;7800.00;960.00;4.48;E0_1_3200m;5.00;80;80;29.75;4.65
7500.00;7800.00;924.00;4.50;E0_0_3300m;5.00;77;77;28.55;4.76
7500.00;7800.00;972.00;4.53;E0_1_3300m;5.00;81;80;29.49;4.80
7500.00;7800.00;948.00;4.48;E0_0_3400m;5.00;79;79;29.37;4.97
7500.00;7800.00;984.00;4.55;E0_1_3400m;5.00;82;82;30.06;5.00
7500.00;7800.00;696.00;7.29;E0_0_3500m;5.00;58;72;20.55;7.99
7500.00;7800.00;1188.00;4.45;E0_1_3500m;5.00;99;99;37.09;6.40
7500.00;7800.00;648.00;13.97;E0_0_3600m;5.00;54;62;10.94;14.96
7500.00;7800.00;1224.00;9.41;E0_1_3600m;5.00;102;108;18.61;11.41
7500.00;7800.00;552.00;16.18;E0_0_3700m;5.00;46;50;5.01;16.51
7500.00;7800.00;1296.00;12.51;E0_1_3700m;5.00;108;114;14.84;13.44
7500.00;7800.00;612.00;16.14;E0_0_3800m;5.00;51;54;5.37;17.37
7500.00;7800.00;1272.00;12.36;E0_1_3800m;5.00;106;112;14.83;12.85
7500.00;7800.00;504.00;15.77;E0_0_3900m;5.00;42;45;4.64;16.13
7500.00;7800.00;1308.00;12.83;E0_1_3900m;5.00;109;115;14.38;13.21
7500.00;7800.00;432.00;17.05;E0_0_4000m;5.00;36;45;4.96;17.23
7500.00;7800.00;1392.00;13.42;E0_1_4000m;5.00;116;119;14.55;14.14
7500.00;7800.00;432.00;25.08;E0_0_4100m;5.00;36;36;2.39;25.12
7500.00;7800.00;1380.00;25.57;E0_1_4100m;5.00;115;115;7.50;25.62
7500.00;7800.00;444.00;27.10;E0_0_4200m;5.00;37;37;2.28;27.61
7500.00;7800.00;1380.00;28.44;E0_1_4200m;5.00;115;117;6.81;28.59
7500.00;7800.00;432.00;27.14;E0_0_4300m;5.00;36;36;2.21;27.33
7500.00;7800.00;1380.00;28.69;E0_1_4300m;5.00;115;115;6.68;28.89
7500.00;7800.00;456.00;27.06;E0_0_4400m;5.00;38;39;2.38;27.40
7500.00;7800.00;1344.00;28.51;E0_1_4400m;5.00;112;114;6.59;28.72
7500.00;7800.00;432.00;27.38;E0_0_4500m;5.00;36;36;2.19;27.59
7500.00;7800.00;1368.00;28.53;E0_1_4500m;5.00;114;114;6.66;28.73
7500.00;7800.00;456.00;27.14;E0_0_4600m;5.00;38;40;2.41;27.35
7500.00;7800.00;1320.00;28.00;E0_1_4600m;5.00;110;111;6.55;28.31
7500.00;7800.00;420.00;27.24;E0_0_4700m;5.00;35;36;2.17;27.46
7500.00;7800.00;1344.00;27.97;E0_1_4700m;5.00;112;112;6.67;28.19
7500.00;7800.00;444.00;26.94;E0_0_4800m;5.00;37;38;2.31;27.20
7500.00;7800.00;1320.00;27.18;E0_1_4800m;5.00;110;111;6.77;27.53
7500.00;7800.00;420.00;26.87;E0_0_4900m;5.00;35;36;2.21;27.07
7500.00;7800.00;1356.00;27.09;E0_1_4900m;5.00;113;113;6.95;27.33
7500.00;7800.00;420.00;26.74;E0_0_5000m;5.00;35;36;2.21;26.96
7500.00;7800.00;1368.00;26.58;E0_1_5000m;5.00;114;113;7.10;26.95
